{
  "config": {
    "horizon_days": 240,
    "step_day": 80,
    "step_demand": 85.0,
    "transport_1_days": 2,
    "transport_2_days": 2,
    "transport_3_days": 3,
    "replications": 40,
    "seed": 7,
    "delay_noise": 0.35,
    "disruption_prob": 0.1,
    "disruption_factor": 0.5,
    "freq_min": 0.005,
    "freq_max": 0.25,
    "freq_points": 16,
    "freq_amplitude": 6.0,
    "freq_warmup_cycles": 3,
    "freq_measure_cycles": 8
  },
  "graph_summary": {
    "actor_count": 30,
    "product_count": 49,
    "supply_edge_count": 28,
    "role_counts": {
      "Manufacturer": 2,
      "Distribution Center": 3,
      "Supplier Distribution Center": 23,
      "Customer": 2
    },
    "flow_counts": {
      "Manufacturer -> Distribution Center": 2,
      "Supplier Distribution Center -> Manufacturer": 25,
      "Distribution Center -> Customer": 1
    },
    "median_distance_km_by_flow": {
      "Manufacturer -> Distribution Center": 312.830166324003,
      "Supplier Distribution Center -> Manufacturer": 426.17789947053313,
      "Distribution Center -> Customer": 605.193859956571
    },
    "suggested_transport_days": {
      "transport_1_days": 2,
      "transport_2_days": 2,
      "transport_3_days": 3
    }
  },
  "sd_frequency": {
    "frequencies_cpd": [
      0.005,
      0.006489850182761633,
      0.008423631078938242,
      0.01093362073943278,
      0.014191512110810836,
      0.01842015749320193,
      0.023908812494750926,
      0.031032922227734586,
      0.040279803198258156,
      0.052281977629563665,
      0.06786044041487264,
      0.08808081832574925,
      0.1143262629818316,
      0.1483920637414188,
      0.1926084523985246,
      0.25
    ],
    "outputs": {
      "stock_arrivee": {
        "gain_db": [
          14.077199218160422,
          15.739189616858436,
          17.073729526669613,
          17.97100264471997,
          18.334175075239784,
          18.11763047135614,
          17.339655779012308,
          16.074101891822078,
          14.427557591123792,
          12.535339693660655,
          10.246453616936037,
          7.807937769829129,
          5.188266576192884,
          2.286798741246777,
          -1.1837353899105434,
          -3.7354202066693816
        ],
        "phase_deg": [
          -127.6721512722101,
          -137.714361149497,
          -149.65632748977234,
          -163.23604604606797,
          -177.85414579038562,
          167.34895573905916,
          153.3539689261189,
          140.884174563726,
          130.21136650032702,
          121.58205934365317,
          115.19571329742703,
          111.18521862328943,
          109.90035164010652,
          109.66406033223069,
          114.98199961993348,
          130.44938748742413
        ],
        "distortion_ratio": [
          1.3985415730794601e-15,
          0.00032459782722647274,
          0.0002952779602153067,
          0.0002610875918535238,
          5.9704976029973094e-05,
          0.0007034870673581562,
          0.0009897919907052332,
          0.0010483327679510262,
          0.0028718352667258186,
          0.01147762598848021,
          0.0017062547594757292,
          0.005520967687034628,
          0.013313338594125656,
          0.009104463415636515,
          0.031930763015597385,
          0.0
        ]
      },
      "backlog_client": {
        "gain_db": [
          -255.56302500767288,
          -255.56087189232247,
          -255.560368399621,
          -255.5593229967011,
          -255.55866815362833,
          -255.5491568544498,
          -255.55275850986632,
          -255.55593667395613,
          -255.54596336810832,
          -255.50915468367356,
          -255.55496766830709,
          -255.54785717314513,
          -255.55991512254968,
          -255.57874191921232,
          -255.63693954208475,
          -255.55607629893075
        ],
        "phase_deg": [
          -5.528035951829115e-14,
          0.6088215643727524,
          0.42836088695847047,
          -2.4293691670554725,
          -3.097472892989437,
          -0.8944509791636032,
          -4.508233876558833,
          -3.6684245795889656,
          -7.5670076419417365,
          7.266447303213255,
          -19.35533615015697,
          1.9484061983492074,
          -31.259716307979833,
          -123.12815293163308,
          105.6604658100423,
          0.0458733124664809
        ],
        "distortion_ratio": [
          0.0,
          0.0,
          0.0,
          0.0,
          0.0,
          0.0,
          0.0,
          0.0,
          0.0,
          0.0,
          0.0,
          0.0,
          0.0,
          0.0,
          0.0,
          0.0
        ]
      },
      "orders_total": {
        "gain_db": [
          23.685512497916797,
          24.934854445189334,
          25.398281295087397,
          23.782739371309543,
          18.17883372078777,
          3.4915968273894435,
          0.384891707431439,
          1.2649490350751647,
          -1.4487482407720307,
          -4.716019257097374,
          -5.052519184561609,
          -7.067520327749292,
          -5.103934275280472,
          -4.5223991495594325,
          -17.133505154409328,
          -16.92638915454525
        ],
        "phase_deg": [
          -17.817149625087144,
          -36.617418807549285,
          -66.7918355744473,
          -108.74894035028115,
          -158.3519415895276,
          156.11100907764168,
          -73.8238679265442,
          -94.11146159809962,
          -100.07225645661165,
          -84.19299285613535,
          -60.813729966304976,
          -36.01764180437483,
          -38.750947411574224,
          -88.77336138545317,
          -132.68839856848354,
          -10.570972348453655
        ],
        "distortion_ratio": [
          1.8385382911521673e-15,
          0.00030568580757834175,
          0.00056874662816393,
          0.0008120165223297128,
          0.0003978793925259926,
          0.0021848583790072544,
          0.0062182417210961145,
          0.031833496337240405,
          0.06235164381825017,
          0.0659024168662121,
          0.22319585972066702,
          0.3887407507604784,
          0.37209249222470786,
          0.3753607164533895,
          1.0101874918200253,
          0.0
        ]
      },
      "in_transit_total": {
        "gain_db": [
          20.8810401535209,
          21.915697020821128,
          22.083983135523688,
          19.924271420683343,
          12.555862078476327,
          0.6057482917998649,
          7.9144807189021105,
          7.502471888012332,
          6.115135371971764,
          4.39166263271562,
          2.351013904749937,
          -1.0857931571402148,
          -3.183959190823773,
          -3.1601441772160683,
          -9.90553714530699,
          -25.349575107534214
        ],
        "phase_deg": [
          -16.09546431767043,
          -33.501332093399874,
          -61.96059024973444,
          -102.65364883883632,
          -156.18438911974857,
          35.585887375275455,
          -31.334564728347342,
          -54.34880040719529,
          -67.9325403197443,
          -75.89071676111925,
          -80.66154172325436,
          -84.47047265382623,
          -86.1087677931673,
          -108.99454401335183,
          -145.46656880748526,
          -136.33940625862527
        ],
        "distortion_ratio": [
          1.2222188319094918e-15,
          0.0002839936073936407,
          0.0005476595040634327,
          0.000834922919004486,
          0.00043278449200258756,
          0.0024734683844174236,
          0.002024792977334693,
          0.009997961434674804,
          0.018478993963270116,
          0.012506567184706028,
          0.06416528531375452,
          0.12864081254221602,
          0.1897913531852285,
          0.2120704770537296,
          0.320568021646528,
          0.0
        ]
      }
    },
    "summary": {
      "stock_arrivee": {
        "peak_gain_db": 18.334175075239784,