{
  "config": {
    "horizon_days": 240,
    "step_day": 80,
    "step_demand": 85.0,
    "transport_1_days": 2,
    "transport_2_days": 2,
    "transport_3_days": 3,
    "replications": 150,
    "seed": 7,
    "delay_noise": 0.45,
    "disruption_prob": 0.12,
    "disruption_factor": 0.45,
    "freq_min": 0.003,
    "freq_max": 0.33,
    "freq_points": 28,
    "freq_amplitude": 8.0,
    "freq_warmup_cycles": 4,
    "freq_measure_cycles": 10
  },
  "graph_summary": {
    "actor_count": 30,
    "product_count": 49,
    "supply_edge_count": 28,
    "role_counts": {
      "Manufacturer": 2,
      "Distribution Center": 3,
      "Supplier Distribution Center": 23,
      "Customer": 2
    },
    "flow_counts": {
      "Manufacturer -> Distribution Center": 2,
      "Supplier Distribution Center -> Manufacturer": 25,
      "Distribution Center -> Customer": 1
    },
    "median_distance_km_by_flow": {
      "Manufacturer -> Distribution Center": 312.830166324003,
      "Supplier Distribution Center -> Manufacturer": 426.17789947053313,
      "Distribution Center -> Customer": 605.193859956571
    },
    "suggested_transport_days": {
      "transport_1_days": 2,
      "transport_2_days": 2,
      "transport_3_days": 3
    }
  },
  "sd_frequency": {
    "frequencies_cpd": [
      0.003,
      0.003570494687317044,
      0.004249477437386411,
      0.0050575788713539405,
      0.0060193528302853894,
      0.007164022433873596,
      0.008526368013321928,
      0.010147783897891977,
      0.01207753616515491,
      0.014374259571188354,
      0.017107739144348058,
      0.020361030575633526,
      0.02423298383286646,
      0.028841246677696494,
      0.03432583934610521,
      0.040853409007655654,
      0.04862229327354158,
      0.057868546606117136,
      0.06887311273996664,
      0.08197036104567954,
      0.09755824621035289,
      0.11611039993267773,
      0.13819052203396098,
      0.16446950825327547,
      0.19574583514798888,
      0.2329698214867773,
      0.27727250330791275,
      0.33
    ],
    "outputs": {
      "stock_arrivee": {
        "gain_db": [
          10.25147482675674,
          11.615452500707043,
          12.926992182511778,
          14.159633056452005,
          15.290282019334814,
          16.28825495700325,
          17.12532565569717,
          17.765562010170907,
          18.176123527717984,
          18.337127679811218,
          18.237559978446985,
          17.884098949037945,
          17.285455877338357,
          16.47289046121154,
          15.492229031867609,
          14.320964888275121,
          13.042078842864925,
          11.628670001759149,
          10.181584140171172,
          8.48187829354538,
          6.840584043928932,
          5.059497752985288,
          3.139149688723365,
          0.726714886914907,
          -0.7872359318418112,
          -3.0871747753381857,
          -4.719715923160185,
          -5.440408624205339
        ],
        "phase_deg": [
          -113.14712909831533,
          -117.39536513446785,
          -122.33073771195392,
          -128.0521619948666,
          -134.60547277910058,
          -142.03388597157885,
          -150.26298960252652,
          -159.20614376228045,
          -168.74415233764003,
          -178.58331408946853,
          171.5157669132796,
          161.82433280748978,
          152.68831815128422,
          144.21212456409143,
          136.50967890770625,
          129.77965345610636,
          123.90425014818437,
          118.93658381712221,
          114.70446047710269,
          111.72879549172804,
          109.66180589211885,
          109.39544701215843,
          109.88923397827364,
          111.51620025735888,
          117.01394578871808,
          126.61604059180064,
          137.44244066698525,
          152.06118304508172
        ],
        "distortion_ratio": [
          0.0003660959443774297,
          0.00017032522267616012,
          0.0005482498379011996,
          0.0006120170770315178,
          0.0005771569728004371,
          0.0001215516265237951,
          0.0001344844513680806,
          0.00037839721517084467,
          8.750439109881246e-06,
          2.8050362149898754e-05,
          0.00025002250041380547,
          0.0013152119863332657,
          0.0008426139141482794,
          0.0009416314478945557,
          0.0036472800068342937,
          0.0014990220175091409,
          0.0030147845909305284,
          0.0021953369153655984,
          0.010355759788527616,
          0.00036458048794055253,
          0.009654967555713156,
          0.01865057046793526,
          0.016545531424913676,
          0.01386798346398129,
          0.040274984312015816,
          0.029447806544258603,
          0.0,
          0.0
        ]
      },
      "backlog_client": {
        "gain_db": [
          -258.06006298706876,
          -258.0609697716757,
          -258.058960550499,
          -258.05842047921465,
          -258.0581876350596,
          -258.0609525201711,
          -258.06055959664764,
          -258.05684118070025,
          -258.06162610351953,
          -258.0579248709323,
          -258.05482051681435,
          -258.0466279342473,
          -258.0546880575701,
          -258.05489602738936,
          -258.04252965838066,
          -258.05392331237147,
          -258.0484984710275,
          -258.05253459959783,
          -258.0137700266001,
          -258.0614670142526,
          -258.0198108036726,
          -257.99607301664497,
          -257.98163103199846,
          -258.0897924358685,
          -257.959422813693,
          -258.19321571718314,
          -258.0770659059968,
          -258.0528626511029
        ],
        "phase_deg": [
          0.3602159511194228,
          -0.9089197514385154,
          0.44743082184433786,
          -0.1961486527769684,
          1.1351210506956402,
          -1.6879865599007755,
          0.40850643236521395,
          0.6399726648124077,
          -3.5071772410387054,
          1.4269723339442981,
          -1.1551767691334782,
          3.339087453370534,
          0.5664227694700678,
          -3.215107820710584,
          6.592082399941438,
          -1.300211582773054,
          4.703580288305855,
          2.5698199334238194,
          1.977654766869312,
          -5.956478662976968,
          0.1287000304203998,
          19.208087352908038,
          -2.590480836750982,
          82.8167243965782,
          -156.99414885297494,
          -114.45351064604189,
          -33.60249162890995,
          -72.01318463161624
        ],
        "distortion_ratio": [
          0.0,
          0.0,
          0.0,
          0.0,
          0.0,
          0.0,
          0.0,
          0.0,
          0.0,
          0.0,
          0.0,
          0.0,
          0.0,
          0.0,
          0.0,
          0.0,
          0.0,
          0.0,
          0.0,
          0.0,
          0.0,
          0.0,
          0.0,
          0.0,
          0.0,
          0.0,
          0.0,
          0.0
        ]
      },
      "orders_total": {
        "gain_db": [
          21.421725170743514,
          22.074251981096502,
          22.862959905690225,
          23.745340055427807,
          24.612724150231294,
          25.259328424214633,
          25.37881586265196,
          24.556743107746737,
          22.244566819326252,
          17.749252349358166,
          9.499912558029337,
          -16.565029342469554,
          0.639345171733272,
          1.5192187807825408,
          0.18871249898942508,
          -1.4155583973970876,
          -2.9239049785152766,
          -4.815458279957227,
          -6.826632608726696,
          -8.140287551538368,
          -9.417426442235966,
          -11.675163132882101,
          -9.750187497814636,
          -23.54019575450268,
          -10.994973919134692,
          -12.528580843638078,
          -13.405269954163002,
          -16.37332343805906
        ],