day,node_id,item_id,stock_end_of_day
0,DC-1920,item:268091,379618.999998
0,DC-1920,item:268967,1037234.142854
1,DC-1920,item:268091,371795.612243
1,DC-1920,item:268967,1019294.142853
2,DC-1920,item:268091,363514.693875
2,DC-1920,item:268967,1019294.142853
3,DC-1920,item:268091,369176.244895
3,DC-1920,item:268967,1019294.142853
4,DC-1920,item:268091,374380.265303
4,DC-1920,item:268967,1015277.775506
5,DC-1920,item:268091,379126.755099
5,DC-1920,item:268967,1005422.877546
6,DC-1920,item:268091,383415.714282
6,DC-1920,item:268967,992306.142852
7,DC-1920,item:268091,387247.142853
7,DC-1920,item:268967,978661.71428
8,DC-1920,item:268091,404052.122445
8,DC-1920,item:268967,976876.836729
9,DC-1920,item:268091,391733.795914
9,DC-1920,item:268967,975390.081627
10,DC-1920,item:268091,393492.16326
10,DC-1920,item:268967,974201.448974
11,DC-1920,item:268091,409327.224485
11,DC-1920,item:268967,973310.93877
12,DC-1920,item:268091,396038.979587
12,DC-1920,item:268967,972718.551015
13,DC-1920,item:268091,390673.265306
13,DC-1920,item:268967,972424.285709
14,DC-1920,item:268091,382892.571423
14,DC-1920,item:268967,972424.285709
15,DC-1920,item:268091,386342.020403
15,DC-1920,item:268967,968818.183668
16,DC-1920,item:268091,389176.346934
16,DC-1920,item:268967,964524.551014
17,DC-1920,item:268091,391395.551016
17,DC-1920,item:268967,959714.244891
18,DC-1920,item:268091,378599.632649
18,DC-1920,item:268967,954941.2653
19,DC-1920,item:268091,393988.591833
19,DC-1920,item:268967,950205.612239
20,DC-1920,item:268091,376250.571421
20,DC-1920,item:268967,945507.285708
21,DC-1920,item:268091,384767.142849
21,DC-1920,item:268967,940846.285708
22,DC-1920,item:268091,390358.897952
22,DC-1920,item:268967,936866.612239
23,DC-1920,item:268091,396141.551015
23,DC-1920,item:268967,932742.122443
24,DC-1920,item:268091,402115.102037
24,DC-1920,item:268967,928472.81632
25,DC-1920,item:268091,419658.653066
25,DC-1920,item:268967,922750.122443
26,DC-1920,item:268091,431610.448991
26,DC-1920,item:268967,916090.040812
27,DC-1920,item:268091,426400.489806
27,DC-1920,item:268967,909285.142854
28,DC-1920,item:268091,418737.632665
28,DC-1920,item:268967,902335.42857
29,DC-1920,item:268091,410311.183684
29,DC-1920,item:268967,899743.346937
30,DC-1920,item:268091,406149.510203
30,DC-1920,item:268967,896709.183669
31,DC-1920,item:268091,409777.959169
31,DC-1920,item:268967,890323.081628
32,DC-1920,item:268091,417822.612228
32,DC-1920,item:268967,884092.326526
33,DC-1920,item:268091,422493.346933
33,DC-1920,item:268967,878016.918363
34,DC-1920,item:268091,419501.224501
34,DC-1920,item:268967,872096.857138
35,DC-1920,item:268091,415085.020404
35,DC-1920,item:268967,866332.142852
36,DC-1920,item:268091,410749.63265
36,DC-1920,item:268967,861421.244893
37,DC-1920,item:268091,427555.959191
37,DC-1920,item:268967,856079.306117
38,DC-1920,item:268091,414335.795926
38,DC-1920,item:268967,850306.326525
39,DC-1920,item:268091,404438.285715
39,DC-1920,item:268967,843665.020403
40,DC-1920,item:268091,391899.34694
40,DC-1920,item:268967,831640.387751
41,DC-1920,item:268091,419020.89796
41,DC-1920,item:268967,819184.714282
42,DC-1920,item:268091,407163.183675
42,DC-1920,item:268967,806297.999997
43,DC-1920,item:268091,392543.79592
43,DC-1920,item:268967,804529.326527
44,DC-1920,item:268091,411790.367347
44,DC-1920,item:268967,803099.551016
45,DC-1920,item:268091,398221.346939
45,DC-1920,item:268967,802008.673465
46,DC-1920,item:268091,380524.081634
46,DC-1920,item:268967,800058.122442
47,DC-1920,item:268091,409762.857143
47,DC-1920,item:268967,795193.897952
48,DC-1920,item:268091,390013.67347
48,DC-1920,item:268967,790668.571421
49,DC-1920,item:268091,366750.448977
49,DC-1920,item:268967,894282.142849
50,DC-1920,item:268091,374673.387753
50,DC-1920,item:268967,889959.163257
51,DC-1920,item:268091,400386.244897
51,DC-1920,item:268967,885339.204073
52,DC-1920,item:268091,405111.551022
52,DC-1920,item:268967,880422.265298
53,DC-1920,item:268091,435549.714291
53,DC-1920,item:268967,871314.061215
54,DC-1920,item:268091,435827.673475
54,DC-1920,item:268967,861191.591827
55,DC-1920,item:268091,423438.734701
55,DC-1920,item:268967,850772.142847
56,DC-1920,item:268091,411142.448988
56,DC-1920,item:268967,840055.714275
57,DC-1920,item:268091,402407.795926
57,DC-1920,item:268967,838924.244888
58,DC-1920,item:268091,401096.326531
58,DC-1920,item:268967,838154.591827
59,DC-1920,item:268091,412405.061216
59,DC-1920,item:268967,837746.755092
60,DC-1920,item:268091,404642.163256
60,DC-1920,item:268967,836679.448971
61,DC-1920,item:268091,428280.244895
61,DC-1920,item:268967,832307.673461
62,DC-1920,item:268091,439298.122454
62,DC-1920,item:268967,828297.714277
63,DC-1920,item:268091,432506.979596
63,DC-1920,item:268967,824649.57142
64,DC-1920,item:268091,424971.38776
64,DC-1920,item:268967,819665.306114
65,DC-1920,item:268091,417688.489801
65,DC-1920,item:268967,814373.204074
66,DC-1920,item:268091,416224.89796
66,DC-1920,item:268967,808773.265299
67,DC-1920,item:268091,406635.102041
67,DC-1920,item:268967,802865.489789
68,DC-1920,item:268091,403594.612245
68,DC-1920,item:268967,793437.44897
69,DC-1920,item:268091,407837.020407
69,DC-1920,item:268967,783254.714276
70,DC-1920,item:268091,414639.020407
70,DC-1920,item:268967,772764.142847
71,DC-1920,item:268091,414676.489796
71,DC-1920,item:268967,769807.061215
72,DC-1920,item:268091,407874.693878
72,DC-1920,item:268967,767064.897951
73,DC-1920,item:268091,397970.653061
73,DC-1920,item:268967,764537.653055
74,DC-1920,item:268091,413683.10204
74,DC-1920,item:268967,762225.326525
75,DC-1920,item:268091,399930.448978
75,DC-1920,item:268967,760127.918363
76,DC-1920,item:268091,389280.040815
76,DC-1920,item:268967,758245.428569
77,DC-1920,item:268091,374947.469386
77,DC-1920,item:268967,756577.857142
78,DC-1920,item:268091,434421.77551
78,DC-1920,item:268967,752273.97959
79,DC-1920,item:268091,422088.204082
79,DC-1920,item:268967,747994.938772
80,DC-1920,item:268091,425617.387756
80,DC-1920,item:268967,743435.448972
81,DC-1920,item:268091,412189.387756
81,DC-1920,item:268967,738698.653054
82,DC-1920,item:268091,398659.102041
82,DC-1920,item:268967,733986.69387
83,DC-1920,item:268091,408295.755101
83,DC-1920,item:268967,729299.57142
84,DC-1920,item:268091,394560.897958
84,DC-1920,item:268967,724637.285705
85,DC-1920,item:268091,398166.591836
85,DC-1920,item:268967,719102.204073
86,DC-1920,item:268091,415891.44898
86,DC-1920,item:268967,713519.46938
87,DC-1920,item:268091,411860.653061
87,DC-1920,item:268967,707889.081625
88,DC-1920,item:268091,445813.040815
88,DC-1920,item:268967,702211.04081
89,DC-1920,item:268091,457401.97959
89,DC-1920,item:268967,696485.346933
90,DC-1920,item:268091,454830.959181
90,DC-1920,item:268967,690711.999995
91,DC-1920,item:268091,452746.530609
91,DC-1920,item:268967,684890.999996
92,DC-1920,item:268091,448447.775508
92,DC-1920,item:268967,791018.244893
93,DC-1920,item:268091,442623.836734
93,DC-1920,item:268967,892493.448975
94,DC-1920,item:268091,430512.285714
94,DC-1920,item:268967,1101675.612241
95,DC-1920,item:268091,418707.265306
95,DC-1920,item:268967,1095164.734691
96,DC-1920,item:268091,407208.775511
96,DC-1920,item:268967,1088560.816325
97,DC-1920,item:268091,396042.530613
97,DC-1920,item:268967,1081863.857142
98,DC-1920,item:268091,408460.612246
98,DC-1920,item:268967,1094416.306127
99,DC-1920,item:268091,398730.020409
99,DC-1920,item:268967,1094416.306127
100,DC-1920,item:268091,410179.653062
100,DC-1920,item:268967,1094416.306127
101,DC-1920,item:268091,410485.469389
101,DC-1920,item:268967,1101861.693874
102,DC-1920,item:268091,418985.938776
102,DC-1920,item:268967,1108979.387747
103,DC-1920,item:268091,405766.020407
103,DC-1920,item:268967,1108979.387747
104,DC-1920,item:268091,381071.755101
104,DC-1920,item:268967,1108979.387747
105,DC-1920,item:268091,358504.77551
105,DC-1920,item:268967,1216779.387747
106,DC-1920,item:268091,354468.734694
106,DC-1920,item:268967,1216779.387747
107,DC-1920,item:268091,422246.14286
107,DC-1920,item:268967,1216779.387747
108,DC-1920,item:268091,491442.673474
108,DC-1920,item:268967,1216779.387747
109,DC-1920,item:268091,494061.14286
109,DC-1920,item:268967,1324579.387747
110,DC-1920,item:268091,492423.795922
110,DC-1920,item:268967,1432379.387747
111,DC-1920,item:268091,491386.122454
111,DC-1920,item:268967,1432379.387747
112,DC-1920,item:268091,490948.122455
112,DC-1920,item:268967,1432379.387747
113,DC-1920,item:268091,490948.122455
113,DC-1920,item:268967,1647979.387747
114,DC-1920,item:268091,490948.122455
114,DC-1920,item:268967,1755779.387747
115,DC-1920,item:268091,490948.122455
115,DC-1920,item:268967,1755779.387747
116,DC-1920,item:268091,490948.122455
116,DC-1920,item:268967,1863579.387747
117,DC-1920,item:268091,490948.122455
117,DC-1920,item:268967,1863579.387747
118,DC-1920,item:268091,490948.122455
118,DC-1920,item:268967,2079179.387747
119,DC-1920,item:268091,490948.122455
119,DC-1920,item:268967,2186979.387747
120,DC-1920,item:268091,490948.122455
120,DC-1920,item:268967,2294779.387747
121,DC-1920,item:268091,489128.244894
121,DC-1920,item:268967,2294779.387747
122,DC-1920,item:268091,478734.938771
122,DC-1920,item:268967,2402579.387747
123,DC-1920,item:268091,468312.816322
123,DC-1920,item:268967,2618179.387747
124,DC-1920,item:268091,457861.877546
124,DC-1920,item:268967,2725979.387747
125,DC-1920,item:268091,447382.122444
125,DC-1920,item:268967,2833779.387747
126,DC-1920,item:268091,436873.551015
126,DC-1920,item:268967,2941579.387747
127,DC-1920,item:268091,425713.367341
127,DC-1920,item:268967,3049379.387747
128,DC-1920,item:268091,413719.71428
128,DC-1920,item:268967,3157179.387747
129,DC-1920,item:268091,400892.59183
129,DC-1920,item:268967,3372779.387747
130,DC-1920,item:268091,387231.999994
130,DC-1920,item:268967,3480579.387747
131,DC-1920,item:268091,394380.857148
131,DC-1920,item:268967,3480579.387747
132,DC-1920,item:268091,408698.734706
132,DC-1920,item:268967,3588379.387747
133,DC-1920,item:268091,414200.816333
133,DC-1920,item:268967,3696179.387747
134,DC-1920,item:268091,409596.71428
134,DC-1920,item:268967,3803979.387747
135,DC-1920,item:268091,398654.224478
135,DC-1920,item:268967,3911779.387747
136,DC-1920,item:268091,397358.163259
136,DC-1920,item:268967,4019579.387747
137,DC-1920,item:268091,429057.24491
137,DC-1920,item:268967,4019579.387747
138,DC-1920,item:268091,417930.061236
138,DC-1920,item:268967,4019579.387747
139,DC-1920,item:268091,406800.040828
139,DC-1920,item:268967,4019391.244892
140,DC-1920,item:268091,397147.938775
140,DC-1920,item:268967,4011811.959178
141,DC-1920,item:268091,400401.122437
141,DC-1920,item:268967,4011811.959178
142,DC-1920,item:268091,390934.040805
142,DC-1920,item:268967,4011811.959178
143,DC-1920,item:268091,421927.387754
143,DC-1920,item:268967,4011811.959178
144,DC-1920,item:268091,439715.673481
144,DC-1920,item:268967,4011811.959178
145,DC-1920,item:268091,427254.755114
145,DC-1920,item:268967,4011811.959178
146,DC-1920,item:268091,414681.510216
146,DC-1920,item:268967,4011811.959178
147,DC-1920,item:268091,401995.938788
147,DC-1920,item:268967,4011811.959178
148,DC-1920,item:268091,414031.040806
148,DC-1920,item:268967,4011811.959178
149,DC-1920,item:268091,416595.959186
149,DC-1920,item:268967,4011811.959178
150,DC-1920,item:268091,410025.775513
150,DC-1920,item:268967,4011811.959178
151,DC-1920,item:268091,424769.489797
151,DC-1920,item:268967,4011811.959178
152,DC-1920,item:268091,418733.755104
152,DC-1920,item:268967,4011811.959178
153,DC-1920,item:268091,412965.244902
153,DC-1920,item:268967,4011811.959178
154,DC-1920,item:268091,407463.959189
154,DC-1920,item:268967,4011811.959178
155,DC-1920,item:268091,420691.938776
155,DC-1920,item:268967,4005073.224482
156,DC-1920,item:268091,434246.428567
156,DC-1920,item:268967,3980603.612237
157,DC-1920,item:268091,433428.387747
157,DC-1920,item:268967,3955742.265299
158,DC-1920,item:268091,423854.285706
158,DC-1920,item:268967,3930489.183666
159,DC-1920,item:268091,414606.693869
159,DC-1920,item:268967,3904844.36734
160,DC-1920,item:268091,405685.612236
160,DC-1920,item:268967,3878807.81632
161,DC-1920,item:268091,403774.755101
161,DC-1920,item:268967,3852379.530606
162,DC-1920,item:268091,389801.857142
162,DC-1920,item:268967,3848371.244892
163,DC-1920,item:268091,409368.469396
163,DC-1920,item:268967,3841370.959178
164,DC-1920,item:268091,421037.877561
164,DC-1920,item:268967,3831378.673464
165,DC-1920,item:268091,412019.734697
165,DC-1920,item:268967,3790546.959178
166,DC-1920,item:268091,398668.918369
166,DC-1920,item:268967,3730956.816321
167,DC-1920,item:268091,381893.673471
167,DC-1920,item:268967,3668374.673464
168,DC-1920,item:268091,380212.265308
168,DC-1920,item:268967,3602800.530607
169,DC-1920,item:268091,402856.020409
169,DC-1920,item:268967,3602800.530607
170,DC-1920,item:268091,426258.959182
170,DC-1920,item:268967,3602800.530607
171,DC-1920,item:268091,431249.346938
171,DC-1920,item:268967,3602800.530607
172,DC-1920,item:268091,413857.612245
172,DC-1920,item:268967,3602800.530607
173,DC-1920,item:268091,396104.12245
173,DC-1920,item:268967,3602800.530607
174,DC-1920,item:268091,377988.877553
174,DC-1920,item:268967,3602800.530607
175,DC-1920,item:268091,410626.142859
175,DC-1920,item:268967,3602800.530607
176,DC-1920,item:268091,408396.122449
176,DC-1920,item:268967,3602800.530607
177,DC-1920,item:268091,405381.081631
177,DC-1920,item:268967,3602800.530607
178,DC-1920,item:268091,421492.877546
178,DC-1920,item:268967,3602800.530607
179,DC-1920,item:268091,441919.387749
179,DC-1920,item:268967,3602800.530607
180,DC-1920,item:268091,447533.775505
180,DC-1920,item:268967,3602800.530607
181,DC-1920,item:268091,441646.081626
181,DC-1920,item:268967,3602800.530607
182,DC-1920,item:268091,435661.224482
182,DC-1920,item:268967,3602800.530607
183,DC-1920,item:268091,428219.346931
183,DC-1920,item:268967,3602800.530607
184,DC-1920,item:268091,420538.877544
184,DC-1920,item:268967,3602800.530607
185,DC-1920,item:268091,409309.102031
185,DC-1920,item:268967,3602800.530607
186,DC-1920,item:268091,398469.530611
186,DC-1920,item:268967,3602800.530607
187,DC-1920,item:268091,413982.08164
187,DC-1920,item:268967,3602800.530607
188,DC-1920,item:268091,400346.673477
188,DC-1920,item:268967,3602800.530607
189,DC-1920,item:268091,406187.69387
189,DC-1920,item:268967,3602800.530607
190,DC-1920,item:268091,402790.612238
190,DC-1920,item:268967,3602800.530607
191,DC-1920,item:268091,410345.612247
191,DC-1920,item:268967,3602800.530607
192,DC-1920,item:268091,425520.102054
192,DC-1920,item:268967,3602800.530607
193,DC-1920,item:268091,430807.000012
193,DC-1920,item:268967,3602800.530607
194,DC-1920,item:268091,419298.59185
194,DC-1920,item:268967,3602800.530607
195,DC-1920,item:268091,408265.959198
195,DC-1920,item:268967,3602800.530607
196,DC-1920,item:268091,397709.102056
196,DC-1920,item:268967,3602800.530607
197,DC-1920,item:268091,400306.081634
197,DC-1920,item:268967,3602800.530607
198,DC-1920,item:268091,412980.836722
198,DC-1920,item:268967,3602800.530607
199,DC-1920,item:268091,424018.183658
199,DC-1920,item:268967,3602800.530607
200,DC-1920,item:268091,415724.204082
200,DC-1920,item:268967,3602800.530607
201,DC-1920,item:268091,390378.632653
201,DC-1920,item:268967,3602800.530607
202,DC-1920,item:268091,364078.204082
202,DC-1920,item:268967,3602800.530607
203,DC-1920,item:268091,351636.714287
203,DC-1920,item:268967,3602800.530607
204,DC-1920,item:268091,391193.897959
204,DC-1920,item:268967,3602800.530607
205,DC-1920,item:268091,442839.897958
205,DC-1920,item:268967,3597899.857143
206,DC-1920,item:268091,481581.816325
206,DC-1920,item:268967,3591688.897959
207,DC-1920,item:268091,481581.816325
207,DC-1920,item:268967,3585740.142856
208,DC-1920,item:268091,481581.816325
208,DC-1920,item:268967,3580053.591835
209,DC-1920,item:268091,481581.816325
209,DC-1920,item:268967,3574629.244896
210,DC-1920,item:268091,481581.816325
210,DC-1920,item:268967,3569467.102038
211,DC-1920,item:268091,481581.816325
211,DC-1920,item:268967,3569467.102038
212,DC-1920,item:268091,481581.816325
212,DC-1920,item:268967,3569467.102038
213,DC-1920,item:268091,481581.816325
213,DC-1920,item:268967,3569467.102038
214,DC-1920,item:268091,481581.816325
214,DC-1920,item:268967,3569467.102038
215,DC-1920,item:268091,481581.816325
215,DC-1920,item:268967,3569467.102038
216,DC-1920,item:268091,481581.816325
216,DC-1920,item:268967,3569467.102038
217,DC-1920,item:268091,481581.816325
217,DC-1920,item:268967,3569467.102038
218,DC-1920,item:268091,481581.816325
218,DC-1920,item:268967,3569467.102038
219,DC-1920,item:268091,481581.816325
219,DC-1920,item:268967,3569467.102038
220,DC-1920,item:268091,481581.816325
220,DC-1920,item:268967,3569467.102038
221,DC-1920,item:268091,478755.428563
221,DC-1920,item:268967,3569467.102038
222,DC-1920,item:268091,472621.428563
222,DC-1920,item:268967,3569467.102038
223,DC-1920,item:268091,466322.857134
223,DC-1920,item:268967,3569467.102038
224,DC-1920,item:268091,459859.714277
224,DC-1920,item:268967,3569467.102038
225,DC-1920,item:268091,448555.530604
225,DC-1920,item:268967,3569467.102038
226,DC-1920,item:268091,437224.0204
226,DC-1920,item:268967,3569467.102038
227,DC-1920,item:268091,425865.183665
227,DC-1920,item:268967,3569467.102038
228,DC-1920,item:268091,414479.0204
228,DC-1920,item:268967,3569467.102038
229,DC-1920,item:268091,403065.530604
229,DC-1920,item:268967,3564196.122448
230,DC-1920,item:268091,412356.510213
230,DC-1920,item:268967,3550919.959183
231,DC-1920,item:268091,407629.040817
231,DC-1920,item:268967,3537281.387755
232,DC-1920,item:268091,397252.795919
232,DC-1920,item:268967,3535626.632652
233,DC-1920,item:268091,397465.122449
233,DC-1920,item:268967,3532870.979591
234,DC-1920,item:268091,404583.959178
234,DC-1920,item:268967,3528196.000001
235,DC-1920,item:268091,419924.285714
235,DC-1920,item:268967,3504984.408163
236,DC-1920,item:268091,406139.061224
236,DC-1920,item:268967,3480671.918365
237,DC-1920,item:268091,387476.857136
237,DC-1920,item:268967,3455258.530609
238,DC-1920,item:268091,378668.571421
238,DC-1920,item:268967,3428744.244893
239,DC-1920,item:268091,371147.836727
239,DC-1920,item:268967,3428744.244893
240,DC-1920,item:268091,378277.510197
240,DC-1920,item:268967,3428744.244893
241,DC-1920,item:268091,385657.59183
241,DC-1920,item:268967,3428744.244893
242,DC-1920,item:268091,393288.081626
242,DC-1920,item:268967,3428744.244893
243,DC-1920,item:268091,401168.979585
243,DC-1920,item:268967,3428744.244893
244,DC-1920,item:268091,409300.285708
244,DC-1920,item:268967,3428744.244893
245,DC-1920,item:268091,432081.999994
245,DC-1920,item:268967,3428744.244893
246,DC-1920,item:268091,423487.693872
246,DC-1920,item:268967,3428744.244893
247,DC-1920,item:268091,414955.367342
247,DC-1920,item:268967,3428744.244893
248,DC-1920,item:268091,405079.020404
248,DC-1920,item:268967,3428744.244893
249,DC-1920,item:268091,409589.653058
249,DC-1920,item:268967,3428744.244893
250,DC-1920,item:268091,410821.244899
250,DC-1920,item:268967,3428744.244893
251,DC-1920,item:268091,401055.836736
251,DC-1920,item:268967,3428744.244893
252,DC-1920,item:268091,394693.428569
252,DC-1920,item:268967,3428744.244893
253,DC-1920,item:268091,395742.693875
253,DC-1920,item:268967,3428744.244893
254,DC-1920,item:268091,382242.367345
254,DC-1920,item:268967,3428744.244893
255,DC-1920,item:268091,397392.448978
255,DC-1920,item:268967,3428744.244893
256,DC-1920,item:268091,397992.938774
256,DC-1920,item:268967,3428744.244893
257,DC-1920,item:268091,398443.836733
257,DC-1920,item:268967,3428744.244893
258,DC-1920,item:268091,398745.142856
258,DC-1920,item:268967,3428744.244893
259,DC-1920,item:268091,398896.857142
259,DC-1920,item:268967,3428744.244893
260,DC-1920,item:268091,419465.591835
260,DC-1920,item:268967,3428744.244893
261,DC-1920,item:268091,410796.632651
261,DC-1920,item:268967,3428744.244893
262,DC-1920,item:268091,400563.836736
262,DC-1920,item:268967,3428744.244893
263,DC-1920,item:268091,393620.46939
263,DC-1920,item:268967,3423178.428571
264,DC-1920,item:268091,375167.000002
264,DC-1920,item:268967,3412415.306123
265,DC-1920,item:268091,370675.836737
265,DC-1920,item:268967,3401270.959186
266,DC-1920,item:268091,351833.428571
266,DC-1920,item:268967,3389745.387759
267,DC-1920,item:268091,364619.938774
267,DC-1920,item:268967,3389745.387759
268,DC-1920,item:268091,392578.959181
268,DC-1920,item:268967,3389745.387759
269,DC-1920,item:268091,406910.489792
269,DC-1920,item:268967,3389745.387759
270,DC-1920,item:268091,421310.489792
270,DC-1920,item:268967,3389745.387759
271,DC-1920,item:268091,435710.489792
271,DC-1920,item:268967,3389745.387759
272,DC-1920,item:268091,444938.0
272,DC-1920,item:268967,3389745.387759
273,DC-1920,item:268091,442300.224486
273,DC-1920,item:268967,3389745.387759
274,DC-1920,item:268091,431799.755098
274,DC-1920,item:268967,3389745.387759
275,DC-1920,item:268091,421093.387751
275,DC-1920,item:268967,3389745.387759
276,DC-1920,item:268091,410181.122444
276,DC-1920,item:268967,3389745.387759
277,DC-1920,item:268091,399062.959179
277,DC-1920,item:268967,3385453.408165
278,DC-1920,item:268091,407311.387746
278,DC-1920,item:268967,3379543.918369
279,DC-1920,item:268091,407683.979591
279,DC-1920,item:268967,3373367.2449
280,DC-1920,item:268091,398445.571419
280,DC-1920,item:268967,3366923.387757
281,DC-1920,item:268091,386849.89795
281,DC-1920,item:268967,3360718.79592
282,DC-1920,item:268091,389502.836726
282,DC-1920,item:268967,3354432.040818
283,DC-1920,item:268091,392004.387746
283,DC-1920,item:268967,3348063.122451
284,DC-1920,item:268091,408754.551012
284,DC-1920,item:268967,3341612.040818
285,DC-1920,item:268091,396553.326522
285,DC-1920,item:268967,3335078.79592
286,DC-1920,item:268091,393934.326531
286,DC-1920,item:268967,3328463.387757
287,DC-1920,item:268091,381430.326531
287,DC-1920,item:268967,3321765.816328
288,DC-1920,item:268091,402701.081633
288,DC-1920,item:268967,3317719.122451
289,DC-1920,item:268091,397263.97958
289,DC-1920,item:268967,3313451.163268
290,DC-1920,item:268091,384177.244888
290,DC-1920,item:268967,3308266.367347
291,DC-1920,item:268091,399726.265297
291,DC-1920,item:268967,3299710.02041
292,DC-1920,item:268091,400711.040809
292,DC-1920,item:268967,3290932.408167
293,DC-1920,item:268091,387131.571423
293,DC-1920,item:268967,3281933.530618
294,DC-1920,item:268091,402187.857139
294,DC-1920,item:268967,3272713.387763
295,DC-1920,item:268091,399484.897955
295,DC-1920,item:268967,3271513.102049
296,DC-1920,item:268091,426164.693873
296,DC-1920,item:268967,3270640.959192
297,DC-1920,item:268091,439027.244893
297,DC-1920,item:268967,3267662.959193
298,DC-1920,item:268091,440325.65306
298,DC-1920,item:268967,3261276.10205
299,DC-1920,item:268091,434220.857142
299,DC-1920,item:268967,3255217.387765
300,DC-1920,item:268091,427574.10204
300,DC-1920,item:268967,3249486.816337
301,DC-1920,item:268091,421510.10204
301,DC-1920,item:268967,3244084.387766
302,DC-1920,item:268091,414976.204081
302,DC-1920,item:268967,3239690.816337
303,DC-1920,item:268091,411009.306123
303,DC-1920,item:268967,3234743.816337
304,DC-1920,item:268091,411803.795919
304,DC-1920,item:268967,3229243.387766
305,DC-1920,item:268091,397449.73469
305,DC-1920,item:268967,3219374.387767
306,DC-1920,item:268091,393044.469383
306,DC-1920,item:268967,3205033.816339
307,DC-1920,item:268091,381640.714283
307,DC-1920,item:268967,3190139.81634
308,DC-1920,item:268091,394740.857141
308,DC-1920,item:268967,3174692.387769
309,DC-1920,item:268091,393182.469386
309,DC-1920,item:268967,3174692.387769
310,DC-1920,item:268091,406596.408161
310,DC-1920,item:268967,3174692.387769
311,DC-1920,item:268091,424260.244893
311,DC-1920,item:268967,3174692.387769
312,DC-1920,item:268091,411496.693873
312,DC-1920,item:268967,3174692.387769
313,DC-1920,item:268091,399305.469383
313,DC-1920,item:268967,3174692.387769
314,DC-1920,item:268091,393964.32653
314,DC-1920,item:268967,3174692.387769
315,DC-1920,item:268091,391039.999994
315,DC-1920,item:268967,3174692.387769
316,DC-1920,item:268091,387962.306116
316,DC-1920,item:268967,3174364.408174
317,DC-1920,item:268091,383610.918361
317,DC-1920,item:268967,3167138.591848
318,DC-1920,item:268091,363585.836729
318,DC-1920,item:268967,3159732.081644
319,DC-1920,item:268091,371087.061218
319,DC-1920,item:268967,3152144.877563
320,DC-1920,item:268091,362914.59183
320,DC-1920,item:268967,3144376.979604
321,DC-1920,item:268091,353468.428565
321,DC-1920,item:268967,3136428.387768
322,DC-1920,item:268091,328348.571422
322,DC-1920,item:268967,3128299.102054
323,DC-1920,item:268091,347145.979585
323,DC-1920,item:268967,3123690.040829
324,DC-1920,item:268091,358802.938768
324,DC-1920,item:268967,3118829.632666
325,DC-1920,item:268091,340954.448973
325,DC-1920,item:268967,3113235.448992
326,DC-1920,item:268091,380541.510197
326,DC-1920,item:268967,3103606.204096
327,DC-1920,item:268091,362364.122442
327,DC-1920,item:268967,3093725.61226
328,DC-1920,item:268091,430422.285708
328,DC-1920,item:268967,3083593.673486
329,DC-1920,item:268091,411915.999994
329,DC-1920,item:268967,3073210.387773
330,DC-1920,item:268091,409468.836735
330,DC-1920,item:268967,3071717.489812
331,DC-1920,item:268091,407815.367348
331,DC-1920,item:268967,3070582.693893
332,DC-1920,item:268091,425577.591838
332,DC-1920,item:268967,3069806.000014
333,DC-1920,item:268091,425577.591838
333,DC-1920,item:268967,3069387.408176
334,DC-1920,item:268091,425577.591838
334,DC-1920,item:268967,3069326.918378
335,DC-1920,item:268091,434754.346938
335,DC-1920,item:268967,3069326.918378
336,DC-1920,item:268091,449503.591828
336,DC-1920,item:268967,3067154.24491
337,DC-1920,item:268091,429378.795909
337,DC-1920,item:268967,3059793.02042
338,DC-1920,item:268091,409121.204072
338,DC-1920,item:268967,3052368.000013
339,DC-1920,item:268091,388993.653054
339,DC-1920,item:268967,3044879.183687
340,DC-1920,item:268091,368470.469381
340,DC-1920,item:268967,3037326.571443
341,DC-1920,item:268091,362214.489789
341,DC-1920,item:268967,3029710.16328
342,DC-1920,item:268091,355825.714278
342,DC-1920,item:268967,3022029.9592
343,DC-1920,item:268091,349304.142849
343,DC-1920,item:268967,3014285.959201
344,DC-1920,item:268091,345520.102033
344,DC-1920,item:268967,3011535.367364
345,DC-1920,item:268091,326018.306115
345,DC-1920,item:268967,3008428.612263
346,DC-1920,item:268091,319598.755095
346,DC-1920,item:268967,3000229.265324
347,DC-1920,item:268091,311861.448973
347,DC-1920,item:268967,2989014.040835
348,DC-1920,item:268091,317206.387749
348,DC-1920,item:268967,2977442.65308
349,DC-1920,item:268091,311703.571421
349,DC-1920,item:268967,2965515.102061
350,DC-1920,item:268091,302062.999993
350,DC-1920,item:268967,2953231.387776
351,DC-1920,item:268091,317568.959177
351,DC-1920,item:268967,2953231.387776
352,DC-1920,item:268091,333521.448974
352,DC-1920,item:268967,2953231.387776
353,DC-1920,item:268091,349920.469383
353,DC-1920,item:268967,2953231.387776
354,DC-1920,item:268091,366766.020404
354,DC-1920,item:268967,2953231.387776
355,DC-1920,item:268091,384058.102037
355,DC-1920,item:268967,2953231.387776
356,DC-1920,item:268091,372996.714283
356,DC-1920,item:268967,2953231.387776
357,DC-1920,item:268091,419981.857141
357,DC-1920,item:268967,2953231.387776
358,DC-1920,item:268091,448781.857141
358,DC-1920,item:268967,2953231.387776
359,DC-1920,item:268091,448781.857141
359,DC-1920,item:268967,2953231.387776
360,DC-1920,item:268091,448781.857141
360,DC-1920,item:268967,2953231.387776
361,DC-1920,item:268091,448781.857141
361,DC-1920,item:268967,2953231.387776
362,DC-1920,item:268091,448781.857141
362,DC-1920,item:268967,2953231.387776
363,DC-1920,item:268091,448781.857141
363,DC-1920,item:268967,2953231.387776
364,DC-1920,item:268091,448781.857141
364,DC-1920,item:268967,2953231.387776
365,DC-1920,item:268091,448781.857141
365,DC-1920,item:268967,2944753.673485
366,DC-1920,item:268091,448781.857141
366,DC-1920,item:268967,2940056.122464
367,DC-1920,item:268091,448781.857141
367,DC-1920,item:268967,2934830.877566
368,DC-1920,item:268091,448781.857141
368,DC-1920,item:268967,2929077.93879
369,DC-1920,item:268091,448781.857141
369,DC-1920,item:268967,2922797.306137
370,DC-1920,item:268091,448781.857141
370,DC-1920,item:268967,2912942.408177
371,DC-1920,item:268091,448781.857141
371,DC-1920,item:268967,2899825.673483
372,DC-1920,item:268091,448781.857141
372,DC-1920,item:268967,2886181.244911
373,DC-1920,item:268091,448781.857141
373,DC-1920,item:268967,2884396.36736
374,DC-1920,item:268091,448781.857141
374,DC-1920,item:268967,2882909.612258
375,DC-1920,item:268091,448781.857141
375,DC-1920,item:268967,2881720.979605
376,DC-1920,item:268091,448781.857141
376,DC-1920,item:268967,2880830.469401
377,DC-1920,item:268091,448781.857141
377,DC-1920,item:268967,2880238.081646
378,DC-1920,item:268091,436500.428561
378,DC-1920,item:268967,2879943.81634
379,DC-1920,item:268091,422565.571418
379,DC-1920,item:268967,2879943.81634
380,DC-1920,item:268091,411615.020398
380,DC-1920,item:268967,2876337.714298
381,DC-1920,item:268091,400049.346929
381,DC-1920,item:268967,2872044.081644
382,DC-1920,item:268091,395840.979593
382,DC-1920,item:268967,2867233.775522
383,DC-1920,item:268091,401968.040828
383,DC-1920,item:268967,2862460.79593
384,DC-1920,item:268091,390461.591828
384,DC-1920,item:268967,2857725.142869
385,DC-1920,item:268091,387123.571416
385,DC-1920,item:268967,2853026.816339
386,DC-1920,item:268091,381240.142844
386,DC-1920,item:268967,2848365.816339
387,DC-1920,item:268091,386831.897947
387,DC-1920,item:268967,2844386.142869
388,DC-1920,item:268091,392614.55101
388,DC-1920,item:268967,2840261.653073
389,DC-1920,item:268091,412988.102032
389,DC-1920,item:268967,2835992.346951
390,DC-1920,item:268091,404752.551013
390,DC-1920,item:268967,2830269.653073
391,DC-1920,item:268091,396707.897953
391,DC-1920,item:268967,2823609.571442
392,DC-1920,item:268091,394130.693863
392,DC-1920,item:268967,2816804.673485
393,DC-1920,item:268091,400867.836722
393,DC-1920,item:268967,2809854.959201
394,DC-1920,item:268091,415964.836731
394,DC-1920,item:268967,2807262.877567
395,DC-1920,item:268091,422065.653056
395,DC-1920,item:268967,2804228.7143
396,DC-1920,item:268091,420040.448975
396,DC-1920,item:268967,2797842.612259
397,DC-1920,item:268091,412168.959181
397,DC-1920,item:268967,2791611.857157
398,DC-1920,item:268091,406577.20408
398,DC-1920,item:268967,2785536.448993
399,DC-1920,item:268091,398787.081629
399,DC-1920,item:268967,2779616.387769
400,DC-1920,item:268091,419924.224484
400,DC-1920,item:268967,2773851.673483
401,DC-1920,item:268091,415588.83673
401,DC-1920,item:268967,2768940.775523
402,DC-1920,item:268091,417857.469382
402,DC-1920,item:268967,2763598.836748
403,DC-1920,item:268091,415251.081633
403,DC-1920,item:268967,2757825.857156
404,DC-1920,item:268091,403206.836726
404,DC-1920,item:268967,2751184.551034
405,DC-1920,item:268091,392734.653053
405,DC-1920,item:268967,2739159.918381
406,DC-1920,item:268091,380536.326523
406,DC-1920,item:268967,2726704.244913
407,DC-1920,item:268091,395411.857136
407,DC-1920,item:268967,2713817.530628
408,DC-1920,item:268091,395192.469381
408,DC-1920,item:268967,2712048.857158
409,DC-1920,item:268091,379547.122443
409,DC-1920,item:268967,2710619.081647
410,DC-1920,item:268091,391675.816321
410,DC-1920,item:268967,2709528.204096
411,DC-1920,item:268091,388378.551015
411,DC-1920,item:268967,2707577.653073
412,DC-1920,item:268091,384055.326525
412,DC-1920,item:268967,2702713.428583
413,DC-1920,item:268091,378706.142852
413,DC-1920,item:268967,2698188.102052
414,DC-1920,item:268091,367790.999992
414,DC-1920,item:268967,2694001.67348
415,DC-1920,item:268091,369338.795911
415,DC-1920,item:268967,2689678.693888
416,DC-1920,item:268091,356579.244892
416,DC-1920,item:268967,2685058.734704
417,DC-1920,item:268091,358312.346934
417,DC-1920,item:268967,2680141.795929
418,DC-1920,item:268091,360138.102037
418,DC-1920,item:268967,2671033.591846
419,DC-1920,item:268091,362056.510201
419,DC-1920,item:268967,2660911.122458
420,DC-1920,item:268091,378467.571427
420,DC-1920,item:268967,2650491.673478
421,DC-1920,item:268091,380571.285714
421,DC-1920,item:268967,2639775.244906
422,DC-1920,item:268091,386236.632652
422,DC-1920,item:268967,2638643.775518
423,DC-1920,item:268091,392225.897958
423,DC-1920,item:268967,2637874.122457
424,DC-1920,item:268091,398539.081631
424,DC-1920,item:268967,2637466.285723
425,DC-1920,item:268091,405176.183671
425,DC-1920,item:268967,2636398.979601
426,DC-1920,item:268091,412137.204078
426,DC-1920,item:268967,2632027.204091
427,DC-1920,item:268091,419422.142853
427,DC-1920,item:268967,2628017.244908
428,DC-1920,item:268091,412630.999995
428,DC-1920,item:268967,2624369.102051
429,DC-1920,item:268091,419495.408159
429,DC-1920,item:268967,2619384.836745
430,DC-1920,item:268091,423328.367347
430,DC-1920,item:268967,2614092.734705
431,DC-1920,item:268091,416298.163265
431,DC-1920,item:268967,2608492.795929
432,DC-1920,item:268091,406708.367347
432,DC-1920,item:268967,2602585.02042
433,DC-1920,item:268091,403594.612245
433,DC-1920,item:268967,2593156.979601
434,DC-1920,item:268091,418398.428567
434,DC-1920,item:268967,2582974.244907
435,DC-1920,item:268091,408580.428567
435,DC-1920,item:268967,2572483.673478
436,DC-1920,item:268091,395987.61224
436,DC-1920,item:268967,2569526.591846
437,DC-1920,item:268091,395244.408163
437,DC-1920,item:268967,2566784.428582
438,DC-1920,item:268091,384332.102036
438,DC-1920,item:268967,2564257.183685
439,DC-1920,item:268091,399669.408158
439,DC-1920,item:268967,2561944.857156
440,DC-1920,item:268091,385916.755096
440,DC-1920,item:268967,2559847.448994
441,DC-1920,item:268091,386274.142851
441,DC-1920,item:268967,2557964.9592
442,DC-1920,item:268091,386341.571422
442,DC-1920,item:268967,2556297.387773
443,DC-1920,item:268091,391742.571422
443,DC-1920,item:268967,2551993.51022
444,DC-1920,item:268091,393808.999993
444,DC-1920,item:268967,2547714.469402
445,DC-1920,item:268091,394883.285707
445,DC-1920,item:268967,2543154.979603
446,DC-1920,item:268091,395855.285707
446,DC-1920,item:268967,2538418.183684
447,DC-1920,item:268091,411124.999993
447,DC-1920,item:268967,2533706.2245
448,DC-1920,item:268091,397492.428564
448,DC-1920,item:268967,2529019.102051
449,DC-1920,item:268091,389640.285714
449,DC-1920,item:268967,2524356.816336
450,DC-1920,item:268091,393153.591829
450,DC-1920,item:268967,2518821.734704
451,DC-1920,item:268091,403036.204073
451,DC-1920,item:268967,2513239.00001
452,DC-1920,item:268091,413405.408154
452,DC-1920,item:268967,2507608.612256
453,DC-1920,item:268091,437362.999999
453,DC-1920,item:268967,2501930.57144
454,DC-1920,item:268091,434305.387754
454,DC-1920,item:268967,2496204.877564
455,DC-1920,item:268091,431734.367345
455,DC-1920,item:268967,2490431.530626
456,DC-1920,item:268091,429649.938773
456,DC-1920,item:268967,2484610.530627
457,DC-1920,item:268091,425351.183671
457,DC-1920,item:268967,2482937.775523
458,DC-1920,item:268091,419527.244898
458,DC-1920,item:268967,2476612.979606
459,DC-1920,item:268091,408303.755105
459,DC-1920,item:268967,2470195.142872
460,DC-1920,item:268091,396498.734697
460,DC-1920,item:268967,2463684.265322
461,DC-1920,item:268091,385410.387747
461,DC-1920,item:268967,2457080.346955
462,DC-1920,item:268091,374218.428564
462,DC-1920,item:268967,2450383.387773
463,DC-1920,item:268091,377732.999993
463,DC-1920,item:268967,2443593.387774
464,DC-1920,item:268091,396802.408157
464,DC-1920,item:268967,2443593.387774
465,DC-1920,item:268091,400574.653055
465,DC-1920,item:268967,2443593.387774
466,DC-1920,item:268091,403449.734688
466,DC-1920,item:268967,2443593.387774
467,DC-1920,item:268091,405427.653056
467,DC-1920,item:268967,2443593.387774
468,DC-1920,item:268091,398080.122443
468,DC-1920,item:268967,2443593.387774
469,DC-1920,item:268091,386074.122449
469,DC-1920,item:268967,2443593.387774
470,DC-1920,item:268091,374882.693878
470,DC-1920,item:268967,2443593.387774
471,DC-1920,item:268091,372558.38775
471,DC-1920,item:268967,2443593.387774
472,DC-1920,item:268091,383522.020404
472,DC-1920,item:268967,2443593.387774
473,DC-1920,item:268091,395085.326528
473,DC-1920,item:268967,2443593.387774
474,DC-1920,item:268091,407248.30612
474,DC-1920,item:268967,2443593.387774
475,DC-1920,item:268091,420010.959182
475,DC-1920,item:268967,2443593.387774
476,DC-1920,item:268091,433373.285714
476,DC-1920,item:268967,2443593.387774
477,DC-1920,item:268091,432935.285715
477,DC-1920,item:268967,2443593.387774
478,DC-1920,item:268091,441824.979595
478,DC-1920,item:268967,2443593.387774
479,DC-1920,item:268091,441824.979595
479,DC-1920,item:268967,2443593.387774
480,DC-1920,item:268091,441824.979595
480,DC-1920,item:268967,2443593.387774
481,DC-1920,item:268091,441824.979595
481,DC-1920,item:268967,2443593.387774
482,DC-1920,item:268091,441824.979595
482,DC-1920,item:268967,2443593.387774
483,DC-1920,item:268091,441824.979595
483,DC-1920,item:268967,2443593.387774
484,DC-1920,item:268091,441824.979595
484,DC-1920,item:268967,2443593.387774
485,DC-1920,item:268091,441824.979595
485,DC-1920,item:268967,2443593.387774
486,DC-1920,item:268091,440005.102034
486,DC-1920,item:268967,2443593.387774
487,DC-1920,item:268091,429611.795911
487,DC-1920,item:268967,2443593.387774
488,DC-1920,item:268091,419189.673462
488,DC-1920,item:268967,2443593.387774
489,DC-1920,item:268091,408738.734686
489,DC-1920,item:268967,2443593.387774
490,DC-1920,item:268091,399185.183672
490,DC-1920,item:268967,2443593.387774
491,DC-1920,item:268091,393260.714275
491,DC-1920,item:268967,2443593.387774
492,DC-1920,item:268091,396500.530601
492,DC-1920,item:268967,2443593.387774
493,DC-1920,item:268091,398906.87754
493,DC-1920,item:268967,2443593.387774
494,DC-1920,item:268091,386079.755091
494,DC-1920,item:268967,2443593.387774
495,DC-1920,item:268091,386819.163254
495,DC-1920,item:268967,2443593.387774
496,DC-1920,item:268091,401125.102029
496,DC-1920,item:268967,2443593.387774
497,DC-1920,item:268091,385797.571417
497,DC-1920,item:268967,2443593.387774
498,DC-1920,item:268091,398436.571417
498,DC-1920,item:268967,2443593.387774
499,DC-1920,item:268091,401720.734682
499,DC-1920,item:268967,2443593.387774
500,DC-1920,item:268091,405002.061213
500,DC-1920,item:268967,2443593.387774
501,DC-1920,item:268091,393880.551009
501,DC-1920,item:268967,2443593.387774
502,DC-1920,item:268091,411556.20407
502,DC-1920,item:268967,2443593.387774
503,DC-1920,item:268091,400429.020396
503,DC-1920,item:268967,2443593.387774
504,DC-1920,item:268091,397156.448979
504,DC-1920,item:268967,2443405.244919
505,DC-1920,item:268091,406966.142845
505,DC-1920,item:268967,2435825.959205
506,DC-1920,item:268091,412011.387743
506,DC-1920,item:268967,2435825.959205
507,DC-1920,item:268091,402544.306111
507,DC-1920,item:268967,2435825.959205
508,DC-1920,item:268091,402937.32653
508,DC-1920,item:268967,2435825.959205
509,DC-1920,item:268091,419388.734693
509,DC-1920,item:268967,2435825.959205
510,DC-1920,item:268091,406927.816326
510,DC-1920,item:268967,2435825.959205
511,DC-1920,item:268091,396315.571417
511,DC-1920,item:268967,2435825.959205
512,DC-1920,item:268091,394779.265296
512,DC-1920,item:268967,2435825.959205
513,DC-1920,item:268091,405325.367337
513,DC-1920,item:268967,2435825.959205
514,DC-1920,item:268091,398487.959175
514,DC-1920,item:268967,2435825.959205
515,DC-1920,item:268091,406317.775502
515,DC-1920,item:268967,2435825.959205
516,DC-1920,item:268091,414414.81632
516,DC-1920,item:268967,2435825.959205
517,DC-1920,item:268091,422779.081627
517,DC-1920,item:268967,2435825.959205
518,DC-1920,item:268091,426830.795922
518,DC-1920,item:268967,2435825.959205
519,DC-1920,item:268091,423052.693889
519,DC-1920,item:268967,2435825.959205
520,DC-1920,item:268091,420691.938776
520,DC-1920,item:268967,2429087.224509
521,DC-1920,item:268091,416673.673469
521,DC-1920,item:268967,2404617.612264
522,DC-1920,item:268091,421072.979584
522,DC-1920,item:268967,2379756.265326
523,DC-1920,item:268091,411498.877543
523,DC-1920,item:268967,2354503.183693
524,DC-1920,item:268091,405396.979589
524,DC-1920,item:268967,2328858.367367
525,DC-1920,item:268091,397884.142849
525,DC-1920,item:268967,2302821.816347
526,DC-1920,item:268091,403689.57142
526,DC-1920,item:268967,2276393.530633
527,DC-1920,item:268091,404116.673461
527,DC-1920,item:268967,2272385.244919
528,DC-1920,item:268091,403983.306115
528,DC-1920,item:268967,2265384.959205
529,DC-1920,item:268091,403289.469381
529,DC-1920,item:268967,2255392.673491
530,DC-1920,item:268091,387635.163259
530,DC-1920,item:268967,2214560.959205
531,DC-1920,item:268091,383575.081634
531,DC-1920,item:268967,2154970.816348
532,DC-1920,item:268091,369045.142852
532,DC-1920,item:268967,2092388.673491
533,DC-1920,item:268091,366109.428567
533,DC-1920,item:268967,2026814.530634
534,DC-1920,item:268091,371284.102036
534,DC-1920,item:268967,2026814.530634
535,DC-1920,item:268091,376097.020403
535,DC-1920,item:268967,2026814.530634
536,DC-1920,item:268091,377030.755098
536,DC-1920,item:268967,2026814.530634
537,DC-1920,item:268091,374039.020405
537,DC-1920,item:268967,2026814.530634
538,DC-1920,item:268091,370685.53061
538,DC-1920,item:268967,2026814.530634
539,DC-1920,item:268091,366970.285713
539,DC-1920,item:268967,2026814.530634
540,DC-1920,item:268091,362893.285714
540,DC-1920,item:268967,2026814.530634
541,DC-1920,item:268091,359228.408162
541,DC-1920,item:268967,2026814.530634
542,DC-1920,item:268091,370613.367344
542,DC-1920,item:268967,2026814.530634
543,DC-1920,item:268091,397048.16326
543,DC-1920,item:268967,2026814.530634
544,DC-1920,item:268091,409732.795912
544,DC-1920,item:268967,2026814.530634
545,DC-1920,item:268091,408667.265298
545,DC-1920,item:268967,2026814.530634
546,DC-1920,item:268091,417179.571418
546,DC-1920,item:268967,2026814.530634
547,DC-1920,item:268091,433065.448976
547,DC-1920,item:268967,2026814.530634
548,DC-1920,item:268091,425623.571426
548,DC-1920,item:268967,2026814.530634
549,DC-1920,item:268091,432343.102038
549,DC-1920,item:268967,2026814.530634
550,DC-1920,item:268091,421113.326526
550,DC-1920,item:268967,2026814.530634
551,DC-1920,item:268091,407955.102036
551,DC-1920,item:268967,2026814.530634
552,DC-1920,item:268091,394558.28571
552,DC-1920,item:268967,2026814.530634
553,DC-1920,item:268091,380922.877546
553,DC-1920,item:268967,2026814.530634
554,DC-1920,item:268091,388378.142844
554,DC-1920,item:268967,2026814.530634
555,DC-1920,item:268091,399381.061212
555,DC-1920,item:268967,2026814.530634
556,DC-1920,item:268091,410859.755091
556,DC-1920,item:268967,2026814.530634
557,DC-1920,item:268091,416083.938768
557,DC-1920,item:268967,2026814.530634
558,DC-1920,item:268091,418499.755095
558,DC-1920,item:268967,2026814.530634
559,DC-1920,item:268091,412269.591841
559,DC-1920,item:268967,2026814.530634
560,DC-1920,item:268091,401291.020421
560,DC-1920,item:268967,2026814.530634
561,DC-1920,item:268091,397494.163275
561,DC-1920,item:268967,2026814.530634
562,DC-1920,item:268091,391159.428566
562,DC-1920,item:268967,2026814.530634
563,DC-1920,item:268091,395962.142851
563,DC-1920,item:268967,2026814.530634
564,DC-1920,item:268091,399809.999994
564,DC-1920,item:268967,2026814.530634
565,DC-1920,item:268091,383556.142853
565,DC-1920,item:268967,2026814.530634
566,DC-1920,item:268091,372610.571425
566,DC-1920,item:268967,2026814.530634
567,DC-1920,item:268091,375110.142854
567,DC-1920,item:268967,2026814.530634
568,DC-1920,item:268091,362254.85714
568,DC-1920,item:268967,2026814.530634
569,DC-1920,item:268091,376052.673465
569,DC-1920,item:268967,2026814.530634
570,DC-1920,item:268091,390452.673465
570,DC-1920,item:268967,2021913.85717
571,DC-1920,item:268091,404852.673465
571,DC-1920,item:268967,2015702.897986
572,DC-1920,item:268091,419252.673465
572,DC-1920,item:268967,2009754.142883
573,DC-1920,item:268091,444938.0
573,DC-1920,item:268967,2004067.591862
574,DC-1920,item:268091,444938.0
574,DC-1920,item:268967,1998643.244923
575,DC-1920,item:268091,444938.0
575,DC-1920,item:268967,1993481.102065
576,DC-1920,item:268091,444938.0
576,DC-1920,item:268967,1993481.102065
577,DC-1920,item:268091,444938.0
577,DC-1920,item:268967,1993481.102065
578,DC-1920,item:268091,444938.0
578,DC-1920,item:268967,1993481.102065
579,DC-1920,item:268091,444938.0
579,DC-1920,item:268967,1993481.102065
580,DC-1920,item:268091,444938.0
580,DC-1920,item:268967,1993481.102065
581,DC-1920,item:268091,444938.0
581,DC-1920,item:268967,1993481.102065
582,DC-1920,item:268091,444938.0
582,DC-1920,item:268967,1993481.102065
583,DC-1920,item:268091,444938.0
583,DC-1920,item:268967,1993481.102065
584,DC-1920,item:268091,444938.0
584,DC-1920,item:268967,1993481.102065
585,DC-1920,item:268091,444938.0
585,DC-1920,item:268967,1993481.102065
586,DC-1920,item:268091,442111.612238
586,DC-1920,item:268967,1993481.102065
587,DC-1920,item:268091,435977.612238
587,DC-1920,item:268967,1993481.102065
588,DC-1920,item:268091,429679.04081
588,DC-1920,item:268967,1993481.102065
589,DC-1920,item:268091,423215.897953
589,DC-1920,item:268967,1993481.102065
590,DC-1920,item:268091,411911.714279
590,DC-1920,item:268967,1993481.102065
591,DC-1920,item:268091,401439.163265
591,DC-1920,item:268967,1993481.102065
592,DC-1920,item:268091,406736.040806
592,DC-1920,item:268967,1993481.102065
593,DC-1920,item:268091,395349.87754
593,DC-1920,item:268967,1993481.102065
594,DC-1920,item:268091,396379.510204
594,DC-1920,item:268967,1988210.122475
595,DC-1920,item:268091,386895.571418
595,DC-1920,item:268967,1974933.95921
596,DC-1920,item:268091,375427.428561
596,DC-1920,item:268967,1961295.387782
597,DC-1920,item:268091,393851.183663
597,DC-1920,item:268967,1959640.632679
598,DC-1920,item:268091,397022.693867
598,DC-1920,item:268967,1956884.979618
599,DC-1920,item:268091,399341.959173
599,DC-1920,item:268967,1952210.000028
600,DC-1920,item:268091,415208.979581
600,DC-1920,item:268967,1928998.40819
601,DC-1920,item:268091,403819.795918
601,DC-1920,item:268967,1904685.918392
602,DC-1920,item:268091,384630.897958
602,DC-1920,item:268967,1879272.530636
603,DC-1920,item:268091,387826.571416
603,DC-1920,item:268967,1852758.24492
604,DC-1920,item:268091,380305.836722
604,DC-1920,item:268967,1852758.24492
605,DC-1920,item:268091,387435.510192
605,DC-1920,item:268967,1852758.24492
606,DC-1920,item:268091,409215.591825
606,DC-1920,item:268967,1852758.24492
607,DC-1920,item:268091,402446.081621
607,DC-1920,item:268967,1852758.24492
608,DC-1920,item:268091,410229.469388
608,DC-1920,item:268967,1852758.24492
609,DC-1920,item:268091,404058.285703
609,DC-1920,item:268967,1852758.24492
610,DC-1920,item:268091,398039.999989
610,DC-1920,item:268967,1852758.24492
611,DC-1920,item:268091,403845.693867
611,DC-1920,item:268967,1852758.24492
612,DC-1920,item:268091,409713.367337
612,DC-1920,item:268967,1852758.24492
613,DC-1920,item:268091,426529.326532
613,DC-1920,item:268967,1852758.24492
614,DC-1920,item:268091,416639.959186
614,DC-1920,item:268967,1852758.24492
615,DC-1920,item:268091,406812.571431
615,DC-1920,item:268967,1852758.24492
616,DC-1920,item:268091,399154.857135
616,DC-1920,item:268967,1852758.24492
617,DC-1920,item:268091,403349.469378
617,DC-1920,item:268967,1852758.24492
618,DC-1920,item:268091,389998.734685
618,DC-1920,item:268967,1852758.24492
619,DC-1920,item:268091,391400.36734
619,DC-1920,item:268967,1852758.24492
620,DC-1920,item:268091,392150.448973
620,DC-1920,item:268967,1852758.24492
621,DC-1920,item:268091,392750.938769
621,DC-1920,item:268967,1852758.24492
622,DC-1920,item:268091,393201.836728
622,DC-1920,item:268967,1852758.24492
623,DC-1920,item:268091,393503.142851
623,DC-1920,item:268967,1852758.24492
624,DC-1920,item:268091,379254.857137
624,DC-1920,item:268967,1852758.24492
625,DC-1920,item:268091,399823.59183
625,DC-1920,item:268967,1852758.24492
626,DC-1920,item:268091,405554.632646
626,DC-1920,item:268967,1852758.24492
627,DC-1920,item:268091,421280.693873
627,DC-1920,item:268967,1852758.24492
628,DC-1920,item:268091,403264.918362
628,DC-1920,item:268967,1847192.428598
629,DC-1920,item:268091,384811.448974
629,DC-1920,item:268967,1836429.30615
630,DC-1920,item:268091,375177.591836
630,DC-1920,item:268967,1825284.959213
631,DC-1920,item:268091,360991.428566
631,DC-1920,item:268967,1813759.387786
632,DC-1920,item:268091,373777.938769
632,DC-1920,item:268967,1813759.387786
633,DC-1920,item:268091,387336.959176
633,DC-1920,item:268967,1813759.387786
634,DC-1920,item:268091,387268.489787
634,DC-1920,item:268967,1813759.387786
635,DC-1920,item:268091,401668.489787
635,DC-1920,item:268967,1813759.387786
636,DC-1920,item:268091,416068.489787
636,DC-1920,item:268967,1813759.387786
637,DC-1920,item:268091,459268.489787
637,DC-1920,item:268967,1813759.387786
638,DC-1920,item:268091,456630.714273
638,DC-1920,item:268967,1813759.387786
639,DC-1920,item:268091,446130.244885
639,DC-1920,item:268967,1813759.387786
640,DC-1920,item:268091,435423.877538
640,DC-1920,item:268967,1813759.387786
641,DC-1920,item:268091,424511.612231
641,DC-1920,item:268967,1813759.387786
642,DC-1920,item:268091,413393.448966
642,DC-1920,item:268967,1809467.408192
643,DC-1920,item:268091,402069.387741
643,DC-1920,item:268967,1803557.918396
644,DC-1920,item:268091,396565.816326
644,DC-1920,item:268967,1797381.244927
645,DC-1920,item:268091,393203.571414
645,DC-1920,item:268967,1790937.387784
646,DC-1920,item:268091,396007.897945
646,DC-1920,item:268967,1784732.795947
647,DC-1920,item:268091,413060.836721
647,DC-1920,item:268967,1778446.040845
648,DC-1920,item:268091,406892.489796
648,DC-1920,item:268967,1772077.122478
649,DC-1920,item:268091,394842.653062
649,DC-1920,item:268967,1765626.040845
650,DC-1920,item:268091,391311.326517
650,DC-1920,item:268967,1759092.795947
651,DC-1920,item:268091,393358.714272
651,DC-1920,item:268967,1752477.387784
652,DC-1920,item:268091,395254.714272
652,DC-1920,item:268967,1745779.816355
653,DC-1920,item:268091,402125.469374
653,DC-1920,item:268967,1741733.122478
654,DC-1920,item:268091,406421.979575
654,DC-1920,item:268967,1737465.163295
655,DC-1920,item:268091,407735.244883
655,DC-1920,item:268967,1732280.367374
656,DC-1920,item:268091,408496.795918
656,DC-1920,item:268967,1723724.020437
657,DC-1920,item:268091,403871.795921
657,DC-1920,item:268967,1714946.408194
658,DC-1920,item:268091,390292.326535
658,DC-1920,item:268967,1705947.530645
659,DC-1920,item:268091,382545.857134
659,DC-1920,item:268967,1696727.38779
660,DC-1920,item:268091,394242.89795
660,DC-1920,item:268967,1695527.102076
661,DC-1920,item:268091,420922.693868
661,DC-1920,item:268967,1694654.959219
662,DC-1920,item:268091,419385.244888
662,DC-1920,item:268967,1691676.95922
663,DC-1920,item:268091,425925.65306
663,DC-1920,item:268967,1685290.102077
664,DC-1920,item:268091,430383.408154
664,DC-1920,item:268967,1679231.387792
665,DC-1920,item:268091,423736.653052
665,DC-1920,item:268967,1673500.816364
666,DC-1920,item:268091,417672.653052
666,DC-1920,item:268967,1668098.387793
667,DC-1920,item:268091,418094.693887
667,DC-1920,item:268967,1663704.816364
668,DC-1920,item:268091,411163.897969
668,DC-1920,item:268967,1658757.816364
669,DC-1920,item:268091,406716.897949
669,DC-1920,item:268967,1653257.387793
670,DC-1920,item:268091,404651.040798
670,DC-1920,item:268967,1643388.387794
671,DC-1920,item:268091,389744.979574
671,DC-1920,item:268967,1629047.816366
672,DC-1920,item:268091,376398.714278
672,DC-1920,item:268967,1614153.816367
673,DC-1920,item:268091,375098.857136
673,DC-1920,item:268967,1598706.387796
674,DC-1920,item:268091,387940.469381
674,DC-1920,item:268967,1598706.387796
675,DC-1920,item:268091,415754.408156
675,DC-1920,item:268967,1598706.387796
676,DC-1920,item:268091,404618.244888
676,DC-1920,item:268967,1598706.387796
677,DC-1920,item:268091,405652.224487
677,DC-1920,item:268967,1598706.387796
678,DC-1920,item:268091,394063.469378
678,DC-1920,item:268967,1598706.387796
679,DC-1920,item:268091,382444.571418
679,DC-1920,item:268967,1598706.387796
680,DC-1920,item:268091,385797.999989
680,DC-1920,item:268967,1598706.387796
681,DC-1920,item:268091,382720.306111
681,DC-1920,item:268967,1598378.408201
682,DC-1920,item:268091,378368.918356
682,DC-1920,item:268967,1591152.591875
683,DC-1920,item:268091,372743.836724
683,DC-1920,item:268967,1583746.081671
684,DC-1920,item:268091,365845.061213
684,DC-1920,item:268967,1576158.87759
685,DC-1920,item:268091,357672.591825
685,DC-1920,item:268967,1568390.979631
686,DC-1920,item:268091,362626.42856
686,DC-1920,item:268967,1560442.387795
687,DC-1920,item:268091,337506.571417
687,DC-1920,item:268967,1552313.102081
688,DC-1920,item:268091,341903.97958
688,DC-1920,item:268967,1547704.040856
689,DC-1920,item:268091,353560.938763
689,DC-1920,item:268967,1542843.632693
690,DC-1920,item:268091,364512.448968
690,DC-1920,item:268967,1537249.449019
691,DC-1920,item:268091,375299.510192
691,DC-1920,item:268967,1527620.204123
692,DC-1920,item:268091,414722.122437
692,DC-1920,item:268967,1517739.612287
693,DC-1920,item:268091,396380.285703
693,DC-1920,item:268967,1507607.673513
694,DC-1920,item:268091,377873.999989
694,DC-1920,item:268967,1497224.3878
695,DC-1920,item:268091,391127.000001
695,DC-1920,item:268967,1495731.489839
696,DC-1920,item:268091,416857.653051
696,DC-1920,item:268967,1494596.69392
697,DC-1920,item:268091,416113.591827
697,DC-1920,item:268967,1493820.000041
698,DC-1920,item:268091,428140.469388
698,DC-1920,item:268967,1493401.408203
699,DC-1920,item:268091,430513.591827
699,DC-1920,item:268967,1493340.918405
700,DC-1920,item:268091,432911.122438
700,DC-1920,item:268967,1493340.918405
701,DC-1920,item:268091,432521.959172
701,DC-1920,item:268967,1491168.244937
702,DC-1920,item:268091,412421.571426
702,DC-1920,item:268967,1483807.020447
703,DC-1920,item:268091,392163.97959
703,DC-1920,item:268967,1476382.00004
704,DC-1920,item:268091,371773.591834
704,DC-1920,item:268967,1468893.183714
705,DC-1920,item:268091,363228.469376
705,DC-1920,item:268967,1461340.57147
706,DC-1920,item:268091,356972.489784
706,DC-1920,item:268967,1453724.163307
707,DC-1920,item:268091,350583.714273
707,DC-1920,item:268967,1446043.959227
708,DC-1920,item:268091,358462.142844
708,DC-1920,item:268967,1438299.959228
709,DC-1920,item:268091,340278.102028
709,DC-1920,item:268967,1435549.367391
710,DC-1920,item:268091,320776.30611
710,DC-1920,item:268967,1432442.61229
711,DC-1920,item:268091,328756.75509
711,DC-1920,item:268967,1424243.265351
712,DC-1920,item:268091,321019.448968
712,DC-1920,item:268967,1413028.040862
713,DC-1920,item:268091,340764.387744
713,DC-1920,item:268967,1401456.653107
714,DC-1920,item:268091,335261.571416
714,DC-1920,item:268967,1389529.102088
715,DC-1920,item:268091,296820.999988
715,DC-1920,item:268967,1377245.387803
716,DC-1920,item:268091,312326.959172
716,DC-1920,item:268967,1377245.387803
717,DC-1920,item:268091,328279.448969
717,DC-1920,item:268967,1377245.387803
718,DC-1920,item:268091,344678.469378
718,DC-1920,item:268967,1377245.387803
719,DC-1920,item:268091,361524.020399
719,DC-1920,item:268967,1377245.387803
720,DC-1920,item:268091,350016.102032
720,DC-1920,item:268967,1377245.387803
721,DC-1920,item:268091,396554.714278
721,DC-1920,item:268967,1377245.387803
722,DC-1920,item:268091,414739.857136
722,DC-1920,item:268967,1377245.387803
723,DC-1920,item:268091,437661.755104
723,DC-1920,item:268967,1377245.387803
724,DC-1920,item:268091,442845.040826
724,DC-1920,item:268967,1377245.387803
725,DC-1920,item:268091,442845.040826
725,DC-1920,item:268967,1377245.387803
726,DC-1920,item:268091,442845.040826
726,DC-1920,item:268967,1377245.387803
727,DC-1920,item:268091,442845.040826
727,DC-1920,item:268967,1377245.387803
728,DC-1920,item:268091,442845.040826
728,DC-1920,item:268967,1377245.387803
729,DC-1920,item:268091,442845.040826
729,DC-1920,item:268967,1377245.387803
730,DC-1920,item:268091,442845.040826
730,DC-1920,item:268967,1368767.673512
731,DC-1920,item:268091,442845.040826
731,DC-1920,item:268967,1364070.122491
732,DC-1920,item:268091,442845.040826
732,DC-1920,item:268967,1358844.877593
733,DC-1920,item:268091,442845.040826
733,DC-1920,item:268967,1353091.938817
734,DC-1920,item:268091,442845.040826
734,DC-1920,item:268967,1346811.306164
735,DC-1920,item:268091,442845.040826
735,DC-1920,item:268967,1336956.408204
736,DC-1920,item:268091,442845.040826
736,DC-1920,item:268967,1323839.67351
737,DC-1920,item:268091,442845.040826
737,DC-1920,item:268967,1310195.244938
738,DC-1920,item:268091,442845.040826
738,DC-1920,item:268967,1308410.367387
739,DC-1920,item:268091,442845.040826
739,DC-1920,item:268967,1306923.612285
740,DC-1920,item:268091,442845.040826
740,DC-1920,item:268967,1305734.979632
741,DC-1920,item:268091,442845.040826
741,DC-1920,item:268967,1304844.469428
742,DC-1920,item:268091,442845.040826
742,DC-1920,item:268967,1304252.081673
743,DC-1920,item:268091,430563.612246
743,DC-1920,item:268967,1303957.816367
744,DC-1920,item:268091,416628.755103
744,DC-1920,item:268967,1303957.816367
745,DC-1920,item:268091,405678.204083
745,DC-1920,item:268967,1300351.714325
746,DC-1920,item:268091,394112.530614
746,DC-1920,item:268967,1296058.081671
747,DC-1920,item:268091,382626.551006
747,DC-1920,item:268967,1291247.775549
748,DC-1920,item:268091,384230.632639
748,DC-1920,item:268967,1286474.795957
749,DC-1920,item:268091,385219.591823
749,DC-1920,item:268967,1281739.142896
750,DC-1920,item:268091,367481.571411
750,DC-1920,item:268967,1277040.816366
751,DC-1920,item:268091,390398.142839
751,DC-1920,item:268967,1272379.816366
752,DC-1920,item:268091,381589.897942
752,DC-1920,item:268967,1268400.142896
753,DC-1920,item:268091,387372.551005
753,DC-1920,item:268967,1264275.6531
754,DC-1920,item:268091,393346.102027
754,DC-1920,item:268967,1260006.346978
755,DC-1920,item:268091,399510.551008
755,DC-1920,item:268967,1254283.6531
756,DC-1920,item:268091,405865.897948
756,DC-1920,item:268967,1247623.571469
757,DC-1920,item:268091,398012.142848
757,DC-1920,item:268967,1240818.673512
758,DC-1920,item:268091,390349.285707
758,DC-1920,item:268967,1233868.959228
759,DC-1920,item:268091,425122.836726
759,DC-1920,item:268967,1231276.877594
760,DC-1920,item:268091,416823.653051
760,DC-1920,item:268967,1228242.714327
761,DC-1920,item:268091,428466.897956
761,DC-1920,item:268967,1221856.612286
762,DC-1920,item:268091,420422.244893
762,DC-1920,item:268967,1215625.857184
763,DC-1920,item:268091,412504.857136
763,DC-1920,item:268967,1209550.44902
764,DC-1920,item:268091,404714.734685
764,DC-1920,item:268967,1203630.387796
765,DC-1920,item:268091,406036.714266
765,DC-1920,item:268967,1197865.67351
766,DC-1920,item:268091,416101.326512
766,DC-1920,item:268967,1192954.77555
767,DC-1920,item:268091,424064.551006
767,DC-1920,item:268967,1187612.836775
768,DC-1920,item:268091,420945.673475
768,DC-1920,item:268967,1181839.857183
769,DC-1920,item:268091,408102.795943
769,DC-1920,item:268967,1175198.551061
770,DC-1920,item:268091,395563.857168
770,DC-1920,item:268967,1163173.918408
771,DC-1920,item:268091,387627.571416
771,DC-1920,item:268967,1150718.24494
772,DC-1920,item:268091,375769.857131
772,DC-1920,item:268967,1137831.530655
773,DC-1920,item:268091,389950.469376
773,DC-1920,item:268967,1136062.857185
774,DC-1920,item:268091,374305.122438
774,DC-1920,item:268967,1134633.081674
775,DC-1920,item:268091,357633.816316
775,DC-1920,item:268967,1133542.204123
776,DC-1920,item:268091,383136.55101
776,DC-1920,item:268967,1131591.6531
777,DC-1920,item:268091,378813.32652
777,DC-1920,item:268967,1126727.42861
778,DC-1920,item:268091,359064.142847
778,DC-1920,item:268967,1122202.102079
779,DC-1920,item:268091,362548.999987
779,DC-1920,item:268967,1118015.673507
780,DC-1920,item:268091,364096.795906
780,DC-1920,item:268967,1113692.693915
781,DC-1920,item:268091,351337.244887
781,DC-1920,item:268967,1109072.734731
782,DC-1920,item:268091,353070.346929
782,DC-1920,item:268967,1104155.795956
783,DC-1920,item:268091,354896.102032
783,DC-1920,item:268967,1095047.591873
784,DC-1920,item:268091,385614.510196
784,DC-1920,item:268967,1084925.122485
785,DC-1920,item:268091,373225.571422
785,DC-1920,item:268967,1074505.673505
786,DC-1920,item:268091,375329.285709
786,DC-1920,item:268967,1070275.65306
787,DC-1920,item:268091,380994.632647
787,DC-1920,item:268967,1085753.061187
788,DC-1920,item:268091,372583.897953
788,DC-1920,item:268967,1120174.79592
789,DC-1920,item:268091,378897.081626
789,DC-1920,item:268967,1119766.959186
790,DC-1920,item:268091,399934.183666
790,DC-1920,item:268967,1118699.653064
791,DC-1920,item:268091,392495.204073
791,DC-1920,item:268967,1114327.877554
792,DC-1920,item:268091,414180.142848
792,DC-1920,item:268967,1110317.91837
793,DC-1920,item:268091,421788.99999
793,DC-1920,item:268967,1106669.775513
794,DC-1920,item:268091,423496.20408
794,DC-1920,item:268967,1101685.510208
795,DC-1920,item:268091,418171.163273
795,DC-1920,item:268967,1096393.408167
796,DC-1920,item:268091,411140.959192
796,DC-1920,item:268967,1090793.469392
797,DC-1920,item:268091,404750.510195
797,DC-1920,item:268967,1084885.693882
798,DC-1920,item:268091,406793.959166
798,DC-1920,item:268967,1080598.244896
799,DC-1920,item:268091,398756.428562
799,DC-1920,item:268967,1080882.71433
800,DC-1920,item:268091,388938.428562
800,DC-1920,item:268967,1081899.857186
801,DC-1920,item:268091,390745.612235
801,DC-1920,item:268967,1098554.897915
802,DC-1920,item:268091,392262.836725
802,DC-1920,item:268967,1095812.734651
803,DC-1920,item:268091,393490.102031
803,DC-1920,item:268967,1093285.489754
804,DC-1920,item:268091,380027.408153
804,DC-1920,item:268967,1093952.26531
805,DC-1920,item:268091,395074.755091
805,DC-1920,item:268967,1091854.857148
806,DC-1920,item:268091,395432.142846
806,DC-1920,item:268967,1108566.796007
807,DC-1920,item:268091,409899.571417
807,DC-1920,item:268967,1106899.22458
808,DC-1920,item:268091,400900.571417
808,DC-1920,item:268967,1102595.347027
809,DC-1920,item:268091,394872.857142
809,DC-1920,item:268967,1098316.30621
810,DC-1920,item:268091,389641.285702
810,DC-1920,item:268967,1093756.81641
811,DC-1920,item:268091,390613.285702
811,DC-1920,item:268967,1089020.020492
812,DC-1920,item:268091,391482.999988
812,DC-1920,item:268967,1087525.755098
813,DC-1920,item:268091,392250.428559
813,DC-1920,item:268967,1082838.632648
814,DC-1920,item:268091,392915.571416
814,DC-1920,item:268967,1095249.816241
815,DC-1920,item:268091,402311.591824
815,DC-1920,item:268967,1103722.979511
816,DC-1920,item:268091,412194.204068
816,DC-1920,item:268967,1099762.142862
817,DC-1920,item:268091,436389.816326
817,DC-1920,item:268967,1094131.755107
818,DC-1920,item:268091,432845.612243
818,DC-1920,item:268967,1088453.714292
819,DC-1920,item:268091,429787.999998
819,DC-1920,item:268967,1082728.020415
820,DC-1920,item:268091,427216.979589
820,DC-1920,item:268967,1086128.775508
821,DC-1920,item:268091,425132.551017
821,DC-1920,item:268967,1090319.00005
822,DC-1920,item:268091,420833.795916
822,DC-1920,item:268967,1103672.122452
823,DC-1920,item:268091,418330.877553
823,DC-1920,item:268967,1097347.326534
824,DC-1920,item:268091,412198.367339
824,DC-1920,item:268967,1090929.4898
825,DC-1920,item:268091,406066.877538
825,DC-1920,item:268967,1084418.61225
826,DC-1920,item:268091,400796.469383
826,DC-1920,item:268967,1082001.36735
827,DC-1920,item:268091,397776.428559
827,DC-1920,item:268967,1085908.918367
828,DC-1920,item:268091,386890.999988
828,DC-1920,item:268967,1092047.632652
829,DC-1920,item:268091,420360.408152
829,DC-1920,item:268967,1092047.632652
830,DC-1920,item:268091,409732.65305
830,DC-1920,item:268967,1103672.122452
831,DC-1920,item:268091,398654.734695
831,DC-1920,item:268967,1113158.4898
832,DC-1920,item:268091,386232.653063
832,DC-1920,item:268967,1113158.4898
833,DC-1920,item:268091,382660.530589
833,DC-1920,item:268967,1113158.4898
834,DC-1920,item:268091,357966.265284
834,DC-1920,item:268967,1113158.4898
835,DC-1920,item:268091,371352.428561
835,DC-1920,item:268967,1113158.4898
836,DC-1920,item:268091,367316.387745
836,DC-1920,item:268967,1113158.4898
837,DC-1920,item:268091,392680.020399
837,DC-1920,item:268967,1113158.4898
838,DC-1920,item:268091,389843.326523
838,DC-1920,item:268967,1113158.4898
839,DC-1920,item:268091,402006.306115
839,DC-1920,item:268967,1113158.4898
840,DC-1920,item:268091,414768.959177
840,DC-1920,item:268967,1113158.4898
841,DC-1920,item:268091,442262.979594
841,DC-1920,item:268967,1113158.4898
842,DC-1920,item:268091,441824.979595
842,DC-1920,item:268967,1113158.4898
843,DC-1920,item:268091,441824.979595
843,DC-1920,item:268967,1113158.4898
844,DC-1920,item:268091,441824.979595
844,DC-1920,item:268967,1113158.4898
845,DC-1920,item:268091,441824.979595
845,DC-1920,item:268967,1113158.4898
846,DC-1920,item:268091,441824.979595
846,DC-1920,item:268967,1113158.4898
847,DC-1920,item:268091,441824.979595
847,DC-1920,item:268967,1113158.4898
848,DC-1920,item:268091,441824.979595
848,DC-1920,item:268967,1113158.4898
849,DC-1920,item:268091,441824.979595
849,DC-1920,item:268967,1113158.4898
850,DC-1920,item:268091,441824.979595
850,DC-1920,item:268967,1113158.4898
851,DC-1920,item:268091,440005.102034
851,DC-1920,item:268967,1113158.4898
852,DC-1920,item:268091,429611.795911
852,DC-1920,item:268967,1113158.4898
853,DC-1920,item:268091,419189.673462
853,DC-1920,item:268967,1113158.4898
854,DC-1920,item:268091,408738.734686
854,DC-1920,item:268967,1113158.4898
855,DC-1920,item:268091,398258.979584
855,DC-1920,item:268967,1113158.4898
856,DC-1920,item:268091,399367.040808
856,DC-1920,item:268967,1113158.4898
857,DC-1920,item:268091,391258.530596
857,DC-1920,item:268967,1113158.4898
858,DC-1920,item:268091,393664.877535
858,DC-1920,item:268967,1113158.4898
859,DC-1920,item:268091,409637.755086
859,DC-1920,item:268967,1113158.4898
860,DC-1920,item:268091,395977.163249
860,DC-1920,item:268967,1113158.4898
861,DC-1920,item:268091,389556.224489
861,DC-1920,item:268967,1113158.4898
862,DC-1920,item:268091,394955.571412
862,DC-1920,item:268967,1113158.4898
863,DC-1920,item:268091,378794.571412
863,DC-1920,item:268967,1113158.4898
864,DC-1920,item:268091,382078.734677
864,DC-1920,item:268967,1113158.4898
865,DC-1920,item:268091,399760.061208
865,DC-1920,item:268967,1113158.4898
866,DC-1920,item:268091,388638.551004
866,DC-1920,item:268967,1113158.4898
867,DC-1920,item:268091,391914.204065
867,DC-1920,item:268967,1113158.4898
868,DC-1920,item:268091,409587.020391
868,DC-1920,item:268967,1113158.4898
869,DC-1920,item:268091,398456.999983
869,DC-1920,item:268967,1112970.346945
870,DC-1920,item:268091,387324.14284
870,DC-1920,item:268967,1105391.061231
871,DC-1920,item:268091,377969.387738
871,DC-1920,item:268967,1105391.061231
872,DC-1920,item:268091,411702.306106
872,DC-1920,item:268967,1105391.061231
873,DC-1920,item:268091,399656.326513
873,DC-1920,item:268967,1105391.061231
874,DC-1920,item:268091,396676.346938
874,DC-1920,item:268967,1105391.061231
875,DC-1920,item:268091,389246.816309
875,DC-1920,item:268967,1105391.061231
876,DC-1920,item:268091,391073.571412
876,DC-1920,item:268967,1105391.061231
877,DC-1920,item:268091,378387.999984
877,DC-1920,item:268967,1105391.061231
878,DC-1920,item:268091,385683.367332
878,DC-1920,item:268967,1105391.061231
879,DC-1920,item:268091,393245.95917
879,DC-1920,item:268967,1105391.061231
880,DC-1920,item:268091,415475.775497
880,DC-1920,item:268967,1105391.061231
881,DC-1920,item:268091,423572.816315
881,DC-1920,item:268967,1105391.061231
882,DC-1920,item:268091,426029.122452
882,DC-1920,item:268967,1105391.061231
883,DC-1920,item:268091,420922.836752
883,DC-1920,item:268967,1105391.061231
884,DC-1920,item:268091,415421.551039
884,DC-1920,item:268967,1105391.061231
885,DC-1920,item:268091,414923.428573
885,DC-1920,item:268967,1098652.326535
886,DC-1920,item:268091,412304.244888
886,DC-1920,item:268967,1074182.714291
887,DC-1920,item:268091,417254.714271
887,DC-1920,item:268967,1049321.367352
888,DC-1920,item:268091,407680.61223
888,DC-1920,item:268967,1026949.959184
889,DC-1920,item:268091,405396.979589
889,DC-1920,item:268967,1028656.428567
890,DC-1920,item:268091,399606.10204
890,DC-1920,item:268967,1016330.28577
891,DC-1920,item:268091,405411.530611
891,DC-1920,item:268967,1096301.918372
892,DC-1920,item:268091,391438.632652
892,DC-1920,item:268967,1092293.632658
893,DC-1920,item:268091,413141.30611
893,DC-1920,item:268967,1086693.428628
894,DC-1920,item:268091,412447.469376
894,DC-1920,item:268967,1084541.428572
895,DC-1920,item:268091,399656.489798
895,DC-1920,item:268967,1050710.0
896,DC-1920,item:268091,386438.408178
896,DC-1920,item:268967,1001112.142857
897,DC-1920,item:268091,378203.142847
897,DC-1920,item:268967,938530.0
898,DC-1920,item:268091,375267.428562
898,DC-1920,item:268967,913787.571429
899,DC-1920,item:268091,394842.102031
899,DC-1920,item:268967,955923.000057
900,DC-1920,item:268091,399655.020398
900,DC-1920,item:268967,1063723.000057
901,DC-1920,item:268091,386188.755093
901,DC-1920,item:268967,1171523.000057
902,DC-1920,item:268091,383197.0204
902,DC-1920,item:268967,1171523.000057
903,DC-1920,item:268091,379843.530605
903,DC-1920,item:268967,1171523.000057
904,DC-1920,item:268091,376128.285708
904,DC-1920,item:268967,1171523.000057
905,DC-1920,item:268091,372051.285709
905,DC-1920,item:268967,1209334.0
906,DC-1920,item:268091,382786.408157
906,DC-1920,item:268967,1209334.0
907,DC-1920,item:268091,394171.367339
907,DC-1920,item:268967,1209334.0
908,DC-1920,item:268091,406206.163255
908,DC-1920,item:268967,1209334.0
909,DC-1920,item:268091,418890.795907
909,DC-1920,item:268967,1209334.0
910,DC-1920,item:268091,432225.265293
910,DC-1920,item:268967,1209334.0
911,DC-1920,item:268091,436269.408158
911,DC-1920,item:268967,1209334.0
912,DC-1920,item:268091,430284.551014
912,DC-1920,item:268967,1209334.0
913,DC-1920,item:268091,422842.673463
913,DC-1920,item:268967,1209334.0
914,DC-1920,item:268091,415415.653062
914,DC-1920,item:268967,1209334.0
915,DC-1920,item:268091,404185.87755
915,DC-1920,item:268967,1209334.0
916,DC-1920,item:268091,395242.367329
916,DC-1920,item:268967,1209334.0
917,DC-1920,item:268091,396245.551002
917,DC-1920,item:268967,1209334.0
918,DC-1920,item:268091,397010.142839
918,DC-1920,item:268967,1209334.0
919,DC-1920,item:268091,397536.142839
919,DC-1920,item:268967,1209334.0
920,DC-1920,item:268091,422939.061207
920,DC-1920,item:268967,1209334.0
921,DC-1920,item:268091,420017.755086
921,DC-1920,item:268967,1209334.0
922,DC-1920,item:268091,415043.795924
922,DC-1920,item:268967,1209334.0
923,DC-1920,item:268091,410658.551044
923,DC-1920,item:268967,1209334.0
924,DC-1920,item:268091,401749.346927
924,DC-1920,item:268967,1209334.0
925,DC-1920,item:268091,390716.714275
925,DC-1920,item:268967,1209334.0
926,DC-1920,item:268091,380159.857133
926,DC-1920,item:268967,1209334.0
927,DC-1920,item:268091,385917.428561
927,DC-1920,item:268967,1209334.0
928,DC-1920,item:268091,397224.877563
928,DC-1920,item:268967,1209334.0
929,DC-1920,item:268091,408967.999989
929,DC-1920,item:268967,1209334.0
930,DC-1920,item:268091,407114.142848
930,DC-1920,item:268967,1209334.0
931,DC-1920,item:268091,392786.428574
931,DC-1920,item:268967,1209334.0
932,DC-1920,item:268091,366486.000003
932,DC-1920,item:268967,1209334.0
933,DC-1920,item:268091,351636.714287
933,DC-1920,item:268967,1209334.0
934,DC-1920,item:268091,367428.530614
934,DC-1920,item:268967,1209334.0
935,DC-1920,item:268091,370810.67346
935,DC-1920,item:268967,1204433.326537
936,DC-1920,item:268091,399610.67346
936,DC-1920,item:268967,1198222.367352
937,DC-1920,item:268091,399610.67346
937,DC-1920,item:268967,1192273.61225
938,DC-1920,item:268091,414010.67346
938,DC-1920,item:268967,1186587.061229
939,DC-1920,item:268091,414010.67346
939,DC-1920,item:268967,1181162.714289
940,DC-1920,item:268091,442810.67346
940,DC-1920,item:268967,1176000.571431
941,DC-1920,item:268091,457210.67346
941,DC-1920,item:268967,1176000.571431
942,DC-1920,item:268091,457210.67346
942,DC-1920,item:268967,1176000.571431
943,DC-1920,item:268091,457210.67346
943,DC-1920,item:268967,1176000.571431
944,DC-1920,item:268091,457210.67346
944,DC-1920,item:268967,1176000.571431
945,DC-1920,item:268091,457210.67346
945,DC-1920,item:268967,1176000.571431
946,DC-1920,item:268091,457210.67346
946,DC-1920,item:268967,1176000.571431
947,DC-1920,item:268091,457210.67346
947,DC-1920,item:268967,1176000.571431
948,DC-1920,item:268091,457210.67346
948,DC-1920,item:268967,1176000.571431
949,DC-1920,item:268091,457210.67346
949,DC-1920,item:268967,1176000.571431
950,DC-1920,item:268091,457210.67346
950,DC-1920,item:268967,1176000.571431
951,DC-1920,item:268091,454384.285698
951,DC-1920,item:268967,1176000.571431
952,DC-1920,item:268091,448250.285698
952,DC-1920,item:268967,1176000.571431
953,DC-1920,item:268091,441951.71427
953,DC-1920,item:268967,1176000.571431
954,DC-1920,item:268091,435488.571413
954,DC-1920,item:268967,1176000.571431
955,DC-1920,item:268091,424184.387739
955,DC-1920,item:268967,1176000.571431
956,DC-1920,item:268091,412852.877535
956,DC-1920,item:268967,1176000.571431
957,DC-1920,item:268091,401494.040801
957,DC-1920,item:268967,1176000.571431
958,DC-1920,item:268091,396461.489796
958,DC-1920,item:268967,1176000.571431
959,DC-1920,item:268091,393094.387739
959,DC-1920,item:268967,1170729.591841
960,DC-1920,item:268091,396053.571413
960,DC-1920,item:268967,1157453.428576
961,DC-1920,item:268091,398985.428556
961,DC-1920,item:268967,1143814.857148
962,DC-1920,item:268091,403009.183658
962,DC-1920,item:268967,1142160.102046
963,DC-1920,item:268091,406180.693862
963,DC-1920,item:268967,1139404.448984
964,DC-1920,item:268091,408499.959168
964,DC-1920,item:268967,1134729.469394
965,DC-1920,item:268091,408695.795918
965,DC-1920,item:268967,1111517.877556
966,DC-1920,item:268091,396181.755086
966,DC-1920,item:268967,1087205.387759
967,DC-1920,item:268091,385902.081616
967,DC-1920,item:268967,1061792.000002
968,DC-1920,item:268091,368184.571411
968,DC-1920,item:268967,1035277.714286
969,DC-1920,item:268091,375063.836717
969,DC-1920,item:268967,1049606.326527
970,DC-1920,item:268091,382193.510187
970,DC-1920,item:268967,1089348.326525
971,DC-1920,item:268091,389573.59182
971,DC-1920,item:268967,1089348.326525
972,DC-1920,item:268091,397204.081616
972,DC-1920,item:268967,1089348.326525
973,DC-1920,item:268091,390684.979575
973,DC-1920,item:268967,1113719.673475
974,DC-1920,item:268091,398816.285698
974,DC-1920,item:268967,1129638.061292
975,DC-1920,item:268091,435997.999984
975,DC-1920,item:268967,1141823.734767
976,DC-1920,item:268091,427403.693862
976,DC-1920,item:268967,1141823.734767
977,DC-1920,item:268091,418871.367332
977,DC-1920,item:268967,1141823.734767
978,DC-1920,item:268091,408995.020394
978,DC-1920,item:268967,1141823.734767
979,DC-1920,item:268091,402239.959186
979,DC-1920,item:268967,1141823.734767
980,DC-1920,item:268091,403678.265293
980,DC-1920,item:268967,1141823.734767
981,DC-1920,item:268091,408312.85713
981,DC-1920,item:268967,1141823.734767
982,DC-1920,item:268091,413009.428559
982,DC-1920,item:268967,1141823.734767
983,DC-1920,item:268091,412118.428572
983,DC-1920,item:268967,1141823.734767
984,DC-1920,item:268091,400558.367335
984,DC-1920,item:268967,1141823.734767
985,DC-1920,item:268091,391977.285702
985,DC-1920,item:268967,1141823.734767
986,DC-1920,item:268091,387508.938764
986,DC-1920,item:268967,1141823.734767
987,DC-1920,item:268091,387959.836723
987,DC-1920,item:268967,1141823.734767
988,DC-1920,item:268091,388261.142846
988,DC-1920,item:268967,1141823.734767
989,DC-1920,item:268091,374012.857132
989,DC-1920,item:268967,1141823.734767
990,DC-1920,item:268091,394581.591825
990,DC-1920,item:268967,1141823.734767
991,DC-1920,item:268091,400312.632641
991,DC-1920,item:268967,1141823.734767
992,DC-1920,item:268091,401638.693868
992,DC-1920,item:268967,1141823.734767
993,DC-1920,item:268091,398022.918357
993,DC-1920,item:268967,1136257.918445
994,DC-1920,item:268091,393969.448969
994,DC-1920,item:268967,1125494.795997
995,DC-1920,item:268091,389478.285704
995,DC-1920,item:268967,1114350.44906
996,DC-1920,item:268091,384549.428561
996,DC-1920,item:268967,1102824.877633
997,DC-1920,item:268091,411735.938764
997,DC-1920,item:268967,1102824.877633
998,DC-1920,item:268091,410894.959171
998,DC-1920,item:268967,1102824.877633
999,DC-1920,item:268091,425226.489782
999,DC-1920,item:268967,1102824.877633
1000,DC-1920,item:268091,439626.489782
1000,DC-1920,item:268967,1102824.877633
1001,DC-1920,item:268091,439626.489782
1001,DC-1920,item:268967,1102824.877633
1002,DC-1920,item:268091,444869.530611
1002,DC-1920,item:268967,1102824.877633
1003,DC-1920,item:268091,442231.755097
1003,DC-1920,item:268967,1102824.877633
1004,DC-1920,item:268091,431731.285709
1004,DC-1920,item:268967,1102824.877633
1005,DC-1920,item:268091,421024.918362
1005,DC-1920,item:268967,1102824.877633
1006,DC-1920,item:268091,410112.653055
1006,DC-1920,item:268967,1102824.877633
1007,DC-1920,item:268091,398994.48979
1007,DC-1920,item:268967,1098532.89804
1008,DC-1920,item:268091,396827.387736
1008,DC-1920,item:268967,1092623.408244
1009,DC-1920,item:268091,399697.428552
1009,DC-1920,item:268967,1089447.836734
1010,DC-1920,item:268091,402361.571409
1010,DC-1920,item:268967,1083003.979591
1011,DC-1920,item:268091,405165.89794
1011,DC-1920,item:268967,1082708.877551
1012,DC-1920,item:268091,407818.836716
1012,DC-1920,item:268967,1088508.285715
1013,DC-1920,item:268091,409696.816327
1013,DC-1920,item:268967,1094759.89796
1014,DC-1920,item:268091,398270.551002
1014,DC-1920,item:268967,1095047.775511
1015,DC-1920,item:268091,386069.326512
1015,DC-1920,item:268967,1088954.857142
1016,DC-1920,item:268091,379173.979574
1016,DC-1920,item:268967,1082339.448978
1017,DC-1920,item:268091,381069.979574
1017,DC-1920,item:268967,1081687.775509
1018,DC-1920,item:268091,396883.469369
1018,DC-1920,item:268967,1090220.224491
1019,DC-1920,item:268091,401179.97957
1019,DC-1920,item:268967,1097773.632718
1020,DC-1920,item:268091,388093.244878
1020,DC-1920,item:268967,1099855.918429
1021,DC-1920,item:268091,403642.265287
1021,DC-1920,item:268967,1091299.571492
1022,DC-1920,item:268091,404627.040799
1022,DC-1920,item:268967,1082521.959249
1023,DC-1920,item:268091,391047.571413
1023,DC-1920,item:268967,1075201.163271
1024,DC-1920,item:268091,391703.857129
1024,DC-1920,item:268967,1076215.448924
1025,DC-1920,item:268091,403400.897945
1025,DC-1920,item:268967,1092349.12239
1026,DC-1920,item:268091,430080.693863
1026,DC-1920,item:268967,1107575.387754
1027,DC-1920,item:268091,428543.244883
1027,DC-1920,item:268967,1112581.979651
1028,DC-1920,item:268091,428045.857142
1028,DC-1920,item:268967,1106195.122509
1029,DC-1920,item:268091,421941.061224
1029,DC-1920,item:268967,1100136.408224
1030,DC-1920,item:268091,416831.755102
1030,DC-1920,item:268967,1094405.836795
1031,DC-1920,item:268091,413259.89796
1031,DC-1920,item:268967,1089003.408224
1032,DC-1920,item:268091,406726.000001
1032,DC-1920,item:268967,1086007.428572
1033,DC-1920,item:268091,409708.306108
1033,DC-1920,item:268967,1088188.591777
1034,DC-1920,item:268091,401474.897944
1034,DC-1920,item:268967,1102219.571428
1035,DC-1920,item:268091,400864.632654
1035,DC-1920,item:268967,1092350.571429
1036,DC-1920,item:268091,386459.673456
1036,DC-1920,item:268967,1078010.000001
1037,DC-1920,item:268091,371156.714273
1037,DC-1920,item:268967,1063116.000002
1038,DC-1920,item:268091,413056.857131
1038,DC-1920,item:268967,1056852.000001
1039,DC-1920,item:268091,411498.469376
1039,DC-1920,item:268967,1066814.857219
1040,DC-1920,item:268091,412293.693878
1040,DC-1920,item:268967,1096049.428647
1041,DC-1920,item:268091,413776.244883
1041,DC-1920,item:268967,1130768.571428
1042,DC-1920,item:268091,401012.693863
1042,DC-1920,item:268967,1130768.571428
1043,DC-1920,item:268091,408847.061222
1043,DC-1920,item:268967,1136253.142781
1044,DC-1920,item:268091,406002.571413
1044,DC-1920,item:268967,1136253.142781
1045,DC-1920,item:268091,404455.714272
1045,DC-1920,item:268967,1136253.142781
1046,DC-1920,item:268091,391878.306106
1046,DC-1920,item:268967,1135925.163186
1047,DC-1920,item:268091,387526.918351
1047,DC-1920,item:268967,1128699.34686
1048,DC-1920,item:268091,396301.836719
1048,DC-1920,item:268967,1121292.836657
1049,DC-1920,item:268091,375003.061208
1049,DC-1920,item:268967,1113705.632575
1050,DC-1920,item:268091,366830.59182
1050,DC-1920,item:268967,1105937.734616
1051,DC-1920,item:268091,342984.428555
1051,DC-1920,item:268967,1097989.14278
1052,DC-1920,item:268091,332264.571412
1052,DC-1920,item:268967,1089859.857066
1053,DC-1920,item:268091,336661.979575
1053,DC-1920,item:268967,1085250.795841
1054,DC-1920,item:268091,348318.938758
1054,DC-1920,item:268967,1083935.244898
1055,DC-1920,item:268091,359270.448963
1055,DC-1920,item:268967,1090015.204159
1056,DC-1920,item:268091,370057.510187
1056,DC-1920,item:268967,1093124.306201
1057,DC-1920,item:268091,380680.122432
1057,DC-1920,item:268967,1089168.326533
1058,DC-1920,item:268091,362338.285698
1058,DC-1920,item:268967,1081521.46939
1059,DC-1920,item:268091,372631.999984
1059,DC-1920,item:268967,1071138.183677
1060,DC-1920,item:268091,398869.122433
1060,DC-1920,item:268967,1071639.959263
1061,DC-1920,item:268091,426015.653046
1061,DC-1920,item:268967,1118918.83673
1062,DC-1920,item:268091,482871.591822
1062,DC-1920,item:268967,1118142.142851
1063,DC-1920,item:268091,482871.591822
1063,DC-1920,item:268967,1117723.551013
1064,DC-1920,item:268091,485740.469388
1064,DC-1920,item:268967,1117663.061216
1065,DC-1920,item:268091,485740.469388
1065,DC-1920,item:268967,1117663.061216
1066,DC-1920,item:268091,485351.306122
1066,DC-1920,item:268967,1115490.387747
1067,DC-1920,item:268091,465226.510203
1067,DC-1920,item:268967,1108129.163258
1068,DC-1920,item:268091,444968.918366
1068,DC-1920,item:268967,1100704.14285
1069,DC-1920,item:268091,424578.530611
1069,DC-1920,item:268967,1093215.326524
1070,DC-1920,item:268091,404055.346937
1070,DC-1920,item:268967,1085662.71428
1071,DC-1920,item:268091,383399.367345
1071,DC-1920,item:268967,1078876.163268
1072,DC-1920,item:268091,368570.061224
1072,DC-1920,item:268967,1071195.959187
1073,DC-1920,item:268091,367620.142839
1073,DC-1920,item:268967,1071770.632664
1074,DC-1920,item:268091,363836.102023
1074,DC-1920,item:268967,1106719.30613
1075,DC-1920,item:268091,358734.306105
1075,DC-1920,item:268967,1116151.081713
1076,DC-1920,item:268091,352314.755085
1076,DC-1920,item:268967,1107951.734774
1077,DC-1920,item:268091,344577.448963
1077,DC-1920,item:268967,1096736.510285
1078,DC-1920,item:268091,335522.387739
1078,DC-1920,item:268967,1085165.122531
1079,DC-1920,item:268091,330019.571411
1079,DC-1920,item:268967,1073237.571511
1080,DC-1920,item:268091,320378.999983
1080,DC-1920,item:268967,1065751.346941
1081,DC-1920,item:268091,335884.959167
1081,DC-1920,item:268967,1082120.22441
1082,DC-1920,item:268091,351837.448964
1082,DC-1920,item:268967,1105619.163184
1083,DC-1920,item:268091,368236.469373
1083,DC-1920,item:268967,1125032.938774
1084,DC-1920,item:268091,385082.020394
1084,DC-1920,item:268967,1125032.938774
1085,DC-1920,item:268091,402374.102027
1085,DC-1920,item:268967,1125032.938774
1086,DC-1920,item:268091,420112.714273
1086,DC-1920,item:268967,1125032.938774
1087,DC-1920,item:268091,426153.836737
1087,DC-1920,item:268967,1125032.938774
1088,DC-1920,item:268091,426153.836737
1088,DC-1920,item:268967,1125032.938774
1089,DC-1920,item:268091,426153.836737
1089,DC-1920,item:268967,1125032.938774
1090,DC-1920,item:268091,430538.0
1090,DC-1920,item:268967,1125032.938774
1091,DC-1920,item:268091,434922.163263
1091,DC-1920,item:268967,1125032.938774
1092,DC-1920,item:268091,434922.163263
1092,DC-1920,item:268967,1125032.938774
1093,DC-1920,item:268091,434922.163263
1093,DC-1920,item:268967,1125032.938774
1094,DC-1920,item:268091,434922.163263
1094,DC-1920,item:268967,1125032.938774
1095,DC-1920,item:268091,434922.163263
1095,DC-1920,item:268967,1116555.224483
1096,DC-1920,item:268091,434922.163263
1096,DC-1920,item:268967,1111857.673463
1097,DC-1920,item:268091,434922.163263
1097,DC-1920,item:268967,1106632.428564
1098,DC-1920,item:268091,434922.163263
1098,DC-1920,item:268967,1100879.489789
1099,DC-1920,item:268091,434922.163263
1099,DC-1920,item:268967,1094598.857135
1100,DC-1920,item:268091,434922.163263
1100,DC-1920,item:268967,1084743.959176
1101,DC-1920,item:268091,434922.163263
1101,DC-1920,item:268967,1072281.734692
1102,DC-1920,item:268091,434922.163263
1102,DC-1920,item:268967,1081707.979598
1103,DC-1920,item:268091,434922.163263
1103,DC-1920,item:268967,1079923.102047
1104,DC-1920,item:268091,434922.163263
1104,DC-1920,item:268967,1084617.938775
1105,DC-1920,item:268091,434922.163263
1105,DC-1920,item:268967,1097243.449055
1106,DC-1920,item:268091,434922.163263
1106,DC-1920,item:268967,1111782.244974
1107,DC-1920,item:268091,434922.163263
1107,DC-1920,item:268967,1114291.775511
1108,DC-1920,item:268091,422640.734683
1108,DC-1920,item:268967,1113997.510205
1109,DC-1920,item:268091,408705.87754
1109,DC-1920,item:268967,1113997.510205
1110,DC-1920,item:268091,397755.32652
1110,DC-1920,item:268967,1110391.408164
1111,DC-1920,item:268091,389565.346919
1111,DC-1920,item:268967,1106097.77551
1112,DC-1920,item:268091,391784.551001
1112,DC-1920,item:268967,1101287.469387
1113,DC-1920,item:268091,393388.632634
1113,DC-1920,item:268967,1096514.489796
1114,DC-1920,item:268091,408777.591818
1114,DC-1920,item:268967,1091778.836735
1115,DC-1920,item:268091,391039.571406
1115,DC-1920,item:268967,1087327.040817
1116,DC-1920,item:268091,379105.5102
1116,DC-1920,item:268967,1087685.551021
1117,DC-1920,item:268091,376347.897937
1117,DC-1920,item:268967,1093214.510204
1118,DC-1920,item:268091,382130.551
1118,DC-1920,item:268967,1098277.469388
1119,DC-1920,item:268091,388104.102022
1119,DC-1920,item:268967,1098347.979592
1120,DC-1920,item:268091,394268.551003
1120,DC-1920,item:268967,1092625.285714
1121,DC-1920,item:268091,386223.897943
1121,DC-1920,item:268967,1085965.204083
1122,DC-1920,item:268091,392770.142843
1122,DC-1920,item:268967,1079160.306125
1123,DC-1920,item:268091,413907.285702
1123,DC-1920,item:268967,1084305.326536
1124,DC-1920,item:268091,419880.836721
1124,DC-1920,item:268967,1107561.0
1125,DC-1920,item:268091,420549.510203
1125,DC-1920,item:268967,1104526.836732
1126,DC-1920,item:268091,414608.306132
1126,DC-1920,item:268967,1098140.734692
1127,DC-1920,item:268091,409765.081614
1127,DC-1920,item:268967,1091909.979589
1128,DC-1920,item:268091,401847.693857
1128,DC-1920,item:268967,1085834.571426
1129,DC-1920,item:268091,408457.571406
1129,DC-1920,item:268967,1083307.77551
1130,DC-1920,item:268091,400794.714261
1130,DC-1920,item:268967,1087167.081634
1131,DC-1920,item:268091,410749.63265
1131,DC-1920,item:268967,1092263.244974
1132,DC-1920,item:268091,404422.551001
1132,DC-1920,item:268967,1095523.510278
1133,DC-1920,item:268091,405602.387736
1133,DC-1920,item:268967,1094110.387753
1134,DC-1920,item:268091,407122.836716
1134,DC-1920,item:268967,1089788.265233
1135,DC-1920,item:268091,406299.34694
1135,DC-1920,item:268967,1077763.63258
1136,DC-1920,item:268091,396785.571411
1136,DC-1920,item:268967,1082158.122524
1137,DC-1920,item:268091,396627.571411
1137,DC-1920,item:268967,1069271.408239
1138,DC-1920,item:268091,384708.469371
1138,DC-1920,item:268967,1074422.938776
1139,DC-1920,item:268091,369063.122433
1139,DC-1920,item:268967,1092369.040742
1140,DC-1920,item:268091,366791.816311
1140,DC-1920,item:268967,1116620.550944
1141,DC-1920,item:268091,377894.551005
1141,DC-1920,item:268967,1122405.183669
1142,DC-1920,item:268091,373571.326515
1142,DC-1920,item:268967,1117540.959179
1143,DC-1920,item:268091,353822.142842
1143,DC-1920,item:268967,1113015.632648
1144,DC-1920,item:268091,357306.999982
1144,DC-1920,item:268967,1108829.204076
1145,DC-1920,item:268091,358854.795901
1145,DC-1920,item:268967,1104506.224484
1146,DC-1920,item:268091,374895.244882
1146,DC-1920,item:268967,1099886.2653
1147,DC-1920,item:268091,362228.346924
1147,DC-1920,item:268967,1094969.326524
1148,DC-1920,item:268091,364054.102027
1148,DC-1920,item:268967,1085861.122442
1149,DC-1920,item:268091,365972.510191
1149,DC-1920,item:268967,1077386.387754
1150,DC-1920,item:268091,367983.571417
1150,DC-1920,item:268967,1073531.612249
1151,DC-1920,item:268091,370087.285704
1151,DC-1920,item:268967,1070897.714356
1152,DC-1920,item:268091,375752.632642
1152,DC-1920,item:268967,1089686.102041
1153,DC-1920,item:268091,381741.897948
1153,DC-1920,item:268967,1106499.38775
1154,DC-1920,item:268091,388055.081621
1154,DC-1920,item:268967,1116807.979588
1155,DC-1920,item:268091,394692.183661
1155,DC-1920,item:268967,1115740.673466
1156,DC-1920,item:268091,401653.204068
1156,DC-1920,item:268967,1111368.897956
1157,DC-1920,item:268091,423338.142843
1157,DC-1920,item:268967,1107358.938773
1158,DC-1920,item:268091,416546.999985
1158,DC-1920,item:268967,1103710.795916
1159,DC-1920,item:268091,409096.20408
1159,DC-1920,item:268967,1098726.53061
1160,DC-1920,item:268091,409013.163278
1160,DC-1920,item:268967,1093434.42857
1161,DC-1920,item:268091,409098.306108
1161,DC-1920,item:268967,1087834.489794
1162,DC-1920,item:268091,413750.448952
1162,DC-1920,item:268967,1081926.714285
1163,DC-1920,item:268091,403585.122435
1163,DC-1920,item:268967,1080598.244896
1164,DC-1920,item:268091,400712.183686
1164,DC-1920,item:268967,1070415.510202
1165,DC-1920,item:268091,405294.183686
1165,DC-1920,item:268967,1087939.632654
1166,DC-1920,item:268091,392701.367359
1166,DC-1920,item:268967,1084982.551022
1167,DC-1920,item:268091,394218.591849
1167,DC-1920,item:268967,1105706.898032
1168,DC-1920,item:268091,417048.102026
1168,DC-1920,item:268967,1116774.020482
1169,DC-1920,item:268091,403585.408148
1169,DC-1920,item:268967,1114461.693953
1170,DC-1920,item:268091,390149.918366
1170,DC-1920,item:268967,1112364.285791
1171,DC-1920,item:268091,389597.204095
1171,DC-1920,item:268967,1110481.795996
1172,DC-1920,item:268091,375857.571412
1172,DC-1920,item:268967,1108814.224569
1173,DC-1920,item:268091,395658.571412
1173,DC-1920,item:268967,1104510.347017
1174,DC-1920,item:268091,383324.999983
1174,DC-1920,item:268967,1100231.306199
1175,DC-1920,item:268091,384399.285697
1175,DC-1920,item:268967,1095671.8164
1176,DC-1920,item:268091,385371.285697
1176,DC-1920,item:268967,1090935.020481
1177,DC-1920,item:268091,386240.999983
1177,DC-1920,item:268967,1087525.755098
1178,DC-1920,item:268091,387008.428554
1178,DC-1920,item:268967,1088700.816249
1179,DC-1920,item:268091,402073.571411
1179,DC-1920,item:268967,1093334.816252
1180,DC-1920,item:268091,397069.591819
1180,DC-1920,item:268967,1095945.795921
1181,DC-1920,item:268091,392552.204063
1181,DC-1920,item:268967,1093899.959261
1182,DC-1920,item:268091,402921.408144
1182,DC-1920,item:268967,1088322.693954
1183,DC-1920,item:268091,428177.204062
1183,DC-1920,item:268967,1084695.959183
1184,DC-1920,item:268091,439519.591817
1184,DC-1920,item:268967,1086551.183599
1185,DC-1920,item:268091,436948.571408
1185,DC-1920,item:268967,1091937.836662
1186,DC-1920,item:268091,434864.142836
1186,DC-1920,item:268967,1086116.836663
1187,DC-1920,item:268091,430565.387734
1187,DC-1920,item:268967,1097524.020485
1188,DC-1920,item:268091,424741.448961
1188,DC-1920,item:268967,1091199.224567
1189,DC-1920,item:268091,412629.897941
1189,DC-1920,item:268967,1096714.775583
1190,DC-1920,item:268091,400824.877533
1190,DC-1920,item:268967,1094213.877549
1191,DC-1920,item:268091,403726.387737
1191,DC-1920,item:268967,1087609.959182
1192,DC-1920,item:268091,392534.428554
1192,DC-1920,item:268967,1080913.0
1193,DC-1920,item:268091,396048.999983
1193,DC-1920,item:268967,1074123.000001
1194,DC-1920,item:268091,400718.408147
1194,DC-1920,item:268967,1090315.857224
1195,DC-1920,item:268091,404490.653045
1195,DC-1920,item:268967,1110936.857224
1196,DC-1920,item:268091,407365.734678
1196,DC-1920,item:268967,1122155.0
1197,DC-1920,item:268091,409343.653046
1197,DC-1920,item:268967,1122155.0
1198,DC-1920,item:268091,399243.469388
1198,DC-1920,item:268967,1122155.0
1199,DC-1920,item:268091,374549.204082
1199,DC-1920,item:268967,1122155.0
1200,DC-1920,item:268091,361257.428555
1200,DC-1920,item:268967,1122155.0
1201,DC-1920,item:268091,362074.38774
1201,DC-1920,item:268967,1122155.0
1202,DC-1920,item:268091,373038.020394
1202,DC-1920,item:268967,1122155.0
1203,DC-1920,item:268091,384601.326518
1203,DC-1920,item:268967,1122155.0
1204,DC-1920,item:268091,396764.30611
1204,DC-1920,item:268967,1122155.0
1205,DC-1920,item:268091,423926.959172
1205,DC-1920,item:268967,1122155.0
1206,DC-1920,item:268091,422889.285704
1206,DC-1920,item:268967,1122155.0
1207,DC-1920,item:268091,422451.285705
1207,DC-1920,item:268967,1122155.0
1208,DC-1920,item:268091,429062.326533
1208,DC-1920,item:268967,1122155.0
1209,DC-1920,item:268091,438326.959172
1209,DC-1920,item:268967,1122155.0
1210,DC-1920,item:268091,438326.959172
1210,DC-1920,item:268967,1122155.0
1211,DC-1920,item:268091,438326.959172
1211,DC-1920,item:268967,1122155.0
1212,DC-1920,item:268091,438326.959172
1212,DC-1920,item:268967,1122155.0
1213,DC-1920,item:268091,438326.959172
1213,DC-1920,item:268967,1122155.0
1214,DC-1920,item:268091,438326.959172
1214,DC-1920,item:268967,1122155.0
1215,DC-1920,item:268091,438326.959172
1215,DC-1920,item:268967,1122155.0
1216,DC-1920,item:268091,436507.081612
1216,DC-1920,item:268967,1122155.0
1217,DC-1920,item:268091,426113.775489
1217,DC-1920,item:268967,1122155.0
1218,DC-1920,item:268091,415691.65304
1218,DC-1920,item:268967,1122155.0
1219,DC-1920,item:268091,405240.714264
1219,DC-1920,item:268967,1122155.0
1220,DC-1920,item:268091,399185.183672
1220,DC-1920,item:268967,1122155.0
1221,DC-1920,item:268091,397176.714265
1221,DC-1920,item:268967,1122155.0
1222,DC-1920,item:268091,400416.530591
1222,DC-1920,item:268967,1122155.0
1223,DC-1920,item:268091,402822.87753
1223,DC-1920,item:268967,1122155.0
1224,DC-1920,item:268091,418795.755081
1224,DC-1920,item:268967,1122155.0
1225,DC-1920,item:268091,405135.163244
1225,DC-1920,item:268967,1122155.0
1226,DC-1920,item:268091,390641.102019
1226,DC-1920,item:268967,1122155.0
1227,DC-1920,item:268091,387055.816326
1227,DC-1920,item:268967,1122155.0
1228,DC-1920,item:268091,387952.571407
1228,DC-1920,item:268967,1122155.0
1229,DC-1920,item:268091,376836.734672
1229,DC-1920,item:268967,1122155.0
1230,DC-1920,item:268091,380118.061203
1230,DC-1920,item:268967,1122155.0
1231,DC-1920,item:268091,368996.550999
1231,DC-1920,item:268967,1122155.0
1232,DC-1920,item:268091,401072.20406
1232,DC-1920,item:268967,1122155.0
1233,DC-1920,item:268091,404345.020386
1233,DC-1920,item:268967,1122155.0
1234,DC-1920,item:268091,393214.999978
1234,DC-1920,item:268967,1121966.857145
1235,DC-1920,item:268091,410882.142835
1235,DC-1920,item:268967,1114387.571431
1236,DC-1920,item:268091,401527.387733
1236,DC-1920,item:268967,1114387.571431
1237,DC-1920,item:268091,400583.306123
1237,DC-1920,item:268967,1114387.571431
1238,DC-1920,item:268091,394414.326508
1238,DC-1920,item:268967,1114387.571431
1239,DC-1920,item:268091,396465.734671
1239,DC-1920,item:268967,1114387.571431
1240,DC-1920,item:268091,398404.816304
1240,DC-1920,item:268967,1114387.571431
1241,DC-1920,item:268091,400231.571407
1241,DC-1920,item:268967,1114387.571431
1242,DC-1920,item:268091,387545.999979
1242,DC-1920,item:268967,1114387.571431
1243,DC-1920,item:268091,394841.367327
1243,DC-1920,item:268967,1114387.571431
1244,DC-1920,item:268091,402403.959165
1244,DC-1920,item:268967,1114387.571431
1245,DC-1920,item:268091,439033.775492
1245,DC-1920,item:268967,1114387.571431
1246,DC-1920,item:268091,432730.81631
1246,DC-1920,item:268967,1114387.571431
1247,DC-1920,item:268091,426695.081617
1247,DC-1920,item:268967,1114387.571431
1248,DC-1920,item:268091,420926.571414
1248,DC-1920,item:268967,1114387.571431
1249,DC-1920,item:268091,415425.285701
1249,DC-1920,item:268967,1114387.571431
1250,DC-1920,item:268091,414923.428573
1250,DC-1920,item:268967,1107648.836736
1251,DC-1920,item:268091,410905.163266
1251,DC-1920,item:268967,1083179.224491
1252,DC-1920,item:268091,419931.489764
1252,DC-1920,item:268967,1058317.877552
1253,DC-1920,item:268091,419968.816309
1253,DC-1920,item:268967,1033064.79592
1254,DC-1920,item:268091,415008.408175
1254,DC-1920,item:268967,1068990.87755
1255,DC-1920,item:268091,407082.408192
1255,DC-1920,item:268967,1042954.32653
1256,DC-1920,item:268091,404769.836751
1256,DC-1920,item:268967,1023424.34694
1257,DC-1920,item:268091,390796.938792
1257,DC-1920,item:268967,1026907.714369
1258,DC-1920,item:268091,393499.306105
1258,DC-1920,item:268967,1071588.796001
1259,DC-1920,item:268091,378405.469371
1259,DC-1920,item:268967,1061596.510287
1260,DC-1920,item:268091,391551.163249
1260,DC-1920,item:268967,1020764.796001
1261,DC-1920,item:268091,389736.387739
1261,DC-1920,item:268967,1070183.408081
1262,DC-1920,item:268091,387361.142842
1262,DC-1920,item:268967,1007601.265224
1263,DC-1920,item:268091,384425.428557
1263,DC-1920,item:268967,981964.61208
1264,DC-1920,item:268091,389600.102026
1264,DC-1920,item:268967,996937.000084
1265,DC-1920,item:268091,394413.020393
1265,DC-1920,item:268967,1050932.245147
1266,DC-1920,item:268091,395346.755088
1266,DC-1920,item:268967,1104737.000084
1267,DC-1920,item:268091,406755.020395
1267,DC-1920,item:268967,1155338.754937
1268,DC-1920,item:268091,395392.775512
1268,DC-1920,item:268967,1155338.754937
1269,DC-1920,item:268091,377277.530615
1269,DC-1920,item:268967,1155338.754937
1270,DC-1920,item:268091,366809.285704
1270,DC-1920,item:268967,1155338.754937
1271,DC-1920,item:268091,377544.408152
1271,DC-1920,item:268967,1155338.754937
1272,DC-1920,item:268091,374529.367334
1272,DC-1920,item:268967,1155338.754937
1273,DC-1920,item:268091,415364.16325
1273,DC-1920,item:268967,1155338.754937
1274,DC-1920,item:268091,413648.795902
1274,DC-1920,item:268967,1155338.754937
1275,DC-1920,item:268091,425391.897954
1275,DC-1920,item:268967,1155338.754937
1276,DC-1920,item:268091,425176.14284
1276,DC-1920,item:268967,1155338.754937
1277,DC-1920,item:268091,419191.285696
1277,DC-1920,item:268967,1155338.754937
1278,DC-1920,item:268091,411749.408145
1278,DC-1920,item:268967,1155338.754937
1279,DC-1920,item:268091,414388.367326
1279,DC-1920,item:268967,1155338.754937
1280,DC-1920,item:268091,411627.7551
1280,DC-1920,item:268967,1155338.754937
1281,DC-1920,item:268091,398469.530611
1281,DC-1920,item:268967,1155338.754937
1282,DC-1920,item:268091,391003.550997
1282,DC-1920,item:268967,1155338.754937
1283,DC-1920,item:268091,377368.142834
1283,DC-1920,item:268967,1155338.754937
1284,DC-1920,item:268091,392294.142834
1284,DC-1920,item:268967,1155338.754937
1285,DC-1920,item:268091,403297.061202
1285,DC-1920,item:268967,1155338.754937
1286,DC-1920,item:268091,400375.755081
1286,DC-1920,item:268967,1155338.754937
1287,DC-1920,item:268091,405599.938758
1287,DC-1920,item:268967,1155338.754937
1288,DC-1920,item:268091,408015.755085
1288,DC-1920,item:268967,1155338.754937
1289,DC-1920,item:268091,410907.346922
1289,DC-1920,item:268967,1155338.754937
1290,DC-1920,item:268091,424812.775512
1290,DC-1920,item:268967,1155338.754937
1291,DC-1920,item:268091,414255.91837
1291,DC-1920,item:268967,1155338.754937
1292,DC-1920,item:268091,405613.489798
1292,DC-1920,item:268967,1155338.754937
1293,DC-1920,item:268091,405603.367329
1293,DC-1920,item:268967,1155338.754937
1294,DC-1920,item:268091,403725.999984
1294,DC-1920,item:268967,1155338.754937
1295,DC-1920,item:268091,401872.142843
1295,DC-1920,item:268967,1155338.754937
1296,DC-1920,item:268091,390926.571415
1296,DC-1920,item:268967,1155338.754937
1297,DC-1920,item:268091,379026.142844
1297,DC-1920,item:268967,1155338.754937
1298,DC-1920,item:268091,351770.85713
1298,DC-1920,item:268967,1155338.754937
1299,DC-1920,item:268091,365568.673455
1299,DC-1920,item:268967,1155338.754937
1300,DC-1920,item:268091,394368.673455
1300,DC-1920,item:268967,1150438.081473
1301,DC-1920,item:268091,394368.673455
1301,DC-1920,item:268967,1144227.122289
1302,DC-1920,item:268091,408768.673455
1302,DC-1920,item:268967,1138278.367186
1303,DC-1920,item:268091,437568.673455
1303,DC-1920,item:268967,1132591.816165
1304,DC-1920,item:268091,437568.673455
1304,DC-1920,item:268967,1127167.469226
1305,DC-1920,item:268091,437568.673455
1305,DC-1920,item:268967,1122005.326368
1306,DC-1920,item:268091,437568.673455
1306,DC-1920,item:268967,1122005.326368
1307,DC-1920,item:268091,437568.673455
1307,DC-1920,item:268967,1122005.326368
1308,DC-1920,item:268091,437568.673455
1308,DC-1920,item:268967,1122005.326368
1309,DC-1920,item:268091,437568.673455
1309,DC-1920,item:268967,1122005.326368
1310,DC-1920,item:268091,437568.673455
1310,DC-1920,item:268967,1122005.326368
1311,DC-1920,item:268091,437568.673455
1311,DC-1920,item:268967,1122005.326368
1312,DC-1920,item:268091,437568.673455
1312,DC-1920,item:268967,1122005.326368
1313,DC-1920,item:268091,437568.673455
1313,DC-1920,item:268967,1122005.326368
1314,DC-1920,item:268091,437568.673455
1314,DC-1920,item:268967,1122005.326368
1315,DC-1920,item:268091,437568.673455
1315,DC-1920,item:268967,1122005.326368
1316,DC-1920,item:268091,434742.285693
1316,DC-1920,item:268967,1122005.326368
1317,DC-1920,item:268091,428608.285693
1317,DC-1920,item:268967,1122005.326368
1318,DC-1920,item:268091,422309.714265
1318,DC-1920,item:268967,1122005.326368
1319,DC-1920,item:268091,415846.571408
1319,DC-1920,item:268967,1122005.326368
1320,DC-1920,item:268091,406472.102041
1320,DC-1920,item:268967,1122005.326368
1321,DC-1920,item:268091,403368.877572
1321,DC-1920,item:268967,1122005.326368
1322,DC-1920,item:268091,392010.040837
1322,DC-1920,item:268967,1122005.326368
1323,DC-1920,item:268091,399265.87753
1323,DC-1920,item:268967,1122005.326368
1324,DC-1920,item:268091,416652.387734
1324,DC-1920,item:268967,1116734.346778
1325,DC-1920,item:268091,405211.571408
1325,DC-1920,item:268967,1103458.183513
1326,DC-1920,item:268091,396215.551021
1326,DC-1920,item:268967,1089819.612085
1327,DC-1920,item:268091,397767.183653
1327,DC-1920,item:268967,1088164.856982
1328,DC-1920,item:268091,386538.693857
1328,DC-1920,item:268967,1085409.203921
1329,DC-1920,item:268091,403257.959163
1329,DC-1920,item:268967,1094103.367349
1330,DC-1920,item:268091,404724.979571
1330,DC-1920,item:268967,1073647.428572
1331,DC-1920,item:268091,405339.755081
1331,DC-1920,item:268967,1061049.32669
1332,DC-1920,item:268091,399030.897958
1332,DC-1920,item:268967,1040310.918523
1333,DC-1920,item:268091,377342.571406
1333,DC-1920,item:268967,1013796.632807
1334,DC-1920,item:268091,369821.836712
1334,DC-1920,item:268967,1029968.81632
1335,DC-1920,item:268091,374869.714264
1335,DC-1920,item:268967,1099703.795847
1336,DC-1920,item:268091,384331.591815
1336,DC-1920,item:268967,1146280.71437
1337,DC-1920,item:268091,391962.081611
1337,DC-1920,item:268967,1148110.918523
1338,DC-1920,item:268091,399842.97957
1338,DC-1920,item:268967,1148110.918523
1339,DC-1920,item:268091,393574.285693
1339,DC-1920,item:268967,1148110.918523
1340,DC-1920,item:268091,416355.999979
1340,DC-1920,item:268967,1148110.918523
1341,DC-1920,item:268091,422161.693857
1341,DC-1920,item:268967,1148110.918523
1342,DC-1920,item:268091,421793.081634
1342,DC-1920,item:268967,1148110.918523
1343,DC-1920,item:268091,411916.734696
1343,DC-1920,item:268967,1148110.918523
1344,DC-1920,item:268091,402027.36735
1344,DC-1920,item:268967,1148110.918523
1345,DC-1920,item:268091,398436.265288
1345,DC-1920,item:268967,1148110.918523
1346,DC-1920,item:268091,403070.857125
1346,DC-1920,item:268967,1148110.918523
1347,DC-1920,item:268091,407767.428554
1347,DC-1920,item:268967,1148110.918523
1348,DC-1920,item:268091,408816.69386
1348,DC-1920,item:268967,1148110.918523
1349,DC-1920,item:268091,409716.36733
1349,DC-1920,item:268967,1148110.918523
1350,DC-1920,item:268091,396066.448963
1350,DC-1920,item:268967,1148110.918523
1351,DC-1920,item:268091,389588.244899
1351,DC-1920,item:268967,1148110.918523
1352,DC-1920,item:268091,382717.836718
1352,DC-1920,item:268967,1148110.918523
1353,DC-1920,item:268091,383019.142841
1353,DC-1920,item:268967,1148110.918523
1354,DC-1920,item:268091,397570.857127
1354,DC-1920,item:268967,1148110.918523
1355,DC-1920,item:268091,403739.59182
1355,DC-1920,item:268967,1148110.918523
1356,DC-1920,item:268091,395070.632636
1356,DC-1920,item:268967,1148110.918523
1357,DC-1920,item:268091,396396.693863
1357,DC-1920,item:268967,1148110.918523
1358,DC-1920,item:268091,392780.918352
1358,DC-1920,item:268967,1142545.102201
1359,DC-1920,item:268091,403127.448964
1359,DC-1920,item:268967,1131781.979753
1360,DC-1920,item:268091,384236.285699
1360,DC-1920,item:268967,1120637.632816
1361,DC-1920,item:268091,373864.510204
1361,DC-1920,item:268967,1109112.061389
1362,DC-1920,item:268091,377693.938759
1362,DC-1920,item:268967,1109112.061389
1363,DC-1920,item:268091,391252.959166
1363,DC-1920,item:268967,1109112.061389
1364,DC-1920,item:268091,405584.489777
1364,DC-1920,item:268967,1109112.061389
1365,DC-1920,item:268091,419984.489777
1365,DC-1920,item:268967,1109112.061389
1366,DC-1920,item:268091,444938.0
1366,DC-1920,item:268967,1109112.061389
1367,DC-1920,item:268091,444938.0
1367,DC-1920,item:268967,1109112.061389
1368,DC-1920,item:268091,442300.224486
1368,DC-1920,item:268967,1109112.061389
1369,DC-1920,item:268091,431799.755098
1369,DC-1920,item:268967,1109112.061389
1370,DC-1920,item:268091,421093.387751
1370,DC-1920,item:268967,1109112.061389
1371,DC-1920,item:268091,410181.122444
1371,DC-1920,item:268967,1109112.061389
1372,DC-1920,item:268091,399062.959179
1372,DC-1920,item:268967,1104820.081796
1373,DC-1920,item:268091,391585.387731
1373,DC-1920,item:268967,1098910.592
1374,DC-1920,item:268091,394455.428547
1374,DC-1920,item:268967,1092733.91853
1375,DC-1920,item:268091,397119.571404
1375,DC-1920,item:268967,1088913.469387
1376,DC-1920,item:268091,399923.897935
1376,DC-1920,item:268967,1082708.877551
1377,DC-1920,item:268091,402576.836711
1377,DC-1920,item:268967,1095219.326531
1378,DC-1920,item:268091,405078.387731
1378,DC-1920,item:268967,1088850.408164
1379,DC-1920,item:268091,407428.550997
1379,DC-1920,item:268967,1082427.244898
1380,DC-1920,item:268091,408788.489796
1380,DC-1920,item:268967,1075894.0
1381,DC-1920,item:268091,396435.877551
1381,DC-1920,item:268967,1088248.938774
1382,DC-1920,item:268091,393480.163265
1382,DC-1920,item:268967,1100658.122447
1383,DC-1920,item:268091,385950.918368
1383,DC-1920,item:268967,1103281.081632
1384,DC-1920,item:268091,395937.979565
1384,DC-1920,item:268967,1099013.122449
1385,DC-1920,item:268091,382851.244873
1385,DC-1920,item:268967,1093828.326528
1386,DC-1920,item:268091,398400.265282
1386,DC-1920,item:268967,1085271.979591
1387,DC-1920,item:268091,384985.040794
1387,DC-1920,item:268967,1086720.918371
1388,DC-1920,item:268091,385805.571408
1388,DC-1920,item:268967,1077722.040822
1389,DC-1920,item:268091,386461.857124
1389,DC-1920,item:268967,1074537.367353
1390,DC-1920,item:268091,398158.89794
1390,DC-1920,item:268967,1096849.571526
1391,DC-1920,item:268091,424838.693858
1391,DC-1920,item:268967,1095977.428669
1392,DC-1920,item:268091,437701.244878
1392,DC-1920,item:268967,1096483.57143
1393,DC-1920,item:268091,436746.551
1393,DC-1920,item:268967,1094781.142761
1394,DC-1920,item:268091,434220.857142
1394,DC-1920,item:268967,1088722.428476
1395,DC-1920,item:268091,427574.10204
1395,DC-1920,item:268967,1085430.285715
1396,DC-1920,item:268091,421510.10204
1396,DC-1920,item:268967,1086780.714382
1397,DC-1920,item:268091,414976.204081
1397,DC-1920,item:268967,1082387.142954
1398,DC-1920,item:268091,408045.408163
1398,DC-1920,item:268967,1077440.142954
1399,DC-1920,item:268091,410632.897939
1399,DC-1920,item:268967,1096043.857047
1400,DC-1920,item:268091,410523.734675
1400,DC-1920,item:268967,1115694.856951
1401,DC-1920,item:268091,410017.673451
1401,DC-1920,item:268967,1101354.285523
1402,DC-1920,item:268091,394714.714268
1402,DC-1920,item:268967,1086460.285524
1403,DC-1920,item:268091,379014.857126
1403,DC-1920,item:268967,1071012.856953
1404,DC-1920,item:268091,391856.469371
1404,DC-1920,item:268967,1071012.856953
1405,DC-1920,item:268091,405270.408146
1405,DC-1920,item:268967,1086266.285906
1406,DC-1920,item:268091,422934.244878
1406,DC-1920,item:268967,1107828.857246
1407,DC-1920,item:268091,410170.693858
1407,DC-1920,item:268967,1123096.57134
1408,DC-1920,item:268091,397979.469368
1408,DC-1920,item:268967,1123096.57134
1409,DC-1920,item:268091,393964.32653
1409,DC-1920,item:268967,1123096.57134
1410,DC-1920,item:268091,389713.999979
1410,DC-1920,item:268967,1123096.57134
1411,DC-1920,item:268091,386636.306101
1411,DC-1920,item:268967,1122768.591746
1412,DC-1920,item:268091,382284.918346
1412,DC-1920,item:268967,1115542.77542
1413,DC-1920,item:268091,376659.836714
1413,DC-1920,item:268967,1108136.265216
1414,DC-1920,item:268091,369761.061203
1414,DC-1920,item:268967,1100549.061135
1415,DC-1920,item:268091,361588.591815
1415,DC-1920,item:268967,1092781.163176
1416,DC-1920,item:268091,352142.42855
1416,DC-1920,item:268967,1084832.571339
1417,DC-1920,item:268091,355822.571407
1417,DC-1920,item:268967,1077688.224491
1418,DC-1920,item:268091,345819.97957
1418,DC-1920,item:268967,1081832.00009
1419,DC-1920,item:268091,357476.938753
1419,DC-1920,item:268967,1092688.081722
1420,DC-1920,item:268091,368428.448958
1420,DC-1920,item:268967,1102186.836734
1421,DC-1920,item:268091,350415.510182
1421,DC-1920,item:268967,1096543.101952
1422,DC-1920,item:268091,389838.122427
1422,DC-1920,item:268967,1086662.510116
1423,DC-1920,item:268091,400296.285693
1423,DC-1920,item:268967,1076530.571342
1424,DC-1920,item:268091,381789.999979
1424,DC-1920,item:268967,1071138.183677
1425,DC-1920,item:268091,385504.632611
1425,DC-1920,item:268967,1069645.285717
1426,DC-1920,item:268091,420773.653041
1426,DC-1920,item:268967,1103394.510291
1427,DC-1920,item:268091,448829.591817
1427,DC-1920,item:268967,1110742.469491
1428,DC-1920,item:268091,456940.469388
1428,DC-1920,item:268967,1110323.877653
1429,DC-1920,item:268091,456940.469388
1429,DC-1920,item:268967,1110263.387856
1430,DC-1920,item:268091,456940.469388
1430,DC-1920,item:268967,1110263.387856
1431,DC-1920,item:268091,456551.306122
1431,DC-1920,item:268967,1108090.714387
1432,DC-1920,item:268091,436426.510203
1432,DC-1920,item:268967,1100729.489898
1433,DC-1920,item:268091,416168.918366
1433,DC-1920,item:268967,1093304.46949
1434,DC-1920,item:268091,395778.530611
1434,DC-1920,item:268967,1086620.163267
1435,DC-1920,item:268091,375255.346937
1435,DC-1920,item:268967,1079067.551022
1436,DC-1920,item:268091,368968.448979
1436,DC-1920,item:268967,1071451.14286
1437,DC-1920,item:268091,354499.714263
1437,DC-1920,item:268967,1093662.408164
1438,DC-1920,item:268091,347978.142834
1438,DC-1920,item:268967,1100832.244899
1439,DC-1920,item:268091,344194.102018
1439,DC-1920,item:268967,1098273.040817
1440,DC-1920,item:268091,339092.3061
1440,DC-1920,item:268967,1095166.285716
1441,DC-1920,item:268091,332672.75508
1441,DC-1920,item:268967,1090738.265306
1442,DC-1920,item:268091,324935.448958
1442,DC-1920,item:268967,1079523.040817
1443,DC-1920,item:268091,344680.387734
1443,DC-1920,item:268967,1070548.040818
1444,DC-1920,item:268091,339177.571406
1444,DC-1920,item:268967,1069416.224492
1445,DC-1920,item:268091,300736.999978
1445,DC-1920,item:268967,1076547.081635
1446,DC-1920,item:268091,316242.959162
1446,DC-1920,item:268967,1096737.306123
1447,DC-1920,item:268091,332195.448959
1447,DC-1920,item:268967,1101967.857253
1448,DC-1920,item:268091,348594.469368
1448,DC-1920,item:268967,1106764.55113
1449,DC-1920,item:268091,336640.020389
1449,DC-1920,item:268967,1106764.55113
1450,DC-1920,item:268091,382732.102022
1450,DC-1920,item:268967,1106764.55113
1451,DC-1920,item:268091,371670.714268
1451,DC-1920,item:268967,1106764.55113
1452,DC-1920,item:268091,389855.857126
1452,DC-1920,item:268967,1106764.55113
1453,DC-1920,item:268091,418655.857126
1453,DC-1920,item:268967,1106764.55113
1454,DC-1920,item:268091,447455.857126
1454,DC-1920,item:268967,1106764.55113
1455,DC-1920,item:268091,488138.0
1455,DC-1920,item:268967,1106764.55113
1456,DC-1920,item:268091,488138.0
1456,DC-1920,item:268967,1106764.55113
1457,DC-1920,item:268091,488138.0
1457,DC-1920,item:268967,1106764.55113
1458,DC-1920,item:268091,488138.0
1458,DC-1920,item:268967,1106764.55113
1459,DC-1920,item:268091,488138.0
1459,DC-1920,item:268967,1106764.55113
1460,DC-1920,item:268091,488138.0
1460,DC-1920,item:268967,1098286.836839
1461,DC-1920,item:268091,488138.0
1461,DC-1920,item:268967,1093589.285818
1462,DC-1920,item:268091,488138.0
1462,DC-1920,item:268967,1088364.04092
1463,DC-1920,item:268091,488138.0
1463,DC-1920,item:268967,1082611.102144
1464,DC-1920,item:268091,488138.0
1464,DC-1920,item:268967,1084275.183673
1465,DC-1920,item:268091,488138.0
1465,DC-1920,item:268967,1087590.244793
1466,DC-1920,item:268091,488138.0
1466,DC-1920,item:268967,1088698.856934
1467,DC-1920,item:268091,488138.0
1467,DC-1920,item:268967,1079143.285609
1468,DC-1920,item:268091,488138.0
1468,DC-1920,item:268967,1077358.408058
1469,DC-1920,item:268091,488138.0
1469,DC-1920,item:268967,1075871.652956
1470,DC-1920,item:268091,488138.0
1470,DC-1920,item:268967,1074683.020303
1471,DC-1920,item:268091,488138.0
1471,DC-1920,item:268967,1097968.102041
1472,DC-1920,item:268091,488138.0
1472,DC-1920,item:268967,1114383.836732
1473,DC-1920,item:268091,475856.57142
1473,DC-1920,item:268967,1139155.673572
1474,DC-1920,item:268091,461921.714277
1474,DC-1920,item:268967,1139155.673572
1475,DC-1920,item:268091,450971.163257
1475,DC-1920,item:268967,1135549.571531
1476,DC-1920,item:268091,439405.489788
1476,DC-1920,item:268967,1131255.938877
1477,DC-1920,item:268091,427224.69387
1477,DC-1920,item:268967,1126445.632754
1478,DC-1920,item:268091,414428.775503
1478,DC-1920,item:268967,1121672.653163
1479,DC-1920,item:268091,401017.734687
1479,DC-1920,item:268967,1116937.000102
1480,DC-1920,item:268091,386593.020405
1480,DC-1920,item:268967,1112238.673571
1481,DC-1920,item:268091,394314.142829
1481,DC-1920,item:268967,1107577.673571
1482,DC-1920,item:268091,385505.897932
1482,DC-1920,item:268967,1103598.000102
1483,DC-1920,item:268091,391288.550995
1483,DC-1920,item:268967,1099473.510306
1484,DC-1920,item:268091,397262.102017
1484,DC-1920,item:268967,1095204.204183
1485,DC-1920,item:268091,403426.550998
1485,DC-1920,item:268967,1089481.510306
1486,DC-1920,item:268091,409781.897938
1486,DC-1920,item:268967,1084881.918369
1487,DC-1920,item:268091,416328.142838
1487,DC-1920,item:268967,1084406.816228
1488,DC-1920,item:268091,408665.285697
1488,DC-1920,item:268967,1087449.101944
1489,DC-1920,item:268091,427160.14288
1489,DC-1920,item:268967,1102314.489897
1490,DC-1920,item:268091,418860.959205
1490,DC-1920,item:268967,1099280.32663
1491,DC-1920,item:268091,410689.040836
1491,DC-1920,item:268967,1092894.224589
1492,DC-1920,item:268091,404523.081609
1492,DC-1920,item:268967,1086663.469487
1493,DC-1920,item:268091,408282.734647
1493,DC-1920,item:268967,1082841.734694
1494,DC-1920,item:268091,403215.571401
1494,DC-1920,item:268967,1085561.44888
1495,DC-1920,item:268091,395552.714256
1495,DC-1920,item:268967,1079796.734594
1496,DC-1920,item:268091,405617.326502
1496,DC-1920,item:268967,1087502.693778
1497,DC-1920,item:268091,413580.550996
1497,DC-1920,item:268967,1098133.306122
1498,DC-1920,item:268091,414760.387731
1498,DC-1920,item:268967,1101480.734793
1499,DC-1920,item:268091,401880.836711
1499,DC-1920,item:268967,1104891.918566
1500,DC-1920,item:268091,393221.224438
1500,DC-1920,item:268967,1092867.285914
1501,DC-1920,item:268091,381022.897908
1501,DC-1920,item:268967,1080411.612445
1502,DC-1920,item:268091,394085.857121
1502,DC-1920,item:268967,1076191.612246
1503,DC-1920,item:268091,393866.469366
1503,DC-1920,item:268967,1074422.938776
1504,DC-1920,item:268091,378221.122428
1504,DC-1920,item:268967,1074955.551124
1505,DC-1920,item:268091,390349.816306
1505,DC-1920,item:268967,1099207.061327
1506,DC-1920,item:268091,387052.551
1506,DC-1920,item:268967,1123641.244791
1507,DC-1920,item:268091,382729.32651
1507,DC-1920,item:268967,1118777.020301
1508,DC-1920,item:268091,377380.142837
1508,DC-1920,item:268967,1114251.693769
1509,DC-1920,item:268091,366464.999977
1509,DC-1920,item:268967,1110065.265197
1510,DC-1920,item:268091,368012.795896
1510,DC-1920,item:268967,1105742.285606
1511,DC-1920,item:268091,369653.244877
1511,DC-1920,item:268967,1101122.326422
1512,DC-1920,item:268091,371386.346919
1512,DC-1920,item:268967,1096205.387646
1513,DC-1920,item:268091,387612.102022
1513,DC-1920,item:268967,1087097.183564
1514,DC-1920,item:268091,375130.510186
1514,DC-1920,item:268967,1077386.387754
1515,DC-1920,item:268091,362741.571412
1515,DC-1920,item:268967,1066966.938774
1516,DC-1920,item:268091,379245.285699
1516,DC-1920,item:268967,1075604.265413
1517,DC-1920,item:268091,384910.632637
1517,DC-1920,item:268967,1098620.408272
1518,DC-1920,item:268091,376499.897943
1518,DC-1920,item:268967,1111792.714275
1519,DC-1920,item:268091,382813.081616
1519,DC-1920,item:268967,1111384.877541
1520,DC-1920,item:268091,403850.183656
1520,DC-1920,item:268967,1110317.571419
1521,DC-1920,item:268091,396411.204063
1521,DC-1920,item:268967,1105945.795909
1522,DC-1920,item:268091,403696.142838
1522,DC-1920,item:268967,1101935.836725
1523,DC-1920,item:268091,411304.99998
1523,DC-1920,item:268967,1098287.693868
1524,DC-1920,item:268091,418169.408144
1524,DC-1920,item:268967,1093303.428563
1525,DC-1920,item:268091,437728.367347
1525,DC-1920,item:268967,1091257.632654
1526,DC-1920,item:268091,432656.306103
1526,DC-1920,item:268967,1085657.693879
1527,DC-1920,item:268091,423066.510185
1527,DC-1920,item:268967,1084734.183675
1528,DC-1920,item:268091,412743.12243
1528,DC-1920,item:268967,1086198.183672
1529,DC-1920,item:268091,410143.918367
1529,DC-1920,item:268967,1076015.448977
1530,DC-1920,item:268091,400325.918367
1530,DC-1920,item:268967,1081709.020404
1531,DC-1920,item:268091,387733.102041
1531,DC-1920,item:268967,1094087.755101
1532,DC-1920,item:268091,389250.32653
1532,DC-1920,item:268967,1100680.000004
1533,DC-1920,item:268091,397406.102021
1533,DC-1920,item:268967,1102641.918374
1534,DC-1920,item:268091,398343.408143
1534,DC-1920,item:268967,1100329.591845
1535,DC-1920,item:268091,384590.755081
1535,DC-1920,item:268967,1098232.183683
1536,DC-1920,item:268091,384948.142836
1536,DC-1920,item:268967,1096349.693889
1537,DC-1920,item:268091,399415.571407
1537,DC-1920,item:268967,1095886.530617
1538,DC-1920,item:268091,404816.571407
1538,DC-1920,item:268967,1094884.469381
1539,DC-1920,item:268091,406882.999978
1539,DC-1920,item:268967,1094585.32652
1540,DC-1920,item:268091,407957.285692
1540,DC-1920,item:268967,1092371.489787
1541,DC-1920,item:268091,408929.285692
1541,DC-1920,item:268967,1090304.326531
1542,DC-1920,item:268091,395398.999978
1542,DC-1920,item:268967,1090195.38776
1543,DC-1920,item:268091,381766.428549
1543,DC-1920,item:268967,1085508.265311
1544,DC-1920,item:268091,374250.857098
1544,DC-1920,item:268967,1087472.632651
1545,DC-1920,item:268091,377427.591814
1545,DC-1920,item:268967,1098758.204181
1546,DC-1920,item:268091,401710.204058
1546,DC-1920,item:268967,1102574.551121
1547,DC-1920,item:268091,426479.408139
1547,DC-1920,item:268967,1096944.163367
1548,DC-1920,item:268091,422935.204057
1548,DC-1920,item:268967,1091266.122551
1549,DC-1920,item:268091,419877.591812
1549,DC-1920,item:268967,1085540.428675
1550,DC-1920,item:268091,421392.959206
1550,DC-1920,item:268967,1084356.91837
1551,DC-1920,item:268091,426911.326576
1551,DC-1920,item:268967,1088803.79582
1552,DC-1920,item:268091,425323.387729
1552,DC-1920,item:268967,1087131.040716
1553,DC-1920,item:268091,421041.693807
1553,DC-1920,item:268967,1092209.979491
1554,DC-1920,item:268091,409845.999956
1554,DC-1920,item:268967,1105431.551119
1555,DC-1920,item:268091,401713.346968
1555,DC-1920,item:268967,1101919.89816
1556,DC-1920,item:268091,404614.857172
1556,DC-1920,item:268967,1095315.979794
1557,DC-1920,item:268091,393422.897989
1557,DC-1920,item:268967,1088619.020611
1558,DC-1920,item:268091,405206.999978
1558,DC-1920,item:268967,1081829.020612
1559,DC-1920,item:268091,409876.408142
1559,DC-1920,item:268967,1088047.040818
1560,DC-1920,item:268091,424579.653062
1560,DC-1920,item:268967,1101534.0
1561,DC-1920,item:268091,413054.734695
1561,DC-1920,item:268967,1114448.979389
1562,DC-1920,item:268091,400632.653063
1562,DC-1920,item:268967,1114448.979389
1563,DC-1920,item:268091,382354.122428
1563,DC-1920,item:268967,1114448.979389
1564,DC-1920,item:268091,386459.857122
1564,DC-1920,item:268967,1114448.979389
1565,DC-1920,item:268091,360868.428551
1565,DC-1920,item:268967,1114448.979389
1566,DC-1920,item:268091,371232.387735
1566,DC-1920,item:268967,1114448.979389
1567,DC-1920,item:268091,382196.020389
1567,DC-1920,item:268967,1114448.979389
1568,DC-1920,item:268091,393759.326513
1568,DC-1920,item:268967,1114448.979389
1569,DC-1920,item:268091,405922.306105
1569,DC-1920,item:268967,1114448.979389
1570,DC-1920,item:268091,404284.959167
1570,DC-1920,item:268967,1114448.979389
1571,DC-1920,item:268091,432047.285699
1571,DC-1920,item:268967,1114448.979389
1572,DC-1920,item:268091,446009.2857
1572,DC-1920,item:268967,1114448.979389
1573,DC-1920,item:268091,446009.2857
1573,DC-1920,item:268967,1114448.979389
1574,DC-1920,item:268091,446009.2857
1574,DC-1920,item:268967,1114448.979389
1575,DC-1920,item:268091,446009.2857
1575,DC-1920,item:268967,1114448.979389
1576,DC-1920,item:268091,446009.2857
1576,DC-1920,item:268967,1114448.979389
1577,DC-1920,item:268091,446009.2857
1577,DC-1920,item:268967,1114448.979389
1578,DC-1920,item:268091,446009.2857
1578,DC-1920,item:268967,1114448.979389
1579,DC-1920,item:268091,446009.2857
1579,DC-1920,item:268967,1114448.979389
1580,DC-1920,item:268091,446009.2857
1580,DC-1920,item:268967,1114448.979389
1581,DC-1920,item:268091,444189.408139
1581,DC-1920,item:268967,1114448.979389
1582,DC-1920,item:268091,433796.102017
1582,DC-1920,item:268967,1114448.979389
1583,DC-1920,item:268091,423373.979567
1583,DC-1920,item:268967,1114448.979389
1584,DC-1920,item:268091,412923.040791
1584,DC-1920,item:268967,1114448.979389
1585,DC-1920,item:268091,402443.285689
1585,DC-1920,item:268967,1114448.979389
1586,DC-1920,item:268091,399098.734693
1586,DC-1920,item:268967,1114448.979389
1587,DC-1920,item:268091,395174.530586
1587,DC-1920,item:268967,1114448.979389
1588,DC-1920,item:268091,397580.877525
1588,DC-1920,item:268967,1114448.979389
1589,DC-1920,item:268091,399153.755076
1589,DC-1920,item:268967,1114448.979389
1590,DC-1920,item:268091,414293.163239
1590,DC-1920,item:268967,1114448.979389
1591,DC-1920,item:268091,399799.102014
1591,DC-1920,item:268967,1114448.979389
1592,DC-1920,item:268091,387055.816326
1592,DC-1920,item:268967,1114448.979389
1593,DC-1920,item:268091,382710.571402
1593,DC-1920,item:268967,1114448.979389
1594,DC-1920,item:268091,385994.734667
1594,DC-1920,item:268967,1114448.979389
1595,DC-1920,item:268091,374876.061198
1595,DC-1920,item:268967,1114448.979389
1596,DC-1920,item:268091,363754.550994
1596,DC-1920,item:268967,1114448.979389
1597,DC-1920,item:268091,381430.204055
1597,DC-1920,item:268967,1114448.979389
1598,DC-1920,item:268091,384703.020381
1598,DC-1920,item:268967,1114448.979389
1599,DC-1920,item:268091,402372.999973
1599,DC-1920,item:268967,1114260.836534
1600,DC-1920,item:268091,405640.14283
1600,DC-1920,item:268967,1106681.55082
1601,DC-1920,item:268091,410685.387728
1601,DC-1920,item:268967,1106681.55082
1602,DC-1920,item:268091,401218.306096
1602,DC-1920,item:268967,1106681.55082
1603,DC-1920,item:268091,403572.326503
1603,DC-1920,item:268967,1106681.55082
1604,DC-1920,item:268091,405623.734666
1604,DC-1920,item:268967,1106681.55082
1605,DC-1920,item:268091,420128.489797
1605,DC-1920,item:268967,1106681.55082
1606,DC-1920,item:268091,407555.244899
1606,DC-1920,item:268967,1106681.55082
1607,DC-1920,item:268091,394869.673471
1607,DC-1920,item:268967,1106681.55082
1608,DC-1920,item:268091,389599.367322
1608,DC-1920,item:268967,1106681.55082
1609,DC-1920,item:268091,397161.95916
1609,DC-1920,item:268967,1106681.55082
1610,DC-1920,item:268091,404991.775487
1610,DC-1920,item:268967,1106681.55082
1611,DC-1920,item:268091,413088.816305
1611,DC-1920,item:268967,1106681.55082
1612,DC-1920,item:268091,407053.081612
1612,DC-1920,item:268967,1106681.55082
1613,DC-1920,item:268091,426830.795922
1613,DC-1920,item:268967,1106681.55082
1614,DC-1920,item:268091,421329.510209
1614,DC-1920,item:268967,1106681.55082
1615,DC-1920,item:268091,420238.510185
1615,DC-1920,item:268967,1099942.816124
1616,DC-1920,item:268091,419927.448956
1616,DC-1920,item:268967,1075473.203879
1617,DC-1920,item:268091,424300.918345
1617,DC-1920,item:268967,1052203.040817
1618,DC-1920,item:268091,414726.816304
1618,DC-1920,item:268967,1042239.65317
1619,DC-1920,item:268091,405479.224467
1619,DC-1920,item:268967,1016594.836844
1620,DC-1920,item:268091,402795.224489
1620,DC-1920,item:268967,1083893.897851
1621,DC-1920,item:268091,402363.571405
1621,DC-1920,item:268967,1057465.612137
1622,DC-1920,item:268091,402790.673446
1622,DC-1920,item:268967,1053457.326423
1623,DC-1920,item:268091,402657.3061
1623,DC-1920,item:268967,1060921.428682
1624,DC-1920,item:268091,388189.040771
1624,DC-1920,item:268967,1094997.530831
1625,DC-1920,item:268091,386309.163244
1625,DC-1920,item:268967,1087778.102149
1626,DC-1920,item:268091,370094.387734
1626,DC-1920,item:268967,1028187.959292
1627,DC-1920,item:268091,382119.142837
1627,DC-1920,item:268967,979361.714286
1628,DC-1920,item:268091,393583.428552
1628,DC-1920,item:268967,913787.571429
1629,DC-1920,item:268091,398758.102021
1629,DC-1920,item:268967,930151.000111
1630,DC-1920,item:268091,389171.020388
1630,DC-1920,item:268967,1037951.000111
1631,DC-1920,item:268091,390104.755083
1631,DC-1920,item:268967,1037951.000111
1632,DC-1920,item:268091,387113.02039
1632,DC-1920,item:268967,1209334.0
1633,DC-1920,item:268091,383759.530595
1633,DC-1920,item:268967,1253551.000111
1634,DC-1920,item:268091,365644.285698
1634,DC-1920,item:268967,1253551.000111
1635,DC-1920,item:268091,361567.285699
1635,DC-1920,item:268967,1253551.000111
1636,DC-1920,item:268091,386702.408147
1636,DC-1920,item:268967,1253551.000111
1637,DC-1920,item:268091,398087.367329
1637,DC-1920,item:268967,1253551.000111
1638,DC-1920,item:268091,424522.163245
1638,DC-1920,item:268967,1253551.000111
1639,DC-1920,item:268091,422806.795897
1639,DC-1920,item:268967,1253551.000111
1640,DC-1920,item:268091,425391.897954
1640,DC-1920,item:268967,1253551.000111
1641,DC-1920,item:268091,429600.612261
1641,DC-1920,item:268967,1253551.000111
1642,DC-1920,item:268091,423615.755117
1642,DC-1920,item:268967,1253551.000111
1643,DC-1920,item:268091,416173.877566
1643,DC-1920,item:268967,1253551.000111
1644,DC-1920,item:268091,408493.408179
1644,DC-1920,item:268967,1253551.000111
1645,DC-1920,item:268091,404838.836692
1645,DC-1920,item:268967,1253551.000111
1646,DC-1920,item:268091,399158.367319
1646,DC-1920,item:268967,1253551.000111
1647,DC-1920,item:268091,400161.550992
1647,DC-1920,item:268967,1253551.000111
1648,DC-1920,item:268091,400926.142829
1648,DC-1920,item:268967,1253551.000111
1649,DC-1920,item:268091,401452.142829
1649,DC-1920,item:268967,1253551.000111
1650,DC-1920,item:268091,412455.061197
1650,DC-1920,item:268967,1253551.000111
1651,DC-1920,item:268091,409533.755076
1651,DC-1920,item:268967,1253551.000111
1652,DC-1920,item:268091,400357.938753
1652,DC-1920,item:268967,1253551.000111
1653,DC-1920,item:268091,402773.75508
1653,DC-1920,item:268967,1253551.000111
1654,DC-1920,item:268091,434465.346917
1654,DC-1920,item:268967,1253551.000111
1655,DC-1920,item:268091,423432.714265
1655,DC-1920,item:268967,1253551.000111
1656,DC-1920,item:268091,427275.857123
1656,DC-1920,item:268967,1253551.000111
1657,DC-1920,item:268091,418633.428551
1657,DC-1920,item:268967,1253551.000111
1658,DC-1920,item:268091,412298.285713
1658,DC-1920,item:268967,1253551.000111
1659,DC-1920,item:268091,401746.142856
1659,DC-1920,item:268967,1253551.000111
1660,DC-1920,item:268091,394134.714287
1660,DC-1920,item:268967,1253551.000111
1661,DC-1920,item:268091,371284.57141
1661,DC-1920,item:268967,1253551.000111
1662,DC-1920,item:268091,359384.142839
1662,DC-1920,item:268967,1253551.000111
1663,DC-1920,item:268091,346528.857125
1663,DC-1920,item:268967,1253551.000111
1664,DC-1920,item:268091,345926.67345
1664,DC-1920,item:268967,1253551.000111
1665,DC-1920,item:268091,374726.67345
1665,DC-1920,item:268967,1248650.326648
1666,DC-1920,item:268091,389126.67345
1666,DC-1920,item:268967,1242439.367463
1667,DC-1920,item:268091,417926.67345
1667,DC-1920,item:268967,1236490.612361
1668,DC-1920,item:268091,417926.67345
1668,DC-1920,item:268967,1230804.06134
1669,DC-1920,item:268091,430538.0
1669,DC-1920,item:268967,1225379.7144
1670,DC-1920,item:268091,432326.67345
1670,DC-1920,item:268967,1220217.571542
1671,DC-1920,item:268091,432326.67345
1671,DC-1920,item:268967,1220217.571542
1672,DC-1920,item:268091,432326.67345
1672,DC-1920,item:268967,1220217.571542
1673,DC-1920,item:268091,432326.67345
1673,DC-1920,item:268967,1220217.571542
1674,DC-1920,item:268091,432326.67345
1674,DC-1920,item:268967,1220217.571542
1675,DC-1920,item:268091,432326.67345
1675,DC-1920,item:268967,1220217.571542
1676,DC-1920,item:268091,432326.67345
1676,DC-1920,item:268967,1220217.571542
1677,DC-1920,item:268091,432326.67345
1677,DC-1920,item:268967,1220217.571542
1678,DC-1920,item:268091,432326.67345
1678,DC-1920,item:268967,1220217.571542
1679,DC-1920,item:268091,432326.67345
1679,DC-1920,item:268967,1220217.571542
1680,DC-1920,item:268091,432326.67345
1680,DC-1920,item:268967,1220217.571542
1681,DC-1920,item:268091,429500.285688
1681,DC-1920,item:268967,1220217.571542
1682,DC-1920,item:268091,423366.285688
1682,DC-1920,item:268967,1220217.571542
1683,DC-1920,item:268091,418105.428572
1683,DC-1920,item:268967,1220217.571542
1684,DC-1920,item:268091,411642.285715
1684,DC-1920,item:268967,1220217.571542
1685,DC-1920,item:268091,413700.387729
1685,DC-1920,item:268967,1220217.571542
1686,DC-1920,item:268091,402368.877525
1686,DC-1920,item:268967,1220217.571542
1687,DC-1920,item:268091,396543.469388
1687,DC-1920,item:268967,1220217.571542
1688,DC-1920,item:268091,394023.877525
1688,DC-1920,item:268967,1220217.571542
1689,DC-1920,item:268091,397010.387729
1689,DC-1920,item:268967,1214946.591952
1690,DC-1920,item:268091,399969.571403
1690,DC-1920,item:268967,1201670.428687
1691,DC-1920,item:268091,402901.428546
1691,DC-1920,item:268967,1188031.857259
1692,DC-1920,item:268091,421325.183648
1692,DC-1920,item:268967,1186377.102157
1693,DC-1920,item:268091,410096.693852
1693,DC-1920,item:268967,1183621.449095
1694,DC-1920,item:268091,398015.959158
1694,DC-1920,item:268967,1178946.469505
1695,DC-1920,item:268091,394295.795918
1695,DC-1920,item:268967,1155734.877667
1696,DC-1920,item:268091,385697.755076
1696,DC-1920,item:268967,1131422.38787
1697,DC-1920,item:268091,380908.857116
1697,DC-1920,item:268967,1106009.000113
1698,DC-1920,item:268091,372100.571401
1698,DC-1920,item:268967,1079494.714397
1699,DC-1920,item:268091,364579.836707
1699,DC-1920,item:268967,1079494.714397
1700,DC-1920,item:268091,371709.510177
1700,DC-1920,item:268967,1079494.714397
1701,DC-1920,item:268091,393489.59181
1701,DC-1920,item:268967,1101534.0
1702,DC-1920,item:268091,415520.081606
1702,DC-1920,item:268967,1123573.285603
1703,DC-1920,item:268091,409000.979565
1703,DC-1920,item:268967,1123573.285603
1704,DC-1920,item:268091,410980.693878
1704,DC-1920,item:268967,1123573.285603
1705,DC-1920,item:268091,404962.408164
1705,DC-1920,item:268967,1123573.285603
1706,DC-1920,item:268091,409656.714287
1706,DC-1920,item:268967,1123573.285603
1707,DC-1920,item:268091,402235.775512
1707,DC-1920,item:268967,1123573.285603
1708,DC-1920,item:268091,410797.999975
1708,DC-1920,item:268967,1123573.285603
1709,DC-1920,item:268091,403021.653038
1709,DC-1920,item:268967,1123573.285603
1710,DC-1920,item:268091,407594.265283
1710,DC-1920,item:268967,1123573.285603
1711,DC-1920,item:268091,397828.85712
1711,DC-1920,item:268967,1123573.285603
1712,DC-1920,item:268091,401241.775511
1712,DC-1920,item:268967,1123573.285603
1713,DC-1920,item:268091,389174.693855
1713,DC-1920,item:268967,1123573.285603
1714,DC-1920,item:268091,390074.367325
1714,DC-1920,item:268967,1123573.285603
1715,DC-1920,item:268091,390824.448958
1715,DC-1920,item:268967,1123573.285603
1716,DC-1920,item:268091,405824.938754
1716,DC-1920,item:268967,1123573.285603
1717,DC-1920,item:268091,391875.836713
1717,DC-1920,item:268967,1123573.285603
1718,DC-1920,item:268091,388690.693878
1718,DC-1920,item:268967,1123573.285603
1719,DC-1920,item:268091,377928.857122
1719,DC-1920,item:268967,1123573.285603
1720,DC-1920,item:268091,384097.591815
1720,DC-1920,item:268967,1123573.285603
1721,DC-1920,item:268091,389828.632631
1721,DC-1920,item:268967,1123573.285603
1722,DC-1920,item:268091,391154.693858
1722,DC-1920,item:268967,1123573.285603
1723,DC-1920,item:268091,387538.918347
1723,DC-1920,item:268967,1118007.469281
1724,DC-1920,item:268091,383485.448959
1724,DC-1920,item:268967,1107244.346833
1725,DC-1920,item:268091,393394.285694
1725,DC-1920,item:268967,1096099.999896
1726,DC-1920,item:268091,374065.428551
1726,DC-1920,item:268967,1084574.428469
1727,DC-1920,item:268091,386851.938754
1727,DC-1920,item:268967,1090008.428573
1728,DC-1920,item:268091,400410.959161
1728,DC-1920,item:268967,1090008.428573
1729,DC-1920,item:268091,414742.489772
1729,DC-1920,item:268967,1101534.0
1730,DC-1920,item:268091,429142.489772
1730,DC-1920,item:268967,1113059.571427
1731,DC-1920,item:268091,444938.0
1731,DC-1920,item:268967,1113059.571427
1732,DC-1920,item:268091,444938.0
1732,DC-1920,item:268967,1113059.571427
1733,DC-1920,item:268091,442300.224486
1733,DC-1920,item:268967,1113059.571427
1734,DC-1920,item:268091,431799.755098
1734,DC-1920,item:268967,1113059.571427
1735,DC-1920,item:268091,421093.387751
1735,DC-1920,item:268967,1113059.571427
1736,DC-1920,item:268091,410181.122444
1736,DC-1920,item:268967,1113059.571427
1737,DC-1920,item:268091,399062.959179
1737,DC-1920,item:268967,1108767.591834
1738,DC-1920,item:268091,387738.897954
1738,DC-1920,item:268967,1102858.102038
1739,DC-1920,item:268091,389213.428542
1739,DC-1920,item:268967,1096681.428568
1740,DC-1920,item:268091,406277.571399
1740,DC-1920,item:268967,1090237.571425
1741,DC-1920,item:268091,394681.89793
1741,DC-1920,item:268967,1084032.979589
1742,DC-1920,item:268091,395459.408164
1742,DC-1920,item:268967,1093895.224494
1743,DC-1920,item:268091,385436.387726
1743,DC-1920,item:268967,1087526.306126
1744,DC-1920,item:268091,387786.550992
1744,DC-1920,item:268967,1082427.244898
1745,DC-1920,item:268091,389985.326502
1745,DC-1920,item:268967,1075894.0
1746,DC-1920,item:268091,392032.714257
1746,DC-1920,item:268967,1087013.857261
1747,DC-1920,item:268091,408328.714257
1747,DC-1920,item:268967,1099423.040934
1748,DC-1920,item:268091,400799.469359
1748,DC-1920,item:268967,1103281.081632
1749,DC-1920,item:268091,400401.265303
1749,DC-1920,item:268967,1099013.122449
1750,DC-1920,item:268091,406409.244868
1750,DC-1920,item:268967,1093828.326528
1751,DC-1920,item:268091,393158.265277
1751,DC-1920,item:268967,1085271.979591
1752,DC-1920,item:268091,394143.040789
1752,DC-1920,item:268967,1079015.244899
1753,DC-1920,item:268091,394963.571403
1753,DC-1920,item:268967,1077722.040822
1754,DC-1920,item:268091,381219.857119
1754,DC-1920,item:268967,1082243.040825
1755,DC-1920,item:268091,392916.897935
1755,DC-1920,item:268967,1095855.83674
1756,DC-1920,item:268091,405196.693853
1756,DC-1920,item:268967,1105054.510204
1757,DC-1920,item:268091,418059.244873
1757,DC-1920,item:268967,1106554.38775
1758,DC-1920,item:268091,431504.550995
1758,DC-1920,item:268967,1100167.530608
1759,DC-1920,item:268091,436341.061224
1759,DC-1920,item:268967,1094108.816322
1760,DC-1920,item:268091,429694.306122
1760,DC-1920,item:268967,1088378.244894
1761,DC-1920,item:268091,423630.306122
1761,DC-1920,item:268967,1084342.285716
1762,DC-1920,item:268091,417096.408163
1762,DC-1920,item:268967,1087373.897965
1763,DC-1920,item:268091,411009.306123
1763,DC-1920,item:268967,1094216.183678
1764,DC-1920,item:268091,405390.897934
1764,DC-1920,item:268967,1095593.85727
1765,DC-1920,item:268091,403479.632629
1765,DC-1920,item:268967,1088095.673594
1766,DC-1920,item:268091,390375.673446
1766,DC-1920,item:268967,1074194.816324
1767,DC-1920,item:268091,387621.91837
1767,DC-1920,item:268967,1062870.142732
1768,DC-1920,item:268091,388172.857121
1768,DC-1920,item:268967,1060421.326409
1769,DC-1920,item:268091,386614.469366
1769,DC-1920,item:268967,1084191.183678
1770,DC-1920,item:268091,400028.408141
1770,DC-1920,item:268967,1109856.428698
1771,DC-1920,item:268091,403292.244873
1771,DC-1920,item:268967,1109856.428698
1772,DC-1920,item:268091,404928.693853
1772,DC-1920,item:268967,1127199.24502
1773,DC-1920,item:268091,419983.224489
1773,DC-1920,item:268967,1127199.24502
1774,DC-1920,item:268091,408364.32653
1774,DC-1920,item:268967,1127199.24502
1775,DC-1920,item:268091,398871.999974
1775,DC-1920,item:268967,1127199.24502
1776,DC-1920,item:268091,381394.306096
1776,DC-1920,item:268967,1126871.265425
1777,DC-1920,item:268091,377042.918341
1777,DC-1920,item:268967,1119645.449099
1778,DC-1920,item:268091,371417.836709
1778,DC-1920,item:268967,1112238.938896
1779,DC-1920,item:268091,350119.061198
1779,DC-1920,item:268967,1104651.734814
1780,DC-1920,item:268091,356346.59181
1780,DC-1920,item:268967,1096883.836855
1781,DC-1920,item:268091,346900.428545
1781,DC-1920,item:268967,1088935.245019
1782,DC-1920,item:268091,336180.571402
1782,DC-1920,item:268967,1080805.959305
1783,DC-1920,item:268091,340577.979565
1783,DC-1920,item:268967,1080847.061225
1784,DC-1920,item:268091,352234.938748
1784,DC-1920,item:268967,1075986.653061
1785,DC-1920,item:268091,363186.448953
1785,DC-1920,item:268967,1087385.918497
1786,DC-1920,item:268091,373973.510177
1786,DC-1920,item:268967,1098443.612375
1787,DC-1920,item:268091,384596.122422
1787,DC-1920,item:268967,1097116.91837
1788,DC-1920,item:268091,395054.285688
1788,DC-1920,item:268967,1086984.979595
1789,DC-1920,item:268091,404312.489797
1789,DC-1920,item:268967,1076601.693882
1790,DC-1920,item:268091,402785.122423
1790,DC-1920,item:268967,1075108.795922
1791,DC-1920,item:268091,401131.653036
1791,DC-1920,item:268967,1073974.000002
1792,DC-1920,item:268091,414787.591812
1792,DC-1920,item:268967,1112678.632646
1793,DC-1920,item:268091,414787.591812
1793,DC-1920,item:268967,1143102.326516
1794,DC-1920,item:268091,443587.591812
1794,DC-1920,item:268967,1143041.836719
1795,DC-1920,item:268091,457987.591812
1795,DC-1920,item:268967,1143041.836719
1796,DC-1920,item:268091,457598.428545
1796,DC-1920,item:268967,1140869.16325
1797,DC-1920,item:268091,437473.632627
1797,DC-1920,item:268967,1133507.938761
1798,DC-1920,item:268091,417216.04079
1798,DC-1920,item:268967,1126082.918353
1799,DC-1920,item:268091,396825.653034
1799,DC-1920,item:268967,1118594.102027
1800,DC-1920,item:268091,376302.469361
1800,DC-1920,item:268967,1111041.489783
1801,DC-1920,item:268091,355646.489769
1801,DC-1920,item:268967,1103425.081621
1802,DC-1920,item:268091,349257.714258
1802,DC-1920,item:268967,1095744.87754
1803,DC-1920,item:268091,342736.142829
1803,DC-1920,item:268967,1088000.877541
1804,DC-1920,item:268091,353352.102013
1804,DC-1920,item:268967,1085250.285705
1805,DC-1920,item:268091,333850.306095
1805,DC-1920,item:268967,1090379.081767
1806,DC-1920,item:268091,327430.755075
1806,DC-1920,item:268967,1090227.89796
1807,DC-1920,item:268091,319693.448953
1807,DC-1920,item:268967,1082119.428572
1808,DC-1920,item:268091,296238.387729
1808,DC-1920,item:268967,1078747.387756
1809,DC-1920,item:268091,290735.571401
1809,DC-1920,item:268967,1066819.836737
1810,DC-1920,item:268091,295494.999973
1810,DC-1920,item:268967,1065751.346941
1811,DC-1920,item:268091,311000.959157
1811,DC-1920,item:268967,1065751.346941
1812,DC-1920,item:268091,326953.448954
1812,DC-1920,item:268967,1089250.285715
1813,DC-1920,item:268091,343352.469363
1813,DC-1920,item:268967,1120195.245036
1814,DC-1920,item:268091,360198.020384
1814,DC-1920,item:268967,1155265.571565
1815,DC-1920,item:268091,377490.102017
1815,DC-1920,item:268967,1155265.571565
1816,DC-1920,item:268091,395228.714263
1816,DC-1920,item:268967,1155265.571565
1817,DC-1920,item:268091,413413.857121
1817,DC-1920,item:268967,1155265.571565
1818,DC-1920,item:268091,417965.959138
1818,DC-1920,item:268967,1155265.571565
1819,DC-1920,item:268091,442213.857121
1819,DC-1920,item:268967,1155265.571565
1820,DC-1920,item:268091,454785.897983
1820,DC-1920,item:268967,1155265.571565
1821,DC-1920,item:268091,454785.897983
1821,DC-1920,item:268967,1155265.571565
1822,DC-1920,item:268091,454785.897983
1822,DC-1920,item:268967,1155265.571565
1823,DC-1920,item:268091,454785.897983
1823,DC-1920,item:268967,1155265.571565
1824,DC-1920,item:268091,454785.897983
1824,DC-1920,item:268967,1155265.571565
