day,node_id,output_item_id,desired_qty,planned_qty_after_lot_rule,actual_qty,cap_qty,capacity_limit_mode,max_from_inputs_qty,binding_cause,binding_input_item_id,shortfall_vs_desired_qty,shortfall_vs_lot_plan_qty,lot_policy_mode,lot_fixed_qty,lot_min_qty,lot_max_qty,lot_multiple_qty,max_lots_per_week,started_lots_this_week,requested_lot_starts,actual_lot_starts,campaign_requested_qty,campaign_started_qty,campaign_remaining_start_qty,campaign_remaining_end_qty
0,M-1430,item:268967,2562.857143,107800.0,107800.0,154000.0,finite,142250.0,none,,0.0,0.0,fixed,107800.0,107800.0,107800.0,0.0,10,1,1,1,107800.0,107800.0,107800.0,0.0
0,M-1810,item:268091,1900.0,14400.0,14400.0,203550.0,finite,354000.0,none,,0.0,0.0,min_max,0.0,14400.0,142485.0,14400.0,10,1,1,1,14400.0,14400.0,14400.0,0.0
1,SDC-1450,item:773474,3109461.2576,3200000.0,3200000.0,0.0,unmodeled,127751677.852349,none,,0.0,0.0,fixed,3200000.0,0.0,0.0,0.0,10,1,1,1,3200000.0,3200000.0,3200000.0,0.0
2,SDC-1450,item:773474,3299509.30912,6400000.0,6400000.0,0.0,unmodeled,124551677.852349,none,,0.0,0.0,fixed,3200000.0,0.0,0.0,0.0,10,3,2,2,6400000.0,6400000.0,6400000.0,0.0
5,SDC-1450,item:773474,2022084.4576,3200000.0,3200000.0,0.0,unmodeled,118151677.852349,none,,0.0,0.0,fixed,3200000.0,0.0,0.0,0.0,10,4,1,1,3200000.0,3200000.0,3200000.0,0.0
8,SDC-1450,item:773474,2006551.8576,3200000.0,3200000.0,0.0,unmodeled,114951677.852349,none,,0.0,0.0,fixed,3200000.0,0.0,0.0,0.0,10,1,1,1,3200000.0,3200000.0,3200000.0,0.0
11,SDC-1450,item:773474,1831019.2576,3200000.0,3200000.0,0.0,unmodeled,111751677.852349,none,,0.0,0.0,fixed,3200000.0,0.0,0.0,0.0,10,2,1,1,3200000.0,3200000.0,3200000.0,0.0
19,M-1810,item:268091,8353.17551,14400.0,14400.0,203550.0,finite,397200.0,none,,0.0,0.0,min_max,0.0,14400.0,142485.0,14400.0,10,1,1,1,14400.0,14400.0,14400.0,0.0
20,M-1810,item:268091,10515.908572,14400.0,14400.0,203550.0,finite,382800.0,none,,0.0,0.0,min_max,0.0,14400.0,142485.0,14400.0,10,2,1,1,14400.0,14400.0,14400.0,0.0
21,M-1810,item:268091,11440.553143,14400.0,14400.0,203550.0,finite,368400.0,none,,0.0,0.0,min_max,0.0,14400.0,142485.0,14400.0,10,1,1,1,14400.0,14400.0,14400.0,0.0
22,M-1810,item:268091,11472.76369,14400.0,14400.0,203550.0,finite,354000.0,none,,0.0,0.0,min_max,0.0,14400.0,142485.0,14400.0,10,2,1,1,14400.0,14400.0,14400.0,0.0
49,M-1810,item:268091,11393.6,14400.0,14400.0,203550.0,finite,444600.0,none,,0.0,0.0,min_max,0.0,14400.0,142485.0,14400.0,10,1,1,1,14400.0,14400.0,14400.0,0.0
50,M-1810,item:268091,13598.197551,14400.0,14400.0,203550.0,finite,435200.0,none,,0.0,0.0,min_max,0.0,14400.0,142485.0,14400.0,10,2,1,1,14400.0,14400.0,14400.0,0.0
51,M-1810,item:268091,13964.994612,14400.0,14400.0,203550.0,finite,435800.0,none,,0.0,0.0,min_max,0.0,14400.0,142485.0,14400.0,10,3,1,1,14400.0,14400.0,14400.0,0.0
52,M-1810,item:268091,13964.231575,14400.0,14400.0,203550.0,finite,436400.0,none,,0.0,0.0,min_max,0.0,14400.0,142485.0,14400.0,10,4,1,1,14400.0,14400.0,14400.0,0.0
53,M-1810,item:268091,13889.956519,14400.0,14400.0,203550.0,finite,432000.0,none,,0.0,0.0,min_max,0.0,14400.0,142485.0,14400.0,10,5,1,1,14400.0,14400.0,14400.0,0.0
54,M-1810,item:268091,13800.979059,14400.0,14400.0,203550.0,finite,427600.0,none,,0.0,0.0,min_max,0.0,14400.0,142485.0,14400.0,10,6,1,1,14400.0,14400.0,14400.0,0.0
167,M-1430,item:268967,16555.314286,107800.0,107800.0,154000.0,finite,3393160.877366,none,,0.0,0.0,fixed,107800.0,107800.0,107800.0,0.0,10,1,1,1,107800.0,107800.0,107800.0,0.0
168,M-1430,item:268967,22259.977143,107800.0,107800.0,154000.0,finite,3285360.877366,none,,0.0,0.0,fixed,107800.0,107800.0,107800.0,0.0,10,1,1,1,107800.0,107800.0,107800.0,0.0
169,M-1430,item:268967,20810.068898,107800.0,107800.0,154000.0,finite,3177560.877366,none,,0.0,0.0,fixed,107800.0,107800.0,107800.0,0.0,10,2,1,1,107800.0,107800.0,107800.0,0.0
170,M-1430,item:268967,17929.246432,107800.0,107800.0,154000.0,finite,3069760.877366,none,,0.0,0.0,fixed,107800.0,107800.0,107800.0,0.0,10,3,1,1,107800.0,107800.0,107800.0,0.0
238,M-1810,item:268091,9021.485714,14400.0,14400.0,203550.0,finite,1048200.0,none,,0.0,0.0,min_max,0.0,14400.0,142485.0,14400.0,10,1,1,1,14400.0,14400.0,14400.0,0.0
239,M-1810,item:268091,10625.456327,14400.0,14400.0,203550.0,finite,1033800.0,none,,0.0,0.0,min_max,0.0,14400.0,142485.0,14400.0,10,2,1,1,14400.0,14400.0,14400.0,0.0
240,M-1810,item:268091,10745.923918,14400.0,14400.0,203550.0,finite,1019400.0,none,,0.0,0.0,min_max,0.0,14400.0,142485.0,14400.0,10,3,1,1,14400.0,14400.0,14400.0,0.0
241,M-1810,item:268091,10569.690906,14400.0,14400.0,203550.0,finite,1005000.0,none,,0.0,0.0,min_max,0.0,14400.0,142485.0,14400.0,10,4,1,1,14400.0,14400.0,14400.0,0.0
242,M-1810,item:268091,10334.117773,14400.0,14400.0,203550.0,finite,990600.0,none,,0.0,0.0,min_max,0.0,14400.0,142485.0,14400.0,10,5,1,1,14400.0,14400.0,14400.0,0.0
243,M-1810,item:268091,10086.676616,14400.0,14400.0,203550.0,finite,976200.0,none,,0.0,0.0,min_max,0.0,14400.0,142485.0,14400.0,10,6,1,1,14400.0,14400.0,14400.0,0.0
244,M-1810,item:268091,9836.861854,14400.0,14400.0,203550.0,finite,961800.0,none,,0.0,0.0,min_max,0.0,14400.0,142485.0,14400.0,10,7,1,1,14400.0,14400.0,14400.0,0.0
249,M-1810,item:268091,7420.865306,14400.0,14400.0,203550.0,finite,947400.0,none,,0.0,0.0,min_max,0.0,14400.0,142485.0,14400.0,10,1,1,1,14400.0,14400.0,14400.0,0.0
251,M-1810,item:268091,7321.697959,14400.0,14400.0,203550.0,finite,933000.0,none,,0.0,0.0,min_max,0.0,14400.0,142485.0,14400.0,10,2,1,1,14400.0,14400.0,14400.0,0.0
253,M-1810,item:268091,7391.787755,14400.0,14400.0,203550.0,finite,918600.0,none,,0.0,0.0,min_max,0.0,14400.0,142485.0,14400.0,10,1,1,1,14400.0,14400.0,14400.0,0.0
254,M-1810,item:268091,8989.818775,14400.0,14400.0,203550.0,finite,904200.0,none,,0.0,0.0,min_max,0.0,14400.0,142485.0,14400.0,10,2,1,1,14400.0,14400.0,14400.0,0.0
255,M-1810,item:268091,9429.098449,14400.0,14400.0,203550.0,finite,889800.0,none,,0.0,0.0,min_max,0.0,14400.0,142485.0,14400.0,10,3,1,1,14400.0,14400.0,14400.0,0.0
256,M-1810,item:268091,9636.627853,14400.0,14400.0,203550.0,finite,875400.0,none,,0.0,0.0,min_max,0.0,14400.0,142485.0,14400.0,10,4,1,1,14400.0,14400.0,14400.0,0.0
257,M-1810,item:268091,9797.807203,14400.0,14400.0,203550.0,finite,861000.0,none,,0.0,0.0,min_max,0.0,14400.0,142485.0,14400.0,10,5,1,1,14400.0,14400.0,14400.0,0.0
258,M-1810,item:268091,9949.716542,14400.0,14400.0,203550.0,finite,846600.0,none,,0.0,0.0,min_max,0.0,14400.0,142485.0,14400.0,10,6,1,1,14400.0,14400.0,14400.0,0.0
259,M-1810,item:268091,10099.77188,14400.0,14400.0,203550.0,finite,832200.0,none,,0.0,0.0,min_max,0.0,14400.0,142485.0,14400.0,10,1,1,1,14400.0,14400.0,14400.0,0.0
260,M-1810,item:268091,10479.938049,14400.0,14400.0,203550.0,finite,817800.0,none,,0.0,0.0,min_max,0.0,14400.0,142485.0,14400.0,10,2,1,1,14400.0,14400.0,14400.0,0.0
261,M-1810,item:268091,10906.126385,14400.0,14400.0,203550.0,finite,803400.0,none,,0.0,0.0,min_max,0.0,14400.0,142485.0,14400.0,10,3,1,1,14400.0,14400.0,14400.0,0.0
262,M-1810,item:268091,11341.519154,14400.0,14400.0,203550.0,finite,789000.0,none,,0.0,0.0,min_max,0.0,14400.0,142485.0,14400.0,10,4,1,1,14400.0,14400.0,14400.0,0.0
263,M-1810,item:268091,11778.75281,14400.0,14400.0,203550.0,finite,774600.0,none,,0.0,0.0,min_max,0.0,14400.0,142485.0,14400.0,10,5,1,1,14400.0,14400.0,14400.0,0.0
264,M-1810,item:268091,12216.354644,14400.0,14400.0,203550.0,finite,760200.0,none,,0.0,0.0,min_max,0.0,14400.0,142485.0,14400.0,10,6,1,1,14400.0,14400.0,14400.0,0.0
265,M-1810,item:268091,12654.030112,14400.0,14400.0,203550.0,finite,745800.0,none,,0.0,0.0,min_max,0.0,14400.0,142485.0,14400.0,10,7,1,1,14400.0,14400.0,14400.0,0.0
266,M-1810,item:268091,13091.720308,14400.0,14400.0,203550.0,finite,731400.0,none,,0.0,0.0,min_max,0.0,14400.0,142485.0,14400.0,10,1,1,1,14400.0,14400.0,14400.0,0.0
267,M-1810,item:268091,12561.250184,14400.0,14400.0,203550.0,finite,717000.0,none,,0.0,0.0,min_max,0.0,14400.0,142485.0,14400.0,10,2,1,1,14400.0,14400.0,14400.0,0.0
268,M-1810,item:268091,11837.147996,14400.0,14400.0,203550.0,finite,702600.0,none,,0.0,0.0,min_max,0.0,14400.0,142485.0,14400.0,10,3,1,1,14400.0,14400.0,14400.0,0.0
269,M-1810,item:268091,11074.319395,14400.0,14400.0,203550.0,finite,688200.0,none,,0.0,0.0,min_max,0.0,14400.0,142485.0,14400.0,10,4,1,1,14400.0,14400.0,14400.0,0.0
270,M-1810,item:268091,10303.745512,14400.0,14400.0,203550.0,finite,673800.0,none,,0.0,0.0,min_max,0.0,14400.0,142485.0,14400.0,10,5,1,1,14400.0,14400.0,14400.0,0.0
280,M-1810,item:268091,7387.885714,14400.0,14400.0,203550.0,finite,659400.0,none,,0.0,0.0,min_max,0.0,14400.0,142485.0,14400.0,10,1,1,1,14400.0,14400.0,14400.0,0.0
281,M-1810,item:268091,8986.573061,14400.0,14400.0,203550.0,finite,645000.0,none,,0.0,0.0,min_max,0.0,14400.0,142485.0,14400.0,10,2,1,1,14400.0,14400.0,14400.0,0.0
282,M-1810,item:268091,9427.420735,14400.0,14400.0,203550.0,finite,630600.0,none,,0.0,0.0,min_max,0.0,14400.0,142485.0,14400.0,10,3,1,1,14400.0,14400.0,14400.0,0.0
283,M-1810,item:268091,9636.700474,14400.0,14400.0,203550.0,finite,616200.0,none,,0.0,0.0,min_max,0.0,14400.0,142485.0,14400.0,10,4,1,1,14400.0,14400.0,14400.0,0.0
284,M-1810,item:268091,9799.666626,14400.0,14400.0,203550.0,finite,601800.0,none,,0.0,0.0,min_max,0.0,14400.0,142485.0,14400.0,10,5,1,1,14400.0,14400.0,14400.0,0.0
285,M-1810,item:268091,9953.37006,14400.0,14400.0,203550.0,finite,587400.0,none,,0.0,0.0,min_max,0.0,14400.0,142485.0,14400.0,10,6,1,1,14400.0,14400.0,14400.0,0.0
286,M-1810,item:268091,10105.220951,14400.0,14400.0,203550.0,finite,573000.0,none,,0.0,0.0,min_max,0.0,14400.0,142485.0,14400.0,10,7,1,1,14400.0,14400.0,14400.0,0.0
287,M-1810,item:268091,10256.701333,14400.0,14400.0,203550.0,finite,558600.0,none,,0.0,0.0,min_max,0.0,14400.0,142485.0,14400.0,10,1,1,1,14400.0,14400.0,14400.0,0.0
288,M-1810,item:268091,10418.393328,14400.0,14400.0,203550.0,finite,544200.0,none,,0.0,0.0,min_max,0.0,14400.0,142485.0,14400.0,10,2,1,1,14400.0,14400.0,14400.0,0.0
289,M-1810,item:268091,10582.127645,14400.0,14400.0,203550.0,finite,529800.0,none,,0.0,0.0,min_max,0.0,14400.0,142485.0,14400.0,10,3,1,1,14400.0,14400.0,14400.0,0.0
290,M-1810,item:268091,10746.270427,14400.0,14400.0,203550.0,finite,515400.0,none,,0.0,0.0,min_max,0.0,14400.0,142485.0,14400.0,10,4,1,1,14400.0,14400.0,14400.0,0.0
291,M-1810,item:268091,10910.494902,14400.0,14400.0,203550.0,finite,501000.0,none,,0.0,0.0,min_max,0.0,14400.0,142485.0,14400.0,10,5,1,1,14400.0,14400.0,14400.0,0.0
292,M-1810,item:268091,11074.735715,14400.0,14400.0,203550.0,finite,486600.0,none,,0.0,0.0,min_max,0.0,14400.0,142485.0,14400.0,10,6,1,1,14400.0,14400.0,14400.0,0.0
293,M-1810,item:268091,11238.979796,14400.0,14400.0,203550.0,finite,472200.0,none,,0.0,0.0,min_max,0.0,14400.0,142485.0,14400.0,10,7,1,1,14400.0,14400.0,14400.0,0.0
294,M-1810,item:268091,11403.22453,14400.0,14400.0,203550.0,finite,457800.0,none,,0.0,0.0,min_max,0.0,14400.0,142485.0,14400.0,10,1,1,1,14400.0,14400.0,14400.0,0.0
295,M-1810,item:268091,10969.869396,14400.0,14400.0,203550.0,finite,443400.0,none,,0.0,0.0,min_max,0.0,14400.0,142485.0,14400.0,10,2,1,1,14400.0,14400.0,14400.0,0.0
296,M-1810,item:268091,10416.994287,14400.0,14400.0,203550.0,finite,429000.0,none,,0.0,0.0,min_max,0.0,14400.0,142485.0,14400.0,10,3,1,1,14400.0,14400.0,14400.0,0.0
297,M-1810,item:268091,9840.215184,14400.0,14400.0,203550.0,finite,414600.0,none,,0.0,0.0,min_max,0.0,14400.0,142485.0,14400.0,10,4,1,1,14400.0,14400.0,14400.0,0.0
307,M-1810,item:268091,7797.110204,14400.0,14400.0,203550.0,finite,400200.0,none,,0.0,0.0,min_max,0.0,14400.0,142485.0,14400.0,10,1,1,1,14400.0,14400.0,14400.0,0.0
308,M-1810,item:268091,9674.050612,14400.0,14400.0,203550.0,finite,385800.0,none,,0.0,0.0,min_max,0.0,14400.0,142485.0,14400.0,10,1,1,1,14400.0,14400.0,14400.0,0.0
309,M-1810,item:268091,9591.577469,14400.0,14400.0,203550.0,finite,371400.0,none,,0.0,0.0,min_max,0.0,14400.0,142485.0,14400.0,10,2,1,1,14400.0,14400.0,14400.0,0.0
310,M-1810,item:268091,9117.221616,14400.0,14400.0,203550.0,finite,367000.0,none,,0.0,0.0,min_max,0.0,14400.0,142485.0,14400.0,10,3,1,1,14400.0,14400.0,14400.0,0.0
311,M-1810,item:268091,8564.489221,14400.0,14400.0,203550.0,finite,352600.0,none,,0.0,0.0,min_max,0.0,14400.0,142485.0,14400.0,10,4,1,1,14400.0,14400.0,14400.0,0.0
318,M-1810,item:268091,7966.465306,14400.0,14400.0,203550.0,finite,338200.0,none,,0.0,0.0,min_max,0.0,14400.0,142485.0,14400.0,10,1,1,1,14400.0,14400.0,14400.0,0.0
319,M-1810,item:268091,10578.713469,14400.0,14400.0,203550.0,finite,328800.0,none,,0.0,0.0,min_max,0.0,14400.0,142485.0,14400.0,10,2,1,1,14400.0,14400.0,14400.0,0.0
320,M-1810,item:268091,12120.118204,14400.0,14400.0,203550.0,finite,314400.0,none,,0.0,0.0,min_max,0.0,14400.0,142485.0,14400.0,10,3,1,1,14400.0,14400.0,14400.0,0.0
321,M-1810,item:268091,13447.354253,14400.0,14400.0,203550.0,finite,300000.0,none,,0.0,0.0,min_max,0.0,14400.0,142485.0,14400.0,10,4,1,1,14400.0,14400.0,14400.0,0.0
322,M-1810,item:268091,14731.756565,28800.0,28800.0,203550.0,finite,290600.0,none,,0.0,0.0,min_max,0.0,14400.0,142485.0,14400.0,10,1,1,1,28800.0,28800.0,28800.0,0.0
323,M-1810,item:268091,15120.196211,28800.0,28800.0,203550.0,finite,266800.0,none,,0.0,0.0,min_max,0.0,14400.0,142485.0,14400.0,10,2,1,1,28800.0,28800.0,28800.0,0.0
324,M-1810,item:268091,15329.443324,28800.0,28800.0,203550.0,finite,243000.0,none,,0.0,0.0,min_max,0.0,14400.0,142485.0,14400.0,10,3,1,1,28800.0,28800.0,28800.0,0.0
325,M-1810,item:268091,15502.85193,28800.0,28800.0,203550.0,finite,219200.0,none,,0.0,0.0,min_max,0.0,14400.0,142485.0,14400.0,10,4,1,1,28800.0,28800.0,28800.0,0.0
326,M-1810,item:268091,15669.092835,28800.0,28800.0,203550.0,finite,195400.0,none,,0.0,0.0,min_max,0.0,14400.0,142485.0,14400.0,10,5,1,1,28800.0,28800.0,28800.0,0.0
327,M-1430,item:268967,5089.387755,107800.0,107800.0,154000.0,finite,3557400.019141,none,,0.0,0.0,fixed,107800.0,107800.0,107800.0,0.0,10,1,1,1,107800.0,107800.0,107800.0,0.0
327,M-1810,item:268091,15833.9002,28800.0,28800.0,203550.0,finite,171600.0,none,,0.0,0.0,min_max,0.0,14400.0,142485.0,14400.0,10,6,1,1,28800.0,28800.0,28800.0,0.0
328,M-1810,item:268091,15998.420856,28800.0,28800.0,203550.0,finite,147800.0,none,,0.0,0.0,min_max,0.0,14400.0,142485.0,14400.0,10,7,1,1,28800.0,28800.0,28800.0,0.0
328,SDC-1450,item:773474,1908934.4576,3200000.0,3200000.0,0.0,unmodeled,256202684.563758,none,,0.0,0.0,fixed,3200000.0,0.0,0.0,0.0,10,1,1,1,3200000.0,3200000.0,3200000.0,0.0
329,M-1810,item:268091,16162.884171,28800.0,28800.0,203550.0,finite,124000.0,none,,0.0,0.0,min_max,0.0,14400.0,142485.0,14400.0,10,1,1,1,28800.0,28800.0,28800.0,0.0
330,M-1810,item:268091,15468.250304,28800.0,28800.0,203550.0,finite,100200.0,none,,0.0,0.0,min_max,0.0,14400.0,142485.0,14400.0,10,2,1,1,28800.0,28800.0,28800.0,0.0
331,M-1810,item:268091,14601.796999,28800.0,28800.0,203550.0,finite,71400.0,none,,0.0,0.0,min_max,0.0,14400.0,142485.0,14400.0,10,3,1,1,28800.0,28800.0,28800.0,0.0
332,M-1810,item:268091,13700.979808,14400.0,14400.0,203550.0,finite,52600.0,none,,0.0,0.0,min_max,0.0,14400.0,142485.0,14400.0,10,4,1,1,14400.0,14400.0,14400.0,0.0
333,M-1810,item:268091,12793.289839,14400.0,14400.0,203550.0,finite,43200.0,none,,0.0,0.0,min_max,0.0,14400.0,142485.0,14400.0,10,5,1,1,14400.0,14400.0,14400.0,0.0
334,M-1810,item:268091,11884.225315,14400.0,14400.0,203550.0,finite,33800.0,none,,0.0,0.0,min_max,0.0,14400.0,142485.0,14400.0,10,6,1,1,14400.0,14400.0,14400.0,0.0
342,M-1810,item:268091,8507.934694,14400.0,14400.0,203550.0,finite,49400.0,none,,0.0,0.0,min_max,0.0,14400.0,142485.0,14400.0,10,1,1,1,14400.0,14400.0,14400.0,0.0
343,M-1810,item:268091,10315.758368,14400.0,14400.0,203550.0,finite,35000.0,none,,0.0,0.0,min_max,0.0,14400.0,142485.0,14400.0,10,1,1,1,14400.0,14400.0,14400.0,0.0
344,M-1810,item:268091,11731.527184,14400.0,14400.0,203550.0,finite,25600.0,none,,0.0,0.0,min_max,0.0,14400.0,142485.0,14400.0,10,2,1,1,14400.0,14400.0,14400.0,0.0
345,M-1810,item:268091,13068.885029,14400.0,11200.0,203550.0,finite,11200.0,input_shortage,item:338929,1868.885029,3200.0,min_max,0.0,14400.0,142485.0,14400.0,10,3,1,1,14400.0,14400.0,14400.0,3200.0
346,M-1810,item:268091,14390.560679,3200.0,0.0,203550.0,finite,0.0,lot_campaign_blocked,,14390.560679,3200.0,min_max,0.0,14400.0,142485.0,14400.0,10,3,0,0,0.0,0.0,3200.0,3200.0
347,M-1430,item:268967,4983.15102,107800.0,107800.0,154000.0,finite,3508325.0,none,,0.0,0.0,fixed,107800.0,107800.0,107800.0,0.0,10,1,1,1,107800.0,107800.0,107800.0,0.0
347,M-1810,item:268091,15709.099891,3200.0,3200.0,203550.0,finite,10000.0,none,,12509.099891,0.0,min_max,0.0,14400.0,142485.0,14400.0,10,3,0,0,0.0,0.0,3200.0,0.0
348,M-1810,item:268091,17027.011815,28800.0,11800.0,203550.0,finite,11800.0,input_shortage,item:338929,5227.011815,17000.0,min_max,0.0,14400.0,142485.0,14400.0,10,4,1,1,28800.0,28800.0,28800.0,17000.0
349,M-1810,item:268091,18344.798281,17000.0,0.0,203550.0,finite,0.0,lot_campaign_blocked,,18344.798281,17000.0,min_max,0.0,14400.0,142485.0,14400.0,10,4,0,0,0.0,0.0,17000.0,17000.0
350,M-1810,item:268091,19662.559656,17000.0,5000.0,203550.0,finite,5000.0,input_shortage,item:338929,14662.559656,12000.0,min_max,0.0,14400.0,142485.0,14400.0,10,0,0,0,0.0,0.0,17000.0,12000.0
351,M-1810,item:268091,19568.887441,12000.0,10000.0,203550.0,finite,10000.0,input_shortage,item:338929,9568.887441,2000.0,min_max,0.0,14400.0,142485.0,14400.0,10,0,0,0,0.0,0.0,12000.0,2000.0
352,M-1810,item:268091,19192.928509,2000.0,2000.0,203550.0,finite,20000.0,none,,17192.928509,0.0,min_max,0.0,14400.0,142485.0,14400.0,10,0,0,0,0.0,0.0,2000.0,0.0
353,M-1810,item:268091,18760.512232,28800.0,28000.0,203550.0,finite,28000.0,input_shortage,item:338929,0.0,800.0,min_max,0.0,14400.0,142485.0,14400.0,10,1,1,1,28800.0,28800.0,28800.0,800.0
354,M-1810,item:268091,18316.804487,800.0,800.0,203550.0,finite,5000.0,none,,17516.804487,0.0,min_max,0.0,14400.0,142485.0,14400.0,10,1,0,0,0.0,0.0,800.0,0.0
355,M-1810,item:268091,17870.838448,28800.0,14200.0,203550.0,finite,14200.0,input_shortage,item:338929,3670.838448,14600.0,min_max,0.0,14400.0,142485.0,14400.0,10,2,1,1,28800.0,28800.0,28800.0,14600.0
356,M-1810,item:268091,17424.420751,14600.0,5000.0,203550.0,finite,5000.0,input_shortage,item:338929,12424.420751,9600.0,min_max,0.0,14400.0,142485.0,14400.0,10,2,0,0,0.0,0.0,14600.0,9600.0
357,M-1810,item:268091,16977.912721,9600.0,9600.0,203550.0,finite,15000.0,none,,7377.912721,0.0,min_max,0.0,14400.0,142485.0,14400.0,10,0,0,0,0.0,0.0,9600.0,0.0
358,M-1810,item:268091,14961.035605,28800.0,10400.0,203550.0,finite,10400.0,input_shortage,item:338929,4561.035605,18400.0,min_max,0.0,14400.0,142485.0,14400.0,10,1,1,1,28800.0,28800.0,28800.0,18400.0
359,M-1810,item:268091,12847.227529,18400.0,5000.0,203550.0,finite,5000.0,input_shortage,item:338929,7847.227529,13400.0,min_max,0.0,14400.0,142485.0,14400.0,10,1,0,0,0.0,0.0,18400.0,13400.0
360,M-1810,item:268091,10714.033261,13400.0,13400.0,203550.0,finite,15000.0,none,,0.0,0.0,min_max,0.0,14400.0,142485.0,14400.0,10,1,0,0,0.0,0.0,13400.0,0.0
361,M-1810,item:268091,8576.961754,14400.0,14400.0,203550.0,finite,16600.0,none,,0.0,0.0,min_max,0.0,14400.0,142485.0,14400.0,10,2,1,1,14400.0,14400.0,14400.0,0.0
362,M-1810,item:268091,6439.1148,14400.0,14400.0,203550.0,finite,17200.0,none,,0.0,0.0,min_max,0.0,14400.0,142485.0,14400.0,10,3,1,1,14400.0,14400.0,14400.0,0.0
363,M-1810,item:268091,4301.112756,14400.0,7800.0,203550.0,finite,7800.0,input_shortage,item:338929,0.0,6600.0,min_max,0.0,14400.0,142485.0,14400.0,10,4,1,1,14400.0,14400.0,14400.0,6600.0
364,M-1810,item:268091,1679.76949,6600.0,6600.0,203550.0,finite,15000.0,none,,0.0,0.0,min_max,0.0,14400.0,142485.0,14400.0,10,0,0,0,0.0,0.0,6600.0,0.0
371,M-1810,item:268091,3716.146939,14400.0,14400.0,203550.0,finite,233400.0,none,,0.0,0.0,min_max,0.0,14400.0,142485.0,14400.0,10,1,1,1,14400.0,14400.0,14400.0,0.0
373,M-1430,item:268967,4766.87347,107800.0,107800.0,154000.0,finite,3557400.101919,none,,0.0,0.0,fixed,107800.0,107800.0,107800.0,0.0,10,1,1,1,107800.0,107800.0,107800.0,0.0
373,M-1810,item:268091,4340.816327,14400.0,14400.0,203550.0,finite,364000.0,none,,0.0,0.0,min_max,0.0,14400.0,142485.0,14400.0,10,2,1,1,14400.0,14400.0,14400.0,0.0
374,M-1810,item:268091,5467.62449,14400.0,14400.0,203550.0,finite,432098.0,none,,0.0,0.0,min_max,0.0,14400.0,142485.0,14400.0,10,3,1,1,14400.0,14400.0,14400.0,0.0
376,M-1810,item:268091,5116.751021,14400.0,14400.0,203550.0,finite,417698.0,none,,0.0,0.0,min_max,0.0,14400.0,142485.0,14400.0,10,4,1,1,14400.0,14400.0,14400.0,0.0
378,M-1810,item:268091,5634.040816,14400.0,14400.0,203550.0,finite,453298.0,none,,0.0,0.0,min_max,0.0,14400.0,142485.0,14400.0,10,1,1,1,14400.0,14400.0,14400.0,0.0
379,M-1810,item:268091,7019.493878,14400.0,14400.0,203550.0,finite,438898.0,none,,0.0,0.0,min_max,0.0,14400.0,142485.0,14400.0,10,2,1,1,14400.0,14400.0,14400.0,0.0
381,M-1810,item:268091,6876.881633,14400.0,14400.0,203550.0,finite,449498.0,none,,0.0,0.0,min_max,0.0,14400.0,142485.0,14400.0,10,3,1,1,14400.0,14400.0,14400.0,0.0
382,M-1810,item:268091,8744.355919,14400.0,14400.0,203550.0,finite,435098.0,none,,0.0,0.0,min_max,0.0,14400.0,142485.0,14400.0,10,4,1,1,14400.0,14400.0,14400.0,0.0
383,M-1810,item:268091,9609.948735,14400.0,14400.0,203550.0,finite,420698.0,none,,0.0,0.0,min_max,0.0,14400.0,142485.0,14400.0,10,5,1,1,14400.0,14400.0,14400.0,0.0
384,M-1810,item:268091,10275.165257,14400.0,14400.0,203550.0,finite,406298.0,none,,0.0,0.0,min_max,0.0,14400.0,142485.0,14400.0,10,6,1,1,14400.0,14400.0,14400.0,0.0
385,M-1810,item:268091,10900.306521,14400.0,14400.0,203550.0,finite,391898.0,none,,0.0,0.0,min_max,0.0,14400.0,142485.0,14400.0,10,1,1,1,14400.0,14400.0,14400.0,0.0
386,M-1810,item:268091,11517.432733,14400.0,14400.0,203550.0,finite,377498.0,none,,0.0,0.0,min_max,0.0,14400.0,142485.0,14400.0,10,2,1,1,14400.0,14400.0,14400.0,0.0
387,M-1810,item:268091,11488.139608,14400.0,14400.0,203550.0,finite,363098.0,none,,0.0,0.0,min_max,0.0,14400.0,142485.0,14400.0,10,3,1,1,14400.0,14400.0,14400.0,0.0
388,M-1810,item:268091,11329.562616,14400.0,14400.0,203550.0,finite,373698.0,none,,0.0,0.0,min_max,0.0,14400.0,142485.0,14400.0,10,4,1,1,14400.0,14400.0,14400.0,0.0
389,M-1810,item:268091,11145.12885,14400.0,14400.0,203550.0,finite,359298.0,none,,0.0,0.0,min_max,0.0,14400.0,142485.0,14400.0,10,5,1,1,14400.0,14400.0,14400.0,0.0
390,M-1810,item:268091,10955.523729,14400.0,14400.0,203550.0,finite,369898.0,none,,0.0,0.0,min_max,0.0,14400.0,142485.0,14400.0,10,6,1,1,14400.0,14400.0,14400.0,0.0
391,M-1810,item:268091,10764.884337,14400.0,14400.0,203550.0,finite,405498.0,none,,0.0,0.0,min_max,0.0,14400.0,142485.0,14400.0,10,7,1,1,14400.0,14400.0,14400.0,0.0
392,M-1810,item:268091,10574.038092,14400.0,14400.0,203550.0,finite,416098.0,none,,0.0,0.0,min_max,0.0,14400.0,142485.0,14400.0,10,1,1,1,14400.0,14400.0,14400.0,0.0
393,M-1810,item:268091,10383.150475,14400.0,14400.0,203550.0,finite,401698.0,none,,0.0,0.0,min_max,0.0,14400.0,142485.0,14400.0,10,2,1,1,14400.0,14400.0,14400.0,0.0
394,M-1810,item:268091,10243.160707,14400.0,14400.0,203550.0,finite,487298.0,none,,0.0,0.0,min_max,0.0,14400.0,142485.0,14400.0,10,3,1,1,14400.0,14400.0,14400.0,0.0
395,M-1810,item:268091,10113.350509,14400.0,14400.0,203550.0,finite,497898.0,none,,0.0,0.0,min_max,0.0,14400.0,142485.0,14400.0,10,4,1,1,14400.0,14400.0,14400.0,0.0
396,M-1810,item:268091,9985.576224,14400.0,14400.0,203550.0,finite,508498.0,none,,0.0,0.0,min_max,0.0,14400.0,142485.0,14400.0,10,5,1,1,14400.0,14400.0,14400.0,0.0
397,M-1810,item:268091,9858.209122,14400.0,14400.0,203550.0,finite,494098.0,none,,0.0,0.0,min_max,0.0,14400.0,142485.0,14400.0,10,6,1,1,14400.0,14400.0,14400.0,0.0
398,M-1810,item:268091,9730.923457,14400.0,14400.0,203550.0,finite,504698.0,none,,0.0,0.0,min_max,0.0,14400.0,142485.0,14400.0,10,7,1,1,14400.0,14400.0,14400.0,0.0
399,M-1810,item:268091,9603.654079,14400.0,14400.0,203550.0,finite,540298.0,none,,0.0,0.0,min_max,0.0,14400.0,142485.0,14400.0,10,1,1,1,14400.0,14400.0,14400.0,0.0
401,M-1810,item:268091,7283.167347,14400.0,14400.0,203550.0,finite,600898.0,none,,0.0,0.0,min_max,0.0,14400.0,142485.0,14400.0,10,2,1,1,14400.0,14400.0,14400.0,0.0
404,M-1430,item:268967,4447.216327,107800.0,107800.0,154000.0,finite,3557400.039732,none,,0.0,0.0,fixed,107800.0,107800.0,107800.0,0.0,10,1,1,1,107800.0,107800.0,107800.0,0.0
405,SDC-1450,item:773474,1893401.6576,3200000.0,3200000.0,0.0,unmodeled,253002684.563758,none,,0.0,0.0,fixed,3200000.0,0.0,0.0,0.0,10,1,1,1,3200000.0,3200000.0,3200000.0,0.0
410,M-1810,item:268091,8110.530612,14400.0,14400.0,203550.0,finite,591964.53202,none,,0.0,0.0,min_max,0.0,14400.0,142485.0,14400.0,10,1,1,1,14400.0,14400.0,14400.0,0.0
411,M-1810,item:268091,10553.404082,14400.0,14400.0,203550.0,finite,577564.53202,none,,0.0,0.0,min_max,0.0,14400.0,142485.0,14400.0,10,2,1,1,14400.0,14400.0,14400.0,0.0
412,M-1810,item:268091,11862.746122,14400.0,14400.0,203550.0,finite,563164.53202,none,,0.0,0.0,min_max,0.0,14400.0,142485.0,14400.0,10,3,1,1,14400.0,14400.0,14400.0,0.0
413,M-1810,item:268091,12945.381878,14400.0,14400.0,203550.0,finite,548764.53202,none,,0.0,0.0,min_max,0.0,14400.0,142485.0,14400.0,10,1,1,1,14400.0,14400.0,14400.0,0.0
414,M-1810,item:268091,13982.676376,14400.0,14400.0,203550.0,finite,534364.53202,none,,0.0,0.0,min_max,0.0,14400.0,142485.0,14400.0,10,2,1,1,14400.0,14400.0,14400.0,0.0
415,M-1810,item:268091,14116.012826,14400.0,14400.0,203550.0,finite,519964.53202,none,,0.0,0.0,min_max,0.0,14400.0,142485.0,14400.0,10,3,1,1,14400.0,14400.0,14400.0,0.0
416,M-1810,item:268091,14068.557667,14400.0,14400.0,203550.0,finite,505564.53202,none,,0.0,0.0,min_max,0.0,14400.0,142485.0,14400.0,10,4,1,1,14400.0,14400.0,14400.0,0.0
417,M-1810,item:268091,13984.944186,14400.0,14400.0,203550.0,finite,491164.53202,none,,0.0,0.0,min_max,0.0,14400.0,142485.0,14400.0,10,5,1,1,14400.0,14400.0,14400.0,0.0
418,M-1810,item:268091,13894.099041,14400.0,14400.0,203550.0,finite,476764.53202,none,,0.0,0.0,min_max,0.0,14400.0,142485.0,14400.0,10,6,1,1,14400.0,14400.0,14400.0,0.0
419,M-1430,item:268967,4771.804082,107800.0,107800.0,154000.0,finite,3476550.17955,none,,0.0,0.0,fixed,107800.0,107800.0,107800.0,0.0,10,1,1,1,107800.0,107800.0,107800.0,0.0
419,M-1810,item:268091,13801.807563,14400.0,14400.0,203550.0,finite,462364.53202,none,,0.0,0.0,min_max,0.0,14400.0,142485.0,14400.0,10,7,1,1,14400.0,14400.0,14400.0,0.0
420,M-1810,item:268091,13709.226818,14400.0,14400.0,203550.0,finite,447964.53202,none,,0.0,0.0,min_max,0.0,14400.0,142485.0,14400.0,10,1,1,1,14400.0,14400.0,14400.0,0.0
421,M-1810,item:268091,13616.58822,14400.0,14400.0,203550.0,finite,433564.53202,none,,0.0,0.0,min_max,0.0,14400.0,142485.0,14400.0,10,2,1,1,14400.0,14400.0,14400.0,0.0
422,M-1810,item:268091,13338.925807,14400.0,14400.0,203550.0,finite,419164.53202,none,,0.0,0.0,min_max,0.0,14400.0,142485.0,14400.0,10,3,1,1,14400.0,14400.0,14400.0,0.0
423,M-1810,item:268091,13024.258631,14400.0,14400.0,203550.0,finite,404764.53202,none,,0.0,0.0,min_max,0.0,14400.0,142485.0,14400.0,10,4,1,1,14400.0,14400.0,14400.0,0.0
424,M-1810,item:268091,12702.190501,14400.0,14400.0,203550.0,finite,390364.53202,none,,0.0,0.0,min_max,0.0,14400.0,142485.0,14400.0,10,5,1,1,14400.0,14400.0,14400.0,0.0
425,M-1810,item:268091,12378.642182,14400.0,14400.0,203550.0,finite,375964.53202,none,,0.0,0.0,min_max,0.0,14400.0,142485.0,14400.0,10,6,1,1,14400.0,14400.0,14400.0,0.0
426,M-1810,item:268091,12054.797824,14400.0,14400.0,203550.0,finite,361564.53202,none,,0.0,0.0,min_max,0.0,14400.0,142485.0,14400.0,10,7,1,1,14400.0,14400.0,14400.0,0.0
427,M-1810,item:268091,11730.894259,14400.0,14400.0,203550.0,finite,347164.53202,none,,0.0,0.0,min_max,0.0,14400.0,142485.0,14400.0,10,1,1,1,14400.0,14400.0,14400.0,0.0
428,M-1810,item:268091,11406.978852,14400.0,14400.0,203550.0,finite,332764.53202,none,,0.0,0.0,min_max,0.0,14400.0,142485.0,14400.0,10,2,1,1,14400.0,14400.0,14400.0,0.0
429,M-1810,item:268091,11140.040668,14400.0,14400.0,203550.0,finite,318364.53202,none,,0.0,0.0,min_max,0.0,14400.0,142485.0,14400.0,10,3,1,1,14400.0,14400.0,14400.0,0.0
430,M-1810,item:268091,10884.49793,14400.0,14400.0,203550.0,finite,303964.53202,none,,0.0,0.0,min_max,0.0,14400.0,142485.0,14400.0,10,4,1,1,14400.0,14400.0,14400.0,0.0
431,M-1810,item:268091,10631.23428,14400.0,14400.0,203550.0,finite,289564.53202,none,,0.0,0.0,min_max,0.0,14400.0,142485.0,14400.0,10,5,1,1,14400.0,14400.0,14400.0,0.0
432,M-1810,item:268091,10378.426448,14400.0,14400.0,203550.0,finite,275164.53202,none,,0.0,0.0,min_max,0.0,14400.0,142485.0,14400.0,10,6,1,1,14400.0,14400.0,14400.0,0.0
433,M-1810,item:268091,10125.709779,14400.0,14400.0,203550.0,finite,260764.53202,none,,0.0,0.0,min_max,0.0,14400.0,142485.0,14400.0,10,7,1,1,14400.0,14400.0,14400.0,0.0
434,M-1810,item:268091,9873.011344,14400.0,14400.0,203550.0,finite,246364.53202,none,,0.0,0.0,min_max,0.0,14400.0,142485.0,14400.0,10,1,1,1,14400.0,14400.0,14400.0,0.0
435,M-1810,item:268091,9620.316554,14400.0,14400.0,203550.0,finite,231964.53202,none,,0.0,0.0,min_max,0.0,14400.0,142485.0,14400.0,10,2,1,1,14400.0,14400.0,14400.0,0.0
436,M-1430,item:268967,4772.75102,107800.0,107800.0,154000.0,finite,3521466.913482,none,,0.0,0.0,fixed,107800.0,107800.0,107800.0,0.0,10,1,1,1,107800.0,107800.0,107800.0,0.0
436,M-1810,item:268091,9801.744943,14400.0,14400.0,203550.0,finite,217564.53202,none,,0.0,0.0,min_max,0.0,14400.0,142485.0,14400.0,10,3,1,1,14400.0,14400.0,14400.0,0.0
437,M-1810,item:268091,10069.997968,14400.0,14400.0,203550.0,finite,203164.53202,none,,0.0,0.0,min_max,0.0,14400.0,142485.0,14400.0,10,4,1,1,14400.0,14400.0,14400.0,0.0
438,M-1810,item:268091,10355.61592,14400.0,14400.0,203550.0,finite,188764.53202,none,,0.0,0.0,min_max,0.0,14400.0,142485.0,14400.0,10,5,1,1,14400.0,14400.0,14400.0,0.0
439,M-1810,item:268091,10644.706858,14400.0,14400.0,203550.0,finite,174364.53202,none,,0.0,0.0,min_max,0.0,14400.0,142485.0,14400.0,10,6,1,1,14400.0,14400.0,14400.0,0.0
440,M-1810,item:268091,10934.492392,14400.0,14400.0,203550.0,finite,159964.53202,none,,0.0,0.0,min_max,0.0,14400.0,142485.0,14400.0,10,7,1,1,14400.0,14400.0,14400.0,0.0
441,M-1810,item:268091,11224.416846,14400.0,14400.0,203550.0,finite,145564.53202,none,,0.0,0.0,min_max,0.0,14400.0,142485.0,14400.0,10,1,1,1,14400.0,14400.0,14400.0,0.0
442,M-1810,item:268091,11514.369084,14400.0,14400.0,203550.0,finite,131164.53202,none,,0.0,0.0,min_max,0.0,14400.0,142485.0,14400.0,10,2,1,1,14400.0,14400.0,14400.0,0.0
443,M-1810,item:268091,11654.188103,14400.0,14400.0,203550.0,finite,116764.53202,none,,0.0,0.0,min_max,0.0,14400.0,142485.0,14400.0,10,3,1,1,14400.0,14400.0,14400.0,0.0
444,M-1810,item:268091,11763.980478,14400.0,14400.0,203550.0,finite,102364.53202,none,,0.0,0.0,min_max,0.0,14400.0,142485.0,14400.0,10,4,1,1,14400.0,14400.0,14400.0,0.0
445,M-1810,item:268091,11867.767524,14400.0,14400.0,203550.0,finite,87964.53202,none,,0.0,0.0,min_max,0.0,14400.0,142485.0,14400.0,10,5,1,1,14400.0,14400.0,14400.0,0.0
446,M-1810,item:268091,11970.353505,14400.0,14400.0,203550.0,finite,73564.53202,none,,0.0,0.0,min_max,0.0,14400.0,142485.0,14400.0,10,6,1,1,14400.0,14400.0,14400.0,0.0
447,M-1810,item:268091,12072.699273,14400.0,14400.0,203550.0,finite,59164.53202,none,,0.0,0.0,min_max,0.0,14400.0,142485.0,14400.0,10,7,1,1,14400.0,14400.0,14400.0,0.0
448,M-1810,item:268091,12174.996997,14400.0,14400.0,203550.0,finite,44764.53202,none,,0.0,0.0,min_max,0.0,14400.0,142485.0,14400.0,10,1,1,1,14400.0,14400.0,14400.0,0.0
449,M-1810,item:268091,12277.285114,14400.0,14400.0,203550.0,finite,30364.53202,none,,0.0,0.0,min_max,0.0,14400.0,142485.0,14400.0,10,2,1,1,14400.0,14400.0,14400.0,0.0
450,M-1810,item:268091,11908.469268,14400.0,14400.0,203550.0,finite,15964.53202,none,,0.0,0.0,min_max,0.0,14400.0,142485.0,14400.0,10,3,1,1,14400.0,14400.0,14400.0,0.0
451,M-1810,item:268091,11445.432629,14400.0,1564.53202,203550.0,finite,1564.53202,input_shortage,item:099439,9880.90061,12835.46798,min_max,0.0,14400.0,142485.0,14400.0,10,4,1,1,14400.0,14400.0,14400.0,12835.46798
452,M-1810,item:268091,10963.551832,12835.46798,0.0,203550.0,finite,0.0,lot_campaign_blocked,,10963.551832,12835.46798,min_max,0.0,14400.0,142485.0,14400.0,10,4,0,0,0.0,0.0,12835.46798,12835.46798
453,M-1810,item:268091,10477.902203,12835.46798,0.0,203550.0,finite,0.0,lot_campaign_blocked,,10477.902203,12835.46798,min_max,0.0,14400.0,142485.0,14400.0,10,4,0,0,0.0,0.0,12835.46798,12835.46798
454,M-1810,item:268091,9991.498808,12835.46798,0.0,203550.0,finite,0.0,lot_campaign_blocked,,9991.498808,12835.46798,min_max,0.0,14400.0,142485.0,14400.0,10,4,0,0,0.0,0.0,12835.46798,12835.46798
455,M-1810,item:268091,9504.94466,12835.46798,0.0,203550.0,finite,0.0,lot_campaign_blocked,,9504.94466,12835.46798,min_max,0.0,14400.0,142485.0,14400.0,10,0,0,0,0.0,0.0,12835.46798,12835.46798
456,M-1810,item:268091,9018.360361,12835.46798,0.0,203550.0,finite,0.0,lot_campaign_blocked,,9018.360361,12835.46798,min_max,0.0,14400.0,142485.0,14400.0,10,0,0,0,0.0,0.0,12835.46798,12835.46798
457,M-1810,item:268091,8675.819011,12835.46798,0.0,203550.0,finite,0.0,lot_campaign_blocked,,8675.819011,12835.46798,min_max,0.0,14400.0,142485.0,14400.0,10,0,0,0,0.0,0.0,12835.46798,12835.46798
458,M-1810,item:268091,8362.086251,12835.46798,0.0,203550.0,finite,0.0,lot_campaign_blocked,,8362.086251,12835.46798,min_max,0.0,14400.0,142485.0,14400.0,10,0,0,0,0.0,0.0,12835.46798,12835.46798
459,M-1810,item:268091,8054.11521,12835.46798,0.0,203550.0,finite,0.0,lot_campaign_blocked,,8054.11521,12835.46798,min_max,0.0,14400.0,142485.0,14400.0,10,0,0,0,0.0,0.0,12835.46798,12835.46798
460,M-1810,item:268091,7747.296511,12835.46798,0.0,203550.0,finite,0.0,lot_campaign_blocked,,7747.296511,12835.46798,min_max,0.0,14400.0,142485.0,14400.0,10,0,0,0,0.0,0.0,12835.46798,12835.46798
461,M-1810,item:268091,7440.708282,12835.46798,0.0,203550.0,finite,0.0,lot_campaign_blocked,,7440.708282,12835.46798,min_max,0.0,14400.0,142485.0,14400.0,10,0,0,0,0.0,0.0,12835.46798,12835.46798
462,M-1810,item:268091,7134.166146,12835.46798,0.0,203550.0,finite,0.0,lot_campaign_blocked,,7134.166146,12835.46798,min_max,0.0,14400.0,142485.0,14400.0,10,0,0,0,0.0,0.0,12835.46798,12835.46798
463,M-1430,item:268967,4389.942857,107800.0,107800.0,154000.0,finite,3557400.060323,none,,0.0,0.0,fixed,107800.0,107800.0,107800.0,0.0,10,1,1,1,107800.0,107800.0,107800.0,0.0
463,M-1810,item:268091,6827.633229,12835.46798,0.0,203550.0,finite,0.0,lot_campaign_blocked,,6827.633229,12835.46798,min_max,0.0,14400.0,142485.0,14400.0,10,0,0,0,0.0,0.0,12835.46798,12835.46798
464,M-1810,item:268091,7484.057258,12835.46798,0.0,203550.0,finite,0.0,lot_campaign_blocked,,7484.057258,12835.46798,min_max,0.0,14400.0,142485.0,14400.0,10,0,0,0,0.0,0.0,12835.46798,12835.46798
464,SDC-1450,item:773474,1877868.8576,3200000.0,3200000.0,0.0,unmodeled,249802684.563758,none,,0.0,0.0,fixed,3200000.0,0.0,0.0,0.0,10,1,1,1,3200000.0,3200000.0,3200000.0,0.0
465,M-1810,item:268091,8333.072676,12835.46798,0.0,203550.0,finite,0.0,lot_campaign_blocked,,8333.072676,12835.46798,min_max,0.0,14400.0,142485.0,14400.0,10,0,0,0,0.0,0.0,12835.46798,12835.46798
466,M-1810,item:268091,9220.606372,12835.46798,0.0,203550.0,finite,0.0,lot_campaign_blocked,,9220.606372,12835.46798,min_max,0.0,14400.0,142485.0,14400.0,10,0,0,0,0.0,0.0,12835.46798,12835.46798
467,M-1810,item:268091,10115.843723,12835.46798,0.0,203550.0,finite,0.0,lot_campaign_blocked,,10115.843723,12835.46798,min_max,0.0,14400.0,142485.0,14400.0,10,0,0,0,0.0,0.0,12835.46798,12835.46798
468,M-1810,item:268091,11012.621806,12835.46798,0.0,203550.0,finite,0.0,lot_campaign_blocked,,11012.621806,12835.46798,min_max,0.0,14400.0,142485.0,14400.0,10,0,0,0,0.0,0.0,12835.46798,12835.46798
469,M-1810,item:268091,11909.708035,12835.46798,0.0,203550.0,finite,0.0,lot_campaign_blocked,,11909.708035,12835.46798,min_max,0.0,14400.0,142485.0,14400.0,10,0,0,0,0.0,0.0,12835.46798,12835.46798
470,M-1810,item:268091,12806.855893,12835.46798,0.0,203550.0,finite,0.0,lot_campaign_blocked,,12806.855893,12835.46798,min_max,0.0,14400.0,142485.0,14400.0,10,0,0,0,0.0,0.0,12835.46798,12835.46798
471,M-1810,item:268091,12506.546689,12835.46798,0.0,203550.0,finite,0.0,lot_campaign_blocked,,12506.546689,12835.46798,min_max,0.0,14400.0,142485.0,14400.0,10,0,0,0,0.0,0.0,12835.46798,12835.46798
472,M-1810,item:268091,11966.746072,12835.46798,0.0,203550.0,finite,0.0,lot_campaign_blocked,,11966.746072,12835.46798,min_max,0.0,14400.0,142485.0,14400.0,10,0,0,0,0.0,0.0,12835.46798,12835.46798
473,M-1810,item:268091,11379.047173,12835.46798,0.0,203550.0,finite,0.0,lot_campaign_blocked,,11379.047173,12835.46798,min_max,0.0,14400.0,142485.0,14400.0,10,0,0,0,0.0,0.0,12835.46798,12835.46798
474,M-1810,item:268091,10781.768618,12835.46798,0.0,203550.0,finite,0.0,lot_campaign_blocked,,10781.768618,12835.46798,min_max,0.0,14400.0,142485.0,14400.0,10,0,0,0,0.0,0.0,12835.46798,12835.46798
475,M-1810,item:268091,10182.574132,12835.46798,0.0,203550.0,finite,0.0,lot_campaign_blocked,,10182.574132,12835.46798,min_max,0.0,14400.0,142485.0,14400.0,10,0,0,0,0.0,0.0,12835.46798,12835.46798
476,M-1810,item:268091,9582.996459,12835.46798,0.0,203550.0,finite,0.0,lot_campaign_blocked,,9582.996459,12835.46798,min_max,0.0,14400.0,142485.0,14400.0,10,0,0,0,0.0,0.0,12835.46798,12835.46798
477,M-1810,item:268091,8983.342149,12835.46798,0.0,203550.0,finite,0.0,lot_campaign_blocked,,8983.342149,12835.46798,min_max,0.0,14400.0,142485.0,14400.0,10,0,0,0,0.0,0.0,12835.46798,12835.46798
478,M-1810,item:268091,8341.974552,12835.46798,0.0,203550.0,finite,0.0,lot_campaign_blocked,,8341.974552,12835.46798,min_max,0.0,14400.0,142485.0,14400.0,10,0,0,0,0.0,0.0,12835.46798,12835.46798
479,M-1810,item:268091,7692.264298,12835.46798,0.0,203550.0,finite,0.0,lot_campaign_blocked,,7692.264298,12835.46798,min_max,0.0,14400.0,142485.0,14400.0,10,0,0,0,0.0,0.0,12835.46798,12835.46798
480,M-1810,item:268091,7040.885512,12835.46798,0.0,203550.0,finite,0.0,lot_campaign_blocked,,7040.885512,12835.46798,min_max,0.0,14400.0,142485.0,14400.0,10,0,0,0,0.0,0.0,12835.46798,12835.46798
481,M-1810,item:268091,6389.173021,12835.46798,0.0,203550.0,finite,0.0,lot_campaign_blocked,,6389.173021,12835.46798,min_max,0.0,14400.0,142485.0,14400.0,10,0,0,0,0.0,0.0,12835.46798,12835.46798
482,M-1810,item:268091,5737.393788,12835.46798,0.0,203550.0,finite,0.0,lot_campaign_blocked,,5737.393788,12835.46798,min_max,0.0,14400.0,142485.0,14400.0,10,0,0,0,0.0,0.0,12835.46798,12835.46798
483,M-1810,item:268091,5085.601207,12835.46798,0.0,203550.0,finite,0.0,lot_campaign_blocked,,5085.601207,12835.46798,min_max,0.0,14400.0,142485.0,14400.0,10,0,0,0,0.0,0.0,12835.46798,12835.46798
484,M-1810,item:268091,4433.805956,12835.46798,0.0,203550.0,finite,0.0,lot_campaign_blocked,,4433.805956,12835.46798,min_max,0.0,14400.0,142485.0,14400.0,10,0,0,0,0.0,0.0,12835.46798,12835.46798
485,M-1810,item:268091,4326.499967,12835.46798,0.0,203550.0,finite,0.0,lot_campaign_blocked,,4326.499967,12835.46798,min_max,0.0,14400.0,142485.0,14400.0,10,0,0,0,0.0,0.0,12835.46798,12835.46798
486,M-1810,item:268091,4328.09183,12835.46798,0.0,203550.0,finite,0.0,lot_campaign_blocked,,4328.09183,12835.46798,min_max,0.0,14400.0,142485.0,14400.0,10,0,0,0,0.0,0.0,12835.46798,12835.46798
487,M-1810,item:268091,4351.463264,12835.46798,0.0,203550.0,finite,0.0,lot_campaign_blocked,,4351.463264,12835.46798,min_max,0.0,14400.0,142485.0,14400.0,10,0,0,0,0.0,0.0,12835.46798,12835.46798
488,M-1810,item:268091,4379.190612,12835.46798,0.0,203550.0,finite,0.0,lot_campaign_blocked,,4379.190612,12835.46798,min_max,0.0,14400.0,142485.0,14400.0,10,0,0,0,0.0,0.0,12835.46798,12835.46798
489,M-1810,item:268091,4407.789143,12835.46798,0.0,203550.0,finite,0.0,lot_campaign_blocked,,4407.789143,12835.46798,min_max,0.0,14400.0,142485.0,14400.0,10,0,0,0,0.0,0.0,12835.46798,12835.46798
490,M-1810,item:268091,4436.561911,12835.46798,0.0,203550.0,finite,0.0,lot_campaign_blocked,,4436.561911,12835.46798,min_max,0.0,14400.0,142485.0,14400.0,10,0,0,0,0.0,0.0,12835.46798,12835.46798
491,M-1810,item:268091,4465.369525,12835.46798,0.0,203550.0,finite,0.0,lot_campaign_blocked,,4465.369525,12835.46798,min_max,0.0,14400.0,142485.0,14400.0,10,0,0,0,0.0,0.0,12835.46798,12835.46798
492,M-1810,item:268091,5137.906558,12835.46798,0.0,203550.0,finite,0.0,lot_campaign_blocked,,5137.906558,12835.46798,min_max,0.0,14400.0,142485.0,14400.0,10,0,0,0,0.0,0.0,12835.46798,12835.46798
493,M-1810,item:268091,5939.189475,12835.46798,0.0,203550.0,finite,0.0,lot_campaign_blocked,,5939.189475,12835.46798,min_max,0.0,14400.0,142485.0,14400.0,10,0,0,0,0.0,0.0,12835.46798,12835.46798
494,M-1810,item:268091,6766.221569,12835.46798,0.0,203550.0,finite,0.0,lot_campaign_blocked,,6766.221569,12835.46798,min_max,0.0,14400.0,142485.0,14400.0,10,0,0,0,0.0,0.0,12835.46798,12835.46798
495,M-1810,item:268091,7598.403498,12835.46798,0.0,203550.0,finite,0.0,lot_campaign_blocked,,7598.403498,12835.46798,min_max,0.0,14400.0,142485.0,14400.0,10,0,0,0,0.0,0.0,12835.46798,12835.46798
496,M-1810,item:268091,8431.615394,12835.46798,0.0,203550.0,finite,0.0,lot_campaign_blocked,,8431.615394,12835.46798,min_max,0.0,14400.0,142485.0,14400.0,10,0,0,0,0.0,0.0,12835.46798,12835.46798
497,M-1810,item:268091,9265.033283,12835.46798,0.0,203550.0,finite,0.0,lot_campaign_blocked,,9265.033283,12835.46798,min_max,0.0,14400.0,142485.0,14400.0,10,0,0,0,0.0,0.0,12835.46798,12835.46798
498,M-1810,item:268091,10098.492371,12835.46798,0.0,203550.0,finite,0.0,lot_campaign_blocked,,10098.492371,12835.46798,min_max,0.0,14400.0,142485.0,14400.0,10,0,0,0,0.0,0.0,12835.46798,12835.46798
499,M-1810,item:268091,10267.453576,12835.46798,0.0,203550.0,finite,0.0,lot_campaign_blocked,,10267.453576,12835.46798,min_max,0.0,14400.0,142485.0,14400.0,10,0,0,0,0.0,0.0,12835.46798,12835.46798
500,M-1810,item:268091,10303.515205,12835.46798,0.0,203550.0,finite,0.0,lot_campaign_blocked,,10303.515205,12835.46798,min_max,0.0,14400.0,142485.0,14400.0,10,0,0,0,0.0,0.0,12835.46798,12835.46798
501,M-1810,item:268091,10312.996919,12835.46798,0.0,203550.0,finite,0.0,lot_campaign_blocked,,10312.996919,12835.46798,min_max,0.0,14400.0,142485.0,14400.0,10,0,0,0,0.0,0.0,12835.46798,12835.46798
502,M-1810,item:268091,10317.162649,12835.46798,0.0,203550.0,finite,0.0,lot_campaign_blocked,,10317.162649,12835.46798,min_max,0.0,14400.0,142485.0,14400.0,10,0,0,0,0.0,0.0,12835.46798,12835.46798
503,M-1810,item:268091,10320.265183,12835.46798,0.0,203550.0,finite,0.0,lot_campaign_blocked,,10320.265183,12835.46798,min_max,0.0,14400.0,142485.0,14400.0,10,0,0,0,0.0,0.0,12835.46798,12835.46798
504,M-1810,item:268091,10323.155078,12835.46798,0.0,203550.0,finite,0.0,lot_campaign_blocked,,10323.155078,12835.46798,min_max,0.0,14400.0,142485.0,14400.0,10,0,0,0,0.0,0.0,12835.46798,12835.46798
505,M-1810,item:268091,10326.002444,12835.46798,0.0,203550.0,finite,0.0,lot_campaign_blocked,,10326.002444,12835.46798,min_max,0.0,14400.0,142485.0,14400.0,10,0,0,0,0.0,0.0,12835.46798,12835.46798
506,M-1810,item:268091,10416.433142,12835.46798,0.0,203550.0,finite,0.0,lot_campaign_blocked,,10416.433142,12835.46798,min_max,0.0,14400.0,142485.0,14400.0,10,0,0,0,0.0,0.0,12835.46798,12835.46798
507,M-1810,item:268091,10524.380506,12835.46798,0.0,203550.0,finite,0.0,lot_campaign_blocked,,10524.380506,12835.46798,min_max,0.0,14400.0,142485.0,14400.0,10,0,0,0,0.0,0.0,12835.46798,12835.46798
508,M-1810,item:268091,10635.831203,12835.46798,0.0,203550.0,finite,0.0,lot_campaign_blocked,,10635.831203,12835.46798,min_max,0.0,14400.0,142485.0,14400.0,10,0,0,0,0.0,0.0,12835.46798,12835.46798
509,M-1810,item:268091,10747.982567,12835.46798,0.0,203550.0,finite,0.0,lot_campaign_blocked,,10747.982567,12835.46798,min_max,0.0,14400.0,142485.0,14400.0,10,0,0,0,0.0,0.0,12835.46798,12835.46798
510,M-1810,item:268091,10860.274065,12835.46798,0.0,203550.0,finite,0.0,lot_campaign_blocked,,10860.274065,12835.46798,min_max,0.0,14400.0,142485.0,14400.0,10,0,0,0,0.0,0.0,12835.46798,12835.46798
511,M-1810,item:268091,10972.593588,12835.46798,0.0,203550.0,finite,0.0,lot_campaign_blocked,,10972.593588,12835.46798,min_max,0.0,14400.0,142485.0,14400.0,10,0,0,0,0.0,0.0,12835.46798,12835.46798
512,M-1810,item:268091,11084.918718,12835.46798,0.0,203550.0,finite,0.0,lot_campaign_blocked,,11084.918718,12835.46798,min_max,0.0,14400.0,142485.0,14400.0,10,0,0,0,0.0,0.0,12835.46798,12835.46798
513,M-1810,item:268091,10893.604152,12835.46798,0.0,203550.0,finite,0.0,lot_campaign_blocked,,10893.604152,12835.46798,min_max,0.0,14400.0,142485.0,14400.0,10,0,0,0,0.0,0.0,12835.46798,12835.46798
514,M-1810,item:268091,10641.561647,12835.46798,0.0,203550.0,finite,0.0,lot_campaign_blocked,,10641.561647,12835.46798,min_max,0.0,14400.0,142485.0,14400.0,10,0,0,0,0.0,0.0,12835.46798,12835.46798
515,M-1810,item:268091,10377.373554,12835.46798,0.0,203550.0,finite,0.0,lot_campaign_blocked,,10377.373554,12835.46798,min_max,0.0,14400.0,142485.0,14400.0,10,0,0,0,0.0,0.0,12835.46798,12835.46798
516,M-1810,item:268091,10110.756343,12835.46798,0.0,203550.0,finite,0.0,lot_campaign_blocked,,10110.756343,12835.46798,min_max,0.0,14400.0,142485.0,14400.0,10,0,0,0,0.0,0.0,12835.46798,12835.46798
517,M-1810,item:268091,9843.653309,12835.46798,0.0,203550.0,finite,0.0,lot_campaign_blocked,,9843.653309,12835.46798,min_max,0.0,14400.0,142485.0,14400.0,10,0,0,0,0.0,0.0,12835.46798,12835.46798
518,M-1810,item:268091,9576.453111,12835.46798,0.0,203550.0,finite,0.0,lot_campaign_blocked,,9576.453111,12835.46798,min_max,0.0,14400.0,142485.0,14400.0,10,0,0,0,0.0,0.0,12835.46798,12835.46798
519,M-1810,item:268091,9309.233479,12835.46798,0.0,203550.0,finite,0.0,lot_campaign_blocked,,9309.233479,12835.46798,min_max,0.0,14400.0,142485.0,14400.0,10,0,0,0,0.0,0.0,12835.46798,12835.46798
520,M-1810,item:268091,8994.581389,12835.46798,0.0,203550.0,finite,0.0,lot_campaign_blocked,,8994.581389,12835.46798,min_max,0.0,14400.0,142485.0,14400.0,10,0,0,0,0.0,0.0,12835.46798,12835.46798
521,M-1810,item:268091,8670.442808,12835.46798,0.0,203550.0,finite,0.0,lot_campaign_blocked,,8670.442808,12835.46798,min_max,0.0,14400.0,142485.0,14400.0,10,0,0,0,0.0,0.0,12835.46798,12835.46798
522,M-1810,item:268091,8344.406929,12835.46798,0.0,203550.0,finite,0.0,lot_campaign_blocked,,8344.406929,12835.46798,min_max,0.0,14400.0,142485.0,14400.0,10,0,0,0,0.0,0.0,12835.46798,12835.46798
523,M-1810,item:268091,8017.99159,12835.46798,0.0,203550.0,finite,0.0,lot_campaign_blocked,,8017.99159,12835.46798,min_max,0.0,14400.0,142485.0,14400.0,10,0,0,0,0.0,0.0,12835.46798,12835.46798
524,M-1810,item:268091,7691.500359,12835.46798,0.0,203550.0,finite,0.0,lot_campaign_blocked,,7691.500359,12835.46798,min_max,0.0,14400.0,142485.0,14400.0,10,0,0,0,0.0,0.0,12835.46798,12835.46798
525,M-1810,item:268091,7364.993949,12835.46798,0.0,203550.0,finite,0.0,lot_campaign_blocked,,7364.993949,12835.46798,min_max,0.0,14400.0,142485.0,14400.0,10,0,0,0,0.0,0.0,12835.46798,12835.46798
526,M-1810,item:268091,7038.484504,12835.46798,0.0,203550.0,finite,0.0,lot_campaign_blocked,,7038.484504,12835.46798,min_max,0.0,14400.0,142485.0,14400.0,10,0,0,0,0.0,0.0,12835.46798,12835.46798
527,M-1810,item:268091,7421.558125,12835.46798,0.0,203550.0,finite,0.0,lot_campaign_blocked,,7421.558125,12835.46798,min_max,0.0,14400.0,142485.0,14400.0,10,0,0,0,0.0,0.0,12835.46798,12835.46798
528,M-1810,item:268091,7946.54836,12835.46798,0.0,203550.0,finite,0.0,lot_campaign_blocked,,7946.54836,12835.46798,min_max,0.0,14400.0,142485.0,14400.0,10,0,0,0,0.0,0.0,12835.46798,12835.46798
529,M-1430,item:268967,9374.514286,107800.0,107800.0,154000.0,finite,3557400.101712,none,,0.0,0.0,fixed,107800.0,107800.0,107800.0,0.0,10,1,1,1,107800.0,107800.0,107800.0,0.0
529,M-1810,item:268091,8499.921917,12835.46798,0.0,203550.0,finite,0.0,lot_campaign_blocked,,8499.921917,12835.46798,min_max,0.0,14400.0,142485.0,14400.0,10,0,0,0,0.0,0.0,12835.46798,12835.46798
530,M-1430,item:268967,13643.017143,107800.0,107800.0,154000.0,finite,3449600.101712,none,,0.0,0.0,fixed,107800.0,107800.0,107800.0,0.0,10,2,1,1,107800.0,107800.0,107800.0,0.0
530,M-1810,item:268091,9058.972138,12835.46798,0.0,203550.0,finite,0.0,lot_campaign_blocked,,9058.972138,12835.46798,min_max,0.0,14400.0,142485.0,14400.0,10,0,0,0,0.0,0.0,12835.46798,12835.46798
531,M-1430,item:268967,16890.317714,107800.0,107800.0,154000.0,finite,3341800.101712,none,,0.0,0.0,fixed,107800.0,107800.0,107800.0,0.0,10,3,1,1,107800.0,107800.0,107800.0,0.0
531,M-1810,item:268091,9619.157693,12835.46798,0.0,203550.0,finite,0.0,lot_campaign_blocked,,9619.157693,12835.46798,min_max,0.0,14400.0,142485.0,14400.0,10,0,0,0,0.0,0.0,12835.46798,12835.46798
532,M-1430,item:268967,19933.377828,107800.0,107800.0,154000.0,finite,3234000.101712,none,,0.0,0.0,fixed,107800.0,107800.0,107800.0,0.0,10,1,1,1,107800.0,107800.0,107800.0,0.0
532,M-1810,item:268091,10179.570314,12835.46798,0.0,203550.0,finite,0.0,lot_campaign_blocked,,10179.570314,12835.46798,min_max,0.0,14400.0,142485.0,14400.0,10,0,0,0,0.0,0.0,12835.46798,12835.46798
532,SDC-1450,item:773474,1862335.8576,3200000.0,3200000.0,0.0,unmodeled,246602684.563758,none,,0.0,0.0,fixed,3200000.0,0.0,0.0,0.0,10,1,1,1,3200000.0,3200000.0,3200000.0,0.0
533,M-1430,item:268967,22935.589851,107800.0,107800.0,154000.0,finite,3126200.101712,none,,0.0,0.0,fixed,107800.0,107800.0,107800.0,0.0,10,2,1,1,107800.0,107800.0,107800.0,0.0
533,M-1810,item:268091,10740.028348,12835.46798,0.0,203550.0,finite,0.0,lot_campaign_blocked,,10740.028348,12835.46798,min_max,0.0,14400.0,142485.0,14400.0,10,0,0,0,0.0,0.0,12835.46798,12835.46798
534,M-1430,item:268967,20945.19144,107800.0,107800.0,154000.0,finite,3018400.101712,none,,0.0,0.0,fixed,107800.0,107800.0,107800.0,0.0,10,3,1,1,107800.0,107800.0,107800.0,0.0
534,M-1810,item:268091,11141.524037,12835.46798,0.0,203550.0,finite,0.0,lot_campaign_blocked,,11141.524037,12835.46798,min_max,0.0,14400.0,142485.0,14400.0,10,0,0,0,0.0,0.0,12835.46798,12835.46798
535,M-1430,item:268967,17956.270941,107800.0,107800.0,154000.0,finite,2910600.101712,none,,0.0,0.0,fixed,107800.0,107800.0,107800.0,0.0,10,4,1,1,107800.0,107800.0,107800.0,0.0
535,M-1810,item:268091,11511.227256,12835.46798,0.0,203550.0,finite,0.0,lot_campaign_blocked,,11511.227256,12835.46798,min_max,0.0,14400.0,142485.0,14400.0,10,0,0,0,0.0,0.0,12835.46798,12835.46798
535,SDC-1450,item:773474,1846803.0576,3200000.0,3200000.0,0.0,unmodeled,243402684.563758,none,,0.0,0.0,fixed,3200000.0,0.0,0.0,0.0,10,2,1,1,3200000.0,3200000.0,3200000.0,0.0
536,M-1810,item:268091,11874.571982,12835.46798,0.0,203550.0,finite,0.0,lot_campaign_blocked,,11874.571982,12835.46798,min_max,0.0,14400.0,142485.0,14400.0,10,0,0,0,0.0,0.0,12835.46798,12835.46798
537,M-1810,item:268091,12236.645008,12835.46798,0.0,203550.0,finite,0.0,lot_campaign_blocked,,12236.645008,12835.46798,min_max,0.0,14400.0,142485.0,14400.0,10,0,0,0,0.0,0.0,12835.46798,12835.46798
538,M-1810,item:268091,12598.463695,12835.46798,0.0,203550.0,finite,0.0,lot_campaign_blocked,,12598.463695,12835.46798,min_max,0.0,14400.0,142485.0,14400.0,10,0,0,0,0.0,0.0,12835.46798,12835.46798
539,M-1810,item:268091,12960.231514,12835.46798,0.0,203550.0,finite,0.0,lot_campaign_blocked,,12960.231514,12835.46798,min_max,0.0,14400.0,142485.0,14400.0,10,0,0,0,0.0,0.0,12835.46798,12835.46798
540,M-1810,item:268091,13321.98916,12835.46798,0.0,203550.0,finite,0.0,lot_campaign_blocked,,13321.98916,12835.46798,min_max,0.0,14400.0,142485.0,14400.0,10,0,0,0,0.0,0.0,12835.46798,12835.46798
541,M-1810,item:268091,12874.471301,12835.46798,0.0,203550.0,finite,0.0,lot_campaign_blocked,,12874.471301,12835.46798,min_max,0.0,14400.0,142485.0,14400.0,10,0,0,0,0.0,0.0,12835.46798,12835.46798
542,M-1810,item:268091,12265.098342,12835.46798,0.0,203550.0,finite,0.0,lot_campaign_blocked,,12265.098342,12835.46798,min_max,0.0,14400.0,142485.0,14400.0,10,0,0,0,0.0,0.0,12835.46798,12835.46798
543,M-1810,item:268091,11623.354362,12835.46798,0.0,203550.0,finite,0.0,lot_campaign_blocked,,11623.354362,12835.46798,min_max,0.0,14400.0,142485.0,14400.0,10,0,0,0,0.0,0.0,12835.46798,12835.46798
544,M-1810,item:268091,10975.136179,12835.46798,0.0,203550.0,finite,0.0,lot_campaign_blocked,,10975.136179,12835.46798,min_max,0.0,14400.0,142485.0,14400.0,10,0,0,0,0.0,0.0,12835.46798,12835.46798
545,M-1810,item:268091,10325.623154,12835.46798,0.0,203550.0,finite,0.0,lot_campaign_blocked,,10325.623154,12835.46798,min_max,0.0,14400.0,142485.0,14400.0,10,0,0,0,0.0,0.0,12835.46798,12835.46798
546,M-1810,item:268091,9675.851162,12835.46798,0.0,203550.0,finite,0.0,lot_campaign_blocked,,9675.851162,12835.46798,min_max,0.0,14400.0,142485.0,14400.0,10,0,0,0,0.0,0.0,12835.46798,12835.46798
547,M-1810,item:268091,9026.027376,12835.46798,0.0,203550.0,finite,0.0,lot_campaign_blocked,,9026.027376,12835.46798,min_max,0.0,14400.0,142485.0,14400.0,10,0,0,0,0.0,0.0,12835.46798,12835.46798
548,M-1810,item:268091,9086.936088,12835.46798,0.0,203550.0,finite,0.0,lot_campaign_blocked,,9086.936088,12835.46798,min_max,0.0,14400.0,142485.0,14400.0,10,0,0,0,0.0,0.0,12835.46798,12835.46798
549,M-1810,item:268091,9289.991299,12835.46798,0.0,203550.0,finite,0.0,lot_campaign_blocked,,9289.991299,12835.46798,min_max,0.0,14400.0,142485.0,14400.0,10,0,0,0,0.0,0.0,12835.46798,12835.46798
550,M-1810,item:268091,9521.475811,12835.46798,0.0,203550.0,finite,0.0,lot_campaign_blocked,,9521.475811,12835.46798,min_max,0.0,14400.0,142485.0,14400.0,10,0,0,0,0.0,0.0,12835.46798,12835.46798
551,M-1810,item:268091,9758.646183,12835.46798,0.0,203550.0,finite,0.0,lot_campaign_blocked,,9758.646183,12835.46798,min_max,0.0,14400.0,142485.0,14400.0,10,0,0,0,0.0,0.0,12835.46798,12835.46798
552,M-1810,item:268091,9996.953727,12835.46798,0.0,203550.0,finite,0.0,lot_campaign_blocked,,9996.953727,12835.46798,min_max,0.0,14400.0,142485.0,14400.0,10,0,0,0,0.0,0.0,12835.46798,12835.46798
553,M-1810,item:268091,10235.488705,12835.46798,0.0,203550.0,finite,0.0,lot_campaign_blocked,,10235.488705,12835.46798,min_max,0.0,14400.0,142485.0,14400.0,10,0,0,0,0.0,0.0,12835.46798,12835.46798
554,M-1810,item:268091,10474.06917,12835.46798,0.0,203550.0,finite,0.0,lot_campaign_blocked,,10474.06917,12835.46798,min_max,0.0,14400.0,142485.0,14400.0,10,0,0,0,0.0,0.0,12835.46798,12835.46798
555,M-1810,item:268091,10141.164855,12835.46798,0.0,203550.0,finite,0.0,lot_campaign_blocked,,10141.164855,12835.46798,min_max,0.0,14400.0,142485.0,14400.0,10,0,0,0,0.0,0.0,12835.46798,12835.46798
556,M-1810,item:268091,9693.963583,12835.46798,0.0,203550.0,finite,0.0,lot_campaign_blocked,,9693.963583,12835.46798,min_max,0.0,14400.0,142485.0,14400.0,10,0,0,0,0.0,0.0,12835.46798,12835.46798
557,M-1810,item:268091,9223.902921,12835.46798,0.0,203550.0,finite,0.0,lot_campaign_blocked,,9223.902921,12835.46798,min_max,0.0,14400.0,142485.0,14400.0,10,0,0,0,0.0,0.0,12835.46798,12835.46798
558,M-1810,item:268091,8749.27038,12835.46798,0.0,203550.0,finite,0.0,lot_campaign_blocked,,8749.27038,12835.46798,min_max,0.0,14400.0,142485.0,14400.0,10,0,0,0,0.0,0.0,12835.46798,12835.46798
559,M-1810,item:268091,8273.723464,12835.46798,0.0,203550.0,finite,0.0,lot_campaign_blocked,,8273.723464,12835.46798,min_max,0.0,14400.0,142485.0,14400.0,10,0,0,0,0.0,0.0,12835.46798,12835.46798
560,M-1810,item:268091,7797.993672,12835.46798,0.0,203550.0,finite,0.0,lot_campaign_blocked,,7797.993672,12835.46798,min_max,0.0,14400.0,142485.0,14400.0,10,0,0,0,0.0,0.0,12835.46798,12835.46798
561,M-1810,item:268091,7322.227306,12835.46798,0.0,203550.0,finite,0.0,lot_campaign_blocked,,7322.227306,12835.46798,min_max,0.0,14400.0,142485.0,14400.0,10,0,0,0,0.0,0.0,12835.46798,12835.46798
562,M-1810,item:268091,7990.959747,12835.46798,0.0,203550.0,finite,0.0,lot_campaign_blocked,,7990.959747,12835.46798,min_max,0.0,14400.0,142485.0,14400.0,10,0,0,0,0.0,0.0,12835.46798,12835.46798
563,M-1810,item:268091,8888.591949,12835.46798,0.0,203550.0,finite,0.0,lot_campaign_blocked,,8888.591949,12835.46798,min_max,0.0,14400.0,142485.0,14400.0,10,0,0,0,0.0,0.0,12835.46798,12835.46798
564,M-1810,item:268091,9832.004104,12835.46798,0.0,203550.0,finite,0.0,lot_campaign_blocked,,9832.004104,12835.46798,min_max,0.0,14400.0,142485.0,14400.0,10,0,0,0,0.0,0.0,12835.46798,12835.46798
565,M-1810,item:268091,10784.572249,12835.46798,0.0,203550.0,finite,0.0,lot_campaign_blocked,,10784.572249,12835.46798,min_max,0.0,14400.0,142485.0,14400.0,10,0,0,0,0.0,0.0,12835.46798,12835.46798
566,M-1810,item:268091,11738.971592,12835.46798,0.0,203550.0,finite,0.0,lot_campaign_blocked,,11738.971592,12835.46798,min_max,0.0,14400.0,142485.0,14400.0,10,0,0,0,0.0,0.0,12835.46798,12835.46798
567,M-1810,item:268091,12693.737175,12835.46798,0.0,203550.0,finite,0.0,lot_campaign_blocked,,12693.737175,12835.46798,min_max,0.0,14400.0,142485.0,14400.0,10,0,0,0,0.0,0.0,12835.46798,12835.46798
568,M-1810,item:268091,13648.576006,12835.46798,0.0,203550.0,finite,0.0,lot_campaign_blocked,,13648.576006,12835.46798,min_max,0.0,14400.0,142485.0,14400.0,10,0,0,0,0.0,0.0,12835.46798,12835.46798
569,M-1810,item:268091,13131.004997,12835.46798,0.0,203550.0,finite,0.0,lot_campaign_blocked,,13131.004997,12835.46798,min_max,0.0,14400.0,142485.0,14400.0,10,0,0,0,0.0,0.0,12835.46798,12835.46798
570,M-1810,item:268091,12318.95202,12835.46798,0.0,203550.0,finite,0.0,lot_campaign_blocked,,12318.95202,12835.46798,min_max,0.0,14400.0,142485.0,14400.0,10,0,0,0,0.0,0.0,12835.46798,12835.46798
571,M-1810,item:268091,11448.002649,12835.46798,0.0,203550.0,finite,0.0,lot_campaign_blocked,,11448.002649,12835.46798,min_max,0.0,14400.0,142485.0,14400.0,10,0,0,0,0.0,0.0,12835.46798,12835.46798
572,M-1810,item:268091,10565.273999,12835.46798,0.0,203550.0,finite,0.0,lot_campaign_blocked,,10565.273999,12835.46798,min_max,0.0,14400.0,142485.0,14400.0,10,0,0,0,0.0,0.0,12835.46798,12835.46798
573,M-1810,item:268091,9680.189494,12835.46798,0.0,203550.0,finite,0.0,lot_campaign_blocked,,9680.189494,12835.46798,min_max,0.0,14400.0,142485.0,14400.0,10,0,0,0,0.0,0.0,12835.46798,12835.46798
574,M-1810,item:268091,8794.633817,12835.46798,0.0,203550.0,finite,0.0,lot_campaign_blocked,,8794.633817,12835.46798,min_max,0.0,14400.0,142485.0,14400.0,10,0,0,0,0.0,0.0,12835.46798,12835.46798
575,M-1810,item:268091,7908.983907,12835.46798,0.0,203550.0,finite,0.0,lot_campaign_blocked,,7908.983907,12835.46798,min_max,0.0,14400.0,142485.0,14400.0,10,0,0,0,0.0,0.0,12835.46798,12835.46798
576,M-1810,item:268091,7306.74372,12835.46798,0.0,203550.0,finite,0.0,lot_campaign_blocked,,7306.74372,12835.46798,min_max,0.0,14400.0,142485.0,14400.0,10,0,0,0,0.0,0.0,12835.46798,12835.46798
577,M-1810,item:268091,6761.185479,12835.46798,0.0,203550.0,finite,0.0,lot_campaign_blocked,,6761.185479,12835.46798,min_max,0.0,14400.0,142485.0,14400.0,10,0,0,0,0.0,0.0,12835.46798,12835.46798
578,M-1810,item:268091,6226.963627,12835.46798,0.0,203550.0,finite,0.0,lot_campaign_blocked,,6226.963627,12835.46798,min_max,0.0,14400.0,142485.0,14400.0,10,0,0,0,0.0,0.0,12835.46798,12835.46798
579,M-1810,item:268091,5695.009052,12835.46798,0.0,203550.0,finite,0.0,lot_campaign_blocked,,5695.009052,12835.46798,min_max,0.0,14400.0,142485.0,14400.0,10,0,0,0,0.0,0.0,12835.46798,12835.46798
580,M-1810,item:268091,5163.507933,12835.46798,0.0,203550.0,finite,0.0,lot_campaign_blocked,,5163.507933,12835.46798,min_max,0.0,14400.0,142485.0,14400.0,10,0,0,0,0.0,0.0,12835.46798,12835.46798
581,M-1810,item:268091,4632.097505,12835.46798,0.0,203550.0,finite,0.0,lot_campaign_blocked,,4632.097505,12835.46798,min_max,0.0,14400.0,142485.0,14400.0,10,0,0,0,0.0,0.0,12835.46798,12835.46798
582,M-1810,item:268091,4100.705215,12835.46798,0.0,203550.0,finite,0.0,lot_campaign_blocked,,4100.705215,12835.46798,min_max,0.0,14400.0,142485.0,14400.0,10,0,0,0,0.0,0.0,12835.46798,12835.46798
583,M-1810,item:268091,4126.0839,12835.46798,0.0,203550.0,finite,0.0,lot_campaign_blocked,,4126.0839,12835.46798,min_max,0.0,14400.0,142485.0,14400.0,10,0,0,0,0.0,0.0,12835.46798,12835.46798
584,M-1810,item:268091,4262.81678,12835.46798,0.0,203550.0,finite,0.0,lot_campaign_blocked,,4262.81678,12835.46798,min_max,0.0,14400.0,142485.0,14400.0,10,0,0,0,0.0,0.0,12835.46798,12835.46798
585,M-1810,item:268091,4421.820499,12835.46798,0.0,203550.0,finite,0.0,lot_campaign_blocked,,4421.820499,12835.46798,min_max,0.0,14400.0,142485.0,14400.0,10,0,0,0,0.0,0.0,12835.46798,12835.46798
586,M-1810,item:268091,4585.278386,12835.46798,0.0,203550.0,finite,0.0,lot_campaign_blocked,,4585.278386,12835.46798,min_max,0.0,14400.0,142485.0,14400.0,10,0,0,0,0.0,0.0,12835.46798,12835.46798
587,M-1810,item:268091,4749.627106,12835.46798,0.0,203550.0,finite,0.0,lot_campaign_blocked,,4749.627106,12835.46798,min_max,0.0,14400.0,142485.0,14400.0,10,0,0,0,0.0,0.0,12835.46798,12835.46798
588,M-1810,item:268091,4914.153993,12835.46798,0.0,203550.0,finite,0.0,lot_campaign_blocked,,4914.153993,12835.46798,min_max,0.0,14400.0,142485.0,14400.0,10,0,0,0,0.0,0.0,12835.46798,12835.46798
589,M-1810,item:268091,5078.716513,12835.46798,0.0,203550.0,finite,0.0,lot_campaign_blocked,,5078.716513,12835.46798,min_max,0.0,14400.0,142485.0,14400.0,10,0,0,0,0.0,0.0,12835.46798,12835.46798
590,M-1810,item:268091,5133.490241,12835.46798,0.0,203550.0,finite,0.0,lot_campaign_blocked,,5133.490241,12835.46798,min_max,0.0,14400.0,142485.0,14400.0,10,0,0,0,0.0,0.0,12835.46798,12835.46798
591,M-1810,item:268091,5166.306212,12835.46798,0.0,203550.0,finite,0.0,lot_campaign_blocked,,5166.306212,12835.46798,min_max,0.0,14400.0,142485.0,14400.0,10,0,0,0,0.0,0.0,12835.46798,12835.46798
592,M-1810,item:268091,5194.73063,12835.46798,0.0,203550.0,finite,0.0,lot_campaign_blocked,,5194.73063,12835.46798,min_max,0.0,14400.0,142485.0,14400.0,10,0,0,0,0.0,0.0,12835.46798,12835.46798
593,M-1810,item:268091,5222.276738,12835.46798,0.0,203550.0,finite,0.0,lot_campaign_blocked,,5222.276738,12835.46798,min_max,0.0,14400.0,142485.0,14400.0,10,0,0,0,0.0,0.0,12835.46798,12835.46798
594,M-1810,item:268091,5249.647184,12835.46798,0.0,203550.0,finite,0.0,lot_campaign_blocked,,5249.647184,12835.46798,min_max,0.0,14400.0,142485.0,14400.0,10,0,0,0,0.0,0.0,12835.46798,12835.46798
595,M-1810,item:268091,5276.982498,12835.46798,0.0,203550.0,finite,0.0,lot_campaign_blocked,,5276.982498,12835.46798,min_max,0.0,14400.0,142485.0,14400.0,10,0,0,0,0.0,0.0,12835.46798,12835.46798
596,M-1810,item:268091,5304.310785,12835.46798,0.0,203550.0,finite,0.0,lot_campaign_blocked,,5304.310785,12835.46798,min_max,0.0,14400.0,142485.0,14400.0,10,0,0,0,0.0,0.0,12835.46798,12835.46798
597,M-1810,item:268091,5991.572361,12835.46798,0.0,203550.0,finite,0.0,lot_campaign_blocked,,5991.572361,12835.46798,min_max,0.0,14400.0,142485.0,14400.0,10,0,0,0,0.0,0.0,12835.46798,12835.46798
598,M-1810,item:268091,6810.820595,12835.46798,0.0,203550.0,finite,0.0,lot_campaign_blocked,,6810.820595,12835.46798,min_max,0.0,14400.0,142485.0,14400.0,10,0,0,0,0.0,0.0,12835.46798,12835.46798
599,M-1810,item:268091,7656.46616,12835.46798,0.0,203550.0,finite,0.0,lot_campaign_blocked,,7656.46616,12835.46798,min_max,0.0,14400.0,142485.0,14400.0,10,0,0,0,0.0,0.0,12835.46798,12835.46798
600,M-1810,item:268091,8507.391191,12835.46798,0.0,203550.0,finite,0.0,lot_campaign_blocked,,8507.391191,12835.46798,min_max,0.0,14400.0,142485.0,14400.0,10,0,0,0,0.0,0.0,12835.46798,12835.46798
601,M-1810,item:268091,9359.372116,12835.46798,0.0,203550.0,finite,0.0,lot_campaign_blocked,,9359.372116,12835.46798,min_max,0.0,14400.0,142485.0,14400.0,10,0,0,0,0.0,0.0,12835.46798,12835.46798
602,M-1810,item:268091,10211.564219,12835.46798,0.0,203550.0,finite,0.0,lot_campaign_blocked,,10211.564219,12835.46798,min_max,0.0,14400.0,142485.0,14400.0,10,0,0,0,0.0,0.0,12835.46798,12835.46798
603,M-1810,item:268091,11063.798558,12835.46798,0.0,203550.0,finite,0.0,lot_campaign_blocked,,11063.798558,12835.46798,min_max,0.0,14400.0,142485.0,14400.0,10,0,0,0,0.0,0.0,12835.46798,12835.46798
604,M-1810,item:268091,11033.918895,12835.46798,0.0,203550.0,finite,0.0,lot_campaign_blocked,,11033.918895,12835.46798,min_max,0.0,14400.0,142485.0,14400.0,10,0,0,0,0.0,0.0,12835.46798,12835.46798
605,M-1810,item:268091,10827.616432,12835.46798,0.0,203550.0,finite,0.0,lot_campaign_blocked,,10827.616432,12835.46798,min_max,0.0,14400.0,142485.0,14400.0,10,0,0,0,0.0,0.0,12835.46798,12835.46798
606,M-1810,item:268091,10586.029409,12835.46798,0.0,203550.0,finite,0.0,lot_campaign_blocked,,10586.029409,12835.46798,min_max,0.0,14400.0,142485.0,14400.0,10,0,0,0,0.0,0.0,12835.46798,12835.46798
607,M-1810,item:268091,10337.385474,12835.46798,0.0,203550.0,finite,0.0,lot_campaign_blocked,,10337.385474,12835.46798,min_max,0.0,14400.0,142485.0,14400.0,10,0,0,0,0.0,0.0,12835.46798,12835.46798
608,M-1810,item:268091,10087.330156,12835.46798,0.0,203550.0,finite,0.0,lot_campaign_blocked,,10087.330156,12835.46798,min_max,0.0,14400.0,142485.0,14400.0,10,0,0,0,0.0,0.0,12835.46798,12835.46798
609,M-1810,item:268091,9836.992562,12835.46798,0.0,203550.0,finite,0.0,lot_campaign_blocked,,9836.992562,12835.46798,min_max,0.0,14400.0,142485.0,14400.0,10,0,0,0,0.0,0.0,12835.46798,12835.46798
610,M-1810,item:268091,9586.598512,12835.46798,0.0,203550.0,finite,0.0,lot_campaign_blocked,,9586.598512,12835.46798,min_max,0.0,14400.0,142485.0,14400.0,10,0,0,0,0.0,0.0,12835.46798,12835.46798
611,M-1810,item:268091,9486.936029,12835.46798,0.0,203550.0,finite,0.0,lot_campaign_blocked,,9486.936029,12835.46798,min_max,0.0,14400.0,142485.0,14400.0,10,0,0,0,0.0,0.0,12835.46798,12835.46798
612,M-1810,item:268091,9417.419859,12835.46798,0.0,203550.0,finite,0.0,lot_campaign_blocked,,9417.419859,12835.46798,min_max,0.0,14400.0,142485.0,14400.0,10,0,0,0,0.0,0.0,12835.46798,12835.46798
613,M-1810,item:268091,9353.932951,12835.46798,0.0,203550.0,finite,0.0,lot_campaign_blocked,,9353.932951,12835.46798,min_max,0.0,14400.0,142485.0,14400.0,10,0,0,0,0.0,0.0,12835.46798,12835.46798
614,M-1810,item:268091,9291.651896,12835.46798,0.0,203550.0,finite,0.0,lot_campaign_blocked,,9291.651896,12835.46798,min_max,0.0,14400.0,142485.0,14400.0,10,0,0,0,0.0,0.0,12835.46798,12835.46798
615,M-1810,item:268091,9229.612012,12835.46798,0.0,203550.0,finite,0.0,lot_campaign_blocked,,9229.612012,12835.46798,min_max,0.0,14400.0,142485.0,14400.0,10,0,0,0,0.0,0.0,12835.46798,12835.46798
616,M-1810,item:268091,9167.620361,12835.46798,0.0,203550.0,finite,0.0,lot_campaign_blocked,,9167.620361,12835.46798,min_max,0.0,14400.0,142485.0,14400.0,10,0,0,0,0.0,0.0,12835.46798,12835.46798
617,M-1810,item:268091,9105.638358,12835.46798,0.0,203550.0,finite,0.0,lot_campaign_blocked,,9105.638358,12835.46798,min_max,0.0,14400.0,142485.0,14400.0,10,0,0,0,0.0,0.0,12835.46798,12835.46798
618,M-1810,item:268091,9212.915427,12835.46798,0.0,203550.0,finite,0.0,lot_campaign_blocked,,9212.915427,12835.46798,min_max,0.0,14400.0,142485.0,14400.0,10,0,0,0,0.0,0.0,12835.46798,12835.46798
619,M-1810,item:268091,9354.04431,12835.46798,0.0,203550.0,finite,0.0,lot_campaign_blocked,,9354.04431,12835.46798,min_max,0.0,14400.0,142485.0,14400.0,10,0,0,0,0.0,0.0,12835.46798,12835.46798
620,M-1810,item:268091,9501.943556,12835.46798,0.0,203550.0,finite,0.0,lot_campaign_blocked,,9501.943556,12835.46798,min_max,0.0,14400.0,142485.0,14400.0,10,0,0,0,0.0,0.0,12835.46798,12835.46798
621,M-1810,item:268091,9651.196874,12835.46798,0.0,203550.0,finite,0.0,lot_campaign_blocked,,9651.196874,12835.46798,min_max,0.0,14400.0,142485.0,14400.0,10,0,0,0,0.0,0.0,12835.46798,12835.46798
622,M-1810,item:268091,9800.721007,12835.46798,0.0,203550.0,finite,0.0,lot_campaign_blocked,,9800.721007,12835.46798,min_max,0.0,14400.0,142485.0,14400.0,10,0,0,0,0.0,0.0,12835.46798,12835.46798
623,M-1810,item:268091,9950.299303,12835.46798,0.0,203550.0,finite,0.0,lot_campaign_blocked,,9950.299303,12835.46798,min_max,0.0,14400.0,142485.0,14400.0,10,0,0,0,0.0,0.0,12835.46798,12835.46798
624,M-1810,item:268091,10099.888432,12835.46798,0.0,203550.0,finite,0.0,lot_campaign_blocked,,10099.888432,12835.46798,min_max,0.0,14400.0,142485.0,14400.0,10,0,0,0,0.0,0.0,12835.46798,12835.46798
625,M-1810,item:268091,10479.96136,12835.46798,0.0,203550.0,finite,0.0,lot_campaign_blocked,,10479.96136,12835.46798,min_max,0.0,14400.0,142485.0,14400.0,10,0,0,0,0.0,0.0,12835.46798,12835.46798
626,M-1810,item:268091,10906.131047,12835.46798,0.0,203550.0,finite,0.0,lot_campaign_blocked,,10906.131047,12835.46798,min_max,0.0,14400.0,142485.0,14400.0,10,0,0,0,0.0,0.0,12835.46798,12835.46798
627,M-1810,item:268091,11341.520087,12835.46798,0.0,203550.0,finite,0.0,lot_campaign_blocked,,11341.520087,12835.46798,min_max,0.0,14400.0,142485.0,14400.0,10,0,0,0,0.0,0.0,12835.46798,12835.46798
628,M-1810,item:268091,11778.752997,12835.46798,0.0,203550.0,finite,0.0,lot_campaign_blocked,,11778.752997,12835.46798,min_max,0.0,14400.0,142485.0,14400.0,10,0,0,0,0.0,0.0,12835.46798,12835.46798
629,M-1810,item:268091,12216.354681,12835.46798,0.0,203550.0,finite,0.0,lot_campaign_blocked,,12216.354681,12835.46798,min_max,0.0,14400.0,142485.0,14400.0,10,0,0,0,0.0,0.0,12835.46798,12835.46798
630,M-1810,item:268091,12654.03012,12835.46798,0.0,203550.0,finite,0.0,lot_campaign_blocked,,12654.03012,12835.46798,min_max,0.0,14400.0,142485.0,14400.0,10,0,0,0,0.0,0.0,12835.46798,12835.46798
631,M-1810,item:268091,13091.72031,12835.46798,0.0,203550.0,finite,0.0,lot_campaign_blocked,,13091.72031,12835.46798,min_max,0.0,14400.0,142485.0,14400.0,10,0,0,0,0.0,0.0,12835.46798,12835.46798
632,M-1810,item:268091,12561.250184,12835.46798,0.0,203550.0,finite,0.0,lot_campaign_blocked,,12561.250184,12835.46798,min_max,0.0,14400.0,142485.0,14400.0,10,0,0,0,0.0,0.0,12835.46798,12835.46798
633,M-1810,item:268091,11837.147996,12835.46798,0.0,203550.0,finite,0.0,lot_campaign_blocked,,11837.147996,12835.46798,min_max,0.0,14400.0,142485.0,14400.0,10,0,0,0,0.0,0.0,12835.46798,12835.46798
634,M-1810,item:268091,11074.319395,12835.46798,0.0,203550.0,finite,0.0,lot_campaign_blocked,,11074.319395,12835.46798,min_max,0.0,14400.0,142485.0,14400.0,10,0,0,0,0.0,0.0,12835.46798,12835.46798
635,M-1810,item:268091,10303.745512,12835.46798,0.0,203550.0,finite,0.0,lot_campaign_blocked,,10303.745512,12835.46798,min_max,0.0,14400.0,142485.0,14400.0,10,0,0,0,0.0,0.0,12835.46798,12835.46798
636,M-1810,item:268091,9531.622572,12835.46798,0.0,203550.0,finite,0.0,lot_campaign_blocked,,9531.622572,12835.46798,min_max,0.0,14400.0,142485.0,14400.0,10,0,0,0,0.0,0.0,12835.46798,12835.46798
637,M-1810,item:268091,8759.189821,12835.46798,0.0,203550.0,finite,0.0,lot_campaign_blocked,,8759.189821,12835.46798,min_max,0.0,14400.0,142485.0,14400.0,10,0,0,0,0.0,0.0,12835.46798,12835.46798
638,M-1810,item:268091,7986.695107,12835.46798,0.0,203550.0,finite,0.0,lot_campaign_blocked,,7986.695107,12835.46798,min_max,0.0,14400.0,142485.0,14400.0,10,0,0,0,0.0,0.0,12835.46798,12835.46798
639,M-1810,item:268091,7996.914532,12835.46798,0.0,203550.0,finite,0.0,lot_campaign_blocked,,7996.914532,12835.46798,min_max,0.0,14400.0,142485.0,14400.0,10,0,0,0,0.0,0.0,12835.46798,12835.46798
640,M-1810,item:268091,8163.676784,12835.46798,0.0,203550.0,finite,0.0,lot_campaign_blocked,,8163.676784,12835.46798,min_max,0.0,14400.0,142485.0,14400.0,10,0,0,0,0.0,0.0,12835.46798,12835.46798
641,M-1810,item:268091,8361.747602,12835.46798,0.0,203550.0,finite,0.0,lot_campaign_blocked,,8361.747602,12835.46798,min_max,0.0,14400.0,142485.0,14400.0,10,0,0,0,0.0,0.0,12835.46798,12835.46798
642,M-1810,item:268091,8566.080133,12835.46798,0.0,203550.0,finite,0.0,lot_campaign_blocked,,8566.080133,12835.46798,min_max,0.0,14400.0,142485.0,14400.0,10,0,0,0,0.0,0.0,12835.46798,12835.46798
643,M-1810,item:268091,8771.665006,12835.46798,0.0,203550.0,finite,0.0,lot_campaign_blocked,,8771.665006,12835.46798,min_max,0.0,14400.0,142485.0,14400.0,10,0,0,0,0.0,0.0,12835.46798,12835.46798
644,M-1810,item:268091,8977.500348,12835.46798,0.0,203550.0,finite,0.0,lot_campaign_blocked,,8977.500348,12835.46798,min_max,0.0,14400.0,142485.0,14400.0,10,0,0,0,0.0,0.0,12835.46798,12835.46798
645,M-1810,item:268091,9183.385784,12835.46798,0.0,203550.0,finite,0.0,lot_campaign_blocked,,9183.385784,12835.46798,min_max,0.0,14400.0,142485.0,14400.0,10,0,0,0,0.0,0.0,12835.46798,12835.46798
646,M-1810,item:268091,9345.673075,12835.46798,0.0,203550.0,finite,0.0,lot_campaign_blocked,,9345.673075,12835.46798,min_max,0.0,14400.0,142485.0,14400.0,10,0,0,0,0.0,0.0,12835.46798,12835.46798
647,M-1810,item:268091,9499.240738,12835.46798,0.0,203550.0,finite,0.0,lot_campaign_blocked,,9499.240738,12835.46798,min_max,0.0,14400.0,142485.0,14400.0,10,0,0,0,0.0,0.0,12835.46798,12835.46798
648,M-1810,item:268091,9651.064474,12835.46798,0.0,203550.0,finite,0.0,lot_campaign_blocked,,9651.064474,12835.46798,min_max,0.0,14400.0,142485.0,14400.0,10,0,0,0,0.0,0.0,12835.46798,12835.46798
649,M-1810,item:268091,9802.539426,12835.46798,0.0,203550.0,finite,0.0,lot_campaign_blocked,,9802.539426,12835.46798,min_max,0.0,14400.0,142485.0,14400.0,10,0,0,0,0.0,0.0,12835.46798,12835.46798
650,M-1810,item:268091,9953.94462,12835.46798,0.0,203550.0,finite,0.0,lot_campaign_blocked,,9953.94462,12835.46798,min_max,0.0,14400.0,142485.0,14400.0,10,0,0,0,0.0,0.0,12835.46798,12835.46798
651,M-1810,item:268091,10105.335863,12835.46798,0.0,203550.0,finite,0.0,lot_campaign_blocked,,10105.335863,12835.46798,min_max,0.0,14400.0,142485.0,14400.0,10,0,0,0,0.0,0.0,12835.46798,12835.46798
652,M-1810,item:268091,10256.724316,12835.46798,0.0,203550.0,finite,0.0,lot_campaign_blocked,,10256.724316,12835.46798,min_max,0.0,14400.0,142485.0,14400.0,10,0,0,0,0.0,0.0,12835.46798,12835.46798
653,M-1810,item:268091,10418.397925,12835.46798,0.0,203550.0,finite,0.0,lot_campaign_blocked,,10418.397925,12835.46798,min_max,0.0,14400.0,142485.0,14400.0,10,0,0,0,0.0,0.0,12835.46798,12835.46798
654,M-1810,item:268091,10582.128565,12835.46798,0.0,203550.0,finite,0.0,lot_campaign_blocked,,10582.128565,12835.46798,min_max,0.0,14400.0,142485.0,14400.0,10,0,0,0,0.0,0.0,12835.46798,12835.46798
655,M-1810,item:268091,10746.270611,12835.46798,0.0,203550.0,finite,0.0,lot_campaign_blocked,,10746.270611,12835.46798,min_max,0.0,14400.0,142485.0,14400.0,10,0,0,0,0.0,0.0,12835.46798,12835.46798
656,M-1810,item:268091,10910.494939,12835.46798,0.0,203550.0,finite,0.0,lot_campaign_blocked,,10910.494939,12835.46798,min_max,0.0,14400.0,142485.0,14400.0,10,0,0,0,0.0,0.0,12835.46798,12835.46798
657,M-1810,item:268091,11074.735722,12835.46798,0.0,203550.0,finite,0.0,lot_campaign_blocked,,11074.735722,12835.46798,min_max,0.0,14400.0,142485.0,14400.0,10,0,0,0,0.0,0.0,12835.46798,12835.46798
658,M-1810,item:268091,11238.979797,12835.46798,0.0,203550.0,finite,0.0,lot_campaign_blocked,,11238.979797,12835.46798,min_max,0.0,14400.0,142485.0,14400.0,10,0,0,0,0.0,0.0,12835.46798,12835.46798
659,M-1810,item:268091,11403.224531,12835.46798,0.0,203550.0,finite,0.0,lot_campaign_blocked,,11403.224531,12835.46798,min_max,0.0,14400.0,142485.0,14400.0,10,0,0,0,0.0,0.0,12835.46798,12835.46798
660,M-1810,item:268091,10969.869396,12835.46798,0.0,203550.0,finite,0.0,lot_campaign_blocked,,10969.869396,12835.46798,min_max,0.0,14400.0,142485.0,14400.0,10,0,0,0,0.0,0.0,12835.46798,12835.46798
661,M-1810,item:268091,10416.994287,12835.46798,0.0,203550.0,finite,0.0,lot_campaign_blocked,,10416.994287,12835.46798,min_max,0.0,14400.0,142485.0,14400.0,10,0,0,0,0.0,0.0,12835.46798,12835.46798
662,M-1810,item:268091,9840.215184,12835.46798,0.0,203550.0,finite,0.0,lot_campaign_blocked,,9840.215184,12835.46798,min_max,0.0,14400.0,142485.0,14400.0,10,0,0,0,0.0,0.0,12835.46798,12835.46798
663,M-1810,item:268091,9258.655282,12835.46798,0.0,203550.0,finite,0.0,lot_campaign_blocked,,9258.655282,12835.46798,min_max,0.0,14400.0,142485.0,14400.0,10,0,0,0,0.0,0.0,12835.46798,12835.46798
664,M-1810,item:268091,8676.13922,12835.46798,0.0,203550.0,finite,0.0,lot_campaign_blocked,,8676.13922,12835.46798,min_max,0.0,14400.0,142485.0,14400.0,10,0,0,0,0.0,0.0,12835.46798,12835.46798
665,M-1810,item:268091,8093.431926,12835.46798,0.0,203550.0,finite,0.0,lot_campaign_blocked,,8093.431926,12835.46798,min_max,0.0,14400.0,142485.0,14400.0,10,0,0,0,0.0,0.0,12835.46798,12835.46798
666,M-1810,item:268091,7510.686385,12835.46798,0.0,203550.0,finite,0.0,lot_campaign_blocked,,7510.686385,12835.46798,min_max,0.0,14400.0,142485.0,14400.0,10,0,0,0,0.0,0.0,12835.46798,12835.46798
667,M-1810,item:268091,7711.655644,12835.46798,0.0,203550.0,finite,0.0,lot_campaign_blocked,,7711.655644,12835.46798,min_max,0.0,14400.0,142485.0,14400.0,10,0,0,0,0.0,0.0,12835.46798,12835.46798
668,M-1810,item:268091,8069.367863,12835.46798,0.0,203550.0,finite,0.0,lot_campaign_blocked,,8069.367863,12835.46798,min_max,0.0,14400.0,142485.0,14400.0,10,0,0,0,0.0,0.0,12835.46798,12835.46798
669,M-1810,item:268091,8458.428675,12835.46798,0.0,203550.0,finite,0.0,lot_campaign_blocked,,8458.428675,12835.46798,min_max,0.0,14400.0,142485.0,14400.0,10,0,0,0,0.0,0.0,12835.46798,12835.46798
670,M-1810,item:268091,8853.759204,12835.46798,0.0,203550.0,finite,0.0,lot_campaign_blocked,,8853.759204,12835.46798,min_max,0.0,14400.0,142485.0,14400.0,10,0,0,0,0.0,0.0,12835.46798,12835.46798
671,M-1810,item:268091,9250.343677,12835.46798,0.0,203550.0,finite,0.0,lot_campaign_blocked,,9250.343677,12835.46798,min_max,0.0,14400.0,142485.0,14400.0,10,0,0,0,0.0,0.0,12835.46798,12835.46798
672,M-1810,item:268091,9647.178939,12835.46798,0.0,203550.0,finite,0.0,lot_campaign_blocked,,9647.178939,12835.46798,min_max,0.0,14400.0,142485.0,14400.0,10,0,0,0,0.0,0.0,12835.46798,12835.46798
673,M-1430,item:268967,6159.542857,107800.0,107800.0,154000.0,finite,3557400.080707,none,,0.0,0.0,fixed,107800.0,107800.0,107800.0,0.0,10,1,1,1,107800.0,107800.0,107800.0,0.0
673,M-1810,item:268091,10044.064359,12835.46798,0.0,203550.0,finite,0.0,lot_campaign_blocked,,10044.064359,12835.46798,min_max,0.0,14400.0,142485.0,14400.0,10,0,0,0,0.0,0.0,12835.46798,12835.46798
674,M-1810,item:268091,9665.580219,12835.46798,0.0,203550.0,finite,0.0,lot_campaign_blocked,,9665.580219,12835.46798,min_max,0.0,14400.0,142485.0,14400.0,10,0,0,0,0.0,0.0,12835.46798,12835.46798
675,M-1810,item:268091,9132.022166,12835.46798,0.0,203550.0,finite,0.0,lot_campaign_blocked,,9132.022166,12835.46798,min_max,0.0,14400.0,142485.0,14400.0,10,0,0,0,0.0,0.0,12835.46798,12835.46798
676,M-1810,item:268091,8567.449331,12835.46798,0.0,203550.0,finite,0.0,lot_campaign_blocked,,8567.449331,12835.46798,min_max,0.0,14400.0,142485.0,14400.0,10,0,0,0,0.0,0.0,12835.46798,12835.46798
677,M-1810,item:268091,7996.67354,12835.46798,0.0,203550.0,finite,0.0,lot_campaign_blocked,,7996.67354,12835.46798,min_max,0.0,14400.0,142485.0,14400.0,10,0,0,0,0.0,0.0,12835.46798,12835.46798
678,M-1810,item:268091,7424.657157,12835.46798,0.0,203550.0,finite,0.0,lot_campaign_blocked,,7424.657157,12835.46798,min_max,0.0,14400.0,142485.0,14400.0,10,0,0,0,0.0,0.0,12835.46798,12835.46798
679,M-1810,item:268091,6852.392656,12835.46798,0.0,203550.0,finite,0.0,lot_campaign_blocked,,6852.392656,12835.46798,min_max,0.0,14400.0,142485.0,14400.0,10,0,0,0,0.0,0.0,12835.46798,12835.46798
680,M-1810,item:268091,6280.078531,12835.46798,0.0,203550.0,finite,0.0,lot_campaign_blocked,,6280.078531,12835.46798,min_max,0.0,14400.0,142485.0,14400.0,10,0,0,0,0.0,0.0,12835.46798,12835.46798
681,M-1810,item:268091,7184.570808,12835.46798,0.0,203550.0,finite,0.0,lot_campaign_blocked,,7184.570808,12835.46798,min_max,0.0,14400.0,142485.0,14400.0,10,0,0,0,0.0,0.0,12835.46798,12835.46798
682,M-1810,item:268091,8384.424366,12835.46798,0.0,203550.0,finite,0.0,lot_campaign_blocked,,8384.424366,12835.46798,min_max,0.0,14400.0,142485.0,14400.0,10,0,0,0,0.0,0.0,12835.46798,12835.46798
683,M-1810,item:268091,9643.350179,12835.46798,0.0,203550.0,finite,0.0,lot_campaign_blocked,,9643.350179,12835.46798,min_max,0.0,14400.0,142485.0,14400.0,10,0,0,0,0.0,0.0,12835.46798,12835.46798
684,M-1810,item:268091,10914.090444,12835.46798,0.0,203550.0,finite,0.0,lot_campaign_blocked,,10914.090444,12835.46798,min_max,0.0,14400.0,142485.0,14400.0,10,0,0,0,0.0,0.0,12835.46798,12835.46798
685,M-1810,item:268091,12187.193599,12835.46798,0.0,203550.0,finite,0.0,lot_campaign_blocked,,12187.193599,12835.46798,min_max,0.0,14400.0,142485.0,14400.0,10,0,0,0,0.0,0.0,12835.46798,12835.46798
686,M-1810,item:268091,13460.769332,12835.46798,0.0,203550.0,finite,0.0,lot_campaign_blocked,,13460.769332,12835.46798,min_max,0.0,14400.0,142485.0,14400.0,10,0,0,0,0.0,0.0,12835.46798,12835.46798
687,M-1810,item:268091,14734.439581,12835.46798,0.0,203550.0,finite,0.0,lot_campaign_blocked,,14734.439581,12835.46798,min_max,0.0,14400.0,142485.0,14400.0,10,0,0,0,0.0,0.0,12835.46798,12835.46798
688,M-1810,item:268091,15120.732814,12835.46798,0.0,203550.0,finite,0.0,lot_campaign_blocked,,15120.732814,12835.46798,min_max,0.0,14400.0,142485.0,14400.0,10,0,0,0,0.0,0.0,12835.46798,12835.46798
689,M-1810,item:268091,15329.550645,12835.46798,0.0,203550.0,finite,0.0,lot_campaign_blocked,,15329.550645,12835.46798,min_max,0.0,14400.0,142485.0,14400.0,10,0,0,0,0.0,0.0,12835.46798,12835.46798
690,M-1810,item:268091,15502.873394,12835.46798,0.0,203550.0,finite,0.0,lot_campaign_blocked,,15502.873394,12835.46798,min_max,0.0,14400.0,142485.0,14400.0,10,0,0,0,0.0,0.0,12835.46798,12835.46798
691,M-1810,item:268091,15669.097128,12835.46798,0.0,203550.0,finite,0.0,lot_campaign_blocked,,15669.097128,12835.46798,min_max,0.0,14400.0,142485.0,14400.0,10,0,0,0,0.0,0.0,12835.46798,12835.46798
692,M-1810,item:268091,15833.901058,12835.46798,0.0,203550.0,finite,0.0,lot_campaign_blocked,,15833.901058,12835.46798,min_max,0.0,14400.0,142485.0,14400.0,10,0,0,0,0.0,0.0,12835.46798,12835.46798
693,M-1810,item:268091,15998.421028,12835.46798,0.0,203550.0,finite,0.0,lot_campaign_blocked,,15998.421028,12835.46798,min_max,0.0,14400.0,142485.0,14400.0,10,0,0,0,0.0,0.0,12835.46798,12835.46798
694,M-1430,item:268967,5491.542857,107800.0,107800.0,154000.0,finite,3557400.018519,none,,0.0,0.0,fixed,107800.0,107800.0,107800.0,0.0,10,1,1,1,107800.0,107800.0,107800.0,0.0
694,M-1810,item:268091,16162.884206,12835.46798,0.0,203550.0,finite,0.0,lot_campaign_blocked,,16162.884206,12835.46798,min_max,0.0,14400.0,142485.0,14400.0,10,0,0,0,0.0,0.0,12835.46798,12835.46798
695,M-1810,item:268091,15468.25031,12835.46798,0.0,203550.0,finite,0.0,lot_campaign_blocked,,15468.25031,12835.46798,min_max,0.0,14400.0,142485.0,14400.0,10,0,0,0,0.0,0.0,12835.46798,12835.46798
695,SDC-1450,item:773474,1831270.2576,3200000.0,3200000.0,0.0,unmodeled,240202684.563758,none,,0.0,0.0,fixed,3200000.0,0.0,0.0,0.0,10,1,1,1,3200000.0,3200000.0,3200000.0,0.0
696,M-1810,item:268091,14601.797001,12835.46798,0.0,203550.0,finite,0.0,lot_campaign_blocked,,14601.797001,12835.46798,min_max,0.0,14400.0,142485.0,14400.0,10,0,0,0,0.0,0.0,12835.46798,12835.46798
697,M-1810,item:268091,13700.979808,12835.46798,0.0,203550.0,finite,0.0,lot_campaign_blocked,,13700.979808,12835.46798,min_max,0.0,14400.0,142485.0,14400.0,10,0,0,0,0.0,0.0,12835.46798,12835.46798
698,M-1810,item:268091,12793.289839,12835.46798,0.0,203550.0,finite,0.0,lot_campaign_blocked,,12793.289839,12835.46798,min_max,0.0,14400.0,142485.0,14400.0,10,0,0,0,0.0,0.0,12835.46798,12835.46798
699,M-1810,item:268091,11884.225315,12835.46798,0.0,203550.0,finite,0.0,lot_campaign_blocked,,11884.225315,12835.46798,min_max,0.0,14400.0,142485.0,14400.0,10,0,0,0,0.0,0.0,12835.46798,12835.46798
700,M-1810,item:268091,10974.885879,12835.46798,0.0,203550.0,finite,0.0,lot_campaign_blocked,,10974.885879,12835.46798,min_max,0.0,14400.0,142485.0,14400.0,10,0,0,0,0.0,0.0,12835.46798,12835.46798
701,M-1810,item:268091,10065.491461,12835.46798,0.0,203550.0,finite,0.0,lot_campaign_blocked,,10065.491461,12835.46798,min_max,0.0,14400.0,142485.0,14400.0,10,0,0,0,0.0,0.0,12835.46798,12835.46798
702,M-1810,item:268091,9989.849313,12835.46798,0.0,203550.0,finite,0.0,lot_campaign_blocked,,9989.849313,12835.46798,min_max,0.0,14400.0,142485.0,14400.0,10,0,0,0,0.0,0.0,12835.46798,12835.46798
703,M-1810,item:268091,10080.957618,12835.46798,0.0,203550.0,finite,0.0,lot_campaign_blocked,,10080.957618,12835.46798,min_max,0.0,14400.0,142485.0,14400.0,10,0,0,0,0.0,0.0,12835.46798,12835.46798
704,M-1810,item:268091,10205.416013,12835.46798,0.0,203550.0,finite,0.0,lot_campaign_blocked,,10205.416013,12835.46798,min_max,0.0,14400.0,142485.0,14400.0,10,0,0,0,0.0,0.0,12835.46798,12835.46798
705,M-1810,item:268091,10336.544427,12835.46798,0.0,203550.0,finite,0.0,lot_campaign_blocked,,10336.544427,12835.46798,min_max,0.0,14400.0,142485.0,14400.0,10,0,0,0,0.0,0.0,12835.46798,12835.46798
706,M-1810,item:268091,10469.006845,12835.46798,0.0,203550.0,finite,0.0,lot_campaign_blocked,,10469.006845,12835.46798,min_max,0.0,14400.0,142485.0,14400.0,10,0,0,0,0.0,0.0,12835.46798,12835.46798
707,M-1810,item:268091,10601.736063,12835.46798,0.0,203550.0,finite,0.0,lot_campaign_blocked,,10601.736063,12835.46798,min_max,0.0,14400.0,142485.0,14400.0,10,0,0,0,0.0,0.0,12835.46798,12835.46798
708,M-1810,item:268091,10734.518641,12835.46798,0.0,203550.0,finite,0.0,lot_campaign_blocked,,10734.518641,12835.46798,min_max,0.0,14400.0,142485.0,14400.0,10,0,0,0,0.0,0.0,12835.46798,12835.46798
709,M-1810,item:268091,11815.279239,12835.46798,0.0,203550.0,finite,0.0,lot_campaign_blocked,,11815.279239,12835.46798,min_max,0.0,14400.0,142485.0,14400.0,10,0,0,0,0.0,0.0,12835.46798,12835.46798
710,M-1810,item:268091,13085.63544,12835.46798,0.0,203550.0,finite,0.0,lot_campaign_blocked,,13085.63544,12835.46798,min_max,0.0,14400.0,142485.0,14400.0,10,0,0,0,0.0,0.0,12835.46798,12835.46798
711,M-1810,item:268091,14393.910762,12835.46798,0.0,203550.0,finite,0.0,lot_campaign_blocked,,14393.910762,12835.46798,min_max,0.0,14400.0,142485.0,14400.0,10,0,0,0,0.0,0.0,12835.46798,12835.46798
712,M-1810,item:268091,15709.769908,12835.46798,0.0,203550.0,finite,0.0,lot_campaign_blocked,,15709.769908,12835.46798,min_max,0.0,14400.0,142485.0,14400.0,10,0,0,0,0.0,0.0,12835.46798,12835.46798
713,M-1810,item:268091,17027.145818,12835.46798,0.0,203550.0,finite,0.0,lot_campaign_blocked,,17027.145818,12835.46798,min_max,0.0,14400.0,142485.0,14400.0,10,0,0,0,0.0,0.0,12835.46798,12835.46798
714,M-1430,item:268967,5553.012245,107800.0,107800.0,154000.0,finite,3466325.0,none,,0.0,0.0,fixed,107800.0,107800.0,107800.0,0.0,10,1,1,1,107800.0,107800.0,107800.0,0.0
714,M-1810,item:268091,18344.825082,12835.46798,0.0,203550.0,finite,0.0,lot_campaign_blocked,,18344.825082,12835.46798,min_max,0.0,14400.0,142485.0,14400.0,10,0,0,0,0.0,0.0,12835.46798,12835.46798
715,M-1810,item:268091,19662.565016,12835.46798,0.0,203550.0,finite,0.0,lot_campaign_blocked,,19662.565016,12835.46798,min_max,0.0,14400.0,142485.0,14400.0,10,0,0,0,0.0,0.0,12835.46798,12835.46798
716,M-1810,item:268091,19568.888513,12835.46798,0.0,203550.0,finite,0.0,lot_campaign_blocked,,19568.888513,12835.46798,min_max,0.0,14400.0,142485.0,14400.0,10,0,0,0,0.0,0.0,12835.46798,12835.46798
717,M-1810,item:268091,19192.928723,12835.46798,0.0,203550.0,finite,0.0,lot_campaign_blocked,,19192.928723,12835.46798,min_max,0.0,14400.0,142485.0,14400.0,10,0,0,0,0.0,0.0,12835.46798,12835.46798
718,M-1810,item:268091,18760.512275,12835.46798,0.0,203550.0,finite,0.0,lot_campaign_blocked,,18760.512275,12835.46798,min_max,0.0,14400.0,142485.0,14400.0,10,0,0,0,0.0,0.0,12835.46798,12835.46798
719,M-1810,item:268091,18316.804496,12835.46798,0.0,203550.0,finite,0.0,lot_campaign_blocked,,18316.804496,12835.46798,min_max,0.0,14400.0,142485.0,14400.0,10,0,0,0,0.0,0.0,12835.46798,12835.46798
720,M-1810,item:268091,17870.83845,12835.46798,0.0,203550.0,finite,0.0,lot_campaign_blocked,,17870.83845,12835.46798,min_max,0.0,14400.0,142485.0,14400.0,10,0,0,0,0.0,0.0,12835.46798,12835.46798
721,M-1810,item:268091,17424.420751,12835.46798,0.0,203550.0,finite,0.0,lot_campaign_blocked,,17424.420751,12835.46798,min_max,0.0,14400.0,142485.0,14400.0,10,0,0,0,0.0,0.0,12835.46798,12835.46798
722,M-1810,item:268091,16977.912721,12835.46798,0.0,203550.0,finite,0.0,lot_campaign_blocked,,16977.912721,12835.46798,min_max,0.0,14400.0,142485.0,14400.0,10,0,0,0,0.0,0.0,12835.46798,12835.46798
723,M-1810,item:268091,14961.035605,12835.46798,0.0,203550.0,finite,0.0,lot_campaign_blocked,,14961.035605,12835.46798,min_max,0.0,14400.0,142485.0,14400.0,10,0,0,0,0.0,0.0,12835.46798,12835.46798
724,M-1810,item:268091,12847.227529,12835.46798,0.0,203550.0,finite,0.0,lot_campaign_blocked,,12847.227529,12835.46798,min_max,0.0,14400.0,142485.0,14400.0,10,0,0,0,0.0,0.0,12835.46798,12835.46798
725,M-1810,item:268091,10714.033261,12835.46798,0.0,203550.0,finite,0.0,lot_campaign_blocked,,10714.033261,12835.46798,min_max,0.0,14400.0,142485.0,14400.0,10,0,0,0,0.0,0.0,12835.46798,12835.46798
726,M-1810,item:268091,8576.961754,12835.46798,0.0,203550.0,finite,0.0,lot_campaign_blocked,,8576.961754,12835.46798,min_max,0.0,14400.0,142485.0,14400.0,10,0,0,0,0.0,0.0,12835.46798,12835.46798
727,M-1810,item:268091,6439.1148,12835.46798,0.0,203550.0,finite,0.0,lot_campaign_blocked,,6439.1148,12835.46798,min_max,0.0,14400.0,142485.0,14400.0,10,0,0,0,0.0,0.0,12835.46798,12835.46798
728,M-1810,item:268091,4301.112756,12835.46798,0.0,203550.0,finite,0.0,lot_campaign_blocked,,4301.112756,12835.46798,min_max,0.0,14400.0,142485.0,14400.0,10,0,0,0,0.0,0.0,12835.46798,12835.46798
729,M-1810,item:268091,2163.079694,12835.46798,0.0,203550.0,finite,0.0,lot_campaign_blocked,,2163.079694,12835.46798,min_max,0.0,14400.0,142485.0,14400.0,10,0,0,0,0.0,0.0,12835.46798,12835.46798
730,M-1810,item:268091,1952.615939,12835.46798,0.0,203550.0,finite,0.0,lot_campaign_blocked,,1952.615939,12835.46798,min_max,0.0,14400.0,142485.0,14400.0,10,0,0,0,0.0,0.0,12835.46798,12835.46798
731,M-1810,item:268091,2276.547678,12835.46798,0.0,203550.0,finite,0.0,lot_campaign_blocked,,2276.547678,12835.46798,min_max,0.0,14400.0,142485.0,14400.0,10,0,0,0,0.0,0.0,12835.46798,12835.46798
732,M-1810,item:268091,2707.358515,12835.46798,0.0,203550.0,finite,0.0,lot_campaign_blocked,,2707.358515,12835.46798,min_max,0.0,14400.0,142485.0,14400.0,10,0,0,0,0.0,0.0,12835.46798,12835.46798
733,M-1810,item:268091,3159.545173,12835.46798,0.0,203550.0,finite,0.0,lot_campaign_blocked,,3159.545173,12835.46798,min_max,0.0,14400.0,142485.0,14400.0,10,0,0,0,0.0,0.0,12835.46798,12835.46798
734,M-1810,item:268091,3616.006994,12835.46798,0.0,203550.0,finite,0.0,lot_campaign_blocked,,3616.006994,12835.46798,min_max,0.0,14400.0,142485.0,14400.0,10,0,0,0,0.0,0.0,12835.46798,12835.46798
735,M-1810,item:268091,4073.323848,12835.46798,0.0,203550.0,finite,0.0,lot_campaign_blocked,,4073.323848,12835.46798,min_max,0.0,14400.0,142485.0,14400.0,10,0,0,0,0.0,0.0,12835.46798,12835.46798
736,M-1810,item:268091,4530.811709,12835.46798,0.0,203550.0,finite,0.0,lot_campaign_blocked,,4530.811709,12835.46798,min_max,0.0,14400.0,142485.0,14400.0,10,0,0,0,0.0,0.0,12835.46798,12835.46798
737,M-1810,item:268091,4988.333771,12835.46798,0.0,203550.0,finite,0.0,lot_campaign_blocked,,4988.333771,12835.46798,min_max,0.0,14400.0,142485.0,14400.0,10,0,0,0,0.0,0.0,12835.46798,12835.46798
738,M-1810,item:268091,5338.483081,12835.46798,0.0,203550.0,finite,0.0,lot_campaign_blocked,,5338.483081,12835.46798,min_max,0.0,14400.0,142485.0,14400.0,10,0,0,0,0.0,0.0,12835.46798,12835.46798
739,M-1810,item:268091,5667.157841,12835.46798,0.0,203550.0,finite,0.0,lot_campaign_blocked,,5667.157841,12835.46798,min_max,0.0,14400.0,142485.0,14400.0,10,0,0,0,0.0,0.0,12835.46798,12835.46798
740,M-1810,item:268091,5991.537691,12835.46798,0.0,203550.0,finite,0.0,lot_campaign_blocked,,5991.537691,12835.46798,min_max,0.0,14400.0,142485.0,14400.0,10,0,0,0,0.0,0.0,12835.46798,12835.46798
741,M-1810,item:268091,6315.058559,12835.46798,0.0,203550.0,finite,0.0,lot_campaign_blocked,,6315.058559,12835.46798,min_max,0.0,14400.0,142485.0,14400.0,10,0,0,0,0.0,0.0,12835.46798,12835.46798
742,M-1810,item:268091,6638.40763,12835.46798,0.0,203550.0,finite,0.0,lot_campaign_blocked,,6638.40763,12835.46798,min_max,0.0,14400.0,142485.0,14400.0,10,0,0,0,0.0,0.0,12835.46798,12835.46798
743,M-1810,item:268091,6961.722343,12835.46798,0.0,203550.0,finite,0.0,lot_campaign_blocked,,6961.722343,12835.46798,min_max,0.0,14400.0,142485.0,14400.0,10,0,0,0,0.0,0.0,12835.46798,12835.46798
744,M-1810,item:268091,7285.030183,12835.46798,0.0,203550.0,finite,0.0,lot_campaign_blocked,,7285.030183,12835.46798,min_max,0.0,14400.0,142485.0,14400.0,10,0,0,0,0.0,0.0,12835.46798,12835.46798
745,M-1810,item:268091,7841.78971,12835.46798,0.0,203550.0,finite,0.0,lot_campaign_blocked,,7841.78971,12835.46798,min_max,0.0,14400.0,142485.0,14400.0,10,0,0,0,0.0,0.0,12835.46798,12835.46798
746,M-1810,item:268091,8445.239575,12835.46798,0.0,203550.0,finite,0.0,lot_campaign_blocked,,8445.239575,12835.46798,min_max,0.0,14400.0,142485.0,14400.0,10,0,0,0,0.0,0.0,12835.46798,12835.46798
747,M-1810,item:268091,9058.027507,12835.46798,0.0,203550.0,finite,0.0,lot_campaign_blocked,,9058.027507,12835.46798,min_max,0.0,14400.0,142485.0,14400.0,10,0,0,0,0.0,0.0,12835.46798,12835.46798
748,M-1810,item:268091,9672.683053,12835.46798,0.0,203550.0,finite,0.0,lot_campaign_blocked,,9672.683053,12835.46798,min_max,0.0,14400.0,142485.0,14400.0,10,0,0,0,0.0,0.0,12835.46798,12835.46798
749,M-1810,item:268091,10287.712121,12835.46798,0.0,203550.0,finite,0.0,lot_campaign_blocked,,10287.712121,12835.46798,min_max,0.0,14400.0,142485.0,14400.0,10,0,0,0,0.0,0.0,12835.46798,12835.46798
750,M-1810,item:268091,10902.815894,12835.46798,0.0,203550.0,finite,0.0,lot_campaign_blocked,,10902.815894,12835.46798,min_max,0.0,14400.0,142485.0,14400.0,10,0,0,0,0.0,0.0,12835.46798,12835.46798
751,M-1810,item:268091,11517.934608,12835.46798,0.0,203550.0,finite,0.0,lot_campaign_blocked,,11517.934608,12835.46798,min_max,0.0,14400.0,142485.0,14400.0,10,0,0,0,0.0,0.0,12835.46798,12835.46798
752,M-1810,item:268091,11488.239983,12835.46798,0.0,203550.0,finite,0.0,lot_campaign_blocked,,11488.239983,12835.46798,min_max,0.0,14400.0,142485.0,14400.0,10,0,0,0,0.0,0.0,12835.46798,12835.46798
753,M-1810,item:268091,11329.582691,12835.46798,0.0,203550.0,finite,0.0,lot_campaign_blocked,,11329.582691,12835.46798,min_max,0.0,14400.0,142485.0,14400.0,10,0,0,0,0.0,0.0,12835.46798,12835.46798
754,M-1810,item:268091,11145.132865,12835.46798,0.0,203550.0,finite,0.0,lot_campaign_blocked,,11145.132865,12835.46798,min_max,0.0,14400.0,142485.0,14400.0,10,0,0,0,0.0,0.0,12835.46798,12835.46798
755,M-1810,item:268091,10955.524532,12835.46798,0.0,203550.0,finite,0.0,lot_campaign_blocked,,10955.524532,12835.46798,min_max,0.0,14400.0,142485.0,14400.0,10,0,0,0,0.0,0.0,12835.46798,12835.46798
756,M-1810,item:268091,10764.884498,12835.46798,0.0,203550.0,finite,0.0,lot_campaign_blocked,,10764.884498,12835.46798,min_max,0.0,14400.0,142485.0,14400.0,10,0,0,0,0.0,0.0,12835.46798,12835.46798
757,M-1810,item:268091,10574.038124,12835.46798,0.0,203550.0,finite,0.0,lot_campaign_blocked,,10574.038124,12835.46798,min_max,0.0,14400.0,142485.0,14400.0,10,0,0,0,0.0,0.0,12835.46798,12835.46798
758,M-1430,item:268967,3937.828571,107800.0,107800.0,154000.0,finite,3557400.101298,none,,0.0,0.0,fixed,107800.0,107800.0,107800.0,0.0,10,1,1,1,107800.0,107800.0,107800.0,0.0
758,M-1810,item:268091,10383.150482,12835.46798,0.0,203550.0,finite,0.0,lot_campaign_blocked,,10383.150482,12835.46798,min_max,0.0,14400.0,142485.0,14400.0,10,0,0,0,0.0,0.0,12835.46798,12835.46798
759,M-1810,item:268091,10243.160708,12835.46798,0.0,203550.0,finite,0.0,lot_campaign_blocked,,10243.160708,12835.46798,min_max,0.0,14400.0,142485.0,14400.0,10,0,0,0,0.0,0.0,12835.46798,12835.46798
760,M-1810,item:268091,10113.350509,12835.46798,0.0,203550.0,finite,0.0,lot_campaign_blocked,,10113.350509,12835.46798,min_max,0.0,14400.0,142485.0,14400.0,10,0,0,0,0.0,0.0,12835.46798,12835.46798
761,M-1810,item:268091,9985.576224,12835.46798,0.0,203550.0,finite,0.0,lot_campaign_blocked,,9985.576224,12835.46798,min_max,0.0,14400.0,142485.0,14400.0,10,0,0,0,0.0,0.0,12835.46798,12835.46798
762,M-1810,item:268091,9858.209122,12835.46798,0.0,203550.0,finite,0.0,lot_campaign_blocked,,9858.209122,12835.46798,min_max,0.0,14400.0,142485.0,14400.0,10,0,0,0,0.0,0.0,12835.46798,12835.46798
763,M-1810,item:268091,9730.923457,12835.46798,0.0,203550.0,finite,0.0,lot_campaign_blocked,,9730.923457,12835.46798,min_max,0.0,14400.0,142485.0,14400.0,10,0,0,0,0.0,0.0,12835.46798,12835.46798
764,M-1810,item:268091,9603.654079,12835.46798,0.0,203550.0,finite,0.0,lot_campaign_blocked,,9603.654079,12835.46798,min_max,0.0,14400.0,142485.0,14400.0,10,0,0,0,0.0,0.0,12835.46798,12835.46798
765,M-1810,item:268091,9476.387959,12835.46798,0.0,203550.0,finite,0.0,lot_campaign_blocked,,9476.387959,12835.46798,min_max,0.0,14400.0,142485.0,14400.0,10,0,0,0,0.0,0.0,12835.46798,12835.46798
766,M-1810,item:268091,9178.444939,12835.46798,0.0,203550.0,finite,0.0,lot_campaign_blocked,,9178.444939,12835.46798,min_max,0.0,14400.0,142485.0,14400.0,10,0,0,0,0.0,0.0,12835.46798,12835.46798
767,M-1810,item:268091,8846.366539,12835.46798,0.0,203550.0,finite,0.0,lot_campaign_blocked,,8846.366539,12835.46798,min_max,0.0,14400.0,142485.0,14400.0,10,0,0,0,0.0,0.0,12835.46798,12835.46798
768,M-1810,item:268091,8507.461063,12835.46798,0.0,203550.0,finite,0.0,lot_campaign_blocked,,8507.461063,12835.46798,min_max,0.0,14400.0,142485.0,14400.0,10,0,0,0,0.0,0.0,12835.46798,12835.46798
769,M-1810,item:268091,8167.190172,12835.46798,0.0,203550.0,finite,0.0,lot_campaign_blocked,,8167.190172,12835.46798,min_max,0.0,14400.0,142485.0,14400.0,10,0,0,0,0.0,0.0,12835.46798,12835.46798
770,M-1810,item:268091,7826.646198,12835.46798,0.0,203550.0,finite,0.0,lot_campaign_blocked,,7826.646198,12835.46798,min_max,0.0,14400.0,142485.0,14400.0,10,0,0,0,0.0,0.0,12835.46798,12835.46798
771,M-1430,item:268967,5136.881633,107800.0,107800.0,154000.0,finite,3485533.621054,none,,0.0,0.0,fixed,107800.0,107800.0,107800.0,0.0,10,1,1,1,107800.0,107800.0,107800.0,0.0
771,M-1810,item:268091,7486.047607,12835.46798,0.0,203550.0,finite,0.0,lot_campaign_blocked,,7486.047607,12835.46798,min_max,0.0,14400.0,142485.0,14400.0,10,0,0,0,0.0,0.0,12835.46798,12835.46798
772,M-1810,item:268091,7145.438093,12835.46798,0.0,203550.0,finite,0.0,lot_campaign_blocked,,7145.438093,12835.46798,min_max,0.0,14400.0,142485.0,14400.0,10,0,0,0,0.0,0.0,12835.46798,12835.46798
773,M-1810,item:268091,7898.083537,12835.46798,0.0,203550.0,finite,0.0,lot_campaign_blocked,,7898.083537,12835.46798,min_max,0.0,14400.0,142485.0,14400.0,10,0,0,0,0.0,0.0,12835.46798,12835.46798
774,M-1810,item:268091,8869.379972,12835.46798,0.0,203550.0,finite,0.0,lot_campaign_blocked,,8869.379972,12835.46798,min_max,0.0,14400.0,142485.0,14400.0,10,0,0,0,0.0,0.0,12835.46798,12835.46798
775,M-1810,item:268091,9884.406607,12835.46798,0.0,203550.0,finite,0.0,lot_campaign_blocked,,9884.406607,12835.46798,min_max,0.0,14400.0,142485.0,14400.0,10,0,0,0,0.0,0.0,12835.46798,12835.46798
776,M-1810,item:268091,10908.17928,12835.46798,0.0,203550.0,finite,0.0,lot_campaign_blocked,,10908.17928,12835.46798,min_max,0.0,14400.0,142485.0,14400.0,10,0,0,0,0.0,0.0,12835.46798,12835.46798
777,M-1810,item:268091,11933.701162,12835.46798,0.0,203550.0,finite,0.0,lot_campaign_blocked,,11933.701162,12835.46798,min_max,0.0,14400.0,142485.0,14400.0,10,0,0,0,0.0,0.0,12835.46798,12835.46798
778,M-1810,item:268091,12959.572885,12835.46798,0.0,203550.0,finite,0.0,lot_campaign_blocked,,12959.572885,12835.46798,min_max,0.0,14400.0,142485.0,14400.0,10,0,0,0,0.0,0.0,12835.46798,12835.46798
779,M-1810,item:268091,13985.514577,12835.46798,0.0,203550.0,finite,0.0,lot_campaign_blocked,,13985.514577,12835.46798,min_max,0.0,14400.0,142485.0,14400.0,10,0,0,0,0.0,0.0,12835.46798,12835.46798
780,M-1810,item:268091,14116.580466,12835.46798,0.0,203550.0,finite,0.0,lot_campaign_blocked,,14116.580466,12835.46798,min_max,0.0,14400.0,142485.0,14400.0,10,0,0,0,0.0,0.0,12835.46798,12835.46798
781,M-1810,item:268091,14068.671195,12835.46798,0.0,203550.0,finite,0.0,lot_campaign_blocked,,14068.671195,12835.46798,min_max,0.0,14400.0,142485.0,14400.0,10,0,0,0,0.0,0.0,12835.46798,12835.46798
782,M-1810,item:268091,13984.966892,12835.46798,0.0,203550.0,finite,0.0,lot_campaign_blocked,,13984.966892,12835.46798,min_max,0.0,14400.0,142485.0,14400.0,10,0,0,0,0.0,0.0,12835.46798,12835.46798
783,M-1810,item:268091,13894.103582,12835.46798,0.0,203550.0,finite,0.0,lot_campaign_blocked,,13894.103582,12835.46798,min_max,0.0,14400.0,142485.0,14400.0,10,0,0,0,0.0,0.0,12835.46798,12835.46798
784,M-1810,item:268091,13801.808471,12835.46798,0.0,203550.0,finite,0.0,lot_campaign_blocked,,13801.808471,12835.46798,min_max,0.0,14400.0,142485.0,14400.0,10,0,0,0,0.0,0.0,12835.46798,12835.46798
785,M-1810,item:268091,13709.227,12835.46798,0.0,203550.0,finite,0.0,lot_campaign_blocked,,13709.227,12835.46798,min_max,0.0,14400.0,142485.0,14400.0,10,0,0,0,0.0,0.0,12835.46798,12835.46798
786,M-1810,item:268091,13616.588257,12835.46798,0.0,203550.0,finite,0.0,lot_campaign_blocked,,13616.588257,12835.46798,min_max,0.0,14400.0,142485.0,14400.0,10,0,0,0,0.0,0.0,12835.46798,12835.46798
787,M-1430,item:268967,4957.518368,107800.0,107800.0,154000.0,finite,3521466.975048,none,,0.0,0.0,fixed,107800.0,107800.0,107800.0,0.0,10,1,1,1,107800.0,107800.0,107800.0,0.0
787,M-1810,item:268091,13338.925814,12835.46798,0.0,203550.0,finite,0.0,lot_campaign_blocked,,13338.925814,12835.46798,min_max,0.0,14400.0,142485.0,14400.0,10,0,0,0,0.0,0.0,12835.46798,12835.46798
788,M-1810,item:268091,13024.258632,12835.46798,0.0,203550.0,finite,0.0,lot_campaign_blocked,,13024.258632,12835.46798,min_max,0.0,14400.0,142485.0,14400.0,10,0,0,0,0.0,0.0,12835.46798,12835.46798
788,SDC-1450,item:773474,2023893.0576,3200000.0,3200000.0,0.0,unmodeled,237002684.563758,none,,0.0,0.0,fixed,3200000.0,0.0,0.0,0.0,10,1,1,1,3200000.0,3200000.0,3200000.0,0.0
789,M-1810,item:268091,12702.190502,12835.46798,0.0,203550.0,finite,0.0,lot_campaign_blocked,,12702.190502,12835.46798,min_max,0.0,14400.0,142485.0,14400.0,10,0,0,0,0.0,0.0,12835.46798,12835.46798
790,M-1810,item:268091,12378.642182,12835.46798,0.0,203550.0,finite,0.0,lot_campaign_blocked,,12378.642182,12835.46798,min_max,0.0,14400.0,142485.0,14400.0,10,0,0,0,0.0,0.0,12835.46798,12835.46798
791,M-1810,item:268091,12054.797824,12835.46798,0.0,203550.0,finite,0.0,lot_campaign_blocked,,12054.797824,12835.46798,min_max,0.0,14400.0,142485.0,14400.0,10,0,0,0,0.0,0.0,12835.46798,12835.46798
792,M-1810,item:268091,11730.894259,12835.46798,0.0,203550.0,finite,0.0,lot_campaign_blocked,,11730.894259,12835.46798,min_max,0.0,14400.0,142485.0,14400.0,10,0,0,0,0.0,0.0,12835.46798,12835.46798
793,M-1810,item:268091,11406.978852,12835.46798,0.0,203550.0,finite,0.0,lot_campaign_blocked,,11406.978852,12835.46798,min_max,0.0,14400.0,142485.0,14400.0,10,0,0,0,0.0,0.0,12835.46798,12835.46798
794,M-1810,item:268091,11140.040668,12835.46798,0.0,203550.0,finite,0.0,lot_campaign_blocked,,11140.040668,12835.46798,min_max,0.0,14400.0,142485.0,14400.0,10,0,0,0,0.0,0.0,12835.46798,12835.46798
795,M-1810,item:268091,10884.49793,12835.46798,0.0,203550.0,finite,0.0,lot_campaign_blocked,,10884.49793,12835.46798,min_max,0.0,14400.0,142485.0,14400.0,10,0,0,0,0.0,0.0,12835.46798,12835.46798
796,M-1810,item:268091,10631.23428,12835.46798,0.0,203550.0,finite,0.0,lot_campaign_blocked,,10631.23428,12835.46798,min_max,0.0,14400.0,142485.0,14400.0,10,0,0,0,0.0,0.0,12835.46798,12835.46798
797,M-1810,item:268091,10378.426448,12835.46798,0.0,203550.0,finite,0.0,lot_campaign_blocked,,10378.426448,12835.46798,min_max,0.0,14400.0,142485.0,14400.0,10,0,0,0,0.0,0.0,12835.46798,12835.46798
798,M-1810,item:268091,10125.709779,12835.46798,0.0,203550.0,finite,0.0,lot_campaign_blocked,,10125.709779,12835.46798,min_max,0.0,14400.0,142485.0,14400.0,10,0,0,0,0.0,0.0,12835.46798,12835.46798
799,M-1810,item:268091,9873.011344,12835.46798,0.0,203550.0,finite,0.0,lot_campaign_blocked,,9873.011344,12835.46798,min_max,0.0,14400.0,142485.0,14400.0,10,0,0,0,0.0,0.0,12835.46798,12835.46798
800,M-1810,item:268091,9620.316554,12835.46798,0.0,203550.0,finite,0.0,lot_campaign_blocked,,9620.316554,12835.46798,min_max,0.0,14400.0,142485.0,14400.0,10,0,0,0,0.0,0.0,12835.46798,12835.46798
801,M-1810,item:268091,9801.744943,12835.46798,0.0,203550.0,finite,0.0,lot_campaign_blocked,,9801.744943,12835.46798,min_max,0.0,14400.0,142485.0,14400.0,10,0,0,0,0.0,0.0,12835.46798,12835.46798
802,M-1810,item:268091,10069.997968,12835.46798,0.0,203550.0,finite,0.0,lot_campaign_blocked,,10069.997968,12835.46798,min_max,0.0,14400.0,142485.0,14400.0,10,0,0,0,0.0,0.0,12835.46798,12835.46798
803,M-1810,item:268091,10355.61592,12835.46798,0.0,203550.0,finite,0.0,lot_campaign_blocked,,10355.61592,12835.46798,min_max,0.0,14400.0,142485.0,14400.0,10,0,0,0,0.0,0.0,12835.46798,12835.46798
804,M-1810,item:268091,10644.706858,12835.46798,0.0,203550.0,finite,0.0,lot_campaign_blocked,,10644.706858,12835.46798,min_max,0.0,14400.0,142485.0,14400.0,10,0,0,0,0.0,0.0,12835.46798,12835.46798
805,M-1810,item:268091,10934.492392,12835.46798,0.0,203550.0,finite,0.0,lot_campaign_blocked,,10934.492392,12835.46798,min_max,0.0,14400.0,142485.0,14400.0,10,0,0,0,0.0,0.0,12835.46798,12835.46798
806,M-1810,item:268091,11224.416846,12835.46798,0.0,203550.0,finite,0.0,lot_campaign_blocked,,11224.416846,12835.46798,min_max,0.0,14400.0,142485.0,14400.0,10,0,0,0,0.0,0.0,12835.46798,12835.46798
807,M-1810,item:268091,11514.369084,12835.46798,0.0,203550.0,finite,0.0,lot_campaign_blocked,,11514.369084,12835.46798,min_max,0.0,14400.0,142485.0,14400.0,10,0,0,0,0.0,0.0,12835.46798,12835.46798
808,M-1810,item:268091,11654.188103,12835.46798,0.0,203550.0,finite,0.0,lot_campaign_blocked,,11654.188103,12835.46798,min_max,0.0,14400.0,142485.0,14400.0,10,0,0,0,0.0,0.0,12835.46798,12835.46798
809,M-1810,item:268091,11763.980478,12835.46798,0.0,203550.0,finite,0.0,lot_campaign_blocked,,11763.980478,12835.46798,min_max,0.0,14400.0,142485.0,14400.0,10,0,0,0,0.0,0.0,12835.46798,12835.46798
810,M-1810,item:268091,11867.767524,12835.46798,0.0,203550.0,finite,0.0,lot_campaign_blocked,,11867.767524,12835.46798,min_max,0.0,14400.0,142485.0,14400.0,10,0,0,0,0.0,0.0,12835.46798,12835.46798
811,M-1810,item:268091,11970.353505,12835.46798,0.0,203550.0,finite,0.0,lot_campaign_blocked,,11970.353505,12835.46798,min_max,0.0,14400.0,142485.0,14400.0,10,0,0,0,0.0,0.0,12835.46798,12835.46798
812,M-1810,item:268091,12072.699273,12835.46798,0.0,203550.0,finite,0.0,lot_campaign_blocked,,12072.699273,12835.46798,min_max,0.0,14400.0,142485.0,14400.0,10,0,0,0,0.0,0.0,12835.46798,12835.46798
813,M-1810,item:268091,12174.996997,12835.46798,0.0,203550.0,finite,0.0,lot_campaign_blocked,,12174.996997,12835.46798,min_max,0.0,14400.0,142485.0,14400.0,10,0,0,0,0.0,0.0,12835.46798,12835.46798
814,M-1810,item:268091,12277.285114,12835.46798,0.0,203550.0,finite,0.0,lot_campaign_blocked,,12277.285114,12835.46798,min_max,0.0,14400.0,142485.0,14400.0,10,0,0,0,0.0,0.0,12835.46798,12835.46798
815,M-1810,item:268091,11908.469268,12835.46798,0.0,203550.0,finite,0.0,lot_campaign_blocked,,11908.469268,12835.46798,min_max,0.0,14400.0,142485.0,14400.0,10,0,0,0,0.0,0.0,12835.46798,12835.46798
816,M-1810,item:268091,11445.432629,12835.46798,0.0,203550.0,finite,0.0,lot_campaign_blocked,,11445.432629,12835.46798,min_max,0.0,14400.0,142485.0,14400.0,10,0,0,0,0.0,0.0,12835.46798,12835.46798
817,M-1810,item:268091,10963.551832,12835.46798,0.0,203550.0,finite,0.0,lot_campaign_blocked,,10963.551832,12835.46798,min_max,0.0,14400.0,142485.0,14400.0,10,0,0,0,0.0,0.0,12835.46798,12835.46798
818,M-1810,item:268091,10477.902203,12835.46798,0.0,203550.0,finite,0.0,lot_campaign_blocked,,10477.902203,12835.46798,min_max,0.0,14400.0,142485.0,14400.0,10,0,0,0,0.0,0.0,12835.46798,12835.46798
819,M-1810,item:268091,9991.498808,12835.46798,0.0,203550.0,finite,0.0,lot_campaign_blocked,,9991.498808,12835.46798,min_max,0.0,14400.0,142485.0,14400.0,10,0,0,0,0.0,0.0,12835.46798,12835.46798
820,M-1430,item:268967,3830.791837,107800.0,107800.0,154000.0,finite,3557400.018312,none,,0.0,0.0,fixed,107800.0,107800.0,107800.0,0.0,10,1,1,1,107800.0,107800.0,107800.0,0.0
820,M-1810,item:268091,9504.94466,12835.46798,0.0,203550.0,finite,0.0,lot_campaign_blocked,,9504.94466,12835.46798,min_max,0.0,14400.0,142485.0,14400.0,10,0,0,0,0.0,0.0,12835.46798,12835.46798
821,M-1810,item:268091,9018.360361,12835.46798,0.0,203550.0,finite,0.0,lot_campaign_blocked,,9018.360361,12835.46798,min_max,0.0,14400.0,142485.0,14400.0,10,0,0,0,0.0,0.0,12835.46798,12835.46798
822,M-1810,item:268091,8675.819011,12835.46798,0.0,203550.0,finite,0.0,lot_campaign_blocked,,8675.819011,12835.46798,min_max,0.0,14400.0,142485.0,14400.0,10,0,0,0,0.0,0.0,12835.46798,12835.46798
823,M-1810,item:268091,8362.086251,12835.46798,0.0,203550.0,finite,0.0,lot_campaign_blocked,,8362.086251,12835.46798,min_max,0.0,14400.0,142485.0,14400.0,10,0,0,0,0.0,0.0,12835.46798,12835.46798
824,M-1810,item:268091,8054.11521,12835.46798,0.0,203550.0,finite,0.0,lot_campaign_blocked,,8054.11521,12835.46798,min_max,0.0,14400.0,142485.0,14400.0,10,0,0,0,0.0,0.0,12835.46798,12835.46798
825,M-1810,item:268091,7747.296511,12835.46798,0.0,203550.0,finite,0.0,lot_campaign_blocked,,7747.296511,12835.46798,min_max,0.0,14400.0,142485.0,14400.0,10,0,0,0,0.0,0.0,12835.46798,12835.46798
826,M-1810,item:268091,7440.708282,12835.46798,0.0,203550.0,finite,0.0,lot_campaign_blocked,,7440.708282,12835.46798,min_max,0.0,14400.0,142485.0,14400.0,10,0,0,0,0.0,0.0,12835.46798,12835.46798
827,M-1810,item:268091,7134.166146,12835.46798,0.0,203550.0,finite,0.0,lot_campaign_blocked,,7134.166146,12835.46798,min_max,0.0,14400.0,142485.0,14400.0,10,0,0,0,0.0,0.0,12835.46798,12835.46798
828,M-1810,item:268091,6827.633229,12835.46798,0.0,203550.0,finite,0.0,lot_campaign_blocked,,6827.633229,12835.46798,min_max,0.0,14400.0,142485.0,14400.0,10,0,0,0,0.0,0.0,12835.46798,12835.46798
829,M-1810,item:268091,7484.057258,12835.46798,0.0,203550.0,finite,0.0,lot_campaign_blocked,,7484.057258,12835.46798,min_max,0.0,14400.0,142485.0,14400.0,10,0,0,0,0.0,0.0,12835.46798,12835.46798
830,M-1810,item:268091,8333.072676,12835.46798,0.0,203550.0,finite,0.0,lot_campaign_blocked,,8333.072676,12835.46798,min_max,0.0,14400.0,142485.0,14400.0,10,0,0,0,0.0,0.0,12835.46798,12835.46798
831,M-1810,item:268091,9220.606372,12835.46798,0.0,203550.0,finite,0.0,lot_campaign_blocked,,9220.606372,12835.46798,min_max,0.0,14400.0,142485.0,14400.0,10,0,0,0,0.0,0.0,12835.46798,12835.46798
832,M-1810,item:268091,10115.843723,12835.46798,0.0,203550.0,finite,0.0,lot_campaign_blocked,,10115.843723,12835.46798,min_max,0.0,14400.0,142485.0,14400.0,10,0,0,0,0.0,0.0,12835.46798,12835.46798
833,M-1810,item:268091,11012.621806,12835.46798,0.0,203550.0,finite,0.0,lot_campaign_blocked,,11012.621806,12835.46798,min_max,0.0,14400.0,142485.0,14400.0,10,0,0,0,0.0,0.0,12835.46798,12835.46798
834,M-1810,item:268091,11909.708035,12835.46798,0.0,203550.0,finite,0.0,lot_campaign_blocked,,11909.708035,12835.46798,min_max,0.0,14400.0,142485.0,14400.0,10,0,0,0,0.0,0.0,12835.46798,12835.46798
835,M-1810,item:268091,12806.855893,12835.46798,0.0,203550.0,finite,0.0,lot_campaign_blocked,,12806.855893,12835.46798,min_max,0.0,14400.0,142485.0,14400.0,10,0,0,0,0.0,0.0,12835.46798,12835.46798
836,M-1810,item:268091,12506.546689,12835.46798,0.0,203550.0,finite,0.0,lot_campaign_blocked,,12506.546689,12835.46798,min_max,0.0,14400.0,142485.0,14400.0,10,0,0,0,0.0,0.0,12835.46798,12835.46798
837,M-1810,item:268091,11966.746072,12835.46798,0.0,203550.0,finite,0.0,lot_campaign_blocked,,11966.746072,12835.46798,min_max,0.0,14400.0,142485.0,14400.0,10,0,0,0,0.0,0.0,12835.46798,12835.46798
838,M-1810,item:268091,11379.047173,12835.46798,0.0,203550.0,finite,0.0,lot_campaign_blocked,,11379.047173,12835.46798,min_max,0.0,14400.0,142485.0,14400.0,10,0,0,0,0.0,0.0,12835.46798,12835.46798
839,M-1810,item:268091,10781.768618,12835.46798,0.0,203550.0,finite,0.0,lot_campaign_blocked,,10781.768618,12835.46798,min_max,0.0,14400.0,142485.0,14400.0,10,0,0,0,0.0,0.0,12835.46798,12835.46798
840,M-1810,item:268091,10182.574132,12835.46798,0.0,203550.0,finite,0.0,lot_campaign_blocked,,10182.574132,12835.46798,min_max,0.0,14400.0,142485.0,14400.0,10,0,0,0,0.0,0.0,12835.46798,12835.46798
841,M-1810,item:268091,9582.996459,12835.46798,0.0,203550.0,finite,0.0,lot_campaign_blocked,,9582.996459,12835.46798,min_max,0.0,14400.0,142485.0,14400.0,10,0,0,0,0.0,0.0,12835.46798,12835.46798
842,M-1810,item:268091,8983.342149,12835.46798,0.0,203550.0,finite,0.0,lot_campaign_blocked,,8983.342149,12835.46798,min_max,0.0,14400.0,142485.0,14400.0,10,0,0,0,0.0,0.0,12835.46798,12835.46798
843,M-1810,item:268091,8341.974552,12835.46798,0.0,203550.0,finite,0.0,lot_campaign_blocked,,8341.974552,12835.46798,min_max,0.0,14400.0,142485.0,14400.0,10,0,0,0,0.0,0.0,12835.46798,12835.46798
844,M-1810,item:268091,7692.264298,12835.46798,0.0,203550.0,finite,0.0,lot_campaign_blocked,,7692.264298,12835.46798,min_max,0.0,14400.0,142485.0,14400.0,10,0,0,0,0.0,0.0,12835.46798,12835.46798
845,M-1810,item:268091,7040.885512,12835.46798,0.0,203550.0,finite,0.0,lot_campaign_blocked,,7040.885512,12835.46798,min_max,0.0,14400.0,142485.0,14400.0,10,0,0,0,0.0,0.0,12835.46798,12835.46798
846,M-1810,item:268091,6389.173021,12835.46798,0.0,203550.0,finite,0.0,lot_campaign_blocked,,6389.173021,12835.46798,min_max,0.0,14400.0,142485.0,14400.0,10,0,0,0,0.0,0.0,12835.46798,12835.46798
847,M-1810,item:268091,5737.393788,12835.46798,0.0,203550.0,finite,0.0,lot_campaign_blocked,,5737.393788,12835.46798,min_max,0.0,14400.0,142485.0,14400.0,10,0,0,0,0.0,0.0,12835.46798,12835.46798
848,M-1810,item:268091,5085.601207,12835.46798,0.0,203550.0,finite,0.0,lot_campaign_blocked,,5085.601207,12835.46798,min_max,0.0,14400.0,142485.0,14400.0,10,0,0,0,0.0,0.0,12835.46798,12835.46798
849,M-1810,item:268091,4433.805956,12835.46798,0.0,203550.0,finite,0.0,lot_campaign_blocked,,4433.805956,12835.46798,min_max,0.0,14400.0,142485.0,14400.0,10,0,0,0,0.0,0.0,12835.46798,12835.46798
850,M-1810,item:268091,4326.499967,12835.46798,0.0,203550.0,finite,0.0,lot_campaign_blocked,,4326.499967,12835.46798,min_max,0.0,14400.0,142485.0,14400.0,10,0,0,0,0.0,0.0,12835.46798,12835.46798
851,M-1810,item:268091,4328.09183,12835.46798,0.0,203550.0,finite,0.0,lot_campaign_blocked,,4328.09183,12835.46798,min_max,0.0,14400.0,142485.0,14400.0,10,0,0,0,0.0,0.0,12835.46798,12835.46798
852,M-1810,item:268091,4351.463264,12835.46798,0.0,203550.0,finite,0.0,lot_campaign_blocked,,4351.463264,12835.46798,min_max,0.0,14400.0,142485.0,14400.0,10,0,0,0,0.0,0.0,12835.46798,12835.46798
853,M-1810,item:268091,4379.190612,12835.46798,0.0,203550.0,finite,0.0,lot_campaign_blocked,,4379.190612,12835.46798,min_max,0.0,14400.0,142485.0,14400.0,10,0,0,0,0.0,0.0,12835.46798,12835.46798
854,M-1810,item:268091,4407.789143,12835.46798,0.0,203550.0,finite,0.0,lot_campaign_blocked,,4407.789143,12835.46798,min_max,0.0,14400.0,142485.0,14400.0,10,0,0,0,0.0,0.0,12835.46798,12835.46798
855,M-1810,item:268091,4436.561911,12835.46798,0.0,203550.0,finite,0.0,lot_campaign_blocked,,4436.561911,12835.46798,min_max,0.0,14400.0,142485.0,14400.0,10,0,0,0,0.0,0.0,12835.46798,12835.46798
856,M-1810,item:268091,4465.369525,12835.46798,0.0,203550.0,finite,0.0,lot_campaign_blocked,,4465.369525,12835.46798,min_max,0.0,14400.0,142485.0,14400.0,10,0,0,0,0.0,0.0,12835.46798,12835.46798
857,M-1810,item:268091,5137.906558,12835.46798,0.0,203550.0,finite,0.0,lot_campaign_blocked,,5137.906558,12835.46798,min_max,0.0,14400.0,142485.0,14400.0,10,0,0,0,0.0,0.0,12835.46798,12835.46798
858,M-1810,item:268091,5939.189475,12835.46798,0.0,203550.0,finite,0.0,lot_campaign_blocked,,5939.189475,12835.46798,min_max,0.0,14400.0,142485.0,14400.0,10,0,0,0,0.0,0.0,12835.46798,12835.46798
859,M-1810,item:268091,6766.221569,12835.46798,0.0,203550.0,finite,0.0,lot_campaign_blocked,,6766.221569,12835.46798,min_max,0.0,14400.0,142485.0,14400.0,10,0,0,0,0.0,0.0,12835.46798,12835.46798
860,M-1810,item:268091,7598.403498,12835.46798,0.0,203550.0,finite,0.0,lot_campaign_blocked,,7598.403498,12835.46798,min_max,0.0,14400.0,142485.0,14400.0,10,0,0,0,0.0,0.0,12835.46798,12835.46798
861,M-1810,item:268091,8431.615394,12835.46798,0.0,203550.0,finite,0.0,lot_campaign_blocked,,8431.615394,12835.46798,min_max,0.0,14400.0,142485.0,14400.0,10,0,0,0,0.0,0.0,12835.46798,12835.46798
862,M-1810,item:268091,9265.033283,12835.46798,0.0,203550.0,finite,0.0,lot_campaign_blocked,,9265.033283,12835.46798,min_max,0.0,14400.0,142485.0,14400.0,10,0,0,0,0.0,0.0,12835.46798,12835.46798
863,M-1810,item:268091,10098.492371,12835.46798,0.0,203550.0,finite,0.0,lot_campaign_blocked,,10098.492371,12835.46798,min_max,0.0,14400.0,142485.0,14400.0,10,0,0,0,0.0,0.0,12835.46798,12835.46798
864,M-1810,item:268091,10267.453576,12835.46798,0.0,203550.0,finite,0.0,lot_campaign_blocked,,10267.453576,12835.46798,min_max,0.0,14400.0,142485.0,14400.0,10,0,0,0,0.0,0.0,12835.46798,12835.46798
865,M-1810,item:268091,10303.515205,12835.46798,0.0,203550.0,finite,0.0,lot_campaign_blocked,,10303.515205,12835.46798,min_max,0.0,14400.0,142485.0,14400.0,10,0,0,0,0.0,0.0,12835.46798,12835.46798
866,M-1810,item:268091,10312.996919,12835.46798,0.0,203550.0,finite,0.0,lot_campaign_blocked,,10312.996919,12835.46798,min_max,0.0,14400.0,142485.0,14400.0,10,0,0,0,0.0,0.0,12835.46798,12835.46798
867,M-1810,item:268091,10317.162649,12835.46798,0.0,203550.0,finite,0.0,lot_campaign_blocked,,10317.162649,12835.46798,min_max,0.0,14400.0,142485.0,14400.0,10,0,0,0,0.0,0.0,12835.46798,12835.46798
868,M-1810,item:268091,10320.265183,12835.46798,0.0,203550.0,finite,0.0,lot_campaign_blocked,,10320.265183,12835.46798,min_max,0.0,14400.0,142485.0,14400.0,10,0,0,0,0.0,0.0,12835.46798,12835.46798
869,M-1810,item:268091,10323.155078,12835.46798,0.0,203550.0,finite,0.0,lot_campaign_blocked,,10323.155078,12835.46798,min_max,0.0,14400.0,142485.0,14400.0,10,0,0,0,0.0,0.0,12835.46798,12835.46798
870,M-1810,item:268091,10326.002444,12835.46798,0.0,203550.0,finite,0.0,lot_campaign_blocked,,10326.002444,12835.46798,min_max,0.0,14400.0,142485.0,14400.0,10,0,0,0,0.0,0.0,12835.46798,12835.46798
871,M-1810,item:268091,10416.433142,12835.46798,0.0,203550.0,finite,0.0,lot_campaign_blocked,,10416.433142,12835.46798,min_max,0.0,14400.0,142485.0,14400.0,10,0,0,0,0.0,0.0,12835.46798,12835.46798
872,M-1810,item:268091,10524.380506,12835.46798,0.0,203550.0,finite,0.0,lot_campaign_blocked,,10524.380506,12835.46798,min_max,0.0,14400.0,142485.0,14400.0,10,0,0,0,0.0,0.0,12835.46798,12835.46798
873,M-1810,item:268091,10635.831203,12835.46798,0.0,203550.0,finite,0.0,lot_campaign_blocked,,10635.831203,12835.46798,min_max,0.0,14400.0,142485.0,14400.0,10,0,0,0,0.0,0.0,12835.46798,12835.46798
874,M-1810,item:268091,10747.982567,12835.46798,0.0,203550.0,finite,0.0,lot_campaign_blocked,,10747.982567,12835.46798,min_max,0.0,14400.0,142485.0,14400.0,10,0,0,0,0.0,0.0,12835.46798,12835.46798
875,M-1810,item:268091,10860.274065,12835.46798,0.0,203550.0,finite,0.0,lot_campaign_blocked,,10860.274065,12835.46798,min_max,0.0,14400.0,142485.0,14400.0,10,0,0,0,0.0,0.0,12835.46798,12835.46798
876,M-1810,item:268091,10972.593588,12835.46798,0.0,203550.0,finite,0.0,lot_campaign_blocked,,10972.593588,12835.46798,min_max,0.0,14400.0,142485.0,14400.0,10,0,0,0,0.0,0.0,12835.46798,12835.46798
877,M-1810,item:268091,11084.918718,12835.46798,0.0,203550.0,finite,0.0,lot_campaign_blocked,,11084.918718,12835.46798,min_max,0.0,14400.0,142485.0,14400.0,10,0,0,0,0.0,0.0,12835.46798,12835.46798
878,M-1810,item:268091,10893.604152,12835.46798,0.0,203550.0,finite,0.0,lot_campaign_blocked,,10893.604152,12835.46798,min_max,0.0,14400.0,142485.0,14400.0,10,0,0,0,0.0,0.0,12835.46798,12835.46798
879,M-1810,item:268091,10641.561647,12835.46798,0.0,203550.0,finite,0.0,lot_campaign_blocked,,10641.561647,12835.46798,min_max,0.0,14400.0,142485.0,14400.0,10,0,0,0,0.0,0.0,12835.46798,12835.46798
880,M-1810,item:268091,10377.373554,12835.46798,0.0,203550.0,finite,0.0,lot_campaign_blocked,,10377.373554,12835.46798,min_max,0.0,14400.0,142485.0,14400.0,10,0,0,0,0.0,0.0,12835.46798,12835.46798
881,M-1810,item:268091,10110.756343,12835.46798,0.0,203550.0,finite,0.0,lot_campaign_blocked,,10110.756343,12835.46798,min_max,0.0,14400.0,142485.0,14400.0,10,0,0,0,0.0,0.0,12835.46798,12835.46798
882,M-1810,item:268091,9843.653309,12835.46798,0.0,203550.0,finite,0.0,lot_campaign_blocked,,9843.653309,12835.46798,min_max,0.0,14400.0,142485.0,14400.0,10,0,0,0,0.0,0.0,12835.46798,12835.46798
883,M-1810,item:268091,9576.453111,12835.46798,0.0,203550.0,finite,0.0,lot_campaign_blocked,,9576.453111,12835.46798,min_max,0.0,14400.0,142485.0,14400.0,10,0,0,0,0.0,0.0,12835.46798,12835.46798
884,M-1810,item:268091,9309.233479,12835.46798,0.0,203550.0,finite,0.0,lot_campaign_blocked,,9309.233479,12835.46798,min_max,0.0,14400.0,142485.0,14400.0,10,0,0,0,0.0,0.0,12835.46798,12835.46798
885,M-1810,item:268091,8994.581389,12835.46798,0.0,203550.0,finite,0.0,lot_campaign_blocked,,8994.581389,12835.46798,min_max,0.0,14400.0,142485.0,14400.0,10,0,0,0,0.0,0.0,12835.46798,12835.46798
886,M-1810,item:268091,8670.442808,12835.46798,0.0,203550.0,finite,0.0,lot_campaign_blocked,,8670.442808,12835.46798,min_max,0.0,14400.0,142485.0,14400.0,10,0,0,0,0.0,0.0,12835.46798,12835.46798
887,M-1810,item:268091,8344.406929,12835.46798,0.0,203550.0,finite,0.0,lot_campaign_blocked,,8344.406929,12835.46798,min_max,0.0,14400.0,142485.0,14400.0,10,0,0,0,0.0,0.0,12835.46798,12835.46798
888,M-1810,item:268091,8017.99159,12835.46798,0.0,203550.0,finite,0.0,lot_campaign_blocked,,8017.99159,12835.46798,min_max,0.0,14400.0,142485.0,14400.0,10,0,0,0,0.0,0.0,12835.46798,12835.46798
889,M-1810,item:268091,7691.500359,12835.46798,0.0,203550.0,finite,0.0,lot_campaign_blocked,,7691.500359,12835.46798,min_max,0.0,14400.0,142485.0,14400.0,10,0,0,0,0.0,0.0,12835.46798,12835.46798
890,M-1810,item:268091,7364.993949,12835.46798,0.0,203550.0,finite,0.0,lot_campaign_blocked,,7364.993949,12835.46798,min_max,0.0,14400.0,142485.0,14400.0,10,0,0,0,0.0,0.0,12835.46798,12835.46798
891,M-1810,item:268091,7038.484504,12835.46798,0.0,203550.0,finite,0.0,lot_campaign_blocked,,7038.484504,12835.46798,min_max,0.0,14400.0,142485.0,14400.0,10,0,0,0,0.0,0.0,12835.46798,12835.46798
892,M-1810,item:268091,7421.558125,12835.46798,0.0,203550.0,finite,0.0,lot_campaign_blocked,,7421.558125,12835.46798,min_max,0.0,14400.0,142485.0,14400.0,10,0,0,0,0.0,0.0,12835.46798,12835.46798
893,M-1430,item:268967,6980.914286,107800.0,107800.0,154000.0,finite,3557400.059701,none,,0.0,0.0,fixed,107800.0,107800.0,107800.0,0.0,10,1,1,1,107800.0,107800.0,107800.0,0.0
893,M-1810,item:268091,7946.54836,12835.46798,0.0,203550.0,finite,0.0,lot_campaign_blocked,,7946.54836,12835.46798,min_max,0.0,14400.0,142485.0,14400.0,10,0,0,0,0.0,0.0,12835.46798,12835.46798
894,M-1430,item:268967,10770.697143,107800.0,107800.0,154000.0,finite,3449600.059701,none,,0.0,0.0,fixed,107800.0,107800.0,107800.0,0.0,10,2,1,1,107800.0,107800.0,107800.0,0.0
894,M-1810,item:268091,8499.921917,12835.46798,0.0,203550.0,finite,0.0,lot_campaign_blocked,,8499.921917,12835.46798,min_max,0.0,14400.0,142485.0,14400.0,10,0,0,0,0.0,0.0,12835.46798,12835.46798
895,M-1430,item:268967,13922.253714,107800.0,107800.0,154000.0,finite,3341800.059701,none,,0.0,0.0,fixed,107800.0,107800.0,107800.0,0.0,10,3,1,1,107800.0,107800.0,107800.0,0.0
895,M-1810,item:268091,9058.972138,12835.46798,0.0,203550.0,finite,0.0,lot_campaign_blocked,,9058.972138,12835.46798,min_max,0.0,14400.0,142485.0,14400.0,10,0,0,0,0.0,0.0,12835.46798,12835.46798
895,SDC-1450,item:773474,2008360.2576,3200000.0,3200000.0,0.0,unmodeled,233802684.563758,none,,0.0,0.0,fixed,3200000.0,0.0,0.0,0.0,10,1,1,1,3200000.0,3200000.0,3200000.0,0.0
896,M-1430,item:268967,16946.165028,107800.0,107800.0,154000.0,finite,3234000.059701,none,,0.0,0.0,fixed,107800.0,107800.0,107800.0,0.0,10,1,1,1,107800.0,107800.0,107800.0,0.0
896,M-1810,item:268091,9619.157693,12835.46798,0.0,203550.0,finite,0.0,lot_campaign_blocked,,9619.157693,12835.46798,min_max,0.0,14400.0,142485.0,14400.0,10,0,0,0,0.0,0.0,12835.46798,12835.46798
897,M-1430,item:268967,19944.547291,107800.0,107800.0,154000.0,finite,3126200.059701,none,,0.0,0.0,fixed,107800.0,107800.0,107800.0,0.0,10,2,1,1,107800.0,107800.0,107800.0,0.0
897,M-1810,item:268091,10179.570314,12835.46798,0.0,203550.0,finite,0.0,lot_campaign_blocked,,10179.570314,12835.46798,min_max,0.0,14400.0,142485.0,14400.0,10,0,0,0,0.0,0.0,12835.46798,12835.46798
898,M-1430,item:268967,22937.823744,107800.0,107800.0,154000.0,finite,3018400.059701,none,,0.0,0.0,fixed,107800.0,107800.0,107800.0,0.0,10,3,1,1,107800.0,107800.0,107800.0,0.0
898,M-1810,item:268091,10740.028348,12835.46798,0.0,203550.0,finite,0.0,lot_campaign_blocked,,10740.028348,12835.46798,min_max,0.0,14400.0,142485.0,14400.0,10,0,0,0,0.0,0.0,12835.46798,12835.46798
898,SDC-1450,item:773474,1992827.4576,3200000.0,3200000.0,0.0,unmodeled,230602684.563758,none,,0.0,0.0,fixed,3200000.0,0.0,0.0,0.0,10,1,1,1,3200000.0,3200000.0,3200000.0,0.0
899,M-1430,item:268967,20945.638218,107800.0,107800.0,154000.0,finite,2910600.059701,none,,0.0,0.0,fixed,107800.0,107800.0,107800.0,0.0,10,4,1,1,107800.0,107800.0,107800.0,0.0
899,M-1810,item:268091,11141.524037,12835.46798,0.0,203550.0,finite,0.0,lot_campaign_blocked,,11141.524037,12835.46798,min_max,0.0,14400.0,142485.0,14400.0,10,0,0,0,0.0,0.0,12835.46798,12835.46798
900,M-1430,item:268967,17956.360297,107800.0,107800.0,154000.0,finite,2802800.059701,none,,0.0,0.0,fixed,107800.0,107800.0,107800.0,0.0,10,5,1,1,107800.0,107800.0,107800.0,0.0
900,M-1810,item:268091,11511.227256,12835.46798,0.0,203550.0,finite,0.0,lot_campaign_blocked,,11511.227256,12835.46798,min_max,0.0,14400.0,142485.0,14400.0,10,0,0,0,0.0,0.0,12835.46798,12835.46798
901,M-1810,item:268091,11874.571982,12835.46798,0.0,203550.0,finite,0.0,lot_campaign_blocked,,11874.571982,12835.46798,min_max,0.0,14400.0,142485.0,14400.0,10,0,0,0,0.0,0.0,12835.46798,12835.46798
901,SDC-1450,item:773474,1977294.6576,3200000.0,3200000.0,0.0,unmodeled,227402684.563758,none,,0.0,0.0,fixed,3200000.0,0.0,0.0,0.0,10,2,1,1,3200000.0,3200000.0,3200000.0,0.0
902,M-1810,item:268091,12236.645008,12835.46798,0.0,203550.0,finite,0.0,lot_campaign_blocked,,12236.645008,12835.46798,min_max,0.0,14400.0,142485.0,14400.0,10,0,0,0,0.0,0.0,12835.46798,12835.46798
903,M-1810,item:268091,12598.463695,12835.46798,0.0,203550.0,finite,0.0,lot_campaign_blocked,,12598.463695,12835.46798,min_max,0.0,14400.0,142485.0,14400.0,10,0,0,0,0.0,0.0,12835.46798,12835.46798
904,M-1810,item:268091,12960.231514,12835.46798,0.0,203550.0,finite,0.0,lot_campaign_blocked,,12960.231514,12835.46798,min_max,0.0,14400.0,142485.0,14400.0,10,0,0,0,0.0,0.0,12835.46798,12835.46798
905,M-1810,item:268091,13321.98916,12835.46798,0.0,203550.0,finite,0.0,lot_campaign_blocked,,13321.98916,12835.46798,min_max,0.0,14400.0,142485.0,14400.0,10,0,0,0,0.0,0.0,12835.46798,12835.46798
906,M-1810,item:268091,12874.471301,12835.46798,0.0,203550.0,finite,0.0,lot_campaign_blocked,,12874.471301,12835.46798,min_max,0.0,14400.0,142485.0,14400.0,10,0,0,0,0.0,0.0,12835.46798,12835.46798
907,M-1810,item:268091,12265.098342,12835.46798,0.0,203550.0,finite,0.0,lot_campaign_blocked,,12265.098342,12835.46798,min_max,0.0,14400.0,142485.0,14400.0,10,0,0,0,0.0,0.0,12835.46798,12835.46798
908,M-1810,item:268091,11623.354362,12835.46798,0.0,203550.0,finite,0.0,lot_campaign_blocked,,11623.354362,12835.46798,min_max,0.0,14400.0,142485.0,14400.0,10,0,0,0,0.0,0.0,12835.46798,12835.46798
909,M-1810,item:268091,10975.136179,12835.46798,0.0,203550.0,finite,0.0,lot_campaign_blocked,,10975.136179,12835.46798,min_max,0.0,14400.0,142485.0,14400.0,10,0,0,0,0.0,0.0,12835.46798,12835.46798
910,M-1810,item:268091,10325.623154,12835.46798,0.0,203550.0,finite,0.0,lot_campaign_blocked,,10325.623154,12835.46798,min_max,0.0,14400.0,142485.0,14400.0,10,0,0,0,0.0,0.0,12835.46798,12835.46798
911,M-1810,item:268091,9675.851162,12835.46798,0.0,203550.0,finite,0.0,lot_campaign_blocked,,9675.851162,12835.46798,min_max,0.0,14400.0,142485.0,14400.0,10,0,0,0,0.0,0.0,12835.46798,12835.46798
912,M-1810,item:268091,9026.027376,12835.46798,0.0,203550.0,finite,0.0,lot_campaign_blocked,,9026.027376,12835.46798,min_max,0.0,14400.0,142485.0,14400.0,10,0,0,0,0.0,0.0,12835.46798,12835.46798
913,M-1810,item:268091,9086.936088,12835.46798,0.0,203550.0,finite,0.0,lot_campaign_blocked,,9086.936088,12835.46798,min_max,0.0,14400.0,142485.0,14400.0,10,0,0,0,0.0,0.0,12835.46798,12835.46798
914,M-1810,item:268091,9289.991299,12835.46798,0.0,203550.0,finite,0.0,lot_campaign_blocked,,9289.991299,12835.46798,min_max,0.0,14400.0,142485.0,14400.0,10,0,0,0,0.0,0.0,12835.46798,12835.46798
915,M-1810,item:268091,9521.475811,12835.46798,0.0,203550.0,finite,0.0,lot_campaign_blocked,,9521.475811,12835.46798,min_max,0.0,14400.0,142485.0,14400.0,10,0,0,0,0.0,0.0,12835.46798,12835.46798
916,M-1810,item:268091,9758.646183,12835.46798,0.0,203550.0,finite,0.0,lot_campaign_blocked,,9758.646183,12835.46798,min_max,0.0,14400.0,142485.0,14400.0,10,0,0,0,0.0,0.0,12835.46798,12835.46798
917,M-1810,item:268091,9996.953727,12835.46798,0.0,203550.0,finite,0.0,lot_campaign_blocked,,9996.953727,12835.46798,min_max,0.0,14400.0,142485.0,14400.0,10,0,0,0,0.0,0.0,12835.46798,12835.46798
918,M-1810,item:268091,10235.488705,12835.46798,0.0,203550.0,finite,0.0,lot_campaign_blocked,,10235.488705,12835.46798,min_max,0.0,14400.0,142485.0,14400.0,10,0,0,0,0.0,0.0,12835.46798,12835.46798
919,M-1810,item:268091,10474.06917,12835.46798,0.0,203550.0,finite,0.0,lot_campaign_blocked,,10474.06917,12835.46798,min_max,0.0,14400.0,142485.0,14400.0,10,0,0,0,0.0,0.0,12835.46798,12835.46798
920,M-1810,item:268091,10141.164855,12835.46798,0.0,203550.0,finite,0.0,lot_campaign_blocked,,10141.164855,12835.46798,min_max,0.0,14400.0,142485.0,14400.0,10,0,0,0,0.0,0.0,12835.46798,12835.46798
921,M-1810,item:268091,9693.963583,12835.46798,0.0,203550.0,finite,0.0,lot_campaign_blocked,,9693.963583,12835.46798,min_max,0.0,14400.0,142485.0,14400.0,10,0,0,0,0.0,0.0,12835.46798,12835.46798
922,M-1810,item:268091,9223.902921,12835.46798,0.0,203550.0,finite,0.0,lot_campaign_blocked,,9223.902921,12835.46798,min_max,0.0,14400.0,142485.0,14400.0,10,0,0,0,0.0,0.0,12835.46798,12835.46798
923,M-1810,item:268091,8749.27038,12835.46798,0.0,203550.0,finite,0.0,lot_campaign_blocked,,8749.27038,12835.46798,min_max,0.0,14400.0,142485.0,14400.0,10,0,0,0,0.0,0.0,12835.46798,12835.46798
924,M-1810,item:268091,8273.723464,12835.46798,0.0,203550.0,finite,0.0,lot_campaign_blocked,,8273.723464,12835.46798,min_max,0.0,14400.0,142485.0,14400.0,10,0,0,0,0.0,0.0,12835.46798,12835.46798
925,M-1810,item:268091,7797.993672,12835.46798,0.0,203550.0,finite,0.0,lot_campaign_blocked,,7797.993672,12835.46798,min_max,0.0,14400.0,142485.0,14400.0,10,0,0,0,0.0,0.0,12835.46798,12835.46798
926,M-1810,item:268091,7322.227306,12835.46798,0.0,203550.0,finite,0.0,lot_campaign_blocked,,7322.227306,12835.46798,min_max,0.0,14400.0,142485.0,14400.0,10,0,0,0,0.0,0.0,12835.46798,12835.46798
927,M-1810,item:268091,7990.959747,12835.46798,0.0,203550.0,finite,0.0,lot_campaign_blocked,,7990.959747,12835.46798,min_max,0.0,14400.0,142485.0,14400.0,10,0,0,0,0.0,0.0,12835.46798,12835.46798
928,M-1810,item:268091,8888.591949,12835.46798,0.0,203550.0,finite,0.0,lot_campaign_blocked,,8888.591949,12835.46798,min_max,0.0,14400.0,142485.0,14400.0,10,0,0,0,0.0,0.0,12835.46798,12835.46798
929,M-1810,item:268091,9832.004104,12835.46798,0.0,203550.0,finite,0.0,lot_campaign_blocked,,9832.004104,12835.46798,min_max,0.0,14400.0,142485.0,14400.0,10,0,0,0,0.0,0.0,12835.46798,12835.46798
930,M-1810,item:268091,10784.572249,12835.46798,0.0,203550.0,finite,0.0,lot_campaign_blocked,,10784.572249,12835.46798,min_max,0.0,14400.0,142485.0,14400.0,10,0,0,0,0.0,0.0,12835.46798,12835.46798
931,M-1810,item:268091,11738.971592,12835.46798,0.0,203550.0,finite,0.0,lot_campaign_blocked,,11738.971592,12835.46798,min_max,0.0,14400.0,142485.0,14400.0,10,0,0,0,0.0,0.0,12835.46798,12835.46798
932,M-1810,item:268091,12693.737175,12835.46798,0.0,203550.0,finite,0.0,lot_campaign_blocked,,12693.737175,12835.46798,min_max,0.0,14400.0,142485.0,14400.0,10,0,0,0,0.0,0.0,12835.46798,12835.46798
933,M-1810,item:268091,13648.576006,12835.46798,0.0,203550.0,finite,0.0,lot_campaign_blocked,,13648.576006,12835.46798,min_max,0.0,14400.0,142485.0,14400.0,10,0,0,0,0.0,0.0,12835.46798,12835.46798
934,M-1810,item:268091,13131.004997,12835.46798,0.0,203550.0,finite,0.0,lot_campaign_blocked,,13131.004997,12835.46798,min_max,0.0,14400.0,142485.0,14400.0,10,0,0,0,0.0,0.0,12835.46798,12835.46798
935,M-1810,item:268091,12318.95202,12835.46798,0.0,203550.0,finite,0.0,lot_campaign_blocked,,12318.95202,12835.46798,min_max,0.0,14400.0,142485.0,14400.0,10,0,0,0,0.0,0.0,12835.46798,12835.46798
936,M-1810,item:268091,11448.002649,12835.46798,0.0,203550.0,finite,0.0,lot_campaign_blocked,,11448.002649,12835.46798,min_max,0.0,14400.0,142485.0,14400.0,10,0,0,0,0.0,0.0,12835.46798,12835.46798
937,M-1810,item:268091,10565.273999,12835.46798,0.0,203550.0,finite,0.0,lot_campaign_blocked,,10565.273999,12835.46798,min_max,0.0,14400.0,142485.0,14400.0,10,0,0,0,0.0,0.0,12835.46798,12835.46798
938,M-1810,item:268091,9680.189494,12835.46798,0.0,203550.0,finite,0.0,lot_campaign_blocked,,9680.189494,12835.46798,min_max,0.0,14400.0,142485.0,14400.0,10,0,0,0,0.0,0.0,12835.46798,12835.46798
939,M-1810,item:268091,8794.633817,12835.46798,0.0,203550.0,finite,0.0,lot_campaign_blocked,,8794.633817,12835.46798,min_max,0.0,14400.0,142485.0,14400.0,10,0,0,0,0.0,0.0,12835.46798,12835.46798
940,M-1810,item:268091,7908.983907,12835.46798,0.0,203550.0,finite,0.0,lot_campaign_blocked,,7908.983907,12835.46798,min_max,0.0,14400.0,142485.0,14400.0,10,0,0,0,0.0,0.0,12835.46798,12835.46798
941,M-1810,item:268091,7306.74372,12835.46798,0.0,203550.0,finite,0.0,lot_campaign_blocked,,7306.74372,12835.46798,min_max,0.0,14400.0,142485.0,14400.0,10,0,0,0,0.0,0.0,12835.46798,12835.46798
942,M-1810,item:268091,6761.185479,12835.46798,0.0,203550.0,finite,0.0,lot_campaign_blocked,,6761.185479,12835.46798,min_max,0.0,14400.0,142485.0,14400.0,10,0,0,0,0.0,0.0,12835.46798,12835.46798
943,M-1810,item:268091,6226.963627,12835.46798,0.0,203550.0,finite,0.0,lot_campaign_blocked,,6226.963627,12835.46798,min_max,0.0,14400.0,142485.0,14400.0,10,0,0,0,0.0,0.0,12835.46798,12835.46798
944,M-1810,item:268091,5695.009052,12835.46798,0.0,203550.0,finite,0.0,lot_campaign_blocked,,5695.009052,12835.46798,min_max,0.0,14400.0,142485.0,14400.0,10,0,0,0,0.0,0.0,12835.46798,12835.46798
945,M-1810,item:268091,5163.507933,12835.46798,0.0,203550.0,finite,0.0,lot_campaign_blocked,,5163.507933,12835.46798,min_max,0.0,14400.0,142485.0,14400.0,10,0,0,0,0.0,0.0,12835.46798,12835.46798
946,M-1810,item:268091,4632.097505,12835.46798,0.0,203550.0,finite,0.0,lot_campaign_blocked,,4632.097505,12835.46798,min_max,0.0,14400.0,142485.0,14400.0,10,0,0,0,0.0,0.0,12835.46798,12835.46798
947,M-1810,item:268091,4100.705215,12835.46798,0.0,203550.0,finite,0.0,lot_campaign_blocked,,4100.705215,12835.46798,min_max,0.0,14400.0,142485.0,14400.0,10,0,0,0,0.0,0.0,12835.46798,12835.46798
948,M-1810,item:268091,4126.0839,12835.46798,0.0,203550.0,finite,0.0,lot_campaign_blocked,,4126.0839,12835.46798,min_max,0.0,14400.0,142485.0,14400.0,10,0,0,0,0.0,0.0,12835.46798,12835.46798
949,M-1810,item:268091,4262.81678,12835.46798,0.0,203550.0,finite,0.0,lot_campaign_blocked,,4262.81678,12835.46798,min_max,0.0,14400.0,142485.0,14400.0,10,0,0,0,0.0,0.0,12835.46798,12835.46798
950,M-1810,item:268091,4421.820499,12835.46798,0.0,203550.0,finite,0.0,lot_campaign_blocked,,4421.820499,12835.46798,min_max,0.0,14400.0,142485.0,14400.0,10,0,0,0,0.0,0.0,12835.46798,12835.46798
951,M-1810,item:268091,4585.278386,12835.46798,0.0,203550.0,finite,0.0,lot_campaign_blocked,,4585.278386,12835.46798,min_max,0.0,14400.0,142485.0,14400.0,10,0,0,0,0.0,0.0,12835.46798,12835.46798
952,M-1810,item:268091,4749.627106,12835.46798,0.0,203550.0,finite,0.0,lot_campaign_blocked,,4749.627106,12835.46798,min_max,0.0,14400.0,142485.0,14400.0,10,0,0,0,0.0,0.0,12835.46798,12835.46798
953,M-1810,item:268091,4914.153993,12835.46798,0.0,203550.0,finite,0.0,lot_campaign_blocked,,4914.153993,12835.46798,min_max,0.0,14400.0,142485.0,14400.0,10,0,0,0,0.0,0.0,12835.46798,12835.46798
954,M-1810,item:268091,5078.716513,12835.46798,0.0,203550.0,finite,0.0,lot_campaign_blocked,,5078.716513,12835.46798,min_max,0.0,14400.0,142485.0,14400.0,10,0,0,0,0.0,0.0,12835.46798,12835.46798
955,M-1810,item:268091,5133.490241,12835.46798,0.0,203550.0,finite,0.0,lot_campaign_blocked,,5133.490241,12835.46798,min_max,0.0,14400.0,142485.0,14400.0,10,0,0,0,0.0,0.0,12835.46798,12835.46798
956,M-1810,item:268091,5166.306212,12835.46798,0.0,203550.0,finite,0.0,lot_campaign_blocked,,5166.306212,12835.46798,min_max,0.0,14400.0,142485.0,14400.0,10,0,0,0,0.0,0.0,12835.46798,12835.46798
957,M-1810,item:268091,5194.73063,12835.46798,0.0,203550.0,finite,0.0,lot_campaign_blocked,,5194.73063,12835.46798,min_max,0.0,14400.0,142485.0,14400.0,10,0,0,0,0.0,0.0,12835.46798,12835.46798
958,M-1810,item:268091,5222.276738,12835.46798,0.0,203550.0,finite,0.0,lot_campaign_blocked,,5222.276738,12835.46798,min_max,0.0,14400.0,142485.0,14400.0,10,0,0,0,0.0,0.0,12835.46798,12835.46798
959,M-1810,item:268091,5249.647184,12835.46798,0.0,203550.0,finite,0.0,lot_campaign_blocked,,5249.647184,12835.46798,min_max,0.0,14400.0,142485.0,14400.0,10,0,0,0,0.0,0.0,12835.46798,12835.46798
960,M-1810,item:268091,5276.982498,12835.46798,0.0,203550.0,finite,0.0,lot_campaign_blocked,,5276.982498,12835.46798,min_max,0.0,14400.0,142485.0,14400.0,10,0,0,0,0.0,0.0,12835.46798,12835.46798
961,M-1810,item:268091,5304.310785,12835.46798,0.0,203550.0,finite,0.0,lot_campaign_blocked,,5304.310785,12835.46798,min_max,0.0,14400.0,142485.0,14400.0,10,0,0,0,0.0,0.0,12835.46798,12835.46798
962,M-1810,item:268091,5991.572361,12835.46798,0.0,203550.0,finite,0.0,lot_campaign_blocked,,5991.572361,12835.46798,min_max,0.0,14400.0,142485.0,14400.0,10,0,0,0,0.0,0.0,12835.46798,12835.46798
963,M-1810,item:268091,6810.820595,12835.46798,0.0,203550.0,finite,0.0,lot_campaign_blocked,,6810.820595,12835.46798,min_max,0.0,14400.0,142485.0,14400.0,10,0,0,0,0.0,0.0,12835.46798,12835.46798
964,M-1810,item:268091,7656.46616,12835.46798,0.0,203550.0,finite,0.0,lot_campaign_blocked,,7656.46616,12835.46798,min_max,0.0,14400.0,142485.0,14400.0,10,0,0,0,0.0,0.0,12835.46798,12835.46798
965,M-1810,item:268091,8507.391191,12835.46798,0.0,203550.0,finite,0.0,lot_campaign_blocked,,8507.391191,12835.46798,min_max,0.0,14400.0,142485.0,14400.0,10,0,0,0,0.0,0.0,12835.46798,12835.46798
966,M-1810,item:268091,9359.372116,12835.46798,0.0,203550.0,finite,0.0,lot_campaign_blocked,,9359.372116,12835.46798,min_max,0.0,14400.0,142485.0,14400.0,10,0,0,0,0.0,0.0,12835.46798,12835.46798
967,M-1810,item:268091,10211.564219,12835.46798,0.0,203550.0,finite,0.0,lot_campaign_blocked,,10211.564219,12835.46798,min_max,0.0,14400.0,142485.0,14400.0,10,0,0,0,0.0,0.0,12835.46798,12835.46798
968,M-1810,item:268091,11063.798558,12835.46798,0.0,203550.0,finite,0.0,lot_campaign_blocked,,11063.798558,12835.46798,min_max,0.0,14400.0,142485.0,14400.0,10,0,0,0,0.0,0.0,12835.46798,12835.46798
969,M-1810,item:268091,11033.918895,12835.46798,0.0,203550.0,finite,0.0,lot_campaign_blocked,,11033.918895,12835.46798,min_max,0.0,14400.0,142485.0,14400.0,10,0,0,0,0.0,0.0,12835.46798,12835.46798
970,M-1810,item:268091,10827.616432,12835.46798,0.0,203550.0,finite,0.0,lot_campaign_blocked,,10827.616432,12835.46798,min_max,0.0,14400.0,142485.0,14400.0,10,0,0,0,0.0,0.0,12835.46798,12835.46798
971,M-1810,item:268091,10586.029409,12835.46798,0.0,203550.0,finite,0.0,lot_campaign_blocked,,10586.029409,12835.46798,min_max,0.0,14400.0,142485.0,14400.0,10,0,0,0,0.0,0.0,12835.46798,12835.46798
972,M-1810,item:268091,10337.385474,12835.46798,0.0,203550.0,finite,0.0,lot_campaign_blocked,,10337.385474,12835.46798,min_max,0.0,14400.0,142485.0,14400.0,10,0,0,0,0.0,0.0,12835.46798,12835.46798
973,M-1810,item:268091,10087.330156,12835.46798,0.0,203550.0,finite,0.0,lot_campaign_blocked,,10087.330156,12835.46798,min_max,0.0,14400.0,142485.0,14400.0,10,0,0,0,0.0,0.0,12835.46798,12835.46798
974,M-1810,item:268091,9836.992562,12835.46798,0.0,203550.0,finite,0.0,lot_campaign_blocked,,9836.992562,12835.46798,min_max,0.0,14400.0,142485.0,14400.0,10,0,0,0,0.0,0.0,12835.46798,12835.46798
975,M-1810,item:268091,9586.598512,12835.46798,0.0,203550.0,finite,0.0,lot_campaign_blocked,,9586.598512,12835.46798,min_max,0.0,14400.0,142485.0,14400.0,10,0,0,0,0.0,0.0,12835.46798,12835.46798
976,M-1810,item:268091,9486.936029,12835.46798,0.0,203550.0,finite,0.0,lot_campaign_blocked,,9486.936029,12835.46798,min_max,0.0,14400.0,142485.0,14400.0,10,0,0,0,0.0,0.0,12835.46798,12835.46798
977,M-1810,item:268091,9417.419859,12835.46798,0.0,203550.0,finite,0.0,lot_campaign_blocked,,9417.419859,12835.46798,min_max,0.0,14400.0,142485.0,14400.0,10,0,0,0,0.0,0.0,12835.46798,12835.46798
978,M-1810,item:268091,9353.932951,12835.46798,0.0,203550.0,finite,0.0,lot_campaign_blocked,,9353.932951,12835.46798,min_max,0.0,14400.0,142485.0,14400.0,10,0,0,0,0.0,0.0,12835.46798,12835.46798
979,M-1810,item:268091,9291.651896,12835.46798,0.0,203550.0,finite,0.0,lot_campaign_blocked,,9291.651896,12835.46798,min_max,0.0,14400.0,142485.0,14400.0,10,0,0,0,0.0,0.0,12835.46798,12835.46798
980,M-1810,item:268091,9229.612012,12835.46798,0.0,203550.0,finite,0.0,lot_campaign_blocked,,9229.612012,12835.46798,min_max,0.0,14400.0,142485.0,14400.0,10,0,0,0,0.0,0.0,12835.46798,12835.46798
981,M-1810,item:268091,9167.620361,12835.46798,0.0,203550.0,finite,0.0,lot_campaign_blocked,,9167.620361,12835.46798,min_max,0.0,14400.0,142485.0,14400.0,10,0,0,0,0.0,0.0,12835.46798,12835.46798
982,M-1810,item:268091,9105.638358,12835.46798,0.0,203550.0,finite,0.0,lot_campaign_blocked,,9105.638358,12835.46798,min_max,0.0,14400.0,142485.0,14400.0,10,0,0,0,0.0,0.0,12835.46798,12835.46798
983,M-1810,item:268091,9212.915427,12835.46798,0.0,203550.0,finite,0.0,lot_campaign_blocked,,9212.915427,12835.46798,min_max,0.0,14400.0,142485.0,14400.0,10,0,0,0,0.0,0.0,12835.46798,12835.46798
984,M-1810,item:268091,9354.04431,12835.46798,0.0,203550.0,finite,0.0,lot_campaign_blocked,,9354.04431,12835.46798,min_max,0.0,14400.0,142485.0,14400.0,10,0,0,0,0.0,0.0,12835.46798,12835.46798
985,M-1810,item:268091,9501.943556,12835.46798,0.0,203550.0,finite,0.0,lot_campaign_blocked,,9501.943556,12835.46798,min_max,0.0,14400.0,142485.0,14400.0,10,0,0,0,0.0,0.0,12835.46798,12835.46798
986,M-1810,item:268091,9651.196874,12835.46798,0.0,203550.0,finite,0.0,lot_campaign_blocked,,9651.196874,12835.46798,min_max,0.0,14400.0,142485.0,14400.0,10,0,0,0,0.0,0.0,12835.46798,12835.46798
987,M-1810,item:268091,9800.721007,12835.46798,0.0,203550.0,finite,0.0,lot_campaign_blocked,,9800.721007,12835.46798,min_max,0.0,14400.0,142485.0,14400.0,10,0,0,0,0.0,0.0,12835.46798,12835.46798
988,M-1810,item:268091,9950.299303,12835.46798,0.0,203550.0,finite,0.0,lot_campaign_blocked,,9950.299303,12835.46798,min_max,0.0,14400.0,142485.0,14400.0,10,0,0,0,0.0,0.0,12835.46798,12835.46798
989,M-1810,item:268091,10099.888432,12835.46798,0.0,203550.0,finite,0.0,lot_campaign_blocked,,10099.888432,12835.46798,min_max,0.0,14400.0,142485.0,14400.0,10,0,0,0,0.0,0.0,12835.46798,12835.46798
990,M-1810,item:268091,10479.96136,12835.46798,0.0,203550.0,finite,0.0,lot_campaign_blocked,,10479.96136,12835.46798,min_max,0.0,14400.0,142485.0,14400.0,10,0,0,0,0.0,0.0,12835.46798,12835.46798
991,M-1810,item:268091,10906.131047,12835.46798,0.0,203550.0,finite,0.0,lot_campaign_blocked,,10906.131047,12835.46798,min_max,0.0,14400.0,142485.0,14400.0,10,0,0,0,0.0,0.0,12835.46798,12835.46798
992,M-1810,item:268091,11341.520087,12835.46798,0.0,203550.0,finite,0.0,lot_campaign_blocked,,11341.520087,12835.46798,min_max,0.0,14400.0,142485.0,14400.0,10,0,0,0,0.0,0.0,12835.46798,12835.46798
993,M-1810,item:268091,11778.752997,12835.46798,0.0,203550.0,finite,0.0,lot_campaign_blocked,,11778.752997,12835.46798,min_max,0.0,14400.0,142485.0,14400.0,10,0,0,0,0.0,0.0,12835.46798,12835.46798
994,M-1810,item:268091,12216.354681,12835.46798,0.0,203550.0,finite,0.0,lot_campaign_blocked,,12216.354681,12835.46798,min_max,0.0,14400.0,142485.0,14400.0,10,0,0,0,0.0,0.0,12835.46798,12835.46798
995,M-1810,item:268091,12654.03012,12835.46798,0.0,203550.0,finite,0.0,lot_campaign_blocked,,12654.03012,12835.46798,min_max,0.0,14400.0,142485.0,14400.0,10,0,0,0,0.0,0.0,12835.46798,12835.46798
996,M-1810,item:268091,13091.72031,12835.46798,0.0,203550.0,finite,0.0,lot_campaign_blocked,,13091.72031,12835.46798,min_max,0.0,14400.0,142485.0,14400.0,10,0,0,0,0.0,0.0,12835.46798,12835.46798
997,M-1810,item:268091,12561.250184,12835.46798,0.0,203550.0,finite,0.0,lot_campaign_blocked,,12561.250184,12835.46798,min_max,0.0,14400.0,142485.0,14400.0,10,0,0,0,0.0,0.0,12835.46798,12835.46798
998,M-1810,item:268091,11837.147996,12835.46798,0.0,203550.0,finite,0.0,lot_campaign_blocked,,11837.147996,12835.46798,min_max,0.0,14400.0,142485.0,14400.0,10,0,0,0,0.0,0.0,12835.46798,12835.46798
999,M-1810,item:268091,11074.319395,12835.46798,0.0,203550.0,finite,0.0,lot_campaign_blocked,,11074.319395,12835.46798,min_max,0.0,14400.0,142485.0,14400.0,10,0,0,0,0.0,0.0,12835.46798,12835.46798
1000,M-1810,item:268091,10303.745512,12835.46798,0.0,203550.0,finite,0.0,lot_campaign_blocked,,10303.745512,12835.46798,min_max,0.0,14400.0,142485.0,14400.0,10,0,0,0,0.0,0.0,12835.46798,12835.46798
1001,M-1810,item:268091,9531.622572,12835.46798,0.0,203550.0,finite,0.0,lot_campaign_blocked,,9531.622572,12835.46798,min_max,0.0,14400.0,142485.0,14400.0,10,0,0,0,0.0,0.0,12835.46798,12835.46798
1002,M-1810,item:268091,8759.189821,12835.46798,0.0,203550.0,finite,0.0,lot_campaign_blocked,,8759.189821,12835.46798,min_max,0.0,14400.0,142485.0,14400.0,10,0,0,0,0.0,0.0,12835.46798,12835.46798
1003,M-1810,item:268091,7986.695107,12835.46798,0.0,203550.0,finite,0.0,lot_campaign_blocked,,7986.695107,12835.46798,min_max,0.0,14400.0,142485.0,14400.0,10,0,0,0,0.0,0.0,12835.46798,12835.46798
1004,M-1810,item:268091,7996.914532,12835.46798,0.0,203550.0,finite,0.0,lot_campaign_blocked,,7996.914532,12835.46798,min_max,0.0,14400.0,142485.0,14400.0,10,0,0,0,0.0,0.0,12835.46798,12835.46798
1005,M-1810,item:268091,8163.676784,12835.46798,0.0,203550.0,finite,0.0,lot_campaign_blocked,,8163.676784,12835.46798,min_max,0.0,14400.0,142485.0,14400.0,10,0,0,0,0.0,0.0,12835.46798,12835.46798
1006,M-1810,item:268091,8361.747602,12835.46798,0.0,203550.0,finite,0.0,lot_campaign_blocked,,8361.747602,12835.46798,min_max,0.0,14400.0,142485.0,14400.0,10,0,0,0,0.0,0.0,12835.46798,12835.46798
1007,M-1810,item:268091,8566.080133,12835.46798,0.0,203550.0,finite,0.0,lot_campaign_blocked,,8566.080133,12835.46798,min_max,0.0,14400.0,142485.0,14400.0,10,0,0,0,0.0,0.0,12835.46798,12835.46798
1008,M-1810,item:268091,8771.665006,12835.46798,0.0,203550.0,finite,0.0,lot_campaign_blocked,,8771.665006,12835.46798,min_max,0.0,14400.0,142485.0,14400.0,10,0,0,0,0.0,0.0,12835.46798,12835.46798
1009,M-1810,item:268091,8977.500348,12835.46798,0.0,203550.0,finite,0.0,lot_campaign_blocked,,8977.500348,12835.46798,min_max,0.0,14400.0,142485.0,14400.0,10,0,0,0,0.0,0.0,12835.46798,12835.46798
1010,M-1810,item:268091,9183.385784,12835.46798,0.0,203550.0,finite,0.0,lot_campaign_blocked,,9183.385784,12835.46798,min_max,0.0,14400.0,142485.0,14400.0,10,0,0,0,0.0,0.0,12835.46798,12835.46798
1011,M-1810,item:268091,9345.673075,12835.46798,0.0,203550.0,finite,0.0,lot_campaign_blocked,,9345.673075,12835.46798,min_max,0.0,14400.0,142485.0,14400.0,10,0,0,0,0.0,0.0,12835.46798,12835.46798
1012,M-1810,item:268091,9499.240738,12835.46798,0.0,203550.0,finite,0.0,lot_campaign_blocked,,9499.240738,12835.46798,min_max,0.0,14400.0,142485.0,14400.0,10,0,0,0,0.0,0.0,12835.46798,12835.46798
1013,M-1810,item:268091,9651.064474,12835.46798,0.0,203550.0,finite,0.0,lot_campaign_blocked,,9651.064474,12835.46798,min_max,0.0,14400.0,142485.0,14400.0,10,0,0,0,0.0,0.0,12835.46798,12835.46798
1014,M-1810,item:268091,9802.539426,12835.46798,0.0,203550.0,finite,0.0,lot_campaign_blocked,,9802.539426,12835.46798,min_max,0.0,14400.0,142485.0,14400.0,10,0,0,0,0.0,0.0,12835.46798,12835.46798
1015,M-1810,item:268091,9953.94462,12835.46798,0.0,203550.0,finite,0.0,lot_campaign_blocked,,9953.94462,12835.46798,min_max,0.0,14400.0,142485.0,14400.0,10,0,0,0,0.0,0.0,12835.46798,12835.46798
1016,M-1810,item:268091,10105.335863,12835.46798,0.0,203550.0,finite,0.0,lot_campaign_blocked,,10105.335863,12835.46798,min_max,0.0,14400.0,142485.0,14400.0,10,0,0,0,0.0,0.0,12835.46798,12835.46798
1017,M-1810,item:268091,10256.724316,12835.46798,0.0,203550.0,finite,0.0,lot_campaign_blocked,,10256.724316,12835.46798,min_max,0.0,14400.0,142485.0,14400.0,10,0,0,0,0.0,0.0,12835.46798,12835.46798
1018,M-1810,item:268091,10418.397925,12835.46798,0.0,203550.0,finite,0.0,lot_campaign_blocked,,10418.397925,12835.46798,min_max,0.0,14400.0,142485.0,14400.0,10,0,0,0,0.0,0.0,12835.46798,12835.46798
1019,M-1810,item:268091,10582.128565,12835.46798,0.0,203550.0,finite,0.0,lot_campaign_blocked,,10582.128565,12835.46798,min_max,0.0,14400.0,142485.0,14400.0,10,0,0,0,0.0,0.0,12835.46798,12835.46798
1020,M-1810,item:268091,10746.270611,12835.46798,0.0,203550.0,finite,0.0,lot_campaign_blocked,,10746.270611,12835.46798,min_max,0.0,14400.0,142485.0,14400.0,10,0,0,0,0.0,0.0,12835.46798,12835.46798
1021,M-1810,item:268091,10910.494939,12835.46798,0.0,203550.0,finite,0.0,lot_campaign_blocked,,10910.494939,12835.46798,min_max,0.0,14400.0,142485.0,14400.0,10,0,0,0,0.0,0.0,12835.46798,12835.46798
1022,M-1810,item:268091,11074.735722,12835.46798,0.0,203550.0,finite,0.0,lot_campaign_blocked,,11074.735722,12835.46798,min_max,0.0,14400.0,142485.0,14400.0,10,0,0,0,0.0,0.0,12835.46798,12835.46798
1023,M-1810,item:268091,11238.979797,12835.46798,0.0,203550.0,finite,0.0,lot_campaign_blocked,,11238.979797,12835.46798,min_max,0.0,14400.0,142485.0,14400.0,10,0,0,0,0.0,0.0,12835.46798,12835.46798
1024,M-1810,item:268091,11403.224531,12835.46798,0.0,203550.0,finite,0.0,lot_campaign_blocked,,11403.224531,12835.46798,min_max,0.0,14400.0,142485.0,14400.0,10,0,0,0,0.0,0.0,12835.46798,12835.46798
1025,M-1810,item:268091,10969.869396,12835.46798,0.0,203550.0,finite,0.0,lot_campaign_blocked,,10969.869396,12835.46798,min_max,0.0,14400.0,142485.0,14400.0,10,0,0,0,0.0,0.0,12835.46798,12835.46798
1026,M-1810,item:268091,10416.994287,12835.46798,0.0,203550.0,finite,0.0,lot_campaign_blocked,,10416.994287,12835.46798,min_max,0.0,14400.0,142485.0,14400.0,10,0,0,0,0.0,0.0,12835.46798,12835.46798
1027,M-1810,item:268091,9840.215184,12835.46798,0.0,203550.0,finite,0.0,lot_campaign_blocked,,9840.215184,12835.46798,min_max,0.0,14400.0,142485.0,14400.0,10,0,0,0,0.0,0.0,12835.46798,12835.46798
1028,M-1810,item:268091,9258.655282,12835.46798,0.0,203550.0,finite,0.0,lot_campaign_blocked,,9258.655282,12835.46798,min_max,0.0,14400.0,142485.0,14400.0,10,0,0,0,0.0,0.0,12835.46798,12835.46798
1029,M-1810,item:268091,8676.13922,12835.46798,0.0,203550.0,finite,0.0,lot_campaign_blocked,,8676.13922,12835.46798,min_max,0.0,14400.0,142485.0,14400.0,10,0,0,0,0.0,0.0,12835.46798,12835.46798
1030,M-1810,item:268091,8093.431926,12835.46798,0.0,203550.0,finite,0.0,lot_campaign_blocked,,8093.431926,12835.46798,min_max,0.0,14400.0,142485.0,14400.0,10,0,0,0,0.0,0.0,12835.46798,12835.46798
1031,M-1810,item:268091,7510.686385,12835.46798,0.0,203550.0,finite,0.0,lot_campaign_blocked,,7510.686385,12835.46798,min_max,0.0,14400.0,142485.0,14400.0,10,0,0,0,0.0,0.0,12835.46798,12835.46798
1032,M-1810,item:268091,7711.655644,12835.46798,0.0,203550.0,finite,0.0,lot_campaign_blocked,,7711.655644,12835.46798,min_max,0.0,14400.0,142485.0,14400.0,10,0,0,0,0.0,0.0,12835.46798,12835.46798
1033,M-1810,item:268091,8069.367863,12835.46798,0.0,203550.0,finite,0.0,lot_campaign_blocked,,8069.367863,12835.46798,min_max,0.0,14400.0,142485.0,14400.0,10,0,0,0,0.0,0.0,12835.46798,12835.46798
1034,M-1810,item:268091,8458.428675,12835.46798,0.0,203550.0,finite,0.0,lot_campaign_blocked,,8458.428675,12835.46798,min_max,0.0,14400.0,142485.0,14400.0,10,0,0,0,0.0,0.0,12835.46798,12835.46798
1035,M-1810,item:268091,8853.759204,12835.46798,0.0,203550.0,finite,0.0,lot_campaign_blocked,,8853.759204,12835.46798,min_max,0.0,14400.0,142485.0,14400.0,10,0,0,0,0.0,0.0,12835.46798,12835.46798
1036,M-1810,item:268091,9250.343677,12835.46798,0.0,203550.0,finite,0.0,lot_campaign_blocked,,9250.343677,12835.46798,min_max,0.0,14400.0,142485.0,14400.0,10,0,0,0,0.0,0.0,12835.46798,12835.46798
1037,M-1810,item:268091,9647.178939,12835.46798,0.0,203550.0,finite,0.0,lot_campaign_blocked,,9647.178939,12835.46798,min_max,0.0,14400.0,142485.0,14400.0,10,0,0,0,0.0,0.0,12835.46798,12835.46798
1038,M-1810,item:268091,10044.064359,12835.46798,0.0,203550.0,finite,0.0,lot_campaign_blocked,,10044.064359,12835.46798,min_max,0.0,14400.0,142485.0,14400.0,10,0,0,0,0.0,0.0,12835.46798,12835.46798
1039,M-1430,item:268967,5718.481632,107800.0,107800.0,154000.0,finite,3557400.080085,none,,0.0,0.0,fixed,107800.0,107800.0,107800.0,0.0,10,1,1,1,107800.0,107800.0,107800.0,0.0
1039,M-1810,item:268091,9665.580219,12835.46798,0.0,203550.0,finite,0.0,lot_campaign_blocked,,9665.580219,12835.46798,min_max,0.0,14400.0,142485.0,14400.0,10,0,0,0,0.0,0.0,12835.46798,12835.46798
1040,M-1810,item:268091,9132.022166,12835.46798,0.0,203550.0,finite,0.0,lot_campaign_blocked,,9132.022166,12835.46798,min_max,0.0,14400.0,142485.0,14400.0,10,0,0,0,0.0,0.0,12835.46798,12835.46798
1041,M-1810,item:268091,8567.449331,12835.46798,0.0,203550.0,finite,0.0,lot_campaign_blocked,,8567.449331,12835.46798,min_max,0.0,14400.0,142485.0,14400.0,10,0,0,0,0.0,0.0,12835.46798,12835.46798
1042,M-1810,item:268091,7996.67354,12835.46798,0.0,203550.0,finite,0.0,lot_campaign_blocked,,7996.67354,12835.46798,min_max,0.0,14400.0,142485.0,14400.0,10,0,0,0,0.0,0.0,12835.46798,12835.46798
1043,M-1810,item:268091,7424.657157,12835.46798,0.0,203550.0,finite,0.0,lot_campaign_blocked,,7424.657157,12835.46798,min_max,0.0,14400.0,142485.0,14400.0,10,0,0,0,0.0,0.0,12835.46798,12835.46798
1044,M-1810,item:268091,6852.392656,12835.46798,0.0,203550.0,finite,0.0,lot_campaign_blocked,,6852.392656,12835.46798,min_max,0.0,14400.0,142485.0,14400.0,10,0,0,0,0.0,0.0,12835.46798,12835.46798
1045,M-1810,item:268091,6280.078531,12835.46798,0.0,203550.0,finite,0.0,lot_campaign_blocked,,6280.078531,12835.46798,min_max,0.0,14400.0,142485.0,14400.0,10,0,0,0,0.0,0.0,12835.46798,12835.46798
1046,M-1810,item:268091,7184.570808,12835.46798,0.0,203550.0,finite,0.0,lot_campaign_blocked,,7184.570808,12835.46798,min_max,0.0,14400.0,142485.0,14400.0,10,0,0,0,0.0,0.0,12835.46798,12835.46798
1047,M-1810,item:268091,8384.424366,12835.46798,0.0,203550.0,finite,0.0,lot_campaign_blocked,,8384.424366,12835.46798,min_max,0.0,14400.0,142485.0,14400.0,10,0,0,0,0.0,0.0,12835.46798,12835.46798
1048,M-1810,item:268091,9643.350179,12835.46798,0.0,203550.0,finite,0.0,lot_campaign_blocked,,9643.350179,12835.46798,min_max,0.0,14400.0,142485.0,14400.0,10,0,0,0,0.0,0.0,12835.46798,12835.46798
1049,M-1810,item:268091,10914.090444,12835.46798,0.0,203550.0,finite,0.0,lot_campaign_blocked,,10914.090444,12835.46798,min_max,0.0,14400.0,142485.0,14400.0,10,0,0,0,0.0,0.0,12835.46798,12835.46798
1050,M-1810,item:268091,12187.193599,12835.46798,0.0,203550.0,finite,0.0,lot_campaign_blocked,,12187.193599,12835.46798,min_max,0.0,14400.0,142485.0,14400.0,10,0,0,0,0.0,0.0,12835.46798,12835.46798
1051,M-1810,item:268091,13460.769332,12835.46798,0.0,203550.0,finite,0.0,lot_campaign_blocked,,13460.769332,12835.46798,min_max,0.0,14400.0,142485.0,14400.0,10,0,0,0,0.0,0.0,12835.46798,12835.46798
1052,M-1810,item:268091,14734.439581,12835.46798,0.0,203550.0,finite,0.0,lot_campaign_blocked,,14734.439581,12835.46798,min_max,0.0,14400.0,142485.0,14400.0,10,0,0,0,0.0,0.0,12835.46798,12835.46798
1053,M-1810,item:268091,15120.732814,12835.46798,0.0,203550.0,finite,0.0,lot_campaign_blocked,,15120.732814,12835.46798,min_max,0.0,14400.0,142485.0,14400.0,10,0,0,0,0.0,0.0,12835.46798,12835.46798
1054,M-1810,item:268091,15329.550645,12835.46798,0.0,203550.0,finite,0.0,lot_campaign_blocked,,15329.550645,12835.46798,min_max,0.0,14400.0,142485.0,14400.0,10,0,0,0,0.0,0.0,12835.46798,12835.46798
1055,M-1810,item:268091,15502.873394,12835.46798,0.0,203550.0,finite,0.0,lot_campaign_blocked,,15502.873394,12835.46798,min_max,0.0,14400.0,142485.0,14400.0,10,0,0,0,0.0,0.0,12835.46798,12835.46798
1056,M-1810,item:268091,15669.097128,12835.46798,0.0,203550.0,finite,0.0,lot_campaign_blocked,,15669.097128,12835.46798,min_max,0.0,14400.0,142485.0,14400.0,10,0,0,0,0.0,0.0,12835.46798,12835.46798
1057,M-1810,item:268091,15833.901058,12835.46798,0.0,203550.0,finite,0.0,lot_campaign_blocked,,15833.901058,12835.46798,min_max,0.0,14400.0,142485.0,14400.0,10,0,0,0,0.0,0.0,12835.46798,12835.46798
1058,M-1810,item:268091,15998.421028,12835.46798,0.0,203550.0,finite,0.0,lot_campaign_blocked,,15998.421028,12835.46798,min_max,0.0,14400.0,142485.0,14400.0,10,0,0,0,0.0,0.0,12835.46798,12835.46798
1059,M-1810,item:268091,16162.884206,12835.46798,0.0,203550.0,finite,0.0,lot_campaign_blocked,,16162.884206,12835.46798,min_max,0.0,14400.0,142485.0,14400.0,10,0,0,0,0.0,0.0,12835.46798,12835.46798
1060,M-1810,item:268091,15468.25031,12835.46798,0.0,203550.0,finite,0.0,lot_campaign_blocked,,15468.25031,12835.46798,min_max,0.0,14400.0,142485.0,14400.0,10,0,0,0,0.0,0.0,12835.46798,12835.46798
1061,M-1810,item:268091,14601.797001,12835.46798,0.0,203550.0,finite,0.0,lot_campaign_blocked,,14601.797001,12835.46798,min_max,0.0,14400.0,142485.0,14400.0,10,0,0,0,0.0,0.0,12835.46798,12835.46798
1062,M-1810,item:268091,13700.979808,12835.46798,0.0,203550.0,finite,0.0,lot_campaign_blocked,,13700.979808,12835.46798,min_max,0.0,14400.0,142485.0,14400.0,10,0,0,0,0.0,0.0,12835.46798,12835.46798
1063,M-1810,item:268091,12793.289839,12835.46798,0.0,203550.0,finite,0.0,lot_campaign_blocked,,12793.289839,12835.46798,min_max,0.0,14400.0,142485.0,14400.0,10,0,0,0,0.0,0.0,12835.46798,12835.46798
1064,M-1810,item:268091,11884.225315,12835.46798,0.0,203550.0,finite,0.0,lot_campaign_blocked,,11884.225315,12835.46798,min_max,0.0,14400.0,142485.0,14400.0,10,0,0,0,0.0,0.0,12835.46798,12835.46798
1065,M-1810,item:268091,10974.885879,12835.46798,0.0,203550.0,finite,0.0,lot_campaign_blocked,,10974.885879,12835.46798,min_max,0.0,14400.0,142485.0,14400.0,10,0,0,0,0.0,0.0,12835.46798,12835.46798
1066,M-1810,item:268091,10065.491461,12835.46798,0.0,203550.0,finite,0.0,lot_campaign_blocked,,10065.491461,12835.46798,min_max,0.0,14400.0,142485.0,14400.0,10,0,0,0,0.0,0.0,12835.46798,12835.46798
1067,M-1810,item:268091,9989.849313,12835.46798,0.0,203550.0,finite,0.0,lot_campaign_blocked,,9989.849313,12835.46798,min_max,0.0,14400.0,142485.0,14400.0,10,0,0,0,0.0,0.0,12835.46798,12835.46798
1068,M-1810,item:268091,10080.957618,12835.46798,0.0,203550.0,finite,0.0,lot_campaign_blocked,,10080.957618,12835.46798,min_max,0.0,14400.0,142485.0,14400.0,10,0,0,0,0.0,0.0,12835.46798,12835.46798
1069,M-1810,item:268091,10205.416013,12835.46798,0.0,203550.0,finite,0.0,lot_campaign_blocked,,10205.416013,12835.46798,min_max,0.0,14400.0,142485.0,14400.0,10,0,0,0,0.0,0.0,12835.46798,12835.46798
1070,M-1810,item:268091,10336.544427,12835.46798,0.0,203550.0,finite,0.0,lot_campaign_blocked,,10336.544427,12835.46798,min_max,0.0,14400.0,142485.0,14400.0,10,0,0,0,0.0,0.0,12835.46798,12835.46798
1071,M-1810,item:268091,10469.006845,12835.46798,0.0,203550.0,finite,0.0,lot_campaign_blocked,,10469.006845,12835.46798,min_max,0.0,14400.0,142485.0,14400.0,10,0,0,0,0.0,0.0,12835.46798,12835.46798
1072,M-1810,item:268091,10601.736063,12835.46798,0.0,203550.0,finite,0.0,lot_campaign_blocked,,10601.736063,12835.46798,min_max,0.0,14400.0,142485.0,14400.0,10,0,0,0,0.0,0.0,12835.46798,12835.46798
1073,M-1810,item:268091,10734.518641,12835.46798,0.0,203550.0,finite,0.0,lot_campaign_blocked,,10734.518641,12835.46798,min_max,0.0,14400.0,142485.0,14400.0,10,0,0,0,0.0,0.0,12835.46798,12835.46798
1074,M-1810,item:268091,11815.279239,12835.46798,0.0,203550.0,finite,0.0,lot_campaign_blocked,,11815.279239,12835.46798,min_max,0.0,14400.0,142485.0,14400.0,10,0,0,0,0.0,0.0,12835.46798,12835.46798
1075,M-1810,item:268091,13085.63544,12835.46798,0.0,203550.0,finite,0.0,lot_campaign_blocked,,13085.63544,12835.46798,min_max,0.0,14400.0,142485.0,14400.0,10,0,0,0,0.0,0.0,12835.46798,12835.46798
1076,M-1430,item:268967,4698.220408,107800.0,107800.0,154000.0,finite,3532125.0,none,,0.0,0.0,fixed,107800.0,107800.0,107800.0,0.0,10,1,1,1,107800.0,107800.0,107800.0,0.0
1076,M-1810,item:268091,14393.910762,12835.46798,0.0,203550.0,finite,0.0,lot_campaign_blocked,,14393.910762,12835.46798,min_max,0.0,14400.0,142485.0,14400.0,10,0,0,0,0.0,0.0,12835.46798,12835.46798
1077,M-1810,item:268091,15709.769908,12835.46798,0.0,203550.0,finite,0.0,lot_campaign_blocked,,15709.769908,12835.46798,min_max,0.0,14400.0,142485.0,14400.0,10,0,0,0,0.0,0.0,12835.46798,12835.46798
1078,M-1810,item:268091,17027.145818,12835.46798,0.0,203550.0,finite,0.0,lot_campaign_blocked,,17027.145818,12835.46798,min_max,0.0,14400.0,142485.0,14400.0,10,0,0,0,0.0,0.0,12835.46798,12835.46798
1079,M-1810,item:268091,18344.825082,12835.46798,0.0,203550.0,finite,0.0,lot_campaign_blocked,,18344.825082,12835.46798,min_max,0.0,14400.0,142485.0,14400.0,10,0,0,0,0.0,0.0,12835.46798,12835.46798
1080,M-1810,item:268091,19662.565016,12835.46798,0.0,203550.0,finite,0.0,lot_campaign_blocked,,19662.565016,12835.46798,min_max,0.0,14400.0,142485.0,14400.0,10,0,0,0,0.0,0.0,12835.46798,12835.46798
1081,M-1430,item:268967,5277.6,107800.0,107800.0,154000.0,finite,3424325.0,none,,0.0,0.0,fixed,107800.0,107800.0,107800.0,0.0,10,1,1,1,107800.0,107800.0,107800.0,0.0
1081,M-1810,item:268091,19568.888513,12835.46798,0.0,203550.0,finite,0.0,lot_campaign_blocked,,19568.888513,12835.46798,min_max,0.0,14400.0,142485.0,14400.0,10,0,0,0,0.0,0.0,12835.46798,12835.46798
1082,M-1810,item:268091,19192.928723,12835.46798,0.0,203550.0,finite,0.0,lot_campaign_blocked,,19192.928723,12835.46798,min_max,0.0,14400.0,142485.0,14400.0,10,0,0,0,0.0,0.0,12835.46798,12835.46798
1082,SDC-1450,item:773474,1961761.8576,3200000.0,3200000.0,0.0,unmodeled,224202684.563758,none,,0.0,0.0,fixed,3200000.0,0.0,0.0,0.0,10,1,1,1,3200000.0,3200000.0,3200000.0,0.0
1083,M-1810,item:268091,18760.512275,12835.46798,0.0,203550.0,finite,0.0,lot_campaign_blocked,,18760.512275,12835.46798,min_max,0.0,14400.0,142485.0,14400.0,10,0,0,0,0.0,0.0,12835.46798,12835.46798
1084,M-1810,item:268091,18316.804496,12835.46798,0.0,203550.0,finite,0.0,lot_campaign_blocked,,18316.804496,12835.46798,min_max,0.0,14400.0,142485.0,14400.0,10,0,0,0,0.0,0.0,12835.46798,12835.46798
1085,M-1810,item:268091,17870.83845,12835.46798,0.0,203550.0,finite,0.0,lot_campaign_blocked,,17870.83845,12835.46798,min_max,0.0,14400.0,142485.0,14400.0,10,0,0,0,0.0,0.0,12835.46798,12835.46798
1086,M-1810,item:268091,17424.420751,12835.46798,0.0,203550.0,finite,0.0,lot_campaign_blocked,,17424.420751,12835.46798,min_max,0.0,14400.0,142485.0,14400.0,10,0,0,0,0.0,0.0,12835.46798,12835.46798
1087,M-1810,item:268091,16977.912721,12835.46798,0.0,203550.0,finite,0.0,lot_campaign_blocked,,16977.912721,12835.46798,min_max,0.0,14400.0,142485.0,14400.0,10,0,0,0,0.0,0.0,12835.46798,12835.46798
1088,M-1810,item:268091,14961.035605,12835.46798,0.0,203550.0,finite,0.0,lot_campaign_blocked,,14961.035605,12835.46798,min_max,0.0,14400.0,142485.0,14400.0,10,0,0,0,0.0,0.0,12835.46798,12835.46798
1089,M-1810,item:268091,12847.227529,12835.46798,0.0,203550.0,finite,0.0,lot_campaign_blocked,,12847.227529,12835.46798,min_max,0.0,14400.0,142485.0,14400.0,10,0,0,0,0.0,0.0,12835.46798,12835.46798
1090,M-1810,item:268091,10714.033261,12835.46798,0.0,203550.0,finite,0.0,lot_campaign_blocked,,10714.033261,12835.46798,min_max,0.0,14400.0,142485.0,14400.0,10,0,0,0,0.0,0.0,12835.46798,12835.46798
1091,M-1810,item:268091,8576.961754,12835.46798,0.0,203550.0,finite,0.0,lot_campaign_blocked,,8576.961754,12835.46798,min_max,0.0,14400.0,142485.0,14400.0,10,0,0,0,0.0,0.0,12835.46798,12835.46798
1092,M-1810,item:268091,6439.1148,12835.46798,0.0,203550.0,finite,0.0,lot_campaign_blocked,,6439.1148,12835.46798,min_max,0.0,14400.0,142485.0,14400.0,10,0,0,0,0.0,0.0,12835.46798,12835.46798
1093,M-1810,item:268091,4301.112756,12835.46798,0.0,203550.0,finite,0.0,lot_campaign_blocked,,4301.112756,12835.46798,min_max,0.0,14400.0,142485.0,14400.0,10,0,0,0,0.0,0.0,12835.46798,12835.46798
1094,M-1810,item:268091,2163.079694,12835.46798,0.0,203550.0,finite,0.0,lot_campaign_blocked,,2163.079694,12835.46798,min_max,0.0,14400.0,142485.0,14400.0,10,0,0,0,0.0,0.0,12835.46798,12835.46798
1095,M-1810,item:268091,1952.615939,12835.46798,0.0,203550.0,finite,0.0,lot_campaign_blocked,,1952.615939,12835.46798,min_max,0.0,14400.0,142485.0,14400.0,10,0,0,0,0.0,0.0,12835.46798,12835.46798
1096,M-1810,item:268091,2276.547678,12835.46798,0.0,203550.0,finite,0.0,lot_campaign_blocked,,2276.547678,12835.46798,min_max,0.0,14400.0,142485.0,14400.0,10,0,0,0,0.0,0.0,12835.46798,12835.46798
1097,M-1810,item:268091,2707.358515,12835.46798,0.0,203550.0,finite,0.0,lot_campaign_blocked,,2707.358515,12835.46798,min_max,0.0,14400.0,142485.0,14400.0,10,0,0,0,0.0,0.0,12835.46798,12835.46798
1098,M-1810,item:268091,3159.545173,12835.46798,0.0,203550.0,finite,0.0,lot_campaign_blocked,,3159.545173,12835.46798,min_max,0.0,14400.0,142485.0,14400.0,10,0,0,0,0.0,0.0,12835.46798,12835.46798
1099,M-1810,item:268091,3616.006994,12835.46798,0.0,203550.0,finite,0.0,lot_campaign_blocked,,3616.006994,12835.46798,min_max,0.0,14400.0,142485.0,14400.0,10,0,0,0,0.0,0.0,12835.46798,12835.46798
1100,M-1810,item:268091,4073.323848,12835.46798,0.0,203550.0,finite,0.0,lot_campaign_blocked,,4073.323848,12835.46798,min_max,0.0,14400.0,142485.0,14400.0,10,0,0,0,0.0,0.0,12835.46798,12835.46798
1101,M-1810,item:268091,4530.811709,12835.46798,0.0,203550.0,finite,0.0,lot_campaign_blocked,,4530.811709,12835.46798,min_max,0.0,14400.0,142485.0,14400.0,10,0,0,0,0.0,0.0,12835.46798,12835.46798
1102,M-1810,item:268091,4988.333771,12835.46798,0.0,203550.0,finite,0.0,lot_campaign_blocked,,4988.333771,12835.46798,min_max,0.0,14400.0,142485.0,14400.0,10,0,0,0,0.0,0.0,12835.46798,12835.46798
1103,M-1810,item:268091,5338.483081,12835.46798,0.0,203550.0,finite,0.0,lot_campaign_blocked,,5338.483081,12835.46798,min_max,0.0,14400.0,142485.0,14400.0,10,0,0,0,0.0,0.0,12835.46798,12835.46798
1104,M-1810,item:268091,5667.157841,12835.46798,0.0,203550.0,finite,0.0,lot_campaign_blocked,,5667.157841,12835.46798,min_max,0.0,14400.0,142485.0,14400.0,10,0,0,0,0.0,0.0,12835.46798,12835.46798
1105,M-1810,item:268091,5991.537691,12835.46798,0.0,203550.0,finite,0.0,lot_campaign_blocked,,5991.537691,12835.46798,min_max,0.0,14400.0,142485.0,14400.0,10,0,0,0,0.0,0.0,12835.46798,12835.46798
1106,M-1810,item:268091,6315.058559,12835.46798,0.0,203550.0,finite,0.0,lot_campaign_blocked,,6315.058559,12835.46798,min_max,0.0,14400.0,142485.0,14400.0,10,0,0,0,0.0,0.0,12835.46798,12835.46798
1107,M-1810,item:268091,6638.40763,12835.46798,0.0,203550.0,finite,0.0,lot_campaign_blocked,,6638.40763,12835.46798,min_max,0.0,14400.0,142485.0,14400.0,10,0,0,0,0.0,0.0,12835.46798,12835.46798
1108,M-1810,item:268091,6961.722343,12835.46798,0.0,203550.0,finite,0.0,lot_campaign_blocked,,6961.722343,12835.46798,min_max,0.0,14400.0,142485.0,14400.0,10,0,0,0,0.0,0.0,12835.46798,12835.46798
1109,M-1810,item:268091,7285.030183,12835.46798,0.0,203550.0,finite,0.0,lot_campaign_blocked,,7285.030183,12835.46798,min_max,0.0,14400.0,142485.0,14400.0,10,0,0,0,0.0,0.0,12835.46798,12835.46798
1110,M-1810,item:268091,7841.78971,12835.46798,0.0,203550.0,finite,0.0,lot_campaign_blocked,,7841.78971,12835.46798,min_max,0.0,14400.0,142485.0,14400.0,10,0,0,0,0.0,0.0,12835.46798,12835.46798
1111,M-1810,item:268091,8445.239575,12835.46798,0.0,203550.0,finite,0.0,lot_campaign_blocked,,8445.239575,12835.46798,min_max,0.0,14400.0,142485.0,14400.0,10,0,0,0,0.0,0.0,12835.46798,12835.46798
1112,M-1810,item:268091,9058.027507,12835.46798,0.0,203550.0,finite,0.0,lot_campaign_blocked,,9058.027507,12835.46798,min_max,0.0,14400.0,142485.0,14400.0,10,0,0,0,0.0,0.0,12835.46798,12835.46798
1113,M-1810,item:268091,9672.683053,12835.46798,0.0,203550.0,finite,0.0,lot_campaign_blocked,,9672.683053,12835.46798,min_max,0.0,14400.0,142485.0,14400.0,10,0,0,0,0.0,0.0,12835.46798,12835.46798
1114,M-1810,item:268091,10287.712121,12835.46798,0.0,203550.0,finite,0.0,lot_campaign_blocked,,10287.712121,12835.46798,min_max,0.0,14400.0,142485.0,14400.0,10,0,0,0,0.0,0.0,12835.46798,12835.46798
1115,M-1810,item:268091,10902.815894,12835.46798,0.0,203550.0,finite,0.0,lot_campaign_blocked,,10902.815894,12835.46798,min_max,0.0,14400.0,142485.0,14400.0,10,0,0,0,0.0,0.0,12835.46798,12835.46798
1116,M-1810,item:268091,11517.934608,12835.46798,0.0,203550.0,finite,0.0,lot_campaign_blocked,,11517.934608,12835.46798,min_max,0.0,14400.0,142485.0,14400.0,10,0,0,0,0.0,0.0,12835.46798,12835.46798
1117,M-1810,item:268091,11488.239983,12835.46798,0.0,203550.0,finite,0.0,lot_campaign_blocked,,11488.239983,12835.46798,min_max,0.0,14400.0,142485.0,14400.0,10,0,0,0,0.0,0.0,12835.46798,12835.46798
1118,M-1810,item:268091,11329.582691,12835.46798,0.0,203550.0,finite,0.0,lot_campaign_blocked,,11329.582691,12835.46798,min_max,0.0,14400.0,142485.0,14400.0,10,0,0,0,0.0,0.0,12835.46798,12835.46798
1119,M-1810,item:268091,11145.132865,12835.46798,0.0,203550.0,finite,0.0,lot_campaign_blocked,,11145.132865,12835.46798,min_max,0.0,14400.0,142485.0,14400.0,10,0,0,0,0.0,0.0,12835.46798,12835.46798
1120,M-1810,item:268091,10955.524532,12835.46798,0.0,203550.0,finite,0.0,lot_campaign_blocked,,10955.524532,12835.46798,min_max,0.0,14400.0,142485.0,14400.0,10,0,0,0,0.0,0.0,12835.46798,12835.46798
1121,M-1810,item:268091,10764.884498,12835.46798,0.0,203550.0,finite,0.0,lot_campaign_blocked,,10764.884498,12835.46798,min_max,0.0,14400.0,142485.0,14400.0,10,0,0,0,0.0,0.0,12835.46798,12835.46798
1122,M-1810,item:268091,10574.038124,12835.46798,0.0,203550.0,finite,0.0,lot_campaign_blocked,,10574.038124,12835.46798,min_max,0.0,14400.0,142485.0,14400.0,10,0,0,0,0.0,0.0,12835.46798,12835.46798
1123,M-1810,item:268091,10383.150482,12835.46798,0.0,203550.0,finite,0.0,lot_campaign_blocked,,10383.150482,12835.46798,min_max,0.0,14400.0,142485.0,14400.0,10,0,0,0,0.0,0.0,12835.46798,12835.46798
1124,M-1810,item:268091,10243.160708,12835.46798,0.0,203550.0,finite,0.0,lot_campaign_blocked,,10243.160708,12835.46798,min_max,0.0,14400.0,142485.0,14400.0,10,0,0,0,0.0,0.0,12835.46798,12835.46798
1125,M-1810,item:268091,10113.350509,12835.46798,0.0,203550.0,finite,0.0,lot_campaign_blocked,,10113.350509,12835.46798,min_max,0.0,14400.0,142485.0,14400.0,10,0,0,0,0.0,0.0,12835.46798,12835.46798
1126,M-1810,item:268091,9985.576224,12835.46798,0.0,203550.0,finite,0.0,lot_campaign_blocked,,9985.576224,12835.46798,min_max,0.0,14400.0,142485.0,14400.0,10,0,0,0,0.0,0.0,12835.46798,12835.46798
1127,M-1810,item:268091,9858.209122,12835.46798,0.0,203550.0,finite,0.0,lot_campaign_blocked,,9858.209122,12835.46798,min_max,0.0,14400.0,142485.0,14400.0,10,0,0,0,0.0,0.0,12835.46798,12835.46798
1128,M-1810,item:268091,9730.923457,12835.46798,0.0,203550.0,finite,0.0,lot_campaign_blocked,,9730.923457,12835.46798,min_max,0.0,14400.0,142485.0,14400.0,10,0,0,0,0.0,0.0,12835.46798,12835.46798
1129,M-1810,item:268091,9603.654079,12835.46798,0.0,203550.0,finite,0.0,lot_campaign_blocked,,9603.654079,12835.46798,min_max,0.0,14400.0,142485.0,14400.0,10,0,0,0,0.0,0.0,12835.46798,12835.46798
1130,M-1810,item:268091,9476.387959,12835.46798,0.0,203550.0,finite,0.0,lot_campaign_blocked,,9476.387959,12835.46798,min_max,0.0,14400.0,142485.0,14400.0,10,0,0,0,0.0,0.0,12835.46798,12835.46798
1131,M-1810,item:268091,9178.444939,12835.46798,0.0,203550.0,finite,0.0,lot_campaign_blocked,,9178.444939,12835.46798,min_max,0.0,14400.0,142485.0,14400.0,10,0,0,0,0.0,0.0,12835.46798,12835.46798
1132,M-1810,item:268091,8846.366539,12835.46798,0.0,203550.0,finite,0.0,lot_campaign_blocked,,8846.366539,12835.46798,min_max,0.0,14400.0,142485.0,14400.0,10,0,0,0,0.0,0.0,12835.46798,12835.46798
1133,M-1430,item:268967,4102.383673,107800.0,107800.0,154000.0,finite,3557400.100676,none,,0.0,0.0,fixed,107800.0,107800.0,107800.0,0.0,10,1,1,1,107800.0,107800.0,107800.0,0.0
1133,M-1810,item:268091,8507.461063,12835.46798,0.0,203550.0,finite,0.0,lot_campaign_blocked,,8507.461063,12835.46798,min_max,0.0,14400.0,142485.0,14400.0,10,0,0,0,0.0,0.0,12835.46798,12835.46798
1134,M-1810,item:268091,8167.190172,12835.46798,0.0,203550.0,finite,0.0,lot_campaign_blocked,,8167.190172,12835.46798,min_max,0.0,14400.0,142485.0,14400.0,10,0,0,0,0.0,0.0,12835.46798,12835.46798
1135,M-1810,item:268091,7826.646198,12835.46798,0.0,203550.0,finite,0.0,lot_campaign_blocked,,7826.646198,12835.46798,min_max,0.0,14400.0,142485.0,14400.0,10,0,0,0,0.0,0.0,12835.46798,12835.46798
1136,M-1810,item:268091,7486.047607,12835.46798,0.0,203550.0,finite,0.0,lot_campaign_blocked,,7486.047607,12835.46798,min_max,0.0,14400.0,142485.0,14400.0,10,0,0,0,0.0,0.0,12835.46798,12835.46798
1137,M-1810,item:268091,7145.438093,12835.46798,0.0,203550.0,finite,0.0,lot_campaign_blocked,,7145.438093,12835.46798,min_max,0.0,14400.0,142485.0,14400.0,10,0,0,0,0.0,0.0,12835.46798,12835.46798
1138,M-1430,item:268967,5210.595918,107800.0,107800.0,154000.0,finite,3449600.100676,none,,0.0,0.0,fixed,107800.0,107800.0,107800.0,0.0,10,1,1,1,107800.0,107800.0,107800.0,0.0
1138,M-1810,item:268091,7898.083537,12835.46798,0.0,203550.0,finite,0.0,lot_campaign_blocked,,7898.083537,12835.46798,min_max,0.0,14400.0,142485.0,14400.0,10,0,0,0,0.0,0.0,12835.46798,12835.46798
1139,M-1810,item:268091,8869.379972,12835.46798,0.0,203550.0,finite,0.0,lot_campaign_blocked,,8869.379972,12835.46798,min_max,0.0,14400.0,142485.0,14400.0,10,0,0,0,0.0,0.0,12835.46798,12835.46798
1140,M-1810,item:268091,9884.406607,12835.46798,0.0,203550.0,finite,0.0,lot_campaign_blocked,,9884.406607,12835.46798,min_max,0.0,14400.0,142485.0,14400.0,10,0,0,0,0.0,0.0,12835.46798,12835.46798
1141,M-1810,item:268091,10908.17928,12835.46798,0.0,203550.0,finite,0.0,lot_campaign_blocked,,10908.17928,12835.46798,min_max,0.0,14400.0,142485.0,14400.0,10,0,0,0,0.0,0.0,12835.46798,12835.46798
1142,M-1810,item:268091,11933.701162,12835.46798,0.0,203550.0,finite,0.0,lot_campaign_blocked,,11933.701162,12835.46798,min_max,0.0,14400.0,142485.0,14400.0,10,0,0,0,0.0,0.0,12835.46798,12835.46798
1143,M-1810,item:268091,12959.572885,12835.46798,0.0,203550.0,finite,0.0,lot_campaign_blocked,,12959.572885,12835.46798,min_max,0.0,14400.0,142485.0,14400.0,10,0,0,0,0.0,0.0,12835.46798,12835.46798
1144,M-1810,item:268091,13985.514577,12835.46798,0.0,203550.0,finite,0.0,lot_campaign_blocked,,13985.514577,12835.46798,min_max,0.0,14400.0,142485.0,14400.0,10,0,0,0,0.0,0.0,12835.46798,12835.46798
1145,M-1810,item:268091,14116.580466,12835.46798,0.0,203550.0,finite,0.0,lot_campaign_blocked,,14116.580466,12835.46798,min_max,0.0,14400.0,142485.0,14400.0,10,0,0,0,0.0,0.0,12835.46798,12835.46798
1146,M-1810,item:268091,14068.671195,12835.46798,0.0,203550.0,finite,0.0,lot_campaign_blocked,,14068.671195,12835.46798,min_max,0.0,14400.0,142485.0,14400.0,10,0,0,0,0.0,0.0,12835.46798,12835.46798
1147,M-1810,item:268091,13984.966892,12835.46798,0.0,203550.0,finite,0.0,lot_campaign_blocked,,13984.966892,12835.46798,min_max,0.0,14400.0,142485.0,14400.0,10,0,0,0,0.0,0.0,12835.46798,12835.46798
1148,M-1810,item:268091,13894.103582,12835.46798,0.0,203550.0,finite,0.0,lot_campaign_blocked,,13894.103582,12835.46798,min_max,0.0,14400.0,142485.0,14400.0,10,0,0,0,0.0,0.0,12835.46798,12835.46798
1149,M-1810,item:268091,13801.808471,12835.46798,0.0,203550.0,finite,0.0,lot_campaign_blocked,,13801.808471,12835.46798,min_max,0.0,14400.0,142485.0,14400.0,10,0,0,0,0.0,0.0,12835.46798,12835.46798
1150,M-1810,item:268091,13709.227,12835.46798,0.0,203550.0,finite,0.0,lot_campaign_blocked,,13709.227,12835.46798,min_max,0.0,14400.0,142485.0,14400.0,10,0,0,0,0.0,0.0,12835.46798,12835.46798
1151,M-1810,item:268091,13616.588257,12835.46798,0.0,203550.0,finite,0.0,lot_campaign_blocked,,13616.588257,12835.46798,min_max,0.0,14400.0,142485.0,14400.0,10,0,0,0,0.0,0.0,12835.46798,12835.46798
1152,M-1810,item:268091,13338.925814,12835.46798,0.0,203550.0,finite,0.0,lot_campaign_blocked,,13338.925814,12835.46798,min_max,0.0,14400.0,142485.0,14400.0,10,0,0,0,0.0,0.0,12835.46798,12835.46798
1153,M-1810,item:268091,13024.258632,12835.46798,0.0,203550.0,finite,0.0,lot_campaign_blocked,,13024.258632,12835.46798,min_max,0.0,14400.0,142485.0,14400.0,10,0,0,0,0.0,0.0,12835.46798,12835.46798
1154,M-1810,item:268091,12702.190502,12835.46798,0.0,203550.0,finite,0.0,lot_campaign_blocked,,12702.190502,12835.46798,min_max,0.0,14400.0,142485.0,14400.0,10,0,0,0,0.0,0.0,12835.46798,12835.46798
1155,M-1810,item:268091,12378.642182,12835.46798,0.0,203550.0,finite,0.0,lot_campaign_blocked,,12378.642182,12835.46798,min_max,0.0,14400.0,142485.0,14400.0,10,0,0,0,0.0,0.0,12835.46798,12835.46798
1156,M-1810,item:268091,12054.797824,12835.46798,0.0,203550.0,finite,0.0,lot_campaign_blocked,,12054.797824,12835.46798,min_max,0.0,14400.0,142485.0,14400.0,10,0,0,0,0.0,0.0,12835.46798,12835.46798
1157,M-1810,item:268091,11730.894259,12835.46798,0.0,203550.0,finite,0.0,lot_campaign_blocked,,11730.894259,12835.46798,min_max,0.0,14400.0,142485.0,14400.0,10,0,0,0,0.0,0.0,12835.46798,12835.46798
1158,M-1810,item:268091,11406.978852,12835.46798,0.0,203550.0,finite,0.0,lot_campaign_blocked,,11406.978852,12835.46798,min_max,0.0,14400.0,142485.0,14400.0,10,0,0,0,0.0,0.0,12835.46798,12835.46798
1159,M-1810,item:268091,11140.040668,12835.46798,0.0,203550.0,finite,0.0,lot_campaign_blocked,,11140.040668,12835.46798,min_max,0.0,14400.0,142485.0,14400.0,10,0,0,0,0.0,0.0,12835.46798,12835.46798
1160,M-1810,item:268091,10884.49793,12835.46798,0.0,203550.0,finite,0.0,lot_campaign_blocked,,10884.49793,12835.46798,min_max,0.0,14400.0,142485.0,14400.0,10,0,0,0,0.0,0.0,12835.46798,12835.46798
1161,M-1810,item:268091,10631.23428,12835.46798,0.0,203550.0,finite,0.0,lot_campaign_blocked,,10631.23428,12835.46798,min_max,0.0,14400.0,142485.0,14400.0,10,0,0,0,0.0,0.0,12835.46798,12835.46798
1162,M-1810,item:268091,10378.426448,12835.46798,0.0,203550.0,finite,0.0,lot_campaign_blocked,,10378.426448,12835.46798,min_max,0.0,14400.0,142485.0,14400.0,10,0,0,0,0.0,0.0,12835.46798,12835.46798
1163,M-1810,item:268091,10125.709779,12835.46798,0.0,203550.0,finite,0.0,lot_campaign_blocked,,10125.709779,12835.46798,min_max,0.0,14400.0,142485.0,14400.0,10,0,0,0,0.0,0.0,12835.46798,12835.46798
1164,M-1810,item:268091,9873.011344,12835.46798,0.0,203550.0,finite,0.0,lot_campaign_blocked,,9873.011344,12835.46798,min_max,0.0,14400.0,142485.0,14400.0,10,0,0,0,0.0,0.0,12835.46798,12835.46798
1165,M-1430,item:268967,4944.685714,107800.0,107800.0,154000.0,finite,3557400.079878,none,,0.0,0.0,fixed,107800.0,107800.0,107800.0,0.0,10,1,1,1,107800.0,107800.0,107800.0,0.0
1165,M-1810,item:268091,9620.316554,12835.46798,0.0,203550.0,finite,0.0,lot_campaign_blocked,,9620.316554,12835.46798,min_max,0.0,14400.0,142485.0,14400.0,10,0,0,0,0.0,0.0,12835.46798,12835.46798
1166,M-1810,item:268091,9801.744943,12835.46798,0.0,203550.0,finite,0.0,lot_campaign_blocked,,9801.744943,12835.46798,min_max,0.0,14400.0,142485.0,14400.0,10,0,0,0,0.0,0.0,12835.46798,12835.46798
1166,SDC-1450,item:773474,1946228.8576,3200000.0,3200000.0,0.0,unmodeled,221002684.563758,none,,0.0,0.0,fixed,3200000.0,0.0,0.0,0.0,10,1,1,1,3200000.0,3200000.0,3200000.0,0.0
1167,M-1810,item:268091,10069.997968,12835.46798,0.0,203550.0,finite,0.0,lot_campaign_blocked,,10069.997968,12835.46798,min_max,0.0,14400.0,142485.0,14400.0,10,0,0,0,0.0,0.0,12835.46798,12835.46798
1168,M-1810,item:268091,10355.61592,12835.46798,0.0,203550.0,finite,0.0,lot_campaign_blocked,,10355.61592,12835.46798,min_max,0.0,14400.0,142485.0,14400.0,10,0,0,0,0.0,0.0,12835.46798,12835.46798
1169,M-1810,item:268091,10644.706858,12835.46798,0.0,203550.0,finite,0.0,lot_campaign_blocked,,10644.706858,12835.46798,min_max,0.0,14400.0,142485.0,14400.0,10,0,0,0,0.0,0.0,12835.46798,12835.46798
1170,M-1810,item:268091,10934.492392,12835.46798,0.0,203550.0,finite,0.0,lot_campaign_blocked,,10934.492392,12835.46798,min_max,0.0,14400.0,142485.0,14400.0,10,0,0,0,0.0,0.0,12835.46798,12835.46798
1171,M-1810,item:268091,11224.416846,12835.46798,0.0,203550.0,finite,0.0,lot_campaign_blocked,,11224.416846,12835.46798,min_max,0.0,14400.0,142485.0,14400.0,10,0,0,0,0.0,0.0,12835.46798,12835.46798
1172,M-1810,item:268091,11514.369084,12835.46798,0.0,203550.0,finite,0.0,lot_campaign_blocked,,11514.369084,12835.46798,min_max,0.0,14400.0,142485.0,14400.0,10,0,0,0,0.0,0.0,12835.46798,12835.46798
1173,M-1810,item:268091,11654.188103,12835.46798,0.0,203550.0,finite,0.0,lot_campaign_blocked,,11654.188103,12835.46798,min_max,0.0,14400.0,142485.0,14400.0,10,0,0,0,0.0,0.0,12835.46798,12835.46798
1174,M-1810,item:268091,11763.980478,12835.46798,0.0,203550.0,finite,0.0,lot_campaign_blocked,,11763.980478,12835.46798,min_max,0.0,14400.0,142485.0,14400.0,10,0,0,0,0.0,0.0,12835.46798,12835.46798
1175,M-1810,item:268091,11867.767524,12835.46798,0.0,203550.0,finite,0.0,lot_campaign_blocked,,11867.767524,12835.46798,min_max,0.0,14400.0,142485.0,14400.0,10,0,0,0,0.0,0.0,12835.46798,12835.46798
1176,M-1810,item:268091,11970.353505,12835.46798,0.0,203550.0,finite,0.0,lot_campaign_blocked,,11970.353505,12835.46798,min_max,0.0,14400.0,142485.0,14400.0,10,0,0,0,0.0,0.0,12835.46798,12835.46798
1177,M-1810,item:268091,12072.699273,12835.46798,0.0,203550.0,finite,0.0,lot_campaign_blocked,,12072.699273,12835.46798,min_max,0.0,14400.0,142485.0,14400.0,10,0,0,0,0.0,0.0,12835.46798,12835.46798
1178,M-1810,item:268091,12174.996997,12835.46798,0.0,203550.0,finite,0.0,lot_campaign_blocked,,12174.996997,12835.46798,min_max,0.0,14400.0,142485.0,14400.0,10,0,0,0,0.0,0.0,12835.46798,12835.46798
1179,M-1810,item:268091,12277.285114,12835.46798,0.0,203550.0,finite,0.0,lot_campaign_blocked,,12277.285114,12835.46798,min_max,0.0,14400.0,142485.0,14400.0,10,0,0,0,0.0,0.0,12835.46798,12835.46798
1180,M-1810,item:268091,11908.469268,12835.46798,0.0,203550.0,finite,0.0,lot_campaign_blocked,,11908.469268,12835.46798,min_max,0.0,14400.0,142485.0,14400.0,10,0,0,0,0.0,0.0,12835.46798,12835.46798
1181,M-1810,item:268091,11445.432629,12835.46798,0.0,203550.0,finite,0.0,lot_campaign_blocked,,11445.432629,12835.46798,min_max,0.0,14400.0,142485.0,14400.0,10,0,0,0,0.0,0.0,12835.46798,12835.46798
1182,M-1810,item:268091,10963.551832,12835.46798,0.0,203550.0,finite,0.0,lot_campaign_blocked,,10963.551832,12835.46798,min_max,0.0,14400.0,142485.0,14400.0,10,0,0,0,0.0,0.0,12835.46798,12835.46798
1183,M-1810,item:268091,10477.902203,12835.46798,0.0,203550.0,finite,0.0,lot_campaign_blocked,,10477.902203,12835.46798,min_max,0.0,14400.0,142485.0,14400.0,10,0,0,0,0.0,0.0,12835.46798,12835.46798
1184,M-1810,item:268091,9991.498808,12835.46798,0.0,203550.0,finite,0.0,lot_campaign_blocked,,9991.498808,12835.46798,min_max,0.0,14400.0,142485.0,14400.0,10,0,0,0,0.0,0.0,12835.46798,12835.46798
1185,M-1810,item:268091,9504.94466,12835.46798,0.0,203550.0,finite,0.0,lot_campaign_blocked,,9504.94466,12835.46798,min_max,0.0,14400.0,142485.0,14400.0,10,0,0,0,0.0,0.0,12835.46798,12835.46798
1186,M-1810,item:268091,9018.360361,12835.46798,0.0,203550.0,finite,0.0,lot_campaign_blocked,,9018.360361,12835.46798,min_max,0.0,14400.0,142485.0,14400.0,10,0,0,0,0.0,0.0,12835.46798,12835.46798
1187,M-1810,item:268091,8675.819011,12835.46798,0.0,203550.0,finite,0.0,lot_campaign_blocked,,8675.819011,12835.46798,min_max,0.0,14400.0,142485.0,14400.0,10,0,0,0,0.0,0.0,12835.46798,12835.46798
1188,M-1810,item:268091,8362.086251,12835.46798,0.0,203550.0,finite,0.0,lot_campaign_blocked,,8362.086251,12835.46798,min_max,0.0,14400.0,142485.0,14400.0,10,0,0,0,0.0,0.0,12835.46798,12835.46798
1189,M-1810,item:268091,8054.11521,12835.46798,0.0,203550.0,finite,0.0,lot_campaign_blocked,,8054.11521,12835.46798,min_max,0.0,14400.0,142485.0,14400.0,10,0,0,0,0.0,0.0,12835.46798,12835.46798
1190,M-1430,item:268967,4166.644898,107800.0,107800.0,154000.0,finite,3557400.017691,none,,0.0,0.0,fixed,107800.0,107800.0,107800.0,0.0,10,1,1,1,107800.0,107800.0,107800.0,0.0
1190,M-1810,item:268091,7747.296511,12835.46798,0.0,203550.0,finite,0.0,lot_campaign_blocked,,7747.296511,12835.46798,min_max,0.0,14400.0,142485.0,14400.0,10,0,0,0,0.0,0.0,12835.46798,12835.46798
1191,M-1810,item:268091,7440.708282,12835.46798,0.0,203550.0,finite,0.0,lot_campaign_blocked,,7440.708282,12835.46798,min_max,0.0,14400.0,142485.0,14400.0,10,0,0,0,0.0,0.0,12835.46798,12835.46798
1192,M-1810,item:268091,7134.166146,12835.46798,0.0,203550.0,finite,0.0,lot_campaign_blocked,,7134.166146,12835.46798,min_max,0.0,14400.0,142485.0,14400.0,10,0,0,0,0.0,0.0,12835.46798,12835.46798
1193,M-1810,item:268091,6827.633229,12835.46798,0.0,203550.0,finite,0.0,lot_campaign_blocked,,6827.633229,12835.46798,min_max,0.0,14400.0,142485.0,14400.0,10,0,0,0,0.0,0.0,12835.46798,12835.46798
1194,M-1810,item:268091,7484.057258,12835.46798,0.0,203550.0,finite,0.0,lot_campaign_blocked,,7484.057258,12835.46798,min_max,0.0,14400.0,142485.0,14400.0,10,0,0,0,0.0,0.0,12835.46798,12835.46798
1195,M-1810,item:268091,8333.072676,12835.46798,0.0,203550.0,finite,0.0,lot_campaign_blocked,,8333.072676,12835.46798,min_max,0.0,14400.0,142485.0,14400.0,10,0,0,0,0.0,0.0,12835.46798,12835.46798
1196,M-1810,item:268091,9220.606372,12835.46798,0.0,203550.0,finite,0.0,lot_campaign_blocked,,9220.606372,12835.46798,min_max,0.0,14400.0,142485.0,14400.0,10,0,0,0,0.0,0.0,12835.46798,12835.46798
1197,M-1810,item:268091,10115.843723,12835.46798,0.0,203550.0,finite,0.0,lot_campaign_blocked,,10115.843723,12835.46798,min_max,0.0,14400.0,142485.0,14400.0,10,0,0,0,0.0,0.0,12835.46798,12835.46798
1198,M-1810,item:268091,11012.621806,12835.46798,0.0,203550.0,finite,0.0,lot_campaign_blocked,,11012.621806,12835.46798,min_max,0.0,14400.0,142485.0,14400.0,10,0,0,0,0.0,0.0,12835.46798,12835.46798
1199,M-1810,item:268091,11909.708035,12835.46798,0.0,203550.0,finite,0.0,lot_campaign_blocked,,11909.708035,12835.46798,min_max,0.0,14400.0,142485.0,14400.0,10,0,0,0,0.0,0.0,12835.46798,12835.46798
1200,M-1810,item:268091,12806.855893,12835.46798,0.0,203550.0,finite,0.0,lot_campaign_blocked,,12806.855893,12835.46798,min_max,0.0,14400.0,142485.0,14400.0,10,0,0,0,0.0,0.0,12835.46798,12835.46798
1201,M-1810,item:268091,12506.546689,12835.46798,0.0,203550.0,finite,0.0,lot_campaign_blocked,,12506.546689,12835.46798,min_max,0.0,14400.0,142485.0,14400.0,10,0,0,0,0.0,0.0,12835.46798,12835.46798
1202,M-1810,item:268091,11966.746072,12835.46798,0.0,203550.0,finite,0.0,lot_campaign_blocked,,11966.746072,12835.46798,min_max,0.0,14400.0,142485.0,14400.0,10,0,0,0,0.0,0.0,12835.46798,12835.46798
1203,M-1810,item:268091,11379.047173,12835.46798,0.0,203550.0,finite,0.0,lot_campaign_blocked,,11379.047173,12835.46798,min_max,0.0,14400.0,142485.0,14400.0,10,0,0,0,0.0,0.0,12835.46798,12835.46798
1204,M-1810,item:268091,10781.768618,12835.46798,0.0,203550.0,finite,0.0,lot_campaign_blocked,,10781.768618,12835.46798,min_max,0.0,14400.0,142485.0,14400.0,10,0,0,0,0.0,0.0,12835.46798,12835.46798
1205,M-1810,item:268091,10182.574132,12835.46798,0.0,203550.0,finite,0.0,lot_campaign_blocked,,10182.574132,12835.46798,min_max,0.0,14400.0,142485.0,14400.0,10,0,0,0,0.0,0.0,12835.46798,12835.46798
1206,M-1810,item:268091,9582.996459,12835.46798,0.0,203550.0,finite,0.0,lot_campaign_blocked,,9582.996459,12835.46798,min_max,0.0,14400.0,142485.0,14400.0,10,0,0,0,0.0,0.0,12835.46798,12835.46798
1207,M-1810,item:268091,8983.342149,12835.46798,0.0,203550.0,finite,0.0,lot_campaign_blocked,,8983.342149,12835.46798,min_max,0.0,14400.0,142485.0,14400.0,10,0,0,0,0.0,0.0,12835.46798,12835.46798
1208,M-1810,item:268091,8341.974552,12835.46798,0.0,203550.0,finite,0.0,lot_campaign_blocked,,8341.974552,12835.46798,min_max,0.0,14400.0,142485.0,14400.0,10,0,0,0,0.0,0.0,12835.46798,12835.46798
1209,M-1810,item:268091,7692.264298,12835.46798,0.0,203550.0,finite,0.0,lot_campaign_blocked,,7692.264298,12835.46798,min_max,0.0,14400.0,142485.0,14400.0,10,0,0,0,0.0,0.0,12835.46798,12835.46798
1210,M-1810,item:268091,7040.885512,12835.46798,0.0,203550.0,finite,0.0,lot_campaign_blocked,,7040.885512,12835.46798,min_max,0.0,14400.0,142485.0,14400.0,10,0,0,0,0.0,0.0,12835.46798,12835.46798
1211,M-1810,item:268091,6389.173021,12835.46798,0.0,203550.0,finite,0.0,lot_campaign_blocked,,6389.173021,12835.46798,min_max,0.0,14400.0,142485.0,14400.0,10,0,0,0,0.0,0.0,12835.46798,12835.46798
1212,M-1810,item:268091,5737.393788,12835.46798,0.0,203550.0,finite,0.0,lot_campaign_blocked,,5737.393788,12835.46798,min_max,0.0,14400.0,142485.0,14400.0,10,0,0,0,0.0,0.0,12835.46798,12835.46798
1213,M-1810,item:268091,5085.601207,12835.46798,0.0,203550.0,finite,0.0,lot_campaign_blocked,,5085.601207,12835.46798,min_max,0.0,14400.0,142485.0,14400.0,10,0,0,0,0.0,0.0,12835.46798,12835.46798
1214,M-1810,item:268091,4433.805956,12835.46798,0.0,203550.0,finite,0.0,lot_campaign_blocked,,4433.805956,12835.46798,min_max,0.0,14400.0,142485.0,14400.0,10,0,0,0,0.0,0.0,12835.46798,12835.46798
1215,M-1810,item:268091,4326.499967,12835.46798,0.0,203550.0,finite,0.0,lot_campaign_blocked,,4326.499967,12835.46798,min_max,0.0,14400.0,142485.0,14400.0,10,0,0,0,0.0,0.0,12835.46798,12835.46798
1216,M-1810,item:268091,4328.09183,12835.46798,0.0,203550.0,finite,0.0,lot_campaign_blocked,,4328.09183,12835.46798,min_max,0.0,14400.0,142485.0,14400.0,10,0,0,0,0.0,0.0,12835.46798,12835.46798
1217,M-1810,item:268091,4351.463264,12835.46798,0.0,203550.0,finite,0.0,lot_campaign_blocked,,4351.463264,12835.46798,min_max,0.0,14400.0,142485.0,14400.0,10,0,0,0,0.0,0.0,12835.46798,12835.46798
1218,M-1810,item:268091,4379.190612,12835.46798,0.0,203550.0,finite,0.0,lot_campaign_blocked,,4379.190612,12835.46798,min_max,0.0,14400.0,142485.0,14400.0,10,0,0,0,0.0,0.0,12835.46798,12835.46798
1219,M-1810,item:268091,4407.789143,12835.46798,0.0,203550.0,finite,0.0,lot_campaign_blocked,,4407.789143,12835.46798,min_max,0.0,14400.0,142485.0,14400.0,10,0,0,0,0.0,0.0,12835.46798,12835.46798
1220,M-1810,item:268091,4436.561911,12835.46798,0.0,203550.0,finite,0.0,lot_campaign_blocked,,4436.561911,12835.46798,min_max,0.0,14400.0,142485.0,14400.0,10,0,0,0,0.0,0.0,12835.46798,12835.46798
1221,M-1810,item:268091,4465.369525,12835.46798,0.0,203550.0,finite,0.0,lot_campaign_blocked,,4465.369525,12835.46798,min_max,0.0,14400.0,142485.0,14400.0,10,0,0,0,0.0,0.0,12835.46798,12835.46798
1222,M-1810,item:268091,5137.906558,12835.46798,0.0,203550.0,finite,0.0,lot_campaign_blocked,,5137.906558,12835.46798,min_max,0.0,14400.0,142485.0,14400.0,10,0,0,0,0.0,0.0,12835.46798,12835.46798
1223,M-1810,item:268091,5939.189475,12835.46798,0.0,203550.0,finite,0.0,lot_campaign_blocked,,5939.189475,12835.46798,min_max,0.0,14400.0,142485.0,14400.0,10,0,0,0,0.0,0.0,12835.46798,12835.46798
1224,M-1810,item:268091,6766.221569,12835.46798,0.0,203550.0,finite,0.0,lot_campaign_blocked,,6766.221569,12835.46798,min_max,0.0,14400.0,142485.0,14400.0,10,0,0,0,0.0,0.0,12835.46798,12835.46798
1225,M-1810,item:268091,7598.403498,12835.46798,0.0,203550.0,finite,0.0,lot_campaign_blocked,,7598.403498,12835.46798,min_max,0.0,14400.0,142485.0,14400.0,10,0,0,0,0.0,0.0,12835.46798,12835.46798
1226,M-1810,item:268091,8431.615394,12835.46798,0.0,203550.0,finite,0.0,lot_campaign_blocked,,8431.615394,12835.46798,min_max,0.0,14400.0,142485.0,14400.0,10,0,0,0,0.0,0.0,12835.46798,12835.46798
1227,M-1810,item:268091,9265.033283,12835.46798,0.0,203550.0,finite,0.0,lot_campaign_blocked,,9265.033283,12835.46798,min_max,0.0,14400.0,142485.0,14400.0,10,0,0,0,0.0,0.0,12835.46798,12835.46798
1228,M-1810,item:268091,10098.492371,12835.46798,0.0,203550.0,finite,0.0,lot_campaign_blocked,,10098.492371,12835.46798,min_max,0.0,14400.0,142485.0,14400.0,10,0,0,0,0.0,0.0,12835.46798,12835.46798
1229,M-1810,item:268091,10267.453576,12835.46798,0.0,203550.0,finite,0.0,lot_campaign_blocked,,10267.453576,12835.46798,min_max,0.0,14400.0,142485.0,14400.0,10,0,0,0,0.0,0.0,12835.46798,12835.46798
1230,M-1810,item:268091,10303.515205,12835.46798,0.0,203550.0,finite,0.0,lot_campaign_blocked,,10303.515205,12835.46798,min_max,0.0,14400.0,142485.0,14400.0,10,0,0,0,0.0,0.0,12835.46798,12835.46798
1231,M-1810,item:268091,10312.996919,12835.46798,0.0,203550.0,finite,0.0,lot_campaign_blocked,,10312.996919,12835.46798,min_max,0.0,14400.0,142485.0,14400.0,10,0,0,0,0.0,0.0,12835.46798,12835.46798
1232,M-1810,item:268091,10317.162649,12835.46798,0.0,203550.0,finite,0.0,lot_campaign_blocked,,10317.162649,12835.46798,min_max,0.0,14400.0,142485.0,14400.0,10,0,0,0,0.0,0.0,12835.46798,12835.46798
1233,M-1810,item:268091,10320.265183,12835.46798,0.0,203550.0,finite,0.0,lot_campaign_blocked,,10320.265183,12835.46798,min_max,0.0,14400.0,142485.0,14400.0,10,0,0,0,0.0,0.0,12835.46798,12835.46798
1234,M-1810,item:268091,10323.155078,12835.46798,0.0,203550.0,finite,0.0,lot_campaign_blocked,,10323.155078,12835.46798,min_max,0.0,14400.0,142485.0,14400.0,10,0,0,0,0.0,0.0,12835.46798,12835.46798
1235,M-1810,item:268091,10326.002444,12835.46798,0.0,203550.0,finite,0.0,lot_campaign_blocked,,10326.002444,12835.46798,min_max,0.0,14400.0,142485.0,14400.0,10,0,0,0,0.0,0.0,12835.46798,12835.46798
1236,M-1810,item:268091,10416.433142,12835.46798,0.0,203550.0,finite,0.0,lot_campaign_blocked,,10416.433142,12835.46798,min_max,0.0,14400.0,142485.0,14400.0,10,0,0,0,0.0,0.0,12835.46798,12835.46798
1237,M-1810,item:268091,10524.380506,12835.46798,0.0,203550.0,finite,0.0,lot_campaign_blocked,,10524.380506,12835.46798,min_max,0.0,14400.0,142485.0,14400.0,10,0,0,0,0.0,0.0,12835.46798,12835.46798
1238,M-1810,item:268091,10635.831203,12835.46798,0.0,203550.0,finite,0.0,lot_campaign_blocked,,10635.831203,12835.46798,min_max,0.0,14400.0,142485.0,14400.0,10,0,0,0,0.0,0.0,12835.46798,12835.46798
1239,M-1810,item:268091,10747.982567,12835.46798,0.0,203550.0,finite,0.0,lot_campaign_blocked,,10747.982567,12835.46798,min_max,0.0,14400.0,142485.0,14400.0,10,0,0,0,0.0,0.0,12835.46798,12835.46798
1240,M-1810,item:268091,10860.274065,12835.46798,0.0,203550.0,finite,0.0,lot_campaign_blocked,,10860.274065,12835.46798,min_max,0.0,14400.0,142485.0,14400.0,10,0,0,0,0.0,0.0,12835.46798,12835.46798
1241,M-1810,item:268091,10972.593588,12835.46798,0.0,203550.0,finite,0.0,lot_campaign_blocked,,10972.593588,12835.46798,min_max,0.0,14400.0,142485.0,14400.0,10,0,0,0,0.0,0.0,12835.46798,12835.46798
1242,M-1810,item:268091,11084.918718,12835.46798,0.0,203550.0,finite,0.0,lot_campaign_blocked,,11084.918718,12835.46798,min_max,0.0,14400.0,142485.0,14400.0,10,0,0,0,0.0,0.0,12835.46798,12835.46798
1243,M-1810,item:268091,10893.604152,12835.46798,0.0,203550.0,finite,0.0,lot_campaign_blocked,,10893.604152,12835.46798,min_max,0.0,14400.0,142485.0,14400.0,10,0,0,0,0.0,0.0,12835.46798,12835.46798
1244,M-1810,item:268091,10641.561647,12835.46798,0.0,203550.0,finite,0.0,lot_campaign_blocked,,10641.561647,12835.46798,min_max,0.0,14400.0,142485.0,14400.0,10,0,0,0,0.0,0.0,12835.46798,12835.46798
1245,M-1810,item:268091,10377.373554,12835.46798,0.0,203550.0,finite,0.0,lot_campaign_blocked,,10377.373554,12835.46798,min_max,0.0,14400.0,142485.0,14400.0,10,0,0,0,0.0,0.0,12835.46798,12835.46798
1246,M-1810,item:268091,10110.756343,12835.46798,0.0,203550.0,finite,0.0,lot_campaign_blocked,,10110.756343,12835.46798,min_max,0.0,14400.0,142485.0,14400.0,10,0,0,0,0.0,0.0,12835.46798,12835.46798
1247,M-1810,item:268091,9843.653309,12835.46798,0.0,203550.0,finite,0.0,lot_campaign_blocked,,9843.653309,12835.46798,min_max,0.0,14400.0,142485.0,14400.0,10,0,0,0,0.0,0.0,12835.46798,12835.46798
1248,M-1810,item:268091,9576.453111,12835.46798,0.0,203550.0,finite,0.0,lot_campaign_blocked,,9576.453111,12835.46798,min_max,0.0,14400.0,142485.0,14400.0,10,0,0,0,0.0,0.0,12835.46798,12835.46798
1249,M-1810,item:268091,9309.233479,12835.46798,0.0,203550.0,finite,0.0,lot_campaign_blocked,,9309.233479,12835.46798,min_max,0.0,14400.0,142485.0,14400.0,10,0,0,0,0.0,0.0,12835.46798,12835.46798
1250,M-1810,item:268091,8994.581389,12835.46798,0.0,203550.0,finite,0.0,lot_campaign_blocked,,8994.581389,12835.46798,min_max,0.0,14400.0,142485.0,14400.0,10,0,0,0,0.0,0.0,12835.46798,12835.46798
1251,M-1810,item:268091,8670.442808,12835.46798,0.0,203550.0,finite,0.0,lot_campaign_blocked,,8670.442808,12835.46798,min_max,0.0,14400.0,142485.0,14400.0,10,0,0,0,0.0,0.0,12835.46798,12835.46798
1252,M-1810,item:268091,8344.406929,12835.46798,0.0,203550.0,finite,0.0,lot_campaign_blocked,,8344.406929,12835.46798,min_max,0.0,14400.0,142485.0,14400.0,10,0,0,0,0.0,0.0,12835.46798,12835.46798
1253,M-1810,item:268091,8017.99159,12835.46798,0.0,203550.0,finite,0.0,lot_campaign_blocked,,8017.99159,12835.46798,min_max,0.0,14400.0,142485.0,14400.0,10,0,0,0,0.0,0.0,12835.46798,12835.46798
1254,M-1810,item:268091,7691.500359,12835.46798,0.0,203550.0,finite,0.0,lot_campaign_blocked,,7691.500359,12835.46798,min_max,0.0,14400.0,142485.0,14400.0,10,0,0,0,0.0,0.0,12835.46798,12835.46798
1255,M-1810,item:268091,7364.993949,12835.46798,0.0,203550.0,finite,0.0,lot_campaign_blocked,,7364.993949,12835.46798,min_max,0.0,14400.0,142485.0,14400.0,10,0,0,0,0.0,0.0,12835.46798,12835.46798
1256,M-1810,item:268091,7038.484504,12835.46798,0.0,203550.0,finite,0.0,lot_campaign_blocked,,7038.484504,12835.46798,min_max,0.0,14400.0,142485.0,14400.0,10,0,0,0,0.0,0.0,12835.46798,12835.46798
1257,M-1810,item:268091,7421.558125,12835.46798,0.0,203550.0,finite,0.0,lot_campaign_blocked,,7421.558125,12835.46798,min_max,0.0,14400.0,142485.0,14400.0,10,0,0,0,0.0,0.0,12835.46798,12835.46798
1258,M-1810,item:268091,7946.54836,12835.46798,0.0,203550.0,finite,0.0,lot_campaign_blocked,,7946.54836,12835.46798,min_max,0.0,14400.0,142485.0,14400.0,10,0,0,0,0.0,0.0,12835.46798,12835.46798
1259,M-1430,item:268967,9374.514286,107800.0,107800.0,154000.0,finite,3557400.05908,none,,0.0,0.0,fixed,107800.0,107800.0,107800.0,0.0,10,1,1,1,107800.0,107800.0,107800.0,0.0
1259,M-1810,item:268091,8499.921917,12835.46798,0.0,203550.0,finite,0.0,lot_campaign_blocked,,8499.921917,12835.46798,min_max,0.0,14400.0,142485.0,14400.0,10,0,0,0,0.0,0.0,12835.46798,12835.46798
1260,M-1430,item:268967,13643.017143,107800.0,107800.0,154000.0,finite,3449600.05908,none,,0.0,0.0,fixed,107800.0,107800.0,107800.0,0.0,10,1,1,1,107800.0,107800.0,107800.0,0.0
1260,M-1810,item:268091,9058.972138,12835.46798,0.0,203550.0,finite,0.0,lot_campaign_blocked,,9058.972138,12835.46798,min_max,0.0,14400.0,142485.0,14400.0,10,0,0,0,0.0,0.0,12835.46798,12835.46798
1261,M-1430,item:268967,16890.317714,107800.0,107800.0,154000.0,finite,3341800.05908,none,,0.0,0.0,fixed,107800.0,107800.0,107800.0,0.0,10,2,1,1,107800.0,107800.0,107800.0,0.0
1261,M-1810,item:268091,9619.157693,12835.46798,0.0,203550.0,finite,0.0,lot_campaign_blocked,,9619.157693,12835.46798,min_max,0.0,14400.0,142485.0,14400.0,10,0,0,0,0.0,0.0,12835.46798,12835.46798
1261,SDC-1450,item:773474,1930696.0576,3200000.0,3200000.0,0.0,unmodeled,217802684.563758,none,,0.0,0.0,fixed,3200000.0,0.0,0.0,0.0,10,1,1,1,3200000.0,3200000.0,3200000.0,0.0
1262,M-1430,item:268967,19933.377828,107800.0,107800.0,154000.0,finite,3234000.05908,none,,0.0,0.0,fixed,107800.0,107800.0,107800.0,0.0,10,3,1,1,107800.0,107800.0,107800.0,0.0
1262,M-1810,item:268091,10179.570314,12835.46798,0.0,203550.0,finite,0.0,lot_campaign_blocked,,10179.570314,12835.46798,min_max,0.0,14400.0,142485.0,14400.0,10,0,0,0,0.0,0.0,12835.46798,12835.46798
1263,M-1430,item:268967,22935.589851,107800.0,107800.0,154000.0,finite,3126200.05908,none,,0.0,0.0,fixed,107800.0,107800.0,107800.0,0.0,10,4,1,1,107800.0,107800.0,107800.0,0.0
1263,M-1810,item:268091,10740.028348,12835.46798,0.0,203550.0,finite,0.0,lot_campaign_blocked,,10740.028348,12835.46798,min_max,0.0,14400.0,142485.0,14400.0,10,0,0,0,0.0,0.0,12835.46798,12835.46798
1264,M-1430,item:268967,20945.19144,107800.0,107800.0,154000.0,finite,3018400.05908,none,,0.0,0.0,fixed,107800.0,107800.0,107800.0,0.0,10,5,1,1,107800.0,107800.0,107800.0,0.0
1264,M-1810,item:268091,11141.524037,12835.46798,0.0,203550.0,finite,0.0,lot_campaign_blocked,,11141.524037,12835.46798,min_max,0.0,14400.0,142485.0,14400.0,10,0,0,0,0.0,0.0,12835.46798,12835.46798
1264,SDC-1450,item:773474,1915163.2576,3200000.0,3200000.0,0.0,unmodeled,214602684.563758,none,,0.0,0.0,fixed,3200000.0,0.0,0.0,0.0,10,2,1,1,3200000.0,3200000.0,3200000.0,0.0
1265,M-1430,item:268967,17956.270941,107800.0,107800.0,154000.0,finite,2910600.05908,none,,0.0,0.0,fixed,107800.0,107800.0,107800.0,0.0,10,6,1,1,107800.0,107800.0,107800.0,0.0
1265,M-1810,item:268091,11511.227256,12835.46798,0.0,203550.0,finite,0.0,lot_campaign_blocked,,11511.227256,12835.46798,min_max,0.0,14400.0,142485.0,14400.0,10,0,0,0,0.0,0.0,12835.46798,12835.46798
1266,M-1810,item:268091,11874.571982,12835.46798,0.0,203550.0,finite,0.0,lot_campaign_blocked,,11874.571982,12835.46798,min_max,0.0,14400.0,142485.0,14400.0,10,0,0,0,0.0,0.0,12835.46798,12835.46798
1267,M-1810,item:268091,12236.645008,12835.46798,0.0,203550.0,finite,0.0,lot_campaign_blocked,,12236.645008,12835.46798,min_max,0.0,14400.0,142485.0,14400.0,10,0,0,0,0.0,0.0,12835.46798,12835.46798
1268,M-1810,item:268091,12598.463695,12835.46798,0.0,203550.0,finite,0.0,lot_campaign_blocked,,12598.463695,12835.46798,min_max,0.0,14400.0,142485.0,14400.0,10,0,0,0,0.0,0.0,12835.46798,12835.46798
1269,M-1810,item:268091,12960.231514,12835.46798,0.0,203550.0,finite,0.0,lot_campaign_blocked,,12960.231514,12835.46798,min_max,0.0,14400.0,142485.0,14400.0,10,0,0,0,0.0,0.0,12835.46798,12835.46798
1270,M-1810,item:268091,13321.98916,12835.46798,0.0,203550.0,finite,0.0,lot_campaign_blocked,,13321.98916,12835.46798,min_max,0.0,14400.0,142485.0,14400.0,10,0,0,0,0.0,0.0,12835.46798,12835.46798
1271,M-1810,item:268091,12874.471301,12835.46798,0.0,203550.0,finite,0.0,lot_campaign_blocked,,12874.471301,12835.46798,min_max,0.0,14400.0,142485.0,14400.0,10,0,0,0,0.0,0.0,12835.46798,12835.46798
1272,M-1810,item:268091,12265.098342,12835.46798,0.0,203550.0,finite,0.0,lot_campaign_blocked,,12265.098342,12835.46798,min_max,0.0,14400.0,142485.0,14400.0,10,0,0,0,0.0,0.0,12835.46798,12835.46798
1273,M-1810,item:268091,11623.354362,12835.46798,0.0,203550.0,finite,0.0,lot_campaign_blocked,,11623.354362,12835.46798,min_max,0.0,14400.0,142485.0,14400.0,10,0,0,0,0.0,0.0,12835.46798,12835.46798
1274,M-1810,item:268091,10975.136179,12835.46798,0.0,203550.0,finite,0.0,lot_campaign_blocked,,10975.136179,12835.46798,min_max,0.0,14400.0,142485.0,14400.0,10,0,0,0,0.0,0.0,12835.46798,12835.46798
1275,M-1810,item:268091,10325.623154,12835.46798,0.0,203550.0,finite,0.0,lot_campaign_blocked,,10325.623154,12835.46798,min_max,0.0,14400.0,142485.0,14400.0,10,0,0,0,0.0,0.0,12835.46798,12835.46798
1276,M-1810,item:268091,9675.851162,12835.46798,0.0,203550.0,finite,0.0,lot_campaign_blocked,,9675.851162,12835.46798,min_max,0.0,14400.0,142485.0,14400.0,10,0,0,0,0.0,0.0,12835.46798,12835.46798
1277,M-1810,item:268091,9026.027376,12835.46798,0.0,203550.0,finite,0.0,lot_campaign_blocked,,9026.027376,12835.46798,min_max,0.0,14400.0,142485.0,14400.0,10,0,0,0,0.0,0.0,12835.46798,12835.46798
1278,M-1810,item:268091,9086.936088,12835.46798,0.0,203550.0,finite,0.0,lot_campaign_blocked,,9086.936088,12835.46798,min_max,0.0,14400.0,142485.0,14400.0,10,0,0,0,0.0,0.0,12835.46798,12835.46798
1279,M-1810,item:268091,9289.991299,12835.46798,0.0,203550.0,finite,0.0,lot_campaign_blocked,,9289.991299,12835.46798,min_max,0.0,14400.0,142485.0,14400.0,10,0,0,0,0.0,0.0,12835.46798,12835.46798
1280,M-1810,item:268091,9521.475811,12835.46798,0.0,203550.0,finite,0.0,lot_campaign_blocked,,9521.475811,12835.46798,min_max,0.0,14400.0,142485.0,14400.0,10,0,0,0,0.0,0.0,12835.46798,12835.46798
1281,M-1810,item:268091,9758.646183,12835.46798,0.0,203550.0,finite,0.0,lot_campaign_blocked,,9758.646183,12835.46798,min_max,0.0,14400.0,142485.0,14400.0,10,0,0,0,0.0,0.0,12835.46798,12835.46798
1282,M-1810,item:268091,9996.953727,12835.46798,0.0,203550.0,finite,0.0,lot_campaign_blocked,,9996.953727,12835.46798,min_max,0.0,14400.0,142485.0,14400.0,10,0,0,0,0.0,0.0,12835.46798,12835.46798
1283,M-1810,item:268091,10235.488705,12835.46798,0.0,203550.0,finite,0.0,lot_campaign_blocked,,10235.488705,12835.46798,min_max,0.0,14400.0,142485.0,14400.0,10,0,0,0,0.0,0.0,12835.46798,12835.46798
1284,M-1810,item:268091,10474.06917,12835.46798,0.0,203550.0,finite,0.0,lot_campaign_blocked,,10474.06917,12835.46798,min_max,0.0,14400.0,142485.0,14400.0,10,0,0,0,0.0,0.0,12835.46798,12835.46798
1285,M-1810,item:268091,10141.164855,12835.46798,0.0,203550.0,finite,0.0,lot_campaign_blocked,,10141.164855,12835.46798,min_max,0.0,14400.0,142485.0,14400.0,10,0,0,0,0.0,0.0,12835.46798,12835.46798
1286,M-1810,item:268091,9693.963583,12835.46798,0.0,203550.0,finite,0.0,lot_campaign_blocked,,9693.963583,12835.46798,min_max,0.0,14400.0,142485.0,14400.0,10,0,0,0,0.0,0.0,12835.46798,12835.46798
1287,M-1810,item:268091,9223.902921,12835.46798,0.0,203550.0,finite,0.0,lot_campaign_blocked,,9223.902921,12835.46798,min_max,0.0,14400.0,142485.0,14400.0,10,0,0,0,0.0,0.0,12835.46798,12835.46798
1288,M-1810,item:268091,8749.27038,12835.46798,0.0,203550.0,finite,0.0,lot_campaign_blocked,,8749.27038,12835.46798,min_max,0.0,14400.0,142485.0,14400.0,10,0,0,0,0.0,0.0,12835.46798,12835.46798
1289,M-1810,item:268091,8273.723464,12835.46798,0.0,203550.0,finite,0.0,lot_campaign_blocked,,8273.723464,12835.46798,min_max,0.0,14400.0,142485.0,14400.0,10,0,0,0,0.0,0.0,12835.46798,12835.46798
1290,M-1810,item:268091,7797.993672,12835.46798,0.0,203550.0,finite,0.0,lot_campaign_blocked,,7797.993672,12835.46798,min_max,0.0,14400.0,142485.0,14400.0,10,0,0,0,0.0,0.0,12835.46798,12835.46798
1291,M-1810,item:268091,7322.227306,12835.46798,0.0,203550.0,finite,0.0,lot_campaign_blocked,,7322.227306,12835.46798,min_max,0.0,14400.0,142485.0,14400.0,10,0,0,0,0.0,0.0,12835.46798,12835.46798
1292,M-1810,item:268091,7990.959747,12835.46798,0.0,203550.0,finite,0.0,lot_campaign_blocked,,7990.959747,12835.46798,min_max,0.0,14400.0,142485.0,14400.0,10,0,0,0,0.0,0.0,12835.46798,12835.46798
1293,M-1810,item:268091,8888.591949,12835.46798,0.0,203550.0,finite,0.0,lot_campaign_blocked,,8888.591949,12835.46798,min_max,0.0,14400.0,142485.0,14400.0,10,0,0,0,0.0,0.0,12835.46798,12835.46798
1294,M-1810,item:268091,9832.004104,12835.46798,0.0,203550.0,finite,0.0,lot_campaign_blocked,,9832.004104,12835.46798,min_max,0.0,14400.0,142485.0,14400.0,10,0,0,0,0.0,0.0,12835.46798,12835.46798
1295,M-1810,item:268091,10784.572249,12835.46798,0.0,203550.0,finite,0.0,lot_campaign_blocked,,10784.572249,12835.46798,min_max,0.0,14400.0,142485.0,14400.0,10,0,0,0,0.0,0.0,12835.46798,12835.46798
1296,M-1810,item:268091,11738.971592,12835.46798,0.0,203550.0,finite,0.0,lot_campaign_blocked,,11738.971592,12835.46798,min_max,0.0,14400.0,142485.0,14400.0,10,0,0,0,0.0,0.0,12835.46798,12835.46798
1297,M-1810,item:268091,12693.737175,12835.46798,0.0,203550.0,finite,0.0,lot_campaign_blocked,,12693.737175,12835.46798,min_max,0.0,14400.0,142485.0,14400.0,10,0,0,0,0.0,0.0,12835.46798,12835.46798
1298,M-1810,item:268091,13648.576006,12835.46798,0.0,203550.0,finite,0.0,lot_campaign_blocked,,13648.576006,12835.46798,min_max,0.0,14400.0,142485.0,14400.0,10,0,0,0,0.0,0.0,12835.46798,12835.46798
1299,M-1810,item:268091,13131.004997,12835.46798,0.0,203550.0,finite,0.0,lot_campaign_blocked,,13131.004997,12835.46798,min_max,0.0,14400.0,142485.0,14400.0,10,0,0,0,0.0,0.0,12835.46798,12835.46798
1300,M-1810,item:268091,12318.95202,12835.46798,0.0,203550.0,finite,0.0,lot_campaign_blocked,,12318.95202,12835.46798,min_max,0.0,14400.0,142485.0,14400.0,10,0,0,0,0.0,0.0,12835.46798,12835.46798
1301,M-1810,item:268091,11448.002649,12835.46798,0.0,203550.0,finite,0.0,lot_campaign_blocked,,11448.002649,12835.46798,min_max,0.0,14400.0,142485.0,14400.0,10,0,0,0,0.0,0.0,12835.46798,12835.46798
1302,M-1810,item:268091,10565.273999,12835.46798,0.0,203550.0,finite,0.0,lot_campaign_blocked,,10565.273999,12835.46798,min_max,0.0,14400.0,142485.0,14400.0,10,0,0,0,0.0,0.0,12835.46798,12835.46798
1303,M-1810,item:268091,9680.189494,12835.46798,0.0,203550.0,finite,0.0,lot_campaign_blocked,,9680.189494,12835.46798,min_max,0.0,14400.0,142485.0,14400.0,10,0,0,0,0.0,0.0,12835.46798,12835.46798
1304,M-1810,item:268091,8794.633817,12835.46798,0.0,203550.0,finite,0.0,lot_campaign_blocked,,8794.633817,12835.46798,min_max,0.0,14400.0,142485.0,14400.0,10,0,0,0,0.0,0.0,12835.46798,12835.46798
1305,M-1810,item:268091,7908.983907,12835.46798,0.0,203550.0,finite,0.0,lot_campaign_blocked,,7908.983907,12835.46798,min_max,0.0,14400.0,142485.0,14400.0,10,0,0,0,0.0,0.0,12835.46798,12835.46798
1306,M-1810,item:268091,7306.74372,12835.46798,0.0,203550.0,finite,0.0,lot_campaign_blocked,,7306.74372,12835.46798,min_max,0.0,14400.0,142485.0,14400.0,10,0,0,0,0.0,0.0,12835.46798,12835.46798
1307,M-1810,item:268091,6761.185479,12835.46798,0.0,203550.0,finite,0.0,lot_campaign_blocked,,6761.185479,12835.46798,min_max,0.0,14400.0,142485.0,14400.0,10,0,0,0,0.0,0.0,12835.46798,12835.46798
1308,M-1810,item:268091,6226.963627,12835.46798,0.0,203550.0,finite,0.0,lot_campaign_blocked,,6226.963627,12835.46798,min_max,0.0,14400.0,142485.0,14400.0,10,0,0,0,0.0,0.0,12835.46798,12835.46798
1309,M-1810,item:268091,5695.009052,12835.46798,0.0,203550.0,finite,0.0,lot_campaign_blocked,,5695.009052,12835.46798,min_max,0.0,14400.0,142485.0,14400.0,10,0,0,0,0.0,0.0,12835.46798,12835.46798
1310,M-1810,item:268091,5163.507933,12835.46798,0.0,203550.0,finite,0.0,lot_campaign_blocked,,5163.507933,12835.46798,min_max,0.0,14400.0,142485.0,14400.0,10,0,0,0,0.0,0.0,12835.46798,12835.46798
1311,M-1810,item:268091,4632.097505,12835.46798,0.0,203550.0,finite,0.0,lot_campaign_blocked,,4632.097505,12835.46798,min_max,0.0,14400.0,142485.0,14400.0,10,0,0,0,0.0,0.0,12835.46798,12835.46798
1312,M-1810,item:268091,4100.705215,12835.46798,0.0,203550.0,finite,0.0,lot_campaign_blocked,,4100.705215,12835.46798,min_max,0.0,14400.0,142485.0,14400.0,10,0,0,0,0.0,0.0,12835.46798,12835.46798
1313,M-1810,item:268091,4126.0839,12835.46798,0.0,203550.0,finite,0.0,lot_campaign_blocked,,4126.0839,12835.46798,min_max,0.0,14400.0,142485.0,14400.0,10,0,0,0,0.0,0.0,12835.46798,12835.46798
1314,M-1810,item:268091,4262.81678,12835.46798,0.0,203550.0,finite,0.0,lot_campaign_blocked,,4262.81678,12835.46798,min_max,0.0,14400.0,142485.0,14400.0,10,0,0,0,0.0,0.0,12835.46798,12835.46798
1315,M-1810,item:268091,4421.820499,12835.46798,0.0,203550.0,finite,0.0,lot_campaign_blocked,,4421.820499,12835.46798,min_max,0.0,14400.0,142485.0,14400.0,10,0,0,0,0.0,0.0,12835.46798,12835.46798
1316,M-1810,item:268091,4585.278386,12835.46798,0.0,203550.0,finite,0.0,lot_campaign_blocked,,4585.278386,12835.46798,min_max,0.0,14400.0,142485.0,14400.0,10,0,0,0,0.0,0.0,12835.46798,12835.46798
1317,M-1810,item:268091,4749.627106,12835.46798,0.0,203550.0,finite,0.0,lot_campaign_blocked,,4749.627106,12835.46798,min_max,0.0,14400.0,142485.0,14400.0,10,0,0,0,0.0,0.0,12835.46798,12835.46798
1318,M-1810,item:268091,4914.153993,12835.46798,0.0,203550.0,finite,0.0,lot_campaign_blocked,,4914.153993,12835.46798,min_max,0.0,14400.0,142485.0,14400.0,10,0,0,0,0.0,0.0,12835.46798,12835.46798
1319,M-1810,item:268091,5078.716513,12835.46798,0.0,203550.0,finite,0.0,lot_campaign_blocked,,5078.716513,12835.46798,min_max,0.0,14400.0,142485.0,14400.0,10,0,0,0,0.0,0.0,12835.46798,12835.46798
1320,M-1810,item:268091,5133.490241,12835.46798,0.0,203550.0,finite,0.0,lot_campaign_blocked,,5133.490241,12835.46798,min_max,0.0,14400.0,142485.0,14400.0,10,0,0,0,0.0,0.0,12835.46798,12835.46798
1321,M-1810,item:268091,5166.306212,12835.46798,0.0,203550.0,finite,0.0,lot_campaign_blocked,,5166.306212,12835.46798,min_max,0.0,14400.0,142485.0,14400.0,10,0,0,0,0.0,0.0,12835.46798,12835.46798
1322,M-1810,item:268091,5194.73063,12835.46798,0.0,203550.0,finite,0.0,lot_campaign_blocked,,5194.73063,12835.46798,min_max,0.0,14400.0,142485.0,14400.0,10,0,0,0,0.0,0.0,12835.46798,12835.46798
1323,M-1810,item:268091,5222.276738,12835.46798,0.0,203550.0,finite,0.0,lot_campaign_blocked,,5222.276738,12835.46798,min_max,0.0,14400.0,142485.0,14400.0,10,0,0,0,0.0,0.0,12835.46798,12835.46798
1324,M-1810,item:268091,5249.647184,12835.46798,0.0,203550.0,finite,0.0,lot_campaign_blocked,,5249.647184,12835.46798,min_max,0.0,14400.0,142485.0,14400.0,10,0,0,0,0.0,0.0,12835.46798,12835.46798
1325,M-1810,item:268091,5276.982498,12835.46798,0.0,203550.0,finite,0.0,lot_campaign_blocked,,5276.982498,12835.46798,min_max,0.0,14400.0,142485.0,14400.0,10,0,0,0,0.0,0.0,12835.46798,12835.46798
1326,M-1810,item:268091,5304.310785,12835.46798,0.0,203550.0,finite,0.0,lot_campaign_blocked,,5304.310785,12835.46798,min_max,0.0,14400.0,142485.0,14400.0,10,0,0,0,0.0,0.0,12835.46798,12835.46798
1327,M-1810,item:268091,5991.572361,12835.46798,0.0,203550.0,finite,0.0,lot_campaign_blocked,,5991.572361,12835.46798,min_max,0.0,14400.0,142485.0,14400.0,10,0,0,0,0.0,0.0,12835.46798,12835.46798
1328,M-1810,item:268091,6810.820595,12835.46798,0.0,203550.0,finite,0.0,lot_campaign_blocked,,6810.820595,12835.46798,min_max,0.0,14400.0,142485.0,14400.0,10,0,0,0,0.0,0.0,12835.46798,12835.46798
1329,M-1810,item:268091,7656.46616,12835.46798,0.0,203550.0,finite,0.0,lot_campaign_blocked,,7656.46616,12835.46798,min_max,0.0,14400.0,142485.0,14400.0,10,0,0,0,0.0,0.0,12835.46798,12835.46798
1330,M-1810,item:268091,8507.391191,12835.46798,0.0,203550.0,finite,0.0,lot_campaign_blocked,,8507.391191,12835.46798,min_max,0.0,14400.0,142485.0,14400.0,10,0,0,0,0.0,0.0,12835.46798,12835.46798
1331,M-1810,item:268091,9359.372116,12835.46798,0.0,203550.0,finite,0.0,lot_campaign_blocked,,9359.372116,12835.46798,min_max,0.0,14400.0,142485.0,14400.0,10,0,0,0,0.0,0.0,12835.46798,12835.46798
1332,M-1810,item:268091,10211.564219,12835.46798,0.0,203550.0,finite,0.0,lot_campaign_blocked,,10211.564219,12835.46798,min_max,0.0,14400.0,142485.0,14400.0,10,0,0,0,0.0,0.0,12835.46798,12835.46798
1333,M-1810,item:268091,11063.798558,12835.46798,0.0,203550.0,finite,0.0,lot_campaign_blocked,,11063.798558,12835.46798,min_max,0.0,14400.0,142485.0,14400.0,10,0,0,0,0.0,0.0,12835.46798,12835.46798
1334,M-1810,item:268091,11033.918895,12835.46798,0.0,203550.0,finite,0.0,lot_campaign_blocked,,11033.918895,12835.46798,min_max,0.0,14400.0,142485.0,14400.0,10,0,0,0,0.0,0.0,12835.46798,12835.46798
1335,M-1810,item:268091,10827.616432,12835.46798,0.0,203550.0,finite,0.0,lot_campaign_blocked,,10827.616432,12835.46798,min_max,0.0,14400.0,142485.0,14400.0,10,0,0,0,0.0,0.0,12835.46798,12835.46798
1336,M-1810,item:268091,10586.029409,12835.46798,0.0,203550.0,finite,0.0,lot_campaign_blocked,,10586.029409,12835.46798,min_max,0.0,14400.0,142485.0,14400.0,10,0,0,0,0.0,0.0,12835.46798,12835.46798
1337,M-1810,item:268091,10337.385474,12835.46798,0.0,203550.0,finite,0.0,lot_campaign_blocked,,10337.385474,12835.46798,min_max,0.0,14400.0,142485.0,14400.0,10,0,0,0,0.0,0.0,12835.46798,12835.46798
1338,M-1810,item:268091,10087.330156,12835.46798,0.0,203550.0,finite,0.0,lot_campaign_blocked,,10087.330156,12835.46798,min_max,0.0,14400.0,142485.0,14400.0,10,0,0,0,0.0,0.0,12835.46798,12835.46798
1339,M-1810,item:268091,9836.992562,12835.46798,0.0,203550.0,finite,0.0,lot_campaign_blocked,,9836.992562,12835.46798,min_max,0.0,14400.0,142485.0,14400.0,10,0,0,0,0.0,0.0,12835.46798,12835.46798
1340,M-1810,item:268091,9586.598512,12835.46798,0.0,203550.0,finite,0.0,lot_campaign_blocked,,9586.598512,12835.46798,min_max,0.0,14400.0,142485.0,14400.0,10,0,0,0,0.0,0.0,12835.46798,12835.46798
1341,M-1810,item:268091,9486.936029,12835.46798,0.0,203550.0,finite,0.0,lot_campaign_blocked,,9486.936029,12835.46798,min_max,0.0,14400.0,142485.0,14400.0,10,0,0,0,0.0,0.0,12835.46798,12835.46798
1342,M-1810,item:268091,9417.419859,12835.46798,0.0,203550.0,finite,0.0,lot_campaign_blocked,,9417.419859,12835.46798,min_max,0.0,14400.0,142485.0,14400.0,10,0,0,0,0.0,0.0,12835.46798,12835.46798
1343,M-1810,item:268091,9353.932951,12835.46798,0.0,203550.0,finite,0.0,lot_campaign_blocked,,9353.932951,12835.46798,min_max,0.0,14400.0,142485.0,14400.0,10,0,0,0,0.0,0.0,12835.46798,12835.46798
1344,M-1810,item:268091,9291.651896,12835.46798,0.0,203550.0,finite,0.0,lot_campaign_blocked,,9291.651896,12835.46798,min_max,0.0,14400.0,142485.0,14400.0,10,0,0,0,0.0,0.0,12835.46798,12835.46798
1345,M-1810,item:268091,9229.612012,12835.46798,0.0,203550.0,finite,0.0,lot_campaign_blocked,,9229.612012,12835.46798,min_max,0.0,14400.0,142485.0,14400.0,10,0,0,0,0.0,0.0,12835.46798,12835.46798
1346,M-1810,item:268091,9167.620361,12835.46798,0.0,203550.0,finite,0.0,lot_campaign_blocked,,9167.620361,12835.46798,min_max,0.0,14400.0,142485.0,14400.0,10,0,0,0,0.0,0.0,12835.46798,12835.46798
1347,M-1810,item:268091,9105.638358,12835.46798,0.0,203550.0,finite,0.0,lot_campaign_blocked,,9105.638358,12835.46798,min_max,0.0,14400.0,142485.0,14400.0,10,0,0,0,0.0,0.0,12835.46798,12835.46798
1348,M-1810,item:268091,9212.915427,12835.46798,0.0,203550.0,finite,0.0,lot_campaign_blocked,,9212.915427,12835.46798,min_max,0.0,14400.0,142485.0,14400.0,10,0,0,0,0.0,0.0,12835.46798,12835.46798
1349,M-1810,item:268091,9354.04431,12835.46798,0.0,203550.0,finite,0.0,lot_campaign_blocked,,9354.04431,12835.46798,min_max,0.0,14400.0,142485.0,14400.0,10,0,0,0,0.0,0.0,12835.46798,12835.46798
1350,M-1810,item:268091,9501.943556,12835.46798,0.0,203550.0,finite,0.0,lot_campaign_blocked,,9501.943556,12835.46798,min_max,0.0,14400.0,142485.0,14400.0,10,0,0,0,0.0,0.0,12835.46798,12835.46798
1351,M-1810,item:268091,9651.196874,12835.46798,0.0,203550.0,finite,0.0,lot_campaign_blocked,,9651.196874,12835.46798,min_max,0.0,14400.0,142485.0,14400.0,10,0,0,0,0.0,0.0,12835.46798,12835.46798
1352,M-1810,item:268091,9800.721007,12835.46798,0.0,203550.0,finite,0.0,lot_campaign_blocked,,9800.721007,12835.46798,min_max,0.0,14400.0,142485.0,14400.0,10,0,0,0,0.0,0.0,12835.46798,12835.46798
1353,M-1810,item:268091,9950.299303,12835.46798,0.0,203550.0,finite,0.0,lot_campaign_blocked,,9950.299303,12835.46798,min_max,0.0,14400.0,142485.0,14400.0,10,0,0,0,0.0,0.0,12835.46798,12835.46798
1354,M-1810,item:268091,10099.888432,12835.46798,0.0,203550.0,finite,0.0,lot_campaign_blocked,,10099.888432,12835.46798,min_max,0.0,14400.0,142485.0,14400.0,10,0,0,0,0.0,0.0,12835.46798,12835.46798
1355,M-1810,item:268091,10479.96136,12835.46798,0.0,203550.0,finite,0.0,lot_campaign_blocked,,10479.96136,12835.46798,min_max,0.0,14400.0,142485.0,14400.0,10,0,0,0,0.0,0.0,12835.46798,12835.46798
1356,M-1810,item:268091,10906.131047,12835.46798,0.0,203550.0,finite,0.0,lot_campaign_blocked,,10906.131047,12835.46798,min_max,0.0,14400.0,142485.0,14400.0,10,0,0,0,0.0,0.0,12835.46798,12835.46798
1357,M-1810,item:268091,11341.520087,12835.46798,0.0,203550.0,finite,0.0,lot_campaign_blocked,,11341.520087,12835.46798,min_max,0.0,14400.0,142485.0,14400.0,10,0,0,0,0.0,0.0,12835.46798,12835.46798
1358,M-1810,item:268091,11778.752997,12835.46798,0.0,203550.0,finite,0.0,lot_campaign_blocked,,11778.752997,12835.46798,min_max,0.0,14400.0,142485.0,14400.0,10,0,0,0,0.0,0.0,12835.46798,12835.46798
1359,M-1810,item:268091,12216.354681,12835.46798,0.0,203550.0,finite,0.0,lot_campaign_blocked,,12216.354681,12835.46798,min_max,0.0,14400.0,142485.0,14400.0,10,0,0,0,0.0,0.0,12835.46798,12835.46798
1360,M-1810,item:268091,12654.03012,12835.46798,0.0,203550.0,finite,0.0,lot_campaign_blocked,,12654.03012,12835.46798,min_max,0.0,14400.0,142485.0,14400.0,10,0,0,0,0.0,0.0,12835.46798,12835.46798
1361,M-1810,item:268091,13091.72031,12835.46798,0.0,203550.0,finite,0.0,lot_campaign_blocked,,13091.72031,12835.46798,min_max,0.0,14400.0,142485.0,14400.0,10,0,0,0,0.0,0.0,12835.46798,12835.46798
1362,M-1810,item:268091,12561.250184,12835.46798,0.0,203550.0,finite,0.0,lot_campaign_blocked,,12561.250184,12835.46798,min_max,0.0,14400.0,142485.0,14400.0,10,0,0,0,0.0,0.0,12835.46798,12835.46798
1363,M-1810,item:268091,11837.147996,12835.46798,0.0,203550.0,finite,0.0,lot_campaign_blocked,,11837.147996,12835.46798,min_max,0.0,14400.0,142485.0,14400.0,10,0,0,0,0.0,0.0,12835.46798,12835.46798
1364,M-1810,item:268091,11074.319395,12835.46798,0.0,203550.0,finite,0.0,lot_campaign_blocked,,11074.319395,12835.46798,min_max,0.0,14400.0,142485.0,14400.0,10,0,0,0,0.0,0.0,12835.46798,12835.46798
1365,M-1810,item:268091,10303.745512,12835.46798,0.0,203550.0,finite,0.0,lot_campaign_blocked,,10303.745512,12835.46798,min_max,0.0,14400.0,142485.0,14400.0,10,0,0,0,0.0,0.0,12835.46798,12835.46798
1366,M-1810,item:268091,9531.622572,12835.46798,0.0,203550.0,finite,0.0,lot_campaign_blocked,,9531.622572,12835.46798,min_max,0.0,14400.0,142485.0,14400.0,10,0,0,0,0.0,0.0,12835.46798,12835.46798
1367,M-1810,item:268091,8759.189821,12835.46798,0.0,203550.0,finite,0.0,lot_campaign_blocked,,8759.189821,12835.46798,min_max,0.0,14400.0,142485.0,14400.0,10,0,0,0,0.0,0.0,12835.46798,12835.46798
1368,M-1810,item:268091,7986.695107,12835.46798,0.0,203550.0,finite,0.0,lot_campaign_blocked,,7986.695107,12835.46798,min_max,0.0,14400.0,142485.0,14400.0,10,0,0,0,0.0,0.0,12835.46798,12835.46798
1369,M-1810,item:268091,7996.914532,12835.46798,0.0,203550.0,finite,0.0,lot_campaign_blocked,,7996.914532,12835.46798,min_max,0.0,14400.0,142485.0,14400.0,10,0,0,0,0.0,0.0,12835.46798,12835.46798
1370,M-1810,item:268091,8163.676784,12835.46798,0.0,203550.0,finite,0.0,lot_campaign_blocked,,8163.676784,12835.46798,min_max,0.0,14400.0,142485.0,14400.0,10,0,0,0,0.0,0.0,12835.46798,12835.46798
1371,M-1810,item:268091,8361.747602,12835.46798,0.0,203550.0,finite,0.0,lot_campaign_blocked,,8361.747602,12835.46798,min_max,0.0,14400.0,142485.0,14400.0,10,0,0,0,0.0,0.0,12835.46798,12835.46798
1372,M-1810,item:268091,8566.080133,12835.46798,0.0,203550.0,finite,0.0,lot_campaign_blocked,,8566.080133,12835.46798,min_max,0.0,14400.0,142485.0,14400.0,10,0,0,0,0.0,0.0,12835.46798,12835.46798
1373,M-1810,item:268091,8771.665006,12835.46798,0.0,203550.0,finite,0.0,lot_campaign_blocked,,8771.665006,12835.46798,min_max,0.0,14400.0,142485.0,14400.0,10,0,0,0,0.0,0.0,12835.46798,12835.46798
1374,M-1810,item:268091,8977.500348,12835.46798,0.0,203550.0,finite,0.0,lot_campaign_blocked,,8977.500348,12835.46798,min_max,0.0,14400.0,142485.0,14400.0,10,0,0,0,0.0,0.0,12835.46798,12835.46798
1375,M-1810,item:268091,9183.385784,12835.46798,0.0,203550.0,finite,0.0,lot_campaign_blocked,,9183.385784,12835.46798,min_max,0.0,14400.0,142485.0,14400.0,10,0,0,0,0.0,0.0,12835.46798,12835.46798
1376,M-1810,item:268091,9345.673075,12835.46798,0.0,203550.0,finite,0.0,lot_campaign_blocked,,9345.673075,12835.46798,min_max,0.0,14400.0,142485.0,14400.0,10,0,0,0,0.0,0.0,12835.46798,12835.46798
1377,M-1810,item:268091,9499.240738,12835.46798,0.0,203550.0,finite,0.0,lot_campaign_blocked,,9499.240738,12835.46798,min_max,0.0,14400.0,142485.0,14400.0,10,0,0,0,0.0,0.0,12835.46798,12835.46798
1378,M-1810,item:268091,9651.064474,12835.46798,0.0,203550.0,finite,0.0,lot_campaign_blocked,,9651.064474,12835.46798,min_max,0.0,14400.0,142485.0,14400.0,10,0,0,0,0.0,0.0,12835.46798,12835.46798
1379,M-1810,item:268091,9802.539426,12835.46798,0.0,203550.0,finite,0.0,lot_campaign_blocked,,9802.539426,12835.46798,min_max,0.0,14400.0,142485.0,14400.0,10,0,0,0,0.0,0.0,12835.46798,12835.46798
1380,M-1810,item:268091,9953.94462,12835.46798,0.0,203550.0,finite,0.0,lot_campaign_blocked,,9953.94462,12835.46798,min_max,0.0,14400.0,142485.0,14400.0,10,0,0,0,0.0,0.0,12835.46798,12835.46798
1381,M-1810,item:268091,10105.335863,12835.46798,0.0,203550.0,finite,0.0,lot_campaign_blocked,,10105.335863,12835.46798,min_max,0.0,14400.0,142485.0,14400.0,10,0,0,0,0.0,0.0,12835.46798,12835.46798
1382,M-1810,item:268091,10256.724316,12835.46798,0.0,203550.0,finite,0.0,lot_campaign_blocked,,10256.724316,12835.46798,min_max,0.0,14400.0,142485.0,14400.0,10,0,0,0,0.0,0.0,12835.46798,12835.46798
1383,M-1810,item:268091,10418.397925,12835.46798,0.0,203550.0,finite,0.0,lot_campaign_blocked,,10418.397925,12835.46798,min_max,0.0,14400.0,142485.0,14400.0,10,0,0,0,0.0,0.0,12835.46798,12835.46798
1384,M-1810,item:268091,10582.128565,12835.46798,0.0,203550.0,finite,0.0,lot_campaign_blocked,,10582.128565,12835.46798,min_max,0.0,14400.0,142485.0,14400.0,10,0,0,0,0.0,0.0,12835.46798,12835.46798
1385,M-1810,item:268091,10746.270611,12835.46798,0.0,203550.0,finite,0.0,lot_campaign_blocked,,10746.270611,12835.46798,min_max,0.0,14400.0,142485.0,14400.0,10,0,0,0,0.0,0.0,12835.46798,12835.46798
1386,M-1810,item:268091,10910.494939,12835.46798,0.0,203550.0,finite,0.0,lot_campaign_blocked,,10910.494939,12835.46798,min_max,0.0,14400.0,142485.0,14400.0,10,0,0,0,0.0,0.0,12835.46798,12835.46798
1387,M-1810,item:268091,11074.735722,12835.46798,0.0,203550.0,finite,0.0,lot_campaign_blocked,,11074.735722,12835.46798,min_max,0.0,14400.0,142485.0,14400.0,10,0,0,0,0.0,0.0,12835.46798,12835.46798
1388,M-1810,item:268091,11238.979797,12835.46798,0.0,203550.0,finite,0.0,lot_campaign_blocked,,11238.979797,12835.46798,min_max,0.0,14400.0,142485.0,14400.0,10,0,0,0,0.0,0.0,12835.46798,12835.46798
1389,M-1810,item:268091,11403.224531,12835.46798,0.0,203550.0,finite,0.0,lot_campaign_blocked,,11403.224531,12835.46798,min_max,0.0,14400.0,142485.0,14400.0,10,0,0,0,0.0,0.0,12835.46798,12835.46798
1390,M-1810,item:268091,10969.869396,12835.46798,0.0,203550.0,finite,0.0,lot_campaign_blocked,,10969.869396,12835.46798,min_max,0.0,14400.0,142485.0,14400.0,10,0,0,0,0.0,0.0,12835.46798,12835.46798
1391,M-1810,item:268091,10416.994287,12835.46798,0.0,203550.0,finite,0.0,lot_campaign_blocked,,10416.994287,12835.46798,min_max,0.0,14400.0,142485.0,14400.0,10,0,0,0,0.0,0.0,12835.46798,12835.46798
1392,M-1810,item:268091,9840.215184,12835.46798,0.0,203550.0,finite,0.0,lot_campaign_blocked,,9840.215184,12835.46798,min_max,0.0,14400.0,142485.0,14400.0,10,0,0,0,0.0,0.0,12835.46798,12835.46798
1393,M-1810,item:268091,9258.655282,12835.46798,0.0,203550.0,finite,0.0,lot_campaign_blocked,,9258.655282,12835.46798,min_max,0.0,14400.0,142485.0,14400.0,10,0,0,0,0.0,0.0,12835.46798,12835.46798
1394,M-1810,item:268091,8676.13922,12835.46798,0.0,203550.0,finite,0.0,lot_campaign_blocked,,8676.13922,12835.46798,min_max,0.0,14400.0,142485.0,14400.0,10,0,0,0,0.0,0.0,12835.46798,12835.46798
1395,M-1810,item:268091,8093.431926,12835.46798,0.0,203550.0,finite,0.0,lot_campaign_blocked,,8093.431926,12835.46798,min_max,0.0,14400.0,142485.0,14400.0,10,0,0,0,0.0,0.0,12835.46798,12835.46798
1396,M-1810,item:268091,7510.686385,12835.46798,0.0,203550.0,finite,0.0,lot_campaign_blocked,,7510.686385,12835.46798,min_max,0.0,14400.0,142485.0,14400.0,10,0,0,0,0.0,0.0,12835.46798,12835.46798
1397,M-1810,item:268091,7711.655644,12835.46798,0.0,203550.0,finite,0.0,lot_campaign_blocked,,7711.655644,12835.46798,min_max,0.0,14400.0,142485.0,14400.0,10,0,0,0,0.0,0.0,12835.46798,12835.46798
1398,M-1810,item:268091,8069.367863,12835.46798,0.0,203550.0,finite,0.0,lot_campaign_blocked,,8069.367863,12835.46798,min_max,0.0,14400.0,142485.0,14400.0,10,0,0,0,0.0,0.0,12835.46798,12835.46798
1399,M-1810,item:268091,8458.428675,12835.46798,0.0,203550.0,finite,0.0,lot_campaign_blocked,,8458.428675,12835.46798,min_max,0.0,14400.0,142485.0,14400.0,10,0,0,0,0.0,0.0,12835.46798,12835.46798
1400,M-1810,item:268091,8853.759204,12835.46798,0.0,203550.0,finite,0.0,lot_campaign_blocked,,8853.759204,12835.46798,min_max,0.0,14400.0,142485.0,14400.0,10,0,0,0,0.0,0.0,12835.46798,12835.46798
1401,M-1810,item:268091,9250.343677,12835.46798,0.0,203550.0,finite,0.0,lot_campaign_blocked,,9250.343677,12835.46798,min_max,0.0,14400.0,142485.0,14400.0,10,0,0,0,0.0,0.0,12835.46798,12835.46798
1402,M-1430,item:268967,5716.8,107800.0,107800.0,154000.0,finite,3046850.0,none,,0.0,0.0,fixed,107800.0,107800.0,107800.0,0.0,10,1,1,1,107800.0,107800.0,107800.0,0.0
1402,M-1810,item:268091,9647.178939,12835.46798,0.0,203550.0,finite,0.0,lot_campaign_blocked,,9647.178939,12835.46798,min_max,0.0,14400.0,142485.0,14400.0,10,0,0,0,0.0,0.0,12835.46798,12835.46798
1403,M-1810,item:268091,10044.064359,12835.46798,0.0,203550.0,finite,0.0,lot_campaign_blocked,,10044.064359,12835.46798,min_max,0.0,14400.0,142485.0,14400.0,10,0,0,0,0.0,0.0,12835.46798,12835.46798
1403,SDC-1450,item:773474,1899630.4576,3200000.0,3200000.0,0.0,unmodeled,211402684.563758,none,,0.0,0.0,fixed,3200000.0,0.0,0.0,0.0,10,1,1,1,3200000.0,3200000.0,3200000.0,0.0
1404,M-1810,item:268091,9665.580219,12835.46798,0.0,203550.0,finite,0.0,lot_campaign_blocked,,9665.580219,12835.46798,min_max,0.0,14400.0,142485.0,14400.0,10,0,0,0,0.0,0.0,12835.46798,12835.46798
1405,M-1810,item:268091,9132.022166,12835.46798,0.0,203550.0,finite,0.0,lot_campaign_blocked,,9132.022166,12835.46798,min_max,0.0,14400.0,142485.0,14400.0,10,0,0,0,0.0,0.0,12835.46798,12835.46798
1406,M-1810,item:268091,8567.449331,12835.46798,0.0,203550.0,finite,0.0,lot_campaign_blocked,,8567.449331,12835.46798,min_max,0.0,14400.0,142485.0,14400.0,10,0,0,0,0.0,0.0,12835.46798,12835.46798
1407,M-1810,item:268091,7996.67354,12835.46798,0.0,203550.0,finite,0.0,lot_campaign_blocked,,7996.67354,12835.46798,min_max,0.0,14400.0,142485.0,14400.0,10,0,0,0,0.0,0.0,12835.46798,12835.46798
1408,M-1810,item:268091,7424.657157,12835.46798,0.0,203550.0,finite,0.0,lot_campaign_blocked,,7424.657157,12835.46798,min_max,0.0,14400.0,142485.0,14400.0,10,0,0,0,0.0,0.0,12835.46798,12835.46798
1409,M-1810,item:268091,6852.392656,12835.46798,0.0,203550.0,finite,0.0,lot_campaign_blocked,,6852.392656,12835.46798,min_max,0.0,14400.0,142485.0,14400.0,10,0,0,0,0.0,0.0,12835.46798,12835.46798
1410,M-1810,item:268091,6280.078531,12835.46798,0.0,203550.0,finite,0.0,lot_campaign_blocked,,6280.078531,12835.46798,min_max,0.0,14400.0,142485.0,14400.0,10,0,0,0,0.0,0.0,12835.46798,12835.46798
1411,M-1810,item:268091,7184.570808,12835.46798,0.0,203550.0,finite,0.0,lot_campaign_blocked,,7184.570808,12835.46798,min_max,0.0,14400.0,142485.0,14400.0,10,0,0,0,0.0,0.0,12835.46798,12835.46798
1412,M-1810,item:268091,8384.424366,12835.46798,0.0,203550.0,finite,0.0,lot_campaign_blocked,,8384.424366,12835.46798,min_max,0.0,14400.0,142485.0,14400.0,10,0,0,0,0.0,0.0,12835.46798,12835.46798
1413,M-1810,item:268091,9643.350179,12835.46798,0.0,203550.0,finite,0.0,lot_campaign_blocked,,9643.350179,12835.46798,min_max,0.0,14400.0,142485.0,14400.0,10,0,0,0,0.0,0.0,12835.46798,12835.46798
1414,M-1810,item:268091,10914.090444,12835.46798,0.0,203550.0,finite,0.0,lot_campaign_blocked,,10914.090444,12835.46798,min_max,0.0,14400.0,142485.0,14400.0,10,0,0,0,0.0,0.0,12835.46798,12835.46798
1415,M-1810,item:268091,12187.193599,12835.46798,0.0,203550.0,finite,0.0,lot_campaign_blocked,,12187.193599,12835.46798,min_max,0.0,14400.0,142485.0,14400.0,10,0,0,0,0.0,0.0,12835.46798,12835.46798
1416,M-1810,item:268091,13460.769332,12835.46798,0.0,203550.0,finite,0.0,lot_campaign_blocked,,13460.769332,12835.46798,min_max,0.0,14400.0,142485.0,14400.0,10,0,0,0,0.0,0.0,12835.46798,12835.46798
1417,M-1810,item:268091,14734.439581,12835.46798,0.0,203550.0,finite,0.0,lot_campaign_blocked,,14734.439581,12835.46798,min_max,0.0,14400.0,142485.0,14400.0,10,0,0,0,0.0,0.0,12835.46798,12835.46798
1418,M-1810,item:268091,15120.732814,12835.46798,0.0,203550.0,finite,0.0,lot_campaign_blocked,,15120.732814,12835.46798,min_max,0.0,14400.0,142485.0,14400.0,10,0,0,0,0.0,0.0,12835.46798,12835.46798
1419,M-1810,item:268091,15329.550645,12835.46798,0.0,203550.0,finite,0.0,lot_campaign_blocked,,15329.550645,12835.46798,min_max,0.0,14400.0,142485.0,14400.0,10,0,0,0,0.0,0.0,12835.46798,12835.46798
1420,M-1810,item:268091,15502.873394,12835.46798,0.0,203550.0,finite,0.0,lot_campaign_blocked,,15502.873394,12835.46798,min_max,0.0,14400.0,142485.0,14400.0,10,0,0,0,0.0,0.0,12835.46798,12835.46798
1421,M-1810,item:268091,15669.097128,12835.46798,0.0,203550.0,finite,0.0,lot_campaign_blocked,,15669.097128,12835.46798,min_max,0.0,14400.0,142485.0,14400.0,10,0,0,0,0.0,0.0,12835.46798,12835.46798
1422,M-1810,item:268091,15833.901058,12835.46798,0.0,203550.0,finite,0.0,lot_campaign_blocked,,15833.901058,12835.46798,min_max,0.0,14400.0,142485.0,14400.0,10,0,0,0,0.0,0.0,12835.46798,12835.46798
1423,M-1430,item:268967,5290.465306,107800.0,107800.0,154000.0,finite,2939050.0,none,,0.0,0.0,fixed,107800.0,107800.0,107800.0,0.0,10,1,1,1,107800.0,107800.0,107800.0,0.0
1423,M-1810,item:268091,15998.421028,12835.46798,0.0,203550.0,finite,0.0,lot_campaign_blocked,,15998.421028,12835.46798,min_max,0.0,14400.0,142485.0,14400.0,10,0,0,0,0.0,0.0,12835.46798,12835.46798
1424,M-1810,item:268091,16162.884206,12835.46798,0.0,203550.0,finite,0.0,lot_campaign_blocked,,16162.884206,12835.46798,min_max,0.0,14400.0,142485.0,14400.0,10,0,0,0,0.0,0.0,12835.46798,12835.46798
1425,M-1810,item:268091,15468.25031,12835.46798,0.0,203550.0,finite,0.0,lot_campaign_blocked,,15468.25031,12835.46798,min_max,0.0,14400.0,142485.0,14400.0,10,0,0,0,0.0,0.0,12835.46798,12835.46798
1426,M-1810,item:268091,14601.797001,12835.46798,0.0,203550.0,finite,0.0,lot_campaign_blocked,,14601.797001,12835.46798,min_max,0.0,14400.0,142485.0,14400.0,10,0,0,0,0.0,0.0,12835.46798,12835.46798
1427,M-1810,item:268091,13700.979808,12835.46798,0.0,203550.0,finite,0.0,lot_campaign_blocked,,13700.979808,12835.46798,min_max,0.0,14400.0,142485.0,14400.0,10,0,0,0,0.0,0.0,12835.46798,12835.46798
1428,M-1810,item:268091,12793.289839,12835.46798,0.0,203550.0,finite,0.0,lot_campaign_blocked,,12793.289839,12835.46798,min_max,0.0,14400.0,142485.0,14400.0,10,0,0,0,0.0,0.0,12835.46798,12835.46798
1429,M-1810,item:268091,11884.225315,12835.46798,0.0,203550.0,finite,0.0,lot_campaign_blocked,,11884.225315,12835.46798,min_max,0.0,14400.0,142485.0,14400.0,10,0,0,0,0.0,0.0,12835.46798,12835.46798
1430,M-1810,item:268091,10974.885879,12835.46798,0.0,203550.0,finite,0.0,lot_campaign_blocked,,10974.885879,12835.46798,min_max,0.0,14400.0,142485.0,14400.0,10,0,0,0,0.0,0.0,12835.46798,12835.46798
1431,M-1810,item:268091,10065.491461,12835.46798,0.0,203550.0,finite,0.0,lot_campaign_blocked,,10065.491461,12835.46798,min_max,0.0,14400.0,142485.0,14400.0,10,0,0,0,0.0,0.0,12835.46798,12835.46798
1432,M-1810,item:268091,9989.849313,12835.46798,0.0,203550.0,finite,0.0,lot_campaign_blocked,,9989.849313,12835.46798,min_max,0.0,14400.0,142485.0,14400.0,10,0,0,0,0.0,0.0,12835.46798,12835.46798
1433,M-1810,item:268091,10080.957618,12835.46798,0.0,203550.0,finite,0.0,lot_campaign_blocked,,10080.957618,12835.46798,min_max,0.0,14400.0,142485.0,14400.0,10,0,0,0,0.0,0.0,12835.46798,12835.46798
1434,M-1810,item:268091,10205.416013,12835.46798,0.0,203550.0,finite,0.0,lot_campaign_blocked,,10205.416013,12835.46798,min_max,0.0,14400.0,142485.0,14400.0,10,0,0,0,0.0,0.0,12835.46798,12835.46798
1435,M-1810,item:268091,10336.544427,12835.46798,0.0,203550.0,finite,0.0,lot_campaign_blocked,,10336.544427,12835.46798,min_max,0.0,14400.0,142485.0,14400.0,10,0,0,0,0.0,0.0,12835.46798,12835.46798
1436,M-1810,item:268091,10469.006845,12835.46798,0.0,203550.0,finite,0.0,lot_campaign_blocked,,10469.006845,12835.46798,min_max,0.0,14400.0,142485.0,14400.0,10,0,0,0,0.0,0.0,12835.46798,12835.46798
1437,M-1810,item:268091,10601.736063,12835.46798,0.0,203550.0,finite,0.0,lot_campaign_blocked,,10601.736063,12835.46798,min_max,0.0,14400.0,142485.0,14400.0,10,0,0,0,0.0,0.0,12835.46798,12835.46798
1438,M-1810,item:268091,10734.518641,12835.46798,0.0,203550.0,finite,0.0,lot_campaign_blocked,,10734.518641,12835.46798,min_max,0.0,14400.0,142485.0,14400.0,10,0,0,0,0.0,0.0,12835.46798,12835.46798
1439,M-1810,item:268091,11815.279239,12835.46798,0.0,203550.0,finite,0.0,lot_campaign_blocked,,11815.279239,12835.46798,min_max,0.0,14400.0,142485.0,14400.0,10,0,0,0,0.0,0.0,12835.46798,12835.46798
1440,M-1810,item:268091,13085.63544,12835.46798,0.0,203550.0,finite,0.0,lot_campaign_blocked,,13085.63544,12835.46798,min_max,0.0,14400.0,142485.0,14400.0,10,0,0,0,0.0,0.0,12835.46798,12835.46798
1441,M-1810,item:268091,14393.910762,12835.46798,0.0,203550.0,finite,0.0,lot_campaign_blocked,,14393.910762,12835.46798,min_max,0.0,14400.0,142485.0,14400.0,10,0,0,0,0.0,0.0,12835.46798,12835.46798
1442,M-1810,item:268091,15709.769908,12835.46798,0.0,203550.0,finite,0.0,lot_campaign_blocked,,15709.769908,12835.46798,min_max,0.0,14400.0,142485.0,14400.0,10,0,0,0,0.0,0.0,12835.46798,12835.46798
1443,M-1430,item:268967,5268.081632,107800.0,107800.0,154000.0,finite,2831250.0,none,,0.0,0.0,fixed,107800.0,107800.0,107800.0,0.0,10,1,1,1,107800.0,107800.0,107800.0,0.0
1443,M-1810,item:268091,17027.145818,12835.46798,0.0,203550.0,finite,0.0,lot_campaign_blocked,,17027.145818,12835.46798,min_max,0.0,14400.0,142485.0,14400.0,10,0,0,0,0.0,0.0,12835.46798,12835.46798
1444,M-1810,item:268091,18344.825082,12835.46798,0.0,203550.0,finite,0.0,lot_campaign_blocked,,18344.825082,12835.46798,min_max,0.0,14400.0,142485.0,14400.0,10,0,0,0,0.0,0.0,12835.46798,12835.46798
1445,M-1810,item:268091,19662.565016,12835.46798,0.0,203550.0,finite,0.0,lot_campaign_blocked,,19662.565016,12835.46798,min_max,0.0,14400.0,142485.0,14400.0,10,0,0,0,0.0,0.0,12835.46798,12835.46798
1446,M-1810,item:268091,19568.888513,12835.46798,0.0,203550.0,finite,0.0,lot_campaign_blocked,,19568.888513,12835.46798,min_max,0.0,14400.0,142485.0,14400.0,10,0,0,0,0.0,0.0,12835.46798,12835.46798
1447,M-1810,item:268091,19192.928723,12835.46798,0.0,203550.0,finite,0.0,lot_campaign_blocked,,19192.928723,12835.46798,min_max,0.0,14400.0,142485.0,14400.0,10,0,0,0,0.0,0.0,12835.46798,12835.46798
1448,M-1810,item:268091,18760.512275,12835.46798,0.0,203550.0,finite,0.0,lot_campaign_blocked,,18760.512275,12835.46798,min_max,0.0,14400.0,142485.0,14400.0,10,0,0,0,0.0,0.0,12835.46798,12835.46798
1449,M-1810,item:268091,18316.804496,12835.46798,0.0,203550.0,finite,0.0,lot_campaign_blocked,,18316.804496,12835.46798,min_max,0.0,14400.0,142485.0,14400.0,10,0,0,0,0.0,0.0,12835.46798,12835.46798
1450,M-1810,item:268091,17870.83845,12835.46798,0.0,203550.0,finite,0.0,lot_campaign_blocked,,17870.83845,12835.46798,min_max,0.0,14400.0,142485.0,14400.0,10,0,0,0,0.0,0.0,12835.46798,12835.46798
1451,M-1810,item:268091,17424.420751,12835.46798,0.0,203550.0,finite,0.0,lot_campaign_blocked,,17424.420751,12835.46798,min_max,0.0,14400.0,142485.0,14400.0,10,0,0,0,0.0,0.0,12835.46798,12835.46798
1452,M-1810,item:268091,16977.912721,12835.46798,0.0,203550.0,finite,0.0,lot_campaign_blocked,,16977.912721,12835.46798,min_max,0.0,14400.0,142485.0,14400.0,10,0,0,0,0.0,0.0,12835.46798,12835.46798
1453,M-1810,item:268091,14961.035605,12835.46798,0.0,203550.0,finite,0.0,lot_campaign_blocked,,14961.035605,12835.46798,min_max,0.0,14400.0,142485.0,14400.0,10,0,0,0,0.0,0.0,12835.46798,12835.46798
1454,M-1810,item:268091,12847.227529,12835.46798,0.0,203550.0,finite,0.0,lot_campaign_blocked,,12847.227529,12835.46798,min_max,0.0,14400.0,142485.0,14400.0,10,0,0,0,0.0,0.0,12835.46798,12835.46798
1455,M-1810,item:268091,10714.033261,12835.46798,0.0,203550.0,finite,0.0,lot_campaign_blocked,,10714.033261,12835.46798,min_max,0.0,14400.0,142485.0,14400.0,10,0,0,0,0.0,0.0,12835.46798,12835.46798
1456,M-1810,item:268091,8576.961754,12835.46798,0.0,203550.0,finite,0.0,lot_campaign_blocked,,8576.961754,12835.46798,min_max,0.0,14400.0,142485.0,14400.0,10,0,0,0,0.0,0.0,12835.46798,12835.46798
1457,M-1810,item:268091,6439.1148,12835.46798,0.0,203550.0,finite,0.0,lot_campaign_blocked,,6439.1148,12835.46798,min_max,0.0,14400.0,142485.0,14400.0,10,0,0,0,0.0,0.0,12835.46798,12835.46798
1458,M-1810,item:268091,4301.112756,12835.46798,0.0,203550.0,finite,0.0,lot_campaign_blocked,,4301.112756,12835.46798,min_max,0.0,14400.0,142485.0,14400.0,10,0,0,0,0.0,0.0,12835.46798,12835.46798
1459,M-1810,item:268091,2163.079694,12835.46798,0.0,203550.0,finite,0.0,lot_campaign_blocked,,2163.079694,12835.46798,min_max,0.0,14400.0,142485.0,14400.0,10,0,0,0,0.0,0.0,12835.46798,12835.46798
1460,M-1810,item:268091,1952.615939,12835.46798,0.0,203550.0,finite,0.0,lot_campaign_blocked,,1952.615939,12835.46798,min_max,0.0,14400.0,142485.0,14400.0,10,0,0,0,0.0,0.0,12835.46798,12835.46798
1461,M-1810,item:268091,2276.547678,12835.46798,0.0,203550.0,finite,0.0,lot_campaign_blocked,,2276.547678,12835.46798,min_max,0.0,14400.0,142485.0,14400.0,10,0,0,0,0.0,0.0,12835.46798,12835.46798
1462,M-1810,item:268091,2707.358515,12835.46798,0.0,203550.0,finite,0.0,lot_campaign_blocked,,2707.358515,12835.46798,min_max,0.0,14400.0,142485.0,14400.0,10,0,0,0,0.0,0.0,12835.46798,12835.46798
1463,M-1810,item:268091,3159.545173,12835.46798,0.0,203550.0,finite,0.0,lot_campaign_blocked,,3159.545173,12835.46798,min_max,0.0,14400.0,142485.0,14400.0,10,0,0,0,0.0,0.0,12835.46798,12835.46798
1464,M-1810,item:268091,3616.006994,12835.46798,0.0,203550.0,finite,0.0,lot_campaign_blocked,,3616.006994,12835.46798,min_max,0.0,14400.0,142485.0,14400.0,10,0,0,0,0.0,0.0,12835.46798,12835.46798
1465,M-1810,item:268091,4073.323848,12835.46798,0.0,203550.0,finite,0.0,lot_campaign_blocked,,4073.323848,12835.46798,min_max,0.0,14400.0,142485.0,14400.0,10,0,0,0,0.0,0.0,12835.46798,12835.46798
1466,M-1810,item:268091,4530.811709,12835.46798,0.0,203550.0,finite,0.0,lot_campaign_blocked,,4530.811709,12835.46798,min_max,0.0,14400.0,142485.0,14400.0,10,0,0,0,0.0,0.0,12835.46798,12835.46798
1467,M-1810,item:268091,4988.333771,12835.46798,0.0,203550.0,finite,0.0,lot_campaign_blocked,,4988.333771,12835.46798,min_max,0.0,14400.0,142485.0,14400.0,10,0,0,0,0.0,0.0,12835.46798,12835.46798
1468,M-1430,item:268967,4766.87347,107800.0,107800.0,154000.0,finite,2723450.0,none,,0.0,0.0,fixed,107800.0,107800.0,107800.0,0.0,10,1,1,1,107800.0,107800.0,107800.0,0.0
1468,M-1810,item:268091,5338.483081,12835.46798,0.0,203550.0,finite,0.0,lot_campaign_blocked,,5338.483081,12835.46798,min_max,0.0,14400.0,142485.0,14400.0,10,0,0,0,0.0,0.0,12835.46798,12835.46798
1469,M-1810,item:268091,5667.157841,12835.46798,0.0,203550.0,finite,0.0,lot_campaign_blocked,,5667.157841,12835.46798,min_max,0.0,14400.0,142485.0,14400.0,10,0,0,0,0.0,0.0,12835.46798,12835.46798
1469,SDC-1450,item:773474,1884097.6576,3200000.0,3200000.0,0.0,unmodeled,208202684.563758,none,,0.0,0.0,fixed,3200000.0,0.0,0.0,0.0,10,1,1,1,3200000.0,3200000.0,3200000.0,0.0
1470,M-1810,item:268091,5991.537691,12835.46798,0.0,203550.0,finite,0.0,lot_campaign_blocked,,5991.537691,12835.46798,min_max,0.0,14400.0,142485.0,14400.0,10,0,0,0,0.0,0.0,12835.46798,12835.46798
1471,M-1810,item:268091,6315.058559,12835.46798,0.0,203550.0,finite,0.0,lot_campaign_blocked,,6315.058559,12835.46798,min_max,0.0,14400.0,142485.0,14400.0,10,0,0,0,0.0,0.0,12835.46798,12835.46798
1472,M-1810,item:268091,6638.40763,12835.46798,0.0,203550.0,finite,0.0,lot_campaign_blocked,,6638.40763,12835.46798,min_max,0.0,14400.0,142485.0,14400.0,10,0,0,0,0.0,0.0,12835.46798,12835.46798
1473,M-1810,item:268091,6961.722343,12835.46798,0.0,203550.0,finite,0.0,lot_campaign_blocked,,6961.722343,12835.46798,min_max,0.0,14400.0,142485.0,14400.0,10,0,0,0,0.0,0.0,12835.46798,12835.46798
1474,M-1810,item:268091,7285.030183,12835.46798,0.0,203550.0,finite,0.0,lot_campaign_blocked,,7285.030183,12835.46798,min_max,0.0,14400.0,142485.0,14400.0,10,0,0,0,0.0,0.0,12835.46798,12835.46798
1475,M-1810,item:268091,7841.78971,12835.46798,0.0,203550.0,finite,0.0,lot_campaign_blocked,,7841.78971,12835.46798,min_max,0.0,14400.0,142485.0,14400.0,10,0,0,0,0.0,0.0,12835.46798,12835.46798
1476,M-1810,item:268091,8445.239575,12835.46798,0.0,203550.0,finite,0.0,lot_campaign_blocked,,8445.239575,12835.46798,min_max,0.0,14400.0,142485.0,14400.0,10,0,0,0,0.0,0.0,12835.46798,12835.46798
1477,M-1810,item:268091,9058.027507,12835.46798,0.0,203550.0,finite,0.0,lot_campaign_blocked,,9058.027507,12835.46798,min_max,0.0,14400.0,142485.0,14400.0,10,0,0,0,0.0,0.0,12835.46798,12835.46798
1478,M-1810,item:268091,9672.683053,12835.46798,0.0,203550.0,finite,0.0,lot_campaign_blocked,,9672.683053,12835.46798,min_max,0.0,14400.0,142485.0,14400.0,10,0,0,0,0.0,0.0,12835.46798,12835.46798
1479,M-1810,item:268091,10287.712121,12835.46798,0.0,203550.0,finite,0.0,lot_campaign_blocked,,10287.712121,12835.46798,min_max,0.0,14400.0,142485.0,14400.0,10,0,0,0,0.0,0.0,12835.46798,12835.46798
1480,M-1810,item:268091,10902.815894,12835.46798,0.0,203550.0,finite,0.0,lot_campaign_blocked,,10902.815894,12835.46798,min_max,0.0,14400.0,142485.0,14400.0,10,0,0,0,0.0,0.0,12835.46798,12835.46798
1481,M-1810,item:268091,11517.934608,12835.46798,0.0,203550.0,finite,0.0,lot_campaign_blocked,,11517.934608,12835.46798,min_max,0.0,14400.0,142485.0,14400.0,10,0,0,0,0.0,0.0,12835.46798,12835.46798
1482,M-1810,item:268091,11488.239983,12835.46798,0.0,203550.0,finite,0.0,lot_campaign_blocked,,11488.239983,12835.46798,min_max,0.0,14400.0,142485.0,14400.0,10,0,0,0,0.0,0.0,12835.46798,12835.46798
1483,M-1810,item:268091,11329.582691,12835.46798,0.0,203550.0,finite,0.0,lot_campaign_blocked,,11329.582691,12835.46798,min_max,0.0,14400.0,142485.0,14400.0,10,0,0,0,0.0,0.0,12835.46798,12835.46798
1484,M-1810,item:268091,11145.132865,12835.46798,0.0,203550.0,finite,0.0,lot_campaign_blocked,,11145.132865,12835.46798,min_max,0.0,14400.0,142485.0,14400.0,10,0,0,0,0.0,0.0,12835.46798,12835.46798
1485,M-1810,item:268091,10955.524532,12835.46798,0.0,203550.0,finite,0.0,lot_campaign_blocked,,10955.524532,12835.46798,min_max,0.0,14400.0,142485.0,14400.0,10,0,0,0,0.0,0.0,12835.46798,12835.46798
1486,M-1810,item:268091,10764.884498,12835.46798,0.0,203550.0,finite,0.0,lot_campaign_blocked,,10764.884498,12835.46798,min_max,0.0,14400.0,142485.0,14400.0,10,0,0,0,0.0,0.0,12835.46798,12835.46798
1487,M-1810,item:268091,10574.038124,12835.46798,0.0,203550.0,finite,0.0,lot_campaign_blocked,,10574.038124,12835.46798,min_max,0.0,14400.0,142485.0,14400.0,10,0,0,0,0.0,0.0,12835.46798,12835.46798
1488,M-1810,item:268091,10383.150482,12835.46798,0.0,203550.0,finite,0.0,lot_campaign_blocked,,10383.150482,12835.46798,min_max,0.0,14400.0,142485.0,14400.0,10,0,0,0,0.0,0.0,12835.46798,12835.46798
1489,M-1810,item:268091,10243.160708,12835.46798,0.0,203550.0,finite,0.0,lot_campaign_blocked,,10243.160708,12835.46798,min_max,0.0,14400.0,142485.0,14400.0,10,0,0,0,0.0,0.0,12835.46798,12835.46798
1490,M-1810,item:268091,10113.350509,12835.46798,0.0,203550.0,finite,0.0,lot_campaign_blocked,,10113.350509,12835.46798,min_max,0.0,14400.0,142485.0,14400.0,10,0,0,0,0.0,0.0,12835.46798,12835.46798
1491,M-1810,item:268091,9985.576224,12835.46798,0.0,203550.0,finite,0.0,lot_campaign_blocked,,9985.576224,12835.46798,min_max,0.0,14400.0,142485.0,14400.0,10,0,0,0,0.0,0.0,12835.46798,12835.46798
1492,M-1810,item:268091,9858.209122,12835.46798,0.0,203550.0,finite,0.0,lot_campaign_blocked,,9858.209122,12835.46798,min_max,0.0,14400.0,142485.0,14400.0,10,0,0,0,0.0,0.0,12835.46798,12835.46798
1493,M-1810,item:268091,9730.923457,12835.46798,0.0,203550.0,finite,0.0,lot_campaign_blocked,,9730.923457,12835.46798,min_max,0.0,14400.0,142485.0,14400.0,10,0,0,0,0.0,0.0,12835.46798,12835.46798
1494,M-1810,item:268091,9603.654079,12835.46798,0.0,203550.0,finite,0.0,lot_campaign_blocked,,9603.654079,12835.46798,min_max,0.0,14400.0,142485.0,14400.0,10,0,0,0,0.0,0.0,12835.46798,12835.46798
1495,M-1810,item:268091,9476.387959,12835.46798,0.0,203550.0,finite,0.0,lot_campaign_blocked,,9476.387959,12835.46798,min_max,0.0,14400.0,142485.0,14400.0,10,0,0,0,0.0,0.0,12835.46798,12835.46798
1496,M-1810,item:268091,9178.444939,12835.46798,0.0,203550.0,finite,0.0,lot_campaign_blocked,,9178.444939,12835.46798,min_max,0.0,14400.0,142485.0,14400.0,10,0,0,0,0.0,0.0,12835.46798,12835.46798
1497,M-1810,item:268091,8846.366539,12835.46798,0.0,203550.0,finite,0.0,lot_campaign_blocked,,8846.366539,12835.46798,min_max,0.0,14400.0,142485.0,14400.0,10,0,0,0,0.0,0.0,12835.46798,12835.46798
1498,M-1810,item:268091,8507.461063,12835.46798,0.0,203550.0,finite,0.0,lot_campaign_blocked,,8507.461063,12835.46798,min_max,0.0,14400.0,142485.0,14400.0,10,0,0,0,0.0,0.0,12835.46798,12835.46798
1499,M-1810,item:268091,8167.190172,12835.46798,0.0,203550.0,finite,0.0,lot_campaign_blocked,,8167.190172,12835.46798,min_max,0.0,14400.0,142485.0,14400.0,10,0,0,0,0.0,0.0,12835.46798,12835.46798
1500,M-1430,item:268967,4792.04898,107800.0,107800.0,154000.0,finite,2615650.0,none,,0.0,0.0,fixed,107800.0,107800.0,107800.0,0.0,10,1,1,1,107800.0,107800.0,107800.0,0.0
1500,M-1810,item:268091,7826.646198,12835.46798,0.0,203550.0,finite,0.0,lot_campaign_blocked,,7826.646198,12835.46798,min_max,0.0,14400.0,142485.0,14400.0,10,0,0,0,0.0,0.0,12835.46798,12835.46798
1501,M-1810,item:268091,7486.047607,12835.46798,0.0,203550.0,finite,0.0,lot_campaign_blocked,,7486.047607,12835.46798,min_max,0.0,14400.0,142485.0,14400.0,10,0,0,0,0.0,0.0,12835.46798,12835.46798
1502,M-1810,item:268091,7145.438093,12835.46798,0.0,203550.0,finite,0.0,lot_campaign_blocked,,7145.438093,12835.46798,min_max,0.0,14400.0,142485.0,14400.0,10,0,0,0,0.0,0.0,12835.46798,12835.46798
1503,M-1810,item:268091,7898.083537,12835.46798,0.0,203550.0,finite,0.0,lot_campaign_blocked,,7898.083537,12835.46798,min_max,0.0,14400.0,142485.0,14400.0,10,0,0,0,0.0,0.0,12835.46798,12835.46798
1504,M-1810,item:268091,8869.379972,12835.46798,0.0,203550.0,finite,0.0,lot_campaign_blocked,,8869.379972,12835.46798,min_max,0.0,14400.0,142485.0,14400.0,10,0,0,0,0.0,0.0,12835.46798,12835.46798
1505,M-1810,item:268091,9884.406607,12835.46798,0.0,203550.0,finite,0.0,lot_campaign_blocked,,9884.406607,12835.46798,min_max,0.0,14400.0,142485.0,14400.0,10,0,0,0,0.0,0.0,12835.46798,12835.46798
1506,M-1810,item:268091,10908.17928,12835.46798,0.0,203550.0,finite,0.0,lot_campaign_blocked,,10908.17928,12835.46798,min_max,0.0,14400.0,142485.0,14400.0,10,0,0,0,0.0,0.0,12835.46798,12835.46798
1507,M-1810,item:268091,11933.701162,12835.46798,0.0,203550.0,finite,0.0,lot_campaign_blocked,,11933.701162,12835.46798,min_max,0.0,14400.0,142485.0,14400.0,10,0,0,0,0.0,0.0,12835.46798,12835.46798
1508,M-1810,item:268091,12959.572885,12835.46798,0.0,203550.0,finite,0.0,lot_campaign_blocked,,12959.572885,12835.46798,min_max,0.0,14400.0,142485.0,14400.0,10,0,0,0,0.0,0.0,12835.46798,12835.46798
1509,M-1810,item:268091,13985.514577,12835.46798,0.0,203550.0,finite,0.0,lot_campaign_blocked,,13985.514577,12835.46798,min_max,0.0,14400.0,142485.0,14400.0,10,0,0,0,0.0,0.0,12835.46798,12835.46798
1510,M-1810,item:268091,14116.580466,12835.46798,0.0,203550.0,finite,0.0,lot_campaign_blocked,,14116.580466,12835.46798,min_max,0.0,14400.0,142485.0,14400.0,10,0,0,0,0.0,0.0,12835.46798,12835.46798
1511,M-1810,item:268091,14068.671195,12835.46798,0.0,203550.0,finite,0.0,lot_campaign_blocked,,14068.671195,12835.46798,min_max,0.0,14400.0,142485.0,14400.0,10,0,0,0,0.0,0.0,12835.46798,12835.46798
1512,M-1810,item:268091,13984.966892,12835.46798,0.0,203550.0,finite,0.0,lot_campaign_blocked,,13984.966892,12835.46798,min_max,0.0,14400.0,142485.0,14400.0,10,0,0,0,0.0,0.0,12835.46798,12835.46798
1513,M-1810,item:268091,13894.103582,12835.46798,0.0,203550.0,finite,0.0,lot_campaign_blocked,,13894.103582,12835.46798,min_max,0.0,14400.0,142485.0,14400.0,10,0,0,0,0.0,0.0,12835.46798,12835.46798
1514,M-1810,item:268091,13801.808471,12835.46798,0.0,203550.0,finite,0.0,lot_campaign_blocked,,13801.808471,12835.46798,min_max,0.0,14400.0,142485.0,14400.0,10,0,0,0,0.0,0.0,12835.46798,12835.46798
1515,M-1430,item:268967,5009.387755,107800.0,107800.0,154000.0,finite,2507850.0,none,,0.0,0.0,fixed,107800.0,107800.0,107800.0,0.0,10,1,1,1,107800.0,107800.0,107800.0,0.0
1515,M-1810,item:268091,13709.227,12835.46798,0.0,203550.0,finite,0.0,lot_campaign_blocked,,13709.227,12835.46798,min_max,0.0,14400.0,142485.0,14400.0,10,0,0,0,0.0,0.0,12835.46798,12835.46798
1516,M-1810,item:268091,13616.588257,12835.46798,0.0,203550.0,finite,0.0,lot_campaign_blocked,,13616.588257,12835.46798,min_max,0.0,14400.0,142485.0,14400.0,10,0,0,0,0.0,0.0,12835.46798,12835.46798
1517,M-1810,item:268091,13338.925814,12835.46798,0.0,203550.0,finite,0.0,lot_campaign_blocked,,13338.925814,12835.46798,min_max,0.0,14400.0,142485.0,14400.0,10,0,0,0,0.0,0.0,12835.46798,12835.46798
1518,M-1810,item:268091,13024.258632,12835.46798,0.0,203550.0,finite,0.0,lot_campaign_blocked,,13024.258632,12835.46798,min_max,0.0,14400.0,142485.0,14400.0,10,0,0,0,0.0,0.0,12835.46798,12835.46798
1519,M-1810,item:268091,12702.190502,12835.46798,0.0,203550.0,finite,0.0,lot_campaign_blocked,,12702.190502,12835.46798,min_max,0.0,14400.0,142485.0,14400.0,10,0,0,0,0.0,0.0,12835.46798,12835.46798
1520,M-1810,item:268091,12378.642182,12835.46798,0.0,203550.0,finite,0.0,lot_campaign_blocked,,12378.642182,12835.46798,min_max,0.0,14400.0,142485.0,14400.0,10,0,0,0,0.0,0.0,12835.46798,12835.46798
1521,M-1810,item:268091,12054.797824,12835.46798,0.0,203550.0,finite,0.0,lot_campaign_blocked,,12054.797824,12835.46798,min_max,0.0,14400.0,142485.0,14400.0,10,0,0,0,0.0,0.0,12835.46798,12835.46798
1522,M-1810,item:268091,11730.894259,12835.46798,0.0,203550.0,finite,0.0,lot_campaign_blocked,,11730.894259,12835.46798,min_max,0.0,14400.0,142485.0,14400.0,10,0,0,0,0.0,0.0,12835.46798,12835.46798
1523,M-1810,item:268091,11406.978852,12835.46798,0.0,203550.0,finite,0.0,lot_campaign_blocked,,11406.978852,12835.46798,min_max,0.0,14400.0,142485.0,14400.0,10,0,0,0,0.0,0.0,12835.46798,12835.46798
1524,M-1810,item:268091,11140.040668,12835.46798,0.0,203550.0,finite,0.0,lot_campaign_blocked,,11140.040668,12835.46798,min_max,0.0,14400.0,142485.0,14400.0,10,0,0,0,0.0,0.0,12835.46798,12835.46798
1525,M-1810,item:268091,10884.49793,12835.46798,0.0,203550.0,finite,0.0,lot_campaign_blocked,,10884.49793,12835.46798,min_max,0.0,14400.0,142485.0,14400.0,10,0,0,0,0.0,0.0,12835.46798,12835.46798
1526,M-1810,item:268091,10631.23428,12835.46798,0.0,203550.0,finite,0.0,lot_campaign_blocked,,10631.23428,12835.46798,min_max,0.0,14400.0,142485.0,14400.0,10,0,0,0,0.0,0.0,12835.46798,12835.46798
1527,M-1810,item:268091,10378.426448,12835.46798,0.0,203550.0,finite,0.0,lot_campaign_blocked,,10378.426448,12835.46798,min_max,0.0,14400.0,142485.0,14400.0,10,0,0,0,0.0,0.0,12835.46798,12835.46798
1528,M-1810,item:268091,10125.709779,12835.46798,0.0,203550.0,finite,0.0,lot_campaign_blocked,,10125.709779,12835.46798,min_max,0.0,14400.0,142485.0,14400.0,10,0,0,0,0.0,0.0,12835.46798,12835.46798
1529,M-1810,item:268091,9873.011344,12835.46798,0.0,203550.0,finite,0.0,lot_campaign_blocked,,9873.011344,12835.46798,min_max,0.0,14400.0,142485.0,14400.0,10,0,0,0,0.0,0.0,12835.46798,12835.46798
1530,M-1810,item:268091,9620.316554,12835.46798,0.0,203550.0,finite,0.0,lot_campaign_blocked,,9620.316554,12835.46798,min_max,0.0,14400.0,142485.0,14400.0,10,0,0,0,0.0,0.0,12835.46798,12835.46798
1531,M-1810,item:268091,9801.744943,12835.46798,0.0,203550.0,finite,0.0,lot_campaign_blocked,,9801.744943,12835.46798,min_max,0.0,14400.0,142485.0,14400.0,10,0,0,0,0.0,0.0,12835.46798,12835.46798
1532,M-1810,item:268091,10069.997968,12835.46798,0.0,203550.0,finite,0.0,lot_campaign_blocked,,10069.997968,12835.46798,min_max,0.0,14400.0,142485.0,14400.0,10,0,0,0,0.0,0.0,12835.46798,12835.46798
1533,M-1810,item:268091,10355.61592,12835.46798,0.0,203550.0,finite,0.0,lot_campaign_blocked,,10355.61592,12835.46798,min_max,0.0,14400.0,142485.0,14400.0,10,0,0,0,0.0,0.0,12835.46798,12835.46798
1534,M-1810,item:268091,10644.706858,12835.46798,0.0,203550.0,finite,0.0,lot_campaign_blocked,,10644.706858,12835.46798,min_max,0.0,14400.0,142485.0,14400.0,10,0,0,0,0.0,0.0,12835.46798,12835.46798
1535,M-1810,item:268091,10934.492392,12835.46798,0.0,203550.0,finite,0.0,lot_campaign_blocked,,10934.492392,12835.46798,min_max,0.0,14400.0,142485.0,14400.0,10,0,0,0,0.0,0.0,12835.46798,12835.46798
1536,M-1810,item:268091,11224.416846,12835.46798,0.0,203550.0,finite,0.0,lot_campaign_blocked,,11224.416846,12835.46798,min_max,0.0,14400.0,142485.0,14400.0,10,0,0,0,0.0,0.0,12835.46798,12835.46798
1537,M-1810,item:268091,11514.369084,12835.46798,0.0,203550.0,finite,0.0,lot_campaign_blocked,,11514.369084,12835.46798,min_max,0.0,14400.0,142485.0,14400.0,10,0,0,0,0.0,0.0,12835.46798,12835.46798
1538,M-1810,item:268091,11654.188103,12835.46798,0.0,203550.0,finite,0.0,lot_campaign_blocked,,11654.188103,12835.46798,min_max,0.0,14400.0,142485.0,14400.0,10,0,0,0,0.0,0.0,12835.46798,12835.46798
1539,M-1810,item:268091,11763.980478,12835.46798,0.0,203550.0,finite,0.0,lot_campaign_blocked,,11763.980478,12835.46798,min_max,0.0,14400.0,142485.0,14400.0,10,0,0,0,0.0,0.0,12835.46798,12835.46798
1540,M-1810,item:268091,11867.767524,12835.46798,0.0,203550.0,finite,0.0,lot_campaign_blocked,,11867.767524,12835.46798,min_max,0.0,14400.0,142485.0,14400.0,10,0,0,0,0.0,0.0,12835.46798,12835.46798
1541,M-1810,item:268091,11970.353505,12835.46798,0.0,203550.0,finite,0.0,lot_campaign_blocked,,11970.353505,12835.46798,min_max,0.0,14400.0,142485.0,14400.0,10,0,0,0,0.0,0.0,12835.46798,12835.46798
1542,M-1810,item:268091,12072.699273,12835.46798,0.0,203550.0,finite,0.0,lot_campaign_blocked,,12072.699273,12835.46798,min_max,0.0,14400.0,142485.0,14400.0,10,0,0,0,0.0,0.0,12835.46798,12835.46798
1543,M-1810,item:268091,12174.996997,12835.46798,0.0,203550.0,finite,0.0,lot_campaign_blocked,,12174.996997,12835.46798,min_max,0.0,14400.0,142485.0,14400.0,10,0,0,0,0.0,0.0,12835.46798,12835.46798
1544,M-1810,item:268091,12277.285114,12835.46798,0.0,203550.0,finite,0.0,lot_campaign_blocked,,12277.285114,12835.46798,min_max,0.0,14400.0,142485.0,14400.0,10,0,0,0,0.0,0.0,12835.46798,12835.46798
1545,M-1810,item:268091,11908.469268,12835.46798,0.0,203550.0,finite,0.0,lot_campaign_blocked,,11908.469268,12835.46798,min_max,0.0,14400.0,142485.0,14400.0,10,0,0,0,0.0,0.0,12835.46798,12835.46798
1546,M-1430,item:268967,3678.302041,107800.0,107800.0,154000.0,finite,2400050.0,none,,0.0,0.0,fixed,107800.0,107800.0,107800.0,0.0,10,1,1,1,107800.0,107800.0,107800.0,0.0
1546,M-1810,item:268091,11445.432629,12835.46798,0.0,203550.0,finite,0.0,lot_campaign_blocked,,11445.432629,12835.46798,min_max,0.0,14400.0,142485.0,14400.0,10,0,0,0,0.0,0.0,12835.46798,12835.46798
1547,M-1810,item:268091,10963.551832,12835.46798,0.0,203550.0,finite,0.0,lot_campaign_blocked,,10963.551832,12835.46798,min_max,0.0,14400.0,142485.0,14400.0,10,0,0,0,0.0,0.0,12835.46798,12835.46798
1547,SDC-1450,item:773474,1868564.6576,3200000.0,3200000.0,0.0,unmodeled,205002684.563758,none,,0.0,0.0,fixed,3200000.0,0.0,0.0,0.0,10,1,1,1,3200000.0,3200000.0,3200000.0,0.0
1548,M-1810,item:268091,10477.902203,12835.46798,0.0,203550.0,finite,0.0,lot_campaign_blocked,,10477.902203,12835.46798,min_max,0.0,14400.0,142485.0,14400.0,10,0,0,0,0.0,0.0,12835.46798,12835.46798
1549,M-1810,item:268091,9991.498808,12835.46798,0.0,203550.0,finite,0.0,lot_campaign_blocked,,9991.498808,12835.46798,min_max,0.0,14400.0,142485.0,14400.0,10,0,0,0,0.0,0.0,12835.46798,12835.46798
1550,M-1810,item:268091,9504.94466,12835.46798,0.0,203550.0,finite,0.0,lot_campaign_blocked,,9504.94466,12835.46798,min_max,0.0,14400.0,142485.0,14400.0,10,0,0,0,0.0,0.0,12835.46798,12835.46798
1551,M-1810,item:268091,9018.360361,12835.46798,0.0,203550.0,finite,0.0,lot_campaign_blocked,,9018.360361,12835.46798,min_max,0.0,14400.0,142485.0,14400.0,10,0,0,0,0.0,0.0,12835.46798,12835.46798
1552,M-1810,item:268091,8675.819011,12835.46798,0.0,203550.0,finite,0.0,lot_campaign_blocked,,8675.819011,12835.46798,min_max,0.0,14400.0,142485.0,14400.0,10,0,0,0,0.0,0.0,12835.46798,12835.46798
1553,M-1810,item:268091,8362.086251,12835.46798,0.0,203550.0,finite,0.0,lot_campaign_blocked,,8362.086251,12835.46798,min_max,0.0,14400.0,142485.0,14400.0,10,0,0,0,0.0,0.0,12835.46798,12835.46798
1554,M-1810,item:268091,8054.11521,12835.46798,0.0,203550.0,finite,0.0,lot_campaign_blocked,,8054.11521,12835.46798,min_max,0.0,14400.0,142485.0,14400.0,10,0,0,0,0.0,0.0,12835.46798,12835.46798
1555,M-1810,item:268091,7747.296511,12835.46798,0.0,203550.0,finite,0.0,lot_campaign_blocked,,7747.296511,12835.46798,min_max,0.0,14400.0,142485.0,14400.0,10,0,0,0,0.0,0.0,12835.46798,12835.46798
1556,M-1810,item:268091,7440.708282,12835.46798,0.0,203550.0,finite,0.0,lot_campaign_blocked,,7440.708282,12835.46798,min_max,0.0,14400.0,142485.0,14400.0,10,0,0,0,0.0,0.0,12835.46798,12835.46798
1557,M-1810,item:268091,7134.166146,12835.46798,0.0,203550.0,finite,0.0,lot_campaign_blocked,,7134.166146,12835.46798,min_max,0.0,14400.0,142485.0,14400.0,10,0,0,0,0.0,0.0,12835.46798,12835.46798
1558,M-1810,item:268091,6827.633229,12835.46798,0.0,203550.0,finite,0.0,lot_campaign_blocked,,6827.633229,12835.46798,min_max,0.0,14400.0,142485.0,14400.0,10,0,0,0,0.0,0.0,12835.46798,12835.46798
1559,M-1810,item:268091,7484.057258,12835.46798,0.0,203550.0,finite,0.0,lot_campaign_blocked,,7484.057258,12835.46798,min_max,0.0,14400.0,142485.0,14400.0,10,0,0,0,0.0,0.0,12835.46798,12835.46798
1560,M-1810,item:268091,8333.072676,12835.46798,0.0,203550.0,finite,0.0,lot_campaign_blocked,,8333.072676,12835.46798,min_max,0.0,14400.0,142485.0,14400.0,10,0,0,0,0.0,0.0,12835.46798,12835.46798
1561,M-1810,item:268091,9220.606372,12835.46798,0.0,203550.0,finite,0.0,lot_campaign_blocked,,9220.606372,12835.46798,min_max,0.0,14400.0,142485.0,14400.0,10,0,0,0,0.0,0.0,12835.46798,12835.46798
1562,M-1810,item:268091,10115.843723,12835.46798,0.0,203550.0,finite,0.0,lot_campaign_blocked,,10115.843723,12835.46798,min_max,0.0,14400.0,142485.0,14400.0,10,0,0,0,0.0,0.0,12835.46798,12835.46798
1563,M-1810,item:268091,11012.621806,12835.46798,0.0,203550.0,finite,0.0,lot_campaign_blocked,,11012.621806,12835.46798,min_max,0.0,14400.0,142485.0,14400.0,10,0,0,0,0.0,0.0,12835.46798,12835.46798
1564,M-1810,item:268091,11909.708035,12835.46798,0.0,203550.0,finite,0.0,lot_campaign_blocked,,11909.708035,12835.46798,min_max,0.0,14400.0,142485.0,14400.0,10,0,0,0,0.0,0.0,12835.46798,12835.46798
1565,M-1810,item:268091,12806.855893,12835.46798,0.0,203550.0,finite,0.0,lot_campaign_blocked,,12806.855893,12835.46798,min_max,0.0,14400.0,142485.0,14400.0,10,0,0,0,0.0,0.0,12835.46798,12835.46798
1566,M-1810,item:268091,12506.546689,12835.46798,0.0,203550.0,finite,0.0,lot_campaign_blocked,,12506.546689,12835.46798,min_max,0.0,14400.0,142485.0,14400.0,10,0,0,0,0.0,0.0,12835.46798,12835.46798
1567,M-1810,item:268091,11966.746072,12835.46798,0.0,203550.0,finite,0.0,lot_campaign_blocked,,11966.746072,12835.46798,min_max,0.0,14400.0,142485.0,14400.0,10,0,0,0,0.0,0.0,12835.46798,12835.46798
1568,M-1810,item:268091,11379.047173,12835.46798,0.0,203550.0,finite,0.0,lot_campaign_blocked,,11379.047173,12835.46798,min_max,0.0,14400.0,142485.0,14400.0,10,0,0,0,0.0,0.0,12835.46798,12835.46798
1569,M-1810,item:268091,10781.768618,12835.46798,0.0,203550.0,finite,0.0,lot_campaign_blocked,,10781.768618,12835.46798,min_max,0.0,14400.0,142485.0,14400.0,10,0,0,0,0.0,0.0,12835.46798,12835.46798
1570,M-1810,item:268091,10182.574132,12835.46798,0.0,203550.0,finite,0.0,lot_campaign_blocked,,10182.574132,12835.46798,min_max,0.0,14400.0,142485.0,14400.0,10,0,0,0,0.0,0.0,12835.46798,12835.46798
1571,M-1810,item:268091,9582.996459,12835.46798,0.0,203550.0,finite,0.0,lot_campaign_blocked,,9582.996459,12835.46798,min_max,0.0,14400.0,142485.0,14400.0,10,0,0,0,0.0,0.0,12835.46798,12835.46798
1572,M-1810,item:268091,8983.342149,12835.46798,0.0,203550.0,finite,0.0,lot_campaign_blocked,,8983.342149,12835.46798,min_max,0.0,14400.0,142485.0,14400.0,10,0,0,0,0.0,0.0,12835.46798,12835.46798
1573,M-1810,item:268091,8341.974552,12835.46798,0.0,203550.0,finite,0.0,lot_campaign_blocked,,8341.974552,12835.46798,min_max,0.0,14400.0,142485.0,14400.0,10,0,0,0,0.0,0.0,12835.46798,12835.46798
1574,M-1810,item:268091,7692.264298,12835.46798,0.0,203550.0,finite,0.0,lot_campaign_blocked,,7692.264298,12835.46798,min_max,0.0,14400.0,142485.0,14400.0,10,0,0,0,0.0,0.0,12835.46798,12835.46798
1575,M-1810,item:268091,7040.885512,12835.46798,0.0,203550.0,finite,0.0,lot_campaign_blocked,,7040.885512,12835.46798,min_max,0.0,14400.0,142485.0,14400.0,10,0,0,0,0.0,0.0,12835.46798,12835.46798
1576,M-1810,item:268091,6389.173021,12835.46798,0.0,203550.0,finite,0.0,lot_campaign_blocked,,6389.173021,12835.46798,min_max,0.0,14400.0,142485.0,14400.0,10,0,0,0,0.0,0.0,12835.46798,12835.46798
1577,M-1810,item:268091,5737.393788,12835.46798,0.0,203550.0,finite,0.0,lot_campaign_blocked,,5737.393788,12835.46798,min_max,0.0,14400.0,142485.0,14400.0,10,0,0,0,0.0,0.0,12835.46798,12835.46798
1578,M-1810,item:268091,5085.601207,12835.46798,0.0,203550.0,finite,0.0,lot_campaign_blocked,,5085.601207,12835.46798,min_max,0.0,14400.0,142485.0,14400.0,10,0,0,0,0.0,0.0,12835.46798,12835.46798
1579,M-1810,item:268091,4433.805956,12835.46798,0.0,203550.0,finite,0.0,lot_campaign_blocked,,4433.805956,12835.46798,min_max,0.0,14400.0,142485.0,14400.0,10,0,0,0,0.0,0.0,12835.46798,12835.46798
1580,M-1810,item:268091,4326.499967,12835.46798,0.0,203550.0,finite,0.0,lot_campaign_blocked,,4326.499967,12835.46798,min_max,0.0,14400.0,142485.0,14400.0,10,0,0,0,0.0,0.0,12835.46798,12835.46798
1581,M-1810,item:268091,4328.09183,12835.46798,0.0,203550.0,finite,0.0,lot_campaign_blocked,,4328.09183,12835.46798,min_max,0.0,14400.0,142485.0,14400.0,10,0,0,0,0.0,0.0,12835.46798,12835.46798
1582,M-1810,item:268091,4351.463264,12835.46798,0.0,203550.0,finite,0.0,lot_campaign_blocked,,4351.463264,12835.46798,min_max,0.0,14400.0,142485.0,14400.0,10,0,0,0,0.0,0.0,12835.46798,12835.46798
1583,M-1810,item:268091,4379.190612,12835.46798,0.0,203550.0,finite,0.0,lot_campaign_blocked,,4379.190612,12835.46798,min_max,0.0,14400.0,142485.0,14400.0,10,0,0,0,0.0,0.0,12835.46798,12835.46798
1584,M-1810,item:268091,4407.789143,12835.46798,0.0,203550.0,finite,0.0,lot_campaign_blocked,,4407.789143,12835.46798,min_max,0.0,14400.0,142485.0,14400.0,10,0,0,0,0.0,0.0,12835.46798,12835.46798
1585,M-1810,item:268091,4436.561911,12835.46798,0.0,203550.0,finite,0.0,lot_campaign_blocked,,4436.561911,12835.46798,min_max,0.0,14400.0,142485.0,14400.0,10,0,0,0,0.0,0.0,12835.46798,12835.46798
1586,M-1810,item:268091,4465.369525,12835.46798,0.0,203550.0,finite,0.0,lot_campaign_blocked,,4465.369525,12835.46798,min_max,0.0,14400.0,142485.0,14400.0,10,0,0,0,0.0,0.0,12835.46798,12835.46798
1587,M-1810,item:268091,5137.906558,12835.46798,0.0,203550.0,finite,0.0,lot_campaign_blocked,,5137.906558,12835.46798,min_max,0.0,14400.0,142485.0,14400.0,10,0,0,0,0.0,0.0,12835.46798,12835.46798
1588,M-1810,item:268091,5939.189475,12835.46798,0.0,203550.0,finite,0.0,lot_campaign_blocked,,5939.189475,12835.46798,min_max,0.0,14400.0,142485.0,14400.0,10,0,0,0,0.0,0.0,12835.46798,12835.46798
1589,M-1810,item:268091,6766.221569,12835.46798,0.0,203550.0,finite,0.0,lot_campaign_blocked,,6766.221569,12835.46798,min_max,0.0,14400.0,142485.0,14400.0,10,0,0,0,0.0,0.0,12835.46798,12835.46798
1590,M-1810,item:268091,7598.403498,12835.46798,0.0,203550.0,finite,0.0,lot_campaign_blocked,,7598.403498,12835.46798,min_max,0.0,14400.0,142485.0,14400.0,10,0,0,0,0.0,0.0,12835.46798,12835.46798
1591,M-1810,item:268091,8431.615394,12835.46798,0.0,203550.0,finite,0.0,lot_campaign_blocked,,8431.615394,12835.46798,min_max,0.0,14400.0,142485.0,14400.0,10,0,0,0,0.0,0.0,12835.46798,12835.46798
1592,M-1810,item:268091,9265.033283,12835.46798,0.0,203550.0,finite,0.0,lot_campaign_blocked,,9265.033283,12835.46798,min_max,0.0,14400.0,142485.0,14400.0,10,0,0,0,0.0,0.0,12835.46798,12835.46798
1593,M-1810,item:268091,10098.492371,12835.46798,0.0,203550.0,finite,0.0,lot_campaign_blocked,,10098.492371,12835.46798,min_max,0.0,14400.0,142485.0,14400.0,10,0,0,0,0.0,0.0,12835.46798,12835.46798
1594,M-1810,item:268091,10267.453576,12835.46798,0.0,203550.0,finite,0.0,lot_campaign_blocked,,10267.453576,12835.46798,min_max,0.0,14400.0,142485.0,14400.0,10,0,0,0,0.0,0.0,12835.46798,12835.46798
1595,M-1810,item:268091,10303.515205,12835.46798,0.0,203550.0,finite,0.0,lot_campaign_blocked,,10303.515205,12835.46798,min_max,0.0,14400.0,142485.0,14400.0,10,0,0,0,0.0,0.0,12835.46798,12835.46798
1596,M-1810,item:268091,10312.996919,12835.46798,0.0,203550.0,finite,0.0,lot_campaign_blocked,,10312.996919,12835.46798,min_max,0.0,14400.0,142485.0,14400.0,10,0,0,0,0.0,0.0,12835.46798,12835.46798
1597,M-1810,item:268091,10317.162649,12835.46798,0.0,203550.0,finite,0.0,lot_campaign_blocked,,10317.162649,12835.46798,min_max,0.0,14400.0,142485.0,14400.0,10,0,0,0,0.0,0.0,12835.46798,12835.46798
1598,M-1810,item:268091,10320.265183,12835.46798,0.0,203550.0,finite,0.0,lot_campaign_blocked,,10320.265183,12835.46798,min_max,0.0,14400.0,142485.0,14400.0,10,0,0,0,0.0,0.0,12835.46798,12835.46798
1599,M-1810,item:268091,10323.155078,12835.46798,0.0,203550.0,finite,0.0,lot_campaign_blocked,,10323.155078,12835.46798,min_max,0.0,14400.0,142485.0,14400.0,10,0,0,0,0.0,0.0,12835.46798,12835.46798
1600,M-1810,item:268091,10326.002444,12835.46798,0.0,203550.0,finite,0.0,lot_campaign_blocked,,10326.002444,12835.46798,min_max,0.0,14400.0,142485.0,14400.0,10,0,0,0,0.0,0.0,12835.46798,12835.46798
1601,M-1810,item:268091,10416.433142,12835.46798,0.0,203550.0,finite,0.0,lot_campaign_blocked,,10416.433142,12835.46798,min_max,0.0,14400.0,142485.0,14400.0,10,0,0,0,0.0,0.0,12835.46798,12835.46798
1602,M-1810,item:268091,10524.380506,12835.46798,0.0,203550.0,finite,0.0,lot_campaign_blocked,,10524.380506,12835.46798,min_max,0.0,14400.0,142485.0,14400.0,10,0,0,0,0.0,0.0,12835.46798,12835.46798
1603,M-1810,item:268091,10635.831203,12835.46798,0.0,203550.0,finite,0.0,lot_campaign_blocked,,10635.831203,12835.46798,min_max,0.0,14400.0,142485.0,14400.0,10,0,0,0,0.0,0.0,12835.46798,12835.46798
1604,M-1810,item:268091,10747.982567,12835.46798,0.0,203550.0,finite,0.0,lot_campaign_blocked,,10747.982567,12835.46798,min_max,0.0,14400.0,142485.0,14400.0,10,0,0,0,0.0,0.0,12835.46798,12835.46798
1605,M-1810,item:268091,10860.274065,12835.46798,0.0,203550.0,finite,0.0,lot_campaign_blocked,,10860.274065,12835.46798,min_max,0.0,14400.0,142485.0,14400.0,10,0,0,0,0.0,0.0,12835.46798,12835.46798
1606,M-1810,item:268091,10972.593588,12835.46798,0.0,203550.0,finite,0.0,lot_campaign_blocked,,10972.593588,12835.46798,min_max,0.0,14400.0,142485.0,14400.0,10,0,0,0,0.0,0.0,12835.46798,12835.46798
1607,M-1810,item:268091,11084.918718,12835.46798,0.0,203550.0,finite,0.0,lot_campaign_blocked,,11084.918718,12835.46798,min_max,0.0,14400.0,142485.0,14400.0,10,0,0,0,0.0,0.0,12835.46798,12835.46798
1608,M-1810,item:268091,10893.604152,12835.46798,0.0,203550.0,finite,0.0,lot_campaign_blocked,,10893.604152,12835.46798,min_max,0.0,14400.0,142485.0,14400.0,10,0,0,0,0.0,0.0,12835.46798,12835.46798
1609,M-1810,item:268091,10641.561647,12835.46798,0.0,203550.0,finite,0.0,lot_campaign_blocked,,10641.561647,12835.46798,min_max,0.0,14400.0,142485.0,14400.0,10,0,0,0,0.0,0.0,12835.46798,12835.46798
1610,M-1810,item:268091,10377.373554,12835.46798,0.0,203550.0,finite,0.0,lot_campaign_blocked,,10377.373554,12835.46798,min_max,0.0,14400.0,142485.0,14400.0,10,0,0,0,0.0,0.0,12835.46798,12835.46798
1611,M-1810,item:268091,10110.756343,12835.46798,0.0,203550.0,finite,0.0,lot_campaign_blocked,,10110.756343,12835.46798,min_max,0.0,14400.0,142485.0,14400.0,10,0,0,0,0.0,0.0,12835.46798,12835.46798
1612,M-1810,item:268091,9843.653309,12835.46798,0.0,203550.0,finite,0.0,lot_campaign_blocked,,9843.653309,12835.46798,min_max,0.0,14400.0,142485.0,14400.0,10,0,0,0,0.0,0.0,12835.46798,12835.46798
1613,M-1810,item:268091,9576.453111,12835.46798,0.0,203550.0,finite,0.0,lot_campaign_blocked,,9576.453111,12835.46798,min_max,0.0,14400.0,142485.0,14400.0,10,0,0,0,0.0,0.0,12835.46798,12835.46798
1614,M-1810,item:268091,9309.233479,12835.46798,0.0,203550.0,finite,0.0,lot_campaign_blocked,,9309.233479,12835.46798,min_max,0.0,14400.0,142485.0,14400.0,10,0,0,0,0.0,0.0,12835.46798,12835.46798
1615,M-1810,item:268091,8994.581389,12835.46798,0.0,203550.0,finite,0.0,lot_campaign_blocked,,8994.581389,12835.46798,min_max,0.0,14400.0,142485.0,14400.0,10,0,0,0,0.0,0.0,12835.46798,12835.46798
1616,M-1810,item:268091,8670.442808,12835.46798,0.0,203550.0,finite,0.0,lot_campaign_blocked,,8670.442808,12835.46798,min_max,0.0,14400.0,142485.0,14400.0,10,0,0,0,0.0,0.0,12835.46798,12835.46798
1617,M-1810,item:268091,8344.406929,12835.46798,0.0,203550.0,finite,0.0,lot_campaign_blocked,,8344.406929,12835.46798,min_max,0.0,14400.0,142485.0,14400.0,10,0,0,0,0.0,0.0,12835.46798,12835.46798
1618,M-1810,item:268091,8017.99159,12835.46798,0.0,203550.0,finite,0.0,lot_campaign_blocked,,8017.99159,12835.46798,min_max,0.0,14400.0,142485.0,14400.0,10,0,0,0,0.0,0.0,12835.46798,12835.46798
1619,M-1810,item:268091,7691.500359,12835.46798,0.0,203550.0,finite,0.0,lot_campaign_blocked,,7691.500359,12835.46798,min_max,0.0,14400.0,142485.0,14400.0,10,0,0,0,0.0,0.0,12835.46798,12835.46798
1620,M-1810,item:268091,7364.993949,12835.46798,0.0,203550.0,finite,0.0,lot_campaign_blocked,,7364.993949,12835.46798,min_max,0.0,14400.0,142485.0,14400.0,10,0,0,0,0.0,0.0,12835.46798,12835.46798
1621,M-1810,item:268091,7038.484504,12835.46798,0.0,203550.0,finite,0.0,lot_campaign_blocked,,7038.484504,12835.46798,min_max,0.0,14400.0,142485.0,14400.0,10,0,0,0,0.0,0.0,12835.46798,12835.46798
1622,M-1810,item:268091,7421.558125,12835.46798,0.0,203550.0,finite,0.0,lot_campaign_blocked,,7421.558125,12835.46798,min_max,0.0,14400.0,142485.0,14400.0,10,0,0,0,0.0,0.0,12835.46798,12835.46798
1623,M-1430,item:268967,6980.914286,107800.0,107800.0,154000.0,finite,2292250.0,none,,0.0,0.0,fixed,107800.0,107800.0,107800.0,0.0,10,1,1,1,107800.0,107800.0,107800.0,0.0
1623,M-1810,item:268091,7946.54836,12835.46798,0.0,203550.0,finite,0.0,lot_campaign_blocked,,7946.54836,12835.46798,min_max,0.0,14400.0,142485.0,14400.0,10,0,0,0,0.0,0.0,12835.46798,12835.46798
1624,M-1430,item:268967,10770.697143,107800.0,107800.0,154000.0,finite,2184450.0,none,,0.0,0.0,fixed,107800.0,107800.0,107800.0,0.0,10,1,1,1,107800.0,107800.0,107800.0,0.0
1624,M-1810,item:268091,8499.921917,12835.46798,0.0,203550.0,finite,0.0,lot_campaign_blocked,,8499.921917,12835.46798,min_max,0.0,14400.0,142485.0,14400.0,10,0,0,0,0.0,0.0,12835.46798,12835.46798
1625,M-1430,item:268967,13922.253714,107800.0,107800.0,154000.0,finite,2076650.0,none,,0.0,0.0,fixed,107800.0,107800.0,107800.0,0.0,10,2,1,1,107800.0,107800.0,107800.0,0.0
1625,M-1810,item:268091,9058.972138,12835.46798,0.0,203550.0,finite,0.0,lot_campaign_blocked,,9058.972138,12835.46798,min_max,0.0,14400.0,142485.0,14400.0,10,0,0,0,0.0,0.0,12835.46798,12835.46798
1626,M-1430,item:268967,16946.165028,107800.0,107800.0,154000.0,finite,1968850.0,none,,0.0,0.0,fixed,107800.0,107800.0,107800.0,0.0,10,3,1,1,107800.0,107800.0,107800.0,0.0
1626,M-1810,item:268091,9619.157693,12835.46798,0.0,203550.0,finite,0.0,lot_campaign_blocked,,9619.157693,12835.46798,min_max,0.0,14400.0,142485.0,14400.0,10,0,0,0,0.0,0.0,12835.46798,12835.46798
1626,SDC-1450,item:773474,1853031.8576,3200000.0,3200000.0,0.0,unmodeled,201802684.563758,none,,0.0,0.0,fixed,3200000.0,0.0,0.0,0.0,10,1,1,1,3200000.0,3200000.0,3200000.0,0.0
1627,M-1430,item:268967,19944.547291,107800.0,107800.0,154000.0,finite,1861050.0,none,,0.0,0.0,fixed,107800.0,107800.0,107800.0,0.0,10,4,1,1,107800.0,107800.0,107800.0,0.0
1627,M-1810,item:268091,10179.570314,12835.46798,0.0,203550.0,finite,0.0,lot_campaign_blocked,,10179.570314,12835.46798,min_max,0.0,14400.0,142485.0,14400.0,10,0,0,0,0.0,0.0,12835.46798,12835.46798
1628,M-1430,item:268967,22937.823744,107800.0,107800.0,154000.0,finite,1753250.0,none,,0.0,0.0,fixed,107800.0,107800.0,107800.0,0.0,10,5,1,1,107800.0,107800.0,107800.0,0.0
1628,M-1810,item:268091,10740.028348,12835.46798,0.0,203550.0,finite,0.0,lot_campaign_blocked,,10740.028348,12835.46798,min_max,0.0,14400.0,142485.0,14400.0,10,0,0,0,0.0,0.0,12835.46798,12835.46798
1629,M-1430,item:268967,20945.638218,107800.0,107800.0,154000.0,finite,1645450.0,none,,0.0,0.0,fixed,107800.0,107800.0,107800.0,0.0,10,6,1,1,107800.0,107800.0,107800.0,0.0
1629,M-1810,item:268091,11141.524037,12835.46798,0.0,203550.0,finite,0.0,lot_campaign_blocked,,11141.524037,12835.46798,min_max,0.0,14400.0,142485.0,14400.0,10,0,0,0,0.0,0.0,12835.46798,12835.46798
1629,SDC-1450,item:773474,1837499.0576,3200000.0,3200000.0,0.0,unmodeled,198602684.563758,none,,0.0,0.0,fixed,3200000.0,0.0,0.0,0.0,10,2,1,1,3200000.0,3200000.0,3200000.0,0.0
1630,M-1430,item:268967,17956.360297,107800.0,107800.0,154000.0,finite,1537650.0,none,,0.0,0.0,fixed,107800.0,107800.0,107800.0,0.0,10,7,1,1,107800.0,107800.0,107800.0,0.0
1630,M-1810,item:268091,11511.227256,12835.46798,0.0,203550.0,finite,0.0,lot_campaign_blocked,,11511.227256,12835.46798,min_max,0.0,14400.0,142485.0,14400.0,10,0,0,0,0.0,0.0,12835.46798,12835.46798
1631,M-1810,item:268091,11874.571982,12835.46798,0.0,203550.0,finite,0.0,lot_campaign_blocked,,11874.571982,12835.46798,min_max,0.0,14400.0,142485.0,14400.0,10,0,0,0,0.0,0.0,12835.46798,12835.46798
1632,M-1810,item:268091,12236.645008,12835.46798,0.0,203550.0,finite,0.0,lot_campaign_blocked,,12236.645008,12835.46798,min_max,0.0,14400.0,142485.0,14400.0,10,0,0,0,0.0,0.0,12835.46798,12835.46798
1633,M-1810,item:268091,12598.463695,12835.46798,0.0,203550.0,finite,0.0,lot_campaign_blocked,,12598.463695,12835.46798,min_max,0.0,14400.0,142485.0,14400.0,10,0,0,0,0.0,0.0,12835.46798,12835.46798
1634,M-1810,item:268091,12960.231514,12835.46798,0.0,203550.0,finite,0.0,lot_campaign_blocked,,12960.231514,12835.46798,min_max,0.0,14400.0,142485.0,14400.0,10,0,0,0,0.0,0.0,12835.46798,12835.46798
1635,M-1810,item:268091,13321.98916,12835.46798,0.0,203550.0,finite,0.0,lot_campaign_blocked,,13321.98916,12835.46798,min_max,0.0,14400.0,142485.0,14400.0,10,0,0,0,0.0,0.0,12835.46798,12835.46798
1636,M-1810,item:268091,12874.471301,12835.46798,0.0,203550.0,finite,0.0,lot_campaign_blocked,,12874.471301,12835.46798,min_max,0.0,14400.0,142485.0,14400.0,10,0,0,0,0.0,0.0,12835.46798,12835.46798
1637,M-1810,item:268091,12265.098342,12835.46798,0.0,203550.0,finite,0.0,lot_campaign_blocked,,12265.098342,12835.46798,min_max,0.0,14400.0,142485.0,14400.0,10,0,0,0,0.0,0.0,12835.46798,12835.46798
1638,M-1810,item:268091,11623.354362,12835.46798,0.0,203550.0,finite,0.0,lot_campaign_blocked,,11623.354362,12835.46798,min_max,0.0,14400.0,142485.0,14400.0,10,0,0,0,0.0,0.0,12835.46798,12835.46798
1639,M-1810,item:268091,10975.136179,12835.46798,0.0,203550.0,finite,0.0,lot_campaign_blocked,,10975.136179,12835.46798,min_max,0.0,14400.0,142485.0,14400.0,10,0,0,0,0.0,0.0,12835.46798,12835.46798
1640,M-1810,item:268091,10325.623154,12835.46798,0.0,203550.0,finite,0.0,lot_campaign_blocked,,10325.623154,12835.46798,min_max,0.0,14400.0,142485.0,14400.0,10,0,0,0,0.0,0.0,12835.46798,12835.46798
1641,M-1810,item:268091,9675.851162,12835.46798,0.0,203550.0,finite,0.0,lot_campaign_blocked,,9675.851162,12835.46798,min_max,0.0,14400.0,142485.0,14400.0,10,0,0,0,0.0,0.0,12835.46798,12835.46798
1642,M-1810,item:268091,9026.027376,12835.46798,0.0,203550.0,finite,0.0,lot_campaign_blocked,,9026.027376,12835.46798,min_max,0.0,14400.0,142485.0,14400.0,10,0,0,0,0.0,0.0,12835.46798,12835.46798
1643,M-1810,item:268091,9086.936088,12835.46798,0.0,203550.0,finite,0.0,lot_campaign_blocked,,9086.936088,12835.46798,min_max,0.0,14400.0,142485.0,14400.0,10,0,0,0,0.0,0.0,12835.46798,12835.46798
1644,M-1810,item:268091,9289.991299,12835.46798,0.0,203550.0,finite,0.0,lot_campaign_blocked,,9289.991299,12835.46798,min_max,0.0,14400.0,142485.0,14400.0,10,0,0,0,0.0,0.0,12835.46798,12835.46798
1645,M-1810,item:268091,9521.475811,12835.46798,0.0,203550.0,finite,0.0,lot_campaign_blocked,,9521.475811,12835.46798,min_max,0.0,14400.0,142485.0,14400.0,10,0,0,0,0.0,0.0,12835.46798,12835.46798
1646,M-1810,item:268091,9758.646183,12835.46798,0.0,203550.0,finite,0.0,lot_campaign_blocked,,9758.646183,12835.46798,min_max,0.0,14400.0,142485.0,14400.0,10,0,0,0,0.0,0.0,12835.46798,12835.46798
1647,M-1810,item:268091,9996.953727,12835.46798,0.0,203550.0,finite,0.0,lot_campaign_blocked,,9996.953727,12835.46798,min_max,0.0,14400.0,142485.0,14400.0,10,0,0,0,0.0,0.0,12835.46798,12835.46798
1648,M-1810,item:268091,10235.488705,12835.46798,0.0,203550.0,finite,0.0,lot_campaign_blocked,,10235.488705,12835.46798,min_max,0.0,14400.0,142485.0,14400.0,10,0,0,0,0.0,0.0,12835.46798,12835.46798
1649,M-1810,item:268091,10474.06917,12835.46798,0.0,203550.0,finite,0.0,lot_campaign_blocked,,10474.06917,12835.46798,min_max,0.0,14400.0,142485.0,14400.0,10,0,0,0,0.0,0.0,12835.46798,12835.46798
1650,M-1810,item:268091,10141.164855,12835.46798,0.0,203550.0,finite,0.0,lot_campaign_blocked,,10141.164855,12835.46798,min_max,0.0,14400.0,142485.0,14400.0,10,0,0,0,0.0,0.0,12835.46798,12835.46798
1651,M-1810,item:268091,9693.963583,12835.46798,0.0,203550.0,finite,0.0,lot_campaign_blocked,,9693.963583,12835.46798,min_max,0.0,14400.0,142485.0,14400.0,10,0,0,0,0.0,0.0,12835.46798,12835.46798
1652,M-1810,item:268091,9223.902921,12835.46798,0.0,203550.0,finite,0.0,lot_campaign_blocked,,9223.902921,12835.46798,min_max,0.0,14400.0,142485.0,14400.0,10,0,0,0,0.0,0.0,12835.46798,12835.46798
1653,M-1810,item:268091,8749.27038,12835.46798,0.0,203550.0,finite,0.0,lot_campaign_blocked,,8749.27038,12835.46798,min_max,0.0,14400.0,142485.0,14400.0,10,0,0,0,0.0,0.0,12835.46798,12835.46798
1654,M-1810,item:268091,8273.723464,12835.46798,0.0,203550.0,finite,0.0,lot_campaign_blocked,,8273.723464,12835.46798,min_max,0.0,14400.0,142485.0,14400.0,10,0,0,0,0.0,0.0,12835.46798,12835.46798
1655,M-1810,item:268091,7797.993672,12835.46798,0.0,203550.0,finite,0.0,lot_campaign_blocked,,7797.993672,12835.46798,min_max,0.0,14400.0,142485.0,14400.0,10,0,0,0,0.0,0.0,12835.46798,12835.46798
1656,M-1810,item:268091,7322.227306,12835.46798,0.0,203550.0,finite,0.0,lot_campaign_blocked,,7322.227306,12835.46798,min_max,0.0,14400.0,142485.0,14400.0,10,0,0,0,0.0,0.0,12835.46798,12835.46798
1657,M-1810,item:268091,7990.959747,12835.46798,0.0,203550.0,finite,0.0,lot_campaign_blocked,,7990.959747,12835.46798,min_max,0.0,14400.0,142485.0,14400.0,10,0,0,0,0.0,0.0,12835.46798,12835.46798
1658,M-1810,item:268091,8888.591949,12835.46798,0.0,203550.0,finite,0.0,lot_campaign_blocked,,8888.591949,12835.46798,min_max,0.0,14400.0,142485.0,14400.0,10,0,0,0,0.0,0.0,12835.46798,12835.46798
1659,M-1810,item:268091,9832.004104,12835.46798,0.0,203550.0,finite,0.0,lot_campaign_blocked,,9832.004104,12835.46798,min_max,0.0,14400.0,142485.0,14400.0,10,0,0,0,0.0,0.0,12835.46798,12835.46798
1660,M-1810,item:268091,10784.572249,12835.46798,0.0,203550.0,finite,0.0,lot_campaign_blocked,,10784.572249,12835.46798,min_max,0.0,14400.0,142485.0,14400.0,10,0,0,0,0.0,0.0,12835.46798,12835.46798
1661,M-1810,item:268091,11738.971592,12835.46798,0.0,203550.0,finite,0.0,lot_campaign_blocked,,11738.971592,12835.46798,min_max,0.0,14400.0,142485.0,14400.0,10,0,0,0,0.0,0.0,12835.46798,12835.46798
1662,M-1810,item:268091,12693.737175,12835.46798,0.0,203550.0,finite,0.0,lot_campaign_blocked,,12693.737175,12835.46798,min_max,0.0,14400.0,142485.0,14400.0,10,0,0,0,0.0,0.0,12835.46798,12835.46798
1663,M-1810,item:268091,13648.576006,12835.46798,0.0,203550.0,finite,0.0,lot_campaign_blocked,,13648.576006,12835.46798,min_max,0.0,14400.0,142485.0,14400.0,10,0,0,0,0.0,0.0,12835.46798,12835.46798
1664,M-1810,item:268091,13131.004997,12835.46798,0.0,203550.0,finite,0.0,lot_campaign_blocked,,13131.004997,12835.46798,min_max,0.0,14400.0,142485.0,14400.0,10,0,0,0,0.0,0.0,12835.46798,12835.46798
1665,M-1810,item:268091,12318.95202,12835.46798,0.0,203550.0,finite,0.0,lot_campaign_blocked,,12318.95202,12835.46798,min_max,0.0,14400.0,142485.0,14400.0,10,0,0,0,0.0,0.0,12835.46798,12835.46798
1666,M-1810,item:268091,11448.002649,12835.46798,0.0,203550.0,finite,0.0,lot_campaign_blocked,,11448.002649,12835.46798,min_max,0.0,14400.0,142485.0,14400.0,10,0,0,0,0.0,0.0,12835.46798,12835.46798
1667,M-1810,item:268091,10565.273999,12835.46798,0.0,203550.0,finite,0.0,lot_campaign_blocked,,10565.273999,12835.46798,min_max,0.0,14400.0,142485.0,14400.0,10,0,0,0,0.0,0.0,12835.46798,12835.46798
1668,M-1810,item:268091,9680.189494,12835.46798,0.0,203550.0,finite,0.0,lot_campaign_blocked,,9680.189494,12835.46798,min_max,0.0,14400.0,142485.0,14400.0,10,0,0,0,0.0,0.0,12835.46798,12835.46798
1669,M-1810,item:268091,8794.633817,12835.46798,0.0,203550.0,finite,0.0,lot_campaign_blocked,,8794.633817,12835.46798,min_max,0.0,14400.0,142485.0,14400.0,10,0,0,0,0.0,0.0,12835.46798,12835.46798
1670,M-1810,item:268091,7908.983907,12835.46798,0.0,203550.0,finite,0.0,lot_campaign_blocked,,7908.983907,12835.46798,min_max,0.0,14400.0,142485.0,14400.0,10,0,0,0,0.0,0.0,12835.46798,12835.46798
1671,M-1810,item:268091,7306.74372,12835.46798,0.0,203550.0,finite,0.0,lot_campaign_blocked,,7306.74372,12835.46798,min_max,0.0,14400.0,142485.0,14400.0,10,0,0,0,0.0,0.0,12835.46798,12835.46798
1672,M-1810,item:268091,6761.185479,12835.46798,0.0,203550.0,finite,0.0,lot_campaign_blocked,,6761.185479,12835.46798,min_max,0.0,14400.0,142485.0,14400.0,10,0,0,0,0.0,0.0,12835.46798,12835.46798
1673,M-1810,item:268091,6226.963627,12835.46798,0.0,203550.0,finite,0.0,lot_campaign_blocked,,6226.963627,12835.46798,min_max,0.0,14400.0,142485.0,14400.0,10,0,0,0,0.0,0.0,12835.46798,12835.46798
1674,M-1810,item:268091,5695.009052,12835.46798,0.0,203550.0,finite,0.0,lot_campaign_blocked,,5695.009052,12835.46798,min_max,0.0,14400.0,142485.0,14400.0,10,0,0,0,0.0,0.0,12835.46798,12835.46798
1675,M-1810,item:268091,5163.507933,12835.46798,0.0,203550.0,finite,0.0,lot_campaign_blocked,,5163.507933,12835.46798,min_max,0.0,14400.0,142485.0,14400.0,10,0,0,0,0.0,0.0,12835.46798,12835.46798
1676,M-1810,item:268091,4632.097505,12835.46798,0.0,203550.0,finite,0.0,lot_campaign_blocked,,4632.097505,12835.46798,min_max,0.0,14400.0,142485.0,14400.0,10,0,0,0,0.0,0.0,12835.46798,12835.46798
1677,M-1810,item:268091,4100.705215,12835.46798,0.0,203550.0,finite,0.0,lot_campaign_blocked,,4100.705215,12835.46798,min_max,0.0,14400.0,142485.0,14400.0,10,0,0,0,0.0,0.0,12835.46798,12835.46798
1678,M-1810,item:268091,4126.0839,12835.46798,0.0,203550.0,finite,0.0,lot_campaign_blocked,,4126.0839,12835.46798,min_max,0.0,14400.0,142485.0,14400.0,10,0,0,0,0.0,0.0,12835.46798,12835.46798
1679,M-1810,item:268091,4262.81678,12835.46798,0.0,203550.0,finite,0.0,lot_campaign_blocked,,4262.81678,12835.46798,min_max,0.0,14400.0,142485.0,14400.0,10,0,0,0,0.0,0.0,12835.46798,12835.46798
1680,M-1810,item:268091,4421.820499,12835.46798,0.0,203550.0,finite,0.0,lot_campaign_blocked,,4421.820499,12835.46798,min_max,0.0,14400.0,142485.0,14400.0,10,0,0,0,0.0,0.0,12835.46798,12835.46798
1681,M-1810,item:268091,4585.278386,12835.46798,0.0,203550.0,finite,0.0,lot_campaign_blocked,,4585.278386,12835.46798,min_max,0.0,14400.0,142485.0,14400.0,10,0,0,0,0.0,0.0,12835.46798,12835.46798
1682,M-1810,item:268091,4749.627106,12835.46798,0.0,203550.0,finite,0.0,lot_campaign_blocked,,4749.627106,12835.46798,min_max,0.0,14400.0,142485.0,14400.0,10,0,0,0,0.0,0.0,12835.46798,12835.46798
1683,M-1810,item:268091,4914.153993,12835.46798,0.0,203550.0,finite,0.0,lot_campaign_blocked,,4914.153993,12835.46798,min_max,0.0,14400.0,142485.0,14400.0,10,0,0,0,0.0,0.0,12835.46798,12835.46798
1684,M-1810,item:268091,5078.716513,12835.46798,0.0,203550.0,finite,0.0,lot_campaign_blocked,,5078.716513,12835.46798,min_max,0.0,14400.0,142485.0,14400.0,10,0,0,0,0.0,0.0,12835.46798,12835.46798
1685,M-1810,item:268091,5133.490241,12835.46798,0.0,203550.0,finite,0.0,lot_campaign_blocked,,5133.490241,12835.46798,min_max,0.0,14400.0,142485.0,14400.0,10,0,0,0,0.0,0.0,12835.46798,12835.46798
1686,M-1810,item:268091,5166.306212,12835.46798,0.0,203550.0,finite,0.0,lot_campaign_blocked,,5166.306212,12835.46798,min_max,0.0,14400.0,142485.0,14400.0,10,0,0,0,0.0,0.0,12835.46798,12835.46798
1687,M-1810,item:268091,5194.73063,12835.46798,0.0,203550.0,finite,0.0,lot_campaign_blocked,,5194.73063,12835.46798,min_max,0.0,14400.0,142485.0,14400.0,10,0,0,0,0.0,0.0,12835.46798,12835.46798
1688,M-1810,item:268091,5222.276738,12835.46798,0.0,203550.0,finite,0.0,lot_campaign_blocked,,5222.276738,12835.46798,min_max,0.0,14400.0,142485.0,14400.0,10,0,0,0,0.0,0.0,12835.46798,12835.46798
1689,M-1810,item:268091,5249.647184,12835.46798,0.0,203550.0,finite,0.0,lot_campaign_blocked,,5249.647184,12835.46798,min_max,0.0,14400.0,142485.0,14400.0,10,0,0,0,0.0,0.0,12835.46798,12835.46798
1690,M-1810,item:268091,5276.982498,12835.46798,0.0,203550.0,finite,0.0,lot_campaign_blocked,,5276.982498,12835.46798,min_max,0.0,14400.0,142485.0,14400.0,10,0,0,0,0.0,0.0,12835.46798,12835.46798
1691,M-1810,item:268091,5304.310785,12835.46798,0.0,203550.0,finite,0.0,lot_campaign_blocked,,5304.310785,12835.46798,min_max,0.0,14400.0,142485.0,14400.0,10,0,0,0,0.0,0.0,12835.46798,12835.46798
1692,M-1810,item:268091,5991.572361,12835.46798,0.0,203550.0,finite,0.0,lot_campaign_blocked,,5991.572361,12835.46798,min_max,0.0,14400.0,142485.0,14400.0,10,0,0,0,0.0,0.0,12835.46798,12835.46798
1693,M-1810,item:268091,6810.820595,12835.46798,0.0,203550.0,finite,0.0,lot_campaign_blocked,,6810.820595,12835.46798,min_max,0.0,14400.0,142485.0,14400.0,10,0,0,0,0.0,0.0,12835.46798,12835.46798
1694,M-1810,item:268091,7656.46616,12835.46798,0.0,203550.0,finite,0.0,lot_campaign_blocked,,7656.46616,12835.46798,min_max,0.0,14400.0,142485.0,14400.0,10,0,0,0,0.0,0.0,12835.46798,12835.46798
1695,M-1810,item:268091,8507.391191,12835.46798,0.0,203550.0,finite,0.0,lot_campaign_blocked,,8507.391191,12835.46798,min_max,0.0,14400.0,142485.0,14400.0,10,0,0,0,0.0,0.0,12835.46798,12835.46798
1696,M-1810,item:268091,9359.372116,12835.46798,0.0,203550.0,finite,0.0,lot_campaign_blocked,,9359.372116,12835.46798,min_max,0.0,14400.0,142485.0,14400.0,10,0,0,0,0.0,0.0,12835.46798,12835.46798
1697,M-1810,item:268091,10211.564219,12835.46798,0.0,203550.0,finite,0.0,lot_campaign_blocked,,10211.564219,12835.46798,min_max,0.0,14400.0,142485.0,14400.0,10,0,0,0,0.0,0.0,12835.46798,12835.46798
1698,M-1810,item:268091,11063.798558,12835.46798,0.0,203550.0,finite,0.0,lot_campaign_blocked,,11063.798558,12835.46798,min_max,0.0,14400.0,142485.0,14400.0,10,0,0,0,0.0,0.0,12835.46798,12835.46798
1699,M-1810,item:268091,11033.918895,12835.46798,0.0,203550.0,finite,0.0,lot_campaign_blocked,,11033.918895,12835.46798,min_max,0.0,14400.0,142485.0,14400.0,10,0,0,0,0.0,0.0,12835.46798,12835.46798
1700,M-1810,item:268091,10827.616432,12835.46798,0.0,203550.0,finite,0.0,lot_campaign_blocked,,10827.616432,12835.46798,min_max,0.0,14400.0,142485.0,14400.0,10,0,0,0,0.0,0.0,12835.46798,12835.46798
1701,M-1810,item:268091,10586.029409,12835.46798,0.0,203550.0,finite,0.0,lot_campaign_blocked,,10586.029409,12835.46798,min_max,0.0,14400.0,142485.0,14400.0,10,0,0,0,0.0,0.0,12835.46798,12835.46798
1702,M-1810,item:268091,10337.385474,12835.46798,0.0,203550.0,finite,0.0,lot_campaign_blocked,,10337.385474,12835.46798,min_max,0.0,14400.0,142485.0,14400.0,10,0,0,0,0.0,0.0,12835.46798,12835.46798
1703,M-1810,item:268091,10087.330156,12835.46798,0.0,203550.0,finite,0.0,lot_campaign_blocked,,10087.330156,12835.46798,min_max,0.0,14400.0,142485.0,14400.0,10,0,0,0,0.0,0.0,12835.46798,12835.46798
1704,M-1810,item:268091,9836.992562,12835.46798,0.0,203550.0,finite,0.0,lot_campaign_blocked,,9836.992562,12835.46798,min_max,0.0,14400.0,142485.0,14400.0,10,0,0,0,0.0,0.0,12835.46798,12835.46798
1705,M-1810,item:268091,9586.598512,12835.46798,0.0,203550.0,finite,0.0,lot_campaign_blocked,,9586.598512,12835.46798,min_max,0.0,14400.0,142485.0,14400.0,10,0,0,0,0.0,0.0,12835.46798,12835.46798
1706,M-1810,item:268091,9486.936029,12835.46798,0.0,203550.0,finite,0.0,lot_campaign_blocked,,9486.936029,12835.46798,min_max,0.0,14400.0,142485.0,14400.0,10,0,0,0,0.0,0.0,12835.46798,12835.46798
1707,M-1810,item:268091,9417.419859,12835.46798,0.0,203550.0,finite,0.0,lot_campaign_blocked,,9417.419859,12835.46798,min_max,0.0,14400.0,142485.0,14400.0,10,0,0,0,0.0,0.0,12835.46798,12835.46798
1708,M-1810,item:268091,9353.932951,12835.46798,0.0,203550.0,finite,0.0,lot_campaign_blocked,,9353.932951,12835.46798,min_max,0.0,14400.0,142485.0,14400.0,10,0,0,0,0.0,0.0,12835.46798,12835.46798
1709,M-1810,item:268091,9291.651896,12835.46798,0.0,203550.0,finite,0.0,lot_campaign_blocked,,9291.651896,12835.46798,min_max,0.0,14400.0,142485.0,14400.0,10,0,0,0,0.0,0.0,12835.46798,12835.46798
1710,M-1810,item:268091,9229.612012,12835.46798,0.0,203550.0,finite,0.0,lot_campaign_blocked,,9229.612012,12835.46798,min_max,0.0,14400.0,142485.0,14400.0,10,0,0,0,0.0,0.0,12835.46798,12835.46798
1711,M-1810,item:268091,9167.620361,12835.46798,0.0,203550.0,finite,0.0,lot_campaign_blocked,,9167.620361,12835.46798,min_max,0.0,14400.0,142485.0,14400.0,10,0,0,0,0.0,0.0,12835.46798,12835.46798
1712,M-1810,item:268091,9105.638358,12835.46798,0.0,203550.0,finite,0.0,lot_campaign_blocked,,9105.638358,12835.46798,min_max,0.0,14400.0,142485.0,14400.0,10,0,0,0,0.0,0.0,12835.46798,12835.46798
1713,M-1810,item:268091,9212.915427,12835.46798,0.0,203550.0,finite,0.0,lot_campaign_blocked,,9212.915427,12835.46798,min_max,0.0,14400.0,142485.0,14400.0,10,0,0,0,0.0,0.0,12835.46798,12835.46798
1714,M-1810,item:268091,9354.04431,12835.46798,0.0,203550.0,finite,0.0,lot_campaign_blocked,,9354.04431,12835.46798,min_max,0.0,14400.0,142485.0,14400.0,10,0,0,0,0.0,0.0,12835.46798,12835.46798
1715,M-1810,item:268091,9501.943556,12835.46798,0.0,203550.0,finite,0.0,lot_campaign_blocked,,9501.943556,12835.46798,min_max,0.0,14400.0,142485.0,14400.0,10,0,0,0,0.0,0.0,12835.46798,12835.46798
1716,M-1810,item:268091,9651.196874,12835.46798,0.0,203550.0,finite,0.0,lot_campaign_blocked,,9651.196874,12835.46798,min_max,0.0,14400.0,142485.0,14400.0,10,0,0,0,0.0,0.0,12835.46798,12835.46798
1717,M-1810,item:268091,9800.721007,12835.46798,0.0,203550.0,finite,0.0,lot_campaign_blocked,,9800.721007,12835.46798,min_max,0.0,14400.0,142485.0,14400.0,10,0,0,0,0.0,0.0,12835.46798,12835.46798
1718,M-1810,item:268091,9950.299303,12835.46798,0.0,203550.0,finite,0.0,lot_campaign_blocked,,9950.299303,12835.46798,min_max,0.0,14400.0,142485.0,14400.0,10,0,0,0,0.0,0.0,12835.46798,12835.46798
1719,M-1810,item:268091,10099.888432,12835.46798,0.0,203550.0,finite,0.0,lot_campaign_blocked,,10099.888432,12835.46798,min_max,0.0,14400.0,142485.0,14400.0,10,0,0,0,0.0,0.0,12835.46798,12835.46798
1720,M-1810,item:268091,10479.96136,12835.46798,0.0,203550.0,finite,0.0,lot_campaign_blocked,,10479.96136,12835.46798,min_max,0.0,14400.0,142485.0,14400.0,10,0,0,0,0.0,0.0,12835.46798,12835.46798
1721,M-1810,item:268091,10906.131047,12835.46798,0.0,203550.0,finite,0.0,lot_campaign_blocked,,10906.131047,12835.46798,min_max,0.0,14400.0,142485.0,14400.0,10,0,0,0,0.0,0.0,12835.46798,12835.46798
1722,M-1810,item:268091,11341.520087,12835.46798,0.0,203550.0,finite,0.0,lot_campaign_blocked,,11341.520087,12835.46798,min_max,0.0,14400.0,142485.0,14400.0,10,0,0,0,0.0,0.0,12835.46798,12835.46798
1723,M-1810,item:268091,11778.752997,12835.46798,0.0,203550.0,finite,0.0,lot_campaign_blocked,,11778.752997,12835.46798,min_max,0.0,14400.0,142485.0,14400.0,10,0,0,0,0.0,0.0,12835.46798,12835.46798
1724,M-1810,item:268091,12216.354681,12835.46798,0.0,203550.0,finite,0.0,lot_campaign_blocked,,12216.354681,12835.46798,min_max,0.0,14400.0,142485.0,14400.0,10,0,0,0,0.0,0.0,12835.46798,12835.46798
1725,M-1810,item:268091,12654.03012,12835.46798,0.0,203550.0,finite,0.0,lot_campaign_blocked,,12654.03012,12835.46798,min_max,0.0,14400.0,142485.0,14400.0,10,0,0,0,0.0,0.0,12835.46798,12835.46798
1726,M-1810,item:268091,13091.72031,12835.46798,0.0,203550.0,finite,0.0,lot_campaign_blocked,,13091.72031,12835.46798,min_max,0.0,14400.0,142485.0,14400.0,10,0,0,0,0.0,0.0,12835.46798,12835.46798
1727,M-1810,item:268091,12561.250184,12835.46798,0.0,203550.0,finite,0.0,lot_campaign_blocked,,12561.250184,12835.46798,min_max,0.0,14400.0,142485.0,14400.0,10,0,0,0,0.0,0.0,12835.46798,12835.46798
1728,M-1810,item:268091,11837.147996,12835.46798,0.0,203550.0,finite,0.0,lot_campaign_blocked,,11837.147996,12835.46798,min_max,0.0,14400.0,142485.0,14400.0,10,0,0,0,0.0,0.0,12835.46798,12835.46798
1729,M-1810,item:268091,11074.319395,12835.46798,0.0,203550.0,finite,0.0,lot_campaign_blocked,,11074.319395,12835.46798,min_max,0.0,14400.0,142485.0,14400.0,10,0,0,0,0.0,0.0,12835.46798,12835.46798
1730,M-1810,item:268091,10303.745512,12835.46798,0.0,203550.0,finite,0.0,lot_campaign_blocked,,10303.745512,12835.46798,min_max,0.0,14400.0,142485.0,14400.0,10,0,0,0,0.0,0.0,12835.46798,12835.46798
1731,M-1810,item:268091,9531.622572,12835.46798,0.0,203550.0,finite,0.0,lot_campaign_blocked,,9531.622572,12835.46798,min_max,0.0,14400.0,142485.0,14400.0,10,0,0,0,0.0,0.0,12835.46798,12835.46798
1732,M-1810,item:268091,8759.189821,12835.46798,0.0,203550.0,finite,0.0,lot_campaign_blocked,,8759.189821,12835.46798,min_max,0.0,14400.0,142485.0,14400.0,10,0,0,0,0.0,0.0,12835.46798,12835.46798
1733,M-1810,item:268091,7986.695107,12835.46798,0.0,203550.0,finite,0.0,lot_campaign_blocked,,7986.695107,12835.46798,min_max,0.0,14400.0,142485.0,14400.0,10,0,0,0,0.0,0.0,12835.46798,12835.46798
1734,M-1810,item:268091,7996.914532,12835.46798,0.0,203550.0,finite,0.0,lot_campaign_blocked,,7996.914532,12835.46798,min_max,0.0,14400.0,142485.0,14400.0,10,0,0,0,0.0,0.0,12835.46798,12835.46798
1735,M-1810,item:268091,8163.676784,12835.46798,0.0,203550.0,finite,0.0,lot_campaign_blocked,,8163.676784,12835.46798,min_max,0.0,14400.0,142485.0,14400.0,10,0,0,0,0.0,0.0,12835.46798,12835.46798
1736,M-1810,item:268091,8361.747602,12835.46798,0.0,203550.0,finite,0.0,lot_campaign_blocked,,8361.747602,12835.46798,min_max,0.0,14400.0,142485.0,14400.0,10,0,0,0,0.0,0.0,12835.46798,12835.46798
1737,M-1810,item:268091,8566.080133,12835.46798,0.0,203550.0,finite,0.0,lot_campaign_blocked,,8566.080133,12835.46798,min_max,0.0,14400.0,142485.0,14400.0,10,0,0,0,0.0,0.0,12835.46798,12835.46798
1738,M-1810,item:268091,8771.665006,12835.46798,0.0,203550.0,finite,0.0,lot_campaign_blocked,,8771.665006,12835.46798,min_max,0.0,14400.0,142485.0,14400.0,10,0,0,0,0.0,0.0,12835.46798,12835.46798
1739,M-1810,item:268091,8977.500348,12835.46798,0.0,203550.0,finite,0.0,lot_campaign_blocked,,8977.500348,12835.46798,min_max,0.0,14400.0,142485.0,14400.0,10,0,0,0,0.0,0.0,12835.46798,12835.46798
1740,M-1810,item:268091,9183.385784,12835.46798,0.0,203550.0,finite,0.0,lot_campaign_blocked,,9183.385784,12835.46798,min_max,0.0,14400.0,142485.0,14400.0,10,0,0,0,0.0,0.0,12835.46798,12835.46798
1741,M-1810,item:268091,9345.673075,12835.46798,0.0,203550.0,finite,0.0,lot_campaign_blocked,,9345.673075,12835.46798,min_max,0.0,14400.0,142485.0,14400.0,10,0,0,0,0.0,0.0,12835.46798,12835.46798
1742,M-1810,item:268091,9499.240738,12835.46798,0.0,203550.0,finite,0.0,lot_campaign_blocked,,9499.240738,12835.46798,min_max,0.0,14400.0,142485.0,14400.0,10,0,0,0,0.0,0.0,12835.46798,12835.46798
1743,M-1810,item:268091,9651.064474,12835.46798,0.0,203550.0,finite,0.0,lot_campaign_blocked,,9651.064474,12835.46798,min_max,0.0,14400.0,142485.0,14400.0,10,0,0,0,0.0,0.0,12835.46798,12835.46798
1744,M-1810,item:268091,9802.539426,12835.46798,0.0,203550.0,finite,0.0,lot_campaign_blocked,,9802.539426,12835.46798,min_max,0.0,14400.0,142485.0,14400.0,10,0,0,0,0.0,0.0,12835.46798,12835.46798
1745,M-1810,item:268091,9953.94462,12835.46798,0.0,203550.0,finite,0.0,lot_campaign_blocked,,9953.94462,12835.46798,min_max,0.0,14400.0,142485.0,14400.0,10,0,0,0,0.0,0.0,12835.46798,12835.46798
1746,M-1810,item:268091,10105.335863,12835.46798,0.0,203550.0,finite,0.0,lot_campaign_blocked,,10105.335863,12835.46798,min_max,0.0,14400.0,142485.0,14400.0,10,0,0,0,0.0,0.0,12835.46798,12835.46798
1747,M-1810,item:268091,10256.724316,12835.46798,0.0,203550.0,finite,0.0,lot_campaign_blocked,,10256.724316,12835.46798,min_max,0.0,14400.0,142485.0,14400.0,10,0,0,0,0.0,0.0,12835.46798,12835.46798
1748,M-1810,item:268091,10418.397925,12835.46798,0.0,203550.0,finite,0.0,lot_campaign_blocked,,10418.397925,12835.46798,min_max,0.0,14400.0,142485.0,14400.0,10,0,0,0,0.0,0.0,12835.46798,12835.46798
1749,M-1810,item:268091,10582.128565,12835.46798,0.0,203550.0,finite,0.0,lot_campaign_blocked,,10582.128565,12835.46798,min_max,0.0,14400.0,142485.0,14400.0,10,0,0,0,0.0,0.0,12835.46798,12835.46798
1750,M-1810,item:268091,10746.270611,12835.46798,0.0,203550.0,finite,0.0,lot_campaign_blocked,,10746.270611,12835.46798,min_max,0.0,14400.0,142485.0,14400.0,10,0,0,0,0.0,0.0,12835.46798,12835.46798
1751,M-1810,item:268091,10910.494939,12835.46798,0.0,203550.0,finite,0.0,lot_campaign_blocked,,10910.494939,12835.46798,min_max,0.0,14400.0,142485.0,14400.0,10,0,0,0,0.0,0.0,12835.46798,12835.46798
1752,M-1810,item:268091,11074.735722,12835.46798,0.0,203550.0,finite,0.0,lot_campaign_blocked,,11074.735722,12835.46798,min_max,0.0,14400.0,142485.0,14400.0,10,0,0,0,0.0,0.0,12835.46798,12835.46798
1753,M-1810,item:268091,11238.979797,12835.46798,0.0,203550.0,finite,0.0,lot_campaign_blocked,,11238.979797,12835.46798,min_max,0.0,14400.0,142485.0,14400.0,10,0,0,0,0.0,0.0,12835.46798,12835.46798
1754,M-1810,item:268091,11403.224531,12835.46798,0.0,203550.0,finite,0.0,lot_campaign_blocked,,11403.224531,12835.46798,min_max,0.0,14400.0,142485.0,14400.0,10,0,0,0,0.0,0.0,12835.46798,12835.46798
1755,M-1810,item:268091,10969.869396,12835.46798,0.0,203550.0,finite,0.0,lot_campaign_blocked,,10969.869396,12835.46798,min_max,0.0,14400.0,142485.0,14400.0,10,0,0,0,0.0,0.0,12835.46798,12835.46798
1756,M-1810,item:268091,10416.994287,12835.46798,0.0,203550.0,finite,0.0,lot_campaign_blocked,,10416.994287,12835.46798,min_max,0.0,14400.0,142485.0,14400.0,10,0,0,0,0.0,0.0,12835.46798,12835.46798
1757,M-1810,item:268091,9840.215184,12835.46798,0.0,203550.0,finite,0.0,lot_campaign_blocked,,9840.215184,12835.46798,min_max,0.0,14400.0,142485.0,14400.0,10,0,0,0,0.0,0.0,12835.46798,12835.46798
1758,M-1810,item:268091,9258.655282,12835.46798,0.0,203550.0,finite,0.0,lot_campaign_blocked,,9258.655282,12835.46798,min_max,0.0,14400.0,142485.0,14400.0,10,0,0,0,0.0,0.0,12835.46798,12835.46798
1759,M-1810,item:268091,8676.13922,12835.46798,0.0,203550.0,finite,0.0,lot_campaign_blocked,,8676.13922,12835.46798,min_max,0.0,14400.0,142485.0,14400.0,10,0,0,0,0.0,0.0,12835.46798,12835.46798
1760,M-1810,item:268091,8093.431926,12835.46798,0.0,203550.0,finite,0.0,lot_campaign_blocked,,8093.431926,12835.46798,min_max,0.0,14400.0,142485.0,14400.0,10,0,0,0,0.0,0.0,12835.46798,12835.46798
1761,M-1810,item:268091,7510.686385,12835.46798,0.0,203550.0,finite,0.0,lot_campaign_blocked,,7510.686385,12835.46798,min_max,0.0,14400.0,142485.0,14400.0,10,0,0,0,0.0,0.0,12835.46798,12835.46798
1762,M-1810,item:268091,7711.655644,12835.46798,0.0,203550.0,finite,0.0,lot_campaign_blocked,,7711.655644,12835.46798,min_max,0.0,14400.0,142485.0,14400.0,10,0,0,0,0.0,0.0,12835.46798,12835.46798
1763,M-1810,item:268091,8069.367863,12835.46798,0.0,203550.0,finite,0.0,lot_campaign_blocked,,8069.367863,12835.46798,min_max,0.0,14400.0,142485.0,14400.0,10,0,0,0,0.0,0.0,12835.46798,12835.46798
1764,M-1810,item:268091,8458.428675,12835.46798,0.0,203550.0,finite,0.0,lot_campaign_blocked,,8458.428675,12835.46798,min_max,0.0,14400.0,142485.0,14400.0,10,0,0,0,0.0,0.0,12835.46798,12835.46798
1765,M-1810,item:268091,8853.759204,12835.46798,0.0,203550.0,finite,0.0,lot_campaign_blocked,,8853.759204,12835.46798,min_max,0.0,14400.0,142485.0,14400.0,10,0,0,0,0.0,0.0,12835.46798,12835.46798
1766,M-1810,item:268091,9250.343677,12835.46798,0.0,203550.0,finite,0.0,lot_campaign_blocked,,9250.343677,12835.46798,min_max,0.0,14400.0,142485.0,14400.0,10,0,0,0,0.0,0.0,12835.46798,12835.46798
1767,M-1810,item:268091,9647.178939,12835.46798,0.0,203550.0,finite,0.0,lot_campaign_blocked,,9647.178939,12835.46798,min_max,0.0,14400.0,142485.0,14400.0,10,0,0,0,0.0,0.0,12835.46798,12835.46798
1768,M-1430,item:268967,6159.542857,107800.0,107800.0,154000.0,finite,1473987.226144,none,,0.0,0.0,fixed,107800.0,107800.0,107800.0,0.0,10,1,1,1,107800.0,107800.0,107800.0,0.0
1768,M-1810,item:268091,10044.064359,12835.46798,0.0,203550.0,finite,0.0,lot_campaign_blocked,,10044.064359,12835.46798,min_max,0.0,14400.0,142485.0,14400.0,10,0,0,0,0.0,0.0,12835.46798,12835.46798
1769,M-1810,item:268091,9665.580219,12835.46798,0.0,203550.0,finite,0.0,lot_campaign_blocked,,9665.580219,12835.46798,min_max,0.0,14400.0,142485.0,14400.0,10,0,0,0,0.0,0.0,12835.46798,12835.46798
1770,M-1810,item:268091,9132.022166,12835.46798,0.0,203550.0,finite,0.0,lot_campaign_blocked,,9132.022166,12835.46798,min_max,0.0,14400.0,142485.0,14400.0,10,0,0,0,0.0,0.0,12835.46798,12835.46798
1771,M-1810,item:268091,8567.449331,12835.46798,0.0,203550.0,finite,0.0,lot_campaign_blocked,,8567.449331,12835.46798,min_max,0.0,14400.0,142485.0,14400.0,10,0,0,0,0.0,0.0,12835.46798,12835.46798
1772,M-1810,item:268091,7996.67354,12835.46798,0.0,203550.0,finite,0.0,lot_campaign_blocked,,7996.67354,12835.46798,min_max,0.0,14400.0,142485.0,14400.0,10,0,0,0,0.0,0.0,12835.46798,12835.46798
1773,M-1810,item:268091,7424.657157,12835.46798,0.0,203550.0,finite,0.0,lot_campaign_blocked,,7424.657157,12835.46798,min_max,0.0,14400.0,142485.0,14400.0,10,0,0,0,0.0,0.0,12835.46798,12835.46798
1774,M-1810,item:268091,6852.392656,12835.46798,0.0,203550.0,finite,0.0,lot_campaign_blocked,,6852.392656,12835.46798,min_max,0.0,14400.0,142485.0,14400.0,10,0,0,0,0.0,0.0,12835.46798,12835.46798
1775,M-1810,item:268091,6280.078531,12835.46798,0.0,203550.0,finite,0.0,lot_campaign_blocked,,6280.078531,12835.46798,min_max,0.0,14400.0,142485.0,14400.0,10,0,0,0,0.0,0.0,12835.46798,12835.46798
1776,M-1810,item:268091,7184.570808,12835.46798,0.0,203550.0,finite,0.0,lot_campaign_blocked,,7184.570808,12835.46798,min_max,0.0,14400.0,142485.0,14400.0,10,0,0,0,0.0,0.0,12835.46798,12835.46798
1777,M-1810,item:268091,8384.424366,12835.46798,0.0,203550.0,finite,0.0,lot_campaign_blocked,,8384.424366,12835.46798,min_max,0.0,14400.0,142485.0,14400.0,10,0,0,0,0.0,0.0,12835.46798,12835.46798
1778,M-1810,item:268091,9643.350179,12835.46798,0.0,203550.0,finite,0.0,lot_campaign_blocked,,9643.350179,12835.46798,min_max,0.0,14400.0,142485.0,14400.0,10,0,0,0,0.0,0.0,12835.46798,12835.46798
1779,M-1810,item:268091,10914.090444,12835.46798,0.0,203550.0,finite,0.0,lot_campaign_blocked,,10914.090444,12835.46798,min_max,0.0,14400.0,142485.0,14400.0,10,0,0,0,0.0,0.0,12835.46798,12835.46798
1780,M-1810,item:268091,12187.193599,12835.46798,0.0,203550.0,finite,0.0,lot_campaign_blocked,,12187.193599,12835.46798,min_max,0.0,14400.0,142485.0,14400.0,10,0,0,0,0.0,0.0,12835.46798,12835.46798
1781,M-1810,item:268091,13460.769332,12835.46798,0.0,203550.0,finite,0.0,lot_campaign_blocked,,13460.769332,12835.46798,min_max,0.0,14400.0,142485.0,14400.0,10,0,0,0,0.0,0.0,12835.46798,12835.46798
1782,M-1810,item:268091,14734.439581,12835.46798,0.0,203550.0,finite,0.0,lot_campaign_blocked,,14734.439581,12835.46798,min_max,0.0,14400.0,142485.0,14400.0,10,0,0,0,0.0,0.0,12835.46798,12835.46798
1783,M-1810,item:268091,15120.732814,12835.46798,0.0,203550.0,finite,0.0,lot_campaign_blocked,,15120.732814,12835.46798,min_max,0.0,14400.0,142485.0,14400.0,10,0,0,0,0.0,0.0,12835.46798,12835.46798
1784,M-1810,item:268091,15329.550645,12835.46798,0.0,203550.0,finite,0.0,lot_campaign_blocked,,15329.550645,12835.46798,min_max,0.0,14400.0,142485.0,14400.0,10,0,0,0,0.0,0.0,12835.46798,12835.46798
1785,M-1810,item:268091,15502.873394,12835.46798,0.0,203550.0,finite,0.0,lot_campaign_blocked,,15502.873394,12835.46798,min_max,0.0,14400.0,142485.0,14400.0,10,0,0,0,0.0,0.0,12835.46798,12835.46798
1786,M-1810,item:268091,15669.097128,12835.46798,0.0,203550.0,finite,0.0,lot_campaign_blocked,,15669.097128,12835.46798,min_max,0.0,14400.0,142485.0,14400.0,10,0,0,0,0.0,0.0,12835.46798,12835.46798
1787,M-1810,item:268091,15833.901058,12835.46798,0.0,203550.0,finite,0.0,lot_campaign_blocked,,15833.901058,12835.46798,min_max,0.0,14400.0,142485.0,14400.0,10,0,0,0,0.0,0.0,12835.46798,12835.46798
1788,M-1810,item:268091,15998.421028,12835.46798,0.0,203550.0,finite,0.0,lot_campaign_blocked,,15998.421028,12835.46798,min_max,0.0,14400.0,142485.0,14400.0,10,0,0,0,0.0,0.0,12835.46798,12835.46798
1789,M-1810,item:268091,16162.884206,12835.46798,0.0,203550.0,finite,0.0,lot_campaign_blocked,,16162.884206,12835.46798,min_max,0.0,14400.0,142485.0,14400.0,10,0,0,0,0.0,0.0,12835.46798,12835.46798
1790,M-1430,item:268967,5205.061224,107800.0,107800.0,154000.0,finite,1366187.226144,none,,0.0,0.0,fixed,107800.0,107800.0,107800.0,0.0,10,1,1,1,107800.0,107800.0,107800.0,0.0
1790,M-1810,item:268091,15468.25031,12835.46798,0.0,203550.0,finite,0.0,lot_campaign_blocked,,15468.25031,12835.46798,min_max,0.0,14400.0,142485.0,14400.0,10,0,0,0,0.0,0.0,12835.46798,12835.46798
1791,M-1810,item:268091,14601.797001,12835.46798,0.0,203550.0,finite,0.0,lot_campaign_blocked,,14601.797001,12835.46798,min_max,0.0,14400.0,142485.0,14400.0,10,0,0,0,0.0,0.0,12835.46798,12835.46798
1791,SDC-1450,item:773474,2030121.8576,3200000.0,3200000.0,0.0,unmodeled,195402684.563758,none,,0.0,0.0,fixed,3200000.0,0.0,0.0,0.0,10,1,1,1,3200000.0,3200000.0,3200000.0,0.0
1792,M-1810,item:268091,13700.979808,12835.46798,0.0,203550.0,finite,0.0,lot_campaign_blocked,,13700.979808,12835.46798,min_max,0.0,14400.0,142485.0,14400.0,10,0,0,0,0.0,0.0,12835.46798,12835.46798
1793,M-1810,item:268091,12793.289839,12835.46798,0.0,203550.0,finite,0.0,lot_campaign_blocked,,12793.289839,12835.46798,min_max,0.0,14400.0,142485.0,14400.0,10,0,0,0,0.0,0.0,12835.46798,12835.46798
1794,M-1810,item:268091,11884.225315,12835.46798,0.0,203550.0,finite,0.0,lot_campaign_blocked,,11884.225315,12835.46798,min_max,0.0,14400.0,142485.0,14400.0,10,0,0,0,0.0,0.0,12835.46798,12835.46798
1795,M-1810,item:268091,10974.885879,12835.46798,0.0,203550.0,finite,0.0,lot_campaign_blocked,,10974.885879,12835.46798,min_max,0.0,14400.0,142485.0,14400.0,10,0,0,0,0.0,0.0,12835.46798,12835.46798
1796,M-1810,item:268091,10065.491461,12835.46798,0.0,203550.0,finite,0.0,lot_campaign_blocked,,10065.491461,12835.46798,min_max,0.0,14400.0,142485.0,14400.0,10,0,0,0,0.0,0.0,12835.46798,12835.46798
1797,M-1810,item:268091,9989.849313,12835.46798,0.0,203550.0,finite,0.0,lot_campaign_blocked,,9989.849313,12835.46798,min_max,0.0,14400.0,142485.0,14400.0,10,0,0,0,0.0,0.0,12835.46798,12835.46798
1798,M-1810,item:268091,10080.957618,12835.46798,0.0,203550.0,finite,0.0,lot_campaign_blocked,,10080.957618,12835.46798,min_max,0.0,14400.0,142485.0,14400.0,10,0,0,0,0.0,0.0,12835.46798,12835.46798
1799,M-1810,item:268091,10205.416013,12835.46798,0.0,203550.0,finite,0.0,lot_campaign_blocked,,10205.416013,12835.46798,min_max,0.0,14400.0,142485.0,14400.0,10,0,0,0,0.0,0.0,12835.46798,12835.46798
1800,M-1810,item:268091,10336.544427,12835.46798,0.0,203550.0,finite,0.0,lot_campaign_blocked,,10336.544427,12835.46798,min_max,0.0,14400.0,142485.0,14400.0,10,0,0,0,0.0,0.0,12835.46798,12835.46798
1801,M-1810,item:268091,10469.006845,12835.46798,0.0,203550.0,finite,0.0,lot_campaign_blocked,,10469.006845,12835.46798,min_max,0.0,14400.0,142485.0,14400.0,10,0,0,0,0.0,0.0,12835.46798,12835.46798
1802,M-1810,item:268091,10601.736063,12835.46798,0.0,203550.0,finite,0.0,lot_campaign_blocked,,10601.736063,12835.46798,min_max,0.0,14400.0,142485.0,14400.0,10,0,0,0,0.0,0.0,12835.46798,12835.46798
1803,M-1810,item:268091,10734.518641,12835.46798,0.0,203550.0,finite,0.0,lot_campaign_blocked,,10734.518641,12835.46798,min_max,0.0,14400.0,142485.0,14400.0,10,0,0,0,0.0,0.0,12835.46798,12835.46798
1804,M-1810,item:268091,11815.279239,12835.46798,0.0,203550.0,finite,0.0,lot_campaign_blocked,,11815.279239,12835.46798,min_max,0.0,14400.0,142485.0,14400.0,10,0,0,0,0.0,0.0,12835.46798,12835.46798
1805,M-1810,item:268091,13085.63544,12835.46798,0.0,203550.0,finite,0.0,lot_campaign_blocked,,13085.63544,12835.46798,min_max,0.0,14400.0,142485.0,14400.0,10,0,0,0,0.0,0.0,12835.46798,12835.46798
1806,M-1810,item:268091,14393.910762,12835.46798,0.0,203550.0,finite,0.0,lot_campaign_blocked,,14393.910762,12835.46798,min_max,0.0,14400.0,142485.0,14400.0,10,0,0,0,0.0,0.0,12835.46798,12835.46798
1807,M-1810,item:268091,15709.769908,12835.46798,0.0,203550.0,finite,0.0,lot_campaign_blocked,,15709.769908,12835.46798,min_max,0.0,14400.0,142485.0,14400.0,10,0,0,0,0.0,0.0,12835.46798,12835.46798
1808,M-1810,item:268091,17027.145818,12835.46798,0.0,203550.0,finite,0.0,lot_campaign_blocked,,17027.145818,12835.46798,min_max,0.0,14400.0,142485.0,14400.0,10,0,0,0,0.0,0.0,12835.46798,12835.46798
1809,M-1810,item:268091,18344.825082,12835.46798,0.0,203550.0,finite,0.0,lot_campaign_blocked,,18344.825082,12835.46798,min_max,0.0,14400.0,142485.0,14400.0,10,0,0,0,0.0,0.0,12835.46798,12835.46798
1810,M-1430,item:268967,5837.942857,107800.0,107800.0,154000.0,finite,1258387.226144,none,,0.0,0.0,fixed,107800.0,107800.0,107800.0,0.0,10,1,1,1,107800.0,107800.0,107800.0,0.0
1810,M-1810,item:268091,19662.565016,12835.46798,0.0,203550.0,finite,0.0,lot_campaign_blocked,,19662.565016,12835.46798,min_max,0.0,14400.0,142485.0,14400.0,10,0,0,0,0.0,0.0,12835.46798,12835.46798
1811,M-1810,item:268091,19568.888513,12835.46798,0.0,203550.0,finite,0.0,lot_campaign_blocked,,19568.888513,12835.46798,min_max,0.0,14400.0,142485.0,14400.0,10,0,0,0,0.0,0.0,12835.46798,12835.46798
1812,M-1810,item:268091,19192.928723,12835.46798,0.0,203550.0,finite,0.0,lot_campaign_blocked,,19192.928723,12835.46798,min_max,0.0,14400.0,142485.0,14400.0,10,0,0,0,0.0,0.0,12835.46798,12835.46798
1813,M-1810,item:268091,18760.512275,12835.46798,0.0,203550.0,finite,0.0,lot_campaign_blocked,,18760.512275,12835.46798,min_max,0.0,14400.0,142485.0,14400.0,10,0,0,0,0.0,0.0,12835.46798,12835.46798
1814,M-1810,item:268091,18316.804496,12835.46798,0.0,203550.0,finite,0.0,lot_campaign_blocked,,18316.804496,12835.46798,min_max,0.0,14400.0,142485.0,14400.0,10,0,0,0,0.0,0.0,12835.46798,12835.46798
1815,M-1810,item:268091,17870.83845,12835.46798,0.0,203550.0,finite,0.0,lot_campaign_blocked,,17870.83845,12835.46798,min_max,0.0,14400.0,142485.0,14400.0,10,0,0,0,0.0,0.0,12835.46798,12835.46798
1816,M-1810,item:268091,17424.420751,12835.46798,0.0,203550.0,finite,0.0,lot_campaign_blocked,,17424.420751,12835.46798,min_max,0.0,14400.0,142485.0,14400.0,10,0,0,0,0.0,0.0,12835.46798,12835.46798
1817,M-1810,item:268091,16977.912721,12835.46798,0.0,203550.0,finite,0.0,lot_campaign_blocked,,16977.912721,12835.46798,min_max,0.0,14400.0,142485.0,14400.0,10,0,0,0,0.0,0.0,12835.46798,12835.46798
1818,M-1810,item:268091,14961.035605,12835.46798,0.0,203550.0,finite,0.0,lot_campaign_blocked,,14961.035605,12835.46798,min_max,0.0,14400.0,142485.0,14400.0,10,0,0,0,0.0,0.0,12835.46798,12835.46798
1819,M-1810,item:268091,12847.227529,12835.46798,0.0,203550.0,finite,0.0,lot_campaign_blocked,,12847.227529,12835.46798,min_max,0.0,14400.0,142485.0,14400.0,10,0,0,0,0.0,0.0,12835.46798,12835.46798
1820,M-1810,item:268091,10714.033261,12835.46798,0.0,203550.0,finite,0.0,lot_campaign_blocked,,10714.033261,12835.46798,min_max,0.0,14400.0,142485.0,14400.0,10,0,0,0,0.0,0.0,12835.46798,12835.46798
1821,M-1810,item:268091,8576.961754,12835.46798,0.0,203550.0,finite,0.0,lot_campaign_blocked,,8576.961754,12835.46798,min_max,0.0,14400.0,142485.0,14400.0,10,0,0,0,0.0,0.0,12835.46798,12835.46798
1822,M-1810,item:268091,6439.1148,12835.46798,0.0,203550.0,finite,0.0,lot_campaign_blocked,,6439.1148,12835.46798,min_max,0.0,14400.0,142485.0,14400.0,10,0,0,0,0.0,0.0,12835.46798,12835.46798
1823,M-1810,item:268091,4301.112756,12835.46798,0.0,203550.0,finite,0.0,lot_campaign_blocked,,4301.112756,12835.46798,min_max,0.0,14400.0,142485.0,14400.0,10,0,0,0,0.0,0.0,12835.46798,12835.46798
1824,M-1810,item:268091,2163.079694,12835.46798,0.0,203550.0,finite,0.0,lot_campaign_blocked,,2163.079694,12835.46798,min_max,0.0,14400.0,142485.0,14400.0,10,0,0,0,0.0,0.0,12835.46798,12835.46798
