product_code,snapshot_dt,source_day,sim_day,observed_value_eur,day,rule,stock_value_eur,useful_value_eur,immobilized_value_eur,component_count,implied_useful_value_eur,useful_gap_vs_implied_eur
268091,2025-01-06 00:05:56,5,4,656921.88,4,excess_vs_coverage,720013.072068915,293528.7482267,426484.32384221506,14,63091.192068915,230437.556157785
268091,2025-01-06 00:05:56,5,4,656921.88,4,excess_vs_demand_180d,720013.072068915,620327.876322975,99685.19574594,14,63091.192068915,557236.68425406
268091,2025-01-06 00:05:56,5,4,656921.88,4,excess_vs_demand_90d,720013.072068915,573470.259222975,146542.81284594003,14,63091.192068915,510379.06715406
268091,2025-01-06 00:05:56,5,4,656921.88,4,excess_vs_max_safety_coverage,720013.072068915,385705.38976469997,334307.68230421504,14,63091.192068915,322614.19769578497
268091,2025-01-06 00:05:56,5,4,656921.88,4,excess_vs_safety_plus_coverage,720013.072068915,306537.94822669995,413475.12384221505,14,63091.192068915,243446.75615778496
268091,2025-01-06 00:05:56,5,4,656921.88,4,excess_vs_target_stock,720013.072068915,385705.38976469997,334307.68230421504,14,63091.192068915,322614.19769578497
268091,2025-01-06 00:05:56,5,4,656921.88,4,physical_stock_value,720013.072068915,0.0,720013.072068915,14,63091.192068915,-63091.192068915
268091,2025-01-06 00:05:56,5,4,656921.88,4,excess_vs_future_need_7d,720013.072068915,0.0,720013.072068915,14,63091.192068915,-63091.192068915
268091,2025-01-06 00:05:56,5,4,656921.88,4,excess_vs_future_need_14d,720013.072068915,0.0,720013.072068915,14,63091.192068915,-63091.192068915
268091,2025-01-06 00:05:56,5,4,656921.88,4,excess_vs_future_need_21d,720013.072068915,6874.136956799999,713138.935112115,14,63091.192068915,-56217.055112115
268091,2025-01-06 00:05:56,5,4,656921.88,4,excess_vs_future_need_30d,720013.072068915,6874.136956799999,713138.935112115,14,63091.192068915,-56217.055112115
268091,2025-01-06 00:05:56,5,4,656921.88,4,excess_vs_future_need_45d,720013.072068915,6874.136956799999,713138.935112115,14,63091.192068915,-56217.055112115
268091,2025-01-06 00:05:56,5,4,656921.88,4,excess_vs_future_need_60d,720013.072068915,13748.273913599998,706264.798155315,14,63091.192068915,-49342.918155315
268091,2025-01-06 00:05:56,5,4,656921.88,4,excess_vs_future_need_90d,720013.072068915,13748.273913599998,706264.798155315,14,63091.192068915,-49342.918155315
268091,2025-01-06 00:05:56,5,4,656921.88,4,excess_vs_future_need_120d,720013.072068915,13748.273913599998,706264.798155315,14,63091.192068915,-49342.918155315
268091,2025-01-06 00:05:56,5,4,656921.88,4,excess_vs_future_need_180d,720013.072068915,13748.273913599998,706264.798155315,14,63091.192068915,-49342.918155315
268091,2025-01-06 00:05:56,5,4,656921.88,4,excess_vs_future_need_270d,720013.072068915,182028.24281079997,537984.829258115,14,63091.192068915,118937.05074188497
268091,2025-01-06 00:05:56,5,4,656921.88,4,excess_vs_future_need_365d,720013.072068915,310610.66213239986,409402.40993651515,14,63091.192068915,247519.47006348486
268091,2025-01-13 00:06:03,12,11,720134.07,11,excess_vs_coverage,720013.072068915,293528.7482267,426484.32384221506,14,0.0,293528.7482267
268091,2025-01-13 00:06:03,12,11,720134.07,11,excess_vs_demand_180d,720013.072068915,620327.876322975,99685.19574594,14,0.0,620327.876322975
268091,2025-01-13 00:06:03,12,11,720134.07,11,excess_vs_demand_90d,720013.072068915,573470.259222975,146542.81284594003,14,0.0,573470.259222975
268091,2025-01-13 00:06:03,12,11,720134.07,11,excess_vs_max_safety_coverage,720013.072068915,385705.38976469997,334307.68230421504,14,0.0,385705.38976469997
268091,2025-01-13 00:06:03,12,11,720134.07,11,excess_vs_safety_plus_coverage,720013.072068915,306537.94822669995,413475.12384221505,14,0.0,306537.94822669995
268091,2025-01-13 00:06:03,12,11,720134.07,11,excess_vs_target_stock,720013.072068915,385705.38976469997,334307.68230421504,14,0.0,385705.38976469997
268091,2025-01-13 00:06:03,12,11,720134.07,11,physical_stock_value,720013.072068915,0.0,720013.072068915,14,0.0,0.0
268091,2025-01-13 00:06:03,12,11,720134.07,11,excess_vs_future_need_7d,720013.072068915,0.0,720013.072068915,14,0.0,0.0
268091,2025-01-13 00:06:03,12,11,720134.07,11,excess_vs_future_need_14d,720013.072068915,6874.136956799999,713138.935112115,14,0.0,6874.136956799999
268091,2025-01-13 00:06:03,12,11,720134.07,11,excess_vs_future_need_21d,720013.072068915,6874.136956799999,713138.935112115,14,0.0,6874.136956799999
268091,2025-01-13 00:06:03,12,11,720134.07,11,excess_vs_future_need_30d,720013.072068915,6874.136956799999,713138.935112115,14,0.0,6874.136956799999
268091,2025-01-13 00:06:03,12,11,720134.07,11,excess_vs_future_need_45d,720013.072068915,13748.273913599998,706264.798155315,14,0.0,13748.273913599998
268091,2025-01-13 00:06:03,12,11,720134.07,11,excess_vs_future_need_60d,720013.072068915,13748.273913599998,706264.798155315,14,0.0,13748.273913599998
268091,2025-01-13 00:06:03,12,11,720134.07,11,excess_vs_future_need_90d,720013.072068915,13748.273913599998,706264.798155315,14,0.0,13748.273913599998
268091,2025-01-13 00:06:03,12,11,720134.07,11,excess_vs_future_need_120d,720013.072068915,13748.273913599998,706264.798155315,14,0.0,13748.273913599998
268091,2025-01-13 00:06:03,12,11,720134.07,11,excess_vs_future_need_180d,720013.072068915,13748.273913599998,706264.798155315,14,0.0,13748.273913599998
268091,2025-01-13 00:06:03,12,11,720134.07,11,excess_vs_future_need_270d,720013.072068915,187221.34168119996,532791.730387715,14,0.0,187221.34168119996
268091,2025-01-13 00:06:03,12,11,720134.07,11,excess_vs_future_need_365d,720013.072068915,310610.66213239986,409402.40993651515,14,0.0,310610.66213239986
268091,2025-01-20 00:06:36,19,18,606978.55,18,excess_vs_coverage,784028.8452989149,357544.5214567,426484.32384221506,14,177050.2952989149,180494.2261577851
268091,2025-01-20 00:06:36,19,18,606978.55,18,excess_vs_demand_180d,784028.8452989149,684343.649552975,99685.19574594,14,177050.2952989149,507293.3542540601
268091,2025-01-20 00:06:36,19,18,606978.55,18,excess_vs_demand_90d,784028.8452989149,637486.0324529749,146542.81284594003,14,177050.2952989149,460435.73715406004
268091,2025-01-20 00:06:36,19,18,606978.55,18,excess_vs_max_safety_coverage,784028.8452989149,449721.16299469996,334307.68230421504,14,177050.2952989149,272670.86769578507
268091,2025-01-20 00:06:36,19,18,606978.55,18,excess_vs_safety_plus_coverage,784028.8452989149,370553.7214567,413475.12384221505,14,177050.2952989149,193503.4261577851
268091,2025-01-20 00:06:36,19,18,606978.55,18,excess_vs_target_stock,784028.8452989149,449721.16299469996,334307.68230421504,14,177050.2952989149,272670.86769578507
268091,2025-01-20 00:06:36,19,18,606978.55,18,physical_stock_value,784028.8452989149,0.0,784028.8452989149,14,177050.2952989149,-177050.2952989149
268091,2025-01-20 00:06:36,19,18,606978.55,18,excess_vs_future_need_7d,784028.8452989149,6874.136956799999,777154.708342115,14,177050.2952989149,-170176.15834211488
268091,2025-01-20 00:06:36,19,18,606978.55,18,excess_vs_future_need_14d,784028.8452989149,6874.136956799999,777154.708342115,14,177050.2952989149,-170176.15834211488
268091,2025-01-20 00:06:36,19,18,606978.55,18,excess_vs_future_need_21d,784028.8452989149,6874.136956799999,777154.708342115,14,177050.2952989149,-170176.15834211488
268091,2025-01-20 00:06:36,19,18,606978.55,18,excess_vs_future_need_30d,784028.8452989149,6874.136956799999,777154.708342115,14,177050.2952989149,-170176.15834211488
268091,2025-01-20 00:06:36,19,18,606978.55,18,excess_vs_future_need_45d,784028.8452989149,13748.273913599998,770280.571385315,14,177050.2952989149,-163302.0213853149
268091,2025-01-20 00:06:36,19,18,606978.55,18,excess_vs_future_need_60d,784028.8452989149,13748.273913599998,770280.571385315,14,177050.2952989149,-163302.0213853149
268091,2025-01-20 00:06:36,19,18,606978.55,18,excess_vs_future_need_90d,784028.8452989149,13748.273913599998,770280.571385315,14,177050.2952989149,-163302.0213853149
268091,2025-01-20 00:06:36,19,18,606978.55,18,excess_vs_future_need_120d,784028.8452989149,13748.273913599998,770280.571385315,14,177050.2952989149,-163302.0213853149
268091,2025-01-20 00:06:36,19,18,606978.55,18,excess_vs_future_need_180d,784028.8452989149,13748.273913599998,770280.571385315,14,177050.2952989149,-163302.0213853149
268091,2025-01-20 00:06:36,19,18,606978.55,18,excess_vs_future_need_270d,784028.8452989149,240137.3952288,543891.450070115,14,177050.2952989149,63087.099929885095
268091,2025-01-20 00:06:36,19,18,606978.55,18,excess_vs_future_need_365d,784028.8452989149,374626.4353623999,409402.40993651515,14,177050.2952989149,197576.140063485
268091,2025-01-27 00:06:40,26,25,692705.41,25,excess_vs_coverage,777154.7083421149,351885.99883269996,425268.709509415,14,84449.2983421149,267436.70049058506
268091,2025-01-27 00:06:40,26,25,692705.41,25,excess_vs_demand_180d,777154.7083421149,677506.344916175,99648.36342594,14,84449.2983421149,593057.0465740601
268091,2025-01-27 00:06:40,26,25,692705.41,25,excess_vs_demand_90d,777154.7083421149,630648.727816175,146505.98052594002,14,84449.2983421149,546199.4294740601
268091,2025-01-27 00:06:40,26,25,692705.41,25,excess_vs_max_safety_coverage,777154.7083421149,443745.73625869997,333408.972083415,14,84449.2983421149,359296.43791658507
268091,2025-01-27 00:06:40,26,25,692705.41,25,excess_vs_safety_plus_coverage,777154.7083421149,364895.19883269997,412259.509509415,14,84449.2983421149,280445.9004905851
268091,2025-01-27 00:06:40,26,25,692705.41,25,excess_vs_target_stock,777154.7083421149,443745.73625869997,333408.972083415,14,84449.2983421149,359296.43791658507
268091,2025-01-27 00:06:40,26,25,692705.41,25,physical_stock_value,777154.7083421149,0.0,777154.7083421149,14,84449.2983421149,-84449.2983421149
268091,2025-01-27 00:06:40,26,25,692705.41,25,excess_vs_future_need_7d,777154.7083421149,0.0,777154.7083421149,14,84449.2983421149,-84449.2983421149
268091,2025-01-27 00:06:40,26,25,692705.41,25,excess_vs_future_need_14d,777154.7083421149,0.0,777154.7083421149,14,84449.2983421149,-84449.2983421149
268091,2025-01-27 00:06:40,26,25,692705.41,25,excess_vs_future_need_21d,777154.7083421149,0.0,777154.7083421149,14,84449.2983421149,-84449.2983421149
268091,2025-01-27 00:06:40,26,25,692705.41,25,excess_vs_future_need_30d,777154.7083421149,6874.136956799999,770280.571385315,14,84449.2983421149,-77575.1613853149
268091,2025-01-27 00:06:40,26,25,692705.41,25,excess_vs_future_need_45d,777154.7083421149,6874.136956799999,770280.571385315,14,84449.2983421149,-77575.1613853149
268091,2025-01-27 00:06:40,26,25,692705.41,25,excess_vs_future_need_60d,777154.7083421149,6874.136956799999,770280.571385315,14,84449.2983421149,-77575.1613853149
268091,2025-01-27 00:06:40,26,25,692705.41,25,excess_vs_future_need_90d,777154.7083421149,6874.136956799999,770280.571385315,14,84449.2983421149,-77575.1613853149
268091,2025-01-27 00:06:40,26,25,692705.41,25,excess_vs_future_need_120d,777154.7083421149,6874.136956799999,770280.571385315,14,84449.2983421149,-77575.1613853149
268091,2025-01-27 00:06:40,26,25,692705.41,25,excess_vs_future_need_180d,777154.7083421149,6874.136956799999,770280.571385315,14,84449.2983421149,-77575.1613853149
268091,2025-01-27 00:06:40,26,25,692705.41,25,excess_vs_future_need_270d,777154.7083421149,255858.64001279997,521296.068329315,14,84449.2983421149,171409.34167068507
268091,2025-01-27 00:06:40,26,25,692705.41,25,excess_vs_future_need_365d,777154.7083421149,372614.75573679985,404539.9526053151,14,84449.2983421149,288165.45739468496
268091,2025-02-03 00:06:15,33,32,613334.5,32,excess_vs_coverage,943430.164342115,351885.99883269996,591544.165509415,14,330095.66434211505,21790.334490584908
268091,2025-02-03 00:06:15,33,32,613334.5,32,excess_vs_demand_180d,943430.164342115,815431.800916175,127998.36342594,14,330095.66434211505,485336.13657405996
268091,2025-02-03 00:06:15,33,32,613334.5,32,excess_vs_demand_90d,943430.164342115,739446.780616175,203983.38372594002,14,330095.66434211505,409351.11627406
268091,2025-02-03 00:06:15,33,32,613334.5,32,excess_vs_max_safety_coverage,943430.164342115,522855.73625869997,420574.428083415,14,330095.66434211505,192760.07191658492
268091,2025-02-03 00:06:15,33,32,613334.5,32,excess_vs_safety_plus_coverage,943430.164342115,364895.19883269997,578534.965509415,14,330095.66434211505,34799.53449058492
268091,2025-02-03 00:06:15,33,32,613334.5,32,excess_vs_target_stock,943430.164342115,522855.73625869997,420574.428083415,14,330095.66434211505,192760.07191658492
268091,2025-02-03 00:06:15,33,32,613334.5,32,physical_stock_value,943430.164342115,0.0,943430.164342115,14,330095.66434211505,-330095.66434211505
268091,2025-02-03 00:06:15,33,32,613334.5,32,excess_vs_future_need_7d,943430.164342115,0.0,943430.1643421149,14,330095.66434211505,-330095.66434211505
268091,2025-02-03 00:06:15,33,32,613334.5,32,excess_vs_future_need_14d,943430.164342115,0.0,943430.1643421149,14,330095.66434211505,-330095.66434211505
268091,2025-02-03 00:06:15,33,32,613334.5,32,excess_vs_future_need_21d,943430.164342115,0.0,943430.1643421149,14,330095.66434211505,-330095.66434211505
268091,2025-02-03 00:06:15,33,32,613334.5,32,excess_vs_future_need_30d,943430.164342115,6874.136956799999,936556.027385315,14,330095.66434211505,-323221.52738531504
268091,2025-02-03 00:06:15,33,32,613334.5,32,excess_vs_future_need_45d,943430.164342115,6874.136956799999,936556.027385315,14,330095.66434211505,-323221.52738531504
268091,2025-02-03 00:06:15,33,32,613334.5,32,excess_vs_future_need_60d,943430.164342115,6874.136956799999,936556.027385315,14,330095.66434211505,-323221.52738531504
268091,2025-02-03 00:06:15,33,32,613334.5,32,excess_vs_future_need_90d,943430.164342115,6874.136956799999,936556.027385315,14,330095.66434211505,-323221.52738531504
268091,2025-02-03 00:06:15,33,32,613334.5,32,excess_vs_future_need_120d,943430.164342115,6874.136956799999,936556.027385315,14,330095.66434211505,-323221.52738531504
268091,2025-02-03 00:06:15,33,32,613334.5,32,excess_vs_future_need_180d,943430.164342115,6874.136956799999,936556.027385315,14,330095.66434211505,-323221.52738531504
268091,2025-02-03 00:06:15,33,32,613334.5,32,excess_vs_future_need_270d,943430.164342115,259624.53696959998,683805.6273725149,14,330095.66434211505,-70471.12737251507
268091,2025-02-03 00:06:15,33,32,613334.5,32,excess_vs_future_need_365d,943430.164342115,376261.59873519983,567168.565606915,14,330095.66434211505,46165.93439308478
268091,2025-02-10 00:06:11,40,39,656472.97,39,excess_vs_coverage,953862.664342115,351885.99883269996,601976.665509415,14,297389.6943421151,54496.30449058488
268091,2025-02-10 00:06:11,40,39,656472.97,39,excess_vs_demand_180d,953862.664342115,825864.300916175,127998.36342594,14,297389.6943421151,528474.6065740599
268091,2025-02-10 00:06:11,40,39,656472.97,39,excess_vs_demand_90d,953862.664342115,749879.280616175,203983.38372594002,14,297389.6943421151,452489.58627405996
268091,2025-02-10 00:06:11,40,39,656472.97,39,excess_vs_max_safety_coverage,953862.664342115,522855.73625869997,431006.928083415,14,297389.6943421151,225466.0419165849
268091,2025-02-10 00:06:11,40,39,656472.97,39,excess_vs_safety_plus_coverage,953862.664342115,364895.19883269997,588967.465509415,14,297389.6943421151,67505.50449058489
268091,2025-02-10 00:06:11,40,39,656472.97,39,excess_vs_target_stock,953862.664342115,522855.73625869997,431006.928083415,14,297389.6943421151,225466.0419165849
268091,2025-02-10 00:06:11,40,39,656472.97,39,physical_stock_value,953862.664342115,0.0,953862.664342115,14,297389.6943421151,-297389.6943421151
268091,2025-02-10 00:06:11,40,39,656472.97,39,excess_vs_future_need_7d,953862.664342115,0.0,953862.6643421149,14,297389.6943421151,-297389.6943421151
268091,2025-02-10 00:06:11,40,39,656472.97,39,excess_vs_future_need_14d,953862.664342115,0.0,953862.6643421149,14,297389.6943421151,-297389.6943421151
268091,2025-02-10 00:06:11,40,39,656472.97,39,excess_vs_future_need_21d,953862.664342115,6874.136956799999,946988.527385315,14,297389.6943421151,-290515.55738531507
268091,2025-02-10 00:06:11,40,39,656472.97,39,excess_vs_future_need_30d,953862.664342115,6874.136956799999,946988.527385315,14,297389.6943421151,-290515.55738531507
268091,2025-02-10 00:06:11,40,39,656472.97,39,excess_vs_future_need_45d,953862.664342115,6874.136956799999,946988.527385315,14,297389.6943421151,-290515.55738531507
268091,2025-02-10 00:06:11,40,39,656472.97,39,excess_vs_future_need_60d,953862.664342115,6874.136956799999,946988.527385315,14,297389.6943421151,-290515.55738531507
268091,2025-02-10 00:06:11,40,39,656472.97,39,excess_vs_future_need_90d,953862.664342115,6874.136956799999,946988.527385315,14,297389.6943421151,-290515.55738531507
268091,2025-02-10 00:06:11,40,39,656472.97,39,excess_vs_future_need_120d,953862.664342115,6874.136956799999,946988.527385315,14,297389.6943421151,-290515.55738531507
268091,2025-02-10 00:06:11,40,39,656472.97,39,excess_vs_future_need_180d,953862.664342115,6874.136956799999,946988.527385315,14,297389.6943421151,-290515.55738531507
268091,2025-02-10 00:06:11,40,39,656472.97,39,excess_vs_future_need_270d,953862.664342115,278983.6370904,674879.027251715,14,297389.6943421151,-18406.0572517151
268091,2025-02-10 00:06:11,40,39,656472.97,39,excess_vs_future_need_365d,953862.664342115,381124.05606639985,572738.6082757151,14,297389.6943421151,83734.36172428477
268091,2025-02-17 00:06:22,47,46,695644.81,46,excess_vs_coverage,975582.664342115,351885.99883269996,623696.665509415,14,279937.854342115,71948.14449058496
268091,2025-02-17 00:06:22,47,46,695644.81,46,excess_vs_demand_180d,975582.664342115,847584.300916175,127998.36342594,14,279937.854342115,567646.44657406
268091,2025-02-17 00:06:22,47,46,695644.81,46,excess_vs_demand_90d,975582.664342115,771599.280616175,203983.38372594002,14,279937.854342115,491661.42627406004
268091,2025-02-17 00:06:22,47,46,695644.81,46,excess_vs_max_safety_coverage,975582.664342115,522855.73625869997,452726.92808341497,14,279937.854342115,242917.88191658497
268091,2025-02-17 00:06:22,47,46,695644.81,46,excess_vs_safety_plus_coverage,975582.664342115,364895.19883269997,610687.465509415,14,279937.854342115,84957.34449058498
268091,2025-02-17 00:06:22,47,46,695644.81,46,excess_vs_target_stock,975582.664342115,522855.73625869997,452726.92808341497,14,279937.854342115,242917.88191658497
268091,2025-02-17 00:06:22,47,46,695644.81,46,physical_stock_value,975582.664342115,0.0,975582.664342115,14,279937.854342115,-279937.854342115
268091,2025-02-17 00:06:22,47,46,695644.81,46,excess_vs_future_need_7d,975582.664342115,0.0,975582.6643421149,14,279937.854342115,-279937.854342115
268091,2025-02-17 00:06:22,47,46,695644.81,46,excess_vs_future_need_14d,975582.664342115,6874.136956799999,968708.527385315,14,279937.854342115,-273063.717385315
268091,2025-02-17 00:06:22,47,46,695644.81,46,excess_vs_future_need_21d,975582.664342115,6874.136956799999,968708.527385315,14,279937.854342115,-273063.717385315
268091,2025-02-17 00:06:22,47,46,695644.81,46,excess_vs_future_need_30d,975582.664342115,6874.136956799999,968708.527385315,14,279937.854342115,-273063.717385315
268091,2025-02-17 00:06:22,47,46,695644.81,46,excess_vs_future_need_45d,975582.664342115,6874.136956799999,968708.527385315,14,279937.854342115,-273063.717385315
268091,2025-02-17 00:06:22,47,46,695644.81,46,excess_vs_future_need_60d,975582.664342115,6874.136956799999,968708.527385315,14,279937.854342115,-273063.717385315
268091,2025-02-17 00:06:22,47,46,695644.81,46,excess_vs_future_need_90d,975582.664342115,6874.136956799999,968708.527385315,14,279937.854342115,-273063.717385315
268091,2025-02-17 00:06:22,47,46,695644.81,46,excess_vs_future_need_120d,975582.664342115,6874.136956799999,968708.527385315,14,279937.854342115,-273063.717385315
268091,2025-02-17 00:06:22,47,46,695644.81,46,excess_vs_future_need_180d,975582.664342115,6874.136956799999,968708.527385315,14,279937.854342115,-273063.717385315
268091,2025-02-17 00:06:22,47,46,695644.81,46,excess_vs_future_need_270d,975582.664342115,289369.83483119996,686212.829510915,14,279937.854342115,9431.980489084963
268091,2025-02-17 00:06:22,47,46,695644.81,46,excess_vs_future_need_365d,975582.664342115,388444.3220247999,587138.342317315,14,279937.854342115,108506.46768268489
268091,2025-02-24 00:07:08,54,53,740448.32,53,excess_vs_coverage,1003932.664342115,351885.99883269996,652046.665509415,14,263484.3443421151,88401.65449058486
268091,2025-02-24 00:07:08,54,53,740448.32,53,excess_vs_demand_180d,1003932.664342115,847584.300916175,156348.36342593998,14,263484.3443421151,584099.9565740599
268091,2025-02-24 00:07:08,54,53,740448.32,53,excess_vs_demand_90d,1003932.664342115,771599.280616175,232333.38372594,14,263484.3443421151,508114.93627405993
268091,2025-02-24 00:07:08,54,53,740448.32,53,excess_vs_max_safety_coverage,1003932.664342115,522855.73625869997,481076.92808341497,14,263484.3443421151,259371.39191658486
268091,2025-02-24 00:07:08,54,53,740448.32,53,excess_vs_safety_plus_coverage,1003932.664342115,364895.19883269997,639037.465509415,14,263484.3443421151,101410.85449058487
268091,2025-02-24 00:07:08,54,53,740448.32,53,excess_vs_target_stock,1003932.664342115,522855.73625869997,481076.92808341497,14,263484.3443421151,259371.39191658486
268091,2025-02-24 00:07:08,54,53,740448.32,53,physical_stock_value,1003932.664342115,0.0,1003932.664342115,14,263484.3443421151,-263484.3443421151
268091,2025-02-24 00:07:08,54,53,740448.32,53,excess_vs_future_need_7d,1003932.664342115,6874.136956799999,997058.527385315,14,263484.3443421151,-256610.2073853151
268091,2025-02-24 00:07:08,54,53,740448.32,53,excess_vs_future_need_14d,1003932.664342115,6874.136956799999,997058.527385315,14,263484.3443421151,-256610.2073853151
268091,2025-02-24 00:07:08,54,53,740448.32,53,excess_vs_future_need_21d,1003932.664342115,6874.136956799999,997058.527385315,14,263484.3443421151,-256610.2073853151
268091,2025-02-24 00:07:08,54,53,740448.32,53,excess_vs_future_need_30d,1003932.664342115,6874.136956799999,997058.527385315,14,263484.3443421151,-256610.2073853151
268091,2025-02-24 00:07:08,54,53,740448.32,53,excess_vs_future_need_45d,1003932.664342115,6874.136956799999,997058.527385315,14,263484.3443421151,-256610.2073853151
268091,2025-02-24 00:07:08,54,53,740448.32,53,excess_vs_future_need_60d,1003932.664342115,6874.136956799999,997058.527385315,14,263484.3443421151,-256610.2073853151
268091,2025-02-24 00:07:08,54,53,740448.32,53,excess_vs_future_need_90d,1003932.664342115,6874.136956799999,997058.527385315,14,263484.3443421151,-256610.2073853151
268091,2025-02-24 00:07:08,54,53,740448.32,53,excess_vs_future_need_120d,1003932.664342115,6874.136956799999,997058.527385315,14,263484.3443421151,-256610.2073853151
268091,2025-02-24 00:07:08,54,53,740448.32,53,excess_vs_future_need_180d,1003932.664342115,6874.136956799999,997058.527385315,14,263484.3443421151,-256610.2073853151
268091,2025-02-24 00:07:08,54,53,740448.32,53,excess_vs_future_need_270d,1003932.664342115,304949.1314424,698983.532899715,14,263484.3443421151,41464.787100284884
268091,2025-02-24 00:07:08,54,53,740448.32,53,excess_vs_future_need_365d,1003932.664342115,395597.21078319993,608335.4535589151,14,263484.3443421151,132112.86644108483
268091,2025-03-03 00:06:40,61,60,715265.49,60,excess_vs_coverage,1023428.527385315,346227.4762087,677201.051176615,14,308163.03738531505,38064.43882338493
268091,2025-03-03 00:06:40,61,60,715265.49,60,excess_vs_demand_180d,1023428.527385315,867116.996279375,156311.53110594,14,308163.03738531505,558953.95889406
268091,2025-03-03 00:06:40,61,60,715265.49,60,excess_vs_demand_90d,1023428.527385315,791225.518379375,232203.00900594002,14,308163.03738531505,483062.48099405994
268091,2025-03-03 00:06:40,61,60,715265.49,60,excess_vs_max_safety_coverage,1023428.527385315,543250.3095227,480178.217862615,14,308163.03738531505,235087.27213738498
268091,2025-03-03 00:06:40,61,60,715265.49,60,excess_vs_safety_plus_coverage,1023428.527385315,359236.6762087,664191.851176615,14,308163.03738531505,51073.63882338494
268091,2025-03-03 00:06:40,61,60,715265.49,60,excess_vs_target_stock,1023428.527385315,543250.3095227,480178.217862615,14,308163.03738531505,235087.27213738498
268091,2025-03-03 00:06:40,61,60,715265.49,60,physical_stock_value,1023428.527385315,0.0,1023428.527385315,14,308163.03738531505,-308163.03738531505
268091,2025-03-03 00:06:40,61,60,715265.49,60,excess_vs_future_need_7d,1023428.527385315,0.0,1023428.527385315,14,308163.03738531505,-308163.03738531505
268091,2025-03-03 00:06:40,61,60,715265.49,60,excess_vs_future_need_14d,1023428.527385315,0.0,1023428.527385315,14,308163.03738531505,-308163.03738531505
268091,2025-03-03 00:06:40,61,60,715265.49,60,excess_vs_future_need_21d,1023428.527385315,0.0,1023428.527385315,14,308163.03738531505,-308163.03738531505
268091,2025-03-03 00:06:40,61,60,715265.49,60,excess_vs_future_need_30d,1023428.527385315,0.0,1023428.527385315,14,308163.03738531505,-308163.03738531505
268091,2025-03-03 00:06:40,61,60,715265.49,60,excess_vs_future_need_45d,1023428.527385315,0.0,1023428.527385315,14,308163.03738531505,-308163.03738531505
268091,2025-03-03 00:06:40,61,60,715265.49,60,excess_vs_future_need_60d,1023428.527385315,0.0,1023428.527385315,14,308163.03738531505,-308163.03738531505
268091,2025-03-03 00:06:40,61,60,715265.49,60,excess_vs_future_need_90d,1023428.527385315,0.0,1023428.527385315,14,308163.03738531505,-308163.03738531505
268091,2025-03-03 00:06:40,61,60,715265.49,60,excess_vs_future_need_120d,1023428.527385315,0.0,1023428.527385315,14,308163.03738531505,-308163.03738531505
268091,2025-03-03 00:06:40,61,60,715265.49,60,excess_vs_future_need_180d,1023428.527385315,27496.547827199996,995931.979558115,14,308163.03738531505,-280666.4895581151
268091,2025-03-03 00:06:40,61,60,715265.49,60,excess_vs_future_need_270d,1023428.527385315,322309.4558808,701119.071504515,14,308163.03738531505,14146.418495484919
268091,2025-03-03 00:06:40,61,60,715265.49,60,excess_vs_future_need_365d,1023428.527385315,395875.96258479997,627552.5648005151,14,308163.03738531505,87712.92519948492
268091,2025-03-10 00:06:22,68,67,823262.17,67,excess_vs_coverage,1051957.027385315,348385.9762087,703571.051176615,14,228694.85738531488,119691.1188233851
268091,2025-03-10 00:06:22,68,67,823262.17,67,excess_vs_demand_180d,1051957.027385315,895645.4962793749,156311.53110594,14,228694.85738531488,666950.63889406
268091,2025-03-10 00:06:22,68,67,823262.17,67,excess_vs_demand_90d,1051957.027385315,819754.018379375,232203.00900594002,14,228694.85738531488,591059.1609940601
268091,2025-03-10 00:06:22,68,67,823262.17,67,excess_vs_max_safety_coverage,1051957.027385315,559427.0640187,492529.96336661506,14,228694.85738531488,330732.20663338515
268091,2025-03-10 00:06:22,68,67,823262.17,67,excess_vs_safety_plus_coverage,1051957.027385315,361395.1762087,690561.851176615,14,228694.85738531488,132700.3188233851
268091,2025-03-10 00:06:22,68,67,823262.17,67,excess_vs_target_stock,1051957.027385315,559427.0640187,492529.96336661506,14,228694.85738531488,330732.20663338515
268091,2025-03-10 00:06:22,68,67,823262.17,67,physical_stock_value,1051957.027385315,0.0,1051957.027385315,14,228694.85738531488,-228694.85738531488
268091,2025-03-10 00:06:22,68,67,823262.17,67,excess_vs_future_need_7d,1051957.027385315,0.0,1051957.027385315,14,228694.85738531488,-228694.85738531488
268091,2025-03-10 00:06:22,68,67,823262.17,67,excess_vs_future_need_14d,1051957.027385315,0.0,1051957.027385315,14,228694.85738531488,-228694.85738531488
268091,2025-03-10 00:06:22,68,67,823262.17,67,excess_vs_future_need_21d,1051957.027385315,0.0,1051957.027385315,14,228694.85738531488,-228694.85738531488
268091,2025-03-10 00:06:22,68,67,823262.17,67,excess_vs_future_need_30d,1051957.027385315,0.0,1051957.027385315,14,228694.85738531488,-228694.85738531488
268091,2025-03-10 00:06:22,68,67,823262.17,67,excess_vs_future_need_45d,1051957.027385315,0.0,1051957.027385315,14,228694.85738531488,-228694.85738531488
268091,2025-03-10 00:06:22,68,67,823262.17,67,excess_vs_future_need_60d,1051957.027385315,0.0,1051957.027385315,14,228694.85738531488,-228694.85738531488
268091,2025-03-10 00:06:22,68,67,823262.17,67,excess_vs_future_need_90d,1051957.027385315,0.0,1051957.027385315,14,228694.85738531488,-228694.85738531488
268091,2025-03-10 00:06:22,68,67,823262.17,67,excess_vs_future_need_120d,1051957.027385315,0.0,1051957.027385315,14,228694.85738531488,-228694.85738531488
268091,2025-03-10 00:06:22,68,67,823262.17,67,excess_vs_future_need_180d,1051957.027385315,61867.232611199994,990089.7947741151,14,228694.85738531488,-166827.6247741149
268091,2025-03-10 00:06:22,68,67,823262.17,67,excess_vs_future_need_270d,1051957.027385315,324467.9558808,727489.071504515,14,228694.85738531488,95773.09849548509
268091,2025-03-10 00:06:22,68,67,823262.17,67,excess_vs_future_need_365d,1051957.027385315,401099.98633839993,650857.0410469151,14,228694.85738531488,172405.12895308505
268091,2025-03-17 00:06:59,75,74,899331.26,74,excess_vs_coverage,1075772.527385315,354861.4762087,720911.051176615,14,176441.26738531492,178420.20882338507
268091,2025-03-17 00:06:59,75,74,899331.26,74,excess_vs_demand_180d,1075772.527385315,919460.9962793749,156311.53110594,14,176441.26738531492,743019.72889406
268091,2025-03-17 00:06:59,75,74,899331.26,74,excess_vs_demand_90d,1075772.527385315,843569.518379375,232203.00900594002,14,176441.26738531492,667128.2509940601
268091,2025-03-17 00:06:59,75,74,899331.26,74,excess_vs_max_safety_coverage,1075772.527385315,565902.5640187,509869.96336661506,14,176441.26738531492,389461.2966333851
268091,2025-03-17 00:06:59,75,74,899331.26,74,excess_vs_safety_plus_coverage,1075772.527385315,367870.6762087,707901.851176615,14,176441.26738531492,191429.40882338508
268091,2025-03-17 00:06:59,75,74,899331.26,74,excess_vs_target_stock,1075772.527385315,565902.5640187,509869.96336661506,14,176441.26738531492,389461.2966333851
268091,2025-03-17 00:06:59,75,74,899331.26,74,physical_stock_value,1075772.527385315,0.0,1075772.527385315,14,176441.26738531492,-176441.26738531492
268091,2025-03-17 00:06:59,75,74,899331.26,74,excess_vs_future_need_7d,1075772.527385315,0.0,1075772.527385315,14,176441.26738531492,-176441.26738531492
268091,2025-03-17 00:06:59,75,74,899331.26,74,excess_vs_future_need_14d,1075772.527385315,0.0,1075772.527385315,14,176441.26738531492,-176441.26738531492
268091,2025-03-17 00:06:59,75,74,899331.26,74,excess_vs_future_need_21d,1075772.527385315,0.0,1075772.527385315,14,176441.26738531492,-176441.26738531492
268091,2025-03-17 00:06:59,75,74,899331.26,74,excess_vs_future_need_30d,1075772.527385315,0.0,1075772.527385315,14,176441.26738531492,-176441.26738531492
268091,2025-03-17 00:06:59,75,74,899331.26,74,excess_vs_future_need_45d,1075772.527385315,0.0,1075772.527385315,14,176441.26738531492,-176441.26738531492
268091,2025-03-17 00:06:59,75,74,899331.26,74,excess_vs_future_need_60d,1075772.527385315,0.0,1075772.527385315,14,176441.26738531492,-176441.26738531492
268091,2025-03-17 00:06:59,75,74,899331.26,74,excess_vs_future_need_90d,1075772.527385315,0.0,1075772.527385315,14,176441.26738531492,-176441.26738531492
268091,2025-03-17 00:06:59,75,74,899331.26,74,excess_vs_future_need_120d,1075772.527385315,0.0,1075772.527385315,14,176441.26738531492,-176441.26738531492
268091,2025-03-17 00:06:59,75,74,899331.26,74,excess_vs_future_need_180d,1075772.527385315,96237.9173952,979534.609990115,14,176441.26738531492,-80203.34999011492
268091,2025-03-17 00:06:59,75,74,899331.26,74,excess_vs_future_need_270d,1075772.527385315,340337.4174615999,735435.1099237151,14,176441.26738531492,163896.150076285
268091,2025-03-17 00:06:59,75,74,899331.26,74,excess_vs_future_need_365d,1075772.527385315,412684.6925943999,663087.834790915,14,176441.26738531492,236243.425209085
268091,2025-03-24 00:06:50,82,81,826291.24,81,excess_vs_coverage,1081168.777385315,360257.7262087,720911.051176615,14,254877.53738531494,105380.18882338505
268091,2025-03-24 00:06:50,82,81,826291.24,81,excess_vs_demand_180d,1081168.777385315,924857.2462793749,156311.53110594,14,254877.53738531494,669979.70889406
268091,2025-03-24 00:06:50,82,81,826291.24,81,excess_vs_demand_90d,1081168.777385315,848965.768379375,232203.00900594002,14,254877.53738531494,594088.23099406
268091,2025-03-24 00:06:50,82,81,826291.24,81,excess_vs_max_safety_coverage,1081168.777385315,571298.8140187,509869.96336661506,14,254877.53738531494,316421.2766333851
268091,2025-03-24 00:06:50,82,81,826291.24,81,excess_vs_safety_plus_coverage,1081168.777385315,373266.9262087,707901.851176615,14,254877.53738531494,118389.38882338506
268091,2025-03-24 00:06:50,82,81,826291.24,81,excess_vs_target_stock,1081168.777385315,571298.8140187,509869.96336661506,14,254877.53738531494,316421.2766333851
268091,2025-03-24 00:06:50,82,81,826291.24,81,physical_stock_value,1081168.777385315,0.0,1081168.777385315,14,254877.53738531494,-254877.53738531494
268091,2025-03-24 00:06:50,82,81,826291.24,81,excess_vs_future_need_7d,1081168.777385315,0.0,1081168.777385315,14,254877.53738531494,-254877.53738531494
268091,2025-03-24 00:06:50,82,81,826291.24,81,excess_vs_future_need_14d,1081168.777385315,0.0,1081168.777385315,14,254877.53738531494,-254877.53738531494
268091,2025-03-24 00:06:50,82,81,826291.24,81,excess_vs_future_need_21d,1081168.777385315,0.0,1081168.777385315,14,254877.53738531494,-254877.53738531494
268091,2025-03-24 00:06:50,82,81,826291.24,81,excess_vs_future_need_30d,1081168.777385315,0.0,1081168.777385315,14,254877.53738531494,-254877.53738531494
268091,2025-03-24 00:06:50,82,81,826291.24,81,excess_vs_future_need_45d,1081168.777385315,0.0,1081168.777385315,14,254877.53738531494,-254877.53738531494
268091,2025-03-24 00:06:50,82,81,826291.24,81,excess_vs_future_need_60d,1081168.777385315,0.0,1081168.777385315,14,254877.53738531494,-254877.53738531494
268091,2025-03-24 00:06:50,82,81,826291.24,81,excess_vs_future_need_90d,1081168.777385315,0.0,1081168.777385315,14,254877.53738531494,-254877.53738531494
268091,2025-03-24 00:06:50,82,81,826291.24,81,excess_vs_future_need_120d,1081168.777385315,0.0,1081168.777385315,14,254877.53738531494,-254877.53738531494
268091,2025-03-24 00:06:50,82,81,826291.24,81,excess_vs_future_need_180d,1081168.777385315,137482.739136,943686.038249315,14,254877.53738531494,-117394.79824931495
268091,2025-03-24 00:06:50,82,81,826291.24,81,excess_vs_future_need_270d,1081168.777385315,360321.0394551999,720847.7379301152,14,254877.53738531494,105443.50206988497
268091,2025-03-24 00:06:50,82,81,826291.24,81,excess_vs_future_need_365d,1081168.777385315,425233.83135279996,655934.946032515,14,254877.53738531494,170356.29396748502
268091,2025-03-31 00:07:56,89,88,860620.24,88,excess_vs_coverage,1097425.027385315,365653.9762087,731771.0511766151,14,236804.78738531494,128849.18882338505
268091,2025-03-31 00:07:56,89,88,860620.24,88,excess_vs_demand_180d,1097425.027385315,941113.4962793749,156311.53110594,14,236804.78738531494,704308.70889406
268091,2025-03-31 00:07:56,89,88,860620.24,88,excess_vs_demand_90d,1097425.027385315,865222.018379375,232203.00900594002,14,236804.78738531494,628417.23099406
268091,2025-03-31 00:07:56,89,88,860620.24,88,excess_vs_max_safety_coverage,1097425.027385315,576695.0640187,520729.96336661506,14,236804.78738531494,339890.2766333851
268091,2025-03-31 00:07:56,89,88,860620.24,88,excess_vs_safety_plus_coverage,1097425.027385315,378663.1762087,718761.851176615,14,236804.78738531494,141858.38882338506
268091,2025-03-31 00:07:56,89,88,860620.24,88,excess_vs_target_stock,1097425.027385315,576695.0640187,520729.96336661506,14,236804.78738531494,339890.2766333851
268091,2025-03-31 00:07:56,89,88,860620.24,88,physical_stock_value,1097425.027385315,0.0,1097425.027385315,14,236804.78738531494,-236804.78738531494
268091,2025-03-31 00:07:56,89,88,860620.24,88,excess_vs_future_need_7d,1097425.027385315,0.0,1097425.027385315,14,236804.78738531494,-236804.78738531494
268091,2025-03-31 00:07:56,89,88,860620.24,88,excess_vs_future_need_14d,1097425.027385315,0.0,1097425.027385315,14,236804.78738531494,-236804.78738531494
268091,2025-03-31 00:07:56,89,88,860620.24,88,excess_vs_future_need_21d,1097425.027385315,0.0,1097425.027385315,14,236804.78738531494,-236804.78738531494
268091,2025-03-31 00:07:56,89,88,860620.24,88,excess_vs_future_need_30d,1097425.027385315,0.0,1097425.027385315,14,236804.78738531494,-236804.78738531494
268091,2025-03-31 00:07:56,89,88,860620.24,88,excess_vs_future_need_45d,1097425.027385315,0.0,1097425.027385315,14,236804.78738531494,-236804.78738531494
268091,2025-03-31 00:07:56,89,88,860620.24,88,excess_vs_future_need_60d,1097425.027385315,0.0,1097425.027385315,14,236804.78738531494,-236804.78738531494
268091,2025-03-31 00:07:56,89,88,860620.24,88,excess_vs_future_need_90d,1097425.027385315,0.0,1097425.027385315,14,236804.78738531494,-236804.78738531494
268091,2025-03-31 00:07:56,89,88,860620.24,88,excess_vs_future_need_120d,1097425.027385315,0.0,1097425.027385315,14,236804.78738531494,-236804.78738531494
268091,2025-03-31 00:07:56,89,88,860620.24,88,excess_vs_future_need_180d,1097425.027385315,185601.6978336,911823.329551715,14,236804.78738531494,-51203.08955171495
268091,2025-03-31 00:07:56,89,88,860620.24,88,excess_vs_future_need_270d,1097425.027385315,380304.6614487999,717120.3659365152,14,236804.78738531494,143499.87406348495
268091,2025-03-31 00:07:56,89,88,860620.24,88,excess_vs_future_need_365d,1097425.027385315,435739.28760879993,661685.739776515,14,236804.78738531494,198934.500223485
268091,2025-04-07 00:06:16,96,95,844469.28,95,excess_vs_coverage,1102821.277385315,371050.2262087,731771.0511766151,14,258351.9973853149,112698.22882338508
268091,2025-04-07 00:06:16,96,95,844469.28,95,excess_vs_demand_180d,1102821.277385315,946509.7462793749,156311.53110594,14,258351.9973853149,688157.74889406
268091,2025-04-07 00:06:16,96,95,844469.28,95,excess_vs_demand_90d,1102821.277385315,870618.268379375,232203.00900594002,14,258351.9973853149,612266.2709940601
268091,2025-04-07 00:06:16,96,95,844469.28,95,excess_vs_max_safety_coverage,1102821.277385315,582091.3140187,520729.96336661506,14,258351.9973853149,323739.31663338514
268091,2025-04-07 00:06:16,96,95,844469.28,95,excess_vs_safety_plus_coverage,1102821.277385315,384059.4262087,718761.851176615,14,258351.9973853149,125707.4288233851
268091,2025-04-07 00:06:16,96,95,844469.28,95,excess_vs_target_stock,1102821.277385315,582091.3140187,520729.96336661506,14,258351.9973853149,323739.31663338514
268091,2025-04-07 00:06:16,96,95,844469.28,95,physical_stock_value,1102821.277385315,0.0,1102821.277385315,14,258351.9973853149,-258351.9973853149
268091,2025-04-07 00:06:16,96,95,844469.28,95,excess_vs_future_need_7d,1102821.277385315,0.0,1102821.277385315,14,258351.9973853149,-258351.9973853149
268091,2025-04-07 00:06:16,96,95,844469.28,95,excess_vs_future_need_14d,1102821.277385315,0.0,1102821.277385315,14,258351.9973853149,-258351.9973853149
268091,2025-04-07 00:06:16,96,95,844469.28,95,excess_vs_future_need_21d,1102821.277385315,0.0,1102821.277385315,14,258351.9973853149,-258351.9973853149
268091,2025-04-07 00:06:16,96,95,844469.28,95,excess_vs_future_need_30d,1102821.277385315,0.0,1102821.277385315,14,258351.9973853149,-258351.9973853149
268091,2025-04-07 00:06:16,96,95,844469.28,95,excess_vs_future_need_45d,1102821.277385315,0.0,1102821.277385315,14,258351.9973853149,-258351.9973853149
268091,2025-04-07 00:06:16,96,95,844469.28,95,excess_vs_future_need_60d,1102821.277385315,0.0,1102821.277385315,14,258351.9973853149,-258351.9973853149
268091,2025-04-07 00:06:16,96,95,844469.28,95,excess_vs_future_need_90d,1102821.277385315,0.0,1102821.277385315,14,258351.9973853149,-258351.9973853149
268091,2025-04-07 00:06:16,96,95,844469.28,95,excess_vs_future_need_120d,1102821.277385315,0.0,1102821.277385315,14,258351.9973853149,-258351.9973853149
268091,2025-04-07 00:06:16,96,95,844469.28,95,excess_vs_future_need_180d,1102821.277385315,199349.97174719998,903471.305638115,14,258351.9973853149,-59002.02563811492
268091,2025-04-07 00:06:16,96,95,844469.28,95,excess_vs_future_need_270d,1102821.277385315,385700.9114487999,717120.3659365152,14,258351.9973853149,127348.91406348499
268091,2025-04-07 00:06:16,96,95,844469.28,95,excess_vs_future_need_365d,1102821.277385315,441135.53760879993,661685.739776515,14,258351.9973853149,182783.54022348503
268091,2025-04-14 00:06:44,103,102,949947.4,102,excess_vs_coverage,1108217.527385315,376446.4762087,731771.0511766151,14,158270.1273853149,218176.34882338508
268091,2025-04-14 00:06:44,103,102,949947.4,102,excess_vs_demand_180d,1108217.527385315,951905.9962793749,156311.53110594,14,158270.1273853149,793635.86889406
268091,2025-04-14 00:06:44,103,102,949947.4,102,excess_vs_demand_90d,1108217.527385315,876014.518379375,232203.00900594002,14,158270.1273853149,717744.3909940601
268091,2025-04-14 00:06:44,103,102,949947.4,102,excess_vs_max_safety_coverage,1108217.527385315,587487.5640187,520729.96336661506,14,158270.1273853149,429217.43663338514
268091,2025-04-14 00:06:44,103,102,949947.4,102,excess_vs_safety_plus_coverage,1108217.527385315,389455.6762087,718761.851176615,14,158270.1273853149,231185.5488233851
268091,2025-04-14 00:06:44,103,102,949947.4,102,excess_vs_target_stock,1108217.527385315,587487.5640187,520729.96336661506,14,158270.1273853149,429217.43663338514
268091,2025-04-14 00:06:44,103,102,949947.4,102,physical_stock_value,1108217.527385315,0.0,1108217.527385315,14,158270.1273853149,-158270.1273853149
268091,2025-04-14 00:06:44,103,102,949947.4,102,excess_vs_future_need_7d,1108217.527385315,0.0,1108217.527385315,14,158270.1273853149,-158270.1273853149
268091,2025-04-14 00:06:44,103,102,949947.4,102,excess_vs_future_need_14d,1108217.527385315,0.0,1108217.527385315,14,158270.1273853149,-158270.1273853149
268091,2025-04-14 00:06:44,103,102,949947.4,102,excess_vs_future_need_21d,1108217.527385315,0.0,1108217.527385315,14,158270.1273853149,-158270.1273853149
268091,2025-04-14 00:06:44,103,102,949947.4,102,excess_vs_future_need_30d,1108217.527385315,0.0,1108217.527385315,14,158270.1273853149,-158270.1273853149
268091,2025-04-14 00:06:44,103,102,949947.4,102,excess_vs_future_need_45d,1108217.527385315,0.0,1108217.527385315,14,158270.1273853149,-158270.1273853149
268091,2025-04-14 00:06:44,103,102,949947.4,102,excess_vs_future_need_60d,1108217.527385315,0.0,1108217.527385315,14,158270.1273853149,-158270.1273853149
268091,2025-04-14 00:06:44,103,102,949947.4,102,excess_vs_future_need_90d,1108217.527385315,0.0,1108217.527385315,14,158270.1273853149,-158270.1273853149
268091,2025-04-14 00:06:44,103,102,949947.4,102,excess_vs_future_need_120d,1108217.527385315,0.0,1108217.527385315,14,158270.1273853149,-158270.1273853149
268091,2025-04-14 00:06:44,103,102,949947.4,102,excess_vs_future_need_180d,1108217.527385315,226846.51957439998,881371.0078109151,14,158270.1273853149,68576.39218908508
268091,2025-04-14 00:06:44,103,102,949947.4,102,excess_vs_future_need_270d,1108217.527385315,391097.1614487999,717120.3659365152,14,158270.1273853149,232827.03406348499
268091,2025-04-14 00:06:44,103,102,949947.4,102,excess_vs_future_need_365d,1108217.527385315,451402.0603448,656815.467040515,14,158270.1273853149,293131.9329594851
268091,2025-04-21 00:06:39,110,109,986757.36,109,excess_vs_coverage,1178815.527385315,394304.4762087,784511.0511766151,14,192058.16738531494,202246.30882338504
268091,2025-04-21 00:06:39,110,109,986757.36,109,excess_vs_demand_180d,1178815.527385315,1022503.9962793749,156311.53110594,14,192058.16738531494,830445.82889406
268091,2025-04-21 00:06:39,110,109,986757.36,109,excess_vs_demand_90d,1178815.527385315,946612.518379375,232203.00900594002,14,192058.16738531494,754554.35099406
268091,2025-04-21 00:06:39,110,109,986757.36,109,excess_vs_max_safety_coverage,1178815.527385315,605345.5640187,573469.9633666151,14,192058.16738531494,413287.3966333851
268091,2025-04-21 00:06:39,110,109,986757.36,109,excess_vs_safety_plus_coverage,1178815.527385315,407313.6762087,771501.851176615,14,192058.16738531494,215255.50882338505
268091,2025-04-21 00:06:39,110,109,986757.36,109,excess_vs_target_stock,1178815.527385315,605345.5640187,573469.9633666151,14,192058.16738531494,413287.3966333851
268091,2025-04-21 00:06:39,110,109,986757.36,109,physical_stock_value,1178815.527385315,0.0,1178815.527385315,14,192058.16738531494,-192058.16738531494
268091,2025-04-21 00:06:39,110,109,986757.36,109,excess_vs_future_need_7d,1178815.527385315,0.0,1178815.527385315,14,192058.16738531494,-192058.16738531494
268091,2025-04-21 00:06:39,110,109,986757.36,109,excess_vs_future_need_14d,1178815.527385315,0.0,1178815.527385315,14,192058.16738531494,-192058.16738531494
268091,2025-04-21 00:06:39,110,109,986757.36,109,excess_vs_future_need_21d,1178815.527385315,0.0,1178815.527385315,14,192058.16738531494,-192058.16738531494
268091,2025-04-21 00:06:39,110,109,986757.36,109,excess_vs_future_need_30d,1178815.527385315,0.0,1178815.527385315,14,192058.16738531494,-192058.16738531494
268091,2025-04-21 00:06:39,110,109,986757.36,109,excess_vs_future_need_45d,1178815.527385315,0.0,1178815.527385315,14,192058.16738531494,-192058.16738531494
268091,2025-04-21 00:06:39,110,109,986757.36,109,excess_vs_future_need_60d,1178815.527385315,0.0,1178815.527385315,14,192058.16738531494,-192058.16738531494
268091,2025-04-21 00:06:39,110,109,986757.36,109,excess_vs_future_need_90d,1178815.527385315,0.0,1178815.527385315,14,192058.16738531494,-192058.16738531494
268091,2025-04-21 00:06:39,110,109,986757.36,109,excess_vs_future_need_120d,1178815.527385315,0.0,1178815.527385315,14,192058.16738531494,-192058.16738531494
268091,2025-04-21 00:06:39,110,109,986757.36,109,excess_vs_future_need_180d,1178815.527385315,271166.51827199996,907649.009113315,14,192058.16738531494,79108.35088668502
268091,2025-04-21 00:06:39,110,109,986757.36,109,excess_vs_future_need_270d,1178815.527385315,408955.1614487999,769860.3659365152,14,192058.16738531494,216896.99406348495
268091,2025-04-21 00:06:39,110,109,986757.36,109,excess_vs_future_need_365d,1178815.527385315,474536.54702319996,704278.9803621151,14,192058.16738531494,282478.379637885
268091,2025-04-28 00:07:06,117,116,950013.26,116,excess_vs_coverage,1311979.327385315,423629.8911367,888349.436248615,14,361966.06738531496,61663.82375138503
268091,2025-04-28 00:07:06,117,116,950013.26,116,excess_vs_demand_180d,1311979.327385315,1155667.796279375,156311.53110594,14,361966.06738531496,793701.72889406
268091,2025-04-28 00:07:06,117,116,950013.26,116,excess_vs_demand_90d,1311979.327385315,1079776.318379375,232203.00900594002,14,361966.06738531496,717810.25099406
268091,2025-04-28 00:07:06,117,116,950013.26,116,excess_vs_max_safety_coverage,1311979.327385315,692956.2350107,619023.0923746151,14,361966.06738531496,330990.167625385
268091,2025-04-28 00:07:06,117,116,950013.26,116,excess_vs_safety_plus_coverage,1311979.327385315,436639.0911367,875340.236248615,14,361966.06738531496,74673.02375138504
268091,2025-04-28 00:07:06,117,116,950013.26,116,excess_vs_target_stock,1311979.327385315,692956.2350107,619023.0923746151,14,361966.06738531496,330990.167625385
268091,2025-04-28 00:07:06,117,116,950013.26,116,physical_stock_value,1311979.327385315,0.0,1311979.327385315,14,361966.06738531496,-361966.06738531496
268091,2025-04-28 00:07:06,117,116,950013.26,116,excess_vs_future_need_7d,1311979.327385315,0.0,1311979.327385315,14,361966.06738531496,-361966.06738531496
268091,2025-04-28 00:07:06,117,116,950013.26,116,excess_vs_future_need_14d,1311979.327385315,0.0,1311979.327385315,14,361966.06738531496,-361966.06738531496
268091,2025-04-28 00:07:06,117,116,950013.26,116,excess_vs_future_need_21d,1311979.327385315,0.0,1311979.327385315,14,361966.06738531496,-361966.06738531496
268091,2025-04-28 00:07:06,117,116,950013.26,116,excess_vs_future_need_30d,1311979.327385315,0.0,1311979.327385315,14,361966.06738531496,-361966.06738531496
268091,2025-04-28 00:07:06,117,116,950013.26,116,excess_vs_future_need_45d,1311979.327385315,0.0,1311979.327385315,14,361966.06738531496,-361966.06738531496
268091,2025-04-28 00:07:06,117,116,950013.26,116,excess_vs_future_need_60d,1311979.327385315,0.0,1311979.327385315,14,361966.06738531496,-361966.06738531496
268091,2025-04-28 00:07:06,117,116,950013.26,116,excess_vs_future_need_90d,1311979.327385315,0.0,1311979.327385315,14,361966.06738531496,-361966.06738531496
268091,2025-04-28 00:07:06,117,116,950013.26,116,excess_vs_future_need_120d,1311979.327385315,0.0,1311979.327385315,14,361966.06738531496,-361966.06738531496
268091,2025-04-28 00:07:06,117,116,950013.26,116,excess_vs_future_need_180d,1311979.327385315,308871.40001279995,1003107.9273725151,14,361966.06738531496,-53094.66737251502
268091,2025-04-28 00:07:06,117,116,950013.26,116,excess_vs_future_need_270d,1311979.327385315,444492.4445848,867486.882800515,14,361966.06738531496,82526.37719948502
268091,2025-04-28 00:07:06,117,116,950013.26,116,excess_vs_future_need_365d,1311979.327385315,545599.0269656002,766380.3004197148,14,361966.06738531496,183632.95958028524
268091,2025-05-05 00:06:41,124,123,952816.2,123,excess_vs_coverage,1369942.577385315,455223.1411367,914719.436248615,14,417126.377385315,38096.76375138498
268091,2025-05-05 00:06:41,124,123,952816.2,123,excess_vs_demand_180d,1369942.577385315,1213631.046279375,156311.53110594,14,417126.377385315,796504.66889406
268091,2025-05-05 00:06:41,124,123,952816.2,123,excess_vs_demand_90d,1369942.577385315,1137739.568379375,232203.00900594002,14,417126.377385315,720613.1909940599
268091,2025-05-05 00:06:41,124,123,952816.2,123,excess_vs_max_safety_coverage,1369942.577385315,724549.4850107,645393.092374615,14,417126.377385315,307423.10762538493
268091,2025-05-05 00:06:41,124,123,952816.2,123,excess_vs_safety_plus_coverage,1369942.577385315,468232.3411367,901710.236248615,14,417126.377385315,51105.96375138499
268091,2025-05-05 00:06:41,124,123,952816.2,123,excess_vs_target_stock,1369942.577385315,724549.4850107,645393.092374615,14,417126.377385315,307423.10762538493
268091,2025-05-05 00:06:41,124,123,952816.2,123,physical_stock_value,1369942.577385315,0.0,1369942.577385315,14,417126.377385315,-417126.377385315
268091,2025-05-05 00:06:41,124,123,952816.2,123,excess_vs_future_need_7d,1369942.577385315,0.0,1369942.577385315,14,417126.377385315,-417126.377385315
268091,2025-05-05 00:06:41,124,123,952816.2,123,excess_vs_future_need_14d,1369942.577385315,0.0,1369942.577385315,14,417126.377385315,-417126.377385315
268091,2025-05-05 00:06:41,124,123,952816.2,123,excess_vs_future_need_21d,1369942.577385315,0.0,1369942.577385315,14,417126.377385315,-417126.377385315
268091,2025-05-05 00:06:41,124,123,952816.2,123,excess_vs_future_need_30d,1369942.577385315,0.0,1369942.577385315,14,417126.377385315,-417126.377385315
268091,2025-05-05 00:06:41,124,123,952816.2,123,excess_vs_future_need_45d,1369942.577385315,0.0,1369942.577385315,14,417126.377385315,-417126.377385315
268091,2025-05-05 00:06:41,124,123,952816.2,123,excess_vs_future_need_60d,1369942.577385315,0.0,1369942.577385315,14,417126.377385315,-417126.377385315
268091,2025-05-05 00:06:41,124,123,952816.2,123,excess_vs_future_need_90d,1369942.577385315,0.0,1369942.577385315,14,417126.377385315,-417126.377385315
268091,2025-05-05 00:06:41,124,123,952816.2,123,excess_vs_future_need_120d,1369942.577385315,48118.9586976,1321823.618687715,14,417126.377385315,-369007.418687715
268091,2025-05-05 00:06:41,124,123,952816.2,123,excess_vs_future_need_180d,1369942.577385315,316210.30001279997,1053732.277372515,14,417126.377385315,-100916.07737251505
268091,2025-05-05 00:06:41,124,123,952816.2,123,excess_vs_future_need_270d,1369942.577385315,484740.85936879995,885201.718016515,14,417126.377385315,67614.48198348493
268091,2025-05-05 00:06:41,124,123,952816.2,123,excess_vs_future_need_365d,1369942.577385315,577192.2769656002,792750.3004197148,14,417126.377385315,160065.8995802852
268091,2025-05-12 00:06:56,131,130,904276.21,130,excess_vs_coverage,1435755.577385315,494666.1411367,941089.436248615,14,531479.367385315,-36813.226248615014
268091,2025-05-12 00:06:56,131,130,904276.21,130,excess_vs_demand_180d,1435755.577385315,1279444.046279375,156311.53110594,14,531479.367385315,747964.67889406
268091,2025-05-12 00:06:56,131,130,904276.21,130,excess_vs_demand_90d,1435755.577385315,1203552.5683793752,232203.00900594002,14,531479.367385315,672073.2009940601
268091,2025-05-12 00:06:56,131,130,904276.21,130,excess_vs_max_safety_coverage,1435755.577385315,763992.4850107001,671763.092374615,14,531479.367385315,232513.11762538506
268091,2025-05-12 00:06:56,131,130,904276.21,130,excess_vs_safety_plus_coverage,1435755.577385315,507675.3411367,928080.236248615,14,531479.367385315,-23804.026248615002
268091,2025-05-12 00:06:56,131,130,904276.21,130,excess_vs_target_stock,1435755.577385315,763992.4850107001,671763.092374615,14,531479.367385315,232513.11762538506
268091,2025-05-12 00:06:56,131,130,904276.21,130,physical_stock_value,1435755.577385315,0.0,1435755.577385315,14,531479.367385315,-531479.367385315
268091,2025-05-12 00:06:56,131,130,904276.21,130,excess_vs_future_need_7d,1435755.577385315,0.0,1435755.577385315,14,531479.367385315,-531479.367385315
268091,2025-05-12 00:06:56,131,130,904276.21,130,excess_vs_future_need_14d,1435755.577385315,0.0,1435755.577385315,14,531479.367385315,-531479.367385315
268091,2025-05-12 00:06:56,131,130,904276.21,130,excess_vs_future_need_21d,1435755.577385315,0.0,1435755.577385315,14,531479.367385315,-531479.367385315
268091,2025-05-12 00:06:56,131,130,904276.21,130,excess_vs_future_need_30d,1435755.577385315,0.0,1435755.577385315,14,531479.367385315,-531479.367385315
268091,2025-05-12 00:06:56,131,130,904276.21,130,excess_vs_future_need_45d,1435755.577385315,0.0,1435755.577385315,14,531479.367385315,-531479.367385315
268091,2025-05-12 00:06:56,131,130,904276.21,130,excess_vs_future_need_60d,1435755.577385315,0.0,1435755.577385315,14,531479.367385315,-531479.367385315
268091,2025-05-12 00:06:56,131,130,904276.21,130,excess_vs_future_need_90d,1435755.577385315,0.0,1435755.577385315,14,531479.367385315,-531479.367385315
268091,2025-05-12 00:06:56,131,130,904276.21,130,excess_vs_future_need_120d,1435755.577385315,75615.50652479999,1360140.0708605149,14,531479.367385315,-455863.86086051504
268091,2025-05-12 00:06:56,131,130,904276.21,130,excess_vs_future_need_180d,1435755.577385315,364329.25871039997,1071426.318674915,14,531479.367385315,-167150.10867491504
268091,2025-05-12 00:06:56,131,130,904276.21,130,excess_vs_future_need_270d,1435755.577385315,531107.9911959999,904647.5861893151,14,531479.367385315,-371.3761893151095
268091,2025-05-12 00:06:56,131,130,904276.21,130,excess_vs_future_need_365d,1435755.577385315,622981.2891416001,812774.2882437148,14,531479.367385315,91501.92175628513
268091,2025-05-19 00:07:01,138,137,977680.69,137,excess_vs_coverage,1470586.577385315,529497.1411367,941089.436248615,14,492905.887385315,36591.253751385026
268091,2025-05-19 00:07:01,138,137,977680.69,137,excess_vs_demand_180d,1470586.577385315,1314275.046279375,156311.53110594,14,492905.887385315,821369.15889406
268091,2025-05-19 00:07:01,138,137,977680.69,137,excess_vs_demand_90d,1470586.577385315,1238383.5683793752,232203.00900594002,14,492905.887385315,745477.6809940601
268091,2025-05-19 00:07:01,138,137,977680.69,137,excess_vs_max_safety_coverage,1470586.577385315,798823.4850107001,671763.092374615,14,492905.887385315,305917.59762538504
268091,2025-05-19 00:07:01,138,137,977680.69,137,excess_vs_safety_plus_coverage,1470586.577385315,542506.3411367,928080.236248615,14,492905.887385315,49600.45375138498
268091,2025-05-19 00:07:01,138,137,977680.69,137,excess_vs_target_stock,1470586.577385315,798823.4850107001,671763.092374615,14,492905.887385315,305917.59762538504
268091,2025-05-19 00:07:01,138,137,977680.69,137,physical_stock_value,1470586.577385315,0.0,1470586.577385315,14,492905.887385315,-492905.887385315
268091,2025-05-19 00:07:01,138,137,977680.69,137,excess_vs_future_need_7d,1470586.577385315,0.0,1470586.577385315,14,492905.887385315,-492905.887385315
268091,2025-05-19 00:07:01,138,137,977680.69,137,excess_vs_future_need_14d,1470586.577385315,0.0,1470586.577385315,14,492905.887385315,-492905.887385315
268091,2025-05-19 00:07:01,138,137,977680.69,137,excess_vs_future_need_21d,1470586.577385315,0.0,1470586.577385315,14,492905.887385315,-492905.887385315
268091,2025-05-19 00:07:01,138,137,977680.69,137,excess_vs_future_need_30d,1470586.577385315,0.0,1470586.577385315,14,492905.887385315,-492905.887385315
268091,2025-05-19 00:07:01,138,137,977680.69,137,excess_vs_future_need_45d,1470586.577385315,0.0,1470586.577385315,14,492905.887385315,-492905.887385315
268091,2025-05-19 00:07:01,138,137,977680.69,137,excess_vs_future_need_60d,1470586.577385315,0.0,1470586.577385315,14,492905.887385315,-492905.887385315
268091,2025-05-19 00:07:01,138,137,977680.69,137,excess_vs_future_need_90d,1470586.577385315,0.0,1470586.577385315,14,492905.887385315,-492905.887385315
268091,2025-05-19 00:07:01,138,137,977680.69,137,excess_vs_future_need_120d,1470586.577385315,109986.19130879999,1360600.386076515,14,492905.887385315,-382919.696076515
268091,2025-05-19 00:07:01,138,137,977680.69,137,excess_vs_future_need_180d,1470586.577385315,405574.08045119996,1065012.4969341152,14,492905.887385315,-87331.80693411507
268091,2025-05-19 00:07:01,138,137,977680.69,137,excess_vs_future_need_270d,1470586.577385315,574180.2139352,896406.363450115,14,492905.887385315,81274.32654988498
268091,2025-05-19 00:07:01,138,137,977680.69,137,excess_vs_future_need_365d,1470586.577385315,666696.7061880002,803889.8711973148,14,492905.887385315,173790.81880268513
268091,2025-05-26 00:06:36,145,144,964313.13,144,excess_vs_coverage,1508950.327385315,567860.8911367,941089.436248615,14,544637.197385315,23223.693751385086
268091,2025-05-26 00:06:36,145,144,964313.13,144,excess_vs_demand_180d,1508950.327385315,1352638.796279375,156311.53110594,14,544637.197385315,808001.59889406
268091,2025-05-26 00:06:36,145,144,964313.13,144,excess_vs_demand_90d,1508950.327385315,1276747.318379375,232203.00900594002,14,544637.197385315,732110.12099406
268091,2025-05-26 00:06:36,145,144,964313.13,144,excess_vs_max_safety_coverage,1508950.327385315,837187.2350107001,671763.092374615,14,544637.197385315,292550.0376253851
268091,2025-05-26 00:06:36,145,144,964313.13,144,excess_vs_safety_plus_coverage,1508950.327385315,580870.0911367,928080.236248615,14,544637.197385315,36232.89375138504
268091,2025-05-26 00:06:36,145,144,964313.13,144,excess_vs_target_stock,1508950.327385315,837187.2350107001,671763.092374615,14,544637.197385315,292550.0376253851
268091,2025-05-26 00:06:36,145,144,964313.13,144,physical_stock_value,1508950.327385315,0.0,1508950.327385315,14,544637.197385315,-544637.197385315
268091,2025-05-26 00:06:36,145,144,964313.13,144,excess_vs_future_need_7d,1508950.327385315,0.0,1508950.327385315,14,544637.197385315,-544637.197385315
268091,2025-05-26 00:06:36,145,144,964313.13,144,excess_vs_future_need_14d,1508950.327385315,0.0,1508950.327385315,14,544637.197385315,-544637.197385315
268091,2025-05-26 00:06:36,145,144,964313.13,144,excess_vs_future_need_21d,1508950.327385315,0.0,1508950.327385315,14,544637.197385315,-544637.197385315
268091,2025-05-26 00:06:36,145,144,964313.13,144,excess_vs_future_need_30d,1508950.327385315,0.0,1508950.327385315,14,544637.197385315,-544637.197385315
268091,2025-05-26 00:06:36,145,144,964313.13,144,excess_vs_future_need_45d,1508950.327385315,0.0,1508950.327385315,14,544637.197385315,-544637.197385315
268091,2025-05-26 00:06:36,145,144,964313.13,144,excess_vs_future_need_60d,1508950.327385315,0.0,1508950.327385315,14,544637.197385315,-544637.197385315
268091,2025-05-26 00:06:36,145,144,964313.13,144,excess_vs_future_need_90d,1508950.327385315,0.0,1508950.327385315,14,544637.197385315,-544637.197385315
268091,2025-05-26 00:06:36,145,144,964313.13,144,excess_vs_future_need_120d,1508950.327385315,158105.15000639998,1350845.177378915,14,544637.197385315,-386532.047378915
268091,2025-05-26 00:06:36,145,144,964313.13,144,excess_vs_future_need_180d,1508950.327385315,471813.9803992,1037136.3469861151,14,544637.197385315,-72823.21698611497
268091,2025-05-26 00:06:36,145,144,964313.13,144,excess_vs_future_need_270d,1508950.327385315,623304.7830615999,885645.544323715,14,544637.197385315,78667.58567628497
268091,2025-05-26 00:06:36,145,144,964313.13,144,excess_vs_future_need_365d,1508950.327385315,712675.6707992003,796274.6565861148,14,544637.197385315,168038.47341388534
268091,2025-06-02 00:06:28,152,151,913515.99,151,excess_vs_coverage,1577511.827385315,610052.3911367,967459.436248615,14,663995.837385315,-53943.44624861493
268091,2025-06-02 00:06:28,152,151,913515.99,151,excess_vs_demand_180d,1577511.827385315,1421200.296279375,156311.53110594,14,663995.837385315,757204.45889406
268091,2025-06-02 00:06:28,152,151,913515.99,151,excess_vs_demand_90d,1577511.827385315,1345308.8183793752,232203.00900594002,14,663995.837385315,681312.9809940602
268091,2025-06-02 00:06:28,152,151,913515.99,151,excess_vs_max_safety_coverage,1577511.827385315,879378.7350107001,698133.092374615,14,663995.837385315,215382.89762538509
268091,2025-06-02 00:06:28,152,151,913515.99,151,excess_vs_safety_plus_coverage,1577511.827385315,623061.5911367,954450.236248615,14,663995.837385315,-40934.246248614974
268091,2025-06-02 00:06:28,152,151,913515.99,151,excess_vs_target_stock,1577511.827385315,879378.7350107001,698133.092374615,14,663995.837385315,215382.89762538509
268091,2025-06-02 00:06:28,152,151,913515.99,151,physical_stock_value,1577511.827385315,0.0,1577511.827385315,14,663995.837385315,-663995.837385315
268091,2025-06-02 00:06:28,152,151,913515.99,151,excess_vs_future_need_7d,1577511.827385315,0.0,1577511.827385315,14,663995.837385315,-663995.837385315
268091,2025-06-02 00:06:28,152,151,913515.99,151,excess_vs_future_need_14d,1577511.827385315,0.0,1577511.827385315,14,663995.837385315,-663995.837385315
268091,2025-06-02 00:06:28,152,151,913515.99,151,excess_vs_future_need_21d,1577511.827385315,0.0,1577511.827385315,14,663995.837385315,-663995.837385315
268091,2025-06-02 00:06:28,152,151,913515.99,151,excess_vs_future_need_30d,1577511.827385315,0.0,1577511.827385315,14,663995.837385315,-663995.837385315
268091,2025-06-02 00:06:28,152,151,913515.99,151,excess_vs_future_need_45d,1577511.827385315,0.0,1577511.827385315,14,663995.837385315,-663995.837385315
268091,2025-06-02 00:06:28,152,151,913515.99,151,excess_vs_future_need_60d,1577511.827385315,0.0,1577511.827385315,14,663995.837385315,-663995.837385315
268091,2025-06-02 00:06:28,152,151,913515.99,151,excess_vs_future_need_90d,1577511.827385315,34370.684784,1543141.142601315,14,663995.837385315,-629625.1526013149
268091,2025-06-02 00:06:28,152,151,913515.99,151,excess_vs_future_need_120d,1577511.827385315,199349.97174719998,1378161.855638115,14,663995.837385315,-464645.865638115
268091,2025-06-02 00:06:28,152,151,913515.99,151,excess_vs_future_need_180d,1577511.827385315,544016.2558808,1033495.571504515,14,663995.837385315,-119979.58150451502
268091,2025-06-02 00:06:28,152,151,913515.99,151,excess_vs_future_need_270d,1577511.827385315,676257.1021879999,901254.725197315,14,663995.837385315,12261.264802684891
268091,2025-06-02 00:06:28,152,151,913515.99,151,excess_vs_future_need_365d,1577511.827385315,761213.1829752002,816298.6444101147,14,663995.837385315,97217.34558988526
268091,2025-06-09 00:06:41,159,158,901349.11,158,excess_vs_coverage,1631942.327385315,630871.1236367,1001071.203748615,14,730593.217385315,-99722.093748615
268091,2025-06-09 00:06:41,159,158,901349.11,158,excess_vs_demand_180d,1631942.327385315,1475630.796279375,156311.53110594,14,730593.217385315,745037.57889406
268091,2025-06-09 00:06:41,159,158,901349.11,158,excess_vs_demand_90d,1631942.327385315,1399739.3183793752,232203.00900594002,14,730593.217385315,669146.1009940602
268091,2025-06-09 00:06:41,159,158,901349.11,158,excess_vs_max_safety_coverage,1631942.327385315,907439.2350107001,724503.092374615,14,730593.217385315,176846.01762538508
268091,2025-06-09 00:06:41,159,158,901349.11,158,excess_vs_safety_plus_coverage,1631942.327385315,643880.3236366999,988062.0037486149,14,730593.217385315,-86712.89374861505
268091,2025-06-09 00:06:41,159,158,901349.11,158,excess_vs_target_stock,1631942.327385315,907439.2350107001,724503.092374615,14,730593.217385315,176846.01762538508
268091,2025-06-09 00:06:41,159,158,901349.11,158,physical_stock_value,1631942.327385315,0.0,1631942.327385315,14,730593.217385315,-730593.217385315
268091,2025-06-09 00:06:41,159,158,901349.11,158,excess_vs_future_need_7d,1631942.327385315,0.0,1631942.327385315,14,730593.217385315,-730593.217385315
268091,2025-06-09 00:06:41,159,158,901349.11,158,excess_vs_future_need_14d,1631942.327385315,0.0,1631942.327385315,14,730593.217385315,-730593.217385315
268091,2025-06-09 00:06:41,159,158,901349.11,158,excess_vs_future_need_21d,1631942.327385315,0.0,1631942.327385315,14,730593.217385315,-730593.217385315
268091,2025-06-09 00:06:41,159,158,901349.11,158,excess_vs_future_need_30d,1631942.327385315,0.0,1631942.327385315,14,730593.217385315,-730593.217385315
268091,2025-06-09 00:06:41,159,158,901349.11,158,excess_vs_future_need_45d,1631942.327385315,0.0,1631942.327385315,14,730593.217385315,-730593.217385315
268091,2025-06-09 00:06:41,159,158,901349.11,158,excess_vs_future_need_60d,1631942.327385315,0.0,1631942.327385315,14,730593.217385315,-730593.217385315
268091,2025-06-09 00:06:41,159,158,901349.11,158,excess_vs_future_need_90d,1631942.327385315,68741.369568,1563200.9578173151,14,730593.217385315,-661851.847817315
268091,2025-06-09 00:06:41,159,158,901349.11,158,excess_vs_future_need_120d,1631942.327385315,206224.10870399998,1425718.218681315,14,730593.217385315,-524369.108681315
268091,2025-06-09 00:06:41,159,158,901349.11,158,excess_vs_future_need_180d,1631942.327385315,544016.2558808,1087926.071504515,14,730593.217385315,-186576.96150451503
268091,2025-06-09 00:06:41,159,158,901349.11,158,excess_vs_future_need_270d,1631942.327385315,713541.1614391999,918401.165946115,14,730593.217385315,-17052.055946115055
268091,2025-06-09 00:06:41,159,158,901349.11,158,excess_vs_future_need_365d,1631942.327385315,791812.0878456003,840130.2395397146,14,730593.217385315,61218.87046028534
268091,2025-06-16 00:06:31,166,165,1030088.41,165,excess_vs_coverage,1669521.827385315,641469.3736367,1028052.453748615,14,639433.4173853149,2035.9562513850396
268091,2025-06-16 00:06:31,166,165,1030088.41,165,excess_vs_demand_180d,1669521.827385315,1513210.296279375,156311.53110594,14,639433.4173853149,873776.87889406
268091,2025-06-16 00:06:31,166,165,1030088.41,165,excess_vs_demand_90d,1669521.827385315,1437318.8183793752,232203.00900594002,14,639433.4173853149,797885.4009940602
268091,2025-06-16 00:06:31,166,165,1030088.41,165,excess_vs_max_safety_coverage,1669521.827385315,945018.7350107001,724503.092374615,14,639433.4173853149,305585.3176253851
268091,2025-06-16 00:06:31,166,165,1030088.41,165,excess_vs_safety_plus_coverage,1669521.827385315,654478.5736366999,1015043.2537486149,14,639433.4173853149,15045.156251384993
268091,2025-06-16 00:06:31,166,165,1030088.41,165,excess_vs_target_stock,1669521.827385315,945018.7350107001,724503.092374615,14,639433.4173853149,305585.3176253851
268091,2025-06-16 00:06:31,166,165,1030088.41,165,physical_stock_value,1669521.827385315,0.0,1669521.827385315,14,639433.4173853149,-639433.4173853149
268091,2025-06-16 00:06:31,166,165,1030088.41,165,excess_vs_future_need_7d,1669521.827385315,0.0,1669521.827385315,14,639433.4173853149,-639433.4173853149
268091,2025-06-16 00:06:31,166,165,1030088.41,165,excess_vs_future_need_14d,1669521.827385315,0.0,1669521.827385315,14,639433.4173853149,-639433.4173853149
268091,2025-06-16 00:06:31,166,165,1030088.41,165,excess_vs_future_need_21d,1669521.827385315,0.0,1669521.827385315,14,639433.4173853149,-639433.4173853149
268091,2025-06-16 00:06:31,166,165,1030088.41,165,excess_vs_future_need_30d,1669521.827385315,0.0,1669521.827385315,14,639433.4173853149,-639433.4173853149
268091,2025-06-16 00:06:31,166,165,1030088.41,165,excess_vs_future_need_45d,1669521.827385315,0.0,1669521.827385315,14,639433.4173853149,-639433.4173853149
268091,2025-06-16 00:06:31,166,165,1030088.41,165,excess_vs_future_need_60d,1669521.827385315,0.0,1669521.827385315,14,639433.4173853149,-639433.4173853149
268091,2025-06-16 00:06:31,166,165,1030088.41,165,excess_vs_future_need_90d,1669521.827385315,103112.05435199999,1566409.773033315,14,639433.4173853149,-536321.3630333149
268091,2025-06-16 00:06:31,166,165,1030088.41,165,excess_vs_future_need_120d,1669521.827385315,247468.93044479997,1422052.896940515,14,639433.4173853149,-391964.486940515
268091,2025-06-16 00:06:31,166,165,1030088.41,165,excess_vs_future_need_180d,1669521.827385315,588489.4165784,1081032.410806915,14,639433.4173853149,-50944.00080691499
268091,2025-06-16 00:06:31,166,165,1030088.41,165,excess_vs_future_need_270d,1669521.827385315,755732.4410647999,913789.3863205151,14,639433.4173853149,116299.02367948496
268091,2025-06-16 00:06:31,166,165,1030088.41,165,excess_vs_future_need_365d,1669521.827385315,835737.6000216004,833784.2273637146,14,639433.4173853149,196304.18263628543
268091,2025-06-23 13:27:48,173,172,1018792.36,172,excess_vs_coverage,1701115.077385315,645002.1236367,1056112.953748615,14,682322.717385315,-37320.59374861501
268091,2025-06-23 13:27:48,173,172,1018792.36,172,excess_vs_demand_180d,1701115.077385315,1544803.546279375,156311.53110594,14,682322.717385315,862480.82889406
268091,2025-06-23 13:27:48,173,172,1018792.36,172,excess_vs_demand_90d,1701115.077385315,1468912.0683793752,232203.00900594002,14,682322.717385315,786589.3509940602
268091,2025-06-23 13:27:48,173,172,1018792.36,172,excess_vs_max_safety_coverage,1701115.077385315,976611.9850107001,724503.092374615,14,682322.717385315,294289.2676253851
268091,2025-06-23 13:27:48,173,172,1018792.36,172,excess_vs_safety_plus_coverage,1701115.077385315,658011.3236366999,1043103.753748615,14,682322.717385315,-24311.393748615053
268091,2025-06-23 13:27:48,173,172,1018792.36,172,excess_vs_target_stock,1701115.077385315,976611.9850107001,724503.092374615,14,682322.717385315,294289.2676253851
268091,2025-06-23 13:27:48,173,172,1018792.36,172,physical_stock_value,1701115.077385315,0.0,1701115.077385315,14,682322.717385315,-682322.717385315
268091,2025-06-23 13:27:48,173,172,1018792.36,172,excess_vs_future_need_7d,1701115.077385315,0.0,1701115.077385315,14,682322.717385315,-682322.717385315
268091,2025-06-23 13:27:48,173,172,1018792.36,172,excess_vs_future_need_14d,1701115.077385315,0.0,1701115.077385315,14,682322.717385315,-682322.717385315
268091,2025-06-23 13:27:48,173,172,1018792.36,172,excess_vs_future_need_21d,1701115.077385315,0.0,1701115.077385315,14,682322.717385315,-682322.717385315
268091,2025-06-23 13:27:48,173,172,1018792.36,172,excess_vs_future_need_30d,1701115.077385315,0.0,1701115.077385315,14,682322.717385315,-682322.717385315
268091,2025-06-23 13:27:48,173,172,1018792.36,172,excess_vs_future_need_45d,1701115.077385315,0.0,1701115.077385315,14,682322.717385315,-682322.717385315
268091,2025-06-23 13:27:48,173,172,1018792.36,172,excess_vs_future_need_60d,1701115.077385315,0.0,1701115.077385315,14,682322.717385315,-682322.717385315
268091,2025-06-23 13:27:48,173,172,1018792.36,172,excess_vs_future_need_90d,1701115.077385315,144356.8760928,1556758.201292515,14,682322.717385315,-537965.8412925149
268091,2025-06-23 13:27:48,173,172,1018792.36,172,excess_vs_future_need_120d,1701115.077385315,288713.7521856,1412401.325199715,14,682322.717385315,-393608.965199715
268091,2025-06-23 13:27:48,173,172,1018792.36,172,excess_vs_future_need_180d,1701115.077385315,654932.7150168,1046182.362368515,14,682322.717385315,-27390.002368515008
268091,2025-06-23 13:27:48,173,172,1018792.36,172,excess_vs_future_need_270d,1701115.077385315,796549.250316,904565.827069315,14,682322.717385315,114226.53293068497
268091,2025-06-23 13:27:48,173,172,1018792.36,172,excess_vs_future_need_365d,1701115.077385315,876215.2670680004,824899.8103173146,14,682322.717385315,193892.5496826854
268091,2025-06-30 00:06:46,180,179,1056984.52,179,excess_vs_coverage,1747134.327385315,666198.6236367,1080935.703748615,14,690149.807385315,-23951.183748614974
268091,2025-06-30 00:06:46,180,179,1056984.52,179,excess_vs_demand_180d,1747134.327385315,1590822.796279375,156311.53110594,14,690149.807385315,900672.98889406
268091,2025-06-30 00:06:46,180,179,1056984.52,179,excess_vs_demand_90d,1747134.327385315,1514931.3183793752,232203.00900594002,14,690149.807385315,824781.5109940602
268091,2025-06-30 00:06:46,180,179,1056984.52,179,excess_vs_max_safety_coverage,1747134.327385315,1022631.2350107001,724503.092374615,14,690149.807385315,332481.4276253851
268091,2025-06-30 00:06:46,180,179,1056984.52,179,excess_vs_safety_plus_coverage,1747134.327385315,679207.8236366999,1067926.503748615,14,690149.807385315,-10941.98374861502
268091,2025-06-30 00:06:46,180,179,1056984.52,179,excess_vs_target_stock,1747134.327385315,1022631.2350107001,724503.092374615,14,690149.807385315,332481.4276253851
268091,2025-06-30 00:06:46,180,179,1056984.52,179,physical_stock_value,1747134.327385315,0.0,1747134.327385315,14,690149.807385315,-690149.807385315
268091,2025-06-30 00:06:46,180,179,1056984.52,179,excess_vs_future_need_7d,1747134.327385315,0.0,1747134.327385315,14,690149.807385315,-690149.807385315
268091,2025-06-30 00:06:46,180,179,1056984.52,179,excess_vs_future_need_14d,1747134.327385315,0.0,1747134.327385315,14,690149.807385315,-690149.807385315
268091,2025-06-30 00:06:46,180,179,1056984.52,179,excess_vs_future_need_21d,1747134.327385315,0.0,1747134.327385315,14,690149.807385315,-690149.807385315
268091,2025-06-30 00:06:46,180,179,1056984.52,179,excess_vs_future_need_30d,1747134.327385315,0.0,1747134.327385315,14,690149.807385315,-690149.807385315
268091,2025-06-30 00:06:46,180,179,1056984.52,179,excess_vs_future_need_45d,1747134.327385315,0.0,1747134.327385315,14,690149.807385315,-690149.807385315
268091,2025-06-30 00:06:46,180,179,1056984.52,179,excess_vs_future_need_60d,1747134.327385315,20622.4108704,1726511.916514915,14,690149.807385315,-669527.3965149149
268091,2025-06-30 00:06:46,180,179,1056984.52,179,excess_vs_future_need_90d,1747134.327385315,192475.8347904,1554658.492594915,14,690149.807385315,-497673.97259491496
268091,2025-06-30 00:06:46,180,179,1056984.52,179,excess_vs_future_need_120d,1747134.327385315,316210.30001279997,1430924.027372515,14,690149.807385315,-373939.507372515
268091,2025-06-30 00:06:46,180,179,1056984.52,179,excess_vs_future_need_180d,1747134.327385315,724521.9445847999,1022612.382800515,14,690149.807385315,34372.137199484976
268091,2025-06-30 00:06:46,180,179,1056984.52,179,excess_vs_future_need_270d,1747134.327385315,853329.3194424,893805.007942915,14,690149.807385315,163179.51205708506
268091,2025-06-30 00:06:46,180,179,1056984.52,179,excess_vs_future_need_365d,1747134.327385315,931118.9341144004,816015.3932709146,14,690149.807385315,240969.12672908546
268091,2025-07-07 00:08:05,187,186,955981.86,186,excess_vs_coverage,1770877.827385315,666198.6236367,1104679.203748615,14,814895.967385315,-148697.343748615
268091,2025-07-07 00:08:05,187,186,955981.86,186,excess_vs_demand_180d,1770877.827385315,1614566.296279375,156311.53110594,14,814895.967385315,799670.32889406
268091,2025-07-07 00:08:05,187,186,955981.86,186,excess_vs_demand_90d,1770877.827385315,1538674.8183793752,232203.00900594002,14,814895.967385315,723778.8509940602
268091,2025-07-07 00:08:05,187,186,955981.86,186,excess_vs_max_safety_coverage,1770877.827385315,1046374.7350107001,724503.092374615,14,814895.967385315,231478.76762538508
268091,2025-07-07 00:08:05,187,186,955981.86,186,excess_vs_safety_plus_coverage,1770877.827385315,679207.8236366999,1091670.003748615,14,814895.967385315,-135688.14374861505
268091,2025-07-07 00:08:05,187,186,955981.86,186,excess_vs_target_stock,1770877.827385315,1046374.7350107001,724503.092374615,14,814895.967385315,231478.76762538508
268091,2025-07-07 00:08:05,187,186,955981.86,186,physical_stock_value,1770877.827385315,0.0,1770877.827385315,14,814895.967385315,-814895.967385315
268091,2025-07-07 00:08:05,187,186,955981.86,186,excess_vs_future_need_7d,1770877.827385315,0.0,1770877.827385315,14,814895.967385315,-814895.967385315
268091,2025-07-07 00:08:05,187,186,955981.86,186,excess_vs_future_need_14d,1770877.827385315,0.0,1770877.827385315,14,814895.967385315,-814895.967385315
268091,2025-07-07 00:08:05,187,186,955981.86,186,excess_vs_future_need_21d,1770877.827385315,0.0,1770877.827385315,14,814895.967385315,-814895.967385315
268091,2025-07-07 00:08:05,187,186,955981.86,186,excess_vs_future_need_30d,1770877.827385315,0.0,1770877.827385315,14,814895.967385315,-814895.967385315
268091,2025-07-07 00:08:05,187,186,955981.86,186,excess_vs_future_need_45d,1770877.827385315,0.0,1770877.827385315,14,814895.967385315,-814895.967385315
268091,2025-07-07 00:08:05,187,186,955981.86,186,excess_vs_future_need_60d,1770877.827385315,61867.232611199994,1709010.5947741151,14,814895.967385315,-753028.734774115
268091,2025-07-07 00:08:05,187,186,955981.86,186,excess_vs_future_need_90d,1770877.827385315,199349.97174719998,1571527.855638115,14,814895.967385315,-615545.995638115
268091,2025-07-07 00:08:05,187,186,955981.86,186,excess_vs_future_need_120d,1770877.827385315,336832.71088319994,1434045.116502115,14,814895.967385315,-478063.25650211505
268091,2025-07-07 00:08:05,187,186,955981.86,186,excess_vs_future_need_180d,1770877.827385315,724521.9445847999,1046355.882800515,14,814895.967385315,-90374.02280051506
268091,2025-07-07 00:08:05,187,186,955981.86,186,excess_vs_future_need_270d,1770877.827385315,880147.3391928,890730.488192515,14,814895.967385315,65251.371807485004
268091,2025-07-07 00:08:05,187,186,955981.86,186,excess_vs_future_need_365d,1770877.827385315,957400.8389848005,813476.9884005144,14,814895.967385315,142504.87159948552
268091,2025-07-14 00:08:02,194,193,943812.41,193,excess_vs_coverage,1791678.577385315,669731.3736367,1121947.203748615,14,847866.1673853149,-178134.79374861496
268091,2025-07-14 00:08:02,194,193,943812.41,193,excess_vs_demand_180d,1791678.577385315,1635367.046279375,156311.53110594,14,847866.1673853149,787500.87889406
268091,2025-07-14 00:08:02,194,193,943812.41,193,excess_vs_demand_90d,1791678.577385315,1559475.5683793752,232203.00900594002,14,847866.1673853149,711609.4009940602
268091,2025-07-14 00:08:02,194,193,943812.41,193,excess_vs_max_safety_coverage,1791678.577385315,1067175.4850107,724503.092374615,14,847866.1673853149,219309.31762538513
268091,2025-07-14 00:08:02,194,193,943812.41,193,excess_vs_safety_plus_coverage,1791678.577385315,682740.5736366999,1108938.003748615,14,847866.1673853149,-165125.593748615
268091,2025-07-14 00:08:02,194,193,943812.41,193,excess_vs_target_stock,1791678.577385315,1067175.4850107,724503.092374615,14,847866.1673853149,219309.31762538513
268091,2025-07-14 00:08:02,194,193,943812.41,193,physical_stock_value,1791678.577385315,0.0,1791678.577385315,14,847866.1673853149,-847866.1673853149
268091,2025-07-14 00:08:02,194,193,943812.41,193,excess_vs_future_need_7d,1791678.577385315,0.0,1791678.577385315,14,847866.1673853149,-847866.1673853149
268091,2025-07-14 00:08:02,194,193,943812.41,193,excess_vs_future_need_14d,1791678.577385315,0.0,1791678.577385315,14,847866.1673853149,-847866.1673853149
268091,2025-07-14 00:08:02,194,193,943812.41,193,excess_vs_future_need_21d,1791678.577385315,0.0,1791678.577385315,14,847866.1673853149,-847866.1673853149
268091,2025-07-14 00:08:02,194,193,943812.41,193,excess_vs_future_need_30d,1791678.577385315,0.0,1791678.577385315,14,847866.1673853149,-847866.1673853149
268091,2025-07-14 00:08:02,194,193,943812.41,193,excess_vs_future_need_45d,1791678.577385315,13748.2739136,1777930.303471715,14,847866.1673853149,-834117.8934717149
268091,2025-07-14 00:08:02,194,193,943812.41,193,excess_vs_future_need_60d,1791678.577385315,89363.78043839999,1702314.796946915,14,847866.1673853149,-758502.386946915
268091,2025-07-14 00:08:02,194,193,943812.41,193,excess_vs_future_need_90d,1791678.577385315,233720.65653119996,1557957.920854115,14,847866.1673853149,-614145.510854115
268091,2025-07-14 00:08:02,194,193,943812.41,193,excess_vs_future_need_120d,1791678.577385315,384951.6695808,1406726.907804515,14,847866.1673853149,-462914.49780451495
268091,2025-07-14 00:08:02,194,193,943812.41,193,excess_vs_future_need_180d,1791678.577385315,728054.6945847999,1063623.882800515,14,847866.1673853149,-119811.47280051501
268091,2025-07-14 00:08:02,194,193,943812.41,193,excess_vs_future_need_270d,1791678.577385315,904022.6089432,887655.9684421149,14,847866.1673853149,56156.44155788503
268091,2025-07-14 00:08:02,194,193,943812.41,193,excess_vs_future_need_365d,1791678.577385315,983278.3987256006,808400.1786597144,14,847866.1673853149,135412.23134028562
268091,2025-07-21 00:06:34,201,200,979933.29,200,excess_vs_coverage,1795995.577385315,669731.3736367,1126264.203748615,14,816062.2873853149,-146330.91374861496
268091,2025-07-21 00:06:34,201,200,979933.29,200,excess_vs_demand_180d,1795995.577385315,1639684.046279375,156311.53110594,14,816062.2873853149,823621.75889406
268091,2025-07-21 00:06:34,201,200,979933.29,200,excess_vs_demand_90d,1795995.577385315,1563792.5683793752,232203.00900594002,14,816062.2873853149,747730.2809940602
268091,2025-07-21 00:06:34,201,200,979933.29,200,excess_vs_max_safety_coverage,1795995.577385315,1070866.5200107,725129.0573746151,14,816062.2873853149,254804.23262538505
268091,2025-07-21 00:06:34,201,200,979933.29,200,excess_vs_safety_plus_coverage,1795995.577385315,682740.5736366999,1113255.003748615,14,816062.2873853149,-133321.713748615
268091,2025-07-21 00:06:34,201,200,979933.29,200,excess_vs_target_stock,1795995.577385315,1070866.5200107,725129.0573746151,14,816062.2873853149,254804.23262538505
268091,2025-07-21 00:06:34,201,200,979933.29,200,physical_stock_value,1795995.577385315,0.0,1795995.577385315,14,816062.2873853149,-816062.2873853149
268091,2025-07-21 00:06:34,201,200,979933.29,200,excess_vs_future_need_7d,1795995.577385315,0.0,1795995.577385315,14,816062.2873853149,-816062.2873853149
268091,2025-07-21 00:06:34,201,200,979933.29,200,excess_vs_future_need_14d,1795995.577385315,0.0,1795995.577385315,14,816062.2873853149,-816062.2873853149
268091,2025-07-21 00:06:34,201,200,979933.29,200,excess_vs_future_need_21d,1795995.577385315,0.0,1795995.577385315,14,816062.2873853149,-816062.2873853149
268091,2025-07-21 00:06:34,201,200,979933.29,200,excess_vs_future_need_30d,1795995.577385315,0.0,1795995.577385315,14,816062.2873853149,-816062.2873853149
268091,2025-07-21 00:06:34,201,200,979933.29,200,excess_vs_future_need_45d,1795995.577385315,54993.09565439999,1741002.481730915,14,816062.2873853149,-761069.191730915
268091,2025-07-21 00:06:34,201,200,979933.29,200,excess_vs_future_need_60d,1795995.577385315,130608.6021792,1665386.975206115,14,816062.2873853149,-685453.6852061149
268091,2025-07-21 00:06:34,201,200,979933.29,200,excess_vs_future_need_90d,1795995.577385315,274965.478272,1521030.099113315,14,816062.2873853149,-541096.809113315
268091,2025-07-21 00:06:34,201,200,979933.29,200,excess_vs_future_need_120d,1795995.577385315,426196.4913216,1369799.086063715,14,816062.2873853149,-389865.79606371495
268091,2025-07-21 00:06:34,201,200,979933.29,200,excess_vs_future_need_180d,1795995.577385315,728054.6945847999,1067940.882800515,14,816062.2873853149,-88007.592800515
268091,2025-07-21 00:06:34,201,200,979933.29,200,excess_vs_future_need_270d,1795995.577385315,916520.0623544,879475.5150309148,14,816062.2873853149,100457.77496908512
268091,2025-07-21 00:06:34,201,200,979933.29,200,excess_vs_future_need_365d,1795995.577385315,992672.2084664006,803323.3689189143,14,816062.2873853149,176609.9210810857
268091,2025-07-28 00:07:35,208,207,927498.18,207,excess_vs_coverage,1799528.327385315,673264.1236367,1126264.203748615,14,872030.1473853149,-198766.02374861494
268091,2025-07-28 00:07:35,208,207,927498.18,207,excess_vs_demand_180d,1799528.327385315,1643216.796279375,156311.53110594,14,872030.1473853149,771186.64889406
268091,2025-07-28 00:07:35,208,207,927498.18,207,excess_vs_demand_90d,1799528.327385315,1567325.3183793752,232203.00900594002,14,872030.1473853149,695295.1709940602
268091,2025-07-28 00:07:35,208,207,927498.18,207,excess_vs_max_safety_coverage,1799528.327385315,1074399.2700107,725129.0573746151,14,872030.1473853149,202369.12262538506
268091,2025-07-28 00:07:35,208,207,927498.18,207,excess_vs_safety_plus_coverage,1799528.327385315,686273.3236366999,1113255.003748615,14,872030.1473853149,-185756.823748615
268091,2025-07-28 00:07:35,208,207,927498.18,207,excess_vs_target_stock,1799528.327385315,1074399.2700107,725129.0573746151,14,872030.1473853149,202369.12262538506
268091,2025-07-28 00:07:35,208,207,927498.18,207,physical_stock_value,1799528.327385315,0.0,1799528.327385315,14,872030.1473853149,-872030.1473853149
268091,2025-07-28 00:07:35,208,207,927498.18,207,excess_vs_future_need_7d,1799528.327385315,0.0,1799528.327385315,14,872030.1473853149,-872030.1473853149
268091,2025-07-28 00:07:35,208,207,927498.18,207,excess_vs_future_need_14d,1799528.327385315,0.0,1799528.327385315,14,872030.1473853149,-872030.1473853149
268091,2025-07-28 00:07:35,208,207,927498.18,207,excess_vs_future_need_21d,1799528.327385315,0.0,1799528.327385315,14,872030.1473853149,-872030.1473853149
268091,2025-07-28 00:07:35,208,207,927498.18,207,excess_vs_future_need_30d,1799528.327385315,6874.136956799999,1792654.190428515,14,872030.1473853149,-865156.0104285149
268091,2025-07-28 00:07:35,208,207,927498.18,207,excess_vs_future_need_45d,1799528.327385315,82489.6434816,1717038.6839037149,14,872030.1473853149,-789540.5039037149
268091,2025-07-28 00:07:35,208,207,927498.18,207,excess_vs_future_need_60d,1799528.327385315,178727.56087679998,1620800.766508515,14,872030.1473853149,-693302.5865085149
268091,2025-07-28 00:07:35,208,207,927498.18,207,excess_vs_future_need_90d,1799528.327385315,316210.30001279997,1483318.027372515,14,872030.1473853149,-555819.8473725149
268091,2025-07-28 00:07:35,208,207,927498.18,207,excess_vs_future_need_120d,1799528.327385315,515560.27176,1283968.055625315,14,872030.1473853149,-356469.87562531495
268091,2025-07-28 00:07:35,208,207,927498.18,207,excess_vs_future_need_180d,1799528.327385315,736426.7175416,1063101.609843715,14,872030.1473853149,-135603.42984371493
268091,2025-07-28 00:07:35,208,207,927498.18,207,excess_vs_future_need_270d,1799528.327385315,927668.0269656001,871860.3004197149,14,872030.1473853149,55637.87958028517
268091,2025-07-28 00:07:35,208,207,927498.18,207,excess_vs_future_need_365d,1799528.327385315,1005089.3755128006,794438.9518725143,14,872030.1473853149,133059.22812748572
268091,2025-08-04 00:06:53,215,214,927498.18,214,excess_vs_coverage,1799528.327385315,673264.1236367,1126264.203748615,14,872030.1473853149,-198766.02374861494
268091,2025-08-04 00:06:53,215,214,927498.18,214,excess_vs_demand_180d,1799528.327385315,1643216.796279375,156311.53110594,14,872030.1473853149,771186.64889406
268091,2025-08-04 00:06:53,215,214,927498.18,214,excess_vs_demand_90d,1799528.327385315,1567325.3183793752,232203.00900594002,14,872030.1473853149,695295.1709940602
268091,2025-08-04 00:06:53,215,214,927498.18,214,excess_vs_max_safety_coverage,1799528.327385315,1074399.2700107,725129.0573746151,14,872030.1473853149,202369.12262538506
268091,2025-08-04 00:06:53,215,214,927498.18,214,excess_vs_safety_plus_coverage,1799528.327385315,686273.3236366999,1113255.003748615,14,872030.1473853149,-185756.823748615
268091,2025-08-04 00:06:53,215,214,927498.18,214,excess_vs_target_stock,1799528.327385315,1074399.2700107,725129.0573746151,14,872030.1473853149,202369.12262538506
268091,2025-08-04 00:06:53,215,214,927498.18,214,physical_stock_value,1799528.327385315,0.0,1799528.327385315,14,872030.1473853149,-872030.1473853149
268091,2025-08-04 00:06:53,215,214,927498.18,214,excess_vs_future_need_7d,1799528.327385315,0.0,1799528.327385315,14,872030.1473853149,-872030.1473853149
268091,2025-08-04 00:06:53,215,214,927498.18,214,excess_vs_future_need_14d,1799528.327385315,0.0,1799528.327385315,14,872030.1473853149,-872030.1473853149
268091,2025-08-04 00:06:53,215,214,927498.18,214,excess_vs_future_need_21d,1799528.327385315,0.0,1799528.327385315,14,872030.1473853149,-872030.1473853149
268091,2025-08-04 00:06:53,215,214,927498.18,214,excess_vs_future_need_30d,1799528.327385315,54993.09565439999,1744535.231730915,14,872030.1473853149,-817037.051730915
268091,2025-08-04 00:06:53,215,214,927498.18,214,excess_vs_future_need_45d,1799528.327385315,123734.46522239999,1675793.862162915,14,872030.1473853149,-748295.6821629149
268091,2025-08-04 00:06:53,215,214,927498.18,214,excess_vs_future_need_60d,1799528.327385315,199349.97174719998,1600178.355638115,14,872030.1473853149,-672680.1756381149
268091,2025-08-04 00:06:53,215,214,927498.18,214,excess_vs_future_need_90d,1799528.327385315,323084.4369696,1476443.890415715,14,872030.1473853149,-548945.7104157149
268091,2025-08-04 00:06:53,215,214,927498.18,214,excess_vs_future_need_120d,1799528.327385315,556805.0935008,1242723.233884515,14,872030.1473853149,-315225.05388451496
268091,2025-08-04 00:06:53,215,214,927498.18,214,excess_vs_future_need_180d,1799528.327385315,755783.8093688,1043744.5180165151,14,872030.1473853149,-116246.3380165149
268091,2025-08-04 00:06:53,215,214,927498.18,214,excess_vs_future_need_270d,1799528.327385315,927668.0269656001,871860.3004197149,14,872030.1473853149,55637.87958028517
268091,2025-08-04 00:06:53,215,214,927498.18,214,excess_vs_future_need_365d,1799528.327385315,1006358.5779480006,793169.7494373143,14,872030.1473853149,134328.4305626857
268091,2025-08-11 00:06:43,222,221,927498.18,221,excess_vs_coverage,1799528.327385315,673264.1236367,1126264.203748615,14,872030.1473853149,-198766.02374861494
268091,2025-08-11 00:06:43,222,221,927498.18,221,excess_vs_demand_180d,1799528.327385315,1643216.796279375,156311.53110594,14,872030.1473853149,771186.64889406
268091,2025-08-11 00:06:43,222,221,927498.18,221,excess_vs_demand_90d,1799528.327385315,1567325.3183793752,232203.00900594002,14,872030.1473853149,695295.1709940602
268091,2025-08-11 00:06:43,222,221,927498.18,221,excess_vs_max_safety_coverage,1799528.327385315,1074399.2700107,725129.0573746151,14,872030.1473853149,202369.12262538506
268091,2025-08-11 00:06:43,222,221,927498.18,221,excess_vs_safety_plus_coverage,1799528.327385315,686273.3236366999,1113255.003748615,14,872030.1473853149,-185756.823748615
268091,2025-08-11 00:06:43,222,221,927498.18,221,excess_vs_target_stock,1799528.327385315,1074399.2700107,725129.0573746151,14,872030.1473853149,202369.12262538506
268091,2025-08-11 00:06:43,222,221,927498.18,221,physical_stock_value,1799528.327385315,0.0,1799528.327385315,14,872030.1473853149,-872030.1473853149
268091,2025-08-11 00:06:43,222,221,927498.18,221,excess_vs_future_need_7d,1799528.327385315,0.0,1799528.327385315,14,872030.1473853149,-872030.1473853149
268091,2025-08-11 00:06:43,222,221,927498.18,221,excess_vs_future_need_14d,1799528.327385315,0.0,1799528.327385315,14,872030.1473853149,-872030.1473853149
268091,2025-08-11 00:06:43,222,221,927498.18,221,excess_vs_future_need_21d,1799528.327385315,41244.8217408,1758283.505644515,14,872030.1473853149,-830785.3256445149
268091,2025-08-11 00:06:43,222,221,927498.18,221,excess_vs_future_need_30d,1799528.327385315,82489.6434816,1717038.6839037149,14,872030.1473853149,-789540.5039037149
268091,2025-08-11 00:06:43,222,221,927498.18,221,excess_vs_future_need_45d,1799528.327385315,171853.42392,1627674.903465315,14,872030.1473853149,-700176.723465315
268091,2025-08-11 00:06:43,222,221,927498.18,221,excess_vs_future_need_60d,1799528.327385315,219972.38261759997,1579555.944767715,14,872030.1473853149,-652057.764767715
268091,2025-08-11 00:06:43,222,221,927498.18,221,excess_vs_future_need_90d,1799528.327385315,371203.3956672,1428324.931718115,14,872030.1473853149,-500826.75171811495
268091,2025-08-11 00:06:43,222,221,927498.18,221,excess_vs_future_need_120d,1799528.327385315,577427.5043712,1222100.823014115,14,872030.1473853149,-294602.64301411493
268091,2025-08-11 00:06:43,222,221,927498.18,221,excess_vs_future_need_180d,1799528.327385315,779980.1741527999,1019548.153232515,14,872030.1473853149,-92049.97323251504
268091,2025-08-11 00:06:43,222,221,927498.18,221,excess_vs_future_need_270d,1799528.327385315,928937.2294008002,870591.0979845148,14,872030.1473853149,56907.08201548527
268091,2025-08-11 00:06:43,222,221,927498.18,221,excess_vs_future_need_365d,1799528.327385315,1006358.5779480006,793169.7494373143,14,872030.1473853149,134328.4305626857
268091,2025-08-18 00:06:33,229,228,927498.18,228,excess_vs_coverage,1803061.077385315,676796.8736367,1126264.203748615,14,875562.8973853149,-198766.02374861494
268091,2025-08-18 00:06:33,229,228,927498.18,228,excess_vs_demand_180d,1803061.077385315,1646749.546279375,156311.53110594,14,875562.8973853149,771186.64889406
268091,2025-08-18 00:06:33,229,228,927498.18,228,excess_vs_demand_90d,1803061.077385315,1570858.0683793752,232203.00900594002,14,875562.8973853149,695295.1709940602
268091,2025-08-18 00:06:33,229,228,927498.18,228,excess_vs_max_safety_coverage,1803061.077385315,1077932.0200107,725129.0573746151,14,875562.8973853149,202369.12262538506
268091,2025-08-18 00:06:33,229,228,927498.18,228,excess_vs_safety_plus_coverage,1803061.077385315,689806.0736366999,1113255.003748615,14,875562.8973853149,-185756.823748615
268091,2025-08-18 00:06:33,229,228,927498.18,228,excess_vs_target_stock,1803061.077385315,1077932.0200107,725129.0573746151,14,875562.8973853149,202369.12262538506
268091,2025-08-18 00:06:33,229,228,927498.18,228,physical_stock_value,1803061.077385315,0.0,1803061.077385315,14,875562.8973853149,-875562.8973853149
268091,2025-08-18 00:06:33,229,228,927498.18,228,excess_vs_future_need_7d,1803061.077385315,0.0,1803061.077385315,14,875562.8973853149,-875562.8973853149
268091,2025-08-18 00:06:33,229,228,927498.18,228,excess_vs_future_need_14d,1803061.077385315,41244.8217408,1761816.255644515,14,875562.8973853149,-834318.0756445149
268091,2025-08-18 00:06:33,229,228,927498.18,228,excess_vs_future_need_21d,1803061.077385315,75615.50652479999,1727445.5708605149,14,875562.8973853149,-799947.390860515
268091,2025-08-18 00:06:33,229,228,927498.18,228,excess_vs_future_need_30d,1803061.077385315,116860.3282656,1686200.7491197148,14,875562.8973853149,-758702.5691197149
268091,2025-08-18 00:06:33,229,228,927498.18,228,excess_vs_future_need_45d,1803061.077385315,199349.97174719998,1603711.105638115,14,875562.8973853149,-676212.9256381149
268091,2025-08-18 00:06:33,229,228,927498.18,228,excess_vs_future_need_60d,1803061.077385315,268091.34131519997,1534969.7360701151,14,875562.8973853149,-607471.556070115
268091,2025-08-18 00:06:33,229,228,927498.18,228,excess_vs_future_need_90d,1803061.077385315,412448.21740799997,1390612.859977315,14,875562.8973853149,-463114.67997731495
268091,2025-08-18 00:06:33,229,228,927498.18,228,excess_vs_future_need_120d,1803061.077385315,639294.7369824,1163766.3404029151,14,875562.8973853149,-236268.16040291497
268091,2025-08-18 00:06:33,229,228,927498.18,228,excess_vs_future_need_180d,1803061.077385315,807101.5738104,995959.503574915,14,875562.8973853149,-68461.32357491495
268091,2025-08-18 00:06:33,229,228,927498.18,228,excess_vs_future_need_270d,1803061.077385315,941354.3964472002,861706.6809381148,14,875562.8973853149,65791.49906188529
268091,2025-08-18 00:06:33,229,228,927498.18,228,excess_vs_future_need_365d,1803061.077385315,1012429.7328184007,790631.3445669143,14,875562.8973853149,136866.8354330858
268091,2025-08-25 00:08:15,236,235,951028.42,235,excess_vs_coverage,1810126.577385315,680181.5307567,1129945.046628615,14,859098.1573853149,-178916.62662861496
268091,2025-08-25 00:08:15,236,235,951028.42,235,excess_vs_demand_180d,1810126.577385315,1653815.046279375,156311.53110594,14,859098.1573853149,794716.88889406
268091,2025-08-25 00:08:15,236,235,951028.42,235,excess_vs_demand_90d,1810126.577385315,1577923.5683793752,232203.00900594002,14,859098.1573853149,718825.4109940602
268091,2025-08-25 00:08:15,236,235,951028.42,235,excess_vs_max_safety_coverage,1810126.577385315,1084997.5200107,725129.0573746151,14,859098.1573853149,225899.36262538505
268091,2025-08-25 00:08:15,236,235,951028.42,235,excess_vs_safety_plus_coverage,1810126.577385315,693190.7307567,1116935.846628615,14,859098.1573853149,-165907.4266286149
268091,2025-08-25 00:08:15,236,235,951028.42,235,excess_vs_target_stock,1810126.577385315,1084997.5200107,725129.0573746151,14,859098.1573853149,225899.36262538505
268091,2025-08-25 00:08:15,236,235,951028.42,235,physical_stock_value,1810126.577385315,0.0,1810126.577385315,14,859098.1573853149,-859098.1573853149
268091,2025-08-25 00:08:15,236,235,951028.42,235,excess_vs_future_need_7d,1810126.577385315,41244.8217408,1768881.755644515,14,859098.1573853149,-817853.3356445149
268091,2025-08-25 00:08:15,236,235,951028.42,235,excess_vs_future_need_14d,1810126.577385315,75615.50652479999,1734511.0708605149,14,859098.1573853149,-783482.650860515
268091,2025-08-25 00:08:15,236,235,951028.42,235,excess_vs_future_need_21d,1810126.577385315,109986.19130879999,1700140.386076515,14,859098.1573853149,-749111.9660765149
268091,2025-08-25 00:08:15,236,235,951028.42,235,excess_vs_future_need_30d,1810126.577385315,164979.2869632,1645147.290422115,14,859098.1573853149,-694118.870422115
268091,2025-08-25 00:08:15,236,235,951028.42,235,excess_vs_future_need_45d,1810126.577385315,213098.24566079996,1597028.331724515,14,859098.1573853149,-645999.911724515
268091,2025-08-25 00:08:15,236,235,951028.42,235,excess_vs_future_need_60d,1810126.577385315,309336.16305599996,1500790.4143293148,14,859098.1573853149,-549761.9943293149
268091,2025-08-25 00:08:15,236,235,951028.42,235,excess_vs_future_need_90d,1810126.577385315,488063.72393279994,1322062.8534525149,14,859098.1573853149,-371034.433452515
268091,2025-08-25 00:08:15,236,235,951028.42,235,excess_vs_future_need_120d,1810126.577385315,722828.6027575999,1087297.974627715,14,859098.1573853149,-136269.55462771503
268091,2025-08-25 00:08:15,236,235,951028.42,235,excess_vs_future_need_180d,1810126.577385315,846685.5729368,963441.004448515,14,859098.1573853149,-12412.584448514972
268091,2025-08-25 00:08:15,236,235,951028.42,235,excess_vs_future_need_270d,1810126.577385315,956035.1110584002,854091.4663269147,14,859098.1573853149,96936.95367308531
268091,2025-08-25 00:08:15,236,235,951028.42,235,excess_vs_future_need_365d,1810126.577385315,1028379.6498648007,781746.9275205142,14,859098.1573853149,169281.4924794858
268091,2025-09-01 00:08:34,243,242,936323.01,242,excess_vs_coverage,1775947.255644515,678718.6896367,1097228.5660078148,14,839624.2456445149,-160905.55600781494
268091,2025-09-01 00:08:34,243,242,936323.01,242,excess_vs_demand_180d,1775947.255644515,1619856.718458575,156090.53718594002,14,839624.2456445149,780232.47281406
268091,2025-09-01 00:08:34,243,242,936323.01,242,excess_vs_demand_90d,1775947.255644515,1544526.4949585751,231420.76068593998,14,839624.2456445149,704902.2493140602
268091,2025-09-01 00:08:34,243,242,936323.01,242,excess_vs_max_safety_coverage,1775947.255644515,1061830.3610107,714116.894633815,14,839624.2456445149,222206.11536618508
268091,2025-09-01 00:08:34,243,242,936323.01,242,excess_vs_safety_plus_coverage,1775947.255644515,691727.8896367,1084219.3660078149,14,839624.2456445149,-147896.35600781487
268091,2025-09-01 00:08:34,243,242,936323.01,242,excess_vs_target_stock,1775947.255644515,1061830.3610107,714116.894633815,14,839624.2456445149,222206.11536618508
268091,2025-09-01 00:08:34,243,242,936323.01,242,physical_stock_value,1775947.255644515,0.0,1775947.255644515,14,839624.2456445149,-839624.2456445149
268091,2025-09-01 00:08:34,243,242,936323.01,242,excess_vs_future_need_7d,1775947.255644515,34370.684784,1741576.5708605149,14,839624.2456445149,-805253.5608605149
268091,2025-09-01 00:08:34,243,242,936323.01,242,excess_vs_future_need_14d,1775947.255644515,68741.369568,1707205.886076515,14,839624.2456445149,-770882.876076515
268091,2025-09-01 00:08:34,243,242,936323.01,242,excess_vs_future_need_21d,1775947.255644515,109986.19130879999,1665961.064335715,14,839624.2456445149,-729638.0543357149
268091,2025-09-01 00:08:34,243,242,936323.01,242,excess_vs_future_need_30d,1775947.255644515,158105.15000639996,1617842.105638115,14,839624.2456445149,-681519.095638115
268091,2025-09-01 00:08:34,243,242,936323.01,242,excess_vs_future_need_45d,1775947.255644515,219972.38261759997,1555974.873026915,14,839624.2456445149,-619651.8630269149
268091,2025-09-01 00:08:34,243,242,936323.01,242,excess_vs_future_need_60d,1775947.255644515,274965.478272,1500981.777372515,14,839624.2456445149,-564658.7673725149
268091,2025-09-01 00:08:34,243,242,936323.01,242,excess_vs_future_need_90d,1775947.255644515,515560.27176,1260386.983884515,14,839624.2456445149,-324063.97388451494
268091,2025-09-01 00:08:34,243,242,936323.01,242,excess_vs_future_need_120d,1775947.255644515,708006.3728439999,1067940.882800515,14,839624.2456445149,-131617.87280051503
268091,2025-09-01 00:08:34,243,242,936323.01,242,excess_vs_future_need_180d,1775947.255644515,845024.7503223999,930922.505322115,14,839624.2456445149,5400.504677884979
268091,2025-09-01 00:08:34,243,242,936323.01,242,excess_vs_future_need_270d,1775947.255644515,930740.2063640002,845207.0492805146,14,839624.2456445149,91115.9607194853
268091,2025-09-01 00:08:34,243,242,936323.01,242,excess_vs_future_need_365d,1775947.255644515,1003084.7451704008,772862.5104741141,14,839624.2456445149,163460.4995258859
268091,2025-09-08 00:08:41,250,249,954057.28,249,excess_vs_coverage,1741576.5708605149,668544.3696367,1073032.201223815,14,787519.2908605149,-118974.92122381483
268091,2025-09-08 00:08:41,250,249,954057.28,249,excess_vs_demand_180d,1741576.5708605149,1585670.1952745751,155906.37558594003,14,787519.2908605149,798150.9044140603
268091,2025-09-08 00:08:41,250,249,954057.28,249,excess_vs_demand_90d,1741576.5708605149,1510807.6837745751,230768.88708594002,14,787519.2908605149,723288.3929140603
268091,2025-09-08 00:08:41,250,249,954057.28,249,excess_vs_max_safety_coverage,1741576.5708605149,1036114.8410107,705461.7298498151,14,787519.2908605149,248595.55015018512
268091,2025-09-08 00:08:41,250,249,954057.28,249,excess_vs_safety_plus_coverage,1741576.5708605149,681553.5696367,1060023.001223815,14,787519.2908605149,-105965.72122381488
268091,2025-09-08 00:08:41,250,249,954057.28,249,excess_vs_target_stock,1741576.5708605149,1036114.8410107,705461.7298498151,14,787519.2908605149,248595.55015018512
268091,2025-09-08 00:08:41,250,249,954057.28,249,physical_stock_value,1741576.5708605149,0.0,1741576.5708605149,14,787519.2908605149,-787519.2908605149
268091,2025-09-08 00:08:41,250,249,954057.28,249,excess_vs_future_need_7d,1741576.5708605149,34370.684784,1707205.886076515,14,787519.2908605149,-753148.6060765148
268091,2025-09-08 00:08:41,250,249,954057.28,249,excess_vs_future_need_14d,1741576.5708605149,75615.50652479999,1665961.064335715,14,787519.2908605149,-711903.7843357149
268091,2025-09-08 00:08:41,250,249,954057.28,249,excess_vs_future_need_21d,1741576.5708605149,123734.46522239999,1617842.105638115,14,787519.2908605149,-663784.8256381148
268091,2025-09-08 00:08:41,250,249,954057.28,249,excess_vs_future_need_30d,1741576.5708605149,137482.739136,1604093.831724515,14,787519.2908605149,-650036.5517245149
268091,2025-09-08 00:08:41,250,249,954057.28,249,excess_vs_future_need_45d,1741576.5708605149,226846.51957439998,1514730.0512861148,14,787519.2908605149,-560672.7712861148
268091,2025-09-08 00:08:41,250,249,954057.28,249,excess_vs_future_need_60d,1741576.5708605149,281839.6152288,1459736.955631715,14,787519.2908605149,-505679.67563171487
268091,2025-09-08 00:08:41,250,249,954057.28,249,excess_vs_future_need_90d,1741576.5708605149,488063.72393279994,1253512.846927715,14,787519.2908605149,-299455.5669277149
268091,2025-09-08 00:08:41,250,249,954057.28,249,excess_vs_future_need_120d,1741576.5708605149,673635.68806,1067940.882800515,14,787519.2908605149,-113883.6028005149
268091,2025-09-08 00:08:41,250,249,954057.28,249,excess_vs_future_need_180d,1741576.5708605149,823175.4049144,918401.165946115,14,787519.2908605149,35656.1140538851
268091,2025-09-08 00:08:41,250,249,954057.28,249,excess_vs_future_need_270d,1741576.5708605149,898907.9264504004,842668.6444101147,14,787519.2908605149,111388.63558988553
268091,2025-09-08 00:08:41,250,249,954057.28,249,excess_vs_future_need_365d,1741576.5708605149,973790.870127201,767785.700733314,14,787519.2908605149,186271.5792666861
268091,2025-09-15 00:09:32,257,256,1070103.57,256,excess_vs_coverage,1718883.386076515,668968.2996367,1049915.0864398151,14,648779.816076515,20188.483560184948
268091,2025-09-15 00:09:32,257,256,1070103.57,256,excess_vs_demand_180d,1718883.386076515,1563161.172090575,155722.21398594,14,648779.816076515,914381.3560140601
268091,2025-09-15 00:09:32,257,256,1070103.57,256,excess_vs_demand_90d,1718883.386076515,1488766.3725905751,230117.01348594,14,648779.816076515,839986.5565140601
268091,2025-09-15 00:09:32,257,256,1070103.57,256,excess_vs_max_safety_coverage,1718883.386076515,1022076.8210107,696806.5650658151,14,648779.816076515,373297.00493418495
268091,2025-09-15 00:09:32,257,256,1070103.57,256,excess_vs_safety_plus_coverage,1718883.386076515,681977.4996367,1036905.886439815,14,648779.816076515,33197.68356018502
268091,2025-09-15 00:09:32,257,256,1070103.57,256,excess_vs_target_stock,1718883.386076515,1022076.8210107,696806.5650658151,14,648779.816076515,373297.00493418495
268091,2025-09-15 00:09:32,257,256,1070103.57,256,physical_stock_value,1718883.386076515,0.0,1718883.386076515,14,648779.816076515,-648779.816076515
268091,2025-09-15 00:09:32,257,256,1070103.57,256,excess_vs_future_need_7d,1718883.386076515,41244.8217408,1677638.564335715,14,648779.816076515,-607534.994335715
268091,2025-09-15 00:09:32,257,256,1070103.57,256,excess_vs_future_need_14d,1718883.386076515,89363.78043839999,1629519.605638115,14,648779.816076515,-559416.035638115
268091,2025-09-15 00:09:32,257,256,1070103.57,256,excess_vs_future_need_21d,1718883.386076515,89363.78043839999,1629519.605638115,14,648779.816076515,-559416.035638115
268091,2025-09-15 00:09:32,257,256,1070103.57,256,excess_vs_future_need_30d,1718883.386076515,144356.87609279997,1574526.509983715,14,648779.816076515,-504422.93998371507
268091,2025-09-15 00:09:32,257,256,1070103.57,256,excess_vs_future_need_45d,1718883.386076515,206224.10870399998,1512659.277372515,14,648779.816076515,-442555.707372515
268091,2025-09-15 00:09:32,257,256,1070103.57,256,excess_vs_future_need_60d,1718883.386076515,288713.7521856,1430169.633890915,14,648779.816076515,-360066.063890915
268091,2025-09-15 00:09:32,257,256,1070103.57,256,excess_vs_future_need_90d,1718883.386076515,501811.99784639996,1217071.3882301152,14,648779.816076515,-146967.81823011505
268091,2025-09-15 00:09:32,257,256,1070103.57,256,excess_vs_future_need_120d,1718883.386076515,649863.253276,1069020.132800515,14,648779.816076515,1083.4371994850226
268091,2025-09-15 00:09:32,257,256,1070103.57,256,excess_vs_future_need_180d,1718883.386076515,806631.2596312,912252.1264453151,14,648779.816076515,157851.44355468499
268091,2025-09-15 00:09:32,257,256,1070103.57,256,excess_vs_future_need_270d,1718883.386076515,881291.5514072004,837591.8346693147,14,648779.816076515,232511.7353306854
268091,2025-09-15 00:09:32,257,256,1070103.57,256,excess_vs_future_need_365d,1718883.386076515,957443.697519201,761439.688557314,14,648779.816076515,308663.88144268596
268091,2025-09-22 00:06:49,264,263,1134444.24,263,excess_vs_coverage,1683329.814335715,660291.8656367,1023037.948699015,14,548885.574335715,111406.29130098491
268091,2025-09-22 00:06:49,264,263,1134444.24,263,excess_vs_demand_180d,1683329.814335715,1527828.594269775,155501.22006594003,14,548885.574335715,978943.01993406
268091,2025-09-22 00:06:49,264,263,1134444.24,263,excess_vs_demand_90d,1683329.814335715,1453995.0491697749,229334.76516594,14,548885.574335715,905109.4748340598
268091,2025-09-22 00:06:49,264,263,1134444.24,263,excess_vs_max_safety_coverage,1683329.814335715,996909.4470107,686420.367325015,14,548885.574335715,448023.872674985
268091,2025-09-22 00:06:49,264,263,1134444.24,263,excess_vs_safety_plus_coverage,1683329.814335715,673301.0656367,1010028.748699015,14,548885.574335715,124415.49130098498
268091,2025-09-22 00:06:49,264,263,1134444.24,263,excess_vs_target_stock,1683329.814335715,996909.4470107,686420.367325015,14,548885.574335715,448023.872674985
268091,2025-09-22 00:06:49,264,263,1134444.24,263,physical_stock_value,1683329.814335715,0.0,1683329.814335715,14,548885.574335715,-548885.574335715
268091,2025-09-22 00:06:49,264,263,1134444.24,263,excess_vs_future_need_7d,1683329.814335715,48118.958697599985,1635210.855638115,14,548885.574335715,-500766.61563811504
268091,2025-09-22 00:06:49,264,263,1134444.24,263,excess_vs_future_need_14d,1683329.814335715,48118.958697599985,1635210.855638115,14,548885.574335715,-500766.61563811504
268091,2025-09-22 00:06:49,264,263,1134444.24,263,excess_vs_future_need_21d,1683329.814335715,89363.78043839998,1593966.033897315,14,548885.574335715,-459521.79389731504
268091,2025-09-22 00:06:49,264,263,1134444.24,263,excess_vs_future_need_30d,1683329.814335715,144356.87609279997,1538972.938242915,14,548885.574335715,-404528.6982429151
268091,2025-09-22 00:06:49,264,263,1134444.24,263,excess_vs_future_need_45d,1683329.814335715,199349.97174719998,1483979.842588515,14,548885.574335715,-349535.60258851503
268091,2025-09-22 00:06:49,264,263,1134444.24,263,excess_vs_future_need_60d,1683329.814335715,309336.16305599996,1373993.651279715,14,548885.574335715,-239549.41127971507
268091,2025-09-22 00:06:49,264,263,1134444.24,263,excess_vs_future_need_90d,1683329.814335715,556805.0935008,1126524.720834915,14,548885.574335715,7919.51916508493
268091,2025-09-22 00:06:49,264,263,1134444.24,263,excess_vs_future_need_120d,1683329.814335715,611798.1891551999,1071531.625180515,14,548885.574335715,62912.61481948488
268091,2025-09-22 00:06:49,264,263,1134444.24,263,excess_vs_future_need_180d,1683329.814335715,780301.2471416,903028.5671941149,14,548885.574335715,231415.67280588497
268091,2025-09-22 00:06:49,264,263,1134444.24,263,excess_vs_future_need_270d,1683329.814335715,853353.1942776004,829976.6200581145,14,548885.574335715,304467.61994188535
268091,2025-09-22 00:06:49,264,263,1134444.24,263,excess_vs_future_need_365d,1683329.814335715,930753.075406801,752576.7389289141,14,548885.574335715,381867.5010710859
268091,2025-09-29 00:06:39,271,270,991637.45,270,excess_vs_coverage,1644434.855638115,652128.1486951,992306.706943015,14,652797.405638115,-669.2569430150324
268091,2025-09-29 00:06:39,271,270,991637.45,270,excess_vs_demand_180d,1644434.855638115,1489191.461812175,155243.39382594,14,652797.405638115,836394.0561740601
268091,2025-09-29 00:06:39,271,270,991637.45,270,excess_vs_demand_90d,1644434.855638115,1416012.713512175,228422.14212594,14,652797.405638115,763215.30787406
268091,2025-09-29 00:06:39,271,270,991637.45,270,excess_vs_max_safety_coverage,1644434.855638115,969146.5500691,675288.3055690151,14,652797.405638115,316349.144430985
268091,2025-09-29 00:06:39,271,270,991637.45,270,excess_vs_safety_plus_coverage,1644434.855638115,665137.3486950999,979297.506943015,14,652797.405638115,12339.943056984921
268091,2025-09-29 00:06:39,271,270,991637.45,270,excess_vs_target_stock,1644434.855638115,969146.5500691,675288.3055690151,14,652797.405638115,316349.144430985
268091,2025-09-29 00:06:39,271,270,991637.45,270,physical_stock_value,1644434.855638115,0.0,1644434.855638115,14,652797.405638115,-652797.405638115
268091,2025-09-29 00:06:39,271,270,991637.45,270,excess_vs_future_need_7d,1644434.855638115,0.0,1644434.855638115,14,652797.405638115,-652797.405638115
268091,2025-09-29 00:06:39,271,270,991637.45,270,excess_vs_future_need_14d,1644434.855638115,41244.82174079999,1603190.0338973152,14,652797.405638115,-611552.583897315
268091,2025-09-29 00:06:39,271,270,991637.45,270,excess_vs_future_need_21d,1644434.855638115,82489.6434816,1561945.212156515,14,652797.405638115,-570307.762156515
268091,2025-09-29 00:06:39,271,270,991637.45,270,excess_vs_future_need_30d,1644434.855638115,116860.3282656,1527574.527372515,14,652797.405638115,-535937.077372515
268091,2025-09-29 00:06:39,271,270,991637.45,270,excess_vs_future_need_45d,1644434.855638115,192475.8347904,1451959.020847715,14,652797.405638115,-460321.570847715
268091,2025-09-29 00:06:39,271,270,991637.45,270,excess_vs_future_need_60d,1644434.855638115,357455.12175359996,1286979.733884515,14,652797.405638115,-295342.28388451505
268091,2025-09-29 00:06:39,271,270,991637.45,270,excess_vs_future_need_90d,1644434.855638115,563679.2304576,1080755.625180515,14,652797.405638115,-89118.17518051504
268091,2025-09-29 00:06:39,271,270,991637.45,270,excess_vs_future_need_120d,1644434.855638115,590454.8146648,1053980.040973315,14,652797.405638115,-62342.59097331506
268091,2025-09-29 00:06:39,271,270,991637.45,270,excess_vs_future_need_180d,1644434.855638115,752167.1075704001,892267.748067715,14,652797.405638115,99369.7019322851
268091,2025-09-29 00:06:39,271,270,991637.45,270,excess_vs_future_need_270d,1644434.855638115,823342.6526264005,821092.2030117145,14,652797.405638115,170545.24698828545
268091,2025-09-29 00:06:39,271,270,991637.45,270,excess_vs_future_need_365d,1644434.855638115,898994.396248401,745440.4593897141,14,652797.405638115,246196.990610286
268091,2025-10-06 00:07:10,278,277,896029.67,277,excess_vs_coverage,1657191.605638115,662726.3986951,994465.206943015,14,761161.9356381149,-98435.53694301494
268091,2025-10-06 00:07:10,278,277,896029.67,277,excess_vs_demand_180d,1657191.605638115,1501948.211812175,155243.39382594,14,761161.9356381149,740786.2761740602
268091,2025-10-06 00:07:10,278,277,896029.67,277,excess_vs_demand_90d,1657191.605638115,1428769.463512175,228422.14212594,14,761161.9356381149,667607.5278740601
268091,2025-10-06 00:07:10,278,277,896029.67,277,excess_vs_max_safety_coverage,1657191.605638115,981903.3000691,675288.3055690151,14,761161.9356381149,220741.36443098506
268091,2025-10-06 00:07:10,278,277,896029.67,277,excess_vs_safety_plus_coverage,1657191.605638115,675735.5986951,981456.006943015,14,761161.9356381149,-85426.33694301487
268091,2025-10-06 00:07:10,278,277,896029.67,277,excess_vs_target_stock,1657191.605638115,981903.3000691,675288.3055690151,14,761161.9356381149,220741.36443098506
268091,2025-10-06 00:07:10,278,277,896029.67,277,physical_stock_value,1657191.605638115,0.0,1657191.605638115,14,761161.9356381149,-761161.9356381149
268091,2025-10-06 00:07:10,278,277,896029.67,277,excess_vs_future_need_7d,1657191.605638115,41244.82174079999,1615946.7838973152,14,761161.9356381149,-719917.113897315
268091,2025-10-06 00:07:10,278,277,896029.67,277,excess_vs_future_need_14d,1657191.605638115,82489.6434816,1574701.962156515,14,761161.9356381149,-678672.292156515
268091,2025-10-06 00:07:10,278,277,896029.67,277,excess_vs_future_need_21d,1657191.605638115,116860.3282656,1540331.277372515,14,761161.9356381149,-644301.6073725149
268091,2025-10-06 00:07:10,278,277,896029.67,277,excess_vs_future_need_30d,1657191.605638115,144356.8760928,1512834.729545315,14,761161.9356381149,-616805.0595453149
268091,2025-10-06 00:07:10,278,277,896029.67,277,excess_vs_future_need_45d,1657191.605638115,247468.9304448,1409722.675193315,14,761161.9356381149,-513693.0051933149
268091,2025-10-06 00:07:10,278,277,896029.67,277,excess_vs_future_need_60d,1657191.605638115,357455.12175359996,1299736.483884515,14,761161.9356381149,-403706.81388451497
268091,2025-10-06 00:07:10,278,277,896029.67,277,excess_vs_future_need_90d,1657191.605638115,563679.2304576,1093512.375180515,14,761161.9356381149,-197482.70518051495
268091,2025-10-06 00:07:10,278,277,896029.67,277,excess_vs_future_need_120d,1657191.605638115,611798.1891551999,1045393.416482915,14,761161.9356381149,-149363.746482915
268091,2025-10-06 00:07:10,278,277,896029.67,277,excess_vs_future_need_180d,1657191.605638115,766461.1174456001,890730.488192515,14,761161.9356381149,5299.181807485176
268091,2025-10-06 00:07:10,278,277,896029.67,277,excess_vs_future_need_270d,1657191.605638115,841176.2123672005,816015.3932709146,14,761161.9356381149,80014.2767290856
268091,2025-10-06 00:07:10,278,277,896029.67,277,excess_vs_future_need_365d,1657191.605638115,911751.146248401,745440.4593897141,14,761161.9356381149,150589.2106102861
268091,2025-10-13 00:06:49,285,284,888479.56,284,excess_vs_coverage,1621638.033897315,652887.3262055,968750.707691815,14,733158.4738973149,-80271.14769181481
268091,2025-10-13 00:06:49,285,284,888479.56,284,excess_vs_demand_180d,1621638.033897315,1466615.6339913749,155022.39990594002,14,733158.4738973149,733457.16009406
268091,2025-10-13 00:06:49,285,284,888479.56,284,excess_vs_demand_90d,1621638.033897315,1393998.140091375,227639.89380594002,14,733158.4738973149,660839.6661940601
268091,2025-10-13 00:06:49,285,284,888479.56,284,excess_vs_max_safety_coverage,1621638.033897315,955573.2875795,666064.746317815,14,733158.4738973149,222414.81368218514
268091,2025-10-13 00:06:49,285,284,888479.56,284,excess_vs_safety_plus_coverage,1621638.033897315,665896.5262055,955741.507691815,14,733158.4738973149,-67261.94769181486
268091,2025-10-13 00:06:49,285,284,888479.56,284,excess_vs_target_stock,1621638.033897315,955573.2875795,666064.746317815,14,733158.4738973149,222414.81368218514
268091,2025-10-13 00:06:49,285,284,888479.56,284,physical_stock_value,1621638.033897315,0.0,1621638.033897315,14,733158.4738973149,-733158.4738973149
268091,2025-10-13 00:06:49,285,284,888479.56,284,excess_vs_future_need_7d,1621638.033897315,41244.8217408,1580393.212156515,14,733158.4738973149,-691913.6521565148
268091,2025-10-13 00:06:49,285,284,888479.56,284,excess_vs_future_need_14d,1621638.033897315,75615.5065248,1546022.527372515,14,733158.4738973149,-657542.9673725149
268091,2025-10-13 00:06:49,285,284,888479.56,284,excess_vs_future_need_21d,1621638.033897315,89363.7804384,1532274.253458915,14,733158.4738973149,-643794.6934589149
268091,2025-10-13 00:06:49,285,284,888479.56,284,excess_vs_future_need_30d,1621638.033897315,144356.8760928,1477281.157804515,14,733158.4738973149,-588801.5978045149
268091,2025-10-13 00:06:49,285,284,888479.56,284,excess_vs_future_need_45d,1621638.033897315,302462.0260992,1319176.007798115,14,733158.4738973149,-430696.44779811485
268091,2025-10-13 00:06:49,285,284,888479.56,284,excess_vs_future_need_60d,1621638.033897315,357455.12175359996,1264182.912143715,14,733158.4738973149,-375703.3521437149
268091,2025-10-13 00:06:49,285,284,888479.56,284,excess_vs_future_need_90d,1621638.033897315,522434.4087168,1099203.625180515,14,733158.4738973149,-210724.06518051488
268091,2025-10-13 00:06:49,285,284,888479.56,284,excess_vs_future_need_120d,1621638.033897315,597215.9036216,1024422.130275715,14,733158.4738973149,-135942.57027571485
268091,2025-10-13 00:06:49,285,284,888479.56,284,excess_vs_future_need_180d,1621638.033897315,733982.0654552002,887655.9684421149,14,733158.4738973149,823.5915578852873
268091,2025-10-13 00:06:49,285,284,888479.56,284,excess_vs_future_need_270d,1621638.033897315,810699.4503672007,810938.5835301145,14,733158.4738973149,77540.97646988579
268091,2025-10-13 00:06:49,285,284,888479.56,284,excess_vs_future_need_365d,1621638.033897315,883333.8540468011,738304.1798505139,14,733158.4738973149,150175.38014948624
268091,2025-10-20 00:07:14,292,291,878742.0,291,excess_vs_coverage,1628928.2121565149,653424.1996367,975504.012519815,14,750186.2121565149,-96762.01251981489
268091,2025-10-20 00:07:14,292,291,878742.0,291,excess_vs_demand_180d,1628928.2121565149,1474126.8061705749,154801.40598594,14,750186.2121565149,723940.59401406
268091,2025-10-20 00:07:14,292,291,878742.0,291,excess_vs_demand_90d,1628928.2121565149,1402070.566670575,226857.64548593998,14,750186.2121565149,651884.3545140601
268091,2025-10-20 00:07:14,292,291,878742.0,291,excess_vs_max_safety_coverage,1628928.2121565149,945015.4710107,683912.741145815,14,750186.2121565149,194829.25885418511
268091,2025-10-20 00:07:14,292,291,878742.0,291,excess_vs_safety_plus_coverage,1628928.2121565149,666433.3996366999,962494.8125198149,14,750186.2121565149,-83752.81251981494
268091,2025-10-20 00:07:14,292,291,878742.0,291,excess_vs_target_stock,1628928.2121565149,945015.4710107,683912.741145815,14,750186.2121565149,194829.25885418511
268091,2025-10-20 00:07:14,292,291,878742.0,291,physical_stock_value,1628928.2121565149,0.0,1628928.2121565149,14,750186.2121565149,-750186.2121565149
268091,2025-10-20 00:07:14,292,291,878742.0,291,excess_vs_future_need_7d,1628928.2121565149,34370.684784000005,1594557.527372515,14,750186.2121565149,-715815.5273725148
268091,2025-10-20 00:07:14,292,291,878742.0,291,excess_vs_future_need_14d,1628928.2121565149,48118.95869760001,1580809.2534589148,14,750186.2121565149,-702067.2534589148
268091,2025-10-20 00:07:14,292,291,878742.0,291,excess_vs_future_need_21d,1628928.2121565149,96237.91739520001,1532690.294761315,14,750186.2121565149,-653948.2947613149
268091,2025-10-20 00:07:14,292,291,878742.0,291,excess_vs_future_need_30d,1628928.2121565149,151231.0130496,1477697.199106915,14,750186.2121565149,-598955.1991069149
268091,2025-10-20 00:07:14,292,291,878742.0,291,excess_vs_future_need_45d,1628928.2121565149,274965.478272,1353962.733884515,14,750186.2121565149,-475220.7338845149
268091,2025-10-20 00:07:14,292,291,878742.0,291,excess_vs_future_need_60d,1628928.2121565149,398699.94349439995,1230228.2686621149,14,750186.2121565149,-351486.2686621149
268091,2025-10-20 00:07:14,292,291,878742.0,291,excess_vs_future_need_90d,1628928.2121565149,481189.586976,1147738.625180515,14,750186.2121565149,-268996.6251805149
268091,2025-10-20 00:07:14,292,291,878742.0,291,excess_vs_future_need_120d,1628928.2121565149,600444.2425784,1028483.969578115,14,750186.2121565149,-149741.96957811492
268091,2025-10-20 00:07:14,292,291,878742.0,291,excess_vs_future_need_180d,1628928.2121565149,729861.1764408001,899067.0357157149,14,750186.2121565149,-20325.035715714796
268091,2025-10-20 00:07:14,292,291,878742.0,291,excess_vs_future_need_270d,1628928.2121565149,811787.8053816005,817140.4067749145,14,750186.2121565149,61601.59322508564
268091,2025-10-20 00:07:14,292,291,878742.0,291,excess_vs_future_need_365d,1628928.2121565149,898949.6917684012,729978.5203881138,14,750186.2121565149,148763.47961188632
268091,2025-10-27 00:07:23,299,298,820347.49,298,excess_vs_coverage,1605940.027372515,650315.3796367,955624.647735815,14,785592.5373725151,-135277.15773581504
268091,2025-10-27 00:07:23,299,298,820347.49,298,excess_vs_demand_180d,1605940.027372515,1451322.782986575,154617.24438594002,14,785592.5373725151,665730.24561406
268091,2025-10-27 00:07:23,299,298,820347.49,298,excess_vs_demand_90d,1605940.027372515,1379734.255486575,226205.77188594002,14,785592.5373725151,594141.7181140599
268091,2025-10-27 00:07:23,299,298,820347.49,298,excess_vs_max_safety_coverage,1605940.027372515,930682.4510107,675257.576361815,14,785592.5373725151,145089.9136381849
268091,2025-10-27 00:07:23,299,298,820347.49,298,excess_vs_safety_plus_coverage,1605940.027372515,663324.5796367,942615.447735815,14,785592.5373725151,-122267.95773581509
268091,2025-10-27 00:07:23,299,298,820347.49,298,excess_vs_target_stock,1605940.027372515,930682.4510107,675257.576361815,14,785592.5373725151,145089.9136381849
268091,2025-10-27 00:07:23,299,298,820347.49,298,physical_stock_value,1605940.027372515,0.0,1605940.027372515,14,785592.5373725151,-785592.5373725151
268091,2025-10-27 00:07:23,299,298,820347.49,298,excess_vs_future_need_7d,1605940.027372515,13748.273913600002,1592191.753458915,14,785592.5373725151,-771844.263458915
268091,2025-10-27 00:07:23,299,298,820347.49,298,excess_vs_future_need_14d,1605940.027372515,61867.23261120001,1544072.7947613152,14,785592.5373725151,-723725.3047613151
268091,2025-10-27 00:07:23,299,298,820347.49,298,excess_vs_future_need_21d,1605940.027372515,103112.054352,1502827.973020515,14,785592.5373725151,-682480.4830205151
268091,2025-10-27 00:07:23,299,298,820347.49,298,excess_vs_future_need_30d,1605940.027372515,213098.2456608,1392841.781711715,14,785592.5373725151,-572494.291711715
268091,2025-10-27 00:07:23,299,298,820347.49,298,excess_vs_future_need_45d,1605940.027372515,274965.478272,1330974.549100515,14,785592.5373725151,-510627.0591005151
268091,2025-10-27 00:07:23,299,298,820347.49,298,excess_vs_future_need_60d,1605940.027372515,446818.902192,1159121.125180515,14,785592.5373725151,-338773.63518051506
268091,2025-10-27 00:07:23,299,298,820347.49,298,excess_vs_future_need_90d,1605940.027372515,460567.17610559997,1145372.851266915,14,785592.5373725151,-325025.3612669151
268091,2025-10-27 00:07:23,299,298,820347.49,298,excess_vs_future_need_120d,1605940.027372515,607013.9684919999,998926.058880515,14,785592.5373725151,-178578.56888051517
268091,2025-10-27 00:07:23,299,298,820347.49,298,excess_vs_future_need_180d,1605940.027372515,714187.8692408002,891752.1581317149,14,785592.5373725151,-71404.66813171492
268091,2025-10-27 00:07:23,299,298,820347.49,298,excess_vs_future_need_270d,1605940.027372515,797577.4736984005,808362.5536741144,14,785592.5373725151,11984.936325885472
268091,2025-10-27 00:07:23,299,298,820347.49,298,excess_vs_future_need_365d,1605940.027372515,880719.0266772012,725221.0006953138,14,785592.5373725151,95126.48930468608
268091,2025-11-03 00:07:33,306,305,839166.59,305,excess_vs_coverage,1629087.7534589148,674507.6516367,954580.1018222149,14,789921.1634589148,-115413.51182221482
268091,2025-11-03 00:07:33,306,305,839166.59,305,excess_vs_demand_180d,1629087.7534589148,1474544.1737129749,154543.57974594002,14,789921.1634589148,684623.01025406
268091,2025-11-03 00:07:33,306,305,839166.59,305,excess_vs_demand_90d,1629087.7534589148,1403142.7310129749,225945.02244593998,14,789921.1634589148,613221.56755406
268091,2025-11-03 00:07:33,306,305,839166.59,305,excess_vs_max_safety_coverage,1629087.7534589148,957292.2430107,671795.5104482151,14,789921.1634589148,167371.07955178514
268091,2025-11-03 00:07:33,306,305,839166.59,305,excess_vs_safety_plus_coverage,1629087.7534589148,687516.8516367,941570.901822215,14,789921.1634589148,-102404.31182221486
268091,2025-11-03 00:07:33,306,305,839166.59,305,excess_vs_target_stock,1629087.7534589148,957292.2430107,671795.5104482151,14,789921.1634589148,167371.07955178514
268091,2025-11-03 00:07:33,306,305,839166.59,305,physical_stock_value,1629087.7534589148,0.0,1629087.7534589148,14,789921.1634589148,-789921.1634589148
268091,2025-11-03 00:07:33,306,305,839166.59,305,excess_vs_future_need_7d,1629087.7534589148,48118.95869760001,1580968.794761315,14,789921.1634589148,-741802.2047613148
268091,2025-11-03 00:07:33,306,305,839166.59,305,excess_vs_future_need_14d,1629087.7534589148,89363.7804384,1539723.973020515,14,789921.1634589148,-700557.3830205149
268091,2025-11-03 00:07:33,306,305,839166.59,305,excess_vs_future_need_21d,1629087.7534589148,171853.42392,1457234.329538915,14,789921.1634589148,-618067.7395389149
268091,2025-11-03 00:07:33,306,305,839166.59,305,excess_vs_future_need_30d,1629087.7534589148,226846.5195744,1402241.233884515,14,789921.1634589148,-563074.6438845148
268091,2025-11-03 00:07:33,306,305,839166.59,305,excess_vs_future_need_45d,1629087.7534589148,336832.7108832,1292255.0425757149,14,789921.1634589148,-453088.45257571485
268091,2025-11-03 00:07:33,306,305,839166.59,305,excess_vs_future_need_60d,1629087.7534589148,433070.6282784,1196017.125180515,14,789921.1634589148,-356850.53518051485
268091,2025-11-03 00:07:33,306,305,839166.59,305,excess_vs_future_need_90d,1629087.7534589148,474315.4500192,1154772.303439715,14,789921.1634589148,-315605.71343971486
268091,2025-11-03 00:07:33,306,305,839166.59,305,excess_vs_future_need_120d,1629087.7534589148,653043.0108959998,976044.7425629151,14,789921.1634589148,-136878.152562915
268091,2025-11-03 00:07:33,306,305,839166.59,305,excess_vs_future_need_180d,1629087.7534589148,737335.5953272001,891752.1581317149,14,789921.1634589148,-52585.56813171471
268091,2025-11-03 00:07:33,306,305,839166.59,305,excess_vs_future_need_270d,1629087.7534589148,828040.0773688005,801047.6760901144,14,789921.1634589148,38118.91390988568
268091,2025-11-03 00:07:33,306,305,839166.59,305,excess_vs_future_need_365d,1629087.7534589148,906245.5126100011,722842.2408489138,14,789921.1634589148,116324.3491510863
268091,2025-11-10 00:07:18,313,312,922272.23,312,excess_vs_coverage,1593430.544761315,664425.9211367,929004.623624615,14,671158.314761315,-6732.393624615041
268091,2025-11-10 00:07:18,313,312,922272.23,312,excess_vs_demand_180d,1593430.544761315,1439144.7912553751,154285.75350594,14,671158.314761315,767986.4764940601
268091,2025-11-10 00:07:18,313,312,922272.23,312,excess_vs_demand_90d,1593430.544761315,1368398.145355375,225032.39940594,14,671158.314761315,697239.83059406
268091,2025-11-10 00:07:18,313,312,922272.23,312,excess_vs_max_safety_coverage,1593430.544761315,933752.2650107,659678.279750615,14,671158.314761315,262593.950249385
268091,2025-11-10 00:07:18,313,312,922272.23,312,excess_vs_safety_plus_coverage,1593430.544761315,677435.1211367,915995.423624615,14,671158.314761315,6276.806375385029
268091,2025-11-10 00:07:18,313,312,922272.23,312,excess_vs_target_stock,1593430.544761315,933752.2650107,659678.279750615,14,671158.314761315,262593.950249385
268091,2025-11-10 00:07:18,313,312,922272.23,312,physical_stock_value,1593430.544761315,0.0,1593430.544761315,14,671158.314761315,-671158.314761315
268091,2025-11-10 00:07:18,313,312,922272.23,312,excess_vs_future_need_7d,1593430.544761315,41244.821740800006,1552185.723020515,14,671158.314761315,-629913.493020515
268091,2025-11-10 00:07:18,313,312,922272.23,312,excess_vs_future_need_14d,1593430.544761315,123734.46522239999,1469696.079538915,14,671158.314761315,-547423.849538915
268091,2025-11-10 00:07:18,313,312,922272.23,312,excess_vs_future_need_21d,1593430.544761315,178727.56087679998,1414702.983884515,14,671158.314761315,-492430.753884515
268091,2025-11-10 00:07:18,313,312,922272.23,312,excess_vs_future_need_30d,1593430.544761315,206224.10870399998,1387206.436057315,14,671158.314761315,-464934.206057315
268091,2025-11-10 00:07:18,313,312,922272.23,312,excess_vs_future_need_45d,1593430.544761315,384951.6695808,1208478.875180515,14,671158.314761315,-286206.645180515
268091,2025-11-10 00:07:18,313,312,922272.23,312,excess_vs_future_need_60d,1593430.544761315,384951.6695808,1208478.875180515,14,671158.314761315,-286206.645180515
268091,2025-11-10 00:07:18,313,312,922272.23,312,excess_vs_future_need_90d,1593430.544761315,453693.03914879996,1139737.505612515,14,671158.314761315,-217465.27561251505
268091,2025-11-10 00:07:18,313,312,922272.23,312,excess_vs_future_need_120d,1593430.544761315,625546.4630687998,967884.0816925152,14,671158.314761315,-45611.85169251519
268091,2025-11-10 00:07:18,313,312,922272.23,312,excess_vs_future_need_180d,1593430.544761315,704604.3376632001,888826.207098115,14,671158.314761315,33446.022901885095
268091,2025-11-10 00:07:18,313,312,922272.23,312,excess_vs_future_need_270d,1593430.544761315,792382.8686712006,801047.6760901145,14,671158.314761315,121224.55390988558
268091,2025-11-10 00:07:18,313,312,922272.23,312,excess_vs_future_need_365d,1593430.544761315,877580.1044308003,715850.4403305147,14,671158.314761315,206421.7896694853
268091,2025-11-17 00:07:25,320,319,940190.38,319,excess_vs_coverage,1569259.473020515,650641.0471367,918618.425883815,14,629069.0930205149,21571.95411618508
268091,2025-11-17 00:07:25,320,319,940190.38,319,excess_vs_demand_180d,1569259.473020515,1415194.713434575,154064.75958594002,14,629069.0930205149,786125.62041406
268091,2025-11-17 00:07:25,320,319,940190.38,319,excess_vs_demand_90d,1569259.473020515,1345009.321934575,224250.15108594,14,629069.0930205149,715940.22891406
268091,2025-11-17 00:07:25,320,319,940190.38,319,excess_vs_max_safety_coverage,1569259.473020515,919967.3910107,649292.082009815,14,629069.0930205149,290898.2979901851
268091,2025-11-17 00:07:25,320,319,940190.38,319,excess_vs_safety_plus_coverage,1569259.473020515,663650.2471367,905609.225883815,14,629069.0930205149,34581.15411618503
268091,2025-11-17 00:07:25,320,319,940190.38,319,excess_vs_target_stock,1569259.473020515,919967.3910107,649292.082009815,14,629069.0930205149,290898.2979901851
268091,2025-11-17 00:07:25,320,319,940190.38,319,physical_stock_value,1569259.473020515,0.0,1569259.473020515,14,629069.0930205149,-629069.0930205149
268091,2025-11-17 00:07:25,320,319,940190.38,319,excess_vs_future_need_7d,1569259.473020515,82489.64348159998,1486769.8295389148,14,629069.0930205149,-546579.449538915
268091,2025-11-17 00:07:25,320,319,940190.38,319,excess_vs_future_need_14d,1569259.473020515,137482.739136,1431776.733884515,14,629069.0930205149,-491586.35388451495
268091,2025-11-17 00:07:25,320,319,940190.38,319,excess_vs_future_need_21d,1569259.473020515,151231.01304959998,1418028.459970915,14,629069.0930205149,-477838.079970915
268091,2025-11-17 00:07:25,320,319,940190.38,319,excess_vs_future_need_30d,1569259.473020515,233720.65653119996,1335538.8164893151,14,629069.0930205149,-395348.436489315
268091,2025-11-17 00:07:25,320,319,940190.38,319,excess_vs_future_need_45d,1569259.473020515,343706.84784,1225552.625180515,14,629069.0930205149,-285362.24518051493
268091,2025-11-17 00:07:25,320,319,940190.38,319,excess_vs_future_need_60d,1569259.473020515,343706.84784,1225552.625180515,14,629069.0930205149,-285362.24518051493
268091,2025-11-17 00:07:25,320,319,940190.38,319,excess_vs_future_need_90d,1569259.473020515,453693.03914879996,1115566.433871715,14,629069.0930205149,-175376.05387171498
268091,2025-11-17 00:07:25,320,319,940190.38,319,excess_vs_future_need_120d,1569259.473020515,618672.3261119999,950587.146908515,14,629069.0930205149,-10396.766908515012
268091,2025-11-17 00:07:25,320,319,940190.38,319,excess_vs_future_need_180d,1569259.473020515,690674.0945400001,878585.3784805149,14,629069.0930205149,61605.001519485144
268091,2025-11-17 00:07:25,320,319,940190.38,319,excess_vs_future_need_270d,1569259.473020515,768211.7969304007,801047.6760901145,14,629069.0930205149,139142.70390988572
268091,2025-11-17 00:07:25,320,319,940190.38,319,excess_vs_future_need_365d,1569259.473020515,857452.8004852004,711806.6725353147,14,629069.0930205149,228383.70746468543
268091,2025-11-24 00:07:21,327,326,1054580.85,326,excess_vs_coverage,1516305.329538915,617162.0971816999,899143.232357215,14,461724.479538915,155437.61764278496
268091,2025-11-24 00:07:21,327,326,1054580.85,326,excess_vs_demand_180d,1516305.329538915,1362682.557792975,153622.77174594,14,461724.479538915,900958.0782540601
268091,2025-11-24 00:07:21,327,326,1054580.85,326,excess_vs_demand_90d,1516305.329538915,1293619.6750929751,222685.65444594,14,461724.479538915,831895.1955540602
268091,2025-11-24 00:07:21,327,326,1054580.85,326,excess_vs_max_safety_coverage,1516305.329538915,886488.4410557,629816.888483215,14,461724.479538915,424763.96151678497
268091,2025-11-24 00:07:21,327,326,1054580.85,326,excess_vs_safety_plus_coverage,1516305.329538915,630171.2971817,886134.0323572151,14,461724.479538915,168446.81764278503
268091,2025-11-24 00:07:21,327,326,1054580.85,326,excess_vs_target_stock,1516305.329538915,886488.4410557,629816.888483215,14,461724.479538915,424763.96151678497
268091,2025-11-24 00:07:21,327,326,1054580.85,326,physical_stock_value,1516305.329538915,0.0,1516305.329538915,14,461724.479538915,-461724.479538915
268091,2025-11-24 00:07:21,327,326,1054580.85,326,excess_vs_future_need_7d,1516305.329538915,54993.0956544,1461312.233884515,14,461724.479538915,-406731.383884515
268091,2025-11-24 00:07:21,327,326,1054580.85,326,excess_vs_future_need_14d,1516305.329538915,68741.369568,1447563.959970915,14,461724.479538915,-392983.109970915
268091,2025-11-24 00:07:21,327,326,1054580.85,326,excess_vs_future_need_21d,1516305.329538915,123734.46522239997,1392570.864316515,14,461724.479538915,-337990.014316515
268091,2025-11-24 00:07:21,327,326,1054580.85,326,excess_vs_future_need_30d,1516305.329538915,247468.93044479997,1268836.399094115,14,461724.479538915,-214255.549094115
268091,2025-11-24 00:07:21,327,326,1054580.85,326,excess_vs_future_need_45d,1516305.329538915,261217.2043584,1255088.125180515,14,461724.479538915,-200507.275180515
268091,2025-11-24 00:07:21,327,326,1054580.85,326,excess_vs_future_need_60d,1516305.329538915,261217.2043584,1255088.125180515,14,461724.479538915,-200507.275180515
268091,2025-11-24 00:07:21,327,326,1054580.85,326,excess_vs_future_need_90d,1516305.329538915,419322.3543647999,1096982.975174115,14,461724.479538915,-42402.12517411506
268091,2025-11-24 00:07:21,327,326,1054580.85,326,excess_vs_future_need_120d,1516305.329538915,584301.641328,932003.688210915,14,461724.479538915,122577.16178908502
268091,2025-11-24 00:07:21,327,326,1054580.85,326,excess_vs_future_need_180d,1516305.329538915,646497.8041592002,869807.5253797149,14,461724.479538915,184773.3246202852
268091,2025-11-24 00:07:21,327,326,1054580.85,326,excess_vs_future_need_270d,1516305.329538915,722572.5310328007,793732.7985061144,14,461724.479538915,260848.0514938857
268091,2025-11-24 00:07:21,327,326,1054580.85,326,excess_vs_future_need_365d,1516305.329538915,812586.1925940004,703719.1369449147,14,461724.479538915,350861.7130550854
268091,2025-12-01 00:07:45,334,333,1185097.87,333,excess_vs_coverage,1481623.733884515,594184.3056617,887439.428222815,14,296525.8638845149,297658.4417771851
268091,2025-12-01 00:07:45,334,333,1185097.87,333,excess_vs_demand_180d,1481623.733884515,1328295.6206985752,153328.11318594,14,296525.8638845149,1031769.7568140603
268091,2025-12-01 00:07:45,334,333,1185097.87,333,excess_vs_demand_90d,1481623.733884515,1259981.077198575,221642.65668594,14,296525.8638845149,963455.2133140601
268091,2025-12-01 00:07:45,334,333,1185097.87,333,excess_vs_max_safety_coverage,1481623.733884515,863510.6495357,618113.084348815,14,296525.8638845149,566984.7856511851
268091,2025-12-01 00:07:45,334,333,1185097.87,333,excess_vs_safety_plus_coverage,1481623.733884515,607193.5056617,874430.228222815,14,296525.8638845149,310667.64177718514
268091,2025-12-01 00:07:45,334,333,1185097.87,333,excess_vs_target_stock,1481623.733884515,863510.6495357,618113.084348815,14,296525.8638845149,566984.7856511851
268091,2025-12-01 00:07:45,334,333,1185097.87,333,physical_stock_value,1481623.733884515,0.0,1481623.733884515,14,296525.8638845149,-296525.8638845149
268091,2025-12-01 00:07:45,334,333,1185097.87,333,excess_vs_future_need_7d,1481623.733884515,13748.273913599993,1467875.459970915,14,296525.8638845149,-282777.5899709149
268091,2025-12-01 00:07:45,334,333,1185097.87,333,excess_vs_future_need_14d,1481623.733884515,68741.36956799997,1412882.364316515,14,296525.8638845149,-227784.49431651493
268091,2025-12-01 00:07:45,334,333,1185097.87,333,excess_vs_future_need_21d,1481623.733884515,164979.2869632,1316644.446921315,14,296525.8638845149,-131546.5769213149
268091,2025-12-01 00:07:45,334,333,1185097.87,333,excess_vs_future_need_30d,1481623.733884515,206224.10870399998,1275399.625180515,14,296525.8638845149,-90301.75518051491
268091,2025-12-01 00:07:45,334,333,1185097.87,333,excess_vs_future_need_45d,1481623.733884515,206224.10870399998,1275399.625180515,14,296525.8638845149,-90301.75518051491
268091,2025-12-01 00:07:45,334,333,1185097.87,333,excess_vs_future_need_60d,1481623.733884515,240594.79348799997,1241028.940396515,14,296525.8638845149,-55931.07039651493
268091,2025-12-01 00:07:45,334,333,1185097.87,333,excess_vs_future_need_90d,1481623.733884515,412448.2174079999,1069175.516476515,14,296525.8638845149,115922.35352348501
268091,2025-12-01 00:07:45,334,333,1185097.87,333,excess_vs_future_need_120d,1481623.733884515,560700.5004576,920923.233426915,14,296525.8638845149,264174.6365730851
268091,2025-12-01 00:07:45,334,333,1185097.87,333,excess_vs_future_need_180d,1481623.733884515,622057.0371224002,859566.6967621148,14,296525.8638845149,325531.17323788535
268091,2025-12-01 00:07:45,334,333,1185097.87,333,excess_vs_future_need_270d,1481623.733884515,698131.7639960008,783491.9698885143,14,296525.8638845149,401605.90011148585
268091,2025-12-01 00:07:45,334,333,1185097.87,333,excess_vs_future_need_365d,1481623.733884515,783296.2873332003,698327.4465513147,14,296525.8638845149,486770.42344868544
268091,2025-12-08 00:07:59,341,340,1273667.17,340,excess_vs_coverage,1489561.209970915,605047.7327817,884513.477189215,14,215894.03997091507,389153.6928107849
268091,2025-12-08 00:07:59,341,340,1273667.17,340,excess_vs_demand_180d,1489561.209970915,1336306.761424975,153254.44854594002,14,215894.03997091507,1120412.72145406
268091,2025-12-08 00:07:59,341,340,1273667.17,340,excess_vs_demand_90d,1489561.209970915,1268179.302724975,221381.90724593998,14,215894.03997091507,1052285.2627540599
268091,2025-12-08 00:07:59,341,340,1273667.17,340,excess_vs_max_safety_coverage,1489561.209970915,874374.0766557,615187.133315215,14,215894.03997091507,658480.0366847849
268091,2025-12-08 00:07:59,341,340,1273667.17,340,excess_vs_safety_plus_coverage,1489561.209970915,618056.9327817,871504.2771892151,14,215894.03997091507,402162.892810785
268091,2025-12-08 00:07:59,341,340,1273667.17,340,excess_vs_target_stock,1489561.209970915,874374.0766557,615187.133315215,14,215894.03997091507,658480.0366847849
268091,2025-12-08 00:07:59,341,340,1273667.17,340,physical_stock_value,1489561.209970915,0.0,1489561.209970915,14,215894.03997091507,-215894.03997091507
268091,2025-12-08 00:07:59,341,340,1273667.17,340,excess_vs_future_need_7d,1489561.209970915,54993.09565439998,1434568.114316515,14,215894.03997091507,-160900.9443165151
268091,2025-12-08 00:07:59,341,340,1273667.17,340,excess_vs_future_need_14d,1489561.209970915,151231.0130496,1338330.196921315,14,215894.03997091507,-64663.02692131506
268091,2025-12-08 00:07:59,341,340,1273667.17,340,excess_vs_future_need_21d,1489561.209970915,192475.8347904,1297085.375180515,14,215894.03997091507,-23418.20518051507
268091,2025-12-08 00:07:59,341,340,1273667.17,340,excess_vs_future_need_30d,1489561.209970915,192475.8347904,1297085.375180515,14,215894.03997091507,-23418.20518051507
268091,2025-12-08 00:07:59,341,340,1273667.17,340,excess_vs_future_need_45d,1489561.209970915,192475.8347904,1297085.375180515,14,215894.03997091507,-23418.20518051507
268091,2025-12-08 00:07:59,341,340,1273667.17,340,excess_vs_future_need_60d,1489561.209970915,254343.06740159998,1235218.1425693152,14,215894.03997091507,38449.02743068492
268091,2025-12-08 00:07:59,341,340,1273667.17,340,excess_vs_future_need_90d,1489561.209970915,426196.4913215999,1063364.7186493152,14,215894.03997091507,210302.45135068486
268091,2025-12-08 00:07:59,341,340,1273667.17,340,excess_vs_future_need_120d,1489561.209970915,549930.956544,939630.253426915,14,215894.03997091507,334036.9165730849
268091,2025-12-08 00:07:59,341,340,1273667.17,340,excess_vs_future_need_180d,1489561.209970915,632920.4642424003,856640.7457285147,14,215894.03997091507,417026.4242714852
268091,2025-12-08 00:07:59,341,340,1273667.17,340,excess_vs_future_need_270d,1489561.209970915,714847.0931832007,774714.1167877143,14,215894.03997091507,498953.0532122856
268091,2025-12-08 00:07:59,341,340,1273667.17,340,excess_vs_future_need_365d,1489561.209970915,792581.6860180004,696979.5239529146,14,215894.03997091507,576687.6460470853
268091,2025-12-15 00:07:28,348,347,1241546.58,347,excess_vs_coverage,1465672.114316515,592862.4412617,872809.673054815,14,224125.53431651485,368736.90694518515
268091,2025-12-15 00:07:28,348,347,1241546.58,347,excess_vs_demand_180d,1465672.114316515,1312712.324330575,152959.78998594,14,224125.53431651485,1088586.7900140602
268091,2025-12-15 00:07:28,348,347,1241546.58,347,excess_vs_demand_90d,1465672.114316515,1245333.204830575,220338.90948594004,14,224125.53431651485,1021207.6705140602
268091,2025-12-15 00:07:28,348,347,1241546.58,347,excess_vs_max_safety_coverage,1465672.114316515,860838.8193597,604833.294956815,14,224125.53431651485,636713.2850431851
268091,2025-12-15 00:07:28,348,347,1241546.58,347,excess_vs_safety_plus_coverage,1465672.114316515,605871.6412617,859800.473054815,14,224125.53431651485,381746.1069451851
268091,2025-12-15 00:07:28,348,347,1241546.58,347,excess_vs_target_stock,1465672.114316515,860838.8193597,604833.294956815,14,224125.53431651485,636713.2850431851
268091,2025-12-15 00:07:28,348,347,1241546.58,347,physical_stock_value,1465672.114316515,0.0,1465672.114316515,14,224125.53431651485,-224125.53431651485
268091,2025-12-15 00:07:28,348,347,1241546.58,347,excess_vs_future_need_7d,1465672.114316515,96237.91739520001,1369434.196921315,14,224125.53431651485,-127887.61692131484
268091,2025-12-15 00:07:28,348,347,1241546.58,347,excess_vs_future_need_14d,1465672.114316515,137482.73913600002,1328189.375180515,14,224125.53431651485,-86642.79518051483
268091,2025-12-15 00:07:28,348,347,1241546.58,347,excess_vs_future_need_21d,1465672.114316515,137482.73913600002,1328189.375180515,14,224125.53431651485,-86642.79518051483
268091,2025-12-15 00:07:28,348,347,1241546.58,347,excess_vs_future_need_30d,1465672.114316515,137482.73913600002,1328189.375180515,14,224125.53431651485,-86642.79518051483
268091,2025-12-15 00:07:28,348,347,1241546.58,347,excess_vs_future_need_45d,1465672.114316515,171853.42392000003,1293818.6903965152,14,224125.53431651485,-52272.11039651482
268091,2025-12-15 00:07:28,348,347,1241546.58,347,excess_vs_future_need_60d,1465672.114316515,233720.65653119996,1231951.457785315,14,224125.53431651485,9595.122214685107
268091,2025-12-15 00:07:28,348,347,1241546.58,347,excess_vs_future_need_90d,1465672.114316515,398699.94349439995,1066972.1708221151,14,224125.53431651485,174574.4091778851
268091,2025-12-15 00:07:28,348,347,1241546.58,347,excess_vs_future_need_120d,1465672.114316515,529069.6121536001,936602.502162915,14,224125.53431651485,304944.07783708523
268091,2025-12-15 00:07:28,348,347,1241546.58,347,excess_vs_future_need_180d,1465672.114316515,613420.2951384003,852251.8191781148,14,224125.53431651485,389294.76082188543
268091,2025-12-15 00:07:28,348,347,1241546.58,347,excess_vs_future_need_270d,1465672.114316515,696809.8995960008,768862.2147205143,14,224125.53431651485,472684.36527948594
268091,2025-12-15 00:07:28,348,347,1241546.58,347,excess_vs_future_need_365d,1465672.114316515,774084.2807572003,691587.8335593147,14,224125.53431651485,549958.7464406855
268091,2025-12-22 00:06:55,355,354,1434836.3,354,excess_vs_coverage,1382975.196921315,530647.1811016999,852328.015819615,14,0.0,530647.1811016999
268091,2025-12-22 00:06:55,355,354,1434836.3,354,excess_vs_demand_180d,1382975.196921315,1230531.0594153749,152444.13750594,14,0.0,1230531.0594153749
268091,2025-12-22 00:06:55,355,354,1434836.3,354,excess_vs_demand_90d,1382975.196921315,1164461.5335153749,218513.66340594,14,0.0,1164461.5335153749
268091,2025-12-22 00:06:55,355,354,1434836.3,354,excess_vs_max_safety_coverage,1382975.196921315,791407.6984637,591567.498457615,14,0.0,791407.6984637
268091,2025-12-22 00:06:55,355,354,1434836.3,354,excess_vs_safety_plus_coverage,1382975.196921315,543656.3811017,839318.815819615,14,0.0,543656.3811017
268091,2025-12-22 00:06:55,355,354,1434836.3,354,excess_vs_target_stock,1382975.196921315,791407.6984637,591567.498457615,14,0.0,791407.6984637
268091,2025-12-22 00:06:55,355,354,1434836.3,354,physical_stock_value,1382975.196921315,0.0,1382975.196921315,14,0.0,0.0
268091,2025-12-22 00:06:55,355,354,1434836.3,354,excess_vs_future_need_7d,1382975.196921315,41244.821740800006,1341730.375180515,14,0.0,41244.821740800006
268091,2025-12-22 00:06:55,355,354,1434836.3,354,excess_vs_future_need_14d,1382975.196921315,41244.821740800006,1341730.375180515,14,0.0,41244.821740800006
268091,2025-12-22 00:06:55,355,354,1434836.3,354,excess_vs_future_need_21d,1382975.196921315,41244.821740800006,1341730.375180515,14,0.0,41244.821740800006
268091,2025-12-22 00:06:55,355,354,1434836.3,354,excess_vs_future_need_30d,1382975.196921315,41244.821740800006,1341730.375180515,14,0.0,41244.821740800006
268091,2025-12-22 00:06:55,355,354,1434836.3,354,excess_vs_future_need_45d,1382975.196921315,96237.91739519998,1286737.279526115,14,0.0,96237.91739519998
268091,2025-12-22 00:06:55,355,354,1434836.3,354,excess_vs_future_need_60d,1382975.196921315,185601.69783359993,1197373.499087715,14,0.0,185601.69783359993
268091,2025-12-22 00:06:55,355,354,1434836.3,354,excess_vs_future_need_90d,1382975.196921315,350580.98479679995,1032394.212124515,14,0.0,350580.98479679995
268091,2025-12-22 00:06:55,355,354,1434836.3,354,excess_vs_future_need_120d,1382975.196921315,473332.6413760001,909642.5555453149,14,0.0,473332.6413760001
268091,2025-12-22 00:06:55,355,354,1434836.3,354,excess_vs_future_need_180d,1382975.196921315,540964.2063608003,842010.9905605146,14,0.0,540964.2063608003
268091,2025-12-22 00:06:55,355,354,1434836.3,354,excess_vs_future_need_270d,1382975.196921315,622890.8353016009,760084.3616197141,14,0.0,622890.8353016009
268091,2025-12-22 00:06:55,355,354,1434836.3,354,excess_vs_future_need_365d,1382975.196921315,700822.8215508003,682152.3753705147,14,0.0,700822.8215508003
268091,2025-12-29 00:06:59,362,361,1435465.25,361,excess_vs_coverage,1401045.125180515,530464.3471367,870580.778043815,14,0.0,530464.3471367
268091,2025-12-29 00:06:59,362,361,1435465.25,361,excess_vs_demand_180d,1401045.125180515,1248821.981594575,152223.14358594,14,0.0,1248821.981594575
268091,2025-12-29 00:06:59,362,361,1435465.25,361,excess_vs_demand_90d,1401045.125180515,1183313.7100945748,217731.41508594,14,0.0,1183313.7100945748
268091,2025-12-29 00:06:59,362,361,1435465.25,361,excess_vs_max_safety_coverage,1401045.125180515,788132.3527547,612912.772425815,14,0.0,788132.3527547
268091,2025-12-29 00:06:59,362,361,1435465.25,361,excess_vs_safety_plus_coverage,1401045.125180515,543473.5471367,857571.578043815,14,0.0,543473.5471367
268091,2025-12-29 00:06:59,362,361,1435465.25,361,excess_vs_target_stock,1401045.125180515,788132.3527547,612912.772425815,14,0.0,788132.3527547
268091,2025-12-29 00:06:59,362,361,1435465.25,361,physical_stock_value,1401045.125180515,0.0,1401045.125180515,14,0.0,0.0
268091,2025-12-29 00:06:59,362,361,1435465.25,361,excess_vs_future_need_7d,1401045.125180515,0.0,1401045.125180515,14,0.0,0.0
268091,2025-12-29 00:06:59,362,361,1435465.25,361,excess_vs_future_need_14d,1401045.125180515,0.0,1401045.125180515,14,0.0,0.0
268091,2025-12-29 00:06:59,362,361,1435465.25,361,excess_vs_future_need_21d,1401045.125180515,0.0,1401045.125180515,14,0.0,0.0
268091,2025-12-29 00:06:59,362,361,1435465.25,361,excess_vs_future_need_30d,1401045.125180515,27496.547827199985,1373548.577353315,14,0.0,27496.547827199985
268091,2025-12-29 00:06:59,362,361,1435465.25,361,excess_vs_future_need_45d,1401045.125180515,89363.78043839996,1311681.344742115,14,0.0,89363.78043839996
268091,2025-12-29 00:06:59,362,361,1435465.25,361,excess_vs_future_need_60d,1401045.125180515,192475.83479039994,1208569.290390115,14,0.0,192475.83479039994
268091,2025-12-29 00:06:59,362,361,1435465.25,361,excess_vs_future_need_90d,1401045.125180515,357455.1217536,1043590.0034269149,14,0.0,357455.1217536
268091,2025-12-29 00:06:59,362,361,1435465.25,361,excess_vs_future_need_120d,1401045.125180515,453693.0391488001,947352.0860317149,14,0.0,453693.0391488001
268091,2025-12-29 00:06:59,362,361,1435465.25,361,excess_vs_future_need_180d,1401045.125180515,544402.7687576003,856642.3564229147,14,0.0,544402.7687576003
268091,2025-12-29 00:06:59,362,361,1435465.25,361,excess_vs_future_need_270d,1401045.125180515,641079.6793844007,759965.4457961142,14,0.0,641079.6793844007
268091,2025-12-29 00:06:59,362,361,1435465.25,361,excess_vs_future_need_365d,1401045.125180515,722936.5176052003,678108.6075753147,14,0.0,722936.5176052003
268967,2025-01-06 00:05:56,5,4,220644.25,4,excess_vs_coverage,422500.194425,300219.73369696003,122280.46072804001,6,201855.944425,98363.78927196003
268967,2025-01-06 00:05:56,5,4,220644.25,4,excess_vs_demand_180d,422500.194425,422500.194425,0.0,6,201855.944425,220644.25
268967,2025-01-06 00:05:56,5,4,220644.25,4,excess_vs_demand_90d,422500.194425,422500.194425,0.0,6,201855.944425,220644.25
268967,2025-01-06 00:05:56,5,4,220644.25,4,excess_vs_max_safety_coverage,422500.194425,392220.277225,30279.917200000004,6,201855.944425,190364.33280000003
268967,2025-01-06 00:05:56,5,4,220644.25,4,excess_vs_safety_plus_coverage,422500.194425,306603.97429696,115896.22012804,6,201855.944425,104748.02987196
268967,2025-01-06 00:05:56,5,4,220644.25,4,excess_vs_target_stock,422500.194425,392220.277225,30279.917200000004,6,201855.944425,190364.33280000003
268967,2025-01-06 00:05:56,5,4,220644.25,4,physical_stock_value,422500.194425,0.0,422500.194425,6,201855.944425,-201855.944425
268967,2025-01-06 00:05:56,5,4,220644.25,4,excess_vs_future_need_7d,422500.194425,0.0,422500.194425,6,201855.944425,-201855.944425
268967,2025-01-06 00:05:56,5,4,220644.25,4,excess_vs_future_need_14d,422500.194425,0.0,422500.194425,6,201855.944425,-201855.944425
268967,2025-01-06 00:05:56,5,4,220644.25,4,excess_vs_future_need_21d,422500.194425,0.0,422500.194425,6,201855.944425,-201855.944425
268967,2025-01-06 00:05:56,5,4,220644.25,4,excess_vs_future_need_30d,422500.194425,0.0,422500.194425,6,201855.944425,-201855.944425
268967,2025-01-06 00:05:56,5,4,220644.25,4,excess_vs_future_need_45d,422500.194425,0.0,422500.194425,6,201855.944425,-201855.944425
268967,2025-01-06 00:05:56,5,4,220644.25,4,excess_vs_future_need_60d,422500.194425,55885.38217261,366614.81225239,6,201855.944425,-145970.56225239
268967,2025-01-06 00:05:56,5,4,220644.25,4,excess_vs_future_need_90d,422500.194425,55885.38217261,366614.81225239,6,201855.944425,-145970.56225239
268967,2025-01-06 00:05:56,5,4,220644.25,4,excess_vs_future_need_120d,422500.194425,55885.38217261,366614.81225239,6,201855.944425,-145970.56225239
268967,2025-01-06 00:05:56,5,4,220644.25,4,excess_vs_future_need_180d,422500.194425,117760.65748982999,304739.53693517,6,201855.944425,-84095.28693517
268967,2025-01-06 00:05:56,5,4,220644.25,4,excess_vs_future_need_270d,422500.194425,117760.65748982999,304739.53693517,6,201855.944425,-84095.28693517
268967,2025-01-06 00:05:56,5,4,220644.25,4,excess_vs_future_need_365d,422500.194425,222022.98675627002,200477.20766873,6,201855.944425,20167.04233127003
268967,2025-01-13 00:06:03,12,11,202836.97,11,excess_vs_coverage,425229.410425,302948.94969696004,122280.46072804001,6,222392.440425,80556.50927196004
268967,2025-01-13 00:06:03,12,11,202836.97,11,excess_vs_demand_180d,425229.410425,425229.410425,0.0,6,222392.440425,202836.97
268967,2025-01-13 00:06:03,12,11,202836.97,11,excess_vs_demand_90d,425229.410425,425229.410425,0.0,6,222392.440425,202836.97
268967,2025-01-13 00:06:03,12,11,202836.97,11,excess_vs_max_safety_coverage,425229.410425,394949.49322500004,30279.917200000004,6,222392.440425,172557.05280000003
268967,2025-01-13 00:06:03,12,11,202836.97,11,excess_vs_safety_plus_coverage,425229.410425,309333.19029696,115896.22012804,6,222392.440425,86940.74987196
268967,2025-01-13 00:06:03,12,11,202836.97,11,excess_vs_target_stock,425229.410425,394949.49322500004,30279.917200000004,6,222392.440425,172557.05280000003
268967,2025-01-13 00:06:03,12,11,202836.97,11,physical_stock_value,425229.410425,0.0,425229.410425,6,222392.440425,-222392.440425
268967,2025-01-13 00:06:03,12,11,202836.97,11,excess_vs_future_need_7d,425229.410425,0.0,425229.410425,6,222392.440425,-222392.440425
268967,2025-01-13 00:06:03,12,11,202836.97,11,excess_vs_future_need_14d,425229.410425,0.0,425229.410425,6,222392.440425,-222392.440425
268967,2025-01-13 00:06:03,12,11,202836.97,11,excess_vs_future_need_21d,425229.410425,0.0,425229.410425,6,222392.440425,-222392.440425
268967,2025-01-13 00:06:03,12,11,202836.97,11,excess_vs_future_need_30d,425229.410425,0.0,425229.410425,6,222392.440425,-222392.440425
268967,2025-01-13 00:06:03,12,11,202836.97,11,excess_vs_future_need_45d,425229.410425,55885.38217261,369344.02825239004,6,222392.440425,-166507.05825239
268967,2025-01-13 00:06:03,12,11,202836.97,11,excess_vs_future_need_60d,425229.410425,55885.38217261,369344.02825239004,6,222392.440425,-166507.05825239
268967,2025-01-13 00:06:03,12,11,202836.97,11,excess_vs_future_need_90d,425229.410425,55885.38217261,369344.02825239004,6,222392.440425,-166507.05825239
268967,2025-01-13 00:06:03,12,11,202836.97,11,excess_vs_future_need_120d,425229.410425,55885.38217261,369344.02825239004,6,222392.440425,-166507.05825239
268967,2025-01-13 00:06:03,12,11,202836.97,11,excess_vs_future_need_180d,425229.410425,118164.15501783,307065.25540717004,6,222392.440425,-104228.28540717001
268967,2025-01-13 00:06:03,12,11,202836.97,11,excess_vs_future_need_270d,425229.410425,118164.15501783,307065.25540717004,6,222392.440425,-104228.28540717001
268967,2025-01-13 00:06:03,12,11,202836.97,11,excess_vs_future_need_365d,425229.410425,223897.53170827002,201331.87871673,6,222392.440425,1505.0912832700124
268967,2025-01-20 00:06:36,19,18,229908.04,18,excess_vs_coverage,425229.410425,302948.94969696004,122280.46072804001,6,195321.370425,107627.57927196004
268967,2025-01-20 00:06:36,19,18,229908.04,18,excess_vs_demand_180d,425229.410425,425229.410425,0.0,6,195321.370425,229908.04
268967,2025-01-20 00:06:36,19,18,229908.04,18,excess_vs_demand_90d,425229.410425,425229.410425,0.0,6,195321.370425,229908.04
268967,2025-01-20 00:06:36,19,18,229908.04,18,excess_vs_max_safety_coverage,425229.410425,394949.49322500004,30279.917200000004,6,195321.370425,199628.12280000004
268967,2025-01-20 00:06:36,19,18,229908.04,18,excess_vs_safety_plus_coverage,425229.410425,309333.19029696,115896.22012804,6,195321.370425,114011.81987196
268967,2025-01-20 00:06:36,19,18,229908.04,18,excess_vs_target_stock,425229.410425,394949.49322500004,30279.917200000004,6,195321.370425,199628.12280000004
268967,2025-01-20 00:06:36,19,18,229908.04,18,physical_stock_value,425229.410425,0.0,425229.410425,6,195321.370425,-195321.370425
268967,2025-01-20 00:06:36,19,18,229908.04,18,excess_vs_future_need_7d,425229.410425,0.0,425229.410425,6,195321.370425,-195321.370425
268967,2025-01-20 00:06:36,19,18,229908.04,18,excess_vs_future_need_14d,425229.410425,0.0,425229.410425,6,195321.370425,-195321.370425
268967,2025-01-20 00:06:36,19,18,229908.04,18,excess_vs_future_need_21d,425229.410425,0.0,425229.410425,6,195321.370425,-195321.370425
268967,2025-01-20 00:06:36,19,18,229908.04,18,excess_vs_future_need_30d,425229.410425,0.0,425229.410425,6,195321.370425,-195321.370425
268967,2025-01-20 00:06:36,19,18,229908.04,18,excess_vs_future_need_45d,425229.410425,55885.38217261,369344.02825239004,6,195321.370425,-139435.98825239
268967,2025-01-20 00:06:36,19,18,229908.04,18,excess_vs_future_need_60d,425229.410425,55885.38217261,369344.02825239004,6,195321.370425,-139435.98825239
268967,2025-01-20 00:06:36,19,18,229908.04,18,excess_vs_future_need_90d,425229.410425,55885.38217261,369344.02825239004,6,195321.370425,-139435.98825239
268967,2025-01-20 00:06:36,19,18,229908.04,18,excess_vs_future_need_120d,425229.410425,55885.38217261,369344.02825239004,6,195321.370425,-139435.98825239
268967,2025-01-20 00:06:36,19,18,229908.04,18,excess_vs_future_need_180d,425229.410425,118164.15501783,307065.25540717004,6,195321.370425,-77157.21540717
268967,2025-01-20 00:06:36,19,18,229908.04,18,excess_vs_future_need_270d,425229.410425,118164.15501783,307065.25540717004,6,195321.370425,-77157.21540717
268967,2025-01-20 00:06:36,19,18,229908.04,18,excess_vs_future_need_365d,425229.410425,223897.53170827002,201331.87871673,6,195321.370425,28576.16128327002
268967,2025-01-27 00:06:40,26,25,207844.71,25,excess_vs_coverage,425229.410425,302948.94969696004,122280.46072804001,6,217384.70042500002,85564.24927196003
268967,2025-01-27 00:06:40,26,25,207844.71,25,excess_vs_demand_180d,425229.410425,425229.410425,0.0,6,217384.70042500002,207844.71
268967,2025-01-27 00:06:40,26,25,207844.71,25,excess_vs_demand_90d,425229.410425,425229.410425,0.0,6,217384.70042500002,207844.71
268967,2025-01-27 00:06:40,26,25,207844.71,25,excess_vs_max_safety_coverage,425229.410425,394949.49322500004,30279.917200000004,6,217384.70042500002,177564.79280000002
268967,2025-01-27 00:06:40,26,25,207844.71,25,excess_vs_safety_plus_coverage,425229.410425,309333.19029696,115896.22012804,6,217384.70042500002,91948.48987195999
268967,2025-01-27 00:06:40,26,25,207844.71,25,excess_vs_target_stock,425229.410425,394949.49322500004,30279.917200000004,6,217384.70042500002,177564.79280000002
268967,2025-01-27 00:06:40,26,25,207844.71,25,physical_stock_value,425229.410425,0.0,425229.410425,6,217384.70042500002,-217384.70042500002
268967,2025-01-27 00:06:40,26,25,207844.71,25,excess_vs_future_need_7d,425229.410425,0.0,425229.410425,6,217384.70042500002,-217384.70042500002
268967,2025-01-27 00:06:40,26,25,207844.71,25,excess_vs_future_need_14d,425229.410425,0.0,425229.410425,6,217384.70042500002,-217384.70042500002
268967,2025-01-27 00:06:40,26,25,207844.71,25,excess_vs_future_need_21d,425229.410425,0.0,425229.410425,6,217384.70042500002,-217384.70042500002
268967,2025-01-27 00:06:40,26,25,207844.71,25,excess_vs_future_need_30d,425229.410425,55885.38217261,369344.02825239004,6,217384.70042500002,-161499.31825239002
268967,2025-01-27 00:06:40,26,25,207844.71,25,excess_vs_future_need_45d,425229.410425,55885.38217261,369344.02825239004,6,217384.70042500002,-161499.31825239002
268967,2025-01-27 00:06:40,26,25,207844.71,25,excess_vs_future_need_60d,425229.410425,55885.38217261,369344.02825239004,6,217384.70042500002,-161499.31825239002
268967,2025-01-27 00:06:40,26,25,207844.71,25,excess_vs_future_need_90d,425229.410425,55885.38217261,369344.02825239004,6,217384.70042500002,-161499.31825239002
268967,2025-01-27 00:06:40,26,25,207844.71,25,excess_vs_future_need_120d,425229.410425,55885.38217261,369344.02825239004,6,217384.70042500002,-161499.31825239002
268967,2025-01-27 00:06:40,26,25,207844.71,25,excess_vs_future_need_180d,425229.410425,118164.15501783,307065.25540717004,6,217384.70042500002,-99220.54540717002
268967,2025-01-27 00:06:40,26,25,207844.71,25,excess_vs_future_need_270d,425229.410425,118164.15501783,307065.25540717004,6,217384.70042500002,-99220.54540717002
268967,2025-01-27 00:06:40,26,25,207844.71,25,excess_vs_future_need_365d,425229.410425,223897.53170827002,201331.87871673,6,217384.70042500002,6512.831283270003
268967,2025-02-03 00:06:15,33,32,204819.55,32,excess_vs_coverage,427915.982425,303197.56421696,124718.41820804,6,223096.432425,80101.13179195998
268967,2025-02-03 00:06:15,33,32,204819.55,32,excess_vs_demand_180d,427915.982425,427915.982425,0.0,6,223096.432425,204819.55
268967,2025-02-03 00:06:15,33,32,204819.55,32,excess_vs_demand_90d,427915.982425,427915.982425,0.0,6,223096.432425,204819.55
268967,2025-02-03 00:06:15,33,32,204819.55,32,excess_vs_max_safety_coverage,427915.982425,396774.22998500004,31141.752440000004,6,223096.432425,173677.79756000004
268967,2025-02-03 00:06:15,33,32,204819.55,32,excess_vs_safety_plus_coverage,427915.982425,309581.80481696,118334.17760804002,6,223096.432425,86485.37239196
268967,2025-02-03 00:06:15,33,32,204819.55,32,excess_vs_target_stock,427915.982425,396774.22998500004,31141.752440000004,6,223096.432425,173677.79756000004
268967,2025-02-03 00:06:15,33,32,204819.55,32,physical_stock_value,427915.982425,0.0,427915.982425,6,223096.432425,-223096.432425
268967,2025-02-03 00:06:15,33,32,204819.55,32,excess_vs_future_need_7d,427915.982425,0.0,427915.982425,6,223096.432425,-223096.432425
268967,2025-02-03 00:06:15,33,32,204819.55,32,excess_vs_future_need_14d,427915.982425,0.0,427915.982425,6,223096.432425,-223096.432425
268967,2025-02-03 00:06:15,33,32,204819.55,32,excess_vs_future_need_21d,427915.982425,55885.38217261,372030.60025239,6,223096.432425,-167211.05025239
268967,2025-02-03 00:06:15,33,32,204819.55,32,excess_vs_future_need_30d,427915.982425,55885.38217261,372030.60025239,6,223096.432425,-167211.05025239
268967,2025-02-03 00:06:15,33,32,204819.55,32,excess_vs_future_need_45d,427915.982425,55885.38217261,372030.60025239,6,223096.432425,-167211.05025239
268967,2025-02-03 00:06:15,33,32,204819.55,32,excess_vs_future_need_60d,427915.982425,55885.38217261,372030.60025239,6,223096.432425,-167211.05025239
268967,2025-02-03 00:06:15,33,32,204819.55,32,excess_vs_future_need_90d,427915.982425,55885.38217261,372030.60025239,6,223096.432425,-167211.05025239
268967,2025-02-03 00:06:15,33,32,204819.55,32,excess_vs_future_need_120d,427915.982425,55885.38217261,372030.60025239,6,223096.432425,-167211.05025239
268967,2025-02-03 00:06:15,33,32,204819.55,32,excess_vs_future_need_180d,427915.982425,118164.15501783,309751.82740717,6,223096.432425,-104932.27740717001
268967,2025-02-03 00:06:15,33,32,204819.55,32,excess_vs_future_need_270d,427915.982425,144597.49919044,283318.48323456,6,223096.432425,-78498.93323456001
268967,2025-02-03 00:06:15,33,32,204819.55,32,excess_vs_future_need_365d,427915.982425,250330.87588088002,177585.10654411998,6,223096.432425,27234.443455880013
268967,2025-02-10 00:06:11,40,39,204816.91,39,excess_vs_coverage,539915.9824249999,303197.56421696,236718.41820804,6,335099.0724249999,-31901.508208039915
268967,2025-02-10 00:06:11,40,39,204816.91,39,excess_vs_demand_180d,539915.9824249999,539915.9824249999,0.0,6,335099.0724249999,204816.91000000003
268967,2025-02-10 00:06:11,40,39,204816.91,39,excess_vs_demand_90d,539915.9824249999,539915.9824249999,0.0,6,335099.0724249999,204816.91000000003
268967,2025-02-10 00:06:11,40,39,204816.91,39,excess_vs_max_safety_coverage,539915.9824249999,442474.229985,97441.75244,6,335099.0724249999,107375.15756000008
268967,2025-02-10 00:06:11,40,39,204816.91,39,excess_vs_safety_plus_coverage,539915.9824249999,309581.80481696,230334.17760804002,6,335099.0724249999,-25517.267608039896
268967,2025-02-10 00:06:11,40,39,204816.91,39,excess_vs_target_stock,539915.9824249999,442474.229985,97441.75244,6,335099.0724249999,107375.15756000008
268967,2025-02-10 00:06:11,40,39,204816.91,39,physical_stock_value,539915.9824249999,0.0,539915.9824249999,6,335099.0724249999,-335099.0724249999
268967,2025-02-10 00:06:11,40,39,204816.91,39,excess_vs_future_need_7d,539915.9824249999,0.0,539915.982425,6,335099.0724249999,-335099.0724249999
268967,2025-02-10 00:06:11,40,39,204816.91,39,excess_vs_future_need_14d,539915.9824249999,55885.38217261,484030.60025239,6,335099.0724249999,-279213.6902523899
268967,2025-02-10 00:06:11,40,39,204816.91,39,excess_vs_future_need_21d,539915.9824249999,55885.38217261,484030.60025239,6,335099.0724249999,-279213.6902523899
268967,2025-02-10 00:06:11,40,39,204816.91,39,excess_vs_future_need_30d,539915.9824249999,55885.38217261,484030.60025239,6,335099.0724249999,-279213.6902523899
268967,2025-02-10 00:06:11,40,39,204816.91,39,excess_vs_future_need_45d,539915.9824249999,55885.38217261,484030.60025239,6,335099.0724249999,-279213.6902523899
268967,2025-02-10 00:06:11,40,39,204816.91,39,excess_vs_future_need_60d,539915.9824249999,55885.38217261,484030.60025239,6,335099.0724249999,-279213.6902523899
268967,2025-02-10 00:06:11,40,39,204816.91,39,excess_vs_future_need_90d,539915.9824249999,55885.38217261,484030.60025239,6,335099.0724249999,-279213.6902523899
268967,2025-02-10 00:06:11,40,39,204816.91,39,excess_vs_future_need_120d,539915.9824249999,55885.38217261,484030.60025239,6,335099.0724249999,-279213.6902523899
268967,2025-02-10 00:06:11,40,39,204816.91,39,excess_vs_future_need_180d,539915.9824249999,118164.15501783,421751.82740717,6,335099.0724249999,-216934.9174071699
268967,2025-02-10 00:06:11,40,39,204816.91,39,excess_vs_future_need_270d,539915.9824249999,171030.84336305,368885.13906195003,6,335099.0724249999,-164068.2290619499
268967,2025-02-10 00:06:11,40,39,204816.91,39,excess_vs_future_need_365d,539915.9824249999,250330.87588088002,289585.10654412,6,335099.0724249999,-84768.19654411988
268967,2025-02-17 00:06:22,47,46,235695.96,46,excess_vs_coverage,585615.982425,303197.56421696,282418.41820804,6,349920.0224250001,-46722.4582080401
268967,2025-02-17 00:06:22,47,46,235695.96,46,excess_vs_demand_180d,585615.982425,585615.982425,0.0,6,349920.0224250001,235695.95999999996
268967,2025-02-17 00:06:22,47,46,235695.96,46,excess_vs_demand_90d,585615.982425,585615.982425,0.0,6,349920.0224250001,235695.95999999996
268967,2025-02-17 00:06:22,47,46,235695.96,46,excess_vs_max_safety_coverage,585615.982425,471260.3381656,114355.64425940001,6,349920.0224250001,121340.31574059994
268967,2025-02-17 00:06:22,47,46,235695.96,46,excess_vs_safety_plus_coverage,585615.982425,309581.80481696,276034.17760804,6,349920.0224250001,-40338.21760804008
268967,2025-02-17 00:06:22,47,46,235695.96,46,excess_vs_target_stock,585615.982425,471260.3381656,114355.64425940001,6,349920.0224250001,121340.31574059994
268967,2025-02-17 00:06:22,47,46,235695.96,46,physical_stock_value,585615.982425,0.0,585615.982425,6,349920.0224250001,-349920.0224250001
268967,2025-02-17 00:06:22,47,46,235695.96,46,excess_vs_future_need_7d,585615.982425,55885.38217261,529730.60025239,6,349920.0224250001,-294034.64025239006
268967,2025-02-17 00:06:22,47,46,235695.96,46,excess_vs_future_need_14d,585615.982425,55885.38217261,529730.60025239,6,349920.0224250001,-294034.64025239006
268967,2025-02-17 00:06:22,47,46,235695.96,46,excess_vs_future_need_21d,585615.982425,55885.38217261,529730.60025239,6,349920.0224250001,-294034.64025239006
268967,2025-02-17 00:06:22,47,46,235695.96,46,excess_vs_future_need_30d,585615.982425,55885.38217261,529730.60025239,6,349920.0224250001,-294034.64025239006
268967,2025-02-17 00:06:22,47,46,235695.96,46,excess_vs_future_need_45d,585615.982425,55885.38217261,529730.60025239,6,349920.0224250001,-294034.64025239006
268967,2025-02-17 00:06:22,47,46,235695.96,46,excess_vs_future_need_60d,585615.982425,55885.38217261,529730.60025239,6,349920.0224250001,-294034.64025239006
268967,2025-02-17 00:06:22,47,46,235695.96,46,excess_vs_future_need_90d,585615.982425,55885.38217261,529730.60025239,6,349920.0224250001,-294034.64025239006
268967,2025-02-17 00:06:22,47,46,235695.96,46,excess_vs_future_need_120d,585615.982425,55885.38217261,529730.60025239,6,349920.0224250001,-294034.64025239006
268967,2025-02-17 00:06:22,47,46,235695.96,46,excess_vs_future_need_180d,585615.982425,118164.15501783,467451.82740717,6,349920.0224250001,-231755.8674071701
268967,2025-02-17 00:06:22,47,46,235695.96,46,excess_vs_future_need_270d,585615.982425,171030.84336305,414585.13906195003,6,349920.0224250001,-178889.1790619501
268967,2025-02-17 00:06:22,47,46,235695.96,46,excess_vs_future_need_365d,585615.982425,276764.22005349,308851.76237151,6,349920.0224250001,-73155.80237151007
268967,2025-02-24 00:07:08,54,53,284703.12,53,excess_vs_coverage,659729.7662523901,273794.69221696,385935.07403543004,6,375026.6462523901,-101231.9540354301
268967,2025-02-24 00:07:08,54,53,284703.12,53,excess_vs_demand_180d,659729.7662523901,659729.7662523901,0.0,6,375026.6462523901,284703.12
268967,2025-02-24 00:07:08,54,53,284703.12,53,excess_vs_demand_90d,659729.7662523901,659729.7662523901,0.0,6,375026.6462523901,284703.12
268967,2025-02-24 00:07:08,54,53,284703.12,53,excess_vs_max_safety_coverage,659729.7662523901,448625.7649656,211104.00128679007,6,375026.6462523901,73599.11871320987
268967,2025-02-24 00:07:08,54,53,284703.12,53,excess_vs_safety_plus_coverage,659729.7662523901,280974.69221696,378755.07403543004,6,375026.6462523901,-94051.9540354301
268967,2025-02-24 00:07:08,54,53,284703.12,53,excess_vs_target_stock,659729.7662523901,448625.7649656,211104.00128679007,6,375026.6462523901,73599.11871320987
268967,2025-02-24 00:07:08,54,53,284703.12,53,physical_stock_value,659729.7662523901,0.0,659729.7662523901,6,375026.6462523901,-375026.6462523901
268967,2025-02-24 00:07:08,54,53,284703.12,53,excess_vs_future_need_7d,659729.7662523901,0.0,659729.7662523901,6,375026.6462523901,-375026.6462523901
268967,2025-02-24 00:07:08,54,53,284703.12,53,excess_vs_future_need_14d,659729.7662523901,0.0,659729.7662523901,6,375026.6462523901,-375026.6462523901
268967,2025-02-24 00:07:08,54,53,284703.12,53,excess_vs_future_need_21d,659729.7662523901,0.0,659729.7662523901,6,375026.6462523901,-375026.6462523901
268967,2025-02-24 00:07:08,54,53,284703.12,53,excess_vs_future_need_30d,659729.7662523901,0.0,659729.7662523901,6,375026.6462523901,-375026.6462523901
268967,2025-02-24 00:07:08,54,53,284703.12,53,excess_vs_future_need_45d,659729.7662523901,0.0,659729.7662523901,6,375026.6462523901,-375026.6462523901
268967,2025-02-24 00:07:08,54,53,284703.12,53,excess_vs_future_need_60d,659729.7662523901,0.0,659729.7662523901,6,375026.6462523901,-375026.6462523901
268967,2025-02-24 00:07:08,54,53,284703.12,53,excess_vs_future_need_90d,659729.7662523901,0.0,659729.7662523901,6,375026.6462523901,-375026.6462523901
268967,2025-02-24 00:07:08,54,53,284703.12,53,excess_vs_future_need_120d,659729.7662523901,62327.93884521999,597401.8274071701,6,375026.6462523901,-312698.7074071701
268967,2025-02-24 00:07:08,54,53,284703.12,53,excess_vs_future_need_180d,659729.7662523901,62327.93884521999,597401.8274071701,6,375026.6462523901,-312698.7074071701
268967,2025-02-24 00:07:08,54,53,284703.12,53,excess_vs_future_need_270d,659729.7662523901,115194.62719044,544535.13906195,6,375026.6462523901,-259832.0190619501
268967,2025-02-24 00:07:08,54,53,284703.12,53,excess_vs_future_need_365d,659729.7662523901,220928.00388088002,438801.76237151,6,375026.6462523901,-154098.6423715101
268967,2025-03-03 00:06:40,61,60,267389.54,60,excess_vs_coverage,735567.6162523901,303932.54221696,431635.07403543004,6,468178.0762523901,-164245.53403543012
268967,2025-03-03 00:06:40,61,60,267389.54,60,excess_vs_demand_180d,735567.6162523901,735567.6162523901,0.0,6,468178.0762523901,267389.54
268967,2025-03-03 00:06:40,61,60,267389.54,60,excess_vs_demand_90d,735567.6162523901,735567.6162523901,0.0,6,468178.0762523901,267389.54
268967,2025-03-03 00:06:40,61,60,267389.54,60,excess_vs_max_safety_coverage,735567.6162523901,478763.6149656,256804.00128679007,6,468178.0762523901,10585.538713209913
268967,2025-03-03 00:06:40,61,60,267389.54,60,excess_vs_safety_plus_coverage,735567.6162523901,311112.54221696,424455.07403543004,6,468178.0762523901,-157065.53403543012
268967,2025-03-03 00:06:40,61,60,267389.54,60,excess_vs_target_stock,735567.6162523901,478763.6149656,256804.00128679007,6,468178.0762523901,10585.538713209913
268967,2025-03-03 00:06:40,61,60,267389.54,60,physical_stock_value,735567.6162523901,0.0,735567.6162523901,6,468178.0762523901,-468178.0762523901
268967,2025-03-03 00:06:40,61,60,267389.54,60,excess_vs_future_need_7d,735567.6162523901,0.0,735567.6162523901,6,468178.0762523901,-468178.0762523901
268967,2025-03-03 00:06:40,61,60,267389.54,60,excess_vs_future_need_14d,735567.6162523901,0.0,735567.6162523901,6,468178.0762523901,-468178.0762523901
268967,2025-03-03 00:06:40,61,60,267389.54,60,excess_vs_future_need_21d,735567.6162523901,0.0,735567.6162523901,6,468178.0762523901,-468178.0762523901
268967,2025-03-03 00:06:40,61,60,267389.54,60,excess_vs_future_need_30d,735567.6162523901,0.0,735567.6162523901,6,468178.0762523901,-468178.0762523901
268967,2025-03-03 00:06:40,61,60,267389.54,60,excess_vs_future_need_45d,735567.6162523901,0.0,735567.6162523901,6,468178.0762523901,-468178.0762523901
268967,2025-03-03 00:06:40,61,60,267389.54,60,excess_vs_future_need_60d,735567.6162523901,0.0,735567.6162523901,6,468178.0762523901,-468178.0762523901
268967,2025-03-03 00:06:40,61,60,267389.54,60,excess_vs_future_need_90d,735567.6162523901,0.0,735567.6162523901,6,468178.0762523901,-468178.0762523901
268967,2025-03-03 00:06:40,61,60,267389.54,60,excess_vs_future_need_120d,735567.6162523901,91834.69084522,643732.9254071701,6,468178.0762523901,-376343.3854071701
268967,2025-03-03 00:06:40,61,60,267389.54,60,excess_vs_future_need_180d,735567.6162523901,91834.69084522,643732.9254071701,6,468178.0762523901,-376343.3854071701
268967,2025-03-03 00:06:40,61,60,267389.54,60,excess_vs_future_need_270d,735567.6162523901,145332.47719044,590235.13906195,6,468178.0762523901,-322845.5990619501
268967,2025-03-03 00:06:40,61,60,267389.54,60,excess_vs_future_need_365d,735567.6162523901,251065.85388088002,484501.76237151003,6,468178.0762523901,-217112.22237151008
268967,2025-03-10 00:06:22,68,67,248241.29,67,excess_vs_coverage,776549.1162523901,344914.04221696,431635.07403543004,6,528307.82625239,-183393.78403543006
268967,2025-03-10 00:06:22,68,67,248241.29,67,excess_vs_demand_180d,776549.1162523901,776549.1162523901,0.0,6,528307.82625239,248241.29000000004
268967,2025-03-10 00:06:22,68,67,248241.29,67,excess_vs_demand_90d,776549.1162523901,776549.1162523901,0.0,6,528307.82625239,248241.29000000004
268967,2025-03-10 00:06:22,68,67,248241.29,67,excess_vs_max_safety_coverage,776549.1162523901,519745.1149656,256804.00128679007,6,528307.82625239,-8562.711286790029
268967,2025-03-10 00:06:22,68,67,248241.29,67,excess_vs_safety_plus_coverage,776549.1162523901,352094.04221696,424455.07403543004,6,528307.82625239,-176213.78403543006
268967,2025-03-10 00:06:22,68,67,248241.29,67,excess_vs_target_stock,776549.1162523901,519745.1149656,256804.00128679007,6,528307.82625239,-8562.711286790029
268967,2025-03-10 00:06:22,68,67,248241.29,67,physical_stock_value,776549.1162523901,0.0,776549.1162523901,6,528307.82625239,-528307.82625239
268967,2025-03-10 00:06:22,68,67,248241.29,67,excess_vs_future_need_7d,776549.1162523901,0.0,776549.1162523901,6,528307.82625239,-528307.82625239
268967,2025-03-10 00:06:22,68,67,248241.29,67,excess_vs_future_need_14d,776549.1162523901,0.0,776549.1162523901,6,528307.82625239,-528307.82625239
268967,2025-03-10 00:06:22,68,67,248241.29,67,excess_vs_future_need_21d,776549.1162523901,0.0,776549.1162523901,6,528307.82625239,-528307.82625239
268967,2025-03-10 00:06:22,68,67,248241.29,67,excess_vs_future_need_30d,776549.1162523901,0.0,776549.1162523901,6,528307.82625239,-528307.82625239
268967,2025-03-10 00:06:22,68,67,248241.29,67,excess_vs_future_need_45d,776549.1162523901,0.0,776549.1162523901,6,528307.82625239,-528307.82625239
268967,2025-03-10 00:06:22,68,67,248241.29,67,excess_vs_future_need_60d,776549.1162523901,0.0,776549.1162523901,6,528307.82625239,-528307.82625239
268967,2025-03-10 00:06:22,68,67,248241.29,67,excess_vs_future_need_90d,776549.1162523901,0.0,776549.1162523901,6,528307.82625239,-528307.82625239
268967,2025-03-10 00:06:22,68,67,248241.29,67,excess_vs_future_need_120d,776549.1162523901,112639.63234522,663909.48390717,6,528307.82625239,-415668.19390717003
268967,2025-03-10 00:06:22,68,67,248241.29,67,excess_vs_future_need_180d,776549.1162523901,112639.63234522,663909.48390717,6,528307.82625239,-415668.19390717003
268967,2025-03-10 00:06:22,68,67,248241.29,67,excess_vs_future_need_270d,776549.1162523901,186313.97719044,590235.13906195,6,528307.82625239,-341993.84906195005
268967,2025-03-10 00:06:22,68,67,248241.29,67,excess_vs_future_need_365d,776549.1162523901,292047.35388088,484501.76237151003,6,528307.82625239,-236260.47237151006
268967,2025-03-17 00:06:59,75,74,262994.07,74,excess_vs_coverage,902310.7562523901,379275.68221696,523035.07403543004,6,639316.68625239,-260041.00403543003
268967,2025-03-17 00:06:59,75,74,262994.07,74,excess_vs_demand_180d,902310.7562523901,902310.7562523901,0.0,6,639316.68625239,262994.07000000007
268967,2025-03-17 00:06:59,75,74,262994.07,74,excess_vs_demand_90d,902310.7562523901,902310.7562523901,0.0,6,639316.68625239,262994.07000000007
268967,2025-03-17 00:06:59,75,74,262994.07,74,excess_vs_max_safety_coverage,902310.7562523901,554106.7549656,348204.00128679007,6,639316.68625239,-85209.93128679006
268967,2025-03-17 00:06:59,75,74,262994.07,74,excess_vs_safety_plus_coverage,902310.7562523901,386455.68221696,515855.07403543004,6,639316.68625239,-252861.00403543003
268967,2025-03-17 00:06:59,75,74,262994.07,74,excess_vs_target_stock,902310.7562523901,554106.7549656,348204.00128679007,6,639316.68625239,-85209.93128679006
268967,2025-03-17 00:06:59,75,74,262994.07,74,physical_stock_value,902310.7562523901,0.0,902310.7562523901,6,639316.68625239,-639316.68625239
268967,2025-03-17 00:06:59,75,74,262994.07,74,excess_vs_future_need_7d,902310.7562523901,0.0,902310.7562523901,6,639316.68625239,-639316.68625239
268967,2025-03-17 00:06:59,75,74,262994.07,74,excess_vs_future_need_14d,902310.7562523901,0.0,902310.7562523901,6,639316.68625239,-639316.68625239
268967,2025-03-17 00:06:59,75,74,262994.07,74,excess_vs_future_need_21d,902310.7562523901,0.0,902310.7562523901,6,639316.68625239,-639316.68625239
268967,2025-03-17 00:06:59,75,74,262994.07,74,excess_vs_future_need_30d,902310.7562523901,0.0,902310.7562523901,6,639316.68625239,-639316.68625239
268967,2025-03-17 00:06:59,75,74,262994.07,74,excess_vs_future_need_45d,902310.7562523901,0.0,902310.7562523901,6,639316.68625239,-639316.68625239
268967,2025-03-17 00:06:59,75,74,262994.07,74,excess_vs_future_need_60d,902310.7562523901,0.0,902310.7562523901,6,639316.68625239,-639316.68625239
268967,2025-03-17 00:06:59,75,74,262994.07,74,excess_vs_future_need_90d,902310.7562523901,0.0,902310.7562523901,6,639316.68625239,-639316.68625239
268967,2025-03-17 00:06:59,75,74,262994.07,74,excess_vs_future_need_120d,902310.7562523901,112639.63234522,789671.12390717,6,639316.68625239,-526677.0539071701
268967,2025-03-17 00:06:59,75,74,262994.07,74,excess_vs_future_need_180d,902310.7562523901,112639.63234522,789671.12390717,6,639316.68625239,-526677.0539071701
268967,2025-03-17 00:06:59,75,74,262994.07,74,excess_vs_future_need_270d,902310.7562523901,247108.96136305,655201.7948893401,6,639316.68625239,-392207.72488934
268967,2025-03-17 00:06:59,75,74,262994.07,74,excess_vs_future_need_365d,902310.7562523901,352842.33805349004,549468.4181989001,6,639316.68625239,-286474.3481989
268967,2025-03-24 00:06:50,82,81,199951.95,81,excess_vs_coverage,960788.8062523901,392053.73221696005,568735.07403543,6,760836.8562523902,-368783.12403543014
268967,2025-03-24 00:06:50,82,81,199951.95,81,excess_vs_demand_180d,960788.8062523901,960788.8062523901,0.0,6,760836.8562523902,199951.94999999995
268967,2025-03-24 00:06:50,82,81,199951.95,81,excess_vs_demand_90d,960788.8062523901,960788.8062523901,0.0,6,760836.8562523902,199951.94999999995
268967,2025-03-24 00:06:50,82,81,199951.95,81,excess_vs_max_safety_coverage,960788.8062523901,566884.8049656,393904.00128679007,6,760836.8562523902,-193952.05128679017
268967,2025-03-24 00:06:50,82,81,199951.95,81,excess_vs_safety_plus_coverage,960788.8062523901,399233.73221696,561555.07403543,6,760836.8562523902,-361603.1240354302
268967,2025-03-24 00:06:50,82,81,199951.95,81,excess_vs_target_stock,960788.8062523901,566884.8049656,393904.00128679007,6,760836.8562523902,-193952.05128679017
268967,2025-03-24 00:06:50,82,81,199951.95,81,physical_stock_value,960788.8062523901,0.0,960788.8062523901,6,760836.8562523902,-760836.8562523902
268967,2025-03-24 00:06:50,82,81,199951.95,81,excess_vs_future_need_7d,960788.8062523901,0.0,960788.8062523901,6,760836.8562523902,-760836.8562523902
268967,2025-03-24 00:06:50,82,81,199951.95,81,excess_vs_future_need_14d,960788.8062523901,0.0,960788.8062523901,6,760836.8562523902,-760836.8562523902
268967,2025-03-24 00:06:50,82,81,199951.95,81,excess_vs_future_need_21d,960788.8062523901,0.0,960788.8062523901,6,760836.8562523902,-760836.8562523902
268967,2025-03-24 00:06:50,82,81,199951.95,81,excess_vs_future_need_30d,960788.8062523901,0.0,960788.8062523901,6,760836.8562523902,-760836.8562523902
268967,2025-03-24 00:06:50,82,81,199951.95,81,excess_vs_future_need_45d,960788.8062523901,0.0,960788.8062523901,6,760836.8562523902,-760836.8562523902
268967,2025-03-24 00:06:50,82,81,199951.95,81,excess_vs_future_need_60d,960788.8062523901,0.0,960788.8062523901,6,760836.8562523902,-760836.8562523902
268967,2025-03-24 00:06:50,82,81,199951.95,81,excess_vs_future_need_90d,960788.8062523901,112639.63234522,848149.1739071701,6,760836.8562523902,-648197.2239071702
268967,2025-03-24 00:06:50,82,81,199951.95,81,excess_vs_future_need_120d,960788.8062523901,112639.63234522,848149.1739071701,6,760836.8562523902,-648197.2239071702
268967,2025-03-24 00:06:50,82,81,199951.95,81,excess_vs_future_need_180d,960788.8062523901,112639.63234522,848149.1739071701,6,760836.8562523902,-648197.2239071702
268967,2025-03-24 00:06:50,82,81,199951.95,81,excess_vs_future_need_270d,960788.8062523901,286320.35553566006,674468.4507167301,6,760836.8562523902,-474516.50071673014
268967,2025-03-24 00:06:50,82,81,199951.95,81,excess_vs_future_need_365d,960788.8062523901,365620.38805349,595168.4181989001,6,760836.8562523902,-395216.46819890017
268967,2025-03-31 00:07:56,89,88,217097.43,88,excess_vs_coverage,1009567.7562523901,440832.68221696,568735.07403543,6,792470.3262523902,-351637.64403543016
268967,2025-03-31 00:07:56,89,88,217097.43,88,excess_vs_demand_180d,1009567.7562523901,1009567.7562523901,0.0,6,792470.3262523902,217097.42999999993
268967,2025-03-31 00:07:56,89,88,217097.43,88,excess_vs_demand_90d,1009567.7562523901,1009567.7562523901,0.0,6,792470.3262523902,217097.42999999993
268967,2025-03-31 00:07:56,89,88,217097.43,88,excess_vs_max_safety_coverage,1009567.7562523901,615663.7549656,393904.00128679007,6,792470.3262523902,-176806.5712867902
268967,2025-03-31 00:07:56,89,88,217097.43,88,excess_vs_safety_plus_coverage,1009567.7562523901,448012.68221696,561555.07403543,6,792470.3262523902,-344457.64403543016
268967,2025-03-31 00:07:56,89,88,217097.43,88,excess_vs_target_stock,1009567.7562523901,615663.7549656,393904.00128679007,6,792470.3262523902,-176806.5712867902
268967,2025-03-31 00:07:56,89,88,217097.43,88,physical_stock_value,1009567.7562523901,0.0,1009567.7562523901,6,792470.3262523902,-792470.3262523902
268967,2025-03-31 00:07:56,89,88,217097.43,88,excess_vs_future_need_7d,1009567.7562523901,0.0,1009567.7562523901,6,792470.3262523902,-792470.3262523902
268967,2025-03-31 00:07:56,89,88,217097.43,88,excess_vs_future_need_14d,1009567.7562523901,0.0,1009567.7562523901,6,792470.3262523902,-792470.3262523902
268967,2025-03-31 00:07:56,89,88,217097.43,88,excess_vs_future_need_21d,1009567.7562523901,0.0,1009567.7562523901,6,792470.3262523902,-792470.3262523902
268967,2025-03-31 00:07:56,89,88,217097.43,88,excess_vs_future_need_30d,1009567.7562523901,0.0,1009567.7562523901,6,792470.3262523902,-792470.3262523902
268967,2025-03-31 00:07:56,89,88,217097.43,88,excess_vs_future_need_45d,1009567.7562523901,0.0,1009567.7562523901,6,792470.3262523902,-792470.3262523902
268967,2025-03-31 00:07:56,89,88,217097.43,88,excess_vs_future_need_60d,1009567.7562523901,0.0,1009567.7562523901,6,792470.3262523902,-792470.3262523902
268967,2025-03-31 00:07:56,89,88,217097.43,88,excess_vs_future_need_90d,1009567.7562523901,112639.63234522,896928.12390717,6,792470.3262523902,-679830.6939071702
268967,2025-03-31 00:07:56,89,88,217097.43,88,excess_vs_future_need_120d,1009567.7562523901,112639.63234522,896928.12390717,6,792470.3262523902,-679830.6939071702
268967,2025-03-31 00:07:56,89,88,217097.43,88,excess_vs_future_need_180d,1009567.7562523901,112639.63234522,896928.12390717,6,792470.3262523902,-679830.6939071702
268967,2025-03-31 00:07:56,89,88,217097.43,88,excess_vs_future_need_270d,1009567.7562523901,334271.54353566,675296.2127167301,6,792470.3262523902,-458198.78271673014
268967,2025-03-31 00:07:56,89,88,217097.43,88,excess_vs_future_need_365d,1009567.7562523901,414399.33805349004,595168.4181989001,6,792470.3262523902,-378070.98819890013
268967,2025-04-07 00:06:16,96,95,188514.27,95,excess_vs_coverage,1023228.2562523901,454493.18221696,568735.07403543,6,834713.9862523901,-380220.8040354301
268967,2025-04-07 00:06:16,96,95,188514.27,95,excess_vs_demand_180d,1023228.2562523901,1023228.2562523901,0.0,6,834713.9862523901,188514.27000000002
268967,2025-04-07 00:06:16,96,95,188514.27,95,excess_vs_demand_90d,1023228.2562523901,1023228.2562523901,0.0,6,834713.9862523901,188514.27000000002
268967,2025-04-07 00:06:16,96,95,188514.27,95,excess_vs_max_safety_coverage,1023228.2562523901,629324.2549656,393904.00128679007,6,834713.9862523901,-205389.7312867901
268967,2025-04-07 00:06:16,96,95,188514.27,95,excess_vs_safety_plus_coverage,1023228.2562523901,461673.18221696,561555.07403543,6,834713.9862523901,-373040.8040354301
268967,2025-04-07 00:06:16,96,95,188514.27,95,excess_vs_target_stock,1023228.2562523901,629324.2549656,393904.00128679007,6,834713.9862523901,-205389.7312867901
268967,2025-04-07 00:06:16,96,95,188514.27,95,physical_stock_value,1023228.2562523901,0.0,1023228.2562523901,6,834713.9862523901,-834713.9862523901
268967,2025-04-07 00:06:16,96,95,188514.27,95,excess_vs_future_need_7d,1023228.2562523901,0.0,1023228.2562523901,6,834713.9862523901,-834713.9862523901
268967,2025-04-07 00:06:16,96,95,188514.27,95,excess_vs_future_need_14d,1023228.2562523901,0.0,1023228.2562523901,6,834713.9862523901,-834713.9862523901
268967,2025-04-07 00:06:16,96,95,188514.27,95,excess_vs_future_need_21d,1023228.2562523901,0.0,1023228.2562523901,6,834713.9862523901,-834713.9862523901
268967,2025-04-07 00:06:16,96,95,188514.27,95,excess_vs_future_need_30d,1023228.2562523901,0.0,1023228.2562523901,6,834713.9862523901,-834713.9862523901
268967,2025-04-07 00:06:16,96,95,188514.27,95,excess_vs_future_need_45d,1023228.2562523901,0.0,1023228.2562523901,6,834713.9862523901,-834713.9862523901
268967,2025-04-07 00:06:16,96,95,188514.27,95,excess_vs_future_need_60d,1023228.2562523901,0.0,1023228.2562523901,6,834713.9862523901,-834713.9862523901
268967,2025-04-07 00:06:16,96,95,188514.27,95,excess_vs_future_need_90d,1023228.2562523901,112639.63234522,910588.62390717,6,834713.9862523901,-722074.3539071701
268967,2025-04-07 00:06:16,96,95,188514.27,95,excess_vs_future_need_120d,1023228.2562523901,112639.63234522,910588.62390717,6,834713.9862523901,-722074.3539071701
268967,2025-04-07 00:06:16,96,95,188514.27,95,excess_vs_future_need_180d,1023228.2562523901,112639.63234522,910588.62390717,6,834713.9862523901,-722074.3539071701
268967,2025-04-07 00:06:16,96,95,188514.27,95,excess_vs_future_need_270d,1023228.2562523901,337918.89703566005,685309.3592167301,6,834713.9862523901,-496795.08921673003
268967,2025-04-07 00:06:16,96,95,188514.27,95,excess_vs_future_need_365d,1023228.2562523901,454493.18222610006,568735.07402629,6,834713.9862523901,-380220.80402629
268967,2025-04-14 00:06:44,103,102,181337.72,102,excess_vs_coverage,1027326.4062523901,458591.33221696,568735.07403543,6,845988.6862523902,-387397.3540354301
268967,2025-04-14 00:06:44,103,102,181337.72,102,excess_vs_demand_180d,1027326.4062523901,1027326.4062523901,0.0,6,845988.6862523902,181337.71999999997
268967,2025-04-14 00:06:44,103,102,181337.72,102,excess_vs_demand_90d,1027326.4062523901,1027326.4062523901,0.0,6,845988.6862523902,181337.71999999997
268967,2025-04-14 00:06:44,103,102,181337.72,102,excess_vs_max_safety_coverage,1027326.4062523901,633422.4049656,393904.00128679007,6,845988.6862523902,-212566.28128679015
268967,2025-04-14 00:06:44,103,102,181337.72,102,excess_vs_safety_plus_coverage,1027326.4062523901,465771.33221696,561555.07403543,6,845988.6862523902,-380217.3540354301
268967,2025-04-14 00:06:44,103,102,181337.72,102,excess_vs_target_stock,1027326.4062523901,633422.4049656,393904.00128679007,6,845988.6862523902,-212566.28128679015
268967,2025-04-14 00:06:44,103,102,181337.72,102,physical_stock_value,1027326.4062523901,0.0,1027326.4062523901,6,845988.6862523902,-845988.6862523902
268967,2025-04-14 00:06:44,103,102,181337.72,102,excess_vs_future_need_7d,1027326.4062523901,0.0,1027326.4062523901,6,845988.6862523902,-845988.6862523902
268967,2025-04-14 00:06:44,103,102,181337.72,102,excess_vs_future_need_14d,1027326.4062523901,0.0,1027326.4062523901,6,845988.6862523902,-845988.6862523902
268967,2025-04-14 00:06:44,103,102,181337.72,102,excess_vs_future_need_21d,1027326.4062523901,0.0,1027326.4062523901,6,845988.6862523902,-845988.6862523902
268967,2025-04-14 00:06:44,103,102,181337.72,102,excess_vs_future_need_30d,1027326.4062523901,0.0,1027326.4062523901,6,845988.6862523902,-845988.6862523902
268967,2025-04-14 00:06:44,103,102,181337.72,102,excess_vs_future_need_45d,1027326.4062523901,0.0,1027326.4062523901,6,845988.6862523902,-845988.6862523902
268967,2025-04-14 00:06:44,103,102,181337.72,102,excess_vs_future_need_60d,1027326.4062523901,0.0,1027326.4062523901,6,845988.6862523902,-845988.6862523902
268967,2025-04-14 00:06:44,103,102,181337.72,102,excess_vs_future_need_90d,1027326.4062523901,112639.63234522,914686.77390717,6,845988.6862523902,-733349.0539071702
268967,2025-04-14 00:06:44,103,102,181337.72,102,excess_vs_future_need_120d,1027326.4062523901,112639.63234522,914686.77390717,6,845988.6862523902,-733349.0539071702
268967,2025-04-14 00:06:44,103,102,181337.72,102,excess_vs_future_need_180d,1027326.4062523901,112639.63234522,914686.77390717,6,845988.6862523902,-733349.0539071702
268967,2025-04-14 00:06:44,103,102,181337.72,102,excess_vs_future_need_270d,1027326.4062523901,337918.89703566005,689407.50921673,6,845988.6862523902,-508069.7892167301
268967,2025-04-14 00:06:44,103,102,181337.72,102,excess_vs_future_need_365d,1027326.4062523901,458591.3322261,568735.07402629,6,845988.6862523902,-387397.3540262901
268967,2025-04-21 00:06:39,110,109,227641.26,109,excess_vs_coverage,1030542.1062523901,461807.03221696004,568735.07403543,6,802900.8462523901,-341093.81403543
268967,2025-04-21 00:06:39,110,109,227641.26,109,excess_vs_demand_180d,1030542.1062523901,1030542.1062523901,0.0,6,802900.8462523901,227641.26
268967,2025-04-21 00:06:39,110,109,227641.26,109,excess_vs_demand_90d,1030542.1062523901,1030542.1062523901,0.0,6,802900.8462523901,227641.26
268967,2025-04-21 00:06:39,110,109,227641.26,109,excess_vs_max_safety_coverage,1030542.1062523901,636638.1049656001,393904.00128679007,6,802900.8462523901,-166262.74128679
268967,2025-04-21 00:06:39,110,109,227641.26,109,excess_vs_safety_plus_coverage,1030542.1062523901,468987.03221696004,561555.07403543,6,802900.8462523901,-333913.81403543
268967,2025-04-21 00:06:39,110,109,227641.26,109,excess_vs_target_stock,1030542.1062523901,636638.1049656001,393904.00128679007,6,802900.8462523901,-166262.74128679
268967,2025-04-21 00:06:39,110,109,227641.26,109,physical_stock_value,1030542.1062523901,0.0,1030542.1062523901,6,802900.8462523901,-802900.8462523901
268967,2025-04-21 00:06:39,110,109,227641.26,109,excess_vs_future_need_7d,1030542.1062523901,0.0,1030542.1062523901,6,802900.8462523901,-802900.8462523901
268967,2025-04-21 00:06:39,110,109,227641.26,109,excess_vs_future_need_14d,1030542.1062523901,0.0,1030542.1062523901,6,802900.8462523901,-802900.8462523901
268967,2025-04-21 00:06:39,110,109,227641.26,109,excess_vs_future_need_21d,1030542.1062523901,0.0,1030542.1062523901,6,802900.8462523901,-802900.8462523901
268967,2025-04-21 00:06:39,110,109,227641.26,109,excess_vs_future_need_30d,1030542.1062523901,0.0,1030542.1062523901,6,802900.8462523901,-802900.8462523901
268967,2025-04-21 00:06:39,110,109,227641.26,109,excess_vs_future_need_45d,1030542.1062523901,0.0,1030542.1062523901,6,802900.8462523901,-802900.8462523901
268967,2025-04-21 00:06:39,110,109,227641.26,109,excess_vs_future_need_60d,1030542.1062523901,112639.63234522,917902.47390717,6,802900.8462523901,-690261.2139071701
268967,2025-04-21 00:06:39,110,109,227641.26,109,excess_vs_future_need_90d,1030542.1062523901,112639.63234522,917902.47390717,6,802900.8462523901,-690261.2139071701
268967,2025-04-21 00:06:39,110,109,227641.26,109,excess_vs_future_need_120d,1030542.1062523901,112639.63234522,917902.47390717,6,802900.8462523901,-690261.2139071701
268967,2025-04-21 00:06:39,110,109,227641.26,109,excess_vs_future_need_180d,1030542.1062523901,112639.63234522,917902.47390717,6,802900.8462523901,-690261.2139071701
268967,2025-04-21 00:06:39,110,109,227641.26,109,excess_vs_future_need_270d,1030542.1062523901,337918.89703566005,692623.2092167301,6,802900.8462523901,-464981.94921673
268967,2025-04-21 00:06:39,110,109,227641.26,109,excess_vs_future_need_365d,1030542.1062523901,461807.03222610004,568735.07402629,6,802900.8462523901,-341093.81402629
268967,2025-04-28 00:07:06,117,116,212287.9,116,excess_vs_coverage,1034640.2562523901,465905.18221696,568735.07403543,6,822352.3562523901,-356447.1740354301
268967,2025-04-28 00:07:06,117,116,212287.9,116,excess_vs_demand_180d,1034640.2562523901,1034640.2562523901,0.0,6,822352.3562523901,212287.90000000002
268967,2025-04-28 00:07:06,117,116,212287.9,116,excess_vs_demand_90d,1034640.2562523901,1034640.2562523901,0.0,6,822352.3562523901,212287.90000000002
268967,2025-04-28 00:07:06,117,116,212287.9,116,excess_vs_max_safety_coverage,1034640.2562523901,640736.2549656,393904.00128679007,6,822352.3562523901,-181616.1012867901
268967,2025-04-28 00:07:06,117,116,212287.9,116,excess_vs_safety_plus_coverage,1034640.2562523901,473085.18221696,561555.07403543,6,822352.3562523901,-349267.1740354301
268967,2025-04-28 00:07:06,117,116,212287.9,116,excess_vs_target_stock,1034640.2562523901,640736.2549656,393904.00128679007,6,822352.3562523901,-181616.1012867901
268967,2025-04-28 00:07:06,117,116,212287.9,116,physical_stock_value,1034640.2562523901,0.0,1034640.2562523901,6,822352.3562523901,-822352.3562523901
268967,2025-04-28 00:07:06,117,116,212287.9,116,excess_vs_future_need_7d,1034640.2562523901,0.0,1034640.2562523901,6,822352.3562523901,-822352.3562523901
268967,2025-04-28 00:07:06,117,116,212287.9,116,excess_vs_future_need_14d,1034640.2562523901,0.0,1034640.2562523901,6,822352.3562523901,-822352.3562523901
268967,2025-04-28 00:07:06,117,116,212287.9,116,excess_vs_future_need_21d,1034640.2562523901,0.0,1034640.2562523901,6,822352.3562523901,-822352.3562523901
268967,2025-04-28 00:07:06,117,116,212287.9,116,excess_vs_future_need_30d,1034640.2562523901,0.0,1034640.2562523901,6,822352.3562523901,-822352.3562523901
268967,2025-04-28 00:07:06,117,116,212287.9,116,excess_vs_future_need_45d,1034640.2562523901,0.0,1034640.2562523901,6,822352.3562523901,-822352.3562523901
268967,2025-04-28 00:07:06,117,116,212287.9,116,excess_vs_future_need_60d,1034640.2562523901,112639.63234522,922000.62390717,6,822352.3562523901,-709712.7239071701
268967,2025-04-28 00:07:06,117,116,212287.9,116,excess_vs_future_need_90d,1034640.2562523901,112639.63234522,922000.62390717,6,822352.3562523901,-709712.7239071701
268967,2025-04-28 00:07:06,117,116,212287.9,116,excess_vs_future_need_120d,1034640.2562523901,112639.63234522,922000.62390717,6,822352.3562523901,-709712.7239071701
268967,2025-04-28 00:07:06,117,116,212287.9,116,excess_vs_future_need_180d,1034640.2562523901,112639.63234522,922000.62390717,6,822352.3562523901,-709712.7239071701
268967,2025-04-28 00:07:06,117,116,212287.9,116,excess_vs_future_need_270d,1034640.2562523901,337918.89703566005,696721.3592167301,6,822352.3562523901,-484433.45921673
268967,2025-04-28 00:07:06,117,116,212287.9,116,excess_vs_future_need_365d,1034640.2562523901,465905.18222610006,568735.07402629,6,822352.3562523901,-356447.17402629
268967,2025-05-05 00:06:41,124,123,206964.49,123,excess_vs_coverage,1089503.75625239,474527.85621696,614975.90003543,6,882539.2662523901,-408011.4100354301
268967,2025-05-05 00:06:41,124,123,206964.49,123,excess_vs_demand_180d,1089503.75625239,1089503.75625239,0.0,6,882539.2662523901,206964.49
268967,2025-05-05 00:06:41,124,123,206964.49,123,excess_vs_demand_90d,1089503.75625239,1089503.75625239,0.0,6,882539.2662523901,206964.49
268967,2025-05-05 00:06:41,124,123,206964.49,123,excess_vs_max_safety_coverage,1089503.75625239,649899.7549656,439604.00128679007,6,882539.2662523901,-232639.51128679013
268967,2025-05-05 00:06:41,124,123,206964.49,123,excess_vs_safety_plus_coverage,1089503.75625239,481707.85621696,607795.90003543,6,882539.2662523901,-400831.4100354301
268967,2025-05-05 00:06:41,124,123,206964.49,123,excess_vs_target_stock,1089503.75625239,649899.7549656,439604.00128679007,6,882539.2662523901,-232639.51128679013
268967,2025-05-05 00:06:41,124,123,206964.49,123,physical_stock_value,1089503.75625239,0.0,1089503.75625239,6,882539.2662523901,-882539.2662523901
268967,2025-05-05 00:06:41,124,123,206964.49,123,excess_vs_future_need_7d,1089503.75625239,0.0,1089503.75625239,6,882539.2662523901,-882539.2662523901
268967,2025-05-05 00:06:41,124,123,206964.49,123,excess_vs_future_need_14d,1089503.75625239,0.0,1089503.75625239,6,882539.2662523901,-882539.2662523901
268967,2025-05-05 00:06:41,124,123,206964.49,123,excess_vs_future_need_21d,1089503.75625239,0.0,1089503.75625239,6,882539.2662523901,-882539.2662523901
268967,2025-05-05 00:06:41,124,123,206964.49,123,excess_vs_future_need_30d,1089503.75625239,0.0,1089503.75625239,6,882539.2662523901,-882539.2662523901
268967,2025-05-05 00:06:41,124,123,206964.49,123,excess_vs_future_need_45d,1089503.75625239,56319.81617261,1033183.9400797801,6,882539.2662523901,-826219.4500797801
268967,2025-05-05 00:06:41,124,123,206964.49,123,excess_vs_future_need_60d,1089503.75625239,112639.63234522,976864.12390717,6,882539.2662523901,-769899.6339071702
268967,2025-05-05 00:06:41,124,123,206964.49,123,excess_vs_future_need_90d,1089503.75625239,112639.63234522,976864.12390717,6,882539.2662523901,-769899.6339071702
268967,2025-05-05 00:06:41,124,123,206964.49,123,excess_vs_future_need_120d,1089503.75625239,112639.63234522,976864.12390717,6,882539.2662523901,-769899.6339071702
268967,2025-05-05 00:06:41,124,123,206964.49,123,excess_vs_future_need_180d,1089503.75625239,168959.44851783,920544.3077345601,6,882539.2662523901,-713579.8177345601
268967,2025-05-05 00:06:41,124,123,206964.49,123,excess_vs_future_need_270d,1089503.75625239,393924.52170827,695579.23454412,6,882539.2662523901,-488614.7445441201
268967,2025-05-05 00:06:41,124,123,206964.49,123,excess_vs_future_need_365d,1089503.75625239,474527.85622610006,614975.90002629,6,882539.2662523901,-408011.41002629005
268967,2025-05-12 00:06:56,131,130,242401.58,130,excess_vs_coverage,1094967.95625239,479992.05621696,614975.90003543,6,852566.3762523901,-372574.3200354301
268967,2025-05-12 00:06:56,131,130,242401.58,130,excess_vs_demand_180d,1094967.95625239,1094967.95625239,0.0,6,852566.3762523901,242401.57999999996
268967,2025-05-12 00:06:56,131,130,242401.58,130,excess_vs_demand_90d,1094967.95625239,1094967.95625239,0.0,6,852566.3762523901,242401.57999999996
268967,2025-05-12 00:06:56,131,130,242401.58,130,excess_vs_max_safety_coverage,1094967.95625239,655363.9549656,439604.00128679007,6,852566.3762523901,-197202.42128679005
268967,2025-05-12 00:06:56,131,130,242401.58,130,excess_vs_safety_plus_coverage,1094967.95625239,487172.05621696,607795.90003543,6,852566.3762523901,-365394.3200354301
268967,2025-05-12 00:06:56,131,130,242401.58,130,excess_vs_target_stock,1094967.95625239,655363.9549656,439604.00128679007,6,852566.3762523901,-197202.42128679005
268967,2025-05-12 00:06:56,131,130,242401.58,130,physical_stock_value,1094967.95625239,0.0,1094967.95625239,6,852566.3762523901,-852566.3762523901
268967,2025-05-12 00:06:56,131,130,242401.58,130,excess_vs_future_need_7d,1094967.95625239,0.0,1094967.95625239,6,852566.3762523901,-852566.3762523901
268967,2025-05-12 00:06:56,131,130,242401.58,130,excess_vs_future_need_14d,1094967.95625239,0.0,1094967.95625239,6,852566.3762523901,-852566.3762523901
268967,2025-05-12 00:06:56,131,130,242401.58,130,excess_vs_future_need_21d,1094967.95625239,0.0,1094967.95625239,6,852566.3762523901,-852566.3762523901
268967,2025-05-12 00:06:56,131,130,242401.58,130,excess_vs_future_need_30d,1094967.95625239,0.0,1094967.95625239,6,852566.3762523901,-852566.3762523901
268967,2025-05-12 00:06:56,131,130,242401.58,130,excess_vs_future_need_45d,1094967.95625239,112639.63234522,982328.32390717,6,852566.3762523901,-739926.7439071701
268967,2025-05-12 00:06:56,131,130,242401.58,130,excess_vs_future_need_60d,1094967.95625239,112639.63234522,982328.32390717,6,852566.3762523901,-739926.7439071701
268967,2025-05-12 00:06:56,131,130,242401.58,130,excess_vs_future_need_90d,1094967.95625239,112639.63234522,982328.32390717,6,852566.3762523901,-739926.7439071701
268967,2025-05-12 00:06:56,131,130,242401.58,130,excess_vs_future_need_120d,1094967.95625239,112639.63234522,982328.32390717,6,852566.3762523901,-739926.7439071701
268967,2025-05-12 00:06:56,131,130,242401.58,130,excess_vs_future_need_180d,1094967.95625239,225279.26469044,869688.69156195,6,852566.3762523901,-627287.1115619501
268967,2025-05-12 00:06:56,131,130,242401.58,130,excess_vs_future_need_270d,1094967.95625239,394238.71320827,700729.24304412,6,852566.3762523901,-458327.66304412007
268967,2025-05-12 00:06:56,131,130,242401.58,130,excess_vs_future_need_365d,1094967.95625239,479992.0562261001,614975.90002629,6,852566.3762523901,-372574.32002629
268967,2025-05-19 00:07:01,138,137,234418.65,137,excess_vs_coverage,1107262.40625239,492286.50621696,614975.90003543,6,872843.75625239,-380557.25003542996
268967,2025-05-19 00:07:01,138,137,234418.65,137,excess_vs_demand_180d,1107262.40625239,1107262.40625239,0.0,6,872843.75625239,234418.65000000002
268967,2025-05-19 00:07:01,138,137,234418.65,137,excess_vs_demand_90d,1107262.40625239,1107262.40625239,0.0,6,872843.75625239,234418.65000000002
268967,2025-05-19 00:07:01,138,137,234418.65,137,excess_vs_max_safety_coverage,1107262.40625239,667658.4049656,439604.00128679007,6,872843.75625239,-205185.35128678998
268967,2025-05-19 00:07:01,138,137,234418.65,137,excess_vs_safety_plus_coverage,1107262.40625239,499466.50621696,607795.90003543,6,872843.75625239,-373377.25003542996
268967,2025-05-19 00:07:01,138,137,234418.65,137,excess_vs_target_stock,1107262.40625239,667658.4049656,439604.00128679007,6,872843.75625239,-205185.35128678998
268967,2025-05-19 00:07:01,138,137,234418.65,137,physical_stock_value,1107262.40625239,0.0,1107262.40625239,6,872843.75625239,-872843.75625239
268967,2025-05-19 00:07:01,138,137,234418.65,137,excess_vs_future_need_7d,1107262.40625239,0.0,1107262.40625239,6,872843.75625239,-872843.75625239
268967,2025-05-19 00:07:01,138,137,234418.65,137,excess_vs_future_need_14d,1107262.40625239,0.0,1107262.40625239,6,872843.75625239,-872843.75625239
268967,2025-05-19 00:07:01,138,137,234418.65,137,excess_vs_future_need_21d,1107262.40625239,0.0,1107262.40625239,6,872843.75625239,-872843.75625239
268967,2025-05-19 00:07:01,138,137,234418.65,137,excess_vs_future_need_30d,1107262.40625239,0.0,1107262.40625239,6,872843.75625239,-872843.75625239
268967,2025-05-19 00:07:01,138,137,234418.65,137,excess_vs_future_need_45d,1107262.40625239,112639.63234522,994622.77390717,6,872843.75625239,-760204.12390717
268967,2025-05-19 00:07:01,138,137,234418.65,137,excess_vs_future_need_60d,1107262.40625239,112639.63234522,994622.77390717,6,872843.75625239,-760204.12390717
268967,2025-05-19 00:07:01,138,137,234418.65,137,excess_vs_future_need_90d,1107262.40625239,112639.63234522,994622.77390717,6,872843.75625239,-760204.12390717
268967,2025-05-19 00:07:01,138,137,234418.65,137,excess_vs_future_need_120d,1107262.40625239,112639.63234522,994622.77390717,6,872843.75625239,-760204.12390717
268967,2025-05-19 00:07:01,138,137,234418.65,137,excess_vs_future_need_180d,1107262.40625239,225279.26469044,881983.1415619501,6,872843.75625239,-647564.49156195
268967,2025-05-19 00:07:01,138,137,234418.65,137,excess_vs_future_need_270d,1107262.40625239,438550.94988088,668711.45637151,6,872843.75625239,-434292.80637150997
268967,2025-05-19 00:07:01,138,137,234418.65,137,excess_vs_future_need_365d,1107262.40625239,492286.5062261,614975.90002629,6,872843.75625239,-380557.25002628996
268967,2025-05-26 00:06:36,145,144,275919.95,144,excess_vs_coverage,1161642.3062523901,500482.80621696,661159.5000354301,6,885722.3562523902,-385239.5500354302
268967,2025-05-26 00:06:36,145,144,275919.95,144,excess_vs_demand_180d,1161642.3062523901,1161642.3062523901,0.0,6,885722.3562523902,275919.94999999995
268967,2025-05-26 00:06:36,145,144,275919.95,144,excess_vs_demand_90d,1161642.3062523901,1161642.3062523901,0.0,6,885722.3562523902,275919.94999999995
268967,2025-05-26 00:06:36,145,144,275919.95,144,excess_vs_max_safety_coverage,1161642.3062523901,676338.3049656,485304.00128679007,6,885722.3562523902,-209384.05128679017
268967,2025-05-26 00:06:36,145,144,275919.95,144,excess_vs_safety_plus_coverage,1161642.3062523901,507662.80621696,653979.5000354301,6,885722.3562523902,-378059.5500354302
268967,2025-05-26 00:06:36,145,144,275919.95,144,excess_vs_target_stock,1161642.3062523901,676338.3049656,485304.00128679007,6,885722.3562523902,-209384.05128679017
268967,2025-05-26 00:06:36,145,144,275919.95,144,physical_stock_value,1161642.3062523901,0.0,1161642.3062523901,6,885722.3562523902,-885722.3562523902
268967,2025-05-26 00:06:36,145,144,275919.95,144,excess_vs_future_need_7d,1161642.3062523901,0.0,1161642.3062523901,6,885722.3562523902,-885722.3562523902
268967,2025-05-26 00:06:36,145,144,275919.95,144,excess_vs_future_need_14d,1161642.3062523901,0.0,1161642.3062523901,6,885722.3562523902,-885722.3562523902
268967,2025-05-26 00:06:36,145,144,275919.95,144,excess_vs_future_need_21d,1161642.3062523901,0.0,1161642.3062523901,6,885722.3562523902,-885722.3562523902
268967,2025-05-26 00:06:36,145,144,275919.95,144,excess_vs_future_need_30d,1161642.3062523901,112639.63234522,1049002.67390717,6,885722.3562523902,-773082.7239071702
268967,2025-05-26 00:06:36,145,144,275919.95,144,excess_vs_future_need_45d,1161642.3062523901,112639.63234522,1049002.67390717,6,885722.3562523902,-773082.7239071702
268967,2025-05-26 00:06:36,145,144,275919.95,144,excess_vs_future_need_60d,1161642.3062523901,112639.63234522,1049002.67390717,6,885722.3562523902,-773082.7239071702
268967,2025-05-26 00:06:36,145,144,275919.95,144,excess_vs_future_need_90d,1161642.3062523901,112639.63234522,1049002.67390717,6,885722.3562523902,-773082.7239071702
268967,2025-05-26 00:06:36,145,144,275919.95,144,excess_vs_future_need_120d,1161642.3062523901,112639.63234522,1049002.67390717,6,885722.3562523902,-773082.7239071702
268967,2025-05-26 00:06:36,145,144,275919.95,144,excess_vs_future_need_180d,1161642.3062523901,225279.26469044,936363.0415619501,6,885722.3562523902,-660443.0915619502
268967,2025-05-26 00:06:36,145,144,275919.95,144,excess_vs_future_need_270d,1161642.3062523901,446747.24988088,714895.05637151,6,885722.3562523902,-438975.1063715102
268967,2025-05-26 00:06:36,145,144,275919.95,144,excess_vs_future_need_365d,1161642.3062523901,500482.8062261001,661159.5000262901,6,885722.3562523902,-385239.5500262901
268967,2025-06-02 00:06:28,152,151,281205.25,151,excess_vs_coverage,1178518.50625239,516875.40621696005,661643.10003543,6,897313.2562523901,-380437.85003543005
268967,2025-06-02 00:06:28,152,151,281205.25,151,excess_vs_demand_180d,1178518.50625239,1178518.50625239,0.0,6,897313.2562523901,281205.25
268967,2025-06-02 00:06:28,152,151,281205.25,151,excess_vs_demand_90d,1178518.50625239,1178518.50625239,0.0,6,897313.2562523901,281205.25
268967,2025-06-02 00:06:28,152,151,281205.25,151,excess_vs_max_safety_coverage,1178518.50625239,693214.5049656,485304.00128679007,6,897313.2562523901,-204098.75128679012
268967,2025-06-02 00:06:28,152,151,281205.25,151,excess_vs_safety_plus_coverage,1178518.50625239,524055.40621696,654463.10003543,6,897313.2562523901,-373257.8500354301
268967,2025-06-02 00:06:28,152,151,281205.25,151,excess_vs_target_stock,1178518.50625239,693214.5049656,485304.00128679007,6,897313.2562523901,-204098.75128679012
268967,2025-06-02 00:06:28,152,151,281205.25,151,physical_stock_value,1178518.50625239,0.0,1178518.50625239,6,897313.2562523901,-897313.2562523901
268967,2025-06-02 00:06:28,152,151,281205.25,151,excess_vs_future_need_7d,1178518.50625239,0.0,1178518.50625239,6,897313.2562523901,-897313.2562523901
268967,2025-06-02 00:06:28,152,151,281205.25,151,excess_vs_future_need_14d,1178518.50625239,0.0,1178518.50625239,6,897313.2562523901,-897313.2562523901
268967,2025-06-02 00:06:28,152,151,281205.25,151,excess_vs_future_need_21d,1178518.50625239,112639.63234522,1065878.87390717,6,897313.2562523901,-784673.6239071701
268967,2025-06-02 00:06:28,152,151,281205.25,151,excess_vs_future_need_30d,1178518.50625239,112639.63234522,1065878.87390717,6,897313.2562523901,-784673.6239071701
268967,2025-06-02 00:06:28,152,151,281205.25,151,excess_vs_future_need_45d,1178518.50625239,112639.63234522,1065878.87390717,6,897313.2562523901,-784673.6239071701
268967,2025-06-02 00:06:28,152,151,281205.25,151,excess_vs_future_need_60d,1178518.50625239,112639.63234522,1065878.87390717,6,897313.2562523901,-784673.6239071701
268967,2025-06-02 00:06:28,152,151,281205.25,151,excess_vs_future_need_90d,1178518.50625239,112639.63234522,1065878.87390717,6,897313.2562523901,-784673.6239071701
268967,2025-06-02 00:06:28,152,151,281205.25,151,excess_vs_future_need_120d,1178518.50625239,112639.63234522,1065878.87390717,6,897313.2562523901,-784673.6239071701
268967,2025-06-02 00:06:28,152,151,281205.25,151,excess_vs_future_need_180d,1178518.50625239,225279.26469044,953239.2415619501,6,897313.2562523901,-672033.9915619501
268967,2025-06-02 00:06:28,152,151,281205.25,151,excess_vs_future_need_270d,1178518.50625239,450558.52938088,727959.97687151,6,897313.2562523901,-446754.7268715101
268967,2025-06-02 00:06:28,152,151,281205.25,151,excess_vs_future_need_365d,1178518.50625239,516875.40622610005,661643.10002629,6,897313.2562523901,-380437.85002629005
268967,2025-06-09 00:06:41,159,158,263831.65,158,excess_vs_coverage,1189446.90625239,527803.8062169601,661643.10003543,6,925615.25625239,-397811.4500354299
268967,2025-06-09 00:06:41,159,158,263831.65,158,excess_vs_demand_180d,1189446.90625239,1189446.90625239,0.0,6,925615.25625239,263831.65
268967,2025-06-09 00:06:41,159,158,263831.65,158,excess_vs_demand_90d,1189446.90625239,1189446.90625239,0.0,6,925615.25625239,263831.65
268967,2025-06-09 00:06:41,159,158,263831.65,158,excess_vs_max_safety_coverage,1189446.90625239,704142.9049656,485304.00128679007,6,925615.25625239,-221472.35128678998
268967,2025-06-09 00:06:41,159,158,263831.65,158,excess_vs_safety_plus_coverage,1189446.90625239,534983.80621696,654463.10003543,6,925615.25625239,-390631.45003543
268967,2025-06-09 00:06:41,159,158,263831.65,158,excess_vs_target_stock,1189446.90625239,704142.9049656,485304.00128679007,6,925615.25625239,-221472.35128678998
268967,2025-06-09 00:06:41,159,158,263831.65,158,physical_stock_value,1189446.90625239,0.0,1189446.90625239,6,925615.25625239,-925615.25625239
268967,2025-06-09 00:06:41,159,158,263831.65,158,excess_vs_future_need_7d,1189446.90625239,0.0,1189446.90625239,6,925615.25625239,-925615.25625239
268967,2025-06-09 00:06:41,159,158,263831.65,158,excess_vs_future_need_14d,1189446.90625239,112639.63234522,1076807.27390717,6,925615.25625239,-812975.62390717
268967,2025-06-09 00:06:41,159,158,263831.65,158,excess_vs_future_need_21d,1189446.90625239,112639.63234522,1076807.27390717,6,925615.25625239,-812975.62390717
268967,2025-06-09 00:06:41,159,158,263831.65,158,excess_vs_future_need_30d,1189446.90625239,112639.63234522,1076807.27390717,6,925615.25625239,-812975.62390717
268967,2025-06-09 00:06:41,159,158,263831.65,158,excess_vs_future_need_45d,1189446.90625239,112639.63234522,1076807.27390717,6,925615.25625239,-812975.62390717
268967,2025-06-09 00:06:41,159,158,263831.65,158,excess_vs_future_need_60d,1189446.90625239,112639.63234522,1076807.27390717,6,925615.25625239,-812975.62390717
268967,2025-06-09 00:06:41,159,158,263831.65,158,excess_vs_future_need_90d,1189446.90625239,112639.63234522,1076807.27390717,6,925615.25625239,-812975.62390717
268967,2025-06-09 00:06:41,159,158,263831.65,158,excess_vs_future_need_120d,1189446.90625239,112639.63234522,1076807.27390717,6,925615.25625239,-812975.62390717
268967,2025-06-09 00:06:41,159,158,263831.65,158,excess_vs_future_need_180d,1189446.90625239,225279.26469044,964167.6415619501,6,925615.25625239,-700335.99156195
268967,2025-06-09 00:06:41,159,158,263831.65,158,excess_vs_future_need_270d,1189446.90625239,450558.52938088,738888.3768715101,6,925615.25625239,-475056.72687151
268967,2025-06-09 00:06:41,159,158,263831.65,158,excess_vs_future_need_365d,1189446.90625239,554671.58439871,634775.32185368,6,925615.25625239,-370943.67185367993
268967,2025-06-16 00:06:31,166,165,245626.38,165,excess_vs_coverage,1205839.50625239,544196.40621696,661643.10003543,6,960213.1262523901,-416016.72003543004
268967,2025-06-16 00:06:31,166,165,245626.38,165,excess_vs_demand_180d,1205839.50625239,1205839.50625239,0.0,6,960213.1262523901,245626.38
268967,2025-06-16 00:06:31,166,165,245626.38,165,excess_vs_demand_90d,1205839.50625239,1205839.50625239,0.0,6,960213.1262523901,245626.38
268967,2025-06-16 00:06:31,166,165,245626.38,165,excess_vs_max_safety_coverage,1205839.50625239,720535.5049656001,485304.00128679007,6,960213.1262523901,-239677.62128679
268967,2025-06-16 00:06:31,166,165,245626.38,165,excess_vs_safety_plus_coverage,1205839.50625239,551376.40621696,654463.10003543,6,960213.1262523901,-408836.72003543004
268967,2025-06-16 00:06:31,166,165,245626.38,165,excess_vs_target_stock,1205839.50625239,720535.5049656001,485304.00128679007,6,960213.1262523901,-239677.62128679
268967,2025-06-16 00:06:31,166,165,245626.38,165,physical_stock_value,1205839.50625239,0.0,1205839.50625239,6,960213.1262523901,-960213.1262523901
268967,2025-06-16 00:06:31,166,165,245626.38,165,excess_vs_future_need_7d,1205839.50625239,112639.63234522,1093199.87390717,6,960213.1262523901,-847573.4939071701
268967,2025-06-16 00:06:31,166,165,245626.38,165,excess_vs_future_need_14d,1205839.50625239,112639.63234522,1093199.87390717,6,960213.1262523901,-847573.4939071701
268967,2025-06-16 00:06:31,166,165,245626.38,165,excess_vs_future_need_21d,1205839.50625239,112639.63234522,1093199.87390717,6,960213.1262523901,-847573.4939071701
268967,2025-06-16 00:06:31,166,165,245626.38,165,excess_vs_future_need_30d,1205839.50625239,112639.63234522,1093199.87390717,6,960213.1262523901,-847573.4939071701
268967,2025-06-16 00:06:31,166,165,245626.38,165,excess_vs_future_need_45d,1205839.50625239,112639.63234522,1093199.87390717,6,960213.1262523901,-847573.4939071701
268967,2025-06-16 00:06:31,166,165,245626.38,165,excess_vs_future_need_60d,1205839.50625239,112639.63234522,1093199.87390717,6,960213.1262523901,-847573.4939071701
268967,2025-06-16 00:06:31,166,165,245626.38,165,excess_vs_future_need_90d,1205839.50625239,112639.63234522,1093199.87390717,6,960213.1262523901,-847573.4939071701
268967,2025-06-16 00:06:31,166,165,245626.38,165,excess_vs_future_need_120d,1205839.50625239,112639.63234522,1093199.87390717,6,960213.1262523901,-847573.4939071701
268967,2025-06-16 00:06:31,166,165,245626.38,165,excess_vs_future_need_180d,1205839.50625239,281599.08086305,924240.42538934,6,960213.1262523901,-678614.04538934
268967,2025-06-16 00:06:31,166,165,245626.38,165,excess_vs_future_need_270d,1205839.50625239,506878.34555349004,698961.1606989001,6,960213.1262523901,-453334.78069890005
268967,2025-06-16 00:06:31,166,165,245626.38,165,excess_vs_future_need_365d,1205839.50625239,624799.74074393,581039.76550846,6,960213.1262523901,-335413.3855084601
268967,2025-06-23 13:27:48,173,172,226080.81,172,excess_vs_coverage,1107343.9739117401,498952.83021696005,608391.1436947801,6,881263.1639117401,-382310.33369478
268967,2025-06-23 13:27:48,173,172,226080.81,172,excess_vs_demand_180d,1107343.9739117401,1107343.9739117401,0.0,6,881263.1639117401,226080.81000000006
268967,2025-06-23 13:27:48,173,172,226080.81,172,excess_vs_demand_90d,1107343.9739117401,1107343.9739117401,0.0,6,881263.1639117401,226080.81000000006
268967,2025-06-23 13:27:48,173,172,226080.81,172,excess_vs_max_safety_coverage,1107343.9739117401,674665.2106376,432678.76327414,6,881263.1639117401,-206597.95327414002
268967,2025-06-23 13:27:48,173,172,226080.81,172,excess_vs_safety_plus_coverage,1107343.9739117401,506132.83021696,601211.1436947801,6,881263.1639117401,-375130.33369478007
268967,2025-06-23 13:27:48,173,172,226080.81,172,excess_vs_target_stock,1107343.9739117401,674665.2106376,432678.76327414,6,881263.1639117401,-206597.95327414002
268967,2025-06-23 13:27:48,173,172,226080.81,172,physical_stock_value,1107343.9739117401,0.0,1107343.9739117401,6,881263.1639117401,-881263.1639117401
268967,2025-06-23 13:27:48,173,172,226080.81,172,excess_vs_future_need_7d,1107343.9739117401,0.0,1107343.9739117401,6,881263.1639117401,-881263.1639117401
268967,2025-06-23 13:27:48,173,172,226080.81,172,excess_vs_future_need_14d,1107343.9739117401,0.0,1107343.9739117401,6,881263.1639117401,-881263.1639117401
268967,2025-06-23 13:27:48,173,172,226080.81,172,excess_vs_future_need_21d,1107343.9739117401,0.0,1107343.9739117401,6,881263.1639117401,-881263.1639117401
268967,2025-06-23 13:27:48,173,172,226080.81,172,excess_vs_future_need_30d,1107343.9739117401,0.0,1107343.9739117401,6,881263.1639117401,-881263.1639117401
268967,2025-06-23 13:27:48,173,172,226080.81,172,excess_vs_future_need_45d,1107343.9739117401,0.0,1107343.9739117401,6,881263.1639117401,-881263.1639117401
268967,2025-06-23 13:27:48,173,172,226080.81,172,excess_vs_future_need_60d,1107343.9739117401,0.0,1107343.9739117401,6,881263.1639117401,-881263.1639117401
268967,2025-06-23 13:27:48,173,172,226080.81,172,excess_vs_future_need_90d,1107343.9739117401,0.0,1107343.9739117401,6,881263.1639117401,-881263.1639117401
268967,2025-06-23 13:27:48,173,172,226080.81,172,excess_vs_future_need_120d,1107343.9739117401,0.0,1107343.9739117401,6,881263.1639117401,-881263.1639117401
268967,2025-06-23 13:27:48,173,172,226080.81,172,excess_vs_future_need_180d,1107343.9739117401,225279.26469044003,882064.7092213,6,881263.1639117401,-655983.8992213
268967,2025-06-23 13:27:48,173,172,226080.81,172,excess_vs_future_need_270d,1107343.9739117401,394238.71320827,713105.26070347,6,881263.1639117401,-487024.45070347004
268967,2025-06-23 13:27:48,173,172,226080.81,172,excess_vs_future_need_365d,1107343.9739117401,605672.58940454,501671.38450720004,6,881263.1639117401,-275590.57450720004
268967,2025-06-30 00:06:46,180,179,260360.09,179,excess_vs_coverage,1121004.4739117401,512613.33021696005,608391.1436947801,6,860644.3839117402,-348031.0536947801
268967,2025-06-30 00:06:46,180,179,260360.09,179,excess_vs_demand_180d,1121004.4739117401,1121004.4739117401,0.0,6,860644.3839117402,260360.08999999997
268967,2025-06-30 00:06:46,180,179,260360.09,179,excess_vs_demand_90d,1121004.4739117401,1121004.4739117401,0.0,6,860644.3839117402,260360.08999999997
268967,2025-06-30 00:06:46,180,179,260360.09,179,excess_vs_max_safety_coverage,1121004.4739117401,688325.7106376,432678.76327414,6,860644.3839117402,-172318.6732741401
268967,2025-06-30 00:06:46,180,179,260360.09,179,excess_vs_safety_plus_coverage,1121004.4739117401,519793.33021696,601211.1436947801,6,860644.3839117402,-340851.05369478016
268967,2025-06-30 00:06:46,180,179,260360.09,179,excess_vs_target_stock,1121004.4739117401,688325.7106376,432678.76327414,6,860644.3839117402,-172318.6732741401
268967,2025-06-30 00:06:46,180,179,260360.09,179,physical_stock_value,1121004.4739117401,0.0,1121004.4739117401,6,860644.3839117402,-860644.3839117402
268967,2025-06-30 00:06:46,180,179,260360.09,179,excess_vs_future_need_7d,1121004.4739117401,0.0,1121004.4739117401,6,860644.3839117402,-860644.3839117402
268967,2025-06-30 00:06:46,180,179,260360.09,179,excess_vs_future_need_14d,1121004.4739117401,0.0,1121004.4739117401,6,860644.3839117402,-860644.3839117402
268967,2025-06-30 00:06:46,180,179,260360.09,179,excess_vs_future_need_21d,1121004.4739117401,0.0,1121004.4739117401,6,860644.3839117402,-860644.3839117402
268967,2025-06-30 00:06:46,180,179,260360.09,179,excess_vs_future_need_30d,1121004.4739117401,0.0,1121004.4739117401,6,860644.3839117402,-860644.3839117402
268967,2025-06-30 00:06:46,180,179,260360.09,179,excess_vs_future_need_45d,1121004.4739117401,0.0,1121004.4739117401,6,860644.3839117402,-860644.3839117402
268967,2025-06-30 00:06:46,180,179,260360.09,179,excess_vs_future_need_60d,1121004.4739117401,0.0,1121004.4739117401,6,860644.3839117402,-860644.3839117402
268967,2025-06-30 00:06:46,180,179,260360.09,179,excess_vs_future_need_90d,1121004.4739117401,0.0,1121004.4739117401,6,860644.3839117402,-860644.3839117402
268967,2025-06-30 00:06:46,180,179,260360.09,179,excess_vs_future_need_120d,1121004.4739117401,0.0,1121004.4739117401,6,860644.3839117402,-860644.3839117402
268967,2025-06-30 00:06:46,180,179,260360.09,179,excess_vs_future_need_180d,1121004.4739117401,225279.26469044003,895725.2092213,6,860644.3839117402,-635365.1192213001
268967,2025-06-30 00:06:46,180,179,260360.09,179,excess_vs_future_need_270d,1121004.4739117401,394238.71320827,726765.76070347,6,860644.3839117402,-466405.6707034701
268967,2025-06-30 00:06:46,180,179,260360.09,179,excess_vs_future_need_365d,1121004.4739117401,619333.08940454,501671.38450720004,6,860644.3839117402,-241311.29450720013
268967,2025-07-07 00:08:05,187,186,244808.06,186,excess_vs_coverage,1137397.07391174,529005.93021696,608391.1436947801,6,892589.0139117399,-363583.0836947799
268967,2025-07-07 00:08:05,187,186,244808.06,186,excess_vs_demand_180d,1137397.07391174,1137397.07391174,0.0,6,892589.0139117399,244808.06000000006
268967,2025-07-07 00:08:05,187,186,244808.06,186,excess_vs_demand_90d,1137397.07391174,1137397.07391174,0.0,6,892589.0139117399,244808.06000000006
268967,2025-07-07 00:08:05,187,186,244808.06,186,excess_vs_max_safety_coverage,1137397.07391174,704718.3106376,432678.76327414,6,892589.0139117399,-187870.7032741399
268967,2025-07-07 00:08:05,187,186,244808.06,186,excess_vs_safety_plus_coverage,1137397.07391174,536185.93021696,601211.1436947801,6,892589.0139117399,-356403.0836947799
268967,2025-07-07 00:08:05,187,186,244808.06,186,excess_vs_target_stock,1137397.07391174,704718.3106376,432678.76327414,6,892589.0139117399,-187870.7032741399
268967,2025-07-07 00:08:05,187,186,244808.06,186,physical_stock_value,1137397.07391174,0.0,1137397.07391174,6,892589.0139117399,-892589.0139117399
268967,2025-07-07 00:08:05,187,186,244808.06,186,excess_vs_future_need_7d,1137397.07391174,0.0,1137397.07391174,6,892589.0139117399,-892589.0139117399
268967,2025-07-07 00:08:05,187,186,244808.06,186,excess_vs_future_need_14d,1137397.07391174,0.0,1137397.07391174,6,892589.0139117399,-892589.0139117399
268967,2025-07-07 00:08:05,187,186,244808.06,186,excess_vs_future_need_21d,1137397.07391174,0.0,1137397.07391174,6,892589.0139117399,-892589.0139117399
268967,2025-07-07 00:08:05,187,186,244808.06,186,excess_vs_future_need_30d,1137397.07391174,0.0,1137397.07391174,6,892589.0139117399,-892589.0139117399
268967,2025-07-07 00:08:05,187,186,244808.06,186,excess_vs_future_need_45d,1137397.07391174,0.0,1137397.07391174,6,892589.0139117399,-892589.0139117399
268967,2025-07-07 00:08:05,187,186,244808.06,186,excess_vs_future_need_60d,1137397.07391174,0.0,1137397.07391174,6,892589.0139117399,-892589.0139117399
268967,2025-07-07 00:08:05,187,186,244808.06,186,excess_vs_future_need_90d,1137397.07391174,0.0,1137397.07391174,6,892589.0139117399,-892589.0139117399
268967,2025-07-07 00:08:05,187,186,244808.06,186,excess_vs_future_need_120d,1137397.07391174,56319.81617261001,1081077.2577391302,6,892589.0139117399,-836269.1977391299
268967,2025-07-07 00:08:05,187,186,244808.06,186,excess_vs_future_need_180d,1137397.07391174,225279.26469044003,912117.8092213,6,892589.0139117399,-667309.7492212999
268967,2025-07-07 00:08:05,187,186,244808.06,186,excess_vs_future_need_270d,1137397.07391174,394238.71320827,743158.36070347,6,892589.0139117399,-498350.3007034699
268967,2025-07-07 00:08:05,187,186,244808.06,186,excess_vs_future_need_365d,1137397.07391174,635725.68940454,501671.38450720004,6,892589.0139117399,-256863.32450719993
268967,2025-07-14 00:08:02,194,193,222549.86,193,excess_vs_coverage,1153744.1459117401,542666.43021696,611077.71569478,6,931194.2859117402,-388527.8556947801
268967,2025-07-14 00:08:02,194,193,222549.86,193,excess_vs_demand_180d,1153744.1459117401,1153744.1459117401,0.0,6,931194.2859117402,222549.86
268967,2025-07-14 00:08:02,194,193,222549.86,193,excess_vs_demand_90d,1153744.1459117401,1153744.1459117401,0.0,6,931194.2859117402,222549.86
268967,2025-07-14 00:08:02,194,193,222549.86,193,excess_vs_max_safety_coverage,1153744.1459117401,718620.2609656,435123.88494614,6,931194.2859117402,-212574.02494614013
268967,2025-07-14 00:08:02,194,193,222549.86,193,excess_vs_safety_plus_coverage,1153744.1459117401,549846.43021696,603897.71569478,6,931194.2859117402,-381347.8556947801
268967,2025-07-14 00:08:02,194,193,222549.86,193,excess_vs_target_stock,1153744.1459117401,718620.2609656,435123.88494614,6,931194.2859117402,-212574.02494614013
268967,2025-07-14 00:08:02,194,193,222549.86,193,physical_stock_value,1153744.1459117401,0.0,1153744.1459117401,6,931194.2859117402,-931194.2859117402
268967,2025-07-14 00:08:02,194,193,222549.86,193,excess_vs_future_need_7d,1153744.1459117401,0.0,1153744.1459117401,6,931194.2859117402,-931194.2859117402
268967,2025-07-14 00:08:02,194,193,222549.86,193,excess_vs_future_need_14d,1153744.1459117401,0.0,1153744.1459117401,6,931194.2859117402,-931194.2859117402
268967,2025-07-14 00:08:02,194,193,222549.86,193,excess_vs_future_need_21d,1153744.1459117401,0.0,1153744.1459117401,6,931194.2859117402,-931194.2859117402
268967,2025-07-14 00:08:02,194,193,222549.86,193,excess_vs_future_need_30d,1153744.1459117401,0.0,1153744.1459117401,6,931194.2859117402,-931194.2859117402
268967,2025-07-14 00:08:02,194,193,222549.86,193,excess_vs_future_need_45d,1153744.1459117401,0.0,1153744.1459117401,6,931194.2859117402,-931194.2859117402
268967,2025-07-14 00:08:02,194,193,222549.86,193,excess_vs_future_need_60d,1153744.1459117401,0.0,1153744.1459117401,6,931194.2859117402,-931194.2859117402
268967,2025-07-14 00:08:02,194,193,222549.86,193,excess_vs_future_need_90d,1153744.1459117401,0.0,1153744.1459117401,6,931194.2859117402,-931194.2859117402
268967,2025-07-14 00:08:02,194,193,222549.86,193,excess_vs_future_need_120d,1153744.1459117401,112639.63234522002,1041104.51356652,6,931194.2859117402,-818554.6535665202
268967,2025-07-14 00:08:02,194,193,222549.86,193,excess_vs_future_need_180d,1153744.1459117401,225279.26469044003,928464.8812213,6,931194.2859117402,-705915.0212213001
268967,2025-07-14 00:08:02,194,193,222549.86,193,excess_vs_future_need_270d,1153744.1459117401,450558.52938088006,703185.61653086,6,931194.2859117402,-480635.7565308601
268967,2025-07-14 00:08:02,194,193,222549.86,193,excess_vs_future_need_365d,1153744.1459117401,649522.5649165399,504221.5809952,6,931194.2859117402,-281671.7209952002
268967,2025-07-21 00:06:34,201,200,238918.79,200,excess_vs_coverage,1167888.24591174,556326.93021696,611561.31569478,6,928969.45591174,-372642.52569477994
268967,2025-07-21 00:06:34,201,200,238918.79,200,excess_vs_demand_180d,1167888.24591174,1167888.24591174,0.0,6,928969.45591174,238918.79000000004
268967,2025-07-21 00:06:34,201,200,238918.79,200,excess_vs_demand_90d,1167888.24591174,1167888.24591174,0.0,6,928969.45591174,238918.79000000004
268967,2025-07-21 00:06:34,201,200,238918.79,200,excess_vs_max_safety_coverage,1167888.24591174,732764.3609656,435123.88494614,6,928969.45591174,-196205.09494613996
268967,2025-07-21 00:06:34,201,200,238918.79,200,excess_vs_safety_plus_coverage,1167888.24591174,563506.93021696,604381.31569478,6,928969.45591174,-365462.52569477994
268967,2025-07-21 00:06:34,201,200,238918.79,200,excess_vs_target_stock,1167888.24591174,732764.3609656,435123.88494614,6,928969.45591174,-196205.09494613996
268967,2025-07-21 00:06:34,201,200,238918.79,200,physical_stock_value,1167888.24591174,0.0,1167888.24591174,6,928969.45591174,-928969.45591174
268967,2025-07-21 00:06:34,201,200,238918.79,200,excess_vs_future_need_7d,1167888.24591174,0.0,1167888.24591174,6,928969.45591174,-928969.45591174
268967,2025-07-21 00:06:34,201,200,238918.79,200,excess_vs_future_need_14d,1167888.24591174,0.0,1167888.24591174,6,928969.45591174,-928969.45591174
268967,2025-07-21 00:06:34,201,200,238918.79,200,excess_vs_future_need_21d,1167888.24591174,0.0,1167888.24591174,6,928969.45591174,-928969.45591174
268967,2025-07-21 00:06:34,201,200,238918.79,200,excess_vs_future_need_30d,1167888.24591174,0.0,1167888.24591174,6,928969.45591174,-928969.45591174
268967,2025-07-21 00:06:34,201,200,238918.79,200,excess_vs_future_need_45d,1167888.24591174,0.0,1167888.24591174,6,928969.45591174,-928969.45591174
268967,2025-07-21 00:06:34,201,200,238918.79,200,excess_vs_future_need_60d,1167888.24591174,0.0,1167888.24591174,6,928969.45591174,-928969.45591174
268967,2025-07-21 00:06:34,201,200,238918.79,200,excess_vs_future_need_90d,1167888.24591174,0.0,1167888.24591174,6,928969.45591174,-928969.45591174
268967,2025-07-21 00:06:34,201,200,238918.79,200,excess_vs_future_need_120d,1167888.24591174,112639.63234522002,1055248.61356652,6,928969.45591174,-816329.8235665199
268967,2025-07-21 00:06:34,201,200,238918.79,200,excess_vs_future_need_180d,1167888.24591174,225279.26469044003,942608.9812213,6,928969.45591174,-703690.1912212999
268967,2025-07-21 00:06:34,201,200,238918.79,200,excess_vs_future_need_270d,1167888.24591174,450558.52938088006,717329.7165308599,6,928969.45591174,-478410.9265308599
268967,2025-07-21 00:06:34,201,200,238918.79,200,excess_vs_future_need_365d,1167888.24591174,663666.6649165399,504221.5809952,6,928969.45591174,-265302.79099520005
268967,2025-07-28 00:07:35,208,207,264882.35,207,excess_vs_coverage,1177934.19591174,563198.16171696,614736.03419478,6,913051.84591174,-349853.68419477995
268967,2025-07-28 00:07:35,208,207,264882.35,207,excess_vs_demand_180d,1177934.19591174,1177934.19591174,0.0,6,913051.84591174,264882.35
268967,2025-07-28 00:07:35,208,207,264882.35,207,excess_vs_demand_90d,1177934.19591174,1177934.19591174,0.0,6,913051.84591174,264882.35
268967,2025-07-28 00:07:35,208,207,264882.35,207,excess_vs_max_safety_coverage,1177934.19591174,742582.2129656001,435351.98294614,6,913051.84591174,-170469.6329461399
268967,2025-07-28 00:07:35,208,207,264882.35,207,excess_vs_safety_plus_coverage,1177934.19591174,573069.28021696,604864.9156947801,6,913051.84591174,-339982.56569478
268967,2025-07-28 00:07:35,208,207,264882.35,207,excess_vs_target_stock,1177934.19591174,742582.2129656001,435351.98294614,6,913051.84591174,-170469.6329461399
268967,2025-07-28 00:07:35,208,207,264882.35,207,physical_stock_value,1177934.19591174,0.0,1177934.19591174,6,913051.84591174,-913051.84591174
268967,2025-07-28 00:07:35,208,207,264882.35,207,excess_vs_future_need_7d,1177934.19591174,0.0,1177934.19591174,6,913051.84591174,-913051.84591174
268967,2025-07-28 00:07:35,208,207,264882.35,207,excess_vs_future_need_14d,1177934.19591174,0.0,1177934.19591174,6,913051.84591174,-913051.84591174
268967,2025-07-28 00:07:35,208,207,264882.35,207,excess_vs_future_need_21d,1177934.19591174,0.0,1177934.19591174,6,913051.84591174,-913051.84591174
268967,2025-07-28 00:07:35,208,207,264882.35,207,excess_vs_future_need_30d,1177934.19591174,0.0,1177934.19591174,6,913051.84591174,-913051.84591174
268967,2025-07-28 00:07:35,208,207,264882.35,207,excess_vs_future_need_45d,1177934.19591174,0.0,1177934.19591174,6,913051.84591174,-913051.84591174
268967,2025-07-28 00:07:35,208,207,264882.35,207,excess_vs_future_need_60d,1177934.19591174,0.0,1177934.19591174,6,913051.84591174,-913051.84591174
268967,2025-07-28 00:07:35,208,207,264882.35,207,excess_vs_future_need_90d,1177934.19591174,0.0,1177934.19591174,6,913051.84591174,-913051.84591174
268967,2025-07-28 00:07:35,208,207,264882.35,207,excess_vs_future_need_120d,1177934.19591174,112639.63234522002,1065294.5635665199,6,913051.84591174,-800412.21356652
268967,2025-07-28 00:07:35,208,207,264882.35,207,excess_vs_future_need_180d,1177934.19591174,225279.26469044003,952654.9312213,6,913051.84591174,-687772.5812213
268967,2025-07-28 00:07:35,208,207,264882.35,207,excess_vs_future_need_270d,1177934.19591174,450558.52938088006,727375.66653086,6,913051.84591174,-462493.3165308599
268967,2025-07-28 00:07:35,208,207,264882.35,207,excess_vs_future_need_365d,1177934.19591174,673360.3929165399,504573.80299520004,6,913051.84591174,-239691.45299520006
268967,2025-08-04 00:06:53,215,214,259584.68,214,excess_vs_coverage,1192960.74591174,563198.16171696,629762.58419478,6,933376.0659117401,-370177.90419478004
268967,2025-08-04 00:06:53,215,214,259584.68,214,excess_vs_demand_180d,1192960.74591174,1192960.74591174,0.0,6,933376.0659117401,259584.67999999993
268967,2025-08-04 00:06:53,215,214,259584.68,214,excess_vs_demand_90d,1192960.74591174,1192960.74591174,0.0,6,933376.0659117401,259584.67999999993
268967,2025-08-04 00:06:53,215,214,259584.68,214,excess_vs_max_safety_coverage,1192960.74591174,757608.7629656001,435351.98294614,6,933376.0659117401,-175767.30294613994
268967,2025-08-04 00:06:53,215,214,259584.68,214,excess_vs_safety_plus_coverage,1192960.74591174,588095.83021696,604864.9156947801,6,933376.0659117401,-345280.23569478
268967,2025-08-04 00:06:53,215,214,259584.68,214,excess_vs_target_stock,1192960.74591174,757608.7629656001,435351.98294614,6,933376.0659117401,-175767.30294613994
268967,2025-08-04 00:06:53,215,214,259584.68,214,physical_stock_value,1192960.74591174,0.0,1192960.74591174,6,933376.0659117401,-933376.0659117401
268967,2025-08-04 00:06:53,215,214,259584.68,214,excess_vs_future_need_7d,1192960.74591174,0.0,1192960.74591174,6,933376.0659117401,-933376.0659117401
268967,2025-08-04 00:06:53,215,214,259584.68,214,excess_vs_future_need_14d,1192960.74591174,0.0,1192960.74591174,6,933376.0659117401,-933376.0659117401
268967,2025-08-04 00:06:53,215,214,259584.68,214,excess_vs_future_need_21d,1192960.74591174,0.0,1192960.74591174,6,933376.0659117401,-933376.0659117401
268967,2025-08-04 00:06:53,215,214,259584.68,214,excess_vs_future_need_30d,1192960.74591174,0.0,1192960.74591174,6,933376.0659117401,-933376.0659117401
268967,2025-08-04 00:06:53,215,214,259584.68,214,excess_vs_future_need_45d,1192960.74591174,0.0,1192960.74591174,6,933376.0659117401,-933376.0659117401
268967,2025-08-04 00:06:53,215,214,259584.68,214,excess_vs_future_need_60d,1192960.74591174,0.0,1192960.74591174,6,933376.0659117401,-933376.0659117401
268967,2025-08-04 00:06:53,215,214,259584.68,214,excess_vs_future_need_90d,1192960.74591174,56319.81617261001,1136640.9297391302,6,933376.0659117401,-877056.24973913
268967,2025-08-04 00:06:53,215,214,259584.68,214,excess_vs_future_need_120d,1192960.74591174,112639.63234522002,1080321.11356652,6,933376.0659117401,-820736.43356652
268967,2025-08-04 00:06:53,215,214,259584.68,214,excess_vs_future_need_180d,1192960.74591174,281599.08086305007,911361.66504869,6,933376.0659117401,-651776.98504869
268967,2025-08-04 00:06:53,215,214,259584.68,214,excess_vs_future_need_270d,1192960.74591174,450558.52938088006,742402.2165308599,6,933376.0659117401,-482817.53653086
268967,2025-08-04 00:06:53,215,214,259584.68,214,excess_vs_future_need_365d,1192960.74591174,688386.94291654,504573.80299520004,6,933376.0659117401,-244989.1229952001
268967,2025-08-11 00:06:43,222,221,307672.96,221,excess_vs_coverage,1203889.1459117401,563198.16171696,640690.98419478,6,896216.1859117402,-333018.02419478016
268967,2025-08-11 00:06:43,222,221,307672.96,221,excess_vs_demand_180d,1203889.1459117401,1203889.1459117401,0.0,6,896216.1859117402,307672.95999999996
268967,2025-08-11 00:06:43,222,221,307672.96,221,excess_vs_demand_90d,1203889.1459117401,1203889.1459117401,0.0,6,896216.1859117402,307672.95999999996
268967,2025-08-11 00:06:43,222,221,307672.96,221,excess_vs_max_safety_coverage,1203889.1459117401,768537.1629656,435351.98294614,6,896216.1859117402,-127679.02294614015
268967,2025-08-11 00:06:43,222,221,307672.96,221,excess_vs_safety_plus_coverage,1203889.1459117401,599024.23021696,604864.9156947801,6,896216.1859117402,-297191.9556947802
268967,2025-08-11 00:06:43,222,221,307672.96,221,excess_vs_target_stock,1203889.1459117401,768537.1629656,435351.98294614,6,896216.1859117402,-127679.02294614015
268967,2025-08-11 00:06:43,222,221,307672.96,221,physical_stock_value,1203889.1459117401,0.0,1203889.1459117401,6,896216.1859117402,-896216.1859117402
268967,2025-08-11 00:06:43,222,221,307672.96,221,excess_vs_future_need_7d,1203889.1459117401,0.0,1203889.1459117401,6,896216.1859117402,-896216.1859117402
268967,2025-08-11 00:06:43,222,221,307672.96,221,excess_vs_future_need_14d,1203889.1459117401,0.0,1203889.1459117401,6,896216.1859117402,-896216.1859117402
268967,2025-08-11 00:06:43,222,221,307672.96,221,excess_vs_future_need_21d,1203889.1459117401,0.0,1203889.1459117401,6,896216.1859117402,-896216.1859117402
268967,2025-08-11 00:06:43,222,221,307672.96,221,excess_vs_future_need_30d,1203889.1459117401,0.0,1203889.1459117401,6,896216.1859117402,-896216.1859117402
268967,2025-08-11 00:06:43,222,221,307672.96,221,excess_vs_future_need_45d,1203889.1459117401,0.0,1203889.1459117401,6,896216.1859117402,-896216.1859117402
268967,2025-08-11 00:06:43,222,221,307672.96,221,excess_vs_future_need_60d,1203889.1459117401,0.0,1203889.1459117401,6,896216.1859117402,-896216.1859117402
268967,2025-08-11 00:06:43,222,221,307672.96,221,excess_vs_future_need_90d,1203889.1459117401,112639.63234522002,1091249.51356652,6,896216.1859117402,-783576.5535665201
268967,2025-08-11 00:06:43,222,221,307672.96,221,excess_vs_future_need_120d,1203889.1459117401,112639.63234522002,1091249.51356652,6,896216.1859117402,-783576.5535665201
268967,2025-08-11 00:06:43,222,221,307672.96,221,excess_vs_future_need_180d,1203889.1459117401,281599.08086305007,922290.06504869,6,896216.1859117402,-614617.1050486901
268967,2025-08-11 00:06:43,222,221,307672.96,221,excess_vs_future_need_270d,1203889.1459117401,450558.52938088006,753330.61653086,6,896216.1859117402,-445657.6565308601
268967,2025-08-11 00:06:43,222,221,307672.96,221,excess_vs_future_need_365d,1203889.1459117401,699315.34291654,504573.80299520004,6,896216.1859117402,-196900.8429952002
268967,2025-08-18 00:06:33,229,228,307672.96,228,excess_vs_coverage,1218915.69591174,563198.16171696,655717.53419478,6,911242.73591174,-348044.57419477997
268967,2025-08-18 00:06:33,229,228,307672.96,228,excess_vs_demand_180d,1218915.69591174,1218915.69591174,0.0,6,911242.73591174,307672.95999999996
268967,2025-08-18 00:06:33,229,228,307672.96,228,excess_vs_demand_90d,1218915.69591174,1218915.69591174,0.0,6,911242.73591174,307672.95999999996
268967,2025-08-18 00:06:33,229,228,307672.96,228,excess_vs_max_safety_coverage,1218915.69591174,783563.7129656001,435351.98294614,6,911242.73591174,-127679.02294613991
268967,2025-08-18 00:06:33,229,228,307672.96,228,excess_vs_safety_plus_coverage,1218915.69591174,600431.26171696,618484.4341947801,6,911242.73591174,-310811.47419478
268967,2025-08-18 00:06:33,229,228,307672.96,228,excess_vs_target_stock,1218915.69591174,783563.7129656001,435351.98294614,6,911242.73591174,-127679.02294613991
268967,2025-08-18 00:06:33,229,228,307672.96,228,physical_stock_value,1218915.69591174,0.0,1218915.69591174,6,911242.73591174,-911242.73591174
268967,2025-08-18 00:06:33,229,228,307672.96,228,excess_vs_future_need_7d,1218915.69591174,0.0,1218915.69591174,6,911242.73591174,-911242.73591174
268967,2025-08-18 00:06:33,229,228,307672.96,228,excess_vs_future_need_14d,1218915.69591174,0.0,1218915.69591174,6,911242.73591174,-911242.73591174
268967,2025-08-18 00:06:33,229,228,307672.96,228,excess_vs_future_need_21d,1218915.69591174,0.0,1218915.69591174,6,911242.73591174,-911242.73591174
268967,2025-08-18 00:06:33,229,228,307672.96,228,excess_vs_future_need_30d,1218915.69591174,0.0,1218915.69591174,6,911242.73591174,-911242.73591174
268967,2025-08-18 00:06:33,229,228,307672.96,228,excess_vs_future_need_45d,1218915.69591174,0.0,1218915.69591174,6,911242.73591174,-911242.73591174
268967,2025-08-18 00:06:33,229,228,307672.96,228,excess_vs_future_need_60d,1218915.69591174,0.0,1218915.69591174,6,911242.73591174,-911242.73591174
268967,2025-08-18 00:06:33,229,228,307672.96,228,excess_vs_future_need_90d,1218915.69591174,112639.63234522002,1106276.0635665199,6,911242.73591174,-798603.1035665199
268967,2025-08-18 00:06:33,229,228,307672.96,228,excess_vs_future_need_120d,1218915.69591174,168959.44851783002,1049956.24739391,6,911242.73591174,-742283.28739391
268967,2025-08-18 00:06:33,229,228,307672.96,228,excess_vs_future_need_180d,1218915.69591174,337918.89703566005,880996.79887608,6,911242.73591174,-573323.83887608
268967,2025-08-18 00:06:33,229,228,307672.96,228,excess_vs_future_need_270d,1218915.69591174,450558.52938088006,768357.16653086,6,911242.73591174,-460684.2065308599
268967,2025-08-18 00:06:33,229,228,307672.96,228,excess_vs_future_need_365d,1218915.69591174,714341.8929165399,504573.80299520004,6,911242.73591174,-196900.84299520007
268967,2025-08-25 00:08:15,236,235,311416.01,235,excess_vs_coverage,1229844.09591174,563198.16171696,666645.9341947801,6,918428.0859117401,-355229.92419478006
268967,2025-08-25 00:08:15,236,235,311416.01,235,excess_vs_demand_180d,1229844.09591174,1229844.09591174,0.0,6,918428.0859117401,311416.01
268967,2025-08-25 00:08:15,236,235,311416.01,235,excess_vs_demand_90d,1229844.09591174,1229844.09591174,0.0,6,918428.0859117401,311416.01
268967,2025-08-25 00:08:15,236,235,311416.01,235,excess_vs_max_safety_coverage,1229844.09591174,794492.1129656001,435351.98294614,6,918428.0859117401,-123935.97294613998
268967,2025-08-25 00:08:15,236,235,311416.01,235,excess_vs_safety_plus_coverage,1229844.09591174,600431.26171696,629412.83419478,6,918428.0859117401,-317996.8241947801
268967,2025-08-25 00:08:15,236,235,311416.01,235,excess_vs_target_stock,1229844.09591174,794492.1129656001,435351.98294614,6,918428.0859117401,-123935.97294613998
268967,2025-08-25 00:08:15,236,235,311416.01,235,physical_stock_value,1229844.09591174,0.0,1229844.09591174,6,918428.0859117401,-918428.0859117401
268967,2025-08-25 00:08:15,236,235,311416.01,235,excess_vs_future_need_7d,1229844.09591174,0.0,1229844.09591174,6,918428.0859117401,-918428.0859117401
268967,2025-08-25 00:08:15,236,235,311416.01,235,excess_vs_future_need_14d,1229844.09591174,0.0,1229844.09591174,6,918428.0859117401,-918428.0859117401
268967,2025-08-25 00:08:15,236,235,311416.01,235,excess_vs_future_need_21d,1229844.09591174,0.0,1229844.09591174,6,918428.0859117401,-918428.0859117401
268967,2025-08-25 00:08:15,236,235,311416.01,235,excess_vs_future_need_30d,1229844.09591174,0.0,1229844.09591174,6,918428.0859117401,-918428.0859117401
268967,2025-08-25 00:08:15,236,235,311416.01,235,excess_vs_future_need_45d,1229844.09591174,0.0,1229844.09591174,6,918428.0859117401,-918428.0859117401
268967,2025-08-25 00:08:15,236,235,311416.01,235,excess_vs_future_need_60d,1229844.09591174,0.0,1229844.09591174,6,918428.0859117401,-918428.0859117401
268967,2025-08-25 00:08:15,236,235,311416.01,235,excess_vs_future_need_90d,1229844.09591174,112639.63234522002,1117204.46356652,6,918428.0859117401,-805788.45356652
268967,2025-08-25 00:08:15,236,235,311416.01,235,excess_vs_future_need_120d,1229844.09591174,225279.26469044003,1004564.8312213,6,918428.0859117401,-693148.8212213
268967,2025-08-25 00:08:15,236,235,311416.01,235,excess_vs_future_need_180d,1229844.09591174,337918.89703566005,891925.19887608,6,918428.0859117401,-580509.1888760801
268967,2025-08-25 00:08:15,236,235,311416.01,235,excess_vs_future_need_270d,1229844.09591174,450558.52938088006,779285.56653086,6,918428.0859117401,-467869.55653086
268967,2025-08-25 00:08:15,236,235,311416.01,235,excess_vs_future_need_365d,1229844.09591174,725270.2929165399,504573.80299520004,6,918428.0859117401,-193157.79299520014
268967,2025-09-01 00:08:34,243,242,304896.32,242,excess_vs_coverage,1243504.59591174,563198.16171696,680306.4341947801,6,938608.27591174,-375410.11419478
268967,2025-09-01 00:08:34,243,242,304896.32,242,excess_vs_demand_180d,1243504.59591174,1243504.59591174,0.0,6,938608.27591174,304896.32000000007
268967,2025-09-01 00:08:34,243,242,304896.32,242,excess_vs_demand_90d,1243504.59591174,1243504.59591174,0.0,6,938608.27591174,304896.32000000007
268967,2025-09-01 00:08:34,243,242,304896.32,242,excess_vs_max_safety_coverage,1243504.59591174,808152.6129656001,435351.98294614,6,938608.27591174,-130455.66294613993
268967,2025-09-01 00:08:34,243,242,304896.32,242,excess_vs_safety_plus_coverage,1243504.59591174,600431.26171696,643073.33419478,6,938608.27591174,-338177.01419478003
268967,2025-09-01 00:08:34,243,242,304896.32,242,excess_vs_target_stock,1243504.59591174,808152.6129656001,435351.98294614,6,938608.27591174,-130455.66294613993
268967,2025-09-01 00:08:34,243,242,304896.32,242,physical_stock_value,1243504.59591174,0.0,1243504.59591174,6,938608.27591174,-938608.27591174
268967,2025-09-01 00:08:34,243,242,304896.32,242,excess_vs_future_need_7d,1243504.59591174,0.0,1243504.59591174,6,938608.27591174,-938608.27591174
268967,2025-09-01 00:08:34,243,242,304896.32,242,excess_vs_future_need_14d,1243504.59591174,0.0,1243504.59591174,6,938608.27591174,-938608.27591174
268967,2025-09-01 00:08:34,243,242,304896.32,242,excess_vs_future_need_21d,1243504.59591174,0.0,1243504.59591174,6,938608.27591174,-938608.27591174
268967,2025-09-01 00:08:34,243,242,304896.32,242,excess_vs_future_need_30d,1243504.59591174,0.0,1243504.59591174,6,938608.27591174,-938608.27591174
268967,2025-09-01 00:08:34,243,242,304896.32,242,excess_vs_future_need_45d,1243504.59591174,0.0,1243504.59591174,6,938608.27591174,-938608.27591174
268967,2025-09-01 00:08:34,243,242,304896.32,242,excess_vs_future_need_60d,1243504.59591174,56319.81617261001,1187184.77973913,6,938608.27591174,-882288.45973913
268967,2025-09-01 00:08:34,243,242,304896.32,242,excess_vs_future_need_90d,1243504.59591174,112639.63234522002,1130864.96356652,6,938608.27591174,-825968.64356652
268967,2025-09-01 00:08:34,243,242,304896.32,242,excess_vs_future_need_120d,1243504.59591174,225279.26469044003,1018225.3312213,6,938608.27591174,-713329.0112213
268967,2025-09-01 00:08:34,243,242,304896.32,242,excess_vs_future_need_180d,1243504.59591174,337918.89703566005,905585.69887608,6,938608.27591174,-600689.37887608
268967,2025-09-01 00:08:34,243,242,304896.32,242,excess_vs_future_need_270d,1243504.59591174,450558.52938088006,792946.06653086,6,938608.27591174,-488049.74653085996
268967,2025-09-01 00:08:34,243,242,304896.32,242,excess_vs_future_need_365d,1243504.59591174,738930.7929165399,504573.80299520004,6,938608.27591174,-199677.4829952001
268967,2025-09-08 00:08:41,250,249,302209.28,249,excess_vs_coverage,1248968.79591174,563198.16171696,685770.63419478,6,946759.51591174,-383561.35419478
268967,2025-09-08 00:08:41,250,249,302209.28,249,excess_vs_demand_180d,1248968.79591174,1248968.79591174,0.0,6,946759.51591174,302209.28
268967,2025-09-08 00:08:41,250,249,302209.28,249,excess_vs_demand_90d,1248968.79591174,1248968.79591174,0.0,6,946759.51591174,302209.28
268967,2025-09-08 00:08:41,250,249,302209.28,249,excess_vs_max_safety_coverage,1248968.79591174,813616.8129656,435351.98294614,6,946759.51591174,-133142.70294613997
268967,2025-09-08 00:08:41,250,249,302209.28,249,excess_vs_safety_plus_coverage,1248968.79591174,600431.26171696,648537.53419478,6,946759.51591174,-346328.25419478
268967,2025-09-08 00:08:41,250,249,302209.28,249,excess_vs_target_stock,1248968.79591174,813616.8129656,435351.98294614,6,946759.51591174,-133142.70294613997
268967,2025-09-08 00:08:41,250,249,302209.28,249,physical_stock_value,1248968.79591174,0.0,1248968.79591174,6,946759.51591174,-946759.51591174
268967,2025-09-08 00:08:41,250,249,302209.28,249,excess_vs_future_need_7d,1248968.79591174,0.0,1248968.79591174,6,946759.51591174,-946759.51591174
268967,2025-09-08 00:08:41,250,249,302209.28,249,excess_vs_future_need_14d,1248968.79591174,0.0,1248968.79591174,6,946759.51591174,-946759.51591174
268967,2025-09-08 00:08:41,250,249,302209.28,249,excess_vs_future_need_21d,1248968.79591174,0.0,1248968.79591174,6,946759.51591174,-946759.51591174
268967,2025-09-08 00:08:41,250,249,302209.28,249,excess_vs_future_need_30d,1248968.79591174,0.0,1248968.79591174,6,946759.51591174,-946759.51591174
268967,2025-09-08 00:08:41,250,249,302209.28,249,excess_vs_future_need_45d,1248968.79591174,0.0,1248968.79591174,6,946759.51591174,-946759.51591174
268967,2025-09-08 00:08:41,250,249,302209.28,249,excess_vs_future_need_60d,1248968.79591174,112639.63234522002,1136329.16356652,6,946759.51591174,-834119.88356652
268967,2025-09-08 00:08:41,250,249,302209.28,249,excess_vs_future_need_90d,1248968.79591174,112639.63234522002,1136329.16356652,6,946759.51591174,-834119.88356652
268967,2025-09-08 00:08:41,250,249,302209.28,249,excess_vs_future_need_120d,1248968.79591174,225279.26469044003,1023689.5312213,6,946759.51591174,-721480.2512213
268967,2025-09-08 00:08:41,250,249,302209.28,249,excess_vs_future_need_180d,1248968.79591174,337918.89703566005,911049.8988760799,6,946759.51591174,-608840.61887608
268967,2025-09-08 00:08:41,250,249,302209.28,249,excess_vs_future_need_270d,1248968.79591174,450558.52938088006,798410.26653086,6,946759.51591174,-496200.98653085995
268967,2025-09-08 00:08:41,250,249,302209.28,249,excess_vs_future_need_365d,1248968.79591174,744394.99291654,504573.80299520004,6,946759.51591174,-202364.5229952
268967,2025-09-15 00:09:32,257,256,283236.31,256,excess_vs_coverage,1258531.1459117401,563198.16171696,695332.98419478,6,975294.8359117401,-412096.67419478006
268967,2025-09-15 00:09:32,257,256,283236.31,256,excess_vs_demand_180d,1258531.1459117401,1258531.1459117401,0.0,6,975294.8359117401,283236.31000000006
268967,2025-09-15 00:09:32,257,256,283236.31,256,excess_vs_demand_90d,1258531.1459117401,1258531.1459117401,0.0,6,975294.8359117401,283236.31000000006
268967,2025-09-15 00:09:32,257,256,283236.31,256,excess_vs_max_safety_coverage,1258531.1459117401,823179.1629656,435351.98294614,6,975294.8359117401,-152115.67294614005
268967,2025-09-15 00:09:32,257,256,283236.31,256,excess_vs_safety_plus_coverage,1258531.1459117401,600431.26171696,658099.88419478,6,975294.8359117401,-374863.5741947801
268967,2025-09-15 00:09:32,257,256,283236.31,256,excess_vs_target_stock,1258531.1459117401,823179.1629656,435351.98294614,6,975294.8359117401,-152115.67294614005
268967,2025-09-15 00:09:32,257,256,283236.31,256,physical_stock_value,1258531.1459117401,0.0,1258531.1459117401,6,975294.8359117401,-975294.8359117401
268967,2025-09-15 00:09:32,257,256,283236.31,256,excess_vs_future_need_7d,1258531.1459117401,0.0,1258531.1459117401,6,975294.8359117401,-975294.8359117401
268967,2025-09-15 00:09:32,257,256,283236.31,256,excess_vs_future_need_14d,1258531.1459117401,0.0,1258531.1459117401,6,975294.8359117401,-975294.8359117401
268967,2025-09-15 00:09:32,257,256,283236.31,256,excess_vs_future_need_21d,1258531.1459117401,0.0,1258531.1459117401,6,975294.8359117401,-975294.8359117401
268967,2025-09-15 00:09:32,257,256,283236.31,256,excess_vs_future_need_30d,1258531.1459117401,0.0,1258531.1459117401,6,975294.8359117401,-975294.8359117401
268967,2025-09-15 00:09:32,257,256,283236.31,256,excess_vs_future_need_45d,1258531.1459117401,56319.81617261001,1202211.32973913,6,975294.8359117401,-918975.01973913
268967,2025-09-15 00:09:32,257,256,283236.31,256,excess_vs_future_need_60d,1258531.1459117401,112639.63234522002,1145891.51356652,6,975294.8359117401,-862655.20356652
268967,2025-09-15 00:09:32,257,256,283236.31,256,excess_vs_future_need_90d,1258531.1459117401,168959.44851783002,1089571.69739391,6,975294.8359117401,-806335.3873939101
268967,2025-09-15 00:09:32,257,256,283236.31,256,excess_vs_future_need_120d,1258531.1459117401,225279.26469044003,1033251.8812213,6,975294.8359117401,-750015.5712213
268967,2025-09-15 00:09:32,257,256,283236.31,256,excess_vs_future_need_180d,1258531.1459117401,394238.71320827,864292.43270347,6,975294.8359117401,-581056.12270347
268967,2025-09-15 00:09:32,257,256,283236.31,256,excess_vs_future_need_270d,1258531.1459117401,506878.34555349004,751652.8003582499,6,975294.8359117401,-468416.49035825004
268967,2025-09-15 00:09:32,257,256,283236.31,256,excess_vs_future_need_365d,1258531.1459117401,753957.34291654,504573.80299520004,6,975294.8359117401,-221337.4929952001
268967,2025-09-22 00:06:49,264,263,251514.18,263,excess_vs_coverage,1263995.34591174,563198.16171696,700797.1841947801,6,1012481.1659117402,-449283.00419478014
268967,2025-09-22 00:06:49,264,263,251514.18,263,excess_vs_demand_180d,1263995.34591174,1263995.34591174,0.0,6,1012481.1659117402,251514.17999999993
268967,2025-09-22 00:06:49,264,263,251514.18,263,excess_vs_demand_90d,1263995.34591174,1263995.34591174,0.0,6,1012481.1659117402,251514.17999999993
268967,2025-09-22 00:06:49,264,263,251514.18,263,excess_vs_max_safety_coverage,1263995.34591174,828643.3629656001,435351.98294614,6,1012481.1659117402,-183837.80294614006
268967,2025-09-22 00:06:49,264,263,251514.18,263,excess_vs_safety_plus_coverage,1263995.34591174,600431.26171696,663564.08419478,6,1012481.1659117402,-412049.90419478016
268967,2025-09-22 00:06:49,264,263,251514.18,263,excess_vs_target_stock,1263995.34591174,828643.3629656001,435351.98294614,6,1012481.1659117402,-183837.80294614006
268967,2025-09-22 00:06:49,264,263,251514.18,263,physical_stock_value,1263995.34591174,0.0,1263995.34591174,6,1012481.1659117402,-1012481.1659117402
268967,2025-09-22 00:06:49,264,263,251514.18,263,excess_vs_future_need_7d,1263995.34591174,0.0,1263995.34591174,6,1012481.1659117402,-1012481.1659117402
268967,2025-09-22 00:06:49,264,263,251514.18,263,excess_vs_future_need_14d,1263995.34591174,0.0,1263995.34591174,6,1012481.1659117402,-1012481.1659117402
268967,2025-09-22 00:06:49,264,263,251514.18,263,excess_vs_future_need_21d,1263995.34591174,0.0,1263995.34591174,6,1012481.1659117402,-1012481.1659117402
268967,2025-09-22 00:06:49,264,263,251514.18,263,excess_vs_future_need_30d,1263995.34591174,0.0,1263995.34591174,6,1012481.1659117402,-1012481.1659117402
268967,2025-09-22 00:06:49,264,263,251514.18,263,excess_vs_future_need_45d,1263995.34591174,56319.81617261001,1207675.52973913,6,1012481.1659117402,-956161.3497391301
268967,2025-09-22 00:06:49,264,263,251514.18,263,excess_vs_future_need_60d,1263995.34591174,112639.63234522002,1151355.71356652,6,1012481.1659117402,-899841.5335665201
268967,2025-09-22 00:06:49,264,263,251514.18,263,excess_vs_future_need_90d,1263995.34591174,225279.26469044003,1038716.0812213,6,1012481.1659117402,-787201.9012213001
268967,2025-09-22 00:06:49,264,263,251514.18,263,excess_vs_future_need_120d,1263995.34591174,225279.26469044003,1038716.0812213,6,1012481.1659117402,-787201.9012213001
268967,2025-09-22 00:06:49,264,263,251514.18,263,excess_vs_future_need_180d,1263995.34591174,394238.71320827,869756.63270347,6,1012481.1659117402,-618242.4527034701
268967,2025-09-22 00:06:49,264,263,251514.18,263,excess_vs_future_need_270d,1263995.34591174,732157.61024393,531837.7356678101,6,1012481.1659117402,-280323.55566781014
268967,2025-09-22 00:06:49,264,263,251514.18,263,excess_vs_future_need_365d,1263995.34591174,759421.5429165399,504573.80299520004,6,1012481.1659117402,-253059.62299520022
268967,2025-09-29 00:06:39,271,270,225804.87,270,excess_vs_coverage,1268093.49591174,563198.16171696,704895.33419478,6,1042288.62591174,-479090.46419478
268967,2025-09-29 00:06:39,271,270,225804.87,270,excess_vs_demand_180d,1268093.49591174,1268093.49591174,0.0,6,1042288.62591174,225804.87
268967,2025-09-29 00:06:39,271,270,225804.87,270,excess_vs_demand_90d,1268093.49591174,1268093.49591174,0.0,6,1042288.62591174,225804.87
268967,2025-09-29 00:06:39,271,270,225804.87,270,excess_vs_max_safety_coverage,1268093.49591174,832741.5129656,435351.98294614,6,1042288.62591174,-209547.11294614
268967,2025-09-29 00:06:39,271,270,225804.87,270,excess_vs_safety_plus_coverage,1268093.49591174,600431.26171696,667662.23419478,6,1042288.62591174,-441857.36419478
268967,2025-09-29 00:06:39,271,270,225804.87,270,excess_vs_target_stock,1268093.49591174,832741.5129656,435351.98294614,6,1042288.62591174,-209547.11294614
268967,2025-09-29 00:06:39,271,270,225804.87,270,physical_stock_value,1268093.49591174,0.0,1268093.49591174,6,1042288.62591174,-1042288.62591174
268967,2025-09-29 00:06:39,271,270,225804.87,270,excess_vs_future_need_7d,1268093.49591174,0.0,1268093.49591174,6,1042288.62591174,-1042288.62591174
268967,2025-09-29 00:06:39,271,270,225804.87,270,excess_vs_future_need_14d,1268093.49591174,0.0,1268093.49591174,6,1042288.62591174,-1042288.62591174
268967,2025-09-29 00:06:39,271,270,225804.87,270,excess_vs_future_need_21d,1268093.49591174,0.0,1268093.49591174,6,1042288.62591174,-1042288.62591174
268967,2025-09-29 00:06:39,271,270,225804.87,270,excess_vs_future_need_30d,1268093.49591174,0.0,1268093.49591174,6,1042288.62591174,-1042288.62591174
268967,2025-09-29 00:06:39,271,270,225804.87,270,excess_vs_future_need_45d,1268093.49591174,112639.63234522002,1155453.86356652,6,1042288.62591174,-929648.99356652
268967,2025-09-29 00:06:39,271,270,225804.87,270,excess_vs_future_need_60d,1268093.49591174,112639.63234522002,1155453.86356652,6,1042288.62591174,-929648.99356652
268967,2025-09-29 00:06:39,271,270,225804.87,270,excess_vs_future_need_90d,1268093.49591174,225279.26469044003,1042814.2312213,6,1042288.62591174,-817009.3612213
268967,2025-09-29 00:06:39,271,270,225804.87,270,excess_vs_future_need_120d,1268093.49591174,225279.26469044003,1042814.2312213,6,1042288.62591174,-817009.3612213
268967,2025-09-29 00:06:39,271,270,225804.87,270,excess_vs_future_need_180d,1268093.49591174,394238.71320827,873854.78270347,6,1042288.62591174,-648049.91270347
268967,2025-09-29 00:06:39,271,270,225804.87,270,excess_vs_future_need_270d,1268093.49591174,763519.69291654,504573.80299520004,6,1042288.62591174,-278768.93299520004
268967,2025-09-29 00:06:39,271,270,225804.87,270,excess_vs_future_need_365d,1268093.49591174,763519.69291654,504573.80299520004,6,1042288.62591174,-278768.93299520004
268967,2025-10-06 00:07:10,278,277,263501.2,277,excess_vs_coverage,1272191.6459117401,563198.16171696,708993.48419478,6,1008690.4459117402,-445492.28419478016
268967,2025-10-06 00:07:10,278,277,263501.2,277,excess_vs_demand_180d,1272191.6459117401,1272191.6459117401,0.0,6,1008690.4459117402,263501.19999999995
268967,2025-10-06 00:07:10,278,277,263501.2,277,excess_vs_demand_90d,1272191.6459117401,1272191.6459117401,0.0,6,1008690.4459117402,263501.19999999995
268967,2025-10-06 00:07:10,278,277,263501.2,277,excess_vs_max_safety_coverage,1272191.6459117401,836839.6629656,435351.98294614,6,1008690.4459117402,-171850.78294614016
268967,2025-10-06 00:07:10,278,277,263501.2,277,excess_vs_safety_plus_coverage,1272191.6459117401,600431.26171696,671760.38419478,6,1008690.4459117402,-408259.1841947802
268967,2025-10-06 00:07:10,278,277,263501.2,277,excess_vs_target_stock,1272191.6459117401,836839.6629656,435351.98294614,6,1008690.4459117402,-171850.78294614016
268967,2025-10-06 00:07:10,278,277,263501.2,277,physical_stock_value,1272191.6459117401,0.0,1272191.6459117401,6,1008690.4459117402,-1008690.4459117402
268967,2025-10-06 00:07:10,278,277,263501.2,277,excess_vs_future_need_7d,1272191.6459117401,0.0,1272191.6459117401,6,1008690.4459117402,-1008690.4459117402
268967,2025-10-06 00:07:10,278,277,263501.2,277,excess_vs_future_need_14d,1272191.6459117401,0.0,1272191.6459117401,6,1008690.4459117402,-1008690.4459117402
268967,2025-10-06 00:07:10,278,277,263501.2,277,excess_vs_future_need_21d,1272191.6459117401,0.0,1272191.6459117401,6,1008690.4459117402,-1008690.4459117402
268967,2025-10-06 00:07:10,278,277,263501.2,277,excess_vs_future_need_30d,1272191.6459117401,56319.81617261001,1215871.82973913,6,1008690.4459117402,-952370.6297391301
268967,2025-10-06 00:07:10,278,277,263501.2,277,excess_vs_future_need_45d,1272191.6459117401,112639.63234522002,1159552.01356652,6,1008690.4459117402,-896050.8135665201
268967,2025-10-06 00:07:10,278,277,263501.2,277,excess_vs_future_need_60d,1272191.6459117401,112639.63234522002,1159552.01356652,6,1008690.4459117402,-896050.8135665201
268967,2025-10-06 00:07:10,278,277,263501.2,277,excess_vs_future_need_90d,1272191.6459117401,225279.26469044003,1046912.3812213,6,1008690.4459117402,-783411.1812213002
268967,2025-10-06 00:07:10,278,277,263501.2,277,excess_vs_future_need_120d,1272191.6459117401,281599.08086305007,990592.56504869,6,1008690.4459117402,-727091.3650486901
268967,2025-10-06 00:07:10,278,277,263501.2,277,excess_vs_future_need_180d,1272191.6459117401,450558.52938088006,821633.11653086,6,1008690.4459117402,-558131.9165308601
268967,2025-10-06 00:07:10,278,277,263501.2,277,excess_vs_future_need_270d,1272191.6459117401,767617.84291654,504573.80299520004,6,1008690.4459117402,-241072.6029952002
268967,2025-10-06 00:07:10,278,277,263501.2,277,excess_vs_future_need_365d,1272191.6459117401,767617.84291654,504573.80299520004,6,1008690.4459117402,-241072.6029952002
268967,2025-10-13 00:06:49,285,284,242881.18,284,excess_vs_coverage,1276289.79591174,563198.16171696,713091.63419478,6,1033408.6159117401,-470210.4541947801
268967,2025-10-13 00:06:49,285,284,242881.18,284,excess_vs_demand_180d,1276289.79591174,1276289.79591174,0.0,6,1033408.6159117401,242881.17999999993
268967,2025-10-13 00:06:49,285,284,242881.18,284,excess_vs_demand_90d,1276289.79591174,1276289.79591174,0.0,6,1033408.6159117401,242881.17999999993
268967,2025-10-13 00:06:49,285,284,242881.18,284,excess_vs_max_safety_coverage,1276289.79591174,840937.8129656,435351.98294614,6,1033408.6159117401,-192470.80294614006
268967,2025-10-13 00:06:49,285,284,242881.18,284,excess_vs_safety_plus_coverage,1276289.79591174,600431.26171696,675858.53419478,6,1033408.6159117401,-432977.3541947801
268967,2025-10-13 00:06:49,285,284,242881.18,284,excess_vs_target_stock,1276289.79591174,840937.8129656,435351.98294614,6,1033408.6159117401,-192470.80294614006
268967,2025-10-13 00:06:49,285,284,242881.18,284,physical_stock_value,1276289.79591174,0.0,1276289.79591174,6,1033408.6159117401,-1033408.6159117401
268967,2025-10-13 00:06:49,285,284,242881.18,284,excess_vs_future_need_7d,1276289.79591174,0.0,1276289.79591174,6,1033408.6159117401,-1033408.6159117401
268967,2025-10-13 00:06:49,285,284,242881.18,284,excess_vs_future_need_14d,1276289.79591174,0.0,1276289.79591174,6,1033408.6159117401,-1033408.6159117401
268967,2025-10-13 00:06:49,285,284,242881.18,284,excess_vs_future_need_21d,1276289.79591174,56319.81617261001,1219969.97973913,6,1033408.6159117401,-977088.7997391301
268967,2025-10-13 00:06:49,285,284,242881.18,284,excess_vs_future_need_30d,1276289.79591174,112639.63234522002,1163650.16356652,6,1033408.6159117401,-920768.98356652
268967,2025-10-13 00:06:49,285,284,242881.18,284,excess_vs_future_need_45d,1276289.79591174,112639.63234522002,1163650.16356652,6,1033408.6159117401,-920768.98356652
268967,2025-10-13 00:06:49,285,284,242881.18,284,excess_vs_future_need_60d,1276289.79591174,168959.44851783002,1107330.34739391,6,1033408.6159117401,-864449.1673939101
268967,2025-10-13 00:06:49,285,284,242881.18,284,excess_vs_future_need_90d,1276289.79591174,225279.26469044003,1051010.5312213,6,1033408.6159117401,-808129.3512213001
268967,2025-10-13 00:06:49,285,284,242881.18,284,excess_vs_future_need_120d,1276289.79591174,281599.08086305007,994690.71504869,6,1033408.6159117401,-751809.53504869
268967,2025-10-13 00:06:49,285,284,242881.18,284,excess_vs_future_need_180d,1276289.79591174,450558.52938088006,825731.26653086,6,1033408.6159117401,-582850.08653086
268967,2025-10-13 00:06:49,285,284,242881.18,284,excess_vs_future_need_270d,1276289.79591174,771715.99291654,504573.80299520004,6,1033408.6159117401,-261692.6229952001
268967,2025-10-13 00:06:49,285,284,242881.18,284,excess_vs_future_need_365d,1276289.79591174,771715.99291654,504573.80299520004,6,1033408.6159117401,-261692.6229952001
268967,2025-10-20 00:07:14,292,291,263748.53,291,excess_vs_coverage,1281753.99591174,563198.16171696,718555.83419478,6,1018005.46591174,-454807.30419477995
268967,2025-10-20 00:07:14,292,291,263748.53,291,excess_vs_demand_180d,1281753.99591174,1281753.99591174,0.0,6,1018005.46591174,263748.53
268967,2025-10-20 00:07:14,292,291,263748.53,291,excess_vs_demand_90d,1281753.99591174,1281753.99591174,0.0,6,1018005.46591174,263748.53
268967,2025-10-20 00:07:14,292,291,263748.53,291,excess_vs_max_safety_coverage,1281753.99591174,846402.0129656,435351.98294614,6,1018005.46591174,-171603.45294613997
268967,2025-10-20 00:07:14,292,291,263748.53,291,excess_vs_safety_plus_coverage,1281753.99591174,600431.26171696,681322.73419478,6,1018005.46591174,-417574.20419478
268967,2025-10-20 00:07:14,292,291,263748.53,291,excess_vs_target_stock,1281753.99591174,846402.0129656,435351.98294614,6,1018005.46591174,-171603.45294613997
268967,2025-10-20 00:07:14,292,291,263748.53,291,physical_stock_value,1281753.99591174,0.0,1281753.99591174,6,1018005.46591174,-1018005.46591174
268967,2025-10-20 00:07:14,292,291,263748.53,291,excess_vs_future_need_7d,1281753.99591174,0.0,1281753.99591174,6,1018005.46591174,-1018005.46591174
268967,2025-10-20 00:07:14,292,291,263748.53,291,excess_vs_future_need_14d,1281753.99591174,56319.81617261001,1225434.1797391302,6,1018005.46591174,-961685.6497391299
268967,2025-10-20 00:07:14,292,291,263748.53,291,excess_vs_future_need_21d,1281753.99591174,112639.63234522002,1169114.36356652,6,1018005.46591174,-905365.8335665199
268967,2025-10-20 00:07:14,292,291,263748.53,291,excess_vs_future_need_30d,1281753.99591174,112639.63234522002,1169114.36356652,6,1018005.46591174,-905365.8335665199
268967,2025-10-20 00:07:14,292,291,263748.53,291,excess_vs_future_need_45d,1281753.99591174,112639.63234522002,1169114.36356652,6,1018005.46591174,-905365.8335665199
268967,2025-10-20 00:07:14,292,291,263748.53,291,excess_vs_future_need_60d,1281753.99591174,225279.26469044003,1056474.7312213,6,1018005.46591174,-792726.2012212999
268967,2025-10-20 00:07:14,292,291,263748.53,291,excess_vs_future_need_90d,1281753.99591174,225279.26469044003,1056474.7312213,6,1018005.46591174,-792726.2012212999
268967,2025-10-20 00:07:14,292,291,263748.53,291,excess_vs_future_need_120d,1281753.99591174,337918.89703566005,943835.0988760799,6,1018005.46591174,-680086.56887608
268967,2025-10-20 00:07:14,292,291,263748.53,291,excess_vs_future_need_180d,1281753.99591174,450558.52938088006,831195.4665308599,6,1018005.46591174,-567446.9365308599
268967,2025-10-20 00:07:14,292,291,263748.53,291,excess_vs_future_need_270d,1281753.99591174,777180.19291654,504573.80299520004,6,1018005.46591174,-240825.2729952
268967,2025-10-20 00:07:14,292,291,263748.53,291,excess_vs_future_need_365d,1281753.99591174,803748.59280915,478005.4031025901,6,1018005.46591174,-214256.87310258998
268967,2025-10-27 00:07:23,299,298,248721.2,298,excess_vs_coverage,1285852.1459117401,563198.16171696,722653.98419478,6,1037130.9459117402,-473932.78419478016
268967,2025-10-27 00:07:23,299,298,248721.2,298,excess_vs_demand_180d,1285852.1459117401,1285852.1459117401,0.0,6,1037130.9459117402,248721.19999999995
268967,2025-10-27 00:07:23,299,298,248721.2,298,excess_vs_demand_90d,1285852.1459117401,1285852.1459117401,0.0,6,1037130.9459117402,248721.19999999995
268967,2025-10-27 00:07:23,299,298,248721.2,298,excess_vs_max_safety_coverage,1285852.1459117401,850500.1629656,435351.98294614,6,1037130.9459117402,-186630.78294614016
268967,2025-10-27 00:07:23,299,298,248721.2,298,excess_vs_safety_plus_coverage,1285852.1459117401,600431.26171696,685420.88419478,6,1037130.9459117402,-436699.6841947802
268967,2025-10-27 00:07:23,299,298,248721.2,298,excess_vs_target_stock,1285852.1459117401,850500.1629656,435351.98294614,6,1037130.9459117402,-186630.78294614016
268967,2025-10-27 00:07:23,299,298,248721.2,298,physical_stock_value,1285852.1459117401,0.0,1285852.1459117401,6,1037130.9459117402,-1037130.9459117402
268967,2025-10-27 00:07:23,299,298,248721.2,298,excess_vs_future_need_7d,1285852.1459117401,56319.81617261001,1229532.32973913,6,1037130.9459117402,-980811.1297391301
268967,2025-10-27 00:07:23,299,298,248721.2,298,excess_vs_future_need_14d,1285852.1459117401,112639.63234522002,1173212.51356652,6,1037130.9459117402,-924491.3135665201
268967,2025-10-27 00:07:23,299,298,248721.2,298,excess_vs_future_need_21d,1285852.1459117401,112639.63234522002,1173212.51356652,6,1037130.9459117402,-924491.3135665201
268967,2025-10-27 00:07:23,299,298,248721.2,298,excess_vs_future_need_30d,1285852.1459117401,112639.63234522002,1173212.51356652,6,1037130.9459117402,-924491.3135665201
268967,2025-10-27 00:07:23,299,298,248721.2,298,excess_vs_future_need_45d,1285852.1459117401,168959.44851783002,1116892.69739391,6,1037130.9459117402,-868171.4973939102
268967,2025-10-27 00:07:23,299,298,248721.2,298,excess_vs_future_need_60d,1285852.1459117401,225279.26469044003,1060572.8812213,6,1037130.9459117402,-811851.6812213002
268967,2025-10-27 00:07:23,299,298,248721.2,298,excess_vs_future_need_90d,1285852.1459117401,225279.26469044003,1060572.8812213,6,1037130.9459117402,-811851.6812213002
268967,2025-10-27 00:07:23,299,298,248721.2,298,excess_vs_future_need_120d,1285852.1459117401,337918.89703566005,947933.2488760799,6,1037130.9459117402,-699212.0488760802
268967,2025-10-27 00:07:23,299,298,248721.2,298,excess_vs_future_need_180d,1285852.1459117401,450558.52938088006,835293.61653086,6,1037130.9459117402,-586572.4165308601
268967,2025-10-27 00:07:23,299,298,248721.2,298,excess_vs_future_need_270d,1285852.1459117401,781278.34291654,504573.80299520004,6,1037130.9459117402,-255852.6029952002
268967,2025-10-27 00:07:23,299,298,248721.2,298,excess_vs_future_need_365d,1285852.1459117401,807846.7428091499,478005.4031025901,6,1037130.9459117402,-229284.20310259028
268967,2025-11-03 00:07:33,306,305,232963.05,305,excess_vs_coverage,1232264.42973913,563198.16171696,669066.26802217,6,999301.3797391299,-436103.2180221699
268967,2025-11-03 00:07:33,306,305,232963.05,305,excess_vs_demand_180d,1232264.42973913,1232264.42973913,0.0,6,999301.3797391299,232963.05000000005
268967,2025-11-03 00:07:33,306,305,232963.05,305,excess_vs_demand_90d,1232264.42973913,1232264.42973913,0.0,6,999301.3797391299,232963.05000000005
268967,2025-11-03 00:07:33,306,305,232963.05,305,excess_vs_max_safety_coverage,1232264.42973913,822479.8867256,409784.5430135301,6,999301.3797391299,-176821.49301352992
268967,2025-11-03 00:07:33,306,305,232963.05,305,excess_vs_safety_plus_coverage,1232264.42973913,600431.26171696,631833.1680221701,6,999301.3797391299,-398870.1180221699
268967,2025-11-03 00:07:33,306,305,232963.05,305,excess_vs_target_stock,1232264.42973913,822479.8867256,409784.5430135301,6,999301.3797391299,-176821.49301352992
268967,2025-11-03 00:07:33,306,305,232963.05,305,physical_stock_value,1232264.42973913,0.0,1232264.42973913,6,999301.3797391299,-999301.3797391299
268967,2025-11-03 00:07:33,306,305,232963.05,305,excess_vs_future_need_7d,1232264.42973913,56319.81617261001,1175944.6135665202,6,999301.3797391299,-942981.5635665199
268967,2025-11-03 00:07:33,306,305,232963.05,305,excess_vs_future_need_14d,1232264.42973913,56319.81617261001,1175944.6135665202,6,999301.3797391299,-942981.5635665199
268967,2025-11-03 00:07:33,306,305,232963.05,305,excess_vs_future_need_21d,1232264.42973913,56319.81617261001,1175944.6135665202,6,999301.3797391299,-942981.5635665199
268967,2025-11-03 00:07:33,306,305,232963.05,305,excess_vs_future_need_30d,1232264.42973913,56319.81617261001,1175944.6135665202,6,999301.3797391299,-942981.5635665199
268967,2025-11-03 00:07:33,306,305,232963.05,305,excess_vs_future_need_45d,1232264.42973913,112639.63234522002,1119624.7973939101,6,999301.3797391299,-886661.7473939098
268967,2025-11-03 00:07:33,306,305,232963.05,305,excess_vs_future_need_60d,1232264.42973913,168959.44851783002,1063304.9812213,6,999301.3797391299,-830341.9312212999
268967,2025-11-03 00:07:33,306,305,232963.05,305,excess_vs_future_need_90d,1232264.42973913,225279.26469044003,1006985.16504869,6,999301.3797391299,-774022.1150486899
268967,2025-11-03 00:07:33,306,305,232963.05,305,excess_vs_future_need_120d,1232264.42973913,281599.08086305,950665.3488760801,6,999301.3797391299,-717702.29887608
268967,2025-11-03 00:07:33,306,305,232963.05,305,excess_vs_future_need_180d,1232264.42973913,394238.71320827,838025.71653086,6,999301.3797391299,-605062.6665308599
268967,2025-11-03 00:07:33,306,305,232963.05,305,excess_vs_future_need_270d,1232264.42973913,727690.62674393,504573.8029952001,6,999301.3797391299,-271610.7529951999
268967,2025-11-03 00:07:33,306,305,232963.05,305,excess_vs_future_need_365d,1232264.42973913,754259.02663654,478005.4031025901,6,999301.3797391299,-245042.35310258996
268967,2025-11-10 00:07:18,313,312,306353.26,312,excess_vs_coverage,1180042.76356652,563198.16171696,616844.60184956,6,873689.50356652,-310491.34184956003
268967,2025-11-10 00:07:18,313,312,306353.26,312,excess_vs_demand_180d,1180042.76356652,1180042.76356652,0.0,6,873689.50356652,306353.26
268967,2025-11-10 00:07:18,313,312,306353.26,312,excess_vs_demand_90d,1180042.76356652,1180042.76356652,0.0,6,873689.50356652,306353.26
268967,2025-11-10 00:07:18,313,312,306353.26,312,excess_vs_max_safety_coverage,1180042.76356652,793622.6388656,386420.1247009201,6,873689.50356652,-80066.86470092006
268967,2025-11-10 00:07:18,313,312,306353.26,312,excess_vs_safety_plus_coverage,1180042.76356652,600431.26171696,579611.5018495601,6,873689.50356652,-273258.24184956006
268967,2025-11-10 00:07:18,313,312,306353.26,312,excess_vs_target_stock,1180042.76356652,793622.6388656,386420.1247009201,6,873689.50356652,-80066.86470092006
268967,2025-11-10 00:07:18,313,312,306353.26,312,physical_stock_value,1180042.76356652,0.0,1180042.76356652,6,873689.50356652,-873689.50356652
268967,2025-11-10 00:07:18,313,312,306353.26,312,excess_vs_future_need_7d,1180042.76356652,0.0,1180042.76356652,6,873689.50356652,-873689.50356652
268967,2025-11-10 00:07:18,313,312,306353.26,312,excess_vs_future_need_14d,1180042.76356652,0.0,1180042.76356652,6,873689.50356652,-873689.50356652
268967,2025-11-10 00:07:18,313,312,306353.26,312,excess_vs_future_need_21d,1180042.76356652,0.0,1180042.76356652,6,873689.50356652,-873689.50356652
268967,2025-11-10 00:07:18,313,312,306353.26,312,excess_vs_future_need_30d,1180042.76356652,0.0,1180042.76356652,6,873689.50356652,-873689.50356652
268967,2025-11-10 00:07:18,313,312,306353.26,312,excess_vs_future_need_45d,1180042.76356652,112639.63234522002,1067403.1312213,6,873689.50356652,-761049.8712213
268967,2025-11-10 00:07:18,313,312,306353.26,312,excess_vs_future_need_60d,1180042.76356652,112639.63234522002,1067403.1312213,6,873689.50356652,-761049.8712213
268967,2025-11-10 00:07:18,313,312,306353.26,312,excess_vs_future_need_90d,1180042.76356652,168959.44851783002,1011083.3150486901,6,873689.50356652,-704730.0550486901
268967,2025-11-10 00:07:18,313,312,306353.26,312,excess_vs_future_need_120d,1180042.76356652,225279.26469044003,954763.49887608,6,873689.50356652,-648410.23887608
268967,2025-11-10 00:07:18,313,312,306353.26,312,excess_vs_future_need_180d,1180042.76356652,337918.89703566005,842123.8665308601,6,873689.50356652,-535770.6065308601
268967,2025-11-10 00:07:18,313,312,306353.26,312,excess_vs_future_need_270d,1180042.76356652,675468.9605713199,504573.8029952001,6,873689.50356652,-198220.54299520014
268967,2025-11-10 00:07:18,313,312,306353.26,312,excess_vs_future_need_365d,1180042.76356652,725401.7787765398,454640.9847899801,6,873689.50356652,-148287.72478998022
268967,2025-11-17 00:07:25,320,319,321401.26,319,excess_vs_coverage,1184140.9135665202,563198.16171696,620942.7518495601,6,862739.6535665202,-299541.4918495602
268967,2025-11-17 00:07:25,320,319,321401.26,319,excess_vs_demand_180d,1184140.9135665202,1184140.9135665202,0.0,6,862739.6535665202,321401.26
268967,2025-11-17 00:07:25,320,319,321401.26,319,excess_vs_demand_90d,1184140.9135665202,1184140.9135665202,0.0,6,862739.6535665202,321401.26
268967,2025-11-17 00:07:25,320,319,321401.26,319,excess_vs_max_safety_coverage,1184140.9135665202,797720.7888656,386420.1247009201,6,862739.6535665202,-65018.86470092018
268967,2025-11-17 00:07:25,320,319,321401.26,319,excess_vs_safety_plus_coverage,1184140.9135665202,600431.26171696,583709.6518495601,6,862739.6535665202,-262308.3918495602
268967,2025-11-17 00:07:25,320,319,321401.26,319,excess_vs_target_stock,1184140.9135665202,797720.7888656,386420.1247009201,6,862739.6535665202,-65018.86470092018
268967,2025-11-17 00:07:25,320,319,321401.26,319,physical_stock_value,1184140.9135665202,0.0,1184140.9135665202,6,862739.6535665202,-862739.6535665202
268967,2025-11-17 00:07:25,320,319,321401.26,319,excess_vs_future_need_7d,1184140.9135665202,0.0,1184140.9135665202,6,862739.6535665202,-862739.6535665202
268967,2025-11-17 00:07:25,320,319,321401.26,319,excess_vs_future_need_14d,1184140.9135665202,0.0,1184140.9135665202,6,862739.6535665202,-862739.6535665202
268967,2025-11-17 00:07:25,320,319,321401.26,319,excess_vs_future_need_21d,1184140.9135665202,0.0,1184140.9135665202,6,862739.6535665202,-862739.6535665202
268967,2025-11-17 00:07:25,320,319,321401.26,319,excess_vs_future_need_30d,1184140.9135665202,56319.81617261001,1127821.0973939102,6,862739.6535665202,-806419.8373939102
268967,2025-11-17 00:07:25,320,319,321401.26,319,excess_vs_future_need_45d,1184140.9135665202,112639.63234522002,1071501.2812213001,6,862739.6535665202,-750100.0212213001
268967,2025-11-17 00:07:25,320,319,321401.26,319,excess_vs_future_need_60d,1184140.9135665202,112639.63234522002,1071501.2812213001,6,862739.6535665202,-750100.0212213001
268967,2025-11-17 00:07:25,320,319,321401.26,319,excess_vs_future_need_90d,1184140.9135665202,225279.26469044003,958861.64887608,6,862739.6535665202,-637460.3888760802
268967,2025-11-17 00:07:25,320,319,321401.26,319,excess_vs_future_need_120d,1184140.9135665202,281599.08086305,902541.8327034701,6,862739.6535665202,-581140.5727034702
268967,2025-11-17 00:07:25,320,319,321401.26,319,excess_vs_future_need_180d,1184140.9135665202,337918.89703566005,846222.0165308601,6,862739.6535665202,-524820.7565308602
268967,2025-11-17 00:07:25,320,319,321401.26,319,excess_vs_future_need_270d,1184140.9135665202,675837.79407132,508303.1194952001,6,862739.6535665202,-186901.85949520022
268967,2025-11-17 00:07:25,320,319,321401.26,319,excess_vs_future_need_365d,1184140.9135665202,729499.9287765399,454640.9847899801,6,862739.6535665202,-133239.72478998033
268967,2025-11-24 00:07:21,327,326,349564.46,326,excess_vs_coverage,1186873.01356652,563198.16171696,623674.85184956,6,837308.5535665201,-274110.3918495601
268967,2025-11-24 00:07:21,327,326,349564.46,326,excess_vs_demand_180d,1186873.01356652,1186873.01356652,0.0,6,837308.5535665201,349564.45999999996
268967,2025-11-24 00:07:21,327,326,349564.46,326,excess_vs_demand_90d,1186873.01356652,1186873.01356652,0.0,6,837308.5535665201,349564.45999999996
268967,2025-11-24 00:07:21,327,326,349564.46,326,excess_vs_max_safety_coverage,1186873.01356652,800452.8888656,386420.1247009201,6,837308.5535665201,-36855.66470092011
268967,2025-11-24 00:07:21,327,326,349564.46,326,excess_vs_safety_plus_coverage,1186873.01356652,600431.26171696,586441.7518495601,6,837308.5535665201,-236877.2918495601
268967,2025-11-24 00:07:21,327,326,349564.46,326,excess_vs_target_stock,1186873.01356652,800452.8888656,386420.1247009201,6,837308.5535665201,-36855.66470092011
268967,2025-11-24 00:07:21,327,326,349564.46,326,physical_stock_value,1186873.01356652,0.0,1186873.01356652,6,837308.5535665201,-837308.5535665201
268967,2025-11-24 00:07:21,327,326,349564.46,326,excess_vs_future_need_7d,1186873.01356652,0.0,1186873.01356652,6,837308.5535665201,-837308.5535665201
268967,2025-11-24 00:07:21,327,326,349564.46,326,excess_vs_future_need_14d,1186873.01356652,0.0,1186873.01356652,6,837308.5535665201,-837308.5535665201
268967,2025-11-24 00:07:21,327,326,349564.46,326,excess_vs_future_need_21d,1186873.01356652,56319.81617261001,1130553.19739391,6,837308.5535665201,-780988.7373939101
268967,2025-11-24 00:07:21,327,326,349564.46,326,excess_vs_future_need_30d,1186873.01356652,112639.63234522002,1074233.3812213,6,837308.5535665201,-724668.9212213
268967,2025-11-24 00:07:21,327,326,349564.46,326,excess_vs_future_need_45d,1186873.01356652,112639.63234522002,1074233.3812213,6,837308.5535665201,-724668.9212213
268967,2025-11-24 00:07:21,327,326,349564.46,326,excess_vs_future_need_60d,1186873.01356652,112639.63234522002,1074233.3812213,6,837308.5535665201,-724668.9212213
268967,2025-11-24 00:07:21,327,326,349564.46,326,excess_vs_future_need_90d,1186873.01356652,225279.26469044003,961593.74887608,6,837308.5535665201,-612029.2888760801
268967,2025-11-24 00:07:21,327,326,349564.46,326,excess_vs_future_need_120d,1186873.01356652,281599.08086305,905273.9327034701,6,837308.5535665201,-555709.4727034702
268967,2025-11-24 00:07:21,327,326,349564.46,326,excess_vs_future_need_180d,1186873.01356652,337918.89703566005,848954.1165308601,6,837308.5535665201,-499389.65653086005
268967,2025-11-24 00:07:21,327,326,349564.46,326,excess_vs_future_need_270d,1186873.01356652,675837.79407132,511035.21949520014,6,837308.5535665201,-161470.75949520012
268967,2025-11-24 00:07:21,327,326,349564.46,326,excess_vs_future_need_365d,1186873.01356652,755596.4470891498,431276.56647737016,6,837308.5535665201,-81712.10647737025
268967,2025-12-01 00:07:45,334,333,334234.98,333,excess_vs_coverage,1188722.66356652,563198.16171696,625524.5018495601,6,854487.68356652,-291289.52184955997
268967,2025-12-01 00:07:45,334,333,334234.98,333,excess_vs_demand_180d,1188722.66356652,1188722.66356652,0.0,6,854487.68356652,334234.98
268967,2025-12-01 00:07:45,334,333,334234.98,333,excess_vs_demand_90d,1188722.66356652,1188722.66356652,0.0,6,854487.68356652,334234.98
268967,2025-12-01 00:07:45,334,333,334234.98,333,excess_vs_max_safety_coverage,1188722.66356652,802302.5388656,386420.1247009201,6,854487.68356652,-52185.14470091998
268967,2025-12-01 00:07:45,334,333,334234.98,333,excess_vs_safety_plus_coverage,1188722.66356652,600431.26171696,588291.4018495601,6,854487.68356652,-254056.42184956
268967,2025-12-01 00:07:45,334,333,334234.98,333,excess_vs_target_stock,1188722.66356652,802302.5388656,386420.1247009201,6,854487.68356652,-52185.14470091998
268967,2025-12-01 00:07:45,334,333,334234.98,333,physical_stock_value,1188722.66356652,0.0,1188722.66356652,6,854487.68356652,-854487.68356652
268967,2025-12-01 00:07:45,334,333,334234.98,333,excess_vs_future_need_7d,1188722.66356652,0.0,1188722.66356652,6,854487.68356652,-854487.68356652
268967,2025-12-01 00:07:45,334,333,334234.98,333,excess_vs_future_need_14d,1188722.66356652,56319.81617261001,1132402.8473939102,6,854487.68356652,-798167.86739391
268967,2025-12-01 00:07:45,334,333,334234.98,333,excess_vs_future_need_21d,1188722.66356652,112639.63234522002,1076083.0312213001,6,854487.68356652,-741848.0512212999
268967,2025-12-01 00:07:45,334,333,334234.98,333,excess_vs_future_need_30d,1188722.66356652,112639.63234522002,1076083.0312213001,6,854487.68356652,-741848.0512212999
268967,2025-12-01 00:07:45,334,333,334234.98,333,excess_vs_future_need_45d,1188722.66356652,112639.63234522002,1076083.0312213001,6,854487.68356652,-741848.0512212999
268967,2025-12-01 00:07:45,334,333,334234.98,333,excess_vs_future_need_60d,1188722.66356652,168959.44851783002,1019763.21504869,6,854487.68356652,-685528.23504869
268967,2025-12-01 00:07:45,334,333,334234.98,333,excess_vs_future_need_90d,1188722.66356652,225279.26469044003,963443.39887608,6,854487.68356652,-629208.41887608
268967,2025-12-01 00:07:45,334,333,334234.98,333,excess_vs_future_need_120d,1188722.66356652,281599.08086305,907123.58270347,6,854487.68356652,-572888.60270347
268967,2025-12-01 00:07:45,334,333,334234.98,333,excess_vs_future_need_180d,1188722.66356652,337918.89703566005,850803.7665308601,6,854487.68356652,-516568.78653085994
268967,2025-12-01 00:07:45,334,333,334234.98,333,excess_vs_future_need_270d,1188722.66356652,675837.79407132,512884.8694952001,6,854487.68356652,-178649.8894952
268967,2025-12-01 00:07:45,334,333,334234.98,333,excess_vs_future_need_365d,1188722.66356652,757446.0970891499,431276.56647737016,6,854487.68356652,-97041.58647737012
268967,2025-12-08 00:07:59,341,340,330780.69,340,excess_vs_coverage,1190088.71356652,563198.16171696,626890.5518495601,6,859308.0235665201,-296109.86184956005
268967,2025-12-08 00:07:59,341,340,330780.69,340,excess_vs_demand_180d,1190088.71356652,1190088.71356652,0.0,6,859308.0235665201,330780.68999999994
268967,2025-12-08 00:07:59,341,340,330780.69,340,excess_vs_demand_90d,1190088.71356652,1190088.71356652,0.0,6,859308.0235665201,330780.68999999994
268967,2025-12-08 00:07:59,341,340,330780.69,340,excess_vs_max_safety_coverage,1190088.71356652,803668.5888656,386420.1247009201,6,859308.0235665201,-55639.43470092013
268967,2025-12-08 00:07:59,341,340,330780.69,340,excess_vs_safety_plus_coverage,1190088.71356652,600431.26171696,589657.45184956,6,859308.0235665201,-258876.76184956008
268967,2025-12-08 00:07:59,341,340,330780.69,340,excess_vs_target_stock,1190088.71356652,803668.5888656,386420.1247009201,6,859308.0235665201,-55639.43470092013
268967,2025-12-08 00:07:59,341,340,330780.69,340,physical_stock_value,1190088.71356652,0.0,1190088.71356652,6,859308.0235665201,-859308.0235665201
268967,2025-12-08 00:07:59,341,340,330780.69,340,excess_vs_future_need_7d,1190088.71356652,56319.81617261001,1133768.8973939102,6,859308.0235665201,-802988.20739391
268967,2025-12-08 00:07:59,341,340,330780.69,340,excess_vs_future_need_14d,1190088.71356652,112639.63234522002,1077449.0812213002,6,859308.0235665201,-746668.3912213
268967,2025-12-08 00:07:59,341,340,330780.69,340,excess_vs_future_need_21d,1190088.71356652,112639.63234522002,1077449.0812213002,6,859308.0235665201,-746668.3912213
268967,2025-12-08 00:07:59,341,340,330780.69,340,excess_vs_future_need_30d,1190088.71356652,112639.63234522002,1077449.0812213002,6,859308.0235665201,-746668.3912213
268967,2025-12-08 00:07:59,341,340,330780.69,340,excess_vs_future_need_45d,1190088.71356652,112639.63234522002,1077449.0812213002,6,859308.0235665201,-746668.3912213
268967,2025-12-08 00:07:59,341,340,330780.69,340,excess_vs_future_need_60d,1190088.71356652,168959.44851783002,1021129.26504869,6,859308.0235665201,-690348.5750486901
268967,2025-12-08 00:07:59,341,340,330780.69,340,excess_vs_future_need_90d,1190088.71356652,225279.26469044003,964809.4488760801,6,859308.0235665201,-634028.75887608
268967,2025-12-08 00:07:59,341,340,330780.69,340,excess_vs_future_need_120d,1190088.71356652,337918.89703566005,852169.81653086,6,859308.0235665201,-521389.12653086
268967,2025-12-08 00:07:59,341,340,330780.69,340,excess_vs_future_need_180d,1190088.71356652,337918.89703566005,852169.81653086,6,859308.0235665201,-521389.12653086
268967,2025-12-08 00:07:59,341,340,330780.69,340,excess_vs_future_need_270d,1190088.71356652,675837.79407132,514250.9194952001,6,859308.0235665201,-183470.2294952001
268967,2025-12-08 00:07:59,341,340,330780.69,340,excess_vs_future_need_365d,1190088.71356652,758812.1470891499,431276.56647737016,6,859308.0235665201,-100495.87647737016
268967,2025-12-15 00:07:28,348,347,334550.57,347,excess_vs_coverage,1133768.8973939102,563198.16171696,570570.7356769501,6,799218.3273939101,-236020.16567695013
268967,2025-12-15 00:07:28,348,347,334550.57,347,excess_vs_demand_180d,1133768.8973939102,1133768.8973939102,0.0,6,799218.3273939101,334550.57000000007
268967,2025-12-15 00:07:28,348,347,334550.57,347,excess_vs_demand_90d,1133768.8973939102,1133768.8973939102,0.0,6,799218.3273939101,334550.57000000007
268967,2025-12-15 00:07:28,348,347,334550.57,347,excess_vs_max_safety_coverage,1133768.8973939102,770713.1910056,363055.70638831006,6,799218.3273939101,-28505.136388310115
268967,2025-12-15 00:07:28,348,347,334550.57,347,excess_vs_safety_plus_coverage,1133768.8973939102,599171.94715696,534596.9502369501,6,799218.3273939101,-200046.38023695012
268967,2025-12-15 00:07:28,348,347,334550.57,347,excess_vs_target_stock,1133768.8973939102,770713.1910056,363055.70638831006,6,799218.3273939101,-28505.136388310115
268967,2025-12-15 00:07:28,348,347,334550.57,347,physical_stock_value,1133768.8973939102,0.0,1133768.8973939102,6,799218.3273939101,-799218.3273939101
268967,2025-12-15 00:07:28,348,347,334550.57,347,excess_vs_future_need_7d,1133768.8973939102,56319.81617261001,1077449.0812213002,6,799218.3273939101,-742898.5112213001
268967,2025-12-15 00:07:28,348,347,334550.57,347,excess_vs_future_need_14d,1133768.8973939102,56319.81617261001,1077449.0812213002,6,799218.3273939101,-742898.5112213001
268967,2025-12-15 00:07:28,348,347,334550.57,347,excess_vs_future_need_21d,1133768.8973939102,56319.81617261001,1077449.0812213002,6,799218.3273939101,-742898.5112213001
268967,2025-12-15 00:07:28,348,347,334550.57,347,excess_vs_future_need_30d,1133768.8973939102,56319.81617261001,1077449.0812213002,6,799218.3273939101,-742898.5112213001
268967,2025-12-15 00:07:28,348,347,334550.57,347,excess_vs_future_need_45d,1133768.8973939102,56319.81617261001,1077449.0812213002,6,799218.3273939101,-742898.5112213001
268967,2025-12-15 00:07:28,348,347,334550.57,347,excess_vs_future_need_60d,1133768.8973939102,168959.44851783002,964809.4488760801,6,799218.3273939101,-630258.8788760802
268967,2025-12-15 00:07:28,348,347,334550.57,347,excess_vs_future_need_90d,1133768.8973939102,225279.26469044003,908489.6327034701,6,799218.3273939101,-573939.0627034701
268967,2025-12-15 00:07:28,348,347,334550.57,347,excess_vs_future_need_120d,1133768.8973939102,281599.08086305,852169.81653086,6,799218.3273939101,-517619.24653086014
268967,2025-12-15 00:07:28,348,347,334550.57,347,excess_vs_future_need_180d,1133768.8973939102,394238.71320827,739530.1841856401,6,799218.3273939101,-404979.6141856401
268967,2025-12-15 00:07:28,348,347,334550.57,347,excess_vs_future_need_270d,1133768.8973939102,619517.9778987099,514250.91949520016,6,799218.3273939101,-179700.3494952002
268967,2025-12-15 00:07:28,348,347,334550.57,347,excess_vs_future_need_365d,1133768.8973939102,725856.7492291499,407912.14816476015,6,799218.3273939101,-73361.57816476026
268967,2025-12-22 00:06:55,355,354,333222.01,354,excess_vs_coverage,1077449.0812213002,563198.16171696,514250.91950434,6,744227.0712213002,-181028.90950434015
268967,2025-12-22 00:06:55,355,354,333222.01,354,excess_vs_demand_180d,1077449.0812213002,1077449.0812213002,0.0,6,744227.0712213002,333222.01
268967,2025-12-22 00:06:55,355,354,333222.01,354,excess_vs_demand_90d,1077449.0812213002,1077449.0812213002,0.0,6,744227.0712213002,333222.01
268967,2025-12-22 00:06:55,355,354,333222.01,354,excess_vs_max_safety_coverage,1077449.0812213002,737757.7931456,339691.28807570005,6,744227.0712213002,-6469.27807570016
268967,2025-12-22 00:06:55,355,354,333222.01,354,excess_vs_safety_plus_coverage,1077449.0812213002,575243.43779696,502205.64342434,6,744227.0712213002,-168983.63342434017
268967,2025-12-22 00:06:55,355,354,333222.01,354,excess_vs_target_stock,1077449.0812213002,737757.7931456,339691.28807570005,6,744227.0712213002,-6469.27807570016
268967,2025-12-22 00:06:55,355,354,333222.01,354,physical_stock_value,1077449.0812213002,0.0,1077449.0812213002,6,744227.0712213002,-744227.0712213002
268967,2025-12-22 00:06:55,355,354,333222.01,354,excess_vs_future_need_7d,1077449.0812213002,0.0,1077449.0812213002,6,744227.0712213002,-744227.0712213002
268967,2025-12-22 00:06:55,355,354,333222.01,354,excess_vs_future_need_14d,1077449.0812213002,0.0,1077449.0812213002,6,744227.0712213002,-744227.0712213002
268967,2025-12-22 00:06:55,355,354,333222.01,354,excess_vs_future_need_21d,1077449.0812213002,0.0,1077449.0812213002,6,744227.0712213002,-744227.0712213002
268967,2025-12-22 00:06:55,355,354,333222.01,354,excess_vs_future_need_30d,1077449.0812213002,0.0,1077449.0812213002,6,744227.0712213002,-744227.0712213002
268967,2025-12-22 00:06:55,355,354,333222.01,354,excess_vs_future_need_45d,1077449.0812213002,56319.81617261001,1021129.26504869,6,744227.0712213002,-687907.2550486901
268967,2025-12-22 00:06:55,355,354,333222.01,354,excess_vs_future_need_60d,1077449.0812213002,112639.63234522,964809.4488760801,6,744227.0712213002,-631587.4388760802
268967,2025-12-22 00:06:55,355,354,333222.01,354,excess_vs_future_need_90d,1077449.0812213002,168959.44851783002,908489.6327034701,6,744227.0712213002,-575267.6227034702
268967,2025-12-22 00:06:55,355,354,333222.01,354,excess_vs_future_need_120d,1077449.0812213002,225279.26469044003,852169.81653086,6,744227.0712213002,-518947.80653086014
268967,2025-12-22 00:06:55,355,354,333222.01,354,excess_vs_future_need_180d,1077449.0812213002,563198.1617260999,514250.9194952001,6,744227.0712213002,-181028.90949520026
268967,2025-12-22 00:06:55,355,354,333222.01,354,excess_vs_future_need_270d,1077449.0812213002,563198.1617260999,514250.9194952001,6,744227.0712213002,-181028.90949520026
268967,2025-12-22 00:06:55,355,354,333222.01,354,excess_vs_future_need_365d,1077449.0812213002,669536.93305654,407912.14816476015,6,744227.0712213002,-74690.1381647602
268967,2025-12-29 00:06:59,362,361,382653.99,361,excess_vs_coverage,1095882.6812213,563198.16171696,532684.51950434,6,713228.6912213,-150030.52950434003
268967,2025-12-29 00:06:59,362,361,382653.99,361,excess_vs_demand_180d,1095882.6812213,1095882.6812213,0.0,6,713228.6912213,382653.99
268967,2025-12-29 00:06:59,362,361,382653.99,361,excess_vs_demand_90d,1095882.6812213,1095882.6812213,0.0,6,713228.6912213,382653.99
268967,2025-12-29 00:06:59,362,361,382653.99,361,excess_vs_max_safety_coverage,1095882.6812213,748542.1729656,347340.50825570006,6,713228.6912213,35313.48174429999
268967,2025-12-29 00:06:59,362,361,382653.99,361,excess_vs_safety_plus_coverage,1095882.6812213,579571.67821696,516311.00300434,6,713228.6912213,-133657.01300434
268967,2025-12-29 00:06:59,362,361,382653.99,361,excess_vs_target_stock,1095882.6812213,748542.1729656,347340.50825570006,6,713228.6912213,35313.48174429999
268967,2025-12-29 00:06:59,362,361,382653.99,361,physical_stock_value,1095882.6812213,0.0,1095882.6812213,6,713228.6912213,-713228.6912213
268967,2025-12-29 00:06:59,362,361,382653.99,361,excess_vs_future_need_7d,1095882.6812213,0.0,1095882.6812213,6,713228.6912213,-713228.6912213
268967,2025-12-29 00:06:59,362,361,382653.99,361,excess_vs_future_need_14d,1095882.6812213,0.0,1095882.6812213,6,713228.6912213,-713228.6912213
268967,2025-12-29 00:06:59,362,361,382653.99,361,excess_vs_future_need_21d,1095882.6812213,0.0,1095882.6812213,6,713228.6912213,-713228.6912213
268967,2025-12-29 00:06:59,362,361,382653.99,361,excess_vs_future_need_30d,1095882.6812213,0.0,1095882.6812213,6,713228.6912213,-713228.6912213
268967,2025-12-29 00:06:59,362,361,382653.99,361,excess_vs_future_need_45d,1095882.6812213,56319.81617261001,1039562.8650486901,6,713228.6912213,-656908.87504869
268967,2025-12-29 00:06:59,362,361,382653.99,361,excess_vs_future_need_60d,1095882.6812213,112639.63234522,983243.0488760801,6,713228.6912213,-600589.0588760801
268967,2025-12-29 00:06:59,362,361,382653.99,361,excess_vs_future_need_90d,1095882.6812213,168959.44851783002,926923.23270347,6,713228.6912213,-544269.24270347
268967,2025-12-29 00:06:59,362,361,382653.99,361,excess_vs_future_need_120d,1095882.6812213,225279.26469044003,870603.41653086,6,713228.6912213,-487949.42653086
268967,2025-12-29 00:06:59,362,361,382653.99,361,excess_vs_future_need_180d,1095882.6812213,563198.1617260999,532684.5194952001,6,713228.6912213,-150030.52949520014
268967,2025-12-29 00:06:59,362,361,382653.99,361,excess_vs_future_need_270d,1095882.6812213,563198.1617260999,532684.5194952001,6,713228.6912213,-150030.52949520014
268967,2025-12-29 00:06:59,362,361,382653.99,361,excess_vs_future_need_365d,1095882.6812213,679444.47691654,416438.20430476015,6,713228.6912213,-33784.2143047601
