day,campaign_id,node_id,output_item_id,event_type,reason,desired_qty,planned_qty_after_lot_rule,actual_qty,shortfall_vs_desired_qty,shortfall_vs_lot_plan_qty,binding_input_item_id,planned_qty_before,planned_qty_after,campaign_remaining_start_qty,campaign_remaining_end_qty,next_expected_receipt_day,notes
0,CMP-00000001-M-1430-item:268967-D0,M-1430,item:268967,start_campaign,none,2562.857143,107800.0,107800.0,0.0,0.0,,107800.0,0.0,107800.0,0.0,,lot_policy_enabled
0,CMP-00000002-M-1810-item:268091-D0,M-1810,item:268091,start_campaign,none,1900.0,14400.0,14400.0,0.0,0.0,,14400.0,0.0,14400.0,0.0,,lot_policy_enabled
2,CMP-00000003-M-1810-item:268091-D2,M-1810,item:268091,start_campaign,none,2252.04898,14400.0,14400.0,0.0,0.0,,14400.0,0.0,14400.0,0.0,,lot_policy_enabled
2,CMP-00000004-SDC-1450-item:773474-D2,SDC-1450,item:773474,start_campaign,none,1880661.2576,3200000.0,3200000.0,0.0,0.0,,3200000.0,0.0,3200000.0,0.0,,lot_policy_enabled
3,CMP-00000005-M-1430-item:268967-D3,M-1430,item:268967,delay_input_shortage,input_shortage,3316.751021,107800.0,0.0,3316.751021,107800.0,item:333362,107800.0,107800.0,107800.0,107800.0,58,lot_policy_enabled
3,CMP-00000006-M-1810-item:268091-D3,M-1810,item:268091,start_campaign,none,3068.483265,14400.0,14400.0,0.0,0.0,,14400.0,0.0,14400.0,0.0,,lot_policy_enabled
4,CMP-00000005-M-1430-item:268967-D3,M-1430,item:268967,delay_input_shortage,input_shortage,4402.256327,107800.0,0.0,4402.256327,107800.0,item:333362,107800.0,107800.0,107800.0,107800.0,58,lot_policy_enabled
4,CMP-00000007-M-1810-item:268091-D4,M-1810,item:268091,start_campaign,none,3597.794612,14400.0,14400.0,0.0,0.0,,14400.0,0.0,14400.0,0.0,,lot_policy_enabled
4,CMP-00000008-SDC-1450-item:773474-D4,SDC-1450,item:773474,start_campaign,none,1913429.2576,3200000.0,3200000.0,0.0,0.0,,3200000.0,0.0,3200000.0,0.0,,lot_policy_enabled
5,CMP-00000005-M-1430-item:268967-D3,M-1430,item:268967,delay_input_shortage,input_shortage,5041.51249,107800.0,0.0,5041.51249,107800.0,item:333362,107800.0,107800.0,107800.0,107800.0,58,lot_policy_enabled
5,CMP-00000009-M-1810-item:268091-D5,M-1810,item:268091,start_campaign,none,4069.681372,14400.0,14400.0,0.0,0.0,,14400.0,0.0,14400.0,0.0,,lot_policy_enabled
6,CMP-00000005-M-1430-item:268967-D3,M-1430,item:268967,delay_input_shortage,input_shortage,5591.518825,107800.0,0.0,5591.518825,107800.0,item:333362,107800.0,107800.0,107800.0,107800.0,58,lot_policy_enabled
6,CMP-00000010-M-1810-item:268091-D6,M-1810,item:268091,start_campaign,none,4530.083213,14400.0,14400.0,0.0,0.0,,14400.0,0.0,14400.0,0.0,,lot_policy_enabled
6,CMP-00000011-SDC-1450-item:773474-D6,SDC-1450,item:773474,start_campaign,none,1934400.6576,3200000.0,3200000.0,0.0,0.0,,3200000.0,0.0,3200000.0,0.0,,lot_policy_enabled
7,CMP-00000005-M-1430-item:268967-D3,M-1430,item:268967,delay_input_shortage,input_shortage,6123.675194,107800.0,0.0,6123.675194,107800.0,item:333362,107800.0,107800.0,107800.0,107800.0,58,lot_policy_enabled
7,CMP-00000012-M-1810-item:268091-D7,M-1810,item:268091,start_campaign,none,4988.188071,14400.0,14400.0,0.0,0.0,,14400.0,0.0,14400.0,0.0,,lot_policy_enabled
8,CMP-00000005-M-1430-item:268967-D3,M-1430,item:268967,delay_input_shortage,input_shortage,5991.608508,107800.0,0.0,5991.608508,107800.0,item:333362,107800.0,107800.0,107800.0,107800.0,58,lot_policy_enabled
8,CMP-00000013-M-1810-item:268091-D8,M-1810,item:268091,start_campaign,none,5338.453941,14400.0,14400.0,0.0,0.0,,14400.0,0.0,14400.0,0.0,,lot_policy_enabled
8,CMP-00000014-SDC-1450-item:773474-D8,SDC-1450,item:773474,start_campaign,none,1947822.2576,3200000.0,3200000.0,0.0,0.0,,3200000.0,0.0,3200000.0,0.0,,lot_policy_enabled
9,CMP-00000005-M-1430-item:268967-D3,M-1430,item:268967,delay_input_shortage,input_shortage,5726.697212,107800.0,0.0,5726.697212,107800.0,item:333362,107800.0,107800.0,107800.0,107800.0,58,lot_policy_enabled
9,CMP-00000015-M-1810-item:268091-D9,M-1810,item:268091,start_campaign,none,5667.152013,14400.0,14400.0,0.0,0.0,,14400.0,0.0,14400.0,0.0,,lot_policy_enabled
10,CMP-00000005-M-1430-item:268967-D3,M-1430,item:268967,delay_input_shortage,input_shortage,5435.216994,107800.0,0.0,5435.216994,107800.0,item:333362,107800.0,107800.0,107800.0,107800.0,58,lot_policy_enabled
10,CMP-00000016-M-1810-item:268091-D10,M-1810,item:268091,start_campaign,none,5991.536525,14400.0,14400.0,0.0,0.0,,14400.0,0.0,14400.0,0.0,,lot_policy_enabled
10,CMP-00000017-SDC-1450-item:773474-D10,SDC-1450,item:773474,start_campaign,none,1956412.2576,3200000.0,3200000.0,0.0,0.0,,3200000.0,0.0,3200000.0,0.0,,lot_policy_enabled
11,CMP-00000005-M-1430-item:268967-D3,M-1430,item:268967,delay_input_shortage,input_shortage,5138.422991,107800.0,0.0,5138.422991,107800.0,item:333362,107800.0,107800.0,107800.0,107800.0,58,lot_policy_enabled
11,CMP-00000018-M-1810-item:268091-D11,M-1810,item:268091,start_campaign,none,6315.058326,14400.0,14400.0,0.0,0.0,,14400.0,0.0,14400.0,0.0,,lot_policy_enabled
12,CMP-00000005-M-1430-item:268967-D3,M-1430,item:268967,delay_input_shortage,input_shortage,4840.566231,107800.0,0.0,4840.566231,107800.0,item:333362,107800.0,107800.0,107800.0,107800.0,58,lot_policy_enabled
12,CMP-00000019-M-1810-item:268091-D12,M-1810,item:268091,start_campaign,none,6638.407584,14400.0,14400.0,0.0,0.0,,14400.0,0.0,14400.0,0.0,,lot_policy_enabled
12,CMP-00000020-SDC-1450-item:773474-D12,SDC-1450,item:773474,start_campaign,none,1961909.8576,3200000.0,3200000.0,0.0,0.0,,3200000.0,0.0,3200000.0,0.0,,lot_policy_enabled
13,CMP-00000005-M-1430-item:268967-D3,M-1430,item:268967,delay_input_shortage,input_shortage,4542.49692,107800.0,0.0,4542.49692,107800.0,item:333362,107800.0,107800.0,107800.0,107800.0,58,lot_policy_enabled
13,CMP-00000021-M-1810-item:268091-D13,M-1810,item:268091,start_campaign,none,6961.722333,14400.0,14400.0,0.0,0.0,,14400.0,0.0,14400.0,0.0,,lot_policy_enabled
14,CMP-00000005-M-1430-item:268967-D3,M-1430,item:268967,delay_input_shortage,input_shortage,4244.385098,107800.0,0.0,4244.385098,107800.0,item:333362,107800.0,107800.0,107800.0,107800.0,58,lot_policy_enabled
14,CMP-00000022-M-1810-item:268091-D14,M-1810,item:268091,start_campaign,none,7285.030181,14400.0,14400.0,0.0,0.0,,14400.0,0.0,14400.0,0.0,,lot_policy_enabled
14,CMP-00000023-SDC-1450-item:773474-D14,SDC-1450,item:773474,start_campaign,none,1965428.2576,3200000.0,3200000.0,0.0,0.0,,3200000.0,0.0,3200000.0,0.0,,lot_policy_enabled
15,CMP-00000005-M-1430-item:268967-D3,M-1430,item:268967,delay_input_shortage,input_shortage,4154.90151,107800.0,0.0,4154.90151,107800.0,item:333362,107800.0,107800.0,107800.0,107800.0,58,lot_policy_enabled
15,CMP-00000024-M-1810-item:268091-D15,M-1810,item:268091,start_campaign,none,7841.78971,14400.0,14400.0,0.0,0.0,,14400.0,0.0,14400.0,0.0,,lot_policy_enabled
16,CMP-00000005-M-1430-item:268967-D3,M-1430,item:268967,delay_input_shortage,input_shortage,4107.143567,107800.0,0.0,4107.143567,107800.0,item:333362,107800.0,107800.0,107800.0,107800.0,58,lot_policy_enabled
16,CMP-00000025-M-1810-item:268091-D16,M-1810,item:268091,start_campaign,none,8445.239575,14400.0,14400.0,0.0,0.0,,14400.0,0.0,14400.0,0.0,,lot_policy_enabled
16,CMP-00000026-SDC-1450-item:773474-D16,SDC-1450,item:773474,start_campaign,none,1967680.0576,3200000.0,3200000.0,0.0,0.0,,3200000.0,0.0,3200000.0,0.0,,lot_policy_enabled
17,CMP-00000005-M-1430-item:268967-D3,M-1430,item:268967,delay_input_shortage,input_shortage,4067.730755,107800.0,0.0,4067.730755,107800.0,item:333362,107800.0,107800.0,107800.0,107800.0,58,lot_policy_enabled
17,CMP-00000027-M-1810-item:268091-D17,M-1810,item:268091,start_campaign,none,9058.027507,14400.0,14400.0,0.0,0.0,,14400.0,0.0,14400.0,0.0,,lot_policy_enabled
18,CMP-00000005-M-1430-item:268967-D3,M-1430,item:268967,delay_input_shortage,input_shortage,4029.986967,107800.0,0.0,4029.986967,107800.0,item:333362,107800.0,107800.0,107800.0,107800.0,58,lot_policy_enabled
18,CMP-00000028-M-1810-item:268091-D18,M-1810,item:268091,start_campaign,none,9672.683053,14400.0,14400.0,0.0,0.0,,14400.0,0.0,14400.0,0.0,,lot_policy_enabled
18,CMP-00000029-SDC-1450-item:773474-D18,SDC-1450,item:773474,start_campaign,none,1969121.2576,3200000.0,3200000.0,0.0,0.0,,3200000.0,0.0,3200000.0,0.0,,lot_policy_enabled
19,CMP-00000005-M-1430-item:268967-D3,M-1430,item:268967,delay_input_shortage,input_shortage,3992.576986,107800.0,0.0,3992.576986,107800.0,item:333362,107800.0,107800.0,107800.0,107800.0,58,lot_policy_enabled
20,CMP-00000005-M-1430-item:268967-D3,M-1430,item:268967,delay_input_shortage,input_shortage,3955.233765,107800.0,0.0,3955.233765,107800.0,item:333362,107800.0,107800.0,107800.0,107800.0,58,lot_policy_enabled
20,CMP-00000030-M-1810-item:268091-D20,M-1810,item:268091,start_campaign,none,8845.27347,14400.0,14400.0,0.0,0.0,,14400.0,0.0,14400.0,0.0,,lot_policy_enabled
20,CMP-00000031-SDC-1450-item:773474-D20,SDC-1450,item:773474,start_campaign,none,1970043.6576,3200000.0,3200000.0,0.0,0.0,,3200000.0,0.0,3200000.0,0.0,,lot_policy_enabled
21,CMP-00000005-M-1430-item:268967-D3,M-1430,item:268967,delay_input_shortage,input_shortage,3917.903896,107800.0,0.0,3917.903896,107800.0,item:333362,107800.0,107800.0,107800.0,107800.0,58,lot_policy_enabled
22,CMP-00000005-M-1430-item:268967-D3,M-1430,item:268967,delay_input_shortage,input_shortage,4026.290984,107800.0,0.0,4026.290984,107800.0,item:333362,107800.0,107800.0,107800.0,107800.0,58,lot_policy_enabled
22,CMP-00000032-M-1810-item:268091-D22,M-1810,item:268091,start_campaign,none,9184.653061,14400.0,14400.0,0.0,0.0,,14400.0,0.0,14400.0,0.0,,lot_policy_enabled
22,CMP-00000033-SDC-1450-item:773474-D22,SDC-1450,item:773474,start_campaign,none,1970633.8576,3200000.0,3200000.0,0.0,0.0,,3200000.0,0.0,3200000.0,0.0,,lot_policy_enabled
23,CMP-00000005-M-1430-item:268967-D3,M-1430,item:268967,delay_input_shortage,input_shortage,4163.821462,107800.0,0.0,4163.821462,107800.0,item:333362,107800.0,107800.0,107800.0,107800.0,58,lot_policy_enabled
24,CMP-00000005-M-1430-item:268967-D3,M-1430,item:268967,delay_input_shortage,input_shortage,4307.180619,107800.0,0.0,4307.180619,107800.0,item:333362,107800.0,107800.0,107800.0,107800.0,58,lot_policy_enabled
24,CMP-00000034-SDC-1450-item:773474-D24,SDC-1450,item:773474,start_campaign,none,1971011.6576,3200000.0,3200000.0,0.0,0.0,,3200000.0,0.0,3200000.0,0.0,,lot_policy_enabled
25,CMP-00000005-M-1430-item:268967-D3,M-1430,item:268967,delay_input_shortage,input_shortage,4451.705512,107800.0,0.0,4451.705512,107800.0,item:333362,107800.0,107800.0,107800.0,107800.0,58,lot_policy_enabled
26,CMP-00000005-M-1430-item:268967-D3,M-1430,item:268967,delay_input_shortage,input_shortage,4596.463551,107800.0,0.0,4596.463551,107800.0,item:333362,107800.0,107800.0,107800.0,107800.0,58,lot_policy_enabled
26,CMP-00000035-SDC-1450-item:773474-D26,SDC-1450,item:773474,start_campaign,none,1971253.2576,3200000.0,3200000.0,0.0,0.0,,3200000.0,0.0,3200000.0,0.0,,lot_policy_enabled
27,CMP-00000005-M-1430-item:268967-D3,M-1430,item:268967,delay_input_shortage,input_shortage,4741.26822,107800.0,0.0,4741.26822,107800.0,item:333362,107800.0,107800.0,107800.0,107800.0,58,lot_policy_enabled
28,CMP-00000005-M-1430-item:268967-D3,M-1430,item:268967,delay_input_shortage,input_shortage,4886.082215,107800.0,0.0,4886.082215,107800.0,item:333362,107800.0,107800.0,107800.0,107800.0,58,lot_policy_enabled
28,CMP-00000036-SDC-1450-item:773474-D28,SDC-1450,item:773474,start_campaign,none,1971408.0576,3200000.0,3200000.0,0.0,0.0,,3200000.0,0.0,3200000.0,0.0,,lot_policy_enabled
29,CMP-00000005-M-1430-item:268967-D3,M-1430,item:268967,delay_input_shortage,input_shortage,4790.767463,107800.0,0.0,4790.767463,107800.0,item:333362,107800.0,107800.0,107800.0,107800.0,58,lot_policy_enabled
30,CMP-00000005-M-1430-item:268967-D3,M-1430,item:268967,delay_input_shortage,input_shortage,4647.426962,107800.0,0.0,4647.426962,107800.0,item:333362,107800.0,107800.0,107800.0,107800.0,58,lot_policy_enabled
30,CMP-00000037-SDC-1450-item:773474-D30,SDC-1450,item:773474,start_campaign,none,1971507.0576,3200000.0,3200000.0,0.0,0.0,,3200000.0,0.0,3200000.0,0.0,,lot_policy_enabled
31,CMP-00000005-M-1430-item:268967-D3,M-1430,item:268967,delay_input_shortage,input_shortage,4494.481311,107800.0,0.0,4494.481311,107800.0,item:333362,107800.0,107800.0,107800.0,107800.0,58,lot_policy_enabled
32,CMP-00000005-M-1430-item:268967-D3,M-1430,item:268967,delay_input_shortage,input_shortage,4339.614629,107800.0,0.0,4339.614629,107800.0,item:333362,107800.0,107800.0,107800.0,107800.0,58,lot_policy_enabled
32,CMP-00000038-SDC-1450-item:773474-D32,SDC-1450,item:773474,start_campaign,none,1971570.4576,3200000.0,3200000.0,0.0,0.0,,3200000.0,0.0,3200000.0,0.0,,lot_policy_enabled
33,CMP-00000005-M-1430-item:268967-D3,M-1430,item:268967,delay_input_shortage,input_shortage,4184.363742,107800.0,0.0,4184.363742,107800.0,item:333362,107800.0,107800.0,107800.0,107800.0,58,lot_policy_enabled
34,CMP-00000005-M-1430-item:268967-D3,M-1430,item:268967,delay_input_shortage,input_shortage,4029.036014,107800.0,0.0,4029.036014,107800.0,item:333362,107800.0,107800.0,107800.0,107800.0,58,lot_policy_enabled
34,CMP-00000039-SDC-1450-item:773474-D34,SDC-1450,item:773474,start_campaign,none,1971610.8576,3200000.0,3200000.0,0.0,0.0,,3200000.0,0.0,3200000.0,0.0,,lot_policy_enabled
35,CMP-00000005-M-1430-item:268967-D3,M-1430,item:268967,delay_input_shortage,input_shortage,3873.692917,107800.0,0.0,3873.692917,107800.0,item:333362,107800.0,107800.0,107800.0,107800.0,58,lot_policy_enabled
36,CMP-00000005-M-1430-item:268967-D3,M-1430,item:268967,delay_input_shortage,input_shortage,4187.456951,107800.0,0.0,4187.456951,107800.0,item:333362,107800.0,107800.0,107800.0,107800.0,58,lot_policy_enabled
36,CMP-00000040-SDC-1450-item:773474-D36,SDC-1450,item:773474,start_campaign,none,1971636.8576,3200000.0,3200000.0,0.0,0.0,,3200000.0,0.0,3200000.0,0.0,,lot_policy_enabled
37,CMP-00000005-M-1430-item:268967-D3,M-1430,item:268967,delay_input_shortage,input_shortage,4595.042411,107800.0,0.0,4595.042411,107800.0,item:333362,107800.0,107800.0,107800.0,107800.0,58,lot_policy_enabled
38,CMP-00000005-M-1430-item:268967-D3,M-1430,item:268967,delay_input_shortage,input_shortage,5021.392156,107800.0,0.0,5021.392156,107800.0,item:333362,107800.0,107800.0,107800.0,107800.0,58,lot_policy_enabled
38,CMP-00000041-SDC-1450-item:773474-D38,SDC-1450,item:773474,start_campaign,none,1971653.4576,3200000.0,3200000.0,0.0,0.0,,3200000.0,0.0,3200000.0,0.0,,lot_policy_enabled
39,CMP-00000005-M-1430-item:268967-D3,M-1430,item:268967,delay_input_shortage,input_shortage,5451.494758,107800.0,0.0,5451.494758,107800.0,item:333362,107800.0,107800.0,107800.0,107800.0,58,lot_policy_enabled
40,CMP-00000005-M-1430-item:268967-D3,M-1430,item:268967,delay_input_shortage,input_shortage,5882.347931,107800.0,0.0,5882.347931,107800.0,item:333362,107800.0,107800.0,107800.0,107800.0,58,lot_policy_enabled
40,CMP-00000042-SDC-1450-item:773474-D40,SDC-1450,item:773474,start_campaign,none,1971664.0576,3200000.0,3200000.0,0.0,0.0,,3200000.0,0.0,3200000.0,0.0,,lot_policy_enabled
41,CMP-00000005-M-1430-item:268967-D3,M-1430,item:268967,delay_input_shortage,input_shortage,6313.351219,107800.0,0.0,6313.351219,107800.0,item:333362,107800.0,107800.0,107800.0,107800.0,58,lot_policy_enabled
42,CMP-00000005-M-1430-item:268967-D3,M-1430,item:268967,delay_input_shortage,input_shortage,6744.384529,107800.0,0.0,6744.384529,107800.0,item:333362,107800.0,107800.0,107800.0,107800.0,58,lot_policy_enabled
42,CMP-00000043-SDC-1450-item:773474-D42,SDC-1450,item:773474,start_campaign,none,1971670.8576,3200000.0,3200000.0,0.0,0.0,,3200000.0,0.0,3200000.0,0.0,,lot_policy_enabled
43,CMP-00000005-M-1430-item:268967-D3,M-1430,item:268967,delay_input_shortage,input_shortage,6559.472824,107800.0,0.0,6559.472824,107800.0,item:333362,107800.0,107800.0,107800.0,107800.0,58,lot_policy_enabled
44,CMP-00000005-M-1430-item:268967-D3,M-1430,item:268967,delay_input_shortage,input_shortage,6251.372116,107800.0,0.0,6251.372116,107800.0,item:333362,107800.0,107800.0,107800.0,107800.0,58,lot_policy_enabled
44,CMP-00000044-SDC-1450-item:773474-D44,SDC-1450,item:773474,start_campaign,none,1971675.2576,3200000.0,3200000.0,0.0,0.0,,3200000.0,0.0,3200000.0,0.0,,lot_policy_enabled
45,CMP-00000005-M-1430-item:268967-D3,M-1430,item:268967,delay_input_shortage,input_shortage,5918.633607,107800.0,0.0,5918.633607,107800.0,item:333362,107800.0,107800.0,107800.0,107800.0,58,lot_policy_enabled
46,CMP-00000005-M-1430-item:268967-D3,M-1430,item:268967,delay_input_shortage,input_shortage,5580.967538,107800.0,0.0,5580.967538,107800.0,item:333362,107800.0,107800.0,107800.0,107800.0,58,lot_policy_enabled
46,CMP-00000045-SDC-1450-item:773474-D46,SDC-1450,item:773474,start_campaign,none,1971678.0576,3200000.0,3200000.0,0.0,0.0,,3200000.0,0.0,3200000.0,0.0,,lot_policy_enabled
47,CMP-00000005-M-1430-item:268967-D3,M-1430,item:268967,delay_input_shortage,input_shortage,5242.315957,107800.0,0.0,5242.315957,107800.0,item:333362,107800.0,107800.0,107800.0,107800.0,58,lot_policy_enabled
48,CMP-00000005-M-1430-item:268967-D3,M-1430,item:268967,delay_input_shortage,input_shortage,4903.467273,107800.0,0.0,4903.467273,107800.0,item:333362,107800.0,107800.0,107800.0,107800.0,58,lot_policy_enabled
48,CMP-00000046-SDC-1450-item:773474-D48,SDC-1450,item:773474,start_campaign,none,1971679.8576,3200000.0,3200000.0,0.0,0.0,,3200000.0,0.0,3200000.0,0.0,,lot_policy_enabled
49,CMP-00000005-M-1430-item:268967-D3,M-1430,item:268967,delay_input_shortage,input_shortage,4564.579169,107800.0,0.0,4564.579169,107800.0,item:333362,107800.0,107800.0,107800.0,107800.0,58,lot_policy_enabled
50,CMP-00000005-M-1430-item:268967-D3,M-1430,item:268967,delay_input_shortage,input_shortage,4734.385222,107800.0,0.0,4734.385222,107800.0,item:333362,107800.0,107800.0,107800.0,107800.0,58,lot_policy_enabled
50,CMP-00000047-SDC-1450-item:773474-D50,SDC-1450,item:773474,start_campaign,none,1971681.0576,3200000.0,3200000.0,0.0,0.0,,3200000.0,0.0,3200000.0,0.0,,lot_policy_enabled
51,CMP-00000005-M-1430-item:268967-D3,M-1430,item:268967,delay_input_shortage,input_shortage,5005.930106,107800.0,0.0,5005.930106,107800.0,item:333362,107800.0,107800.0,107800.0,107800.0,58,lot_policy_enabled
52,CMP-00000005-M-1430-item:268967-D3,M-1430,item:268967,delay_input_shortage,input_shortage,5297.822756,107800.0,0.0,5297.822756,107800.0,item:333362,107800.0,107800.0,107800.0,107800.0,58,lot_policy_enabled
52,CMP-00000048-SDC-1450-item:773474-D52,SDC-1450,item:773474,start_campaign,none,1971681.8576,3200000.0,3200000.0,0.0,0.0,,3200000.0,0.0,3200000.0,0.0,,lot_policy_enabled
53,CMP-00000005-M-1430-item:268967-D3,M-1430,item:268967,delay_input_shortage,input_shortage,5593.78496,107800.0,0.0,5593.78496,107800.0,item:333362,107800.0,107800.0,107800.0,107800.0,58,lot_policy_enabled
53,CMP-00000049-M-1810-item:268091-D53,M-1810,item:268091,start_campaign,none,11097.110204,14400.0,14400.0,0.0,0.0,,14400.0,0.0,14400.0,0.0,,lot_policy_enabled
54,CMP-00000005-M-1430-item:268967-D3,M-1430,item:268967,delay_input_shortage,input_shortage,5890.561074,107800.0,0.0,5890.561074,107800.0,item:333362,107800.0,107800.0,107800.0,107800.0,58,lot_policy_enabled
54,CMP-00000050-SDC-1450-item:773474-D54,SDC-1450,item:773474,start_campaign,none,1971682.2576,3200000.0,3200000.0,0.0,0.0,,3200000.0,0.0,3200000.0,0.0,,lot_policy_enabled
55,CMP-00000005-M-1430-item:268967-D3,M-1430,item:268967,delay_input_shortage,input_shortage,6187.49997,107800.0,0.0,6187.49997,107800.0,item:333362,107800.0,107800.0,107800.0,107800.0,58,lot_policy_enabled
56,CMP-00000005-M-1430-item:268967-D3,M-1430,item:268967,delay_input_shortage,input_shortage,6484.471423,107800.0,0.0,6484.471423,107800.0,item:333362,107800.0,107800.0,107800.0,107800.0,58,lot_policy_enabled
56,CMP-00000051-SDC-1450-item:773474-D56,SDC-1450,item:773474,start_campaign,none,1971682.6576,3200000.0,3200000.0,0.0,0.0,,3200000.0,0.0,3200000.0,0.0,,lot_policy_enabled
57,CMP-00000005-M-1430-item:268967-D3,M-1430,item:268967,delay_input_shortage,input_shortage,6254.412652,107800.0,0.0,6254.412652,107800.0,item:333362,107800.0,107800.0,107800.0,107800.0,58,lot_policy_enabled
58,CMP-00000005-M-1430-item:268967-D3,M-1430,item:268967,run_campaign_complete,none,5918.947837,107800.0,107800.0,0.0,0.0,,107800.0,0.0,107800.0,0.0,,lot_policy_enabled
58,CMP-00000052-SDC-1450-item:773474-D58,SDC-1450,item:773474,start_campaign,none,1971682.8576,3200000.0,3200000.0,0.0,0.0,,3200000.0,0.0,3200000.0,0.0,,lot_policy_enabled
59,CMP-00000053-M-1430-item:268967-D59,M-1430,item:268967,delay_input_shortage,input_shortage,5562.401812,107800.0,0.0,5562.401812,107800.0,item:333362,107800.0,107800.0,107800.0,107800.0,63,lot_policy_enabled
60,CMP-00000053-M-1430-item:268967-D59,M-1430,item:268967,delay_input_shortage,input_shortage,5201.639546,107800.0,0.0,5201.639546,107800.0,item:333362,107800.0,107800.0,107800.0,107800.0,63,lot_policy_enabled
60,CMP-00000054-SDC-1450-item:773474-D60,SDC-1450,item:773474,start_campaign,none,1971682.8576,3200000.0,3200000.0,0.0,0.0,,3200000.0,0.0,3200000.0,0.0,,lot_policy_enabled
61,CMP-00000053-M-1430-item:268967-D59,M-1430,item:268967,delay_input_shortage,input_shortage,4840.034032,107800.0,0.0,4840.034032,107800.0,item:333362,107800.0,107800.0,107800.0,107800.0,63,lot_policy_enabled
62,CMP-00000053-M-1430-item:268967-D59,M-1430,item:268967,delay_input_shortage,input_shortage,4478.259868,107800.0,0.0,4478.259868,107800.0,item:333362,107800.0,107800.0,107800.0,107800.0,63,lot_policy_enabled
63,CMP-00000053-M-1430-item:268967-D59,M-1430,item:268967,delay_input_shortage,input_shortage,4116.451974,107800.0,0.0,4116.451974,107800.0,item:730384,107800.0,107800.0,107800.0,107800.0,,lot_policy_enabled
64,CMP-00000053-M-1430-item:268967-D59,M-1430,item:268967,delay_input_shortage,input_shortage,4290.359782,107800.0,0.0,4290.359782,107800.0,item:730384,107800.0,107800.0,107800.0,107800.0,,lot_policy_enabled
64,CMP-00000055-SDC-1450-item:773474-D64,SDC-1450,item:773474,start_campaign,none,2053602.8576,3200000.0,3200000.0,0.0,0.0,,3200000.0,0.0,3200000.0,0.0,,lot_policy_enabled
65,CMP-00000053-M-1430-item:268967-D59,M-1430,item:268967,delay_input_shortage,input_shortage,4571.410732,107800.0,0.0,4571.410732,107800.0,item:730384,107800.0,107800.0,107800.0,107800.0,,lot_policy_enabled
66,CMP-00000053-M-1430-item:268967-D59,M-1430,item:268967,delay_input_shortage,input_shortage,4873.89031,107800.0,0.0,4873.89031,107800.0,item:730384,107800.0,107800.0,107800.0,107800.0,,lot_policy_enabled
66,CMP-00000056-SDC-1450-item:773474-D66,SDC-1450,item:773474,start_campaign,none,2024111.6576,3200000.0,3200000.0,0.0,0.0,,3200000.0,0.0,3200000.0,0.0,,lot_policy_enabled
67,CMP-00000053-M-1430-item:268967-D59,M-1430,item:268967,delay_input_shortage,input_shortage,5180.655613,107800.0,0.0,5180.655613,107800.0,item:730384,107800.0,107800.0,107800.0,107800.0,,lot_policy_enabled
68,CMP-00000053-M-1430-item:268967-D59,M-1430,item:268967,delay_input_shortage,input_shortage,5488.278061,107800.0,0.0,5488.278061,107800.0,item:730384,107800.0,107800.0,107800.0,107800.0,,lot_policy_enabled
68,CMP-00000057-SDC-1450-item:773474-D68,SDC-1450,item:773474,start_campaign,none,2005237.2576,3200000.0,3200000.0,0.0,0.0,,3200000.0,0.0,3200000.0,0.0,,lot_policy_enabled
69,CMP-00000053-M-1430-item:268967-D59,M-1430,item:268967,delay_input_shortage,input_shortage,5796.071939,107800.0,0.0,5796.071939,107800.0,item:730384,107800.0,107800.0,107800.0,107800.0,,lot_policy_enabled
70,CMP-00000053-M-1430-item:268967-D59,M-1430,item:268967,delay_input_shortage,input_shortage,6103.900102,107800.0,0.0,6103.900102,107800.0,item:730384,107800.0,107800.0,107800.0,107800.0,,lot_policy_enabled
70,CMP-00000058-SDC-1450-item:773474-D70,SDC-1450,item:773474,start_campaign,none,1993157.8576,3200000.0,3200000.0,0.0,0.0,,3200000.0,0.0,3200000.0,0.0,,lot_policy_enabled
71,CMP-00000053-M-1430-item:268967-D59,M-1430,item:268967,delay_input_shortage,input_shortage,5993.531041,107800.0,0.0,5993.531041,107800.0,item:730384,107800.0,107800.0,107800.0,107800.0,,lot_policy_enabled
72,CMP-00000053-M-1430-item:268967-D59,M-1430,item:268967,delay_input_shortage,input_shortage,5799.522535,107800.0,0.0,5799.522535,107800.0,item:730384,107800.0,107800.0,107800.0,107800.0,,lot_policy_enabled
72,CMP-00000059-SDC-1450-item:773474-D72,SDC-1450,item:773474,start_campaign,none,1985426.8576,3200000.0,3200000.0,0.0,0.0,,3200000.0,0.0,3200000.0,0.0,,lot_policy_enabled
73,CMP-00000053-M-1430-item:268967-D59,M-1430,item:268967,delay_input_shortage,input_shortage,5588.78614,107800.0,0.0,5588.78614,107800.0,item:730384,107800.0,107800.0,107800.0,107800.0,,lot_policy_enabled
74,CMP-00000053-M-1430-item:268967-D59,M-1430,item:268967,delay_input_shortage,input_shortage,5374.704167,107800.0,0.0,5374.704167,107800.0,item:730384,107800.0,107800.0,107800.0,107800.0,,lot_policy_enabled
74,CMP-00000060-SDC-1450-item:773474-D74,SDC-1450,item:773474,start_campaign,none,1980479.0576,3200000.0,3200000.0,0.0,0.0,,3200000.0,0.0,3200000.0,0.0,,lot_policy_enabled
75,CMP-00000053-M-1430-item:268967-D59,M-1430,item:268967,delay_input_shortage,input_shortage,5159.953078,107800.0,0.0,5159.953078,107800.0,item:730384,107800.0,107800.0,107800.0,107800.0,,lot_policy_enabled
76,CMP-00000053-M-1430-item:268967-D59,M-1430,item:268967,delay_input_shortage,input_shortage,4945.068166,107800.0,0.0,4945.068166,107800.0,item:730384,107800.0,107800.0,107800.0,107800.0,,lot_policy_enabled
76,CMP-00000061-SDC-1450-item:773474-D76,SDC-1450,item:773474,start_campaign,none,1977312.4576,3200000.0,3200000.0,0.0,0.0,,3200000.0,0.0,3200000.0,0.0,,lot_policy_enabled
77,CMP-00000053-M-1430-item:268967-D59,M-1430,item:268967,delay_input_shortage,input_shortage,4730.15649,107800.0,0.0,4730.15649,107800.0,item:730384,107800.0,107800.0,107800.0,107800.0,,lot_policy_enabled
78,CMP-00000053-M-1430-item:268967-D59,M-1430,item:268967,delay_input_shortage,input_shortage,4667.304767,107800.0,0.0,4667.304767,107800.0,item:730384,107800.0,107800.0,107800.0,107800.0,,lot_policy_enabled
78,CMP-00000062-SDC-1450-item:773474-D78,SDC-1450,item:773474,start_campaign,none,1975285.8576,3200000.0,3200000.0,0.0,0.0,,3200000.0,0.0,3200000.0,0.0,,lot_policy_enabled
79,CMP-00000053-M-1430-item:268967-D59,M-1430,item:268967,delay_input_shortage,input_shortage,4634.865035,107800.0,0.0,4634.865035,107800.0,item:730384,107800.0,107800.0,107800.0,107800.0,,lot_policy_enabled
80,CMP-00000053-M-1430-item:268967-D59,M-1430,item:268967,delay_input_shortage,input_shortage,4608.507701,107800.0,0.0,4608.507701,107800.0,item:730384,107800.0,107800.0,107800.0,107800.0,,lot_policy_enabled
80,CMP-00000063-SDC-1450-item:773474-D80,SDC-1450,item:773474,start_campaign,none,1973988.8576,3200000.0,3200000.0,0.0,0.0,,3200000.0,0.0,3200000.0,0.0,,lot_policy_enabled
81,CMP-00000053-M-1430-item:268967-D59,M-1430,item:268967,delay_input_shortage,input_shortage,4583.366846,107800.0,0.0,4583.366846,107800.0,item:730384,107800.0,107800.0,107800.0,107800.0,,lot_policy_enabled
82,CMP-00000053-M-1430-item:268967-D59,M-1430,item:268967,delay_input_shortage,input_shortage,4558.469288,107800.0,0.0,4558.469288,107800.0,item:730384,107800.0,107800.0,107800.0,107800.0,,lot_policy_enabled
82,CMP-00000064-SDC-1450-item:773474-D82,SDC-1450,item:773474,delay_input_shortage,input_shortage,1973158.8576,3200000.0,0.0,1973158.8576,3200000.0,item:021081,3200000.0,3200000.0,3200000.0,3200000.0,112,lot_policy_enabled
83,CMP-00000053-M-1430-item:268967-D59,M-1430,item:268967,delay_input_shortage,input_shortage,4533.620388,107800.0,0.0,4533.620388,107800.0,item:730384,107800.0,107800.0,107800.0,107800.0,,lot_policy_enabled
83,CMP-00000064-SDC-1450-item:773474-D82,SDC-1450,item:773474,delay_input_shortage,input_shortage,2595051.02912,3200000.0,0.0,2595051.02912,3200000.0,item:021081,3200000.0,3200000.0,3200000.0,3200000.0,112,lot_policy_enabled
84,CMP-00000053-M-1430-item:268967-D59,M-1430,item:268967,delay_input_shortage,input_shortage,4508.781221,107800.0,0.0,4508.781221,107800.0,item:730384,107800.0,107800.0,107800.0,107800.0,,lot_policy_enabled
84,CMP-00000064-SDC-1450-item:773474-D82,SDC-1450,item:773474,delay_input_shortage,input_shortage,2901237.863424,3200000.0,0.0,2901237.863424,3200000.0,item:021081,3200000.0,3200000.0,3200000.0,3200000.0,112,lot_policy_enabled
85,CMP-00000053-M-1430-item:268967-D59,M-1430,item:268967,delay_input_shortage,input_shortage,4541.935836,107800.0,0.0,4541.935836,107800.0,item:730384,107800.0,107800.0,107800.0,107800.0,,lot_policy_enabled
85,CMP-00000064-SDC-1450-item:773474-D82,SDC-1450,item:773474,delay_input_shortage,input_shortage,3107921.830285,3200000.0,0.0,3107921.830285,3200000.0,item:021081,3200000.0,3200000.0,3200000.0,3200000.0,112,lot_policy_enabled
86,CMP-00000053-M-1430-item:268967-D59,M-1430,item:268967,delay_input_shortage,input_shortage,4586.689208,107800.0,0.0,4586.689208,107800.0,item:730384,107800.0,107800.0,107800.0,107800.0,,lot_policy_enabled
86,CMP-00000064-SDC-1450-item:773474-D82,SDC-1450,item:773474,delay_input_shortage,input_shortage,3265616.023657,3200000.0,0.0,3265616.023657,3200000.0,item:021081,3200000.0,3200000.0,3200000.0,3200000.0,112,lot_policy_enabled
87,CMP-00000053-M-1430-item:268967-D59,M-1430,item:268967,delay_input_shortage,input_shortage,4633.762332,107800.0,0.0,4633.762332,107800.0,item:730384,107800.0,107800.0,107800.0,107800.0,,lot_policy_enabled
87,CMP-00000064-SDC-1450-item:773474-D82,SDC-1450,item:773474,delay_input_shortage,input_shortage,3390240.662331,3200000.0,0.0,3390240.662331,3200000.0,item:021081,3200000.0,3200000.0,3200000.0,3200000.0,112,lot_policy_enabled
88,CMP-00000053-M-1430-item:268967-D59,M-1430,item:268967,delay_input_shortage,input_shortage,4681.299405,107800.0,0.0,4681.299405,107800.0,item:730384,107800.0,107800.0,107800.0,107800.0,,lot_policy_enabled
88,CMP-00000064-SDC-1450-item:773474-D82,SDC-1450,item:773474,delay_input_shortage,input_shortage,3489634.190066,3200000.0,0.0,3489634.190066,3200000.0,item:021081,3200000.0,3200000.0,3200000.0,3200000.0,112,lot_policy_enabled
89,CMP-00000053-M-1430-item:268967-D59,M-1430,item:268967,delay_input_shortage,input_shortage,4728.929269,107800.0,0.0,4728.929269,107800.0,item:730384,107800.0,107800.0,107800.0,107800.0,,lot_policy_enabled
89,CMP-00000064-SDC-1450-item:773474-D82,SDC-1450,item:773474,delay_input_shortage,input_shortage,3569087.895613,3200000.0,0.0,3569087.895613,3200000.0,item:021081,3200000.0,3200000.0,3200000.0,3200000.0,112,lot_policy_enabled
90,CMP-00000053-M-1430-item:268967-D59,M-1430,item:268967,delay_input_shortage,input_shortage,4776.57769,107800.0,0.0,4776.57769,107800.0,item:730384,107800.0,107800.0,107800.0,107800.0,,lot_policy_enabled
90,CMP-00000064-SDC-1450-item:773474-D82,SDC-1450,item:773474,delay_input_shortage,input_shortage,3632638.636723,3200000.0,0.0,3632638.636723,3200000.0,item:021081,3200000.0,3200000.0,3200000.0,3200000.0,112,lot_policy_enabled
91,CMP-00000053-M-1430-item:268967-D59,M-1430,item:268967,delay_input_shortage,input_shortage,4824.229824,107800.0,0.0,4824.229824,107800.0,item:730384,107800.0,107800.0,107800.0,107800.0,,lot_policy_enabled
91,CMP-00000064-SDC-1450-item:773474-D82,SDC-1450,item:773474,delay_input_shortage,input_shortage,3683476.784945,3200000.0,0.0,3683476.784945,3200000.0,item:021081,3200000.0,3200000.0,3200000.0,3200000.0,112,lot_policy_enabled
92,CMP-00000053-M-1430-item:268967-D59,M-1430,item:268967,delay_input_shortage,input_shortage,4908.192903,107800.0,0.0,4908.192903,107800.0,item:730384,107800.0,107800.0,107800.0,107800.0,,lot_policy_enabled
92,CMP-00000064-SDC-1450-item:773474-D82,SDC-1450,item:773474,delay_input_shortage,input_shortage,3724146.814589,3200000.0,0.0,3724146.814589,3200000.0,item:021081,3200000.0,3200000.0,3200000.0,3200000.0,112,lot_policy_enabled
93,CMP-00000053-M-1430-item:268967-D59,M-1430,item:268967,delay_input_shortage,input_shortage,4999.418172,107800.0,0.0,4999.418172,107800.0,item:730384,107800.0,107800.0,107800.0,107800.0,,lot_policy_enabled
93,CMP-00000064-SDC-1450-item:773474-D82,SDC-1450,item:773474,delay_input_shortage,input_shortage,3756682.620518,3200000.0,0.0,3756682.620518,3200000.0,item:021081,3200000.0,3200000.0,3200000.0,3200000.0,112,lot_policy_enabled
94,CMP-00000053-M-1430-item:268967-D59,M-1430,item:268967,delay_input_shortage,input_shortage,5092.095879,107800.0,0.0,5092.095879,107800.0,item:730384,107800.0,107800.0,107800.0,107800.0,,lot_policy_enabled
94,CMP-00000064-SDC-1450-item:773474-D82,SDC-1450,item:773474,delay_input_shortage,input_shortage,3782711.381704,3200000.0,0.0,3782711.381704,3200000.0,item:021081,3200000.0,3200000.0,3200000.0,3200000.0,112,lot_policy_enabled
95,CMP-00000053-M-1430-item:268967-D59,M-1430,item:268967,delay_input_shortage,input_shortage,5185.064074,107800.0,0.0,5185.064074,107800.0,item:730384,107800.0,107800.0,107800.0,107800.0,,lot_policy_enabled
95,CMP-00000064-SDC-1450-item:773474-D82,SDC-1450,item:773474,delay_input_shortage,input_shortage,3803534.333941,3200000.0,0.0,3803534.333941,3200000.0,item:021081,3200000.0,3200000.0,3200000.0,3200000.0,112,lot_policy_enabled
96,CMP-00000053-M-1430-item:268967-D59,M-1430,item:268967,delay_input_shortage,input_shortage,5278.090365,107800.0,0.0,5278.090365,107800.0,item:730384,107800.0,107800.0,107800.0,107800.0,,lot_policy_enabled
96,CMP-00000064-SDC-1450-item:773474-D82,SDC-1450,item:773474,delay_input_shortage,input_shortage,3820192.724388,3200000.0,0.0,3820192.724388,3200000.0,item:021081,3200000.0,3200000.0,3200000.0,3200000.0,112,lot_policy_enabled
97,CMP-00000053-M-1430-item:268967-D59,M-1430,item:268967,delay_input_shortage,input_shortage,5371.128277,107800.0,0.0,5371.128277,107800.0,item:730384,107800.0,107800.0,107800.0,107800.0,,lot_policy_enabled
97,CMP-00000064-SDC-1450-item:773474-D82,SDC-1450,item:773474,delay_input_shortage,input_shortage,3833519.402478,3200000.0,0.0,3833519.402478,3200000.0,item:021081,3200000.0,3200000.0,3200000.0,3200000.0,112,lot_policy_enabled
98,CMP-00000053-M-1430-item:268967-D59,M-1430,item:268967,delay_input_shortage,input_shortage,5464.168512,107800.0,0.0,5464.168512,107800.0,item:730384,107800.0,107800.0,107800.0,107800.0,,lot_policy_enabled
98,CMP-00000064-SDC-1450-item:773474-D82,SDC-1450,item:773474,delay_input_shortage,input_shortage,3844180.738096,3200000.0,0.0,3844180.738096,3200000.0,item:021081,3200000.0,3200000.0,3200000.0,3200000.0,112,lot_policy_enabled
99,CMP-00000053-M-1430-item:268967-D59,M-1430,item:268967,delay_input_shortage,input_shortage,4855.641865,107800.0,0.0,4855.641865,107800.0,item:730384,107800.0,107800.0,107800.0,107800.0,,lot_policy_enabled
99,CMP-00000064-SDC-1450-item:773474-D82,SDC-1450,item:773474,delay_input_shortage,input_shortage,3852709.805219,3200000.0,0.0,3852709.805219,3200000.0,item:021081,3200000.0,3200000.0,3200000.0,3200000.0,112,lot_policy_enabled
100,CMP-00000053-M-1430-item:268967-D59,M-1430,item:268967,delay_input_shortage,input_shortage,4106.801842,107800.0,0.0,4106.801842,107800.0,item:730384,107800.0,107800.0,107800.0,107800.0,,lot_policy_enabled
100,CMP-00000064-SDC-1450-item:773474-D82,SDC-1450,item:773474,delay_input_shortage,input_shortage,3859533.018644,3200000.0,0.0,3859533.018644,3200000.0,item:021081,3200000.0,3200000.0,3200000.0,3200000.0,112,lot_policy_enabled
101,CMP-00000053-M-1430-item:268967-D59,M-1430,item:268967,delay_input_shortage,input_shortage,3329.899144,107800.0,0.0,3329.899144,107800.0,item:730384,107800.0,107800.0,107800.0,107800.0,,lot_policy_enabled
101,CMP-00000064-SDC-1450-item:773474-D82,SDC-1450,item:773474,delay_input_shortage,input_shortage,3864991.661329,3200000.0,0.0,3864991.661329,3200000.0,item:021081,3200000.0,3200000.0,3200000.0,3200000.0,112,lot_policy_enabled
102,CMP-00000053-M-1430-item:268967-D59,M-1430,item:268967,delay_input_shortage,input_shortage,2547.38391,107800.0,0.0,2547.38391,107800.0,item:730384,107800.0,107800.0,107800.0,107800.0,,lot_policy_enabled
102,CMP-00000064-SDC-1450-item:773474-D82,SDC-1450,item:773474,delay_input_shortage,input_shortage,3869358.589866,3200000.0,0.0,3869358.589866,3200000.0,item:021081,3200000.0,3200000.0,3200000.0,3200000.0,112,lot_policy_enabled
103,CMP-00000053-M-1430-item:268967-D59,M-1430,item:268967,delay_input_shortage,input_shortage,1763.74617,107800.0,0.0,1763.74617,107800.0,item:730384,107800.0,107800.0,107800.0,107800.0,,lot_policy_enabled
103,CMP-00000064-SDC-1450-item:773474-D82,SDC-1450,item:773474,delay_input_shortage,input_shortage,3872852.175573,3200000.0,0.0,3872852.175573,3200000.0,item:021081,3200000.0,3200000.0,3200000.0,3200000.0,112,lot_policy_enabled
104,CMP-00000053-M-1430-item:268967-D59,M-1430,item:268967,delay_input_shortage,input_shortage,979.883928,107800.0,0.0,979.883928,107800.0,item:730384,107800.0,107800.0,107800.0,107800.0,,lot_policy_enabled
104,CMP-00000064-SDC-1450-item:773474-D82,SDC-1450,item:773474,delay_input_shortage,input_shortage,3875646.892715,3200000.0,0.0,3875646.892715,3200000.0,item:021081,3200000.0,3200000.0,3200000.0,3200000.0,112,lot_policy_enabled
105,CMP-00000053-M-1430-item:268967-D59,M-1430,item:268967,delay_input_shortage,input_shortage,195.976786,107800.0,0.0,195.976786,107800.0,item:730384,107800.0,107800.0,107800.0,107800.0,,lot_policy_enabled
105,CMP-00000064-SDC-1450-item:773474-D82,SDC-1450,item:773474,delay_input_shortage,input_shortage,3877882.636143,3200000.0,0.0,3877882.636143,3200000.0,item:021081,3200000.0,3200000.0,3200000.0,3200000.0,112,lot_policy_enabled
106,CMP-00000053-M-1430-item:268967-D59,M-1430,item:268967,delay_input_shortage,input_shortage,39.195357,107800.0,0.0,39.195357,107800.0,item:730384,107800.0,107800.0,107800.0,107800.0,,lot_policy_enabled
106,CMP-00000064-SDC-1450-item:773474-D82,SDC-1450,item:773474,delay_input_shortage,input_shortage,3879671.384829,3200000.0,0.0,3879671.384829,3200000.0,item:021081,3200000.0,3200000.0,3200000.0,3200000.0,112,lot_policy_enabled
107,CMP-00000053-M-1430-item:268967-D59,M-1430,item:268967,delay_input_shortage,input_shortage,7.839071,107800.0,0.0,7.839071,107800.0,item:730384,107800.0,107800.0,107800.0,107800.0,,lot_policy_enabled
107,CMP-00000064-SDC-1450-item:773474-D82,SDC-1450,item:773474,delay_input_shortage,input_shortage,3881102.334566,3200000.0,0.0,3881102.334566,3200000.0,item:021081,3200000.0,3200000.0,3200000.0,3200000.0,112,lot_policy_enabled
108,CMP-00000053-M-1430-item:268967-D59,M-1430,item:268967,delay_input_shortage,input_shortage,1.567814,107800.0,0.0,1.567814,107800.0,item:730384,107800.0,107800.0,107800.0,107800.0,,lot_policy_enabled
108,CMP-00000064-SDC-1450-item:773474-D82,SDC-1450,item:773474,delay_input_shortage,input_shortage,3881388.524513,3200000.0,0.0,3881388.524513,3200000.0,item:021081,3200000.0,3200000.0,3200000.0,3200000.0,112,lot_policy_enabled
109,CMP-00000053-M-1430-item:268967-D59,M-1430,item:268967,delay_input_shortage,input_shortage,0.313563,107800.0,0.0,0.313563,107800.0,item:730384,107800.0,107800.0,107800.0,107800.0,,lot_policy_enabled
109,CMP-00000064-SDC-1450-item:773474-D82,SDC-1450,item:773474,delay_input_shortage,input_shortage,3881445.762503,3200000.0,0.0,3881445.762503,3200000.0,item:021081,3200000.0,3200000.0,3200000.0,3200000.0,112,lot_policy_enabled
110,CMP-00000053-M-1430-item:268967-D59,M-1430,item:268967,delay_input_shortage,input_shortage,0.062713,107800.0,0.0,0.062713,107800.0,item:730384,107800.0,107800.0,107800.0,107800.0,,lot_policy_enabled
110,CMP-00000064-SDC-1450-item:773474-D82,SDC-1450,item:773474,delay_input_shortage,input_shortage,3881457.210101,3200000.0,0.0,3881457.210101,3200000.0,item:021081,3200000.0,3200000.0,3200000.0,3200000.0,112,lot_policy_enabled
111,CMP-00000053-M-1430-item:268967-D59,M-1430,item:268967,delay_input_shortage,input_shortage,0.012543,107800.0,0.0,0.012543,107800.0,item:730384,107800.0,107800.0,107800.0,107800.0,,lot_policy_enabled
111,CMP-00000064-SDC-1450-item:773474-D82,SDC-1450,item:773474,delay_input_shortage,input_shortage,3881459.49962,3200000.0,0.0,3881459.49962,3200000.0,item:021081,3200000.0,3200000.0,3200000.0,3200000.0,112,lot_policy_enabled
112,CMP-00000053-M-1430-item:268967-D59,M-1430,item:268967,delay_input_shortage,input_shortage,0.002509,107800.0,0.0,0.002509,107800.0,item:730384,107800.0,107800.0,107800.0,107800.0,,lot_policy_enabled
112,CMP-00000064-SDC-1450-item:773474-D82,SDC-1450,item:773474,run_campaign_complete,none,3881459.957524,3200000.0,3200000.0,681459.957524,0.0,,3200000.0,0.0,3200000.0,0.0,,lot_policy_enabled
113,CMP-00000053-M-1430-item:268967-D59,M-1430,item:268967,delay_input_shortage,input_shortage,0.000502,107800.0,0.0,0.000502,107800.0,item:730384,107800.0,107800.0,107800.0,107800.0,,lot_policy_enabled
113,CMP-00000065-SDC-1450-item:773474-D113,SDC-1450,item:773474,start_campaign,none,3241460.049105,6400000.0,6400000.0,0.0,0.0,,6400000.0,0.0,6400000.0,0.0,,lot_policy_enabled
114,CMP-00000053-M-1430-item:268967-D59,M-1430,item:268967,delay_input_shortage,input_shortage,0.0001,107800.0,0.0,0.0001,107800.0,item:730384,107800.0,107800.0,107800.0,107800.0,,lot_policy_enabled
115,CMP-00000053-M-1430-item:268967-D59,M-1430,item:268967,delay_input_shortage,input_shortage,2e-05,107800.0,0.0,2e-05,107800.0,item:730384,107800.0,107800.0,107800.0,107800.0,,lot_policy_enabled
116,CMP-00000053-M-1430-item:268967-D59,M-1430,item:268967,delay_input_shortage,input_shortage,4e-06,107800.0,0.0,4e-06,107800.0,item:730384,107800.0,107800.0,107800.0,107800.0,,lot_policy_enabled
117,CMP-00000053-M-1430-item:268967-D59,M-1430,item:268967,delay_input_shortage,input_shortage,1e-06,107800.0,0.0,1e-06,107800.0,item:730384,107800.0,107800.0,107800.0,107800.0,,lot_policy_enabled
118,CMP-00000053-M-1430-item:268967-D59,M-1430,item:268967,delay_input_shortage,input_shortage,0.0,107800.0,0.0,0.0,107800.0,item:730384,107800.0,107800.0,107800.0,107800.0,,lot_policy_enabled
119,CMP-00000053-M-1430-item:268967-D59,M-1430,item:268967,delay_input_shortage,input_shortage,0.0,107800.0,0.0,0.0,107800.0,item:730384,107800.0,107800.0,107800.0,107800.0,,lot_policy_enabled
120,CMP-00000053-M-1430-item:268967-D59,M-1430,item:268967,delay_input_shortage,input_shortage,0.0,107800.0,0.0,0.0,107800.0,item:730384,107800.0,107800.0,107800.0,107800.0,,lot_policy_enabled
121,CMP-00000053-M-1430-item:268967-D59,M-1430,item:268967,delay_input_shortage,input_shortage,0.0,107800.0,0.0,0.0,107800.0,item:730384,107800.0,107800.0,107800.0,107800.0,,lot_policy_enabled
122,CMP-00000053-M-1430-item:268967-D59,M-1430,item:268967,delay_input_shortage,input_shortage,0.0,107800.0,0.0,0.0,107800.0,item:730384,107800.0,107800.0,107800.0,107800.0,,lot_policy_enabled
123,CMP-00000053-M-1430-item:268967-D59,M-1430,item:268967,delay_input_shortage,input_shortage,0.0,107800.0,0.0,0.0,107800.0,item:730384,107800.0,107800.0,107800.0,107800.0,,lot_policy_enabled
124,CMP-00000053-M-1430-item:268967-D59,M-1430,item:268967,delay_input_shortage,input_shortage,0.0,107800.0,0.0,0.0,107800.0,item:730384,107800.0,107800.0,107800.0,107800.0,,lot_policy_enabled
125,CMP-00000053-M-1430-item:268967-D59,M-1430,item:268967,delay_input_shortage,input_shortage,0.0,107800.0,0.0,0.0,107800.0,item:730384,107800.0,107800.0,107800.0,107800.0,,lot_policy_enabled
126,CMP-00000053-M-1430-item:268967-D59,M-1430,item:268967,delay_input_shortage,input_shortage,0.0,107800.0,0.0,0.0,107800.0,item:730384,107800.0,107800.0,107800.0,107800.0,,lot_policy_enabled
127,CMP-00000053-M-1430-item:268967-D59,M-1430,item:268967,delay_input_shortage,input_shortage,136.261224,107800.0,0.0,136.261224,107800.0,item:730384,107800.0,107800.0,107800.0,107800.0,,lot_policy_enabled
128,CMP-00000053-M-1430-item:268967-D59,M-1430,item:268967,delay_input_shortage,input_shortage,299.774694,107800.0,0.0,299.774694,107800.0,item:730384,107800.0,107800.0,107800.0,107800.0,,lot_policy_enabled
129,CMP-00000053-M-1430-item:268967-D59,M-1430,item:268967,delay_input_shortage,input_shortage,468.738612,107800.0,0.0,468.738612,107800.0,item:730384,107800.0,107800.0,107800.0,107800.0,,lot_policy_enabled
130,CMP-00000053-M-1430-item:268967-D59,M-1430,item:268967,delay_input_shortage,input_shortage,638.79262,107800.0,0.0,638.79262,107800.0,item:730384,107800.0,107800.0,107800.0,107800.0,,lot_policy_enabled
131,CMP-00000053-M-1430-item:268967-D59,M-1430,item:268967,delay_input_shortage,input_shortage,809.064646,107800.0,0.0,809.064646,107800.0,item:730384,107800.0,107800.0,107800.0,107800.0,,lot_policy_enabled
132,CMP-00000053-M-1430-item:268967-D59,M-1430,item:268967,delay_input_shortage,input_shortage,979.380276,107800.0,0.0,979.380276,107800.0,item:730384,107800.0,107800.0,107800.0,107800.0,,lot_policy_enabled
133,CMP-00000053-M-1430-item:268967-D59,M-1430,item:268967,delay_input_shortage,input_shortage,1149.704626,107800.0,0.0,1149.704626,107800.0,item:730384,107800.0,107800.0,107800.0,107800.0,,lot_policy_enabled
134,CMP-00000053-M-1430-item:268967-D59,M-1430,item:268967,delay_input_shortage,input_shortage,1427.083782,107800.0,0.0,1427.083782,107800.0,item:730384,107800.0,107800.0,107800.0,107800.0,,lot_policy_enabled
135,CMP-00000053-M-1430-item:268967-D59,M-1430,item:268967,delay_input_shortage,input_shortage,1725.873899,107800.0,0.0,1725.873899,107800.0,item:730384,107800.0,107800.0,107800.0,107800.0,,lot_policy_enabled
136,CMP-00000053-M-1430-item:268967-D59,M-1430,item:268967,delay_input_shortage,input_shortage,2028.946208,107800.0,0.0,2028.946208,107800.0,item:730384,107800.0,107800.0,107800.0,107800.0,,lot_policy_enabled
137,CMP-00000053-M-1430-item:268967-D59,M-1430,item:268967,delay_input_shortage,input_shortage,2332.874956,107800.0,0.0,2332.874956,107800.0,item:730384,107800.0,107800.0,107800.0,107800.0,,lot_policy_enabled
138,CMP-00000053-M-1430-item:268967-D59,M-1430,item:268967,delay_input_shortage,input_shortage,2636.974991,107800.0,0.0,2636.974991,107800.0,item:730384,107800.0,107800.0,107800.0,107800.0,,lot_policy_enabled
139,CMP-00000053-M-1430-item:268967-D59,M-1430,item:268967,delay_input_shortage,input_shortage,2941.109284,107800.0,0.0,2941.109284,107800.0,item:730384,107800.0,107800.0,107800.0,107800.0,,lot_policy_enabled
140,CMP-00000053-M-1430-item:268967-D59,M-1430,item:268967,delay_input_shortage,input_shortage,3245.250428,107800.0,0.0,3245.250428,107800.0,item:730384,107800.0,107800.0,107800.0,107800.0,,lot_policy_enabled
141,CMP-00000053-M-1430-item:268967-D59,M-1430,item:268967,delay_input_shortage,input_shortage,2926.503147,107800.0,0.0,2926.503147,107800.0,item:730384,107800.0,107800.0,107800.0,107800.0,,lot_policy_enabled
142,CMP-00000053-M-1430-item:268967-D59,M-1430,item:268967,delay_input_shortage,input_shortage,2483.17818,107800.0,0.0,2483.17818,107800.0,item:730384,107800.0,107800.0,107800.0,107800.0,,lot_policy_enabled
143,CMP-00000053-M-1430-item:268967-D59,M-1430,item:268967,delay_input_shortage,input_shortage,2014.937677,107800.0,0.0,2014.937677,107800.0,item:730384,107800.0,107800.0,107800.0,107800.0,,lot_policy_enabled
144,CMP-00000053-M-1430-item:268967-D59,M-1430,item:268967,delay_input_shortage,input_shortage,1541.714066,107800.0,0.0,1541.714066,107800.0,item:730384,107800.0,107800.0,107800.0,107800.0,,lot_policy_enabled
145,CMP-00000053-M-1430-item:268967-D59,M-1430,item:268967,delay_input_shortage,input_shortage,1067.493834,107800.0,0.0,1067.493834,107800.0,item:730384,107800.0,107800.0,107800.0,107800.0,,lot_policy_enabled
146,CMP-00000053-M-1430-item:268967-D59,M-1430,item:268967,delay_input_shortage,input_shortage,593.074277,107800.0,0.0,593.074277,107800.0,item:730384,107800.0,107800.0,107800.0,107800.0,,lot_policy_enabled
147,CMP-00000053-M-1430-item:268967-D59,M-1430,item:268967,delay_input_shortage,input_shortage,118.614855,107800.0,0.0,118.614855,107800.0,item:730384,107800.0,107800.0,107800.0,107800.0,,lot_policy_enabled
148,CMP-00000053-M-1430-item:268967-D59,M-1430,item:268967,delay_input_shortage,input_shortage,23.722971,107800.0,0.0,23.722971,107800.0,item:730384,107800.0,107800.0,107800.0,107800.0,,lot_policy_enabled
149,CMP-00000053-M-1430-item:268967-D59,M-1430,item:268967,delay_input_shortage,input_shortage,4.744594,107800.0,0.0,4.744594,107800.0,item:730384,107800.0,107800.0,107800.0,107800.0,,lot_policy_enabled
150,CMP-00000053-M-1430-item:268967-D59,M-1430,item:268967,delay_input_shortage,input_shortage,0.948919,107800.0,0.0,0.948919,107800.0,item:730384,107800.0,107800.0,107800.0,107800.0,,lot_policy_enabled
151,CMP-00000053-M-1430-item:268967-D59,M-1430,item:268967,delay_input_shortage,input_shortage,0.189784,107800.0,0.0,0.189784,107800.0,item:730384,107800.0,107800.0,107800.0,107800.0,,lot_policy_enabled
152,CMP-00000053-M-1430-item:268967-D59,M-1430,item:268967,delay_input_shortage,input_shortage,0.037957,107800.0,0.0,0.037957,107800.0,item:730384,107800.0,107800.0,107800.0,107800.0,,lot_policy_enabled
153,CMP-00000053-M-1430-item:268967-D59,M-1430,item:268967,delay_input_shortage,input_shortage,0.007591,107800.0,0.0,0.007591,107800.0,item:730384,107800.0,107800.0,107800.0,107800.0,,lot_policy_enabled
154,CMP-00000053-M-1430-item:268967-D59,M-1430,item:268967,delay_input_shortage,input_shortage,0.001518,107800.0,0.0,0.001518,107800.0,item:730384,107800.0,107800.0,107800.0,107800.0,,lot_policy_enabled
155,CMP-00000053-M-1430-item:268967-D59,M-1430,item:268967,delay_input_shortage,input_shortage,313.388059,107800.0,0.0,313.388059,107800.0,item:730384,107800.0,107800.0,107800.0,107800.0,,lot_policy_enabled
156,CMP-00000053-M-1430-item:268967-D59,M-1430,item:268967,delay_input_shortage,input_shortage,689.453122,107800.0,0.0,689.453122,107800.0,item:730384,107800.0,107800.0,107800.0,107800.0,,lot_policy_enabled
157,CMP-00000053-M-1430-item:268967-D59,M-1430,item:268967,delay_input_shortage,input_shortage,1078.05389,107800.0,0.0,1078.05389,107800.0,item:730384,107800.0,107800.0,107800.0,107800.0,,lot_policy_enabled
158,CMP-00000053-M-1430-item:268967-D59,M-1430,item:268967,delay_input_shortage,input_shortage,1469.161798,107800.0,0.0,1469.161798,107800.0,item:730384,107800.0,107800.0,107800.0,107800.0,,lot_policy_enabled
159,CMP-00000053-M-1430-item:268967-D59,M-1430,item:268967,delay_input_shortage,input_shortage,1860.771135,107800.0,0.0,1860.771135,107800.0,item:730384,107800.0,107800.0,107800.0,107800.0,,lot_policy_enabled
160,CMP-00000053-M-1430-item:268967-D59,M-1430,item:268967,delay_input_shortage,input_shortage,2252.480758,107800.0,0.0,2252.480758,107800.0,item:730384,107800.0,107800.0,107800.0,107800.0,,lot_policy_enabled
161,CMP-00000053-M-1430-item:268967-D59,M-1430,item:268967,delay_input_shortage,input_shortage,2644.210437,107800.0,0.0,2644.210437,107800.0,item:730384,107800.0,107800.0,107800.0,107800.0,,lot_policy_enabled
162,CMP-00000053-M-1430-item:268967-D59,M-1430,item:268967,delay_input_shortage,input_shortage,5116.156373,107800.0,0.0,5116.156373,107800.0,item:730384,107800.0,107800.0,107800.0,107800.0,,lot_policy_enabled
163,CMP-00000053-M-1430-item:268967-D59,M-1430,item:268967,delay_input_shortage,input_shortage,8004.14556,107800.0,0.0,8004.14556,107800.0,item:730384,107800.0,107800.0,107800.0,107800.0,,lot_policy_enabled
164,CMP-00000053-M-1430-item:268967-D59,M-1430,item:268967,delay_input_shortage,input_shortage,10975.343398,107800.0,0.0,10975.343398,107800.0,item:730384,107800.0,107800.0,107800.0,107800.0,,lot_policy_enabled
165,CMP-00000053-M-1430-item:268967-D59,M-1430,item:268967,delay_input_shortage,input_shortage,13963.182965,107800.0,0.0,13963.182965,107800.0,item:730384,107800.0,107800.0,107800.0,107800.0,,lot_policy_enabled
166,CMP-00000053-M-1430-item:268967-D59,M-1430,item:268967,delay_input_shortage,input_shortage,16954.350879,107800.0,0.0,16954.350879,107800.0,item:730384,107800.0,107800.0,107800.0,107800.0,,lot_policy_enabled
167,CMP-00000053-M-1430-item:268967-D59,M-1430,item:268967,delay_input_shortage,input_shortage,19946.184461,107800.0,0.0,19946.184461,107800.0,item:730384,107800.0,107800.0,107800.0,107800.0,,lot_policy_enabled
168,CMP-00000053-M-1430-item:268967-D59,M-1430,item:268967,delay_input_shortage,input_shortage,22938.151178,107800.0,0.0,22938.151178,107800.0,item:730384,107800.0,107800.0,107800.0,107800.0,,lot_policy_enabled
169,CMP-00000053-M-1430-item:268967-D59,M-1430,item:268967,delay_input_shortage,input_shortage,20945.703705,107800.0,0.0,20945.703705,107800.0,item:730384,107800.0,107800.0,107800.0,107800.0,,lot_policy_enabled
170,CMP-00000053-M-1430-item:268967-D59,M-1430,item:268967,delay_input_shortage,input_shortage,17956.373394,107800.0,0.0,17956.373394,107800.0,item:730384,107800.0,107800.0,107800.0,107800.0,,lot_policy_enabled
171,CMP-00000053-M-1430-item:268967-D59,M-1430,item:268967,delay_input_shortage,input_shortage,14767.666515,107800.0,0.0,14767.666515,107800.0,item:730384,107800.0,107800.0,107800.0,107800.0,,lot_policy_enabled
172,CMP-00000053-M-1430-item:268967-D59,M-1430,item:268967,delay_input_shortage,input_shortage,11539.084323,107800.0,0.0,11539.084323,107800.0,item:730384,107800.0,107800.0,107800.0,107800.0,,lot_policy_enabled
173,CMP-00000053-M-1430-item:268967-D59,M-1430,item:268967,delay_input_shortage,input_shortage,8302.527069,107800.0,0.0,8302.527069,107800.0,item:730384,107800.0,107800.0,107800.0,107800.0,,lot_policy_enabled
174,CMP-00000053-M-1430-item:268967-D59,M-1430,item:268967,delay_input_shortage,input_shortage,5064.374801,107800.0,0.0,5064.374801,107800.0,item:730384,107800.0,107800.0,107800.0,107800.0,,lot_policy_enabled
175,CMP-00000053-M-1430-item:268967-D59,M-1430,item:268967,delay_input_shortage,input_shortage,1825.903531,107800.0,0.0,1825.903531,107800.0,item:730384,107800.0,107800.0,107800.0,107800.0,,lot_policy_enabled
176,CMP-00000053-M-1430-item:268967-D59,M-1430,item:268967,delay_input_shortage,input_shortage,1119.156216,107800.0,0.0,1119.156216,107800.0,item:730384,107800.0,107800.0,107800.0,107800.0,,lot_policy_enabled
177,CMP-00000053-M-1430-item:268967-D59,M-1430,item:268967,delay_input_shortage,input_shortage,918.753692,107800.0,0.0,918.753692,107800.0,item:730384,107800.0,107800.0,107800.0,107800.0,,lot_policy_enabled
178,CMP-00000053-M-1430-item:268967-D59,M-1430,item:268967,delay_input_shortage,input_shortage,819.620126,107800.0,0.0,819.620126,107800.0,item:730384,107800.0,107800.0,107800.0,107800.0,,lot_policy_enabled
179,CMP-00000053-M-1430-item:268967-D59,M-1430,item:268967,delay_input_shortage,input_shortage,740.740352,107800.0,0.0,740.740352,107800.0,item:730384,107800.0,107800.0,107800.0,107800.0,,lot_policy_enabled
180,CMP-00000053-M-1430-item:268967-D59,M-1430,item:268967,delay_input_shortage,input_shortage,665.911336,107800.0,0.0,665.911336,107800.0,item:730384,107800.0,107800.0,107800.0,107800.0,,lot_policy_enabled
181,CMP-00000053-M-1430-item:268967-D59,M-1430,item:268967,delay_input_shortage,input_shortage,591.892472,107800.0,0.0,591.892472,107800.0,item:730384,107800.0,107800.0,107800.0,107800.0,234,lot_policy_enabled
182,CMP-00000053-M-1430-item:268967-D59,M-1430,item:268967,delay_input_shortage,input_shortage,518.035638,107800.0,0.0,518.035638,107800.0,item:730384,107800.0,107800.0,107800.0,107800.0,234,lot_policy_enabled
183,CMP-00000053-M-1430-item:268967-D59,M-1430,item:268967,delay_input_shortage,input_shortage,647.443862,107800.0,0.0,647.443862,107800.0,item:730384,107800.0,107800.0,107800.0,107800.0,234,lot_policy_enabled
184,CMP-00000053-M-1430-item:268967-D59,M-1430,item:268967,delay_input_shortage,input_shortage,817.505099,107800.0,0.0,817.505099,107800.0,item:730384,107800.0,107800.0,107800.0,107800.0,234,lot_policy_enabled
185,CMP-00000053-M-1430-item:268967-D59,M-1430,item:268967,delay_input_shortage,input_shortage,995.696938,107800.0,0.0,995.696938,107800.0,item:730384,107800.0,107800.0,107800.0,107800.0,234,lot_policy_enabled
186,CMP-00000053-M-1430-item:268967-D59,M-1430,item:268967,delay_input_shortage,input_shortage,1175.514898,107800.0,0.0,1175.514898,107800.0,item:730384,107800.0,107800.0,107800.0,107800.0,234,lot_policy_enabled
187,CMP-00000053-M-1430-item:268967-D59,M-1430,item:268967,delay_input_shortage,input_shortage,1355.658082,107800.0,0.0,1355.658082,107800.0,item:730384,107800.0,107800.0,107800.0,107800.0,234,lot_policy_enabled
188,CMP-00000053-M-1430-item:268967-D59,M-1430,item:268967,delay_input_shortage,input_shortage,1535.86631,107800.0,0.0,1535.86631,107800.0,item:730384,107800.0,107800.0,107800.0,107800.0,234,lot_policy_enabled
189,CMP-00000053-M-1430-item:268967-D59,M-1430,item:268967,delay_input_shortage,input_shortage,1716.087548,107800.0,0.0,1716.087548,107800.0,item:730384,107800.0,107800.0,107800.0,107800.0,234,lot_policy_enabled
190,CMP-00000053-M-1430-item:268967-D59,M-1430,item:268967,delay_input_shortage,input_shortage,2159.331795,107800.0,0.0,2159.331795,107800.0,item:730384,107800.0,107800.0,107800.0,107800.0,234,lot_policy_enabled
191,CMP-00000053-M-1430-item:268967-D59,M-1430,item:268967,delay_input_shortage,input_shortage,2655.180645,107800.0,0.0,2655.180645,107800.0,item:730384,107800.0,107800.0,107800.0,107800.0,234,lot_policy_enabled
192,CMP-00000053-M-1430-item:268967-D59,M-1430,item:268967,delay_input_shortage,input_shortage,3161.550415,107800.0,0.0,3161.550415,107800.0,item:730384,107800.0,107800.0,107800.0,107800.0,234,lot_policy_enabled
193,CMP-00000053-M-1430-item:268967-D59,M-1430,item:268967,delay_input_shortage,input_shortage,3670.024369,107800.0,0.0,3670.024369,107800.0,item:730384,107800.0,107800.0,107800.0,107800.0,234,lot_policy_enabled
194,CMP-00000053-M-1430-item:268967-D59,M-1430,item:268967,delay_input_shortage,input_shortage,4178.919159,107800.0,0.0,4178.919159,107800.0,item:730384,107800.0,107800.0,107800.0,107800.0,234,lot_policy_enabled
195,CMP-00000053-M-1430-item:268967-D59,M-1430,item:268967,delay_input_shortage,input_shortage,4687.898117,107800.0,0.0,4687.898117,107800.0,item:730384,107800.0,107800.0,107800.0,107800.0,234,lot_policy_enabled
196,CMP-00000053-M-1430-item:268967-D59,M-1430,item:268967,delay_input_shortage,input_shortage,5196.893909,107800.0,0.0,5196.893909,107800.0,item:730384,107800.0,107800.0,107800.0,107800.0,234,lot_policy_enabled
197,CMP-00000053-M-1430-item:268967-D59,M-1430,item:268967,delay_input_shortage,input_shortage,5909.468578,107800.0,0.0,5909.468578,107800.0,item:730384,107800.0,107800.0,107800.0,107800.0,234,lot_policy_enabled
198,CMP-00000053-M-1430-item:268967-D59,M-1430,item:268967,delay_input_shortage,input_shortage,6662.759021,107800.0,0.0,6662.759021,107800.0,item:730384,107800.0,107800.0,107800.0,107800.0,234,lot_policy_enabled
199,CMP-00000053-M-1430-item:268967-D59,M-1430,item:268967,delay_input_shortage,input_shortage,7424.19262,107800.0,0.0,7424.19262,107800.0,item:730384,107800.0,107800.0,107800.0,107800.0,234,lot_policy_enabled
200,CMP-00000053-M-1430-item:268967-D59,M-1430,item:268967,delay_input_shortage,input_shortage,8187.25485,107800.0,0.0,8187.25485,107800.0,item:730384,107800.0,107800.0,107800.0,107800.0,234,lot_policy_enabled
201,CMP-00000053-M-1430-item:268967-D59,M-1430,item:268967,delay_input_shortage,input_shortage,8950.642807,107800.0,0.0,8950.642807,107800.0,item:730384,107800.0,107800.0,107800.0,107800.0,234,lot_policy_enabled
202,CMP-00000053-M-1430-item:268967-D59,M-1430,item:268967,delay_input_shortage,input_shortage,9714.095908,107800.0,0.0,9714.095908,107800.0,item:730384,107800.0,107800.0,107800.0,107800.0,234,lot_policy_enabled
203,CMP-00000053-M-1430-item:268967-D59,M-1430,item:268967,delay_input_shortage,input_shortage,10477.562038,107800.0,0.0,10477.562038,107800.0,item:730384,107800.0,107800.0,107800.0,107800.0,234,lot_policy_enabled
204,CMP-00000053-M-1430-item:268967-D59,M-1430,item:268967,delay_input_shortage,input_shortage,10420.491999,107800.0,0.0,10420.491999,107800.0,item:730384,107800.0,107800.0,107800.0,107800.0,234,lot_policy_enabled
205,CMP-00000053-M-1430-item:268967-D59,M-1430,item:268967,delay_input_shortage,input_shortage,10199.314726,107800.0,0.0,10199.314726,107800.0,item:730384,107800.0,107800.0,107800.0,107800.0,234,lot_policy_enabled
206,CMP-00000053-M-1430-item:268967-D59,M-1430,item:268967,delay_input_shortage,input_shortage,9945.316006,107800.0,0.0,9945.316006,107800.0,item:730384,107800.0,107800.0,107800.0,107800.0,234,lot_policy_enabled
207,CMP-00000053-M-1430-item:268967-D59,M-1430,item:268967,delay_input_shortage,input_shortage,9684.752997,107800.0,0.0,9684.752997,107800.0,item:730384,107800.0,107800.0,107800.0,107800.0,234,lot_policy_enabled
208,CMP-00000053-M-1430-item:268967-D59,M-1430,item:268967,delay_input_shortage,input_shortage,9422.87713,107800.0,0.0,9422.87713,107800.0,item:730384,107800.0,107800.0,107800.0,107800.0,234,lot_policy_enabled
209,CMP-00000053-M-1430-item:268967-D59,M-1430,item:268967,delay_input_shortage,input_shortage,9160.738691,107800.0,0.0,9160.738691,107800.0,item:730384,107800.0,107800.0,107800.0,107800.0,234,lot_policy_enabled
210,CMP-00000053-M-1430-item:268967-D59,M-1430,item:268967,delay_input_shortage,input_shortage,8898.547738,107800.0,0.0,8898.547738,107800.0,item:730384,107800.0,107800.0,107800.0,107800.0,234,lot_policy_enabled
211,CMP-00000053-M-1430-item:268967-D59,M-1430,item:268967,delay_input_shortage,input_shortage,7971.758527,107800.0,0.0,7971.758527,107800.0,item:730384,107800.0,107800.0,107800.0,107800.0,234,lot_policy_enabled
212,CMP-00000053-M-1430-item:268967-D59,M-1430,item:268967,delay_input_shortage,input_shortage,6912.049665,107800.0,0.0,6912.049665,107800.0,item:730384,107800.0,107800.0,107800.0,107800.0,234,lot_policy_enabled
213,CMP-00000053-M-1430-item:268967-D59,M-1430,item:268967,delay_input_shortage,input_shortage,5825.756872,107800.0,0.0,5825.756872,107800.0,item:730384,107800.0,107800.0,107800.0,107800.0,234,lot_policy_enabled
214,CMP-00000053-M-1430-item:268967-D59,M-1430,item:268967,delay_input_shortage,input_shortage,4734.147292,107800.0,0.0,4734.147292,107800.0,item:730384,107800.0,107800.0,107800.0,107800.0,234,lot_policy_enabled
215,CMP-00000053-M-1430-item:268967-D59,M-1430,item:268967,delay_input_shortage,input_shortage,3641.474356,107800.0,0.0,3641.474356,107800.0,item:730384,107800.0,107800.0,107800.0,107800.0,234,lot_policy_enabled
216,CMP-00000053-M-1430-item:268967-D59,M-1430,item:268967,delay_input_shortage,input_shortage,2548.588748,107800.0,0.0,2548.588748,107800.0,item:730384,107800.0,107800.0,107800.0,107800.0,234,lot_policy_enabled
217,CMP-00000053-M-1430-item:268967-D59,M-1430,item:268967,delay_input_shortage,input_shortage,1455.660606,107800.0,0.0,1455.660606,107800.0,item:730384,107800.0,107800.0,107800.0,107800.0,234,lot_policy_enabled
218,CMP-00000053-M-1430-item:268967-D59,M-1430,item:268967,delay_input_shortage,input_shortage,1200.062733,107800.0,0.0,1200.062733,107800.0,item:730384,107800.0,107800.0,107800.0,107800.0,234,lot_policy_enabled
219,CMP-00000053-M-1430-item:268967-D59,M-1430,item:268967,delay_input_shortage,input_shortage,1111.930914,107800.0,0.0,1111.930914,107800.0,item:730384,107800.0,107800.0,107800.0,107800.0,234,lot_policy_enabled
220,CMP-00000053-M-1430-item:268967-D59,M-1430,item:268967,delay_input_shortage,input_shortage,1057.292305,107800.0,0.0,1057.292305,107800.0,item:730384,107800.0,107800.0,107800.0,107800.0,234,lot_policy_enabled
221,CMP-00000053-M-1430-item:268967-D59,M-1430,item:268967,delay_input_shortage,input_shortage,1009.352339,107800.0,0.0,1009.352339,107800.0,item:730384,107800.0,107800.0,107800.0,107800.0,234,lot_policy_enabled
222,CMP-00000053-M-1430-item:268967-D59,M-1430,item:268967,delay_input_shortage,input_shortage,962.752101,107800.0,0.0,962.752101,107800.0,item:730384,107800.0,107800.0,107800.0,107800.0,234,lot_policy_enabled
223,CMP-00000053-M-1430-item:268967-D59,M-1430,item:268967,delay_input_shortage,input_shortage,916.419808,107800.0,0.0,916.419808,107800.0,item:730384,107800.0,107800.0,107800.0,107800.0,234,lot_policy_enabled
224,CMP-00000053-M-1430-item:268967-D59,M-1430,item:268967,delay_input_shortage,input_shortage,870.141105,107800.0,0.0,870.141105,107800.0,item:730384,107800.0,107800.0,107800.0,107800.0,234,lot_policy_enabled
225,CMP-00000053-M-1430-item:268967-D59,M-1430,item:268967,delay_input_shortage,input_shortage,1150.811895,107800.0,0.0,1150.811895,107800.0,item:730384,107800.0,107800.0,107800.0,107800.0,234,lot_policy_enabled
226,CMP-00000053-M-1430-item:268967-D59,M-1430,item:268967,delay_input_shortage,input_shortage,1496.872583,107800.0,0.0,1496.872583,107800.0,item:730384,107800.0,107800.0,107800.0,107800.0,234,lot_policy_enabled
227,CMP-00000053-M-1430-item:268967-D59,M-1430,item:268967,delay_input_shortage,input_shortage,1856.011251,107800.0,0.0,1856.011251,107800.0,item:730384,107800.0,107800.0,107800.0,107800.0,234,lot_policy_enabled
228,CMP-00000053-M-1430-item:268967-D59,M-1430,item:268967,delay_input_shortage,input_shortage,2217.765516,107800.0,0.0,2217.765516,107800.0,item:730384,107800.0,107800.0,107800.0,107800.0,234,lot_policy_enabled
229,CMP-00000053-M-1430-item:268967-D59,M-1430,item:268967,delay_input_shortage,input_shortage,2580.042899,107800.0,0.0,2580.042899,107800.0,item:730384,107800.0,107800.0,107800.0,107800.0,234,lot_policy_enabled
230,CMP-00000053-M-1430-item:268967-D59,M-1430,item:268967,delay_input_shortage,input_shortage,2942.424906,107800.0,0.0,2942.424906,107800.0,item:730384,107800.0,107800.0,107800.0,107800.0,234,lot_policy_enabled
231,CMP-00000053-M-1430-item:268967-D59,M-1430,item:268967,delay_input_shortage,input_shortage,3304.827838,107800.0,0.0,3304.827838,107800.0,item:730384,107800.0,107800.0,107800.0,107800.0,234,lot_policy_enabled
232,CMP-00000053-M-1430-item:268967-D59,M-1430,item:268967,delay_input_shortage,input_shortage,4258.026792,107800.0,0.0,4258.026792,107800.0,item:730384,107800.0,107800.0,107800.0,107800.0,234,lot_policy_enabled
233,CMP-00000053-M-1430-item:268967-D59,M-1430,item:268967,delay_input_shortage,input_shortage,5329.38495,107800.0,0.0,5329.38495,107800.0,item:730384,107800.0,107800.0,107800.0,107800.0,234,lot_policy_enabled
234,CMP-00000053-M-1430-item:268967-D59,M-1430,item:268967,run_campaign_complete,none,6424.374949,107800.0,107800.0,0.0,0.0,,107800.0,0.0,107800.0,0.0,,lot_policy_enabled
234,CMP-00000066-M-1810-item:268091-D234,M-1810,item:268091,start_campaign,none,6294.302041,14400.0,14400.0,0.0,0.0,,14400.0,0.0,14400.0,0.0,,lot_policy_enabled
235,CMP-00000067-M-1430-item:268967-D235,M-1430,item:268967,start_campaign,none,7524.091316,107800.0,107800.0,0.0,0.0,,107800.0,0.0,107800.0,0.0,,lot_policy_enabled
235,CMP-00000068-M-1810-item:268091-D235,M-1810,item:268091,start_campaign,none,8234.958367,14400.0,14400.0,0.0,0.0,,14400.0,0.0,14400.0,0.0,,lot_policy_enabled
236,CMP-00000069-M-1430-item:268967-D236,M-1430,item:268967,start_campaign,none,8624.752957,107800.0,107800.0,0.0,0.0,,107800.0,0.0,107800.0,0.0,,lot_policy_enabled
236,CMP-00000070-M-1810-item:268091-D236,M-1810,item:268091,start_campaign,none,9304.885551,14400.0,14400.0,0.0,0.0,,14400.0,0.0,14400.0,0.0,,lot_policy_enabled
237,CMP-00000071-M-1430-item:268967-D237,M-1430,item:268967,start_campaign,none,9725.603653,107800.0,107800.0,0.0,0.0,,107800.0,0.0,107800.0,0.0,,lot_policy_enabled
237,CMP-00000072-M-1810-item:268091-D237,M-1810,item:268091,start_campaign,none,10200.666906,14400.0,14400.0,0.0,0.0,,14400.0,0.0,14400.0,0.0,,lot_policy_enabled
238,CMP-00000073-M-1430-item:268967-D238,M-1430,item:268967,start_campaign,none,10826.492159,107800.0,107800.0,0.0,0.0,,107800.0,0.0,107800.0,0.0,,lot_policy_enabled
238,CMP-00000074-M-1810-item:268091-D238,M-1810,item:268091,start_campaign,none,11061.619096,14400.0,14400.0,0.0,0.0,,14400.0,0.0,14400.0,0.0,,lot_policy_enabled
239,CMP-00000075-M-1430-item:268967-D239,M-1430,item:268967,start_campaign,none,9841.200473,107800.0,107800.0,0.0,0.0,,107800.0,0.0,107800.0,0.0,,lot_policy_enabled
239,CMP-00000076-M-1810-item:268091-D239,M-1810,item:268091,start_campaign,none,11033.483003,14400.0,14400.0,0.0,0.0,,14400.0,0.0,14400.0,0.0,,lot_policy_enabled
240,CMP-00000077-M-1430-item:268967-D240,M-1430,item:268967,start_campaign,none,8438.672748,107800.0,107800.0,0.0,0.0,,107800.0,0.0,107800.0,0.0,,lot_policy_enabled
240,CMP-00000078-M-1810-item:268091-D240,M-1810,item:268091,start_campaign,none,10827.529254,14400.0,14400.0,0.0,0.0,,14400.0,0.0,14400.0,0.0,,lot_policy_enabled
241,CMP-00000079-M-1430-item:268967-D241,M-1430,item:268967,start_campaign,none,6952.697815,107800.0,107800.0,0.0,0.0,,107800.0,0.0,107800.0,0.0,,lot_policy_enabled
241,CMP-00000080-M-1810-item:268091-D241,M-1810,item:268091,start_campaign,none,10586.011973,14400.0,14400.0,0.0,0.0,,14400.0,0.0,14400.0,0.0,,lot_policy_enabled
242,CMP-00000081-M-1430-item:268967-D242,M-1430,item:268967,start_campaign,none,5450.033441,107800.0,107800.0,0.0,0.0,,107800.0,0.0,107800.0,0.0,,lot_policy_enabled
243,CMP-00000082-M-1430-item:268967-D243,M-1430,item:268967,start_campaign,none,3944.031178,107800.0,107800.0,0.0,0.0,,107800.0,0.0,107800.0,0.0,,lot_policy_enabled
243,CMP-00000083-M-1810-item:268091-D243,M-1810,item:268091,start_campaign,none,8019.853061,14400.0,14400.0,0.0,0.0,,14400.0,0.0,14400.0,0.0,,lot_policy_enabled
244,CMP-00000084-M-1810-item:268091-D244,M-1810,item:268091,start_campaign,none,9423.497143,14400.0,14400.0,0.0,0.0,,14400.0,0.0,14400.0,0.0,,lot_policy_enabled
245,CMP-00000085-M-1810-item:268091-D245,M-1810,item:268091,start_campaign,none,9503.899429,14400.0,14400.0,0.0,0.0,,14400.0,0.0,14400.0,0.0,,lot_policy_enabled
247,CMP-00000086-M-1810-item:268091-D247,M-1810,item:268091,start_campaign,none,7520.032653,14400.0,14400.0,0.0,0.0,,14400.0,0.0,14400.0,0.0,,lot_policy_enabled
251,CMP-00000087-M-1810-item:268091-D251,M-1810,item:268091,start_campaign,none,7321.697959,14400.0,14400.0,0.0,0.0,,14400.0,0.0,14400.0,0.0,,lot_policy_enabled
252,CMP-00000088-M-1810-item:268091-D252,M-1810,item:268091,start_campaign,none,8736.453877,14400.0,14400.0,0.0,0.0,,14400.0,0.0,14400.0,0.0,,lot_policy_enabled
254,CMP-00000089-M-1810-item:268091-D254,M-1810,item:268091,start_campaign,none,7511.461224,14400.0,14400.0,0.0,0.0,,14400.0,0.0,14400.0,0.0,,lot_policy_enabled
255,CMP-00000090-M-1810-item:268091-D255,M-1810,item:268091,start_campaign,none,9133.426939,14400.0,14400.0,0.0,0.0,,14400.0,0.0,14400.0,0.0,,lot_policy_enabled
256,CMP-00000091-M-1810-item:268091-D256,M-1810,item:268091,start_campaign,none,9577.493551,14400.0,14400.0,0.0,0.0,,14400.0,0.0,14400.0,0.0,,lot_policy_enabled
257,CMP-00000092-M-1810-item:268091-D257,M-1810,item:268091,start_campaign,none,9785.980343,14400.0,14400.0,0.0,0.0,,14400.0,0.0,14400.0,0.0,,lot_policy_enabled
258,CMP-00000093-M-1810-item:268091-D258,M-1810,item:268091,start_campaign,none,9947.35117,14400.0,14400.0,0.0,0.0,,14400.0,0.0,14400.0,0.0,,lot_policy_enabled
259,CMP-00000094-M-1810-item:268091-D259,M-1810,item:268091,start_campaign,none,10099.298805,14400.0,14400.0,0.0,0.0,,14400.0,0.0,14400.0,0.0,,lot_policy_enabled
260,CMP-00000095-M-1810-item:268091-D260,M-1810,item:268091,start_campaign,none,10479.843434,14400.0,14400.0,0.0,0.0,,14400.0,0.0,14400.0,0.0,,lot_policy_enabled
261,CMP-00000096-M-1810-item:268091-D261,M-1810,item:268091,start_campaign,none,10906.107462,14400.0,14400.0,0.0,0.0,,14400.0,0.0,14400.0,0.0,,lot_policy_enabled
262,CMP-00000097-M-1810-item:268091-D262,M-1810,item:268091,start_campaign,none,11341.51537,14400.0,14400.0,0.0,0.0,,14400.0,0.0,14400.0,0.0,,lot_policy_enabled
263,CMP-00000098-M-1810-item:268091-D263,M-1810,item:268091,start_campaign,none,11778.752053,14400.0,14400.0,0.0,0.0,,14400.0,0.0,14400.0,0.0,,lot_policy_enabled
264,CMP-00000099-M-1810-item:268091-D264,M-1810,item:268091,start_campaign,none,12216.354492,14400.0,14400.0,0.0,0.0,,14400.0,0.0,14400.0,0.0,,lot_policy_enabled
266,CMP-00000100-M-1810-item:268091-D266,M-1810,item:268091,start_campaign,none,10560.914286,14400.0,14400.0,0.0,0.0,,14400.0,0.0,14400.0,0.0,,lot_policy_enabled
267,CMP-00000101-M-1810-item:268091-D267,M-1810,item:268091,start_campaign,none,12055.08898,14400.0,14400.0,0.0,0.0,,14400.0,0.0,14400.0,0.0,,lot_policy_enabled
268,CMP-00000102-M-1810-item:268091-D268,M-1810,item:268091,start_campaign,none,11735.915755,14400.0,14400.0,0.0,0.0,,14400.0,0.0,14400.0,0.0,,lot_policy_enabled
269,CMP-00000103-M-1810-item:268091-D269,M-1810,item:268091,start_campaign,none,11054.072947,14400.0,14400.0,0.0,0.0,,14400.0,0.0,14400.0,0.0,,lot_policy_enabled
270,CMP-00000104-M-1810-item:268091-D270,M-1810,item:268091,start_campaign,none,10299.696222,14400.0,14400.0,0.0,0.0,,14400.0,0.0,14400.0,0.0,,lot_policy_enabled
277,CMP-00000105-M-1810-item:268091-D277,M-1810,item:268091,start_campaign,none,6893.730612,14400.0,14400.0,0.0,0.0,,14400.0,0.0,14400.0,0.0,,lot_policy_enabled
278,CMP-00000106-M-1810-item:268091-D278,M-1810,item:268091,start_campaign,none,8437.195102,14400.0,14400.0,0.0,0.0,,14400.0,0.0,14400.0,0.0,,lot_policy_enabled
279,CMP-00000107-M-1810-item:268091-D279,M-1810,item:268091,start_campaign,none,8910.606368,14400.0,14400.0,0.0,0.0,,14400.0,0.0,14400.0,0.0,,lot_policy_enabled
281,CMP-00000108-M-1810-item:268091-D281,M-1810,item:268091,start_campaign,none,7508.995919,14400.0,14400.0,0.0,0.0,,14400.0,0.0,14400.0,0.0,,lot_policy_enabled
282,CMP-00000109-M-1810-item:268091-D282,M-1810,item:268091,start_campaign,none,9131.905306,14400.0,14400.0,0.0,0.0,,14400.0,0.0,14400.0,0.0,,lot_policy_enabled
283,CMP-00000110-M-1810-item:268091-D283,M-1810,item:268091,start_campaign,none,9577.597388,14400.0,14400.0,0.0,0.0,,14400.0,0.0,14400.0,0.0,,lot_policy_enabled
284,CMP-00000111-M-1810-item:268091-D284,M-1810,item:268091,start_campaign,none,9787.846008,14400.0,14400.0,0.0,0.0,,14400.0,0.0,14400.0,0.0,,lot_policy_enabled
285,CMP-00000112-M-1810-item:268091-D285,M-1810,item:268091,start_campaign,none,9951.005937,14400.0,14400.0,0.0,0.0,,14400.0,0.0,14400.0,0.0,,lot_policy_enabled
286,CMP-00000113-M-1810-item:268091-D286,M-1810,item:268091,start_campaign,none,10104.748126,14400.0,14400.0,0.0,0.0,,14400.0,0.0,14400.0,0.0,,lot_policy_enabled
287,CMP-00000114-M-1810-item:268091-D287,M-1810,item:268091,start_campaign,none,10256.606768,14400.0,14400.0,0.0,0.0,,14400.0,0.0,14400.0,0.0,,lot_policy_enabled
288,CMP-00000115-M-1810-item:268091-D288,M-1810,item:268091,start_campaign,none,10418.374415,14400.0,14400.0,0.0,0.0,,14400.0,0.0,14400.0,0.0,,lot_policy_enabled
289,CMP-00000116-M-1810-item:268091-D289,M-1810,item:268091,start_campaign,none,10582.123863,14400.0,14400.0,0.0,0.0,,14400.0,0.0,14400.0,0.0,,lot_policy_enabled
292,CMP-00000117-M-1810-item:268091-D292,M-1810,item:268091,start_campaign,none,8892.636735,14400.0,14400.0,0.0,0.0,,14400.0,0.0,14400.0,0.0,,lot_policy_enabled
293,CMP-00000118-M-1430-item:268967-D293,M-1430,item:268967,start_campaign,none,4720.930612,107800.0,107800.0,0.0,0.0,,107800.0,0.0,107800.0,0.0,,lot_policy_enabled
293,CMP-00000119-M-1810-item:268091-D293,M-1810,item:268091,start_campaign,none,10802.56,14400.0,14400.0,0.0,0.0,,14400.0,0.0,14400.0,0.0,,lot_policy_enabled
294,CMP-00000120-M-1810-item:268091-D294,M-1810,item:268091,start_campaign,none,11315.940571,14400.0,14400.0,0.0,0.0,,14400.0,0.0,14400.0,0.0,,lot_policy_enabled
295,CMP-00000121-M-1810-item:268091-D295,M-1810,item:268091,start_campaign,none,10952.412604,14400.0,14400.0,0.0,0.0,,14400.0,0.0,14400.0,0.0,,lot_policy_enabled
296,CMP-00000122-M-1810-item:268091-D296,M-1810,item:268091,start_campaign,none,10413.502929,14400.0,14400.0,0.0,0.0,,14400.0,0.0,14400.0,0.0,,lot_policy_enabled
297,CMP-00000123-M-1810-item:268091-D297,M-1810,item:268091,start_campaign,none,9839.516912,14400.0,14400.0,0.0,0.0,,14400.0,0.0,14400.0,0.0,,lot_policy_enabled
303,CMP-00000124-M-1810-item:268091-D303,M-1810,item:268091,start_campaign,none,6527.036735,14400.0,14400.0,0.0,0.0,,14400.0,0.0,14400.0,0.0,,lot_policy_enabled
305,CMP-00000125-M-1810-item:268091-D305,M-1810,item:268091,start_campaign,none,7162.073469,14400.0,14400.0,0.0,0.0,,14400.0,0.0,14400.0,0.0,,lot_policy_enabled
307,CMP-00000126-M-1810-item:268091-D307,M-1810,item:268091,start_campaign,none,7797.110204,14400.0,14400.0,0.0,0.0,,14400.0,0.0,14400.0,0.0,,lot_policy_enabled
308,CMP-00000127-M-1810-item:268091-D308,M-1810,item:268091,start_campaign,none,9674.050612,14400.0,14400.0,0.0,0.0,,14400.0,0.0,14400.0,0.0,,lot_policy_enabled
309,CMP-00000128-M-1810-item:268091-D309,M-1810,item:268091,start_campaign,none,9591.577469,14400.0,14400.0,0.0,0.0,,14400.0,0.0,14400.0,0.0,,lot_policy_enabled
310,CMP-00000129-M-1430-item:268967-D310,M-1430,item:268967,start_campaign,none,5277.420408,107800.0,107800.0,0.0,0.0,,107800.0,0.0,107800.0,0.0,,lot_policy_enabled
310,CMP-00000130-M-1810-item:268091-D310,M-1810,item:268091,start_campaign,none,9117.221616,14400.0,14400.0,0.0,0.0,,14400.0,0.0,14400.0,0.0,,lot_policy_enabled
311,CMP-00000131-M-1810-item:268091-D311,M-1810,item:268091,start_campaign,none,8564.489221,14400.0,14400.0,0.0,0.0,,14400.0,0.0,14400.0,0.0,,lot_policy_enabled
313,CMP-00000132-M-1810-item:268091-D313,M-1810,item:268091,start_campaign,none,5825.322449,14400.0,14400.0,0.0,0.0,,14400.0,0.0,14400.0,0.0,,lot_policy_enabled
315,CMP-00000133-M-1810-item:268091-D315,M-1810,item:268091,start_campaign,none,4909.6,14400.0,14400.0,0.0,0.0,,14400.0,0.0,14400.0,0.0,,lot_policy_enabled
316,CMP-00000134-M-1810-item:268091-D316,M-1810,item:268091,start_campaign,none,6910.475102,14400.0,14400.0,0.0,0.0,,14400.0,0.0,14400.0,0.0,,lot_policy_enabled
317,CMP-00000135-M-1810-item:268091-D317,M-1810,item:268091,start_campaign,none,8329.605225,14400.0,14400.0,0.0,0.0,,14400.0,0.0,14400.0,0.0,,lot_policy_enabled
318,CMP-00000136-M-1810-item:268091-D318,M-1810,item:268091,start_campaign,none,9632.386351,14400.0,14400.0,0.0,0.0,,14400.0,0.0,14400.0,0.0,,lot_policy_enabled
319,CMP-00000137-M-1810-item:268091-D319,M-1810,item:268091,start_campaign,none,10911.897678,14400.0,14400.0,0.0,0.0,,14400.0,0.0,14400.0,0.0,,lot_policy_enabled
320,CMP-00000138-M-1810-item:268091-D320,M-1810,item:268091,start_campaign,none,12186.755046,14400.0,14400.0,0.0,0.0,,14400.0,0.0,14400.0,0.0,,lot_policy_enabled
321,CMP-00000139-M-1810-item:268091-D321,M-1810,item:268091,start_campaign,none,13460.681622,14400.0,14400.0,0.0,0.0,,14400.0,0.0,14400.0,0.0,,lot_policy_enabled
322,CMP-00000140-M-1810-item:268091-D322,M-1810,item:268091,start_campaign,none,14734.422039,28800.0,28800.0,0.0,0.0,,28800.0,0.0,28800.0,0.0,,lot_policy_enabled
323,CMP-00000141-M-1810-item:268091-D323,M-1810,item:268091,start_campaign,none,15120.729306,28800.0,28800.0,0.0,0.0,,28800.0,0.0,28800.0,0.0,,lot_policy_enabled
324,CMP-00000142-M-1810-item:268091-D324,M-1810,item:268091,start_campaign,none,15329.549943,28800.0,28800.0,0.0,0.0,,28800.0,0.0,28800.0,0.0,,lot_policy_enabled
325,CMP-00000143-M-1810-item:268091-D325,M-1810,item:268091,start_campaign,none,15502.873254,28800.0,28800.0,0.0,0.0,,28800.0,0.0,28800.0,0.0,,lot_policy_enabled
326,CMP-00000144-M-1810-item:268091-D326,M-1810,item:268091,start_campaign,none,15669.0971,28800.0,28800.0,0.0,0.0,,28800.0,0.0,28800.0,0.0,,lot_policy_enabled
327,CMP-00000145-M-1810-item:268091-D327,M-1810,item:268091,start_campaign,none,15833.901053,28800.0,28800.0,0.0,0.0,,28800.0,0.0,28800.0,0.0,,lot_policy_enabled
330,CMP-00000146-M-1810-item:268091-D330,M-1810,item:268091,start_campaign,none,12235.673469,14400.0,14400.0,0.0,0.0,,14400.0,0.0,14400.0,0.0,,lot_policy_enabled
331,CMP-00000147-M-1430-item:268967-D331,M-1430,item:268967,start_campaign,none,4918.579592,107800.0,107800.0,0.0,0.0,,107800.0,0.0,107800.0,0.0,,lot_policy_enabled
331,CMP-00000148-M-1810-item:268091-D331,M-1810,item:268091,start_campaign,none,13955.281633,14400.0,14400.0,0.0,0.0,,14400.0,0.0,14400.0,0.0,,lot_policy_enabled
332,CMP-00000149-M-1810-item:268091-D332,M-1810,item:268091,start_campaign,none,13571.676735,14400.0,14400.0,0.0,0.0,,14400.0,0.0,14400.0,0.0,,lot_policy_enabled
339,CMP-00000150-M-1810-item:268091-D339,M-1810,item:268091,start_campaign,none,8189.22449,14400.0,14400.0,0.0,0.0,,14400.0,0.0,14400.0,0.0,,lot_policy_enabled
340,CMP-00000151-M-1810-item:268091-D340,M-1810,item:268091,start_campaign,none,9933.306123,14400.0,14400.0,0.0,0.0,,14400.0,0.0,14400.0,0.0,,lot_policy_enabled
341,CMP-00000152-M-1810-item:268091-D341,M-1810,item:268091,start_campaign,none,10388.359184,14400.0,14400.0,0.0,0.0,,14400.0,0.0,14400.0,0.0,,lot_policy_enabled
342,CMP-00000153-M-1810-item:268091-D342,M-1810,item:268091,start_campaign,none,10585.606531,14400.0,14400.0,0.0,0.0,,14400.0,0.0,14400.0,0.0,,lot_policy_enabled
343,CMP-00000154-M-1810-item:268091-D343,M-1810,item:268091,start_campaign,none,10731.292735,14400.0,14400.0,0.0,0.0,,14400.0,0.0,14400.0,0.0,,lot_policy_enabled
344,CMP-00000155-M-1810-item:268091-D344,M-1810,item:268091,start_campaign,none,11814.634057,14400.0,14400.0,0.0,0.0,,14400.0,0.0,14400.0,0.0,,lot_policy_enabled
345,CMP-00000156-M-1810-item:268091-D345,M-1810,item:268091,start_campaign,none,13085.506403,14400.0,14400.0,0.0,0.0,,14400.0,0.0,14400.0,0.0,,lot_policy_enabled
346,CMP-00000157-M-1810-item:268091-D346,M-1810,item:268091,start_campaign,none,14393.884954,14400.0,14400.0,0.0,0.0,,14400.0,0.0,14400.0,0.0,,lot_policy_enabled
347,CMP-00000158-M-1810-item:268091-D347,M-1810,item:268091,start_campaign,none,15709.764746,28800.0,28800.0,0.0,0.0,,28800.0,0.0,28800.0,0.0,,lot_policy_enabled
348,CMP-00000159-M-1810-item:268091-D348,M-1810,item:268091,start_campaign,none,17027.144786,28800.0,28800.0,0.0,0.0,,28800.0,0.0,28800.0,0.0,,lot_policy_enabled
349,CMP-00000160-M-1810-item:268091-D349,M-1810,item:268091,start_campaign,none,18344.824876,28800.0,28800.0,0.0,0.0,,28800.0,0.0,28800.0,0.0,,lot_policy_enabled
350,CMP-00000161-M-1430-item:268967-D350,M-1430,item:268967,start_campaign,none,5837.942857,107800.0,107800.0,0.0,0.0,,107800.0,0.0,107800.0,0.0,,lot_policy_enabled
350,CMP-00000162-M-1810-item:268091-D350,M-1810,item:268091,start_campaign,none,19662.564975,28800.0,28800.0,0.0,0.0,,28800.0,0.0,28800.0,0.0,,lot_policy_enabled
351,CMP-00000163-M-1810-item:268091-D351,M-1810,item:268091,start_campaign,none,19568.888505,28800.0,28800.0,0.0,0.0,,28800.0,0.0,28800.0,0.0,,lot_policy_enabled
352,CMP-00000164-M-1810-item:268091-D352,M-1810,item:268091,start_campaign,none,19192.928721,28800.0,28800.0,0.0,0.0,,28800.0,0.0,28800.0,0.0,,lot_policy_enabled
353,CMP-00000165-M-1810-item:268091-D353,M-1810,item:268091,start_campaign,none,18760.512275,28800.0,28800.0,0.0,0.0,,28800.0,0.0,28800.0,0.0,,lot_policy_enabled
354,CMP-00000166-M-1810-item:268091-D354,M-1810,item:268091,start_campaign,none,18316.804496,28800.0,28800.0,0.0,0.0,,28800.0,0.0,28800.0,0.0,,lot_policy_enabled
355,CMP-00000167-M-1810-item:268091-D355,M-1810,item:268091,start_campaign,none,17870.83845,28800.0,28800.0,0.0,0.0,,28800.0,0.0,28800.0,0.0,,lot_policy_enabled
356,CMP-00000168-M-1810-item:268091-D356,M-1810,item:268091,start_campaign,none,17424.420751,28800.0,28800.0,0.0,0.0,,28800.0,0.0,28800.0,0.0,,lot_policy_enabled
381,CMP-00000169-M-1810-item:268091-D381,M-1810,item:268091,start_campaign,none,6876.881633,14400.0,14400.0,0.0,0.0,,14400.0,0.0,14400.0,0.0,,lot_policy_enabled
382,CMP-00000170-M-1810-item:268091-D382,M-1810,item:268091,start_campaign,none,8744.355919,14400.0,14400.0,0.0,0.0,,14400.0,0.0,14400.0,0.0,,lot_policy_enabled
383,CMP-00000171-M-1810-item:268091-D383,M-1810,item:268091,start_campaign,none,9609.948735,14400.0,14400.0,0.0,0.0,,14400.0,0.0,14400.0,0.0,,lot_policy_enabled
384,CMP-00000172-M-1810-item:268091-D384,M-1810,item:268091,start_campaign,none,10275.165257,14400.0,14400.0,0.0,0.0,,14400.0,0.0,14400.0,0.0,,lot_policy_enabled
385,CMP-00000173-M-1430-item:268967-D385,M-1430,item:268967,start_campaign,none,3156.718368,107800.0,107800.0,0.0,0.0,,107800.0,0.0,107800.0,0.0,,lot_policy_enabled
385,CMP-00000174-M-1810-item:268091-D385,M-1810,item:268091,start_campaign,none,10900.306521,14400.0,14400.0,0.0,0.0,,14400.0,0.0,14400.0,0.0,,lot_policy_enabled
386,CMP-00000175-M-1810-item:268091-D386,M-1810,item:268091,start_campaign,none,11517.432733,14400.0,14400.0,0.0,0.0,,14400.0,0.0,14400.0,0.0,,lot_policy_enabled
387,CMP-00000176-M-1810-item:268091-D387,M-1810,item:268091,start_campaign,none,11488.139608,14400.0,14400.0,0.0,0.0,,14400.0,0.0,14400.0,0.0,,lot_policy_enabled
388,CMP-00000177-M-1810-item:268091-D388,M-1810,item:268091,start_campaign,none,11329.562616,14400.0,14400.0,0.0,0.0,,14400.0,0.0,14400.0,0.0,,lot_policy_enabled
389,CMP-00000178-M-1810-item:268091-D389,M-1810,item:268091,start_campaign,none,11145.12885,14400.0,14400.0,0.0,0.0,,14400.0,0.0,14400.0,0.0,,lot_policy_enabled
391,CMP-00000179-M-1810-item:268091-D391,M-1810,item:268091,start_campaign,none,8573.779592,14400.0,14400.0,0.0,0.0,,14400.0,0.0,14400.0,0.0,,lot_policy_enabled
392,CMP-00000180-M-1810-item:268091-D392,M-1810,item:268091,start_campaign,none,10135.817143,14400.0,14400.0,0.0,0.0,,14400.0,0.0,14400.0,0.0,,lot_policy_enabled
393,CMP-00000181-M-1810-item:268091-D393,M-1810,item:268091,start_campaign,none,10295.506285,14400.0,14400.0,0.0,0.0,,14400.0,0.0,14400.0,0.0,,lot_policy_enabled
395,CMP-00000182-M-1810-item:268091-D395,M-1810,item:268091,start_campaign,none,8064.718367,14400.0,14400.0,0.0,0.0,,14400.0,0.0,14400.0,0.0,,lot_policy_enabled
398,CMP-00000183-M-1810-item:268091-D398,M-1810,item:268091,start_campaign,none,7759.281633,14400.0,14400.0,0.0,0.0,,14400.0,0.0,14400.0,0.0,,lot_policy_enabled
400,CMP-00000184-M-1810-item:268091-D400,M-1810,item:268091,start_campaign,none,7555.657143,14400.0,14400.0,0.0,0.0,,14400.0,0.0,14400.0,0.0,,lot_policy_enabled
402,CMP-00000185-M-1810-item:268091-D402,M-1810,item:268091,start_campaign,none,7010.677551,14400.0,14400.0,0.0,0.0,,14400.0,0.0,14400.0,0.0,,lot_policy_enabled
404,CMP-00000186-M-1810-item:268091-D404,M-1810,item:268091,start_campaign,none,6465.697959,14400.0,14400.0,0.0,0.0,,14400.0,0.0,14400.0,0.0,,lot_policy_enabled
405,CMP-00000187-M-1810-item:268091-D405,M-1810,item:268091,start_campaign,none,7486.347755,14400.0,14400.0,0.0,0.0,,14400.0,0.0,14400.0,0.0,,lot_policy_enabled
406,CMP-00000188-M-1430-item:268967-D406,M-1430,item:268967,start_campaign,none,5136.881633,107800.0,107800.0,0.0,0.0,,107800.0,0.0,107800.0,0.0,,lot_policy_enabled
406,CMP-00000189-M-1810-item:268091-D406,M-1810,item:268091,start_campaign,none,7417.987918,14400.0,14400.0,0.0,0.0,,14400.0,0.0,14400.0,0.0,,lot_policy_enabled
407,CMP-00000190-M-1810-item:268091-D407,M-1810,item:268091,start_campaign,none,7131.826155,14400.0,14400.0,0.0,0.0,,14400.0,0.0,14400.0,0.0,,lot_policy_enabled
408,CMP-00000191-M-1810-item:268091-D408,M-1810,item:268091,start_campaign,none,7895.361149,14400.0,14400.0,0.0,0.0,,14400.0,0.0,14400.0,0.0,,lot_policy_enabled
409,CMP-00000192-M-1810-item:268091-D409,M-1810,item:268091,start_campaign,none,8868.835495,14400.0,14400.0,0.0,0.0,,14400.0,0.0,14400.0,0.0,,lot_policy_enabled
410,CMP-00000193-M-1810-item:268091-D410,M-1810,item:268091,start_campaign,none,9884.297711,14400.0,14400.0,0.0,0.0,,14400.0,0.0,14400.0,0.0,,lot_policy_enabled
411,CMP-00000194-M-1810-item:268091-D411,M-1810,item:268091,start_campaign,none,10908.157501,14400.0,14400.0,0.0,0.0,,14400.0,0.0,14400.0,0.0,,lot_policy_enabled
412,CMP-00000195-M-1810-item:268091-D412,M-1810,item:268091,start_campaign,none,11933.696806,14400.0,14400.0,0.0,0.0,,14400.0,0.0,14400.0,0.0,,lot_policy_enabled
413,CMP-00000196-M-1810-item:268091-D413,M-1810,item:268091,start_campaign,none,12959.572014,14400.0,14400.0,0.0,0.0,,14400.0,0.0,14400.0,0.0,,lot_policy_enabled
414,CMP-00000197-M-1810-item:268091-D414,M-1810,item:268091,start_campaign,none,13985.514403,14400.0,14400.0,0.0,0.0,,14400.0,0.0,14400.0,0.0,,lot_policy_enabled
415,CMP-00000198-M-1810-item:268091-D415,M-1810,item:268091,start_campaign,none,14116.580432,14400.0,14400.0,0.0,0.0,,14400.0,0.0,14400.0,0.0,,lot_policy_enabled
416,CMP-00000199-M-1810-item:268091-D416,M-1810,item:268091,start_campaign,none,14068.671188,14400.0,14400.0,0.0,0.0,,14400.0,0.0,14400.0,0.0,,lot_policy_enabled
417,CMP-00000200-M-1810-item:268091-D417,M-1810,item:268091,start_campaign,none,13984.966891,14400.0,14400.0,0.0,0.0,,14400.0,0.0,14400.0,0.0,,lot_policy_enabled
418,CMP-00000201-M-1810-item:268091-D418,M-1810,item:268091,start_campaign,none,13894.103582,14400.0,14400.0,0.0,0.0,,14400.0,0.0,14400.0,0.0,,lot_policy_enabled
419,CMP-00000202-M-1810-item:268091-D419,M-1810,item:268091,start_campaign,none,13801.808471,14400.0,14400.0,0.0,0.0,,14400.0,0.0,14400.0,0.0,,lot_policy_enabled
420,CMP-00000203-M-1810-item:268091-D420,M-1810,item:268091,start_campaign,none,13709.227,14400.0,14400.0,0.0,0.0,,14400.0,0.0,14400.0,0.0,,lot_policy_enabled
421,CMP-00000204-M-1430-item:268967-D421,M-1430,item:268967,start_campaign,none,5246.971429,107800.0,107800.0,0.0,0.0,,107800.0,0.0,107800.0,0.0,,lot_policy_enabled
421,CMP-00000205-M-1810-item:268091-D421,M-1810,item:268091,start_campaign,none,13616.588257,14400.0,14400.0,0.0,0.0,,14400.0,0.0,14400.0,0.0,,lot_policy_enabled
422,CMP-00000206-M-1810-item:268091-D422,M-1810,item:268091,start_campaign,none,13338.925814,14400.0,14400.0,0.0,0.0,,14400.0,0.0,14400.0,0.0,,lot_policy_enabled
423,CMP-00000207-M-1810-item:268091-D423,M-1810,item:268091,start_campaign,none,13024.258632,14400.0,14400.0,0.0,0.0,,14400.0,0.0,14400.0,0.0,,lot_policy_enabled
424,CMP-00000208-M-1810-item:268091-D424,M-1810,item:268091,start_campaign,none,12702.190502,14400.0,14400.0,0.0,0.0,,14400.0,0.0,14400.0,0.0,,lot_policy_enabled
425,CMP-00000209-M-1810-item:268091-D425,M-1810,item:268091,start_campaign,none,12378.642182,14400.0,14400.0,0.0,0.0,,14400.0,0.0,14400.0,0.0,,lot_policy_enabled
426,CMP-00000210-M-1810-item:268091-D426,M-1810,item:268091,start_campaign,none,12054.797824,14400.0,14400.0,0.0,0.0,,14400.0,0.0,14400.0,0.0,,lot_policy_enabled
427,CMP-00000211-M-1810-item:268091-D427,M-1810,item:268091,start_campaign,none,11730.894259,14400.0,14400.0,0.0,0.0,,14400.0,0.0,14400.0,0.0,,lot_policy_enabled
432,CMP-00000212-M-1810-item:268091-D432,M-1810,item:268091,start_campaign,none,8252.179592,14400.0,14400.0,0.0,0.0,,14400.0,0.0,14400.0,0.0,,lot_policy_enabled
434,CMP-00000213-M-1810-item:268091-D434,M-1810,item:268091,start_campaign,none,7847.869388,14400.0,14400.0,0.0,0.0,,14400.0,0.0,14400.0,0.0,,lot_policy_enabled
435,CMP-00000214-M-1810-item:268091-D435,M-1810,item:268091,start_campaign,none,9215.288163,14400.0,14400.0,0.0,0.0,,14400.0,0.0,14400.0,0.0,,lot_policy_enabled
436,CMP-00000215-M-1810-item:268091-D436,M-1810,item:268091,start_campaign,none,9720.739265,14400.0,14400.0,0.0,0.0,,14400.0,0.0,14400.0,0.0,,lot_policy_enabled
437,CMP-00000216-M-1810-item:268091-D437,M-1810,item:268091,start_campaign,none,10053.796833,14400.0,14400.0,0.0,0.0,,14400.0,0.0,14400.0,0.0,,lot_policy_enabled
438,CMP-00000217-M-1810-item:268091-D438,M-1810,item:268091,start_campaign,none,10352.375693,14400.0,14400.0,0.0,0.0,,14400.0,0.0,14400.0,0.0,,lot_policy_enabled
439,CMP-00000218-M-1810-item:268091-D439,M-1810,item:268091,start_campaign,none,10644.058812,14400.0,14400.0,0.0,0.0,,14400.0,0.0,14400.0,0.0,,lot_policy_enabled
440,CMP-00000219-M-1810-item:268091-D440,M-1810,item:268091,start_campaign,none,10934.362783,14400.0,14400.0,0.0,0.0,,14400.0,0.0,14400.0,0.0,,lot_policy_enabled
441,CMP-00000220-M-1810-item:268091-D441,M-1810,item:268091,start_campaign,none,11224.390924,14400.0,14400.0,0.0,0.0,,14400.0,0.0,14400.0,0.0,,lot_policy_enabled
442,CMP-00000221-M-1810-item:268091-D442,M-1810,item:268091,start_campaign,none,11514.363899,14400.0,14400.0,0.0,0.0,,14400.0,0.0,14400.0,0.0,,lot_policy_enabled
443,CMP-00000222-M-1810-item:268091-D443,M-1810,item:268091,start_campaign,none,11654.187066,14400.0,14400.0,0.0,0.0,,14400.0,0.0,14400.0,0.0,,lot_policy_enabled
444,CMP-00000223-M-1810-item:268091-D444,M-1810,item:268091,start_campaign,none,11763.98027,14400.0,14400.0,0.0,0.0,,14400.0,0.0,14400.0,0.0,,lot_policy_enabled
446,CMP-00000224-M-1810-item:268091-D446,M-1810,item:268091,start_campaign,none,9596.8,14400.0,14400.0,0.0,0.0,,14400.0,0.0,14400.0,0.0,,lot_policy_enabled
448,CMP-00000225-M-1430-item:268967-D448,M-1430,item:268967,start_campaign,none,3621.926531,107800.0,107800.0,0.0,0.0,,107800.0,0.0,107800.0,0.0,,lot_policy_enabled
448,CMP-00000226-M-1810-item:268091-D448,M-1810,item:268091,start_campaign,none,9760.457143,14400.0,14400.0,0.0,0.0,,14400.0,0.0,14400.0,0.0,,lot_policy_enabled
449,CMP-00000227-M-1810-item:268091-D449,M-1810,item:268091,start_campaign,none,11794.377143,14400.0,14400.0,0.0,0.0,,14400.0,0.0,14400.0,0.0,,lot_policy_enabled
450,CMP-00000228-M-1810-item:268091-D450,M-1810,item:268091,start_campaign,none,11811.887674,14400.0,14400.0,0.0,0.0,,14400.0,0.0,14400.0,0.0,,lot_policy_enabled
451,CMP-00000229-M-1810-item:268091-D451,M-1810,item:268091,start_campaign,none,11426.11631,14400.0,14400.0,0.0,0.0,,14400.0,0.0,14400.0,0.0,,lot_policy_enabled
452,CMP-00000230-M-1810-item:268091-D452,M-1810,item:268091,start_campaign,none,10959.688568,14400.0,14400.0,0.0,0.0,,14400.0,0.0,14400.0,0.0,,lot_policy_enabled
453,CMP-00000231-M-1810-item:268091-D453,M-1810,item:268091,start_campaign,none,10477.129551,14400.0,14400.0,0.0,0.0,,14400.0,0.0,14400.0,0.0,,lot_policy_enabled
454,CMP-00000232-M-1810-item:268091-D454,M-1810,item:268091,start_campaign,none,9991.344278,14400.0,14400.0,0.0,0.0,,14400.0,0.0,14400.0,0.0,,lot_policy_enabled
462,CMP-00000233-M-1810-item:268091-D462,M-1810,item:268091,start_campaign,none,5646.02449,14400.0,14400.0,0.0,0.0,,14400.0,0.0,14400.0,0.0,,lot_policy_enabled
463,CMP-00000234-M-1810-item:268091-D463,M-1810,item:268091,start_campaign,none,6530.004898,14400.0,14400.0,0.0,0.0,,14400.0,0.0,14400.0,0.0,,lot_policy_enabled
464,CMP-00000235-M-1810-item:268091-D464,M-1810,item:268091,start_campaign,none,7424.531592,14400.0,14400.0,0.0,0.0,,14400.0,0.0,14400.0,0.0,,lot_policy_enabled
465,CMP-00000236-M-1810-item:268091-D465,M-1810,item:268091,start_campaign,none,8321.167543,14400.0,14400.0,0.0,0.0,,14400.0,0.0,14400.0,0.0,,lot_policy_enabled
466,CMP-00000237-M-1810-item:268091-D466,M-1810,item:268091,start_campaign,none,9218.225345,14400.0,14400.0,0.0,0.0,,14400.0,0.0,14400.0,0.0,,lot_policy_enabled
467,CMP-00000238-M-1810-item:268091-D467,M-1810,item:268091,start_campaign,none,10115.367518,14400.0,14400.0,0.0,0.0,,14400.0,0.0,14400.0,0.0,,lot_policy_enabled
469,CMP-00000239-M-1810-item:268091-D469,M-1810,item:268091,start_campaign,none,9707.183673,14400.0,14400.0,0.0,0.0,,14400.0,0.0,14400.0,0.0,,lot_policy_enabled
470,CMP-00000240-M-1810-item:268091-D470,M-1810,item:268091,start_campaign,none,12366.35102,14400.0,14400.0,0.0,0.0,,14400.0,0.0,14400.0,0.0,,lot_policy_enabled
471,CMP-00000241-M-1810-item:268091-D471,M-1810,item:268091,start_campaign,none,12418.445714,14400.0,14400.0,0.0,0.0,,14400.0,0.0,14400.0,0.0,,lot_policy_enabled
472,CMP-00000242-M-1810-item:268091-D472,M-1810,item:268091,start_campaign,none,11949.125877,14400.0,14400.0,0.0,0.0,,14400.0,0.0,14400.0,0.0,,lot_policy_enabled
473,CMP-00000243-M-1810-item:268091-D473,M-1810,item:268091,start_campaign,none,11375.523134,14400.0,14400.0,0.0,0.0,,14400.0,0.0,14400.0,0.0,,lot_policy_enabled
474,CMP-00000244-M-1810-item:268091-D474,M-1810,item:268091,start_campaign,none,10781.06381,14400.0,14400.0,0.0,0.0,,14400.0,0.0,14400.0,0.0,,lot_policy_enabled
475,CMP-00000245-M-1810-item:268091-D475,M-1810,item:268091,start_campaign,none,10182.43317,14400.0,14400.0,0.0,0.0,,14400.0,0.0,14400.0,0.0,,lot_policy_enabled
490,CMP-00000246-M-1810-item:268091-D490,M-1810,item:268091,start_campaign,none,3555.004082,14400.0,14400.0,0.0,0.0,,14400.0,0.0,14400.0,0.0,,lot_policy_enabled
491,CMP-00000247-M-1810-item:268091-D491,M-1810,item:268091,start_campaign,none,4289.05796,14400.0,14400.0,0.0,0.0,,14400.0,0.0,14400.0,0.0,,lot_policy_enabled
492,CMP-00000248-M-1810-item:268091-D492,M-1810,item:268091,start_campaign,none,5102.644245,14400.0,14400.0,0.0,0.0,,14400.0,0.0,14400.0,0.0,,lot_policy_enabled
493,CMP-00000249-M-1810-item:268091-D493,M-1810,item:268091,start_campaign,none,5932.137013,14400.0,14400.0,0.0,0.0,,14400.0,0.0,14400.0,0.0,,lot_policy_enabled
494,CMP-00000250-M-1810-item:268091-D494,M-1810,item:268091,start_campaign,none,6764.811076,14400.0,14400.0,0.0,0.0,,14400.0,0.0,14400.0,0.0,,lot_policy_enabled
495,CMP-00000251-M-1810-item:268091-D495,M-1810,item:268091,start_campaign,none,7598.121399,14400.0,14400.0,0.0,0.0,,14400.0,0.0,14400.0,0.0,,lot_policy_enabled
496,CMP-00000252-M-1810-item:268091-D496,M-1810,item:268091,start_campaign,none,8431.558974,14400.0,14400.0,0.0,0.0,,14400.0,0.0,14400.0,0.0,,lot_policy_enabled
497,CMP-00000253-M-1810-item:268091-D497,M-1810,item:268091,start_campaign,none,9265.021999,14400.0,14400.0,0.0,0.0,,14400.0,0.0,14400.0,0.0,,lot_policy_enabled
498,CMP-00000254-M-1810-item:268091-D498,M-1810,item:268091,start_campaign,none,10098.490114,14400.0,14400.0,0.0,0.0,,14400.0,0.0,14400.0,0.0,,lot_policy_enabled
499,CMP-00000255-M-1810-item:268091-D499,M-1810,item:268091,start_campaign,none,10267.453125,14400.0,14400.0,0.0,0.0,,14400.0,0.0,14400.0,0.0,,lot_policy_enabled
500,CMP-00000256-M-1810-item:268091-D500,M-1810,item:268091,start_campaign,none,10303.515115,14400.0,14400.0,0.0,0.0,,14400.0,0.0,14400.0,0.0,,lot_policy_enabled
501,CMP-00000257-M-1810-item:268091-D501,M-1810,item:268091,start_campaign,none,10312.996901,14400.0,14400.0,0.0,0.0,,14400.0,0.0,14400.0,0.0,,lot_policy_enabled
503,CMP-00000258-M-1810-item:268091-D503,M-1810,item:268091,start_campaign,none,8256.832653,14400.0,14400.0,0.0,0.0,,14400.0,0.0,14400.0,0.0,,lot_policy_enabled
505,CMP-00000259-M-1810-item:268091-D505,M-1810,item:268091,start_campaign,none,8261.371429,14400.0,14400.0,0.0,0.0,,14400.0,0.0,14400.0,0.0,,lot_policy_enabled
506,CMP-00000260-M-1810-item:268091-D506,M-1810,item:268091,start_campaign,none,10003.506939,14400.0,14400.0,0.0,0.0,,14400.0,0.0,14400.0,0.0,,lot_policy_enabled
507,CMP-00000261-M-1810-item:268091-D507,M-1810,item:268091,start_campaign,none,10441.795266,14400.0,14400.0,0.0,0.0,,14400.0,0.0,14400.0,0.0,,lot_policy_enabled
508,CMP-00000262-M-1810-item:268091-D508,M-1810,item:268091,start_campaign,none,10619.314155,14400.0,14400.0,0.0,0.0,,14400.0,0.0,14400.0,0.0,,lot_policy_enabled
511,CMP-00000263-M-1810-item:268091-D511,M-1810,item:268091,start_campaign,none,8800.538776,14400.0,14400.0,0.0,0.0,,14400.0,0.0,14400.0,0.0,,lot_policy_enabled
512,CMP-00000264-M-1810-item:268091-D512,M-1810,item:268091,start_campaign,none,10650.507755,14400.0,14400.0,0.0,0.0,,14400.0,0.0,14400.0,0.0,,lot_policy_enabled
513,CMP-00000265-M-1810-item:268091-D513,M-1810,item:268091,start_campaign,none,10806.721959,14400.0,14400.0,0.0,0.0,,14400.0,0.0,14400.0,0.0,,lot_policy_enabled
514,CMP-00000266-M-1810-item:268091-D514,M-1810,item:268091,start_campaign,none,10624.185208,14400.0,14400.0,0.0,0.0,,14400.0,0.0,14400.0,0.0,,lot_policy_enabled
515,CMP-00000267-M-1810-item:268091-D515,M-1810,item:268091,start_campaign,none,10373.898266,14400.0,14400.0,0.0,0.0,,14400.0,0.0,14400.0,0.0,,lot_policy_enabled
516,CMP-00000268-M-1810-item:268091-D516,M-1810,item:268091,start_campaign,none,10110.061286,14400.0,14400.0,0.0,0.0,,14400.0,0.0,14400.0,0.0,,lot_policy_enabled
518,CMP-00000269-M-1810-item:268091-D518,M-1810,item:268091,start_campaign,none,7607.722449,14400.0,14400.0,0.0,0.0,,14400.0,0.0,14400.0,0.0,,lot_policy_enabled
521,CMP-00000270-M-1810-item:268091-D521,M-1810,item:268091,start_campaign,none,6871.52653,14400.0,14400.0,0.0,0.0,,14400.0,0.0,14400.0,0.0,,lot_policy_enabled
523,CMP-00000271-M-1430-item:268967-D523,M-1430,item:268967,start_campaign,none,1253.55102,107800.0,107800.0,0.0,0.0,,107800.0,0.0,107800.0,0.0,,lot_policy_enabled
525,CMP-00000272-M-1430-item:268967-D525,M-1430,item:268967,start_campaign,none,1880.326531,107800.0,107800.0,0.0,0.0,,107800.0,0.0,107800.0,0.0,,lot_policy_enabled
525,CMP-00000273-M-1810-item:268091-D525,M-1810,item:268091,start_campaign,none,5826.693878,14400.0,14400.0,0.0,0.0,,14400.0,0.0,14400.0,0.0,,lot_policy_enabled
527,CMP-00000274-M-1430-item:268967-D527,M-1430,item:268967,start_campaign,none,4587.314286,107800.0,107800.0,0.0,0.0,,107800.0,0.0,107800.0,0.0,,lot_policy_enabled
527,CMP-00000275-M-1810-item:268091-D527,M-1810,item:268091,start_campaign,none,6013.861225,14400.0,14400.0,0.0,0.0,,14400.0,0.0,14400.0,0.0,,lot_policy_enabled
528,CMP-00000276-M-1810-item:268091-D528,M-1810,item:268091,start_campaign,none,7665.00898,14400.0,14400.0,0.0,0.0,,14400.0,0.0,14400.0,0.0,,lot_policy_enabled
529,CMP-00000277-M-1810-item:268091-D529,M-1810,item:268091,start_campaign,none,8443.614041,14400.0,14400.0,0.0,0.0,,14400.0,0.0,14400.0,0.0,,lot_policy_enabled
530,CMP-00000278-M-1810-item:268091-D530,M-1810,item:268091,start_campaign,none,9047.710563,14400.0,14400.0,0.0,0.0,,14400.0,0.0,14400.0,0.0,,lot_policy_enabled
532,CMP-00000279-M-1810-item:268091-D532,M-1810,item:268091,start_campaign,none,8255.738775,14400.0,14400.0,0.0,0.0,,14400.0,0.0,14400.0,0.0,,lot_policy_enabled
533,CMP-00000280-M-1810-item:268091-D533,M-1810,item:268091,start_campaign,none,10355.262041,14400.0,14400.0,0.0,0.0,,14400.0,0.0,14400.0,0.0,,lot_policy_enabled
534,CMP-00000281-M-1430-item:268967-D534,M-1430,item:268967,start_campaign,none,16358.073469,107800.0,107800.0,0.0,0.0,,107800.0,0.0,107800.0,0.0,,lot_policy_enabled
534,CMP-00000282-M-1810-item:268091-D534,M-1810,item:268091,start_campaign,none,11064.570775,14400.0,14400.0,0.0,0.0,,14400.0,0.0,14400.0,0.0,,lot_policy_enabled
535,CMP-00000283-M-1430-item:268967-D535,M-1430,item:268967,start_campaign,none,17038.847347,107800.0,107800.0,0.0,0.0,,107800.0,0.0,107800.0,0.0,,lot_policy_enabled
535,CMP-00000284-M-1810-item:268091-D535,M-1810,item:268091,start_campaign,none,11495.836604,14400.0,14400.0,0.0,0.0,,14400.0,0.0,14400.0,0.0,,lot_policy_enabled
536,CMP-00000285-M-1810-item:268091-D536,M-1810,item:268091,start_campaign,none,11871.493851,14400.0,14400.0,0.0,0.0,,14400.0,0.0,14400.0,0.0,,lot_policy_enabled
537,CMP-00000286-M-1810-item:268091-D537,M-1810,item:268091,start_campaign,none,12236.029382,14400.0,14400.0,0.0,0.0,,14400.0,0.0,14400.0,0.0,,lot_policy_enabled
538,CMP-00000287-M-1810-item:268091-D538,M-1810,item:268091,start_campaign,none,12598.34057,14400.0,14400.0,0.0,0.0,,14400.0,0.0,14400.0,0.0,,lot_policy_enabled
539,CMP-00000288-M-1810-item:268091-D539,M-1810,item:268091,start_campaign,none,12960.206889,14400.0,14400.0,0.0,0.0,,14400.0,0.0,14400.0,0.0,,lot_policy_enabled
540,CMP-00000289-M-1810-item:268091-D540,M-1810,item:268091,start_campaign,none,13321.984235,14400.0,14400.0,0.0,0.0,,14400.0,0.0,14400.0,0.0,,lot_policy_enabled
541,CMP-00000290-M-1810-item:268091-D541,M-1810,item:268091,start_campaign,none,12874.470316,14400.0,14400.0,0.0,0.0,,14400.0,0.0,14400.0,0.0,,lot_policy_enabled
542,CMP-00000291-M-1810-item:268091-D542,M-1810,item:268091,start_campaign,none,12265.098145,14400.0,14400.0,0.0,0.0,,14400.0,0.0,14400.0,0.0,,lot_policy_enabled
543,CMP-00000292-M-1810-item:268091-D543,M-1810,item:268091,start_campaign,none,11623.354323,14400.0,14400.0,0.0,0.0,,14400.0,0.0,14400.0,0.0,,lot_policy_enabled
544,CMP-00000293-M-1810-item:268091-D544,M-1810,item:268091,start_campaign,none,10975.136171,14400.0,14400.0,0.0,0.0,,14400.0,0.0,14400.0,0.0,,lot_policy_enabled
548,CMP-00000294-M-1810-item:268091-D548,M-1810,item:268091,start_campaign,none,7281.730613,14400.0,14400.0,0.0,0.0,,14400.0,0.0,14400.0,0.0,,lot_policy_enabled
550,CMP-00000295-M-1810-item:268091-D550,M-1810,item:268091,start_campaign,none,7663.477551,14400.0,14400.0,0.0,0.0,,14400.0,0.0,14400.0,0.0,,lot_policy_enabled
551,CMP-00000296-M-1810-item:268091-D551,M-1810,item:268091,start_campaign,none,9387.046531,14400.0,14400.0,0.0,0.0,,14400.0,0.0,14400.0,0.0,,lot_policy_enabled
552,CMP-00000297-M-1810-item:268091-D552,M-1810,item:268091,start_campaign,none,9922.633796,14400.0,14400.0,0.0,0.0,,14400.0,0.0,14400.0,0.0,,lot_policy_enabled
553,CMP-00000298-M-1810-item:268091-D553,M-1810,item:268091,start_campaign,none,10220.624719,14400.0,14400.0,0.0,0.0,,14400.0,0.0,14400.0,0.0,,lot_policy_enabled
554,CMP-00000299-M-1810-item:268091-D554,M-1810,item:268091,start_campaign,none,10471.096373,14400.0,14400.0,0.0,0.0,,14400.0,0.0,14400.0,0.0,,lot_policy_enabled
556,CMP-00000300-M-1810-item:268091-D556,M-1810,item:268091,start_campaign,none,7665.730612,14400.0,14400.0,0.0,0.0,,14400.0,0.0,14400.0,0.0,,lot_policy_enabled
559,CMP-00000301-M-1810-item:268091-D559,M-1810,item:268091,start_campaign,none,6523.869388,14400.0,14400.0,0.0,0.0,,14400.0,0.0,14400.0,0.0,,lot_policy_enabled
560,CMP-00000302-M-1810-item:268091-D560,M-1810,item:268091,start_campaign,none,7448.022857,14400.0,14400.0,0.0,0.0,,14400.0,0.0,14400.0,0.0,,lot_policy_enabled
561,CMP-00000303-M-1810-item:268091-D561,M-1810,item:268091,start_campaign,none,7252.233143,14400.0,14400.0,0.0,0.0,,14400.0,0.0,14400.0,0.0,,lot_policy_enabled
562,CMP-00000304-M-1810-item:268091-D562,M-1810,item:268091,start_campaign,none,7976.960914,14400.0,14400.0,0.0,0.0,,14400.0,0.0,14400.0,0.0,,lot_policy_enabled
563,CMP-00000305-M-1810-item:268091-D563,M-1810,item:268091,start_campaign,none,8885.792183,14400.0,14400.0,0.0,0.0,,14400.0,0.0,14400.0,0.0,,lot_policy_enabled
566,CMP-00000306-M-1810-item:268091-D566,M-1810,item:268091,start_campaign,none,9582.057143,14400.0,14400.0,0.0,0.0,,14400.0,0.0,14400.0,0.0,,lot_policy_enabled
567,CMP-00000307-M-1810-item:268091-D567,M-1810,item:268091,start_campaign,none,12262.354285,14400.0,14400.0,0.0,0.0,,14400.0,0.0,14400.0,0.0,,lot_policy_enabled
568,CMP-00000308-M-1810-item:268091-D568,M-1810,item:268091,start_campaign,none,13562.299428,14400.0,14400.0,0.0,0.0,,14400.0,0.0,14400.0,0.0,,lot_policy_enabled
569,CMP-00000309-M-1810-item:268091-D569,M-1810,item:268091,start_campaign,none,13113.749681,14400.0,14400.0,0.0,0.0,,14400.0,0.0,14400.0,0.0,,lot_policy_enabled
570,CMP-00000310-M-1810-item:268091-D570,M-1810,item:268091,start_campaign,none,12315.500957,14400.0,14400.0,0.0,0.0,,14400.0,0.0,14400.0,0.0,,lot_policy_enabled
571,CMP-00000311-M-1810-item:268091-D571,M-1810,item:268091,start_campaign,none,11447.312436,14400.0,14400.0,0.0,0.0,,14400.0,0.0,14400.0,0.0,,lot_policy_enabled
572,CMP-00000312-M-1810-item:268091-D572,M-1810,item:268091,start_campaign,none,10565.135957,14400.0,14400.0,0.0,0.0,,14400.0,0.0,14400.0,0.0,,lot_policy_enabled
573,CMP-00000313-M-1810-item:268091-D573,M-1810,item:268091,start_campaign,none,9680.161885,14400.0,14400.0,0.0,0.0,,14400.0,0.0,14400.0,0.0,,lot_policy_enabled
591,CMP-00000314-M-1810-item:268091-D591,M-1810,item:268091,start_campaign,none,4139.608163,14400.0,14400.0,0.0,0.0,,14400.0,0.0,14400.0,0.0,,lot_policy_enabled
592,CMP-00000315-M-1810-item:268091-D592,M-1810,item:268091,start_campaign,none,4989.39102,14400.0,14400.0,0.0,0.0,,14400.0,0.0,14400.0,0.0,,lot_policy_enabled
593,CMP-00000316-M-1810-item:268091-D593,M-1810,item:268091,start_campaign,none,5181.208816,14400.0,14400.0,0.0,0.0,,14400.0,0.0,14400.0,0.0,,lot_policy_enabled
594,CMP-00000317-M-1810-item:268091-D594,M-1810,item:268091,start_campaign,none,5241.4336,14400.0,14400.0,0.0,0.0,,14400.0,0.0,14400.0,0.0,,lot_policy_enabled
595,CMP-00000318-M-1810-item:268091-D595,M-1810,item:268091,start_campaign,none,5275.339781,14400.0,14400.0,0.0,0.0,,14400.0,0.0,14400.0,0.0,,lot_policy_enabled
596,CMP-00000319-M-1810-item:268091-D596,M-1810,item:268091,start_campaign,none,5303.982242,14400.0,14400.0,0.0,0.0,,14400.0,0.0,14400.0,0.0,,lot_policy_enabled
597,CMP-00000320-M-1810-item:268091-D597,M-1810,item:268091,start_campaign,none,5991.506652,14400.0,14400.0,0.0,0.0,,14400.0,0.0,14400.0,0.0,,lot_policy_enabled
599,CMP-00000321-M-1810-item:268091-D599,M-1810,item:268091,start_campaign,none,6294.302041,14400.0,14400.0,0.0,0.0,,14400.0,0.0,14400.0,0.0,,lot_policy_enabled
600,CMP-00000322-M-1810-item:268091-D600,M-1810,item:268091,start_campaign,none,8234.958367,14400.0,14400.0,0.0,0.0,,14400.0,0.0,14400.0,0.0,,lot_policy_enabled
601,CMP-00000323-M-1810-item:268091-D601,M-1810,item:268091,start_campaign,none,9304.885551,14400.0,14400.0,0.0,0.0,,14400.0,0.0,14400.0,0.0,,lot_policy_enabled
602,CMP-00000324-M-1810-item:268091-D602,M-1810,item:268091,start_campaign,none,10200.666906,14400.0,14400.0,0.0,0.0,,14400.0,0.0,14400.0,0.0,,lot_policy_enabled
603,CMP-00000325-M-1810-item:268091-D603,M-1810,item:268091,start_campaign,none,11061.619096,14400.0,14400.0,0.0,0.0,,14400.0,0.0,14400.0,0.0,,lot_policy_enabled
604,CMP-00000326-M-1430-item:268967-D604,M-1430,item:268967,start_campaign,none,7675.902041,107800.0,107800.0,0.0,0.0,,107800.0,0.0,107800.0,0.0,,lot_policy_enabled
604,CMP-00000327-M-1810-item:268091-D604,M-1810,item:268091,start_campaign,none,11033.483003,14400.0,14400.0,0.0,0.0,,14400.0,0.0,14400.0,0.0,,lot_policy_enabled
605,CMP-00000328-M-1810-item:268091-D605,M-1810,item:268091,start_campaign,none,10827.529254,14400.0,14400.0,0.0,0.0,,14400.0,0.0,14400.0,0.0,,lot_policy_enabled
606,CMP-00000329-M-1810-item:268091-D606,M-1810,item:268091,start_campaign,none,10586.011973,14400.0,14400.0,0.0,0.0,,14400.0,0.0,14400.0,0.0,,lot_policy_enabled
608,CMP-00000330-M-1810-item:268091-D608,M-1810,item:268091,start_campaign,none,8019.853061,14400.0,14400.0,0.0,0.0,,14400.0,0.0,14400.0,0.0,,lot_policy_enabled
611,CMP-00000331-M-1810-item:268091-D611,M-1810,item:268091,start_campaign,none,7569.616327,14400.0,14400.0,0.0,0.0,,14400.0,0.0,14400.0,0.0,,lot_policy_enabled
613,CMP-00000332-M-1810-item:268091-D613,M-1810,item:268091,start_campaign,none,7470.44898,14400.0,14400.0,0.0,0.0,,14400.0,0.0,14400.0,0.0,,lot_policy_enabled
615,CMP-00000333-M-1810-item:268091-D615,M-1810,item:268091,start_campaign,none,7371.281633,14400.0,14400.0,0.0,0.0,,14400.0,0.0,14400.0,0.0,,lot_policy_enabled
616,CMP-00000334-M-1810-item:268091-D616,M-1810,item:268091,start_campaign,none,8795.954286,14400.0,14400.0,0.0,0.0,,14400.0,0.0,14400.0,0.0,,lot_policy_enabled
617,CMP-00000335-M-1810-item:268091-D617,M-1810,item:268091,start_campaign,none,9031.305143,14400.0,14400.0,0.0,0.0,,14400.0,0.0,14400.0,0.0,,lot_policy_enabled
618,CMP-00000336-M-1810-item:268091-D618,M-1810,item:268091,start_campaign,none,9198.048784,14400.0,14400.0,0.0,0.0,,14400.0,0.0,14400.0,0.0,,lot_policy_enabled
621,CMP-00000337-M-1810-item:268091-D621,M-1810,item:268091,start_campaign,none,7750.808163,14400.0,14400.0,0.0,0.0,,14400.0,0.0,14400.0,0.0,,lot_policy_enabled
622,CMP-00000338-M-1810-item:268091-D622,M-1810,item:268091,start_campaign,none,9420.643265,14400.0,14400.0,0.0,0.0,,14400.0,0.0,14400.0,0.0,,lot_policy_enabled
623,CMP-00000339-M-1810-item:268091-D623,M-1810,item:268091,start_campaign,none,9874.283755,14400.0,14400.0,0.0,0.0,,14400.0,0.0,14400.0,0.0,,lot_policy_enabled
624,CMP-00000340-M-1810-item:268091-D624,M-1810,item:268091,start_campaign,none,10084.685322,14400.0,14400.0,0.0,0.0,,14400.0,0.0,14400.0,0.0,,lot_policy_enabled
625,CMP-00000341-M-1810-item:268091-D625,M-1810,item:268091,start_campaign,none,10476.920738,14400.0,14400.0,0.0,0.0,,14400.0,0.0,14400.0,0.0,,lot_policy_enabled
626,CMP-00000342-M-1810-item:268091-D626,M-1810,item:268091,start_campaign,none,10905.522923,14400.0,14400.0,0.0,0.0,,14400.0,0.0,14400.0,0.0,,lot_policy_enabled
627,CMP-00000343-M-1810-item:268091-D627,M-1810,item:268091,start_campaign,none,11341.398462,14400.0,14400.0,0.0,0.0,,14400.0,0.0,14400.0,0.0,,lot_policy_enabled
628,CMP-00000344-M-1810-item:268091-D628,M-1810,item:268091,start_campaign,none,11778.728672,14400.0,14400.0,0.0,0.0,,14400.0,0.0,14400.0,0.0,,lot_policy_enabled
629,CMP-00000345-M-1810-item:268091-D629,M-1810,item:268091,start_campaign,none,12216.349816,14400.0,14400.0,0.0,0.0,,14400.0,0.0,14400.0,0.0,,lot_policy_enabled
630,CMP-00000346-M-1810-item:268091-D630,M-1810,item:268091,start_campaign,none,12654.029147,14400.0,14400.0,0.0,0.0,,14400.0,0.0,14400.0,0.0,,lot_policy_enabled
631,CMP-00000347-M-1810-item:268091-D631,M-1810,item:268091,start_campaign,none,13091.720115,14400.0,14400.0,0.0,0.0,,14400.0,0.0,14400.0,0.0,,lot_policy_enabled
632,CMP-00000348-M-1810-item:268091-D632,M-1810,item:268091,start_campaign,none,12561.250145,14400.0,14400.0,0.0,0.0,,14400.0,0.0,14400.0,0.0,,lot_policy_enabled
633,CMP-00000349-M-1810-item:268091-D633,M-1810,item:268091,start_campaign,none,11837.147988,14400.0,14400.0,0.0,0.0,,14400.0,0.0,14400.0,0.0,,lot_policy_enabled
634,CMP-00000350-M-1810-item:268091-D634,M-1810,item:268091,start_campaign,none,11074.319394,14400.0,14400.0,0.0,0.0,,14400.0,0.0,14400.0,0.0,,lot_policy_enabled
635,CMP-00000351-M-1810-item:268091-D635,M-1810,item:268091,start_campaign,none,10303.745512,14400.0,14400.0,0.0,0.0,,14400.0,0.0,14400.0,0.0,,lot_policy_enabled
643,CMP-00000352-M-1810-item:268091-D643,M-1810,item:268091,start_campaign,none,7058.44898,14400.0,14400.0,0.0,0.0,,14400.0,0.0,14400.0,0.0,,lot_policy_enabled
644,CMP-00000353-M-1810-item:268091-D644,M-1810,item:268091,start_campaign,none,8634.857143,14400.0,14400.0,0.0,0.0,,14400.0,0.0,14400.0,0.0,,lot_policy_enabled
645,CMP-00000354-M-1810-item:268091-D645,M-1810,item:268091,start_campaign,none,9114.857143,14400.0,14400.0,0.0,0.0,,14400.0,0.0,14400.0,0.0,,lot_policy_enabled
646,CMP-00000355-M-1810-item:268091-D646,M-1810,item:268091,start_campaign,none,9331.967347,14400.0,14400.0,0.0,0.0,,14400.0,0.0,14400.0,0.0,,lot_policy_enabled
647,CMP-00000356-M-1810-item:268091-D647,M-1810,item:268091,start_campaign,none,9496.499592,14400.0,14400.0,0.0,0.0,,14400.0,0.0,14400.0,0.0,,lot_policy_enabled
648,CMP-00000357-M-1810-item:268091-D648,M-1810,item:268091,start_campaign,none,9650.516245,14400.0,14400.0,0.0,0.0,,14400.0,0.0,14400.0,0.0,,lot_policy_enabled
649,CMP-00000358-M-1430-item:268967-D649,M-1430,item:268967,start_campaign,none,3461.665306,107800.0,107800.0,0.0,0.0,,107800.0,0.0,107800.0,0.0,,lot_policy_enabled
649,CMP-00000359-M-1810-item:268091-D649,M-1810,item:268091,start_campaign,none,9802.42978,14400.0,14400.0,0.0,0.0,,14400.0,0.0,14400.0,0.0,,lot_policy_enabled
650,CMP-00000360-M-1810-item:268091-D650,M-1810,item:268091,start_campaign,none,9953.922691,14400.0,14400.0,0.0,0.0,,14400.0,0.0,14400.0,0.0,,lot_policy_enabled
653,CMP-00000361-M-1810-item:268091-D653,M-1810,item:268091,start_campaign,none,8367.053061,14400.0,14400.0,0.0,0.0,,14400.0,0.0,14400.0,0.0,,lot_policy_enabled
654,CMP-00000362-M-1810-item:268091-D654,M-1810,item:268091,start_campaign,none,10171.859592,14400.0,14400.0,0.0,0.0,,14400.0,0.0,14400.0,0.0,,lot_policy_enabled
656,CMP-00000363-M-1810-item:268091-D656,M-1810,item:268091,start_campaign,none,8761.240816,14400.0,14400.0,0.0,0.0,,14400.0,0.0,14400.0,0.0,,lot_policy_enabled
657,CMP-00000364-M-1810-item:268091-D657,M-1810,item:268091,start_campaign,none,10644.884898,14400.0,14400.0,0.0,0.0,,14400.0,0.0,14400.0,0.0,,lot_policy_enabled
658,CMP-00000365-M-1810-item:268091-D658,M-1810,item:268091,start_campaign,none,11153.009632,14400.0,14400.0,0.0,0.0,,14400.0,0.0,14400.0,0.0,,lot_policy_enabled
659,CMP-00000366-M-1810-item:268091-D659,M-1810,item:268091,start_campaign,none,11386.030498,14400.0,14400.0,0.0,0.0,,14400.0,0.0,14400.0,0.0,,lot_policy_enabled
660,CMP-00000367-M-1810-item:268091-D660,M-1810,item:268091,start_campaign,none,10966.430589,14400.0,14400.0,0.0,0.0,,14400.0,0.0,14400.0,0.0,,lot_policy_enabled
661,CMP-00000368-M-1810-item:268091-D661,M-1810,item:268091,start_campaign,none,10416.306526,14400.0,14400.0,0.0,0.0,,14400.0,0.0,14400.0,0.0,,lot_policy_enabled
662,CMP-00000369-M-1810-item:268091-D662,M-1810,item:268091,start_campaign,none,9840.077632,14400.0,14400.0,0.0,0.0,,14400.0,0.0,14400.0,0.0,,lot_policy_enabled
663,CMP-00000370-M-1810-item:268091-D663,M-1810,item:268091,start_campaign,none,9258.627771,14400.0,14400.0,0.0,0.0,,14400.0,0.0,14400.0,0.0,,lot_policy_enabled
667,CMP-00000371-M-1430-item:268967-D667,M-1430,item:268967,delay_input_shortage,input_shortage,3503.085714,107800.0,0.0,3503.085714,107800.0,item:333362,107800.0,107800.0,107800.0,107800.0,,lot_policy_enabled
668,CMP-00000371-M-1430-item:268967-D667,M-1430,item:268967,delay_input_shortage,input_shortage,4646.445714,107800.0,0.0,4646.445714,107800.0,item:333362,107800.0,107800.0,107800.0,107800.0,,lot_policy_enabled
669,CMP-00000371-M-1430-item:268967-D667,M-1430,item:268967,delay_input_shortage,input_shortage,5317.860571,107800.0,0.0,5317.860571,107800.0,item:333362,107800.0,107800.0,107800.0,107800.0,,lot_policy_enabled
670,CMP-00000371-M-1430-item:268967-D667,M-1430,item:268967,delay_input_shortage,input_shortage,5894.8864,107800.0,0.0,5894.8864,107800.0,item:333362,107800.0,107800.0,107800.0,107800.0,,lot_policy_enabled
670,CMP-00000372-M-1810-item:268091-D670,M-1810,item:268091,start_campaign,none,7162.073469,14400.0,14400.0,0.0,0.0,,14400.0,0.0,14400.0,0.0,,lot_policy_enabled
671,CMP-00000371-M-1430-item:268967-D667,M-1430,item:268967,delay_input_shortage,input_shortage,6453.034422,107800.0,0.0,6453.034422,107800.0,item:333362,107800.0,107800.0,107800.0,107800.0,,lot_policy_enabled
671,CMP-00000373-M-1810-item:268091-D671,M-1810,item:268091,start_campaign,none,8912.00653,14400.0,14400.0,0.0,0.0,,14400.0,0.0,14400.0,0.0,,lot_policy_enabled
672,CMP-00000371-M-1430-item:268967-D667,M-1430,item:268967,delay_input_shortage,input_shortage,7007.406884,107800.0,0.0,7007.406884,107800.0,item:333362,107800.0,107800.0,107800.0,107800.0,,lot_policy_enabled
672,CMP-00000374-M-1810-item:268091-D672,M-1810,item:268091,start_campaign,none,9579.51151,14400.0,14400.0,0.0,0.0,,14400.0,0.0,14400.0,0.0,,lot_policy_enabled
673,CMP-00000371-M-1430-item:268967-D667,M-1430,item:268967,delay_input_shortage,input_shortage,7561.024234,107800.0,0.0,7561.024234,107800.0,item:333362,107800.0,107800.0,107800.0,107800.0,,lot_policy_enabled
673,CMP-00000375-M-1810-item:268091-D673,M-1810,item:268091,start_campaign,none,10030.530873,14400.0,14400.0,0.0,0.0,,14400.0,0.0,14400.0,0.0,,lot_policy_enabled
674,CMP-00000371-M-1430-item:268967-D667,M-1430,item:268967,delay_input_shortage,input_shortage,7230.686479,107800.0,0.0,7230.686479,107800.0,item:333362,107800.0,107800.0,107800.0,107800.0,,lot_policy_enabled
674,CMP-00000376-M-1810-item:268091-D674,M-1810,item:268091,start_campaign,none,9662.873521,14400.0,14400.0,0.0,0.0,,14400.0,0.0,14400.0,0.0,,lot_policy_enabled
675,CMP-00000371-M-1430-item:268967-D667,M-1430,item:268967,delay_input_shortage,input_shortage,6723.557704,107800.0,0.0,6723.557704,107800.0,item:333362,107800.0,107800.0,107800.0,107800.0,,lot_policy_enabled
675,CMP-00000377-M-1810-item:268091-D675,M-1810,item:268091,start_campaign,none,9131.480827,14400.0,14400.0,0.0,0.0,,14400.0,0.0,14400.0,0.0,,lot_policy_enabled
676,CMP-00000371-M-1430-item:268967-D667,M-1430,item:268967,delay_input_shortage,input_shortage,6181.070724,107800.0,0.0,6181.070724,107800.0,item:333362,107800.0,107800.0,107800.0,107800.0,,lot_policy_enabled
677,CMP-00000371-M-1430-item:268967-D667,M-1430,item:268967,delay_input_shortage,input_shortage,5631.512104,107800.0,0.0,5631.512104,107800.0,item:333362,107800.0,107800.0,107800.0,107800.0,,lot_policy_enabled
678,CMP-00000371-M-1430-item:268967-D667,M-1430,item:268967,delay_input_shortage,input_shortage,5080.539155,107800.0,0.0,5080.539155,107800.0,item:333362,107800.0,107800.0,107800.0,107800.0,,lot_policy_enabled
679,CMP-00000371-M-1430-item:268967-D667,M-1430,item:268967,delay_input_shortage,input_shortage,4529.283341,107800.0,0.0,4529.283341,107800.0,item:333362,107800.0,107800.0,107800.0,107800.0,,lot_policy_enabled
679,CMP-00000378-M-1810-item:268091-D679,M-1810,item:268091,start_campaign,none,5367.461224,14400.0,14400.0,0.0,0.0,,14400.0,0.0,14400.0,0.0,,lot_policy_enabled
680,CMP-00000371-M-1430-item:268967-D667,M-1430,item:268967,delay_input_shortage,input_shortage,3977.970954,107800.0,0.0,3977.970954,107800.0,item:333362,107800.0,107800.0,107800.0,107800.0,,lot_policy_enabled
680,CMP-00000379-M-1810-item:268091-D680,M-1810,item:268091,start_campaign,none,5983.092245,14400.0,14400.0,0.0,0.0,,14400.0,0.0,14400.0,0.0,,lot_policy_enabled
681,CMP-00000371-M-1430-item:268967-D667,M-1430,item:268967,delay_input_shortage,input_shortage,4012.263578,107800.0,0.0,4012.263578,107800.0,item:333362,107800.0,107800.0,107800.0,107800.0,,lot_policy_enabled
681,CMP-00000380-M-1810-item:268091-D681,M-1810,item:268091,start_campaign,none,7125.173551,14400.0,14400.0,0.0,0.0,,14400.0,0.0,14400.0,0.0,,lot_policy_enabled
682,CMP-00000371-M-1430-item:268967-D667,M-1430,item:268967,delay_input_shortage,input_shortage,4163.677205,107800.0,0.0,4163.677205,107800.0,item:333362,107800.0,107800.0,107800.0,107800.0,,lot_policy_enabled
682,CMP-00000381-M-1810-item:268091-D682,M-1810,item:268091,start_campaign,none,8372.544914,14400.0,14400.0,0.0,0.0,,14400.0,0.0,14400.0,0.0,,lot_policy_enabled
683,CMP-00000371-M-1430-item:268967-D667,M-1430,item:268967,delay_input_shortage,input_shortage,4338.515033,107800.0,0.0,4338.515033,107800.0,item:333362,107800.0,107800.0,107800.0,107800.0,,lot_policy_enabled
683,CMP-00000382-M-1810-item:268091-D683,M-1810,item:268091,start_campaign,none,9640.974289,14400.0,14400.0,0.0,0.0,,14400.0,0.0,14400.0,0.0,,lot_policy_enabled
684,CMP-00000371-M-1430-item:268967-D667,M-1430,item:268967,delay_input_shortage,input_shortage,4518.0377,107800.0,0.0,4518.0377,107800.0,item:333362,107800.0,107800.0,107800.0,107800.0,,lot_policy_enabled
684,CMP-00000383-M-1810-item:268091-D684,M-1810,item:268091,start_campaign,none,10913.615266,14400.0,14400.0,0.0,0.0,,14400.0,0.0,14400.0,0.0,,lot_policy_enabled
685,CMP-00000371-M-1430-item:268967-D667,M-1430,item:268967,delay_input_shortage,input_shortage,4698.497336,107800.0,0.0,4698.497336,107800.0,item:333362,107800.0,107800.0,107800.0,107800.0,,lot_policy_enabled
685,CMP-00000384-M-1810-item:268091-D685,M-1810,item:268091,start_campaign,none,12187.098563,14400.0,14400.0,0.0,0.0,,14400.0,0.0,14400.0,0.0,,lot_policy_enabled
686,CMP-00000371-M-1430-item:268967-D667,M-1430,item:268967,delay_input_shortage,input_shortage,4879.144365,107800.0,0.0,4879.144365,107800.0,item:333362,107800.0,107800.0,107800.0,107800.0,,lot_policy_enabled
686,CMP-00000385-M-1810-item:268091-D686,M-1810,item:268091,start_campaign,none,13460.750325,14400.0,14400.0,0.0,0.0,,14400.0,0.0,14400.0,0.0,,lot_policy_enabled
687,CMP-00000371-M-1430-item:268967-D667,M-1430,item:268967,delay_input_shortage,input_shortage,5059.828873,107800.0,0.0,5059.828873,107800.0,item:333362,107800.0,107800.0,107800.0,107800.0,,lot_policy_enabled
687,CMP-00000386-M-1810-item:268091-D687,M-1810,item:268091,start_campaign,none,14734.435779,28800.0,28800.0,0.0,0.0,,28800.0,0.0,28800.0,0.0,,lot_policy_enabled
688,CMP-00000371-M-1430-item:268967-D667,M-1430,item:268967,delay_input_shortage,input_shortage,5297.043326,107800.0,0.0,5297.043326,107800.0,item:333362,107800.0,107800.0,107800.0,107800.0,,lot_policy_enabled
688,CMP-00000387-M-1810-item:268091-D688,M-1810,item:268091,start_campaign,none,15120.732054,28800.0,28800.0,0.0,0.0,,28800.0,0.0,28800.0,0.0,,lot_policy_enabled
689,CMP-00000371-M-1430-item:268967-D667,M-1430,item:268967,delay_input_shortage,input_shortage,5545.563767,107800.0,0.0,5545.563767,107800.0,item:333362,107800.0,107800.0,107800.0,107800.0,,lot_policy_enabled
689,CMP-00000388-M-1810-item:268091-D689,M-1810,item:268091,start_campaign,none,15329.550493,28800.0,28800.0,0.0,0.0,,28800.0,0.0,28800.0,0.0,,lot_policy_enabled
690,CMP-00000371-M-1430-item:268967-D667,M-1430,item:268967,delay_input_shortage,input_shortage,5796.345406,107800.0,0.0,5796.345406,107800.0,item:333362,107800.0,107800.0,107800.0,107800.0,,lot_policy_enabled
690,CMP-00000389-M-1810-item:268091-D690,M-1810,item:268091,start_campaign,none,15502.873364,28800.0,28800.0,0.0,0.0,,28800.0,0.0,28800.0,0.0,,lot_policy_enabled
691,CMP-00000371-M-1430-item:268967-D667,M-1430,item:268967,delay_input_shortage,input_shortage,6047.579285,107800.0,0.0,6047.579285,107800.0,item:333362,107800.0,107800.0,107800.0,107800.0,,lot_policy_enabled
691,CMP-00000390-M-1810-item:268091-D691,M-1810,item:268091,start_campaign,none,15669.097122,28800.0,28800.0,0.0,0.0,,28800.0,0.0,28800.0,0.0,,lot_policy_enabled
692,CMP-00000371-M-1430-item:268967-D667,M-1430,item:268967,delay_input_shortage,input_shortage,6298.903612,107800.0,0.0,6298.903612,107800.0,item:333362,107800.0,107800.0,107800.0,107800.0,,lot_policy_enabled
693,CMP-00000371-M-1430-item:268967-D667,M-1430,item:268967,delay_input_shortage,input_shortage,6550.246028,107800.0,0.0,6550.246028,107800.0,item:333362,107800.0,107800.0,107800.0,107800.0,,lot_policy_enabled
693,CMP-00000391-M-1810-item:268091-D693,M-1810,item:268091,start_campaign,none,12831.640816,14400.0,14400.0,0.0,0.0,,14400.0,0.0,14400.0,0.0,,lot_policy_enabled
694,CMP-00000371-M-1430-item:268967-D667,M-1430,item:268967,delay_input_shortage,input_shortage,6801.592062,107800.0,0.0,6801.592062,107800.0,item:333362,107800.0,107800.0,107800.0,107800.0,,lot_policy_enabled
694,CMP-00000392-M-1810-item:268091-D694,M-1810,item:268091,start_campaign,none,15529.528163,28800.0,28800.0,0.0,0.0,,28800.0,0.0,28800.0,0.0,,lot_policy_enabled
695,CMP-00000371-M-1430-item:268967-D667,M-1430,item:268967,delay_input_shortage,input_shortage,6565.379637,107800.0,0.0,6565.379637,107800.0,item:333362,107800.0,107800.0,107800.0,107800.0,,lot_policy_enabled
695,CMP-00000393-M-1810-item:268091-D695,M-1810,item:268091,start_campaign,none,15341.579102,28800.0,28800.0,0.0,0.0,,28800.0,0.0,28800.0,0.0,,lot_policy_enabled
696,CMP-00000371-M-1430-item:268967-D667,M-1430,item:268967,delay_input_shortage,input_shortage,6231.655519,107800.0,0.0,6231.655519,107800.0,item:333362,107800.0,107800.0,107800.0,107800.0,,lot_policy_enabled
696,CMP-00000394-M-1810-item:268091-D696,M-1810,item:268091,start_campaign,none,14576.462759,28800.0,28800.0,0.0,0.0,,28800.0,0.0,28800.0,0.0,,lot_policy_enabled
697,CMP-00000371-M-1430-item:268967-D667,M-1430,item:268967,delay_input_shortage,input_shortage,5878.429063,107800.0,0.0,5878.429063,107800.0,item:333362,107800.0,107800.0,107800.0,107800.0,,lot_policy_enabled
698,CMP-00000371-M-1430-item:268967-D667,M-1430,item:268967,delay_input_shortage,input_shortage,5521.302139,107800.0,0.0,5521.302139,107800.0,item:333362,107800.0,107800.0,107800.0,107800.0,,lot_policy_enabled
699,CMP-00000371-M-1430-item:268967-D667,M-1430,item:268967,delay_input_shortage,input_shortage,5163.395122,107800.0,0.0,5163.395122,107800.0,item:333362,107800.0,107800.0,107800.0,107800.0,,lot_policy_enabled
700,CMP-00000371-M-1430-item:268967-D667,M-1430,item:268967,delay_input_shortage,input_shortage,4805.332086,107800.0,0.0,4805.332086,107800.0,item:333362,107800.0,107800.0,107800.0,107800.0,,lot_policy_enabled
701,CMP-00000371-M-1430-item:268967-D667,M-1430,item:268967,delay_input_shortage,input_shortage,4447.237846,107800.0,0.0,4447.237846,107800.0,item:333362,107800.0,107800.0,107800.0,107800.0,,lot_policy_enabled
702,CMP-00000371-M-1430-item:268967-D667,M-1430,item:268967,delay_input_shortage,input_shortage,4426.655733,107800.0,0.0,4426.655733,107800.0,item:333362,107800.0,107800.0,107800.0,107800.0,,lot_policy_enabled
703,CMP-00000371-M-1430-item:268967-D667,M-1430,item:268967,delay_input_shortage,input_shortage,4473.576045,107800.0,0.0,4473.576045,107800.0,item:333362,107800.0,107800.0,107800.0,107800.0,,lot_policy_enabled
704,CMP-00000371-M-1430-item:268967-D667,M-1430,item:268967,delay_input_shortage,input_shortage,4533.996842,107800.0,0.0,4533.996842,107800.0,item:333362,107800.0,107800.0,107800.0,107800.0,,lot_policy_enabled
705,CMP-00000371-M-1430-item:268967-D667,M-1430,item:268967,delay_input_shortage,input_shortage,4597.117736,107800.0,0.0,4597.117736,107800.0,item:333362,107800.0,107800.0,107800.0,107800.0,,lot_policy_enabled
706,CMP-00000371-M-1430-item:268967-D667,M-1430,item:268967,delay_input_shortage,input_shortage,4660.778649,107800.0,0.0,4660.778649,107800.0,item:333362,107800.0,107800.0,107800.0,107800.0,,lot_policy_enabled
706,CMP-00000395-M-1810-item:268091-D706,M-1810,item:268091,start_campaign,none,8401.697959,14400.0,14400.0,0.0,0.0,,14400.0,0.0,14400.0,0.0,,lot_policy_enabled
707,CMP-00000371-M-1430-item:268967-D667,M-1430,item:268967,delay_input_shortage,input_shortage,4724.547566,107800.0,0.0,4724.547566,107800.0,item:333362,107800.0,107800.0,107800.0,107800.0,,lot_policy_enabled
707,CMP-00000396-M-1810-item:268091-D707,M-1810,item:268091,start_campaign,none,10188.274286,14400.0,14400.0,0.0,0.0,,14400.0,0.0,14400.0,0.0,,lot_policy_enabled
708,CMP-00000371-M-1430-item:268967-D667,M-1430,item:268967,delay_input_shortage,input_shortage,4788.338084,107800.0,0.0,4788.338084,107800.0,item:333362,107800.0,107800.0,107800.0,107800.0,,lot_policy_enabled
708,CMP-00000397-M-1810-item:268091-D708,M-1810,item:268091,start_campaign,none,10651.826286,14400.0,14400.0,0.0,0.0,,14400.0,0.0,14400.0,0.0,,lot_policy_enabled
709,CMP-00000371-M-1430-item:268967-D667,M-1430,item:268967,delay_input_shortage,input_shortage,5086.0268,107800.0,0.0,5086.0268,107800.0,item:333362,107800.0,107800.0,107800.0,107800.0,,lot_policy_enabled
709,CMP-00000398-M-1810-item:268091-D709,M-1810,item:268091,start_campaign,none,11798.740768,14400.0,14400.0,0.0,0.0,,14400.0,0.0,14400.0,0.0,,lot_policy_enabled
710,CMP-00000371-M-1430-item:268967-D667,M-1430,item:268967,delay_input_shortage,input_shortage,5430.495156,107800.0,0.0,5430.495156,107800.0,item:333362,107800.0,107800.0,107800.0,107800.0,,lot_policy_enabled
710,CMP-00000399-M-1810-item:268091-D710,M-1810,item:268091,start_campaign,none,13082.327746,14400.0,14400.0,0.0,0.0,,14400.0,0.0,14400.0,0.0,,lot_policy_enabled
711,CMP-00000371-M-1430-item:268967-D667,M-1430,item:268967,delay_input_shortage,input_shortage,5784.319439,107800.0,0.0,5784.319439,107800.0,item:333362,107800.0,107800.0,107800.0,107800.0,,lot_policy_enabled
711,CMP-00000400-M-1810-item:268091-D711,M-1810,item:268091,start_campaign,none,14393.249223,14400.0,14400.0,0.0,0.0,,14400.0,0.0,14400.0,0.0,,lot_policy_enabled
712,CMP-00000371-M-1430-item:268967-D667,M-1430,item:268967,delay_input_shortage,input_shortage,6140.014908,107800.0,0.0,6140.014908,107800.0,item:333362,107800.0,107800.0,107800.0,107800.0,,lot_policy_enabled
712,CMP-00000401-M-1810-item:268091-D712,M-1810,item:268091,start_campaign,none,15709.6376,28800.0,28800.0,0.0,0.0,,28800.0,0.0,28800.0,0.0,,lot_policy_enabled
713,CMP-00000371-M-1430-item:268967-D667,M-1430,item:268967,delay_input_shortage,input_shortage,6496.084614,107800.0,0.0,6496.084614,107800.0,item:333362,107800.0,107800.0,107800.0,107800.0,,lot_policy_enabled
713,CMP-00000402-M-1810-item:268091-D713,M-1810,item:268091,start_campaign,none,17027.119357,28800.0,28800.0,0.0,0.0,,28800.0,0.0,28800.0,0.0,,lot_policy_enabled
714,CMP-00000371-M-1430-item:268967-D667,M-1430,item:268967,delay_input_shortage,input_shortage,6852.229167,107800.0,0.0,6852.229167,107800.0,item:333362,107800.0,107800.0,107800.0,107800.0,,lot_policy_enabled
714,CMP-00000403-M-1810-item:268091-D714,M-1810,item:268091,start_campaign,none,18344.81979,28800.0,28800.0,0.0,0.0,,28800.0,0.0,28800.0,0.0,,lot_policy_enabled
715,CMP-00000371-M-1430-item:268967-D667,M-1430,item:268967,delay_input_shortage,input_shortage,7208.38869,107800.0,0.0,7208.38869,107800.0,item:333362,107800.0,107800.0,107800.0,107800.0,,lot_policy_enabled
715,CMP-00000404-M-1810-item:268091-D715,M-1810,item:268091,start_campaign,none,19662.563958,28800.0,28800.0,0.0,0.0,,28800.0,0.0,28800.0,0.0,,lot_policy_enabled
716,CMP-00000371-M-1430-item:268967-D667,M-1430,item:268967,delay_input_shortage,input_shortage,6719.277738,107800.0,0.0,6719.277738,107800.0,item:333362,107800.0,107800.0,107800.0,107800.0,,lot_policy_enabled
716,CMP-00000405-M-1810-item:268091-D716,M-1810,item:268091,start_campaign,none,19568.888302,28800.0,28800.0,0.0,0.0,,28800.0,0.0,28800.0,0.0,,lot_policy_enabled
717,CMP-00000371-M-1430-item:268967-D667,M-1430,item:268967,delay_input_shortage,input_shortage,6061.11269,107800.0,0.0,6061.11269,107800.0,item:333362,107800.0,107800.0,107800.0,107800.0,,lot_policy_enabled
717,CMP-00000406-M-1810-item:268091-D717,M-1810,item:268091,start_campaign,none,19192.928681,28800.0,28800.0,0.0,0.0,,28800.0,0.0,28800.0,0.0,,lot_policy_enabled
718,CMP-00000371-M-1430-item:268967-D667,M-1430,item:268967,delay_input_shortage,input_shortage,5369.136823,107800.0,0.0,5369.136823,107800.0,item:333362,107800.0,107800.0,107800.0,107800.0,,lot_policy_enabled
718,CMP-00000407-M-1810-item:268091-D718,M-1810,item:268091,start_campaign,none,18760.512267,28800.0,28800.0,0.0,0.0,,28800.0,0.0,28800.0,0.0,,lot_policy_enabled
719,CMP-00000371-M-1430-item:268967-D667,M-1430,item:268967,delay_input_shortage,input_shortage,4670.398793,107800.0,0.0,4670.398793,107800.0,item:333362,107800.0,107800.0,107800.0,107800.0,,lot_policy_enabled
719,CMP-00000408-M-1810-item:268091-D719,M-1810,item:268091,start_campaign,none,18316.804494,28800.0,28800.0,0.0,0.0,,28800.0,0.0,28800.0,0.0,,lot_policy_enabled
720,CMP-00000371-M-1430-item:268967-D667,M-1430,item:268967,delay_input_shortage,input_shortage,3970.30833,107800.0,0.0,3970.30833,107800.0,item:333362,107800.0,107800.0,107800.0,107800.0,,lot_policy_enabled
720,CMP-00000409-M-1810-item:268091-D720,M-1810,item:268091,start_campaign,none,17870.83845,28800.0,28800.0,0.0,0.0,,28800.0,0.0,28800.0,0.0,,lot_policy_enabled
721,CMP-00000371-M-1430-item:268967-D667,M-1430,item:268967,delay_input_shortage,input_shortage,3269.94738,107800.0,0.0,3269.94738,107800.0,item:333362,107800.0,107800.0,107800.0,107800.0,,lot_policy_enabled
721,CMP-00000410-M-1810-item:268091-D721,M-1810,item:268091,start_campaign,none,17424.420751,28800.0,28800.0,0.0,0.0,,28800.0,0.0,28800.0,0.0,,lot_policy_enabled
722,CMP-00000371-M-1430-item:268967-D667,M-1430,item:268967,delay_input_shortage,input_shortage,2569.532333,107800.0,0.0,2569.532333,107800.0,item:333362,107800.0,107800.0,107800.0,107800.0,,lot_policy_enabled
723,CMP-00000371-M-1430-item:268967-D667,M-1430,item:268967,delay_input_shortage,input_shortage,2155.800344,107800.0,0.0,2155.800344,107800.0,item:333362,107800.0,107800.0,107800.0,107800.0,,lot_policy_enabled
724,CMP-00000371-M-1430-item:268967-D667,M-1430,item:268967,delay_input_shortage,input_shortage,2092.302926,107800.0,0.0,2092.302926,107800.0,item:333362,107800.0,107800.0,107800.0,107800.0,,lot_policy_enabled
725,CMP-00000371-M-1430-item:268967-D667,M-1430,item:268967,delay_input_shortage,input_shortage,2098.852422,107800.0,0.0,2098.852422,107800.0,item:333362,107800.0,107800.0,107800.0,107800.0,,lot_policy_enabled
726,CMP-00000371-M-1430-item:268967-D667,M-1430,item:268967,delay_input_shortage,input_shortage,2119.411301,107800.0,0.0,2119.411301,107800.0,item:333362,107800.0,107800.0,107800.0,107800.0,,lot_policy_enabled
727,CMP-00000371-M-1430-item:268967-D667,M-1430,item:268967,delay_input_shortage,input_shortage,2142.772056,107800.0,0.0,2142.772056,107800.0,item:333362,107800.0,107800.0,107800.0,107800.0,,lot_policy_enabled
728,CMP-00000371-M-1430-item:268967-D667,M-1430,item:268967,delay_input_shortage,input_shortage,2166.693187,107800.0,0.0,2166.693187,107800.0,item:333362,107800.0,107800.0,107800.0,107800.0,,lot_policy_enabled
729,CMP-00000371-M-1430-item:268967-D667,M-1430,item:268967,delay_input_shortage,input_shortage,2190.726393,107800.0,0.0,2190.726393,107800.0,item:333362,107800.0,107800.0,107800.0,107800.0,,lot_policy_enabled
730,CMP-00000371-M-1430-item:268967-D667,M-1430,item:268967,delay_input_shortage,input_shortage,2488.430993,107800.0,0.0,2488.430993,107800.0,item:333362,107800.0,107800.0,107800.0,107800.0,,lot_policy_enabled
731,CMP-00000371-M-1430-item:268967-D667,M-1430,item:268967,delay_input_shortage,input_shortage,2970.127015,107800.0,0.0,2970.127015,107800.0,item:333362,107800.0,107800.0,107800.0,107800.0,,lot_policy_enabled
732,CMP-00000371-M-1430-item:268967-D667,M-1430,item:268967,delay_input_shortage,input_shortage,3488.621322,107800.0,0.0,3488.621322,107800.0,item:333362,107800.0,107800.0,107800.0,107800.0,,lot_policy_enabled
733,CMP-00000371-M-1430-item:268967-D667,M-1430,item:268967,delay_input_shortage,input_shortage,4014.475285,107800.0,0.0,4014.475285,107800.0,item:333362,107800.0,107800.0,107800.0,107800.0,,lot_policy_enabled
734,CMP-00000371-M-1430-item:268967-D667,M-1430,item:268967,delay_input_shortage,input_shortage,4541.80118,107800.0,0.0,4541.80118,107800.0,item:333362,107800.0,107800.0,107800.0,107800.0,,lot_policy_enabled
735,CMP-00000371-M-1430-item:268967-D667,M-1430,item:268967,delay_input_shortage,input_shortage,5069.421461,107800.0,0.0,5069.421461,107800.0,item:333362,107800.0,107800.0,107800.0,107800.0,,lot_policy_enabled
736,CMP-00000371-M-1430-item:268967-D667,M-1430,item:268967,delay_input_shortage,input_shortage,5597.100619,107800.0,0.0,5597.100619,107800.0,item:333362,107800.0,107800.0,107800.0,107800.0,,lot_policy_enabled
737,CMP-00000371-M-1430-item:268967-D667,M-1430,item:268967,delay_input_shortage,input_shortage,6124.791553,107800.0,0.0,6124.791553,107800.0,item:333362,107800.0,107800.0,107800.0,107800.0,,lot_policy_enabled
738,CMP-00000371-M-1430-item:268967-D667,M-1430,item:268967,delay_input_shortage,input_shortage,5991.83178,107800.0,0.0,5991.83178,107800.0,item:333362,107800.0,107800.0,107800.0,107800.0,,lot_policy_enabled
739,CMP-00000371-M-1430-item:268967-D667,M-1430,item:268967,delay_input_shortage,input_shortage,5726.741866,107800.0,0.0,5726.741866,107800.0,item:333362,107800.0,107800.0,107800.0,107800.0,,lot_policy_enabled
740,CMP-00000371-M-1430-item:268967-D667,M-1430,item:268967,delay_input_shortage,input_shortage,5435.225924,107800.0,0.0,5435.225924,107800.0,item:333362,107800.0,107800.0,107800.0,107800.0,,lot_policy_enabled
741,CMP-00000371-M-1430-item:268967-D667,M-1430,item:268967,delay_input_shortage,input_shortage,5138.424777,107800.0,0.0,5138.424777,107800.0,item:333362,107800.0,107800.0,107800.0,107800.0,,lot_policy_enabled
742,CMP-00000371-M-1430-item:268967-D667,M-1430,item:268967,delay_input_shortage,input_shortage,4840.566588,107800.0,0.0,4840.566588,107800.0,item:333362,107800.0,107800.0,107800.0,107800.0,,lot_policy_enabled
743,CMP-00000371-M-1430-item:268967-D667,M-1430,item:268967,delay_input_shortage,input_shortage,4542.496991,107800.0,0.0,4542.496991,107800.0,item:333362,107800.0,107800.0,107800.0,107800.0,,lot_policy_enabled
744,CMP-00000371-M-1430-item:268967-D667,M-1430,item:268967,delay_input_shortage,input_shortage,4244.385113,107800.0,0.0,4244.385113,107800.0,item:333362,107800.0,107800.0,107800.0,107800.0,,lot_policy_enabled
745,CMP-00000371-M-1430-item:268967-D667,M-1430,item:268967,delay_input_shortage,input_shortage,4154.901512,107800.0,0.0,4154.901512,107800.0,item:333362,107800.0,107800.0,107800.0,107800.0,,lot_policy_enabled
746,CMP-00000371-M-1430-item:268967-D667,M-1430,item:268967,delay_input_shortage,input_shortage,4107.143568,107800.0,0.0,4107.143568,107800.0,item:333362,107800.0,107800.0,107800.0,107800.0,,lot_policy_enabled
746,CMP-00000411-M-1810-item:268091-D746,M-1810,item:268091,start_campaign,none,6876.881633,14400.0,14400.0,0.0,0.0,,14400.0,0.0,14400.0,0.0,,lot_policy_enabled
747,CMP-00000371-M-1430-item:268967-D667,M-1430,item:268967,delay_input_shortage,input_shortage,4067.730755,107800.0,0.0,4067.730755,107800.0,item:333362,107800.0,107800.0,107800.0,107800.0,,lot_policy_enabled
747,CMP-00000412-M-1810-item:268091-D747,M-1810,item:268091,start_campaign,none,8744.355919,14400.0,14400.0,0.0,0.0,,14400.0,0.0,14400.0,0.0,,lot_policy_enabled
748,CMP-00000371-M-1430-item:268967-D667,M-1430,item:268967,delay_input_shortage,input_shortage,4029.986967,107800.0,0.0,4029.986967,107800.0,item:333362,107800.0,107800.0,107800.0,107800.0,,lot_policy_enabled
748,CMP-00000413-M-1810-item:268091-D748,M-1810,item:268091,start_campaign,none,9609.948735,14400.0,14400.0,0.0,0.0,,14400.0,0.0,14400.0,0.0,,lot_policy_enabled
749,CMP-00000371-M-1430-item:268967-D667,M-1430,item:268967,delay_input_shortage,input_shortage,3992.576986,107800.0,0.0,3992.576986,107800.0,item:333362,107800.0,107800.0,107800.0,107800.0,,lot_policy_enabled
749,CMP-00000414-M-1810-item:268091-D749,M-1810,item:268091,start_campaign,none,10275.165257,14400.0,14400.0,0.0,0.0,,14400.0,0.0,14400.0,0.0,,lot_policy_enabled
750,CMP-00000371-M-1430-item:268967-D667,M-1430,item:268967,delay_input_shortage,input_shortage,3955.233765,107800.0,0.0,3955.233765,107800.0,item:333362,107800.0,107800.0,107800.0,107800.0,,lot_policy_enabled
750,CMP-00000415-M-1810-item:268091-D750,M-1810,item:268091,start_campaign,none,10900.306521,14400.0,14400.0,0.0,0.0,,14400.0,0.0,14400.0,0.0,,lot_policy_enabled
751,CMP-00000371-M-1430-item:268967-D667,M-1430,item:268967,delay_input_shortage,input_shortage,3917.903896,107800.0,0.0,3917.903896,107800.0,item:333362,107800.0,107800.0,107800.0,107800.0,,lot_policy_enabled
751,CMP-00000416-M-1810-item:268091-D751,M-1810,item:268091,start_campaign,none,11517.432733,14400.0,14400.0,0.0,0.0,,14400.0,0.0,14400.0,0.0,,lot_policy_enabled
752,CMP-00000371-M-1430-item:268967-D667,M-1430,item:268967,delay_input_shortage,input_shortage,4026.290984,107800.0,0.0,4026.290984,107800.0,item:333362,107800.0,107800.0,107800.0,107800.0,,lot_policy_enabled
752,CMP-00000417-M-1810-item:268091-D752,M-1810,item:268091,start_campaign,none,11488.139608,14400.0,14400.0,0.0,0.0,,14400.0,0.0,14400.0,0.0,,lot_policy_enabled
753,CMP-00000371-M-1430-item:268967-D667,M-1430,item:268967,delay_input_shortage,input_shortage,4163.821462,107800.0,0.0,4163.821462,107800.0,item:333362,107800.0,107800.0,107800.0,107800.0,,lot_policy_enabled
753,CMP-00000418-M-1810-item:268091-D753,M-1810,item:268091,start_campaign,none,11329.562616,14400.0,14400.0,0.0,0.0,,14400.0,0.0,14400.0,0.0,,lot_policy_enabled
754,CMP-00000371-M-1430-item:268967-D667,M-1430,item:268967,delay_input_shortage,input_shortage,4307.180619,107800.0,0.0,4307.180619,107800.0,item:333362,107800.0,107800.0,107800.0,107800.0,,lot_policy_enabled
754,CMP-00000419-M-1810-item:268091-D754,M-1810,item:268091,start_campaign,none,11145.12885,14400.0,14400.0,0.0,0.0,,14400.0,0.0,14400.0,0.0,,lot_policy_enabled
755,CMP-00000371-M-1430-item:268967-D667,M-1430,item:268967,delay_input_shortage,input_shortage,4451.705512,107800.0,0.0,4451.705512,107800.0,item:333362,107800.0,107800.0,107800.0,107800.0,,lot_policy_enabled
755,CMP-00000420-M-1810-item:268091-D755,M-1810,item:268091,start_campaign,none,10955.523729,14400.0,14400.0,0.0,0.0,,14400.0,0.0,14400.0,0.0,,lot_policy_enabled
756,CMP-00000371-M-1430-item:268967-D667,M-1430,item:268967,delay_input_shortage,input_shortage,4596.463551,107800.0,0.0,4596.463551,107800.0,item:333362,107800.0,107800.0,107800.0,107800.0,,lot_policy_enabled
756,CMP-00000421-M-1810-item:268091-D756,M-1810,item:268091,start_campaign,none,10764.884337,14400.0,14400.0,0.0,0.0,,14400.0,0.0,14400.0,0.0,,lot_policy_enabled
757,CMP-00000371-M-1430-item:268967-D667,M-1430,item:268967,delay_input_shortage,input_shortage,4741.26822,107800.0,0.0,4741.26822,107800.0,item:333362,107800.0,107800.0,107800.0,107800.0,,lot_policy_enabled
757,CMP-00000422-M-1810-item:268091-D757,M-1810,item:268091,start_campaign,none,10574.038092,14400.0,14400.0,0.0,0.0,,14400.0,0.0,14400.0,0.0,,lot_policy_enabled
758,CMP-00000371-M-1430-item:268967-D667,M-1430,item:268967,delay_input_shortage,input_shortage,4886.082215,107800.0,0.0,4886.082215,107800.0,item:333362,107800.0,107800.0,107800.0,107800.0,,lot_policy_enabled
759,CMP-00000371-M-1430-item:268967-D667,M-1430,item:268967,delay_input_shortage,input_shortage,4790.767463,107800.0,0.0,4790.767463,107800.0,item:333362,107800.0,107800.0,107800.0,107800.0,,lot_policy_enabled
760,CMP-00000371-M-1430-item:268967-D667,M-1430,item:268967,delay_input_shortage,input_shortage,4647.426962,107800.0,0.0,4647.426962,107800.0,item:333362,107800.0,107800.0,107800.0,107800.0,,lot_policy_enabled
761,CMP-00000371-M-1430-item:268967-D667,M-1430,item:268967,delay_input_shortage,input_shortage,4494.481311,107800.0,0.0,4494.481311,107800.0,item:333362,107800.0,107800.0,107800.0,107800.0,,lot_policy_enabled
761,CMP-00000423-M-1810-item:268091-D761,M-1810,item:268091,start_campaign,none,7962.906122,14400.0,14400.0,0.0,0.0,,14400.0,0.0,14400.0,0.0,,lot_policy_enabled
762,CMP-00000371-M-1430-item:268967-D667,M-1430,item:268967,delay_input_shortage,input_shortage,4339.614629,107800.0,0.0,4339.614629,107800.0,item:333362,107800.0,107800.0,107800.0,107800.0,,lot_policy_enabled
762,CMP-00000424-M-1810-item:268091-D762,M-1810,item:268091,start_campaign,none,9453.675102,14400.0,14400.0,0.0,0.0,,14400.0,0.0,14400.0,0.0,,lot_policy_enabled
763,CMP-00000371-M-1430-item:268967-D667,M-1430,item:268967,delay_input_shortage,input_shortage,4184.363742,107800.0,0.0,4184.363742,107800.0,item:333362,107800.0,107800.0,107800.0,107800.0,,lot_policy_enabled
763,CMP-00000425-M-1810-item:268091-D763,M-1810,item:268091,start_campaign,none,9650.016653,14400.0,14400.0,0.0,0.0,,14400.0,0.0,14400.0,0.0,,lot_policy_enabled
764,CMP-00000371-M-1430-item:268967-D667,M-1430,item:268967,delay_input_shortage,input_shortage,4029.036014,107800.0,0.0,4029.036014,107800.0,item:333362,107800.0,107800.0,107800.0,107800.0,,lot_policy_enabled
764,CMP-00000426-M-1810-item:268091-D764,M-1810,item:268091,start_campaign,none,9587.472719,14400.0,14400.0,0.0,0.0,,14400.0,0.0,14400.0,0.0,,lot_policy_enabled
765,CMP-00000371-M-1430-item:268967-D667,M-1430,item:268967,delay_input_shortage,input_shortage,3873.692917,107800.0,0.0,3873.692917,107800.0,item:333362,107800.0,107800.0,107800.0,107800.0,,lot_policy_enabled
766,CMP-00000371-M-1430-item:268967-D667,M-1430,item:268967,delay_input_shortage,input_shortage,4187.456951,107800.0,0.0,4187.456951,107800.0,item:333362,107800.0,107800.0,107800.0,107800.0,,lot_policy_enabled
767,CMP-00000371-M-1430-item:268967-D667,M-1430,item:268967,delay_input_shortage,input_shortage,4595.042411,107800.0,0.0,4595.042411,107800.0,item:333362,107800.0,107800.0,107800.0,107800.0,,lot_policy_enabled
768,CMP-00000371-M-1430-item:268967-D667,M-1430,item:268967,delay_input_shortage,input_shortage,5021.392156,107800.0,0.0,5021.392156,107800.0,item:333362,107800.0,107800.0,107800.0,107800.0,,lot_policy_enabled
768,CMP-00000427-M-1810-item:268091-D768,M-1810,item:268091,start_campaign,none,6738.187755,14400.0,14400.0,0.0,0.0,,14400.0,0.0,14400.0,0.0,,lot_policy_enabled
769,CMP-00000371-M-1430-item:268967-D667,M-1430,item:268967,delay_input_shortage,input_shortage,5451.494758,107800.0,0.0,5451.494758,107800.0,item:333362,107800.0,107800.0,107800.0,107800.0,,lot_policy_enabled
770,CMP-00000371-M-1430-item:268967-D667,M-1430,item:268967,delay_input_shortage,input_shortage,5882.347931,107800.0,0.0,5882.347931,107800.0,item:333362,107800.0,107800.0,107800.0,107800.0,,lot_policy_enabled
770,CMP-00000428-M-1810-item:268091-D770,M-1810,item:268091,start_campaign,none,6193.208163,14400.0,14400.0,0.0,0.0,,14400.0,0.0,14400.0,0.0,,lot_policy_enabled
771,CMP-00000371-M-1430-item:268967-D667,M-1430,item:268967,delay_input_shortage,input_shortage,6313.351219,107800.0,0.0,6313.351219,107800.0,item:333362,107800.0,107800.0,107800.0,107800.0,,lot_policy_enabled
771,CMP-00000429-M-1810-item:268091-D771,M-1810,item:268091,start_campaign,none,7159.36,14400.0,14400.0,0.0,0.0,,14400.0,0.0,14400.0,0.0,,lot_policy_enabled
772,CMP-00000371-M-1430-item:268967-D667,M-1430,item:268967,delay_input_shortage,input_shortage,6744.384529,107800.0,0.0,6744.384529,107800.0,item:333362,107800.0,107800.0,107800.0,107800.0,,lot_policy_enabled
772,CMP-00000430-M-1810-item:268091-D772,M-1810,item:268091,start_campaign,none,7080.100571,14400.0,14400.0,0.0,0.0,,14400.0,0.0,14400.0,0.0,,lot_policy_enabled
773,CMP-00000371-M-1430-item:268967-D667,M-1430,item:268967,delay_input_shortage,input_shortage,6559.472824,107800.0,0.0,6559.472824,107800.0,item:333362,107800.0,107800.0,107800.0,107800.0,,lot_policy_enabled
773,CMP-00000431-M-1810-item:268091-D773,M-1810,item:268091,start_campaign,none,7885.016032,14400.0,14400.0,0.0,0.0,,14400.0,0.0,14400.0,0.0,,lot_policy_enabled
774,CMP-00000371-M-1430-item:268967-D667,M-1430,item:268967,delay_input_shortage,input_shortage,6251.372116,107800.0,0.0,6251.372116,107800.0,item:333362,107800.0,107800.0,107800.0,107800.0,,lot_policy_enabled
774,CMP-00000432-M-1810-item:268091-D774,M-1810,item:268091,start_campaign,none,8866.766472,14400.0,14400.0,0.0,0.0,,14400.0,0.0,14400.0,0.0,,lot_policy_enabled
775,CMP-00000371-M-1430-item:268967-D667,M-1430,item:268967,delay_input_shortage,input_shortage,5918.633607,107800.0,0.0,5918.633607,107800.0,item:333362,107800.0,107800.0,107800.0,107800.0,,lot_policy_enabled
775,CMP-00000433-M-1810-item:268091-D775,M-1810,item:268091,start_campaign,none,9883.883906,14400.0,14400.0,0.0,0.0,,14400.0,0.0,14400.0,0.0,,lot_policy_enabled
776,CMP-00000371-M-1430-item:268967-D667,M-1430,item:268967,delay_input_shortage,input_shortage,5580.967538,107800.0,0.0,5580.967538,107800.0,item:333362,107800.0,107800.0,107800.0,107800.0,,lot_policy_enabled
776,CMP-00000434-M-1810-item:268091-D776,M-1810,item:268091,start_campaign,none,10908.07474,14400.0,14400.0,0.0,0.0,,14400.0,0.0,14400.0,0.0,,lot_policy_enabled
777,CMP-00000371-M-1430-item:268967-D667,M-1430,item:268967,delay_input_shortage,input_shortage,5242.315957,107800.0,0.0,5242.315957,107800.0,item:333362,107800.0,107800.0,107800.0,107800.0,,lot_policy_enabled
777,CMP-00000435-M-1810-item:268091-D777,M-1810,item:268091,start_campaign,none,11933.680254,14400.0,14400.0,0.0,0.0,,14400.0,0.0,14400.0,0.0,,lot_policy_enabled
778,CMP-00000371-M-1430-item:268967-D667,M-1430,item:268967,delay_input_shortage,input_shortage,4903.467273,107800.0,0.0,4903.467273,107800.0,item:333362,107800.0,107800.0,107800.0,107800.0,,lot_policy_enabled
778,CMP-00000436-M-1810-item:268091-D778,M-1810,item:268091,start_campaign,none,12959.568704,14400.0,14400.0,0.0,0.0,,14400.0,0.0,14400.0,0.0,,lot_policy_enabled
779,CMP-00000371-M-1430-item:268967-D667,M-1430,item:268967,delay_input_shortage,input_shortage,4564.579169,107800.0,0.0,4564.579169,107800.0,item:333362,107800.0,107800.0,107800.0,107800.0,,lot_policy_enabled
779,CMP-00000437-M-1810-item:268091-D779,M-1810,item:268091,start_campaign,none,13985.513741,14400.0,14400.0,0.0,0.0,,14400.0,0.0,14400.0,0.0,,lot_policy_enabled
780,CMP-00000371-M-1430-item:268967-D667,M-1430,item:268967,delay_input_shortage,input_shortage,4734.385222,107800.0,0.0,4734.385222,107800.0,item:333362,107800.0,107800.0,107800.0,107800.0,,lot_policy_enabled
780,CMP-00000438-M-1810-item:268091-D780,M-1810,item:268091,start_campaign,none,14116.580299,14400.0,14400.0,0.0,0.0,,14400.0,0.0,14400.0,0.0,,lot_policy_enabled
781,CMP-00000371-M-1430-item:268967-D667,M-1430,item:268967,delay_input_shortage,input_shortage,5005.930106,107800.0,0.0,5005.930106,107800.0,item:333362,107800.0,107800.0,107800.0,107800.0,,lot_policy_enabled
781,CMP-00000439-M-1810-item:268091-D781,M-1810,item:268091,start_campaign,none,14068.671162,14400.0,14400.0,0.0,0.0,,14400.0,0.0,14400.0,0.0,,lot_policy_enabled
782,CMP-00000371-M-1430-item:268967-D667,M-1430,item:268967,delay_input_shortage,input_shortage,5297.822756,107800.0,0.0,5297.822756,107800.0,item:333362,107800.0,107800.0,107800.0,107800.0,,lot_policy_enabled
782,CMP-00000440-M-1810-item:268091-D782,M-1810,item:268091,start_campaign,none,13984.966885,14400.0,14400.0,0.0,0.0,,14400.0,0.0,14400.0,0.0,,lot_policy_enabled
783,CMP-00000371-M-1430-item:268967-D667,M-1430,item:268967,delay_input_shortage,input_shortage,5593.78496,107800.0,0.0,5593.78496,107800.0,item:333362,107800.0,107800.0,107800.0,107800.0,,lot_policy_enabled
783,CMP-00000441-M-1810-item:268091-D783,M-1810,item:268091,start_campaign,none,13894.103581,14400.0,14400.0,0.0,0.0,,14400.0,0.0,14400.0,0.0,,lot_policy_enabled
784,CMP-00000371-M-1430-item:268967-D667,M-1430,item:268967,delay_input_shortage,input_shortage,5890.561074,107800.0,0.0,5890.561074,107800.0,item:333362,107800.0,107800.0,107800.0,107800.0,,lot_policy_enabled
784,CMP-00000442-M-1810-item:268091-D784,M-1810,item:268091,start_campaign,none,13801.808471,14400.0,14400.0,0.0,0.0,,14400.0,0.0,14400.0,0.0,,lot_policy_enabled
785,CMP-00000371-M-1430-item:268967-D667,M-1430,item:268967,delay_input_shortage,input_shortage,6187.49997,107800.0,0.0,6187.49997,107800.0,item:333362,107800.0,107800.0,107800.0,107800.0,,lot_policy_enabled
785,CMP-00000443-M-1810-item:268091-D785,M-1810,item:268091,start_campaign,none,13709.227,14400.0,14400.0,0.0,0.0,,14400.0,0.0,14400.0,0.0,,lot_policy_enabled
786,CMP-00000371-M-1430-item:268967-D667,M-1430,item:268967,delay_input_shortage,input_shortage,6484.471423,107800.0,0.0,6484.471423,107800.0,item:333362,107800.0,107800.0,107800.0,107800.0,,lot_policy_enabled
786,CMP-00000444-M-1810-item:268091-D786,M-1810,item:268091,start_campaign,none,13616.588257,14400.0,14400.0,0.0,0.0,,14400.0,0.0,14400.0,0.0,,lot_policy_enabled
787,CMP-00000371-M-1430-item:268967-D667,M-1430,item:268967,delay_input_shortage,input_shortage,6254.412652,107800.0,0.0,6254.412652,107800.0,item:333362,107800.0,107800.0,107800.0,107800.0,,lot_policy_enabled
787,CMP-00000445-M-1810-item:268091-D787,M-1810,item:268091,start_campaign,none,13338.925814,14400.0,14400.0,0.0,0.0,,14400.0,0.0,14400.0,0.0,,lot_policy_enabled
788,CMP-00000371-M-1430-item:268967-D667,M-1430,item:268967,delay_input_shortage,input_shortage,5918.947837,107800.0,0.0,5918.947837,107800.0,item:333362,107800.0,107800.0,107800.0,107800.0,,lot_policy_enabled
788,CMP-00000446-M-1810-item:268091-D788,M-1810,item:268091,start_campaign,none,13024.258632,14400.0,14400.0,0.0,0.0,,14400.0,0.0,14400.0,0.0,,lot_policy_enabled
789,CMP-00000371-M-1430-item:268967-D667,M-1430,item:268967,delay_input_shortage,input_shortage,5562.401812,107800.0,0.0,5562.401812,107800.0,item:333362,107800.0,107800.0,107800.0,107800.0,,lot_policy_enabled
789,CMP-00000447-M-1810-item:268091-D789,M-1810,item:268091,start_campaign,none,12702.190502,14400.0,14400.0,0.0,0.0,,14400.0,0.0,14400.0,0.0,,lot_policy_enabled
790,CMP-00000371-M-1430-item:268967-D667,M-1430,item:268967,delay_input_shortage,input_shortage,5201.639546,107800.0,0.0,5201.639546,107800.0,item:333362,107800.0,107800.0,107800.0,107800.0,,lot_policy_enabled
790,CMP-00000448-M-1810-item:268091-D790,M-1810,item:268091,start_campaign,none,12378.642182,14400.0,14400.0,0.0,0.0,,14400.0,0.0,14400.0,0.0,,lot_policy_enabled
791,CMP-00000371-M-1430-item:268967-D667,M-1430,item:268967,delay_input_shortage,input_shortage,4840.034032,107800.0,0.0,4840.034032,107800.0,item:333362,107800.0,107800.0,107800.0,107800.0,,lot_policy_enabled
791,CMP-00000449-M-1810-item:268091-D791,M-1810,item:268091,start_campaign,none,12054.797824,14400.0,14400.0,0.0,0.0,,14400.0,0.0,14400.0,0.0,,lot_policy_enabled
792,CMP-00000371-M-1430-item:268967-D667,M-1430,item:268967,delay_input_shortage,input_shortage,4478.259868,107800.0,0.0,4478.259868,107800.0,item:333362,107800.0,107800.0,107800.0,107800.0,,lot_policy_enabled
792,CMP-00000450-M-1810-item:268091-D792,M-1810,item:268091,start_campaign,none,11730.894259,14400.0,14400.0,0.0,0.0,,14400.0,0.0,14400.0,0.0,,lot_policy_enabled
793,CMP-00000371-M-1430-item:268967-D667,M-1430,item:268967,delay_input_shortage,input_shortage,4116.451974,107800.0,0.0,4116.451974,107800.0,item:333362,107800.0,107800.0,107800.0,107800.0,,lot_policy_enabled
794,CMP-00000371-M-1430-item:268967-D667,M-1430,item:268967,delay_input_shortage,input_shortage,4290.359782,107800.0,0.0,4290.359782,107800.0,item:333362,107800.0,107800.0,107800.0,107800.0,,lot_policy_enabled
795,CMP-00000371-M-1430-item:268967-D667,M-1430,item:268967,delay_input_shortage,input_shortage,4571.410732,107800.0,0.0,4571.410732,107800.0,item:333362,107800.0,107800.0,107800.0,107800.0,,lot_policy_enabled
796,CMP-00000371-M-1430-item:268967-D667,M-1430,item:268967,delay_input_shortage,input_shortage,4873.89031,107800.0,0.0,4873.89031,107800.0,item:333362,107800.0,107800.0,107800.0,107800.0,,lot_policy_enabled
796,CMP-00000451-M-1810-item:268091-D796,M-1810,item:268091,start_campaign,none,8454.334694,14400.0,14400.0,0.0,0.0,,14400.0,0.0,14400.0,0.0,,lot_policy_enabled
797,CMP-00000371-M-1430-item:268967-D667,M-1430,item:268967,delay_input_shortage,input_shortage,5180.655613,107800.0,0.0,5180.655613,107800.0,item:333362,107800.0,107800.0,107800.0,107800.0,,lot_policy_enabled
798,CMP-00000371-M-1430-item:268967-D667,M-1430,item:268967,delay_input_shortage,input_shortage,5488.278061,107800.0,0.0,5488.278061,107800.0,item:333362,107800.0,107800.0,107800.0,107800.0,,lot_policy_enabled
798,CMP-00000452-M-1810-item:268091-D798,M-1810,item:268091,start_campaign,none,8050.02449,14400.0,14400.0,0.0,0.0,,14400.0,0.0,14400.0,0.0,,lot_policy_enabled
799,CMP-00000371-M-1430-item:268967-D667,M-1430,item:268967,delay_input_shortage,input_shortage,5796.071939,107800.0,0.0,5796.071939,107800.0,item:333362,107800.0,107800.0,107800.0,107800.0,,lot_policy_enabled
799,CMP-00000453-M-1810-item:268091-D799,M-1810,item:268091,start_campaign,none,9457.874286,14400.0,14400.0,0.0,0.0,,14400.0,0.0,14400.0,0.0,,lot_policy_enabled
800,CMP-00000371-M-1430-item:268967-D667,M-1430,item:268967,delay_input_shortage,input_shortage,6103.900102,107800.0,0.0,6103.900102,107800.0,item:333362,107800.0,107800.0,107800.0,107800.0,,lot_policy_enabled
800,CMP-00000454-M-1810-item:268091-D800,M-1810,item:268091,start_campaign,none,9537.289143,14400.0,14400.0,0.0,0.0,,14400.0,0.0,14400.0,0.0,,lot_policy_enabled
801,CMP-00000371-M-1430-item:268967-D667,M-1430,item:268967,delay_input_shortage,input_shortage,5993.531041,107800.0,0.0,5993.531041,107800.0,item:333362,107800.0,107800.0,107800.0,107800.0,,lot_policy_enabled
801,CMP-00000455-M-1810-item:268091-D801,M-1810,item:268091,start_campaign,none,9785.139461,14400.0,14400.0,0.0,0.0,,14400.0,0.0,14400.0,0.0,,lot_policy_enabled
802,CMP-00000371-M-1430-item:268967-D667,M-1430,item:268967,delay_input_shortage,input_shortage,5799.522535,107800.0,0.0,5799.522535,107800.0,item:333362,107800.0,107800.0,107800.0,107800.0,,lot_policy_enabled
802,CMP-00000456-M-1810-item:268091-D802,M-1810,item:268091,start_campaign,none,10066.676872,14400.0,14400.0,0.0,0.0,,14400.0,0.0,14400.0,0.0,,lot_policy_enabled
803,CMP-00000371-M-1430-item:268967-D667,M-1430,item:268967,delay_input_shortage,input_shortage,5588.78614,107800.0,0.0,5588.78614,107800.0,item:333362,107800.0,107800.0,107800.0,107800.0,,lot_policy_enabled
803,CMP-00000457-M-1810-item:268091-D803,M-1810,item:268091,start_campaign,none,10354.951701,14400.0,14400.0,0.0,0.0,,14400.0,0.0,14400.0,0.0,,lot_policy_enabled
804,CMP-00000371-M-1430-item:268967-D667,M-1430,item:268967,delay_input_shortage,input_shortage,5374.704167,107800.0,0.0,5374.704167,107800.0,item:333362,107800.0,107800.0,107800.0,107800.0,,lot_policy_enabled
804,CMP-00000458-M-1810-item:268091-D804,M-1810,item:268091,start_campaign,none,10644.574014,14400.0,14400.0,0.0,0.0,,14400.0,0.0,14400.0,0.0,,lot_policy_enabled
805,CMP-00000371-M-1430-item:268967-D667,M-1430,item:268967,delay_input_shortage,input_shortage,5159.953078,107800.0,0.0,5159.953078,107800.0,item:333362,107800.0,107800.0,107800.0,107800.0,,lot_policy_enabled
806,CMP-00000371-M-1430-item:268967-D667,M-1430,item:268967,delay_input_shortage,input_shortage,4945.068166,107800.0,0.0,4945.068166,107800.0,item:333362,107800.0,107800.0,107800.0,107800.0,,lot_policy_enabled
806,CMP-00000459-M-1810-item:268091-D806,M-1810,item:268091,start_campaign,none,9037.518367,14400.0,14400.0,0.0,0.0,,14400.0,0.0,14400.0,0.0,,lot_policy_enabled
807,CMP-00000371-M-1430-item:268967-D667,M-1430,item:268967,delay_input_shortage,input_shortage,4730.15649,107800.0,0.0,4730.15649,107800.0,item:333362,107800.0,107800.0,107800.0,107800.0,,lot_policy_enabled
807,CMP-00000460-M-1810-item:268091-D807,M-1810,item:268091,partial_run_input_shortage,input_shortage,11076.989388,14400.0,1000.0,10076.989388,13400.0,item:338929,14400.0,13400.0,14400.0,13400.0,,lot_policy_enabled
808,CMP-00000371-M-1430-item:268967-D667,M-1430,item:268967,delay_input_shortage,input_shortage,4667.304767,107800.0,0.0,4667.304767,107800.0,item:333362,107800.0,107800.0,107800.0,107800.0,,lot_policy_enabled
808,CMP-00000460-M-1810-item:268091-D807,M-1810,item:268091,delay_input_shortage,input_shortage,11566.712163,13400.0,0.0,11566.712163,13400.0,item:338929,13400.0,13400.0,13400.0,13400.0,,lot_policy_enabled
809,CMP-00000371-M-1430-item:268967-D667,M-1430,item:268967,delay_input_shortage,input_shortage,4634.865035,107800.0,0.0,4634.865035,107800.0,item:333362,107800.0,107800.0,107800.0,107800.0,,lot_policy_enabled
809,CMP-00000460-M-1810-item:268091-D807,M-1810,item:268091,delay_input_shortage,input_shortage,11746.48529,13400.0,0.0,11746.48529,13400.0,item:338929,13400.0,13400.0,13400.0,13400.0,,lot_policy_enabled
810,CMP-00000371-M-1430-item:268967-D667,M-1430,item:268967,delay_input_shortage,input_shortage,4608.507701,107800.0,0.0,4608.507701,107800.0,item:333362,107800.0,107800.0,107800.0,107800.0,,lot_policy_enabled
810,CMP-00000460-M-1810-item:268091-D807,M-1810,item:268091,delay_input_shortage,input_shortage,11864.268487,13400.0,0.0,11864.268487,13400.0,item:338929,13400.0,13400.0,13400.0,13400.0,,lot_policy_enabled
811,CMP-00000371-M-1430-item:268967-D667,M-1430,item:268967,delay_input_shortage,input_shortage,4583.366846,107800.0,0.0,4583.366846,107800.0,item:333362,107800.0,107800.0,107800.0,107800.0,,lot_policy_enabled
811,CMP-00000460-M-1810-item:268091-D807,M-1810,item:268091,delay_input_shortage,input_shortage,11969.653697,13400.0,0.0,11969.653697,13400.0,item:338929,13400.0,13400.0,13400.0,13400.0,,lot_policy_enabled
812,CMP-00000371-M-1430-item:268967-D667,M-1430,item:268967,delay_input_shortage,input_shortage,4558.469288,107800.0,0.0,4558.469288,107800.0,item:333362,107800.0,107800.0,107800.0,107800.0,,lot_policy_enabled
812,CMP-00000460-M-1810-item:268091-D807,M-1810,item:268091,delay_input_shortage,input_shortage,12072.559311,13400.0,0.0,12072.559311,13400.0,item:338929,13400.0,13400.0,13400.0,13400.0,,lot_policy_enabled
813,CMP-00000371-M-1430-item:268967-D667,M-1430,item:268967,delay_input_shortage,input_shortage,4533.620388,107800.0,0.0,4533.620388,107800.0,item:333362,107800.0,107800.0,107800.0,107800.0,,lot_policy_enabled
813,CMP-00000460-M-1810-item:268091-D807,M-1810,item:268091,delay_input_shortage,input_shortage,12174.969005,13400.0,0.0,12174.969005,13400.0,item:338929,13400.0,13400.0,13400.0,13400.0,,lot_policy_enabled
814,CMP-00000371-M-1430-item:268967-D667,M-1430,item:268967,delay_input_shortage,input_shortage,4508.781221,107800.0,0.0,4508.781221,107800.0,item:333362,107800.0,107800.0,107800.0,107800.0,,lot_policy_enabled
814,CMP-00000460-M-1810-item:268091-D807,M-1810,item:268091,delay_input_shortage,input_shortage,12277.279515,13400.0,0.0,12277.279515,13400.0,item:338929,13400.0,13400.0,13400.0,13400.0,,lot_policy_enabled
815,CMP-00000371-M-1430-item:268967-D667,M-1430,item:268967,delay_input_shortage,input_shortage,4541.935836,107800.0,0.0,4541.935836,107800.0,item:333362,107800.0,107800.0,107800.0,107800.0,,lot_policy_enabled
815,CMP-00000460-M-1810-item:268091-D807,M-1810,item:268091,delay_input_shortage,input_shortage,11908.468148,13400.0,0.0,11908.468148,13400.0,item:338929,13400.0,13400.0,13400.0,13400.0,,lot_policy_enabled
816,CMP-00000371-M-1430-item:268967-D667,M-1430,item:268967,delay_input_shortage,input_shortage,4586.689208,107800.0,0.0,4586.689208,107800.0,item:333362,107800.0,107800.0,107800.0,107800.0,,lot_policy_enabled
816,CMP-00000460-M-1810-item:268091-D807,M-1810,item:268091,delay_input_shortage,input_shortage,11445.432405,13400.0,0.0,11445.432405,13400.0,item:338929,13400.0,13400.0,13400.0,13400.0,,lot_policy_enabled
817,CMP-00000371-M-1430-item:268967-D667,M-1430,item:268967,delay_input_shortage,input_shortage,4633.762332,107800.0,0.0,4633.762332,107800.0,item:333362,107800.0,107800.0,107800.0,107800.0,,lot_policy_enabled
817,CMP-00000460-M-1810-item:268091-D807,M-1810,item:268091,delay_input_shortage,input_shortage,10963.551787,13400.0,0.0,10963.551787,13400.0,item:338929,13400.0,13400.0,13400.0,13400.0,,lot_policy_enabled
818,CMP-00000371-M-1430-item:268967-D667,M-1430,item:268967,delay_input_shortage,input_shortage,4681.299405,107800.0,0.0,4681.299405,107800.0,item:333362,107800.0,107800.0,107800.0,107800.0,,lot_policy_enabled
818,CMP-00000460-M-1810-item:268091-D807,M-1810,item:268091,delay_input_shortage,input_shortage,10477.902194,13400.0,0.0,10477.902194,13400.0,item:338929,13400.0,13400.0,13400.0,13400.0,,lot_policy_enabled
819,CMP-00000371-M-1430-item:268967-D667,M-1430,item:268967,delay_input_shortage,input_shortage,4728.929269,107800.0,0.0,4728.929269,107800.0,item:333362,107800.0,107800.0,107800.0,107800.0,,lot_policy_enabled
819,CMP-00000460-M-1810-item:268091-D807,M-1810,item:268091,delay_input_shortage,input_shortage,9991.498806,13400.0,0.0,9991.498806,13400.0,item:338929,13400.0,13400.0,13400.0,13400.0,,lot_policy_enabled
820,CMP-00000371-M-1430-item:268967-D667,M-1430,item:268967,delay_input_shortage,input_shortage,4776.57769,107800.0,0.0,4776.57769,107800.0,item:333362,107800.0,107800.0,107800.0,107800.0,,lot_policy_enabled
820,CMP-00000460-M-1810-item:268091-D807,M-1810,item:268091,delay_input_shortage,input_shortage,9504.944659,13400.0,0.0,9504.944659,13400.0,item:338929,13400.0,13400.0,13400.0,13400.0,,lot_policy_enabled
821,CMP-00000371-M-1430-item:268967-D667,M-1430,item:268967,delay_input_shortage,input_shortage,4824.229824,107800.0,0.0,4824.229824,107800.0,item:333362,107800.0,107800.0,107800.0,107800.0,,lot_policy_enabled
821,CMP-00000460-M-1810-item:268091-D807,M-1810,item:268091,delay_input_shortage,input_shortage,9018.360361,13400.0,0.0,9018.360361,13400.0,item:338929,13400.0,13400.0,13400.0,13400.0,,lot_policy_enabled
822,CMP-00000371-M-1430-item:268967-D667,M-1430,item:268967,delay_input_shortage,input_shortage,4908.192903,107800.0,0.0,4908.192903,107800.0,item:333362,107800.0,107800.0,107800.0,107800.0,,lot_policy_enabled
822,CMP-00000460-M-1810-item:268091-D807,M-1810,item:268091,delay_input_shortage,input_shortage,8675.819011,13400.0,0.0,8675.819011,13400.0,item:338929,13400.0,13400.0,13400.0,13400.0,,lot_policy_enabled
823,CMP-00000371-M-1430-item:268967-D667,M-1430,item:268967,delay_input_shortage,input_shortage,4999.418172,107800.0,0.0,4999.418172,107800.0,item:333362,107800.0,107800.0,107800.0,107800.0,,lot_policy_enabled
823,CMP-00000460-M-1810-item:268091-D807,M-1810,item:268091,delay_input_shortage,input_shortage,8362.086251,13400.0,0.0,8362.086251,13400.0,item:338929,13400.0,13400.0,13400.0,13400.0,,lot_policy_enabled
824,CMP-00000371-M-1430-item:268967-D667,M-1430,item:268967,delay_input_shortage,input_shortage,5092.095879,107800.0,0.0,5092.095879,107800.0,item:333362,107800.0,107800.0,107800.0,107800.0,,lot_policy_enabled
824,CMP-00000460-M-1810-item:268091-D807,M-1810,item:268091,delay_input_shortage,input_shortage,8054.11521,13400.0,0.0,8054.11521,13400.0,item:338929,13400.0,13400.0,13400.0,13400.0,,lot_policy_enabled
825,CMP-00000371-M-1430-item:268967-D667,M-1430,item:268967,delay_input_shortage,input_shortage,5185.064074,107800.0,0.0,5185.064074,107800.0,item:333362,107800.0,107800.0,107800.0,107800.0,,lot_policy_enabled
825,CMP-00000460-M-1810-item:268091-D807,M-1810,item:268091,delay_input_shortage,input_shortage,7747.296511,13400.0,0.0,7747.296511,13400.0,item:338929,13400.0,13400.0,13400.0,13400.0,,lot_policy_enabled
826,CMP-00000371-M-1430-item:268967-D667,M-1430,item:268967,delay_input_shortage,input_shortage,5278.090365,107800.0,0.0,5278.090365,107800.0,item:333362,107800.0,107800.0,107800.0,107800.0,,lot_policy_enabled
826,CMP-00000460-M-1810-item:268091-D807,M-1810,item:268091,delay_input_shortage,input_shortage,7440.708282,13400.0,0.0,7440.708282,13400.0,item:338929,13400.0,13400.0,13400.0,13400.0,,lot_policy_enabled
827,CMP-00000371-M-1430-item:268967-D667,M-1430,item:268967,delay_input_shortage,input_shortage,5371.128277,107800.0,0.0,5371.128277,107800.0,item:333362,107800.0,107800.0,107800.0,107800.0,,lot_policy_enabled
827,CMP-00000460-M-1810-item:268091-D807,M-1810,item:268091,delay_input_shortage,input_shortage,7134.166146,13400.0,0.0,7134.166146,13400.0,item:338929,13400.0,13400.0,13400.0,13400.0,,lot_policy_enabled
828,CMP-00000371-M-1430-item:268967-D667,M-1430,item:268967,delay_input_shortage,input_shortage,5464.168512,107800.0,0.0,5464.168512,107800.0,item:333362,107800.0,107800.0,107800.0,107800.0,,lot_policy_enabled
828,CMP-00000460-M-1810-item:268091-D807,M-1810,item:268091,delay_input_shortage,input_shortage,6827.633229,13400.0,0.0,6827.633229,13400.0,item:338929,13400.0,13400.0,13400.0,13400.0,,lot_policy_enabled
829,CMP-00000371-M-1430-item:268967-D667,M-1430,item:268967,delay_input_shortage,input_shortage,4855.641865,107800.0,0.0,4855.641865,107800.0,item:333362,107800.0,107800.0,107800.0,107800.0,,lot_policy_enabled
829,CMP-00000460-M-1810-item:268091-D807,M-1810,item:268091,delay_input_shortage,input_shortage,7484.057258,13400.0,0.0,7484.057258,13400.0,item:338929,13400.0,13400.0,13400.0,13400.0,,lot_policy_enabled
830,CMP-00000371-M-1430-item:268967-D667,M-1430,item:268967,delay_input_shortage,input_shortage,4106.801842,107800.0,0.0,4106.801842,107800.0,item:333362,107800.0,107800.0,107800.0,107800.0,,lot_policy_enabled
830,CMP-00000460-M-1810-item:268091-D807,M-1810,item:268091,delay_input_shortage,input_shortage,8333.072676,13400.0,0.0,8333.072676,13400.0,item:338929,13400.0,13400.0,13400.0,13400.0,,lot_policy_enabled
831,CMP-00000371-M-1430-item:268967-D667,M-1430,item:268967,delay_input_shortage,input_shortage,3329.899144,107800.0,0.0,3329.899144,107800.0,item:333362,107800.0,107800.0,107800.0,107800.0,,lot_policy_enabled
831,CMP-00000460-M-1810-item:268091-D807,M-1810,item:268091,delay_input_shortage,input_shortage,9220.606372,13400.0,0.0,9220.606372,13400.0,item:338929,13400.0,13400.0,13400.0,13400.0,,lot_policy_enabled
832,CMP-00000371-M-1430-item:268967-D667,M-1430,item:268967,delay_input_shortage,input_shortage,2547.38391,107800.0,0.0,2547.38391,107800.0,item:333362,107800.0,107800.0,107800.0,107800.0,,lot_policy_enabled
832,CMP-00000460-M-1810-item:268091-D807,M-1810,item:268091,delay_input_shortage,input_shortage,10115.843723,13400.0,0.0,10115.843723,13400.0,item:338929,13400.0,13400.0,13400.0,13400.0,,lot_policy_enabled
833,CMP-00000371-M-1430-item:268967-D667,M-1430,item:268967,delay_input_shortage,input_shortage,1763.74617,107800.0,0.0,1763.74617,107800.0,item:333362,107800.0,107800.0,107800.0,107800.0,,lot_policy_enabled
833,CMP-00000460-M-1810-item:268091-D807,M-1810,item:268091,delay_input_shortage,input_shortage,11012.621806,13400.0,0.0,11012.621806,13400.0,item:338929,13400.0,13400.0,13400.0,13400.0,,lot_policy_enabled
834,CMP-00000371-M-1430-item:268967-D667,M-1430,item:268967,delay_input_shortage,input_shortage,979.883928,107800.0,0.0,979.883928,107800.0,item:333362,107800.0,107800.0,107800.0,107800.0,,lot_policy_enabled
834,CMP-00000460-M-1810-item:268091-D807,M-1810,item:268091,delay_input_shortage,input_shortage,11909.708035,13400.0,0.0,11909.708035,13400.0,item:338929,13400.0,13400.0,13400.0,13400.0,,lot_policy_enabled
835,CMP-00000371-M-1430-item:268967-D667,M-1430,item:268967,delay_input_shortage,input_shortage,195.976786,107800.0,0.0,195.976786,107800.0,item:333362,107800.0,107800.0,107800.0,107800.0,,lot_policy_enabled
835,CMP-00000460-M-1810-item:268091-D807,M-1810,item:268091,delay_input_shortage,input_shortage,12806.855893,13400.0,0.0,12806.855893,13400.0,item:338929,13400.0,13400.0,13400.0,13400.0,,lot_policy_enabled
836,CMP-00000371-M-1430-item:268967-D667,M-1430,item:268967,delay_input_shortage,input_shortage,39.195357,107800.0,0.0,39.195357,107800.0,item:333362,107800.0,107800.0,107800.0,107800.0,,lot_policy_enabled
836,CMP-00000460-M-1810-item:268091-D807,M-1810,item:268091,delay_input_shortage,input_shortage,12506.546689,13400.0,0.0,12506.546689,13400.0,item:338929,13400.0,13400.0,13400.0,13400.0,,lot_policy_enabled
837,CMP-00000371-M-1430-item:268967-D667,M-1430,item:268967,delay_input_shortage,input_shortage,7.839071,107800.0,0.0,7.839071,107800.0,item:333362,107800.0,107800.0,107800.0,107800.0,,lot_policy_enabled
837,CMP-00000460-M-1810-item:268091-D807,M-1810,item:268091,delay_input_shortage,input_shortage,11966.746072,13400.0,0.0,11966.746072,13400.0,item:338929,13400.0,13400.0,13400.0,13400.0,,lot_policy_enabled
838,CMP-00000371-M-1430-item:268967-D667,M-1430,item:268967,delay_input_shortage,input_shortage,1.567814,107800.0,0.0,1.567814,107800.0,item:333362,107800.0,107800.0,107800.0,107800.0,,lot_policy_enabled
838,CMP-00000460-M-1810-item:268091-D807,M-1810,item:268091,delay_input_shortage,input_shortage,11379.047173,13400.0,0.0,11379.047173,13400.0,item:338929,13400.0,13400.0,13400.0,13400.0,,lot_policy_enabled
839,CMP-00000371-M-1430-item:268967-D667,M-1430,item:268967,delay_input_shortage,input_shortage,0.313563,107800.0,0.0,0.313563,107800.0,item:333362,107800.0,107800.0,107800.0,107800.0,,lot_policy_enabled
839,CMP-00000460-M-1810-item:268091-D807,M-1810,item:268091,delay_input_shortage,input_shortage,10781.768618,13400.0,0.0,10781.768618,13400.0,item:338929,13400.0,13400.0,13400.0,13400.0,,lot_policy_enabled
840,CMP-00000371-M-1430-item:268967-D667,M-1430,item:268967,delay_input_shortage,input_shortage,0.062713,107800.0,0.0,0.062713,107800.0,item:333362,107800.0,107800.0,107800.0,107800.0,,lot_policy_enabled
840,CMP-00000460-M-1810-item:268091-D807,M-1810,item:268091,delay_input_shortage,input_shortage,10182.574132,13400.0,0.0,10182.574132,13400.0,item:338929,13400.0,13400.0,13400.0,13400.0,,lot_policy_enabled
841,CMP-00000371-M-1430-item:268967-D667,M-1430,item:268967,delay_input_shortage,input_shortage,0.012543,107800.0,0.0,0.012543,107800.0,item:333362,107800.0,107800.0,107800.0,107800.0,,lot_policy_enabled
841,CMP-00000460-M-1810-item:268091-D807,M-1810,item:268091,delay_input_shortage,input_shortage,9582.996459,13400.0,0.0,9582.996459,13400.0,item:338929,13400.0,13400.0,13400.0,13400.0,,lot_policy_enabled
842,CMP-00000371-M-1430-item:268967-D667,M-1430,item:268967,delay_input_shortage,input_shortage,0.002509,107800.0,0.0,0.002509,107800.0,item:333362,107800.0,107800.0,107800.0,107800.0,,lot_policy_enabled
842,CMP-00000460-M-1810-item:268091-D807,M-1810,item:268091,delay_input_shortage,input_shortage,8983.342149,13400.0,0.0,8983.342149,13400.0,item:338929,13400.0,13400.0,13400.0,13400.0,,lot_policy_enabled
843,CMP-00000371-M-1430-item:268967-D667,M-1430,item:268967,delay_input_shortage,input_shortage,0.000502,107800.0,0.0,0.000502,107800.0,item:333362,107800.0,107800.0,107800.0,107800.0,,lot_policy_enabled
843,CMP-00000460-M-1810-item:268091-D807,M-1810,item:268091,delay_input_shortage,input_shortage,8341.974552,13400.0,0.0,8341.974552,13400.0,item:338929,13400.0,13400.0,13400.0,13400.0,,lot_policy_enabled
844,CMP-00000371-M-1430-item:268967-D667,M-1430,item:268967,delay_input_shortage,input_shortage,0.0001,107800.0,0.0,0.0001,107800.0,item:333362,107800.0,107800.0,107800.0,107800.0,,lot_policy_enabled
844,CMP-00000460-M-1810-item:268091-D807,M-1810,item:268091,delay_input_shortage,input_shortage,7692.264298,13400.0,0.0,7692.264298,13400.0,item:338929,13400.0,13400.0,13400.0,13400.0,,lot_policy_enabled
845,CMP-00000371-M-1430-item:268967-D667,M-1430,item:268967,delay_input_shortage,input_shortage,2e-05,107800.0,0.0,2e-05,107800.0,item:333362,107800.0,107800.0,107800.0,107800.0,,lot_policy_enabled
845,CMP-00000460-M-1810-item:268091-D807,M-1810,item:268091,delay_input_shortage,input_shortage,7040.885512,13400.0,0.0,7040.885512,13400.0,item:338929,13400.0,13400.0,13400.0,13400.0,,lot_policy_enabled
846,CMP-00000371-M-1430-item:268967-D667,M-1430,item:268967,delay_input_shortage,input_shortage,4e-06,107800.0,0.0,4e-06,107800.0,item:333362,107800.0,107800.0,107800.0,107800.0,,lot_policy_enabled
846,CMP-00000460-M-1810-item:268091-D807,M-1810,item:268091,delay_input_shortage,input_shortage,6389.173021,13400.0,0.0,6389.173021,13400.0,item:338929,13400.0,13400.0,13400.0,13400.0,,lot_policy_enabled
847,CMP-00000371-M-1430-item:268967-D667,M-1430,item:268967,delay_input_shortage,input_shortage,1e-06,107800.0,0.0,1e-06,107800.0,item:333362,107800.0,107800.0,107800.0,107800.0,,lot_policy_enabled
847,CMP-00000460-M-1810-item:268091-D807,M-1810,item:268091,delay_input_shortage,input_shortage,5737.393788,13400.0,0.0,5737.393788,13400.0,item:338929,13400.0,13400.0,13400.0,13400.0,,lot_policy_enabled
848,CMP-00000371-M-1430-item:268967-D667,M-1430,item:268967,delay_input_shortage,input_shortage,0.0,107800.0,0.0,0.0,107800.0,item:333362,107800.0,107800.0,107800.0,107800.0,,lot_policy_enabled
848,CMP-00000460-M-1810-item:268091-D807,M-1810,item:268091,delay_input_shortage,input_shortage,5085.601207,13400.0,0.0,5085.601207,13400.0,item:338929,13400.0,13400.0,13400.0,13400.0,,lot_policy_enabled
849,CMP-00000371-M-1430-item:268967-D667,M-1430,item:268967,delay_input_shortage,input_shortage,0.0,107800.0,0.0,0.0,107800.0,item:333362,107800.0,107800.0,107800.0,107800.0,,lot_policy_enabled
849,CMP-00000460-M-1810-item:268091-D807,M-1810,item:268091,delay_input_shortage,input_shortage,4433.805956,13400.0,0.0,4433.805956,13400.0,item:338929,13400.0,13400.0,13400.0,13400.0,,lot_policy_enabled
850,CMP-00000371-M-1430-item:268967-D667,M-1430,item:268967,delay_input_shortage,input_shortage,0.0,107800.0,0.0,0.0,107800.0,item:333362,107800.0,107800.0,107800.0,107800.0,,lot_policy_enabled
850,CMP-00000460-M-1810-item:268091-D807,M-1810,item:268091,delay_input_shortage,input_shortage,4326.499967,13400.0,0.0,4326.499967,13400.0,item:338929,13400.0,13400.0,13400.0,13400.0,,lot_policy_enabled
851,CMP-00000371-M-1430-item:268967-D667,M-1430,item:268967,delay_input_shortage,input_shortage,0.0,107800.0,0.0,0.0,107800.0,item:333362,107800.0,107800.0,107800.0,107800.0,,lot_policy_enabled
851,CMP-00000460-M-1810-item:268091-D807,M-1810,item:268091,delay_input_shortage,input_shortage,4328.09183,13400.0,0.0,4328.09183,13400.0,item:338929,13400.0,13400.0,13400.0,13400.0,,lot_policy_enabled
852,CMP-00000371-M-1430-item:268967-D667,M-1430,item:268967,delay_input_shortage,input_shortage,0.0,107800.0,0.0,0.0,107800.0,item:333362,107800.0,107800.0,107800.0,107800.0,,lot_policy_enabled
852,CMP-00000460-M-1810-item:268091-D807,M-1810,item:268091,delay_input_shortage,input_shortage,4351.463264,13400.0,0.0,4351.463264,13400.0,item:338929,13400.0,13400.0,13400.0,13400.0,,lot_policy_enabled
853,CMP-00000371-M-1430-item:268967-D667,M-1430,item:268967,delay_input_shortage,input_shortage,0.0,107800.0,0.0,0.0,107800.0,item:333362,107800.0,107800.0,107800.0,107800.0,,lot_policy_enabled
853,CMP-00000460-M-1810-item:268091-D807,M-1810,item:268091,delay_input_shortage,input_shortage,4379.190612,13400.0,0.0,4379.190612,13400.0,item:338929,13400.0,13400.0,13400.0,13400.0,,lot_policy_enabled
854,CMP-00000371-M-1430-item:268967-D667,M-1430,item:268967,delay_input_shortage,input_shortage,0.0,107800.0,0.0,0.0,107800.0,item:333362,107800.0,107800.0,107800.0,107800.0,,lot_policy_enabled
854,CMP-00000460-M-1810-item:268091-D807,M-1810,item:268091,delay_input_shortage,input_shortage,4407.789143,13400.0,0.0,4407.789143,13400.0,item:338929,13400.0,13400.0,13400.0,13400.0,,lot_policy_enabled
855,CMP-00000371-M-1430-item:268967-D667,M-1430,item:268967,delay_input_shortage,input_shortage,0.0,107800.0,0.0,0.0,107800.0,item:333362,107800.0,107800.0,107800.0,107800.0,,lot_policy_enabled
855,CMP-00000460-M-1810-item:268091-D807,M-1810,item:268091,delay_input_shortage,input_shortage,4436.561911,13400.0,0.0,4436.561911,13400.0,item:338929,13400.0,13400.0,13400.0,13400.0,,lot_policy_enabled
856,CMP-00000371-M-1430-item:268967-D667,M-1430,item:268967,delay_input_shortage,input_shortage,0.0,107800.0,0.0,0.0,107800.0,item:333362,107800.0,107800.0,107800.0,107800.0,,lot_policy_enabled
856,CMP-00000460-M-1810-item:268091-D807,M-1810,item:268091,delay_input_shortage,input_shortage,4465.369525,13400.0,0.0,4465.369525,13400.0,item:338929,13400.0,13400.0,13400.0,13400.0,,lot_policy_enabled
857,CMP-00000371-M-1430-item:268967-D667,M-1430,item:268967,delay_input_shortage,input_shortage,136.261224,107800.0,0.0,136.261224,107800.0,item:333362,107800.0,107800.0,107800.0,107800.0,,lot_policy_enabled
857,CMP-00000460-M-1810-item:268091-D807,M-1810,item:268091,delay_input_shortage,input_shortage,5137.906558,13400.0,0.0,5137.906558,13400.0,item:338929,13400.0,13400.0,13400.0,13400.0,,lot_policy_enabled
858,CMP-00000371-M-1430-item:268967-D667,M-1430,item:268967,delay_input_shortage,input_shortage,299.774694,107800.0,0.0,299.774694,107800.0,item:333362,107800.0,107800.0,107800.0,107800.0,,lot_policy_enabled
858,CMP-00000460-M-1810-item:268091-D807,M-1810,item:268091,delay_input_shortage,input_shortage,5939.189475,13400.0,0.0,5939.189475,13400.0,item:338929,13400.0,13400.0,13400.0,13400.0,,lot_policy_enabled
859,CMP-00000371-M-1430-item:268967-D667,M-1430,item:268967,delay_input_shortage,input_shortage,468.738612,107800.0,0.0,468.738612,107800.0,item:333362,107800.0,107800.0,107800.0,107800.0,,lot_policy_enabled
859,CMP-00000460-M-1810-item:268091-D807,M-1810,item:268091,delay_input_shortage,input_shortage,6766.221569,13400.0,0.0,6766.221569,13400.0,item:338929,13400.0,13400.0,13400.0,13400.0,,lot_policy_enabled
860,CMP-00000371-M-1430-item:268967-D667,M-1430,item:268967,delay_input_shortage,input_shortage,638.79262,107800.0,0.0,638.79262,107800.0,item:333362,107800.0,107800.0,107800.0,107800.0,,lot_policy_enabled
860,CMP-00000460-M-1810-item:268091-D807,M-1810,item:268091,delay_input_shortage,input_shortage,7598.403498,13400.0,0.0,7598.403498,13400.0,item:338929,13400.0,13400.0,13400.0,13400.0,,lot_policy_enabled
861,CMP-00000371-M-1430-item:268967-D667,M-1430,item:268967,delay_input_shortage,input_shortage,809.064646,107800.0,0.0,809.064646,107800.0,item:333362,107800.0,107800.0,107800.0,107800.0,,lot_policy_enabled
861,CMP-00000460-M-1810-item:268091-D807,M-1810,item:268091,delay_input_shortage,input_shortage,8431.615394,13400.0,0.0,8431.615394,13400.0,item:338929,13400.0,13400.0,13400.0,13400.0,,lot_policy_enabled
862,CMP-00000371-M-1430-item:268967-D667,M-1430,item:268967,delay_input_shortage,input_shortage,979.380276,107800.0,0.0,979.380276,107800.0,item:333362,107800.0,107800.0,107800.0,107800.0,,lot_policy_enabled
862,CMP-00000460-M-1810-item:268091-D807,M-1810,item:268091,delay_input_shortage,input_shortage,9265.033283,13400.0,0.0,9265.033283,13400.0,item:338929,13400.0,13400.0,13400.0,13400.0,,lot_policy_enabled
863,CMP-00000371-M-1430-item:268967-D667,M-1430,item:268967,delay_input_shortage,input_shortage,1149.704626,107800.0,0.0,1149.704626,107800.0,item:333362,107800.0,107800.0,107800.0,107800.0,,lot_policy_enabled
863,CMP-00000460-M-1810-item:268091-D807,M-1810,item:268091,delay_input_shortage,input_shortage,10098.492371,13400.0,0.0,10098.492371,13400.0,item:338929,13400.0,13400.0,13400.0,13400.0,,lot_policy_enabled
864,CMP-00000371-M-1430-item:268967-D667,M-1430,item:268967,delay_input_shortage,input_shortage,1427.083782,107800.0,0.0,1427.083782,107800.0,item:333362,107800.0,107800.0,107800.0,107800.0,,lot_policy_enabled
864,CMP-00000460-M-1810-item:268091-D807,M-1810,item:268091,delay_input_shortage,input_shortage,10267.453576,13400.0,0.0,10267.453576,13400.0,item:338929,13400.0,13400.0,13400.0,13400.0,,lot_policy_enabled
865,CMP-00000371-M-1430-item:268967-D667,M-1430,item:268967,delay_input_shortage,input_shortage,1725.873899,107800.0,0.0,1725.873899,107800.0,item:333362,107800.0,107800.0,107800.0,107800.0,,lot_policy_enabled
865,CMP-00000460-M-1810-item:268091-D807,M-1810,item:268091,delay_input_shortage,input_shortage,10303.515205,13400.0,0.0,10303.515205,13400.0,item:338929,13400.0,13400.0,13400.0,13400.0,,lot_policy_enabled
866,CMP-00000371-M-1430-item:268967-D667,M-1430,item:268967,delay_input_shortage,input_shortage,2028.946208,107800.0,0.0,2028.946208,107800.0,item:333362,107800.0,107800.0,107800.0,107800.0,,lot_policy_enabled
866,CMP-00000460-M-1810-item:268091-D807,M-1810,item:268091,delay_input_shortage,input_shortage,10312.996919,13400.0,0.0,10312.996919,13400.0,item:338929,13400.0,13400.0,13400.0,13400.0,,lot_policy_enabled
867,CMP-00000371-M-1430-item:268967-D667,M-1430,item:268967,delay_input_shortage,input_shortage,2332.874956,107800.0,0.0,2332.874956,107800.0,item:333362,107800.0,107800.0,107800.0,107800.0,,lot_policy_enabled
867,CMP-00000460-M-1810-item:268091-D807,M-1810,item:268091,delay_input_shortage,input_shortage,10317.162649,13400.0,0.0,10317.162649,13400.0,item:338929,13400.0,13400.0,13400.0,13400.0,,lot_policy_enabled
868,CMP-00000371-M-1430-item:268967-D667,M-1430,item:268967,delay_input_shortage,input_shortage,2636.974991,107800.0,0.0,2636.974991,107800.0,item:333362,107800.0,107800.0,107800.0,107800.0,,lot_policy_enabled
868,CMP-00000460-M-1810-item:268091-D807,M-1810,item:268091,delay_input_shortage,input_shortage,10320.265183,13400.0,0.0,10320.265183,13400.0,item:338929,13400.0,13400.0,13400.0,13400.0,,lot_policy_enabled
869,CMP-00000371-M-1430-item:268967-D667,M-1430,item:268967,delay_input_shortage,input_shortage,2941.109284,107800.0,0.0,2941.109284,107800.0,item:333362,107800.0,107800.0,107800.0,107800.0,,lot_policy_enabled
869,CMP-00000460-M-1810-item:268091-D807,M-1810,item:268091,delay_input_shortage,input_shortage,10323.155078,13400.0,0.0,10323.155078,13400.0,item:338929,13400.0,13400.0,13400.0,13400.0,,lot_policy_enabled
870,CMP-00000371-M-1430-item:268967-D667,M-1430,item:268967,delay_input_shortage,input_shortage,3245.250428,107800.0,0.0,3245.250428,107800.0,item:333362,107800.0,107800.0,107800.0,107800.0,,lot_policy_enabled
870,CMP-00000460-M-1810-item:268091-D807,M-1810,item:268091,delay_input_shortage,input_shortage,10326.002444,13400.0,0.0,10326.002444,13400.0,item:338929,13400.0,13400.0,13400.0,13400.0,,lot_policy_enabled
871,CMP-00000371-M-1430-item:268967-D667,M-1430,item:268967,delay_input_shortage,input_shortage,2926.503147,107800.0,0.0,2926.503147,107800.0,item:333362,107800.0,107800.0,107800.0,107800.0,,lot_policy_enabled
871,CMP-00000460-M-1810-item:268091-D807,M-1810,item:268091,delay_input_shortage,input_shortage,10416.433142,13400.0,0.0,10416.433142,13400.0,item:338929,13400.0,13400.0,13400.0,13400.0,,lot_policy_enabled
872,CMP-00000371-M-1430-item:268967-D667,M-1430,item:268967,delay_input_shortage,input_shortage,2483.17818,107800.0,0.0,2483.17818,107800.0,item:333362,107800.0,107800.0,107800.0,107800.0,,lot_policy_enabled
872,CMP-00000460-M-1810-item:268091-D807,M-1810,item:268091,delay_input_shortage,input_shortage,10524.380506,13400.0,0.0,10524.380506,13400.0,item:338929,13400.0,13400.0,13400.0,13400.0,,lot_policy_enabled
873,CMP-00000371-M-1430-item:268967-D667,M-1430,item:268967,delay_input_shortage,input_shortage,2014.937677,107800.0,0.0,2014.937677,107800.0,item:333362,107800.0,107800.0,107800.0,107800.0,,lot_policy_enabled
873,CMP-00000460-M-1810-item:268091-D807,M-1810,item:268091,delay_input_shortage,input_shortage,10635.831203,13400.0,0.0,10635.831203,13400.0,item:338929,13400.0,13400.0,13400.0,13400.0,,lot_policy_enabled
874,CMP-00000371-M-1430-item:268967-D667,M-1430,item:268967,delay_input_shortage,input_shortage,1541.714066,107800.0,0.0,1541.714066,107800.0,item:333362,107800.0,107800.0,107800.0,107800.0,,lot_policy_enabled
874,CMP-00000460-M-1810-item:268091-D807,M-1810,item:268091,delay_input_shortage,input_shortage,10747.982567,13400.0,0.0,10747.982567,13400.0,item:338929,13400.0,13400.0,13400.0,13400.0,,lot_policy_enabled
875,CMP-00000371-M-1430-item:268967-D667,M-1430,item:268967,delay_input_shortage,input_shortage,1067.493834,107800.0,0.0,1067.493834,107800.0,item:333362,107800.0,107800.0,107800.0,107800.0,,lot_policy_enabled
875,CMP-00000460-M-1810-item:268091-D807,M-1810,item:268091,delay_input_shortage,input_shortage,10860.274065,13400.0,0.0,10860.274065,13400.0,item:338929,13400.0,13400.0,13400.0,13400.0,,lot_policy_enabled
876,CMP-00000371-M-1430-item:268967-D667,M-1430,item:268967,delay_input_shortage,input_shortage,593.074277,107800.0,0.0,593.074277,107800.0,item:333362,107800.0,107800.0,107800.0,107800.0,,lot_policy_enabled
876,CMP-00000460-M-1810-item:268091-D807,M-1810,item:268091,delay_input_shortage,input_shortage,10972.593588,13400.0,0.0,10972.593588,13400.0,item:338929,13400.0,13400.0,13400.0,13400.0,,lot_policy_enabled
877,CMP-00000371-M-1430-item:268967-D667,M-1430,item:268967,delay_input_shortage,input_shortage,118.614855,107800.0,0.0,118.614855,107800.0,item:333362,107800.0,107800.0,107800.0,107800.0,,lot_policy_enabled
877,CMP-00000460-M-1810-item:268091-D807,M-1810,item:268091,delay_input_shortage,input_shortage,11084.918718,13400.0,0.0,11084.918718,13400.0,item:338929,13400.0,13400.0,13400.0,13400.0,,lot_policy_enabled
878,CMP-00000371-M-1430-item:268967-D667,M-1430,item:268967,delay_input_shortage,input_shortage,23.722971,107800.0,0.0,23.722971,107800.0,item:333362,107800.0,107800.0,107800.0,107800.0,,lot_policy_enabled
878,CMP-00000460-M-1810-item:268091-D807,M-1810,item:268091,delay_input_shortage,input_shortage,10893.604152,13400.0,0.0,10893.604152,13400.0,item:338929,13400.0,13400.0,13400.0,13400.0,,lot_policy_enabled
879,CMP-00000371-M-1430-item:268967-D667,M-1430,item:268967,delay_input_shortage,input_shortage,4.744594,107800.0,0.0,4.744594,107800.0,item:333362,107800.0,107800.0,107800.0,107800.0,,lot_policy_enabled
879,CMP-00000460-M-1810-item:268091-D807,M-1810,item:268091,delay_input_shortage,input_shortage,10641.561647,13400.0,0.0,10641.561647,13400.0,item:338929,13400.0,13400.0,13400.0,13400.0,,lot_policy_enabled
880,CMP-00000371-M-1430-item:268967-D667,M-1430,item:268967,delay_input_shortage,input_shortage,0.948919,107800.0,0.0,0.948919,107800.0,item:333362,107800.0,107800.0,107800.0,107800.0,,lot_policy_enabled
880,CMP-00000460-M-1810-item:268091-D807,M-1810,item:268091,delay_input_shortage,input_shortage,10377.373554,13400.0,0.0,10377.373554,13400.0,item:338929,13400.0,13400.0,13400.0,13400.0,,lot_policy_enabled
881,CMP-00000371-M-1430-item:268967-D667,M-1430,item:268967,delay_input_shortage,input_shortage,0.189784,107800.0,0.0,0.189784,107800.0,item:333362,107800.0,107800.0,107800.0,107800.0,,lot_policy_enabled
881,CMP-00000460-M-1810-item:268091-D807,M-1810,item:268091,delay_input_shortage,input_shortage,10110.756343,13400.0,0.0,10110.756343,13400.0,item:338929,13400.0,13400.0,13400.0,13400.0,,lot_policy_enabled
882,CMP-00000371-M-1430-item:268967-D667,M-1430,item:268967,delay_input_shortage,input_shortage,0.037957,107800.0,0.0,0.037957,107800.0,item:333362,107800.0,107800.0,107800.0,107800.0,,lot_policy_enabled
882,CMP-00000460-M-1810-item:268091-D807,M-1810,item:268091,delay_input_shortage,input_shortage,9843.653309,13400.0,0.0,9843.653309,13400.0,item:338929,13400.0,13400.0,13400.0,13400.0,,lot_policy_enabled
883,CMP-00000371-M-1430-item:268967-D667,M-1430,item:268967,delay_input_shortage,input_shortage,0.007591,107800.0,0.0,0.007591,107800.0,item:333362,107800.0,107800.0,107800.0,107800.0,,lot_policy_enabled
883,CMP-00000460-M-1810-item:268091-D807,M-1810,item:268091,delay_input_shortage,input_shortage,9576.453111,13400.0,0.0,9576.453111,13400.0,item:338929,13400.0,13400.0,13400.0,13400.0,,lot_policy_enabled
884,CMP-00000371-M-1430-item:268967-D667,M-1430,item:268967,delay_input_shortage,input_shortage,0.001518,107800.0,0.0,0.001518,107800.0,item:333362,107800.0,107800.0,107800.0,107800.0,,lot_policy_enabled
884,CMP-00000460-M-1810-item:268091-D807,M-1810,item:268091,delay_input_shortage,input_shortage,9309.233479,13400.0,0.0,9309.233479,13400.0,item:338929,13400.0,13400.0,13400.0,13400.0,,lot_policy_enabled
885,CMP-00000371-M-1430-item:268967-D667,M-1430,item:268967,delay_input_shortage,input_shortage,313.388059,107800.0,0.0,313.388059,107800.0,item:333362,107800.0,107800.0,107800.0,107800.0,,lot_policy_enabled
885,CMP-00000460-M-1810-item:268091-D807,M-1810,item:268091,delay_input_shortage,input_shortage,8994.581389,13400.0,0.0,8994.581389,13400.0,item:338929,13400.0,13400.0,13400.0,13400.0,,lot_policy_enabled
886,CMP-00000371-M-1430-item:268967-D667,M-1430,item:268967,delay_input_shortage,input_shortage,689.453122,107800.0,0.0,689.453122,107800.0,item:333362,107800.0,107800.0,107800.0,107800.0,,lot_policy_enabled
886,CMP-00000460-M-1810-item:268091-D807,M-1810,item:268091,delay_input_shortage,input_shortage,8670.442808,13400.0,0.0,8670.442808,13400.0,item:338929,13400.0,13400.0,13400.0,13400.0,,lot_policy_enabled
887,CMP-00000371-M-1430-item:268967-D667,M-1430,item:268967,delay_input_shortage,input_shortage,1078.05389,107800.0,0.0,1078.05389,107800.0,item:333362,107800.0,107800.0,107800.0,107800.0,,lot_policy_enabled
887,CMP-00000460-M-1810-item:268091-D807,M-1810,item:268091,delay_input_shortage,input_shortage,8344.406929,13400.0,0.0,8344.406929,13400.0,item:338929,13400.0,13400.0,13400.0,13400.0,,lot_policy_enabled
888,CMP-00000371-M-1430-item:268967-D667,M-1430,item:268967,delay_input_shortage,input_shortage,1469.161798,107800.0,0.0,1469.161798,107800.0,item:333362,107800.0,107800.0,107800.0,107800.0,,lot_policy_enabled
888,CMP-00000460-M-1810-item:268091-D807,M-1810,item:268091,delay_input_shortage,input_shortage,8017.99159,13400.0,0.0,8017.99159,13400.0,item:338929,13400.0,13400.0,13400.0,13400.0,,lot_policy_enabled
889,CMP-00000371-M-1430-item:268967-D667,M-1430,item:268967,delay_input_shortage,input_shortage,1860.771135,107800.0,0.0,1860.771135,107800.0,item:333362,107800.0,107800.0,107800.0,107800.0,,lot_policy_enabled
889,CMP-00000460-M-1810-item:268091-D807,M-1810,item:268091,delay_input_shortage,input_shortage,7691.500359,13400.0,0.0,7691.500359,13400.0,item:338929,13400.0,13400.0,13400.0,13400.0,,lot_policy_enabled
890,CMP-00000371-M-1430-item:268967-D667,M-1430,item:268967,delay_input_shortage,input_shortage,2252.480758,107800.0,0.0,2252.480758,107800.0,item:333362,107800.0,107800.0,107800.0,107800.0,,lot_policy_enabled
890,CMP-00000460-M-1810-item:268091-D807,M-1810,item:268091,delay_input_shortage,input_shortage,7364.993949,13400.0,0.0,7364.993949,13400.0,item:338929,13400.0,13400.0,13400.0,13400.0,,lot_policy_enabled
891,CMP-00000371-M-1430-item:268967-D667,M-1430,item:268967,delay_input_shortage,input_shortage,2644.210437,107800.0,0.0,2644.210437,107800.0,item:333362,107800.0,107800.0,107800.0,107800.0,,lot_policy_enabled
891,CMP-00000460-M-1810-item:268091-D807,M-1810,item:268091,delay_input_shortage,input_shortage,7038.484504,13400.0,0.0,7038.484504,13400.0,item:338929,13400.0,13400.0,13400.0,13400.0,,lot_policy_enabled
892,CMP-00000371-M-1430-item:268967-D667,M-1430,item:268967,delay_input_shortage,input_shortage,5116.156373,107800.0,0.0,5116.156373,107800.0,item:333362,107800.0,107800.0,107800.0,107800.0,,lot_policy_enabled
892,CMP-00000460-M-1810-item:268091-D807,M-1810,item:268091,delay_input_shortage,input_shortage,7421.558125,13400.0,0.0,7421.558125,13400.0,item:338929,13400.0,13400.0,13400.0,13400.0,,lot_policy_enabled
893,CMP-00000371-M-1430-item:268967-D667,M-1430,item:268967,delay_input_shortage,input_shortage,8004.14556,107800.0,0.0,8004.14556,107800.0,item:333362,107800.0,107800.0,107800.0,107800.0,,lot_policy_enabled
893,CMP-00000460-M-1810-item:268091-D807,M-1810,item:268091,delay_input_shortage,input_shortage,7946.54836,13400.0,0.0,7946.54836,13400.0,item:338929,13400.0,13400.0,13400.0,13400.0,,lot_policy_enabled
894,CMP-00000371-M-1430-item:268967-D667,M-1430,item:268967,delay_input_shortage,input_shortage,10975.343398,107800.0,0.0,10975.343398,107800.0,item:333362,107800.0,107800.0,107800.0,107800.0,,lot_policy_enabled
894,CMP-00000460-M-1810-item:268091-D807,M-1810,item:268091,delay_input_shortage,input_shortage,8499.921917,13400.0,0.0,8499.921917,13400.0,item:338929,13400.0,13400.0,13400.0,13400.0,,lot_policy_enabled
895,CMP-00000371-M-1430-item:268967-D667,M-1430,item:268967,delay_input_shortage,input_shortage,13963.182965,107800.0,0.0,13963.182965,107800.0,item:333362,107800.0,107800.0,107800.0,107800.0,,lot_policy_enabled
895,CMP-00000460-M-1810-item:268091-D807,M-1810,item:268091,delay_input_shortage,input_shortage,9058.972138,13400.0,0.0,9058.972138,13400.0,item:338929,13400.0,13400.0,13400.0,13400.0,,lot_policy_enabled
896,CMP-00000371-M-1430-item:268967-D667,M-1430,item:268967,delay_input_shortage,input_shortage,16954.350879,107800.0,0.0,16954.350879,107800.0,item:333362,107800.0,107800.0,107800.0,107800.0,,lot_policy_enabled
896,CMP-00000460-M-1810-item:268091-D807,M-1810,item:268091,delay_input_shortage,input_shortage,9619.157693,13400.0,0.0,9619.157693,13400.0,item:338929,13400.0,13400.0,13400.0,13400.0,,lot_policy_enabled
897,CMP-00000371-M-1430-item:268967-D667,M-1430,item:268967,delay_input_shortage,input_shortage,19946.184461,107800.0,0.0,19946.184461,107800.0,item:333362,107800.0,107800.0,107800.0,107800.0,,lot_policy_enabled
897,CMP-00000460-M-1810-item:268091-D807,M-1810,item:268091,delay_input_shortage,input_shortage,10179.570314,13400.0,0.0,10179.570314,13400.0,item:338929,13400.0,13400.0,13400.0,13400.0,,lot_policy_enabled
898,CMP-00000371-M-1430-item:268967-D667,M-1430,item:268967,delay_input_shortage,input_shortage,22938.151178,107800.0,0.0,22938.151178,107800.0,item:333362,107800.0,107800.0,107800.0,107800.0,,lot_policy_enabled
898,CMP-00000460-M-1810-item:268091-D807,M-1810,item:268091,delay_input_shortage,input_shortage,10740.028348,13400.0,0.0,10740.028348,13400.0,item:338929,13400.0,13400.0,13400.0,13400.0,,lot_policy_enabled
899,CMP-00000371-M-1430-item:268967-D667,M-1430,item:268967,delay_input_shortage,input_shortage,20945.703705,107800.0,0.0,20945.703705,107800.0,item:333362,107800.0,107800.0,107800.0,107800.0,,lot_policy_enabled
899,CMP-00000460-M-1810-item:268091-D807,M-1810,item:268091,delay_input_shortage,input_shortage,11141.524037,13400.0,0.0,11141.524037,13400.0,item:338929,13400.0,13400.0,13400.0,13400.0,,lot_policy_enabled
900,CMP-00000371-M-1430-item:268967-D667,M-1430,item:268967,delay_input_shortage,input_shortage,17956.373394,107800.0,0.0,17956.373394,107800.0,item:333362,107800.0,107800.0,107800.0,107800.0,,lot_policy_enabled
900,CMP-00000460-M-1810-item:268091-D807,M-1810,item:268091,delay_input_shortage,input_shortage,11511.227256,13400.0,0.0,11511.227256,13400.0,item:338929,13400.0,13400.0,13400.0,13400.0,,lot_policy_enabled
901,CMP-00000371-M-1430-item:268967-D667,M-1430,item:268967,delay_input_shortage,input_shortage,14767.666515,107800.0,0.0,14767.666515,107800.0,item:333362,107800.0,107800.0,107800.0,107800.0,,lot_policy_enabled
901,CMP-00000460-M-1810-item:268091-D807,M-1810,item:268091,delay_input_shortage,input_shortage,11874.571982,13400.0,0.0,11874.571982,13400.0,item:338929,13400.0,13400.0,13400.0,13400.0,,lot_policy_enabled
902,CMP-00000371-M-1430-item:268967-D667,M-1430,item:268967,delay_input_shortage,input_shortage,11539.084323,107800.0,0.0,11539.084323,107800.0,item:333362,107800.0,107800.0,107800.0,107800.0,,lot_policy_enabled
902,CMP-00000460-M-1810-item:268091-D807,M-1810,item:268091,delay_input_shortage,input_shortage,12236.645008,13400.0,0.0,12236.645008,13400.0,item:338929,13400.0,13400.0,13400.0,13400.0,,lot_policy_enabled
903,CMP-00000371-M-1430-item:268967-D667,M-1430,item:268967,delay_input_shortage,input_shortage,8302.527069,107800.0,0.0,8302.527069,107800.0,item:333362,107800.0,107800.0,107800.0,107800.0,,lot_policy_enabled
903,CMP-00000460-M-1810-item:268091-D807,M-1810,item:268091,delay_input_shortage,input_shortage,12598.463695,13400.0,0.0,12598.463695,13400.0,item:338929,13400.0,13400.0,13400.0,13400.0,,lot_policy_enabled
904,CMP-00000371-M-1430-item:268967-D667,M-1430,item:268967,delay_input_shortage,input_shortage,5064.374801,107800.0,0.0,5064.374801,107800.0,item:333362,107800.0,107800.0,107800.0,107800.0,,lot_policy_enabled
904,CMP-00000460-M-1810-item:268091-D807,M-1810,item:268091,delay_input_shortage,input_shortage,12960.231514,13400.0,0.0,12960.231514,13400.0,item:338929,13400.0,13400.0,13400.0,13400.0,,lot_policy_enabled
905,CMP-00000371-M-1430-item:268967-D667,M-1430,item:268967,delay_input_shortage,input_shortage,1825.903531,107800.0,0.0,1825.903531,107800.0,item:333362,107800.0,107800.0,107800.0,107800.0,,lot_policy_enabled
905,CMP-00000460-M-1810-item:268091-D807,M-1810,item:268091,delay_input_shortage,input_shortage,13321.98916,13400.0,0.0,13321.98916,13400.0,item:338929,13400.0,13400.0,13400.0,13400.0,,lot_policy_enabled
906,CMP-00000371-M-1430-item:268967-D667,M-1430,item:268967,delay_input_shortage,input_shortage,1119.156216,107800.0,0.0,1119.156216,107800.0,item:333362,107800.0,107800.0,107800.0,107800.0,,lot_policy_enabled
906,CMP-00000460-M-1810-item:268091-D807,M-1810,item:268091,delay_input_shortage,input_shortage,12874.471301,13400.0,0.0,12874.471301,13400.0,item:338929,13400.0,13400.0,13400.0,13400.0,,lot_policy_enabled
907,CMP-00000371-M-1430-item:268967-D667,M-1430,item:268967,delay_input_shortage,input_shortage,918.753692,107800.0,0.0,918.753692,107800.0,item:333362,107800.0,107800.0,107800.0,107800.0,,lot_policy_enabled
907,CMP-00000460-M-1810-item:268091-D807,M-1810,item:268091,delay_input_shortage,input_shortage,12265.098342,13400.0,0.0,12265.098342,13400.0,item:338929,13400.0,13400.0,13400.0,13400.0,,lot_policy_enabled
908,CMP-00000371-M-1430-item:268967-D667,M-1430,item:268967,delay_input_shortage,input_shortage,819.620126,107800.0,0.0,819.620126,107800.0,item:333362,107800.0,107800.0,107800.0,107800.0,,lot_policy_enabled
908,CMP-00000460-M-1810-item:268091-D807,M-1810,item:268091,delay_input_shortage,input_shortage,11623.354362,13400.0,0.0,11623.354362,13400.0,item:338929,13400.0,13400.0,13400.0,13400.0,,lot_policy_enabled
909,CMP-00000371-M-1430-item:268967-D667,M-1430,item:268967,delay_input_shortage,input_shortage,740.740352,107800.0,0.0,740.740352,107800.0,item:333362,107800.0,107800.0,107800.0,107800.0,,lot_policy_enabled
909,CMP-00000460-M-1810-item:268091-D807,M-1810,item:268091,delay_input_shortage,input_shortage,10975.136179,13400.0,0.0,10975.136179,13400.0,item:338929,13400.0,13400.0,13400.0,13400.0,,lot_policy_enabled
910,CMP-00000371-M-1430-item:268967-D667,M-1430,item:268967,delay_input_shortage,input_shortage,665.911336,107800.0,0.0,665.911336,107800.0,item:333362,107800.0,107800.0,107800.0,107800.0,,lot_policy_enabled
910,CMP-00000460-M-1810-item:268091-D807,M-1810,item:268091,delay_input_shortage,input_shortage,10325.623154,13400.0,0.0,10325.623154,13400.0,item:338929,13400.0,13400.0,13400.0,13400.0,,lot_policy_enabled
911,CMP-00000371-M-1430-item:268967-D667,M-1430,item:268967,delay_input_shortage,input_shortage,591.892472,107800.0,0.0,591.892472,107800.0,item:333362,107800.0,107800.0,107800.0,107800.0,,lot_policy_enabled
911,CMP-00000460-M-1810-item:268091-D807,M-1810,item:268091,delay_input_shortage,input_shortage,9675.851162,13400.0,0.0,9675.851162,13400.0,item:338929,13400.0,13400.0,13400.0,13400.0,,lot_policy_enabled
912,CMP-00000371-M-1430-item:268967-D667,M-1430,item:268967,delay_input_shortage,input_shortage,518.035638,107800.0,0.0,518.035638,107800.0,item:333362,107800.0,107800.0,107800.0,107800.0,,lot_policy_enabled
912,CMP-00000460-M-1810-item:268091-D807,M-1810,item:268091,delay_input_shortage,input_shortage,9026.027376,13400.0,0.0,9026.027376,13400.0,item:338929,13400.0,13400.0,13400.0,13400.0,,lot_policy_enabled
913,CMP-00000371-M-1430-item:268967-D667,M-1430,item:268967,delay_input_shortage,input_shortage,647.443862,107800.0,0.0,647.443862,107800.0,item:333362,107800.0,107800.0,107800.0,107800.0,,lot_policy_enabled
913,CMP-00000460-M-1810-item:268091-D807,M-1810,item:268091,delay_input_shortage,input_shortage,9086.936088,13400.0,0.0,9086.936088,13400.0,item:338929,13400.0,13400.0,13400.0,13400.0,,lot_policy_enabled
914,CMP-00000371-M-1430-item:268967-D667,M-1430,item:268967,delay_input_shortage,input_shortage,817.505099,107800.0,0.0,817.505099,107800.0,item:333362,107800.0,107800.0,107800.0,107800.0,,lot_policy_enabled
914,CMP-00000460-M-1810-item:268091-D807,M-1810,item:268091,delay_input_shortage,input_shortage,9289.991299,13400.0,0.0,9289.991299,13400.0,item:338929,13400.0,13400.0,13400.0,13400.0,,lot_policy_enabled
915,CMP-00000371-M-1430-item:268967-D667,M-1430,item:268967,delay_input_shortage,input_shortage,995.696938,107800.0,0.0,995.696938,107800.0,item:333362,107800.0,107800.0,107800.0,107800.0,,lot_policy_enabled
915,CMP-00000460-M-1810-item:268091-D807,M-1810,item:268091,delay_input_shortage,input_shortage,9521.475811,13400.0,0.0,9521.475811,13400.0,item:338929,13400.0,13400.0,13400.0,13400.0,,lot_policy_enabled
916,CMP-00000371-M-1430-item:268967-D667,M-1430,item:268967,delay_input_shortage,input_shortage,1175.514898,107800.0,0.0,1175.514898,107800.0,item:333362,107800.0,107800.0,107800.0,107800.0,,lot_policy_enabled
916,CMP-00000460-M-1810-item:268091-D807,M-1810,item:268091,delay_input_shortage,input_shortage,9758.646183,13400.0,0.0,9758.646183,13400.0,item:338929,13400.0,13400.0,13400.0,13400.0,,lot_policy_enabled
917,CMP-00000371-M-1430-item:268967-D667,M-1430,item:268967,delay_input_shortage,input_shortage,1355.658082,107800.0,0.0,1355.658082,107800.0,item:333362,107800.0,107800.0,107800.0,107800.0,,lot_policy_enabled
917,CMP-00000460-M-1810-item:268091-D807,M-1810,item:268091,delay_input_shortage,input_shortage,9996.953727,13400.0,0.0,9996.953727,13400.0,item:338929,13400.0,13400.0,13400.0,13400.0,,lot_policy_enabled
918,CMP-00000371-M-1430-item:268967-D667,M-1430,item:268967,delay_input_shortage,input_shortage,1535.86631,107800.0,0.0,1535.86631,107800.0,item:333362,107800.0,107800.0,107800.0,107800.0,,lot_policy_enabled
918,CMP-00000460-M-1810-item:268091-D807,M-1810,item:268091,delay_input_shortage,input_shortage,10235.488705,13400.0,0.0,10235.488705,13400.0,item:338929,13400.0,13400.0,13400.0,13400.0,,lot_policy_enabled
919,CMP-00000371-M-1430-item:268967-D667,M-1430,item:268967,delay_input_shortage,input_shortage,1716.087548,107800.0,0.0,1716.087548,107800.0,item:333362,107800.0,107800.0,107800.0,107800.0,,lot_policy_enabled
919,CMP-00000460-M-1810-item:268091-D807,M-1810,item:268091,delay_input_shortage,input_shortage,10474.06917,13400.0,0.0,10474.06917,13400.0,item:338929,13400.0,13400.0,13400.0,13400.0,,lot_policy_enabled
920,CMP-00000371-M-1430-item:268967-D667,M-1430,item:268967,delay_input_shortage,input_shortage,2159.331795,107800.0,0.0,2159.331795,107800.0,item:333362,107800.0,107800.0,107800.0,107800.0,,lot_policy_enabled
920,CMP-00000460-M-1810-item:268091-D807,M-1810,item:268091,delay_input_shortage,input_shortage,10141.164855,13400.0,0.0,10141.164855,13400.0,item:338929,13400.0,13400.0,13400.0,13400.0,,lot_policy_enabled
921,CMP-00000371-M-1430-item:268967-D667,M-1430,item:268967,delay_input_shortage,input_shortage,2655.180645,107800.0,0.0,2655.180645,107800.0,item:333362,107800.0,107800.0,107800.0,107800.0,,lot_policy_enabled
921,CMP-00000460-M-1810-item:268091-D807,M-1810,item:268091,delay_input_shortage,input_shortage,9693.963583,13400.0,0.0,9693.963583,13400.0,item:338929,13400.0,13400.0,13400.0,13400.0,,lot_policy_enabled
922,CMP-00000371-M-1430-item:268967-D667,M-1430,item:268967,delay_input_shortage,input_shortage,3161.550415,107800.0,0.0,3161.550415,107800.0,item:333362,107800.0,107800.0,107800.0,107800.0,,lot_policy_enabled
922,CMP-00000460-M-1810-item:268091-D807,M-1810,item:268091,delay_input_shortage,input_shortage,9223.902921,13400.0,0.0,9223.902921,13400.0,item:338929,13400.0,13400.0,13400.0,13400.0,,lot_policy_enabled
923,CMP-00000371-M-1430-item:268967-D667,M-1430,item:268967,delay_input_shortage,input_shortage,3670.024369,107800.0,0.0,3670.024369,107800.0,item:333362,107800.0,107800.0,107800.0,107800.0,,lot_policy_enabled
923,CMP-00000460-M-1810-item:268091-D807,M-1810,item:268091,delay_input_shortage,input_shortage,8749.27038,13400.0,0.0,8749.27038,13400.0,item:338929,13400.0,13400.0,13400.0,13400.0,,lot_policy_enabled
924,CMP-00000371-M-1430-item:268967-D667,M-1430,item:268967,delay_input_shortage,input_shortage,4178.919159,107800.0,0.0,4178.919159,107800.0,item:333362,107800.0,107800.0,107800.0,107800.0,,lot_policy_enabled
924,CMP-00000460-M-1810-item:268091-D807,M-1810,item:268091,delay_input_shortage,input_shortage,8273.723464,13400.0,0.0,8273.723464,13400.0,item:338929,13400.0,13400.0,13400.0,13400.0,,lot_policy_enabled
925,CMP-00000371-M-1430-item:268967-D667,M-1430,item:268967,delay_input_shortage,input_shortage,4687.898117,107800.0,0.0,4687.898117,107800.0,item:333362,107800.0,107800.0,107800.0,107800.0,,lot_policy_enabled
925,CMP-00000460-M-1810-item:268091-D807,M-1810,item:268091,delay_input_shortage,input_shortage,7797.993672,13400.0,0.0,7797.993672,13400.0,item:338929,13400.0,13400.0,13400.0,13400.0,,lot_policy_enabled
926,CMP-00000371-M-1430-item:268967-D667,M-1430,item:268967,delay_input_shortage,input_shortage,5196.893909,107800.0,0.0,5196.893909,107800.0,item:333362,107800.0,107800.0,107800.0,107800.0,,lot_policy_enabled
926,CMP-00000460-M-1810-item:268091-D807,M-1810,item:268091,delay_input_shortage,input_shortage,7322.227306,13400.0,0.0,7322.227306,13400.0,item:338929,13400.0,13400.0,13400.0,13400.0,,lot_policy_enabled
927,CMP-00000371-M-1430-item:268967-D667,M-1430,item:268967,delay_input_shortage,input_shortage,5909.468578,107800.0,0.0,5909.468578,107800.0,item:333362,107800.0,107800.0,107800.0,107800.0,,lot_policy_enabled
927,CMP-00000460-M-1810-item:268091-D807,M-1810,item:268091,delay_input_shortage,input_shortage,7990.959747,13400.0,0.0,7990.959747,13400.0,item:338929,13400.0,13400.0,13400.0,13400.0,,lot_policy_enabled
928,CMP-00000371-M-1430-item:268967-D667,M-1430,item:268967,delay_input_shortage,input_shortage,6662.759021,107800.0,0.0,6662.759021,107800.0,item:333362,107800.0,107800.0,107800.0,107800.0,,lot_policy_enabled
928,CMP-00000460-M-1810-item:268091-D807,M-1810,item:268091,delay_input_shortage,input_shortage,8888.591949,13400.0,0.0,8888.591949,13400.0,item:338929,13400.0,13400.0,13400.0,13400.0,,lot_policy_enabled
929,CMP-00000371-M-1430-item:268967-D667,M-1430,item:268967,delay_input_shortage,input_shortage,7424.19262,107800.0,0.0,7424.19262,107800.0,item:333362,107800.0,107800.0,107800.0,107800.0,,lot_policy_enabled
929,CMP-00000460-M-1810-item:268091-D807,M-1810,item:268091,delay_input_shortage,input_shortage,9832.004104,13400.0,0.0,9832.004104,13400.0,item:338929,13400.0,13400.0,13400.0,13400.0,,lot_policy_enabled
930,CMP-00000371-M-1430-item:268967-D667,M-1430,item:268967,delay_input_shortage,input_shortage,8187.25485,107800.0,0.0,8187.25485,107800.0,item:333362,107800.0,107800.0,107800.0,107800.0,,lot_policy_enabled
930,CMP-00000460-M-1810-item:268091-D807,M-1810,item:268091,delay_input_shortage,input_shortage,10784.572249,13400.0,0.0,10784.572249,13400.0,item:338929,13400.0,13400.0,13400.0,13400.0,,lot_policy_enabled
931,CMP-00000371-M-1430-item:268967-D667,M-1430,item:268967,delay_input_shortage,input_shortage,8950.642807,107800.0,0.0,8950.642807,107800.0,item:333362,107800.0,107800.0,107800.0,107800.0,,lot_policy_enabled
931,CMP-00000460-M-1810-item:268091-D807,M-1810,item:268091,delay_input_shortage,input_shortage,11738.971592,13400.0,0.0,11738.971592,13400.0,item:338929,13400.0,13400.0,13400.0,13400.0,,lot_policy_enabled
932,CMP-00000371-M-1430-item:268967-D667,M-1430,item:268967,delay_input_shortage,input_shortage,9714.095908,107800.0,0.0,9714.095908,107800.0,item:333362,107800.0,107800.0,107800.0,107800.0,,lot_policy_enabled
932,CMP-00000460-M-1810-item:268091-D807,M-1810,item:268091,delay_input_shortage,input_shortage,12693.737175,13400.0,0.0,12693.737175,13400.0,item:338929,13400.0,13400.0,13400.0,13400.0,,lot_policy_enabled
933,CMP-00000371-M-1430-item:268967-D667,M-1430,item:268967,delay_input_shortage,input_shortage,10477.562038,107800.0,0.0,10477.562038,107800.0,item:333362,107800.0,107800.0,107800.0,107800.0,,lot_policy_enabled
933,CMP-00000460-M-1810-item:268091-D807,M-1810,item:268091,delay_input_shortage,input_shortage,13648.576006,13400.0,0.0,13648.576006,13400.0,item:338929,13400.0,13400.0,13400.0,13400.0,,lot_policy_enabled
934,CMP-00000371-M-1430-item:268967-D667,M-1430,item:268967,delay_input_shortage,input_shortage,10420.491999,107800.0,0.0,10420.491999,107800.0,item:333362,107800.0,107800.0,107800.0,107800.0,,lot_policy_enabled
934,CMP-00000460-M-1810-item:268091-D807,M-1810,item:268091,delay_input_shortage,input_shortage,13131.004997,13400.0,0.0,13131.004997,13400.0,item:338929,13400.0,13400.0,13400.0,13400.0,,lot_policy_enabled
935,CMP-00000371-M-1430-item:268967-D667,M-1430,item:268967,delay_input_shortage,input_shortage,10199.314726,107800.0,0.0,10199.314726,107800.0,item:333362,107800.0,107800.0,107800.0,107800.0,,lot_policy_enabled
935,CMP-00000460-M-1810-item:268091-D807,M-1810,item:268091,delay_input_shortage,input_shortage,12318.95202,13400.0,0.0,12318.95202,13400.0,item:338929,13400.0,13400.0,13400.0,13400.0,,lot_policy_enabled
936,CMP-00000371-M-1430-item:268967-D667,M-1430,item:268967,delay_input_shortage,input_shortage,9945.316006,107800.0,0.0,9945.316006,107800.0,item:333362,107800.0,107800.0,107800.0,107800.0,,lot_policy_enabled
936,CMP-00000460-M-1810-item:268091-D807,M-1810,item:268091,delay_input_shortage,input_shortage,11448.002649,13400.0,0.0,11448.002649,13400.0,item:338929,13400.0,13400.0,13400.0,13400.0,,lot_policy_enabled
937,CMP-00000371-M-1430-item:268967-D667,M-1430,item:268967,delay_input_shortage,input_shortage,9684.752997,107800.0,0.0,9684.752997,107800.0,item:333362,107800.0,107800.0,107800.0,107800.0,,lot_policy_enabled
937,CMP-00000460-M-1810-item:268091-D807,M-1810,item:268091,delay_input_shortage,input_shortage,10565.273999,13400.0,0.0,10565.273999,13400.0,item:338929,13400.0,13400.0,13400.0,13400.0,,lot_policy_enabled
938,CMP-00000371-M-1430-item:268967-D667,M-1430,item:268967,delay_input_shortage,input_shortage,9422.87713,107800.0,0.0,9422.87713,107800.0,item:333362,107800.0,107800.0,107800.0,107800.0,,lot_policy_enabled
938,CMP-00000460-M-1810-item:268091-D807,M-1810,item:268091,delay_input_shortage,input_shortage,9680.189494,13400.0,0.0,9680.189494,13400.0,item:338929,13400.0,13400.0,13400.0,13400.0,,lot_policy_enabled
939,CMP-00000371-M-1430-item:268967-D667,M-1430,item:268967,delay_input_shortage,input_shortage,9160.738691,107800.0,0.0,9160.738691,107800.0,item:333362,107800.0,107800.0,107800.0,107800.0,,lot_policy_enabled
939,CMP-00000460-M-1810-item:268091-D807,M-1810,item:268091,delay_input_shortage,input_shortage,8794.633817,13400.0,0.0,8794.633817,13400.0,item:338929,13400.0,13400.0,13400.0,13400.0,,lot_policy_enabled
940,CMP-00000371-M-1430-item:268967-D667,M-1430,item:268967,delay_input_shortage,input_shortage,8898.547738,107800.0,0.0,8898.547738,107800.0,item:333362,107800.0,107800.0,107800.0,107800.0,,lot_policy_enabled
940,CMP-00000460-M-1810-item:268091-D807,M-1810,item:268091,delay_input_shortage,input_shortage,7908.983907,13400.0,0.0,7908.983907,13400.0,item:338929,13400.0,13400.0,13400.0,13400.0,,lot_policy_enabled
941,CMP-00000371-M-1430-item:268967-D667,M-1430,item:268967,delay_input_shortage,input_shortage,7971.758527,107800.0,0.0,7971.758527,107800.0,item:333362,107800.0,107800.0,107800.0,107800.0,,lot_policy_enabled
941,CMP-00000460-M-1810-item:268091-D807,M-1810,item:268091,delay_input_shortage,input_shortage,7306.74372,13400.0,0.0,7306.74372,13400.0,item:338929,13400.0,13400.0,13400.0,13400.0,,lot_policy_enabled
942,CMP-00000371-M-1430-item:268967-D667,M-1430,item:268967,delay_input_shortage,input_shortage,6912.049665,107800.0,0.0,6912.049665,107800.0,item:333362,107800.0,107800.0,107800.0,107800.0,,lot_policy_enabled
942,CMP-00000460-M-1810-item:268091-D807,M-1810,item:268091,delay_input_shortage,input_shortage,6761.185479,13400.0,0.0,6761.185479,13400.0,item:338929,13400.0,13400.0,13400.0,13400.0,,lot_policy_enabled
943,CMP-00000371-M-1430-item:268967-D667,M-1430,item:268967,delay_input_shortage,input_shortage,5825.756872,107800.0,0.0,5825.756872,107800.0,item:333362,107800.0,107800.0,107800.0,107800.0,,lot_policy_enabled
943,CMP-00000460-M-1810-item:268091-D807,M-1810,item:268091,delay_input_shortage,input_shortage,6226.963627,13400.0,0.0,6226.963627,13400.0,item:338929,13400.0,13400.0,13400.0,13400.0,,lot_policy_enabled
944,CMP-00000371-M-1430-item:268967-D667,M-1430,item:268967,delay_input_shortage,input_shortage,4734.147292,107800.0,0.0,4734.147292,107800.0,item:333362,107800.0,107800.0,107800.0,107800.0,,lot_policy_enabled
944,CMP-00000460-M-1810-item:268091-D807,M-1810,item:268091,delay_input_shortage,input_shortage,5695.009052,13400.0,0.0,5695.009052,13400.0,item:338929,13400.0,13400.0,13400.0,13400.0,,lot_policy_enabled
945,CMP-00000371-M-1430-item:268967-D667,M-1430,item:268967,delay_input_shortage,input_shortage,3641.474356,107800.0,0.0,3641.474356,107800.0,item:333362,107800.0,107800.0,107800.0,107800.0,,lot_policy_enabled
945,CMP-00000460-M-1810-item:268091-D807,M-1810,item:268091,delay_input_shortage,input_shortage,5163.507933,13400.0,0.0,5163.507933,13400.0,item:338929,13400.0,13400.0,13400.0,13400.0,,lot_policy_enabled
946,CMP-00000371-M-1430-item:268967-D667,M-1430,item:268967,delay_input_shortage,input_shortage,2548.588748,107800.0,0.0,2548.588748,107800.0,item:333362,107800.0,107800.0,107800.0,107800.0,,lot_policy_enabled
946,CMP-00000460-M-1810-item:268091-D807,M-1810,item:268091,delay_input_shortage,input_shortage,4632.097505,13400.0,0.0,4632.097505,13400.0,item:338929,13400.0,13400.0,13400.0,13400.0,,lot_policy_enabled
947,CMP-00000371-M-1430-item:268967-D667,M-1430,item:268967,delay_input_shortage,input_shortage,1455.660606,107800.0,0.0,1455.660606,107800.0,item:333362,107800.0,107800.0,107800.0,107800.0,,lot_policy_enabled
947,CMP-00000460-M-1810-item:268091-D807,M-1810,item:268091,delay_input_shortage,input_shortage,4100.705215,13400.0,0.0,4100.705215,13400.0,item:338929,13400.0,13400.0,13400.0,13400.0,,lot_policy_enabled
948,CMP-00000371-M-1430-item:268967-D667,M-1430,item:268967,delay_input_shortage,input_shortage,1200.062733,107800.0,0.0,1200.062733,107800.0,item:333362,107800.0,107800.0,107800.0,107800.0,,lot_policy_enabled
948,CMP-00000460-M-1810-item:268091-D807,M-1810,item:268091,delay_input_shortage,input_shortage,4126.0839,13400.0,0.0,4126.0839,13400.0,item:338929,13400.0,13400.0,13400.0,13400.0,,lot_policy_enabled
949,CMP-00000371-M-1430-item:268967-D667,M-1430,item:268967,delay_input_shortage,input_shortage,1111.930914,107800.0,0.0,1111.930914,107800.0,item:333362,107800.0,107800.0,107800.0,107800.0,,lot_policy_enabled
949,CMP-00000460-M-1810-item:268091-D807,M-1810,item:268091,delay_input_shortage,input_shortage,4262.81678,13400.0,0.0,4262.81678,13400.0,item:338929,13400.0,13400.0,13400.0,13400.0,,lot_policy_enabled
950,CMP-00000371-M-1430-item:268967-D667,M-1430,item:268967,delay_input_shortage,input_shortage,1057.292305,107800.0,0.0,1057.292305,107800.0,item:333362,107800.0,107800.0,107800.0,107800.0,,lot_policy_enabled
950,CMP-00000460-M-1810-item:268091-D807,M-1810,item:268091,delay_input_shortage,input_shortage,4421.820499,13400.0,0.0,4421.820499,13400.0,item:338929,13400.0,13400.0,13400.0,13400.0,,lot_policy_enabled
951,CMP-00000371-M-1430-item:268967-D667,M-1430,item:268967,delay_input_shortage,input_shortage,1009.352339,107800.0,0.0,1009.352339,107800.0,item:333362,107800.0,107800.0,107800.0,107800.0,,lot_policy_enabled
951,CMP-00000460-M-1810-item:268091-D807,M-1810,item:268091,delay_input_shortage,input_shortage,4585.278386,13400.0,0.0,4585.278386,13400.0,item:338929,13400.0,13400.0,13400.0,13400.0,,lot_policy_enabled
952,CMP-00000371-M-1430-item:268967-D667,M-1430,item:268967,delay_input_shortage,input_shortage,962.752101,107800.0,0.0,962.752101,107800.0,item:333362,107800.0,107800.0,107800.0,107800.0,,lot_policy_enabled
952,CMP-00000460-M-1810-item:268091-D807,M-1810,item:268091,delay_input_shortage,input_shortage,4749.627106,13400.0,0.0,4749.627106,13400.0,item:338929,13400.0,13400.0,13400.0,13400.0,,lot_policy_enabled
953,CMP-00000371-M-1430-item:268967-D667,M-1430,item:268967,delay_input_shortage,input_shortage,916.419808,107800.0,0.0,916.419808,107800.0,item:333362,107800.0,107800.0,107800.0,107800.0,,lot_policy_enabled
953,CMP-00000460-M-1810-item:268091-D807,M-1810,item:268091,delay_input_shortage,input_shortage,4914.153993,13400.0,0.0,4914.153993,13400.0,item:338929,13400.0,13400.0,13400.0,13400.0,,lot_policy_enabled
954,CMP-00000371-M-1430-item:268967-D667,M-1430,item:268967,delay_input_shortage,input_shortage,870.141105,107800.0,0.0,870.141105,107800.0,item:333362,107800.0,107800.0,107800.0,107800.0,,lot_policy_enabled
954,CMP-00000460-M-1810-item:268091-D807,M-1810,item:268091,delay_input_shortage,input_shortage,5078.716513,13400.0,0.0,5078.716513,13400.0,item:338929,13400.0,13400.0,13400.0,13400.0,,lot_policy_enabled
955,CMP-00000371-M-1430-item:268967-D667,M-1430,item:268967,delay_input_shortage,input_shortage,1150.811895,107800.0,0.0,1150.811895,107800.0,item:333362,107800.0,107800.0,107800.0,107800.0,,lot_policy_enabled
955,CMP-00000460-M-1810-item:268091-D807,M-1810,item:268091,delay_input_shortage,input_shortage,5133.490241,13400.0,0.0,5133.490241,13400.0,item:338929,13400.0,13400.0,13400.0,13400.0,,lot_policy_enabled
956,CMP-00000371-M-1430-item:268967-D667,M-1430,item:268967,delay_input_shortage,input_shortage,1496.872583,107800.0,0.0,1496.872583,107800.0,item:333362,107800.0,107800.0,107800.0,107800.0,,lot_policy_enabled
956,CMP-00000460-M-1810-item:268091-D807,M-1810,item:268091,delay_input_shortage,input_shortage,5166.306212,13400.0,0.0,5166.306212,13400.0,item:338929,13400.0,13400.0,13400.0,13400.0,,lot_policy_enabled
957,CMP-00000371-M-1430-item:268967-D667,M-1430,item:268967,delay_input_shortage,input_shortage,1856.011251,107800.0,0.0,1856.011251,107800.0,item:333362,107800.0,107800.0,107800.0,107800.0,,lot_policy_enabled
957,CMP-00000460-M-1810-item:268091-D807,M-1810,item:268091,delay_input_shortage,input_shortage,5194.73063,13400.0,0.0,5194.73063,13400.0,item:338929,13400.0,13400.0,13400.0,13400.0,,lot_policy_enabled
958,CMP-00000371-M-1430-item:268967-D667,M-1430,item:268967,delay_input_shortage,input_shortage,2217.765516,107800.0,0.0,2217.765516,107800.0,item:333362,107800.0,107800.0,107800.0,107800.0,,lot_policy_enabled
958,CMP-00000460-M-1810-item:268091-D807,M-1810,item:268091,delay_input_shortage,input_shortage,5222.276738,13400.0,0.0,5222.276738,13400.0,item:338929,13400.0,13400.0,13400.0,13400.0,,lot_policy_enabled
959,CMP-00000371-M-1430-item:268967-D667,M-1430,item:268967,delay_input_shortage,input_shortage,2580.042899,107800.0,0.0,2580.042899,107800.0,item:333362,107800.0,107800.0,107800.0,107800.0,,lot_policy_enabled
959,CMP-00000460-M-1810-item:268091-D807,M-1810,item:268091,delay_input_shortage,input_shortage,5249.647184,13400.0,0.0,5249.647184,13400.0,item:338929,13400.0,13400.0,13400.0,13400.0,,lot_policy_enabled
960,CMP-00000371-M-1430-item:268967-D667,M-1430,item:268967,delay_input_shortage,input_shortage,2942.424906,107800.0,0.0,2942.424906,107800.0,item:333362,107800.0,107800.0,107800.0,107800.0,,lot_policy_enabled
960,CMP-00000460-M-1810-item:268091-D807,M-1810,item:268091,delay_input_shortage,input_shortage,5276.982498,13400.0,0.0,5276.982498,13400.0,item:338929,13400.0,13400.0,13400.0,13400.0,,lot_policy_enabled
961,CMP-00000371-M-1430-item:268967-D667,M-1430,item:268967,delay_input_shortage,input_shortage,3304.827838,107800.0,0.0,3304.827838,107800.0,item:333362,107800.0,107800.0,107800.0,107800.0,,lot_policy_enabled
961,CMP-00000460-M-1810-item:268091-D807,M-1810,item:268091,delay_input_shortage,input_shortage,5304.310785,13400.0,0.0,5304.310785,13400.0,item:338929,13400.0,13400.0,13400.0,13400.0,,lot_policy_enabled
962,CMP-00000371-M-1430-item:268967-D667,M-1430,item:268967,delay_input_shortage,input_shortage,4258.026792,107800.0,0.0,4258.026792,107800.0,item:333362,107800.0,107800.0,107800.0,107800.0,,lot_policy_enabled
962,CMP-00000460-M-1810-item:268091-D807,M-1810,item:268091,delay_input_shortage,input_shortage,5991.572361,13400.0,0.0,5991.572361,13400.0,item:338929,13400.0,13400.0,13400.0,13400.0,,lot_policy_enabled
963,CMP-00000371-M-1430-item:268967-D667,M-1430,item:268967,delay_input_shortage,input_shortage,5329.38495,107800.0,0.0,5329.38495,107800.0,item:333362,107800.0,107800.0,107800.0,107800.0,,lot_policy_enabled
963,CMP-00000460-M-1810-item:268091-D807,M-1810,item:268091,delay_input_shortage,input_shortage,6810.820595,13400.0,0.0,6810.820595,13400.0,item:338929,13400.0,13400.0,13400.0,13400.0,,lot_policy_enabled
964,CMP-00000371-M-1430-item:268967-D667,M-1430,item:268967,delay_input_shortage,input_shortage,6424.374949,107800.0,0.0,6424.374949,107800.0,item:333362,107800.0,107800.0,107800.0,107800.0,,lot_policy_enabled
964,CMP-00000460-M-1810-item:268091-D807,M-1810,item:268091,delay_input_shortage,input_shortage,7656.46616,13400.0,0.0,7656.46616,13400.0,item:338929,13400.0,13400.0,13400.0,13400.0,,lot_policy_enabled
965,CMP-00000371-M-1430-item:268967-D667,M-1430,item:268967,delay_input_shortage,input_shortage,7524.091316,107800.0,0.0,7524.091316,107800.0,item:333362,107800.0,107800.0,107800.0,107800.0,,lot_policy_enabled
965,CMP-00000460-M-1810-item:268091-D807,M-1810,item:268091,delay_input_shortage,input_shortage,8507.391191,13400.0,0.0,8507.391191,13400.0,item:338929,13400.0,13400.0,13400.0,13400.0,,lot_policy_enabled
966,CMP-00000371-M-1430-item:268967-D667,M-1430,item:268967,delay_input_shortage,input_shortage,8624.752957,107800.0,0.0,8624.752957,107800.0,item:333362,107800.0,107800.0,107800.0,107800.0,,lot_policy_enabled
966,CMP-00000460-M-1810-item:268091-D807,M-1810,item:268091,delay_input_shortage,input_shortage,9359.372116,13400.0,0.0,9359.372116,13400.0,item:338929,13400.0,13400.0,13400.0,13400.0,,lot_policy_enabled
967,CMP-00000371-M-1430-item:268967-D667,M-1430,item:268967,delay_input_shortage,input_shortage,9725.603653,107800.0,0.0,9725.603653,107800.0,item:333362,107800.0,107800.0,107800.0,107800.0,,lot_policy_enabled
967,CMP-00000460-M-1810-item:268091-D807,M-1810,item:268091,delay_input_shortage,input_shortage,10211.564219,13400.0,0.0,10211.564219,13400.0,item:338929,13400.0,13400.0,13400.0,13400.0,,lot_policy_enabled
968,CMP-00000371-M-1430-item:268967-D667,M-1430,item:268967,delay_input_shortage,input_shortage,10826.492159,107800.0,0.0,10826.492159,107800.0,item:333362,107800.0,107800.0,107800.0,107800.0,,lot_policy_enabled
968,CMP-00000460-M-1810-item:268091-D807,M-1810,item:268091,delay_input_shortage,input_shortage,11063.798558,13400.0,0.0,11063.798558,13400.0,item:338929,13400.0,13400.0,13400.0,13400.0,,lot_policy_enabled
969,CMP-00000371-M-1430-item:268967-D667,M-1430,item:268967,delay_input_shortage,input_shortage,9841.200473,107800.0,0.0,9841.200473,107800.0,item:333362,107800.0,107800.0,107800.0,107800.0,,lot_policy_enabled
969,CMP-00000460-M-1810-item:268091-D807,M-1810,item:268091,delay_input_shortage,input_shortage,11033.918895,13400.0,0.0,11033.918895,13400.0,item:338929,13400.0,13400.0,13400.0,13400.0,,lot_policy_enabled
970,CMP-00000371-M-1430-item:268967-D667,M-1430,item:268967,delay_input_shortage,input_shortage,8438.672748,107800.0,0.0,8438.672748,107800.0,item:333362,107800.0,107800.0,107800.0,107800.0,,lot_policy_enabled
970,CMP-00000460-M-1810-item:268091-D807,M-1810,item:268091,delay_input_shortage,input_shortage,10827.616432,13400.0,0.0,10827.616432,13400.0,item:338929,13400.0,13400.0,13400.0,13400.0,,lot_policy_enabled
971,CMP-00000371-M-1430-item:268967-D667,M-1430,item:268967,delay_input_shortage,input_shortage,6952.697815,107800.0,0.0,6952.697815,107800.0,item:333362,107800.0,107800.0,107800.0,107800.0,,lot_policy_enabled
971,CMP-00000460-M-1810-item:268091-D807,M-1810,item:268091,delay_input_shortage,input_shortage,10586.029409,13400.0,0.0,10586.029409,13400.0,item:338929,13400.0,13400.0,13400.0,13400.0,,lot_policy_enabled
972,CMP-00000371-M-1430-item:268967-D667,M-1430,item:268967,delay_input_shortage,input_shortage,5450.033441,107800.0,0.0,5450.033441,107800.0,item:333362,107800.0,107800.0,107800.0,107800.0,,lot_policy_enabled
972,CMP-00000460-M-1810-item:268091-D807,M-1810,item:268091,delay_input_shortage,input_shortage,10337.385474,13400.0,0.0,10337.385474,13400.0,item:338929,13400.0,13400.0,13400.0,13400.0,,lot_policy_enabled
973,CMP-00000371-M-1430-item:268967-D667,M-1430,item:268967,delay_input_shortage,input_shortage,3944.031178,107800.0,0.0,3944.031178,107800.0,item:333362,107800.0,107800.0,107800.0,107800.0,,lot_policy_enabled
973,CMP-00000460-M-1810-item:268091-D807,M-1810,item:268091,delay_input_shortage,input_shortage,10087.330156,13400.0,0.0,10087.330156,13400.0,item:338929,13400.0,13400.0,13400.0,13400.0,,lot_policy_enabled
974,CMP-00000371-M-1430-item:268967-D667,M-1430,item:268967,delay_input_shortage,input_shortage,2437.361338,107800.0,0.0,2437.361338,107800.0,item:333362,107800.0,107800.0,107800.0,107800.0,,lot_policy_enabled
974,CMP-00000460-M-1810-item:268091-D807,M-1810,item:268091,delay_input_shortage,input_shortage,9836.992562,13400.0,0.0,9836.992562,13400.0,item:338929,13400.0,13400.0,13400.0,13400.0,,lot_policy_enabled
975,CMP-00000371-M-1430-item:268967-D667,M-1430,item:268967,delay_input_shortage,input_shortage,930.557982,107800.0,0.0,930.557982,107800.0,item:333362,107800.0,107800.0,107800.0,107800.0,,lot_policy_enabled
975,CMP-00000460-M-1810-item:268091-D807,M-1810,item:268091,delay_input_shortage,input_shortage,9586.598512,13400.0,0.0,9586.598512,13400.0,item:338929,13400.0,13400.0,13400.0,13400.0,,lot_policy_enabled
976,CMP-00000371-M-1430-item:268967-D667,M-1430,item:268967,delay_input_shortage,input_shortage,912.185066,107800.0,0.0,912.185066,107800.0,item:333362,107800.0,107800.0,107800.0,107800.0,,lot_policy_enabled
976,CMP-00000460-M-1810-item:268091-D807,M-1810,item:268091,delay_input_shortage,input_shortage,9486.936029,13400.0,0.0,9486.936029,13400.0,item:338929,13400.0,13400.0,13400.0,13400.0,,lot_policy_enabled
977,CMP-00000371-M-1430-item:268967-D667,M-1430,item:268967,delay_input_shortage,input_shortage,1191.498238,107800.0,0.0,1191.498238,107800.0,item:333362,107800.0,107800.0,107800.0,107800.0,,lot_policy_enabled
977,CMP-00000460-M-1810-item:268091-D807,M-1810,item:268091,delay_input_shortage,input_shortage,9417.419859,13400.0,0.0,9417.419859,13400.0,item:338929,13400.0,13400.0,13400.0,13400.0,,lot_policy_enabled
978,CMP-00000371-M-1430-item:268967-D667,M-1430,item:268967,delay_input_shortage,input_shortage,1530.348627,107800.0,0.0,1530.348627,107800.0,item:333362,107800.0,107800.0,107800.0,107800.0,,lot_policy_enabled
978,CMP-00000460-M-1810-item:268091-D807,M-1810,item:268091,delay_input_shortage,input_shortage,9353.932951,13400.0,0.0,9353.932951,13400.0,item:338929,13400.0,13400.0,13400.0,13400.0,,lot_policy_enabled
979,CMP-00000371-M-1430-item:268967-D667,M-1430,item:268967,delay_input_shortage,input_shortage,1881.10646,107800.0,0.0,1881.10646,107800.0,item:333362,107800.0,107800.0,107800.0,107800.0,,lot_policy_enabled
979,CMP-00000460-M-1810-item:268091-D807,M-1810,item:268091,delay_input_shortage,input_shortage,9291.651896,13400.0,0.0,9291.651896,13400.0,item:338929,13400.0,13400.0,13400.0,13400.0,,lot_policy_enabled
980,CMP-00000371-M-1430-item:268967-D667,M-1430,item:268967,delay_input_shortage,input_shortage,2234.245782,107800.0,0.0,2234.245782,107800.0,item:333362,107800.0,107800.0,107800.0,107800.0,,lot_policy_enabled
980,CMP-00000460-M-1810-item:268091-D807,M-1810,item:268091,delay_input_shortage,input_shortage,9229.612012,13400.0,0.0,9229.612012,13400.0,item:338929,13400.0,13400.0,13400.0,13400.0,,lot_policy_enabled
981,CMP-00000371-M-1430-item:268967-D667,M-1430,item:268967,delay_input_shortage,input_shortage,2587.861401,107800.0,0.0,2587.861401,107800.0,item:333362,107800.0,107800.0,107800.0,107800.0,,lot_policy_enabled
981,CMP-00000460-M-1810-item:268091-D807,M-1810,item:268091,delay_input_shortage,input_shortage,9167.620361,13400.0,0.0,9167.620361,13400.0,item:338929,13400.0,13400.0,13400.0,13400.0,,lot_policy_enabled
982,CMP-00000371-M-1430-item:268967-D667,M-1430,item:268967,delay_input_shortage,input_shortage,2941.57228,107800.0,0.0,2941.57228,107800.0,item:333362,107800.0,107800.0,107800.0,107800.0,,lot_policy_enabled
982,CMP-00000460-M-1810-item:268091-D807,M-1810,item:268091,delay_input_shortage,input_shortage,9105.638358,13400.0,0.0,9105.638358,13400.0,item:338929,13400.0,13400.0,13400.0,13400.0,,lot_policy_enabled
983,CMP-00000371-M-1430-item:268967-D667,M-1430,item:268967,delay_input_shortage,input_shortage,3068.29813,107800.0,0.0,3068.29813,107800.0,item:333362,107800.0,107800.0,107800.0,107800.0,,lot_policy_enabled
983,CMP-00000460-M-1810-item:268091-D807,M-1810,item:268091,delay_input_shortage,input_shortage,9212.915427,13400.0,0.0,9212.915427,13400.0,item:338929,13400.0,13400.0,13400.0,13400.0,,lot_policy_enabled
984,CMP-00000371-M-1430-item:268967-D667,M-1430,item:268967,delay_input_shortage,input_shortage,3149.626973,107800.0,0.0,3149.626973,107800.0,item:333362,107800.0,107800.0,107800.0,107800.0,,lot_policy_enabled
984,CMP-00000460-M-1810-item:268091-D807,M-1810,item:268091,delay_input_shortage,input_shortage,9354.04431,13400.0,0.0,9354.04431,13400.0,item:338929,13400.0,13400.0,13400.0,13400.0,,lot_policy_enabled
985,CMP-00000371-M-1430-item:268967-D667,M-1430,item:268967,delay_input_shortage,input_shortage,3221.876415,107800.0,0.0,3221.876415,107800.0,item:333362,107800.0,107800.0,107800.0,107800.0,,lot_policy_enabled
985,CMP-00000460-M-1810-item:268091-D807,M-1810,item:268091,delay_input_shortage,input_shortage,9501.943556,13400.0,0.0,9501.943556,13400.0,item:338929,13400.0,13400.0,13400.0,13400.0,,lot_policy_enabled
986,CMP-00000371-M-1430-item:268967-D667,M-1430,item:268967,delay_input_shortage,input_shortage,3292.309977,107800.0,0.0,3292.309977,107800.0,item:333362,107800.0,107800.0,107800.0,107800.0,,lot_policy_enabled
986,CMP-00000460-M-1810-item:268091-D807,M-1810,item:268091,delay_input_shortage,input_shortage,9651.196874,13400.0,0.0,9651.196874,13400.0,item:338929,13400.0,13400.0,13400.0,13400.0,,lot_policy_enabled
987,CMP-00000371-M-1430-item:268967-D667,M-1430,item:268967,delay_input_shortage,input_shortage,3362.380363,107800.0,0.0,3362.380363,107800.0,item:333362,107800.0,107800.0,107800.0,107800.0,,lot_policy_enabled
987,CMP-00000460-M-1810-item:268091-D807,M-1810,item:268091,delay_input_shortage,input_shortage,9800.721007,13400.0,0.0,9800.721007,13400.0,item:338929,13400.0,13400.0,13400.0,13400.0,,lot_policy_enabled
988,CMP-00000371-M-1430-item:268967-D667,M-1430,item:268967,delay_input_shortage,input_shortage,3432.378113,107800.0,0.0,3432.378113,107800.0,item:333362,107800.0,107800.0,107800.0,107800.0,,lot_policy_enabled
988,CMP-00000460-M-1810-item:268091-D807,M-1810,item:268091,delay_input_shortage,input_shortage,9950.299303,13400.0,0.0,9950.299303,13400.0,item:338929,13400.0,13400.0,13400.0,13400.0,,lot_policy_enabled
989,CMP-00000371-M-1430-item:268967-D667,M-1430,item:268967,delay_input_shortage,input_shortage,3502.361337,107800.0,0.0,3502.361337,107800.0,item:333362,107800.0,107800.0,107800.0,107800.0,,lot_policy_enabled
989,CMP-00000460-M-1810-item:268091-D807,M-1810,item:268091,delay_input_shortage,input_shortage,10099.888432,13400.0,0.0,10099.888432,13400.0,item:338929,13400.0,13400.0,13400.0,13400.0,,lot_policy_enabled
990,CMP-00000371-M-1430-item:268967-D667,M-1430,item:268967,delay_input_shortage,input_shortage,3821.337574,107800.0,0.0,3821.337574,107800.0,item:333362,107800.0,107800.0,107800.0,107800.0,,lot_policy_enabled
990,CMP-00000460-M-1810-item:268091-D807,M-1810,item:268091,delay_input_shortage,input_shortage,10479.96136,13400.0,0.0,10479.96136,13400.0,item:338929,13400.0,13400.0,13400.0,13400.0,,lot_policy_enabled
991,CMP-00000371-M-1430-item:268967-D667,M-1430,item:268967,delay_input_shortage,input_shortage,4190.112413,107800.0,0.0,4190.112413,107800.0,item:333362,107800.0,107800.0,107800.0,107800.0,,lot_policy_enabled
991,CMP-00000460-M-1810-item:268091-D807,M-1810,item:268091,delay_input_shortage,input_shortage,10906.131047,13400.0,0.0,10906.131047,13400.0,item:338929,13400.0,13400.0,13400.0,13400.0,,lot_policy_enabled
992,CMP-00000371-M-1430-item:268967-D667,M-1430,item:268967,delay_input_shortage,input_shortage,4568.846972,107800.0,0.0,4568.846972,107800.0,item:333362,107800.0,107800.0,107800.0,107800.0,,lot_policy_enabled
992,CMP-00000460-M-1810-item:268091-D807,M-1810,item:268091,delay_input_shortage,input_shortage,11341.520087,13400.0,0.0,11341.520087,13400.0,item:338929,13400.0,13400.0,13400.0,13400.0,,lot_policy_enabled
993,CMP-00000371-M-1430-item:268967-D667,M-1430,item:268967,delay_input_shortage,input_shortage,4949.573476,107800.0,0.0,4949.573476,107800.0,item:333362,107800.0,107800.0,107800.0,107800.0,,lot_policy_enabled
993,CMP-00000460-M-1810-item:268091-D807,M-1810,item:268091,delay_input_shortage,input_shortage,11778.752997,13400.0,0.0,11778.752997,13400.0,item:338929,13400.0,13400.0,13400.0,13400.0,,lot_policy_enabled
994,CMP-00000371-M-1430-item:268967-D667,M-1430,item:268967,delay_input_shortage,input_shortage,5330.698368,107800.0,0.0,5330.698368,107800.0,item:333362,107800.0,107800.0,107800.0,107800.0,,lot_policy_enabled
994,CMP-00000460-M-1810-item:268091-D807,M-1810,item:268091,delay_input_shortage,input_shortage,12216.354681,13400.0,0.0,12216.354681,13400.0,item:338929,13400.0,13400.0,13400.0,13400.0,,lot_policy_enabled
995,CMP-00000371-M-1430-item:268967-D667,M-1430,item:268967,delay_input_shortage,input_shortage,5711.902939,107800.0,0.0,5711.902939,107800.0,item:333362,107800.0,107800.0,107800.0,107800.0,,lot_policy_enabled
995,CMP-00000460-M-1810-item:268091-D807,M-1810,item:268091,delay_input_shortage,input_shortage,12654.03012,13400.0,0.0,12654.03012,13400.0,item:338929,13400.0,13400.0,13400.0,13400.0,,lot_policy_enabled
996,CMP-00000371-M-1430-item:268967-D667,M-1430,item:268967,delay_input_shortage,input_shortage,6093.123445,107800.0,0.0,6093.123445,107800.0,item:333362,107800.0,107800.0,107800.0,107800.0,,lot_policy_enabled
996,CMP-00000460-M-1810-item:268091-D807,M-1810,item:268091,delay_input_shortage,input_shortage,13091.72031,13400.0,0.0,13091.72031,13400.0,item:338929,13400.0,13400.0,13400.0,13400.0,,lot_policy_enabled
997,CMP-00000371-M-1430-item:268967-D667,M-1430,item:268967,delay_input_shortage,input_shortage,5705.334893,107800.0,0.0,5705.334893,107800.0,item:333362,107800.0,107800.0,107800.0,107800.0,,lot_policy_enabled
997,CMP-00000460-M-1810-item:268091-D807,M-1810,item:268091,delay_input_shortage,input_shortage,12561.250184,13400.0,0.0,12561.250184,13400.0,item:338929,13400.0,13400.0,13400.0,13400.0,,lot_policy_enabled
998,CMP-00000371-M-1430-item:268967-D667,M-1430,item:268967,delay_input_shortage,input_shortage,5163.744529,107800.0,0.0,5163.744529,107800.0,item:333362,107800.0,107800.0,107800.0,107800.0,,lot_policy_enabled
998,CMP-00000460-M-1810-item:268091-D807,M-1810,item:268091,delay_input_shortage,input_shortage,11837.147996,13400.0,0.0,11837.147996,13400.0,item:338929,13400.0,13400.0,13400.0,13400.0,,lot_policy_enabled
999,CMP-00000371-M-1430-item:268967-D667,M-1430,item:268967,delay_input_shortage,input_shortage,4591.393804,107800.0,0.0,4591.393804,107800.0,item:333362,107800.0,107800.0,107800.0,107800.0,,lot_policy_enabled
999,CMP-00000460-M-1810-item:268091-D807,M-1810,item:268091,delay_input_shortage,input_shortage,11074.319395,13400.0,0.0,11074.319395,13400.0,item:338929,13400.0,13400.0,13400.0,13400.0,,lot_policy_enabled
1000,CMP-00000371-M-1430-item:268967-D667,M-1430,item:268967,delay_input_shortage,input_shortage,4012.891005,107800.0,0.0,4012.891005,107800.0,item:333362,107800.0,107800.0,107800.0,107800.0,,lot_policy_enabled
1000,CMP-00000460-M-1810-item:268091-D807,M-1810,item:268091,delay_input_shortage,input_shortage,10303.745512,13400.0,0.0,10303.745512,13400.0,item:338929,13400.0,13400.0,13400.0,13400.0,,lot_policy_enabled
1001,CMP-00000371-M-1430-item:268967-D667,M-1430,item:268967,delay_input_shortage,input_shortage,3433.157793,107800.0,0.0,3433.157793,107800.0,item:333362,107800.0,107800.0,107800.0,107800.0,,lot_policy_enabled
1001,CMP-00000460-M-1810-item:268091-D807,M-1810,item:268091,delay_input_shortage,input_shortage,9531.622572,13400.0,0.0,9531.622572,13400.0,item:338929,13400.0,13400.0,13400.0,13400.0,,lot_policy_enabled
1002,CMP-00000371-M-1430-item:268967-D667,M-1430,item:268967,delay_input_shortage,input_shortage,2853.178497,107800.0,0.0,2853.178497,107800.0,item:333362,107800.0,107800.0,107800.0,107800.0,,lot_policy_enabled
1002,CMP-00000460-M-1810-item:268091-D807,M-1810,item:268091,delay_input_shortage,input_shortage,8759.189821,13400.0,0.0,8759.189821,13400.0,item:338929,13400.0,13400.0,13400.0,13400.0,,lot_policy_enabled
1003,CMP-00000371-M-1430-item:268967-D667,M-1430,item:268967,delay_input_shortage,input_shortage,2273.149985,107800.0,0.0,2273.149985,107800.0,item:333362,107800.0,107800.0,107800.0,107800.0,,lot_policy_enabled
1003,CMP-00000460-M-1810-item:268091-D807,M-1810,item:268091,delay_input_shortage,input_shortage,7986.695107,13400.0,0.0,7986.695107,13400.0,item:338929,13400.0,13400.0,13400.0,13400.0,,lot_policy_enabled
1004,CMP-00000371-M-1430-item:268967-D667,M-1430,item:268967,delay_input_shortage,input_shortage,2370.891221,107800.0,0.0,2370.891221,107800.0,item:333362,107800.0,107800.0,107800.0,107800.0,,lot_policy_enabled
1004,CMP-00000460-M-1810-item:268091-D807,M-1810,item:268091,delay_input_shortage,input_shortage,7996.914532,13400.0,0.0,7996.914532,13400.0,item:338929,13400.0,13400.0,13400.0,13400.0,,lot_policy_enabled
1005,CMP-00000371-M-1430-item:268967-D667,M-1430,item:268967,delay_input_shortage,input_shortage,2604.186407,107800.0,0.0,2604.186407,107800.0,item:333362,107800.0,107800.0,107800.0,107800.0,,lot_policy_enabled
1005,CMP-00000460-M-1810-item:268091-D807,M-1810,item:268091,delay_input_shortage,input_shortage,8163.676784,13400.0,0.0,8163.676784,13400.0,item:338929,13400.0,13400.0,13400.0,13400.0,,lot_policy_enabled
1006,CMP-00000371-M-1430-item:268967-D667,M-1430,item:268967,delay_input_shortage,input_shortage,2864.592383,107800.0,0.0,2864.592383,107800.0,item:333362,107800.0,107800.0,107800.0,107800.0,,lot_policy_enabled
1006,CMP-00000460-M-1810-item:268091-D807,M-1810,item:268091,delay_input_shortage,input_shortage,8361.747602,13400.0,0.0,8361.747602,13400.0,item:338929,13400.0,13400.0,13400.0,13400.0,,lot_policy_enabled
1007,CMP-00000371-M-1430-item:268967-D667,M-1430,item:268967,delay_input_shortage,input_shortage,3130.420517,107800.0,0.0,3130.420517,107800.0,item:333362,107800.0,107800.0,107800.0,107800.0,,lot_policy_enabled
1007,CMP-00000460-M-1810-item:268091-D807,M-1810,item:268091,delay_input_shortage,input_shortage,8566.080133,13400.0,0.0,8566.080133,13400.0,item:338929,13400.0,13400.0,13400.0,13400.0,,lot_policy_enabled
1008,CMP-00000371-M-1430-item:268967-D667,M-1430,item:268967,delay_input_shortage,input_shortage,3397.333083,107800.0,0.0,3397.333083,107800.0,item:333362,107800.0,107800.0,107800.0,107800.0,,lot_policy_enabled
1008,CMP-00000460-M-1810-item:268091-D807,M-1810,item:268091,delay_input_shortage,input_shortage,8771.665006,13400.0,0.0,8771.665006,13400.0,item:338929,13400.0,13400.0,13400.0,13400.0,,lot_policy_enabled
1009,CMP-00000371-M-1430-item:268967-D667,M-1430,item:268967,delay_input_shortage,input_shortage,3664.462535,107800.0,0.0,3664.462535,107800.0,item:333362,107800.0,107800.0,107800.0,107800.0,,lot_policy_enabled
1009,CMP-00000460-M-1810-item:268091-D807,M-1810,item:268091,delay_input_shortage,input_shortage,8977.500348,13400.0,0.0,8977.500348,13400.0,item:338929,13400.0,13400.0,13400.0,13400.0,,lot_policy_enabled
1010,CMP-00000371-M-1430-item:268967-D667,M-1430,item:268967,delay_input_shortage,input_shortage,3931.635364,107800.0,0.0,3931.635364,107800.0,item:333362,107800.0,107800.0,107800.0,107800.0,,lot_policy_enabled
1010,CMP-00000460-M-1810-item:268091-D807,M-1810,item:268091,delay_input_shortage,input_shortage,9183.385784,13400.0,0.0,9183.385784,13400.0,item:338929,13400.0,13400.0,13400.0,13400.0,,lot_policy_enabled
1011,CMP-00000371-M-1430-item:268967-D667,M-1430,item:268967,delay_input_shortage,input_shortage,4050.800542,107800.0,0.0,4050.800542,107800.0,item:333362,107800.0,107800.0,107800.0,107800.0,,lot_policy_enabled
1011,CMP-00000460-M-1810-item:268091-D807,M-1810,item:268091,delay_input_shortage,input_shortage,9345.673075,13400.0,0.0,9345.673075,13400.0,item:338929,13400.0,13400.0,13400.0,13400.0,,lot_policy_enabled
1012,CMP-00000371-M-1430-item:268967-D667,M-1430,item:268967,delay_input_shortage,input_shortage,4140.36419,107800.0,0.0,4140.36419,107800.0,item:333362,107800.0,107800.0,107800.0,107800.0,,lot_policy_enabled
1012,CMP-00000460-M-1810-item:268091-D807,M-1810,item:268091,delay_input_shortage,input_shortage,9499.240738,13400.0,0.0,9499.240738,13400.0,item:338929,13400.0,13400.0,13400.0,13400.0,,lot_policy_enabled
1013,CMP-00000371-M-1430-item:268967-D667,M-1430,item:268967,delay_input_shortage,input_shortage,4224.007532,107800.0,0.0,4224.007532,107800.0,item:333362,107800.0,107800.0,107800.0,107800.0,,lot_policy_enabled
1013,CMP-00000460-M-1810-item:268091-D807,M-1810,item:268091,delay_input_shortage,input_shortage,9651.064474,13400.0,0.0,9651.064474,13400.0,item:338929,13400.0,13400.0,13400.0,13400.0,,lot_policy_enabled
1014,CMP-00000371-M-1430-item:268967-D667,M-1430,item:268967,delay_input_shortage,input_shortage,4306.466813,107800.0,0.0,4306.466813,107800.0,item:333362,107800.0,107800.0,107800.0,107800.0,,lot_policy_enabled
1014,CMP-00000460-M-1810-item:268091-D807,M-1810,item:268091,delay_input_shortage,input_shortage,9802.539426,13400.0,0.0,9802.539426,13400.0,item:338929,13400.0,13400.0,13400.0,13400.0,,lot_policy_enabled
1015,CMP-00000371-M-1430-item:268967-D667,M-1430,item:268967,delay_input_shortage,input_shortage,4388.689281,107800.0,0.0,4388.689281,107800.0,item:333362,107800.0,107800.0,107800.0,107800.0,,lot_policy_enabled
1015,CMP-00000460-M-1810-item:268091-D807,M-1810,item:268091,delay_input_shortage,input_shortage,9953.94462,13400.0,0.0,9953.94462,13400.0,item:338929,13400.0,13400.0,13400.0,13400.0,,lot_policy_enabled
1016,CMP-00000371-M-1430-item:268967-D667,M-1430,item:268967,delay_input_shortage,input_shortage,4470.864387,107800.0,0.0,4470.864387,107800.0,item:333362,107800.0,107800.0,107800.0,107800.0,,lot_policy_enabled
1016,CMP-00000460-M-1810-item:268091-D807,M-1810,item:268091,delay_input_shortage,input_shortage,10105.335863,13400.0,0.0,10105.335863,13400.0,item:338929,13400.0,13400.0,13400.0,13400.0,,lot_policy_enabled
1017,CMP-00000371-M-1430-item:268967-D667,M-1430,item:268967,delay_input_shortage,input_shortage,4553.030021,107800.0,0.0,4553.030021,107800.0,item:333362,107800.0,107800.0,107800.0,107800.0,,lot_policy_enabled
1017,CMP-00000460-M-1810-item:268091-D807,M-1810,item:268091,delay_input_shortage,input_shortage,10256.724316,13400.0,0.0,10256.724316,13400.0,item:338929,13400.0,13400.0,13400.0,13400.0,,lot_policy_enabled
1018,CMP-00000371-M-1430-item:268967-D667,M-1430,item:268967,delay_input_shortage,input_shortage,4746.475392,107800.0,0.0,4746.475392,107800.0,item:333362,107800.0,107800.0,107800.0,107800.0,,lot_policy_enabled
1018,CMP-00000460-M-1810-item:268091-D807,M-1810,item:268091,delay_input_shortage,input_shortage,10418.397925,13400.0,0.0,10418.397925,13400.0,item:338929,13400.0,13400.0,13400.0,13400.0,,lot_policy_enabled
1019,CMP-00000371-M-1430-item:268967-D667,M-1430,item:268967,delay_input_shortage,input_shortage,4962.176711,107800.0,0.0,4962.176711,107800.0,item:333362,107800.0,107800.0,107800.0,107800.0,,lot_policy_enabled
1019,CMP-00000460-M-1810-item:268091-D807,M-1810,item:268091,delay_input_shortage,input_shortage,10582.128565,13400.0,0.0,10582.128565,13400.0,item:338929,13400.0,13400.0,13400.0,13400.0,,lot_policy_enabled
1020,CMP-00000371-M-1430-item:268967-D667,M-1430,item:268967,delay_input_shortage,input_shortage,5182.32922,107800.0,0.0,5182.32922,107800.0,item:333362,107800.0,107800.0,107800.0,107800.0,,lot_policy_enabled
1020,CMP-00000460-M-1810-item:268091-D807,M-1810,item:268091,delay_input_shortage,input_shortage,10746.270611,13400.0,0.0,10746.270611,13400.0,item:338929,13400.0,13400.0,13400.0,13400.0,,lot_policy_enabled
1021,CMP-00000371-M-1430-item:268967-D667,M-1430,item:268967,delay_input_shortage,input_shortage,5403.371966,107800.0,0.0,5403.371966,107800.0,item:333362,107800.0,107800.0,107800.0,107800.0,,lot_policy_enabled
1021,CMP-00000460-M-1810-item:268091-D807,M-1810,item:268091,delay_input_shortage,input_shortage,10910.494939,13400.0,0.0,10910.494939,13400.0,item:338929,13400.0,13400.0,13400.0,13400.0,,lot_policy_enabled
1022,CMP-00000371-M-1430-item:268967-D667,M-1430,item:268967,delay_input_shortage,input_shortage,5624.59276,107800.0,0.0,5624.59276,107800.0,item:333362,107800.0,107800.0,107800.0,107800.0,,lot_policy_enabled
1022,CMP-00000460-M-1810-item:268091-D807,M-1810,item:268091,delay_input_shortage,input_shortage,11074.735722,13400.0,0.0,11074.735722,13400.0,item:338929,13400.0,13400.0,13400.0,13400.0,,lot_policy_enabled
1023,CMP-00000371-M-1430-item:268967-D667,M-1430,item:268967,delay_input_shortage,input_shortage,5845.849164,107800.0,0.0,5845.849164,107800.0,item:333362,107800.0,107800.0,107800.0,107800.0,,lot_policy_enabled
1023,CMP-00000460-M-1810-item:268091-D807,M-1810,item:268091,delay_input_shortage,input_shortage,11238.979797,13400.0,0.0,11238.979797,13400.0,item:338929,13400.0,13400.0,13400.0,13400.0,,lot_policy_enabled
1024,CMP-00000371-M-1430-item:268967-D667,M-1430,item:268967,delay_input_shortage,input_shortage,6067.11269,107800.0,0.0,6067.11269,107800.0,item:333362,107800.0,107800.0,107800.0,107800.0,,lot_policy_enabled
1024,CMP-00000460-M-1810-item:268091-D807,M-1810,item:268091,delay_input_shortage,input_shortage,11403.224531,13400.0,0.0,11403.224531,13400.0,item:338929,13400.0,13400.0,13400.0,13400.0,,lot_policy_enabled
1025,CMP-00000371-M-1430-item:268967-D667,M-1430,item:268967,delay_input_shortage,input_shortage,5848.851109,107800.0,0.0,5848.851109,107800.0,item:333362,107800.0,107800.0,107800.0,107800.0,,lot_policy_enabled
1025,CMP-00000460-M-1810-item:268091-D807,M-1810,item:268091,delay_input_shortage,input_shortage,10969.869396,13400.0,0.0,10969.869396,13400.0,item:338929,13400.0,13400.0,13400.0,13400.0,,lot_policy_enabled
1026,CMP-00000371-M-1430-item:268967-D667,M-1430,item:268967,delay_input_shortage,input_shortage,5542.684507,107800.0,0.0,5542.684507,107800.0,item:333362,107800.0,107800.0,107800.0,107800.0,,lot_policy_enabled
1026,CMP-00000460-M-1810-item:268091-D807,M-1810,item:268091,delay_input_shortage,input_shortage,10416.994287,13400.0,0.0,10416.994287,13400.0,item:338929,13400.0,13400.0,13400.0,13400.0,,lot_policy_enabled
1027,CMP-00000371-M-1430-item:268967-D667,M-1430,item:268967,delay_input_shortage,input_shortage,5218.936901,107800.0,0.0,5218.936901,107800.0,item:333362,107800.0,107800.0,107800.0,107800.0,,lot_policy_enabled
1027,CMP-00000460-M-1810-item:268091-D807,M-1810,item:268091,delay_input_shortage,input_shortage,9840.215184,13400.0,0.0,9840.215184,13400.0,item:338929,13400.0,13400.0,13400.0,13400.0,,lot_policy_enabled
1028,CMP-00000371-M-1430-item:268967-D667,M-1430,item:268967,delay_input_shortage,input_shortage,4891.673094,107800.0,0.0,4891.673094,107800.0,item:333362,107800.0,107800.0,107800.0,107800.0,,lot_policy_enabled
1028,CMP-00000460-M-1810-item:268091-D807,M-1810,item:268091,delay_input_shortage,input_shortage,9258.655282,13400.0,0.0,9258.655282,13400.0,item:338929,13400.0,13400.0,13400.0,13400.0,,lot_policy_enabled
1029,CMP-00000371-M-1430-item:268967-D667,M-1430,item:268967,delay_input_shortage,input_shortage,4563.706047,107800.0,0.0,4563.706047,107800.0,item:333362,107800.0,107800.0,107800.0,107800.0,,lot_policy_enabled
1029,CMP-00000460-M-1810-item:268091-D807,M-1810,item:268091,delay_input_shortage,input_shortage,8676.13922,13400.0,0.0,8676.13922,13400.0,item:338929,13400.0,13400.0,13400.0,13400.0,,lot_policy_enabled
1030,CMP-00000371-M-1430-item:268967-D667,M-1430,item:268967,delay_input_shortage,input_shortage,4235.598352,107800.0,0.0,4235.598352,107800.0,item:333362,107800.0,107800.0,107800.0,107800.0,,lot_policy_enabled
1030,CMP-00000460-M-1810-item:268091-D807,M-1810,item:268091,delay_input_shortage,input_shortage,8093.431926,13400.0,0.0,8093.431926,13400.0,item:338929,13400.0,13400.0,13400.0,13400.0,,lot_policy_enabled
1031,CMP-00000371-M-1430-item:268967-D667,M-1430,item:268967,delay_input_shortage,input_shortage,3907.462527,107800.0,0.0,3907.462527,107800.0,item:333362,107800.0,107800.0,107800.0,107800.0,,lot_policy_enabled
1031,CMP-00000460-M-1810-item:268091-D807,M-1810,item:268091,delay_input_shortage,input_shortage,7510.686385,13400.0,0.0,7510.686385,13400.0,item:338929,13400.0,13400.0,13400.0,13400.0,,lot_policy_enabled
1032,CMP-00000371-M-1430-item:268967-D667,M-1430,item:268967,delay_input_shortage,input_shortage,4284.578219,107800.0,0.0,4284.578219,107800.0,item:333362,107800.0,107800.0,107800.0,107800.0,,lot_policy_enabled
1032,CMP-00000460-M-1810-item:268091-D807,M-1810,item:268091,delay_input_shortage,input_shortage,7711.655644,13400.0,0.0,7711.655644,13400.0,item:338929,13400.0,13400.0,13400.0,13400.0,,lot_policy_enabled
1033,CMP-00000371-M-1430-item:268967-D667,M-1430,item:268967,delay_input_shortage,input_shortage,4802.744215,107800.0,0.0,4802.744215,107800.0,item:333362,107800.0,107800.0,107800.0,107800.0,,lot_policy_enabled
1033,CMP-00000460-M-1810-item:268091-D807,M-1810,item:268091,delay_input_shortage,input_shortage,8069.367863,13400.0,0.0,8069.367863,13400.0,item:338929,13400.0,13400.0,13400.0,13400.0,,lot_policy_enabled
1034,CMP-00000371-M-1430-item:268967-D667,M-1430,item:268967,delay_input_shortage,input_shortage,5349.120271,107800.0,0.0,5349.120271,107800.0,item:333362,107800.0,107800.0,107800.0,107800.0,,lot_policy_enabled
1034,CMP-00000460-M-1810-item:268091-D807,M-1810,item:268091,delay_input_shortage,input_shortage,8458.428675,13400.0,0.0,8458.428675,13400.0,item:338929,13400.0,13400.0,13400.0,13400.0,,lot_policy_enabled
1035,CMP-00000371-M-1430-item:268967-D667,M-1430,item:268967,delay_input_shortage,input_shortage,5901.13834,107800.0,0.0,5901.13834,107800.0,item:333362,107800.0,107800.0,107800.0,107800.0,,lot_policy_enabled
1035,CMP-00000460-M-1810-item:268091-D807,M-1810,item:268091,delay_input_shortage,input_shortage,8853.759204,13400.0,0.0,8853.759204,13400.0,item:338929,13400.0,13400.0,13400.0,13400.0,,lot_policy_enabled
1036,CMP-00000371-M-1430-item:268967-D667,M-1430,item:268967,delay_input_shortage,input_shortage,6454.28481,107800.0,0.0,6454.28481,107800.0,item:333362,107800.0,107800.0,107800.0,107800.0,,lot_policy_enabled
1036,CMP-00000460-M-1810-item:268091-D807,M-1810,item:268091,delay_input_shortage,input_shortage,9250.343677,13400.0,0.0,9250.343677,13400.0,item:338929,13400.0,13400.0,13400.0,13400.0,,lot_policy_enabled
1037,CMP-00000371-M-1430-item:268967-D667,M-1430,item:268967,delay_input_shortage,input_shortage,7007.656962,107800.0,0.0,7007.656962,107800.0,item:333362,107800.0,107800.0,107800.0,107800.0,,lot_policy_enabled
1037,CMP-00000460-M-1810-item:268091-D807,M-1810,item:268091,delay_input_shortage,input_shortage,9647.178939,13400.0,0.0,9647.178939,13400.0,item:338929,13400.0,13400.0,13400.0,13400.0,,lot_policy_enabled
1038,CMP-00000371-M-1430-item:268967-D667,M-1430,item:268967,delay_input_shortage,input_shortage,7561.074249,107800.0,0.0,7561.074249,107800.0,item:333362,107800.0,107800.0,107800.0,107800.0,,lot_policy_enabled
1038,CMP-00000460-M-1810-item:268091-D807,M-1810,item:268091,delay_input_shortage,input_shortage,10044.064359,13400.0,0.0,10044.064359,13400.0,item:338929,13400.0,13400.0,13400.0,13400.0,,lot_policy_enabled
1039,CMP-00000371-M-1430-item:268967-D667,M-1430,item:268967,delay_input_shortage,input_shortage,7230.696482,107800.0,0.0,7230.696482,107800.0,item:333362,107800.0,107800.0,107800.0,107800.0,,lot_policy_enabled
1039,CMP-00000460-M-1810-item:268091-D807,M-1810,item:268091,delay_input_shortage,input_shortage,9665.580219,13400.0,0.0,9665.580219,13400.0,item:338929,13400.0,13400.0,13400.0,13400.0,,lot_policy_enabled
1040,CMP-00000371-M-1430-item:268967-D667,M-1430,item:268967,delay_input_shortage,input_shortage,6723.559704,107800.0,0.0,6723.559704,107800.0,item:333362,107800.0,107800.0,107800.0,107800.0,,lot_policy_enabled
1040,CMP-00000460-M-1810-item:268091-D807,M-1810,item:268091,delay_input_shortage,input_shortage,9132.022166,13400.0,0.0,9132.022166,13400.0,item:338929,13400.0,13400.0,13400.0,13400.0,,lot_policy_enabled
1041,CMP-00000371-M-1430-item:268967-D667,M-1430,item:268967,delay_input_shortage,input_shortage,6181.071124,107800.0,0.0,6181.071124,107800.0,item:333362,107800.0,107800.0,107800.0,107800.0,,lot_policy_enabled
1041,CMP-00000460-M-1810-item:268091-D807,M-1810,item:268091,delay_input_shortage,input_shortage,8567.449331,13400.0,0.0,8567.449331,13400.0,item:338929,13400.0,13400.0,13400.0,13400.0,,lot_policy_enabled
1042,CMP-00000371-M-1430-item:268967-D667,M-1430,item:268967,delay_input_shortage,input_shortage,5631.512184,107800.0,0.0,5631.512184,107800.0,item:333362,107800.0,107800.0,107800.0,107800.0,,lot_policy_enabled
1042,CMP-00000460-M-1810-item:268091-D807,M-1810,item:268091,delay_input_shortage,input_shortage,7996.67354,13400.0,0.0,7996.67354,13400.0,item:338929,13400.0,13400.0,13400.0,13400.0,,lot_policy_enabled
1043,CMP-00000371-M-1430-item:268967-D667,M-1430,item:268967,delay_input_shortage,input_shortage,5080.539171,107800.0,0.0,5080.539171,107800.0,item:333362,107800.0,107800.0,107800.0,107800.0,,lot_policy_enabled
1043,CMP-00000460-M-1810-item:268091-D807,M-1810,item:268091,delay_input_shortage,input_shortage,7424.657157,13400.0,0.0,7424.657157,13400.0,item:338929,13400.0,13400.0,13400.0,13400.0,,lot_policy_enabled
1044,CMP-00000371-M-1430-item:268967-D667,M-1430,item:268967,delay_input_shortage,input_shortage,4529.283344,107800.0,0.0,4529.283344,107800.0,item:333362,107800.0,107800.0,107800.0,107800.0,,lot_policy_enabled
1044,CMP-00000460-M-1810-item:268091-D807,M-1810,item:268091,delay_input_shortage,input_shortage,6852.392656,13400.0,0.0,6852.392656,13400.0,item:338929,13400.0,13400.0,13400.0,13400.0,,lot_policy_enabled
1045,CMP-00000371-M-1430-item:268967-D667,M-1430,item:268967,delay_input_shortage,input_shortage,3977.970954,107800.0,0.0,3977.970954,107800.0,item:333362,107800.0,107800.0,107800.0,107800.0,,lot_policy_enabled
1045,CMP-00000460-M-1810-item:268091-D807,M-1810,item:268091,delay_input_shortage,input_shortage,6280.078531,13400.0,0.0,6280.078531,13400.0,item:338929,13400.0,13400.0,13400.0,13400.0,,lot_policy_enabled
1046,CMP-00000371-M-1430-item:268967-D667,M-1430,item:268967,delay_input_shortage,input_shortage,4012.263579,107800.0,0.0,4012.263579,107800.0,item:333362,107800.0,107800.0,107800.0,107800.0,,lot_policy_enabled
1046,CMP-00000460-M-1810-item:268091-D807,M-1810,item:268091,delay_input_shortage,input_shortage,7184.570808,13400.0,0.0,7184.570808,13400.0,item:338929,13400.0,13400.0,13400.0,13400.0,,lot_policy_enabled
1047,CMP-00000371-M-1430-item:268967-D667,M-1430,item:268967,delay_input_shortage,input_shortage,4163.677205,107800.0,0.0,4163.677205,107800.0,item:333362,107800.0,107800.0,107800.0,107800.0,,lot_policy_enabled
1047,CMP-00000460-M-1810-item:268091-D807,M-1810,item:268091,delay_input_shortage,input_shortage,8384.424366,13400.0,0.0,8384.424366,13400.0,item:338929,13400.0,13400.0,13400.0,13400.0,,lot_policy_enabled
1048,CMP-00000371-M-1430-item:268967-D667,M-1430,item:268967,delay_input_shortage,input_shortage,4338.515033,107800.0,0.0,4338.515033,107800.0,item:333362,107800.0,107800.0,107800.0,107800.0,,lot_policy_enabled
1048,CMP-00000460-M-1810-item:268091-D807,M-1810,item:268091,delay_input_shortage,input_shortage,9643.350179,13400.0,0.0,9643.350179,13400.0,item:338929,13400.0,13400.0,13400.0,13400.0,,lot_policy_enabled
1049,CMP-00000371-M-1430-item:268967-D667,M-1430,item:268967,delay_input_shortage,input_shortage,4518.0377,107800.0,0.0,4518.0377,107800.0,item:333362,107800.0,107800.0,107800.0,107800.0,,lot_policy_enabled
1049,CMP-00000460-M-1810-item:268091-D807,M-1810,item:268091,delay_input_shortage,input_shortage,10914.090444,13400.0,0.0,10914.090444,13400.0,item:338929,13400.0,13400.0,13400.0,13400.0,,lot_policy_enabled
1050,CMP-00000371-M-1430-item:268967-D667,M-1430,item:268967,delay_input_shortage,input_shortage,4698.497336,107800.0,0.0,4698.497336,107800.0,item:333362,107800.0,107800.0,107800.0,107800.0,,lot_policy_enabled
1050,CMP-00000460-M-1810-item:268091-D807,M-1810,item:268091,delay_input_shortage,input_shortage,12187.193599,13400.0,0.0,12187.193599,13400.0,item:338929,13400.0,13400.0,13400.0,13400.0,,lot_policy_enabled
1051,CMP-00000371-M-1430-item:268967-D667,M-1430,item:268967,delay_input_shortage,input_shortage,4879.144365,107800.0,0.0,4879.144365,107800.0,item:333362,107800.0,107800.0,107800.0,107800.0,,lot_policy_enabled
1051,CMP-00000460-M-1810-item:268091-D807,M-1810,item:268091,delay_input_shortage,input_shortage,13460.769332,13400.0,0.0,13460.769332,13400.0,item:338929,13400.0,13400.0,13400.0,13400.0,,lot_policy_enabled
1052,CMP-00000371-M-1430-item:268967-D667,M-1430,item:268967,delay_input_shortage,input_shortage,5059.828873,107800.0,0.0,5059.828873,107800.0,item:333362,107800.0,107800.0,107800.0,107800.0,,lot_policy_enabled
1052,CMP-00000460-M-1810-item:268091-D807,M-1810,item:268091,delay_input_shortage,input_shortage,14734.439581,13400.0,0.0,14734.439581,13400.0,item:338929,13400.0,13400.0,13400.0,13400.0,,lot_policy_enabled
1053,CMP-00000371-M-1430-item:268967-D667,M-1430,item:268967,delay_input_shortage,input_shortage,5297.043326,107800.0,0.0,5297.043326,107800.0,item:333362,107800.0,107800.0,107800.0,107800.0,,lot_policy_enabled
1053,CMP-00000460-M-1810-item:268091-D807,M-1810,item:268091,delay_input_shortage,input_shortage,15120.732814,13400.0,0.0,15120.732814,13400.0,item:338929,13400.0,13400.0,13400.0,13400.0,,lot_policy_enabled
1054,CMP-00000371-M-1430-item:268967-D667,M-1430,item:268967,delay_input_shortage,input_shortage,5545.563767,107800.0,0.0,5545.563767,107800.0,item:333362,107800.0,107800.0,107800.0,107800.0,,lot_policy_enabled
1054,CMP-00000460-M-1810-item:268091-D807,M-1810,item:268091,delay_input_shortage,input_shortage,15329.550645,13400.0,0.0,15329.550645,13400.0,item:338929,13400.0,13400.0,13400.0,13400.0,,lot_policy_enabled
1055,CMP-00000371-M-1430-item:268967-D667,M-1430,item:268967,delay_input_shortage,input_shortage,5796.345406,107800.0,0.0,5796.345406,107800.0,item:333362,107800.0,107800.0,107800.0,107800.0,,lot_policy_enabled
1055,CMP-00000460-M-1810-item:268091-D807,M-1810,item:268091,delay_input_shortage,input_shortage,15502.873394,13400.0,0.0,15502.873394,13400.0,item:338929,13400.0,13400.0,13400.0,13400.0,,lot_policy_enabled
1056,CMP-00000371-M-1430-item:268967-D667,M-1430,item:268967,delay_input_shortage,input_shortage,6047.579285,107800.0,0.0,6047.579285,107800.0,item:333362,107800.0,107800.0,107800.0,107800.0,,lot_policy_enabled
1056,CMP-00000460-M-1810-item:268091-D807,M-1810,item:268091,delay_input_shortage,input_shortage,15669.097128,13400.0,0.0,15669.097128,13400.0,item:338929,13400.0,13400.0,13400.0,13400.0,,lot_policy_enabled
1057,CMP-00000371-M-1430-item:268967-D667,M-1430,item:268967,delay_input_shortage,input_shortage,6298.903612,107800.0,0.0,6298.903612,107800.0,item:333362,107800.0,107800.0,107800.0,107800.0,,lot_policy_enabled
1057,CMP-00000460-M-1810-item:268091-D807,M-1810,item:268091,delay_input_shortage,input_shortage,15833.901058,13400.0,0.0,15833.901058,13400.0,item:338929,13400.0,13400.0,13400.0,13400.0,,lot_policy_enabled
1058,CMP-00000371-M-1430-item:268967-D667,M-1430,item:268967,delay_input_shortage,input_shortage,6550.246028,107800.0,0.0,6550.246028,107800.0,item:333362,107800.0,107800.0,107800.0,107800.0,,lot_policy_enabled
1058,CMP-00000460-M-1810-item:268091-D807,M-1810,item:268091,delay_input_shortage,input_shortage,15998.421028,13400.0,0.0,15998.421028,13400.0,item:338929,13400.0,13400.0,13400.0,13400.0,,lot_policy_enabled
1059,CMP-00000371-M-1430-item:268967-D667,M-1430,item:268967,delay_input_shortage,input_shortage,6801.592062,107800.0,0.0,6801.592062,107800.0,item:333362,107800.0,107800.0,107800.0,107800.0,,lot_policy_enabled
1059,CMP-00000460-M-1810-item:268091-D807,M-1810,item:268091,delay_input_shortage,input_shortage,16162.884206,13400.0,0.0,16162.884206,13400.0,item:338929,13400.0,13400.0,13400.0,13400.0,,lot_policy_enabled
1060,CMP-00000371-M-1430-item:268967-D667,M-1430,item:268967,delay_input_shortage,input_shortage,6565.379637,107800.0,0.0,6565.379637,107800.0,item:333362,107800.0,107800.0,107800.0,107800.0,,lot_policy_enabled
1060,CMP-00000460-M-1810-item:268091-D807,M-1810,item:268091,delay_input_shortage,input_shortage,15468.25031,13400.0,0.0,15468.25031,13400.0,item:338929,13400.0,13400.0,13400.0,13400.0,,lot_policy_enabled
1061,CMP-00000371-M-1430-item:268967-D667,M-1430,item:268967,delay_input_shortage,input_shortage,6231.655519,107800.0,0.0,6231.655519,107800.0,item:333362,107800.0,107800.0,107800.0,107800.0,,lot_policy_enabled
1061,CMP-00000460-M-1810-item:268091-D807,M-1810,item:268091,delay_input_shortage,input_shortage,14601.797001,13400.0,0.0,14601.797001,13400.0,item:338929,13400.0,13400.0,13400.0,13400.0,,lot_policy_enabled
1062,CMP-00000371-M-1430-item:268967-D667,M-1430,item:268967,delay_input_shortage,input_shortage,5878.429063,107800.0,0.0,5878.429063,107800.0,item:333362,107800.0,107800.0,107800.0,107800.0,,lot_policy_enabled
1062,CMP-00000460-M-1810-item:268091-D807,M-1810,item:268091,delay_input_shortage,input_shortage,13700.979808,13400.0,0.0,13700.979808,13400.0,item:338929,13400.0,13400.0,13400.0,13400.0,,lot_policy_enabled
1063,CMP-00000371-M-1430-item:268967-D667,M-1430,item:268967,delay_input_shortage,input_shortage,5521.302139,107800.0,0.0,5521.302139,107800.0,item:333362,107800.0,107800.0,107800.0,107800.0,,lot_policy_enabled
1063,CMP-00000460-M-1810-item:268091-D807,M-1810,item:268091,delay_input_shortage,input_shortage,12793.289839,13400.0,0.0,12793.289839,13400.0,item:338929,13400.0,13400.0,13400.0,13400.0,,lot_policy_enabled
1064,CMP-00000371-M-1430-item:268967-D667,M-1430,item:268967,delay_input_shortage,input_shortage,5163.395122,107800.0,0.0,5163.395122,107800.0,item:333362,107800.0,107800.0,107800.0,107800.0,,lot_policy_enabled
1064,CMP-00000460-M-1810-item:268091-D807,M-1810,item:268091,delay_input_shortage,input_shortage,11884.225315,13400.0,0.0,11884.225315,13400.0,item:338929,13400.0,13400.0,13400.0,13400.0,,lot_policy_enabled
1065,CMP-00000371-M-1430-item:268967-D667,M-1430,item:268967,delay_input_shortage,input_shortage,4805.332086,107800.0,0.0,4805.332086,107800.0,item:333362,107800.0,107800.0,107800.0,107800.0,,lot_policy_enabled
1065,CMP-00000460-M-1810-item:268091-D807,M-1810,item:268091,delay_input_shortage,input_shortage,10974.885879,13400.0,0.0,10974.885879,13400.0,item:338929,13400.0,13400.0,13400.0,13400.0,,lot_policy_enabled
1066,CMP-00000371-M-1430-item:268967-D667,M-1430,item:268967,delay_input_shortage,input_shortage,4447.237846,107800.0,0.0,4447.237846,107800.0,item:333362,107800.0,107800.0,107800.0,107800.0,,lot_policy_enabled
1066,CMP-00000460-M-1810-item:268091-D807,M-1810,item:268091,delay_input_shortage,input_shortage,10065.491461,13400.0,0.0,10065.491461,13400.0,item:338929,13400.0,13400.0,13400.0,13400.0,,lot_policy_enabled
1067,CMP-00000371-M-1430-item:268967-D667,M-1430,item:268967,delay_input_shortage,input_shortage,4426.655733,107800.0,0.0,4426.655733,107800.0,item:333362,107800.0,107800.0,107800.0,107800.0,,lot_policy_enabled
1067,CMP-00000460-M-1810-item:268091-D807,M-1810,item:268091,delay_input_shortage,input_shortage,9989.849313,13400.0,0.0,9989.849313,13400.0,item:338929,13400.0,13400.0,13400.0,13400.0,,lot_policy_enabled
1068,CMP-00000371-M-1430-item:268967-D667,M-1430,item:268967,delay_input_shortage,input_shortage,4473.576045,107800.0,0.0,4473.576045,107800.0,item:333362,107800.0,107800.0,107800.0,107800.0,,lot_policy_enabled
1068,CMP-00000460-M-1810-item:268091-D807,M-1810,item:268091,delay_input_shortage,input_shortage,10080.957618,13400.0,0.0,10080.957618,13400.0,item:338929,13400.0,13400.0,13400.0,13400.0,,lot_policy_enabled
1069,CMP-00000371-M-1430-item:268967-D667,M-1430,item:268967,delay_input_shortage,input_shortage,4533.996842,107800.0,0.0,4533.996842,107800.0,item:333362,107800.0,107800.0,107800.0,107800.0,,lot_policy_enabled
1069,CMP-00000460-M-1810-item:268091-D807,M-1810,item:268091,delay_input_shortage,input_shortage,10205.416013,13400.0,0.0,10205.416013,13400.0,item:338929,13400.0,13400.0,13400.0,13400.0,,lot_policy_enabled
1070,CMP-00000371-M-1430-item:268967-D667,M-1430,item:268967,delay_input_shortage,input_shortage,4597.117736,107800.0,0.0,4597.117736,107800.0,item:333362,107800.0,107800.0,107800.0,107800.0,,lot_policy_enabled
1070,CMP-00000460-M-1810-item:268091-D807,M-1810,item:268091,delay_input_shortage,input_shortage,10336.544427,13400.0,0.0,10336.544427,13400.0,item:338929,13400.0,13400.0,13400.0,13400.0,,lot_policy_enabled
1071,CMP-00000371-M-1430-item:268967-D667,M-1430,item:268967,delay_input_shortage,input_shortage,4660.778649,107800.0,0.0,4660.778649,107800.0,item:333362,107800.0,107800.0,107800.0,107800.0,,lot_policy_enabled
1071,CMP-00000460-M-1810-item:268091-D807,M-1810,item:268091,delay_input_shortage,input_shortage,10469.006845,13400.0,0.0,10469.006845,13400.0,item:338929,13400.0,13400.0,13400.0,13400.0,,lot_policy_enabled
1072,CMP-00000371-M-1430-item:268967-D667,M-1430,item:268967,delay_input_shortage,input_shortage,4724.547566,107800.0,0.0,4724.547566,107800.0,item:333362,107800.0,107800.0,107800.0,107800.0,,lot_policy_enabled
1072,CMP-00000460-M-1810-item:268091-D807,M-1810,item:268091,delay_input_shortage,input_shortage,10601.736063,13400.0,0.0,10601.736063,13400.0,item:338929,13400.0,13400.0,13400.0,13400.0,,lot_policy_enabled
1073,CMP-00000371-M-1430-item:268967-D667,M-1430,item:268967,delay_input_shortage,input_shortage,4788.338084,107800.0,0.0,4788.338084,107800.0,item:333362,107800.0,107800.0,107800.0,107800.0,,lot_policy_enabled
1073,CMP-00000460-M-1810-item:268091-D807,M-1810,item:268091,delay_input_shortage,input_shortage,10734.518641,13400.0,0.0,10734.518641,13400.0,item:338929,13400.0,13400.0,13400.0,13400.0,,lot_policy_enabled
1074,CMP-00000371-M-1430-item:268967-D667,M-1430,item:268967,delay_input_shortage,input_shortage,5086.0268,107800.0,0.0,5086.0268,107800.0,item:333362,107800.0,107800.0,107800.0,107800.0,,lot_policy_enabled
1074,CMP-00000460-M-1810-item:268091-D807,M-1810,item:268091,delay_input_shortage,input_shortage,11815.279239,13400.0,0.0,11815.279239,13400.0,item:338929,13400.0,13400.0,13400.0,13400.0,,lot_policy_enabled
1075,CMP-00000371-M-1430-item:268967-D667,M-1430,item:268967,delay_input_shortage,input_shortage,5430.495156,107800.0,0.0,5430.495156,107800.0,item:333362,107800.0,107800.0,107800.0,107800.0,,lot_policy_enabled
1075,CMP-00000460-M-1810-item:268091-D807,M-1810,item:268091,delay_input_shortage,input_shortage,13085.63544,13400.0,0.0,13085.63544,13400.0,item:338929,13400.0,13400.0,13400.0,13400.0,,lot_policy_enabled
1076,CMP-00000371-M-1430-item:268967-D667,M-1430,item:268967,delay_input_shortage,input_shortage,5784.319439,107800.0,0.0,5784.319439,107800.0,item:333362,107800.0,107800.0,107800.0,107800.0,,lot_policy_enabled
1076,CMP-00000460-M-1810-item:268091-D807,M-1810,item:268091,delay_input_shortage,input_shortage,14393.910762,13400.0,0.0,14393.910762,13400.0,item:338929,13400.0,13400.0,13400.0,13400.0,,lot_policy_enabled
1077,CMP-00000371-M-1430-item:268967-D667,M-1430,item:268967,delay_input_shortage,input_shortage,6140.014908,107800.0,0.0,6140.014908,107800.0,item:333362,107800.0,107800.0,107800.0,107800.0,,lot_policy_enabled
1077,CMP-00000460-M-1810-item:268091-D807,M-1810,item:268091,delay_input_shortage,input_shortage,15709.769908,13400.0,0.0,15709.769908,13400.0,item:338929,13400.0,13400.0,13400.0,13400.0,,lot_policy_enabled
1078,CMP-00000371-M-1430-item:268967-D667,M-1430,item:268967,delay_input_shortage,input_shortage,6496.084614,107800.0,0.0,6496.084614,107800.0,item:333362,107800.0,107800.0,107800.0,107800.0,,lot_policy_enabled
1078,CMP-00000460-M-1810-item:268091-D807,M-1810,item:268091,delay_input_shortage,input_shortage,17027.145818,13400.0,0.0,17027.145818,13400.0,item:338929,13400.0,13400.0,13400.0,13400.0,,lot_policy_enabled
1079,CMP-00000371-M-1430-item:268967-D667,M-1430,item:268967,delay_input_shortage,input_shortage,6852.229167,107800.0,0.0,6852.229167,107800.0,item:333362,107800.0,107800.0,107800.0,107800.0,,lot_policy_enabled
1079,CMP-00000460-M-1810-item:268091-D807,M-1810,item:268091,delay_input_shortage,input_shortage,18344.825082,13400.0,0.0,18344.825082,13400.0,item:338929,13400.0,13400.0,13400.0,13400.0,,lot_policy_enabled
1080,CMP-00000371-M-1430-item:268967-D667,M-1430,item:268967,delay_input_shortage,input_shortage,7208.38869,107800.0,0.0,7208.38869,107800.0,item:333362,107800.0,107800.0,107800.0,107800.0,,lot_policy_enabled
1080,CMP-00000460-M-1810-item:268091-D807,M-1810,item:268091,delay_input_shortage,input_shortage,19662.565016,13400.0,0.0,19662.565016,13400.0,item:338929,13400.0,13400.0,13400.0,13400.0,,lot_policy_enabled
1081,CMP-00000371-M-1430-item:268967-D667,M-1430,item:268967,delay_input_shortage,input_shortage,6719.277738,107800.0,0.0,6719.277738,107800.0,item:333362,107800.0,107800.0,107800.0,107800.0,,lot_policy_enabled
1081,CMP-00000460-M-1810-item:268091-D807,M-1810,item:268091,delay_input_shortage,input_shortage,19568.888513,13400.0,0.0,19568.888513,13400.0,item:338929,13400.0,13400.0,13400.0,13400.0,,lot_policy_enabled
1082,CMP-00000371-M-1430-item:268967-D667,M-1430,item:268967,delay_input_shortage,input_shortage,6061.11269,107800.0,0.0,6061.11269,107800.0,item:333362,107800.0,107800.0,107800.0,107800.0,,lot_policy_enabled
1082,CMP-00000460-M-1810-item:268091-D807,M-1810,item:268091,delay_input_shortage,input_shortage,19192.928723,13400.0,0.0,19192.928723,13400.0,item:338929,13400.0,13400.0,13400.0,13400.0,,lot_policy_enabled
1083,CMP-00000371-M-1430-item:268967-D667,M-1430,item:268967,delay_input_shortage,input_shortage,5369.136823,107800.0,0.0,5369.136823,107800.0,item:333362,107800.0,107800.0,107800.0,107800.0,,lot_policy_enabled
1083,CMP-00000460-M-1810-item:268091-D807,M-1810,item:268091,delay_input_shortage,input_shortage,18760.512275,13400.0,0.0,18760.512275,13400.0,item:338929,13400.0,13400.0,13400.0,13400.0,,lot_policy_enabled
1084,CMP-00000371-M-1430-item:268967-D667,M-1430,item:268967,delay_input_shortage,input_shortage,4670.398793,107800.0,0.0,4670.398793,107800.0,item:333362,107800.0,107800.0,107800.0,107800.0,,lot_policy_enabled
1084,CMP-00000460-M-1810-item:268091-D807,M-1810,item:268091,delay_input_shortage,input_shortage,18316.804496,13400.0,0.0,18316.804496,13400.0,item:338929,13400.0,13400.0,13400.0,13400.0,,lot_policy_enabled
1085,CMP-00000371-M-1430-item:268967-D667,M-1430,item:268967,delay_input_shortage,input_shortage,3970.30833,107800.0,0.0,3970.30833,107800.0,item:333362,107800.0,107800.0,107800.0,107800.0,,lot_policy_enabled
1085,CMP-00000460-M-1810-item:268091-D807,M-1810,item:268091,delay_input_shortage,input_shortage,17870.83845,13400.0,0.0,17870.83845,13400.0,item:338929,13400.0,13400.0,13400.0,13400.0,,lot_policy_enabled
1086,CMP-00000371-M-1430-item:268967-D667,M-1430,item:268967,delay_input_shortage,input_shortage,3269.94738,107800.0,0.0,3269.94738,107800.0,item:333362,107800.0,107800.0,107800.0,107800.0,,lot_policy_enabled
1086,CMP-00000460-M-1810-item:268091-D807,M-1810,item:268091,delay_input_shortage,input_shortage,17424.420751,13400.0,0.0,17424.420751,13400.0,item:338929,13400.0,13400.0,13400.0,13400.0,,lot_policy_enabled
1087,CMP-00000371-M-1430-item:268967-D667,M-1430,item:268967,delay_input_shortage,input_shortage,2569.532333,107800.0,0.0,2569.532333,107800.0,item:333362,107800.0,107800.0,107800.0,107800.0,,lot_policy_enabled
1087,CMP-00000460-M-1810-item:268091-D807,M-1810,item:268091,delay_input_shortage,input_shortage,16977.912721,13400.0,0.0,16977.912721,13400.0,item:338929,13400.0,13400.0,13400.0,13400.0,,lot_policy_enabled
1088,CMP-00000371-M-1430-item:268967-D667,M-1430,item:268967,delay_input_shortage,input_shortage,2155.800344,107800.0,0.0,2155.800344,107800.0,item:333362,107800.0,107800.0,107800.0,107800.0,,lot_policy_enabled
1088,CMP-00000460-M-1810-item:268091-D807,M-1810,item:268091,delay_input_shortage,input_shortage,14961.035605,13400.0,0.0,14961.035605,13400.0,item:338929,13400.0,13400.0,13400.0,13400.0,,lot_policy_enabled
1089,CMP-00000371-M-1430-item:268967-D667,M-1430,item:268967,delay_input_shortage,input_shortage,2092.302926,107800.0,0.0,2092.302926,107800.0,item:333362,107800.0,107800.0,107800.0,107800.0,,lot_policy_enabled
1089,CMP-00000460-M-1810-item:268091-D807,M-1810,item:268091,delay_input_shortage,input_shortage,12847.227529,13400.0,0.0,12847.227529,13400.0,item:338929,13400.0,13400.0,13400.0,13400.0,,lot_policy_enabled
1090,CMP-00000371-M-1430-item:268967-D667,M-1430,item:268967,delay_input_shortage,input_shortage,2098.852422,107800.0,0.0,2098.852422,107800.0,item:333362,107800.0,107800.0,107800.0,107800.0,,lot_policy_enabled
1090,CMP-00000460-M-1810-item:268091-D807,M-1810,item:268091,delay_input_shortage,input_shortage,10714.033261,13400.0,0.0,10714.033261,13400.0,item:338929,13400.0,13400.0,13400.0,13400.0,,lot_policy_enabled
1091,CMP-00000371-M-1430-item:268967-D667,M-1430,item:268967,delay_input_shortage,input_shortage,2119.411301,107800.0,0.0,2119.411301,107800.0,item:333362,107800.0,107800.0,107800.0,107800.0,,lot_policy_enabled
1091,CMP-00000460-M-1810-item:268091-D807,M-1810,item:268091,delay_input_shortage,input_shortage,8576.961754,13400.0,0.0,8576.961754,13400.0,item:338929,13400.0,13400.0,13400.0,13400.0,,lot_policy_enabled
1092,CMP-00000371-M-1430-item:268967-D667,M-1430,item:268967,delay_input_shortage,input_shortage,2142.772056,107800.0,0.0,2142.772056,107800.0,item:333362,107800.0,107800.0,107800.0,107800.0,,lot_policy_enabled
1092,CMP-00000460-M-1810-item:268091-D807,M-1810,item:268091,delay_input_shortage,input_shortage,6439.1148,13400.0,0.0,6439.1148,13400.0,item:338929,13400.0,13400.0,13400.0,13400.0,,lot_policy_enabled
1093,CMP-00000371-M-1430-item:268967-D667,M-1430,item:268967,delay_input_shortage,input_shortage,2166.693187,107800.0,0.0,2166.693187,107800.0,item:333362,107800.0,107800.0,107800.0,107800.0,,lot_policy_enabled
1093,CMP-00000460-M-1810-item:268091-D807,M-1810,item:268091,delay_input_shortage,input_shortage,4301.112756,13400.0,0.0,4301.112756,13400.0,item:338929,13400.0,13400.0,13400.0,13400.0,,lot_policy_enabled
1094,CMP-00000371-M-1430-item:268967-D667,M-1430,item:268967,delay_input_shortage,input_shortage,2190.726393,107800.0,0.0,2190.726393,107800.0,item:333362,107800.0,107800.0,107800.0,107800.0,,lot_policy_enabled
1094,CMP-00000460-M-1810-item:268091-D807,M-1810,item:268091,delay_input_shortage,input_shortage,2163.079694,13400.0,0.0,2163.079694,13400.0,item:338929,13400.0,13400.0,13400.0,13400.0,,lot_policy_enabled
1095,CMP-00000371-M-1430-item:268967-D667,M-1430,item:268967,delay_input_shortage,input_shortage,2488.430993,107800.0,0.0,2488.430993,107800.0,item:333362,107800.0,107800.0,107800.0,107800.0,,lot_policy_enabled
1095,CMP-00000460-M-1810-item:268091-D807,M-1810,item:268091,delay_input_shortage,input_shortage,1952.615939,13400.0,0.0,1952.615939,13400.0,item:338929,13400.0,13400.0,13400.0,13400.0,,lot_policy_enabled
1096,CMP-00000371-M-1430-item:268967-D667,M-1430,item:268967,delay_input_shortage,input_shortage,2970.127015,107800.0,0.0,2970.127015,107800.0,item:333362,107800.0,107800.0,107800.0,107800.0,,lot_policy_enabled
1096,CMP-00000460-M-1810-item:268091-D807,M-1810,item:268091,delay_input_shortage,input_shortage,2276.547678,13400.0,0.0,2276.547678,13400.0,item:338929,13400.0,13400.0,13400.0,13400.0,,lot_policy_enabled
1097,CMP-00000371-M-1430-item:268967-D667,M-1430,item:268967,delay_input_shortage,input_shortage,3488.621322,107800.0,0.0,3488.621322,107800.0,item:333362,107800.0,107800.0,107800.0,107800.0,,lot_policy_enabled
1097,CMP-00000460-M-1810-item:268091-D807,M-1810,item:268091,delay_input_shortage,input_shortage,2707.358515,13400.0,0.0,2707.358515,13400.0,item:338929,13400.0,13400.0,13400.0,13400.0,,lot_policy_enabled
1098,CMP-00000371-M-1430-item:268967-D667,M-1430,item:268967,delay_input_shortage,input_shortage,4014.475285,107800.0,0.0,4014.475285,107800.0,item:333362,107800.0,107800.0,107800.0,107800.0,,lot_policy_enabled
1098,CMP-00000460-M-1810-item:268091-D807,M-1810,item:268091,delay_input_shortage,input_shortage,3159.545173,13400.0,0.0,3159.545173,13400.0,item:338929,13400.0,13400.0,13400.0,13400.0,,lot_policy_enabled
1099,CMP-00000371-M-1430-item:268967-D667,M-1430,item:268967,delay_input_shortage,input_shortage,4541.80118,107800.0,0.0,4541.80118,107800.0,item:333362,107800.0,107800.0,107800.0,107800.0,,lot_policy_enabled
1099,CMP-00000460-M-1810-item:268091-D807,M-1810,item:268091,delay_input_shortage,input_shortage,3616.006994,13400.0,0.0,3616.006994,13400.0,item:338929,13400.0,13400.0,13400.0,13400.0,,lot_policy_enabled
1100,CMP-00000371-M-1430-item:268967-D667,M-1430,item:268967,delay_input_shortage,input_shortage,5069.421461,107800.0,0.0,5069.421461,107800.0,item:333362,107800.0,107800.0,107800.0,107800.0,,lot_policy_enabled
1100,CMP-00000460-M-1810-item:268091-D807,M-1810,item:268091,delay_input_shortage,input_shortage,4073.323848,13400.0,0.0,4073.323848,13400.0,item:338929,13400.0,13400.0,13400.0,13400.0,,lot_policy_enabled
1101,CMP-00000371-M-1430-item:268967-D667,M-1430,item:268967,delay_input_shortage,input_shortage,5597.100619,107800.0,0.0,5597.100619,107800.0,item:333362,107800.0,107800.0,107800.0,107800.0,,lot_policy_enabled
1101,CMP-00000460-M-1810-item:268091-D807,M-1810,item:268091,delay_input_shortage,input_shortage,4530.811709,13400.0,0.0,4530.811709,13400.0,item:338929,13400.0,13400.0,13400.0,13400.0,,lot_policy_enabled
1102,CMP-00000371-M-1430-item:268967-D667,M-1430,item:268967,delay_input_shortage,input_shortage,6124.791553,107800.0,0.0,6124.791553,107800.0,item:333362,107800.0,107800.0,107800.0,107800.0,,lot_policy_enabled
1102,CMP-00000460-M-1810-item:268091-D807,M-1810,item:268091,delay_input_shortage,input_shortage,4988.333771,13400.0,0.0,4988.333771,13400.0,item:338929,13400.0,13400.0,13400.0,13400.0,,lot_policy_enabled
1103,CMP-00000371-M-1430-item:268967-D667,M-1430,item:268967,delay_input_shortage,input_shortage,5991.83178,107800.0,0.0,5991.83178,107800.0,item:333362,107800.0,107800.0,107800.0,107800.0,,lot_policy_enabled
1103,CMP-00000460-M-1810-item:268091-D807,M-1810,item:268091,delay_input_shortage,input_shortage,5338.483081,13400.0,0.0,5338.483081,13400.0,item:338929,13400.0,13400.0,13400.0,13400.0,,lot_policy_enabled
1104,CMP-00000371-M-1430-item:268967-D667,M-1430,item:268967,delay_input_shortage,input_shortage,5726.741866,107800.0,0.0,5726.741866,107800.0,item:333362,107800.0,107800.0,107800.0,107800.0,,lot_policy_enabled
1104,CMP-00000460-M-1810-item:268091-D807,M-1810,item:268091,delay_input_shortage,input_shortage,5667.157841,13400.0,0.0,5667.157841,13400.0,item:338929,13400.0,13400.0,13400.0,13400.0,,lot_policy_enabled
1105,CMP-00000371-M-1430-item:268967-D667,M-1430,item:268967,delay_input_shortage,input_shortage,5435.225924,107800.0,0.0,5435.225924,107800.0,item:333362,107800.0,107800.0,107800.0,107800.0,,lot_policy_enabled
1105,CMP-00000460-M-1810-item:268091-D807,M-1810,item:268091,delay_input_shortage,input_shortage,5991.537691,13400.0,0.0,5991.537691,13400.0,item:338929,13400.0,13400.0,13400.0,13400.0,,lot_policy_enabled
1106,CMP-00000371-M-1430-item:268967-D667,M-1430,item:268967,delay_input_shortage,input_shortage,5138.424777,107800.0,0.0,5138.424777,107800.0,item:333362,107800.0,107800.0,107800.0,107800.0,,lot_policy_enabled
1106,CMP-00000460-M-1810-item:268091-D807,M-1810,item:268091,delay_input_shortage,input_shortage,6315.058559,13400.0,0.0,6315.058559,13400.0,item:338929,13400.0,13400.0,13400.0,13400.0,,lot_policy_enabled
1107,CMP-00000371-M-1430-item:268967-D667,M-1430,item:268967,delay_input_shortage,input_shortage,4840.566588,107800.0,0.0,4840.566588,107800.0,item:333362,107800.0,107800.0,107800.0,107800.0,,lot_policy_enabled
1107,CMP-00000460-M-1810-item:268091-D807,M-1810,item:268091,delay_input_shortage,input_shortage,6638.40763,13400.0,0.0,6638.40763,13400.0,item:338929,13400.0,13400.0,13400.0,13400.0,,lot_policy_enabled
1108,CMP-00000371-M-1430-item:268967-D667,M-1430,item:268967,delay_input_shortage,input_shortage,4542.496991,107800.0,0.0,4542.496991,107800.0,item:333362,107800.0,107800.0,107800.0,107800.0,,lot_policy_enabled
1108,CMP-00000460-M-1810-item:268091-D807,M-1810,item:268091,delay_input_shortage,input_shortage,6961.722343,13400.0,0.0,6961.722343,13400.0,item:338929,13400.0,13400.0,13400.0,13400.0,,lot_policy_enabled
1109,CMP-00000371-M-1430-item:268967-D667,M-1430,item:268967,delay_input_shortage,input_shortage,4244.385113,107800.0,0.0,4244.385113,107800.0,item:333362,107800.0,107800.0,107800.0,107800.0,,lot_policy_enabled
1109,CMP-00000460-M-1810-item:268091-D807,M-1810,item:268091,delay_input_shortage,input_shortage,7285.030183,13400.0,0.0,7285.030183,13400.0,item:338929,13400.0,13400.0,13400.0,13400.0,,lot_policy_enabled
1110,CMP-00000371-M-1430-item:268967-D667,M-1430,item:268967,delay_input_shortage,input_shortage,4154.901512,107800.0,0.0,4154.901512,107800.0,item:333362,107800.0,107800.0,107800.0,107800.0,,lot_policy_enabled
1110,CMP-00000460-M-1810-item:268091-D807,M-1810,item:268091,delay_input_shortage,input_shortage,7841.78971,13400.0,0.0,7841.78971,13400.0,item:338929,13400.0,13400.0,13400.0,13400.0,,lot_policy_enabled
1111,CMP-00000371-M-1430-item:268967-D667,M-1430,item:268967,delay_input_shortage,input_shortage,4107.143568,107800.0,0.0,4107.143568,107800.0,item:333362,107800.0,107800.0,107800.0,107800.0,,lot_policy_enabled
1111,CMP-00000460-M-1810-item:268091-D807,M-1810,item:268091,delay_input_shortage,input_shortage,8445.239575,13400.0,0.0,8445.239575,13400.0,item:338929,13400.0,13400.0,13400.0,13400.0,,lot_policy_enabled
1112,CMP-00000371-M-1430-item:268967-D667,M-1430,item:268967,delay_input_shortage,input_shortage,4067.730755,107800.0,0.0,4067.730755,107800.0,item:333362,107800.0,107800.0,107800.0,107800.0,,lot_policy_enabled
1112,CMP-00000460-M-1810-item:268091-D807,M-1810,item:268091,delay_input_shortage,input_shortage,9058.027507,13400.0,0.0,9058.027507,13400.0,item:338929,13400.0,13400.0,13400.0,13400.0,,lot_policy_enabled
1113,CMP-00000371-M-1430-item:268967-D667,M-1430,item:268967,delay_input_shortage,input_shortage,4029.986967,107800.0,0.0,4029.986967,107800.0,item:333362,107800.0,107800.0,107800.0,107800.0,,lot_policy_enabled
1113,CMP-00000460-M-1810-item:268091-D807,M-1810,item:268091,delay_input_shortage,input_shortage,9672.683053,13400.0,0.0,9672.683053,13400.0,item:338929,13400.0,13400.0,13400.0,13400.0,,lot_policy_enabled
1114,CMP-00000371-M-1430-item:268967-D667,M-1430,item:268967,delay_input_shortage,input_shortage,3992.576986,107800.0,0.0,3992.576986,107800.0,item:333362,107800.0,107800.0,107800.0,107800.0,,lot_policy_enabled
1114,CMP-00000460-M-1810-item:268091-D807,M-1810,item:268091,delay_input_shortage,input_shortage,10287.712121,13400.0,0.0,10287.712121,13400.0,item:338929,13400.0,13400.0,13400.0,13400.0,,lot_policy_enabled
1115,CMP-00000371-M-1430-item:268967-D667,M-1430,item:268967,delay_input_shortage,input_shortage,3955.233765,107800.0,0.0,3955.233765,107800.0,item:333362,107800.0,107800.0,107800.0,107800.0,,lot_policy_enabled
1115,CMP-00000460-M-1810-item:268091-D807,M-1810,item:268091,delay_input_shortage,input_shortage,10902.815894,13400.0,0.0,10902.815894,13400.0,item:338929,13400.0,13400.0,13400.0,13400.0,,lot_policy_enabled
1116,CMP-00000371-M-1430-item:268967-D667,M-1430,item:268967,delay_input_shortage,input_shortage,3917.903896,107800.0,0.0,3917.903896,107800.0,item:333362,107800.0,107800.0,107800.0,107800.0,,lot_policy_enabled
1116,CMP-00000460-M-1810-item:268091-D807,M-1810,item:268091,delay_input_shortage,input_shortage,11517.934608,13400.0,0.0,11517.934608,13400.0,item:338929,13400.0,13400.0,13400.0,13400.0,,lot_policy_enabled
1117,CMP-00000371-M-1430-item:268967-D667,M-1430,item:268967,delay_input_shortage,input_shortage,4026.290984,107800.0,0.0,4026.290984,107800.0,item:333362,107800.0,107800.0,107800.0,107800.0,,lot_policy_enabled
1117,CMP-00000460-M-1810-item:268091-D807,M-1810,item:268091,delay_input_shortage,input_shortage,11488.239983,13400.0,0.0,11488.239983,13400.0,item:338929,13400.0,13400.0,13400.0,13400.0,,lot_policy_enabled
1118,CMP-00000371-M-1430-item:268967-D667,M-1430,item:268967,delay_input_shortage,input_shortage,4163.821462,107800.0,0.0,4163.821462,107800.0,item:333362,107800.0,107800.0,107800.0,107800.0,,lot_policy_enabled
1118,CMP-00000460-M-1810-item:268091-D807,M-1810,item:268091,delay_input_shortage,input_shortage,11329.582691,13400.0,0.0,11329.582691,13400.0,item:338929,13400.0,13400.0,13400.0,13400.0,,lot_policy_enabled
1119,CMP-00000371-M-1430-item:268967-D667,M-1430,item:268967,delay_input_shortage,input_shortage,4307.180619,107800.0,0.0,4307.180619,107800.0,item:333362,107800.0,107800.0,107800.0,107800.0,,lot_policy_enabled
1119,CMP-00000460-M-1810-item:268091-D807,M-1810,item:268091,delay_input_shortage,input_shortage,11145.132865,13400.0,0.0,11145.132865,13400.0,item:338929,13400.0,13400.0,13400.0,13400.0,,lot_policy_enabled
1120,CMP-00000371-M-1430-item:268967-D667,M-1430,item:268967,delay_input_shortage,input_shortage,4451.705512,107800.0,0.0,4451.705512,107800.0,item:333362,107800.0,107800.0,107800.0,107800.0,,lot_policy_enabled
1120,CMP-00000460-M-1810-item:268091-D807,M-1810,item:268091,delay_input_shortage,input_shortage,10955.524532,13400.0,0.0,10955.524532,13400.0,item:338929,13400.0,13400.0,13400.0,13400.0,,lot_policy_enabled
1121,CMP-00000371-M-1430-item:268967-D667,M-1430,item:268967,delay_input_shortage,input_shortage,4596.463551,107800.0,0.0,4596.463551,107800.0,item:333362,107800.0,107800.0,107800.0,107800.0,,lot_policy_enabled
1121,CMP-00000460-M-1810-item:268091-D807,M-1810,item:268091,delay_input_shortage,input_shortage,10764.884498,13400.0,0.0,10764.884498,13400.0,item:338929,13400.0,13400.0,13400.0,13400.0,,lot_policy_enabled
1122,CMP-00000371-M-1430-item:268967-D667,M-1430,item:268967,delay_input_shortage,input_shortage,4741.26822,107800.0,0.0,4741.26822,107800.0,item:333362,107800.0,107800.0,107800.0,107800.0,,lot_policy_enabled
1122,CMP-00000460-M-1810-item:268091-D807,M-1810,item:268091,delay_input_shortage,input_shortage,10574.038124,13400.0,0.0,10574.038124,13400.0,item:338929,13400.0,13400.0,13400.0,13400.0,,lot_policy_enabled
1123,CMP-00000371-M-1430-item:268967-D667,M-1430,item:268967,delay_input_shortage,input_shortage,4886.082215,107800.0,0.0,4886.082215,107800.0,item:333362,107800.0,107800.0,107800.0,107800.0,,lot_policy_enabled
1123,CMP-00000460-M-1810-item:268091-D807,M-1810,item:268091,delay_input_shortage,input_shortage,10383.150482,13400.0,0.0,10383.150482,13400.0,item:338929,13400.0,13400.0,13400.0,13400.0,,lot_policy_enabled
1124,CMP-00000371-M-1430-item:268967-D667,M-1430,item:268967,delay_input_shortage,input_shortage,4790.767463,107800.0,0.0,4790.767463,107800.0,item:333362,107800.0,107800.0,107800.0,107800.0,,lot_policy_enabled
1124,CMP-00000460-M-1810-item:268091-D807,M-1810,item:268091,delay_input_shortage,input_shortage,10243.160708,13400.0,0.0,10243.160708,13400.0,item:338929,13400.0,13400.0,13400.0,13400.0,,lot_policy_enabled
1125,CMP-00000371-M-1430-item:268967-D667,M-1430,item:268967,delay_input_shortage,input_shortage,4647.426962,107800.0,0.0,4647.426962,107800.0,item:333362,107800.0,107800.0,107800.0,107800.0,,lot_policy_enabled
1125,CMP-00000460-M-1810-item:268091-D807,M-1810,item:268091,delay_input_shortage,input_shortage,10113.350509,13400.0,0.0,10113.350509,13400.0,item:338929,13400.0,13400.0,13400.0,13400.0,,lot_policy_enabled
1126,CMP-00000371-M-1430-item:268967-D667,M-1430,item:268967,delay_input_shortage,input_shortage,4494.481311,107800.0,0.0,4494.481311,107800.0,item:333362,107800.0,107800.0,107800.0,107800.0,,lot_policy_enabled
1126,CMP-00000460-M-1810-item:268091-D807,M-1810,item:268091,delay_input_shortage,input_shortage,9985.576224,13400.0,0.0,9985.576224,13400.0,item:338929,13400.0,13400.0,13400.0,13400.0,,lot_policy_enabled
1127,CMP-00000371-M-1430-item:268967-D667,M-1430,item:268967,delay_input_shortage,input_shortage,4339.614629,107800.0,0.0,4339.614629,107800.0,item:333362,107800.0,107800.0,107800.0,107800.0,,lot_policy_enabled
1127,CMP-00000460-M-1810-item:268091-D807,M-1810,item:268091,delay_input_shortage,input_shortage,9858.209122,13400.0,0.0,9858.209122,13400.0,item:338929,13400.0,13400.0,13400.0,13400.0,,lot_policy_enabled
1128,CMP-00000371-M-1430-item:268967-D667,M-1430,item:268967,delay_input_shortage,input_shortage,4184.363742,107800.0,0.0,4184.363742,107800.0,item:333362,107800.0,107800.0,107800.0,107800.0,,lot_policy_enabled
1128,CMP-00000460-M-1810-item:268091-D807,M-1810,item:268091,delay_input_shortage,input_shortage,9730.923457,13400.0,0.0,9730.923457,13400.0,item:338929,13400.0,13400.0,13400.0,13400.0,,lot_policy_enabled
1129,CMP-00000371-M-1430-item:268967-D667,M-1430,item:268967,delay_input_shortage,input_shortage,4029.036014,107800.0,0.0,4029.036014,107800.0,item:333362,107800.0,107800.0,107800.0,107800.0,,lot_policy_enabled
1129,CMP-00000460-M-1810-item:268091-D807,M-1810,item:268091,delay_input_shortage,input_shortage,9603.654079,13400.0,0.0,9603.654079,13400.0,item:338929,13400.0,13400.0,13400.0,13400.0,,lot_policy_enabled
1130,CMP-00000371-M-1430-item:268967-D667,M-1430,item:268967,delay_input_shortage,input_shortage,3873.692917,107800.0,0.0,3873.692917,107800.0,item:333362,107800.0,107800.0,107800.0,107800.0,,lot_policy_enabled
1130,CMP-00000460-M-1810-item:268091-D807,M-1810,item:268091,delay_input_shortage,input_shortage,9476.387959,13400.0,0.0,9476.387959,13400.0,item:338929,13400.0,13400.0,13400.0,13400.0,,lot_policy_enabled
1131,CMP-00000371-M-1430-item:268967-D667,M-1430,item:268967,delay_input_shortage,input_shortage,4187.456951,107800.0,0.0,4187.456951,107800.0,item:333362,107800.0,107800.0,107800.0,107800.0,,lot_policy_enabled
1131,CMP-00000460-M-1810-item:268091-D807,M-1810,item:268091,delay_input_shortage,input_shortage,9178.444939,13400.0,0.0,9178.444939,13400.0,item:338929,13400.0,13400.0,13400.0,13400.0,,lot_policy_enabled
1132,CMP-00000371-M-1430-item:268967-D667,M-1430,item:268967,delay_input_shortage,input_shortage,4595.042411,107800.0,0.0,4595.042411,107800.0,item:333362,107800.0,107800.0,107800.0,107800.0,,lot_policy_enabled
1132,CMP-00000460-M-1810-item:268091-D807,M-1810,item:268091,delay_input_shortage,input_shortage,8846.366539,13400.0,0.0,8846.366539,13400.0,item:338929,13400.0,13400.0,13400.0,13400.0,,lot_policy_enabled
1133,CMP-00000371-M-1430-item:268967-D667,M-1430,item:268967,delay_input_shortage,input_shortage,5021.392156,107800.0,0.0,5021.392156,107800.0,item:333362,107800.0,107800.0,107800.0,107800.0,,lot_policy_enabled
1133,CMP-00000460-M-1810-item:268091-D807,M-1810,item:268091,delay_input_shortage,input_shortage,8507.461063,13400.0,0.0,8507.461063,13400.0,item:338929,13400.0,13400.0,13400.0,13400.0,,lot_policy_enabled
1134,CMP-00000371-M-1430-item:268967-D667,M-1430,item:268967,delay_input_shortage,input_shortage,5451.494758,107800.0,0.0,5451.494758,107800.0,item:333362,107800.0,107800.0,107800.0,107800.0,,lot_policy_enabled
1134,CMP-00000460-M-1810-item:268091-D807,M-1810,item:268091,delay_input_shortage,input_shortage,8167.190172,13400.0,0.0,8167.190172,13400.0,item:338929,13400.0,13400.0,13400.0,13400.0,,lot_policy_enabled
1135,CMP-00000371-M-1430-item:268967-D667,M-1430,item:268967,delay_input_shortage,input_shortage,5882.347931,107800.0,0.0,5882.347931,107800.0,item:333362,107800.0,107800.0,107800.0,107800.0,,lot_policy_enabled
1135,CMP-00000460-M-1810-item:268091-D807,M-1810,item:268091,delay_input_shortage,input_shortage,7826.646198,13400.0,0.0,7826.646198,13400.0,item:338929,13400.0,13400.0,13400.0,13400.0,,lot_policy_enabled
1136,CMP-00000371-M-1430-item:268967-D667,M-1430,item:268967,delay_input_shortage,input_shortage,6313.351219,107800.0,0.0,6313.351219,107800.0,item:333362,107800.0,107800.0,107800.0,107800.0,,lot_policy_enabled
1136,CMP-00000460-M-1810-item:268091-D807,M-1810,item:268091,delay_input_shortage,input_shortage,7486.047607,13400.0,0.0,7486.047607,13400.0,item:338929,13400.0,13400.0,13400.0,13400.0,,lot_policy_enabled
1137,CMP-00000371-M-1430-item:268967-D667,M-1430,item:268967,delay_input_shortage,input_shortage,6744.384529,107800.0,0.0,6744.384529,107800.0,item:333362,107800.0,107800.0,107800.0,107800.0,,lot_policy_enabled
1137,CMP-00000460-M-1810-item:268091-D807,M-1810,item:268091,delay_input_shortage,input_shortage,7145.438093,13400.0,0.0,7145.438093,13400.0,item:338929,13400.0,13400.0,13400.0,13400.0,,lot_policy_enabled
1138,CMP-00000371-M-1430-item:268967-D667,M-1430,item:268967,delay_input_shortage,input_shortage,6559.472824,107800.0,0.0,6559.472824,107800.0,item:333362,107800.0,107800.0,107800.0,107800.0,,lot_policy_enabled
1138,CMP-00000460-M-1810-item:268091-D807,M-1810,item:268091,delay_input_shortage,input_shortage,7898.083537,13400.0,0.0,7898.083537,13400.0,item:338929,13400.0,13400.0,13400.0,13400.0,,lot_policy_enabled
1139,CMP-00000371-M-1430-item:268967-D667,M-1430,item:268967,delay_input_shortage,input_shortage,6251.372116,107800.0,0.0,6251.372116,107800.0,item:333362,107800.0,107800.0,107800.0,107800.0,,lot_policy_enabled
1139,CMP-00000460-M-1810-item:268091-D807,M-1810,item:268091,delay_input_shortage,input_shortage,8869.379972,13400.0,0.0,8869.379972,13400.0,item:338929,13400.0,13400.0,13400.0,13400.0,,lot_policy_enabled
1140,CMP-00000371-M-1430-item:268967-D667,M-1430,item:268967,delay_input_shortage,input_shortage,5918.633607,107800.0,0.0,5918.633607,107800.0,item:333362,107800.0,107800.0,107800.0,107800.0,,lot_policy_enabled
1140,CMP-00000460-M-1810-item:268091-D807,M-1810,item:268091,delay_input_shortage,input_shortage,9884.406607,13400.0,0.0,9884.406607,13400.0,item:338929,13400.0,13400.0,13400.0,13400.0,,lot_policy_enabled
1141,CMP-00000371-M-1430-item:268967-D667,M-1430,item:268967,delay_input_shortage,input_shortage,5580.967538,107800.0,0.0,5580.967538,107800.0,item:333362,107800.0,107800.0,107800.0,107800.0,,lot_policy_enabled
1141,CMP-00000460-M-1810-item:268091-D807,M-1810,item:268091,delay_input_shortage,input_shortage,10908.17928,13400.0,0.0,10908.17928,13400.0,item:338929,13400.0,13400.0,13400.0,13400.0,,lot_policy_enabled
1142,CMP-00000371-M-1430-item:268967-D667,M-1430,item:268967,delay_input_shortage,input_shortage,5242.315957,107800.0,0.0,5242.315957,107800.0,item:333362,107800.0,107800.0,107800.0,107800.0,,lot_policy_enabled
1142,CMP-00000460-M-1810-item:268091-D807,M-1810,item:268091,delay_input_shortage,input_shortage,11933.701162,13400.0,0.0,11933.701162,13400.0,item:338929,13400.0,13400.0,13400.0,13400.0,,lot_policy_enabled
1143,CMP-00000371-M-1430-item:268967-D667,M-1430,item:268967,delay_input_shortage,input_shortage,4903.467273,107800.0,0.0,4903.467273,107800.0,item:333362,107800.0,107800.0,107800.0,107800.0,,lot_policy_enabled
1143,CMP-00000460-M-1810-item:268091-D807,M-1810,item:268091,delay_input_shortage,input_shortage,12959.572885,13400.0,0.0,12959.572885,13400.0,item:338929,13400.0,13400.0,13400.0,13400.0,,lot_policy_enabled
1144,CMP-00000371-M-1430-item:268967-D667,M-1430,item:268967,delay_input_shortage,input_shortage,4564.579169,107800.0,0.0,4564.579169,107800.0,item:333362,107800.0,107800.0,107800.0,107800.0,,lot_policy_enabled
1144,CMP-00000460-M-1810-item:268091-D807,M-1810,item:268091,delay_input_shortage,input_shortage,13985.514577,13400.0,0.0,13985.514577,13400.0,item:338929,13400.0,13400.0,13400.0,13400.0,,lot_policy_enabled
1145,CMP-00000371-M-1430-item:268967-D667,M-1430,item:268967,delay_input_shortage,input_shortage,4734.385222,107800.0,0.0,4734.385222,107800.0,item:333362,107800.0,107800.0,107800.0,107800.0,,lot_policy_enabled
1145,CMP-00000460-M-1810-item:268091-D807,M-1810,item:268091,delay_input_shortage,input_shortage,14116.580466,13400.0,0.0,14116.580466,13400.0,item:338929,13400.0,13400.0,13400.0,13400.0,,lot_policy_enabled
1146,CMP-00000371-M-1430-item:268967-D667,M-1430,item:268967,delay_input_shortage,input_shortage,5005.930106,107800.0,0.0,5005.930106,107800.0,item:333362,107800.0,107800.0,107800.0,107800.0,,lot_policy_enabled
1146,CMP-00000460-M-1810-item:268091-D807,M-1810,item:268091,delay_input_shortage,input_shortage,14068.671195,13400.0,0.0,14068.671195,13400.0,item:338929,13400.0,13400.0,13400.0,13400.0,,lot_policy_enabled
1147,CMP-00000371-M-1430-item:268967-D667,M-1430,item:268967,delay_input_shortage,input_shortage,5297.822756,107800.0,0.0,5297.822756,107800.0,item:333362,107800.0,107800.0,107800.0,107800.0,,lot_policy_enabled
1147,CMP-00000460-M-1810-item:268091-D807,M-1810,item:268091,delay_input_shortage,input_shortage,13984.966892,13400.0,0.0,13984.966892,13400.0,item:338929,13400.0,13400.0,13400.0,13400.0,,lot_policy_enabled
1148,CMP-00000371-M-1430-item:268967-D667,M-1430,item:268967,delay_input_shortage,input_shortage,5593.78496,107800.0,0.0,5593.78496,107800.0,item:333362,107800.0,107800.0,107800.0,107800.0,,lot_policy_enabled
1148,CMP-00000460-M-1810-item:268091-D807,M-1810,item:268091,delay_input_shortage,input_shortage,13894.103582,13400.0,0.0,13894.103582,13400.0,item:338929,13400.0,13400.0,13400.0,13400.0,,lot_policy_enabled
1149,CMP-00000371-M-1430-item:268967-D667,M-1430,item:268967,delay_input_shortage,input_shortage,5890.561074,107800.0,0.0,5890.561074,107800.0,item:333362,107800.0,107800.0,107800.0,107800.0,,lot_policy_enabled
1149,CMP-00000460-M-1810-item:268091-D807,M-1810,item:268091,delay_input_shortage,input_shortage,13801.808471,13400.0,0.0,13801.808471,13400.0,item:338929,13400.0,13400.0,13400.0,13400.0,,lot_policy_enabled
1150,CMP-00000371-M-1430-item:268967-D667,M-1430,item:268967,delay_input_shortage,input_shortage,6187.49997,107800.0,0.0,6187.49997,107800.0,item:333362,107800.0,107800.0,107800.0,107800.0,,lot_policy_enabled
1150,CMP-00000460-M-1810-item:268091-D807,M-1810,item:268091,delay_input_shortage,input_shortage,13709.227,13400.0,0.0,13709.227,13400.0,item:338929,13400.0,13400.0,13400.0,13400.0,,lot_policy_enabled
1151,CMP-00000371-M-1430-item:268967-D667,M-1430,item:268967,delay_input_shortage,input_shortage,6484.471423,107800.0,0.0,6484.471423,107800.0,item:333362,107800.0,107800.0,107800.0,107800.0,,lot_policy_enabled
1151,CMP-00000460-M-1810-item:268091-D807,M-1810,item:268091,delay_input_shortage,input_shortage,13616.588257,13400.0,0.0,13616.588257,13400.0,item:338929,13400.0,13400.0,13400.0,13400.0,,lot_policy_enabled
1152,CMP-00000371-M-1430-item:268967-D667,M-1430,item:268967,delay_input_shortage,input_shortage,6254.412652,107800.0,0.0,6254.412652,107800.0,item:333362,107800.0,107800.0,107800.0,107800.0,,lot_policy_enabled
1152,CMP-00000460-M-1810-item:268091-D807,M-1810,item:268091,delay_input_shortage,input_shortage,13338.925814,13400.0,0.0,13338.925814,13400.0,item:338929,13400.0,13400.0,13400.0,13400.0,,lot_policy_enabled
1153,CMP-00000371-M-1430-item:268967-D667,M-1430,item:268967,delay_input_shortage,input_shortage,5918.947837,107800.0,0.0,5918.947837,107800.0,item:333362,107800.0,107800.0,107800.0,107800.0,,lot_policy_enabled
1153,CMP-00000460-M-1810-item:268091-D807,M-1810,item:268091,delay_input_shortage,input_shortage,13024.258632,13400.0,0.0,13024.258632,13400.0,item:338929,13400.0,13400.0,13400.0,13400.0,,lot_policy_enabled
1154,CMP-00000371-M-1430-item:268967-D667,M-1430,item:268967,delay_input_shortage,input_shortage,5562.401812,107800.0,0.0,5562.401812,107800.0,item:333362,107800.0,107800.0,107800.0,107800.0,,lot_policy_enabled
1154,CMP-00000460-M-1810-item:268091-D807,M-1810,item:268091,delay_input_shortage,input_shortage,12702.190502,13400.0,0.0,12702.190502,13400.0,item:338929,13400.0,13400.0,13400.0,13400.0,,lot_policy_enabled
1155,CMP-00000371-M-1430-item:268967-D667,M-1430,item:268967,delay_input_shortage,input_shortage,5201.639546,107800.0,0.0,5201.639546,107800.0,item:333362,107800.0,107800.0,107800.0,107800.0,,lot_policy_enabled
1155,CMP-00000460-M-1810-item:268091-D807,M-1810,item:268091,delay_input_shortage,input_shortage,12378.642182,13400.0,0.0,12378.642182,13400.0,item:338929,13400.0,13400.0,13400.0,13400.0,,lot_policy_enabled
1156,CMP-00000371-M-1430-item:268967-D667,M-1430,item:268967,delay_input_shortage,input_shortage,4840.034032,107800.0,0.0,4840.034032,107800.0,item:333362,107800.0,107800.0,107800.0,107800.0,,lot_policy_enabled
1156,CMP-00000460-M-1810-item:268091-D807,M-1810,item:268091,delay_input_shortage,input_shortage,12054.797824,13400.0,0.0,12054.797824,13400.0,item:338929,13400.0,13400.0,13400.0,13400.0,,lot_policy_enabled
1157,CMP-00000371-M-1430-item:268967-D667,M-1430,item:268967,delay_input_shortage,input_shortage,4478.259868,107800.0,0.0,4478.259868,107800.0,item:333362,107800.0,107800.0,107800.0,107800.0,,lot_policy_enabled
1157,CMP-00000460-M-1810-item:268091-D807,M-1810,item:268091,delay_input_shortage,input_shortage,11730.894259,13400.0,0.0,11730.894259,13400.0,item:338929,13400.0,13400.0,13400.0,13400.0,,lot_policy_enabled
1158,CMP-00000371-M-1430-item:268967-D667,M-1430,item:268967,delay_input_shortage,input_shortage,4116.451974,107800.0,0.0,4116.451974,107800.0,item:333362,107800.0,107800.0,107800.0,107800.0,,lot_policy_enabled
1158,CMP-00000460-M-1810-item:268091-D807,M-1810,item:268091,delay_input_shortage,input_shortage,11406.978852,13400.0,0.0,11406.978852,13400.0,item:338929,13400.0,13400.0,13400.0,13400.0,,lot_policy_enabled
1159,CMP-00000371-M-1430-item:268967-D667,M-1430,item:268967,delay_input_shortage,input_shortage,4290.359782,107800.0,0.0,4290.359782,107800.0,item:333362,107800.0,107800.0,107800.0,107800.0,,lot_policy_enabled
1159,CMP-00000460-M-1810-item:268091-D807,M-1810,item:268091,delay_input_shortage,input_shortage,11140.040668,13400.0,0.0,11140.040668,13400.0,item:338929,13400.0,13400.0,13400.0,13400.0,,lot_policy_enabled
1160,CMP-00000371-M-1430-item:268967-D667,M-1430,item:268967,delay_input_shortage,input_shortage,4571.410732,107800.0,0.0,4571.410732,107800.0,item:333362,107800.0,107800.0,107800.0,107800.0,,lot_policy_enabled
1160,CMP-00000460-M-1810-item:268091-D807,M-1810,item:268091,delay_input_shortage,input_shortage,10884.49793,13400.0,0.0,10884.49793,13400.0,item:338929,13400.0,13400.0,13400.0,13400.0,,lot_policy_enabled
1161,CMP-00000371-M-1430-item:268967-D667,M-1430,item:268967,delay_input_shortage,input_shortage,4873.89031,107800.0,0.0,4873.89031,107800.0,item:333362,107800.0,107800.0,107800.0,107800.0,,lot_policy_enabled
1161,CMP-00000460-M-1810-item:268091-D807,M-1810,item:268091,delay_input_shortage,input_shortage,10631.23428,13400.0,0.0,10631.23428,13400.0,item:338929,13400.0,13400.0,13400.0,13400.0,,lot_policy_enabled
1162,CMP-00000371-M-1430-item:268967-D667,M-1430,item:268967,delay_input_shortage,input_shortage,5180.655613,107800.0,0.0,5180.655613,107800.0,item:333362,107800.0,107800.0,107800.0,107800.0,,lot_policy_enabled
1162,CMP-00000460-M-1810-item:268091-D807,M-1810,item:268091,delay_input_shortage,input_shortage,10378.426448,13400.0,0.0,10378.426448,13400.0,item:338929,13400.0,13400.0,13400.0,13400.0,,lot_policy_enabled
1163,CMP-00000371-M-1430-item:268967-D667,M-1430,item:268967,delay_input_shortage,input_shortage,5488.278061,107800.0,0.0,5488.278061,107800.0,item:333362,107800.0,107800.0,107800.0,107800.0,,lot_policy_enabled
1163,CMP-00000460-M-1810-item:268091-D807,M-1810,item:268091,delay_input_shortage,input_shortage,10125.709779,13400.0,0.0,10125.709779,13400.0,item:338929,13400.0,13400.0,13400.0,13400.0,,lot_policy_enabled
1164,CMP-00000371-M-1430-item:268967-D667,M-1430,item:268967,delay_input_shortage,input_shortage,5796.071939,107800.0,0.0,5796.071939,107800.0,item:333362,107800.0,107800.0,107800.0,107800.0,,lot_policy_enabled
1164,CMP-00000460-M-1810-item:268091-D807,M-1810,item:268091,delay_input_shortage,input_shortage,9873.011344,13400.0,0.0,9873.011344,13400.0,item:338929,13400.0,13400.0,13400.0,13400.0,,lot_policy_enabled
1165,CMP-00000371-M-1430-item:268967-D667,M-1430,item:268967,delay_input_shortage,input_shortage,6103.900102,107800.0,0.0,6103.900102,107800.0,item:333362,107800.0,107800.0,107800.0,107800.0,,lot_policy_enabled
1165,CMP-00000460-M-1810-item:268091-D807,M-1810,item:268091,delay_input_shortage,input_shortage,9620.316554,13400.0,0.0,9620.316554,13400.0,item:338929,13400.0,13400.0,13400.0,13400.0,,lot_policy_enabled
1166,CMP-00000371-M-1430-item:268967-D667,M-1430,item:268967,delay_input_shortage,input_shortage,5993.531041,107800.0,0.0,5993.531041,107800.0,item:333362,107800.0,107800.0,107800.0,107800.0,,lot_policy_enabled
1166,CMP-00000460-M-1810-item:268091-D807,M-1810,item:268091,delay_input_shortage,input_shortage,9801.744943,13400.0,0.0,9801.744943,13400.0,item:338929,13400.0,13400.0,13400.0,13400.0,,lot_policy_enabled
1167,CMP-00000371-M-1430-item:268967-D667,M-1430,item:268967,delay_input_shortage,input_shortage,5799.522535,107800.0,0.0,5799.522535,107800.0,item:333362,107800.0,107800.0,107800.0,107800.0,,lot_policy_enabled
1167,CMP-00000460-M-1810-item:268091-D807,M-1810,item:268091,delay_input_shortage,input_shortage,10069.997968,13400.0,0.0,10069.997968,13400.0,item:338929,13400.0,13400.0,13400.0,13400.0,,lot_policy_enabled
1168,CMP-00000371-M-1430-item:268967-D667,M-1430,item:268967,delay_input_shortage,input_shortage,5588.78614,107800.0,0.0,5588.78614,107800.0,item:333362,107800.0,107800.0,107800.0,107800.0,,lot_policy_enabled
1168,CMP-00000460-M-1810-item:268091-D807,M-1810,item:268091,delay_input_shortage,input_shortage,10355.61592,13400.0,0.0,10355.61592,13400.0,item:338929,13400.0,13400.0,13400.0,13400.0,,lot_policy_enabled
1169,CMP-00000371-M-1430-item:268967-D667,M-1430,item:268967,delay_input_shortage,input_shortage,5374.704167,107800.0,0.0,5374.704167,107800.0,item:333362,107800.0,107800.0,107800.0,107800.0,,lot_policy_enabled
1169,CMP-00000460-M-1810-item:268091-D807,M-1810,item:268091,delay_input_shortage,input_shortage,10644.706858,13400.0,0.0,10644.706858,13400.0,item:338929,13400.0,13400.0,13400.0,13400.0,,lot_policy_enabled
1170,CMP-00000371-M-1430-item:268967-D667,M-1430,item:268967,delay_input_shortage,input_shortage,5159.953078,107800.0,0.0,5159.953078,107800.0,item:333362,107800.0,107800.0,107800.0,107800.0,,lot_policy_enabled
1170,CMP-00000460-M-1810-item:268091-D807,M-1810,item:268091,delay_input_shortage,input_shortage,10934.492392,13400.0,0.0,10934.492392,13400.0,item:338929,13400.0,13400.0,13400.0,13400.0,,lot_policy_enabled
1171,CMP-00000371-M-1430-item:268967-D667,M-1430,item:268967,delay_input_shortage,input_shortage,4945.068166,107800.0,0.0,4945.068166,107800.0,item:333362,107800.0,107800.0,107800.0,107800.0,,lot_policy_enabled
1171,CMP-00000460-M-1810-item:268091-D807,M-1810,item:268091,delay_input_shortage,input_shortage,11224.416846,13400.0,0.0,11224.416846,13400.0,item:338929,13400.0,13400.0,13400.0,13400.0,,lot_policy_enabled
1172,CMP-00000371-M-1430-item:268967-D667,M-1430,item:268967,delay_input_shortage,input_shortage,4730.15649,107800.0,0.0,4730.15649,107800.0,item:333362,107800.0,107800.0,107800.0,107800.0,,lot_policy_enabled
1172,CMP-00000460-M-1810-item:268091-D807,M-1810,item:268091,delay_input_shortage,input_shortage,11514.369084,13400.0,0.0,11514.369084,13400.0,item:338929,13400.0,13400.0,13400.0,13400.0,,lot_policy_enabled
1173,CMP-00000371-M-1430-item:268967-D667,M-1430,item:268967,delay_input_shortage,input_shortage,4667.304767,107800.0,0.0,4667.304767,107800.0,item:333362,107800.0,107800.0,107800.0,107800.0,,lot_policy_enabled
1173,CMP-00000460-M-1810-item:268091-D807,M-1810,item:268091,delay_input_shortage,input_shortage,11654.188103,13400.0,0.0,11654.188103,13400.0,item:338929,13400.0,13400.0,13400.0,13400.0,,lot_policy_enabled
1174,CMP-00000371-M-1430-item:268967-D667,M-1430,item:268967,delay_input_shortage,input_shortage,4634.865035,107800.0,0.0,4634.865035,107800.0,item:333362,107800.0,107800.0,107800.0,107800.0,,lot_policy_enabled
1174,CMP-00000460-M-1810-item:268091-D807,M-1810,item:268091,delay_input_shortage,input_shortage,11763.980478,13400.0,0.0,11763.980478,13400.0,item:338929,13400.0,13400.0,13400.0,13400.0,,lot_policy_enabled
1175,CMP-00000371-M-1430-item:268967-D667,M-1430,item:268967,delay_input_shortage,input_shortage,4608.507701,107800.0,0.0,4608.507701,107800.0,item:333362,107800.0,107800.0,107800.0,107800.0,,lot_policy_enabled
1175,CMP-00000460-M-1810-item:268091-D807,M-1810,item:268091,delay_input_shortage,input_shortage,11867.767524,13400.0,0.0,11867.767524,13400.0,item:338929,13400.0,13400.0,13400.0,13400.0,,lot_policy_enabled
1176,CMP-00000371-M-1430-item:268967-D667,M-1430,item:268967,delay_input_shortage,input_shortage,4583.366846,107800.0,0.0,4583.366846,107800.0,item:333362,107800.0,107800.0,107800.0,107800.0,,lot_policy_enabled
1176,CMP-00000460-M-1810-item:268091-D807,M-1810,item:268091,delay_input_shortage,input_shortage,11970.353505,13400.0,0.0,11970.353505,13400.0,item:338929,13400.0,13400.0,13400.0,13400.0,,lot_policy_enabled
1177,CMP-00000371-M-1430-item:268967-D667,M-1430,item:268967,delay_input_shortage,input_shortage,4558.469288,107800.0,0.0,4558.469288,107800.0,item:333362,107800.0,107800.0,107800.0,107800.0,,lot_policy_enabled
1177,CMP-00000460-M-1810-item:268091-D807,M-1810,item:268091,delay_input_shortage,input_shortage,12072.699273,13400.0,0.0,12072.699273,13400.0,item:338929,13400.0,13400.0,13400.0,13400.0,,lot_policy_enabled
1178,CMP-00000371-M-1430-item:268967-D667,M-1430,item:268967,delay_input_shortage,input_shortage,4533.620388,107800.0,0.0,4533.620388,107800.0,item:333362,107800.0,107800.0,107800.0,107800.0,,lot_policy_enabled
1178,CMP-00000460-M-1810-item:268091-D807,M-1810,item:268091,delay_input_shortage,input_shortage,12174.996997,13400.0,0.0,12174.996997,13400.0,item:338929,13400.0,13400.0,13400.0,13400.0,,lot_policy_enabled
1179,CMP-00000371-M-1430-item:268967-D667,M-1430,item:268967,delay_input_shortage,input_shortage,4508.781221,107800.0,0.0,4508.781221,107800.0,item:333362,107800.0,107800.0,107800.0,107800.0,,lot_policy_enabled
1179,CMP-00000460-M-1810-item:268091-D807,M-1810,item:268091,delay_input_shortage,input_shortage,12277.285114,13400.0,0.0,12277.285114,13400.0,item:338929,13400.0,13400.0,13400.0,13400.0,,lot_policy_enabled
1180,CMP-00000371-M-1430-item:268967-D667,M-1430,item:268967,delay_input_shortage,input_shortage,4541.935836,107800.0,0.0,4541.935836,107800.0,item:333362,107800.0,107800.0,107800.0,107800.0,,lot_policy_enabled
1180,CMP-00000460-M-1810-item:268091-D807,M-1810,item:268091,delay_input_shortage,input_shortage,11908.469268,13400.0,0.0,11908.469268,13400.0,item:338929,13400.0,13400.0,13400.0,13400.0,,lot_policy_enabled
1181,CMP-00000371-M-1430-item:268967-D667,M-1430,item:268967,delay_input_shortage,input_shortage,4586.689208,107800.0,0.0,4586.689208,107800.0,item:333362,107800.0,107800.0,107800.0,107800.0,,lot_policy_enabled
1181,CMP-00000460-M-1810-item:268091-D807,M-1810,item:268091,delay_input_shortage,input_shortage,11445.432629,13400.0,0.0,11445.432629,13400.0,item:338929,13400.0,13400.0,13400.0,13400.0,,lot_policy_enabled
1182,CMP-00000371-M-1430-item:268967-D667,M-1430,item:268967,delay_input_shortage,input_shortage,4633.762332,107800.0,0.0,4633.762332,107800.0,item:333362,107800.0,107800.0,107800.0,107800.0,,lot_policy_enabled
1182,CMP-00000460-M-1810-item:268091-D807,M-1810,item:268091,delay_input_shortage,input_shortage,10963.551832,13400.0,0.0,10963.551832,13400.0,item:338929,13400.0,13400.0,13400.0,13400.0,,lot_policy_enabled
1183,CMP-00000371-M-1430-item:268967-D667,M-1430,item:268967,delay_input_shortage,input_shortage,4681.299405,107800.0,0.0,4681.299405,107800.0,item:333362,107800.0,107800.0,107800.0,107800.0,,lot_policy_enabled
1183,CMP-00000460-M-1810-item:268091-D807,M-1810,item:268091,delay_input_shortage,input_shortage,10477.902203,13400.0,0.0,10477.902203,13400.0,item:338929,13400.0,13400.0,13400.0,13400.0,,lot_policy_enabled
1184,CMP-00000371-M-1430-item:268967-D667,M-1430,item:268967,delay_input_shortage,input_shortage,4728.929269,107800.0,0.0,4728.929269,107800.0,item:333362,107800.0,107800.0,107800.0,107800.0,,lot_policy_enabled
1184,CMP-00000460-M-1810-item:268091-D807,M-1810,item:268091,delay_input_shortage,input_shortage,9991.498808,13400.0,0.0,9991.498808,13400.0,item:338929,13400.0,13400.0,13400.0,13400.0,,lot_policy_enabled
1185,CMP-00000371-M-1430-item:268967-D667,M-1430,item:268967,delay_input_shortage,input_shortage,4776.57769,107800.0,0.0,4776.57769,107800.0,item:333362,107800.0,107800.0,107800.0,107800.0,,lot_policy_enabled
1185,CMP-00000460-M-1810-item:268091-D807,M-1810,item:268091,delay_input_shortage,input_shortage,9504.94466,13400.0,0.0,9504.94466,13400.0,item:338929,13400.0,13400.0,13400.0,13400.0,,lot_policy_enabled
1186,CMP-00000371-M-1430-item:268967-D667,M-1430,item:268967,delay_input_shortage,input_shortage,4824.229824,107800.0,0.0,4824.229824,107800.0,item:333362,107800.0,107800.0,107800.0,107800.0,,lot_policy_enabled
1186,CMP-00000460-M-1810-item:268091-D807,M-1810,item:268091,delay_input_shortage,input_shortage,9018.360361,13400.0,0.0,9018.360361,13400.0,item:338929,13400.0,13400.0,13400.0,13400.0,,lot_policy_enabled
1187,CMP-00000371-M-1430-item:268967-D667,M-1430,item:268967,delay_input_shortage,input_shortage,4908.192903,107800.0,0.0,4908.192903,107800.0,item:333362,107800.0,107800.0,107800.0,107800.0,,lot_policy_enabled
1187,CMP-00000460-M-1810-item:268091-D807,M-1810,item:268091,delay_input_shortage,input_shortage,8675.819011,13400.0,0.0,8675.819011,13400.0,item:338929,13400.0,13400.0,13400.0,13400.0,,lot_policy_enabled
1188,CMP-00000371-M-1430-item:268967-D667,M-1430,item:268967,delay_input_shortage,input_shortage,4999.418172,107800.0,0.0,4999.418172,107800.0,item:333362,107800.0,107800.0,107800.0,107800.0,,lot_policy_enabled
1188,CMP-00000460-M-1810-item:268091-D807,M-1810,item:268091,delay_input_shortage,input_shortage,8362.086251,13400.0,0.0,8362.086251,13400.0,item:338929,13400.0,13400.0,13400.0,13400.0,,lot_policy_enabled
1189,CMP-00000371-M-1430-item:268967-D667,M-1430,item:268967,delay_input_shortage,input_shortage,5092.095879,107800.0,0.0,5092.095879,107800.0,item:333362,107800.0,107800.0,107800.0,107800.0,,lot_policy_enabled
1189,CMP-00000460-M-1810-item:268091-D807,M-1810,item:268091,delay_input_shortage,input_shortage,8054.11521,13400.0,0.0,8054.11521,13400.0,item:338929,13400.0,13400.0,13400.0,13400.0,,lot_policy_enabled
1190,CMP-00000371-M-1430-item:268967-D667,M-1430,item:268967,delay_input_shortage,input_shortage,5185.064074,107800.0,0.0,5185.064074,107800.0,item:333362,107800.0,107800.0,107800.0,107800.0,,lot_policy_enabled
1190,CMP-00000460-M-1810-item:268091-D807,M-1810,item:268091,delay_input_shortage,input_shortage,7747.296511,13400.0,0.0,7747.296511,13400.0,item:338929,13400.0,13400.0,13400.0,13400.0,,lot_policy_enabled
1191,CMP-00000371-M-1430-item:268967-D667,M-1430,item:268967,delay_input_shortage,input_shortage,5278.090365,107800.0,0.0,5278.090365,107800.0,item:333362,107800.0,107800.0,107800.0,107800.0,,lot_policy_enabled
1191,CMP-00000460-M-1810-item:268091-D807,M-1810,item:268091,delay_input_shortage,input_shortage,7440.708282,13400.0,0.0,7440.708282,13400.0,item:338929,13400.0,13400.0,13400.0,13400.0,,lot_policy_enabled
1192,CMP-00000371-M-1430-item:268967-D667,M-1430,item:268967,delay_input_shortage,input_shortage,5371.128277,107800.0,0.0,5371.128277,107800.0,item:333362,107800.0,107800.0,107800.0,107800.0,,lot_policy_enabled
1192,CMP-00000460-M-1810-item:268091-D807,M-1810,item:268091,delay_input_shortage,input_shortage,7134.166146,13400.0,0.0,7134.166146,13400.0,item:338929,13400.0,13400.0,13400.0,13400.0,,lot_policy_enabled
1193,CMP-00000371-M-1430-item:268967-D667,M-1430,item:268967,delay_input_shortage,input_shortage,5464.168512,107800.0,0.0,5464.168512,107800.0,item:333362,107800.0,107800.0,107800.0,107800.0,,lot_policy_enabled
1193,CMP-00000460-M-1810-item:268091-D807,M-1810,item:268091,delay_input_shortage,input_shortage,6827.633229,13400.0,0.0,6827.633229,13400.0,item:338929,13400.0,13400.0,13400.0,13400.0,,lot_policy_enabled
1194,CMP-00000371-M-1430-item:268967-D667,M-1430,item:268967,delay_input_shortage,input_shortage,4855.641865,107800.0,0.0,4855.641865,107800.0,item:333362,107800.0,107800.0,107800.0,107800.0,,lot_policy_enabled
1194,CMP-00000460-M-1810-item:268091-D807,M-1810,item:268091,delay_input_shortage,input_shortage,7484.057258,13400.0,0.0,7484.057258,13400.0,item:338929,13400.0,13400.0,13400.0,13400.0,,lot_policy_enabled
1195,CMP-00000371-M-1430-item:268967-D667,M-1430,item:268967,delay_input_shortage,input_shortage,4106.801842,107800.0,0.0,4106.801842,107800.0,item:333362,107800.0,107800.0,107800.0,107800.0,,lot_policy_enabled
1195,CMP-00000460-M-1810-item:268091-D807,M-1810,item:268091,delay_input_shortage,input_shortage,8333.072676,13400.0,0.0,8333.072676,13400.0,item:338929,13400.0,13400.0,13400.0,13400.0,,lot_policy_enabled
1196,CMP-00000371-M-1430-item:268967-D667,M-1430,item:268967,delay_input_shortage,input_shortage,3329.899144,107800.0,0.0,3329.899144,107800.0,item:333362,107800.0,107800.0,107800.0,107800.0,,lot_policy_enabled
1196,CMP-00000460-M-1810-item:268091-D807,M-1810,item:268091,delay_input_shortage,input_shortage,9220.606372,13400.0,0.0,9220.606372,13400.0,item:338929,13400.0,13400.0,13400.0,13400.0,,lot_policy_enabled
1197,CMP-00000371-M-1430-item:268967-D667,M-1430,item:268967,delay_input_shortage,input_shortage,2547.38391,107800.0,0.0,2547.38391,107800.0,item:333362,107800.0,107800.0,107800.0,107800.0,,lot_policy_enabled
1197,CMP-00000460-M-1810-item:268091-D807,M-1810,item:268091,delay_input_shortage,input_shortage,10115.843723,13400.0,0.0,10115.843723,13400.0,item:338929,13400.0,13400.0,13400.0,13400.0,,lot_policy_enabled
1198,CMP-00000371-M-1430-item:268967-D667,M-1430,item:268967,delay_input_shortage,input_shortage,1763.74617,107800.0,0.0,1763.74617,107800.0,item:333362,107800.0,107800.0,107800.0,107800.0,,lot_policy_enabled
1198,CMP-00000460-M-1810-item:268091-D807,M-1810,item:268091,delay_input_shortage,input_shortage,11012.621806,13400.0,0.0,11012.621806,13400.0,item:338929,13400.0,13400.0,13400.0,13400.0,,lot_policy_enabled
1199,CMP-00000371-M-1430-item:268967-D667,M-1430,item:268967,delay_input_shortage,input_shortage,979.883928,107800.0,0.0,979.883928,107800.0,item:333362,107800.0,107800.0,107800.0,107800.0,,lot_policy_enabled
1199,CMP-00000460-M-1810-item:268091-D807,M-1810,item:268091,delay_input_shortage,input_shortage,11909.708035,13400.0,0.0,11909.708035,13400.0,item:338929,13400.0,13400.0,13400.0,13400.0,,lot_policy_enabled
1200,CMP-00000371-M-1430-item:268967-D667,M-1430,item:268967,delay_input_shortage,input_shortage,195.976786,107800.0,0.0,195.976786,107800.0,item:333362,107800.0,107800.0,107800.0,107800.0,,lot_policy_enabled
1200,CMP-00000460-M-1810-item:268091-D807,M-1810,item:268091,delay_input_shortage,input_shortage,12806.855893,13400.0,0.0,12806.855893,13400.0,item:338929,13400.0,13400.0,13400.0,13400.0,,lot_policy_enabled
1201,CMP-00000371-M-1430-item:268967-D667,M-1430,item:268967,delay_input_shortage,input_shortage,39.195357,107800.0,0.0,39.195357,107800.0,item:333362,107800.0,107800.0,107800.0,107800.0,,lot_policy_enabled
1201,CMP-00000460-M-1810-item:268091-D807,M-1810,item:268091,delay_input_shortage,input_shortage,12506.546689,13400.0,0.0,12506.546689,13400.0,item:338929,13400.0,13400.0,13400.0,13400.0,,lot_policy_enabled
1202,CMP-00000371-M-1430-item:268967-D667,M-1430,item:268967,delay_input_shortage,input_shortage,7.839071,107800.0,0.0,7.839071,107800.0,item:333362,107800.0,107800.0,107800.0,107800.0,,lot_policy_enabled
1202,CMP-00000460-M-1810-item:268091-D807,M-1810,item:268091,delay_input_shortage,input_shortage,11966.746072,13400.0,0.0,11966.746072,13400.0,item:338929,13400.0,13400.0,13400.0,13400.0,,lot_policy_enabled
1203,CMP-00000371-M-1430-item:268967-D667,M-1430,item:268967,delay_input_shortage,input_shortage,1.567814,107800.0,0.0,1.567814,107800.0,item:333362,107800.0,107800.0,107800.0,107800.0,,lot_policy_enabled
1203,CMP-00000460-M-1810-item:268091-D807,M-1810,item:268091,delay_input_shortage,input_shortage,11379.047173,13400.0,0.0,11379.047173,13400.0,item:338929,13400.0,13400.0,13400.0,13400.0,,lot_policy_enabled
1204,CMP-00000371-M-1430-item:268967-D667,M-1430,item:268967,delay_input_shortage,input_shortage,0.313563,107800.0,0.0,0.313563,107800.0,item:333362,107800.0,107800.0,107800.0,107800.0,,lot_policy_enabled
1204,CMP-00000460-M-1810-item:268091-D807,M-1810,item:268091,delay_input_shortage,input_shortage,10781.768618,13400.0,0.0,10781.768618,13400.0,item:338929,13400.0,13400.0,13400.0,13400.0,,lot_policy_enabled
1205,CMP-00000371-M-1430-item:268967-D667,M-1430,item:268967,delay_input_shortage,input_shortage,0.062713,107800.0,0.0,0.062713,107800.0,item:333362,107800.0,107800.0,107800.0,107800.0,,lot_policy_enabled
1205,CMP-00000460-M-1810-item:268091-D807,M-1810,item:268091,delay_input_shortage,input_shortage,10182.574132,13400.0,0.0,10182.574132,13400.0,item:338929,13400.0,13400.0,13400.0,13400.0,,lot_policy_enabled
1206,CMP-00000371-M-1430-item:268967-D667,M-1430,item:268967,delay_input_shortage,input_shortage,0.012543,107800.0,0.0,0.012543,107800.0,item:333362,107800.0,107800.0,107800.0,107800.0,,lot_policy_enabled
1206,CMP-00000460-M-1810-item:268091-D807,M-1810,item:268091,delay_input_shortage,input_shortage,9582.996459,13400.0,0.0,9582.996459,13400.0,item:338929,13400.0,13400.0,13400.0,13400.0,,lot_policy_enabled
1207,CMP-00000371-M-1430-item:268967-D667,M-1430,item:268967,delay_input_shortage,input_shortage,0.002509,107800.0,0.0,0.002509,107800.0,item:333362,107800.0,107800.0,107800.0,107800.0,,lot_policy_enabled
1207,CMP-00000460-M-1810-item:268091-D807,M-1810,item:268091,delay_input_shortage,input_shortage,8983.342149,13400.0,0.0,8983.342149,13400.0,item:338929,13400.0,13400.0,13400.0,13400.0,,lot_policy_enabled
1208,CMP-00000371-M-1430-item:268967-D667,M-1430,item:268967,delay_input_shortage,input_shortage,0.000502,107800.0,0.0,0.000502,107800.0,item:333362,107800.0,107800.0,107800.0,107800.0,,lot_policy_enabled
1208,CMP-00000460-M-1810-item:268091-D807,M-1810,item:268091,delay_input_shortage,input_shortage,8341.974552,13400.0,0.0,8341.974552,13400.0,item:338929,13400.0,13400.0,13400.0,13400.0,,lot_policy_enabled
1209,CMP-00000371-M-1430-item:268967-D667,M-1430,item:268967,delay_input_shortage,input_shortage,0.0001,107800.0,0.0,0.0001,107800.0,item:333362,107800.0,107800.0,107800.0,107800.0,,lot_policy_enabled
1209,CMP-00000460-M-1810-item:268091-D807,M-1810,item:268091,delay_input_shortage,input_shortage,7692.264298,13400.0,0.0,7692.264298,13400.0,item:338929,13400.0,13400.0,13400.0,13400.0,,lot_policy_enabled
1210,CMP-00000371-M-1430-item:268967-D667,M-1430,item:268967,delay_input_shortage,input_shortage,2e-05,107800.0,0.0,2e-05,107800.0,item:333362,107800.0,107800.0,107800.0,107800.0,,lot_policy_enabled
1210,CMP-00000460-M-1810-item:268091-D807,M-1810,item:268091,delay_input_shortage,input_shortage,7040.885512,13400.0,0.0,7040.885512,13400.0,item:338929,13400.0,13400.0,13400.0,13400.0,,lot_policy_enabled
1211,CMP-00000371-M-1430-item:268967-D667,M-1430,item:268967,delay_input_shortage,input_shortage,4e-06,107800.0,0.0,4e-06,107800.0,item:333362,107800.0,107800.0,107800.0,107800.0,,lot_policy_enabled
1211,CMP-00000460-M-1810-item:268091-D807,M-1810,item:268091,delay_input_shortage,input_shortage,6389.173021,13400.0,0.0,6389.173021,13400.0,item:338929,13400.0,13400.0,13400.0,13400.0,,lot_policy_enabled
1212,CMP-00000371-M-1430-item:268967-D667,M-1430,item:268967,delay_input_shortage,input_shortage,1e-06,107800.0,0.0,1e-06,107800.0,item:333362,107800.0,107800.0,107800.0,107800.0,,lot_policy_enabled
1212,CMP-00000460-M-1810-item:268091-D807,M-1810,item:268091,delay_input_shortage,input_shortage,5737.393788,13400.0,0.0,5737.393788,13400.0,item:338929,13400.0,13400.0,13400.0,13400.0,,lot_policy_enabled
1213,CMP-00000371-M-1430-item:268967-D667,M-1430,item:268967,delay_input_shortage,input_shortage,0.0,107800.0,0.0,0.0,107800.0,item:333362,107800.0,107800.0,107800.0,107800.0,,lot_policy_enabled
1213,CMP-00000460-M-1810-item:268091-D807,M-1810,item:268091,delay_input_shortage,input_shortage,5085.601207,13400.0,0.0,5085.601207,13400.0,item:338929,13400.0,13400.0,13400.0,13400.0,,lot_policy_enabled
1214,CMP-00000371-M-1430-item:268967-D667,M-1430,item:268967,delay_input_shortage,input_shortage,0.0,107800.0,0.0,0.0,107800.0,item:333362,107800.0,107800.0,107800.0,107800.0,,lot_policy_enabled
1214,CMP-00000460-M-1810-item:268091-D807,M-1810,item:268091,delay_input_shortage,input_shortage,4433.805956,13400.0,0.0,4433.805956,13400.0,item:338929,13400.0,13400.0,13400.0,13400.0,,lot_policy_enabled
1215,CMP-00000371-M-1430-item:268967-D667,M-1430,item:268967,delay_input_shortage,input_shortage,0.0,107800.0,0.0,0.0,107800.0,item:333362,107800.0,107800.0,107800.0,107800.0,,lot_policy_enabled
1215,CMP-00000460-M-1810-item:268091-D807,M-1810,item:268091,delay_input_shortage,input_shortage,4326.499967,13400.0,0.0,4326.499967,13400.0,item:338929,13400.0,13400.0,13400.0,13400.0,,lot_policy_enabled
1216,CMP-00000371-M-1430-item:268967-D667,M-1430,item:268967,delay_input_shortage,input_shortage,0.0,107800.0,0.0,0.0,107800.0,item:333362,107800.0,107800.0,107800.0,107800.0,,lot_policy_enabled
1216,CMP-00000460-M-1810-item:268091-D807,M-1810,item:268091,delay_input_shortage,input_shortage,4328.09183,13400.0,0.0,4328.09183,13400.0,item:338929,13400.0,13400.0,13400.0,13400.0,,lot_policy_enabled
1217,CMP-00000371-M-1430-item:268967-D667,M-1430,item:268967,delay_input_shortage,input_shortage,0.0,107800.0,0.0,0.0,107800.0,item:333362,107800.0,107800.0,107800.0,107800.0,,lot_policy_enabled
1217,CMP-00000460-M-1810-item:268091-D807,M-1810,item:268091,delay_input_shortage,input_shortage,4351.463264,13400.0,0.0,4351.463264,13400.0,item:338929,13400.0,13400.0,13400.0,13400.0,,lot_policy_enabled
1218,CMP-00000371-M-1430-item:268967-D667,M-1430,item:268967,delay_input_shortage,input_shortage,0.0,107800.0,0.0,0.0,107800.0,item:333362,107800.0,107800.0,107800.0,107800.0,,lot_policy_enabled
1218,CMP-00000460-M-1810-item:268091-D807,M-1810,item:268091,delay_input_shortage,input_shortage,4379.190612,13400.0,0.0,4379.190612,13400.0,item:338929,13400.0,13400.0,13400.0,13400.0,,lot_policy_enabled
1219,CMP-00000371-M-1430-item:268967-D667,M-1430,item:268967,delay_input_shortage,input_shortage,0.0,107800.0,0.0,0.0,107800.0,item:333362,107800.0,107800.0,107800.0,107800.0,,lot_policy_enabled
1219,CMP-00000460-M-1810-item:268091-D807,M-1810,item:268091,delay_input_shortage,input_shortage,4407.789143,13400.0,0.0,4407.789143,13400.0,item:338929,13400.0,13400.0,13400.0,13400.0,,lot_policy_enabled
1220,CMP-00000371-M-1430-item:268967-D667,M-1430,item:268967,delay_input_shortage,input_shortage,0.0,107800.0,0.0,0.0,107800.0,item:333362,107800.0,107800.0,107800.0,107800.0,,lot_policy_enabled
1220,CMP-00000460-M-1810-item:268091-D807,M-1810,item:268091,delay_input_shortage,input_shortage,4436.561911,13400.0,0.0,4436.561911,13400.0,item:338929,13400.0,13400.0,13400.0,13400.0,,lot_policy_enabled
1221,CMP-00000371-M-1430-item:268967-D667,M-1430,item:268967,delay_input_shortage,input_shortage,0.0,107800.0,0.0,0.0,107800.0,item:333362,107800.0,107800.0,107800.0,107800.0,,lot_policy_enabled
1221,CMP-00000460-M-1810-item:268091-D807,M-1810,item:268091,delay_input_shortage,input_shortage,4465.369525,13400.0,0.0,4465.369525,13400.0,item:338929,13400.0,13400.0,13400.0,13400.0,,lot_policy_enabled
1222,CMP-00000371-M-1430-item:268967-D667,M-1430,item:268967,delay_input_shortage,input_shortage,136.261224,107800.0,0.0,136.261224,107800.0,item:333362,107800.0,107800.0,107800.0,107800.0,,lot_policy_enabled
1222,CMP-00000460-M-1810-item:268091-D807,M-1810,item:268091,delay_input_shortage,input_shortage,5137.906558,13400.0,0.0,5137.906558,13400.0,item:338929,13400.0,13400.0,13400.0,13400.0,,lot_policy_enabled
1223,CMP-00000371-M-1430-item:268967-D667,M-1430,item:268967,delay_input_shortage,input_shortage,299.774694,107800.0,0.0,299.774694,107800.0,item:333362,107800.0,107800.0,107800.0,107800.0,,lot_policy_enabled
1223,CMP-00000460-M-1810-item:268091-D807,M-1810,item:268091,delay_input_shortage,input_shortage,5939.189475,13400.0,0.0,5939.189475,13400.0,item:338929,13400.0,13400.0,13400.0,13400.0,,lot_policy_enabled
1224,CMP-00000371-M-1430-item:268967-D667,M-1430,item:268967,delay_input_shortage,input_shortage,468.738612,107800.0,0.0,468.738612,107800.0,item:333362,107800.0,107800.0,107800.0,107800.0,,lot_policy_enabled
1224,CMP-00000460-M-1810-item:268091-D807,M-1810,item:268091,delay_input_shortage,input_shortage,6766.221569,13400.0,0.0,6766.221569,13400.0,item:338929,13400.0,13400.0,13400.0,13400.0,,lot_policy_enabled
1225,CMP-00000371-M-1430-item:268967-D667,M-1430,item:268967,delay_input_shortage,input_shortage,638.79262,107800.0,0.0,638.79262,107800.0,item:333362,107800.0,107800.0,107800.0,107800.0,,lot_policy_enabled
1225,CMP-00000460-M-1810-item:268091-D807,M-1810,item:268091,delay_input_shortage,input_shortage,7598.403498,13400.0,0.0,7598.403498,13400.0,item:338929,13400.0,13400.0,13400.0,13400.0,,lot_policy_enabled
1226,CMP-00000371-M-1430-item:268967-D667,M-1430,item:268967,delay_input_shortage,input_shortage,809.064646,107800.0,0.0,809.064646,107800.0,item:333362,107800.0,107800.0,107800.0,107800.0,,lot_policy_enabled
1226,CMP-00000460-M-1810-item:268091-D807,M-1810,item:268091,delay_input_shortage,input_shortage,8431.615394,13400.0,0.0,8431.615394,13400.0,item:338929,13400.0,13400.0,13400.0,13400.0,,lot_policy_enabled
1227,CMP-00000371-M-1430-item:268967-D667,M-1430,item:268967,delay_input_shortage,input_shortage,979.380276,107800.0,0.0,979.380276,107800.0,item:333362,107800.0,107800.0,107800.0,107800.0,,lot_policy_enabled
1227,CMP-00000460-M-1810-item:268091-D807,M-1810,item:268091,delay_input_shortage,input_shortage,9265.033283,13400.0,0.0,9265.033283,13400.0,item:338929,13400.0,13400.0,13400.0,13400.0,,lot_policy_enabled
1228,CMP-00000371-M-1430-item:268967-D667,M-1430,item:268967,delay_input_shortage,input_shortage,1149.704626,107800.0,0.0,1149.704626,107800.0,item:333362,107800.0,107800.0,107800.0,107800.0,,lot_policy_enabled
1228,CMP-00000460-M-1810-item:268091-D807,M-1810,item:268091,delay_input_shortage,input_shortage,10098.492371,13400.0,0.0,10098.492371,13400.0,item:338929,13400.0,13400.0,13400.0,13400.0,,lot_policy_enabled
1229,CMP-00000371-M-1430-item:268967-D667,M-1430,item:268967,delay_input_shortage,input_shortage,1427.083782,107800.0,0.0,1427.083782,107800.0,item:333362,107800.0,107800.0,107800.0,107800.0,,lot_policy_enabled
1229,CMP-00000460-M-1810-item:268091-D807,M-1810,item:268091,delay_input_shortage,input_shortage,10267.453576,13400.0,0.0,10267.453576,13400.0,item:338929,13400.0,13400.0,13400.0,13400.0,,lot_policy_enabled
1230,CMP-00000371-M-1430-item:268967-D667,M-1430,item:268967,delay_input_shortage,input_shortage,1725.873899,107800.0,0.0,1725.873899,107800.0,item:333362,107800.0,107800.0,107800.0,107800.0,,lot_policy_enabled
1230,CMP-00000460-M-1810-item:268091-D807,M-1810,item:268091,delay_input_shortage,input_shortage,10303.515205,13400.0,0.0,10303.515205,13400.0,item:338929,13400.0,13400.0,13400.0,13400.0,,lot_policy_enabled
1231,CMP-00000371-M-1430-item:268967-D667,M-1430,item:268967,delay_input_shortage,input_shortage,2028.946208,107800.0,0.0,2028.946208,107800.0,item:333362,107800.0,107800.0,107800.0,107800.0,,lot_policy_enabled
1231,CMP-00000460-M-1810-item:268091-D807,M-1810,item:268091,delay_input_shortage,input_shortage,10312.996919,13400.0,0.0,10312.996919,13400.0,item:338929,13400.0,13400.0,13400.0,13400.0,,lot_policy_enabled
1232,CMP-00000371-M-1430-item:268967-D667,M-1430,item:268967,delay_input_shortage,input_shortage,2332.874956,107800.0,0.0,2332.874956,107800.0,item:333362,107800.0,107800.0,107800.0,107800.0,,lot_policy_enabled
1232,CMP-00000460-M-1810-item:268091-D807,M-1810,item:268091,delay_input_shortage,input_shortage,10317.162649,13400.0,0.0,10317.162649,13400.0,item:338929,13400.0,13400.0,13400.0,13400.0,,lot_policy_enabled
1233,CMP-00000371-M-1430-item:268967-D667,M-1430,item:268967,delay_input_shortage,input_shortage,2636.974991,107800.0,0.0,2636.974991,107800.0,item:333362,107800.0,107800.0,107800.0,107800.0,,lot_policy_enabled
1233,CMP-00000460-M-1810-item:268091-D807,M-1810,item:268091,delay_input_shortage,input_shortage,10320.265183,13400.0,0.0,10320.265183,13400.0,item:338929,13400.0,13400.0,13400.0,13400.0,,lot_policy_enabled
1234,CMP-00000371-M-1430-item:268967-D667,M-1430,item:268967,delay_input_shortage,input_shortage,2941.109284,107800.0,0.0,2941.109284,107800.0,item:333362,107800.0,107800.0,107800.0,107800.0,,lot_policy_enabled
1234,CMP-00000460-M-1810-item:268091-D807,M-1810,item:268091,delay_input_shortage,input_shortage,10323.155078,13400.0,0.0,10323.155078,13400.0,item:338929,13400.0,13400.0,13400.0,13400.0,,lot_policy_enabled
1235,CMP-00000371-M-1430-item:268967-D667,M-1430,item:268967,delay_input_shortage,input_shortage,3245.250428,107800.0,0.0,3245.250428,107800.0,item:333362,107800.0,107800.0,107800.0,107800.0,,lot_policy_enabled
1235,CMP-00000460-M-1810-item:268091-D807,M-1810,item:268091,delay_input_shortage,input_shortage,10326.002444,13400.0,0.0,10326.002444,13400.0,item:338929,13400.0,13400.0,13400.0,13400.0,,lot_policy_enabled
1236,CMP-00000371-M-1430-item:268967-D667,M-1430,item:268967,delay_input_shortage,input_shortage,2926.503147,107800.0,0.0,2926.503147,107800.0,item:333362,107800.0,107800.0,107800.0,107800.0,,lot_policy_enabled
1236,CMP-00000460-M-1810-item:268091-D807,M-1810,item:268091,delay_input_shortage,input_shortage,10416.433142,13400.0,0.0,10416.433142,13400.0,item:338929,13400.0,13400.0,13400.0,13400.0,,lot_policy_enabled
1237,CMP-00000371-M-1430-item:268967-D667,M-1430,item:268967,delay_input_shortage,input_shortage,2483.17818,107800.0,0.0,2483.17818,107800.0,item:333362,107800.0,107800.0,107800.0,107800.0,,lot_policy_enabled
1237,CMP-00000460-M-1810-item:268091-D807,M-1810,item:268091,delay_input_shortage,input_shortage,10524.380506,13400.0,0.0,10524.380506,13400.0,item:338929,13400.0,13400.0,13400.0,13400.0,,lot_policy_enabled
1238,CMP-00000371-M-1430-item:268967-D667,M-1430,item:268967,delay_input_shortage,input_shortage,2014.937677,107800.0,0.0,2014.937677,107800.0,item:333362,107800.0,107800.0,107800.0,107800.0,,lot_policy_enabled
1238,CMP-00000460-M-1810-item:268091-D807,M-1810,item:268091,delay_input_shortage,input_shortage,10635.831203,13400.0,0.0,10635.831203,13400.0,item:338929,13400.0,13400.0,13400.0,13400.0,,lot_policy_enabled
1239,CMP-00000371-M-1430-item:268967-D667,M-1430,item:268967,delay_input_shortage,input_shortage,1541.714066,107800.0,0.0,1541.714066,107800.0,item:333362,107800.0,107800.0,107800.0,107800.0,,lot_policy_enabled
1239,CMP-00000460-M-1810-item:268091-D807,M-1810,item:268091,delay_input_shortage,input_shortage,10747.982567,13400.0,0.0,10747.982567,13400.0,item:338929,13400.0,13400.0,13400.0,13400.0,,lot_policy_enabled
1240,CMP-00000371-M-1430-item:268967-D667,M-1430,item:268967,delay_input_shortage,input_shortage,1067.493834,107800.0,0.0,1067.493834,107800.0,item:333362,107800.0,107800.0,107800.0,107800.0,,lot_policy_enabled
1240,CMP-00000460-M-1810-item:268091-D807,M-1810,item:268091,delay_input_shortage,input_shortage,10860.274065,13400.0,0.0,10860.274065,13400.0,item:338929,13400.0,13400.0,13400.0,13400.0,,lot_policy_enabled
1241,CMP-00000371-M-1430-item:268967-D667,M-1430,item:268967,delay_input_shortage,input_shortage,593.074277,107800.0,0.0,593.074277,107800.0,item:333362,107800.0,107800.0,107800.0,107800.0,,lot_policy_enabled
1241,CMP-00000460-M-1810-item:268091-D807,M-1810,item:268091,delay_input_shortage,input_shortage,10972.593588,13400.0,0.0,10972.593588,13400.0,item:338929,13400.0,13400.0,13400.0,13400.0,,lot_policy_enabled
1242,CMP-00000371-M-1430-item:268967-D667,M-1430,item:268967,delay_input_shortage,input_shortage,118.614855,107800.0,0.0,118.614855,107800.0,item:333362,107800.0,107800.0,107800.0,107800.0,,lot_policy_enabled
1242,CMP-00000460-M-1810-item:268091-D807,M-1810,item:268091,delay_input_shortage,input_shortage,11084.918718,13400.0,0.0,11084.918718,13400.0,item:338929,13400.0,13400.0,13400.0,13400.0,,lot_policy_enabled
1243,CMP-00000371-M-1430-item:268967-D667,M-1430,item:268967,delay_input_shortage,input_shortage,23.722971,107800.0,0.0,23.722971,107800.0,item:333362,107800.0,107800.0,107800.0,107800.0,,lot_policy_enabled
1243,CMP-00000460-M-1810-item:268091-D807,M-1810,item:268091,delay_input_shortage,input_shortage,10893.604152,13400.0,0.0,10893.604152,13400.0,item:338929,13400.0,13400.0,13400.0,13400.0,,lot_policy_enabled
1244,CMP-00000371-M-1430-item:268967-D667,M-1430,item:268967,delay_input_shortage,input_shortage,4.744594,107800.0,0.0,4.744594,107800.0,item:333362,107800.0,107800.0,107800.0,107800.0,,lot_policy_enabled
1244,CMP-00000460-M-1810-item:268091-D807,M-1810,item:268091,delay_input_shortage,input_shortage,10641.561647,13400.0,0.0,10641.561647,13400.0,item:338929,13400.0,13400.0,13400.0,13400.0,,lot_policy_enabled
1245,CMP-00000371-M-1430-item:268967-D667,M-1430,item:268967,delay_input_shortage,input_shortage,0.948919,107800.0,0.0,0.948919,107800.0,item:333362,107800.0,107800.0,107800.0,107800.0,,lot_policy_enabled
1245,CMP-00000460-M-1810-item:268091-D807,M-1810,item:268091,delay_input_shortage,input_shortage,10377.373554,13400.0,0.0,10377.373554,13400.0,item:338929,13400.0,13400.0,13400.0,13400.0,,lot_policy_enabled
1246,CMP-00000371-M-1430-item:268967-D667,M-1430,item:268967,delay_input_shortage,input_shortage,0.189784,107800.0,0.0,0.189784,107800.0,item:333362,107800.0,107800.0,107800.0,107800.0,,lot_policy_enabled
1246,CMP-00000460-M-1810-item:268091-D807,M-1810,item:268091,delay_input_shortage,input_shortage,10110.756343,13400.0,0.0,10110.756343,13400.0,item:338929,13400.0,13400.0,13400.0,13400.0,,lot_policy_enabled
1247,CMP-00000371-M-1430-item:268967-D667,M-1430,item:268967,delay_input_shortage,input_shortage,0.037957,107800.0,0.0,0.037957,107800.0,item:333362,107800.0,107800.0,107800.0,107800.0,,lot_policy_enabled
1247,CMP-00000460-M-1810-item:268091-D807,M-1810,item:268091,delay_input_shortage,input_shortage,9843.653309,13400.0,0.0,9843.653309,13400.0,item:338929,13400.0,13400.0,13400.0,13400.0,,lot_policy_enabled
1248,CMP-00000371-M-1430-item:268967-D667,M-1430,item:268967,delay_input_shortage,input_shortage,0.007591,107800.0,0.0,0.007591,107800.0,item:333362,107800.0,107800.0,107800.0,107800.0,,lot_policy_enabled
1248,CMP-00000460-M-1810-item:268091-D807,M-1810,item:268091,delay_input_shortage,input_shortage,9576.453111,13400.0,0.0,9576.453111,13400.0,item:338929,13400.0,13400.0,13400.0,13400.0,,lot_policy_enabled
1249,CMP-00000371-M-1430-item:268967-D667,M-1430,item:268967,delay_input_shortage,input_shortage,0.001518,107800.0,0.0,0.001518,107800.0,item:333362,107800.0,107800.0,107800.0,107800.0,,lot_policy_enabled
1249,CMP-00000460-M-1810-item:268091-D807,M-1810,item:268091,delay_input_shortage,input_shortage,9309.233479,13400.0,0.0,9309.233479,13400.0,item:338929,13400.0,13400.0,13400.0,13400.0,,lot_policy_enabled
1250,CMP-00000371-M-1430-item:268967-D667,M-1430,item:268967,delay_input_shortage,input_shortage,313.388059,107800.0,0.0,313.388059,107800.0,item:333362,107800.0,107800.0,107800.0,107800.0,,lot_policy_enabled
1250,CMP-00000460-M-1810-item:268091-D807,M-1810,item:268091,delay_input_shortage,input_shortage,8994.581389,13400.0,0.0,8994.581389,13400.0,item:338929,13400.0,13400.0,13400.0,13400.0,,lot_policy_enabled
1251,CMP-00000371-M-1430-item:268967-D667,M-1430,item:268967,delay_input_shortage,input_shortage,689.453122,107800.0,0.0,689.453122,107800.0,item:333362,107800.0,107800.0,107800.0,107800.0,,lot_policy_enabled
1251,CMP-00000460-M-1810-item:268091-D807,M-1810,item:268091,delay_input_shortage,input_shortage,8670.442808,13400.0,0.0,8670.442808,13400.0,item:338929,13400.0,13400.0,13400.0,13400.0,,lot_policy_enabled
1252,CMP-00000371-M-1430-item:268967-D667,M-1430,item:268967,delay_input_shortage,input_shortage,1078.05389,107800.0,0.0,1078.05389,107800.0,item:333362,107800.0,107800.0,107800.0,107800.0,,lot_policy_enabled
1252,CMP-00000460-M-1810-item:268091-D807,M-1810,item:268091,delay_input_shortage,input_shortage,8344.406929,13400.0,0.0,8344.406929,13400.0,item:338929,13400.0,13400.0,13400.0,13400.0,,lot_policy_enabled
1253,CMP-00000371-M-1430-item:268967-D667,M-1430,item:268967,delay_input_shortage,input_shortage,1469.161798,107800.0,0.0,1469.161798,107800.0,item:333362,107800.0,107800.0,107800.0,107800.0,,lot_policy_enabled
1253,CMP-00000460-M-1810-item:268091-D807,M-1810,item:268091,delay_input_shortage,input_shortage,8017.99159,13400.0,0.0,8017.99159,13400.0,item:338929,13400.0,13400.0,13400.0,13400.0,,lot_policy_enabled
1254,CMP-00000371-M-1430-item:268967-D667,M-1430,item:268967,delay_input_shortage,input_shortage,1860.771135,107800.0,0.0,1860.771135,107800.0,item:333362,107800.0,107800.0,107800.0,107800.0,,lot_policy_enabled
1254,CMP-00000460-M-1810-item:268091-D807,M-1810,item:268091,delay_input_shortage,input_shortage,7691.500359,13400.0,0.0,7691.500359,13400.0,item:338929,13400.0,13400.0,13400.0,13400.0,,lot_policy_enabled
1255,CMP-00000371-M-1430-item:268967-D667,M-1430,item:268967,delay_input_shortage,input_shortage,2252.480758,107800.0,0.0,2252.480758,107800.0,item:333362,107800.0,107800.0,107800.0,107800.0,,lot_policy_enabled
1255,CMP-00000460-M-1810-item:268091-D807,M-1810,item:268091,delay_input_shortage,input_shortage,7364.993949,13400.0,0.0,7364.993949,13400.0,item:338929,13400.0,13400.0,13400.0,13400.0,,lot_policy_enabled
1256,CMP-00000371-M-1430-item:268967-D667,M-1430,item:268967,delay_input_shortage,input_shortage,2644.210437,107800.0,0.0,2644.210437,107800.0,item:333362,107800.0,107800.0,107800.0,107800.0,,lot_policy_enabled
1256,CMP-00000460-M-1810-item:268091-D807,M-1810,item:268091,delay_input_shortage,input_shortage,7038.484504,13400.0,0.0,7038.484504,13400.0,item:338929,13400.0,13400.0,13400.0,13400.0,,lot_policy_enabled
1257,CMP-00000371-M-1430-item:268967-D667,M-1430,item:268967,delay_input_shortage,input_shortage,5116.156373,107800.0,0.0,5116.156373,107800.0,item:333362,107800.0,107800.0,107800.0,107800.0,,lot_policy_enabled
1257,CMP-00000460-M-1810-item:268091-D807,M-1810,item:268091,delay_input_shortage,input_shortage,7421.558125,13400.0,0.0,7421.558125,13400.0,item:338929,13400.0,13400.0,13400.0,13400.0,,lot_policy_enabled
1258,CMP-00000371-M-1430-item:268967-D667,M-1430,item:268967,delay_input_shortage,input_shortage,8004.14556,107800.0,0.0,8004.14556,107800.0,item:333362,107800.0,107800.0,107800.0,107800.0,,lot_policy_enabled
1258,CMP-00000460-M-1810-item:268091-D807,M-1810,item:268091,delay_input_shortage,input_shortage,7946.54836,13400.0,0.0,7946.54836,13400.0,item:338929,13400.0,13400.0,13400.0,13400.0,,lot_policy_enabled
1259,CMP-00000371-M-1430-item:268967-D667,M-1430,item:268967,delay_input_shortage,input_shortage,10975.343398,107800.0,0.0,10975.343398,107800.0,item:333362,107800.0,107800.0,107800.0,107800.0,,lot_policy_enabled
1259,CMP-00000460-M-1810-item:268091-D807,M-1810,item:268091,delay_input_shortage,input_shortage,8499.921917,13400.0,0.0,8499.921917,13400.0,item:338929,13400.0,13400.0,13400.0,13400.0,,lot_policy_enabled
1260,CMP-00000371-M-1430-item:268967-D667,M-1430,item:268967,delay_input_shortage,input_shortage,13963.182965,107800.0,0.0,13963.182965,107800.0,item:333362,107800.0,107800.0,107800.0,107800.0,,lot_policy_enabled
1260,CMP-00000460-M-1810-item:268091-D807,M-1810,item:268091,delay_input_shortage,input_shortage,9058.972138,13400.0,0.0,9058.972138,13400.0,item:338929,13400.0,13400.0,13400.0,13400.0,,lot_policy_enabled
1261,CMP-00000371-M-1430-item:268967-D667,M-1430,item:268967,delay_input_shortage,input_shortage,16954.350879,107800.0,0.0,16954.350879,107800.0,item:333362,107800.0,107800.0,107800.0,107800.0,,lot_policy_enabled
1261,CMP-00000460-M-1810-item:268091-D807,M-1810,item:268091,delay_input_shortage,input_shortage,9619.157693,13400.0,0.0,9619.157693,13400.0,item:338929,13400.0,13400.0,13400.0,13400.0,,lot_policy_enabled
1262,CMP-00000371-M-1430-item:268967-D667,M-1430,item:268967,delay_input_shortage,input_shortage,19946.184461,107800.0,0.0,19946.184461,107800.0,item:333362,107800.0,107800.0,107800.0,107800.0,,lot_policy_enabled
1262,CMP-00000460-M-1810-item:268091-D807,M-1810,item:268091,delay_input_shortage,input_shortage,10179.570314,13400.0,0.0,10179.570314,13400.0,item:338929,13400.0,13400.0,13400.0,13400.0,,lot_policy_enabled
1263,CMP-00000371-M-1430-item:268967-D667,M-1430,item:268967,delay_input_shortage,input_shortage,22938.151178,107800.0,0.0,22938.151178,107800.0,item:333362,107800.0,107800.0,107800.0,107800.0,,lot_policy_enabled
1263,CMP-00000460-M-1810-item:268091-D807,M-1810,item:268091,delay_input_shortage,input_shortage,10740.028348,13400.0,0.0,10740.028348,13400.0,item:338929,13400.0,13400.0,13400.0,13400.0,,lot_policy_enabled
1264,CMP-00000371-M-1430-item:268967-D667,M-1430,item:268967,delay_input_shortage,input_shortage,20945.703705,107800.0,0.0,20945.703705,107800.0,item:333362,107800.0,107800.0,107800.0,107800.0,,lot_policy_enabled
1264,CMP-00000460-M-1810-item:268091-D807,M-1810,item:268091,delay_input_shortage,input_shortage,11141.524037,13400.0,0.0,11141.524037,13400.0,item:338929,13400.0,13400.0,13400.0,13400.0,,lot_policy_enabled
1265,CMP-00000371-M-1430-item:268967-D667,M-1430,item:268967,delay_input_shortage,input_shortage,17956.373394,107800.0,0.0,17956.373394,107800.0,item:333362,107800.0,107800.0,107800.0,107800.0,,lot_policy_enabled
1265,CMP-00000460-M-1810-item:268091-D807,M-1810,item:268091,delay_input_shortage,input_shortage,11511.227256,13400.0,0.0,11511.227256,13400.0,item:338929,13400.0,13400.0,13400.0,13400.0,,lot_policy_enabled
1266,CMP-00000371-M-1430-item:268967-D667,M-1430,item:268967,delay_input_shortage,input_shortage,14767.666515,107800.0,0.0,14767.666515,107800.0,item:333362,107800.0,107800.0,107800.0,107800.0,,lot_policy_enabled
1266,CMP-00000460-M-1810-item:268091-D807,M-1810,item:268091,delay_input_shortage,input_shortage,11874.571982,13400.0,0.0,11874.571982,13400.0,item:338929,13400.0,13400.0,13400.0,13400.0,,lot_policy_enabled
1267,CMP-00000371-M-1430-item:268967-D667,M-1430,item:268967,delay_input_shortage,input_shortage,11539.084323,107800.0,0.0,11539.084323,107800.0,item:333362,107800.0,107800.0,107800.0,107800.0,,lot_policy_enabled
1267,CMP-00000460-M-1810-item:268091-D807,M-1810,item:268091,delay_input_shortage,input_shortage,12236.645008,13400.0,0.0,12236.645008,13400.0,item:338929,13400.0,13400.0,13400.0,13400.0,,lot_policy_enabled
1268,CMP-00000371-M-1430-item:268967-D667,M-1430,item:268967,delay_input_shortage,input_shortage,8302.527069,107800.0,0.0,8302.527069,107800.0,item:333362,107800.0,107800.0,107800.0,107800.0,,lot_policy_enabled
1268,CMP-00000460-M-1810-item:268091-D807,M-1810,item:268091,delay_input_shortage,input_shortage,12598.463695,13400.0,0.0,12598.463695,13400.0,item:338929,13400.0,13400.0,13400.0,13400.0,,lot_policy_enabled
1269,CMP-00000371-M-1430-item:268967-D667,M-1430,item:268967,delay_input_shortage,input_shortage,5064.374801,107800.0,0.0,5064.374801,107800.0,item:333362,107800.0,107800.0,107800.0,107800.0,,lot_policy_enabled
1269,CMP-00000460-M-1810-item:268091-D807,M-1810,item:268091,delay_input_shortage,input_shortage,12960.231514,13400.0,0.0,12960.231514,13400.0,item:338929,13400.0,13400.0,13400.0,13400.0,,lot_policy_enabled
1270,CMP-00000371-M-1430-item:268967-D667,M-1430,item:268967,delay_input_shortage,input_shortage,1825.903531,107800.0,0.0,1825.903531,107800.0,item:333362,107800.0,107800.0,107800.0,107800.0,,lot_policy_enabled
1270,CMP-00000460-M-1810-item:268091-D807,M-1810,item:268091,delay_input_shortage,input_shortage,13321.98916,13400.0,0.0,13321.98916,13400.0,item:338929,13400.0,13400.0,13400.0,13400.0,,lot_policy_enabled
1271,CMP-00000371-M-1430-item:268967-D667,M-1430,item:268967,delay_input_shortage,input_shortage,1119.156216,107800.0,0.0,1119.156216,107800.0,item:333362,107800.0,107800.0,107800.0,107800.0,,lot_policy_enabled
1271,CMP-00000460-M-1810-item:268091-D807,M-1810,item:268091,delay_input_shortage,input_shortage,12874.471301,13400.0,0.0,12874.471301,13400.0,item:338929,13400.0,13400.0,13400.0,13400.0,,lot_policy_enabled
1272,CMP-00000371-M-1430-item:268967-D667,M-1430,item:268967,delay_input_shortage,input_shortage,918.753692,107800.0,0.0,918.753692,107800.0,item:333362,107800.0,107800.0,107800.0,107800.0,,lot_policy_enabled
1272,CMP-00000460-M-1810-item:268091-D807,M-1810,item:268091,delay_input_shortage,input_shortage,12265.098342,13400.0,0.0,12265.098342,13400.0,item:338929,13400.0,13400.0,13400.0,13400.0,,lot_policy_enabled
1273,CMP-00000371-M-1430-item:268967-D667,M-1430,item:268967,delay_input_shortage,input_shortage,819.620126,107800.0,0.0,819.620126,107800.0,item:333362,107800.0,107800.0,107800.0,107800.0,,lot_policy_enabled
1273,CMP-00000460-M-1810-item:268091-D807,M-1810,item:268091,delay_input_shortage,input_shortage,11623.354362,13400.0,0.0,11623.354362,13400.0,item:338929,13400.0,13400.0,13400.0,13400.0,,lot_policy_enabled
1274,CMP-00000371-M-1430-item:268967-D667,M-1430,item:268967,delay_input_shortage,input_shortage,740.740352,107800.0,0.0,740.740352,107800.0,item:333362,107800.0,107800.0,107800.0,107800.0,,lot_policy_enabled
1274,CMP-00000460-M-1810-item:268091-D807,M-1810,item:268091,delay_input_shortage,input_shortage,10975.136179,13400.0,0.0,10975.136179,13400.0,item:338929,13400.0,13400.0,13400.0,13400.0,,lot_policy_enabled
1275,CMP-00000371-M-1430-item:268967-D667,M-1430,item:268967,delay_input_shortage,input_shortage,665.911336,107800.0,0.0,665.911336,107800.0,item:333362,107800.0,107800.0,107800.0,107800.0,,lot_policy_enabled
1275,CMP-00000460-M-1810-item:268091-D807,M-1810,item:268091,delay_input_shortage,input_shortage,10325.623154,13400.0,0.0,10325.623154,13400.0,item:338929,13400.0,13400.0,13400.0,13400.0,,lot_policy_enabled
1276,CMP-00000371-M-1430-item:268967-D667,M-1430,item:268967,delay_input_shortage,input_shortage,591.892472,107800.0,0.0,591.892472,107800.0,item:333362,107800.0,107800.0,107800.0,107800.0,,lot_policy_enabled
1276,CMP-00000460-M-1810-item:268091-D807,M-1810,item:268091,delay_input_shortage,input_shortage,9675.851162,13400.0,0.0,9675.851162,13400.0,item:338929,13400.0,13400.0,13400.0,13400.0,,lot_policy_enabled
1277,CMP-00000371-M-1430-item:268967-D667,M-1430,item:268967,delay_input_shortage,input_shortage,518.035638,107800.0,0.0,518.035638,107800.0,item:333362,107800.0,107800.0,107800.0,107800.0,,lot_policy_enabled
1277,CMP-00000460-M-1810-item:268091-D807,M-1810,item:268091,delay_input_shortage,input_shortage,9026.027376,13400.0,0.0,9026.027376,13400.0,item:338929,13400.0,13400.0,13400.0,13400.0,,lot_policy_enabled
1278,CMP-00000371-M-1430-item:268967-D667,M-1430,item:268967,delay_input_shortage,input_shortage,647.443862,107800.0,0.0,647.443862,107800.0,item:333362,107800.0,107800.0,107800.0,107800.0,,lot_policy_enabled
1278,CMP-00000460-M-1810-item:268091-D807,M-1810,item:268091,delay_input_shortage,input_shortage,9086.936088,13400.0,0.0,9086.936088,13400.0,item:338929,13400.0,13400.0,13400.0,13400.0,,lot_policy_enabled
1279,CMP-00000371-M-1430-item:268967-D667,M-1430,item:268967,delay_input_shortage,input_shortage,817.505099,107800.0,0.0,817.505099,107800.0,item:333362,107800.0,107800.0,107800.0,107800.0,,lot_policy_enabled
1279,CMP-00000460-M-1810-item:268091-D807,M-1810,item:268091,delay_input_shortage,input_shortage,9289.991299,13400.0,0.0,9289.991299,13400.0,item:338929,13400.0,13400.0,13400.0,13400.0,,lot_policy_enabled
1280,CMP-00000371-M-1430-item:268967-D667,M-1430,item:268967,delay_input_shortage,input_shortage,995.696938,107800.0,0.0,995.696938,107800.0,item:333362,107800.0,107800.0,107800.0,107800.0,,lot_policy_enabled
1280,CMP-00000460-M-1810-item:268091-D807,M-1810,item:268091,delay_input_shortage,input_shortage,9521.475811,13400.0,0.0,9521.475811,13400.0,item:338929,13400.0,13400.0,13400.0,13400.0,,lot_policy_enabled
1281,CMP-00000371-M-1430-item:268967-D667,M-1430,item:268967,delay_input_shortage,input_shortage,1175.514898,107800.0,0.0,1175.514898,107800.0,item:333362,107800.0,107800.0,107800.0,107800.0,,lot_policy_enabled
1281,CMP-00000460-M-1810-item:268091-D807,M-1810,item:268091,delay_input_shortage,input_shortage,9758.646183,13400.0,0.0,9758.646183,13400.0,item:338929,13400.0,13400.0,13400.0,13400.0,,lot_policy_enabled
1282,CMP-00000371-M-1430-item:268967-D667,M-1430,item:268967,delay_input_shortage,input_shortage,1355.658082,107800.0,0.0,1355.658082,107800.0,item:333362,107800.0,107800.0,107800.0,107800.0,,lot_policy_enabled
1282,CMP-00000460-M-1810-item:268091-D807,M-1810,item:268091,delay_input_shortage,input_shortage,9996.953727,13400.0,0.0,9996.953727,13400.0,item:338929,13400.0,13400.0,13400.0,13400.0,,lot_policy_enabled
1283,CMP-00000371-M-1430-item:268967-D667,M-1430,item:268967,delay_input_shortage,input_shortage,1535.86631,107800.0,0.0,1535.86631,107800.0,item:333362,107800.0,107800.0,107800.0,107800.0,,lot_policy_enabled
1283,CMP-00000460-M-1810-item:268091-D807,M-1810,item:268091,delay_input_shortage,input_shortage,10235.488705,13400.0,0.0,10235.488705,13400.0,item:338929,13400.0,13400.0,13400.0,13400.0,,lot_policy_enabled
1284,CMP-00000371-M-1430-item:268967-D667,M-1430,item:268967,delay_input_shortage,input_shortage,1716.087548,107800.0,0.0,1716.087548,107800.0,item:333362,107800.0,107800.0,107800.0,107800.0,,lot_policy_enabled
1284,CMP-00000460-M-1810-item:268091-D807,M-1810,item:268091,delay_input_shortage,input_shortage,10474.06917,13400.0,0.0,10474.06917,13400.0,item:338929,13400.0,13400.0,13400.0,13400.0,,lot_policy_enabled
1285,CMP-00000371-M-1430-item:268967-D667,M-1430,item:268967,delay_input_shortage,input_shortage,2159.331795,107800.0,0.0,2159.331795,107800.0,item:333362,107800.0,107800.0,107800.0,107800.0,,lot_policy_enabled
1285,CMP-00000460-M-1810-item:268091-D807,M-1810,item:268091,delay_input_shortage,input_shortage,10141.164855,13400.0,0.0,10141.164855,13400.0,item:338929,13400.0,13400.0,13400.0,13400.0,,lot_policy_enabled
1286,CMP-00000371-M-1430-item:268967-D667,M-1430,item:268967,delay_input_shortage,input_shortage,2655.180645,107800.0,0.0,2655.180645,107800.0,item:333362,107800.0,107800.0,107800.0,107800.0,,lot_policy_enabled
1286,CMP-00000460-M-1810-item:268091-D807,M-1810,item:268091,delay_input_shortage,input_shortage,9693.963583,13400.0,0.0,9693.963583,13400.0,item:338929,13400.0,13400.0,13400.0,13400.0,,lot_policy_enabled
1287,CMP-00000371-M-1430-item:268967-D667,M-1430,item:268967,delay_input_shortage,input_shortage,3161.550415,107800.0,0.0,3161.550415,107800.0,item:333362,107800.0,107800.0,107800.0,107800.0,,lot_policy_enabled
1287,CMP-00000460-M-1810-item:268091-D807,M-1810,item:268091,delay_input_shortage,input_shortage,9223.902921,13400.0,0.0,9223.902921,13400.0,item:338929,13400.0,13400.0,13400.0,13400.0,,lot_policy_enabled
1288,CMP-00000371-M-1430-item:268967-D667,M-1430,item:268967,delay_input_shortage,input_shortage,3670.024369,107800.0,0.0,3670.024369,107800.0,item:333362,107800.0,107800.0,107800.0,107800.0,,lot_policy_enabled
1288,CMP-00000460-M-1810-item:268091-D807,M-1810,item:268091,delay_input_shortage,input_shortage,8749.27038,13400.0,0.0,8749.27038,13400.0,item:338929,13400.0,13400.0,13400.0,13400.0,,lot_policy_enabled
1289,CMP-00000371-M-1430-item:268967-D667,M-1430,item:268967,delay_input_shortage,input_shortage,4178.919159,107800.0,0.0,4178.919159,107800.0,item:333362,107800.0,107800.0,107800.0,107800.0,,lot_policy_enabled
1289,CMP-00000460-M-1810-item:268091-D807,M-1810,item:268091,delay_input_shortage,input_shortage,8273.723464,13400.0,0.0,8273.723464,13400.0,item:338929,13400.0,13400.0,13400.0,13400.0,,lot_policy_enabled
1290,CMP-00000371-M-1430-item:268967-D667,M-1430,item:268967,delay_input_shortage,input_shortage,4687.898117,107800.0,0.0,4687.898117,107800.0,item:333362,107800.0,107800.0,107800.0,107800.0,,lot_policy_enabled
1290,CMP-00000460-M-1810-item:268091-D807,M-1810,item:268091,delay_input_shortage,input_shortage,7797.993672,13400.0,0.0,7797.993672,13400.0,item:338929,13400.0,13400.0,13400.0,13400.0,,lot_policy_enabled
1291,CMP-00000371-M-1430-item:268967-D667,M-1430,item:268967,delay_input_shortage,input_shortage,5196.893909,107800.0,0.0,5196.893909,107800.0,item:333362,107800.0,107800.0,107800.0,107800.0,,lot_policy_enabled
1291,CMP-00000460-M-1810-item:268091-D807,M-1810,item:268091,delay_input_shortage,input_shortage,7322.227306,13400.0,0.0,7322.227306,13400.0,item:338929,13400.0,13400.0,13400.0,13400.0,,lot_policy_enabled
1292,CMP-00000371-M-1430-item:268967-D667,M-1430,item:268967,delay_input_shortage,input_shortage,5909.468578,107800.0,0.0,5909.468578,107800.0,item:333362,107800.0,107800.0,107800.0,107800.0,,lot_policy_enabled
1292,CMP-00000460-M-1810-item:268091-D807,M-1810,item:268091,delay_input_shortage,input_shortage,7990.959747,13400.0,0.0,7990.959747,13400.0,item:338929,13400.0,13400.0,13400.0,13400.0,,lot_policy_enabled
1293,CMP-00000371-M-1430-item:268967-D667,M-1430,item:268967,delay_input_shortage,input_shortage,6662.759021,107800.0,0.0,6662.759021,107800.0,item:333362,107800.0,107800.0,107800.0,107800.0,,lot_policy_enabled
1293,CMP-00000460-M-1810-item:268091-D807,M-1810,item:268091,delay_input_shortage,input_shortage,8888.591949,13400.0,0.0,8888.591949,13400.0,item:338929,13400.0,13400.0,13400.0,13400.0,,lot_policy_enabled
1294,CMP-00000371-M-1430-item:268967-D667,M-1430,item:268967,delay_input_shortage,input_shortage,7424.19262,107800.0,0.0,7424.19262,107800.0,item:333362,107800.0,107800.0,107800.0,107800.0,,lot_policy_enabled
1294,CMP-00000460-M-1810-item:268091-D807,M-1810,item:268091,delay_input_shortage,input_shortage,9832.004104,13400.0,0.0,9832.004104,13400.0,item:338929,13400.0,13400.0,13400.0,13400.0,,lot_policy_enabled
1295,CMP-00000371-M-1430-item:268967-D667,M-1430,item:268967,delay_input_shortage,input_shortage,8187.25485,107800.0,0.0,8187.25485,107800.0,item:333362,107800.0,107800.0,107800.0,107800.0,,lot_policy_enabled
1295,CMP-00000460-M-1810-item:268091-D807,M-1810,item:268091,delay_input_shortage,input_shortage,10784.572249,13400.0,0.0,10784.572249,13400.0,item:338929,13400.0,13400.0,13400.0,13400.0,,lot_policy_enabled
1296,CMP-00000371-M-1430-item:268967-D667,M-1430,item:268967,delay_input_shortage,input_shortage,8950.642807,107800.0,0.0,8950.642807,107800.0,item:333362,107800.0,107800.0,107800.0,107800.0,,lot_policy_enabled
1296,CMP-00000460-M-1810-item:268091-D807,M-1810,item:268091,delay_input_shortage,input_shortage,11738.971592,13400.0,0.0,11738.971592,13400.0,item:338929,13400.0,13400.0,13400.0,13400.0,,lot_policy_enabled
1297,CMP-00000371-M-1430-item:268967-D667,M-1430,item:268967,delay_input_shortage,input_shortage,9714.095908,107800.0,0.0,9714.095908,107800.0,item:333362,107800.0,107800.0,107800.0,107800.0,,lot_policy_enabled
1297,CMP-00000460-M-1810-item:268091-D807,M-1810,item:268091,delay_input_shortage,input_shortage,12693.737175,13400.0,0.0,12693.737175,13400.0,item:338929,13400.0,13400.0,13400.0,13400.0,,lot_policy_enabled
1298,CMP-00000371-M-1430-item:268967-D667,M-1430,item:268967,delay_input_shortage,input_shortage,10477.562038,107800.0,0.0,10477.562038,107800.0,item:333362,107800.0,107800.0,107800.0,107800.0,,lot_policy_enabled
1298,CMP-00000460-M-1810-item:268091-D807,M-1810,item:268091,delay_input_shortage,input_shortage,13648.576006,13400.0,0.0,13648.576006,13400.0,item:338929,13400.0,13400.0,13400.0,13400.0,,lot_policy_enabled
1299,CMP-00000371-M-1430-item:268967-D667,M-1430,item:268967,delay_input_shortage,input_shortage,10420.491999,107800.0,0.0,10420.491999,107800.0,item:333362,107800.0,107800.0,107800.0,107800.0,,lot_policy_enabled
1299,CMP-00000460-M-1810-item:268091-D807,M-1810,item:268091,delay_input_shortage,input_shortage,13131.004997,13400.0,0.0,13131.004997,13400.0,item:338929,13400.0,13400.0,13400.0,13400.0,,lot_policy_enabled
1300,CMP-00000371-M-1430-item:268967-D667,M-1430,item:268967,delay_input_shortage,input_shortage,10199.314726,107800.0,0.0,10199.314726,107800.0,item:333362,107800.0,107800.0,107800.0,107800.0,,lot_policy_enabled
1300,CMP-00000460-M-1810-item:268091-D807,M-1810,item:268091,delay_input_shortage,input_shortage,12318.95202,13400.0,0.0,12318.95202,13400.0,item:338929,13400.0,13400.0,13400.0,13400.0,,lot_policy_enabled
1301,CMP-00000371-M-1430-item:268967-D667,M-1430,item:268967,delay_input_shortage,input_shortage,9945.316006,107800.0,0.0,9945.316006,107800.0,item:333362,107800.0,107800.0,107800.0,107800.0,,lot_policy_enabled
1301,CMP-00000460-M-1810-item:268091-D807,M-1810,item:268091,delay_input_shortage,input_shortage,11448.002649,13400.0,0.0,11448.002649,13400.0,item:338929,13400.0,13400.0,13400.0,13400.0,,lot_policy_enabled
1302,CMP-00000371-M-1430-item:268967-D667,M-1430,item:268967,delay_input_shortage,input_shortage,9684.752997,107800.0,0.0,9684.752997,107800.0,item:333362,107800.0,107800.0,107800.0,107800.0,,lot_policy_enabled
1302,CMP-00000460-M-1810-item:268091-D807,M-1810,item:268091,delay_input_shortage,input_shortage,10565.273999,13400.0,0.0,10565.273999,13400.0,item:338929,13400.0,13400.0,13400.0,13400.0,,lot_policy_enabled
1303,CMP-00000371-M-1430-item:268967-D667,M-1430,item:268967,delay_input_shortage,input_shortage,9422.87713,107800.0,0.0,9422.87713,107800.0,item:333362,107800.0,107800.0,107800.0,107800.0,,lot_policy_enabled
1303,CMP-00000460-M-1810-item:268091-D807,M-1810,item:268091,delay_input_shortage,input_shortage,9680.189494,13400.0,0.0,9680.189494,13400.0,item:338929,13400.0,13400.0,13400.0,13400.0,,lot_policy_enabled
1304,CMP-00000371-M-1430-item:268967-D667,M-1430,item:268967,delay_input_shortage,input_shortage,9160.738691,107800.0,0.0,9160.738691,107800.0,item:333362,107800.0,107800.0,107800.0,107800.0,,lot_policy_enabled
1304,CMP-00000460-M-1810-item:268091-D807,M-1810,item:268091,delay_input_shortage,input_shortage,8794.633817,13400.0,0.0,8794.633817,13400.0,item:338929,13400.0,13400.0,13400.0,13400.0,,lot_policy_enabled
1305,CMP-00000371-M-1430-item:268967-D667,M-1430,item:268967,delay_input_shortage,input_shortage,8898.547738,107800.0,0.0,8898.547738,107800.0,item:333362,107800.0,107800.0,107800.0,107800.0,,lot_policy_enabled
1305,CMP-00000460-M-1810-item:268091-D807,M-1810,item:268091,delay_input_shortage,input_shortage,7908.983907,13400.0,0.0,7908.983907,13400.0,item:338929,13400.0,13400.0,13400.0,13400.0,,lot_policy_enabled
1306,CMP-00000371-M-1430-item:268967-D667,M-1430,item:268967,delay_input_shortage,input_shortage,7971.758527,107800.0,0.0,7971.758527,107800.0,item:333362,107800.0,107800.0,107800.0,107800.0,,lot_policy_enabled
1306,CMP-00000460-M-1810-item:268091-D807,M-1810,item:268091,delay_input_shortage,input_shortage,7306.74372,13400.0,0.0,7306.74372,13400.0,item:338929,13400.0,13400.0,13400.0,13400.0,,lot_policy_enabled
1307,CMP-00000371-M-1430-item:268967-D667,M-1430,item:268967,delay_input_shortage,input_shortage,6912.049665,107800.0,0.0,6912.049665,107800.0,item:333362,107800.0,107800.0,107800.0,107800.0,,lot_policy_enabled
1307,CMP-00000460-M-1810-item:268091-D807,M-1810,item:268091,delay_input_shortage,input_shortage,6761.185479,13400.0,0.0,6761.185479,13400.0,item:338929,13400.0,13400.0,13400.0,13400.0,,lot_policy_enabled
1308,CMP-00000371-M-1430-item:268967-D667,M-1430,item:268967,delay_input_shortage,input_shortage,5825.756872,107800.0,0.0,5825.756872,107800.0,item:333362,107800.0,107800.0,107800.0,107800.0,,lot_policy_enabled
1308,CMP-00000460-M-1810-item:268091-D807,M-1810,item:268091,delay_input_shortage,input_shortage,6226.963627,13400.0,0.0,6226.963627,13400.0,item:338929,13400.0,13400.0,13400.0,13400.0,,lot_policy_enabled
1309,CMP-00000371-M-1430-item:268967-D667,M-1430,item:268967,delay_input_shortage,input_shortage,4734.147292,107800.0,0.0,4734.147292,107800.0,item:333362,107800.0,107800.0,107800.0,107800.0,,lot_policy_enabled
1309,CMP-00000460-M-1810-item:268091-D807,M-1810,item:268091,delay_input_shortage,input_shortage,5695.009052,13400.0,0.0,5695.009052,13400.0,item:338929,13400.0,13400.0,13400.0,13400.0,,lot_policy_enabled
1310,CMP-00000371-M-1430-item:268967-D667,M-1430,item:268967,delay_input_shortage,input_shortage,3641.474356,107800.0,0.0,3641.474356,107800.0,item:333362,107800.0,107800.0,107800.0,107800.0,,lot_policy_enabled
1310,CMP-00000460-M-1810-item:268091-D807,M-1810,item:268091,delay_input_shortage,input_shortage,5163.507933,13400.0,0.0,5163.507933,13400.0,item:338929,13400.0,13400.0,13400.0,13400.0,,lot_policy_enabled
1311,CMP-00000371-M-1430-item:268967-D667,M-1430,item:268967,delay_input_shortage,input_shortage,2548.588748,107800.0,0.0,2548.588748,107800.0,item:333362,107800.0,107800.0,107800.0,107800.0,,lot_policy_enabled
1311,CMP-00000460-M-1810-item:268091-D807,M-1810,item:268091,delay_input_shortage,input_shortage,4632.097505,13400.0,0.0,4632.097505,13400.0,item:338929,13400.0,13400.0,13400.0,13400.0,,lot_policy_enabled
1312,CMP-00000371-M-1430-item:268967-D667,M-1430,item:268967,delay_input_shortage,input_shortage,1455.660606,107800.0,0.0,1455.660606,107800.0,item:333362,107800.0,107800.0,107800.0,107800.0,,lot_policy_enabled
1312,CMP-00000460-M-1810-item:268091-D807,M-1810,item:268091,delay_input_shortage,input_shortage,4100.705215,13400.0,0.0,4100.705215,13400.0,item:338929,13400.0,13400.0,13400.0,13400.0,,lot_policy_enabled
1313,CMP-00000371-M-1430-item:268967-D667,M-1430,item:268967,delay_input_shortage,input_shortage,1200.062733,107800.0,0.0,1200.062733,107800.0,item:333362,107800.0,107800.0,107800.0,107800.0,,lot_policy_enabled
1313,CMP-00000460-M-1810-item:268091-D807,M-1810,item:268091,delay_input_shortage,input_shortage,4126.0839,13400.0,0.0,4126.0839,13400.0,item:338929,13400.0,13400.0,13400.0,13400.0,,lot_policy_enabled
1314,CMP-00000371-M-1430-item:268967-D667,M-1430,item:268967,delay_input_shortage,input_shortage,1111.930914,107800.0,0.0,1111.930914,107800.0,item:333362,107800.0,107800.0,107800.0,107800.0,,lot_policy_enabled
1314,CMP-00000460-M-1810-item:268091-D807,M-1810,item:268091,delay_input_shortage,input_shortage,4262.81678,13400.0,0.0,4262.81678,13400.0,item:338929,13400.0,13400.0,13400.0,13400.0,,lot_policy_enabled
1315,CMP-00000371-M-1430-item:268967-D667,M-1430,item:268967,delay_input_shortage,input_shortage,1057.292305,107800.0,0.0,1057.292305,107800.0,item:333362,107800.0,107800.0,107800.0,107800.0,,lot_policy_enabled
1315,CMP-00000460-M-1810-item:268091-D807,M-1810,item:268091,delay_input_shortage,input_shortage,4421.820499,13400.0,0.0,4421.820499,13400.0,item:338929,13400.0,13400.0,13400.0,13400.0,,lot_policy_enabled
1316,CMP-00000371-M-1430-item:268967-D667,M-1430,item:268967,delay_input_shortage,input_shortage,1009.352339,107800.0,0.0,1009.352339,107800.0,item:333362,107800.0,107800.0,107800.0,107800.0,,lot_policy_enabled
1316,CMP-00000460-M-1810-item:268091-D807,M-1810,item:268091,delay_input_shortage,input_shortage,4585.278386,13400.0,0.0,4585.278386,13400.0,item:338929,13400.0,13400.0,13400.0,13400.0,,lot_policy_enabled
1317,CMP-00000371-M-1430-item:268967-D667,M-1430,item:268967,delay_input_shortage,input_shortage,962.752101,107800.0,0.0,962.752101,107800.0,item:333362,107800.0,107800.0,107800.0,107800.0,,lot_policy_enabled
1317,CMP-00000460-M-1810-item:268091-D807,M-1810,item:268091,delay_input_shortage,input_shortage,4749.627106,13400.0,0.0,4749.627106,13400.0,item:338929,13400.0,13400.0,13400.0,13400.0,,lot_policy_enabled
1318,CMP-00000371-M-1430-item:268967-D667,M-1430,item:268967,delay_input_shortage,input_shortage,916.419808,107800.0,0.0,916.419808,107800.0,item:333362,107800.0,107800.0,107800.0,107800.0,,lot_policy_enabled
1318,CMP-00000460-M-1810-item:268091-D807,M-1810,item:268091,delay_input_shortage,input_shortage,4914.153993,13400.0,0.0,4914.153993,13400.0,item:338929,13400.0,13400.0,13400.0,13400.0,,lot_policy_enabled
1319,CMP-00000371-M-1430-item:268967-D667,M-1430,item:268967,delay_input_shortage,input_shortage,870.141105,107800.0,0.0,870.141105,107800.0,item:333362,107800.0,107800.0,107800.0,107800.0,,lot_policy_enabled
1319,CMP-00000460-M-1810-item:268091-D807,M-1810,item:268091,delay_input_shortage,input_shortage,5078.716513,13400.0,0.0,5078.716513,13400.0,item:338929,13400.0,13400.0,13400.0,13400.0,,lot_policy_enabled
1320,CMP-00000371-M-1430-item:268967-D667,M-1430,item:268967,delay_input_shortage,input_shortage,1150.811895,107800.0,0.0,1150.811895,107800.0,item:333362,107800.0,107800.0,107800.0,107800.0,,lot_policy_enabled
1320,CMP-00000460-M-1810-item:268091-D807,M-1810,item:268091,delay_input_shortage,input_shortage,5133.490241,13400.0,0.0,5133.490241,13400.0,item:338929,13400.0,13400.0,13400.0,13400.0,,lot_policy_enabled
1321,CMP-00000371-M-1430-item:268967-D667,M-1430,item:268967,delay_input_shortage,input_shortage,1496.872583,107800.0,0.0,1496.872583,107800.0,item:333362,107800.0,107800.0,107800.0,107800.0,,lot_policy_enabled
1321,CMP-00000460-M-1810-item:268091-D807,M-1810,item:268091,delay_input_shortage,input_shortage,5166.306212,13400.0,0.0,5166.306212,13400.0,item:338929,13400.0,13400.0,13400.0,13400.0,,lot_policy_enabled
1322,CMP-00000371-M-1430-item:268967-D667,M-1430,item:268967,delay_input_shortage,input_shortage,1856.011251,107800.0,0.0,1856.011251,107800.0,item:333362,107800.0,107800.0,107800.0,107800.0,,lot_policy_enabled
1322,CMP-00000460-M-1810-item:268091-D807,M-1810,item:268091,delay_input_shortage,input_shortage,5194.73063,13400.0,0.0,5194.73063,13400.0,item:338929,13400.0,13400.0,13400.0,13400.0,,lot_policy_enabled
1323,CMP-00000371-M-1430-item:268967-D667,M-1430,item:268967,delay_input_shortage,input_shortage,2217.765516,107800.0,0.0,2217.765516,107800.0,item:333362,107800.0,107800.0,107800.0,107800.0,,lot_policy_enabled
1323,CMP-00000460-M-1810-item:268091-D807,M-1810,item:268091,delay_input_shortage,input_shortage,5222.276738,13400.0,0.0,5222.276738,13400.0,item:338929,13400.0,13400.0,13400.0,13400.0,,lot_policy_enabled
1324,CMP-00000371-M-1430-item:268967-D667,M-1430,item:268967,delay_input_shortage,input_shortage,2580.042899,107800.0,0.0,2580.042899,107800.0,item:333362,107800.0,107800.0,107800.0,107800.0,,lot_policy_enabled
1324,CMP-00000460-M-1810-item:268091-D807,M-1810,item:268091,delay_input_shortage,input_shortage,5249.647184,13400.0,0.0,5249.647184,13400.0,item:338929,13400.0,13400.0,13400.0,13400.0,,lot_policy_enabled
1325,CMP-00000371-M-1430-item:268967-D667,M-1430,item:268967,delay_input_shortage,input_shortage,2942.424906,107800.0,0.0,2942.424906,107800.0,item:333362,107800.0,107800.0,107800.0,107800.0,,lot_policy_enabled
1325,CMP-00000460-M-1810-item:268091-D807,M-1810,item:268091,delay_input_shortage,input_shortage,5276.982498,13400.0,0.0,5276.982498,13400.0,item:338929,13400.0,13400.0,13400.0,13400.0,,lot_policy_enabled
1326,CMP-00000371-M-1430-item:268967-D667,M-1430,item:268967,delay_input_shortage,input_shortage,3304.827838,107800.0,0.0,3304.827838,107800.0,item:333362,107800.0,107800.0,107800.0,107800.0,,lot_policy_enabled
1326,CMP-00000460-M-1810-item:268091-D807,M-1810,item:268091,delay_input_shortage,input_shortage,5304.310785,13400.0,0.0,5304.310785,13400.0,item:338929,13400.0,13400.0,13400.0,13400.0,,lot_policy_enabled
1327,CMP-00000371-M-1430-item:268967-D667,M-1430,item:268967,delay_input_shortage,input_shortage,4258.026792,107800.0,0.0,4258.026792,107800.0,item:333362,107800.0,107800.0,107800.0,107800.0,,lot_policy_enabled
1327,CMP-00000460-M-1810-item:268091-D807,M-1810,item:268091,delay_input_shortage,input_shortage,5991.572361,13400.0,0.0,5991.572361,13400.0,item:338929,13400.0,13400.0,13400.0,13400.0,,lot_policy_enabled
1328,CMP-00000371-M-1430-item:268967-D667,M-1430,item:268967,delay_input_shortage,input_shortage,5329.38495,107800.0,0.0,5329.38495,107800.0,item:333362,107800.0,107800.0,107800.0,107800.0,,lot_policy_enabled
1328,CMP-00000460-M-1810-item:268091-D807,M-1810,item:268091,delay_input_shortage,input_shortage,6810.820595,13400.0,0.0,6810.820595,13400.0,item:338929,13400.0,13400.0,13400.0,13400.0,,lot_policy_enabled
1329,CMP-00000371-M-1430-item:268967-D667,M-1430,item:268967,delay_input_shortage,input_shortage,6424.374949,107800.0,0.0,6424.374949,107800.0,item:333362,107800.0,107800.0,107800.0,107800.0,,lot_policy_enabled
1329,CMP-00000460-M-1810-item:268091-D807,M-1810,item:268091,delay_input_shortage,input_shortage,7656.46616,13400.0,0.0,7656.46616,13400.0,item:338929,13400.0,13400.0,13400.0,13400.0,,lot_policy_enabled
1330,CMP-00000371-M-1430-item:268967-D667,M-1430,item:268967,delay_input_shortage,input_shortage,7524.091316,107800.0,0.0,7524.091316,107800.0,item:333362,107800.0,107800.0,107800.0,107800.0,,lot_policy_enabled
1330,CMP-00000460-M-1810-item:268091-D807,M-1810,item:268091,delay_input_shortage,input_shortage,8507.391191,13400.0,0.0,8507.391191,13400.0,item:338929,13400.0,13400.0,13400.0,13400.0,,lot_policy_enabled
1331,CMP-00000371-M-1430-item:268967-D667,M-1430,item:268967,delay_input_shortage,input_shortage,8624.752957,107800.0,0.0,8624.752957,107800.0,item:333362,107800.0,107800.0,107800.0,107800.0,,lot_policy_enabled
1331,CMP-00000460-M-1810-item:268091-D807,M-1810,item:268091,delay_input_shortage,input_shortage,9359.372116,13400.0,0.0,9359.372116,13400.0,item:338929,13400.0,13400.0,13400.0,13400.0,,lot_policy_enabled
1332,CMP-00000371-M-1430-item:268967-D667,M-1430,item:268967,delay_input_shortage,input_shortage,9725.603653,107800.0,0.0,9725.603653,107800.0,item:333362,107800.0,107800.0,107800.0,107800.0,,lot_policy_enabled
1332,CMP-00000460-M-1810-item:268091-D807,M-1810,item:268091,delay_input_shortage,input_shortage,10211.564219,13400.0,0.0,10211.564219,13400.0,item:338929,13400.0,13400.0,13400.0,13400.0,,lot_policy_enabled
1333,CMP-00000371-M-1430-item:268967-D667,M-1430,item:268967,delay_input_shortage,input_shortage,10826.492159,107800.0,0.0,10826.492159,107800.0,item:333362,107800.0,107800.0,107800.0,107800.0,,lot_policy_enabled
1333,CMP-00000460-M-1810-item:268091-D807,M-1810,item:268091,delay_input_shortage,input_shortage,11063.798558,13400.0,0.0,11063.798558,13400.0,item:338929,13400.0,13400.0,13400.0,13400.0,,lot_policy_enabled
1334,CMP-00000371-M-1430-item:268967-D667,M-1430,item:268967,delay_input_shortage,input_shortage,9841.200473,107800.0,0.0,9841.200473,107800.0,item:333362,107800.0,107800.0,107800.0,107800.0,,lot_policy_enabled
1334,CMP-00000460-M-1810-item:268091-D807,M-1810,item:268091,delay_input_shortage,input_shortage,11033.918895,13400.0,0.0,11033.918895,13400.0,item:338929,13400.0,13400.0,13400.0,13400.0,,lot_policy_enabled
1335,CMP-00000371-M-1430-item:268967-D667,M-1430,item:268967,delay_input_shortage,input_shortage,8438.672748,107800.0,0.0,8438.672748,107800.0,item:333362,107800.0,107800.0,107800.0,107800.0,,lot_policy_enabled
1335,CMP-00000460-M-1810-item:268091-D807,M-1810,item:268091,delay_input_shortage,input_shortage,10827.616432,13400.0,0.0,10827.616432,13400.0,item:338929,13400.0,13400.0,13400.0,13400.0,,lot_policy_enabled
1336,CMP-00000371-M-1430-item:268967-D667,M-1430,item:268967,delay_input_shortage,input_shortage,6952.697815,107800.0,0.0,6952.697815,107800.0,item:333362,107800.0,107800.0,107800.0,107800.0,,lot_policy_enabled
1336,CMP-00000460-M-1810-item:268091-D807,M-1810,item:268091,delay_input_shortage,input_shortage,10586.029409,13400.0,0.0,10586.029409,13400.0,item:338929,13400.0,13400.0,13400.0,13400.0,,lot_policy_enabled
1337,CMP-00000371-M-1430-item:268967-D667,M-1430,item:268967,delay_input_shortage,input_shortage,5450.033441,107800.0,0.0,5450.033441,107800.0,item:333362,107800.0,107800.0,107800.0,107800.0,,lot_policy_enabled
1337,CMP-00000460-M-1810-item:268091-D807,M-1810,item:268091,delay_input_shortage,input_shortage,10337.385474,13400.0,0.0,10337.385474,13400.0,item:338929,13400.0,13400.0,13400.0,13400.0,,lot_policy_enabled
1338,CMP-00000371-M-1430-item:268967-D667,M-1430,item:268967,delay_input_shortage,input_shortage,3944.031178,107800.0,0.0,3944.031178,107800.0,item:333362,107800.0,107800.0,107800.0,107800.0,,lot_policy_enabled
1338,CMP-00000460-M-1810-item:268091-D807,M-1810,item:268091,delay_input_shortage,input_shortage,10087.330156,13400.0,0.0,10087.330156,13400.0,item:338929,13400.0,13400.0,13400.0,13400.0,,lot_policy_enabled
1339,CMP-00000371-M-1430-item:268967-D667,M-1430,item:268967,delay_input_shortage,input_shortage,2437.361338,107800.0,0.0,2437.361338,107800.0,item:333362,107800.0,107800.0,107800.0,107800.0,,lot_policy_enabled
1339,CMP-00000460-M-1810-item:268091-D807,M-1810,item:268091,delay_input_shortage,input_shortage,9836.992562,13400.0,0.0,9836.992562,13400.0,item:338929,13400.0,13400.0,13400.0,13400.0,,lot_policy_enabled
1340,CMP-00000371-M-1430-item:268967-D667,M-1430,item:268967,delay_input_shortage,input_shortage,930.557982,107800.0,0.0,930.557982,107800.0,item:333362,107800.0,107800.0,107800.0,107800.0,,lot_policy_enabled
1340,CMP-00000460-M-1810-item:268091-D807,M-1810,item:268091,delay_input_shortage,input_shortage,9586.598512,13400.0,0.0,9586.598512,13400.0,item:338929,13400.0,13400.0,13400.0,13400.0,,lot_policy_enabled
1341,CMP-00000371-M-1430-item:268967-D667,M-1430,item:268967,delay_input_shortage,input_shortage,912.185066,107800.0,0.0,912.185066,107800.0,item:333362,107800.0,107800.0,107800.0,107800.0,,lot_policy_enabled
1341,CMP-00000460-M-1810-item:268091-D807,M-1810,item:268091,delay_input_shortage,input_shortage,9486.936029,13400.0,0.0,9486.936029,13400.0,item:338929,13400.0,13400.0,13400.0,13400.0,,lot_policy_enabled
1342,CMP-00000371-M-1430-item:268967-D667,M-1430,item:268967,delay_input_shortage,input_shortage,1191.498238,107800.0,0.0,1191.498238,107800.0,item:333362,107800.0,107800.0,107800.0,107800.0,,lot_policy_enabled
1342,CMP-00000460-M-1810-item:268091-D807,M-1810,item:268091,delay_input_shortage,input_shortage,9417.419859,13400.0,0.0,9417.419859,13400.0,item:338929,13400.0,13400.0,13400.0,13400.0,,lot_policy_enabled
1343,CMP-00000371-M-1430-item:268967-D667,M-1430,item:268967,delay_input_shortage,input_shortage,1530.348627,107800.0,0.0,1530.348627,107800.0,item:333362,107800.0,107800.0,107800.0,107800.0,,lot_policy_enabled
1343,CMP-00000460-M-1810-item:268091-D807,M-1810,item:268091,delay_input_shortage,input_shortage,9353.932951,13400.0,0.0,9353.932951,13400.0,item:338929,13400.0,13400.0,13400.0,13400.0,,lot_policy_enabled
1344,CMP-00000371-M-1430-item:268967-D667,M-1430,item:268967,delay_input_shortage,input_shortage,1881.10646,107800.0,0.0,1881.10646,107800.0,item:333362,107800.0,107800.0,107800.0,107800.0,,lot_policy_enabled
1344,CMP-00000460-M-1810-item:268091-D807,M-1810,item:268091,delay_input_shortage,input_shortage,9291.651896,13400.0,0.0,9291.651896,13400.0,item:338929,13400.0,13400.0,13400.0,13400.0,,lot_policy_enabled
1345,CMP-00000371-M-1430-item:268967-D667,M-1430,item:268967,delay_input_shortage,input_shortage,2234.245782,107800.0,0.0,2234.245782,107800.0,item:333362,107800.0,107800.0,107800.0,107800.0,,lot_policy_enabled
1345,CMP-00000460-M-1810-item:268091-D807,M-1810,item:268091,delay_input_shortage,input_shortage,9229.612012,13400.0,0.0,9229.612012,13400.0,item:338929,13400.0,13400.0,13400.0,13400.0,,lot_policy_enabled
1346,CMP-00000371-M-1430-item:268967-D667,M-1430,item:268967,delay_input_shortage,input_shortage,2587.861401,107800.0,0.0,2587.861401,107800.0,item:333362,107800.0,107800.0,107800.0,107800.0,,lot_policy_enabled
1346,CMP-00000460-M-1810-item:268091-D807,M-1810,item:268091,delay_input_shortage,input_shortage,9167.620361,13400.0,0.0,9167.620361,13400.0,item:338929,13400.0,13400.0,13400.0,13400.0,,lot_policy_enabled
1347,CMP-00000371-M-1430-item:268967-D667,M-1430,item:268967,delay_input_shortage,input_shortage,2941.57228,107800.0,0.0,2941.57228,107800.0,item:333362,107800.0,107800.0,107800.0,107800.0,,lot_policy_enabled
1347,CMP-00000460-M-1810-item:268091-D807,M-1810,item:268091,delay_input_shortage,input_shortage,9105.638358,13400.0,0.0,9105.638358,13400.0,item:338929,13400.0,13400.0,13400.0,13400.0,,lot_policy_enabled
1348,CMP-00000371-M-1430-item:268967-D667,M-1430,item:268967,delay_input_shortage,input_shortage,3068.29813,107800.0,0.0,3068.29813,107800.0,item:333362,107800.0,107800.0,107800.0,107800.0,,lot_policy_enabled
1348,CMP-00000460-M-1810-item:268091-D807,M-1810,item:268091,delay_input_shortage,input_shortage,9212.915427,13400.0,0.0,9212.915427,13400.0,item:338929,13400.0,13400.0,13400.0,13400.0,,lot_policy_enabled
1349,CMP-00000371-M-1430-item:268967-D667,M-1430,item:268967,delay_input_shortage,input_shortage,3149.626973,107800.0,0.0,3149.626973,107800.0,item:333362,107800.0,107800.0,107800.0,107800.0,,lot_policy_enabled
1349,CMP-00000460-M-1810-item:268091-D807,M-1810,item:268091,delay_input_shortage,input_shortage,9354.04431,13400.0,0.0,9354.04431,13400.0,item:338929,13400.0,13400.0,13400.0,13400.0,,lot_policy_enabled
1350,CMP-00000371-M-1430-item:268967-D667,M-1430,item:268967,delay_input_shortage,input_shortage,3221.876415,107800.0,0.0,3221.876415,107800.0,item:333362,107800.0,107800.0,107800.0,107800.0,,lot_policy_enabled
1350,CMP-00000460-M-1810-item:268091-D807,M-1810,item:268091,delay_input_shortage,input_shortage,9501.943556,13400.0,0.0,9501.943556,13400.0,item:338929,13400.0,13400.0,13400.0,13400.0,,lot_policy_enabled
1351,CMP-00000371-M-1430-item:268967-D667,M-1430,item:268967,delay_input_shortage,input_shortage,3292.309977,107800.0,0.0,3292.309977,107800.0,item:333362,107800.0,107800.0,107800.0,107800.0,,lot_policy_enabled
1351,CMP-00000460-M-1810-item:268091-D807,M-1810,item:268091,delay_input_shortage,input_shortage,9651.196874,13400.0,0.0,9651.196874,13400.0,item:338929,13400.0,13400.0,13400.0,13400.0,,lot_policy_enabled
1352,CMP-00000371-M-1430-item:268967-D667,M-1430,item:268967,delay_input_shortage,input_shortage,3362.380363,107800.0,0.0,3362.380363,107800.0,item:333362,107800.0,107800.0,107800.0,107800.0,,lot_policy_enabled
1352,CMP-00000460-M-1810-item:268091-D807,M-1810,item:268091,delay_input_shortage,input_shortage,9800.721007,13400.0,0.0,9800.721007,13400.0,item:338929,13400.0,13400.0,13400.0,13400.0,,lot_policy_enabled
1353,CMP-00000371-M-1430-item:268967-D667,M-1430,item:268967,delay_input_shortage,input_shortage,3432.378113,107800.0,0.0,3432.378113,107800.0,item:333362,107800.0,107800.0,107800.0,107800.0,,lot_policy_enabled
1353,CMP-00000460-M-1810-item:268091-D807,M-1810,item:268091,delay_input_shortage,input_shortage,9950.299303,13400.0,0.0,9950.299303,13400.0,item:338929,13400.0,13400.0,13400.0,13400.0,,lot_policy_enabled
1354,CMP-00000371-M-1430-item:268967-D667,M-1430,item:268967,delay_input_shortage,input_shortage,3502.361337,107800.0,0.0,3502.361337,107800.0,item:333362,107800.0,107800.0,107800.0,107800.0,,lot_policy_enabled
1354,CMP-00000460-M-1810-item:268091-D807,M-1810,item:268091,delay_input_shortage,input_shortage,10099.888432,13400.0,0.0,10099.888432,13400.0,item:338929,13400.0,13400.0,13400.0,13400.0,,lot_policy_enabled
1355,CMP-00000371-M-1430-item:268967-D667,M-1430,item:268967,delay_input_shortage,input_shortage,3821.337574,107800.0,0.0,3821.337574,107800.0,item:333362,107800.0,107800.0,107800.0,107800.0,,lot_policy_enabled
1355,CMP-00000460-M-1810-item:268091-D807,M-1810,item:268091,delay_input_shortage,input_shortage,10479.96136,13400.0,0.0,10479.96136,13400.0,item:338929,13400.0,13400.0,13400.0,13400.0,,lot_policy_enabled
1356,CMP-00000371-M-1430-item:268967-D667,M-1430,item:268967,delay_input_shortage,input_shortage,4190.112413,107800.0,0.0,4190.112413,107800.0,item:333362,107800.0,107800.0,107800.0,107800.0,,lot_policy_enabled
1356,CMP-00000460-M-1810-item:268091-D807,M-1810,item:268091,delay_input_shortage,input_shortage,10906.131047,13400.0,0.0,10906.131047,13400.0,item:338929,13400.0,13400.0,13400.0,13400.0,,lot_policy_enabled
1357,CMP-00000371-M-1430-item:268967-D667,M-1430,item:268967,delay_input_shortage,input_shortage,4568.846972,107800.0,0.0,4568.846972,107800.0,item:333362,107800.0,107800.0,107800.0,107800.0,,lot_policy_enabled
1357,CMP-00000460-M-1810-item:268091-D807,M-1810,item:268091,delay_input_shortage,input_shortage,11341.520087,13400.0,0.0,11341.520087,13400.0,item:338929,13400.0,13400.0,13400.0,13400.0,,lot_policy_enabled
1358,CMP-00000371-M-1430-item:268967-D667,M-1430,item:268967,delay_input_shortage,input_shortage,4949.573476,107800.0,0.0,4949.573476,107800.0,item:333362,107800.0,107800.0,107800.0,107800.0,,lot_policy_enabled
1358,CMP-00000460-M-1810-item:268091-D807,M-1810,item:268091,delay_input_shortage,input_shortage,11778.752997,13400.0,0.0,11778.752997,13400.0,item:338929,13400.0,13400.0,13400.0,13400.0,,lot_policy_enabled
1359,CMP-00000371-M-1430-item:268967-D667,M-1430,item:268967,delay_input_shortage,input_shortage,5330.698368,107800.0,0.0,5330.698368,107800.0,item:333362,107800.0,107800.0,107800.0,107800.0,,lot_policy_enabled
1359,CMP-00000460-M-1810-item:268091-D807,M-1810,item:268091,delay_input_shortage,input_shortage,12216.354681,13400.0,0.0,12216.354681,13400.0,item:338929,13400.0,13400.0,13400.0,13400.0,,lot_policy_enabled
1360,CMP-00000371-M-1430-item:268967-D667,M-1430,item:268967,delay_input_shortage,input_shortage,5711.902939,107800.0,0.0,5711.902939,107800.0,item:333362,107800.0,107800.0,107800.0,107800.0,,lot_policy_enabled
1360,CMP-00000460-M-1810-item:268091-D807,M-1810,item:268091,delay_input_shortage,input_shortage,12654.03012,13400.0,0.0,12654.03012,13400.0,item:338929,13400.0,13400.0,13400.0,13400.0,,lot_policy_enabled
1361,CMP-00000371-M-1430-item:268967-D667,M-1430,item:268967,delay_input_shortage,input_shortage,6093.123445,107800.0,0.0,6093.123445,107800.0,item:333362,107800.0,107800.0,107800.0,107800.0,,lot_policy_enabled
1361,CMP-00000460-M-1810-item:268091-D807,M-1810,item:268091,delay_input_shortage,input_shortage,13091.72031,13400.0,0.0,13091.72031,13400.0,item:338929,13400.0,13400.0,13400.0,13400.0,,lot_policy_enabled
1362,CMP-00000371-M-1430-item:268967-D667,M-1430,item:268967,delay_input_shortage,input_shortage,5705.334893,107800.0,0.0,5705.334893,107800.0,item:333362,107800.0,107800.0,107800.0,107800.0,,lot_policy_enabled
1362,CMP-00000460-M-1810-item:268091-D807,M-1810,item:268091,delay_input_shortage,input_shortage,12561.250184,13400.0,0.0,12561.250184,13400.0,item:338929,13400.0,13400.0,13400.0,13400.0,,lot_policy_enabled
1363,CMP-00000371-M-1430-item:268967-D667,M-1430,item:268967,delay_input_shortage,input_shortage,5163.744529,107800.0,0.0,5163.744529,107800.0,item:333362,107800.0,107800.0,107800.0,107800.0,,lot_policy_enabled
1363,CMP-00000460-M-1810-item:268091-D807,M-1810,item:268091,delay_input_shortage,input_shortage,11837.147996,13400.0,0.0,11837.147996,13400.0,item:338929,13400.0,13400.0,13400.0,13400.0,,lot_policy_enabled
1364,CMP-00000371-M-1430-item:268967-D667,M-1430,item:268967,delay_input_shortage,input_shortage,4591.393804,107800.0,0.0,4591.393804,107800.0,item:333362,107800.0,107800.0,107800.0,107800.0,,lot_policy_enabled
1364,CMP-00000460-M-1810-item:268091-D807,M-1810,item:268091,delay_input_shortage,input_shortage,11074.319395,13400.0,0.0,11074.319395,13400.0,item:338929,13400.0,13400.0,13400.0,13400.0,,lot_policy_enabled
1365,CMP-00000371-M-1430-item:268967-D667,M-1430,item:268967,delay_input_shortage,input_shortage,4012.891005,107800.0,0.0,4012.891005,107800.0,item:333362,107800.0,107800.0,107800.0,107800.0,,lot_policy_enabled
1365,CMP-00000460-M-1810-item:268091-D807,M-1810,item:268091,delay_input_shortage,input_shortage,10303.745512,13400.0,0.0,10303.745512,13400.0,item:338929,13400.0,13400.0,13400.0,13400.0,,lot_policy_enabled
1366,CMP-00000371-M-1430-item:268967-D667,M-1430,item:268967,delay_input_shortage,input_shortage,3433.157793,107800.0,0.0,3433.157793,107800.0,item:333362,107800.0,107800.0,107800.0,107800.0,,lot_policy_enabled
1366,CMP-00000460-M-1810-item:268091-D807,M-1810,item:268091,delay_input_shortage,input_shortage,9531.622572,13400.0,0.0,9531.622572,13400.0,item:338929,13400.0,13400.0,13400.0,13400.0,,lot_policy_enabled
1367,CMP-00000371-M-1430-item:268967-D667,M-1430,item:268967,delay_input_shortage,input_shortage,2853.178497,107800.0,0.0,2853.178497,107800.0,item:333362,107800.0,107800.0,107800.0,107800.0,,lot_policy_enabled
1367,CMP-00000460-M-1810-item:268091-D807,M-1810,item:268091,delay_input_shortage,input_shortage,8759.189821,13400.0,0.0,8759.189821,13400.0,item:338929,13400.0,13400.0,13400.0,13400.0,,lot_policy_enabled
1368,CMP-00000371-M-1430-item:268967-D667,M-1430,item:268967,delay_input_shortage,input_shortage,2273.149985,107800.0,0.0,2273.149985,107800.0,item:333362,107800.0,107800.0,107800.0,107800.0,,lot_policy_enabled
1368,CMP-00000460-M-1810-item:268091-D807,M-1810,item:268091,delay_input_shortage,input_shortage,7986.695107,13400.0,0.0,7986.695107,13400.0,item:338929,13400.0,13400.0,13400.0,13400.0,,lot_policy_enabled
1369,CMP-00000371-M-1430-item:268967-D667,M-1430,item:268967,delay_input_shortage,input_shortage,2370.891221,107800.0,0.0,2370.891221,107800.0,item:333362,107800.0,107800.0,107800.0,107800.0,,lot_policy_enabled
1369,CMP-00000460-M-1810-item:268091-D807,M-1810,item:268091,delay_input_shortage,input_shortage,7996.914532,13400.0,0.0,7996.914532,13400.0,item:338929,13400.0,13400.0,13400.0,13400.0,,lot_policy_enabled
1370,CMP-00000371-M-1430-item:268967-D667,M-1430,item:268967,delay_input_shortage,input_shortage,2604.186407,107800.0,0.0,2604.186407,107800.0,item:333362,107800.0,107800.0,107800.0,107800.0,,lot_policy_enabled
1370,CMP-00000460-M-1810-item:268091-D807,M-1810,item:268091,delay_input_shortage,input_shortage,8163.676784,13400.0,0.0,8163.676784,13400.0,item:338929,13400.0,13400.0,13400.0,13400.0,,lot_policy_enabled
1371,CMP-00000371-M-1430-item:268967-D667,M-1430,item:268967,delay_input_shortage,input_shortage,2864.592383,107800.0,0.0,2864.592383,107800.0,item:333362,107800.0,107800.0,107800.0,107800.0,,lot_policy_enabled
1371,CMP-00000460-M-1810-item:268091-D807,M-1810,item:268091,delay_input_shortage,input_shortage,8361.747602,13400.0,0.0,8361.747602,13400.0,item:338929,13400.0,13400.0,13400.0,13400.0,,lot_policy_enabled
1372,CMP-00000371-M-1430-item:268967-D667,M-1430,item:268967,delay_input_shortage,input_shortage,3130.420517,107800.0,0.0,3130.420517,107800.0,item:333362,107800.0,107800.0,107800.0,107800.0,,lot_policy_enabled
1372,CMP-00000460-M-1810-item:268091-D807,M-1810,item:268091,delay_input_shortage,input_shortage,8566.080133,13400.0,0.0,8566.080133,13400.0,item:338929,13400.0,13400.0,13400.0,13400.0,,lot_policy_enabled
1373,CMP-00000371-M-1430-item:268967-D667,M-1430,item:268967,delay_input_shortage,input_shortage,3397.333083,107800.0,0.0,3397.333083,107800.0,item:333362,107800.0,107800.0,107800.0,107800.0,,lot_policy_enabled
1373,CMP-00000460-M-1810-item:268091-D807,M-1810,item:268091,delay_input_shortage,input_shortage,8771.665006,13400.0,0.0,8771.665006,13400.0,item:338929,13400.0,13400.0,13400.0,13400.0,,lot_policy_enabled
1374,CMP-00000371-M-1430-item:268967-D667,M-1430,item:268967,delay_input_shortage,input_shortage,3664.462535,107800.0,0.0,3664.462535,107800.0,item:333362,107800.0,107800.0,107800.0,107800.0,,lot_policy_enabled
1374,CMP-00000460-M-1810-item:268091-D807,M-1810,item:268091,delay_input_shortage,input_shortage,8977.500348,13400.0,0.0,8977.500348,13400.0,item:338929,13400.0,13400.0,13400.0,13400.0,,lot_policy_enabled
1375,CMP-00000371-M-1430-item:268967-D667,M-1430,item:268967,delay_input_shortage,input_shortage,3931.635364,107800.0,0.0,3931.635364,107800.0,item:333362,107800.0,107800.0,107800.0,107800.0,,lot_policy_enabled
1375,CMP-00000460-M-1810-item:268091-D807,M-1810,item:268091,delay_input_shortage,input_shortage,9183.385784,13400.0,0.0,9183.385784,13400.0,item:338929,13400.0,13400.0,13400.0,13400.0,,lot_policy_enabled
1376,CMP-00000371-M-1430-item:268967-D667,M-1430,item:268967,delay_input_shortage,input_shortage,4050.800542,107800.0,0.0,4050.800542,107800.0,item:333362,107800.0,107800.0,107800.0,107800.0,,lot_policy_enabled
1376,CMP-00000460-M-1810-item:268091-D807,M-1810,item:268091,delay_input_shortage,input_shortage,9345.673075,13400.0,0.0,9345.673075,13400.0,item:338929,13400.0,13400.0,13400.0,13400.0,,lot_policy_enabled
1377,CMP-00000371-M-1430-item:268967-D667,M-1430,item:268967,delay_input_shortage,input_shortage,4140.36419,107800.0,0.0,4140.36419,107800.0,item:333362,107800.0,107800.0,107800.0,107800.0,,lot_policy_enabled
1377,CMP-00000460-M-1810-item:268091-D807,M-1810,item:268091,delay_input_shortage,input_shortage,9499.240738,13400.0,0.0,9499.240738,13400.0,item:338929,13400.0,13400.0,13400.0,13400.0,,lot_policy_enabled
1378,CMP-00000371-M-1430-item:268967-D667,M-1430,item:268967,delay_input_shortage,input_shortage,4224.007532,107800.0,0.0,4224.007532,107800.0,item:333362,107800.0,107800.0,107800.0,107800.0,,lot_policy_enabled
1378,CMP-00000460-M-1810-item:268091-D807,M-1810,item:268091,delay_input_shortage,input_shortage,9651.064474,13400.0,0.0,9651.064474,13400.0,item:338929,13400.0,13400.0,13400.0,13400.0,,lot_policy_enabled
1379,CMP-00000371-M-1430-item:268967-D667,M-1430,item:268967,delay_input_shortage,input_shortage,4306.466813,107800.0,0.0,4306.466813,107800.0,item:333362,107800.0,107800.0,107800.0,107800.0,,lot_policy_enabled
1379,CMP-00000460-M-1810-item:268091-D807,M-1810,item:268091,delay_input_shortage,input_shortage,9802.539426,13400.0,0.0,9802.539426,13400.0,item:338929,13400.0,13400.0,13400.0,13400.0,,lot_policy_enabled
1380,CMP-00000371-M-1430-item:268967-D667,M-1430,item:268967,delay_input_shortage,input_shortage,4388.689281,107800.0,0.0,4388.689281,107800.0,item:333362,107800.0,107800.0,107800.0,107800.0,,lot_policy_enabled
1380,CMP-00000460-M-1810-item:268091-D807,M-1810,item:268091,delay_input_shortage,input_shortage,9953.94462,13400.0,0.0,9953.94462,13400.0,item:338929,13400.0,13400.0,13400.0,13400.0,,lot_policy_enabled
1381,CMP-00000371-M-1430-item:268967-D667,M-1430,item:268967,delay_input_shortage,input_shortage,4470.864387,107800.0,0.0,4470.864387,107800.0,item:333362,107800.0,107800.0,107800.0,107800.0,,lot_policy_enabled
1381,CMP-00000460-M-1810-item:268091-D807,M-1810,item:268091,delay_input_shortage,input_shortage,10105.335863,13400.0,0.0,10105.335863,13400.0,item:338929,13400.0,13400.0,13400.0,13400.0,,lot_policy_enabled
1382,CMP-00000371-M-1430-item:268967-D667,M-1430,item:268967,delay_input_shortage,input_shortage,4553.030021,107800.0,0.0,4553.030021,107800.0,item:333362,107800.0,107800.0,107800.0,107800.0,,lot_policy_enabled
1382,CMP-00000460-M-1810-item:268091-D807,M-1810,item:268091,delay_input_shortage,input_shortage,10256.724316,13400.0,0.0,10256.724316,13400.0,item:338929,13400.0,13400.0,13400.0,13400.0,,lot_policy_enabled
1383,CMP-00000371-M-1430-item:268967-D667,M-1430,item:268967,delay_input_shortage,input_shortage,4746.475392,107800.0,0.0,4746.475392,107800.0,item:333362,107800.0,107800.0,107800.0,107800.0,,lot_policy_enabled
1383,CMP-00000460-M-1810-item:268091-D807,M-1810,item:268091,delay_input_shortage,input_shortage,10418.397925,13400.0,0.0,10418.397925,13400.0,item:338929,13400.0,13400.0,13400.0,13400.0,,lot_policy_enabled
1384,CMP-00000371-M-1430-item:268967-D667,M-1430,item:268967,delay_input_shortage,input_shortage,4962.176711,107800.0,0.0,4962.176711,107800.0,item:333362,107800.0,107800.0,107800.0,107800.0,,lot_policy_enabled
1384,CMP-00000460-M-1810-item:268091-D807,M-1810,item:268091,delay_input_shortage,input_shortage,10582.128565,13400.0,0.0,10582.128565,13400.0,item:338929,13400.0,13400.0,13400.0,13400.0,,lot_policy_enabled
1385,CMP-00000371-M-1430-item:268967-D667,M-1430,item:268967,delay_input_shortage,input_shortage,5182.32922,107800.0,0.0,5182.32922,107800.0,item:333362,107800.0,107800.0,107800.0,107800.0,,lot_policy_enabled
1385,CMP-00000460-M-1810-item:268091-D807,M-1810,item:268091,delay_input_shortage,input_shortage,10746.270611,13400.0,0.0,10746.270611,13400.0,item:338929,13400.0,13400.0,13400.0,13400.0,,lot_policy_enabled
1386,CMP-00000371-M-1430-item:268967-D667,M-1430,item:268967,delay_input_shortage,input_shortage,5403.371966,107800.0,0.0,5403.371966,107800.0,item:333362,107800.0,107800.0,107800.0,107800.0,,lot_policy_enabled
1386,CMP-00000460-M-1810-item:268091-D807,M-1810,item:268091,delay_input_shortage,input_shortage,10910.494939,13400.0,0.0,10910.494939,13400.0,item:338929,13400.0,13400.0,13400.0,13400.0,,lot_policy_enabled
1387,CMP-00000371-M-1430-item:268967-D667,M-1430,item:268967,delay_input_shortage,input_shortage,5624.59276,107800.0,0.0,5624.59276,107800.0,item:333362,107800.0,107800.0,107800.0,107800.0,,lot_policy_enabled
1387,CMP-00000460-M-1810-item:268091-D807,M-1810,item:268091,delay_input_shortage,input_shortage,11074.735722,13400.0,0.0,11074.735722,13400.0,item:338929,13400.0,13400.0,13400.0,13400.0,,lot_policy_enabled
1388,CMP-00000371-M-1430-item:268967-D667,M-1430,item:268967,delay_input_shortage,input_shortage,5845.849164,107800.0,0.0,5845.849164,107800.0,item:333362,107800.0,107800.0,107800.0,107800.0,,lot_policy_enabled
1388,CMP-00000460-M-1810-item:268091-D807,M-1810,item:268091,delay_input_shortage,input_shortage,11238.979797,13400.0,0.0,11238.979797,13400.0,item:338929,13400.0,13400.0,13400.0,13400.0,,lot_policy_enabled
1389,CMP-00000371-M-1430-item:268967-D667,M-1430,item:268967,delay_input_shortage,input_shortage,6067.11269,107800.0,0.0,6067.11269,107800.0,item:333362,107800.0,107800.0,107800.0,107800.0,,lot_policy_enabled
1389,CMP-00000460-M-1810-item:268091-D807,M-1810,item:268091,delay_input_shortage,input_shortage,11403.224531,13400.0,0.0,11403.224531,13400.0,item:338929,13400.0,13400.0,13400.0,13400.0,,lot_policy_enabled
1390,CMP-00000371-M-1430-item:268967-D667,M-1430,item:268967,delay_input_shortage,input_shortage,5848.851109,107800.0,0.0,5848.851109,107800.0,item:333362,107800.0,107800.0,107800.0,107800.0,,lot_policy_enabled
1390,CMP-00000460-M-1810-item:268091-D807,M-1810,item:268091,delay_input_shortage,input_shortage,10969.869396,13400.0,0.0,10969.869396,13400.0,item:338929,13400.0,13400.0,13400.0,13400.0,,lot_policy_enabled
1391,CMP-00000371-M-1430-item:268967-D667,M-1430,item:268967,delay_input_shortage,input_shortage,5542.684507,107800.0,0.0,5542.684507,107800.0,item:333362,107800.0,107800.0,107800.0,107800.0,,lot_policy_enabled
1391,CMP-00000460-M-1810-item:268091-D807,M-1810,item:268091,delay_input_shortage,input_shortage,10416.994287,13400.0,0.0,10416.994287,13400.0,item:338929,13400.0,13400.0,13400.0,13400.0,,lot_policy_enabled
1392,CMP-00000371-M-1430-item:268967-D667,M-1430,item:268967,delay_input_shortage,input_shortage,5218.936901,107800.0,0.0,5218.936901,107800.0,item:333362,107800.0,107800.0,107800.0,107800.0,,lot_policy_enabled
1392,CMP-00000460-M-1810-item:268091-D807,M-1810,item:268091,delay_input_shortage,input_shortage,9840.215184,13400.0,0.0,9840.215184,13400.0,item:338929,13400.0,13400.0,13400.0,13400.0,,lot_policy_enabled
1393,CMP-00000371-M-1430-item:268967-D667,M-1430,item:268967,delay_input_shortage,input_shortage,4891.673094,107800.0,0.0,4891.673094,107800.0,item:333362,107800.0,107800.0,107800.0,107800.0,,lot_policy_enabled
1393,CMP-00000460-M-1810-item:268091-D807,M-1810,item:268091,delay_input_shortage,input_shortage,9258.655282,13400.0,0.0,9258.655282,13400.0,item:338929,13400.0,13400.0,13400.0,13400.0,,lot_policy_enabled
1394,CMP-00000371-M-1430-item:268967-D667,M-1430,item:268967,delay_input_shortage,input_shortage,4563.706047,107800.0,0.0,4563.706047,107800.0,item:333362,107800.0,107800.0,107800.0,107800.0,,lot_policy_enabled
1394,CMP-00000460-M-1810-item:268091-D807,M-1810,item:268091,delay_input_shortage,input_shortage,8676.13922,13400.0,0.0,8676.13922,13400.0,item:338929,13400.0,13400.0,13400.0,13400.0,,lot_policy_enabled
1395,CMP-00000371-M-1430-item:268967-D667,M-1430,item:268967,delay_input_shortage,input_shortage,4235.598352,107800.0,0.0,4235.598352,107800.0,item:333362,107800.0,107800.0,107800.0,107800.0,,lot_policy_enabled
1395,CMP-00000460-M-1810-item:268091-D807,M-1810,item:268091,delay_input_shortage,input_shortage,8093.431926,13400.0,0.0,8093.431926,13400.0,item:338929,13400.0,13400.0,13400.0,13400.0,,lot_policy_enabled
1396,CMP-00000371-M-1430-item:268967-D667,M-1430,item:268967,delay_input_shortage,input_shortage,3907.462527,107800.0,0.0,3907.462527,107800.0,item:333362,107800.0,107800.0,107800.0,107800.0,,lot_policy_enabled
1396,CMP-00000460-M-1810-item:268091-D807,M-1810,item:268091,delay_input_shortage,input_shortage,7510.686385,13400.0,0.0,7510.686385,13400.0,item:338929,13400.0,13400.0,13400.0,13400.0,,lot_policy_enabled
1397,CMP-00000371-M-1430-item:268967-D667,M-1430,item:268967,delay_input_shortage,input_shortage,4284.578219,107800.0,0.0,4284.578219,107800.0,item:333362,107800.0,107800.0,107800.0,107800.0,,lot_policy_enabled
1397,CMP-00000460-M-1810-item:268091-D807,M-1810,item:268091,delay_input_shortage,input_shortage,7711.655644,13400.0,0.0,7711.655644,13400.0,item:338929,13400.0,13400.0,13400.0,13400.0,,lot_policy_enabled
1398,CMP-00000371-M-1430-item:268967-D667,M-1430,item:268967,delay_input_shortage,input_shortage,4802.744215,107800.0,0.0,4802.744215,107800.0,item:333362,107800.0,107800.0,107800.0,107800.0,,lot_policy_enabled
1398,CMP-00000460-M-1810-item:268091-D807,M-1810,item:268091,delay_input_shortage,input_shortage,8069.367863,13400.0,0.0,8069.367863,13400.0,item:338929,13400.0,13400.0,13400.0,13400.0,,lot_policy_enabled
1399,CMP-00000371-M-1430-item:268967-D667,M-1430,item:268967,delay_input_shortage,input_shortage,5349.120271,107800.0,0.0,5349.120271,107800.0,item:333362,107800.0,107800.0,107800.0,107800.0,,lot_policy_enabled
1399,CMP-00000460-M-1810-item:268091-D807,M-1810,item:268091,delay_input_shortage,input_shortage,8458.428675,13400.0,0.0,8458.428675,13400.0,item:338929,13400.0,13400.0,13400.0,13400.0,,lot_policy_enabled
1400,CMP-00000371-M-1430-item:268967-D667,M-1430,item:268967,delay_input_shortage,input_shortage,5901.13834,107800.0,0.0,5901.13834,107800.0,item:333362,107800.0,107800.0,107800.0,107800.0,,lot_policy_enabled
1400,CMP-00000460-M-1810-item:268091-D807,M-1810,item:268091,delay_input_shortage,input_shortage,8853.759204,13400.0,0.0,8853.759204,13400.0,item:338929,13400.0,13400.0,13400.0,13400.0,,lot_policy_enabled
1401,CMP-00000371-M-1430-item:268967-D667,M-1430,item:268967,delay_input_shortage,input_shortage,6454.28481,107800.0,0.0,6454.28481,107800.0,item:333362,107800.0,107800.0,107800.0,107800.0,,lot_policy_enabled
1401,CMP-00000460-M-1810-item:268091-D807,M-1810,item:268091,delay_input_shortage,input_shortage,9250.343677,13400.0,0.0,9250.343677,13400.0,item:338929,13400.0,13400.0,13400.0,13400.0,,lot_policy_enabled
1402,CMP-00000371-M-1430-item:268967-D667,M-1430,item:268967,delay_input_shortage,input_shortage,7007.656962,107800.0,0.0,7007.656962,107800.0,item:333362,107800.0,107800.0,107800.0,107800.0,,lot_policy_enabled
1402,CMP-00000460-M-1810-item:268091-D807,M-1810,item:268091,delay_input_shortage,input_shortage,9647.178939,13400.0,0.0,9647.178939,13400.0,item:338929,13400.0,13400.0,13400.0,13400.0,,lot_policy_enabled
1403,CMP-00000371-M-1430-item:268967-D667,M-1430,item:268967,delay_input_shortage,input_shortage,7561.074249,107800.0,0.0,7561.074249,107800.0,item:333362,107800.0,107800.0,107800.0,107800.0,,lot_policy_enabled
1403,CMP-00000460-M-1810-item:268091-D807,M-1810,item:268091,delay_input_shortage,input_shortage,10044.064359,13400.0,0.0,10044.064359,13400.0,item:338929,13400.0,13400.0,13400.0,13400.0,,lot_policy_enabled
1404,CMP-00000371-M-1430-item:268967-D667,M-1430,item:268967,delay_input_shortage,input_shortage,7230.696482,107800.0,0.0,7230.696482,107800.0,item:333362,107800.0,107800.0,107800.0,107800.0,,lot_policy_enabled
1404,CMP-00000460-M-1810-item:268091-D807,M-1810,item:268091,delay_input_shortage,input_shortage,9665.580219,13400.0,0.0,9665.580219,13400.0,item:338929,13400.0,13400.0,13400.0,13400.0,,lot_policy_enabled
1405,CMP-00000371-M-1430-item:268967-D667,M-1430,item:268967,delay_input_shortage,input_shortage,6723.559704,107800.0,0.0,6723.559704,107800.0,item:333362,107800.0,107800.0,107800.0,107800.0,,lot_policy_enabled
1405,CMP-00000460-M-1810-item:268091-D807,M-1810,item:268091,delay_input_shortage,input_shortage,9132.022166,13400.0,0.0,9132.022166,13400.0,item:338929,13400.0,13400.0,13400.0,13400.0,,lot_policy_enabled
1406,CMP-00000371-M-1430-item:268967-D667,M-1430,item:268967,delay_input_shortage,input_shortage,6181.071124,107800.0,0.0,6181.071124,107800.0,item:333362,107800.0,107800.0,107800.0,107800.0,,lot_policy_enabled
1406,CMP-00000460-M-1810-item:268091-D807,M-1810,item:268091,delay_input_shortage,input_shortage,8567.449331,13400.0,0.0,8567.449331,13400.0,item:338929,13400.0,13400.0,13400.0,13400.0,,lot_policy_enabled
1407,CMP-00000371-M-1430-item:268967-D667,M-1430,item:268967,delay_input_shortage,input_shortage,5631.512184,107800.0,0.0,5631.512184,107800.0,item:333362,107800.0,107800.0,107800.0,107800.0,,lot_policy_enabled
1407,CMP-00000460-M-1810-item:268091-D807,M-1810,item:268091,delay_input_shortage,input_shortage,7996.67354,13400.0,0.0,7996.67354,13400.0,item:338929,13400.0,13400.0,13400.0,13400.0,,lot_policy_enabled
1408,CMP-00000371-M-1430-item:268967-D667,M-1430,item:268967,delay_input_shortage,input_shortage,5080.539171,107800.0,0.0,5080.539171,107800.0,item:333362,107800.0,107800.0,107800.0,107800.0,,lot_policy_enabled
1408,CMP-00000460-M-1810-item:268091-D807,M-1810,item:268091,delay_input_shortage,input_shortage,7424.657157,13400.0,0.0,7424.657157,13400.0,item:338929,13400.0,13400.0,13400.0,13400.0,,lot_policy_enabled
1409,CMP-00000371-M-1430-item:268967-D667,M-1430,item:268967,delay_input_shortage,input_shortage,4529.283344,107800.0,0.0,4529.283344,107800.0,item:333362,107800.0,107800.0,107800.0,107800.0,,lot_policy_enabled
1409,CMP-00000460-M-1810-item:268091-D807,M-1810,item:268091,delay_input_shortage,input_shortage,6852.392656,13400.0,0.0,6852.392656,13400.0,item:338929,13400.0,13400.0,13400.0,13400.0,,lot_policy_enabled
1410,CMP-00000371-M-1430-item:268967-D667,M-1430,item:268967,delay_input_shortage,input_shortage,3977.970954,107800.0,0.0,3977.970954,107800.0,item:333362,107800.0,107800.0,107800.0,107800.0,,lot_policy_enabled
1410,CMP-00000460-M-1810-item:268091-D807,M-1810,item:268091,delay_input_shortage,input_shortage,6280.078531,13400.0,0.0,6280.078531,13400.0,item:338929,13400.0,13400.0,13400.0,13400.0,,lot_policy_enabled
1411,CMP-00000371-M-1430-item:268967-D667,M-1430,item:268967,delay_input_shortage,input_shortage,4012.263579,107800.0,0.0,4012.263579,107800.0,item:333362,107800.0,107800.0,107800.0,107800.0,,lot_policy_enabled
1411,CMP-00000460-M-1810-item:268091-D807,M-1810,item:268091,delay_input_shortage,input_shortage,7184.570808,13400.0,0.0,7184.570808,13400.0,item:338929,13400.0,13400.0,13400.0,13400.0,,lot_policy_enabled
1412,CMP-00000371-M-1430-item:268967-D667,M-1430,item:268967,delay_input_shortage,input_shortage,4163.677205,107800.0,0.0,4163.677205,107800.0,item:333362,107800.0,107800.0,107800.0,107800.0,,lot_policy_enabled
1412,CMP-00000460-M-1810-item:268091-D807,M-1810,item:268091,delay_input_shortage,input_shortage,8384.424366,13400.0,0.0,8384.424366,13400.0,item:338929,13400.0,13400.0,13400.0,13400.0,,lot_policy_enabled
1413,CMP-00000371-M-1430-item:268967-D667,M-1430,item:268967,delay_input_shortage,input_shortage,4338.515033,107800.0,0.0,4338.515033,107800.0,item:333362,107800.0,107800.0,107800.0,107800.0,,lot_policy_enabled
1413,CMP-00000460-M-1810-item:268091-D807,M-1810,item:268091,delay_input_shortage,input_shortage,9643.350179,13400.0,0.0,9643.350179,13400.0,item:338929,13400.0,13400.0,13400.0,13400.0,,lot_policy_enabled
1414,CMP-00000371-M-1430-item:268967-D667,M-1430,item:268967,delay_input_shortage,input_shortage,4518.0377,107800.0,0.0,4518.0377,107800.0,item:333362,107800.0,107800.0,107800.0,107800.0,,lot_policy_enabled
1414,CMP-00000460-M-1810-item:268091-D807,M-1810,item:268091,delay_input_shortage,input_shortage,10914.090444,13400.0,0.0,10914.090444,13400.0,item:338929,13400.0,13400.0,13400.0,13400.0,,lot_policy_enabled
1415,CMP-00000371-M-1430-item:268967-D667,M-1430,item:268967,delay_input_shortage,input_shortage,4698.497336,107800.0,0.0,4698.497336,107800.0,item:333362,107800.0,107800.0,107800.0,107800.0,,lot_policy_enabled
1415,CMP-00000460-M-1810-item:268091-D807,M-1810,item:268091,delay_input_shortage,input_shortage,12187.193599,13400.0,0.0,12187.193599,13400.0,item:338929,13400.0,13400.0,13400.0,13400.0,,lot_policy_enabled
1416,CMP-00000371-M-1430-item:268967-D667,M-1430,item:268967,delay_input_shortage,input_shortage,4879.144365,107800.0,0.0,4879.144365,107800.0,item:333362,107800.0,107800.0,107800.0,107800.0,,lot_policy_enabled
1416,CMP-00000460-M-1810-item:268091-D807,M-1810,item:268091,delay_input_shortage,input_shortage,13460.769332,13400.0,0.0,13460.769332,13400.0,item:338929,13400.0,13400.0,13400.0,13400.0,,lot_policy_enabled
1417,CMP-00000371-M-1430-item:268967-D667,M-1430,item:268967,delay_input_shortage,input_shortage,5059.828873,107800.0,0.0,5059.828873,107800.0,item:333362,107800.0,107800.0,107800.0,107800.0,,lot_policy_enabled
1417,CMP-00000460-M-1810-item:268091-D807,M-1810,item:268091,delay_input_shortage,input_shortage,14734.439581,13400.0,0.0,14734.439581,13400.0,item:338929,13400.0,13400.0,13400.0,13400.0,,lot_policy_enabled
1418,CMP-00000371-M-1430-item:268967-D667,M-1430,item:268967,delay_input_shortage,input_shortage,5297.043326,107800.0,0.0,5297.043326,107800.0,item:333362,107800.0,107800.0,107800.0,107800.0,,lot_policy_enabled
1418,CMP-00000460-M-1810-item:268091-D807,M-1810,item:268091,delay_input_shortage,input_shortage,15120.732814,13400.0,0.0,15120.732814,13400.0,item:338929,13400.0,13400.0,13400.0,13400.0,,lot_policy_enabled
1419,CMP-00000371-M-1430-item:268967-D667,M-1430,item:268967,delay_input_shortage,input_shortage,5545.563767,107800.0,0.0,5545.563767,107800.0,item:333362,107800.0,107800.0,107800.0,107800.0,,lot_policy_enabled
1419,CMP-00000460-M-1810-item:268091-D807,M-1810,item:268091,delay_input_shortage,input_shortage,15329.550645,13400.0,0.0,15329.550645,13400.0,item:338929,13400.0,13400.0,13400.0,13400.0,,lot_policy_enabled
1420,CMP-00000371-M-1430-item:268967-D667,M-1430,item:268967,delay_input_shortage,input_shortage,5796.345406,107800.0,0.0,5796.345406,107800.0,item:333362,107800.0,107800.0,107800.0,107800.0,,lot_policy_enabled
1420,CMP-00000460-M-1810-item:268091-D807,M-1810,item:268091,delay_input_shortage,input_shortage,15502.873394,13400.0,0.0,15502.873394,13400.0,item:338929,13400.0,13400.0,13400.0,13400.0,,lot_policy_enabled
1421,CMP-00000371-M-1430-item:268967-D667,M-1430,item:268967,delay_input_shortage,input_shortage,6047.579285,107800.0,0.0,6047.579285,107800.0,item:333362,107800.0,107800.0,107800.0,107800.0,,lot_policy_enabled
1421,CMP-00000460-M-1810-item:268091-D807,M-1810,item:268091,delay_input_shortage,input_shortage,15669.097128,13400.0,0.0,15669.097128,13400.0,item:338929,13400.0,13400.0,13400.0,13400.0,,lot_policy_enabled
1422,CMP-00000371-M-1430-item:268967-D667,M-1430,item:268967,delay_input_shortage,input_shortage,6298.903612,107800.0,0.0,6298.903612,107800.0,item:333362,107800.0,107800.0,107800.0,107800.0,,lot_policy_enabled
1422,CMP-00000460-M-1810-item:268091-D807,M-1810,item:268091,delay_input_shortage,input_shortage,15833.901058,13400.0,0.0,15833.901058,13400.0,item:338929,13400.0,13400.0,13400.0,13400.0,,lot_policy_enabled
1423,CMP-00000371-M-1430-item:268967-D667,M-1430,item:268967,delay_input_shortage,input_shortage,6550.246028,107800.0,0.0,6550.246028,107800.0,item:333362,107800.0,107800.0,107800.0,107800.0,,lot_policy_enabled
1423,CMP-00000460-M-1810-item:268091-D807,M-1810,item:268091,delay_input_shortage,input_shortage,15998.421028,13400.0,0.0,15998.421028,13400.0,item:338929,13400.0,13400.0,13400.0,13400.0,,lot_policy_enabled
1424,CMP-00000371-M-1430-item:268967-D667,M-1430,item:268967,delay_input_shortage,input_shortage,6801.592062,107800.0,0.0,6801.592062,107800.0,item:333362,107800.0,107800.0,107800.0,107800.0,,lot_policy_enabled
1424,CMP-00000460-M-1810-item:268091-D807,M-1810,item:268091,delay_input_shortage,input_shortage,16162.884206,13400.0,0.0,16162.884206,13400.0,item:338929,13400.0,13400.0,13400.0,13400.0,,lot_policy_enabled
1425,CMP-00000371-M-1430-item:268967-D667,M-1430,item:268967,delay_input_shortage,input_shortage,6565.379637,107800.0,0.0,6565.379637,107800.0,item:333362,107800.0,107800.0,107800.0,107800.0,,lot_policy_enabled
1425,CMP-00000460-M-1810-item:268091-D807,M-1810,item:268091,delay_input_shortage,input_shortage,15468.25031,13400.0,0.0,15468.25031,13400.0,item:338929,13400.0,13400.0,13400.0,13400.0,,lot_policy_enabled
1426,CMP-00000371-M-1430-item:268967-D667,M-1430,item:268967,delay_input_shortage,input_shortage,6231.655519,107800.0,0.0,6231.655519,107800.0,item:333362,107800.0,107800.0,107800.0,107800.0,,lot_policy_enabled
1426,CMP-00000460-M-1810-item:268091-D807,M-1810,item:268091,delay_input_shortage,input_shortage,14601.797001,13400.0,0.0,14601.797001,13400.0,item:338929,13400.0,13400.0,13400.0,13400.0,,lot_policy_enabled
1427,CMP-00000371-M-1430-item:268967-D667,M-1430,item:268967,delay_input_shortage,input_shortage,5878.429063,107800.0,0.0,5878.429063,107800.0,item:333362,107800.0,107800.0,107800.0,107800.0,,lot_policy_enabled
1427,CMP-00000460-M-1810-item:268091-D807,M-1810,item:268091,delay_input_shortage,input_shortage,13700.979808,13400.0,0.0,13700.979808,13400.0,item:338929,13400.0,13400.0,13400.0,13400.0,,lot_policy_enabled
1428,CMP-00000371-M-1430-item:268967-D667,M-1430,item:268967,delay_input_shortage,input_shortage,5521.302139,107800.0,0.0,5521.302139,107800.0,item:333362,107800.0,107800.0,107800.0,107800.0,,lot_policy_enabled
1428,CMP-00000460-M-1810-item:268091-D807,M-1810,item:268091,delay_input_shortage,input_shortage,12793.289839,13400.0,0.0,12793.289839,13400.0,item:338929,13400.0,13400.0,13400.0,13400.0,,lot_policy_enabled
1429,CMP-00000371-M-1430-item:268967-D667,M-1430,item:268967,delay_input_shortage,input_shortage,5163.395122,107800.0,0.0,5163.395122,107800.0,item:333362,107800.0,107800.0,107800.0,107800.0,,lot_policy_enabled
1429,CMP-00000460-M-1810-item:268091-D807,M-1810,item:268091,delay_input_shortage,input_shortage,11884.225315,13400.0,0.0,11884.225315,13400.0,item:338929,13400.0,13400.0,13400.0,13400.0,,lot_policy_enabled
1430,CMP-00000371-M-1430-item:268967-D667,M-1430,item:268967,delay_input_shortage,input_shortage,4805.332086,107800.0,0.0,4805.332086,107800.0,item:333362,107800.0,107800.0,107800.0,107800.0,,lot_policy_enabled
1430,CMP-00000460-M-1810-item:268091-D807,M-1810,item:268091,delay_input_shortage,input_shortage,10974.885879,13400.0,0.0,10974.885879,13400.0,item:338929,13400.0,13400.0,13400.0,13400.0,,lot_policy_enabled
1431,CMP-00000371-M-1430-item:268967-D667,M-1430,item:268967,delay_input_shortage,input_shortage,4447.237846,107800.0,0.0,4447.237846,107800.0,item:333362,107800.0,107800.0,107800.0,107800.0,,lot_policy_enabled
1431,CMP-00000460-M-1810-item:268091-D807,M-1810,item:268091,delay_input_shortage,input_shortage,10065.491461,13400.0,0.0,10065.491461,13400.0,item:338929,13400.0,13400.0,13400.0,13400.0,,lot_policy_enabled
1432,CMP-00000371-M-1430-item:268967-D667,M-1430,item:268967,delay_input_shortage,input_shortage,4426.655733,107800.0,0.0,4426.655733,107800.0,item:333362,107800.0,107800.0,107800.0,107800.0,,lot_policy_enabled
1432,CMP-00000460-M-1810-item:268091-D807,M-1810,item:268091,delay_input_shortage,input_shortage,9989.849313,13400.0,0.0,9989.849313,13400.0,item:338929,13400.0,13400.0,13400.0,13400.0,,lot_policy_enabled
1433,CMP-00000371-M-1430-item:268967-D667,M-1430,item:268967,delay_input_shortage,input_shortage,4473.576045,107800.0,0.0,4473.576045,107800.0,item:333362,107800.0,107800.0,107800.0,107800.0,,lot_policy_enabled
1433,CMP-00000460-M-1810-item:268091-D807,M-1810,item:268091,delay_input_shortage,input_shortage,10080.957618,13400.0,0.0,10080.957618,13400.0,item:338929,13400.0,13400.0,13400.0,13400.0,,lot_policy_enabled
1434,CMP-00000371-M-1430-item:268967-D667,M-1430,item:268967,delay_input_shortage,input_shortage,4533.996842,107800.0,0.0,4533.996842,107800.0,item:333362,107800.0,107800.0,107800.0,107800.0,,lot_policy_enabled
1434,CMP-00000460-M-1810-item:268091-D807,M-1810,item:268091,delay_input_shortage,input_shortage,10205.416013,13400.0,0.0,10205.416013,13400.0,item:338929,13400.0,13400.0,13400.0,13400.0,,lot_policy_enabled
1435,CMP-00000371-M-1430-item:268967-D667,M-1430,item:268967,delay_input_shortage,input_shortage,4597.117736,107800.0,0.0,4597.117736,107800.0,item:333362,107800.0,107800.0,107800.0,107800.0,,lot_policy_enabled
1435,CMP-00000460-M-1810-item:268091-D807,M-1810,item:268091,delay_input_shortage,input_shortage,10336.544427,13400.0,0.0,10336.544427,13400.0,item:338929,13400.0,13400.0,13400.0,13400.0,,lot_policy_enabled
1436,CMP-00000371-M-1430-item:268967-D667,M-1430,item:268967,delay_input_shortage,input_shortage,4660.778649,107800.0,0.0,4660.778649,107800.0,item:333362,107800.0,107800.0,107800.0,107800.0,,lot_policy_enabled
1436,CMP-00000460-M-1810-item:268091-D807,M-1810,item:268091,delay_input_shortage,input_shortage,10469.006845,13400.0,0.0,10469.006845,13400.0,item:338929,13400.0,13400.0,13400.0,13400.0,,lot_policy_enabled
1437,CMP-00000371-M-1430-item:268967-D667,M-1430,item:268967,delay_input_shortage,input_shortage,4724.547566,107800.0,0.0,4724.547566,107800.0,item:333362,107800.0,107800.0,107800.0,107800.0,,lot_policy_enabled
1437,CMP-00000460-M-1810-item:268091-D807,M-1810,item:268091,delay_input_shortage,input_shortage,10601.736063,13400.0,0.0,10601.736063,13400.0,item:338929,13400.0,13400.0,13400.0,13400.0,,lot_policy_enabled
1438,CMP-00000371-M-1430-item:268967-D667,M-1430,item:268967,delay_input_shortage,input_shortage,4788.338084,107800.0,0.0,4788.338084,107800.0,item:333362,107800.0,107800.0,107800.0,107800.0,,lot_policy_enabled
1438,CMP-00000460-M-1810-item:268091-D807,M-1810,item:268091,delay_input_shortage,input_shortage,10734.518641,13400.0,0.0,10734.518641,13400.0,item:338929,13400.0,13400.0,13400.0,13400.0,,lot_policy_enabled
1439,CMP-00000371-M-1430-item:268967-D667,M-1430,item:268967,delay_input_shortage,input_shortage,5086.0268,107800.0,0.0,5086.0268,107800.0,item:333362,107800.0,107800.0,107800.0,107800.0,,lot_policy_enabled
1439,CMP-00000460-M-1810-item:268091-D807,M-1810,item:268091,delay_input_shortage,input_shortage,11815.279239,13400.0,0.0,11815.279239,13400.0,item:338929,13400.0,13400.0,13400.0,13400.0,,lot_policy_enabled
1440,CMP-00000371-M-1430-item:268967-D667,M-1430,item:268967,delay_input_shortage,input_shortage,5430.495156,107800.0,0.0,5430.495156,107800.0,item:333362,107800.0,107800.0,107800.0,107800.0,,lot_policy_enabled
1440,CMP-00000460-M-1810-item:268091-D807,M-1810,item:268091,delay_input_shortage,input_shortage,13085.63544,13400.0,0.0,13085.63544,13400.0,item:338929,13400.0,13400.0,13400.0,13400.0,,lot_policy_enabled
1441,CMP-00000371-M-1430-item:268967-D667,M-1430,item:268967,delay_input_shortage,input_shortage,5784.319439,107800.0,0.0,5784.319439,107800.0,item:333362,107800.0,107800.0,107800.0,107800.0,,lot_policy_enabled
1441,CMP-00000460-M-1810-item:268091-D807,M-1810,item:268091,delay_input_shortage,input_shortage,14393.910762,13400.0,0.0,14393.910762,13400.0,item:338929,13400.0,13400.0,13400.0,13400.0,,lot_policy_enabled
1442,CMP-00000371-M-1430-item:268967-D667,M-1430,item:268967,delay_input_shortage,input_shortage,6140.014908,107800.0,0.0,6140.014908,107800.0,item:333362,107800.0,107800.0,107800.0,107800.0,,lot_policy_enabled
1442,CMP-00000460-M-1810-item:268091-D807,M-1810,item:268091,delay_input_shortage,input_shortage,15709.769908,13400.0,0.0,15709.769908,13400.0,item:338929,13400.0,13400.0,13400.0,13400.0,,lot_policy_enabled
1443,CMP-00000371-M-1430-item:268967-D667,M-1430,item:268967,delay_input_shortage,input_shortage,6496.084614,107800.0,0.0,6496.084614,107800.0,item:333362,107800.0,107800.0,107800.0,107800.0,,lot_policy_enabled
1443,CMP-00000460-M-1810-item:268091-D807,M-1810,item:268091,delay_input_shortage,input_shortage,17027.145818,13400.0,0.0,17027.145818,13400.0,item:338929,13400.0,13400.0,13400.0,13400.0,,lot_policy_enabled
1444,CMP-00000371-M-1430-item:268967-D667,M-1430,item:268967,delay_input_shortage,input_shortage,6852.229167,107800.0,0.0,6852.229167,107800.0,item:333362,107800.0,107800.0,107800.0,107800.0,,lot_policy_enabled
1444,CMP-00000460-M-1810-item:268091-D807,M-1810,item:268091,delay_input_shortage,input_shortage,18344.825082,13400.0,0.0,18344.825082,13400.0,item:338929,13400.0,13400.0,13400.0,13400.0,,lot_policy_enabled
1445,CMP-00000371-M-1430-item:268967-D667,M-1430,item:268967,delay_input_shortage,input_shortage,7208.38869,107800.0,0.0,7208.38869,107800.0,item:333362,107800.0,107800.0,107800.0,107800.0,,lot_policy_enabled
1445,CMP-00000460-M-1810-item:268091-D807,M-1810,item:268091,delay_input_shortage,input_shortage,19662.565016,13400.0,0.0,19662.565016,13400.0,item:338929,13400.0,13400.0,13400.0,13400.0,,lot_policy_enabled
1446,CMP-00000371-M-1430-item:268967-D667,M-1430,item:268967,delay_input_shortage,input_shortage,6719.277738,107800.0,0.0,6719.277738,107800.0,item:333362,107800.0,107800.0,107800.0,107800.0,,lot_policy_enabled
1446,CMP-00000460-M-1810-item:268091-D807,M-1810,item:268091,delay_input_shortage,input_shortage,19568.888513,13400.0,0.0,19568.888513,13400.0,item:338929,13400.0,13400.0,13400.0,13400.0,,lot_policy_enabled
1447,CMP-00000371-M-1430-item:268967-D667,M-1430,item:268967,delay_input_shortage,input_shortage,6061.11269,107800.0,0.0,6061.11269,107800.0,item:333362,107800.0,107800.0,107800.0,107800.0,,lot_policy_enabled
1447,CMP-00000460-M-1810-item:268091-D807,M-1810,item:268091,delay_input_shortage,input_shortage,19192.928723,13400.0,0.0,19192.928723,13400.0,item:338929,13400.0,13400.0,13400.0,13400.0,,lot_policy_enabled
1448,CMP-00000371-M-1430-item:268967-D667,M-1430,item:268967,delay_input_shortage,input_shortage,5369.136823,107800.0,0.0,5369.136823,107800.0,item:333362,107800.0,107800.0,107800.0,107800.0,,lot_policy_enabled
1448,CMP-00000460-M-1810-item:268091-D807,M-1810,item:268091,delay_input_shortage,input_shortage,18760.512275,13400.0,0.0,18760.512275,13400.0,item:338929,13400.0,13400.0,13400.0,13400.0,,lot_policy_enabled
1449,CMP-00000371-M-1430-item:268967-D667,M-1430,item:268967,delay_input_shortage,input_shortage,4670.398793,107800.0,0.0,4670.398793,107800.0,item:333362,107800.0,107800.0,107800.0,107800.0,,lot_policy_enabled
1449,CMP-00000460-M-1810-item:268091-D807,M-1810,item:268091,delay_input_shortage,input_shortage,18316.804496,13400.0,0.0,18316.804496,13400.0,item:338929,13400.0,13400.0,13400.0,13400.0,,lot_policy_enabled
1450,CMP-00000371-M-1430-item:268967-D667,M-1430,item:268967,delay_input_shortage,input_shortage,3970.30833,107800.0,0.0,3970.30833,107800.0,item:333362,107800.0,107800.0,107800.0,107800.0,,lot_policy_enabled
1450,CMP-00000460-M-1810-item:268091-D807,M-1810,item:268091,delay_input_shortage,input_shortage,17870.83845,13400.0,0.0,17870.83845,13400.0,item:338929,13400.0,13400.0,13400.0,13400.0,,lot_policy_enabled
1451,CMP-00000371-M-1430-item:268967-D667,M-1430,item:268967,delay_input_shortage,input_shortage,3269.94738,107800.0,0.0,3269.94738,107800.0,item:333362,107800.0,107800.0,107800.0,107800.0,,lot_policy_enabled
1451,CMP-00000460-M-1810-item:268091-D807,M-1810,item:268091,delay_input_shortage,input_shortage,17424.420751,13400.0,0.0,17424.420751,13400.0,item:338929,13400.0,13400.0,13400.0,13400.0,,lot_policy_enabled
1452,CMP-00000371-M-1430-item:268967-D667,M-1430,item:268967,delay_input_shortage,input_shortage,2569.532333,107800.0,0.0,2569.532333,107800.0,item:333362,107800.0,107800.0,107800.0,107800.0,,lot_policy_enabled
1452,CMP-00000460-M-1810-item:268091-D807,M-1810,item:268091,delay_input_shortage,input_shortage,16977.912721,13400.0,0.0,16977.912721,13400.0,item:338929,13400.0,13400.0,13400.0,13400.0,,lot_policy_enabled
1453,CMP-00000371-M-1430-item:268967-D667,M-1430,item:268967,delay_input_shortage,input_shortage,2155.800344,107800.0,0.0,2155.800344,107800.0,item:333362,107800.0,107800.0,107800.0,107800.0,,lot_policy_enabled
1453,CMP-00000460-M-1810-item:268091-D807,M-1810,item:268091,delay_input_shortage,input_shortage,14961.035605,13400.0,0.0,14961.035605,13400.0,item:338929,13400.0,13400.0,13400.0,13400.0,,lot_policy_enabled
1454,CMP-00000371-M-1430-item:268967-D667,M-1430,item:268967,delay_input_shortage,input_shortage,2092.302926,107800.0,0.0,2092.302926,107800.0,item:333362,107800.0,107800.0,107800.0,107800.0,,lot_policy_enabled
1454,CMP-00000460-M-1810-item:268091-D807,M-1810,item:268091,delay_input_shortage,input_shortage,12847.227529,13400.0,0.0,12847.227529,13400.0,item:338929,13400.0,13400.0,13400.0,13400.0,,lot_policy_enabled
1455,CMP-00000371-M-1430-item:268967-D667,M-1430,item:268967,delay_input_shortage,input_shortage,2098.852422,107800.0,0.0,2098.852422,107800.0,item:333362,107800.0,107800.0,107800.0,107800.0,,lot_policy_enabled
1455,CMP-00000460-M-1810-item:268091-D807,M-1810,item:268091,delay_input_shortage,input_shortage,10714.033261,13400.0,0.0,10714.033261,13400.0,item:338929,13400.0,13400.0,13400.0,13400.0,,lot_policy_enabled
1456,CMP-00000371-M-1430-item:268967-D667,M-1430,item:268967,delay_input_shortage,input_shortage,2119.411301,107800.0,0.0,2119.411301,107800.0,item:333362,107800.0,107800.0,107800.0,107800.0,,lot_policy_enabled
1456,CMP-00000460-M-1810-item:268091-D807,M-1810,item:268091,delay_input_shortage,input_shortage,8576.961754,13400.0,0.0,8576.961754,13400.0,item:338929,13400.0,13400.0,13400.0,13400.0,,lot_policy_enabled
1457,CMP-00000371-M-1430-item:268967-D667,M-1430,item:268967,delay_input_shortage,input_shortage,2142.772056,107800.0,0.0,2142.772056,107800.0,item:333362,107800.0,107800.0,107800.0,107800.0,,lot_policy_enabled
1457,CMP-00000460-M-1810-item:268091-D807,M-1810,item:268091,delay_input_shortage,input_shortage,6439.1148,13400.0,0.0,6439.1148,13400.0,item:338929,13400.0,13400.0,13400.0,13400.0,,lot_policy_enabled
1458,CMP-00000371-M-1430-item:268967-D667,M-1430,item:268967,delay_input_shortage,input_shortage,2166.693187,107800.0,0.0,2166.693187,107800.0,item:333362,107800.0,107800.0,107800.0,107800.0,,lot_policy_enabled
1458,CMP-00000460-M-1810-item:268091-D807,M-1810,item:268091,delay_input_shortage,input_shortage,4301.112756,13400.0,0.0,4301.112756,13400.0,item:338929,13400.0,13400.0,13400.0,13400.0,,lot_policy_enabled
1459,CMP-00000371-M-1430-item:268967-D667,M-1430,item:268967,delay_input_shortage,input_shortage,2190.726393,107800.0,0.0,2190.726393,107800.0,item:333362,107800.0,107800.0,107800.0,107800.0,,lot_policy_enabled
1459,CMP-00000460-M-1810-item:268091-D807,M-1810,item:268091,delay_input_shortage,input_shortage,2163.079694,13400.0,0.0,2163.079694,13400.0,item:338929,13400.0,13400.0,13400.0,13400.0,,lot_policy_enabled
1460,CMP-00000371-M-1430-item:268967-D667,M-1430,item:268967,delay_input_shortage,input_shortage,2488.430993,107800.0,0.0,2488.430993,107800.0,item:333362,107800.0,107800.0,107800.0,107800.0,,lot_policy_enabled
1460,CMP-00000460-M-1810-item:268091-D807,M-1810,item:268091,delay_input_shortage,input_shortage,1952.615939,13400.0,0.0,1952.615939,13400.0,item:338929,13400.0,13400.0,13400.0,13400.0,,lot_policy_enabled
1461,CMP-00000371-M-1430-item:268967-D667,M-1430,item:268967,delay_input_shortage,input_shortage,2970.127015,107800.0,0.0,2970.127015,107800.0,item:333362,107800.0,107800.0,107800.0,107800.0,,lot_policy_enabled
1461,CMP-00000460-M-1810-item:268091-D807,M-1810,item:268091,delay_input_shortage,input_shortage,2276.547678,13400.0,0.0,2276.547678,13400.0,item:338929,13400.0,13400.0,13400.0,13400.0,,lot_policy_enabled
1462,CMP-00000371-M-1430-item:268967-D667,M-1430,item:268967,delay_input_shortage,input_shortage,3488.621322,107800.0,0.0,3488.621322,107800.0,item:333362,107800.0,107800.0,107800.0,107800.0,,lot_policy_enabled
1462,CMP-00000460-M-1810-item:268091-D807,M-1810,item:268091,delay_input_shortage,input_shortage,2707.358515,13400.0,0.0,2707.358515,13400.0,item:338929,13400.0,13400.0,13400.0,13400.0,,lot_policy_enabled
1463,CMP-00000371-M-1430-item:268967-D667,M-1430,item:268967,delay_input_shortage,input_shortage,4014.475285,107800.0,0.0,4014.475285,107800.0,item:333362,107800.0,107800.0,107800.0,107800.0,,lot_policy_enabled
1463,CMP-00000460-M-1810-item:268091-D807,M-1810,item:268091,delay_input_shortage,input_shortage,3159.545173,13400.0,0.0,3159.545173,13400.0,item:338929,13400.0,13400.0,13400.0,13400.0,,lot_policy_enabled
1464,CMP-00000371-M-1430-item:268967-D667,M-1430,item:268967,delay_input_shortage,input_shortage,4541.80118,107800.0,0.0,4541.80118,107800.0,item:333362,107800.0,107800.0,107800.0,107800.0,,lot_policy_enabled
1464,CMP-00000460-M-1810-item:268091-D807,M-1810,item:268091,delay_input_shortage,input_shortage,3616.006994,13400.0,0.0,3616.006994,13400.0,item:338929,13400.0,13400.0,13400.0,13400.0,,lot_policy_enabled
1465,CMP-00000371-M-1430-item:268967-D667,M-1430,item:268967,delay_input_shortage,input_shortage,5069.421461,107800.0,0.0,5069.421461,107800.0,item:333362,107800.0,107800.0,107800.0,107800.0,,lot_policy_enabled
1465,CMP-00000460-M-1810-item:268091-D807,M-1810,item:268091,delay_input_shortage,input_shortage,4073.323848,13400.0,0.0,4073.323848,13400.0,item:338929,13400.0,13400.0,13400.0,13400.0,,lot_policy_enabled
1466,CMP-00000371-M-1430-item:268967-D667,M-1430,item:268967,delay_input_shortage,input_shortage,5597.100619,107800.0,0.0,5597.100619,107800.0,item:333362,107800.0,107800.0,107800.0,107800.0,,lot_policy_enabled
1466,CMP-00000460-M-1810-item:268091-D807,M-1810,item:268091,delay_input_shortage,input_shortage,4530.811709,13400.0,0.0,4530.811709,13400.0,item:338929,13400.0,13400.0,13400.0,13400.0,,lot_policy_enabled
1467,CMP-00000371-M-1430-item:268967-D667,M-1430,item:268967,delay_input_shortage,input_shortage,6124.791553,107800.0,0.0,6124.791553,107800.0,item:333362,107800.0,107800.0,107800.0,107800.0,,lot_policy_enabled
1467,CMP-00000460-M-1810-item:268091-D807,M-1810,item:268091,delay_input_shortage,input_shortage,4988.333771,13400.0,0.0,4988.333771,13400.0,item:338929,13400.0,13400.0,13400.0,13400.0,,lot_policy_enabled
1468,CMP-00000371-M-1430-item:268967-D667,M-1430,item:268967,delay_input_shortage,input_shortage,5991.83178,107800.0,0.0,5991.83178,107800.0,item:333362,107800.0,107800.0,107800.0,107800.0,,lot_policy_enabled
1468,CMP-00000460-M-1810-item:268091-D807,M-1810,item:268091,delay_input_shortage,input_shortage,5338.483081,13400.0,0.0,5338.483081,13400.0,item:338929,13400.0,13400.0,13400.0,13400.0,,lot_policy_enabled
1469,CMP-00000371-M-1430-item:268967-D667,M-1430,item:268967,delay_input_shortage,input_shortage,5726.741866,107800.0,0.0,5726.741866,107800.0,item:333362,107800.0,107800.0,107800.0,107800.0,,lot_policy_enabled
1469,CMP-00000460-M-1810-item:268091-D807,M-1810,item:268091,delay_input_shortage,input_shortage,5667.157841,13400.0,0.0,5667.157841,13400.0,item:338929,13400.0,13400.0,13400.0,13400.0,,lot_policy_enabled
1470,CMP-00000371-M-1430-item:268967-D667,M-1430,item:268967,delay_input_shortage,input_shortage,5435.225924,107800.0,0.0,5435.225924,107800.0,item:333362,107800.0,107800.0,107800.0,107800.0,,lot_policy_enabled
1470,CMP-00000460-M-1810-item:268091-D807,M-1810,item:268091,delay_input_shortage,input_shortage,5991.537691,13400.0,0.0,5991.537691,13400.0,item:338929,13400.0,13400.0,13400.0,13400.0,,lot_policy_enabled
1471,CMP-00000371-M-1430-item:268967-D667,M-1430,item:268967,delay_input_shortage,input_shortage,5138.424777,107800.0,0.0,5138.424777,107800.0,item:333362,107800.0,107800.0,107800.0,107800.0,,lot_policy_enabled
1471,CMP-00000460-M-1810-item:268091-D807,M-1810,item:268091,delay_input_shortage,input_shortage,6315.058559,13400.0,0.0,6315.058559,13400.0,item:338929,13400.0,13400.0,13400.0,13400.0,,lot_policy_enabled
1472,CMP-00000371-M-1430-item:268967-D667,M-1430,item:268967,delay_input_shortage,input_shortage,4840.566588,107800.0,0.0,4840.566588,107800.0,item:333362,107800.0,107800.0,107800.0,107800.0,,lot_policy_enabled
1472,CMP-00000460-M-1810-item:268091-D807,M-1810,item:268091,delay_input_shortage,input_shortage,6638.40763,13400.0,0.0,6638.40763,13400.0,item:338929,13400.0,13400.0,13400.0,13400.0,,lot_policy_enabled
1473,CMP-00000371-M-1430-item:268967-D667,M-1430,item:268967,delay_input_shortage,input_shortage,4542.496991,107800.0,0.0,4542.496991,107800.0,item:333362,107800.0,107800.0,107800.0,107800.0,,lot_policy_enabled
1473,CMP-00000460-M-1810-item:268091-D807,M-1810,item:268091,delay_input_shortage,input_shortage,6961.722343,13400.0,0.0,6961.722343,13400.0,item:338929,13400.0,13400.0,13400.0,13400.0,,lot_policy_enabled
1474,CMP-00000371-M-1430-item:268967-D667,M-1430,item:268967,delay_input_shortage,input_shortage,4244.385113,107800.0,0.0,4244.385113,107800.0,item:333362,107800.0,107800.0,107800.0,107800.0,,lot_policy_enabled
1474,CMP-00000460-M-1810-item:268091-D807,M-1810,item:268091,delay_input_shortage,input_shortage,7285.030183,13400.0,0.0,7285.030183,13400.0,item:338929,13400.0,13400.0,13400.0,13400.0,,lot_policy_enabled
1475,CMP-00000371-M-1430-item:268967-D667,M-1430,item:268967,delay_input_shortage,input_shortage,4154.901512,107800.0,0.0,4154.901512,107800.0,item:333362,107800.0,107800.0,107800.0,107800.0,,lot_policy_enabled
1475,CMP-00000460-M-1810-item:268091-D807,M-1810,item:268091,delay_input_shortage,input_shortage,7841.78971,13400.0,0.0,7841.78971,13400.0,item:338929,13400.0,13400.0,13400.0,13400.0,,lot_policy_enabled
1476,CMP-00000371-M-1430-item:268967-D667,M-1430,item:268967,delay_input_shortage,input_shortage,4107.143568,107800.0,0.0,4107.143568,107800.0,item:333362,107800.0,107800.0,107800.0,107800.0,,lot_policy_enabled
1476,CMP-00000460-M-1810-item:268091-D807,M-1810,item:268091,delay_input_shortage,input_shortage,8445.239575,13400.0,0.0,8445.239575,13400.0,item:338929,13400.0,13400.0,13400.0,13400.0,,lot_policy_enabled
1477,CMP-00000371-M-1430-item:268967-D667,M-1430,item:268967,delay_input_shortage,input_shortage,4067.730755,107800.0,0.0,4067.730755,107800.0,item:333362,107800.0,107800.0,107800.0,107800.0,,lot_policy_enabled
1477,CMP-00000460-M-1810-item:268091-D807,M-1810,item:268091,delay_input_shortage,input_shortage,9058.027507,13400.0,0.0,9058.027507,13400.0,item:338929,13400.0,13400.0,13400.0,13400.0,,lot_policy_enabled
1478,CMP-00000371-M-1430-item:268967-D667,M-1430,item:268967,delay_input_shortage,input_shortage,4029.986967,107800.0,0.0,4029.986967,107800.0,item:333362,107800.0,107800.0,107800.0,107800.0,,lot_policy_enabled
1478,CMP-00000460-M-1810-item:268091-D807,M-1810,item:268091,delay_input_shortage,input_shortage,9672.683053,13400.0,0.0,9672.683053,13400.0,item:338929,13400.0,13400.0,13400.0,13400.0,,lot_policy_enabled
1479,CMP-00000371-M-1430-item:268967-D667,M-1430,item:268967,delay_input_shortage,input_shortage,3992.576986,107800.0,0.0,3992.576986,107800.0,item:333362,107800.0,107800.0,107800.0,107800.0,,lot_policy_enabled
1479,CMP-00000460-M-1810-item:268091-D807,M-1810,item:268091,delay_input_shortage,input_shortage,10287.712121,13400.0,0.0,10287.712121,13400.0,item:338929,13400.0,13400.0,13400.0,13400.0,,lot_policy_enabled
1480,CMP-00000371-M-1430-item:268967-D667,M-1430,item:268967,delay_input_shortage,input_shortage,3955.233765,107800.0,0.0,3955.233765,107800.0,item:333362,107800.0,107800.0,107800.0,107800.0,,lot_policy_enabled
1480,CMP-00000460-M-1810-item:268091-D807,M-1810,item:268091,delay_input_shortage,input_shortage,10902.815894,13400.0,0.0,10902.815894,13400.0,item:338929,13400.0,13400.0,13400.0,13400.0,,lot_policy_enabled
1481,CMP-00000371-M-1430-item:268967-D667,M-1430,item:268967,delay_input_shortage,input_shortage,3917.903896,107800.0,0.0,3917.903896,107800.0,item:333362,107800.0,107800.0,107800.0,107800.0,,lot_policy_enabled
1481,CMP-00000460-M-1810-item:268091-D807,M-1810,item:268091,delay_input_shortage,input_shortage,11517.934608,13400.0,0.0,11517.934608,13400.0,item:338929,13400.0,13400.0,13400.0,13400.0,,lot_policy_enabled
1482,CMP-00000371-M-1430-item:268967-D667,M-1430,item:268967,delay_input_shortage,input_shortage,4026.290984,107800.0,0.0,4026.290984,107800.0,item:333362,107800.0,107800.0,107800.0,107800.0,,lot_policy_enabled
1482,CMP-00000460-M-1810-item:268091-D807,M-1810,item:268091,delay_input_shortage,input_shortage,11488.239983,13400.0,0.0,11488.239983,13400.0,item:338929,13400.0,13400.0,13400.0,13400.0,,lot_policy_enabled
1483,CMP-00000371-M-1430-item:268967-D667,M-1430,item:268967,delay_input_shortage,input_shortage,4163.821462,107800.0,0.0,4163.821462,107800.0,item:333362,107800.0,107800.0,107800.0,107800.0,,lot_policy_enabled
1483,CMP-00000460-M-1810-item:268091-D807,M-1810,item:268091,delay_input_shortage,input_shortage,11329.582691,13400.0,0.0,11329.582691,13400.0,item:338929,13400.0,13400.0,13400.0,13400.0,,lot_policy_enabled
1484,CMP-00000371-M-1430-item:268967-D667,M-1430,item:268967,delay_input_shortage,input_shortage,4307.180619,107800.0,0.0,4307.180619,107800.0,item:333362,107800.0,107800.0,107800.0,107800.0,,lot_policy_enabled
1484,CMP-00000460-M-1810-item:268091-D807,M-1810,item:268091,delay_input_shortage,input_shortage,11145.132865,13400.0,0.0,11145.132865,13400.0,item:338929,13400.0,13400.0,13400.0,13400.0,,lot_policy_enabled
1485,CMP-00000371-M-1430-item:268967-D667,M-1430,item:268967,delay_input_shortage,input_shortage,4451.705512,107800.0,0.0,4451.705512,107800.0,item:333362,107800.0,107800.0,107800.0,107800.0,,lot_policy_enabled
1485,CMP-00000460-M-1810-item:268091-D807,M-1810,item:268091,delay_input_shortage,input_shortage,10955.524532,13400.0,0.0,10955.524532,13400.0,item:338929,13400.0,13400.0,13400.0,13400.0,,lot_policy_enabled
1486,CMP-00000371-M-1430-item:268967-D667,M-1430,item:268967,delay_input_shortage,input_shortage,4596.463551,107800.0,0.0,4596.463551,107800.0,item:333362,107800.0,107800.0,107800.0,107800.0,,lot_policy_enabled
1486,CMP-00000460-M-1810-item:268091-D807,M-1810,item:268091,delay_input_shortage,input_shortage,10764.884498,13400.0,0.0,10764.884498,13400.0,item:338929,13400.0,13400.0,13400.0,13400.0,,lot_policy_enabled
1487,CMP-00000371-M-1430-item:268967-D667,M-1430,item:268967,delay_input_shortage,input_shortage,4741.26822,107800.0,0.0,4741.26822,107800.0,item:333362,107800.0,107800.0,107800.0,107800.0,,lot_policy_enabled
1487,CMP-00000460-M-1810-item:268091-D807,M-1810,item:268091,delay_input_shortage,input_shortage,10574.038124,13400.0,0.0,10574.038124,13400.0,item:338929,13400.0,13400.0,13400.0,13400.0,,lot_policy_enabled
1488,CMP-00000371-M-1430-item:268967-D667,M-1430,item:268967,delay_input_shortage,input_shortage,4886.082215,107800.0,0.0,4886.082215,107800.0,item:333362,107800.0,107800.0,107800.0,107800.0,,lot_policy_enabled
1488,CMP-00000460-M-1810-item:268091-D807,M-1810,item:268091,delay_input_shortage,input_shortage,10383.150482,13400.0,0.0,10383.150482,13400.0,item:338929,13400.0,13400.0,13400.0,13400.0,,lot_policy_enabled
1489,CMP-00000371-M-1430-item:268967-D667,M-1430,item:268967,delay_input_shortage,input_shortage,4790.767463,107800.0,0.0,4790.767463,107800.0,item:333362,107800.0,107800.0,107800.0,107800.0,,lot_policy_enabled
1489,CMP-00000460-M-1810-item:268091-D807,M-1810,item:268091,delay_input_shortage,input_shortage,10243.160708,13400.0,0.0,10243.160708,13400.0,item:338929,13400.0,13400.0,13400.0,13400.0,,lot_policy_enabled
1490,CMP-00000371-M-1430-item:268967-D667,M-1430,item:268967,delay_input_shortage,input_shortage,4647.426962,107800.0,0.0,4647.426962,107800.0,item:333362,107800.0,107800.0,107800.0,107800.0,,lot_policy_enabled
1490,CMP-00000460-M-1810-item:268091-D807,M-1810,item:268091,delay_input_shortage,input_shortage,10113.350509,13400.0,0.0,10113.350509,13400.0,item:338929,13400.0,13400.0,13400.0,13400.0,,lot_policy_enabled
1491,CMP-00000371-M-1430-item:268967-D667,M-1430,item:268967,delay_input_shortage,input_shortage,4494.481311,107800.0,0.0,4494.481311,107800.0,item:333362,107800.0,107800.0,107800.0,107800.0,,lot_policy_enabled
1491,CMP-00000460-M-1810-item:268091-D807,M-1810,item:268091,delay_input_shortage,input_shortage,9985.576224,13400.0,0.0,9985.576224,13400.0,item:338929,13400.0,13400.0,13400.0,13400.0,,lot_policy_enabled
1492,CMP-00000371-M-1430-item:268967-D667,M-1430,item:268967,delay_input_shortage,input_shortage,4339.614629,107800.0,0.0,4339.614629,107800.0,item:333362,107800.0,107800.0,107800.0,107800.0,,lot_policy_enabled
1492,CMP-00000460-M-1810-item:268091-D807,M-1810,item:268091,delay_input_shortage,input_shortage,9858.209122,13400.0,0.0,9858.209122,13400.0,item:338929,13400.0,13400.0,13400.0,13400.0,,lot_policy_enabled
1493,CMP-00000371-M-1430-item:268967-D667,M-1430,item:268967,delay_input_shortage,input_shortage,4184.363742,107800.0,0.0,4184.363742,107800.0,item:333362,107800.0,107800.0,107800.0,107800.0,,lot_policy_enabled
1493,CMP-00000460-M-1810-item:268091-D807,M-1810,item:268091,delay_input_shortage,input_shortage,9730.923457,13400.0,0.0,9730.923457,13400.0,item:338929,13400.0,13400.0,13400.0,13400.0,,lot_policy_enabled
1494,CMP-00000371-M-1430-item:268967-D667,M-1430,item:268967,delay_input_shortage,input_shortage,4029.036014,107800.0,0.0,4029.036014,107800.0,item:333362,107800.0,107800.0,107800.0,107800.0,,lot_policy_enabled
1494,CMP-00000460-M-1810-item:268091-D807,M-1810,item:268091,delay_input_shortage,input_shortage,9603.654079,13400.0,0.0,9603.654079,13400.0,item:338929,13400.0,13400.0,13400.0,13400.0,,lot_policy_enabled
1495,CMP-00000371-M-1430-item:268967-D667,M-1430,item:268967,delay_input_shortage,input_shortage,3873.692917,107800.0,0.0,3873.692917,107800.0,item:333362,107800.0,107800.0,107800.0,107800.0,,lot_policy_enabled
1495,CMP-00000460-M-1810-item:268091-D807,M-1810,item:268091,delay_input_shortage,input_shortage,9476.387959,13400.0,0.0,9476.387959,13400.0,item:338929,13400.0,13400.0,13400.0,13400.0,,lot_policy_enabled
1496,CMP-00000371-M-1430-item:268967-D667,M-1430,item:268967,delay_input_shortage,input_shortage,4187.456951,107800.0,0.0,4187.456951,107800.0,item:333362,107800.0,107800.0,107800.0,107800.0,,lot_policy_enabled
1496,CMP-00000460-M-1810-item:268091-D807,M-1810,item:268091,delay_input_shortage,input_shortage,9178.444939,13400.0,0.0,9178.444939,13400.0,item:338929,13400.0,13400.0,13400.0,13400.0,,lot_policy_enabled
1497,CMP-00000371-M-1430-item:268967-D667,M-1430,item:268967,delay_input_shortage,input_shortage,4595.042411,107800.0,0.0,4595.042411,107800.0,item:333362,107800.0,107800.0,107800.0,107800.0,,lot_policy_enabled
1497,CMP-00000460-M-1810-item:268091-D807,M-1810,item:268091,delay_input_shortage,input_shortage,8846.366539,13400.0,0.0,8846.366539,13400.0,item:338929,13400.0,13400.0,13400.0,13400.0,,lot_policy_enabled
1498,CMP-00000371-M-1430-item:268967-D667,M-1430,item:268967,delay_input_shortage,input_shortage,5021.392156,107800.0,0.0,5021.392156,107800.0,item:333362,107800.0,107800.0,107800.0,107800.0,,lot_policy_enabled
1498,CMP-00000460-M-1810-item:268091-D807,M-1810,item:268091,delay_input_shortage,input_shortage,8507.461063,13400.0,0.0,8507.461063,13400.0,item:338929,13400.0,13400.0,13400.0,13400.0,,lot_policy_enabled
1499,CMP-00000371-M-1430-item:268967-D667,M-1430,item:268967,delay_input_shortage,input_shortage,5451.494758,107800.0,0.0,5451.494758,107800.0,item:333362,107800.0,107800.0,107800.0,107800.0,,lot_policy_enabled
1499,CMP-00000460-M-1810-item:268091-D807,M-1810,item:268091,delay_input_shortage,input_shortage,8167.190172,13400.0,0.0,8167.190172,13400.0,item:338929,13400.0,13400.0,13400.0,13400.0,,lot_policy_enabled
1500,CMP-00000371-M-1430-item:268967-D667,M-1430,item:268967,delay_input_shortage,input_shortage,5882.347931,107800.0,0.0,5882.347931,107800.0,item:333362,107800.0,107800.0,107800.0,107800.0,,lot_policy_enabled
1500,CMP-00000460-M-1810-item:268091-D807,M-1810,item:268091,delay_input_shortage,input_shortage,7826.646198,13400.0,0.0,7826.646198,13400.0,item:338929,13400.0,13400.0,13400.0,13400.0,,lot_policy_enabled
1501,CMP-00000371-M-1430-item:268967-D667,M-1430,item:268967,delay_input_shortage,input_shortage,6313.351219,107800.0,0.0,6313.351219,107800.0,item:333362,107800.0,107800.0,107800.0,107800.0,,lot_policy_enabled
1501,CMP-00000460-M-1810-item:268091-D807,M-1810,item:268091,delay_input_shortage,input_shortage,7486.047607,13400.0,0.0,7486.047607,13400.0,item:338929,13400.0,13400.0,13400.0,13400.0,,lot_policy_enabled
1502,CMP-00000371-M-1430-item:268967-D667,M-1430,item:268967,delay_input_shortage,input_shortage,6744.384529,107800.0,0.0,6744.384529,107800.0,item:333362,107800.0,107800.0,107800.0,107800.0,,lot_policy_enabled
1502,CMP-00000460-M-1810-item:268091-D807,M-1810,item:268091,delay_input_shortage,input_shortage,7145.438093,13400.0,0.0,7145.438093,13400.0,item:338929,13400.0,13400.0,13400.0,13400.0,,lot_policy_enabled
1503,CMP-00000371-M-1430-item:268967-D667,M-1430,item:268967,delay_input_shortage,input_shortage,6559.472824,107800.0,0.0,6559.472824,107800.0,item:333362,107800.0,107800.0,107800.0,107800.0,,lot_policy_enabled
1503,CMP-00000460-M-1810-item:268091-D807,M-1810,item:268091,delay_input_shortage,input_shortage,7898.083537,13400.0,0.0,7898.083537,13400.0,item:338929,13400.0,13400.0,13400.0,13400.0,,lot_policy_enabled
1504,CMP-00000371-M-1430-item:268967-D667,M-1430,item:268967,delay_input_shortage,input_shortage,6251.372116,107800.0,0.0,6251.372116,107800.0,item:333362,107800.0,107800.0,107800.0,107800.0,,lot_policy_enabled
1504,CMP-00000460-M-1810-item:268091-D807,M-1810,item:268091,delay_input_shortage,input_shortage,8869.379972,13400.0,0.0,8869.379972,13400.0,item:338929,13400.0,13400.0,13400.0,13400.0,,lot_policy_enabled
1505,CMP-00000371-M-1430-item:268967-D667,M-1430,item:268967,delay_input_shortage,input_shortage,5918.633607,107800.0,0.0,5918.633607,107800.0,item:333362,107800.0,107800.0,107800.0,107800.0,,lot_policy_enabled
1505,CMP-00000460-M-1810-item:268091-D807,M-1810,item:268091,delay_input_shortage,input_shortage,9884.406607,13400.0,0.0,9884.406607,13400.0,item:338929,13400.0,13400.0,13400.0,13400.0,,lot_policy_enabled
1506,CMP-00000371-M-1430-item:268967-D667,M-1430,item:268967,delay_input_shortage,input_shortage,5580.967538,107800.0,0.0,5580.967538,107800.0,item:333362,107800.0,107800.0,107800.0,107800.0,,lot_policy_enabled
1506,CMP-00000460-M-1810-item:268091-D807,M-1810,item:268091,delay_input_shortage,input_shortage,10908.17928,13400.0,0.0,10908.17928,13400.0,item:338929,13400.0,13400.0,13400.0,13400.0,,lot_policy_enabled
1507,CMP-00000371-M-1430-item:268967-D667,M-1430,item:268967,delay_input_shortage,input_shortage,5242.315957,107800.0,0.0,5242.315957,107800.0,item:333362,107800.0,107800.0,107800.0,107800.0,,lot_policy_enabled
1507,CMP-00000460-M-1810-item:268091-D807,M-1810,item:268091,delay_input_shortage,input_shortage,11933.701162,13400.0,0.0,11933.701162,13400.0,item:338929,13400.0,13400.0,13400.0,13400.0,,lot_policy_enabled
1508,CMP-00000371-M-1430-item:268967-D667,M-1430,item:268967,delay_input_shortage,input_shortage,4903.467273,107800.0,0.0,4903.467273,107800.0,item:333362,107800.0,107800.0,107800.0,107800.0,,lot_policy_enabled
1508,CMP-00000460-M-1810-item:268091-D807,M-1810,item:268091,delay_input_shortage,input_shortage,12959.572885,13400.0,0.0,12959.572885,13400.0,item:338929,13400.0,13400.0,13400.0,13400.0,,lot_policy_enabled
1509,CMP-00000371-M-1430-item:268967-D667,M-1430,item:268967,delay_input_shortage,input_shortage,4564.579169,107800.0,0.0,4564.579169,107800.0,item:333362,107800.0,107800.0,107800.0,107800.0,,lot_policy_enabled
1509,CMP-00000460-M-1810-item:268091-D807,M-1810,item:268091,delay_input_shortage,input_shortage,13985.514577,13400.0,0.0,13985.514577,13400.0,item:338929,13400.0,13400.0,13400.0,13400.0,,lot_policy_enabled
1510,CMP-00000371-M-1430-item:268967-D667,M-1430,item:268967,delay_input_shortage,input_shortage,4734.385222,107800.0,0.0,4734.385222,107800.0,item:333362,107800.0,107800.0,107800.0,107800.0,,lot_policy_enabled
1510,CMP-00000460-M-1810-item:268091-D807,M-1810,item:268091,delay_input_shortage,input_shortage,14116.580466,13400.0,0.0,14116.580466,13400.0,item:338929,13400.0,13400.0,13400.0,13400.0,,lot_policy_enabled
1511,CMP-00000371-M-1430-item:268967-D667,M-1430,item:268967,delay_input_shortage,input_shortage,5005.930106,107800.0,0.0,5005.930106,107800.0,item:333362,107800.0,107800.0,107800.0,107800.0,,lot_policy_enabled
1511,CMP-00000460-M-1810-item:268091-D807,M-1810,item:268091,delay_input_shortage,input_shortage,14068.671195,13400.0,0.0,14068.671195,13400.0,item:338929,13400.0,13400.0,13400.0,13400.0,,lot_policy_enabled
1512,CMP-00000371-M-1430-item:268967-D667,M-1430,item:268967,delay_input_shortage,input_shortage,5297.822756,107800.0,0.0,5297.822756,107800.0,item:333362,107800.0,107800.0,107800.0,107800.0,,lot_policy_enabled
1512,CMP-00000460-M-1810-item:268091-D807,M-1810,item:268091,delay_input_shortage,input_shortage,13984.966892,13400.0,0.0,13984.966892,13400.0,item:338929,13400.0,13400.0,13400.0,13400.0,,lot_policy_enabled
1513,CMP-00000371-M-1430-item:268967-D667,M-1430,item:268967,delay_input_shortage,input_shortage,5593.78496,107800.0,0.0,5593.78496,107800.0,item:333362,107800.0,107800.0,107800.0,107800.0,,lot_policy_enabled
1513,CMP-00000460-M-1810-item:268091-D807,M-1810,item:268091,delay_input_shortage,input_shortage,13894.103582,13400.0,0.0,13894.103582,13400.0,item:338929,13400.0,13400.0,13400.0,13400.0,,lot_policy_enabled
1514,CMP-00000371-M-1430-item:268967-D667,M-1430,item:268967,delay_input_shortage,input_shortage,5890.561074,107800.0,0.0,5890.561074,107800.0,item:333362,107800.0,107800.0,107800.0,107800.0,,lot_policy_enabled
1514,CMP-00000460-M-1810-item:268091-D807,M-1810,item:268091,delay_input_shortage,input_shortage,13801.808471,13400.0,0.0,13801.808471,13400.0,item:338929,13400.0,13400.0,13400.0,13400.0,,lot_policy_enabled
1515,CMP-00000371-M-1430-item:268967-D667,M-1430,item:268967,delay_input_shortage,input_shortage,6187.49997,107800.0,0.0,6187.49997,107800.0,item:333362,107800.0,107800.0,107800.0,107800.0,,lot_policy_enabled
1515,CMP-00000460-M-1810-item:268091-D807,M-1810,item:268091,delay_input_shortage,input_shortage,13709.227,13400.0,0.0,13709.227,13400.0,item:338929,13400.0,13400.0,13400.0,13400.0,,lot_policy_enabled
1516,CMP-00000371-M-1430-item:268967-D667,M-1430,item:268967,delay_input_shortage,input_shortage,6484.471423,107800.0,0.0,6484.471423,107800.0,item:333362,107800.0,107800.0,107800.0,107800.0,,lot_policy_enabled
1516,CMP-00000460-M-1810-item:268091-D807,M-1810,item:268091,delay_input_shortage,input_shortage,13616.588257,13400.0,0.0,13616.588257,13400.0,item:338929,13400.0,13400.0,13400.0,13400.0,,lot_policy_enabled
1517,CMP-00000371-M-1430-item:268967-D667,M-1430,item:268967,delay_input_shortage,input_shortage,6254.412652,107800.0,0.0,6254.412652,107800.0,item:333362,107800.0,107800.0,107800.0,107800.0,,lot_policy_enabled
1517,CMP-00000460-M-1810-item:268091-D807,M-1810,item:268091,delay_input_shortage,input_shortage,13338.925814,13400.0,0.0,13338.925814,13400.0,item:338929,13400.0,13400.0,13400.0,13400.0,,lot_policy_enabled
1518,CMP-00000371-M-1430-item:268967-D667,M-1430,item:268967,delay_input_shortage,input_shortage,5918.947837,107800.0,0.0,5918.947837,107800.0,item:333362,107800.0,107800.0,107800.0,107800.0,,lot_policy_enabled
1518,CMP-00000460-M-1810-item:268091-D807,M-1810,item:268091,delay_input_shortage,input_shortage,13024.258632,13400.0,0.0,13024.258632,13400.0,item:338929,13400.0,13400.0,13400.0,13400.0,,lot_policy_enabled
1519,CMP-00000371-M-1430-item:268967-D667,M-1430,item:268967,delay_input_shortage,input_shortage,5562.401812,107800.0,0.0,5562.401812,107800.0,item:333362,107800.0,107800.0,107800.0,107800.0,,lot_policy_enabled
1519,CMP-00000460-M-1810-item:268091-D807,M-1810,item:268091,delay_input_shortage,input_shortage,12702.190502,13400.0,0.0,12702.190502,13400.0,item:338929,13400.0,13400.0,13400.0,13400.0,,lot_policy_enabled
1520,CMP-00000371-M-1430-item:268967-D667,M-1430,item:268967,delay_input_shortage,input_shortage,5201.639546,107800.0,0.0,5201.639546,107800.0,item:333362,107800.0,107800.0,107800.0,107800.0,,lot_policy_enabled
1520,CMP-00000460-M-1810-item:268091-D807,M-1810,item:268091,delay_input_shortage,input_shortage,12378.642182,13400.0,0.0,12378.642182,13400.0,item:338929,13400.0,13400.0,13400.0,13400.0,,lot_policy_enabled
1521,CMP-00000371-M-1430-item:268967-D667,M-1430,item:268967,delay_input_shortage,input_shortage,4840.034032,107800.0,0.0,4840.034032,107800.0,item:333362,107800.0,107800.0,107800.0,107800.0,,lot_policy_enabled
1521,CMP-00000460-M-1810-item:268091-D807,M-1810,item:268091,delay_input_shortage,input_shortage,12054.797824,13400.0,0.0,12054.797824,13400.0,item:338929,13400.0,13400.0,13400.0,13400.0,,lot_policy_enabled
1522,CMP-00000371-M-1430-item:268967-D667,M-1430,item:268967,delay_input_shortage,input_shortage,4478.259868,107800.0,0.0,4478.259868,107800.0,item:333362,107800.0,107800.0,107800.0,107800.0,,lot_policy_enabled
1522,CMP-00000460-M-1810-item:268091-D807,M-1810,item:268091,delay_input_shortage,input_shortage,11730.894259,13400.0,0.0,11730.894259,13400.0,item:338929,13400.0,13400.0,13400.0,13400.0,,lot_policy_enabled
1523,CMP-00000371-M-1430-item:268967-D667,M-1430,item:268967,delay_input_shortage,input_shortage,4116.451974,107800.0,0.0,4116.451974,107800.0,item:333362,107800.0,107800.0,107800.0,107800.0,,lot_policy_enabled
1523,CMP-00000460-M-1810-item:268091-D807,M-1810,item:268091,delay_input_shortage,input_shortage,11406.978852,13400.0,0.0,11406.978852,13400.0,item:338929,13400.0,13400.0,13400.0,13400.0,,lot_policy_enabled
1524,CMP-00000371-M-1430-item:268967-D667,M-1430,item:268967,delay_input_shortage,input_shortage,4290.359782,107800.0,0.0,4290.359782,107800.0,item:333362,107800.0,107800.0,107800.0,107800.0,,lot_policy_enabled
1524,CMP-00000460-M-1810-item:268091-D807,M-1810,item:268091,delay_input_shortage,input_shortage,11140.040668,13400.0,0.0,11140.040668,13400.0,item:338929,13400.0,13400.0,13400.0,13400.0,,lot_policy_enabled
1525,CMP-00000371-M-1430-item:268967-D667,M-1430,item:268967,delay_input_shortage,input_shortage,4571.410732,107800.0,0.0,4571.410732,107800.0,item:333362,107800.0,107800.0,107800.0,107800.0,,lot_policy_enabled
1525,CMP-00000460-M-1810-item:268091-D807,M-1810,item:268091,delay_input_shortage,input_shortage,10884.49793,13400.0,0.0,10884.49793,13400.0,item:338929,13400.0,13400.0,13400.0,13400.0,,lot_policy_enabled
1526,CMP-00000371-M-1430-item:268967-D667,M-1430,item:268967,delay_input_shortage,input_shortage,4873.89031,107800.0,0.0,4873.89031,107800.0,item:333362,107800.0,107800.0,107800.0,107800.0,,lot_policy_enabled
1526,CMP-00000460-M-1810-item:268091-D807,M-1810,item:268091,delay_input_shortage,input_shortage,10631.23428,13400.0,0.0,10631.23428,13400.0,item:338929,13400.0,13400.0,13400.0,13400.0,,lot_policy_enabled
1527,CMP-00000371-M-1430-item:268967-D667,M-1430,item:268967,delay_input_shortage,input_shortage,5180.655613,107800.0,0.0,5180.655613,107800.0,item:333362,107800.0,107800.0,107800.0,107800.0,,lot_policy_enabled
1527,CMP-00000460-M-1810-item:268091-D807,M-1810,item:268091,delay_input_shortage,input_shortage,10378.426448,13400.0,0.0,10378.426448,13400.0,item:338929,13400.0,13400.0,13400.0,13400.0,,lot_policy_enabled
1528,CMP-00000371-M-1430-item:268967-D667,M-1430,item:268967,delay_input_shortage,input_shortage,5488.278061,107800.0,0.0,5488.278061,107800.0,item:333362,107800.0,107800.0,107800.0,107800.0,,lot_policy_enabled
1528,CMP-00000460-M-1810-item:268091-D807,M-1810,item:268091,delay_input_shortage,input_shortage,10125.709779,13400.0,0.0,10125.709779,13400.0,item:338929,13400.0,13400.0,13400.0,13400.0,,lot_policy_enabled
1529,CMP-00000371-M-1430-item:268967-D667,M-1430,item:268967,delay_input_shortage,input_shortage,5796.071939,107800.0,0.0,5796.071939,107800.0,item:333362,107800.0,107800.0,107800.0,107800.0,,lot_policy_enabled
1529,CMP-00000460-M-1810-item:268091-D807,M-1810,item:268091,delay_input_shortage,input_shortage,9873.011344,13400.0,0.0,9873.011344,13400.0,item:338929,13400.0,13400.0,13400.0,13400.0,,lot_policy_enabled
1530,CMP-00000371-M-1430-item:268967-D667,M-1430,item:268967,delay_input_shortage,input_shortage,6103.900102,107800.0,0.0,6103.900102,107800.0,item:333362,107800.0,107800.0,107800.0,107800.0,,lot_policy_enabled
1530,CMP-00000460-M-1810-item:268091-D807,M-1810,item:268091,delay_input_shortage,input_shortage,9620.316554,13400.0,0.0,9620.316554,13400.0,item:338929,13400.0,13400.0,13400.0,13400.0,,lot_policy_enabled
1531,CMP-00000371-M-1430-item:268967-D667,M-1430,item:268967,delay_input_shortage,input_shortage,5993.531041,107800.0,0.0,5993.531041,107800.0,item:333362,107800.0,107800.0,107800.0,107800.0,,lot_policy_enabled
1531,CMP-00000460-M-1810-item:268091-D807,M-1810,item:268091,delay_input_shortage,input_shortage,9801.744943,13400.0,0.0,9801.744943,13400.0,item:338929,13400.0,13400.0,13400.0,13400.0,,lot_policy_enabled
1532,CMP-00000371-M-1430-item:268967-D667,M-1430,item:268967,delay_input_shortage,input_shortage,5799.522535,107800.0,0.0,5799.522535,107800.0,item:333362,107800.0,107800.0,107800.0,107800.0,,lot_policy_enabled
1532,CMP-00000460-M-1810-item:268091-D807,M-1810,item:268091,delay_input_shortage,input_shortage,10069.997968,13400.0,0.0,10069.997968,13400.0,item:338929,13400.0,13400.0,13400.0,13400.0,,lot_policy_enabled
1533,CMP-00000371-M-1430-item:268967-D667,M-1430,item:268967,delay_input_shortage,input_shortage,5588.78614,107800.0,0.0,5588.78614,107800.0,item:333362,107800.0,107800.0,107800.0,107800.0,,lot_policy_enabled
1533,CMP-00000460-M-1810-item:268091-D807,M-1810,item:268091,delay_input_shortage,input_shortage,10355.61592,13400.0,0.0,10355.61592,13400.0,item:338929,13400.0,13400.0,13400.0,13400.0,,lot_policy_enabled
1534,CMP-00000371-M-1430-item:268967-D667,M-1430,item:268967,delay_input_shortage,input_shortage,5374.704167,107800.0,0.0,5374.704167,107800.0,item:333362,107800.0,107800.0,107800.0,107800.0,,lot_policy_enabled
1534,CMP-00000460-M-1810-item:268091-D807,M-1810,item:268091,delay_input_shortage,input_shortage,10644.706858,13400.0,0.0,10644.706858,13400.0,item:338929,13400.0,13400.0,13400.0,13400.0,,lot_policy_enabled
1535,CMP-00000371-M-1430-item:268967-D667,M-1430,item:268967,delay_input_shortage,input_shortage,5159.953078,107800.0,0.0,5159.953078,107800.0,item:333362,107800.0,107800.0,107800.0,107800.0,,lot_policy_enabled
1535,CMP-00000460-M-1810-item:268091-D807,M-1810,item:268091,delay_input_shortage,input_shortage,10934.492392,13400.0,0.0,10934.492392,13400.0,item:338929,13400.0,13400.0,13400.0,13400.0,,lot_policy_enabled
1536,CMP-00000371-M-1430-item:268967-D667,M-1430,item:268967,delay_input_shortage,input_shortage,4945.068166,107800.0,0.0,4945.068166,107800.0,item:333362,107800.0,107800.0,107800.0,107800.0,,lot_policy_enabled
1536,CMP-00000460-M-1810-item:268091-D807,M-1810,item:268091,delay_input_shortage,input_shortage,11224.416846,13400.0,0.0,11224.416846,13400.0,item:338929,13400.0,13400.0,13400.0,13400.0,,lot_policy_enabled
1537,CMP-00000371-M-1430-item:268967-D667,M-1430,item:268967,delay_input_shortage,input_shortage,4730.15649,107800.0,0.0,4730.15649,107800.0,item:333362,107800.0,107800.0,107800.0,107800.0,,lot_policy_enabled
1537,CMP-00000460-M-1810-item:268091-D807,M-1810,item:268091,delay_input_shortage,input_shortage,11514.369084,13400.0,0.0,11514.369084,13400.0,item:338929,13400.0,13400.0,13400.0,13400.0,,lot_policy_enabled
1538,CMP-00000371-M-1430-item:268967-D667,M-1430,item:268967,delay_input_shortage,input_shortage,4667.304767,107800.0,0.0,4667.304767,107800.0,item:333362,107800.0,107800.0,107800.0,107800.0,,lot_policy_enabled
1538,CMP-00000460-M-1810-item:268091-D807,M-1810,item:268091,delay_input_shortage,input_shortage,11654.188103,13400.0,0.0,11654.188103,13400.0,item:338929,13400.0,13400.0,13400.0,13400.0,,lot_policy_enabled
1539,CMP-00000371-M-1430-item:268967-D667,M-1430,item:268967,delay_input_shortage,input_shortage,4634.865035,107800.0,0.0,4634.865035,107800.0,item:333362,107800.0,107800.0,107800.0,107800.0,,lot_policy_enabled
1539,CMP-00000460-M-1810-item:268091-D807,M-1810,item:268091,delay_input_shortage,input_shortage,11763.980478,13400.0,0.0,11763.980478,13400.0,item:338929,13400.0,13400.0,13400.0,13400.0,,lot_policy_enabled
1540,CMP-00000371-M-1430-item:268967-D667,M-1430,item:268967,delay_input_shortage,input_shortage,4608.507701,107800.0,0.0,4608.507701,107800.0,item:333362,107800.0,107800.0,107800.0,107800.0,,lot_policy_enabled
1540,CMP-00000460-M-1810-item:268091-D807,M-1810,item:268091,delay_input_shortage,input_shortage,11867.767524,13400.0,0.0,11867.767524,13400.0,item:338929,13400.0,13400.0,13400.0,13400.0,,lot_policy_enabled
1541,CMP-00000371-M-1430-item:268967-D667,M-1430,item:268967,delay_input_shortage,input_shortage,4583.366846,107800.0,0.0,4583.366846,107800.0,item:333362,107800.0,107800.0,107800.0,107800.0,,lot_policy_enabled
1541,CMP-00000460-M-1810-item:268091-D807,M-1810,item:268091,delay_input_shortage,input_shortage,11970.353505,13400.0,0.0,11970.353505,13400.0,item:338929,13400.0,13400.0,13400.0,13400.0,,lot_policy_enabled
1542,CMP-00000371-M-1430-item:268967-D667,M-1430,item:268967,delay_input_shortage,input_shortage,4558.469288,107800.0,0.0,4558.469288,107800.0,item:333362,107800.0,107800.0,107800.0,107800.0,,lot_policy_enabled
1542,CMP-00000460-M-1810-item:268091-D807,M-1810,item:268091,delay_input_shortage,input_shortage,12072.699273,13400.0,0.0,12072.699273,13400.0,item:338929,13400.0,13400.0,13400.0,13400.0,,lot_policy_enabled
1543,CMP-00000371-M-1430-item:268967-D667,M-1430,item:268967,delay_input_shortage,input_shortage,4533.620388,107800.0,0.0,4533.620388,107800.0,item:333362,107800.0,107800.0,107800.0,107800.0,,lot_policy_enabled
1543,CMP-00000460-M-1810-item:268091-D807,M-1810,item:268091,delay_input_shortage,input_shortage,12174.996997,13400.0,0.0,12174.996997,13400.0,item:338929,13400.0,13400.0,13400.0,13400.0,,lot_policy_enabled
1544,CMP-00000371-M-1430-item:268967-D667,M-1430,item:268967,delay_input_shortage,input_shortage,4508.781221,107800.0,0.0,4508.781221,107800.0,item:333362,107800.0,107800.0,107800.0,107800.0,,lot_policy_enabled
1544,CMP-00000460-M-1810-item:268091-D807,M-1810,item:268091,delay_input_shortage,input_shortage,12277.285114,13400.0,0.0,12277.285114,13400.0,item:338929,13400.0,13400.0,13400.0,13400.0,,lot_policy_enabled
1545,CMP-00000371-M-1430-item:268967-D667,M-1430,item:268967,delay_input_shortage,input_shortage,4541.935836,107800.0,0.0,4541.935836,107800.0,item:333362,107800.0,107800.0,107800.0,107800.0,,lot_policy_enabled
1545,CMP-00000460-M-1810-item:268091-D807,M-1810,item:268091,delay_input_shortage,input_shortage,11908.469268,13400.0,0.0,11908.469268,13400.0,item:338929,13400.0,13400.0,13400.0,13400.0,,lot_policy_enabled
1546,CMP-00000371-M-1430-item:268967-D667,M-1430,item:268967,delay_input_shortage,input_shortage,4586.689208,107800.0,0.0,4586.689208,107800.0,item:333362,107800.0,107800.0,107800.0,107800.0,,lot_policy_enabled
1546,CMP-00000460-M-1810-item:268091-D807,M-1810,item:268091,delay_input_shortage,input_shortage,11445.432629,13400.0,0.0,11445.432629,13400.0,item:338929,13400.0,13400.0,13400.0,13400.0,,lot_policy_enabled
1547,CMP-00000371-M-1430-item:268967-D667,M-1430,item:268967,delay_input_shortage,input_shortage,4633.762332,107800.0,0.0,4633.762332,107800.0,item:333362,107800.0,107800.0,107800.0,107800.0,,lot_policy_enabled
1547,CMP-00000460-M-1810-item:268091-D807,M-1810,item:268091,delay_input_shortage,input_shortage,10963.551832,13400.0,0.0,10963.551832,13400.0,item:338929,13400.0,13400.0,13400.0,13400.0,,lot_policy_enabled
1548,CMP-00000371-M-1430-item:268967-D667,M-1430,item:268967,delay_input_shortage,input_shortage,4681.299405,107800.0,0.0,4681.299405,107800.0,item:333362,107800.0,107800.0,107800.0,107800.0,,lot_policy_enabled
1548,CMP-00000460-M-1810-item:268091-D807,M-1810,item:268091,delay_input_shortage,input_shortage,10477.902203,13400.0,0.0,10477.902203,13400.0,item:338929,13400.0,13400.0,13400.0,13400.0,,lot_policy_enabled
1549,CMP-00000371-M-1430-item:268967-D667,M-1430,item:268967,delay_input_shortage,input_shortage,4728.929269,107800.0,0.0,4728.929269,107800.0,item:333362,107800.0,107800.0,107800.0,107800.0,,lot_policy_enabled
1549,CMP-00000460-M-1810-item:268091-D807,M-1810,item:268091,delay_input_shortage,input_shortage,9991.498808,13400.0,0.0,9991.498808,13400.0,item:338929,13400.0,13400.0,13400.0,13400.0,,lot_policy_enabled
1550,CMP-00000371-M-1430-item:268967-D667,M-1430,item:268967,delay_input_shortage,input_shortage,4776.57769,107800.0,0.0,4776.57769,107800.0,item:333362,107800.0,107800.0,107800.0,107800.0,,lot_policy_enabled
1550,CMP-00000460-M-1810-item:268091-D807,M-1810,item:268091,delay_input_shortage,input_shortage,9504.94466,13400.0,0.0,9504.94466,13400.0,item:338929,13400.0,13400.0,13400.0,13400.0,,lot_policy_enabled
1551,CMP-00000371-M-1430-item:268967-D667,M-1430,item:268967,delay_input_shortage,input_shortage,4824.229824,107800.0,0.0,4824.229824,107800.0,item:333362,107800.0,107800.0,107800.0,107800.0,,lot_policy_enabled
1551,CMP-00000460-M-1810-item:268091-D807,M-1810,item:268091,delay_input_shortage,input_shortage,9018.360361,13400.0,0.0,9018.360361,13400.0,item:338929,13400.0,13400.0,13400.0,13400.0,,lot_policy_enabled
1552,CMP-00000371-M-1430-item:268967-D667,M-1430,item:268967,delay_input_shortage,input_shortage,4908.192903,107800.0,0.0,4908.192903,107800.0,item:333362,107800.0,107800.0,107800.0,107800.0,,lot_policy_enabled
1552,CMP-00000460-M-1810-item:268091-D807,M-1810,item:268091,delay_input_shortage,input_shortage,8675.819011,13400.0,0.0,8675.819011,13400.0,item:338929,13400.0,13400.0,13400.0,13400.0,,lot_policy_enabled
1553,CMP-00000371-M-1430-item:268967-D667,M-1430,item:268967,delay_input_shortage,input_shortage,4999.418172,107800.0,0.0,4999.418172,107800.0,item:333362,107800.0,107800.0,107800.0,107800.0,,lot_policy_enabled
1553,CMP-00000460-M-1810-item:268091-D807,M-1810,item:268091,delay_input_shortage,input_shortage,8362.086251,13400.0,0.0,8362.086251,13400.0,item:338929,13400.0,13400.0,13400.0,13400.0,,lot_policy_enabled
1554,CMP-00000371-M-1430-item:268967-D667,M-1430,item:268967,delay_input_shortage,input_shortage,5092.095879,107800.0,0.0,5092.095879,107800.0,item:333362,107800.0,107800.0,107800.0,107800.0,,lot_policy_enabled
1554,CMP-00000460-M-1810-item:268091-D807,M-1810,item:268091,delay_input_shortage,input_shortage,8054.11521,13400.0,0.0,8054.11521,13400.0,item:338929,13400.0,13400.0,13400.0,13400.0,,lot_policy_enabled
1555,CMP-00000371-M-1430-item:268967-D667,M-1430,item:268967,delay_input_shortage,input_shortage,5185.064074,107800.0,0.0,5185.064074,107800.0,item:333362,107800.0,107800.0,107800.0,107800.0,,lot_policy_enabled
1555,CMP-00000460-M-1810-item:268091-D807,M-1810,item:268091,delay_input_shortage,input_shortage,7747.296511,13400.0,0.0,7747.296511,13400.0,item:338929,13400.0,13400.0,13400.0,13400.0,,lot_policy_enabled
1556,CMP-00000371-M-1430-item:268967-D667,M-1430,item:268967,delay_input_shortage,input_shortage,5278.090365,107800.0,0.0,5278.090365,107800.0,item:333362,107800.0,107800.0,107800.0,107800.0,,lot_policy_enabled
1556,CMP-00000460-M-1810-item:268091-D807,M-1810,item:268091,delay_input_shortage,input_shortage,7440.708282,13400.0,0.0,7440.708282,13400.0,item:338929,13400.0,13400.0,13400.0,13400.0,,lot_policy_enabled
1557,CMP-00000371-M-1430-item:268967-D667,M-1430,item:268967,delay_input_shortage,input_shortage,5371.128277,107800.0,0.0,5371.128277,107800.0,item:333362,107800.0,107800.0,107800.0,107800.0,,lot_policy_enabled
1557,CMP-00000460-M-1810-item:268091-D807,M-1810,item:268091,delay_input_shortage,input_shortage,7134.166146,13400.0,0.0,7134.166146,13400.0,item:338929,13400.0,13400.0,13400.0,13400.0,,lot_policy_enabled
1558,CMP-00000371-M-1430-item:268967-D667,M-1430,item:268967,delay_input_shortage,input_shortage,5464.168512,107800.0,0.0,5464.168512,107800.0,item:333362,107800.0,107800.0,107800.0,107800.0,,lot_policy_enabled
1558,CMP-00000460-M-1810-item:268091-D807,M-1810,item:268091,delay_input_shortage,input_shortage,6827.633229,13400.0,0.0,6827.633229,13400.0,item:338929,13400.0,13400.0,13400.0,13400.0,,lot_policy_enabled
1559,CMP-00000371-M-1430-item:268967-D667,M-1430,item:268967,delay_input_shortage,input_shortage,4855.641865,107800.0,0.0,4855.641865,107800.0,item:333362,107800.0,107800.0,107800.0,107800.0,,lot_policy_enabled
1559,CMP-00000460-M-1810-item:268091-D807,M-1810,item:268091,delay_input_shortage,input_shortage,7484.057258,13400.0,0.0,7484.057258,13400.0,item:338929,13400.0,13400.0,13400.0,13400.0,,lot_policy_enabled
1560,CMP-00000371-M-1430-item:268967-D667,M-1430,item:268967,delay_input_shortage,input_shortage,4106.801842,107800.0,0.0,4106.801842,107800.0,item:333362,107800.0,107800.0,107800.0,107800.0,,lot_policy_enabled
1560,CMP-00000460-M-1810-item:268091-D807,M-1810,item:268091,delay_input_shortage,input_shortage,8333.072676,13400.0,0.0,8333.072676,13400.0,item:338929,13400.0,13400.0,13400.0,13400.0,,lot_policy_enabled
1561,CMP-00000371-M-1430-item:268967-D667,M-1430,item:268967,delay_input_shortage,input_shortage,3329.899144,107800.0,0.0,3329.899144,107800.0,item:333362,107800.0,107800.0,107800.0,107800.0,,lot_policy_enabled
1561,CMP-00000460-M-1810-item:268091-D807,M-1810,item:268091,delay_input_shortage,input_shortage,9220.606372,13400.0,0.0,9220.606372,13400.0,item:338929,13400.0,13400.0,13400.0,13400.0,,lot_policy_enabled
1562,CMP-00000371-M-1430-item:268967-D667,M-1430,item:268967,delay_input_shortage,input_shortage,2547.38391,107800.0,0.0,2547.38391,107800.0,item:333362,107800.0,107800.0,107800.0,107800.0,,lot_policy_enabled
1562,CMP-00000460-M-1810-item:268091-D807,M-1810,item:268091,delay_input_shortage,input_shortage,10115.843723,13400.0,0.0,10115.843723,13400.0,item:338929,13400.0,13400.0,13400.0,13400.0,,lot_policy_enabled
1563,CMP-00000371-M-1430-item:268967-D667,M-1430,item:268967,delay_input_shortage,input_shortage,1763.74617,107800.0,0.0,1763.74617,107800.0,item:333362,107800.0,107800.0,107800.0,107800.0,,lot_policy_enabled
1563,CMP-00000460-M-1810-item:268091-D807,M-1810,item:268091,delay_input_shortage,input_shortage,11012.621806,13400.0,0.0,11012.621806,13400.0,item:338929,13400.0,13400.0,13400.0,13400.0,,lot_policy_enabled
1564,CMP-00000371-M-1430-item:268967-D667,M-1430,item:268967,delay_input_shortage,input_shortage,979.883928,107800.0,0.0,979.883928,107800.0,item:333362,107800.0,107800.0,107800.0,107800.0,,lot_policy_enabled
1564,CMP-00000460-M-1810-item:268091-D807,M-1810,item:268091,delay_input_shortage,input_shortage,11909.708035,13400.0,0.0,11909.708035,13400.0,item:338929,13400.0,13400.0,13400.0,13400.0,,lot_policy_enabled
1565,CMP-00000371-M-1430-item:268967-D667,M-1430,item:268967,delay_input_shortage,input_shortage,195.976786,107800.0,0.0,195.976786,107800.0,item:333362,107800.0,107800.0,107800.0,107800.0,,lot_policy_enabled
1565,CMP-00000460-M-1810-item:268091-D807,M-1810,item:268091,delay_input_shortage,input_shortage,12806.855893,13400.0,0.0,12806.855893,13400.0,item:338929,13400.0,13400.0,13400.0,13400.0,,lot_policy_enabled
1566,CMP-00000371-M-1430-item:268967-D667,M-1430,item:268967,delay_input_shortage,input_shortage,39.195357,107800.0,0.0,39.195357,107800.0,item:333362,107800.0,107800.0,107800.0,107800.0,,lot_policy_enabled
1566,CMP-00000460-M-1810-item:268091-D807,M-1810,item:268091,delay_input_shortage,input_shortage,12506.546689,13400.0,0.0,12506.546689,13400.0,item:338929,13400.0,13400.0,13400.0,13400.0,,lot_policy_enabled
1567,CMP-00000371-M-1430-item:268967-D667,M-1430,item:268967,delay_input_shortage,input_shortage,7.839071,107800.0,0.0,7.839071,107800.0,item:333362,107800.0,107800.0,107800.0,107800.0,,lot_policy_enabled
1567,CMP-00000460-M-1810-item:268091-D807,M-1810,item:268091,delay_input_shortage,input_shortage,11966.746072,13400.0,0.0,11966.746072,13400.0,item:338929,13400.0,13400.0,13400.0,13400.0,,lot_policy_enabled
1568,CMP-00000371-M-1430-item:268967-D667,M-1430,item:268967,delay_input_shortage,input_shortage,1.567814,107800.0,0.0,1.567814,107800.0,item:333362,107800.0,107800.0,107800.0,107800.0,,lot_policy_enabled
1568,CMP-00000460-M-1810-item:268091-D807,M-1810,item:268091,delay_input_shortage,input_shortage,11379.047173,13400.0,0.0,11379.047173,13400.0,item:338929,13400.0,13400.0,13400.0,13400.0,,lot_policy_enabled
1569,CMP-00000371-M-1430-item:268967-D667,M-1430,item:268967,delay_input_shortage,input_shortage,0.313563,107800.0,0.0,0.313563,107800.0,item:333362,107800.0,107800.0,107800.0,107800.0,,lot_policy_enabled
1569,CMP-00000460-M-1810-item:268091-D807,M-1810,item:268091,delay_input_shortage,input_shortage,10781.768618,13400.0,0.0,10781.768618,13400.0,item:338929,13400.0,13400.0,13400.0,13400.0,,lot_policy_enabled
1570,CMP-00000371-M-1430-item:268967-D667,M-1430,item:268967,delay_input_shortage,input_shortage,0.062713,107800.0,0.0,0.062713,107800.0,item:333362,107800.0,107800.0,107800.0,107800.0,,lot_policy_enabled
1570,CMP-00000460-M-1810-item:268091-D807,M-1810,item:268091,delay_input_shortage,input_shortage,10182.574132,13400.0,0.0,10182.574132,13400.0,item:338929,13400.0,13400.0,13400.0,13400.0,,lot_policy_enabled
1571,CMP-00000371-M-1430-item:268967-D667,M-1430,item:268967,delay_input_shortage,input_shortage,0.012543,107800.0,0.0,0.012543,107800.0,item:333362,107800.0,107800.0,107800.0,107800.0,,lot_policy_enabled
1571,CMP-00000460-M-1810-item:268091-D807,M-1810,item:268091,delay_input_shortage,input_shortage,9582.996459,13400.0,0.0,9582.996459,13400.0,item:338929,13400.0,13400.0,13400.0,13400.0,,lot_policy_enabled
1572,CMP-00000371-M-1430-item:268967-D667,M-1430,item:268967,delay_input_shortage,input_shortage,0.002509,107800.0,0.0,0.002509,107800.0,item:333362,107800.0,107800.0,107800.0,107800.0,,lot_policy_enabled
1572,CMP-00000460-M-1810-item:268091-D807,M-1810,item:268091,delay_input_shortage,input_shortage,8983.342149,13400.0,0.0,8983.342149,13400.0,item:338929,13400.0,13400.0,13400.0,13400.0,,lot_policy_enabled
1573,CMP-00000371-M-1430-item:268967-D667,M-1430,item:268967,delay_input_shortage,input_shortage,0.000502,107800.0,0.0,0.000502,107800.0,item:333362,107800.0,107800.0,107800.0,107800.0,,lot_policy_enabled
1573,CMP-00000460-M-1810-item:268091-D807,M-1810,item:268091,delay_input_shortage,input_shortage,8341.974552,13400.0,0.0,8341.974552,13400.0,item:338929,13400.0,13400.0,13400.0,13400.0,,lot_policy_enabled
1574,CMP-00000371-M-1430-item:268967-D667,M-1430,item:268967,delay_input_shortage,input_shortage,0.0001,107800.0,0.0,0.0001,107800.0,item:333362,107800.0,107800.0,107800.0,107800.0,,lot_policy_enabled
1574,CMP-00000460-M-1810-item:268091-D807,M-1810,item:268091,delay_input_shortage,input_shortage,7692.264298,13400.0,0.0,7692.264298,13400.0,item:338929,13400.0,13400.0,13400.0,13400.0,,lot_policy_enabled
1575,CMP-00000371-M-1430-item:268967-D667,M-1430,item:268967,delay_input_shortage,input_shortage,2e-05,107800.0,0.0,2e-05,107800.0,item:333362,107800.0,107800.0,107800.0,107800.0,,lot_policy_enabled
1575,CMP-00000460-M-1810-item:268091-D807,M-1810,item:268091,delay_input_shortage,input_shortage,7040.885512,13400.0,0.0,7040.885512,13400.0,item:338929,13400.0,13400.0,13400.0,13400.0,,lot_policy_enabled
1576,CMP-00000371-M-1430-item:268967-D667,M-1430,item:268967,delay_input_shortage,input_shortage,4e-06,107800.0,0.0,4e-06,107800.0,item:333362,107800.0,107800.0,107800.0,107800.0,,lot_policy_enabled
1576,CMP-00000460-M-1810-item:268091-D807,M-1810,item:268091,delay_input_shortage,input_shortage,6389.173021,13400.0,0.0,6389.173021,13400.0,item:338929,13400.0,13400.0,13400.0,13400.0,,lot_policy_enabled
1577,CMP-00000371-M-1430-item:268967-D667,M-1430,item:268967,delay_input_shortage,input_shortage,1e-06,107800.0,0.0,1e-06,107800.0,item:333362,107800.0,107800.0,107800.0,107800.0,,lot_policy_enabled
1577,CMP-00000460-M-1810-item:268091-D807,M-1810,item:268091,delay_input_shortage,input_shortage,5737.393788,13400.0,0.0,5737.393788,13400.0,item:338929,13400.0,13400.0,13400.0,13400.0,,lot_policy_enabled
1578,CMP-00000371-M-1430-item:268967-D667,M-1430,item:268967,delay_input_shortage,input_shortage,0.0,107800.0,0.0,0.0,107800.0,item:333362,107800.0,107800.0,107800.0,107800.0,,lot_policy_enabled
1578,CMP-00000460-M-1810-item:268091-D807,M-1810,item:268091,delay_input_shortage,input_shortage,5085.601207,13400.0,0.0,5085.601207,13400.0,item:338929,13400.0,13400.0,13400.0,13400.0,,lot_policy_enabled
1579,CMP-00000371-M-1430-item:268967-D667,M-1430,item:268967,delay_input_shortage,input_shortage,0.0,107800.0,0.0,0.0,107800.0,item:333362,107800.0,107800.0,107800.0,107800.0,,lot_policy_enabled
1579,CMP-00000460-M-1810-item:268091-D807,M-1810,item:268091,delay_input_shortage,input_shortage,4433.805956,13400.0,0.0,4433.805956,13400.0,item:338929,13400.0,13400.0,13400.0,13400.0,,lot_policy_enabled
1580,CMP-00000371-M-1430-item:268967-D667,M-1430,item:268967,delay_input_shortage,input_shortage,0.0,107800.0,0.0,0.0,107800.0,item:333362,107800.0,107800.0,107800.0,107800.0,,lot_policy_enabled
1580,CMP-00000460-M-1810-item:268091-D807,M-1810,item:268091,delay_input_shortage,input_shortage,4326.499967,13400.0,0.0,4326.499967,13400.0,item:338929,13400.0,13400.0,13400.0,13400.0,,lot_policy_enabled
1581,CMP-00000371-M-1430-item:268967-D667,M-1430,item:268967,delay_input_shortage,input_shortage,0.0,107800.0,0.0,0.0,107800.0,item:333362,107800.0,107800.0,107800.0,107800.0,,lot_policy_enabled
1581,CMP-00000460-M-1810-item:268091-D807,M-1810,item:268091,delay_input_shortage,input_shortage,4328.09183,13400.0,0.0,4328.09183,13400.0,item:338929,13400.0,13400.0,13400.0,13400.0,,lot_policy_enabled
1582,CMP-00000371-M-1430-item:268967-D667,M-1430,item:268967,delay_input_shortage,input_shortage,0.0,107800.0,0.0,0.0,107800.0,item:333362,107800.0,107800.0,107800.0,107800.0,,lot_policy_enabled
1582,CMP-00000460-M-1810-item:268091-D807,M-1810,item:268091,delay_input_shortage,input_shortage,4351.463264,13400.0,0.0,4351.463264,13400.0,item:338929,13400.0,13400.0,13400.0,13400.0,,lot_policy_enabled
1583,CMP-00000371-M-1430-item:268967-D667,M-1430,item:268967,delay_input_shortage,input_shortage,0.0,107800.0,0.0,0.0,107800.0,item:333362,107800.0,107800.0,107800.0,107800.0,,lot_policy_enabled
1583,CMP-00000460-M-1810-item:268091-D807,M-1810,item:268091,delay_input_shortage,input_shortage,4379.190612,13400.0,0.0,4379.190612,13400.0,item:338929,13400.0,13400.0,13400.0,13400.0,,lot_policy_enabled
1584,CMP-00000371-M-1430-item:268967-D667,M-1430,item:268967,delay_input_shortage,input_shortage,0.0,107800.0,0.0,0.0,107800.0,item:333362,107800.0,107800.0,107800.0,107800.0,,lot_policy_enabled
1584,CMP-00000460-M-1810-item:268091-D807,M-1810,item:268091,delay_input_shortage,input_shortage,4407.789143,13400.0,0.0,4407.789143,13400.0,item:338929,13400.0,13400.0,13400.0,13400.0,,lot_policy_enabled
1585,CMP-00000371-M-1430-item:268967-D667,M-1430,item:268967,delay_input_shortage,input_shortage,0.0,107800.0,0.0,0.0,107800.0,item:333362,107800.0,107800.0,107800.0,107800.0,,lot_policy_enabled
1585,CMP-00000460-M-1810-item:268091-D807,M-1810,item:268091,delay_input_shortage,input_shortage,4436.561911,13400.0,0.0,4436.561911,13400.0,item:338929,13400.0,13400.0,13400.0,13400.0,,lot_policy_enabled
1586,CMP-00000371-M-1430-item:268967-D667,M-1430,item:268967,delay_input_shortage,input_shortage,0.0,107800.0,0.0,0.0,107800.0,item:333362,107800.0,107800.0,107800.0,107800.0,,lot_policy_enabled
1586,CMP-00000460-M-1810-item:268091-D807,M-1810,item:268091,delay_input_shortage,input_shortage,4465.369525,13400.0,0.0,4465.369525,13400.0,item:338929,13400.0,13400.0,13400.0,13400.0,,lot_policy_enabled
1587,CMP-00000371-M-1430-item:268967-D667,M-1430,item:268967,delay_input_shortage,input_shortage,136.261224,107800.0,0.0,136.261224,107800.0,item:333362,107800.0,107800.0,107800.0,107800.0,,lot_policy_enabled
1587,CMP-00000460-M-1810-item:268091-D807,M-1810,item:268091,delay_input_shortage,input_shortage,5137.906558,13400.0,0.0,5137.906558,13400.0,item:338929,13400.0,13400.0,13400.0,13400.0,,lot_policy_enabled
1588,CMP-00000371-M-1430-item:268967-D667,M-1430,item:268967,delay_input_shortage,input_shortage,299.774694,107800.0,0.0,299.774694,107800.0,item:333362,107800.0,107800.0,107800.0,107800.0,,lot_policy_enabled
1588,CMP-00000460-M-1810-item:268091-D807,M-1810,item:268091,delay_input_shortage,input_shortage,5939.189475,13400.0,0.0,5939.189475,13400.0,item:338929,13400.0,13400.0,13400.0,13400.0,,lot_policy_enabled
1589,CMP-00000371-M-1430-item:268967-D667,M-1430,item:268967,delay_input_shortage,input_shortage,468.738612,107800.0,0.0,468.738612,107800.0,item:333362,107800.0,107800.0,107800.0,107800.0,,lot_policy_enabled
1589,CMP-00000460-M-1810-item:268091-D807,M-1810,item:268091,delay_input_shortage,input_shortage,6766.221569,13400.0,0.0,6766.221569,13400.0,item:338929,13400.0,13400.0,13400.0,13400.0,,lot_policy_enabled
1590,CMP-00000371-M-1430-item:268967-D667,M-1430,item:268967,delay_input_shortage,input_shortage,638.79262,107800.0,0.0,638.79262,107800.0,item:333362,107800.0,107800.0,107800.0,107800.0,,lot_policy_enabled
1590,CMP-00000460-M-1810-item:268091-D807,M-1810,item:268091,delay_input_shortage,input_shortage,7598.403498,13400.0,0.0,7598.403498,13400.0,item:338929,13400.0,13400.0,13400.0,13400.0,,lot_policy_enabled
1591,CMP-00000371-M-1430-item:268967-D667,M-1430,item:268967,delay_input_shortage,input_shortage,809.064646,107800.0,0.0,809.064646,107800.0,item:333362,107800.0,107800.0,107800.0,107800.0,,lot_policy_enabled
1591,CMP-00000460-M-1810-item:268091-D807,M-1810,item:268091,delay_input_shortage,input_shortage,8431.615394,13400.0,0.0,8431.615394,13400.0,item:338929,13400.0,13400.0,13400.0,13400.0,,lot_policy_enabled
1592,CMP-00000371-M-1430-item:268967-D667,M-1430,item:268967,delay_input_shortage,input_shortage,979.380276,107800.0,0.0,979.380276,107800.0,item:333362,107800.0,107800.0,107800.0,107800.0,,lot_policy_enabled
1592,CMP-00000460-M-1810-item:268091-D807,M-1810,item:268091,delay_input_shortage,input_shortage,9265.033283,13400.0,0.0,9265.033283,13400.0,item:338929,13400.0,13400.0,13400.0,13400.0,,lot_policy_enabled
1593,CMP-00000371-M-1430-item:268967-D667,M-1430,item:268967,delay_input_shortage,input_shortage,1149.704626,107800.0,0.0,1149.704626,107800.0,item:333362,107800.0,107800.0,107800.0,107800.0,,lot_policy_enabled
1593,CMP-00000460-M-1810-item:268091-D807,M-1810,item:268091,delay_input_shortage,input_shortage,10098.492371,13400.0,0.0,10098.492371,13400.0,item:338929,13400.0,13400.0,13400.0,13400.0,,lot_policy_enabled
1594,CMP-00000371-M-1430-item:268967-D667,M-1430,item:268967,delay_input_shortage,input_shortage,1427.083782,107800.0,0.0,1427.083782,107800.0,item:333362,107800.0,107800.0,107800.0,107800.0,,lot_policy_enabled
1594,CMP-00000460-M-1810-item:268091-D807,M-1810,item:268091,delay_input_shortage,input_shortage,10267.453576,13400.0,0.0,10267.453576,13400.0,item:338929,13400.0,13400.0,13400.0,13400.0,,lot_policy_enabled
1595,CMP-00000371-M-1430-item:268967-D667,M-1430,item:268967,delay_input_shortage,input_shortage,1725.873899,107800.0,0.0,1725.873899,107800.0,item:333362,107800.0,107800.0,107800.0,107800.0,,lot_policy_enabled
1595,CMP-00000460-M-1810-item:268091-D807,M-1810,item:268091,delay_input_shortage,input_shortage,10303.515205,13400.0,0.0,10303.515205,13400.0,item:338929,13400.0,13400.0,13400.0,13400.0,,lot_policy_enabled
1596,CMP-00000371-M-1430-item:268967-D667,M-1430,item:268967,delay_input_shortage,input_shortage,2028.946208,107800.0,0.0,2028.946208,107800.0,item:333362,107800.0,107800.0,107800.0,107800.0,,lot_policy_enabled
1596,CMP-00000460-M-1810-item:268091-D807,M-1810,item:268091,delay_input_shortage,input_shortage,10312.996919,13400.0,0.0,10312.996919,13400.0,item:338929,13400.0,13400.0,13400.0,13400.0,,lot_policy_enabled
1597,CMP-00000371-M-1430-item:268967-D667,M-1430,item:268967,delay_input_shortage,input_shortage,2332.874956,107800.0,0.0,2332.874956,107800.0,item:333362,107800.0,107800.0,107800.0,107800.0,,lot_policy_enabled
1597,CMP-00000460-M-1810-item:268091-D807,M-1810,item:268091,delay_input_shortage,input_shortage,10317.162649,13400.0,0.0,10317.162649,13400.0,item:338929,13400.0,13400.0,13400.0,13400.0,,lot_policy_enabled
1598,CMP-00000371-M-1430-item:268967-D667,M-1430,item:268967,delay_input_shortage,input_shortage,2636.974991,107800.0,0.0,2636.974991,107800.0,item:333362,107800.0,107800.0,107800.0,107800.0,,lot_policy_enabled
1598,CMP-00000460-M-1810-item:268091-D807,M-1810,item:268091,delay_input_shortage,input_shortage,10320.265183,13400.0,0.0,10320.265183,13400.0,item:338929,13400.0,13400.0,13400.0,13400.0,,lot_policy_enabled
1599,CMP-00000371-M-1430-item:268967-D667,M-1430,item:268967,delay_input_shortage,input_shortage,2941.109284,107800.0,0.0,2941.109284,107800.0,item:333362,107800.0,107800.0,107800.0,107800.0,,lot_policy_enabled
1599,CMP-00000460-M-1810-item:268091-D807,M-1810,item:268091,delay_input_shortage,input_shortage,10323.155078,13400.0,0.0,10323.155078,13400.0,item:338929,13400.0,13400.0,13400.0,13400.0,,lot_policy_enabled
1600,CMP-00000371-M-1430-item:268967-D667,M-1430,item:268967,delay_input_shortage,input_shortage,3245.250428,107800.0,0.0,3245.250428,107800.0,item:333362,107800.0,107800.0,107800.0,107800.0,,lot_policy_enabled
1600,CMP-00000460-M-1810-item:268091-D807,M-1810,item:268091,delay_input_shortage,input_shortage,10326.002444,13400.0,0.0,10326.002444,13400.0,item:338929,13400.0,13400.0,13400.0,13400.0,,lot_policy_enabled
1601,CMP-00000371-M-1430-item:268967-D667,M-1430,item:268967,delay_input_shortage,input_shortage,2926.503147,107800.0,0.0,2926.503147,107800.0,item:333362,107800.0,107800.0,107800.0,107800.0,,lot_policy_enabled
1601,CMP-00000460-M-1810-item:268091-D807,M-1810,item:268091,delay_input_shortage,input_shortage,10416.433142,13400.0,0.0,10416.433142,13400.0,item:338929,13400.0,13400.0,13400.0,13400.0,,lot_policy_enabled
1602,CMP-00000371-M-1430-item:268967-D667,M-1430,item:268967,delay_input_shortage,input_shortage,2483.17818,107800.0,0.0,2483.17818,107800.0,item:333362,107800.0,107800.0,107800.0,107800.0,,lot_policy_enabled
1602,CMP-00000460-M-1810-item:268091-D807,M-1810,item:268091,delay_input_shortage,input_shortage,10524.380506,13400.0,0.0,10524.380506,13400.0,item:338929,13400.0,13400.0,13400.0,13400.0,,lot_policy_enabled
1603,CMP-00000371-M-1430-item:268967-D667,M-1430,item:268967,delay_input_shortage,input_shortage,2014.937677,107800.0,0.0,2014.937677,107800.0,item:333362,107800.0,107800.0,107800.0,107800.0,,lot_policy_enabled
1603,CMP-00000460-M-1810-item:268091-D807,M-1810,item:268091,delay_input_shortage,input_shortage,10635.831203,13400.0,0.0,10635.831203,13400.0,item:338929,13400.0,13400.0,13400.0,13400.0,,lot_policy_enabled
1604,CMP-00000371-M-1430-item:268967-D667,M-1430,item:268967,delay_input_shortage,input_shortage,1541.714066,107800.0,0.0,1541.714066,107800.0,item:333362,107800.0,107800.0,107800.0,107800.0,,lot_policy_enabled
1604,CMP-00000460-M-1810-item:268091-D807,M-1810,item:268091,delay_input_shortage,input_shortage,10747.982567,13400.0,0.0,10747.982567,13400.0,item:338929,13400.0,13400.0,13400.0,13400.0,,lot_policy_enabled
1605,CMP-00000371-M-1430-item:268967-D667,M-1430,item:268967,delay_input_shortage,input_shortage,1067.493834,107800.0,0.0,1067.493834,107800.0,item:333362,107800.0,107800.0,107800.0,107800.0,,lot_policy_enabled
1605,CMP-00000460-M-1810-item:268091-D807,M-1810,item:268091,delay_input_shortage,input_shortage,10860.274065,13400.0,0.0,10860.274065,13400.0,item:338929,13400.0,13400.0,13400.0,13400.0,,lot_policy_enabled
1606,CMP-00000371-M-1430-item:268967-D667,M-1430,item:268967,delay_input_shortage,input_shortage,593.074277,107800.0,0.0,593.074277,107800.0,item:333362,107800.0,107800.0,107800.0,107800.0,,lot_policy_enabled
1606,CMP-00000460-M-1810-item:268091-D807,M-1810,item:268091,delay_input_shortage,input_shortage,10972.593588,13400.0,0.0,10972.593588,13400.0,item:338929,13400.0,13400.0,13400.0,13400.0,,lot_policy_enabled
1607,CMP-00000371-M-1430-item:268967-D667,M-1430,item:268967,delay_input_shortage,input_shortage,118.614855,107800.0,0.0,118.614855,107800.0,item:333362,107800.0,107800.0,107800.0,107800.0,,lot_policy_enabled
1607,CMP-00000460-M-1810-item:268091-D807,M-1810,item:268091,delay_input_shortage,input_shortage,11084.918718,13400.0,0.0,11084.918718,13400.0,item:338929,13400.0,13400.0,13400.0,13400.0,,lot_policy_enabled
1608,CMP-00000371-M-1430-item:268967-D667,M-1430,item:268967,delay_input_shortage,input_shortage,23.722971,107800.0,0.0,23.722971,107800.0,item:333362,107800.0,107800.0,107800.0,107800.0,,lot_policy_enabled
1608,CMP-00000460-M-1810-item:268091-D807,M-1810,item:268091,delay_input_shortage,input_shortage,10893.604152,13400.0,0.0,10893.604152,13400.0,item:338929,13400.0,13400.0,13400.0,13400.0,,lot_policy_enabled
1609,CMP-00000371-M-1430-item:268967-D667,M-1430,item:268967,delay_input_shortage,input_shortage,4.744594,107800.0,0.0,4.744594,107800.0,item:333362,107800.0,107800.0,107800.0,107800.0,,lot_policy_enabled
1609,CMP-00000460-M-1810-item:268091-D807,M-1810,item:268091,delay_input_shortage,input_shortage,10641.561647,13400.0,0.0,10641.561647,13400.0,item:338929,13400.0,13400.0,13400.0,13400.0,,lot_policy_enabled
1610,CMP-00000371-M-1430-item:268967-D667,M-1430,item:268967,delay_input_shortage,input_shortage,0.948919,107800.0,0.0,0.948919,107800.0,item:333362,107800.0,107800.0,107800.0,107800.0,,lot_policy_enabled
1610,CMP-00000460-M-1810-item:268091-D807,M-1810,item:268091,delay_input_shortage,input_shortage,10377.373554,13400.0,0.0,10377.373554,13400.0,item:338929,13400.0,13400.0,13400.0,13400.0,,lot_policy_enabled
1611,CMP-00000371-M-1430-item:268967-D667,M-1430,item:268967,delay_input_shortage,input_shortage,0.189784,107800.0,0.0,0.189784,107800.0,item:333362,107800.0,107800.0,107800.0,107800.0,,lot_policy_enabled
1611,CMP-00000460-M-1810-item:268091-D807,M-1810,item:268091,delay_input_shortage,input_shortage,10110.756343,13400.0,0.0,10110.756343,13400.0,item:338929,13400.0,13400.0,13400.0,13400.0,,lot_policy_enabled
1612,CMP-00000371-M-1430-item:268967-D667,M-1430,item:268967,delay_input_shortage,input_shortage,0.037957,107800.0,0.0,0.037957,107800.0,item:333362,107800.0,107800.0,107800.0,107800.0,,lot_policy_enabled
1612,CMP-00000460-M-1810-item:268091-D807,M-1810,item:268091,delay_input_shortage,input_shortage,9843.653309,13400.0,0.0,9843.653309,13400.0,item:338929,13400.0,13400.0,13400.0,13400.0,,lot_policy_enabled
1613,CMP-00000371-M-1430-item:268967-D667,M-1430,item:268967,delay_input_shortage,input_shortage,0.007591,107800.0,0.0,0.007591,107800.0,item:333362,107800.0,107800.0,107800.0,107800.0,,lot_policy_enabled
1613,CMP-00000460-M-1810-item:268091-D807,M-1810,item:268091,delay_input_shortage,input_shortage,9576.453111,13400.0,0.0,9576.453111,13400.0,item:338929,13400.0,13400.0,13400.0,13400.0,,lot_policy_enabled
1614,CMP-00000371-M-1430-item:268967-D667,M-1430,item:268967,delay_input_shortage,input_shortage,0.001518,107800.0,0.0,0.001518,107800.0,item:333362,107800.0,107800.0,107800.0,107800.0,,lot_policy_enabled
1614,CMP-00000460-M-1810-item:268091-D807,M-1810,item:268091,delay_input_shortage,input_shortage,9309.233479,13400.0,0.0,9309.233479,13400.0,item:338929,13400.0,13400.0,13400.0,13400.0,,lot_policy_enabled
1615,CMP-00000371-M-1430-item:268967-D667,M-1430,item:268967,delay_input_shortage,input_shortage,313.388059,107800.0,0.0,313.388059,107800.0,item:333362,107800.0,107800.0,107800.0,107800.0,,lot_policy_enabled
1615,CMP-00000460-M-1810-item:268091-D807,M-1810,item:268091,delay_input_shortage,input_shortage,8994.581389,13400.0,0.0,8994.581389,13400.0,item:338929,13400.0,13400.0,13400.0,13400.0,,lot_policy_enabled
1616,CMP-00000371-M-1430-item:268967-D667,M-1430,item:268967,delay_input_shortage,input_shortage,689.453122,107800.0,0.0,689.453122,107800.0,item:333362,107800.0,107800.0,107800.0,107800.0,,lot_policy_enabled
1616,CMP-00000460-M-1810-item:268091-D807,M-1810,item:268091,delay_input_shortage,input_shortage,8670.442808,13400.0,0.0,8670.442808,13400.0,item:338929,13400.0,13400.0,13400.0,13400.0,,lot_policy_enabled
1617,CMP-00000371-M-1430-item:268967-D667,M-1430,item:268967,delay_input_shortage,input_shortage,1078.05389,107800.0,0.0,1078.05389,107800.0,item:333362,107800.0,107800.0,107800.0,107800.0,,lot_policy_enabled
1617,CMP-00000460-M-1810-item:268091-D807,M-1810,item:268091,delay_input_shortage,input_shortage,8344.406929,13400.0,0.0,8344.406929,13400.0,item:338929,13400.0,13400.0,13400.0,13400.0,,lot_policy_enabled
1618,CMP-00000371-M-1430-item:268967-D667,M-1430,item:268967,delay_input_shortage,input_shortage,1469.161798,107800.0,0.0,1469.161798,107800.0,item:333362,107800.0,107800.0,107800.0,107800.0,,lot_policy_enabled
1618,CMP-00000460-M-1810-item:268091-D807,M-1810,item:268091,delay_input_shortage,input_shortage,8017.99159,13400.0,0.0,8017.99159,13400.0,item:338929,13400.0,13400.0,13400.0,13400.0,,lot_policy_enabled
1619,CMP-00000371-M-1430-item:268967-D667,M-1430,item:268967,delay_input_shortage,input_shortage,1860.771135,107800.0,0.0,1860.771135,107800.0,item:333362,107800.0,107800.0,107800.0,107800.0,,lot_policy_enabled
1619,CMP-00000460-M-1810-item:268091-D807,M-1810,item:268091,delay_input_shortage,input_shortage,7691.500359,13400.0,0.0,7691.500359,13400.0,item:338929,13400.0,13400.0,13400.0,13400.0,,lot_policy_enabled
1620,CMP-00000371-M-1430-item:268967-D667,M-1430,item:268967,delay_input_shortage,input_shortage,2252.480758,107800.0,0.0,2252.480758,107800.0,item:333362,107800.0,107800.0,107800.0,107800.0,,lot_policy_enabled
1620,CMP-00000460-M-1810-item:268091-D807,M-1810,item:268091,delay_input_shortage,input_shortage,7364.993949,13400.0,0.0,7364.993949,13400.0,item:338929,13400.0,13400.0,13400.0,13400.0,,lot_policy_enabled
1621,CMP-00000371-M-1430-item:268967-D667,M-1430,item:268967,delay_input_shortage,input_shortage,2644.210437,107800.0,0.0,2644.210437,107800.0,item:333362,107800.0,107800.0,107800.0,107800.0,,lot_policy_enabled
1621,CMP-00000460-M-1810-item:268091-D807,M-1810,item:268091,delay_input_shortage,input_shortage,7038.484504,13400.0,0.0,7038.484504,13400.0,item:338929,13400.0,13400.0,13400.0,13400.0,,lot_policy_enabled
1622,CMP-00000371-M-1430-item:268967-D667,M-1430,item:268967,delay_input_shortage,input_shortage,5116.156373,107800.0,0.0,5116.156373,107800.0,item:333362,107800.0,107800.0,107800.0,107800.0,,lot_policy_enabled
1622,CMP-00000460-M-1810-item:268091-D807,M-1810,item:268091,delay_input_shortage,input_shortage,7421.558125,13400.0,0.0,7421.558125,13400.0,item:338929,13400.0,13400.0,13400.0,13400.0,,lot_policy_enabled
1623,CMP-00000371-M-1430-item:268967-D667,M-1430,item:268967,delay_input_shortage,input_shortage,8004.14556,107800.0,0.0,8004.14556,107800.0,item:333362,107800.0,107800.0,107800.0,107800.0,,lot_policy_enabled
1623,CMP-00000460-M-1810-item:268091-D807,M-1810,item:268091,delay_input_shortage,input_shortage,7946.54836,13400.0,0.0,7946.54836,13400.0,item:338929,13400.0,13400.0,13400.0,13400.0,,lot_policy_enabled
1624,CMP-00000371-M-1430-item:268967-D667,M-1430,item:268967,delay_input_shortage,input_shortage,10975.343398,107800.0,0.0,10975.343398,107800.0,item:333362,107800.0,107800.0,107800.0,107800.0,,lot_policy_enabled
1624,CMP-00000460-M-1810-item:268091-D807,M-1810,item:268091,delay_input_shortage,input_shortage,8499.921917,13400.0,0.0,8499.921917,13400.0,item:338929,13400.0,13400.0,13400.0,13400.0,,lot_policy_enabled
1625,CMP-00000371-M-1430-item:268967-D667,M-1430,item:268967,delay_input_shortage,input_shortage,13963.182965,107800.0,0.0,13963.182965,107800.0,item:333362,107800.0,107800.0,107800.0,107800.0,,lot_policy_enabled
1625,CMP-00000460-M-1810-item:268091-D807,M-1810,item:268091,delay_input_shortage,input_shortage,9058.972138,13400.0,0.0,9058.972138,13400.0,item:338929,13400.0,13400.0,13400.0,13400.0,,lot_policy_enabled
1626,CMP-00000371-M-1430-item:268967-D667,M-1430,item:268967,delay_input_shortage,input_shortage,16954.350879,107800.0,0.0,16954.350879,107800.0,item:333362,107800.0,107800.0,107800.0,107800.0,,lot_policy_enabled
1626,CMP-00000460-M-1810-item:268091-D807,M-1810,item:268091,delay_input_shortage,input_shortage,9619.157693,13400.0,0.0,9619.157693,13400.0,item:338929,13400.0,13400.0,13400.0,13400.0,,lot_policy_enabled
1627,CMP-00000371-M-1430-item:268967-D667,M-1430,item:268967,delay_input_shortage,input_shortage,19946.184461,107800.0,0.0,19946.184461,107800.0,item:333362,107800.0,107800.0,107800.0,107800.0,,lot_policy_enabled
1627,CMP-00000460-M-1810-item:268091-D807,M-1810,item:268091,delay_input_shortage,input_shortage,10179.570314,13400.0,0.0,10179.570314,13400.0,item:338929,13400.0,13400.0,13400.0,13400.0,,lot_policy_enabled
1628,CMP-00000371-M-1430-item:268967-D667,M-1430,item:268967,delay_input_shortage,input_shortage,22938.151178,107800.0,0.0,22938.151178,107800.0,item:333362,107800.0,107800.0,107800.0,107800.0,,lot_policy_enabled
1628,CMP-00000460-M-1810-item:268091-D807,M-1810,item:268091,delay_input_shortage,input_shortage,10740.028348,13400.0,0.0,10740.028348,13400.0,item:338929,13400.0,13400.0,13400.0,13400.0,,lot_policy_enabled
1629,CMP-00000371-M-1430-item:268967-D667,M-1430,item:268967,delay_input_shortage,input_shortage,20945.703705,107800.0,0.0,20945.703705,107800.0,item:333362,107800.0,107800.0,107800.0,107800.0,,lot_policy_enabled
1629,CMP-00000460-M-1810-item:268091-D807,M-1810,item:268091,delay_input_shortage,input_shortage,11141.524037,13400.0,0.0,11141.524037,13400.0,item:338929,13400.0,13400.0,13400.0,13400.0,,lot_policy_enabled
1630,CMP-00000371-M-1430-item:268967-D667,M-1430,item:268967,delay_input_shortage,input_shortage,17956.373394,107800.0,0.0,17956.373394,107800.0,item:333362,107800.0,107800.0,107800.0,107800.0,,lot_policy_enabled
1630,CMP-00000460-M-1810-item:268091-D807,M-1810,item:268091,delay_input_shortage,input_shortage,11511.227256,13400.0,0.0,11511.227256,13400.0,item:338929,13400.0,13400.0,13400.0,13400.0,,lot_policy_enabled
1631,CMP-00000371-M-1430-item:268967-D667,M-1430,item:268967,delay_input_shortage,input_shortage,14767.666515,107800.0,0.0,14767.666515,107800.0,item:333362,107800.0,107800.0,107800.0,107800.0,,lot_policy_enabled
1631,CMP-00000460-M-1810-item:268091-D807,M-1810,item:268091,delay_input_shortage,input_shortage,11874.571982,13400.0,0.0,11874.571982,13400.0,item:338929,13400.0,13400.0,13400.0,13400.0,,lot_policy_enabled
1632,CMP-00000371-M-1430-item:268967-D667,M-1430,item:268967,delay_input_shortage,input_shortage,11539.084323,107800.0,0.0,11539.084323,107800.0,item:333362,107800.0,107800.0,107800.0,107800.0,,lot_policy_enabled
1632,CMP-00000460-M-1810-item:268091-D807,M-1810,item:268091,delay_input_shortage,input_shortage,12236.645008,13400.0,0.0,12236.645008,13400.0,item:338929,13400.0,13400.0,13400.0,13400.0,,lot_policy_enabled
1633,CMP-00000371-M-1430-item:268967-D667,M-1430,item:268967,delay_input_shortage,input_shortage,8302.527069,107800.0,0.0,8302.527069,107800.0,item:333362,107800.0,107800.0,107800.0,107800.0,,lot_policy_enabled
1633,CMP-00000460-M-1810-item:268091-D807,M-1810,item:268091,delay_input_shortage,input_shortage,12598.463695,13400.0,0.0,12598.463695,13400.0,item:338929,13400.0,13400.0,13400.0,13400.0,,lot_policy_enabled
1634,CMP-00000371-M-1430-item:268967-D667,M-1430,item:268967,delay_input_shortage,input_shortage,5064.374801,107800.0,0.0,5064.374801,107800.0,item:333362,107800.0,107800.0,107800.0,107800.0,,lot_policy_enabled
1634,CMP-00000460-M-1810-item:268091-D807,M-1810,item:268091,delay_input_shortage,input_shortage,12960.231514,13400.0,0.0,12960.231514,13400.0,item:338929,13400.0,13400.0,13400.0,13400.0,,lot_policy_enabled
1635,CMP-00000371-M-1430-item:268967-D667,M-1430,item:268967,delay_input_shortage,input_shortage,1825.903531,107800.0,0.0,1825.903531,107800.0,item:333362,107800.0,107800.0,107800.0,107800.0,,lot_policy_enabled
1635,CMP-00000460-M-1810-item:268091-D807,M-1810,item:268091,delay_input_shortage,input_shortage,13321.98916,13400.0,0.0,13321.98916,13400.0,item:338929,13400.0,13400.0,13400.0,13400.0,,lot_policy_enabled
1636,CMP-00000371-M-1430-item:268967-D667,M-1430,item:268967,delay_input_shortage,input_shortage,1119.156216,107800.0,0.0,1119.156216,107800.0,item:333362,107800.0,107800.0,107800.0,107800.0,,lot_policy_enabled
1636,CMP-00000460-M-1810-item:268091-D807,M-1810,item:268091,delay_input_shortage,input_shortage,12874.471301,13400.0,0.0,12874.471301,13400.0,item:338929,13400.0,13400.0,13400.0,13400.0,,lot_policy_enabled
1637,CMP-00000371-M-1430-item:268967-D667,M-1430,item:268967,delay_input_shortage,input_shortage,918.753692,107800.0,0.0,918.753692,107800.0,item:333362,107800.0,107800.0,107800.0,107800.0,,lot_policy_enabled
1637,CMP-00000460-M-1810-item:268091-D807,M-1810,item:268091,delay_input_shortage,input_shortage,12265.098342,13400.0,0.0,12265.098342,13400.0,item:338929,13400.0,13400.0,13400.0,13400.0,,lot_policy_enabled
1638,CMP-00000371-M-1430-item:268967-D667,M-1430,item:268967,delay_input_shortage,input_shortage,819.620126,107800.0,0.0,819.620126,107800.0,item:333362,107800.0,107800.0,107800.0,107800.0,,lot_policy_enabled
1638,CMP-00000460-M-1810-item:268091-D807,M-1810,item:268091,delay_input_shortage,input_shortage,11623.354362,13400.0,0.0,11623.354362,13400.0,item:338929,13400.0,13400.0,13400.0,13400.0,,lot_policy_enabled
1639,CMP-00000371-M-1430-item:268967-D667,M-1430,item:268967,delay_input_shortage,input_shortage,740.740352,107800.0,0.0,740.740352,107800.0,item:333362,107800.0,107800.0,107800.0,107800.0,,lot_policy_enabled
1639,CMP-00000460-M-1810-item:268091-D807,M-1810,item:268091,delay_input_shortage,input_shortage,10975.136179,13400.0,0.0,10975.136179,13400.0,item:338929,13400.0,13400.0,13400.0,13400.0,,lot_policy_enabled
1640,CMP-00000371-M-1430-item:268967-D667,M-1430,item:268967,delay_input_shortage,input_shortage,665.911336,107800.0,0.0,665.911336,107800.0,item:333362,107800.0,107800.0,107800.0,107800.0,,lot_policy_enabled
1640,CMP-00000460-M-1810-item:268091-D807,M-1810,item:268091,delay_input_shortage,input_shortage,10325.623154,13400.0,0.0,10325.623154,13400.0,item:338929,13400.0,13400.0,13400.0,13400.0,,lot_policy_enabled
1641,CMP-00000371-M-1430-item:268967-D667,M-1430,item:268967,delay_input_shortage,input_shortage,591.892472,107800.0,0.0,591.892472,107800.0,item:333362,107800.0,107800.0,107800.0,107800.0,,lot_policy_enabled
1641,CMP-00000460-M-1810-item:268091-D807,M-1810,item:268091,delay_input_shortage,input_shortage,9675.851162,13400.0,0.0,9675.851162,13400.0,item:338929,13400.0,13400.0,13400.0,13400.0,,lot_policy_enabled
1642,CMP-00000371-M-1430-item:268967-D667,M-1430,item:268967,delay_input_shortage,input_shortage,518.035638,107800.0,0.0,518.035638,107800.0,item:333362,107800.0,107800.0,107800.0,107800.0,,lot_policy_enabled
1642,CMP-00000460-M-1810-item:268091-D807,M-1810,item:268091,delay_input_shortage,input_shortage,9026.027376,13400.0,0.0,9026.027376,13400.0,item:338929,13400.0,13400.0,13400.0,13400.0,,lot_policy_enabled
1643,CMP-00000371-M-1430-item:268967-D667,M-1430,item:268967,delay_input_shortage,input_shortage,647.443862,107800.0,0.0,647.443862,107800.0,item:333362,107800.0,107800.0,107800.0,107800.0,,lot_policy_enabled
1643,CMP-00000460-M-1810-item:268091-D807,M-1810,item:268091,delay_input_shortage,input_shortage,9086.936088,13400.0,0.0,9086.936088,13400.0,item:338929,13400.0,13400.0,13400.0,13400.0,,lot_policy_enabled
1644,CMP-00000371-M-1430-item:268967-D667,M-1430,item:268967,delay_input_shortage,input_shortage,817.505099,107800.0,0.0,817.505099,107800.0,item:333362,107800.0,107800.0,107800.0,107800.0,,lot_policy_enabled
1644,CMP-00000460-M-1810-item:268091-D807,M-1810,item:268091,delay_input_shortage,input_shortage,9289.991299,13400.0,0.0,9289.991299,13400.0,item:338929,13400.0,13400.0,13400.0,13400.0,,lot_policy_enabled
1645,CMP-00000371-M-1430-item:268967-D667,M-1430,item:268967,delay_input_shortage,input_shortage,995.696938,107800.0,0.0,995.696938,107800.0,item:333362,107800.0,107800.0,107800.0,107800.0,,lot_policy_enabled
1645,CMP-00000460-M-1810-item:268091-D807,M-1810,item:268091,delay_input_shortage,input_shortage,9521.475811,13400.0,0.0,9521.475811,13400.0,item:338929,13400.0,13400.0,13400.0,13400.0,,lot_policy_enabled
1646,CMP-00000371-M-1430-item:268967-D667,M-1430,item:268967,delay_input_shortage,input_shortage,1175.514898,107800.0,0.0,1175.514898,107800.0,item:333362,107800.0,107800.0,107800.0,107800.0,,lot_policy_enabled
1646,CMP-00000460-M-1810-item:268091-D807,M-1810,item:268091,delay_input_shortage,input_shortage,9758.646183,13400.0,0.0,9758.646183,13400.0,item:338929,13400.0,13400.0,13400.0,13400.0,,lot_policy_enabled
1647,CMP-00000371-M-1430-item:268967-D667,M-1430,item:268967,delay_input_shortage,input_shortage,1355.658082,107800.0,0.0,1355.658082,107800.0,item:333362,107800.0,107800.0,107800.0,107800.0,,lot_policy_enabled
1647,CMP-00000460-M-1810-item:268091-D807,M-1810,item:268091,delay_input_shortage,input_shortage,9996.953727,13400.0,0.0,9996.953727,13400.0,item:338929,13400.0,13400.0,13400.0,13400.0,,lot_policy_enabled
1648,CMP-00000371-M-1430-item:268967-D667,M-1430,item:268967,delay_input_shortage,input_shortage,1535.86631,107800.0,0.0,1535.86631,107800.0,item:333362,107800.0,107800.0,107800.0,107800.0,,lot_policy_enabled
1648,CMP-00000460-M-1810-item:268091-D807,M-1810,item:268091,delay_input_shortage,input_shortage,10235.488705,13400.0,0.0,10235.488705,13400.0,item:338929,13400.0,13400.0,13400.0,13400.0,,lot_policy_enabled
1649,CMP-00000371-M-1430-item:268967-D667,M-1430,item:268967,delay_input_shortage,input_shortage,1716.087548,107800.0,0.0,1716.087548,107800.0,item:333362,107800.0,107800.0,107800.0,107800.0,,lot_policy_enabled
1649,CMP-00000460-M-1810-item:268091-D807,M-1810,item:268091,delay_input_shortage,input_shortage,10474.06917,13400.0,0.0,10474.06917,13400.0,item:338929,13400.0,13400.0,13400.0,13400.0,,lot_policy_enabled
1650,CMP-00000371-M-1430-item:268967-D667,M-1430,item:268967,delay_input_shortage,input_shortage,2159.331795,107800.0,0.0,2159.331795,107800.0,item:333362,107800.0,107800.0,107800.0,107800.0,,lot_policy_enabled
1650,CMP-00000460-M-1810-item:268091-D807,M-1810,item:268091,delay_input_shortage,input_shortage,10141.164855,13400.0,0.0,10141.164855,13400.0,item:338929,13400.0,13400.0,13400.0,13400.0,,lot_policy_enabled
1651,CMP-00000371-M-1430-item:268967-D667,M-1430,item:268967,delay_input_shortage,input_shortage,2655.180645,107800.0,0.0,2655.180645,107800.0,item:333362,107800.0,107800.0,107800.0,107800.0,,lot_policy_enabled
1651,CMP-00000460-M-1810-item:268091-D807,M-1810,item:268091,delay_input_shortage,input_shortage,9693.963583,13400.0,0.0,9693.963583,13400.0,item:338929,13400.0,13400.0,13400.0,13400.0,,lot_policy_enabled
1652,CMP-00000371-M-1430-item:268967-D667,M-1430,item:268967,delay_input_shortage,input_shortage,3161.550415,107800.0,0.0,3161.550415,107800.0,item:333362,107800.0,107800.0,107800.0,107800.0,,lot_policy_enabled
1652,CMP-00000460-M-1810-item:268091-D807,M-1810,item:268091,delay_input_shortage,input_shortage,9223.902921,13400.0,0.0,9223.902921,13400.0,item:338929,13400.0,13400.0,13400.0,13400.0,,lot_policy_enabled
1653,CMP-00000371-M-1430-item:268967-D667,M-1430,item:268967,delay_input_shortage,input_shortage,3670.024369,107800.0,0.0,3670.024369,107800.0,item:333362,107800.0,107800.0,107800.0,107800.0,,lot_policy_enabled
1653,CMP-00000460-M-1810-item:268091-D807,M-1810,item:268091,delay_input_shortage,input_shortage,8749.27038,13400.0,0.0,8749.27038,13400.0,item:338929,13400.0,13400.0,13400.0,13400.0,,lot_policy_enabled
1654,CMP-00000371-M-1430-item:268967-D667,M-1430,item:268967,delay_input_shortage,input_shortage,4178.919159,107800.0,0.0,4178.919159,107800.0,item:333362,107800.0,107800.0,107800.0,107800.0,,lot_policy_enabled
1654,CMP-00000460-M-1810-item:268091-D807,M-1810,item:268091,delay_input_shortage,input_shortage,8273.723464,13400.0,0.0,8273.723464,13400.0,item:338929,13400.0,13400.0,13400.0,13400.0,,lot_policy_enabled
1655,CMP-00000371-M-1430-item:268967-D667,M-1430,item:268967,delay_input_shortage,input_shortage,4687.898117,107800.0,0.0,4687.898117,107800.0,item:333362,107800.0,107800.0,107800.0,107800.0,,lot_policy_enabled
1655,CMP-00000460-M-1810-item:268091-D807,M-1810,item:268091,delay_input_shortage,input_shortage,7797.993672,13400.0,0.0,7797.993672,13400.0,item:338929,13400.0,13400.0,13400.0,13400.0,,lot_policy_enabled
1656,CMP-00000371-M-1430-item:268967-D667,M-1430,item:268967,delay_input_shortage,input_shortage,5196.893909,107800.0,0.0,5196.893909,107800.0,item:333362,107800.0,107800.0,107800.0,107800.0,,lot_policy_enabled
1656,CMP-00000460-M-1810-item:268091-D807,M-1810,item:268091,delay_input_shortage,input_shortage,7322.227306,13400.0,0.0,7322.227306,13400.0,item:338929,13400.0,13400.0,13400.0,13400.0,,lot_policy_enabled
1657,CMP-00000371-M-1430-item:268967-D667,M-1430,item:268967,delay_input_shortage,input_shortage,5909.468578,107800.0,0.0,5909.468578,107800.0,item:333362,107800.0,107800.0,107800.0,107800.0,,lot_policy_enabled
1657,CMP-00000460-M-1810-item:268091-D807,M-1810,item:268091,delay_input_shortage,input_shortage,7990.959747,13400.0,0.0,7990.959747,13400.0,item:338929,13400.0,13400.0,13400.0,13400.0,,lot_policy_enabled
1658,CMP-00000371-M-1430-item:268967-D667,M-1430,item:268967,delay_input_shortage,input_shortage,6662.759021,107800.0,0.0,6662.759021,107800.0,item:333362,107800.0,107800.0,107800.0,107800.0,,lot_policy_enabled
1658,CMP-00000460-M-1810-item:268091-D807,M-1810,item:268091,delay_input_shortage,input_shortage,8888.591949,13400.0,0.0,8888.591949,13400.0,item:338929,13400.0,13400.0,13400.0,13400.0,,lot_policy_enabled
1659,CMP-00000371-M-1430-item:268967-D667,M-1430,item:268967,delay_input_shortage,input_shortage,7424.19262,107800.0,0.0,7424.19262,107800.0,item:333362,107800.0,107800.0,107800.0,107800.0,,lot_policy_enabled
1659,CMP-00000460-M-1810-item:268091-D807,M-1810,item:268091,delay_input_shortage,input_shortage,9832.004104,13400.0,0.0,9832.004104,13400.0,item:338929,13400.0,13400.0,13400.0,13400.0,,lot_policy_enabled
1660,CMP-00000371-M-1430-item:268967-D667,M-1430,item:268967,delay_input_shortage,input_shortage,8187.25485,107800.0,0.0,8187.25485,107800.0,item:333362,107800.0,107800.0,107800.0,107800.0,,lot_policy_enabled
1660,CMP-00000460-M-1810-item:268091-D807,M-1810,item:268091,delay_input_shortage,input_shortage,10784.572249,13400.0,0.0,10784.572249,13400.0,item:338929,13400.0,13400.0,13400.0,13400.0,,lot_policy_enabled
1661,CMP-00000371-M-1430-item:268967-D667,M-1430,item:268967,delay_input_shortage,input_shortage,8950.642807,107800.0,0.0,8950.642807,107800.0,item:333362,107800.0,107800.0,107800.0,107800.0,,lot_policy_enabled
1661,CMP-00000460-M-1810-item:268091-D807,M-1810,item:268091,delay_input_shortage,input_shortage,11738.971592,13400.0,0.0,11738.971592,13400.0,item:338929,13400.0,13400.0,13400.0,13400.0,,lot_policy_enabled
1662,CMP-00000371-M-1430-item:268967-D667,M-1430,item:268967,delay_input_shortage,input_shortage,9714.095908,107800.0,0.0,9714.095908,107800.0,item:333362,107800.0,107800.0,107800.0,107800.0,,lot_policy_enabled
1662,CMP-00000460-M-1810-item:268091-D807,M-1810,item:268091,delay_input_shortage,input_shortage,12693.737175,13400.0,0.0,12693.737175,13400.0,item:338929,13400.0,13400.0,13400.0,13400.0,,lot_policy_enabled
1663,CMP-00000371-M-1430-item:268967-D667,M-1430,item:268967,delay_input_shortage,input_shortage,10477.562038,107800.0,0.0,10477.562038,107800.0,item:333362,107800.0,107800.0,107800.0,107800.0,,lot_policy_enabled
1663,CMP-00000460-M-1810-item:268091-D807,M-1810,item:268091,delay_input_shortage,input_shortage,13648.576006,13400.0,0.0,13648.576006,13400.0,item:338929,13400.0,13400.0,13400.0,13400.0,,lot_policy_enabled
1664,CMP-00000371-M-1430-item:268967-D667,M-1430,item:268967,delay_input_shortage,input_shortage,10420.491999,107800.0,0.0,10420.491999,107800.0,item:333362,107800.0,107800.0,107800.0,107800.0,,lot_policy_enabled
1664,CMP-00000460-M-1810-item:268091-D807,M-1810,item:268091,delay_input_shortage,input_shortage,13131.004997,13400.0,0.0,13131.004997,13400.0,item:338929,13400.0,13400.0,13400.0,13400.0,,lot_policy_enabled
1665,CMP-00000371-M-1430-item:268967-D667,M-1430,item:268967,delay_input_shortage,input_shortage,10199.314726,107800.0,0.0,10199.314726,107800.0,item:333362,107800.0,107800.0,107800.0,107800.0,,lot_policy_enabled
1665,CMP-00000460-M-1810-item:268091-D807,M-1810,item:268091,delay_input_shortage,input_shortage,12318.95202,13400.0,0.0,12318.95202,13400.0,item:338929,13400.0,13400.0,13400.0,13400.0,,lot_policy_enabled
1666,CMP-00000371-M-1430-item:268967-D667,M-1430,item:268967,delay_input_shortage,input_shortage,9945.316006,107800.0,0.0,9945.316006,107800.0,item:333362,107800.0,107800.0,107800.0,107800.0,,lot_policy_enabled
1666,CMP-00000460-M-1810-item:268091-D807,M-1810,item:268091,delay_input_shortage,input_shortage,11448.002649,13400.0,0.0,11448.002649,13400.0,item:338929,13400.0,13400.0,13400.0,13400.0,,lot_policy_enabled
1667,CMP-00000371-M-1430-item:268967-D667,M-1430,item:268967,delay_input_shortage,input_shortage,9684.752997,107800.0,0.0,9684.752997,107800.0,item:333362,107800.0,107800.0,107800.0,107800.0,,lot_policy_enabled
1667,CMP-00000460-M-1810-item:268091-D807,M-1810,item:268091,delay_input_shortage,input_shortage,10565.273999,13400.0,0.0,10565.273999,13400.0,item:338929,13400.0,13400.0,13400.0,13400.0,,lot_policy_enabled
1668,CMP-00000371-M-1430-item:268967-D667,M-1430,item:268967,delay_input_shortage,input_shortage,9422.87713,107800.0,0.0,9422.87713,107800.0,item:333362,107800.0,107800.0,107800.0,107800.0,,lot_policy_enabled
1668,CMP-00000460-M-1810-item:268091-D807,M-1810,item:268091,delay_input_shortage,input_shortage,9680.189494,13400.0,0.0,9680.189494,13400.0,item:338929,13400.0,13400.0,13400.0,13400.0,,lot_policy_enabled
1669,CMP-00000371-M-1430-item:268967-D667,M-1430,item:268967,delay_input_shortage,input_shortage,9160.738691,107800.0,0.0,9160.738691,107800.0,item:333362,107800.0,107800.0,107800.0,107800.0,,lot_policy_enabled
1669,CMP-00000460-M-1810-item:268091-D807,M-1810,item:268091,delay_input_shortage,input_shortage,8794.633817,13400.0,0.0,8794.633817,13400.0,item:338929,13400.0,13400.0,13400.0,13400.0,,lot_policy_enabled
1670,CMP-00000371-M-1430-item:268967-D667,M-1430,item:268967,delay_input_shortage,input_shortage,8898.547738,107800.0,0.0,8898.547738,107800.0,item:333362,107800.0,107800.0,107800.0,107800.0,,lot_policy_enabled
1670,CMP-00000460-M-1810-item:268091-D807,M-1810,item:268091,delay_input_shortage,input_shortage,7908.983907,13400.0,0.0,7908.983907,13400.0,item:338929,13400.0,13400.0,13400.0,13400.0,,lot_policy_enabled
1671,CMP-00000371-M-1430-item:268967-D667,M-1430,item:268967,delay_input_shortage,input_shortage,7971.758527,107800.0,0.0,7971.758527,107800.0,item:333362,107800.0,107800.0,107800.0,107800.0,,lot_policy_enabled
1671,CMP-00000460-M-1810-item:268091-D807,M-1810,item:268091,delay_input_shortage,input_shortage,7306.74372,13400.0,0.0,7306.74372,13400.0,item:338929,13400.0,13400.0,13400.0,13400.0,,lot_policy_enabled
1672,CMP-00000371-M-1430-item:268967-D667,M-1430,item:268967,delay_input_shortage,input_shortage,6912.049665,107800.0,0.0,6912.049665,107800.0,item:333362,107800.0,107800.0,107800.0,107800.0,,lot_policy_enabled
1672,CMP-00000460-M-1810-item:268091-D807,M-1810,item:268091,delay_input_shortage,input_shortage,6761.185479,13400.0,0.0,6761.185479,13400.0,item:338929,13400.0,13400.0,13400.0,13400.0,,lot_policy_enabled
1673,CMP-00000371-M-1430-item:268967-D667,M-1430,item:268967,delay_input_shortage,input_shortage,5825.756872,107800.0,0.0,5825.756872,107800.0,item:333362,107800.0,107800.0,107800.0,107800.0,,lot_policy_enabled
1673,CMP-00000460-M-1810-item:268091-D807,M-1810,item:268091,delay_input_shortage,input_shortage,6226.963627,13400.0,0.0,6226.963627,13400.0,item:338929,13400.0,13400.0,13400.0,13400.0,,lot_policy_enabled
1674,CMP-00000371-M-1430-item:268967-D667,M-1430,item:268967,delay_input_shortage,input_shortage,4734.147292,107800.0,0.0,4734.147292,107800.0,item:333362,107800.0,107800.0,107800.0,107800.0,,lot_policy_enabled
1674,CMP-00000460-M-1810-item:268091-D807,M-1810,item:268091,delay_input_shortage,input_shortage,5695.009052,13400.0,0.0,5695.009052,13400.0,item:338929,13400.0,13400.0,13400.0,13400.0,,lot_policy_enabled
1675,CMP-00000371-M-1430-item:268967-D667,M-1430,item:268967,delay_input_shortage,input_shortage,3641.474356,107800.0,0.0,3641.474356,107800.0,item:333362,107800.0,107800.0,107800.0,107800.0,,lot_policy_enabled
1675,CMP-00000460-M-1810-item:268091-D807,M-1810,item:268091,delay_input_shortage,input_shortage,5163.507933,13400.0,0.0,5163.507933,13400.0,item:338929,13400.0,13400.0,13400.0,13400.0,,lot_policy_enabled
1676,CMP-00000371-M-1430-item:268967-D667,M-1430,item:268967,delay_input_shortage,input_shortage,2548.588748,107800.0,0.0,2548.588748,107800.0,item:333362,107800.0,107800.0,107800.0,107800.0,,lot_policy_enabled
1676,CMP-00000460-M-1810-item:268091-D807,M-1810,item:268091,delay_input_shortage,input_shortage,4632.097505,13400.0,0.0,4632.097505,13400.0,item:338929,13400.0,13400.0,13400.0,13400.0,,lot_policy_enabled
1677,CMP-00000371-M-1430-item:268967-D667,M-1430,item:268967,delay_input_shortage,input_shortage,1455.660606,107800.0,0.0,1455.660606,107800.0,item:333362,107800.0,107800.0,107800.0,107800.0,,lot_policy_enabled
1677,CMP-00000460-M-1810-item:268091-D807,M-1810,item:268091,delay_input_shortage,input_shortage,4100.705215,13400.0,0.0,4100.705215,13400.0,item:338929,13400.0,13400.0,13400.0,13400.0,,lot_policy_enabled
1678,CMP-00000371-M-1430-item:268967-D667,M-1430,item:268967,delay_input_shortage,input_shortage,1200.062733,107800.0,0.0,1200.062733,107800.0,item:333362,107800.0,107800.0,107800.0,107800.0,,lot_policy_enabled
1678,CMP-00000460-M-1810-item:268091-D807,M-1810,item:268091,delay_input_shortage,input_shortage,4126.0839,13400.0,0.0,4126.0839,13400.0,item:338929,13400.0,13400.0,13400.0,13400.0,,lot_policy_enabled
1679,CMP-00000371-M-1430-item:268967-D667,M-1430,item:268967,delay_input_shortage,input_shortage,1111.930914,107800.0,0.0,1111.930914,107800.0,item:333362,107800.0,107800.0,107800.0,107800.0,,lot_policy_enabled
1679,CMP-00000460-M-1810-item:268091-D807,M-1810,item:268091,delay_input_shortage,input_shortage,4262.81678,13400.0,0.0,4262.81678,13400.0,item:338929,13400.0,13400.0,13400.0,13400.0,,lot_policy_enabled
1680,CMP-00000371-M-1430-item:268967-D667,M-1430,item:268967,delay_input_shortage,input_shortage,1057.292305,107800.0,0.0,1057.292305,107800.0,item:333362,107800.0,107800.0,107800.0,107800.0,,lot_policy_enabled
1680,CMP-00000460-M-1810-item:268091-D807,M-1810,item:268091,delay_input_shortage,input_shortage,4421.820499,13400.0,0.0,4421.820499,13400.0,item:338929,13400.0,13400.0,13400.0,13400.0,,lot_policy_enabled
1681,CMP-00000371-M-1430-item:268967-D667,M-1430,item:268967,delay_input_shortage,input_shortage,1009.352339,107800.0,0.0,1009.352339,107800.0,item:333362,107800.0,107800.0,107800.0,107800.0,,lot_policy_enabled
1681,CMP-00000460-M-1810-item:268091-D807,M-1810,item:268091,delay_input_shortage,input_shortage,4585.278386,13400.0,0.0,4585.278386,13400.0,item:338929,13400.0,13400.0,13400.0,13400.0,,lot_policy_enabled
1682,CMP-00000371-M-1430-item:268967-D667,M-1430,item:268967,delay_input_shortage,input_shortage,962.752101,107800.0,0.0,962.752101,107800.0,item:333362,107800.0,107800.0,107800.0,107800.0,,lot_policy_enabled
1682,CMP-00000460-M-1810-item:268091-D807,M-1810,item:268091,delay_input_shortage,input_shortage,4749.627106,13400.0,0.0,4749.627106,13400.0,item:338929,13400.0,13400.0,13400.0,13400.0,,lot_policy_enabled
1683,CMP-00000371-M-1430-item:268967-D667,M-1430,item:268967,delay_input_shortage,input_shortage,916.419808,107800.0,0.0,916.419808,107800.0,item:333362,107800.0,107800.0,107800.0,107800.0,,lot_policy_enabled
1683,CMP-00000460-M-1810-item:268091-D807,M-1810,item:268091,delay_input_shortage,input_shortage,4914.153993,13400.0,0.0,4914.153993,13400.0,item:338929,13400.0,13400.0,13400.0,13400.0,,lot_policy_enabled
1684,CMP-00000371-M-1430-item:268967-D667,M-1430,item:268967,delay_input_shortage,input_shortage,870.141105,107800.0,0.0,870.141105,107800.0,item:333362,107800.0,107800.0,107800.0,107800.0,,lot_policy_enabled
1684,CMP-00000460-M-1810-item:268091-D807,M-1810,item:268091,delay_input_shortage,input_shortage,5078.716513,13400.0,0.0,5078.716513,13400.0,item:338929,13400.0,13400.0,13400.0,13400.0,,lot_policy_enabled
1685,CMP-00000371-M-1430-item:268967-D667,M-1430,item:268967,delay_input_shortage,input_shortage,1150.811895,107800.0,0.0,1150.811895,107800.0,item:333362,107800.0,107800.0,107800.0,107800.0,,lot_policy_enabled
1685,CMP-00000460-M-1810-item:268091-D807,M-1810,item:268091,delay_input_shortage,input_shortage,5133.490241,13400.0,0.0,5133.490241,13400.0,item:338929,13400.0,13400.0,13400.0,13400.0,,lot_policy_enabled
1686,CMP-00000371-M-1430-item:268967-D667,M-1430,item:268967,delay_input_shortage,input_shortage,1496.872583,107800.0,0.0,1496.872583,107800.0,item:333362,107800.0,107800.0,107800.0,107800.0,,lot_policy_enabled
1686,CMP-00000460-M-1810-item:268091-D807,M-1810,item:268091,delay_input_shortage,input_shortage,5166.306212,13400.0,0.0,5166.306212,13400.0,item:338929,13400.0,13400.0,13400.0,13400.0,,lot_policy_enabled
1687,CMP-00000371-M-1430-item:268967-D667,M-1430,item:268967,delay_input_shortage,input_shortage,1856.011251,107800.0,0.0,1856.011251,107800.0,item:333362,107800.0,107800.0,107800.0,107800.0,,lot_policy_enabled
1687,CMP-00000460-M-1810-item:268091-D807,M-1810,item:268091,delay_input_shortage,input_shortage,5194.73063,13400.0,0.0,5194.73063,13400.0,item:338929,13400.0,13400.0,13400.0,13400.0,,lot_policy_enabled
1688,CMP-00000371-M-1430-item:268967-D667,M-1430,item:268967,delay_input_shortage,input_shortage,2217.765516,107800.0,0.0,2217.765516,107800.0,item:333362,107800.0,107800.0,107800.0,107800.0,,lot_policy_enabled
1688,CMP-00000460-M-1810-item:268091-D807,M-1810,item:268091,delay_input_shortage,input_shortage,5222.276738,13400.0,0.0,5222.276738,13400.0,item:338929,13400.0,13400.0,13400.0,13400.0,,lot_policy_enabled
1689,CMP-00000371-M-1430-item:268967-D667,M-1430,item:268967,delay_input_shortage,input_shortage,2580.042899,107800.0,0.0,2580.042899,107800.0,item:333362,107800.0,107800.0,107800.0,107800.0,,lot_policy_enabled
1689,CMP-00000460-M-1810-item:268091-D807,M-1810,item:268091,delay_input_shortage,input_shortage,5249.647184,13400.0,0.0,5249.647184,13400.0,item:338929,13400.0,13400.0,13400.0,13400.0,,lot_policy_enabled
1690,CMP-00000371-M-1430-item:268967-D667,M-1430,item:268967,delay_input_shortage,input_shortage,2942.424906,107800.0,0.0,2942.424906,107800.0,item:333362,107800.0,107800.0,107800.0,107800.0,,lot_policy_enabled
1690,CMP-00000460-M-1810-item:268091-D807,M-1810,item:268091,delay_input_shortage,input_shortage,5276.982498,13400.0,0.0,5276.982498,13400.0,item:338929,13400.0,13400.0,13400.0,13400.0,,lot_policy_enabled
1691,CMP-00000371-M-1430-item:268967-D667,M-1430,item:268967,delay_input_shortage,input_shortage,3304.827838,107800.0,0.0,3304.827838,107800.0,item:333362,107800.0,107800.0,107800.0,107800.0,,lot_policy_enabled
1691,CMP-00000460-M-1810-item:268091-D807,M-1810,item:268091,delay_input_shortage,input_shortage,5304.310785,13400.0,0.0,5304.310785,13400.0,item:338929,13400.0,13400.0,13400.0,13400.0,,lot_policy_enabled
1692,CMP-00000371-M-1430-item:268967-D667,M-1430,item:268967,delay_input_shortage,input_shortage,4258.026792,107800.0,0.0,4258.026792,107800.0,item:333362,107800.0,107800.0,107800.0,107800.0,,lot_policy_enabled
1692,CMP-00000460-M-1810-item:268091-D807,M-1810,item:268091,delay_input_shortage,input_shortage,5991.572361,13400.0,0.0,5991.572361,13400.0,item:338929,13400.0,13400.0,13400.0,13400.0,,lot_policy_enabled
1693,CMP-00000371-M-1430-item:268967-D667,M-1430,item:268967,delay_input_shortage,input_shortage,5329.38495,107800.0,0.0,5329.38495,107800.0,item:333362,107800.0,107800.0,107800.0,107800.0,,lot_policy_enabled
1693,CMP-00000460-M-1810-item:268091-D807,M-1810,item:268091,delay_input_shortage,input_shortage,6810.820595,13400.0,0.0,6810.820595,13400.0,item:338929,13400.0,13400.0,13400.0,13400.0,,lot_policy_enabled
1694,CMP-00000371-M-1430-item:268967-D667,M-1430,item:268967,delay_input_shortage,input_shortage,6424.374949,107800.0,0.0,6424.374949,107800.0,item:333362,107800.0,107800.0,107800.0,107800.0,,lot_policy_enabled
1694,CMP-00000460-M-1810-item:268091-D807,M-1810,item:268091,delay_input_shortage,input_shortage,7656.46616,13400.0,0.0,7656.46616,13400.0,item:338929,13400.0,13400.0,13400.0,13400.0,,lot_policy_enabled
1695,CMP-00000371-M-1430-item:268967-D667,M-1430,item:268967,delay_input_shortage,input_shortage,7524.091316,107800.0,0.0,7524.091316,107800.0,item:333362,107800.0,107800.0,107800.0,107800.0,,lot_policy_enabled
1695,CMP-00000460-M-1810-item:268091-D807,M-1810,item:268091,delay_input_shortage,input_shortage,8507.391191,13400.0,0.0,8507.391191,13400.0,item:338929,13400.0,13400.0,13400.0,13400.0,,lot_policy_enabled
1696,CMP-00000371-M-1430-item:268967-D667,M-1430,item:268967,delay_input_shortage,input_shortage,8624.752957,107800.0,0.0,8624.752957,107800.0,item:333362,107800.0,107800.0,107800.0,107800.0,,lot_policy_enabled
1696,CMP-00000460-M-1810-item:268091-D807,M-1810,item:268091,delay_input_shortage,input_shortage,9359.372116,13400.0,0.0,9359.372116,13400.0,item:338929,13400.0,13400.0,13400.0,13400.0,,lot_policy_enabled
1697,CMP-00000371-M-1430-item:268967-D667,M-1430,item:268967,delay_input_shortage,input_shortage,9725.603653,107800.0,0.0,9725.603653,107800.0,item:333362,107800.0,107800.0,107800.0,107800.0,,lot_policy_enabled
1697,CMP-00000460-M-1810-item:268091-D807,M-1810,item:268091,delay_input_shortage,input_shortage,10211.564219,13400.0,0.0,10211.564219,13400.0,item:338929,13400.0,13400.0,13400.0,13400.0,,lot_policy_enabled
1698,CMP-00000371-M-1430-item:268967-D667,M-1430,item:268967,delay_input_shortage,input_shortage,10826.492159,107800.0,0.0,10826.492159,107800.0,item:333362,107800.0,107800.0,107800.0,107800.0,,lot_policy_enabled
1698,CMP-00000460-M-1810-item:268091-D807,M-1810,item:268091,delay_input_shortage,input_shortage,11063.798558,13400.0,0.0,11063.798558,13400.0,item:338929,13400.0,13400.0,13400.0,13400.0,,lot_policy_enabled
1699,CMP-00000371-M-1430-item:268967-D667,M-1430,item:268967,delay_input_shortage,input_shortage,9841.200473,107800.0,0.0,9841.200473,107800.0,item:333362,107800.0,107800.0,107800.0,107800.0,,lot_policy_enabled
1699,CMP-00000460-M-1810-item:268091-D807,M-1810,item:268091,delay_input_shortage,input_shortage,11033.918895,13400.0,0.0,11033.918895,13400.0,item:338929,13400.0,13400.0,13400.0,13400.0,,lot_policy_enabled
1700,CMP-00000371-M-1430-item:268967-D667,M-1430,item:268967,delay_input_shortage,input_shortage,8438.672748,107800.0,0.0,8438.672748,107800.0,item:333362,107800.0,107800.0,107800.0,107800.0,,lot_policy_enabled
1700,CMP-00000460-M-1810-item:268091-D807,M-1810,item:268091,delay_input_shortage,input_shortage,10827.616432,13400.0,0.0,10827.616432,13400.0,item:338929,13400.0,13400.0,13400.0,13400.0,,lot_policy_enabled
1701,CMP-00000371-M-1430-item:268967-D667,M-1430,item:268967,delay_input_shortage,input_shortage,6952.697815,107800.0,0.0,6952.697815,107800.0,item:333362,107800.0,107800.0,107800.0,107800.0,,lot_policy_enabled
1701,CMP-00000460-M-1810-item:268091-D807,M-1810,item:268091,delay_input_shortage,input_shortage,10586.029409,13400.0,0.0,10586.029409,13400.0,item:338929,13400.0,13400.0,13400.0,13400.0,,lot_policy_enabled
1702,CMP-00000371-M-1430-item:268967-D667,M-1430,item:268967,delay_input_shortage,input_shortage,5450.033441,107800.0,0.0,5450.033441,107800.0,item:333362,107800.0,107800.0,107800.0,107800.0,,lot_policy_enabled
1702,CMP-00000460-M-1810-item:268091-D807,M-1810,item:268091,delay_input_shortage,input_shortage,10337.385474,13400.0,0.0,10337.385474,13400.0,item:338929,13400.0,13400.0,13400.0,13400.0,,lot_policy_enabled
1703,CMP-00000371-M-1430-item:268967-D667,M-1430,item:268967,delay_input_shortage,input_shortage,3944.031178,107800.0,0.0,3944.031178,107800.0,item:333362,107800.0,107800.0,107800.0,107800.0,,lot_policy_enabled
1703,CMP-00000460-M-1810-item:268091-D807,M-1810,item:268091,delay_input_shortage,input_shortage,10087.330156,13400.0,0.0,10087.330156,13400.0,item:338929,13400.0,13400.0,13400.0,13400.0,,lot_policy_enabled
1704,CMP-00000371-M-1430-item:268967-D667,M-1430,item:268967,delay_input_shortage,input_shortage,2437.361338,107800.0,0.0,2437.361338,107800.0,item:333362,107800.0,107800.0,107800.0,107800.0,,lot_policy_enabled
1704,CMP-00000460-M-1810-item:268091-D807,M-1810,item:268091,delay_input_shortage,input_shortage,9836.992562,13400.0,0.0,9836.992562,13400.0,item:338929,13400.0,13400.0,13400.0,13400.0,,lot_policy_enabled
1705,CMP-00000371-M-1430-item:268967-D667,M-1430,item:268967,delay_input_shortage,input_shortage,930.557982,107800.0,0.0,930.557982,107800.0,item:333362,107800.0,107800.0,107800.0,107800.0,,lot_policy_enabled
1705,CMP-00000460-M-1810-item:268091-D807,M-1810,item:268091,delay_input_shortage,input_shortage,9586.598512,13400.0,0.0,9586.598512,13400.0,item:338929,13400.0,13400.0,13400.0,13400.0,,lot_policy_enabled
1706,CMP-00000371-M-1430-item:268967-D667,M-1430,item:268967,delay_input_shortage,input_shortage,912.185066,107800.0,0.0,912.185066,107800.0,item:333362,107800.0,107800.0,107800.0,107800.0,,lot_policy_enabled
1706,CMP-00000460-M-1810-item:268091-D807,M-1810,item:268091,delay_input_shortage,input_shortage,9486.936029,13400.0,0.0,9486.936029,13400.0,item:338929,13400.0,13400.0,13400.0,13400.0,,lot_policy_enabled
1707,CMP-00000371-M-1430-item:268967-D667,M-1430,item:268967,delay_input_shortage,input_shortage,1191.498238,107800.0,0.0,1191.498238,107800.0,item:333362,107800.0,107800.0,107800.0,107800.0,,lot_policy_enabled
1707,CMP-00000460-M-1810-item:268091-D807,M-1810,item:268091,delay_input_shortage,input_shortage,9417.419859,13400.0,0.0,9417.419859,13400.0,item:338929,13400.0,13400.0,13400.0,13400.0,,lot_policy_enabled
1708,CMP-00000371-M-1430-item:268967-D667,M-1430,item:268967,delay_input_shortage,input_shortage,1530.348627,107800.0,0.0,1530.348627,107800.0,item:333362,107800.0,107800.0,107800.0,107800.0,,lot_policy_enabled
1708,CMP-00000460-M-1810-item:268091-D807,M-1810,item:268091,delay_input_shortage,input_shortage,9353.932951,13400.0,0.0,9353.932951,13400.0,item:338929,13400.0,13400.0,13400.0,13400.0,,lot_policy_enabled
1709,CMP-00000371-M-1430-item:268967-D667,M-1430,item:268967,delay_input_shortage,input_shortage,1881.10646,107800.0,0.0,1881.10646,107800.0,item:333362,107800.0,107800.0,107800.0,107800.0,,lot_policy_enabled
1709,CMP-00000460-M-1810-item:268091-D807,M-1810,item:268091,delay_input_shortage,input_shortage,9291.651896,13400.0,0.0,9291.651896,13400.0,item:338929,13400.0,13400.0,13400.0,13400.0,,lot_policy_enabled
1710,CMP-00000371-M-1430-item:268967-D667,M-1430,item:268967,delay_input_shortage,input_shortage,2234.245782,107800.0,0.0,2234.245782,107800.0,item:333362,107800.0,107800.0,107800.0,107800.0,,lot_policy_enabled
1710,CMP-00000460-M-1810-item:268091-D807,M-1810,item:268091,delay_input_shortage,input_shortage,9229.612012,13400.0,0.0,9229.612012,13400.0,item:338929,13400.0,13400.0,13400.0,13400.0,,lot_policy_enabled
1711,CMP-00000371-M-1430-item:268967-D667,M-1430,item:268967,delay_input_shortage,input_shortage,2587.861401,107800.0,0.0,2587.861401,107800.0,item:333362,107800.0,107800.0,107800.0,107800.0,,lot_policy_enabled
1711,CMP-00000460-M-1810-item:268091-D807,M-1810,item:268091,delay_input_shortage,input_shortage,9167.620361,13400.0,0.0,9167.620361,13400.0,item:338929,13400.0,13400.0,13400.0,13400.0,,lot_policy_enabled
1712,CMP-00000371-M-1430-item:268967-D667,M-1430,item:268967,delay_input_shortage,input_shortage,2941.57228,107800.0,0.0,2941.57228,107800.0,item:333362,107800.0,107800.0,107800.0,107800.0,,lot_policy_enabled
1712,CMP-00000460-M-1810-item:268091-D807,M-1810,item:268091,delay_input_shortage,input_shortage,9105.638358,13400.0,0.0,9105.638358,13400.0,item:338929,13400.0,13400.0,13400.0,13400.0,,lot_policy_enabled
1713,CMP-00000371-M-1430-item:268967-D667,M-1430,item:268967,delay_input_shortage,input_shortage,3068.29813,107800.0,0.0,3068.29813,107800.0,item:333362,107800.0,107800.0,107800.0,107800.0,,lot_policy_enabled
1713,CMP-00000460-M-1810-item:268091-D807,M-1810,item:268091,delay_input_shortage,input_shortage,9212.915427,13400.0,0.0,9212.915427,13400.0,item:338929,13400.0,13400.0,13400.0,13400.0,,lot_policy_enabled
1714,CMP-00000371-M-1430-item:268967-D667,M-1430,item:268967,delay_input_shortage,input_shortage,3149.626973,107800.0,0.0,3149.626973,107800.0,item:333362,107800.0,107800.0,107800.0,107800.0,,lot_policy_enabled
1714,CMP-00000460-M-1810-item:268091-D807,M-1810,item:268091,delay_input_shortage,input_shortage,9354.04431,13400.0,0.0,9354.04431,13400.0,item:338929,13400.0,13400.0,13400.0,13400.0,,lot_policy_enabled
1715,CMP-00000371-M-1430-item:268967-D667,M-1430,item:268967,delay_input_shortage,input_shortage,3221.876415,107800.0,0.0,3221.876415,107800.0,item:333362,107800.0,107800.0,107800.0,107800.0,,lot_policy_enabled
1715,CMP-00000460-M-1810-item:268091-D807,M-1810,item:268091,delay_input_shortage,input_shortage,9501.943556,13400.0,0.0,9501.943556,13400.0,item:338929,13400.0,13400.0,13400.0,13400.0,,lot_policy_enabled
1716,CMP-00000371-M-1430-item:268967-D667,M-1430,item:268967,delay_input_shortage,input_shortage,3292.309977,107800.0,0.0,3292.309977,107800.0,item:333362,107800.0,107800.0,107800.0,107800.0,,lot_policy_enabled
1716,CMP-00000460-M-1810-item:268091-D807,M-1810,item:268091,delay_input_shortage,input_shortage,9651.196874,13400.0,0.0,9651.196874,13400.0,item:338929,13400.0,13400.0,13400.0,13400.0,,lot_policy_enabled
1717,CMP-00000371-M-1430-item:268967-D667,M-1430,item:268967,delay_input_shortage,input_shortage,3362.380363,107800.0,0.0,3362.380363,107800.0,item:333362,107800.0,107800.0,107800.0,107800.0,,lot_policy_enabled
1717,CMP-00000460-M-1810-item:268091-D807,M-1810,item:268091,delay_input_shortage,input_shortage,9800.721007,13400.0,0.0,9800.721007,13400.0,item:338929,13400.0,13400.0,13400.0,13400.0,,lot_policy_enabled
1718,CMP-00000371-M-1430-item:268967-D667,M-1430,item:268967,delay_input_shortage,input_shortage,3432.378113,107800.0,0.0,3432.378113,107800.0,item:333362,107800.0,107800.0,107800.0,107800.0,,lot_policy_enabled
1718,CMP-00000460-M-1810-item:268091-D807,M-1810,item:268091,delay_input_shortage,input_shortage,9950.299303,13400.0,0.0,9950.299303,13400.0,item:338929,13400.0,13400.0,13400.0,13400.0,,lot_policy_enabled
1719,CMP-00000371-M-1430-item:268967-D667,M-1430,item:268967,delay_input_shortage,input_shortage,3502.361337,107800.0,0.0,3502.361337,107800.0,item:333362,107800.0,107800.0,107800.0,107800.0,,lot_policy_enabled
1719,CMP-00000460-M-1810-item:268091-D807,M-1810,item:268091,delay_input_shortage,input_shortage,10099.888432,13400.0,0.0,10099.888432,13400.0,item:338929,13400.0,13400.0,13400.0,13400.0,,lot_policy_enabled
1720,CMP-00000371-M-1430-item:268967-D667,M-1430,item:268967,delay_input_shortage,input_shortage,3821.337574,107800.0,0.0,3821.337574,107800.0,item:333362,107800.0,107800.0,107800.0,107800.0,,lot_policy_enabled
1720,CMP-00000460-M-1810-item:268091-D807,M-1810,item:268091,delay_input_shortage,input_shortage,10479.96136,13400.0,0.0,10479.96136,13400.0,item:338929,13400.0,13400.0,13400.0,13400.0,,lot_policy_enabled
1721,CMP-00000371-M-1430-item:268967-D667,M-1430,item:268967,delay_input_shortage,input_shortage,4190.112413,107800.0,0.0,4190.112413,107800.0,item:333362,107800.0,107800.0,107800.0,107800.0,,lot_policy_enabled
1721,CMP-00000460-M-1810-item:268091-D807,M-1810,item:268091,delay_input_shortage,input_shortage,10906.131047,13400.0,0.0,10906.131047,13400.0,item:338929,13400.0,13400.0,13400.0,13400.0,,lot_policy_enabled
1722,CMP-00000371-M-1430-item:268967-D667,M-1430,item:268967,delay_input_shortage,input_shortage,4568.846972,107800.0,0.0,4568.846972,107800.0,item:333362,107800.0,107800.0,107800.0,107800.0,,lot_policy_enabled
1722,CMP-00000460-M-1810-item:268091-D807,M-1810,item:268091,delay_input_shortage,input_shortage,11341.520087,13400.0,0.0,11341.520087,13400.0,item:338929,13400.0,13400.0,13400.0,13400.0,,lot_policy_enabled
1723,CMP-00000371-M-1430-item:268967-D667,M-1430,item:268967,delay_input_shortage,input_shortage,4949.573476,107800.0,0.0,4949.573476,107800.0,item:333362,107800.0,107800.0,107800.0,107800.0,,lot_policy_enabled
1723,CMP-00000460-M-1810-item:268091-D807,M-1810,item:268091,delay_input_shortage,input_shortage,11778.752997,13400.0,0.0,11778.752997,13400.0,item:338929,13400.0,13400.0,13400.0,13400.0,,lot_policy_enabled
1724,CMP-00000371-M-1430-item:268967-D667,M-1430,item:268967,delay_input_shortage,input_shortage,5330.698368,107800.0,0.0,5330.698368,107800.0,item:333362,107800.0,107800.0,107800.0,107800.0,,lot_policy_enabled
1724,CMP-00000460-M-1810-item:268091-D807,M-1810,item:268091,delay_input_shortage,input_shortage,12216.354681,13400.0,0.0,12216.354681,13400.0,item:338929,13400.0,13400.0,13400.0,13400.0,,lot_policy_enabled
1725,CMP-00000371-M-1430-item:268967-D667,M-1430,item:268967,delay_input_shortage,input_shortage,5711.902939,107800.0,0.0,5711.902939,107800.0,item:333362,107800.0,107800.0,107800.0,107800.0,,lot_policy_enabled
1725,CMP-00000460-M-1810-item:268091-D807,M-1810,item:268091,delay_input_shortage,input_shortage,12654.03012,13400.0,0.0,12654.03012,13400.0,item:338929,13400.0,13400.0,13400.0,13400.0,,lot_policy_enabled
1726,CMP-00000371-M-1430-item:268967-D667,M-1430,item:268967,delay_input_shortage,input_shortage,6093.123445,107800.0,0.0,6093.123445,107800.0,item:333362,107800.0,107800.0,107800.0,107800.0,,lot_policy_enabled
1726,CMP-00000460-M-1810-item:268091-D807,M-1810,item:268091,delay_input_shortage,input_shortage,13091.72031,13400.0,0.0,13091.72031,13400.0,item:338929,13400.0,13400.0,13400.0,13400.0,,lot_policy_enabled
1727,CMP-00000371-M-1430-item:268967-D667,M-1430,item:268967,delay_input_shortage,input_shortage,5705.334893,107800.0,0.0,5705.334893,107800.0,item:333362,107800.0,107800.0,107800.0,107800.0,,lot_policy_enabled
1727,CMP-00000460-M-1810-item:268091-D807,M-1810,item:268091,delay_input_shortage,input_shortage,12561.250184,13400.0,0.0,12561.250184,13400.0,item:338929,13400.0,13400.0,13400.0,13400.0,,lot_policy_enabled
1728,CMP-00000371-M-1430-item:268967-D667,M-1430,item:268967,delay_input_shortage,input_shortage,5163.744529,107800.0,0.0,5163.744529,107800.0,item:333362,107800.0,107800.0,107800.0,107800.0,,lot_policy_enabled
1728,CMP-00000460-M-1810-item:268091-D807,M-1810,item:268091,delay_input_shortage,input_shortage,11837.147996,13400.0,0.0,11837.147996,13400.0,item:338929,13400.0,13400.0,13400.0,13400.0,,lot_policy_enabled
1729,CMP-00000371-M-1430-item:268967-D667,M-1430,item:268967,delay_input_shortage,input_shortage,4591.393804,107800.0,0.0,4591.393804,107800.0,item:333362,107800.0,107800.0,107800.0,107800.0,,lot_policy_enabled
1729,CMP-00000460-M-1810-item:268091-D807,M-1810,item:268091,delay_input_shortage,input_shortage,11074.319395,13400.0,0.0,11074.319395,13400.0,item:338929,13400.0,13400.0,13400.0,13400.0,,lot_policy_enabled
1730,CMP-00000371-M-1430-item:268967-D667,M-1430,item:268967,delay_input_shortage,input_shortage,4012.891005,107800.0,0.0,4012.891005,107800.0,item:333362,107800.0,107800.0,107800.0,107800.0,,lot_policy_enabled
1730,CMP-00000460-M-1810-item:268091-D807,M-1810,item:268091,delay_input_shortage,input_shortage,10303.745512,13400.0,0.0,10303.745512,13400.0,item:338929,13400.0,13400.0,13400.0,13400.0,,lot_policy_enabled
1731,CMP-00000371-M-1430-item:268967-D667,M-1430,item:268967,delay_input_shortage,input_shortage,3433.157793,107800.0,0.0,3433.157793,107800.0,item:333362,107800.0,107800.0,107800.0,107800.0,,lot_policy_enabled
1731,CMP-00000460-M-1810-item:268091-D807,M-1810,item:268091,delay_input_shortage,input_shortage,9531.622572,13400.0,0.0,9531.622572,13400.0,item:338929,13400.0,13400.0,13400.0,13400.0,,lot_policy_enabled
1732,CMP-00000371-M-1430-item:268967-D667,M-1430,item:268967,delay_input_shortage,input_shortage,2853.178497,107800.0,0.0,2853.178497,107800.0,item:333362,107800.0,107800.0,107800.0,107800.0,,lot_policy_enabled
1732,CMP-00000460-M-1810-item:268091-D807,M-1810,item:268091,delay_input_shortage,input_shortage,8759.189821,13400.0,0.0,8759.189821,13400.0,item:338929,13400.0,13400.0,13400.0,13400.0,,lot_policy_enabled
1733,CMP-00000371-M-1430-item:268967-D667,M-1430,item:268967,delay_input_shortage,input_shortage,2273.149985,107800.0,0.0,2273.149985,107800.0,item:333362,107800.0,107800.0,107800.0,107800.0,,lot_policy_enabled
1733,CMP-00000460-M-1810-item:268091-D807,M-1810,item:268091,delay_input_shortage,input_shortage,7986.695107,13400.0,0.0,7986.695107,13400.0,item:338929,13400.0,13400.0,13400.0,13400.0,,lot_policy_enabled
1734,CMP-00000371-M-1430-item:268967-D667,M-1430,item:268967,delay_input_shortage,input_shortage,2370.891221,107800.0,0.0,2370.891221,107800.0,item:333362,107800.0,107800.0,107800.0,107800.0,,lot_policy_enabled
1734,CMP-00000460-M-1810-item:268091-D807,M-1810,item:268091,delay_input_shortage,input_shortage,7996.914532,13400.0,0.0,7996.914532,13400.0,item:338929,13400.0,13400.0,13400.0,13400.0,,lot_policy_enabled
1735,CMP-00000371-M-1430-item:268967-D667,M-1430,item:268967,delay_input_shortage,input_shortage,2604.186407,107800.0,0.0,2604.186407,107800.0,item:333362,107800.0,107800.0,107800.0,107800.0,,lot_policy_enabled
1735,CMP-00000460-M-1810-item:268091-D807,M-1810,item:268091,delay_input_shortage,input_shortage,8163.676784,13400.0,0.0,8163.676784,13400.0,item:338929,13400.0,13400.0,13400.0,13400.0,,lot_policy_enabled
1736,CMP-00000371-M-1430-item:268967-D667,M-1430,item:268967,delay_input_shortage,input_shortage,2864.592383,107800.0,0.0,2864.592383,107800.0,item:333362,107800.0,107800.0,107800.0,107800.0,,lot_policy_enabled
1736,CMP-00000460-M-1810-item:268091-D807,M-1810,item:268091,delay_input_shortage,input_shortage,8361.747602,13400.0,0.0,8361.747602,13400.0,item:338929,13400.0,13400.0,13400.0,13400.0,,lot_policy_enabled
1737,CMP-00000371-M-1430-item:268967-D667,M-1430,item:268967,delay_input_shortage,input_shortage,3130.420517,107800.0,0.0,3130.420517,107800.0,item:333362,107800.0,107800.0,107800.0,107800.0,,lot_policy_enabled
1737,CMP-00000460-M-1810-item:268091-D807,M-1810,item:268091,delay_input_shortage,input_shortage,8566.080133,13400.0,0.0,8566.080133,13400.0,item:338929,13400.0,13400.0,13400.0,13400.0,,lot_policy_enabled
1738,CMP-00000371-M-1430-item:268967-D667,M-1430,item:268967,delay_input_shortage,input_shortage,3397.333083,107800.0,0.0,3397.333083,107800.0,item:333362,107800.0,107800.0,107800.0,107800.0,,lot_policy_enabled
1738,CMP-00000460-M-1810-item:268091-D807,M-1810,item:268091,delay_input_shortage,input_shortage,8771.665006,13400.0,0.0,8771.665006,13400.0,item:338929,13400.0,13400.0,13400.0,13400.0,,lot_policy_enabled
1739,CMP-00000371-M-1430-item:268967-D667,M-1430,item:268967,delay_input_shortage,input_shortage,3664.462535,107800.0,0.0,3664.462535,107800.0,item:333362,107800.0,107800.0,107800.0,107800.0,,lot_policy_enabled
1739,CMP-00000460-M-1810-item:268091-D807,M-1810,item:268091,delay_input_shortage,input_shortage,8977.500348,13400.0,0.0,8977.500348,13400.0,item:338929,13400.0,13400.0,13400.0,13400.0,,lot_policy_enabled
1740,CMP-00000371-M-1430-item:268967-D667,M-1430,item:268967,delay_input_shortage,input_shortage,3931.635364,107800.0,0.0,3931.635364,107800.0,item:333362,107800.0,107800.0,107800.0,107800.0,,lot_policy_enabled
1740,CMP-00000460-M-1810-item:268091-D807,M-1810,item:268091,delay_input_shortage,input_shortage,9183.385784,13400.0,0.0,9183.385784,13400.0,item:338929,13400.0,13400.0,13400.0,13400.0,,lot_policy_enabled
1741,CMP-00000371-M-1430-item:268967-D667,M-1430,item:268967,delay_input_shortage,input_shortage,4050.800542,107800.0,0.0,4050.800542,107800.0,item:333362,107800.0,107800.0,107800.0,107800.0,,lot_policy_enabled
1741,CMP-00000460-M-1810-item:268091-D807,M-1810,item:268091,delay_input_shortage,input_shortage,9345.673075,13400.0,0.0,9345.673075,13400.0,item:338929,13400.0,13400.0,13400.0,13400.0,,lot_policy_enabled
1742,CMP-00000371-M-1430-item:268967-D667,M-1430,item:268967,delay_input_shortage,input_shortage,4140.36419,107800.0,0.0,4140.36419,107800.0,item:333362,107800.0,107800.0,107800.0,107800.0,,lot_policy_enabled
1742,CMP-00000460-M-1810-item:268091-D807,M-1810,item:268091,delay_input_shortage,input_shortage,9499.240738,13400.0,0.0,9499.240738,13400.0,item:338929,13400.0,13400.0,13400.0,13400.0,,lot_policy_enabled
1743,CMP-00000371-M-1430-item:268967-D667,M-1430,item:268967,delay_input_shortage,input_shortage,4224.007532,107800.0,0.0,4224.007532,107800.0,item:333362,107800.0,107800.0,107800.0,107800.0,,lot_policy_enabled
1743,CMP-00000460-M-1810-item:268091-D807,M-1810,item:268091,delay_input_shortage,input_shortage,9651.064474,13400.0,0.0,9651.064474,13400.0,item:338929,13400.0,13400.0,13400.0,13400.0,,lot_policy_enabled
1744,CMP-00000371-M-1430-item:268967-D667,M-1430,item:268967,delay_input_shortage,input_shortage,4306.466813,107800.0,0.0,4306.466813,107800.0,item:333362,107800.0,107800.0,107800.0,107800.0,,lot_policy_enabled
1744,CMP-00000460-M-1810-item:268091-D807,M-1810,item:268091,delay_input_shortage,input_shortage,9802.539426,13400.0,0.0,9802.539426,13400.0,item:338929,13400.0,13400.0,13400.0,13400.0,,lot_policy_enabled
1745,CMP-00000371-M-1430-item:268967-D667,M-1430,item:268967,delay_input_shortage,input_shortage,4388.689281,107800.0,0.0,4388.689281,107800.0,item:333362,107800.0,107800.0,107800.0,107800.0,,lot_policy_enabled
1745,CMP-00000460-M-1810-item:268091-D807,M-1810,item:268091,delay_input_shortage,input_shortage,9953.94462,13400.0,0.0,9953.94462,13400.0,item:338929,13400.0,13400.0,13400.0,13400.0,,lot_policy_enabled
1746,CMP-00000371-M-1430-item:268967-D667,M-1430,item:268967,delay_input_shortage,input_shortage,4470.864387,107800.0,0.0,4470.864387,107800.0,item:333362,107800.0,107800.0,107800.0,107800.0,,lot_policy_enabled
1746,CMP-00000460-M-1810-item:268091-D807,M-1810,item:268091,delay_input_shortage,input_shortage,10105.335863,13400.0,0.0,10105.335863,13400.0,item:338929,13400.0,13400.0,13400.0,13400.0,,lot_policy_enabled
1747,CMP-00000371-M-1430-item:268967-D667,M-1430,item:268967,delay_input_shortage,input_shortage,4553.030021,107800.0,0.0,4553.030021,107800.0,item:333362,107800.0,107800.0,107800.0,107800.0,,lot_policy_enabled
1747,CMP-00000460-M-1810-item:268091-D807,M-1810,item:268091,delay_input_shortage,input_shortage,10256.724316,13400.0,0.0,10256.724316,13400.0,item:338929,13400.0,13400.0,13400.0,13400.0,,lot_policy_enabled
1748,CMP-00000371-M-1430-item:268967-D667,M-1430,item:268967,delay_input_shortage,input_shortage,4746.475392,107800.0,0.0,4746.475392,107800.0,item:333362,107800.0,107800.0,107800.0,107800.0,,lot_policy_enabled
1748,CMP-00000460-M-1810-item:268091-D807,M-1810,item:268091,delay_input_shortage,input_shortage,10418.397925,13400.0,0.0,10418.397925,13400.0,item:338929,13400.0,13400.0,13400.0,13400.0,,lot_policy_enabled
1749,CMP-00000371-M-1430-item:268967-D667,M-1430,item:268967,delay_input_shortage,input_shortage,4962.176711,107800.0,0.0,4962.176711,107800.0,item:333362,107800.0,107800.0,107800.0,107800.0,,lot_policy_enabled
1749,CMP-00000460-M-1810-item:268091-D807,M-1810,item:268091,delay_input_shortage,input_shortage,10582.128565,13400.0,0.0,10582.128565,13400.0,item:338929,13400.0,13400.0,13400.0,13400.0,,lot_policy_enabled
1750,CMP-00000371-M-1430-item:268967-D667,M-1430,item:268967,delay_input_shortage,input_shortage,5182.32922,107800.0,0.0,5182.32922,107800.0,item:333362,107800.0,107800.0,107800.0,107800.0,,lot_policy_enabled
1750,CMP-00000460-M-1810-item:268091-D807,M-1810,item:268091,delay_input_shortage,input_shortage,10746.270611,13400.0,0.0,10746.270611,13400.0,item:338929,13400.0,13400.0,13400.0,13400.0,,lot_policy_enabled
1751,CMP-00000371-M-1430-item:268967-D667,M-1430,item:268967,delay_input_shortage,input_shortage,5403.371966,107800.0,0.0,5403.371966,107800.0,item:333362,107800.0,107800.0,107800.0,107800.0,,lot_policy_enabled
1751,CMP-00000460-M-1810-item:268091-D807,M-1810,item:268091,delay_input_shortage,input_shortage,10910.494939,13400.0,0.0,10910.494939,13400.0,item:338929,13400.0,13400.0,13400.0,13400.0,,lot_policy_enabled
1752,CMP-00000371-M-1430-item:268967-D667,M-1430,item:268967,delay_input_shortage,input_shortage,5624.59276,107800.0,0.0,5624.59276,107800.0,item:333362,107800.0,107800.0,107800.0,107800.0,,lot_policy_enabled
1752,CMP-00000460-M-1810-item:268091-D807,M-1810,item:268091,delay_input_shortage,input_shortage,11074.735722,13400.0,0.0,11074.735722,13400.0,item:338929,13400.0,13400.0,13400.0,13400.0,,lot_policy_enabled
1753,CMP-00000371-M-1430-item:268967-D667,M-1430,item:268967,delay_input_shortage,input_shortage,5845.849164,107800.0,0.0,5845.849164,107800.0,item:333362,107800.0,107800.0,107800.0,107800.0,,lot_policy_enabled
1753,CMP-00000460-M-1810-item:268091-D807,M-1810,item:268091,delay_input_shortage,input_shortage,11238.979797,13400.0,0.0,11238.979797,13400.0,item:338929,13400.0,13400.0,13400.0,13400.0,,lot_policy_enabled
1754,CMP-00000371-M-1430-item:268967-D667,M-1430,item:268967,delay_input_shortage,input_shortage,6067.11269,107800.0,0.0,6067.11269,107800.0,item:333362,107800.0,107800.0,107800.0,107800.0,,lot_policy_enabled
1754,CMP-00000460-M-1810-item:268091-D807,M-1810,item:268091,delay_input_shortage,input_shortage,11403.224531,13400.0,0.0,11403.224531,13400.0,item:338929,13400.0,13400.0,13400.0,13400.0,,lot_policy_enabled
1755,CMP-00000371-M-1430-item:268967-D667,M-1430,item:268967,delay_input_shortage,input_shortage,5848.851109,107800.0,0.0,5848.851109,107800.0,item:333362,107800.0,107800.0,107800.0,107800.0,,lot_policy_enabled
1755,CMP-00000460-M-1810-item:268091-D807,M-1810,item:268091,delay_input_shortage,input_shortage,10969.869396,13400.0,0.0,10969.869396,13400.0,item:338929,13400.0,13400.0,13400.0,13400.0,,lot_policy_enabled
1756,CMP-00000371-M-1430-item:268967-D667,M-1430,item:268967,delay_input_shortage,input_shortage,5542.684507,107800.0,0.0,5542.684507,107800.0,item:333362,107800.0,107800.0,107800.0,107800.0,,lot_policy_enabled
1756,CMP-00000460-M-1810-item:268091-D807,M-1810,item:268091,delay_input_shortage,input_shortage,10416.994287,13400.0,0.0,10416.994287,13400.0,item:338929,13400.0,13400.0,13400.0,13400.0,,lot_policy_enabled
1757,CMP-00000371-M-1430-item:268967-D667,M-1430,item:268967,delay_input_shortage,input_shortage,5218.936901,107800.0,0.0,5218.936901,107800.0,item:333362,107800.0,107800.0,107800.0,107800.0,,lot_policy_enabled
1757,CMP-00000460-M-1810-item:268091-D807,M-1810,item:268091,delay_input_shortage,input_shortage,9840.215184,13400.0,0.0,9840.215184,13400.0,item:338929,13400.0,13400.0,13400.0,13400.0,,lot_policy_enabled
1758,CMP-00000371-M-1430-item:268967-D667,M-1430,item:268967,delay_input_shortage,input_shortage,4891.673094,107800.0,0.0,4891.673094,107800.0,item:333362,107800.0,107800.0,107800.0,107800.0,,lot_policy_enabled
1758,CMP-00000460-M-1810-item:268091-D807,M-1810,item:268091,delay_input_shortage,input_shortage,9258.655282,13400.0,0.0,9258.655282,13400.0,item:338929,13400.0,13400.0,13400.0,13400.0,,lot_policy_enabled
1759,CMP-00000371-M-1430-item:268967-D667,M-1430,item:268967,delay_input_shortage,input_shortage,4563.706047,107800.0,0.0,4563.706047,107800.0,item:333362,107800.0,107800.0,107800.0,107800.0,,lot_policy_enabled
1759,CMP-00000460-M-1810-item:268091-D807,M-1810,item:268091,delay_input_shortage,input_shortage,8676.13922,13400.0,0.0,8676.13922,13400.0,item:338929,13400.0,13400.0,13400.0,13400.0,,lot_policy_enabled
1760,CMP-00000371-M-1430-item:268967-D667,M-1430,item:268967,delay_input_shortage,input_shortage,4235.598352,107800.0,0.0,4235.598352,107800.0,item:333362,107800.0,107800.0,107800.0,107800.0,,lot_policy_enabled
1760,CMP-00000460-M-1810-item:268091-D807,M-1810,item:268091,delay_input_shortage,input_shortage,8093.431926,13400.0,0.0,8093.431926,13400.0,item:338929,13400.0,13400.0,13400.0,13400.0,,lot_policy_enabled
1761,CMP-00000371-M-1430-item:268967-D667,M-1430,item:268967,delay_input_shortage,input_shortage,3907.462527,107800.0,0.0,3907.462527,107800.0,item:333362,107800.0,107800.0,107800.0,107800.0,,lot_policy_enabled
1761,CMP-00000460-M-1810-item:268091-D807,M-1810,item:268091,delay_input_shortage,input_shortage,7510.686385,13400.0,0.0,7510.686385,13400.0,item:338929,13400.0,13400.0,13400.0,13400.0,,lot_policy_enabled
1762,CMP-00000371-M-1430-item:268967-D667,M-1430,item:268967,delay_input_shortage,input_shortage,4284.578219,107800.0,0.0,4284.578219,107800.0,item:333362,107800.0,107800.0,107800.0,107800.0,,lot_policy_enabled
1762,CMP-00000460-M-1810-item:268091-D807,M-1810,item:268091,delay_input_shortage,input_shortage,7711.655644,13400.0,0.0,7711.655644,13400.0,item:338929,13400.0,13400.0,13400.0,13400.0,,lot_policy_enabled
1763,CMP-00000371-M-1430-item:268967-D667,M-1430,item:268967,delay_input_shortage,input_shortage,4802.744215,107800.0,0.0,4802.744215,107800.0,item:333362,107800.0,107800.0,107800.0,107800.0,,lot_policy_enabled
1763,CMP-00000460-M-1810-item:268091-D807,M-1810,item:268091,delay_input_shortage,input_shortage,8069.367863,13400.0,0.0,8069.367863,13400.0,item:338929,13400.0,13400.0,13400.0,13400.0,,lot_policy_enabled
1764,CMP-00000371-M-1430-item:268967-D667,M-1430,item:268967,delay_input_shortage,input_shortage,5349.120271,107800.0,0.0,5349.120271,107800.0,item:333362,107800.0,107800.0,107800.0,107800.0,,lot_policy_enabled
1764,CMP-00000460-M-1810-item:268091-D807,M-1810,item:268091,delay_input_shortage,input_shortage,8458.428675,13400.0,0.0,8458.428675,13400.0,item:338929,13400.0,13400.0,13400.0,13400.0,,lot_policy_enabled
1765,CMP-00000371-M-1430-item:268967-D667,M-1430,item:268967,delay_input_shortage,input_shortage,5901.13834,107800.0,0.0,5901.13834,107800.0,item:333362,107800.0,107800.0,107800.0,107800.0,,lot_policy_enabled
1765,CMP-00000460-M-1810-item:268091-D807,M-1810,item:268091,delay_input_shortage,input_shortage,8853.759204,13400.0,0.0,8853.759204,13400.0,item:338929,13400.0,13400.0,13400.0,13400.0,,lot_policy_enabled
1766,CMP-00000371-M-1430-item:268967-D667,M-1430,item:268967,delay_input_shortage,input_shortage,6454.28481,107800.0,0.0,6454.28481,107800.0,item:333362,107800.0,107800.0,107800.0,107800.0,,lot_policy_enabled
1766,CMP-00000460-M-1810-item:268091-D807,M-1810,item:268091,delay_input_shortage,input_shortage,9250.343677,13400.0,0.0,9250.343677,13400.0,item:338929,13400.0,13400.0,13400.0,13400.0,,lot_policy_enabled
1767,CMP-00000371-M-1430-item:268967-D667,M-1430,item:268967,delay_input_shortage,input_shortage,7007.656962,107800.0,0.0,7007.656962,107800.0,item:333362,107800.0,107800.0,107800.0,107800.0,,lot_policy_enabled
1767,CMP-00000460-M-1810-item:268091-D807,M-1810,item:268091,delay_input_shortage,input_shortage,9647.178939,13400.0,0.0,9647.178939,13400.0,item:338929,13400.0,13400.0,13400.0,13400.0,,lot_policy_enabled
1768,CMP-00000371-M-1430-item:268967-D667,M-1430,item:268967,delay_input_shortage,input_shortage,7561.074249,107800.0,0.0,7561.074249,107800.0,item:333362,107800.0,107800.0,107800.0,107800.0,,lot_policy_enabled
1768,CMP-00000460-M-1810-item:268091-D807,M-1810,item:268091,delay_input_shortage,input_shortage,10044.064359,13400.0,0.0,10044.064359,13400.0,item:338929,13400.0,13400.0,13400.0,13400.0,,lot_policy_enabled
1769,CMP-00000371-M-1430-item:268967-D667,M-1430,item:268967,delay_input_shortage,input_shortage,7230.696482,107800.0,0.0,7230.696482,107800.0,item:333362,107800.0,107800.0,107800.0,107800.0,,lot_policy_enabled
1769,CMP-00000460-M-1810-item:268091-D807,M-1810,item:268091,delay_input_shortage,input_shortage,9665.580219,13400.0,0.0,9665.580219,13400.0,item:338929,13400.0,13400.0,13400.0,13400.0,,lot_policy_enabled
1770,CMP-00000371-M-1430-item:268967-D667,M-1430,item:268967,delay_input_shortage,input_shortage,6723.559704,107800.0,0.0,6723.559704,107800.0,item:333362,107800.0,107800.0,107800.0,107800.0,,lot_policy_enabled
1770,CMP-00000460-M-1810-item:268091-D807,M-1810,item:268091,delay_input_shortage,input_shortage,9132.022166,13400.0,0.0,9132.022166,13400.0,item:338929,13400.0,13400.0,13400.0,13400.0,,lot_policy_enabled
1771,CMP-00000371-M-1430-item:268967-D667,M-1430,item:268967,delay_input_shortage,input_shortage,6181.071124,107800.0,0.0,6181.071124,107800.0,item:333362,107800.0,107800.0,107800.0,107800.0,,lot_policy_enabled
1771,CMP-00000460-M-1810-item:268091-D807,M-1810,item:268091,delay_input_shortage,input_shortage,8567.449331,13400.0,0.0,8567.449331,13400.0,item:338929,13400.0,13400.0,13400.0,13400.0,,lot_policy_enabled
1772,CMP-00000371-M-1430-item:268967-D667,M-1430,item:268967,delay_input_shortage,input_shortage,5631.512184,107800.0,0.0,5631.512184,107800.0,item:333362,107800.0,107800.0,107800.0,107800.0,,lot_policy_enabled
1772,CMP-00000460-M-1810-item:268091-D807,M-1810,item:268091,delay_input_shortage,input_shortage,7996.67354,13400.0,0.0,7996.67354,13400.0,item:338929,13400.0,13400.0,13400.0,13400.0,,lot_policy_enabled
1773,CMP-00000371-M-1430-item:268967-D667,M-1430,item:268967,delay_input_shortage,input_shortage,5080.539171,107800.0,0.0,5080.539171,107800.0,item:333362,107800.0,107800.0,107800.0,107800.0,,lot_policy_enabled
1773,CMP-00000460-M-1810-item:268091-D807,M-1810,item:268091,delay_input_shortage,input_shortage,7424.657157,13400.0,0.0,7424.657157,13400.0,item:338929,13400.0,13400.0,13400.0,13400.0,,lot_policy_enabled
1774,CMP-00000371-M-1430-item:268967-D667,M-1430,item:268967,delay_input_shortage,input_shortage,4529.283344,107800.0,0.0,4529.283344,107800.0,item:333362,107800.0,107800.0,107800.0,107800.0,,lot_policy_enabled
1774,CMP-00000460-M-1810-item:268091-D807,M-1810,item:268091,delay_input_shortage,input_shortage,6852.392656,13400.0,0.0,6852.392656,13400.0,item:338929,13400.0,13400.0,13400.0,13400.0,,lot_policy_enabled
1775,CMP-00000371-M-1430-item:268967-D667,M-1430,item:268967,delay_input_shortage,input_shortage,3977.970954,107800.0,0.0,3977.970954,107800.0,item:333362,107800.0,107800.0,107800.0,107800.0,,lot_policy_enabled
1775,CMP-00000460-M-1810-item:268091-D807,M-1810,item:268091,delay_input_shortage,input_shortage,6280.078531,13400.0,0.0,6280.078531,13400.0,item:338929,13400.0,13400.0,13400.0,13400.0,,lot_policy_enabled
1776,CMP-00000371-M-1430-item:268967-D667,M-1430,item:268967,delay_input_shortage,input_shortage,4012.263579,107800.0,0.0,4012.263579,107800.0,item:333362,107800.0,107800.0,107800.0,107800.0,,lot_policy_enabled
1776,CMP-00000460-M-1810-item:268091-D807,M-1810,item:268091,delay_input_shortage,input_shortage,7184.570808,13400.0,0.0,7184.570808,13400.0,item:338929,13400.0,13400.0,13400.0,13400.0,,lot_policy_enabled
1777,CMP-00000371-M-1430-item:268967-D667,M-1430,item:268967,delay_input_shortage,input_shortage,4163.677205,107800.0,0.0,4163.677205,107800.0,item:333362,107800.0,107800.0,107800.0,107800.0,,lot_policy_enabled
1777,CMP-00000460-M-1810-item:268091-D807,M-1810,item:268091,delay_input_shortage,input_shortage,8384.424366,13400.0,0.0,8384.424366,13400.0,item:338929,13400.0,13400.0,13400.0,13400.0,,lot_policy_enabled
1778,CMP-00000371-M-1430-item:268967-D667,M-1430,item:268967,delay_input_shortage,input_shortage,4338.515033,107800.0,0.0,4338.515033,107800.0,item:333362,107800.0,107800.0,107800.0,107800.0,,lot_policy_enabled
1778,CMP-00000460-M-1810-item:268091-D807,M-1810,item:268091,delay_input_shortage,input_shortage,9643.350179,13400.0,0.0,9643.350179,13400.0,item:338929,13400.0,13400.0,13400.0,13400.0,,lot_policy_enabled
1779,CMP-00000371-M-1430-item:268967-D667,M-1430,item:268967,delay_input_shortage,input_shortage,4518.0377,107800.0,0.0,4518.0377,107800.0,item:333362,107800.0,107800.0,107800.0,107800.0,,lot_policy_enabled
1779,CMP-00000460-M-1810-item:268091-D807,M-1810,item:268091,delay_input_shortage,input_shortage,10914.090444,13400.0,0.0,10914.090444,13400.0,item:338929,13400.0,13400.0,13400.0,13400.0,,lot_policy_enabled
1780,CMP-00000371-M-1430-item:268967-D667,M-1430,item:268967,delay_input_shortage,input_shortage,4698.497336,107800.0,0.0,4698.497336,107800.0,item:333362,107800.0,107800.0,107800.0,107800.0,,lot_policy_enabled
1780,CMP-00000460-M-1810-item:268091-D807,M-1810,item:268091,delay_input_shortage,input_shortage,12187.193599,13400.0,0.0,12187.193599,13400.0,item:338929,13400.0,13400.0,13400.0,13400.0,,lot_policy_enabled
1781,CMP-00000371-M-1430-item:268967-D667,M-1430,item:268967,delay_input_shortage,input_shortage,4879.144365,107800.0,0.0,4879.144365,107800.0,item:333362,107800.0,107800.0,107800.0,107800.0,,lot_policy_enabled
1781,CMP-00000460-M-1810-item:268091-D807,M-1810,item:268091,delay_input_shortage,input_shortage,13460.769332,13400.0,0.0,13460.769332,13400.0,item:338929,13400.0,13400.0,13400.0,13400.0,,lot_policy_enabled
1782,CMP-00000371-M-1430-item:268967-D667,M-1430,item:268967,delay_input_shortage,input_shortage,5059.828873,107800.0,0.0,5059.828873,107800.0,item:333362,107800.0,107800.0,107800.0,107800.0,,lot_policy_enabled
1782,CMP-00000460-M-1810-item:268091-D807,M-1810,item:268091,delay_input_shortage,input_shortage,14734.439581,13400.0,0.0,14734.439581,13400.0,item:338929,13400.0,13400.0,13400.0,13400.0,,lot_policy_enabled
1783,CMP-00000371-M-1430-item:268967-D667,M-1430,item:268967,delay_input_shortage,input_shortage,5297.043326,107800.0,0.0,5297.043326,107800.0,item:333362,107800.0,107800.0,107800.0,107800.0,,lot_policy_enabled
1783,CMP-00000460-M-1810-item:268091-D807,M-1810,item:268091,delay_input_shortage,input_shortage,15120.732814,13400.0,0.0,15120.732814,13400.0,item:338929,13400.0,13400.0,13400.0,13400.0,,lot_policy_enabled
1784,CMP-00000371-M-1430-item:268967-D667,M-1430,item:268967,delay_input_shortage,input_shortage,5545.563767,107800.0,0.0,5545.563767,107800.0,item:333362,107800.0,107800.0,107800.0,107800.0,,lot_policy_enabled
1784,CMP-00000460-M-1810-item:268091-D807,M-1810,item:268091,delay_input_shortage,input_shortage,15329.550645,13400.0,0.0,15329.550645,13400.0,item:338929,13400.0,13400.0,13400.0,13400.0,,lot_policy_enabled
1785,CMP-00000371-M-1430-item:268967-D667,M-1430,item:268967,delay_input_shortage,input_shortage,5796.345406,107800.0,0.0,5796.345406,107800.0,item:333362,107800.0,107800.0,107800.0,107800.0,,lot_policy_enabled
1785,CMP-00000460-M-1810-item:268091-D807,M-1810,item:268091,delay_input_shortage,input_shortage,15502.873394,13400.0,0.0,15502.873394,13400.0,item:338929,13400.0,13400.0,13400.0,13400.0,,lot_policy_enabled
1786,CMP-00000371-M-1430-item:268967-D667,M-1430,item:268967,delay_input_shortage,input_shortage,6047.579285,107800.0,0.0,6047.579285,107800.0,item:333362,107800.0,107800.0,107800.0,107800.0,,lot_policy_enabled
1786,CMP-00000460-M-1810-item:268091-D807,M-1810,item:268091,delay_input_shortage,input_shortage,15669.097128,13400.0,0.0,15669.097128,13400.0,item:338929,13400.0,13400.0,13400.0,13400.0,,lot_policy_enabled
1787,CMP-00000371-M-1430-item:268967-D667,M-1430,item:268967,delay_input_shortage,input_shortage,6298.903612,107800.0,0.0,6298.903612,107800.0,item:333362,107800.0,107800.0,107800.0,107800.0,,lot_policy_enabled
1787,CMP-00000460-M-1810-item:268091-D807,M-1810,item:268091,delay_input_shortage,input_shortage,15833.901058,13400.0,0.0,15833.901058,13400.0,item:338929,13400.0,13400.0,13400.0,13400.0,,lot_policy_enabled
1788,CMP-00000371-M-1430-item:268967-D667,M-1430,item:268967,delay_input_shortage,input_shortage,6550.246028,107800.0,0.0,6550.246028,107800.0,item:333362,107800.0,107800.0,107800.0,107800.0,,lot_policy_enabled
1788,CMP-00000460-M-1810-item:268091-D807,M-1810,item:268091,delay_input_shortage,input_shortage,15998.421028,13400.0,0.0,15998.421028,13400.0,item:338929,13400.0,13400.0,13400.0,13400.0,,lot_policy_enabled
1789,CMP-00000371-M-1430-item:268967-D667,M-1430,item:268967,delay_input_shortage,input_shortage,6801.592062,107800.0,0.0,6801.592062,107800.0,item:333362,107800.0,107800.0,107800.0,107800.0,,lot_policy_enabled
1789,CMP-00000460-M-1810-item:268091-D807,M-1810,item:268091,delay_input_shortage,input_shortage,16162.884206,13400.0,0.0,16162.884206,13400.0,item:338929,13400.0,13400.0,13400.0,13400.0,,lot_policy_enabled
1790,CMP-00000371-M-1430-item:268967-D667,M-1430,item:268967,delay_input_shortage,input_shortage,6565.379637,107800.0,0.0,6565.379637,107800.0,item:333362,107800.0,107800.0,107800.0,107800.0,,lot_policy_enabled
1790,CMP-00000460-M-1810-item:268091-D807,M-1810,item:268091,delay_input_shortage,input_shortage,15468.25031,13400.0,0.0,15468.25031,13400.0,item:338929,13400.0,13400.0,13400.0,13400.0,,lot_policy_enabled
1791,CMP-00000371-M-1430-item:268967-D667,M-1430,item:268967,delay_input_shortage,input_shortage,6231.655519,107800.0,0.0,6231.655519,107800.0,item:333362,107800.0,107800.0,107800.0,107800.0,,lot_policy_enabled
1791,CMP-00000460-M-1810-item:268091-D807,M-1810,item:268091,delay_input_shortage,input_shortage,14601.797001,13400.0,0.0,14601.797001,13400.0,item:338929,13400.0,13400.0,13400.0,13400.0,,lot_policy_enabled
1792,CMP-00000371-M-1430-item:268967-D667,M-1430,item:268967,delay_input_shortage,input_shortage,5878.429063,107800.0,0.0,5878.429063,107800.0,item:333362,107800.0,107800.0,107800.0,107800.0,,lot_policy_enabled
1792,CMP-00000460-M-1810-item:268091-D807,M-1810,item:268091,delay_input_shortage,input_shortage,13700.979808,13400.0,0.0,13700.979808,13400.0,item:338929,13400.0,13400.0,13400.0,13400.0,,lot_policy_enabled
1793,CMP-00000371-M-1430-item:268967-D667,M-1430,item:268967,delay_input_shortage,input_shortage,5521.302139,107800.0,0.0,5521.302139,107800.0,item:333362,107800.0,107800.0,107800.0,107800.0,,lot_policy_enabled
1793,CMP-00000460-M-1810-item:268091-D807,M-1810,item:268091,delay_input_shortage,input_shortage,12793.289839,13400.0,0.0,12793.289839,13400.0,item:338929,13400.0,13400.0,13400.0,13400.0,,lot_policy_enabled
1794,CMP-00000371-M-1430-item:268967-D667,M-1430,item:268967,delay_input_shortage,input_shortage,5163.395122,107800.0,0.0,5163.395122,107800.0,item:333362,107800.0,107800.0,107800.0,107800.0,,lot_policy_enabled
1794,CMP-00000460-M-1810-item:268091-D807,M-1810,item:268091,delay_input_shortage,input_shortage,11884.225315,13400.0,0.0,11884.225315,13400.0,item:338929,13400.0,13400.0,13400.0,13400.0,,lot_policy_enabled
1795,CMP-00000371-M-1430-item:268967-D667,M-1430,item:268967,delay_input_shortage,input_shortage,4805.332086,107800.0,0.0,4805.332086,107800.0,item:333362,107800.0,107800.0,107800.0,107800.0,,lot_policy_enabled
1795,CMP-00000460-M-1810-item:268091-D807,M-1810,item:268091,delay_input_shortage,input_shortage,10974.885879,13400.0,0.0,10974.885879,13400.0,item:338929,13400.0,13400.0,13400.0,13400.0,,lot_policy_enabled
1796,CMP-00000371-M-1430-item:268967-D667,M-1430,item:268967,delay_input_shortage,input_shortage,4447.237846,107800.0,0.0,4447.237846,107800.0,item:333362,107800.0,107800.0,107800.0,107800.0,,lot_policy_enabled
1796,CMP-00000460-M-1810-item:268091-D807,M-1810,item:268091,delay_input_shortage,input_shortage,10065.491461,13400.0,0.0,10065.491461,13400.0,item:338929,13400.0,13400.0,13400.0,13400.0,,lot_policy_enabled
1797,CMP-00000371-M-1430-item:268967-D667,M-1430,item:268967,delay_input_shortage,input_shortage,4426.655733,107800.0,0.0,4426.655733,107800.0,item:333362,107800.0,107800.0,107800.0,107800.0,,lot_policy_enabled
1797,CMP-00000460-M-1810-item:268091-D807,M-1810,item:268091,delay_input_shortage,input_shortage,9989.849313,13400.0,0.0,9989.849313,13400.0,item:338929,13400.0,13400.0,13400.0,13400.0,,lot_policy_enabled
1798,CMP-00000371-M-1430-item:268967-D667,M-1430,item:268967,delay_input_shortage,input_shortage,4473.576045,107800.0,0.0,4473.576045,107800.0,item:333362,107800.0,107800.0,107800.0,107800.0,,lot_policy_enabled
1798,CMP-00000460-M-1810-item:268091-D807,M-1810,item:268091,delay_input_shortage,input_shortage,10080.957618,13400.0,0.0,10080.957618,13400.0,item:338929,13400.0,13400.0,13400.0,13400.0,,lot_policy_enabled
1799,CMP-00000371-M-1430-item:268967-D667,M-1430,item:268967,delay_input_shortage,input_shortage,4533.996842,107800.0,0.0,4533.996842,107800.0,item:333362,107800.0,107800.0,107800.0,107800.0,,lot_policy_enabled
1799,CMP-00000460-M-1810-item:268091-D807,M-1810,item:268091,delay_input_shortage,input_shortage,10205.416013,13400.0,0.0,10205.416013,13400.0,item:338929,13400.0,13400.0,13400.0,13400.0,,lot_policy_enabled
1800,CMP-00000371-M-1430-item:268967-D667,M-1430,item:268967,delay_input_shortage,input_shortage,4597.117736,107800.0,0.0,4597.117736,107800.0,item:333362,107800.0,107800.0,107800.0,107800.0,,lot_policy_enabled
1800,CMP-00000460-M-1810-item:268091-D807,M-1810,item:268091,delay_input_shortage,input_shortage,10336.544427,13400.0,0.0,10336.544427,13400.0,item:338929,13400.0,13400.0,13400.0,13400.0,,lot_policy_enabled
1801,CMP-00000371-M-1430-item:268967-D667,M-1430,item:268967,delay_input_shortage,input_shortage,4660.778649,107800.0,0.0,4660.778649,107800.0,item:333362,107800.0,107800.0,107800.0,107800.0,,lot_policy_enabled
1801,CMP-00000460-M-1810-item:268091-D807,M-1810,item:268091,delay_input_shortage,input_shortage,10469.006845,13400.0,0.0,10469.006845,13400.0,item:338929,13400.0,13400.0,13400.0,13400.0,,lot_policy_enabled
1802,CMP-00000371-M-1430-item:268967-D667,M-1430,item:268967,delay_input_shortage,input_shortage,4724.547566,107800.0,0.0,4724.547566,107800.0,item:333362,107800.0,107800.0,107800.0,107800.0,,lot_policy_enabled
1802,CMP-00000460-M-1810-item:268091-D807,M-1810,item:268091,delay_input_shortage,input_shortage,10601.736063,13400.0,0.0,10601.736063,13400.0,item:338929,13400.0,13400.0,13400.0,13400.0,,lot_policy_enabled
1803,CMP-00000371-M-1430-item:268967-D667,M-1430,item:268967,delay_input_shortage,input_shortage,4788.338084,107800.0,0.0,4788.338084,107800.0,item:333362,107800.0,107800.0,107800.0,107800.0,,lot_policy_enabled
1803,CMP-00000460-M-1810-item:268091-D807,M-1810,item:268091,delay_input_shortage,input_shortage,10734.518641,13400.0,0.0,10734.518641,13400.0,item:338929,13400.0,13400.0,13400.0,13400.0,,lot_policy_enabled
1804,CMP-00000371-M-1430-item:268967-D667,M-1430,item:268967,delay_input_shortage,input_shortage,5086.0268,107800.0,0.0,5086.0268,107800.0,item:333362,107800.0,107800.0,107800.0,107800.0,,lot_policy_enabled
1804,CMP-00000460-M-1810-item:268091-D807,M-1810,item:268091,delay_input_shortage,input_shortage,11815.279239,13400.0,0.0,11815.279239,13400.0,item:338929,13400.0,13400.0,13400.0,13400.0,,lot_policy_enabled
1805,CMP-00000371-M-1430-item:268967-D667,M-1430,item:268967,delay_input_shortage,input_shortage,5430.495156,107800.0,0.0,5430.495156,107800.0,item:333362,107800.0,107800.0,107800.0,107800.0,,lot_policy_enabled
1805,CMP-00000460-M-1810-item:268091-D807,M-1810,item:268091,delay_input_shortage,input_shortage,13085.63544,13400.0,0.0,13085.63544,13400.0,item:338929,13400.0,13400.0,13400.0,13400.0,,lot_policy_enabled
1806,CMP-00000371-M-1430-item:268967-D667,M-1430,item:268967,delay_input_shortage,input_shortage,5784.319439,107800.0,0.0,5784.319439,107800.0,item:333362,107800.0,107800.0,107800.0,107800.0,,lot_policy_enabled
1806,CMP-00000460-M-1810-item:268091-D807,M-1810,item:268091,delay_input_shortage,input_shortage,14393.910762,13400.0,0.0,14393.910762,13400.0,item:338929,13400.0,13400.0,13400.0,13400.0,,lot_policy_enabled
1807,CMP-00000371-M-1430-item:268967-D667,M-1430,item:268967,delay_input_shortage,input_shortage,6140.014908,107800.0,0.0,6140.014908,107800.0,item:333362,107800.0,107800.0,107800.0,107800.0,,lot_policy_enabled
1807,CMP-00000460-M-1810-item:268091-D807,M-1810,item:268091,delay_input_shortage,input_shortage,15709.769908,13400.0,0.0,15709.769908,13400.0,item:338929,13400.0,13400.0,13400.0,13400.0,,lot_policy_enabled
1808,CMP-00000371-M-1430-item:268967-D667,M-1430,item:268967,delay_input_shortage,input_shortage,6496.084614,107800.0,0.0,6496.084614,107800.0,item:333362,107800.0,107800.0,107800.0,107800.0,,lot_policy_enabled
1808,CMP-00000460-M-1810-item:268091-D807,M-1810,item:268091,delay_input_shortage,input_shortage,17027.145818,13400.0,0.0,17027.145818,13400.0,item:338929,13400.0,13400.0,13400.0,13400.0,,lot_policy_enabled
1809,CMP-00000371-M-1430-item:268967-D667,M-1430,item:268967,delay_input_shortage,input_shortage,6852.229167,107800.0,0.0,6852.229167,107800.0,item:333362,107800.0,107800.0,107800.0,107800.0,,lot_policy_enabled
1809,CMP-00000460-M-1810-item:268091-D807,M-1810,item:268091,delay_input_shortage,input_shortage,18344.825082,13400.0,0.0,18344.825082,13400.0,item:338929,13400.0,13400.0,13400.0,13400.0,,lot_policy_enabled
1810,CMP-00000371-M-1430-item:268967-D667,M-1430,item:268967,delay_input_shortage,input_shortage,7208.38869,107800.0,0.0,7208.38869,107800.0,item:333362,107800.0,107800.0,107800.0,107800.0,,lot_policy_enabled
1810,CMP-00000460-M-1810-item:268091-D807,M-1810,item:268091,delay_input_shortage,input_shortage,19662.565016,13400.0,0.0,19662.565016,13400.0,item:338929,13400.0,13400.0,13400.0,13400.0,,lot_policy_enabled
1811,CMP-00000371-M-1430-item:268967-D667,M-1430,item:268967,delay_input_shortage,input_shortage,6719.277738,107800.0,0.0,6719.277738,107800.0,item:333362,107800.0,107800.0,107800.0,107800.0,,lot_policy_enabled
1811,CMP-00000460-M-1810-item:268091-D807,M-1810,item:268091,delay_input_shortage,input_shortage,19568.888513,13400.0,0.0,19568.888513,13400.0,item:338929,13400.0,13400.0,13400.0,13400.0,,lot_policy_enabled
1812,CMP-00000371-M-1430-item:268967-D667,M-1430,item:268967,delay_input_shortage,input_shortage,6061.11269,107800.0,0.0,6061.11269,107800.0,item:333362,107800.0,107800.0,107800.0,107800.0,,lot_policy_enabled
1812,CMP-00000460-M-1810-item:268091-D807,M-1810,item:268091,delay_input_shortage,input_shortage,19192.928723,13400.0,0.0,19192.928723,13400.0,item:338929,13400.0,13400.0,13400.0,13400.0,,lot_policy_enabled
1813,CMP-00000371-M-1430-item:268967-D667,M-1430,item:268967,delay_input_shortage,input_shortage,5369.136823,107800.0,0.0,5369.136823,107800.0,item:333362,107800.0,107800.0,107800.0,107800.0,,lot_policy_enabled
1813,CMP-00000460-M-1810-item:268091-D807,M-1810,item:268091,delay_input_shortage,input_shortage,18760.512275,13400.0,0.0,18760.512275,13400.0,item:338929,13400.0,13400.0,13400.0,13400.0,,lot_policy_enabled
1814,CMP-00000371-M-1430-item:268967-D667,M-1430,item:268967,delay_input_shortage,input_shortage,4670.398793,107800.0,0.0,4670.398793,107800.0,item:333362,107800.0,107800.0,107800.0,107800.0,,lot_policy_enabled
1814,CMP-00000460-M-1810-item:268091-D807,M-1810,item:268091,delay_input_shortage,input_shortage,18316.804496,13400.0,0.0,18316.804496,13400.0,item:338929,13400.0,13400.0,13400.0,13400.0,,lot_policy_enabled
1815,CMP-00000371-M-1430-item:268967-D667,M-1430,item:268967,delay_input_shortage,input_shortage,3970.30833,107800.0,0.0,3970.30833,107800.0,item:333362,107800.0,107800.0,107800.0,107800.0,,lot_policy_enabled
1815,CMP-00000460-M-1810-item:268091-D807,M-1810,item:268091,delay_input_shortage,input_shortage,17870.83845,13400.0,0.0,17870.83845,13400.0,item:338929,13400.0,13400.0,13400.0,13400.0,,lot_policy_enabled
1816,CMP-00000371-M-1430-item:268967-D667,M-1430,item:268967,delay_input_shortage,input_shortage,3269.94738,107800.0,0.0,3269.94738,107800.0,item:333362,107800.0,107800.0,107800.0,107800.0,,lot_policy_enabled
1816,CMP-00000460-M-1810-item:268091-D807,M-1810,item:268091,delay_input_shortage,input_shortage,17424.420751,13400.0,0.0,17424.420751,13400.0,item:338929,13400.0,13400.0,13400.0,13400.0,,lot_policy_enabled
1817,CMP-00000371-M-1430-item:268967-D667,M-1430,item:268967,delay_input_shortage,input_shortage,2569.532333,107800.0,0.0,2569.532333,107800.0,item:333362,107800.0,107800.0,107800.0,107800.0,,lot_policy_enabled
1817,CMP-00000460-M-1810-item:268091-D807,M-1810,item:268091,delay_input_shortage,input_shortage,16977.912721,13400.0,0.0,16977.912721,13400.0,item:338929,13400.0,13400.0,13400.0,13400.0,,lot_policy_enabled
1818,CMP-00000371-M-1430-item:268967-D667,M-1430,item:268967,delay_input_shortage,input_shortage,2155.800344,107800.0,0.0,2155.800344,107800.0,item:333362,107800.0,107800.0,107800.0,107800.0,,lot_policy_enabled
1818,CMP-00000460-M-1810-item:268091-D807,M-1810,item:268091,delay_input_shortage,input_shortage,14961.035605,13400.0,0.0,14961.035605,13400.0,item:338929,13400.0,13400.0,13400.0,13400.0,,lot_policy_enabled
1819,CMP-00000371-M-1430-item:268967-D667,M-1430,item:268967,delay_input_shortage,input_shortage,2092.302926,107800.0,0.0,2092.302926,107800.0,item:333362,107800.0,107800.0,107800.0,107800.0,,lot_policy_enabled
1819,CMP-00000460-M-1810-item:268091-D807,M-1810,item:268091,delay_input_shortage,input_shortage,12847.227529,13400.0,0.0,12847.227529,13400.0,item:338929,13400.0,13400.0,13400.0,13400.0,,lot_policy_enabled
1820,CMP-00000371-M-1430-item:268967-D667,M-1430,item:268967,delay_input_shortage,input_shortage,2098.852422,107800.0,0.0,2098.852422,107800.0,item:333362,107800.0,107800.0,107800.0,107800.0,,lot_policy_enabled
1820,CMP-00000460-M-1810-item:268091-D807,M-1810,item:268091,delay_input_shortage,input_shortage,10714.033261,13400.0,0.0,10714.033261,13400.0,item:338929,13400.0,13400.0,13400.0,13400.0,,lot_policy_enabled
1821,CMP-00000371-M-1430-item:268967-D667,M-1430,item:268967,delay_input_shortage,input_shortage,2119.411301,107800.0,0.0,2119.411301,107800.0,item:333362,107800.0,107800.0,107800.0,107800.0,,lot_policy_enabled
1821,CMP-00000460-M-1810-item:268091-D807,M-1810,item:268091,delay_input_shortage,input_shortage,8576.961754,13400.0,0.0,8576.961754,13400.0,item:338929,13400.0,13400.0,13400.0,13400.0,,lot_policy_enabled
1822,CMP-00000371-M-1430-item:268967-D667,M-1430,item:268967,delay_input_shortage,input_shortage,2142.772056,107800.0,0.0,2142.772056,107800.0,item:333362,107800.0,107800.0,107800.0,107800.0,,lot_policy_enabled
1822,CMP-00000460-M-1810-item:268091-D807,M-1810,item:268091,delay_input_shortage,input_shortage,6439.1148,13400.0,0.0,6439.1148,13400.0,item:338929,13400.0,13400.0,13400.0,13400.0,,lot_policy_enabled
1823,CMP-00000371-M-1430-item:268967-D667,M-1430,item:268967,delay_input_shortage,input_shortage,2166.693187,107800.0,0.0,2166.693187,107800.0,item:333362,107800.0,107800.0,107800.0,107800.0,,lot_policy_enabled
1823,CMP-00000460-M-1810-item:268091-D807,M-1810,item:268091,delay_input_shortage,input_shortage,4301.112756,13400.0,0.0,4301.112756,13400.0,item:338929,13400.0,13400.0,13400.0,13400.0,,lot_policy_enabled
1824,CMP-00000371-M-1430-item:268967-D667,M-1430,item:268967,delay_input_shortage,input_shortage,2190.726393,107800.0,0.0,2190.726393,107800.0,item:333362,107800.0,107800.0,107800.0,107800.0,,lot_policy_enabled
1824,CMP-00000460-M-1810-item:268091-D807,M-1810,item:268091,delay_input_shortage,input_shortage,2163.079694,13400.0,0.0,2163.079694,13400.0,item:338929,13400.0,13400.0,13400.0,13400.0,,lot_policy_enabled
