day,node_id,item_id,stock_end_of_day
0,DC-1920,item:268091,379618.999998
0,DC-1920,item:268967,1037234.142854
1,DC-1920,item:268091,366318.999998
1,DC-1920,item:268967,1019294.142853
2,DC-1920,item:268091,363514.693875
2,DC-1920,item:268967,1001354.142852
3,DC-1920,item:268091,369176.244895
3,DC-1920,item:268967,1065653.999998
4,DC-1920,item:268091,374380.265303
4,DC-1920,item:268967,1109154.142852
5,DC-1920,item:268091,379126.755099
5,DC-1920,item:268967,1109154.142852
6,DC-1920,item:268091,397815.714282
6,DC-1920,item:268967,1100106.142852
7,DC-1920,item:268091,387247.142853
7,DC-1920,item:268967,1086461.71428
8,DC-1920,item:268091,389652.122445
8,DC-1920,item:268967,1084676.836729
9,DC-1920,item:268091,391733.795914
9,DC-1920,item:268967,1083190.081627
10,DC-1920,item:268091,393492.16326
10,DC-1920,item:268967,1082001.448974
11,DC-1920,item:268091,394927.224485
11,DC-1920,item:268967,1081110.93877
12,DC-1920,item:268091,396038.979587
12,DC-1920,item:268967,1080518.551015
13,DC-1920,item:268091,396827.428566
13,DC-1920,item:268967,1080224.285709
14,DC-1920,item:268091,382892.571423
14,DC-1920,item:268967,1080224.285709
15,DC-1920,item:268091,400742.020403
15,DC-1920,item:268967,1076618.183668
16,DC-1920,item:268091,403576.346934
16,DC-1920,item:268967,1072324.551014
17,DC-1920,item:268091,391395.551016
17,DC-1920,item:268967,1067514.244891
18,DC-1920,item:268091,407399.632649
18,DC-1920,item:268967,1062741.2653
19,DC-1920,item:268091,408388.591833
19,DC-1920,item:268967,1058005.612239
20,DC-1920,item:268091,400993.020405
20,DC-1920,item:268967,1053307.285708
21,DC-1920,item:268091,380709.591833
21,DC-1920,item:268967,1048646.285708
22,DC-1920,item:268091,386301.346936
22,DC-1920,item:268967,1044666.612239
23,DC-1920,item:268091,381741.551015
23,DC-1920,item:268967,1040542.122443
24,DC-1920,item:268091,387715.102037
24,DC-1920,item:268967,1036272.81632
25,DC-1920,item:268091,379479.551018
25,DC-1920,item:268967,1030550.122443
26,DC-1920,item:268091,446010.448991
26,DC-1920,item:268967,1023890.040812
27,DC-1920,item:268091,480979.591854
27,DC-1920,item:268967,1017085.142854
28,DC-1920,item:268091,473316.734713
28,DC-1920,item:268967,1010135.42857
29,DC-1920,item:268091,464890.285732
29,DC-1920,item:268967,1007543.346937
30,DC-1920,item:268091,456591.102057
30,DC-1920,item:268967,1004509.183669
31,DC-1920,item:268091,448419.183688
31,DC-1920,item:268967,998123.081628
32,DC-1920,item:268091,440374.530625
32,DC-1920,item:268967,991892.326526
33,DC-1920,item:268091,432457.142868
33,DC-1920,item:268967,985816.918363
34,DC-1920,item:268091,424667.020417
34,DC-1920,item:268967,979896.857138
35,DC-1920,item:268091,417004.163272
35,DC-1920,item:268967,974132.142852
36,DC-1920,item:268091,412668.775518
36,DC-1920,item:268967,969221.244893
37,DC-1920,item:268091,412102.979595
37,DC-1920,item:268967,963879.306117
38,DC-1920,item:268091,424414.897957
38,DC-1920,item:268967,958106.326525
39,DC-1920,item:268091,411535.346937
39,DC-1920,item:268967,951465.020403
40,DC-1920,item:268091,405119.510205
40,DC-1920,item:268967,939440.387751
41,DC-1920,item:268091,392921.183675
41,DC-1920,item:268967,926984.714282
42,DC-1920,item:268091,393943.02041
42,DC-1920,item:268967,914097.999997
43,DC-1920,item:268091,404742.12245
43,DC-1920,item:268967,912329.326527
44,DC-1920,item:268091,413834.040817
44,DC-1920,item:268967,910899.551016
45,DC-1920,item:268091,408339.22449
45,DC-1920,item:268967,909808.673465
46,DC-1920,item:268091,391700.571429
46,DC-1920,item:268967,907858.122442
47,DC-1920,item:268091,372977.346939
47,DC-1920,item:268967,902993.897952
48,DC-1920,item:268091,418733.224491
48,DC-1920,item:268967,898468.571421
49,DC-1920,item:268091,393418.081631
49,DC-1920,item:268967,894282.142849
50,DC-1920,item:268091,380565.87755
50,DC-1920,item:268967,889959.163257
51,DC-1920,item:268091,379611.10204
51,DC-1920,item:268967,885339.204073
52,DC-1920,item:268091,404064.122451
52,DC-1920,item:268967,880422.265298
53,DC-1920,item:268091,429657.224495
53,DC-1920,item:268967,871314.061215
54,DC-1920,item:268091,430953.510206
54,DC-1920,item:268967,861191.591827
55,DC-1920,item:268091,418564.571432
55,DC-1920,item:268967,850772.142847
56,DC-1920,item:268091,406268.285719
56,DC-1920,item:268967,840055.714275
57,DC-1920,item:268091,397533.632657
57,DC-1920,item:268967,838924.244888
58,DC-1920,item:268091,401096.326531
58,DC-1920,item:268967,838154.591827
59,DC-1920,item:268091,438310.163259
59,DC-1920,item:268967,945546.755092
60,DC-1920,item:268091,430547.2653
60,DC-1920,item:268967,944479.448971
61,DC-1920,item:268091,423108.285707
61,DC-1920,item:268967,940107.673461
62,DC-1920,item:268091,415993.224482
62,DC-1920,item:268967,936097.714277
63,DC-1920,item:268091,409202.081624
63,DC-1920,item:268967,932449.57142
64,DC-1920,item:268091,401666.489787
64,DC-1920,item:268967,927465.306114
65,DC-1920,item:268091,408928.367347
65,DC-1920,item:268967,922173.204074
66,DC-1920,item:268091,401898.163265
66,DC-1920,item:268967,916573.265299
67,DC-1920,item:268091,449580.653071
67,DC-1920,item:268967,910665.489789
68,DC-1920,item:268091,446686.979609
68,DC-1920,item:268967,901237.44897
69,DC-1920,item:268091,436616.285731
69,DC-1920,item:268967,891054.714276
70,DC-1920,item:268091,426798.285731
70,DC-1920,item:268967,880564.142847
71,DC-1920,item:268091,414205.469404
71,DC-1920,item:268967,877607.061215
72,DC-1920,item:268091,405062.408163
72,DC-1920,item:268967,874864.897951
73,DC-1920,item:268091,391889.673469
73,DC-1920,item:268967,872337.653055
74,DC-1920,item:268091,391019.795918
74,DC-1920,item:268967,870025.326525
75,DC-1920,item:268091,402742.734693
75,DC-1920,item:268967,867927.918363
76,DC-1920,item:268091,414755.632652
76,DC-1920,item:268967,866045.428569
77,DC-1920,item:268091,414465.673469
77,DC-1920,item:268967,864377.857142
78,DC-1920,item:268091,407206.428571
78,DC-1920,item:268967,860073.97959
79,DC-1920,item:268091,396612.612244
79,DC-1920,item:268967,855794.938772
80,DC-1920,item:268091,397619.469388
80,DC-1920,item:268967,851235.448972
81,DC-1920,item:268091,384191.469387
81,DC-1920,item:268967,846498.653054
82,DC-1920,item:268091,370661.183673
82,DC-1920,item:268967,841786.69387
83,DC-1920,item:268091,409539.959183
83,DC-1920,item:268967,837099.57142
84,DC-1920,item:268091,463743.44898
84,DC-1920,item:268967,832437.285705
85,DC-1920,item:268091,466104.938776
85,DC-1920,item:268967,826902.204073
86,DC-1920,item:268091,461587.55102
86,DC-1920,item:268967,821319.46938
87,DC-1920,item:268091,457556.755101
87,DC-1920,item:268967,815689.081625
88,DC-1920,item:268091,454012.551019
88,DC-1920,item:268967,810011.04081
89,DC-1920,item:268091,450954.938774
89,DC-1920,item:268967,804285.346933
90,DC-1920,item:268091,448383.918365
90,DC-1920,item:268967,798511.999995
91,DC-1920,item:268091,446299.489793
91,DC-1920,item:268967,792690.999996
92,DC-1920,item:268091,442000.734691
92,DC-1920,item:268967,791018.244893
93,DC-1920,item:268091,436176.795918
93,DC-1920,item:268967,784693.448975
94,DC-1920,item:268091,424065.244898
94,DC-1920,item:268967,778275.612241
95,DC-1920,item:268091,412260.22449
95,DC-1920,item:268967,771764.734691
96,DC-1920,item:268091,407234.489797
96,DC-1920,item:268967,765160.816325
97,DC-1920,item:268091,396042.530613
97,DC-1920,item:268967,758463.857142
98,DC-1920,item:268091,396962.12245
98,DC-1920,item:268967,751673.857143
99,DC-1920,item:268091,410535.040817
99,DC-1920,item:268967,751673.857143
100,DC-1920,item:268091,422597.734695
100,DC-1920,item:268967,751673.857143
101,DC-1920,item:268091,421345.183674
101,DC-1920,item:268967,751673.857143
102,DC-1920,item:268091,408923.102042
102,DC-1920,item:268967,751673.857143
103,DC-1920,item:268091,387175.571429
103,DC-1920,item:268967,751673.857143
104,DC-1920,item:268091,371674.122449
104,DC-1920,item:268967,751673.857143
105,DC-1920,item:268091,367697.591836
105,DC-1920,item:268967,751673.857143
106,DC-1920,item:268091,363661.55102
106,DC-1920,item:268967,751673.857143
107,DC-1920,item:268091,394394.79592
107,DC-1920,item:268967,751673.857143
108,DC-1920,item:268091,454398.510207
108,DC-1920,item:268967,751673.857143
109,DC-1920,item:268091,489410.469393
109,DC-1920,item:268967,751673.857143
110,DC-1920,item:268091,487773.122455
110,DC-1920,item:268967,751673.857143
111,DC-1920,item:268091,486735.448987
111,DC-1920,item:268967,751673.857143
112,DC-1920,item:268091,519004.285722
112,DC-1920,item:268967,751673.857143
113,DC-1920,item:268091,519004.285722
113,DC-1920,item:268967,751673.857143
114,DC-1920,item:268091,519004.285722
114,DC-1920,item:268967,751673.857143
115,DC-1920,item:268091,519004.285722
115,DC-1920,item:268967,751673.857143
116,DC-1920,item:268091,519004.285722
116,DC-1920,item:268967,751673.857143
117,DC-1920,item:268091,519004.285722
117,DC-1920,item:268967,751673.857143
118,DC-1920,item:268091,519004.285722
118,DC-1920,item:268967,751673.857143
119,DC-1920,item:268091,519004.285722
119,DC-1920,item:268967,751673.857143
120,DC-1920,item:268091,519004.285722
120,DC-1920,item:268967,751673.857143
121,DC-1920,item:268091,517184.408161
121,DC-1920,item:268967,751673.857143
122,DC-1920,item:268091,506791.102039
122,DC-1920,item:268967,751673.857143
123,DC-1920,item:268091,496368.979589
123,DC-1920,item:268967,751673.857143
124,DC-1920,item:268091,485918.040814
124,DC-1920,item:268967,751673.857143
125,DC-1920,item:268091,475438.285711
125,DC-1920,item:268967,751673.857143
126,DC-1920,item:268091,464929.714282
126,DC-1920,item:268967,751673.857143
127,DC-1920,item:268091,453769.530608
127,DC-1920,item:268967,751673.857143
128,DC-1920,item:268091,441775.877547
128,DC-1920,item:268967,751673.857143
129,DC-1920,item:268091,428948.755098
129,DC-1920,item:268967,751673.857143
130,DC-1920,item:268091,415288.163261
130,DC-1920,item:268967,751673.857143
131,DC-1920,item:268091,400794.102036
131,DC-1920,item:268967,751673.857143
132,DC-1920,item:268091,387055.816326
132,DC-1920,item:268967,751673.857143
133,DC-1920,item:268091,386144.653065
133,DC-1920,item:268967,751673.857143
134,DC-1920,item:268091,431415.816327
134,DC-1920,item:268967,751673.857143
135,DC-1920,item:268091,420297.142857
135,DC-1920,item:268967,751673.857143
136,DC-1920,item:268091,409175.632653
136,DC-1920,item:268967,751673.857143
137,DC-1920,item:268091,408292.142857
137,DC-1920,item:268967,751673.857143
138,DC-1920,item:268091,397164.959183
138,DC-1920,item:268967,751673.857143
139,DC-1920,item:268091,397156.448979
139,DC-1920,item:268967,751485.714288
140,DC-1920,item:268091,386023.591836
140,DC-1920,item:268967,743906.428574
141,DC-1920,item:268091,454547.775511
141,DC-1920,item:268967,743906.428574
142,DC-1920,item:268091,445080.693879
142,DC-1920,item:268967,743906.428574
143,DC-1920,item:268091,433034.714285
143,DC-1920,item:268967,743906.428574
144,DC-1920,item:268091,420686.122449
144,DC-1920,item:268967,743906.428574
145,DC-1920,item:268091,408225.204082
145,DC-1920,item:268967,743906.428574
146,DC-1920,item:268091,395651.959184
146,DC-1920,item:268967,743906.428574
147,DC-1920,item:268091,392818.265308
147,DC-1920,item:268967,743906.428574
148,DC-1920,item:268091,408026.428574
148,DC-1920,item:268967,743906.428574
149,DC-1920,item:268091,426223.183676
149,DC-1920,item:268967,743906.428574
150,DC-1920,item:268091,435059.938777
150,DC-1920,item:268967,743906.428574
151,DC-1920,item:268091,428756.979595
151,DC-1920,item:268967,743906.428574
152,DC-1920,item:268091,422721.244902
152,DC-1920,item:268967,743906.428574
153,DC-1920,item:268091,416952.734699
153,DC-1920,item:268967,743906.428574
154,DC-1920,item:268091,413232.469391
154,DC-1920,item:268967,743906.428574
155,DC-1920,item:268091,416704.448978
155,DC-1920,item:268967,737167.693878
156,DC-1920,item:268091,424490.428567
156,DC-1920,item:268967,712698.081633
157,DC-1920,item:268091,418171.102034
157,DC-1920,item:268967,687836.734695
158,DC-1920,item:268091,410626.306119
158,DC-1920,item:268967,662583.653062
159,DC-1920,item:268091,416915.061226
159,DC-1920,item:268967,636938.836736
160,DC-1920,item:268091,418331.571433
160,DC-1920,item:268967,610902.285716
161,DC-1920,item:268091,413022.346938
161,DC-1920,item:268967,584474.000002
162,DC-1920,item:268091,403424.795916
162,DC-1920,item:268967,580465.714288
163,DC-1920,item:268091,397812.510203
163,DC-1920,item:268967,573465.428574
164,DC-1920,item:268091,395858.979594
164,DC-1920,item:268967,563473.14286
165,DC-1920,item:268091,398396.795922
165,DC-1920,item:268967,522641.428574
166,DC-1920,item:268091,401767.204085
166,DC-1920,item:268967,463051.285717
167,DC-1920,item:268091,401478.857143
167,DC-1920,item:268967,400469.14286
168,DC-1920,item:268091,384143.142858
168,DC-1920,item:268967,334895.000003
169,DC-1920,item:268091,399757.734692
169,DC-1920,item:268967,334895.000003
170,DC-1920,item:268091,419229.795916
170,DC-1920,item:268967,334895.000003
171,DC-1920,item:268091,427318.469388
171,DC-1920,item:268967,334895.000003
172,DC-1920,item:268091,411647.857146
172,DC-1920,item:268967,334895.000003
173,DC-1920,item:268091,393894.367351
173,DC-1920,item:268967,334895.000003
174,DC-1920,item:268091,396167.673469
174,DC-1920,item:268967,334895.000003
175,DC-1920,item:268091,377690.67347
175,DC-1920,item:268967,334895.000003
176,DC-1920,item:268091,390280.877552
176,DC-1920,item:268967,334895.000003
177,DC-1920,item:268091,421636.163265
177,DC-1920,item:268967,334895.000003
178,DC-1920,item:268091,419270.959181
178,DC-1920,item:268967,334895.000003
179,DC-1920,item:268091,423442.38775
179,DC-1920,item:268967,334895.000003
180,DC-1920,item:268091,431278.693871
180,DC-1920,item:268967,334895.000003
181,DC-1920,item:268091,467363.489789
181,DC-1920,item:268967,334895.000003
182,DC-1920,item:268091,461378.632645
182,DC-1920,item:268967,334895.000003
183,DC-1920,item:268091,453936.755094
183,DC-1920,item:268967,334895.000003
184,DC-1920,item:268091,446256.285707
184,DC-1920,item:268967,334895.000003
185,DC-1920,item:268091,435026.510195
185,DC-1920,item:268967,334895.000003
186,DC-1920,item:268091,421868.285705
186,DC-1920,item:268967,334895.000003
187,DC-1920,item:268091,408471.469378
187,DC-1920,item:268967,334895.000003
188,DC-1920,item:268091,394836.061215
188,DC-1920,item:268967,334895.000003
189,DC-1920,item:268091,411698.306132
189,DC-1920,item:268967,334895.000003
190,DC-1920,item:268091,413266.918368
190,DC-1920,item:268967,334895.000003
191,DC-1920,item:268091,410345.612247
191,DC-1920,item:268967,334895.000003
192,DC-1920,item:268091,415043.795924
192,DC-1920,item:268967,334895.000003
193,DC-1920,item:268091,409378.000004
193,DC-1920,item:268967,334895.000003
194,DC-1920,item:268091,397869.591841
194,DC-1920,item:268967,334895.000003
195,DC-1920,item:268091,413283.857144
195,DC-1920,item:268967,334895.000003
196,DC-1920,item:268091,408948.510206
196,DC-1920,item:268967,334895.000003
197,DC-1920,item:268091,421466.08163
197,DC-1920,item:268967,334895.000003
198,DC-1920,item:268091,422901.428567
198,DC-1920,item:268967,334895.000003
199,DC-1920,item:268091,412778.775508
199,DC-1920,item:268967,334895.000003
200,DC-1920,item:268091,396524.918368
200,DC-1920,item:268967,334895.000003
201,DC-1920,item:268091,396145.653066
201,DC-1920,item:268967,334895.000003
202,DC-1920,item:268091,369845.224494
202,DC-1920,item:268967,334895.000003
203,DC-1920,item:268091,351636.714287
203,DC-1920,item:268967,334895.000003
204,DC-1920,item:268091,351034.530612
204,DC-1920,item:268967,334895.000003
205,DC-1920,item:268091,437072.877546
205,DC-1920,item:268967,329994.32654
206,DC-1920,item:268091,515974.163259
206,DC-1920,item:268967,323783.367355
207,DC-1920,item:268091,515974.163259
207,DC-1920,item:268967,317834.612253
208,DC-1920,item:268091,515974.163259
208,DC-1920,item:268967,312148.061232
209,DC-1920,item:268091,515974.163259
209,DC-1920,item:268967,306723.714292
210,DC-1920,item:268091,515974.163259
210,DC-1920,item:268967,301561.571434
211,DC-1920,item:268091,515974.163259
211,DC-1920,item:268967,301561.571434
212,DC-1920,item:268091,515974.163259
212,DC-1920,item:268967,301561.571434
213,DC-1920,item:268091,515974.163259
213,DC-1920,item:268967,301561.571434
214,DC-1920,item:268091,515974.163259
214,DC-1920,item:268967,301561.571434
215,DC-1920,item:268091,515974.163259
215,DC-1920,item:268967,301561.571434
216,DC-1920,item:268091,515974.163259
216,DC-1920,item:268967,301561.571434
217,DC-1920,item:268091,515974.163259
217,DC-1920,item:268967,301561.571434
218,DC-1920,item:268091,515974.163259
218,DC-1920,item:268967,301561.571434
219,DC-1920,item:268091,515974.163259
219,DC-1920,item:268967,301561.571434
220,DC-1920,item:268091,515974.163259
220,DC-1920,item:268967,301561.571434
221,DC-1920,item:268091,513147.775497
221,DC-1920,item:268967,301561.571434
222,DC-1920,item:268091,507013.775497
222,DC-1920,item:268967,301561.571434
223,DC-1920,item:268091,500715.204069
223,DC-1920,item:268967,301561.571434
224,DC-1920,item:268091,494252.061212
224,DC-1920,item:268967,301561.571434
225,DC-1920,item:268091,482947.877538
225,DC-1920,item:268967,301561.571434
226,DC-1920,item:268091,471616.367334
226,DC-1920,item:268967,301561.571434
227,DC-1920,item:268091,460257.530599
227,DC-1920,item:268967,301561.571434
228,DC-1920,item:268091,448871.367334
228,DC-1920,item:268967,301561.571434
229,DC-1920,item:268091,437457.877538
229,DC-1920,item:268967,296290.591844
230,DC-1920,item:268091,426017.061212
230,DC-1920,item:268967,283014.428579
231,DC-1920,item:268091,414548.918355
231,DC-1920,item:268967,269375.857151
232,DC-1920,item:268091,404172.673457
232,DC-1920,item:268967,267721.102049
233,DC-1920,item:268091,397465.122449
233,DC-1920,item:268967,264965.448987
234,DC-1920,item:268091,385384.387755
234,DC-1920,item:268967,260290.469397
235,DC-1920,item:268091,375661.897941
235,DC-1920,item:268967,237078.877559
236,DC-1920,item:268091,376276.673451
236,DC-1920,item:268967,320566.387762
237,DC-1920,item:268091,387476.857136
237,DC-1920,item:268967,402953.000005
238,DC-1920,item:268091,364268.571421
238,DC-1920,item:268967,484238.714289
239,DC-1920,item:268091,385547.836727
239,DC-1920,item:268967,484238.714289
240,DC-1920,item:268091,392677.510197
240,DC-1920,item:268967,699838.714289
241,DC-1920,item:268091,414457.59183
241,DC-1920,item:268967,915438.714289
242,DC-1920,item:268091,407688.081626
242,DC-1920,item:268967,915438.714289
243,DC-1920,item:268091,401168.979585
243,DC-1920,item:268967,1023238.714289
244,DC-1920,item:268091,403960.775511
244,DC-1920,item:268967,1131038.714289
245,DC-1920,item:268091,417681.999994
245,DC-1920,item:268967,1209334.0
246,DC-1920,item:268091,409087.693872
246,DC-1920,item:268967,1209334.0
247,DC-1920,item:268091,421793.081634
247,DC-1920,item:268967,1209334.0
248,DC-1920,item:268091,419479.020404
248,DC-1920,item:268967,1209334.0
249,DC-1920,item:268091,409802.244894
249,DC-1920,item:268967,1209334.0
250,DC-1920,item:268091,399974.857139
250,DC-1920,item:268967,1209334.0
251,DC-1920,item:268091,401055.836736
251,DC-1920,item:268967,1209334.0
252,DC-1920,item:268091,407910.795911
252,DC-1920,item:268967,1209334.0
253,DC-1920,item:268091,395742.693875
253,DC-1920,item:268967,1209334.0
254,DC-1920,item:268091,395166.142863
254,DC-1920,item:268967,1209334.0
255,DC-1920,item:268091,382992.448978
255,DC-1920,item:268967,1209334.0
256,DC-1920,item:268091,383592.938774
256,DC-1920,item:268967,1209334.0
257,DC-1920,item:268091,384043.836733
257,DC-1920,item:268967,1209334.0
258,DC-1920,item:268091,384345.142856
258,DC-1920,item:268967,1209334.0
259,DC-1920,item:268091,370096.857142
259,DC-1920,item:268967,1209334.0
260,DC-1920,item:268091,390665.591835
260,DC-1920,item:268967,1209334.0
261,DC-1920,item:268091,396396.632651
261,DC-1920,item:268967,1209334.0
262,DC-1920,item:268091,397722.693878
262,DC-1920,item:268967,1209334.0
263,DC-1920,item:268091,394106.918367
263,DC-1920,item:268967,1203768.183678
264,DC-1920,item:268091,404453.448979
264,DC-1920,item:268967,1193005.06123
265,DC-1920,item:268091,385562.285714
265,DC-1920,item:268967,1181860.714293
266,DC-1920,item:268091,373864.510204
266,DC-1920,item:268967,1170335.142866
267,DC-1920,item:268091,393419.938774
267,DC-1920,item:268967,1170335.142866
268,DC-1920,item:268091,392578.959181
268,DC-1920,item:268967,1170335.142866
269,DC-1920,item:268091,406910.489792
269,DC-1920,item:268967,1170335.142866
270,DC-1920,item:268091,421310.489792
270,DC-1920,item:268967,1170335.142866
271,DC-1920,item:268091,435710.489792
271,DC-1920,item:268967,1170335.142866
272,DC-1920,item:268091,444938.0
272,DC-1920,item:268967,1170335.142866
273,DC-1920,item:268091,442300.224486
273,DC-1920,item:268967,1170335.142866
274,DC-1920,item:268091,431799.755098
274,DC-1920,item:268967,1170335.142866
275,DC-1920,item:268091,421093.387751
275,DC-1920,item:268967,1170335.142866
276,DC-1920,item:268091,410181.122444
276,DC-1920,item:268967,1170335.142866
277,DC-1920,item:268091,399062.959179
277,DC-1920,item:268967,1166043.163273
278,DC-1920,item:268091,387738.897954
278,DC-1920,item:268967,1160133.673477
279,DC-1920,item:268091,410181.428562
279,DC-1920,item:268967,1153957.000007
280,DC-1920,item:268091,398445.571419
280,DC-1920,item:268967,1147513.142864
281,DC-1920,item:268091,395676.510204
281,DC-1920,item:268967,1141308.551028
282,DC-1920,item:268091,389502.836726
282,DC-1920,item:268967,1135021.795926
283,DC-1920,item:268091,392004.387746
283,DC-1920,item:268967,1128652.877558
284,DC-1920,item:268091,394354.551012
284,DC-1920,item:268967,1122201.795926
285,DC-1920,item:268091,396553.326522
285,DC-1920,item:268967,1115668.551028
286,DC-1920,item:268091,398600.714277
286,DC-1920,item:268967,1109053.142864
287,DC-1920,item:268091,400496.714277
287,DC-1920,item:268967,1102355.571435
288,DC-1920,item:268091,407367.469379
288,DC-1920,item:268967,1098308.877558
289,DC-1920,item:268091,411663.97958
289,DC-1920,item:268967,1094040.918375
290,DC-1920,item:268091,412977.244888
290,DC-1920,item:268967,1088856.122454
291,DC-1920,item:268091,408496.795918
291,DC-1920,item:268967,1083524.897959
292,DC-1920,item:268091,395081.57143
292,DC-1920,item:268967,1082240.367341
293,DC-1920,item:268091,387131.571423
293,DC-1920,item:268967,1082694.244896
294,DC-1920,item:268091,402187.857139
294,DC-1920,item:268967,1082807.857159
295,DC-1920,item:268091,399484.897955
295,DC-1920,item:268967,1091448.449
296,DC-1920,item:268091,411764.693873
296,DC-1920,item:268967,1100082.306129
297,DC-1920,item:268091,439027.244893
297,DC-1920,item:268967,1105989.571416
298,DC-1920,item:268091,438072.551015
298,DC-1920,item:268967,1099602.714273
299,DC-1920,item:268091,431967.755097
299,DC-1920,item:268967,1094123.551002
300,DC-1920,item:268091,425320.999995
300,DC-1920,item:268967,1089744.714287
301,DC-1920,item:268091,419256.999995
301,DC-1920,item:268967,1084342.285716
302,DC-1920,item:268091,412723.102036
302,DC-1920,item:268967,1079948.714287
303,DC-1920,item:268091,411009.306123
303,DC-1920,item:268967,1081060.428573
304,DC-1920,item:268091,411958.897954
304,DC-1920,item:268967,1104540.999999
305,DC-1920,item:268091,410047.632649
305,DC-1920,item:268967,1110198.571428
306,DC-1920,item:268091,395141.571425
306,DC-1920,item:268967,1095858.0
307,DC-1920,item:268091,385819.816329
307,DC-1920,item:268967,1080964.0
308,DC-1920,item:268091,380340.857141
308,DC-1920,item:268967,1065516.571429
309,DC-1920,item:268091,393182.469386
309,DC-1920,item:268967,1071192.571429
310,DC-1920,item:268091,406596.408161
310,DC-1920,item:268967,1071192.571429
311,DC-1920,item:268091,409860.244893
311,DC-1920,item:268967,1092586.857165
312,DC-1920,item:268091,411496.693873
312,DC-1920,item:268967,1122928.285736
313,DC-1920,item:268091,408847.061222
313,DC-1920,item:268967,1131875.428571
314,DC-1920,item:268091,411586.285711
314,DC-1920,item:268967,1131875.428571
315,DC-1920,item:268091,400539.714282
315,DC-1920,item:268967,1131875.428571
316,DC-1920,item:268091,387962.306116
316,DC-1920,item:268967,1131547.448976
317,DC-1920,item:268091,383610.918361
317,DC-1920,item:268967,1124321.63265
318,DC-1920,item:268091,363585.836729
318,DC-1920,item:268967,1116915.122446
319,DC-1920,item:268091,356687.061218
319,DC-1920,item:268967,1109327.918365
320,DC-1920,item:268091,362914.59183
320,DC-1920,item:268967,1101560.020406
321,DC-1920,item:268091,353468.428565
321,DC-1920,item:268967,1093611.42857
322,DC-1920,item:268091,342748.571422
322,DC-1920,item:268967,1085482.142856
323,DC-1920,item:268091,375945.979585
323,DC-1920,item:268967,1080873.081631
324,DC-1920,item:268091,358802.938768
324,DC-1920,item:268967,1099987.102042
325,DC-1920,item:268091,369754.448973
325,DC-1920,item:268967,1094392.918369
326,DC-1920,item:268091,380541.510197
326,DC-1920,item:268967,1084763.673472
327,DC-1920,item:268091,419964.122442
327,DC-1920,item:268967,1083571.061225
328,DC-1920,item:268091,401622.285708
328,DC-1920,item:268967,1073439.122451
329,DC-1920,item:268091,383115.999994
329,DC-1920,item:268967,1089101.122452
330,DC-1920,item:268091,409353.122443
330,DC-1920,item:268967,1087608.224492
331,DC-1920,item:268091,407699.653056
331,DC-1920,item:268967,1088523.020407
332,DC-1920,item:268091,421355.591832
332,DC-1920,item:268967,1087746.326528
333,DC-1920,item:268091,435755.591832
333,DC-1920,item:268967,1106958.061245
334,DC-1920,item:268091,435755.591832
334,DC-1920,item:268967,1119908.551041
335,DC-1920,item:268091,435755.591832
335,DC-1920,item:268967,1119908.551041
336,DC-1920,item:268091,435366.428565
336,DC-1920,item:268967,1117735.877572
337,DC-1920,item:268091,423679.979591
337,DC-1920,item:268967,1110374.653083
338,DC-1920,item:268091,403422.387754
338,DC-1920,item:268967,1102949.632675
339,DC-1920,item:268091,383031.999999
339,DC-1920,item:268967,1095460.816349
340,DC-1920,item:268091,368470.469381
340,DC-1920,item:268967,1087908.204105
341,DC-1920,item:268091,362214.489789
341,DC-1920,item:268967,1080291.795943
342,DC-1920,item:268091,370225.714278
342,DC-1920,item:268967,1078684.775513
343,DC-1920,item:268091,349304.142849
343,DC-1920,item:268967,1084566.571408
344,DC-1920,item:268091,345520.102033
344,DC-1920,item:268967,1096984.999979
345,DC-1920,item:268091,340418.306115
345,DC-1920,item:268967,1103101.67347
346,DC-1920,item:268091,333998.755095
346,DC-1920,item:268967,1096700.734716
347,DC-1920,item:268091,326261.448973
347,DC-1920,item:268967,1085485.510227
348,DC-1920,item:268091,346006.387749
348,DC-1920,item:268967,1078747.387756
349,DC-1920,item:268091,340503.571421
349,DC-1920,item:268967,1066819.836737
350,DC-1920,item:268091,330862.999993
350,DC-1920,item:268967,1086725.857172
351,DC-1920,item:268091,317568.959177
351,DC-1920,item:268967,1086725.857172
352,DC-1920,item:268091,333521.448974
352,DC-1920,item:268967,1089250.285715
353,DC-1920,item:268091,349920.469383
353,DC-1920,item:268967,1104058.428543
354,DC-1920,item:268091,337966.020404
354,DC-1920,item:268967,1116342.142828
355,DC-1920,item:268091,384058.102037
355,DC-1920,item:268967,1116342.142828
356,DC-1920,item:268091,401796.714283
356,DC-1920,item:268967,1116342.142828
357,DC-1920,item:268091,419981.857141
357,DC-1920,item:268967,1116342.142828
358,DC-1920,item:268091,437661.755104
358,DC-1920,item:268967,1116342.142828
359,DC-1920,item:268091,437661.755104
359,DC-1920,item:268967,1116342.142828
360,DC-1920,item:268091,437661.755104
360,DC-1920,item:268967,1116342.142828
361,DC-1920,item:268091,437661.755104
361,DC-1920,item:268967,1116342.142828
362,DC-1920,item:268091,437661.755104
362,DC-1920,item:268967,1116342.142828
363,DC-1920,item:268091,437661.755104
363,DC-1920,item:268967,1116342.142828
364,DC-1920,item:268091,437661.755104
364,DC-1920,item:268967,1116342.142828
365,DC-1920,item:268091,437661.755104
365,DC-1920,item:268967,1107864.428537
366,DC-1920,item:268091,437661.755104
366,DC-1920,item:268967,1103166.877516
367,DC-1920,item:268091,437661.755104
367,DC-1920,item:268967,1097941.632618
368,DC-1920,item:268091,437661.755104
368,DC-1920,item:268967,1092188.693843
369,DC-1920,item:268091,437661.755104
369,DC-1920,item:268967,1085908.061189
370,DC-1920,item:268091,437661.755104
370,DC-1920,item:268967,1076053.163229
371,DC-1920,item:268091,437661.755104
371,DC-1920,item:268967,1066528.795917
372,DC-1920,item:268091,437661.755104
372,DC-1920,item:268967,1090398.775544
373,DC-1920,item:268091,437661.755104
373,DC-1920,item:268967,1088613.897993
374,DC-1920,item:268091,437661.755104
374,DC-1920,item:268967,1098262.367347
375,DC-1920,item:268091,437661.755104
375,DC-1920,item:268967,1108203.918402
376,DC-1920,item:268091,437661.755104
376,DC-1920,item:268967,1107313.408198
377,DC-1920,item:268091,437661.755104
377,DC-1920,item:268967,1106721.020443
378,DC-1920,item:268091,425380.326524
378,DC-1920,item:268967,1106426.755137
379,DC-1920,item:268091,411445.469381
379,DC-1920,item:268967,1106426.755137
380,DC-1920,item:268091,400494.918361
380,DC-1920,item:268967,1102820.653096
381,DC-1920,item:268091,394086.918368
381,DC-1920,item:268967,1098527.020442
382,DC-1920,item:268091,402268.551011
382,DC-1920,item:268967,1093716.71432
383,DC-1920,item:268091,389472.632644
383,DC-1920,item:268967,1088943.734728
384,DC-1920,item:268091,390461.591828
384,DC-1920,item:268967,1087215.061225
385,DC-1920,item:268091,387123.571416
385,DC-1920,item:268967,1082516.734694
386,DC-1920,item:268091,381240.142844
386,DC-1920,item:268967,1089660.285735
387,DC-1920,item:268091,401231.897947
387,DC-1920,item:268967,1099999.551041
388,DC-1920,item:268091,392614.55101
388,DC-1920,item:268967,1095875.061245
389,DC-1920,item:268091,412988.102032
389,DC-1920,item:268967,1098818.469388
390,DC-1920,item:268091,404752.551013
390,DC-1920,item:268967,1094630.224469
391,DC-1920,item:268091,405831.346943
391,DC-1920,item:268967,1089151.224491
392,DC-1920,item:268091,403254.142853
392,DC-1920,item:268967,1082346.326534
393,DC-1920,item:268091,409991.285712
393,DC-1920,item:268967,1081119.306127
394,DC-1920,item:268091,401564.836731
394,DC-1920,item:268967,1090910.000003
395,DC-1920,item:268091,420549.510203
395,DC-1920,item:268967,1101340.816324
396,DC-1920,item:268091,412377.591834
396,DC-1920,item:268967,1102986.632647
397,DC-1920,item:268091,406022.244893
397,DC-1920,item:268967,1096755.877545
398,DC-1920,item:268091,409609.489786
398,DC-1920,item:268967,1090680.469381
399,DC-1920,item:268091,414830.489792
399,DC-1920,item:268967,1089538.530612
400,DC-1920,item:268091,409889.836728
400,DC-1920,item:268967,1083773.816326
401,DC-1920,item:268091,406943.326517
401,DC-1920,item:268967,1084938.32653
402,DC-1920,item:268091,413491.857138
402,DC-1920,item:268967,1103276.632653
403,DC-1920,item:268091,401686.387746
403,DC-1920,item:268967,1097503.653061
404,DC-1920,item:268091,399416.204082
404,DC-1920,item:268967,1090862.346939
405,DC-1920,item:268091,390667.897951
405,DC-1920,item:268967,1082868.061225
406,DC-1920,item:268091,378469.571421
406,DC-1920,item:268967,1070412.387757
407,DC-1920,item:268091,381011.857136
407,DC-1920,item:268967,1062912.000024
408,DC-1920,item:268091,380792.469381
408,DC-1920,item:268967,1079809.265329
409,DC-1920,item:268091,393947.122443
409,DC-1920,item:268967,1104114.775509
410,DC-1920,item:268091,391675.816321
410,DC-1920,item:268967,1122979.959159
411,DC-1920,item:268091,388378.551015
411,DC-1920,item:268967,1121029.408136
412,DC-1920,item:268091,369655.326525
412,DC-1920,item:268967,1116165.183646
413,DC-1920,item:268091,378706.142852
413,DC-1920,item:268967,1111639.857115
414,DC-1920,item:268091,382190.999992
414,DC-1920,item:268967,1107453.428543
415,DC-1920,item:268091,369338.795911
415,DC-1920,item:268967,1103130.448951
416,DC-1920,item:268091,370979.244892
416,DC-1920,item:268967,1098510.489767
417,DC-1920,item:268091,372712.346934
417,DC-1920,item:268967,1093593.550992
418,DC-1920,item:268091,374538.102037
418,DC-1920,item:268967,1084485.346909
419,DC-1920,item:268091,376456.510201
419,DC-1920,item:268967,1074362.877521
420,DC-1920,item:268091,378467.571427
420,DC-1920,item:268967,1071883.877549
421,DC-1920,item:268091,380571.285714
421,DC-1920,item:268967,1081239.6123
422,DC-1920,item:268091,386236.632652
422,DC-1920,item:268967,1105116.204042
423,DC-1920,item:268091,392225.897958
423,DC-1920,item:268967,1104346.550981
424,DC-1920,item:268091,398539.081631
424,DC-1920,item:268967,1103938.714247
425,DC-1920,item:268091,405176.183671
425,DC-1920,item:268967,1102871.408125
426,DC-1920,item:268091,397737.204078
426,DC-1920,item:268967,1098499.632615
427,DC-1920,item:268091,419422.142853
427,DC-1920,item:268967,1094489.673432
428,DC-1920,item:268091,427030.999995
428,DC-1920,item:268967,1090841.530575
429,DC-1920,item:268091,423496.20408
429,DC-1920,item:268967,1085857.265269
430,DC-1920,item:268091,416213.306121
430,DC-1920,item:268967,1090643.857182
431,DC-1920,item:268091,409183.10204
431,DC-1920,item:268967,1085043.918406
432,DC-1920,item:268091,406635.102041
432,DC-1920,item:268967,1095426.6531
433,DC-1920,item:268091,399669.122445
433,DC-1920,item:268967,1097088.32649
434,DC-1920,item:268091,403911.530607
434,DC-1920,item:268967,1086905.591796
435,DC-1920,item:268091,394180.428567
435,DC-1920,item:268967,1076415.020367
436,DC-1920,item:268091,381587.61224
436,DC-1920,item:268967,1077903.612245
437,DC-1920,item:268091,383104.83673
437,DC-1920,item:268967,1089789.857185
438,DC-1920,item:268091,384332.102036
438,DC-1920,item:268967,1107935.918412
439,DC-1920,item:268091,385269.408158
439,DC-1920,item:268967,1105623.591883
440,DC-1920,item:268091,385916.755096
440,DC-1920,item:268967,1103526.183721
441,DC-1920,item:268091,400674.142851
441,DC-1920,item:268967,1101643.693926
442,DC-1920,item:268091,400741.571422
442,DC-1920,item:268967,1099976.122499
443,DC-1920,item:268091,406142.571422
443,DC-1920,item:268967,1104674.224497
444,DC-1920,item:268091,408208.999993
444,DC-1920,item:268967,1100395.18368
445,DC-1920,item:268091,409283.285707
445,DC-1920,item:268967,1095835.69388
446,DC-1920,item:268091,405850.714285
446,DC-1920,item:268967,1091098.897962
447,DC-1920,item:268091,392320.428571
447,DC-1920,item:268967,1086386.938777
448,DC-1920,item:268091,393087.857142
448,DC-1920,item:268967,1082838.632648
449,DC-1920,item:268091,383757.571421
449,DC-1920,item:268967,1089051.285732
450,DC-1920,item:268091,393153.591829
450,DC-1920,item:268967,1083516.2041
451,DC-1920,item:268091,403036.204073
451,DC-1920,item:268967,1077933.469407
452,DC-1920,item:268091,399005.408154
452,DC-1920,item:268967,1086311.326554
453,DC-1920,item:268091,409861.204072
453,DC-1920,item:268967,1106471.510192
454,DC-1920,item:268091,421203.591827
454,DC-1920,item:268967,1110338.102006
455,DC-1920,item:268091,453709.367346
455,DC-1920,item:268967,1117047.469337
456,DC-1920,item:268091,451624.938774
456,DC-1920,item:268967,1111226.469338
457,DC-1920,item:268091,447326.183672
457,DC-1920,item:268967,1109553.714234
458,DC-1920,item:268091,441502.244899
458,DC-1920,item:268967,1103228.918317
459,DC-1920,item:268091,429390.693879
459,DC-1920,item:268967,1096811.081583
460,DC-1920,item:268091,417585.673471
460,DC-1920,item:268967,1090300.204033
461,DC-1920,item:268091,406087.183675
461,DC-1920,item:268967,1083696.285666
462,DC-1920,item:268091,396042.530613
462,DC-1920,item:268967,1081722.244901
463,DC-1920,item:268091,392132.999993
463,DC-1920,item:268967,1086166.040869
464,DC-1920,item:268091,382402.408157
464,DC-1920,item:268967,1099280.836786
465,DC-1920,item:268091,400574.653055
465,DC-1920,item:268967,1107858.795918
466,DC-1920,item:268091,403449.734688
466,DC-1920,item:268967,1110111.959132
467,DC-1920,item:268091,405427.653056
467,DC-1920,item:268967,1110111.959132
468,DC-1920,item:268091,398080.122443
468,DC-1920,item:268967,1110111.959132
469,DC-1920,item:268091,386074.122449
469,DC-1920,item:268967,1110111.959132
470,DC-1920,item:268091,362194.428566
470,DC-1920,item:268967,1110111.959132
471,DC-1920,item:268091,372558.38775
471,DC-1920,item:268967,1110111.959132
472,DC-1920,item:268091,383522.020404
472,DC-1920,item:268967,1110111.959132
473,DC-1920,item:268091,395085.326528
473,DC-1920,item:268967,1110111.959132
474,DC-1920,item:268091,407248.30612
474,DC-1920,item:268967,1110111.959132
475,DC-1920,item:268091,420010.959182
475,DC-1920,item:268967,1110111.959132
476,DC-1920,item:268091,433373.285714
476,DC-1920,item:268967,1110111.959132
477,DC-1920,item:268091,441824.979595
477,DC-1920,item:268967,1110111.959132
478,DC-1920,item:268091,441824.979595
478,DC-1920,item:268967,1110111.959132
479,DC-1920,item:268091,441824.979595
479,DC-1920,item:268967,1110111.959132
480,DC-1920,item:268091,441824.979595
480,DC-1920,item:268967,1110111.959132
481,DC-1920,item:268091,441824.979595
481,DC-1920,item:268967,1110111.959132
482,DC-1920,item:268091,441824.979595
482,DC-1920,item:268967,1110111.959132
483,DC-1920,item:268091,441824.979595
483,DC-1920,item:268967,1110111.959132
484,DC-1920,item:268091,441824.979595
484,DC-1920,item:268967,1110111.959132
485,DC-1920,item:268091,441824.979595
485,DC-1920,item:268967,1110111.959132
486,DC-1920,item:268091,440005.102034
486,DC-1920,item:268967,1110111.959132
487,DC-1920,item:268091,429611.795911
487,DC-1920,item:268967,1110111.959132
488,DC-1920,item:268091,419189.673462
488,DC-1920,item:268967,1110111.959132
489,DC-1920,item:268091,409664.938775
489,DC-1920,item:268967,1110111.959132
490,DC-1920,item:268091,403769.285704
490,DC-1920,item:268967,1110111.959132
491,DC-1920,item:268091,393260.714275
491,DC-1920,item:268967,1110111.959132
492,DC-1920,item:268091,396500.530601
492,DC-1920,item:268967,1110111.959132
493,DC-1920,item:268091,398906.87754
493,DC-1920,item:268967,1110111.959132
494,DC-1920,item:268091,400479.755091
494,DC-1920,item:268967,1110111.959132
495,DC-1920,item:268091,401219.163254
495,DC-1920,item:268967,1110111.959132
496,DC-1920,item:268091,386725.102029
496,DC-1920,item:268967,1110111.959132
497,DC-1920,item:268091,371397.571417
497,DC-1920,item:268967,1110111.959132
498,DC-1920,item:268091,369636.571417
498,DC-1920,item:268967,1110111.959132
499,DC-1920,item:268091,387320.734682
499,DC-1920,item:268967,1110111.959132
500,DC-1920,item:268091,405002.061213
500,DC-1920,item:268967,1110111.959132
501,DC-1920,item:268091,408280.551009
501,DC-1920,item:268967,1110111.959132
502,DC-1920,item:268091,411556.20407
502,DC-1920,item:268967,1110111.959132
503,DC-1920,item:268091,411564.959183
503,DC-1920,item:268967,1110111.959132
504,DC-1920,item:268091,403698.999988
504,DC-1920,item:268967,1109923.816277
505,DC-1920,item:268091,400411.999988
505,DC-1920,item:268967,1102344.530563
506,DC-1920,item:268091,397611.387743
506,DC-1920,item:268967,1102344.530563
507,DC-1920,item:268091,402544.306111
507,DC-1920,item:268967,1102344.530563
508,DC-1920,item:268091,419298.326518
508,DC-1920,item:268967,1102344.530563
509,DC-1920,item:268091,406949.734681
509,DC-1920,item:268967,1102344.530563
510,DC-1920,item:268091,394488.816314
510,DC-1920,item:268967,1102344.530563
511,DC-1920,item:268091,381915.571417
511,DC-1920,item:268967,1102344.530563
512,DC-1920,item:268091,383629.999989
512,DC-1920,item:268967,1102344.530563
513,DC-1920,item:268091,390925.367337
513,DC-1920,item:268967,1102344.530563
514,DC-1920,item:268091,398487.959175
514,DC-1920,item:268967,1102344.530563
515,DC-1920,item:268091,406317.775502
515,DC-1920,item:268967,1102344.530563
516,DC-1920,item:268091,414414.81632
516,DC-1920,item:268967,1102344.530563
517,DC-1920,item:268091,408379.081627
517,DC-1920,item:268967,1102344.530563
518,DC-1920,item:268091,421590.346926
518,DC-1920,item:268967,1102344.530563
519,DC-1920,item:268091,416089.061213
519,DC-1920,item:268967,1102344.530563
520,DC-1920,item:268091,423871.081647
520,DC-1920,item:268967,1095605.795867
521,DC-1920,item:268091,419852.81634
521,DC-1920,item:268967,1071136.183622
522,DC-1920,item:268091,425626.91836
522,DC-1920,item:268967,1046274.836684
523,DC-1920,item:268091,422719.734672
523,DC-1920,item:268967,1026949.959184
524,DC-1920,item:268091,413472.142835
524,DC-1920,item:268967,1001305.142858
525,DC-1920,item:268091,412284.142849
525,DC-1920,item:268967,1024599.551021
526,DC-1920,item:268091,403689.57142
526,DC-1920,item:268967,998218.959212
527,DC-1920,item:268091,389716.673461
527,DC-1920,item:268967,1052679.714315
528,DC-1920,item:268091,389583.306115
528,DC-1920,item:268967,1141423.326531
529,DC-1920,item:268091,388889.469381
529,DC-1920,item:268967,1131431.040817
530,DC-1920,item:268091,402035.163259
530,DC-1920,item:268967,1090599.326531
531,DC-1920,item:268091,385820.387749
531,DC-1920,item:268967,1087911.285715
532,DC-1920,item:268091,381893.673471
532,DC-1920,item:268967,1025329.142858
533,DC-1920,item:268091,364557.959186
533,DC-1920,item:268967,959755.000001
534,DC-1920,item:268091,385684.102036
534,DC-1920,item:268967,973377.714286
535,DC-1920,item:268091,390497.020403
535,DC-1920,item:268967,1130509.00003
536,DC-1920,item:268091,377030.755098
536,DC-1920,item:268967,1130509.00003
537,DC-1920,item:268091,374039.020405
537,DC-1920,item:268967,1130509.00003
538,DC-1920,item:268091,385085.53061
538,DC-1920,item:268967,1130509.00003
539,DC-1920,item:268091,366970.285713
539,DC-1920,item:268967,1130509.00003
540,DC-1920,item:268091,362893.285714
540,DC-1920,item:268967,1130509.00003
541,DC-1920,item:268091,373628.408162
541,DC-1920,item:268967,1130509.00003
542,DC-1920,item:268091,385013.367344
542,DC-1920,item:268967,1130509.00003
543,DC-1920,item:268091,397048.16326
543,DC-1920,item:268967,1130509.00003
544,DC-1920,item:268091,424132.795912
544,DC-1920,item:268967,1130509.00003
545,DC-1920,item:268091,423067.265298
545,DC-1920,item:268967,1130509.00003
546,DC-1920,item:268091,421869.408158
546,DC-1920,item:268967,1130509.00003
547,DC-1920,item:268091,422289.755102
547,DC-1920,item:268967,1130509.00003
548,DC-1920,item:268091,417628.775514
548,DC-1920,item:268967,1130509.00003
549,DC-1920,item:268091,410472.367336
549,DC-1920,item:268967,1130509.00003
550,DC-1920,item:268091,404709.938759
550,DC-1920,item:268967,1130509.00003
551,DC-1920,item:268091,400484.367334
551,DC-1920,item:268967,1130509.00003
552,DC-1920,item:268091,387087.551007
552,DC-1920,item:268967,1130509.00003
553,DC-1920,item:268091,387852.142844
553,DC-1920,item:268967,1130509.00003
554,DC-1920,item:268091,402778.142844
554,DC-1920,item:268967,1130509.00003
555,DC-1920,item:268091,413781.061212
555,DC-1920,item:268967,1130509.00003
556,DC-1920,item:268091,424745.612247
556,DC-1920,item:268967,1130509.00003
557,DC-1920,item:268091,416083.938768
557,DC-1920,item:268967,1130509.00003
558,DC-1920,item:268091,406970.836727
558,DC-1920,item:268967,1130509.00003
559,DC-1920,item:268091,400740.673473
559,DC-1920,item:268967,1130509.00003
560,DC-1920,item:268091,395958.71428
560,DC-1920,item:268967,1130509.00003
561,DC-1920,item:268091,385401.857138
561,DC-1920,item:268967,1130509.00003
562,DC-1920,item:268091,405559.428566
562,DC-1920,item:268967,1130509.00003
563,DC-1920,item:268091,424762.142851
563,DC-1920,item:268967,1130509.00003
564,DC-1920,item:268091,414209.999994
564,DC-1920,item:268967,1130509.00003
565,DC-1920,item:268091,397956.142853
565,DC-1920,item:268967,1130509.00003
566,DC-1920,item:268091,381234.714277
566,DC-1920,item:268967,1130509.00003
567,DC-1920,item:268091,369334.285705
567,DC-1920,item:268967,1130509.00003
568,DC-1920,item:268091,342078.999991
568,DC-1920,item:268967,1130509.00003
569,DC-1920,item:268091,347252.673465
569,DC-1920,item:268967,1130509.00003
570,DC-1920,item:268091,361652.673465
570,DC-1920,item:268967,1125608.326567
571,DC-1920,item:268091,376052.673465
571,DC-1920,item:268967,1119397.367382
572,DC-1920,item:268091,404852.673465
572,DC-1920,item:268967,1113448.61228
573,DC-1920,item:268091,419252.673465
573,DC-1920,item:268967,1107762.061259
574,DC-1920,item:268091,433652.673465
574,DC-1920,item:268967,1102337.714319
575,DC-1920,item:268091,444938.0
575,DC-1920,item:268967,1097175.571461
576,DC-1920,item:268091,444938.0
576,DC-1920,item:268967,1097175.571461
577,DC-1920,item:268091,444938.0
577,DC-1920,item:268967,1097175.571461
578,DC-1920,item:268091,444938.0
578,DC-1920,item:268967,1101534.0
579,DC-1920,item:268091,444938.0
579,DC-1920,item:268967,1105892.428539
580,DC-1920,item:268091,444938.0
580,DC-1920,item:268967,1105892.428539
581,DC-1920,item:268091,444938.0
581,DC-1920,item:268967,1105892.428539
582,DC-1920,item:268091,444938.0
582,DC-1920,item:268967,1105892.428539
583,DC-1920,item:268091,444938.0
583,DC-1920,item:268967,1105892.428539
584,DC-1920,item:268091,444938.0
584,DC-1920,item:268967,1105892.428539
585,DC-1920,item:268091,444938.0
585,DC-1920,item:268967,1105892.428539
586,DC-1920,item:268091,442111.612238
586,DC-1920,item:268967,1105892.428539
587,DC-1920,item:268091,435977.612238
587,DC-1920,item:268967,1105892.428539
588,DC-1920,item:268091,429679.04081
588,DC-1920,item:268967,1105892.428539
589,DC-1920,item:268091,423215.897953
589,DC-1920,item:268967,1105892.428539
590,DC-1920,item:268091,411911.714279
590,DC-1920,item:268967,1105892.428539
591,DC-1920,item:268091,401439.163265
591,DC-1920,item:268967,1105892.428539
592,DC-1920,item:268091,392336.040806
592,DC-1920,item:268967,1105892.428539
593,DC-1920,item:268091,395349.87754
593,DC-1920,item:268967,1105892.428539
594,DC-1920,item:268091,383936.387744
594,DC-1920,item:268967,1100621.448949
595,DC-1920,item:268091,386895.571418
595,DC-1920,item:268967,1087345.285684
596,DC-1920,item:268091,404227.428561
596,DC-1920,item:268967,1073706.714256
597,DC-1920,item:268091,408251.183663
597,DC-1920,item:268967,1072964.510205
598,DC-1920,item:268091,411422.693867
598,DC-1920,item:268967,1084397.571459
599,DC-1920,item:268091,401831.387734
599,DC-1920,item:268967,1106637.326562
600,DC-1920,item:268091,400808.979581
600,DC-1920,item:268967,1097806.510203
601,DC-1920,item:268091,387023.755091
601,DC-1920,item:268967,1073494.020406
602,DC-1920,item:268091,396634.857131
602,DC-1920,item:268967,1048080.632649
603,DC-1920,item:268091,387826.571416
603,DC-1920,item:268967,1025293.83673
604,DC-1920,item:268091,394705.836722
604,DC-1920,item:268967,1053333.816324
605,DC-1920,item:268091,401835.510192
605,DC-1920,item:268967,1112452.897992
606,DC-1920,item:268091,409215.591825
606,DC-1920,item:268967,1112452.897992
607,DC-1920,item:268091,416846.081621
607,DC-1920,item:268967,1112452.897992
608,DC-1920,item:268091,424629.469388
608,DC-1920,item:268967,1112452.897992
609,DC-1920,item:268091,418360.775511
609,DC-1920,item:268967,1112452.897992
610,DC-1920,item:268091,412342.489797
610,DC-1920,item:268967,1112452.897992
611,DC-1920,item:268091,409656.714287
611,DC-1920,item:268967,1112452.897992
612,DC-1920,item:268091,413508.877539
612,DC-1920,item:268967,1112452.897992
613,DC-1920,item:268091,412123.99999
613,DC-1920,item:268967,1112452.897992
614,DC-1920,item:268091,404347.653053
614,DC-1920,item:268967,1112452.897992
615,DC-1920,item:268091,400382.612226
615,DC-1920,item:268967,1112452.897992
616,DC-1920,item:268091,390617.204063
616,DC-1920,item:268967,1112452.897992
617,DC-1920,item:268091,395313.775492
617,DC-1920,item:268967,1112452.897992
618,DC-1920,item:268091,404900.69387
618,DC-1920,item:268967,1112452.897992
619,DC-1920,item:268091,418086.938776
619,DC-1920,item:268967,1112452.897992
620,DC-1920,item:268091,404437.020409
620,DC-1920,item:268967,1112452.897992
621,DC-1920,item:268091,390637.510205
621,DC-1920,item:268967,1112452.897992
622,DC-1920,item:268091,378801.836728
622,DC-1920,item:268967,1112452.897992
623,DC-1920,item:268091,364703.142851
623,DC-1920,item:268967,1112452.897992
624,DC-1920,item:268091,379254.857137
624,DC-1920,item:268967,1112452.897992
625,DC-1920,item:268091,385423.59183
625,DC-1920,item:268967,1112452.897992
626,DC-1920,item:268091,391154.632646
626,DC-1920,item:268967,1112452.897992
627,DC-1920,item:268091,392480.693873
627,DC-1920,item:268967,1112452.897992
628,DC-1920,item:268091,388864.918362
628,DC-1920,item:268967,1106887.08167
629,DC-1920,item:268091,370411.448974
629,DC-1920,item:268967,1096123.959222
630,DC-1920,item:268091,365920.285709
630,DC-1920,item:268967,1084979.612285
631,DC-1920,item:268091,360991.428566
631,DC-1920,item:268967,1073454.040858
632,DC-1920,item:268091,402577.938769
632,DC-1920,item:268967,1078864.081636
633,DC-1920,item:268091,401736.959176
633,DC-1920,item:268967,1095418.469351
634,DC-1920,item:268091,416068.489787
634,DC-1920,item:268967,1095418.469351
635,DC-1920,item:268091,430468.489787
635,DC-1920,item:268967,1118088.387715
636,DC-1920,item:268091,444938.0
636,DC-1920,item:268967,1130319.449014
637,DC-1920,item:268091,444938.0
637,DC-1920,item:268967,1130319.449014
638,DC-1920,item:268091,442300.224486
638,DC-1920,item:268967,1130319.449014
639,DC-1920,item:268091,431799.755098
639,DC-1920,item:268967,1130319.449014
640,DC-1920,item:268091,421093.387751
640,DC-1920,item:268967,1130319.449014
641,DC-1920,item:268091,410181.122444
641,DC-1920,item:268967,1130319.449014
642,DC-1920,item:268091,399062.959179
642,DC-1920,item:268967,1126027.46942
643,DC-1920,item:268091,397183.510203
643,DC-1920,item:268967,1120117.979624
644,DC-1920,item:268091,390539.428557
644,DC-1920,item:268967,1113941.306155
645,DC-1920,item:268091,393203.571414
645,DC-1920,item:268967,1107497.449012
646,DC-1920,item:268091,396007.897945
646,DC-1920,item:268967,1101292.857175
647,DC-1920,item:268091,384260.836721
647,DC-1920,item:268967,1095006.102073
648,DC-1920,item:268091,386762.387741
648,DC-1920,item:268967,1088637.183706
649,DC-1920,item:268091,389112.551007
649,DC-1920,item:268967,1082427.244898
650,DC-1920,item:268091,420111.326517
650,DC-1920,item:268967,1078387.265344
651,DC-1920,item:268091,407758.714272
651,DC-1920,item:268967,1084427.530649
652,DC-1920,item:268091,395254.714272
652,DC-1920,item:268967,1094343.448978
653,DC-1920,item:268091,398152.142857
653,DC-1920,item:268967,1101280.795881
654,DC-1920,item:268091,406421.979575
654,DC-1920,item:268967,1097012.836698
655,DC-1920,item:268091,393335.244883
655,DC-1920,item:268967,1092081.244896
656,DC-1920,item:268091,380084.265292
656,DC-1920,item:268967,1083524.897959
657,DC-1920,item:268091,367056.510178
657,DC-1920,item:268967,1079015.244899
658,DC-1920,item:268091,367877.040792
658,DC-1920,item:268967,1079469.122454
659,DC-1920,item:268091,368533.326508
659,DC-1920,item:268967,1083990.122457
660,DC-1920,item:268091,379842.89795
660,DC-1920,item:268967,1095855.83674
661,DC-1920,item:268091,377722.693868
661,DC-1920,item:268967,1099461.571429
662,DC-1920,item:268091,404985.244888
662,DC-1920,item:268967,1096483.57143
663,DC-1920,item:268091,432830.55101
663,DC-1920,item:268967,1099620.734689
664,DC-1920,item:268091,441125.755092
664,DC-1920,item:268967,1095634.448975
665,DC-1920,item:268091,434478.99999
665,DC-1920,item:268967,1089903.877546
666,DC-1920,item:268091,428414.99999
666,DC-1920,item:268967,1084501.448975
667,DC-1920,item:268091,421881.102031
667,DC-1920,item:268967,1086007.428572
668,DC-1920,item:268091,417073.306123
668,DC-1920,item:268967,1085852.285761
669,DC-1920,item:268091,408839.897959
669,DC-1920,item:268967,1080351.857189
670,DC-1920,item:268091,400864.632654
670,DC-1920,item:268967,1070482.857191
671,DC-1920,item:268091,391701.673461
671,DC-1920,item:268967,1056142.285763
672,DC-1920,item:268091,390798.714278
672,DC-1920,item:268967,1041248.285763
673,DC-1920,item:268091,389498.857136
673,DC-1920,item:268967,1025800.857192
674,DC-1920,item:268091,402340.469381
674,DC-1920,item:268967,1025800.857192
675,DC-1920,item:268091,415754.408156
675,DC-1920,item:268967,1025800.857192
676,DC-1920,item:268091,419018.244888
676,DC-1920,item:268967,1025800.857192
677,DC-1920,item:268091,420052.224487
677,DC-1920,item:268967,1025800.857192
678,DC-1920,item:268091,408244.591841
678,DC-1920,item:268967,1025800.857192
679,DC-1920,item:268091,396625.693882
679,DC-1920,item:268967,1025800.857192
680,DC-1920,item:268091,385797.999989
680,DC-1920,item:268967,1025800.857192
681,DC-1920,item:268091,382720.306111
681,DC-1920,item:268967,1025472.877597
682,DC-1920,item:268091,378368.918356
682,DC-1920,item:268967,1018247.061271
683,DC-1920,item:268091,372743.836724
683,DC-1920,item:268967,1010840.551068
684,DC-1920,item:268091,351445.061213
684,DC-1920,item:268967,1003253.346986
685,DC-1920,item:268091,357672.591825
685,DC-1920,item:268967,995485.449027
686,DC-1920,item:268091,348226.42856
686,DC-1920,item:268967,987536.857191
687,DC-1920,item:268091,351906.571417
687,DC-1920,item:268967,979407.571477
688,DC-1920,item:268091,341903.97958
688,DC-1920,item:268967,974798.510252
689,DC-1920,item:268091,353560.938763
689,DC-1920,item:268967,969938.102089
690,DC-1920,item:268091,364512.448968
690,DC-1920,item:268967,964343.918416
691,DC-1920,item:268091,404099.510192
691,DC-1920,item:268967,954714.673519
692,DC-1920,item:268091,385922.122437
692,DC-1920,item:268967,944834.081683
693,DC-1920,item:268091,376005.836735
693,DC-1920,item:268967,934702.142909
694,DC-1920,item:268091,377873.999989
694,DC-1920,item:268967,924318.857196
695,DC-1920,item:268091,375311.122438
695,DC-1920,item:268967,922825.959236
696,DC-1920,item:268091,416857.653051
696,DC-1920,item:268967,921691.163316
697,DC-1920,item:268091,444913.591827
697,DC-1920,item:268967,920914.469437
698,DC-1920,item:268091,456940.469388
698,DC-1920,item:268967,920495.877599
699,DC-1920,item:268091,456940.469388
699,DC-1920,item:268967,920435.387802
700,DC-1920,item:268091,456940.469388
700,DC-1920,item:268967,920435.387802
701,DC-1920,item:268091,456551.306122
701,DC-1920,item:268967,918262.714333
702,DC-1920,item:268091,436426.510203
702,DC-1920,item:268967,910901.489844
703,DC-1920,item:268091,416168.918366
703,DC-1920,item:268967,903476.469436
704,DC-1920,item:268091,395778.530611
704,DC-1920,item:268967,895987.65311
705,DC-1920,item:268091,389624.428571
705,DC-1920,item:268967,888435.040866
706,DC-1920,item:268091,371372.489784
706,DC-1920,item:268967,880818.632704
707,DC-1920,item:268091,364983.714273
707,DC-1920,item:268967,873138.428623
708,DC-1920,item:268091,344062.142844
708,DC-1920,item:268967,865394.428624
709,DC-1920,item:268091,340278.102028
709,DC-1920,item:268967,862643.836788
710,DC-1920,item:268091,335176.30611
710,DC-1920,item:268967,859537.081686
711,DC-1920,item:268091,328756.75509
711,DC-1920,item:268967,851337.734747
712,DC-1920,item:268091,306619.448968
712,DC-1920,item:268967,840122.510258
713,DC-1920,item:268091,311964.387744
713,DC-1920,item:268967,828551.122504
714,DC-1920,item:268091,306461.571416
714,DC-1920,item:268967,816623.571484
715,DC-1920,item:268091,296820.999988
715,DC-1920,item:268967,804339.857199
716,DC-1920,item:268091,312326.959172
716,DC-1920,item:268967,804339.857199
717,DC-1920,item:268091,328279.448969
717,DC-1920,item:268967,804339.857199
718,DC-1920,item:268091,373478.469378
718,DC-1920,item:268967,804339.857199
719,DC-1920,item:268091,361524.020399
719,DC-1920,item:268967,804339.857199
720,DC-1920,item:268091,378816.102032
720,DC-1920,item:268967,804339.857199
721,DC-1920,item:268091,396554.714278
721,DC-1920,item:268967,804339.857199
722,DC-1920,item:268091,414739.857136
722,DC-1920,item:268967,804339.857199
723,DC-1920,item:268091,437661.755104
723,DC-1920,item:268967,804339.857199
724,DC-1920,item:268091,442845.040826
724,DC-1920,item:268967,804339.857199
725,DC-1920,item:268091,442845.040826
725,DC-1920,item:268967,804339.857199
726,DC-1920,item:268091,442845.040826
726,DC-1920,item:268967,804339.857199
727,DC-1920,item:268091,442845.040826
727,DC-1920,item:268967,804339.857199
728,DC-1920,item:268091,442845.040826
728,DC-1920,item:268967,804339.857199
729,DC-1920,item:268091,442845.040826
729,DC-1920,item:268967,804339.857199
730,DC-1920,item:268091,442845.040826
730,DC-1920,item:268967,795862.142908
731,DC-1920,item:268091,442845.040826
731,DC-1920,item:268967,791164.591887
732,DC-1920,item:268091,442845.040826
732,DC-1920,item:268967,785939.346989
733,DC-1920,item:268091,442845.040826
733,DC-1920,item:268967,780186.408214
734,DC-1920,item:268091,442845.040826
734,DC-1920,item:268967,773905.77556
735,DC-1920,item:268091,442845.040826
735,DC-1920,item:268967,764050.8776
736,DC-1920,item:268091,442845.040826
736,DC-1920,item:268967,750934.142906
737,DC-1920,item:268091,442845.040826
737,DC-1920,item:268967,737289.714334
738,DC-1920,item:268091,442845.040826
738,DC-1920,item:268967,735504.836783
739,DC-1920,item:268091,442845.040826
739,DC-1920,item:268967,734018.081681
740,DC-1920,item:268091,442845.040826
740,DC-1920,item:268967,732829.449028
741,DC-1920,item:268091,442845.040826
741,DC-1920,item:268967,731938.938824
742,DC-1920,item:268091,442845.040826
742,DC-1920,item:268967,731346.551069
743,DC-1920,item:268091,430563.612246
743,DC-1920,item:268967,731052.285763
744,DC-1920,item:268091,416628.755103
744,DC-1920,item:268967,731052.285763
745,DC-1920,item:268091,405678.204083
745,DC-1920,item:268967,727446.183722
746,DC-1920,item:268091,394112.530614
746,DC-1920,item:268967,723152.551068
747,DC-1920,item:268091,382626.551006
747,DC-1920,item:268967,718342.244945
748,DC-1920,item:268091,384230.632639
748,DC-1920,item:268967,713569.265354
749,DC-1920,item:268091,385219.591823
749,DC-1920,item:268967,708833.612293
750,DC-1920,item:268091,381881.571411
750,DC-1920,item:268967,704135.285762
751,DC-1920,item:268091,361598.142839
751,DC-1920,item:268967,699474.285762
752,DC-1920,item:268091,381589.897942
752,DC-1920,item:268967,695494.612293
753,DC-1920,item:268091,387372.551005
753,DC-1920,item:268967,691370.122497
754,DC-1920,item:268091,393346.102027
754,DC-1920,item:268967,687100.816374
755,DC-1920,item:268091,399510.551008
755,DC-1920,item:268967,681378.122497
756,DC-1920,item:268091,405865.897948
756,DC-1920,item:268967,674718.040866
757,DC-1920,item:268091,412412.142848
757,DC-1920,item:268967,667913.142908
758,DC-1920,item:268091,429421.387759
758,DC-1920,item:268967,660963.428624
759,DC-1920,item:268091,420994.938778
759,DC-1920,item:268967,658371.346991
760,DC-1920,item:268091,412695.755103
760,DC-1920,item:268967,655337.183723
761,DC-1920,item:268091,405640.448975
761,DC-1920,item:268967,648951.081682
762,DC-1920,item:268091,400607.081619
762,DC-1920,item:268967,642720.32658
763,DC-1920,item:268091,407089.693862
763,DC-1920,item:268967,636644.918417
764,DC-1920,item:268091,413699.571411
764,DC-1920,item:268967,630724.857192
765,DC-1920,item:268091,420436.714266
765,DC-1920,item:268967,624960.142906
766,DC-1920,item:268091,425149.63265
766,DC-1920,item:268967,620049.244947
767,DC-1920,item:268091,421151.285733
767,DC-1920,item:268967,614707.306171
768,DC-1920,item:268091,408984.102064
768,DC-1920,item:268967,608934.326579
769,DC-1920,item:268091,406298.571392
769,DC-1920,item:268967,602293.020457
770,DC-1920,item:268091,393759.632617
770,DC-1920,item:268967,590268.387805
771,DC-1920,item:268091,387627.571416
771,DC-1920,item:268967,577812.714336
772,DC-1920,item:268091,390169.857131
772,DC-1920,item:268967,564926.000051
773,DC-1920,item:268091,375550.469376
773,DC-1920,item:268967,563157.326581
774,DC-1920,item:268091,388705.122438
774,DC-1920,item:268967,561727.55107
775,DC-1920,item:268091,386433.816316
775,DC-1920,item:268967,560636.673519
776,DC-1920,item:268091,383136.55101
776,DC-1920,item:268967,558686.122496
777,DC-1920,item:268091,378813.32652
777,DC-1920,item:268967,553821.898006
778,DC-1920,item:268091,359064.142847
778,DC-1920,item:268967,549296.571475
779,DC-1920,item:268091,362548.999987
779,DC-1920,item:268967,545110.142903
780,DC-1920,item:268091,364096.795906
780,DC-1920,item:268967,540787.163311
781,DC-1920,item:268091,380137.244887
781,DC-1920,item:268967,536167.204127
782,DC-1920,item:268091,367470.346929
782,DC-1920,item:268967,531250.265352
783,DC-1920,item:268091,369296.102032
783,DC-1920,item:268967,522142.061269
784,DC-1920,item:268091,371214.510196
784,DC-1920,item:268967,512019.591881
785,DC-1920,item:268091,373225.571422
785,DC-1920,item:268967,501600.142901
786,DC-1920,item:268091,360929.285709
786,DC-1920,item:268967,490883.714329
787,DC-1920,item:268091,366594.632647
787,DC-1920,item:268967,489752.244942
788,DC-1920,item:268091,372583.897953
788,DC-1920,item:268967,488982.591881
789,DC-1920,item:268091,393297.081626
789,DC-1920,item:268967,488574.755146
790,DC-1920,item:268091,399934.183666
790,DC-1920,item:268967,487507.449025
791,DC-1920,item:268091,406895.204073
791,DC-1920,item:268967,483135.673515
792,DC-1920,item:268091,414180.142848
792,DC-1920,item:268967,479125.714331
793,DC-1920,item:268091,421788.99999
793,DC-1920,item:268967,475477.571474
794,DC-1920,item:268091,423496.20408
794,DC-1920,item:268967,470493.306168
795,DC-1920,item:268091,418171.163273
795,DC-1920,item:268967,465201.204128
796,DC-1920,item:268091,411140.959192
796,DC-1920,item:268967,459601.265353
797,DC-1920,item:268091,404750.510195
797,DC-1920,item:268967,453693.489843
798,DC-1920,item:268091,394427.12244
798,DC-1920,item:268967,444265.449024
799,DC-1920,item:268091,384356.428562
799,DC-1920,item:268967,434082.71433
800,DC-1920,item:268091,403338.428562
800,DC-1920,item:268967,423592.142901
801,DC-1920,item:268091,390745.612235
801,DC-1920,item:268967,420635.061269
802,DC-1920,item:268091,392262.836725
802,DC-1920,item:268967,417892.898005
803,DC-1920,item:268091,393490.102031
803,DC-1920,item:268967,415365.653109
804,DC-1920,item:268091,408827.408153
804,DC-1920,item:268967,413053.326579
805,DC-1920,item:268091,395074.755091
805,DC-1920,item:268967,410955.918417
806,DC-1920,item:268091,381032.142846
806,DC-1920,item:268967,409073.428623
807,DC-1920,item:268091,366699.571417
807,DC-1920,item:268967,407405.857196
808,DC-1920,item:268091,372100.571417
808,DC-1920,item:268967,403101.979644
809,DC-1920,item:268091,388566.999988
809,DC-1920,item:268967,398822.938826
810,DC-1920,item:268091,376241.285702
810,DC-1920,item:268967,394263.449026
811,DC-1920,item:268091,362813.285702
811,DC-1920,item:268967,389526.653108
812,DC-1920,item:268091,349282.999988
812,DC-1920,item:268967,384814.693924
813,DC-1920,item:268091,335650.428559
813,DC-1920,item:268967,380127.571474
814,DC-1920,item:268091,321915.571416
814,DC-1920,item:268967,375465.285759
815,DC-1920,item:268091,316911.591824
815,DC-1920,item:268967,369930.204127
816,DC-1920,item:268091,312394.204068
816,DC-1920,item:268967,364347.469434
817,DC-1920,item:268091,308363.408149
817,DC-1920,item:268967,358717.081679
818,DC-1920,item:268091,304819.204067
818,DC-1920,item:268967,353039.040864
819,DC-1920,item:268091,301761.591822
819,DC-1920,item:268967,347313.346987
820,DC-1920,item:268091,299190.571413
820,DC-1920,item:268967,341540.000049
821,DC-1920,item:268091,297106.142841
821,DC-1920,item:268967,335719.00005
822,DC-1920,item:268091,292807.387739
822,DC-1920,item:268967,334046.244947
823,DC-1920,item:268091,286983.448966
823,DC-1920,item:268967,327721.449029
824,DC-1920,item:268091,274871.897946
824,DC-1920,item:268967,321303.612295
825,DC-1920,item:268091,263066.877538
825,DC-1920,item:268967,314792.734745
826,DC-1920,item:268091,251568.387742
826,DC-1920,item:268967,308188.816379
827,DC-1920,item:268091,240376.428559
827,DC-1920,item:268967,301491.857196
828,DC-1920,item:268091,229490.999988
828,DC-1920,item:268967,294701.857197
829,DC-1920,item:268091,219760.408152
829,DC-1920,item:268967,294701.857197
830,DC-1920,item:268091,209132.65305
830,DC-1920,item:268967,294701.857197
831,DC-1920,item:268091,197607.734683
831,DC-1920,item:268967,294701.857197
832,DC-1920,item:268091,185185.653051
832,DC-1920,item:268967,294701.857197
833,DC-1920,item:268091,163438.122438
833,DC-1920,item:268967,294701.857197
834,DC-1920,item:268091,138743.857132
834,DC-1920,item:268967,294701.857197
835,DC-1920,item:268091,113152.428561
835,DC-1920,item:268967,294701.857197
836,DC-1920,item:268091,109116.387745
836,DC-1920,item:268967,294701.857197
837,DC-1920,item:268091,105680.020399
837,DC-1920,item:268967,294701.857197
838,DC-1920,item:268091,102843.326523
838,DC-1920,item:268967,294701.857197
839,DC-1920,item:268091,100606.306115
839,DC-1920,item:268967,294701.857197
840,DC-1920,item:268091,98968.959177
840,DC-1920,item:268967,294701.857197
841,DC-1920,item:268091,97931.285709
841,DC-1920,item:268967,294701.857197
842,DC-1920,item:268091,97493.28571
842,DC-1920,item:268967,294701.857197
843,DC-1920,item:268091,97493.28571
843,DC-1920,item:268967,294701.857197
844,DC-1920,item:268091,97493.28571
844,DC-1920,item:268967,294701.857197
845,DC-1920,item:268091,97493.28571
845,DC-1920,item:268967,294701.857197
846,DC-1920,item:268091,97493.28571
846,DC-1920,item:268967,294701.857197
847,DC-1920,item:268091,97493.28571
847,DC-1920,item:268967,294701.857197
848,DC-1920,item:268091,97493.28571
848,DC-1920,item:268967,294701.857197
849,DC-1920,item:268091,97493.28571
849,DC-1920,item:268967,294701.857197
850,DC-1920,item:268091,97493.28571
850,DC-1920,item:268967,294701.857197
851,DC-1920,item:268091,95673.408149
851,DC-1920,item:268967,294701.857197
852,DC-1920,item:268091,85280.102027
852,DC-1920,item:268967,294701.857197
853,DC-1920,item:268091,74857.979577
853,DC-1920,item:268967,294701.857197
854,DC-1920,item:268091,64407.040801
854,DC-1920,item:268967,294701.857197
855,DC-1920,item:268091,53927.285699
855,DC-1920,item:268967,294701.857197
856,DC-1920,item:268091,43418.71427
856,DC-1920,item:268967,294701.857197
857,DC-1920,item:268091,32258.530596
857,DC-1920,item:268967,294701.857197
858,DC-1920,item:268091,20264.877535
858,DC-1920,item:268967,294701.857197
859,DC-1920,item:268091,7437.755086
859,DC-1920,item:268967,294701.857197
860,DC-1920,item:268091,0.0
860,DC-1920,item:268967,294701.857197
861,DC-1920,item:268091,0.0
861,DC-1920,item:268967,294701.857197
862,DC-1920,item:268091,0.0
862,DC-1920,item:268967,294701.857197
863,DC-1920,item:268091,0.0
863,DC-1920,item:268967,294701.857197
864,DC-1920,item:268091,0.0
864,DC-1920,item:268967,294701.857197
865,DC-1920,item:268091,0.0
865,DC-1920,item:268967,294701.857197
866,DC-1920,item:268091,0.0
866,DC-1920,item:268967,294701.857197
867,DC-1920,item:268091,0.0
867,DC-1920,item:268967,294701.857197
868,DC-1920,item:268091,0.0
868,DC-1920,item:268967,294701.857197
869,DC-1920,item:268091,0.0
869,DC-1920,item:268967,294513.714342
870,DC-1920,item:268091,0.0
870,DC-1920,item:268967,286934.428628
871,DC-1920,item:268091,0.0
871,DC-1920,item:268967,286934.428628
872,DC-1920,item:268091,0.0
872,DC-1920,item:268967,286934.428628
873,DC-1920,item:268091,0.0
873,DC-1920,item:268967,286934.428628
874,DC-1920,item:268091,0.0
874,DC-1920,item:268967,286934.428628
875,DC-1920,item:268091,0.0
875,DC-1920,item:268967,286934.428628
876,DC-1920,item:268091,0.0
876,DC-1920,item:268967,286934.428628
877,DC-1920,item:268091,0.0
877,DC-1920,item:268967,286934.428628
878,DC-1920,item:268091,0.0
878,DC-1920,item:268967,286934.428628
879,DC-1920,item:268091,0.0
879,DC-1920,item:268967,286934.428628
880,DC-1920,item:268091,0.0
880,DC-1920,item:268967,286934.428628
881,DC-1920,item:268091,0.0
881,DC-1920,item:268967,286934.428628
882,DC-1920,item:268091,0.0
882,DC-1920,item:268967,286934.428628
883,DC-1920,item:268091,0.0
883,DC-1920,item:268967,286934.428628
884,DC-1920,item:268091,0.0
884,DC-1920,item:268967,286934.428628
885,DC-1920,item:268091,0.0
885,DC-1920,item:268967,280195.693932
886,DC-1920,item:268091,0.0
886,DC-1920,item:268967,255726.081687
887,DC-1920,item:268091,0.0
887,DC-1920,item:268967,230864.734749
888,DC-1920,item:268091,0.0
888,DC-1920,item:268967,205611.653116
889,DC-1920,item:268091,0.0
889,DC-1920,item:268967,179966.83679
890,DC-1920,item:268091,0.0
890,DC-1920,item:268967,153930.28577
891,DC-1920,item:268091,0.0
891,DC-1920,item:268967,127502.000056
892,DC-1920,item:268091,0.0
892,DC-1920,item:268967,123493.714342
893,DC-1920,item:268091,0.0
893,DC-1920,item:268967,116493.428628
894,DC-1920,item:268091,0.0
894,DC-1920,item:268967,106501.142914
895,DC-1920,item:268091,0.0
895,DC-1920,item:268967,65669.428628
896,DC-1920,item:268091,0.0
896,DC-1920,item:268967,6079.285771
897,DC-1920,item:268091,0.0
897,DC-1920,item:268967,0.0
898,DC-1920,item:268091,0.0
898,DC-1920,item:268967,0.0
899,DC-1920,item:268091,0.0
899,DC-1920,item:268967,0.0
900,DC-1920,item:268091,0.0
900,DC-1920,item:268967,0.0
901,DC-1920,item:268091,0.0
901,DC-1920,item:268967,0.0
902,DC-1920,item:268091,0.0
902,DC-1920,item:268967,0.0
903,DC-1920,item:268091,0.0
903,DC-1920,item:268967,0.0
904,DC-1920,item:268091,0.0
904,DC-1920,item:268967,0.0
905,DC-1920,item:268091,0.0
905,DC-1920,item:268967,0.0
906,DC-1920,item:268091,0.0
906,DC-1920,item:268967,0.0
907,DC-1920,item:268091,0.0
907,DC-1920,item:268967,0.0
908,DC-1920,item:268091,0.0
908,DC-1920,item:268967,0.0
909,DC-1920,item:268091,0.0
909,DC-1920,item:268967,0.0
910,DC-1920,item:268091,0.0
910,DC-1920,item:268967,0.0
911,DC-1920,item:268091,0.0
911,DC-1920,item:268967,0.0
912,DC-1920,item:268091,0.0
912,DC-1920,item:268967,0.0
913,DC-1920,item:268091,0.0
913,DC-1920,item:268967,0.0
914,DC-1920,item:268091,0.0
914,DC-1920,item:268967,0.0
915,DC-1920,item:268091,0.0
915,DC-1920,item:268967,0.0
916,DC-1920,item:268091,0.0
916,DC-1920,item:268967,0.0
917,DC-1920,item:268091,0.0
917,DC-1920,item:268967,0.0
918,DC-1920,item:268091,0.0
918,DC-1920,item:268967,0.0
919,DC-1920,item:268091,0.0
919,DC-1920,item:268967,0.0
920,DC-1920,item:268091,0.0
920,DC-1920,item:268967,0.0
921,DC-1920,item:268091,0.0
921,DC-1920,item:268967,0.0
922,DC-1920,item:268091,0.0
922,DC-1920,item:268967,0.0
923,DC-1920,item:268091,0.0
923,DC-1920,item:268967,0.0
924,DC-1920,item:268091,0.0
924,DC-1920,item:268967,0.0
925,DC-1920,item:268091,0.0
925,DC-1920,item:268967,0.0
926,DC-1920,item:268091,0.0
926,DC-1920,item:268967,0.0
927,DC-1920,item:268091,0.0
927,DC-1920,item:268967,0.0
928,DC-1920,item:268091,0.0
928,DC-1920,item:268967,0.0
929,DC-1920,item:268091,0.0
929,DC-1920,item:268967,0.0
930,DC-1920,item:268091,0.0
930,DC-1920,item:268967,0.0
931,DC-1920,item:268091,0.0
931,DC-1920,item:268967,0.0
932,DC-1920,item:268091,0.0
932,DC-1920,item:268967,0.0
933,DC-1920,item:268091,0.0
933,DC-1920,item:268967,0.0
934,DC-1920,item:268091,0.0
934,DC-1920,item:268967,0.0
935,DC-1920,item:268091,0.0
935,DC-1920,item:268967,0.0
936,DC-1920,item:268091,0.0
936,DC-1920,item:268967,0.0
937,DC-1920,item:268091,0.0
937,DC-1920,item:268967,0.0
938,DC-1920,item:268091,0.0
938,DC-1920,item:268967,0.0
939,DC-1920,item:268091,0.0
939,DC-1920,item:268967,0.0
940,DC-1920,item:268091,0.0
940,DC-1920,item:268967,0.0
941,DC-1920,item:268091,0.0
941,DC-1920,item:268967,0.0
942,DC-1920,item:268091,0.0
942,DC-1920,item:268967,0.0
943,DC-1920,item:268091,0.0
943,DC-1920,item:268967,0.0
944,DC-1920,item:268091,0.0
944,DC-1920,item:268967,0.0
945,DC-1920,item:268091,0.0
945,DC-1920,item:268967,0.0
946,DC-1920,item:268091,0.0
946,DC-1920,item:268967,0.0
947,DC-1920,item:268091,0.0
947,DC-1920,item:268967,0.0
948,DC-1920,item:268091,0.0
948,DC-1920,item:268967,0.0
949,DC-1920,item:268091,0.0
949,DC-1920,item:268967,0.0
950,DC-1920,item:268091,0.0
950,DC-1920,item:268967,0.0
951,DC-1920,item:268091,0.0
951,DC-1920,item:268967,0.0
952,DC-1920,item:268091,0.0
952,DC-1920,item:268967,0.0
953,DC-1920,item:268091,0.0
953,DC-1920,item:268967,0.0
954,DC-1920,item:268091,0.0
954,DC-1920,item:268967,0.0
955,DC-1920,item:268091,0.0
955,DC-1920,item:268967,0.0
956,DC-1920,item:268091,0.0
956,DC-1920,item:268967,0.0
957,DC-1920,item:268091,0.0
957,DC-1920,item:268967,0.0
958,DC-1920,item:268091,0.0
958,DC-1920,item:268967,0.0
959,DC-1920,item:268091,0.0
959,DC-1920,item:268967,0.0
960,DC-1920,item:268091,0.0
960,DC-1920,item:268967,0.0
961,DC-1920,item:268091,0.0
961,DC-1920,item:268967,0.0
962,DC-1920,item:268091,0.0
962,DC-1920,item:268967,0.0
963,DC-1920,item:268091,0.0
963,DC-1920,item:268967,0.0
964,DC-1920,item:268091,0.0
964,DC-1920,item:268967,0.0
965,DC-1920,item:268091,0.0
965,DC-1920,item:268967,0.0
966,DC-1920,item:268091,0.0
966,DC-1920,item:268967,0.0
967,DC-1920,item:268091,0.0
967,DC-1920,item:268967,0.0
968,DC-1920,item:268091,0.0
968,DC-1920,item:268967,0.0
969,DC-1920,item:268091,0.0
969,DC-1920,item:268967,0.0
970,DC-1920,item:268091,0.0
970,DC-1920,item:268967,0.0
971,DC-1920,item:268091,0.0
971,DC-1920,item:268967,0.0
972,DC-1920,item:268091,0.0
972,DC-1920,item:268967,0.0
973,DC-1920,item:268091,0.0
973,DC-1920,item:268967,0.0
974,DC-1920,item:268091,0.0
974,DC-1920,item:268967,0.0
975,DC-1920,item:268091,0.0
975,DC-1920,item:268967,0.0
976,DC-1920,item:268091,0.0
976,DC-1920,item:268967,0.0
977,DC-1920,item:268091,0.0
977,DC-1920,item:268967,0.0
978,DC-1920,item:268091,0.0
978,DC-1920,item:268967,0.0
979,DC-1920,item:268091,0.0
979,DC-1920,item:268967,0.0
980,DC-1920,item:268091,0.0
980,DC-1920,item:268967,0.0
981,DC-1920,item:268091,0.0
981,DC-1920,item:268967,0.0
982,DC-1920,item:268091,0.0
982,DC-1920,item:268967,0.0
983,DC-1920,item:268091,0.0
983,DC-1920,item:268967,0.0
984,DC-1920,item:268091,0.0
984,DC-1920,item:268967,0.0
985,DC-1920,item:268091,0.0
985,DC-1920,item:268967,0.0
986,DC-1920,item:268091,0.0
986,DC-1920,item:268967,0.0
987,DC-1920,item:268091,0.0
987,DC-1920,item:268967,0.0
988,DC-1920,item:268091,0.0
988,DC-1920,item:268967,0.0
989,DC-1920,item:268091,0.0
989,DC-1920,item:268967,0.0
990,DC-1920,item:268091,0.0
990,DC-1920,item:268967,0.0
991,DC-1920,item:268091,0.0
991,DC-1920,item:268967,0.0
992,DC-1920,item:268091,0.0
992,DC-1920,item:268967,0.0
993,DC-1920,item:268091,0.0
993,DC-1920,item:268967,0.0
994,DC-1920,item:268091,0.0
994,DC-1920,item:268967,0.0
995,DC-1920,item:268091,0.0
995,DC-1920,item:268967,0.0
996,DC-1920,item:268091,0.0
996,DC-1920,item:268967,0.0
997,DC-1920,item:268091,0.0
997,DC-1920,item:268967,0.0
998,DC-1920,item:268091,0.0
998,DC-1920,item:268967,0.0
999,DC-1920,item:268091,0.0
999,DC-1920,item:268967,0.0
1000,DC-1920,item:268091,0.0
1000,DC-1920,item:268967,0.0
1001,DC-1920,item:268091,0.0
1001,DC-1920,item:268967,0.0
1002,DC-1920,item:268091,0.0
1002,DC-1920,item:268967,0.0
1003,DC-1920,item:268091,0.0
1003,DC-1920,item:268967,0.0
1004,DC-1920,item:268091,0.0
1004,DC-1920,item:268967,0.0
1005,DC-1920,item:268091,0.0
1005,DC-1920,item:268967,0.0
1006,DC-1920,item:268091,0.0
1006,DC-1920,item:268967,0.0
1007,DC-1920,item:268091,0.0
1007,DC-1920,item:268967,0.0
1008,DC-1920,item:268091,0.0
1008,DC-1920,item:268967,0.0
1009,DC-1920,item:268091,0.0
1009,DC-1920,item:268967,0.0
1010,DC-1920,item:268091,0.0
1010,DC-1920,item:268967,0.0
1011,DC-1920,item:268091,0.0
1011,DC-1920,item:268967,0.0
1012,DC-1920,item:268091,0.0
1012,DC-1920,item:268967,0.0
1013,DC-1920,item:268091,0.0
1013,DC-1920,item:268967,0.0
1014,DC-1920,item:268091,0.0
1014,DC-1920,item:268967,0.0
1015,DC-1920,item:268091,0.0
1015,DC-1920,item:268967,0.0
1016,DC-1920,item:268091,0.0
1016,DC-1920,item:268967,0.0
1017,DC-1920,item:268091,0.0
1017,DC-1920,item:268967,0.0
1018,DC-1920,item:268091,0.0
1018,DC-1920,item:268967,0.0
1019,DC-1920,item:268091,0.0
1019,DC-1920,item:268967,0.0
1020,DC-1920,item:268091,0.0
1020,DC-1920,item:268967,0.0
1021,DC-1920,item:268091,0.0
1021,DC-1920,item:268967,0.0
1022,DC-1920,item:268091,0.0
1022,DC-1920,item:268967,0.0
1023,DC-1920,item:268091,0.0
1023,DC-1920,item:268967,0.0
1024,DC-1920,item:268091,0.0
1024,DC-1920,item:268967,0.0
1025,DC-1920,item:268091,0.0
1025,DC-1920,item:268967,0.0
1026,DC-1920,item:268091,0.0
1026,DC-1920,item:268967,0.0
1027,DC-1920,item:268091,0.0
1027,DC-1920,item:268967,0.0
1028,DC-1920,item:268091,0.0
1028,DC-1920,item:268967,0.0
1029,DC-1920,item:268091,0.0
1029,DC-1920,item:268967,0.0
1030,DC-1920,item:268091,0.0
1030,DC-1920,item:268967,0.0
1031,DC-1920,item:268091,0.0
1031,DC-1920,item:268967,0.0
1032,DC-1920,item:268091,0.0
1032,DC-1920,item:268967,0.0
1033,DC-1920,item:268091,0.0
1033,DC-1920,item:268967,0.0
1034,DC-1920,item:268091,0.0
1034,DC-1920,item:268967,0.0
1035,DC-1920,item:268091,0.0
1035,DC-1920,item:268967,0.0
1036,DC-1920,item:268091,0.0
1036,DC-1920,item:268967,0.0
1037,DC-1920,item:268091,0.0
1037,DC-1920,item:268967,0.0
1038,DC-1920,item:268091,0.0
1038,DC-1920,item:268967,0.0
1039,DC-1920,item:268091,0.0
1039,DC-1920,item:268967,0.0
1040,DC-1920,item:268091,0.0
1040,DC-1920,item:268967,0.0
1041,DC-1920,item:268091,0.0
1041,DC-1920,item:268967,0.0
1042,DC-1920,item:268091,0.0
1042,DC-1920,item:268967,0.0
1043,DC-1920,item:268091,0.0
1043,DC-1920,item:268967,0.0
1044,DC-1920,item:268091,0.0
1044,DC-1920,item:268967,0.0
1045,DC-1920,item:268091,0.0
1045,DC-1920,item:268967,0.0
1046,DC-1920,item:268091,0.0
1046,DC-1920,item:268967,0.0
1047,DC-1920,item:268091,0.0
1047,DC-1920,item:268967,0.0
1048,DC-1920,item:268091,0.0
1048,DC-1920,item:268967,0.0
1049,DC-1920,item:268091,0.0
1049,DC-1920,item:268967,0.0
1050,DC-1920,item:268091,0.0
1050,DC-1920,item:268967,0.0
1051,DC-1920,item:268091,0.0
1051,DC-1920,item:268967,0.0
1052,DC-1920,item:268091,0.0
1052,DC-1920,item:268967,0.0
1053,DC-1920,item:268091,0.0
1053,DC-1920,item:268967,0.0
1054,DC-1920,item:268091,0.0
1054,DC-1920,item:268967,0.0
1055,DC-1920,item:268091,0.0
1055,DC-1920,item:268967,0.0
1056,DC-1920,item:268091,0.0
1056,DC-1920,item:268967,0.0
1057,DC-1920,item:268091,0.0
1057,DC-1920,item:268967,0.0
1058,DC-1920,item:268091,0.0
1058,DC-1920,item:268967,0.0
1059,DC-1920,item:268091,0.0
1059,DC-1920,item:268967,0.0
1060,DC-1920,item:268091,0.0
1060,DC-1920,item:268967,0.0
1061,DC-1920,item:268091,0.0
1061,DC-1920,item:268967,0.0
1062,DC-1920,item:268091,0.0
1062,DC-1920,item:268967,0.0
1063,DC-1920,item:268091,0.0
1063,DC-1920,item:268967,0.0
1064,DC-1920,item:268091,0.0
1064,DC-1920,item:268967,0.0
1065,DC-1920,item:268091,0.0
1065,DC-1920,item:268967,0.0
1066,DC-1920,item:268091,0.0
1066,DC-1920,item:268967,0.0
1067,DC-1920,item:268091,0.0
1067,DC-1920,item:268967,0.0
1068,DC-1920,item:268091,0.0
1068,DC-1920,item:268967,0.0
1069,DC-1920,item:268091,0.0
1069,DC-1920,item:268967,0.0
1070,DC-1920,item:268091,0.0
1070,DC-1920,item:268967,0.0
1071,DC-1920,item:268091,0.0
1071,DC-1920,item:268967,0.0
1072,DC-1920,item:268091,0.0
1072,DC-1920,item:268967,0.0
1073,DC-1920,item:268091,0.0
1073,DC-1920,item:268967,0.0
1074,DC-1920,item:268091,0.0
1074,DC-1920,item:268967,0.0
1075,DC-1920,item:268091,0.0
1075,DC-1920,item:268967,0.0
1076,DC-1920,item:268091,0.0
1076,DC-1920,item:268967,0.0
1077,DC-1920,item:268091,0.0
1077,DC-1920,item:268967,0.0
1078,DC-1920,item:268091,0.0
1078,DC-1920,item:268967,0.0
1079,DC-1920,item:268091,0.0
1079,DC-1920,item:268967,0.0
1080,DC-1920,item:268091,0.0
1080,DC-1920,item:268967,0.0
1081,DC-1920,item:268091,0.0
1081,DC-1920,item:268967,0.0
1082,DC-1920,item:268091,0.0
1082,DC-1920,item:268967,0.0
1083,DC-1920,item:268091,0.0
1083,DC-1920,item:268967,0.0
1084,DC-1920,item:268091,0.0
1084,DC-1920,item:268967,0.0
1085,DC-1920,item:268091,0.0
1085,DC-1920,item:268967,0.0
1086,DC-1920,item:268091,0.0
1086,DC-1920,item:268967,0.0
1087,DC-1920,item:268091,0.0
1087,DC-1920,item:268967,0.0
1088,DC-1920,item:268091,0.0
1088,DC-1920,item:268967,0.0
1089,DC-1920,item:268091,0.0
1089,DC-1920,item:268967,0.0
1090,DC-1920,item:268091,0.0
1090,DC-1920,item:268967,0.0
1091,DC-1920,item:268091,0.0
1091,DC-1920,item:268967,0.0
1092,DC-1920,item:268091,0.0
1092,DC-1920,item:268967,0.0
1093,DC-1920,item:268091,0.0
1093,DC-1920,item:268967,0.0
1094,DC-1920,item:268091,0.0
1094,DC-1920,item:268967,0.0
1095,DC-1920,item:268091,0.0
1095,DC-1920,item:268967,0.0
1096,DC-1920,item:268091,0.0
1096,DC-1920,item:268967,0.0
1097,DC-1920,item:268091,0.0
1097,DC-1920,item:268967,0.0
1098,DC-1920,item:268091,0.0
1098,DC-1920,item:268967,0.0
1099,DC-1920,item:268091,0.0
1099,DC-1920,item:268967,0.0
1100,DC-1920,item:268091,0.0
1100,DC-1920,item:268967,0.0
1101,DC-1920,item:268091,0.0
1101,DC-1920,item:268967,0.0
1102,DC-1920,item:268091,0.0
1102,DC-1920,item:268967,0.0
1103,DC-1920,item:268091,0.0
1103,DC-1920,item:268967,0.0
1104,DC-1920,item:268091,0.0
1104,DC-1920,item:268967,0.0
1105,DC-1920,item:268091,0.0
1105,DC-1920,item:268967,0.0
1106,DC-1920,item:268091,0.0
1106,DC-1920,item:268967,0.0
1107,DC-1920,item:268091,0.0
1107,DC-1920,item:268967,0.0
1108,DC-1920,item:268091,0.0
1108,DC-1920,item:268967,0.0
1109,DC-1920,item:268091,0.0
1109,DC-1920,item:268967,0.0
1110,DC-1920,item:268091,0.0
1110,DC-1920,item:268967,0.0
1111,DC-1920,item:268091,0.0
1111,DC-1920,item:268967,0.0
1112,DC-1920,item:268091,0.0
1112,DC-1920,item:268967,0.0
1113,DC-1920,item:268091,0.0
1113,DC-1920,item:268967,0.0
1114,DC-1920,item:268091,0.0
1114,DC-1920,item:268967,0.0
1115,DC-1920,item:268091,0.0
1115,DC-1920,item:268967,0.0
1116,DC-1920,item:268091,0.0
1116,DC-1920,item:268967,0.0
1117,DC-1920,item:268091,0.0
1117,DC-1920,item:268967,0.0
1118,DC-1920,item:268091,0.0
1118,DC-1920,item:268967,0.0
1119,DC-1920,item:268091,0.0
1119,DC-1920,item:268967,0.0
1120,DC-1920,item:268091,0.0
1120,DC-1920,item:268967,0.0
1121,DC-1920,item:268091,0.0
1121,DC-1920,item:268967,0.0
1122,DC-1920,item:268091,0.0
1122,DC-1920,item:268967,0.0
1123,DC-1920,item:268091,0.0
1123,DC-1920,item:268967,0.0
1124,DC-1920,item:268091,0.0
1124,DC-1920,item:268967,0.0
1125,DC-1920,item:268091,0.0
1125,DC-1920,item:268967,0.0
1126,DC-1920,item:268091,0.0
1126,DC-1920,item:268967,0.0
1127,DC-1920,item:268091,0.0
1127,DC-1920,item:268967,0.0
1128,DC-1920,item:268091,0.0
1128,DC-1920,item:268967,0.0
1129,DC-1920,item:268091,0.0
1129,DC-1920,item:268967,0.0
1130,DC-1920,item:268091,0.0
1130,DC-1920,item:268967,0.0
1131,DC-1920,item:268091,0.0
1131,DC-1920,item:268967,0.0
1132,DC-1920,item:268091,0.0
1132,DC-1920,item:268967,0.0
1133,DC-1920,item:268091,0.0
1133,DC-1920,item:268967,0.0
1134,DC-1920,item:268091,0.0
1134,DC-1920,item:268967,0.0
1135,DC-1920,item:268091,0.0
1135,DC-1920,item:268967,0.0
1136,DC-1920,item:268091,0.0
1136,DC-1920,item:268967,0.0
1137,DC-1920,item:268091,0.0
1137,DC-1920,item:268967,0.0
1138,DC-1920,item:268091,0.0
1138,DC-1920,item:268967,0.0
1139,DC-1920,item:268091,0.0
1139,DC-1920,item:268967,0.0
1140,DC-1920,item:268091,0.0
1140,DC-1920,item:268967,0.0
1141,DC-1920,item:268091,0.0
1141,DC-1920,item:268967,0.0
1142,DC-1920,item:268091,0.0
1142,DC-1920,item:268967,0.0
1143,DC-1920,item:268091,0.0
1143,DC-1920,item:268967,0.0
1144,DC-1920,item:268091,0.0
1144,DC-1920,item:268967,0.0
1145,DC-1920,item:268091,0.0
1145,DC-1920,item:268967,0.0
1146,DC-1920,item:268091,0.0
1146,DC-1920,item:268967,0.0
1147,DC-1920,item:268091,0.0
1147,DC-1920,item:268967,0.0
1148,DC-1920,item:268091,0.0
1148,DC-1920,item:268967,0.0
1149,DC-1920,item:268091,0.0
1149,DC-1920,item:268967,0.0
1150,DC-1920,item:268091,0.0
1150,DC-1920,item:268967,0.0
1151,DC-1920,item:268091,0.0
1151,DC-1920,item:268967,0.0
1152,DC-1920,item:268091,0.0
1152,DC-1920,item:268967,0.0
1153,DC-1920,item:268091,0.0
1153,DC-1920,item:268967,0.0
1154,DC-1920,item:268091,0.0
1154,DC-1920,item:268967,0.0
1155,DC-1920,item:268091,0.0
1155,DC-1920,item:268967,0.0
1156,DC-1920,item:268091,0.0
1156,DC-1920,item:268967,0.0
1157,DC-1920,item:268091,0.0
1157,DC-1920,item:268967,0.0
1158,DC-1920,item:268091,0.0
1158,DC-1920,item:268967,0.0
1159,DC-1920,item:268091,0.0
1159,DC-1920,item:268967,0.0
1160,DC-1920,item:268091,0.0
1160,DC-1920,item:268967,0.0
1161,DC-1920,item:268091,0.0
1161,DC-1920,item:268967,0.0
1162,DC-1920,item:268091,0.0
1162,DC-1920,item:268967,0.0
1163,DC-1920,item:268091,0.0
1163,DC-1920,item:268967,0.0
1164,DC-1920,item:268091,0.0
1164,DC-1920,item:268967,0.0
1165,DC-1920,item:268091,0.0
1165,DC-1920,item:268967,0.0
1166,DC-1920,item:268091,0.0
1166,DC-1920,item:268967,0.0
1167,DC-1920,item:268091,0.0
1167,DC-1920,item:268967,0.0
1168,DC-1920,item:268091,0.0
1168,DC-1920,item:268967,0.0
1169,DC-1920,item:268091,0.0
1169,DC-1920,item:268967,0.0
1170,DC-1920,item:268091,0.0
1170,DC-1920,item:268967,0.0
1171,DC-1920,item:268091,0.0
1171,DC-1920,item:268967,0.0
1172,DC-1920,item:268091,0.0
1172,DC-1920,item:268967,0.0
1173,DC-1920,item:268091,0.0
1173,DC-1920,item:268967,0.0
1174,DC-1920,item:268091,0.0
1174,DC-1920,item:268967,0.0
1175,DC-1920,item:268091,0.0
1175,DC-1920,item:268967,0.0
1176,DC-1920,item:268091,0.0
1176,DC-1920,item:268967,0.0
1177,DC-1920,item:268091,0.0
1177,DC-1920,item:268967,0.0
1178,DC-1920,item:268091,0.0
1178,DC-1920,item:268967,0.0
1179,DC-1920,item:268091,0.0
1179,DC-1920,item:268967,0.0
1180,DC-1920,item:268091,0.0
1180,DC-1920,item:268967,0.0
1181,DC-1920,item:268091,0.0
1181,DC-1920,item:268967,0.0
1182,DC-1920,item:268091,0.0
1182,DC-1920,item:268967,0.0
1183,DC-1920,item:268091,0.0
1183,DC-1920,item:268967,0.0
1184,DC-1920,item:268091,0.0
1184,DC-1920,item:268967,0.0
1185,DC-1920,item:268091,0.0
1185,DC-1920,item:268967,0.0
1186,DC-1920,item:268091,0.0
1186,DC-1920,item:268967,0.0
1187,DC-1920,item:268091,0.0
1187,DC-1920,item:268967,0.0
1188,DC-1920,item:268091,0.0
1188,DC-1920,item:268967,0.0
1189,DC-1920,item:268091,0.0
1189,DC-1920,item:268967,0.0
1190,DC-1920,item:268091,0.0
1190,DC-1920,item:268967,0.0
1191,DC-1920,item:268091,0.0
1191,DC-1920,item:268967,0.0
1192,DC-1920,item:268091,0.0
1192,DC-1920,item:268967,0.0
1193,DC-1920,item:268091,0.0
1193,DC-1920,item:268967,0.0
1194,DC-1920,item:268091,0.0
1194,DC-1920,item:268967,0.0
1195,DC-1920,item:268091,0.0
1195,DC-1920,item:268967,0.0
1196,DC-1920,item:268091,0.0
1196,DC-1920,item:268967,0.0
1197,DC-1920,item:268091,0.0
1197,DC-1920,item:268967,0.0
1198,DC-1920,item:268091,0.0
1198,DC-1920,item:268967,0.0
1199,DC-1920,item:268091,0.0
1199,DC-1920,item:268967,0.0
1200,DC-1920,item:268091,0.0
1200,DC-1920,item:268967,0.0
1201,DC-1920,item:268091,0.0
1201,DC-1920,item:268967,0.0
1202,DC-1920,item:268091,0.0
1202,DC-1920,item:268967,0.0
1203,DC-1920,item:268091,0.0
1203,DC-1920,item:268967,0.0
1204,DC-1920,item:268091,0.0
1204,DC-1920,item:268967,0.0
1205,DC-1920,item:268091,0.0
1205,DC-1920,item:268967,0.0
1206,DC-1920,item:268091,0.0
1206,DC-1920,item:268967,0.0
1207,DC-1920,item:268091,0.0
1207,DC-1920,item:268967,0.0
1208,DC-1920,item:268091,0.0
1208,DC-1920,item:268967,0.0
1209,DC-1920,item:268091,0.0
1209,DC-1920,item:268967,0.0
1210,DC-1920,item:268091,0.0
1210,DC-1920,item:268967,0.0
1211,DC-1920,item:268091,0.0
1211,DC-1920,item:268967,0.0
1212,DC-1920,item:268091,0.0
1212,DC-1920,item:268967,0.0
1213,DC-1920,item:268091,0.0
1213,DC-1920,item:268967,0.0
1214,DC-1920,item:268091,0.0
1214,DC-1920,item:268967,0.0
1215,DC-1920,item:268091,0.0
1215,DC-1920,item:268967,0.0
1216,DC-1920,item:268091,0.0
1216,DC-1920,item:268967,0.0
1217,DC-1920,item:268091,0.0
1217,DC-1920,item:268967,0.0
1218,DC-1920,item:268091,0.0
1218,DC-1920,item:268967,0.0
1219,DC-1920,item:268091,0.0
1219,DC-1920,item:268967,0.0
1220,DC-1920,item:268091,0.0
1220,DC-1920,item:268967,0.0
1221,DC-1920,item:268091,0.0
1221,DC-1920,item:268967,0.0
1222,DC-1920,item:268091,0.0
1222,DC-1920,item:268967,0.0
1223,DC-1920,item:268091,0.0
1223,DC-1920,item:268967,0.0
1224,DC-1920,item:268091,0.0
1224,DC-1920,item:268967,0.0
1225,DC-1920,item:268091,0.0
1225,DC-1920,item:268967,0.0
1226,DC-1920,item:268091,0.0
1226,DC-1920,item:268967,0.0
1227,DC-1920,item:268091,0.0
1227,DC-1920,item:268967,0.0
1228,DC-1920,item:268091,0.0
1228,DC-1920,item:268967,0.0
1229,DC-1920,item:268091,0.0
1229,DC-1920,item:268967,0.0
1230,DC-1920,item:268091,0.0
1230,DC-1920,item:268967,0.0
1231,DC-1920,item:268091,0.0
1231,DC-1920,item:268967,0.0
1232,DC-1920,item:268091,0.0
1232,DC-1920,item:268967,0.0
1233,DC-1920,item:268091,0.0
1233,DC-1920,item:268967,0.0
1234,DC-1920,item:268091,0.0
1234,DC-1920,item:268967,0.0
1235,DC-1920,item:268091,0.0
1235,DC-1920,item:268967,0.0
1236,DC-1920,item:268091,0.0
1236,DC-1920,item:268967,0.0
1237,DC-1920,item:268091,0.0
1237,DC-1920,item:268967,0.0
1238,DC-1920,item:268091,0.0
1238,DC-1920,item:268967,0.0
1239,DC-1920,item:268091,0.0
1239,DC-1920,item:268967,0.0
1240,DC-1920,item:268091,0.0
1240,DC-1920,item:268967,0.0
1241,DC-1920,item:268091,0.0
1241,DC-1920,item:268967,0.0
1242,DC-1920,item:268091,0.0
1242,DC-1920,item:268967,0.0
1243,DC-1920,item:268091,0.0
1243,DC-1920,item:268967,0.0
1244,DC-1920,item:268091,0.0
1244,DC-1920,item:268967,0.0
1245,DC-1920,item:268091,0.0
1245,DC-1920,item:268967,0.0
1246,DC-1920,item:268091,0.0
1246,DC-1920,item:268967,0.0
1247,DC-1920,item:268091,0.0
1247,DC-1920,item:268967,0.0
1248,DC-1920,item:268091,0.0
1248,DC-1920,item:268967,0.0
1249,DC-1920,item:268091,0.0
1249,DC-1920,item:268967,0.0
1250,DC-1920,item:268091,0.0
1250,DC-1920,item:268967,0.0
1251,DC-1920,item:268091,0.0
1251,DC-1920,item:268967,0.0
1252,DC-1920,item:268091,0.0
1252,DC-1920,item:268967,0.0
1253,DC-1920,item:268091,0.0
1253,DC-1920,item:268967,0.0
1254,DC-1920,item:268091,0.0
1254,DC-1920,item:268967,0.0
1255,DC-1920,item:268091,0.0
1255,DC-1920,item:268967,0.0
1256,DC-1920,item:268091,0.0
1256,DC-1920,item:268967,0.0
1257,DC-1920,item:268091,0.0
1257,DC-1920,item:268967,0.0
1258,DC-1920,item:268091,0.0
1258,DC-1920,item:268967,0.0
1259,DC-1920,item:268091,0.0
1259,DC-1920,item:268967,0.0
1260,DC-1920,item:268091,0.0
1260,DC-1920,item:268967,0.0
1261,DC-1920,item:268091,0.0
1261,DC-1920,item:268967,0.0
1262,DC-1920,item:268091,0.0
1262,DC-1920,item:268967,0.0
1263,DC-1920,item:268091,0.0
1263,DC-1920,item:268967,0.0
1264,DC-1920,item:268091,0.0
1264,DC-1920,item:268967,0.0
1265,DC-1920,item:268091,0.0
1265,DC-1920,item:268967,0.0
1266,DC-1920,item:268091,0.0
1266,DC-1920,item:268967,0.0
1267,DC-1920,item:268091,0.0
1267,DC-1920,item:268967,0.0
1268,DC-1920,item:268091,0.0
1268,DC-1920,item:268967,0.0
1269,DC-1920,item:268091,0.0
1269,DC-1920,item:268967,0.0
1270,DC-1920,item:268091,0.0
1270,DC-1920,item:268967,0.0
1271,DC-1920,item:268091,0.0
1271,DC-1920,item:268967,0.0
1272,DC-1920,item:268091,0.0
1272,DC-1920,item:268967,0.0
1273,DC-1920,item:268091,0.0
1273,DC-1920,item:268967,0.0
1274,DC-1920,item:268091,0.0
1274,DC-1920,item:268967,0.0
1275,DC-1920,item:268091,0.0
1275,DC-1920,item:268967,0.0
1276,DC-1920,item:268091,0.0
1276,DC-1920,item:268967,0.0
1277,DC-1920,item:268091,0.0
1277,DC-1920,item:268967,0.0
1278,DC-1920,item:268091,0.0
1278,DC-1920,item:268967,0.0
1279,DC-1920,item:268091,0.0
1279,DC-1920,item:268967,0.0
1280,DC-1920,item:268091,0.0
1280,DC-1920,item:268967,0.0
1281,DC-1920,item:268091,0.0
1281,DC-1920,item:268967,0.0
1282,DC-1920,item:268091,0.0
1282,DC-1920,item:268967,0.0
1283,DC-1920,item:268091,0.0
1283,DC-1920,item:268967,0.0
1284,DC-1920,item:268091,0.0
1284,DC-1920,item:268967,0.0
1285,DC-1920,item:268091,0.0
1285,DC-1920,item:268967,0.0
1286,DC-1920,item:268091,0.0
1286,DC-1920,item:268967,0.0
1287,DC-1920,item:268091,0.0
1287,DC-1920,item:268967,0.0
1288,DC-1920,item:268091,0.0
1288,DC-1920,item:268967,0.0
1289,DC-1920,item:268091,0.0
1289,DC-1920,item:268967,0.0
1290,DC-1920,item:268091,0.0
1290,DC-1920,item:268967,0.0
1291,DC-1920,item:268091,0.0
1291,DC-1920,item:268967,0.0
1292,DC-1920,item:268091,0.0
1292,DC-1920,item:268967,0.0
1293,DC-1920,item:268091,0.0
1293,DC-1920,item:268967,0.0
1294,DC-1920,item:268091,0.0
1294,DC-1920,item:268967,0.0
1295,DC-1920,item:268091,0.0
1295,DC-1920,item:268967,0.0
1296,DC-1920,item:268091,0.0
1296,DC-1920,item:268967,0.0
1297,DC-1920,item:268091,0.0
1297,DC-1920,item:268967,0.0
1298,DC-1920,item:268091,0.0
1298,DC-1920,item:268967,0.0
1299,DC-1920,item:268091,0.0
1299,DC-1920,item:268967,0.0
1300,DC-1920,item:268091,0.0
1300,DC-1920,item:268967,0.0
1301,DC-1920,item:268091,0.0
1301,DC-1920,item:268967,0.0
1302,DC-1920,item:268091,0.0
1302,DC-1920,item:268967,0.0
1303,DC-1920,item:268091,0.0
1303,DC-1920,item:268967,0.0
1304,DC-1920,item:268091,0.0
1304,DC-1920,item:268967,0.0
1305,DC-1920,item:268091,0.0
1305,DC-1920,item:268967,0.0
1306,DC-1920,item:268091,0.0
1306,DC-1920,item:268967,0.0
1307,DC-1920,item:268091,0.0
1307,DC-1920,item:268967,0.0
1308,DC-1920,item:268091,0.0
1308,DC-1920,item:268967,0.0
1309,DC-1920,item:268091,0.0
1309,DC-1920,item:268967,0.0
1310,DC-1920,item:268091,0.0
1310,DC-1920,item:268967,0.0
1311,DC-1920,item:268091,0.0
1311,DC-1920,item:268967,0.0
1312,DC-1920,item:268091,0.0
1312,DC-1920,item:268967,0.0
1313,DC-1920,item:268091,0.0
1313,DC-1920,item:268967,0.0
1314,DC-1920,item:268091,0.0
1314,DC-1920,item:268967,0.0
1315,DC-1920,item:268091,0.0
1315,DC-1920,item:268967,0.0
1316,DC-1920,item:268091,0.0
1316,DC-1920,item:268967,0.0
1317,DC-1920,item:268091,0.0
1317,DC-1920,item:268967,0.0
1318,DC-1920,item:268091,0.0
1318,DC-1920,item:268967,0.0
1319,DC-1920,item:268091,0.0
1319,DC-1920,item:268967,0.0
1320,DC-1920,item:268091,0.0
1320,DC-1920,item:268967,0.0
1321,DC-1920,item:268091,0.0
1321,DC-1920,item:268967,0.0
1322,DC-1920,item:268091,0.0
1322,DC-1920,item:268967,0.0
1323,DC-1920,item:268091,0.0
1323,DC-1920,item:268967,0.0
1324,DC-1920,item:268091,0.0
1324,DC-1920,item:268967,0.0
1325,DC-1920,item:268091,0.0
1325,DC-1920,item:268967,0.0
1326,DC-1920,item:268091,0.0
1326,DC-1920,item:268967,0.0
1327,DC-1920,item:268091,0.0
1327,DC-1920,item:268967,0.0
1328,DC-1920,item:268091,0.0
1328,DC-1920,item:268967,0.0
1329,DC-1920,item:268091,0.0
1329,DC-1920,item:268967,0.0
1330,DC-1920,item:268091,0.0
1330,DC-1920,item:268967,0.0
1331,DC-1920,item:268091,0.0
1331,DC-1920,item:268967,0.0
1332,DC-1920,item:268091,0.0
1332,DC-1920,item:268967,0.0
1333,DC-1920,item:268091,0.0
1333,DC-1920,item:268967,0.0
1334,DC-1920,item:268091,0.0
1334,DC-1920,item:268967,0.0
1335,DC-1920,item:268091,0.0
1335,DC-1920,item:268967,0.0
1336,DC-1920,item:268091,0.0
1336,DC-1920,item:268967,0.0
1337,DC-1920,item:268091,0.0
1337,DC-1920,item:268967,0.0
1338,DC-1920,item:268091,0.0
1338,DC-1920,item:268967,0.0
1339,DC-1920,item:268091,0.0
1339,DC-1920,item:268967,0.0
1340,DC-1920,item:268091,0.0
1340,DC-1920,item:268967,0.0
1341,DC-1920,item:268091,0.0
1341,DC-1920,item:268967,0.0
1342,DC-1920,item:268091,0.0
1342,DC-1920,item:268967,0.0
1343,DC-1920,item:268091,0.0
1343,DC-1920,item:268967,0.0
1344,DC-1920,item:268091,0.0
1344,DC-1920,item:268967,0.0
1345,DC-1920,item:268091,0.0
1345,DC-1920,item:268967,0.0
1346,DC-1920,item:268091,0.0
1346,DC-1920,item:268967,0.0
1347,DC-1920,item:268091,0.0
1347,DC-1920,item:268967,0.0
1348,DC-1920,item:268091,0.0
1348,DC-1920,item:268967,0.0
1349,DC-1920,item:268091,0.0
1349,DC-1920,item:268967,0.0
1350,DC-1920,item:268091,0.0
1350,DC-1920,item:268967,0.0
1351,DC-1920,item:268091,0.0
1351,DC-1920,item:268967,0.0
1352,DC-1920,item:268091,0.0
1352,DC-1920,item:268967,0.0
1353,DC-1920,item:268091,0.0
1353,DC-1920,item:268967,0.0
1354,DC-1920,item:268091,0.0
1354,DC-1920,item:268967,0.0
1355,DC-1920,item:268091,0.0
1355,DC-1920,item:268967,0.0
1356,DC-1920,item:268091,0.0
1356,DC-1920,item:268967,0.0
1357,DC-1920,item:268091,0.0
1357,DC-1920,item:268967,0.0
1358,DC-1920,item:268091,0.0
1358,DC-1920,item:268967,0.0
1359,DC-1920,item:268091,0.0
1359,DC-1920,item:268967,0.0
1360,DC-1920,item:268091,0.0
1360,DC-1920,item:268967,0.0
1361,DC-1920,item:268091,0.0
1361,DC-1920,item:268967,0.0
1362,DC-1920,item:268091,0.0
1362,DC-1920,item:268967,0.0
1363,DC-1920,item:268091,0.0
1363,DC-1920,item:268967,0.0
1364,DC-1920,item:268091,0.0
1364,DC-1920,item:268967,0.0
1365,DC-1920,item:268091,0.0
1365,DC-1920,item:268967,0.0
1366,DC-1920,item:268091,0.0
1366,DC-1920,item:268967,0.0
1367,DC-1920,item:268091,0.0
1367,DC-1920,item:268967,0.0
1368,DC-1920,item:268091,0.0
1368,DC-1920,item:268967,0.0
1369,DC-1920,item:268091,0.0
1369,DC-1920,item:268967,0.0
1370,DC-1920,item:268091,0.0
1370,DC-1920,item:268967,0.0
1371,DC-1920,item:268091,0.0
1371,DC-1920,item:268967,0.0
1372,DC-1920,item:268091,0.0
1372,DC-1920,item:268967,0.0
1373,DC-1920,item:268091,0.0
1373,DC-1920,item:268967,0.0
1374,DC-1920,item:268091,0.0
1374,DC-1920,item:268967,0.0
1375,DC-1920,item:268091,0.0
1375,DC-1920,item:268967,0.0
1376,DC-1920,item:268091,0.0
1376,DC-1920,item:268967,0.0
1377,DC-1920,item:268091,0.0
1377,DC-1920,item:268967,0.0
1378,DC-1920,item:268091,0.0
1378,DC-1920,item:268967,0.0
1379,DC-1920,item:268091,0.0
1379,DC-1920,item:268967,0.0
1380,DC-1920,item:268091,0.0
1380,DC-1920,item:268967,0.0
1381,DC-1920,item:268091,0.0
1381,DC-1920,item:268967,0.0
1382,DC-1920,item:268091,0.0
1382,DC-1920,item:268967,0.0
1383,DC-1920,item:268091,0.0
1383,DC-1920,item:268967,0.0
1384,DC-1920,item:268091,0.0
1384,DC-1920,item:268967,0.0
1385,DC-1920,item:268091,0.0
1385,DC-1920,item:268967,0.0
1386,DC-1920,item:268091,0.0
1386,DC-1920,item:268967,0.0
1387,DC-1920,item:268091,0.0
1387,DC-1920,item:268967,0.0
1388,DC-1920,item:268091,0.0
1388,DC-1920,item:268967,0.0
1389,DC-1920,item:268091,0.0
1389,DC-1920,item:268967,0.0
1390,DC-1920,item:268091,0.0
1390,DC-1920,item:268967,0.0
1391,DC-1920,item:268091,0.0
1391,DC-1920,item:268967,0.0
1392,DC-1920,item:268091,0.0
1392,DC-1920,item:268967,0.0
1393,DC-1920,item:268091,0.0
1393,DC-1920,item:268967,0.0
1394,DC-1920,item:268091,0.0
1394,DC-1920,item:268967,0.0
1395,DC-1920,item:268091,0.0
1395,DC-1920,item:268967,0.0
1396,DC-1920,item:268091,0.0
1396,DC-1920,item:268967,0.0
1397,DC-1920,item:268091,0.0
1397,DC-1920,item:268967,0.0
1398,DC-1920,item:268091,0.0
1398,DC-1920,item:268967,0.0
1399,DC-1920,item:268091,0.0
1399,DC-1920,item:268967,0.0
1400,DC-1920,item:268091,0.0
1400,DC-1920,item:268967,0.0
1401,DC-1920,item:268091,0.0
1401,DC-1920,item:268967,0.0
1402,DC-1920,item:268091,0.0
1402,DC-1920,item:268967,0.0
1403,DC-1920,item:268091,0.0
1403,DC-1920,item:268967,0.0
1404,DC-1920,item:268091,0.0
1404,DC-1920,item:268967,0.0
1405,DC-1920,item:268091,0.0
1405,DC-1920,item:268967,0.0
1406,DC-1920,item:268091,0.0
1406,DC-1920,item:268967,0.0
1407,DC-1920,item:268091,0.0
1407,DC-1920,item:268967,0.0
1408,DC-1920,item:268091,0.0
1408,DC-1920,item:268967,0.0
1409,DC-1920,item:268091,0.0
1409,DC-1920,item:268967,0.0
1410,DC-1920,item:268091,0.0
1410,DC-1920,item:268967,0.0
1411,DC-1920,item:268091,0.0
1411,DC-1920,item:268967,0.0
1412,DC-1920,item:268091,0.0
1412,DC-1920,item:268967,0.0
1413,DC-1920,item:268091,0.0
1413,DC-1920,item:268967,0.0
1414,DC-1920,item:268091,0.0
1414,DC-1920,item:268967,0.0
1415,DC-1920,item:268091,0.0
1415,DC-1920,item:268967,0.0
1416,DC-1920,item:268091,0.0
1416,DC-1920,item:268967,0.0
1417,DC-1920,item:268091,0.0
1417,DC-1920,item:268967,0.0
1418,DC-1920,item:268091,0.0
1418,DC-1920,item:268967,0.0
1419,DC-1920,item:268091,0.0
1419,DC-1920,item:268967,0.0
1420,DC-1920,item:268091,0.0
1420,DC-1920,item:268967,0.0
1421,DC-1920,item:268091,0.0
1421,DC-1920,item:268967,0.0
1422,DC-1920,item:268091,0.0
1422,DC-1920,item:268967,0.0
1423,DC-1920,item:268091,0.0
1423,DC-1920,item:268967,0.0
1424,DC-1920,item:268091,0.0
1424,DC-1920,item:268967,0.0
1425,DC-1920,item:268091,0.0
1425,DC-1920,item:268967,0.0
1426,DC-1920,item:268091,0.0
1426,DC-1920,item:268967,0.0
1427,DC-1920,item:268091,0.0
1427,DC-1920,item:268967,0.0
1428,DC-1920,item:268091,0.0
1428,DC-1920,item:268967,0.0
1429,DC-1920,item:268091,0.0
1429,DC-1920,item:268967,0.0
1430,DC-1920,item:268091,0.0
1430,DC-1920,item:268967,0.0
1431,DC-1920,item:268091,0.0
1431,DC-1920,item:268967,0.0
1432,DC-1920,item:268091,0.0
1432,DC-1920,item:268967,0.0
1433,DC-1920,item:268091,0.0
1433,DC-1920,item:268967,0.0
1434,DC-1920,item:268091,0.0
1434,DC-1920,item:268967,0.0
1435,DC-1920,item:268091,0.0
1435,DC-1920,item:268967,0.0
1436,DC-1920,item:268091,0.0
1436,DC-1920,item:268967,0.0
1437,DC-1920,item:268091,0.0
1437,DC-1920,item:268967,0.0
1438,DC-1920,item:268091,0.0
1438,DC-1920,item:268967,0.0
1439,DC-1920,item:268091,0.0
1439,DC-1920,item:268967,0.0
1440,DC-1920,item:268091,0.0
1440,DC-1920,item:268967,0.0
1441,DC-1920,item:268091,0.0
1441,DC-1920,item:268967,0.0
1442,DC-1920,item:268091,0.0
1442,DC-1920,item:268967,0.0
1443,DC-1920,item:268091,0.0
1443,DC-1920,item:268967,0.0
1444,DC-1920,item:268091,0.0
1444,DC-1920,item:268967,0.0
1445,DC-1920,item:268091,0.0
1445,DC-1920,item:268967,0.0
1446,DC-1920,item:268091,0.0
1446,DC-1920,item:268967,0.0
1447,DC-1920,item:268091,0.0
1447,DC-1920,item:268967,0.0
1448,DC-1920,item:268091,0.0
1448,DC-1920,item:268967,0.0
1449,DC-1920,item:268091,0.0
1449,DC-1920,item:268967,0.0
1450,DC-1920,item:268091,0.0
1450,DC-1920,item:268967,0.0
1451,DC-1920,item:268091,0.0
1451,DC-1920,item:268967,0.0
1452,DC-1920,item:268091,0.0
1452,DC-1920,item:268967,0.0
1453,DC-1920,item:268091,0.0
1453,DC-1920,item:268967,0.0
1454,DC-1920,item:268091,0.0
1454,DC-1920,item:268967,0.0
1455,DC-1920,item:268091,0.0
1455,DC-1920,item:268967,0.0
1456,DC-1920,item:268091,0.0
1456,DC-1920,item:268967,0.0
1457,DC-1920,item:268091,0.0
1457,DC-1920,item:268967,0.0
1458,DC-1920,item:268091,0.0
1458,DC-1920,item:268967,0.0
1459,DC-1920,item:268091,0.0
1459,DC-1920,item:268967,0.0
1460,DC-1920,item:268091,0.0
1460,DC-1920,item:268967,0.0
1461,DC-1920,item:268091,0.0
1461,DC-1920,item:268967,0.0
1462,DC-1920,item:268091,0.0
1462,DC-1920,item:268967,0.0
1463,DC-1920,item:268091,0.0
1463,DC-1920,item:268967,0.0
1464,DC-1920,item:268091,0.0
1464,DC-1920,item:268967,0.0
1465,DC-1920,item:268091,0.0
1465,DC-1920,item:268967,0.0
1466,DC-1920,item:268091,0.0
1466,DC-1920,item:268967,0.0
1467,DC-1920,item:268091,0.0
1467,DC-1920,item:268967,0.0
1468,DC-1920,item:268091,0.0
1468,DC-1920,item:268967,0.0
1469,DC-1920,item:268091,0.0
1469,DC-1920,item:268967,0.0
1470,DC-1920,item:268091,0.0
1470,DC-1920,item:268967,0.0
1471,DC-1920,item:268091,0.0
1471,DC-1920,item:268967,0.0
1472,DC-1920,item:268091,0.0
1472,DC-1920,item:268967,0.0
1473,DC-1920,item:268091,0.0
1473,DC-1920,item:268967,0.0
1474,DC-1920,item:268091,0.0
1474,DC-1920,item:268967,0.0
1475,DC-1920,item:268091,0.0
1475,DC-1920,item:268967,0.0
1476,DC-1920,item:268091,0.0
1476,DC-1920,item:268967,0.0
1477,DC-1920,item:268091,0.0
1477,DC-1920,item:268967,0.0
1478,DC-1920,item:268091,0.0
1478,DC-1920,item:268967,0.0
1479,DC-1920,item:268091,0.0
1479,DC-1920,item:268967,0.0
1480,DC-1920,item:268091,0.0
1480,DC-1920,item:268967,0.0
1481,DC-1920,item:268091,0.0
1481,DC-1920,item:268967,0.0
1482,DC-1920,item:268091,0.0
1482,DC-1920,item:268967,0.0
1483,DC-1920,item:268091,0.0
1483,DC-1920,item:268967,0.0
1484,DC-1920,item:268091,0.0
1484,DC-1920,item:268967,0.0
1485,DC-1920,item:268091,0.0
1485,DC-1920,item:268967,0.0
1486,DC-1920,item:268091,0.0
1486,DC-1920,item:268967,0.0
1487,DC-1920,item:268091,0.0
1487,DC-1920,item:268967,0.0
1488,DC-1920,item:268091,0.0
1488,DC-1920,item:268967,0.0
1489,DC-1920,item:268091,0.0
1489,DC-1920,item:268967,0.0
1490,DC-1920,item:268091,0.0
1490,DC-1920,item:268967,0.0
1491,DC-1920,item:268091,0.0
1491,DC-1920,item:268967,0.0
1492,DC-1920,item:268091,0.0
1492,DC-1920,item:268967,0.0
1493,DC-1920,item:268091,0.0
1493,DC-1920,item:268967,0.0
1494,DC-1920,item:268091,0.0
1494,DC-1920,item:268967,0.0
1495,DC-1920,item:268091,0.0
1495,DC-1920,item:268967,0.0
1496,DC-1920,item:268091,0.0
1496,DC-1920,item:268967,0.0
1497,DC-1920,item:268091,0.0
1497,DC-1920,item:268967,0.0
1498,DC-1920,item:268091,0.0
1498,DC-1920,item:268967,0.0
1499,DC-1920,item:268091,0.0
1499,DC-1920,item:268967,0.0
1500,DC-1920,item:268091,0.0
1500,DC-1920,item:268967,0.0
1501,DC-1920,item:268091,0.0
1501,DC-1920,item:268967,0.0
1502,DC-1920,item:268091,0.0
1502,DC-1920,item:268967,0.0
1503,DC-1920,item:268091,0.0
1503,DC-1920,item:268967,0.0
1504,DC-1920,item:268091,0.0
1504,DC-1920,item:268967,0.0
1505,DC-1920,item:268091,0.0
1505,DC-1920,item:268967,0.0
1506,DC-1920,item:268091,0.0
1506,DC-1920,item:268967,0.0
1507,DC-1920,item:268091,0.0
1507,DC-1920,item:268967,0.0
1508,DC-1920,item:268091,0.0
1508,DC-1920,item:268967,0.0
1509,DC-1920,item:268091,0.0
1509,DC-1920,item:268967,0.0
1510,DC-1920,item:268091,0.0
1510,DC-1920,item:268967,0.0
1511,DC-1920,item:268091,0.0
1511,DC-1920,item:268967,0.0
1512,DC-1920,item:268091,0.0
1512,DC-1920,item:268967,0.0
1513,DC-1920,item:268091,0.0
1513,DC-1920,item:268967,0.0
1514,DC-1920,item:268091,0.0
1514,DC-1920,item:268967,0.0
1515,DC-1920,item:268091,0.0
1515,DC-1920,item:268967,0.0
1516,DC-1920,item:268091,0.0
1516,DC-1920,item:268967,0.0
1517,DC-1920,item:268091,0.0
1517,DC-1920,item:268967,0.0
1518,DC-1920,item:268091,0.0
1518,DC-1920,item:268967,0.0
1519,DC-1920,item:268091,0.0
1519,DC-1920,item:268967,0.0
1520,DC-1920,item:268091,0.0
1520,DC-1920,item:268967,0.0
1521,DC-1920,item:268091,0.0
1521,DC-1920,item:268967,0.0
1522,DC-1920,item:268091,0.0
1522,DC-1920,item:268967,0.0
1523,DC-1920,item:268091,0.0
1523,DC-1920,item:268967,0.0
1524,DC-1920,item:268091,0.0
1524,DC-1920,item:268967,0.0
1525,DC-1920,item:268091,0.0
1525,DC-1920,item:268967,0.0
1526,DC-1920,item:268091,0.0
1526,DC-1920,item:268967,0.0
1527,DC-1920,item:268091,0.0
1527,DC-1920,item:268967,0.0
1528,DC-1920,item:268091,0.0
1528,DC-1920,item:268967,0.0
1529,DC-1920,item:268091,0.0
1529,DC-1920,item:268967,0.0
1530,DC-1920,item:268091,0.0
1530,DC-1920,item:268967,0.0
1531,DC-1920,item:268091,0.0
1531,DC-1920,item:268967,0.0
1532,DC-1920,item:268091,0.0
1532,DC-1920,item:268967,0.0
1533,DC-1920,item:268091,0.0
1533,DC-1920,item:268967,0.0
1534,DC-1920,item:268091,0.0
1534,DC-1920,item:268967,0.0
1535,DC-1920,item:268091,0.0
1535,DC-1920,item:268967,0.0
1536,DC-1920,item:268091,0.0
1536,DC-1920,item:268967,0.0
1537,DC-1920,item:268091,0.0
1537,DC-1920,item:268967,0.0
1538,DC-1920,item:268091,0.0
1538,DC-1920,item:268967,0.0
1539,DC-1920,item:268091,0.0
1539,DC-1920,item:268967,0.0
1540,DC-1920,item:268091,0.0
1540,DC-1920,item:268967,0.0
1541,DC-1920,item:268091,0.0
1541,DC-1920,item:268967,0.0
1542,DC-1920,item:268091,0.0
1542,DC-1920,item:268967,0.0
1543,DC-1920,item:268091,0.0
1543,DC-1920,item:268967,0.0
1544,DC-1920,item:268091,0.0
1544,DC-1920,item:268967,0.0
1545,DC-1920,item:268091,0.0
1545,DC-1920,item:268967,0.0
1546,DC-1920,item:268091,0.0
1546,DC-1920,item:268967,0.0
1547,DC-1920,item:268091,0.0
1547,DC-1920,item:268967,0.0
1548,DC-1920,item:268091,0.0
1548,DC-1920,item:268967,0.0
1549,DC-1920,item:268091,0.0
1549,DC-1920,item:268967,0.0
1550,DC-1920,item:268091,0.0
1550,DC-1920,item:268967,0.0
1551,DC-1920,item:268091,0.0
1551,DC-1920,item:268967,0.0
1552,DC-1920,item:268091,0.0
1552,DC-1920,item:268967,0.0
1553,DC-1920,item:268091,0.0
1553,DC-1920,item:268967,0.0
1554,DC-1920,item:268091,0.0
1554,DC-1920,item:268967,0.0
1555,DC-1920,item:268091,0.0
1555,DC-1920,item:268967,0.0
1556,DC-1920,item:268091,0.0
1556,DC-1920,item:268967,0.0
1557,DC-1920,item:268091,0.0
1557,DC-1920,item:268967,0.0
1558,DC-1920,item:268091,0.0
1558,DC-1920,item:268967,0.0
1559,DC-1920,item:268091,0.0
1559,DC-1920,item:268967,0.0
1560,DC-1920,item:268091,0.0
1560,DC-1920,item:268967,0.0
1561,DC-1920,item:268091,0.0
1561,DC-1920,item:268967,0.0
1562,DC-1920,item:268091,0.0
1562,DC-1920,item:268967,0.0
1563,DC-1920,item:268091,0.0
1563,DC-1920,item:268967,0.0
1564,DC-1920,item:268091,0.0
1564,DC-1920,item:268967,0.0
1565,DC-1920,item:268091,0.0
1565,DC-1920,item:268967,0.0
1566,DC-1920,item:268091,0.0
1566,DC-1920,item:268967,0.0
1567,DC-1920,item:268091,0.0
1567,DC-1920,item:268967,0.0
1568,DC-1920,item:268091,0.0
1568,DC-1920,item:268967,0.0
1569,DC-1920,item:268091,0.0
1569,DC-1920,item:268967,0.0
1570,DC-1920,item:268091,0.0
1570,DC-1920,item:268967,0.0
1571,DC-1920,item:268091,0.0
1571,DC-1920,item:268967,0.0
1572,DC-1920,item:268091,0.0
1572,DC-1920,item:268967,0.0
1573,DC-1920,item:268091,0.0
1573,DC-1920,item:268967,0.0
1574,DC-1920,item:268091,0.0
1574,DC-1920,item:268967,0.0
1575,DC-1920,item:268091,0.0
1575,DC-1920,item:268967,0.0
1576,DC-1920,item:268091,0.0
1576,DC-1920,item:268967,0.0
1577,DC-1920,item:268091,0.0
1577,DC-1920,item:268967,0.0
1578,DC-1920,item:268091,0.0
1578,DC-1920,item:268967,0.0
1579,DC-1920,item:268091,0.0
1579,DC-1920,item:268967,0.0
1580,DC-1920,item:268091,0.0
1580,DC-1920,item:268967,0.0
1581,DC-1920,item:268091,0.0
1581,DC-1920,item:268967,0.0
1582,DC-1920,item:268091,0.0
1582,DC-1920,item:268967,0.0
1583,DC-1920,item:268091,0.0
1583,DC-1920,item:268967,0.0
1584,DC-1920,item:268091,0.0
1584,DC-1920,item:268967,0.0
1585,DC-1920,item:268091,0.0
1585,DC-1920,item:268967,0.0
1586,DC-1920,item:268091,0.0
1586,DC-1920,item:268967,0.0
1587,DC-1920,item:268091,0.0
1587,DC-1920,item:268967,0.0
1588,DC-1920,item:268091,0.0
1588,DC-1920,item:268967,0.0
1589,DC-1920,item:268091,0.0
1589,DC-1920,item:268967,0.0
1590,DC-1920,item:268091,0.0
1590,DC-1920,item:268967,0.0
1591,DC-1920,item:268091,0.0
1591,DC-1920,item:268967,0.0
1592,DC-1920,item:268091,0.0
1592,DC-1920,item:268967,0.0
1593,DC-1920,item:268091,0.0
1593,DC-1920,item:268967,0.0
1594,DC-1920,item:268091,0.0
1594,DC-1920,item:268967,0.0
1595,DC-1920,item:268091,0.0
1595,DC-1920,item:268967,0.0
1596,DC-1920,item:268091,0.0
1596,DC-1920,item:268967,0.0
1597,DC-1920,item:268091,0.0
1597,DC-1920,item:268967,0.0
1598,DC-1920,item:268091,0.0
1598,DC-1920,item:268967,0.0
1599,DC-1920,item:268091,0.0
1599,DC-1920,item:268967,0.0
1600,DC-1920,item:268091,0.0
1600,DC-1920,item:268967,0.0
1601,DC-1920,item:268091,0.0
1601,DC-1920,item:268967,0.0
1602,DC-1920,item:268091,0.0
1602,DC-1920,item:268967,0.0
1603,DC-1920,item:268091,0.0
1603,DC-1920,item:268967,0.0
1604,DC-1920,item:268091,0.0
1604,DC-1920,item:268967,0.0
1605,DC-1920,item:268091,0.0
1605,DC-1920,item:268967,0.0
1606,DC-1920,item:268091,0.0
1606,DC-1920,item:268967,0.0
1607,DC-1920,item:268091,0.0
1607,DC-1920,item:268967,0.0
1608,DC-1920,item:268091,0.0
1608,DC-1920,item:268967,0.0
1609,DC-1920,item:268091,0.0
1609,DC-1920,item:268967,0.0
1610,DC-1920,item:268091,0.0
1610,DC-1920,item:268967,0.0
1611,DC-1920,item:268091,0.0
1611,DC-1920,item:268967,0.0
1612,DC-1920,item:268091,0.0
1612,DC-1920,item:268967,0.0
1613,DC-1920,item:268091,0.0
1613,DC-1920,item:268967,0.0
1614,DC-1920,item:268091,0.0
1614,DC-1920,item:268967,0.0
1615,DC-1920,item:268091,0.0
1615,DC-1920,item:268967,0.0
1616,DC-1920,item:268091,0.0
1616,DC-1920,item:268967,0.0
1617,DC-1920,item:268091,0.0
1617,DC-1920,item:268967,0.0
1618,DC-1920,item:268091,0.0
1618,DC-1920,item:268967,0.0
1619,DC-1920,item:268091,0.0
1619,DC-1920,item:268967,0.0
1620,DC-1920,item:268091,0.0
1620,DC-1920,item:268967,0.0
1621,DC-1920,item:268091,0.0
1621,DC-1920,item:268967,0.0
1622,DC-1920,item:268091,0.0
1622,DC-1920,item:268967,0.0
1623,DC-1920,item:268091,0.0
1623,DC-1920,item:268967,0.0
1624,DC-1920,item:268091,0.0
1624,DC-1920,item:268967,0.0
1625,DC-1920,item:268091,0.0
1625,DC-1920,item:268967,0.0
1626,DC-1920,item:268091,0.0
1626,DC-1920,item:268967,0.0
1627,DC-1920,item:268091,0.0
1627,DC-1920,item:268967,0.0
1628,DC-1920,item:268091,0.0
1628,DC-1920,item:268967,0.0
1629,DC-1920,item:268091,0.0
1629,DC-1920,item:268967,0.0
1630,DC-1920,item:268091,0.0
1630,DC-1920,item:268967,0.0
1631,DC-1920,item:268091,0.0
1631,DC-1920,item:268967,0.0
1632,DC-1920,item:268091,0.0
1632,DC-1920,item:268967,0.0
1633,DC-1920,item:268091,0.0
1633,DC-1920,item:268967,0.0
1634,DC-1920,item:268091,0.0
1634,DC-1920,item:268967,0.0
1635,DC-1920,item:268091,0.0
1635,DC-1920,item:268967,0.0
1636,DC-1920,item:268091,0.0
1636,DC-1920,item:268967,0.0
1637,DC-1920,item:268091,0.0
1637,DC-1920,item:268967,0.0
1638,DC-1920,item:268091,0.0
1638,DC-1920,item:268967,0.0
1639,DC-1920,item:268091,0.0
1639,DC-1920,item:268967,0.0
1640,DC-1920,item:268091,0.0
1640,DC-1920,item:268967,0.0
1641,DC-1920,item:268091,0.0
1641,DC-1920,item:268967,0.0
1642,DC-1920,item:268091,0.0
1642,DC-1920,item:268967,0.0
1643,DC-1920,item:268091,0.0
1643,DC-1920,item:268967,0.0
1644,DC-1920,item:268091,0.0
1644,DC-1920,item:268967,0.0
1645,DC-1920,item:268091,0.0
1645,DC-1920,item:268967,0.0
1646,DC-1920,item:268091,0.0
1646,DC-1920,item:268967,0.0
1647,DC-1920,item:268091,0.0
1647,DC-1920,item:268967,0.0
1648,DC-1920,item:268091,0.0
1648,DC-1920,item:268967,0.0
1649,DC-1920,item:268091,0.0
1649,DC-1920,item:268967,0.0
1650,DC-1920,item:268091,0.0
1650,DC-1920,item:268967,0.0
1651,DC-1920,item:268091,0.0
1651,DC-1920,item:268967,0.0
1652,DC-1920,item:268091,0.0
1652,DC-1920,item:268967,0.0
1653,DC-1920,item:268091,0.0
1653,DC-1920,item:268967,0.0
1654,DC-1920,item:268091,0.0
1654,DC-1920,item:268967,0.0
1655,DC-1920,item:268091,0.0
1655,DC-1920,item:268967,0.0
1656,DC-1920,item:268091,0.0
1656,DC-1920,item:268967,0.0
1657,DC-1920,item:268091,0.0
1657,DC-1920,item:268967,0.0
1658,DC-1920,item:268091,0.0
1658,DC-1920,item:268967,0.0
1659,DC-1920,item:268091,0.0
1659,DC-1920,item:268967,0.0
1660,DC-1920,item:268091,0.0
1660,DC-1920,item:268967,0.0
1661,DC-1920,item:268091,0.0
1661,DC-1920,item:268967,0.0
1662,DC-1920,item:268091,0.0
1662,DC-1920,item:268967,0.0
1663,DC-1920,item:268091,0.0
1663,DC-1920,item:268967,0.0
1664,DC-1920,item:268091,0.0
1664,DC-1920,item:268967,0.0
1665,DC-1920,item:268091,0.0
1665,DC-1920,item:268967,0.0
1666,DC-1920,item:268091,0.0
1666,DC-1920,item:268967,0.0
1667,DC-1920,item:268091,0.0
1667,DC-1920,item:268967,0.0
1668,DC-1920,item:268091,0.0
1668,DC-1920,item:268967,0.0
1669,DC-1920,item:268091,0.0
1669,DC-1920,item:268967,0.0
1670,DC-1920,item:268091,0.0
1670,DC-1920,item:268967,0.0
1671,DC-1920,item:268091,0.0
1671,DC-1920,item:268967,0.0
1672,DC-1920,item:268091,0.0
1672,DC-1920,item:268967,0.0
1673,DC-1920,item:268091,0.0
1673,DC-1920,item:268967,0.0
1674,DC-1920,item:268091,0.0
1674,DC-1920,item:268967,0.0
1675,DC-1920,item:268091,0.0
1675,DC-1920,item:268967,0.0
1676,DC-1920,item:268091,0.0
1676,DC-1920,item:268967,0.0
1677,DC-1920,item:268091,0.0
1677,DC-1920,item:268967,0.0
1678,DC-1920,item:268091,0.0
1678,DC-1920,item:268967,0.0
1679,DC-1920,item:268091,0.0
1679,DC-1920,item:268967,0.0
1680,DC-1920,item:268091,0.0
1680,DC-1920,item:268967,0.0
1681,DC-1920,item:268091,0.0
1681,DC-1920,item:268967,0.0
1682,DC-1920,item:268091,0.0
1682,DC-1920,item:268967,0.0
1683,DC-1920,item:268091,0.0
1683,DC-1920,item:268967,0.0
1684,DC-1920,item:268091,0.0
1684,DC-1920,item:268967,0.0
1685,DC-1920,item:268091,0.0
1685,DC-1920,item:268967,0.0
1686,DC-1920,item:268091,0.0
1686,DC-1920,item:268967,0.0
1687,DC-1920,item:268091,0.0
1687,DC-1920,item:268967,0.0
1688,DC-1920,item:268091,0.0
1688,DC-1920,item:268967,0.0
1689,DC-1920,item:268091,0.0
1689,DC-1920,item:268967,0.0
1690,DC-1920,item:268091,0.0
1690,DC-1920,item:268967,0.0
1691,DC-1920,item:268091,0.0
1691,DC-1920,item:268967,0.0
1692,DC-1920,item:268091,0.0
1692,DC-1920,item:268967,0.0
1693,DC-1920,item:268091,0.0
1693,DC-1920,item:268967,0.0
1694,DC-1920,item:268091,0.0
1694,DC-1920,item:268967,0.0
1695,DC-1920,item:268091,0.0
1695,DC-1920,item:268967,0.0
1696,DC-1920,item:268091,0.0
1696,DC-1920,item:268967,0.0
1697,DC-1920,item:268091,0.0
1697,DC-1920,item:268967,0.0
1698,DC-1920,item:268091,0.0
1698,DC-1920,item:268967,0.0
1699,DC-1920,item:268091,0.0
1699,DC-1920,item:268967,0.0
1700,DC-1920,item:268091,0.0
1700,DC-1920,item:268967,0.0
1701,DC-1920,item:268091,0.0
1701,DC-1920,item:268967,0.0
1702,DC-1920,item:268091,0.0
1702,DC-1920,item:268967,0.0
1703,DC-1920,item:268091,0.0
1703,DC-1920,item:268967,0.0
1704,DC-1920,item:268091,0.0
1704,DC-1920,item:268967,0.0
1705,DC-1920,item:268091,0.0
1705,DC-1920,item:268967,0.0
1706,DC-1920,item:268091,0.0
1706,DC-1920,item:268967,0.0
1707,DC-1920,item:268091,0.0
1707,DC-1920,item:268967,0.0
1708,DC-1920,item:268091,0.0
1708,DC-1920,item:268967,0.0
1709,DC-1920,item:268091,0.0
1709,DC-1920,item:268967,0.0
1710,DC-1920,item:268091,0.0
1710,DC-1920,item:268967,0.0
1711,DC-1920,item:268091,0.0
1711,DC-1920,item:268967,0.0
1712,DC-1920,item:268091,0.0
1712,DC-1920,item:268967,0.0
1713,DC-1920,item:268091,0.0
1713,DC-1920,item:268967,0.0
1714,DC-1920,item:268091,0.0
1714,DC-1920,item:268967,0.0
1715,DC-1920,item:268091,0.0
1715,DC-1920,item:268967,0.0
1716,DC-1920,item:268091,0.0
1716,DC-1920,item:268967,0.0
1717,DC-1920,item:268091,0.0
1717,DC-1920,item:268967,0.0
1718,DC-1920,item:268091,0.0
1718,DC-1920,item:268967,0.0
1719,DC-1920,item:268091,0.0
1719,DC-1920,item:268967,0.0
1720,DC-1920,item:268091,0.0
1720,DC-1920,item:268967,0.0
1721,DC-1920,item:268091,0.0
1721,DC-1920,item:268967,0.0
1722,DC-1920,item:268091,0.0
1722,DC-1920,item:268967,0.0
1723,DC-1920,item:268091,0.0
1723,DC-1920,item:268967,0.0
1724,DC-1920,item:268091,0.0
1724,DC-1920,item:268967,0.0
1725,DC-1920,item:268091,0.0
1725,DC-1920,item:268967,0.0
1726,DC-1920,item:268091,0.0
1726,DC-1920,item:268967,0.0
1727,DC-1920,item:268091,0.0
1727,DC-1920,item:268967,0.0
1728,DC-1920,item:268091,0.0
1728,DC-1920,item:268967,0.0
1729,DC-1920,item:268091,0.0
1729,DC-1920,item:268967,0.0
1730,DC-1920,item:268091,0.0
1730,DC-1920,item:268967,0.0
1731,DC-1920,item:268091,0.0
1731,DC-1920,item:268967,0.0
1732,DC-1920,item:268091,0.0
1732,DC-1920,item:268967,0.0
1733,DC-1920,item:268091,0.0
1733,DC-1920,item:268967,0.0
1734,DC-1920,item:268091,0.0
1734,DC-1920,item:268967,0.0
1735,DC-1920,item:268091,0.0
1735,DC-1920,item:268967,0.0
1736,DC-1920,item:268091,0.0
1736,DC-1920,item:268967,0.0
1737,DC-1920,item:268091,0.0
1737,DC-1920,item:268967,0.0
1738,DC-1920,item:268091,0.0
1738,DC-1920,item:268967,0.0
1739,DC-1920,item:268091,0.0
1739,DC-1920,item:268967,0.0
1740,DC-1920,item:268091,0.0
1740,DC-1920,item:268967,0.0
1741,DC-1920,item:268091,0.0
1741,DC-1920,item:268967,0.0
1742,DC-1920,item:268091,0.0
1742,DC-1920,item:268967,0.0
1743,DC-1920,item:268091,0.0
1743,DC-1920,item:268967,0.0
1744,DC-1920,item:268091,0.0
1744,DC-1920,item:268967,0.0
1745,DC-1920,item:268091,0.0
1745,DC-1920,item:268967,0.0
1746,DC-1920,item:268091,0.0
1746,DC-1920,item:268967,0.0
1747,DC-1920,item:268091,0.0
1747,DC-1920,item:268967,0.0
1748,DC-1920,item:268091,0.0
1748,DC-1920,item:268967,0.0
1749,DC-1920,item:268091,0.0
1749,DC-1920,item:268967,0.0
1750,DC-1920,item:268091,0.0
1750,DC-1920,item:268967,0.0
1751,DC-1920,item:268091,0.0
1751,DC-1920,item:268967,0.0
1752,DC-1920,item:268091,0.0
1752,DC-1920,item:268967,0.0
1753,DC-1920,item:268091,0.0
1753,DC-1920,item:268967,0.0
1754,DC-1920,item:268091,0.0
1754,DC-1920,item:268967,0.0
1755,DC-1920,item:268091,0.0
1755,DC-1920,item:268967,0.0
1756,DC-1920,item:268091,0.0
1756,DC-1920,item:268967,0.0
1757,DC-1920,item:268091,0.0
1757,DC-1920,item:268967,0.0
1758,DC-1920,item:268091,0.0
1758,DC-1920,item:268967,0.0
1759,DC-1920,item:268091,0.0
1759,DC-1920,item:268967,0.0
1760,DC-1920,item:268091,0.0
1760,DC-1920,item:268967,0.0
1761,DC-1920,item:268091,0.0
1761,DC-1920,item:268967,0.0
1762,DC-1920,item:268091,0.0
1762,DC-1920,item:268967,0.0
1763,DC-1920,item:268091,0.0
1763,DC-1920,item:268967,0.0
1764,DC-1920,item:268091,0.0
1764,DC-1920,item:268967,0.0
1765,DC-1920,item:268091,0.0
1765,DC-1920,item:268967,0.0
1766,DC-1920,item:268091,0.0
1766,DC-1920,item:268967,0.0
1767,DC-1920,item:268091,0.0
1767,DC-1920,item:268967,0.0
1768,DC-1920,item:268091,0.0
1768,DC-1920,item:268967,0.0
1769,DC-1920,item:268091,0.0
1769,DC-1920,item:268967,0.0
1770,DC-1920,item:268091,0.0
1770,DC-1920,item:268967,0.0
1771,DC-1920,item:268091,0.0
1771,DC-1920,item:268967,0.0
1772,DC-1920,item:268091,0.0
1772,DC-1920,item:268967,0.0
1773,DC-1920,item:268091,0.0
1773,DC-1920,item:268967,0.0
1774,DC-1920,item:268091,0.0
1774,DC-1920,item:268967,0.0
1775,DC-1920,item:268091,0.0
1775,DC-1920,item:268967,0.0
1776,DC-1920,item:268091,0.0
1776,DC-1920,item:268967,0.0
1777,DC-1920,item:268091,0.0
1777,DC-1920,item:268967,0.0
1778,DC-1920,item:268091,0.0
1778,DC-1920,item:268967,0.0
1779,DC-1920,item:268091,0.0
1779,DC-1920,item:268967,0.0
1780,DC-1920,item:268091,0.0
1780,DC-1920,item:268967,0.0
1781,DC-1920,item:268091,0.0
1781,DC-1920,item:268967,0.0
1782,DC-1920,item:268091,0.0
1782,DC-1920,item:268967,0.0
1783,DC-1920,item:268091,0.0
1783,DC-1920,item:268967,0.0
1784,DC-1920,item:268091,0.0
1784,DC-1920,item:268967,0.0
1785,DC-1920,item:268091,0.0
1785,DC-1920,item:268967,0.0
1786,DC-1920,item:268091,0.0
1786,DC-1920,item:268967,0.0
1787,DC-1920,item:268091,0.0
1787,DC-1920,item:268967,0.0
1788,DC-1920,item:268091,0.0
1788,DC-1920,item:268967,0.0
1789,DC-1920,item:268091,0.0
1789,DC-1920,item:268967,0.0
1790,DC-1920,item:268091,0.0
1790,DC-1920,item:268967,0.0
1791,DC-1920,item:268091,0.0
1791,DC-1920,item:268967,0.0
1792,DC-1920,item:268091,0.0
1792,DC-1920,item:268967,0.0
1793,DC-1920,item:268091,0.0
1793,DC-1920,item:268967,0.0
1794,DC-1920,item:268091,0.0
1794,DC-1920,item:268967,0.0
1795,DC-1920,item:268091,0.0
1795,DC-1920,item:268967,0.0
1796,DC-1920,item:268091,0.0
1796,DC-1920,item:268967,0.0
1797,DC-1920,item:268091,0.0
1797,DC-1920,item:268967,0.0
1798,DC-1920,item:268091,0.0
1798,DC-1920,item:268967,0.0
1799,DC-1920,item:268091,0.0
1799,DC-1920,item:268967,0.0
1800,DC-1920,item:268091,0.0
1800,DC-1920,item:268967,0.0
1801,DC-1920,item:268091,0.0
1801,DC-1920,item:268967,0.0
1802,DC-1920,item:268091,0.0
1802,DC-1920,item:268967,0.0
1803,DC-1920,item:268091,0.0
1803,DC-1920,item:268967,0.0
1804,DC-1920,item:268091,0.0
1804,DC-1920,item:268967,0.0
1805,DC-1920,item:268091,0.0
1805,DC-1920,item:268967,0.0
1806,DC-1920,item:268091,0.0
1806,DC-1920,item:268967,0.0
1807,DC-1920,item:268091,0.0
1807,DC-1920,item:268967,0.0
1808,DC-1920,item:268091,0.0
1808,DC-1920,item:268967,0.0
1809,DC-1920,item:268091,0.0
1809,DC-1920,item:268967,0.0
1810,DC-1920,item:268091,0.0
1810,DC-1920,item:268967,0.0
1811,DC-1920,item:268091,0.0
1811,DC-1920,item:268967,0.0
1812,DC-1920,item:268091,0.0
1812,DC-1920,item:268967,0.0
1813,DC-1920,item:268091,0.0
1813,DC-1920,item:268967,0.0
1814,DC-1920,item:268091,0.0
1814,DC-1920,item:268967,0.0
1815,DC-1920,item:268091,0.0
1815,DC-1920,item:268967,0.0
1816,DC-1920,item:268091,0.0
1816,DC-1920,item:268967,0.0
1817,DC-1920,item:268091,0.0
1817,DC-1920,item:268967,0.0
1818,DC-1920,item:268091,0.0
1818,DC-1920,item:268967,0.0
1819,DC-1920,item:268091,0.0
1819,DC-1920,item:268967,0.0
1820,DC-1920,item:268091,0.0
1820,DC-1920,item:268967,0.0
1821,DC-1920,item:268091,0.0
1821,DC-1920,item:268967,0.0
1822,DC-1920,item:268091,0.0
1822,DC-1920,item:268967,0.0
1823,DC-1920,item:268091,0.0
1823,DC-1920,item:268967,0.0
1824,DC-1920,item:268091,0.0
1824,DC-1920,item:268967,0.0
