day,node_id,item_id,produced_qty,cum_produced_qty,stock_end_of_day
0,M-1430,item:268967,107800.0,107800.0,107800.0
0,M-1810,item:268091,14400.0,14400.0,14400.0
0,SDC-1450,item:773474,0.0,0.0,9600000.0
1,M-1430,item:268967,0.0,107800.0,107800.0
1,M-1810,item:268091,0.0,14400.0,14400.0
1,SDC-1450,item:773474,0.0,0.0,7680000.0
2,M-1430,item:268967,0.0,107800.0,43500.142854
2,M-1810,item:268091,14400.0,28800.0,14400.0
2,SDC-1450,item:773474,3200000.0,3200000.0,9344000.0
3,M-1430,item:268967,0.0,107800.0,0.0
3,M-1810,item:268091,14400.0,43200.0,14400.0
3,SDC-1450,item:773474,0.0,3200000.0,7475200.0
4,M-1430,item:268967,0.0,107800.0,0.0
4,M-1810,item:268091,14400.0,57600.0,14400.0
4,SDC-1450,item:773474,3200000.0,6400000.0,9180160.0
5,M-1430,item:268967,0.0,107800.0,0.0
5,M-1810,item:268091,14400.0,72000.0,14400.0
5,SDC-1450,item:773474,0.0,6400000.0,7344128.0
6,M-1430,item:268967,0.0,107800.0,0.0
6,M-1810,item:268091,14400.0,86400.0,14400.0
6,SDC-1450,item:773474,3200000.0,9600000.0,9075303.0
7,M-1430,item:268967,0.0,107800.0,0.0
7,M-1810,item:268091,14400.0,100800.0,14400.0
7,SDC-1450,item:773474,0.0,9600000.0,7260243.0
8,M-1430,item:268967,0.0,107800.0,0.0
8,M-1810,item:268091,14400.0,115200.0,14400.0
8,SDC-1450,item:773474,3200000.0,12800000.0,9008195.0
9,M-1430,item:268967,0.0,107800.0,0.0
9,M-1810,item:268091,14400.0,129600.0,14400.0
9,SDC-1450,item:773474,0.0,12800000.0,7206556.0
10,M-1430,item:268967,0.0,107800.0,0.0
10,M-1810,item:268091,14400.0,144000.0,14400.0
10,SDC-1450,item:773474,3200000.0,16000000.0,8965245.0
11,M-1430,item:268967,0.0,107800.0,0.0
11,M-1810,item:268091,14400.0,158400.0,14400.0
11,SDC-1450,item:773474,0.0,16000000.0,7172196.0
12,M-1430,item:268967,0.0,107800.0,0.0
12,M-1810,item:268091,14400.0,172800.0,14400.0
12,SDC-1450,item:773474,3200000.0,19200000.0,8937757.0
13,M-1430,item:268967,0.0,107800.0,0.0
13,M-1810,item:268091,14400.0,187200.0,14400.0
13,SDC-1450,item:773474,0.0,19200000.0,7150206.0
14,M-1430,item:268967,0.0,107800.0,0.0
14,M-1810,item:268091,14400.0,201600.0,14400.0
14,SDC-1450,item:773474,3200000.0,22400000.0,8920165.0
15,M-1430,item:268967,0.0,107800.0,0.0
15,M-1810,item:268091,14400.0,216000.0,14400.0
15,SDC-1450,item:773474,0.0,22400000.0,7136132.0
16,M-1430,item:268967,0.0,107800.0,0.0
16,M-1810,item:268091,14400.0,230400.0,14400.0
16,SDC-1450,item:773474,3200000.0,25600000.0,8908906.0
17,M-1430,item:268967,0.0,107800.0,0.0
17,M-1810,item:268091,14400.0,244800.0,14400.0
17,SDC-1450,item:773474,0.0,25600000.0,7127125.0
18,M-1430,item:268967,0.0,107800.0,0.0
18,M-1810,item:268091,14400.0,259200.0,14400.0
18,SDC-1450,item:773474,3200000.0,28800000.0,8901700.0
19,M-1430,item:268967,0.0,107800.0,0.0
19,M-1810,item:268091,0.0,259200.0,4057.551016
19,SDC-1450,item:773474,0.0,28800000.0,7121360.0
20,M-1430,item:268967,0.0,107800.0,0.0
20,M-1810,item:268091,14400.0,273600.0,14400.0
20,SDC-1450,item:773474,3200000.0,32000000.0,8897088.0
21,M-1430,item:268967,0.0,107800.0,0.0
21,M-1810,item:268091,0.0,273600.0,2593.040817
21,SDC-1450,item:773474,0.0,32000000.0,7117671.0
22,M-1430,item:268967,0.0,107800.0,0.0
22,M-1810,item:268091,14400.0,288000.0,14400.0
22,SDC-1450,item:773474,3200000.0,35200000.0,8894137.0
23,M-1430,item:268967,0.0,107800.0,0.0
23,M-1810,item:268091,0.0,288000.0,139660.0
23,SDC-1450,item:773474,0.0,35200000.0,7115310.0
24,M-1430,item:268967,0.0,107800.0,0.0
24,M-1810,item:268091,0.0,288000.0,99480.897952
24,SDC-1450,item:773474,3200000.0,38400000.0,8892248.0
25,M-1430,item:268967,0.0,107800.0,0.0
25,M-1810,item:268091,0.0,288000.0,65084.448967
25,SDC-1450,item:773474,0.0,38400000.0,7113799.0
26,M-1430,item:268967,0.0,107800.0,0.0
26,M-1810,item:268091,0.0,288000.0,22261.551004
26,SDC-1450,item:773474,3200000.0,41600000.0,8891040.0
27,M-1430,item:268967,0.0,107800.0,0.0
27,M-1810,item:268091,0.0,288000.0,22261.551004
27,SDC-1450,item:773474,0.0,41600000.0,7112832.0
28,M-1430,item:268967,0.0,107800.0,0.0
28,M-1810,item:268091,0.0,288000.0,22261.551004
28,SDC-1450,item:773474,3200000.0,44800000.0,8890266.0
29,M-1430,item:268967,0.0,107800.0,0.0
29,M-1810,item:268091,0.0,288000.0,22261.551004
29,SDC-1450,item:773474,0.0,44800000.0,7112213.0
30,M-1430,item:268967,0.0,107800.0,0.0
30,M-1810,item:268091,0.0,288000.0,22261.551004
30,SDC-1450,item:773474,3200000.0,48000000.0,8889771.0
31,M-1430,item:268967,0.0,107800.0,0.0
31,M-1810,item:268091,0.0,288000.0,22261.551004
31,SDC-1450,item:773474,0.0,48000000.0,7111817.0
32,M-1430,item:268967,0.0,107800.0,0.0
32,M-1810,item:268091,0.0,288000.0,22261.551004
32,SDC-1450,item:773474,3200000.0,51200000.0,8889454.0
33,M-1430,item:268967,0.0,107800.0,0.0
33,M-1810,item:268091,0.0,288000.0,22261.551004
33,SDC-1450,item:773474,0.0,51200000.0,7111564.0
34,M-1430,item:268967,0.0,107800.0,0.0
34,M-1810,item:268091,0.0,288000.0,22261.551004
34,SDC-1450,item:773474,3200000.0,54400000.0,8889252.0
35,M-1430,item:268967,0.0,107800.0,0.0
35,M-1810,item:268091,0.0,288000.0,120576.551004
35,SDC-1450,item:773474,0.0,54400000.0,7111402.0
36,M-1430,item:268967,0.0,107800.0,0.0
36,M-1810,item:268091,0.0,288000.0,114705.571421
36,SDC-1450,item:773474,3200000.0,57600000.0,8889122.0
37,M-1430,item:268967,0.0,107800.0,0.0
37,M-1810,item:268091,0.0,288000.0,101171.734693
37,SDC-1450,item:773474,0.0,57600000.0,7111298.0
38,M-1430,item:268967,0.0,107800.0,0.0
38,M-1810,item:268091,0.0,288000.0,89173.489794
38,SDC-1450,item:773474,3200000.0,60800000.0,8889039.0
39,M-1430,item:268967,0.0,107800.0,0.0
39,M-1810,item:268091,0.0,288000.0,89173.489794
39,SDC-1450,item:773474,0.0,60800000.0,7111232.0
40,M-1430,item:268967,0.0,107800.0,0.0
40,M-1810,item:268091,0.0,288000.0,83050.387751
40,SDC-1450,item:773474,3200000.0,64000000.0,8888986.0
41,M-1430,item:268967,0.0,107800.0,0.0
41,M-1810,item:268091,0.0,288000.0,70170.836731
41,SDC-1450,item:773474,0.0,64000000.0,7111189.0
42,M-1430,item:268967,0.0,107800.0,0.0
42,M-1810,item:268091,0.0,288000.0,61552.346936
42,SDC-1450,item:773474,3200000.0,67200000.0,8888952.0
43,M-1430,item:268967,0.0,107800.0,0.0
43,M-1810,item:268091,0.0,288000.0,178610.081631
43,SDC-1450,item:773474,0.0,67200000.0,7111162.0
44,M-1430,item:268967,0.0,107800.0,0.0
44,M-1810,item:268091,0.0,288000.0,167433.591836
44,SDC-1450,item:773474,3200000.0,70400000.0,8888930.0
45,M-1430,item:268967,0.0,107800.0,0.0
45,M-1810,item:268091,0.0,288000.0,166374.979591
45,SDC-1450,item:773474,0.0,70400000.0,7111144.0
46,M-1430,item:268967,0.0,107800.0,0.0
46,M-1810,item:268091,0.0,288000.0,160847.510203
46,SDC-1450,item:773474,3200000.0,73600000.0,8888916.0
47,M-1430,item:268967,0.0,107800.0,0.0
47,M-1810,item:268091,0.0,288000.0,139707.346938
47,SDC-1450,item:773474,0.0,73600000.0,7111133.0
48,M-1430,item:268967,0.0,107800.0,0.0
48,M-1810,item:268091,0.0,288000.0,100869.918366
48,SDC-1450,item:773474,3200000.0,76800000.0,8888907.0
49,M-1430,item:268967,0.0,107800.0,0.0
49,M-1810,item:268091,0.0,288000.0,100869.918366
49,SDC-1450,item:773474,0.0,76800000.0,7111126.0
50,M-1430,item:268967,0.0,107800.0,0.0
50,M-1810,item:268091,0.0,288000.0,89065.142857
50,SDC-1450,item:773474,3200000.0,80000000.0,8888901.0
51,M-1430,item:268967,0.0,107800.0,0.0
51,M-1810,item:268091,0.0,288000.0,51945.224488
51,SDC-1450,item:773474,0.0,80000000.0,7111121.0
52,M-1430,item:268967,0.0,107800.0,0.0
52,M-1810,item:268091,0.0,288000.0,13777.877547
52,SDC-1450,item:773474,3200000.0,83200000.0,8888897.0
53,M-1430,item:268967,0.0,107800.0,0.0
53,M-1810,item:268091,14400.0,302400.0,14400.0
53,SDC-1450,item:773474,0.0,83200000.0,7111118.0
54,M-1430,item:268967,0.0,107800.0,0.0
54,M-1810,item:268091,0.0,302400.0,14400.0
54,SDC-1450,item:773474,3200000.0,86400000.0,8888895.0
55,M-1430,item:268967,0.0,107800.0,0.0
55,M-1810,item:268091,0.0,302400.0,141195.0
55,SDC-1450,item:773474,0.0,86400000.0,7111116.0
56,M-1430,item:268967,0.0,107800.0,0.0
56,M-1810,item:268091,0.0,302400.0,141195.0
56,SDC-1450,item:773474,3200000.0,89600000.0,8888893.0
57,M-1430,item:268967,0.0,107800.0,0.0
57,M-1810,item:268091,0.0,302400.0,129221.571432
57,SDC-1450,item:773474,0.0,89600000.0,7111115.0
58,M-1430,item:268967,107800.0,215600.0,107800.0
58,M-1810,item:268091,0.0,302400.0,104951.857151
58,SDC-1450,item:773474,3200000.0,92800000.0,8888892.0
59,M-1430,item:268967,0.0,215600.0,0.0
59,M-1810,item:268091,0.0,302400.0,83920.918376
59,SDC-1450,item:773474,0.0,92800000.0,7111114.0
60,M-1430,item:268967,0.0,215600.0,0.0
60,M-1810,item:268091,0.0,302400.0,83920.918376
60,SDC-1450,item:773474,3200000.0,96000000.0,8888892.0
61,M-1430,item:268967,0.0,215600.0,0.0
61,M-1810,item:268091,0.0,302400.0,95220.918376
61,SDC-1450,item:773474,0.0,96000000.0,10311114.0
62,M-1430,item:268967,0.0,215600.0,0.0
62,M-1810,item:268091,0.0,302400.0,95220.918376
62,SDC-1450,item:773474,0.0,96000000.0,8248892.0
63,M-1430,item:268967,0.0,215600.0,0.0
63,M-1810,item:268091,0.0,302400.0,229591.204083
63,SDC-1450,item:773474,0.0,96000000.0,6599114.0
64,M-1430,item:268967,0.0,215600.0,0.0
64,M-1810,item:268091,0.0,302400.0,356841.428565
64,SDC-1450,item:773474,3200000.0,99200000.0,8479292.0
65,M-1430,item:268967,0.0,215600.0,0.0
65,M-1810,item:268091,0.0,302400.0,335505.510189
65,SDC-1450,item:773474,0.0,99200000.0,6783434.0
66,M-1430,item:268967,0.0,215600.0,0.0
66,M-1810,item:268091,0.0,302400.0,321178.775494
66,SDC-1450,item:773474,3200000.0,102400000.0,8626748.0
67,M-1430,item:268967,0.0,215600.0,0.0
67,M-1810,item:268091,0.0,302400.0,299569.142841
67,SDC-1450,item:773474,0.0,102400000.0,6901399.0
68,M-1430,item:268967,0.0,215600.0,0.0
68,M-1810,item:268091,0.0,302400.0,299569.142841
68,SDC-1450,item:773474,3200000.0,105600000.0,8721120.0
69,M-1430,item:268967,0.0,215600.0,0.0
69,M-1810,item:268091,0.0,302400.0,299569.142841
69,SDC-1450,item:773474,0.0,105600000.0,6976896.0
70,M-1430,item:268967,0.0,215600.0,0.0
70,M-1810,item:268091,0.0,302400.0,299569.142841
70,SDC-1450,item:773474,3200000.0,108800000.0,8781517.0
71,M-1430,item:268967,0.0,215600.0,0.0
71,M-1810,item:268091,0.0,302400.0,299569.142841
71,SDC-1450,item:773474,0.0,108800000.0,7025214.0
72,M-1430,item:268967,0.0,215600.0,0.0
72,M-1810,item:268091,0.0,302400.0,295829.428572
72,SDC-1450,item:773474,3200000.0,112000000.0,8820172.0
73,M-1430,item:268967,0.0,215600.0,0.0
73,M-1810,item:268091,0.0,302400.0,283236.612245
73,SDC-1450,item:773474,0.0,112000000.0,7056138.0
74,M-1430,item:268967,0.0,215600.0,0.0
74,M-1810,item:268091,0.0,302400.0,257761.020408
74,SDC-1450,item:773474,3200000.0,115200000.0,8844911.0
75,M-1430,item:268967,0.0,215600.0,0.0
75,M-1810,item:268091,0.0,302400.0,231705.510204
75,SDC-1450,item:773474,0.0,115200000.0,7075929.0
76,M-1430,item:268967,0.0,215600.0,0.0
76,M-1810,item:268091,0.0,302400.0,278357.897958
76,SDC-1450,item:773474,3200000.0,118400000.0,8860744.0
77,M-1430,item:268967,0.0,215600.0,0.0
77,M-1810,item:268091,0.0,302400.0,276618.142856
77,SDC-1450,item:773474,0.0,118400000.0,7088596.0
78,M-1430,item:268967,0.0,215600.0,0.0
78,M-1810,item:268091,0.0,302400.0,274878.387754
78,SDC-1450,item:773474,3200000.0,121600000.0,8870877.0
79,M-1430,item:268967,0.0,215600.0,0.0
79,M-1810,item:268091,0.0,302400.0,260545.816325
79,SDC-1450,item:773474,0.0,121600000.0,7096702.0
80,M-1430,item:268967,0.0,215600.0,0.0
80,M-1810,item:268091,0.0,302400.0,238953.999998
80,SDC-1450,item:773474,3200000.0,124800000.0,8877362.0
81,M-1430,item:268967,0.0,215600.0,0.0
81,M-1810,item:268091,0.0,302400.0,219361.183671
81,SDC-1450,item:773474,0.0,124800000.0,7101890.0
82,M-1430,item:268967,0.0,215600.0,0.0
82,M-1810,item:268091,0.0,302400.0,186442.653059
82,SDC-1450,item:773474,0.0,124800000.0,5681512.0
83,M-1430,item:268967,0.0,215600.0,0.0
83,M-1810,item:268091,0.0,302400.0,140096.122446
83,SDC-1450,item:773474,0.0,124800000.0,4545210.0
84,M-1430,item:268967,0.0,215600.0,0.0
84,M-1810,item:268091,0.0,302400.0,132730.653058
84,SDC-1450,item:773474,0.0,124800000.0,3636168.0
85,M-1430,item:268967,0.0,215600.0,0.0
85,M-1810,item:268091,0.0,302400.0,132730.653058
85,SDC-1450,item:773474,0.0,124800000.0,2908935.0
86,M-1430,item:268967,0.0,215600.0,0.0
86,M-1810,item:268091,0.0,302400.0,132730.653058
86,SDC-1450,item:773474,0.0,124800000.0,2327148.0
87,M-1430,item:268967,0.0,215600.0,0.0
87,M-1810,item:268091,0.0,302400.0,132730.653058
87,SDC-1450,item:773474,0.0,124800000.0,1861719.0
88,M-1430,item:268967,0.0,215600.0,0.0
88,M-1810,item:268091,0.0,302400.0,132730.653058
88,SDC-1450,item:773474,0.0,124800000.0,1489376.0
89,M-1430,item:268967,0.0,215600.0,0.0
89,M-1810,item:268091,0.0,302400.0,132730.653058
89,SDC-1450,item:773474,0.0,124800000.0,1191501.0
90,M-1430,item:268967,0.0,215600.0,0.0
90,M-1810,item:268091,0.0,302400.0,132730.653058
90,SDC-1450,item:773474,0.0,124800000.0,953201.0
91,M-1430,item:268967,0.0,215600.0,0.0
91,M-1810,item:268091,0.0,302400.0,132730.653058
91,SDC-1450,item:773474,0.0,124800000.0,762561.0
92,M-1430,item:268967,0.0,215600.0,0.0
92,M-1810,item:268091,0.0,302400.0,132730.653058
92,SDC-1450,item:773474,0.0,124800000.0,610049.0
93,M-1430,item:268967,0.0,215600.0,0.0
93,M-1810,item:268091,0.0,302400.0,274525.653058
93,SDC-1450,item:773474,0.0,124800000.0,488040.0
94,M-1430,item:268967,0.0,215600.0,0.0
94,M-1810,item:268091,0.0,302400.0,274525.653058
94,SDC-1450,item:773474,0.0,124800000.0,390432.0
95,M-1430,item:268967,0.0,215600.0,0.0
95,M-1810,item:268091,0.0,302400.0,274525.653058
95,SDC-1450,item:773474,0.0,124800000.0,312346.0
96,M-1430,item:268967,0.0,215600.0,0.0
96,M-1810,item:268091,0.0,302400.0,277852.897956
96,SDC-1450,item:773474,0.0,124800000.0,249877.0
97,M-1430,item:268967,0.0,215600.0,0.0
97,M-1810,item:268091,0.0,302400.0,266047.877548
97,SDC-1450,item:773474,0.0,124800000.0,199902.0
98,M-1430,item:268967,0.0,215600.0,0.0
98,M-1810,item:268091,0.0,302400.0,242744.367344
98,SDC-1450,item:773474,0.0,124800000.0,159922.0
99,M-1430,item:268967,0.0,215600.0,0.0
99,M-1810,item:268091,0.0,302400.0,220053.918366
99,SDC-1450,item:773474,0.0,124800000.0,127938.0
100,M-1430,item:268967,0.0,215600.0,0.0
100,M-1810,item:268091,0.0,302400.0,209781.551019
100,SDC-1450,item:773474,0.0,124800000.0,102351.0
101,M-1430,item:268967,0.0,215600.0,0.0
101,M-1810,item:268091,0.0,302400.0,209781.551019
101,SDC-1450,item:773474,0.0,124800000.0,81881.0
102,M-1430,item:268967,0.0,215600.0,0.0
102,M-1810,item:268091,0.0,302400.0,209781.551019
102,SDC-1450,item:773474,0.0,124800000.0,65505.0
103,M-1430,item:268967,0.0,215600.0,0.0
103,M-1810,item:268091,0.0,302400.0,200588.734693
103,SDC-1450,item:773474,0.0,124800000.0,52404.0
104,M-1430,item:268967,0.0,215600.0,0.0
104,M-1810,item:268091,0.0,302400.0,178973.836735
104,SDC-1450,item:773474,0.0,124800000.0,41924.0
105,M-1430,item:268967,0.0,215600.0,0.0
105,M-1810,item:268091,0.0,302400.0,144804.22449
105,SDC-1450,item:773474,0.0,124800000.0,33540.0
106,M-1430,item:268967,0.0,215600.0,0.0
106,M-1810,item:268091,0.0,302400.0,249355.244896
106,SDC-1450,item:773474,0.0,124800000.0,26832.0
107,M-1430,item:268967,0.0,215600.0,0.0
107,M-1810,item:268091,0.0,302400.0,328314.836732
107,SDC-1450,item:773474,0.0,124800000.0,21466.0
108,M-1430,item:268967,0.0,215600.0,0.0
108,M-1810,item:268091,0.0,302400.0,295607.999998
108,SDC-1450,item:773474,0.0,124800000.0,21466.0
109,M-1430,item:268967,0.0,215600.0,0.0
109,M-1810,item:268091,0.0,302400.0,295607.999998
109,SDC-1450,item:773474,0.0,124800000.0,21466.0
110,M-1430,item:268967,0.0,215600.0,0.0
110,M-1810,item:268091,0.0,302400.0,295607.999998
110,SDC-1450,item:773474,0.0,124800000.0,21466.0
111,M-1430,item:268967,0.0,215600.0,0.0
111,M-1810,item:268091,0.0,302400.0,344407.999998
111,SDC-1450,item:773474,0.0,124800000.0,21466.0
112,M-1430,item:268967,0.0,215600.0,0.0
112,M-1810,item:268091,0.0,302400.0,344407.999998
112,SDC-1450,item:773474,3200000.0,128000000.0,3221466.0
113,M-1430,item:268967,0.0,215600.0,0.0
113,M-1810,item:268091,0.0,302400.0,486202.999998
113,SDC-1450,item:773474,6400000.0,134400000.0,9621466.0
114,M-1430,item:268967,0.0,215600.0,0.0
114,M-1810,item:268091,0.0,302400.0,486202.999998
114,SDC-1450,item:773474,0.0,134400000.0,9621466.0
115,M-1430,item:268967,0.0,215600.0,0.0
115,M-1810,item:268091,0.0,302400.0,486202.999998
115,SDC-1450,item:773474,0.0,134400000.0,9621466.0
116,M-1430,item:268967,0.0,215600.0,0.0
116,M-1810,item:268091,0.0,302400.0,486202.999998
116,SDC-1450,item:773474,0.0,134400000.0,9621466.0
117,M-1430,item:268967,0.0,215600.0,0.0
117,M-1810,item:268091,0.0,302400.0,486202.999998
117,SDC-1450,item:773474,0.0,134400000.0,9621466.0
118,M-1430,item:268967,0.0,215600.0,0.0
118,M-1810,item:268091,0.0,302400.0,486202.999998
118,SDC-1450,item:773474,0.0,134400000.0,9621466.0
119,M-1430,item:268967,0.0,215600.0,0.0
119,M-1810,item:268091,0.0,302400.0,522997.999998
119,SDC-1450,item:773474,0.0,134400000.0,9621466.0
120,M-1430,item:268967,0.0,215600.0,0.0
120,M-1810,item:268091,0.0,302400.0,522997.999998
120,SDC-1450,item:773474,0.0,134400000.0,9621466.0
121,M-1430,item:268967,0.0,215600.0,0.0
121,M-1810,item:268091,0.0,302400.0,522997.999998
121,SDC-1450,item:773474,0.0,134400000.0,9621466.0
122,M-1430,item:268967,0.0,215600.0,0.0
122,M-1810,item:268091,0.0,302400.0,522997.999998
122,SDC-1450,item:773474,0.0,134400000.0,9621466.0
123,M-1430,item:268967,0.0,215600.0,0.0
123,M-1810,item:268091,0.0,302400.0,522997.999998
123,SDC-1450,item:773474,0.0,134400000.0,9621466.0
124,M-1430,item:268967,0.0,215600.0,0.0
124,M-1810,item:268091,0.0,302400.0,522997.999998
124,SDC-1450,item:773474,0.0,134400000.0,9621466.0
125,M-1430,item:268967,0.0,215600.0,0.0
125,M-1810,item:268091,0.0,302400.0,522997.999998
125,SDC-1450,item:773474,0.0,134400000.0,9621466.0
126,M-1430,item:268967,0.0,215600.0,0.0
126,M-1810,item:268091,0.0,302400.0,522997.999998
126,SDC-1450,item:773474,0.0,134400000.0,9621466.0
127,M-1430,item:268967,0.0,215600.0,0.0
127,M-1810,item:268091,0.0,302400.0,522997.999998
127,SDC-1450,item:773474,0.0,134400000.0,9621466.0
128,M-1430,item:268967,0.0,215600.0,0.0
128,M-1810,item:268091,0.0,302400.0,522997.999998
128,SDC-1450,item:773474,0.0,134400000.0,9621466.0
129,M-1430,item:268967,0.0,215600.0,0.0
129,M-1810,item:268091,0.0,302400.0,522997.999998
129,SDC-1450,item:773474,0.0,134400000.0,9621466.0
130,M-1430,item:268967,0.0,215600.0,0.0
130,M-1810,item:268091,0.0,302400.0,522997.999998
130,SDC-1450,item:773474,0.0,134400000.0,9621466.0
131,M-1430,item:268967,0.0,215600.0,0.0
131,M-1810,item:268091,0.0,302400.0,521408.755096
131,SDC-1450,item:773474,0.0,134400000.0,9621466.0
132,M-1430,item:268967,0.0,215600.0,0.0
132,M-1810,item:268091,0.0,302400.0,506158.918357
132,SDC-1450,item:773474,0.0,134400000.0,9621466.0
133,M-1430,item:268967,0.0,215600.0,0.0
133,M-1810,item:268091,0.0,302400.0,619799.265295
133,SDC-1450,item:773474,0.0,134400000.0,9621466.0
134,M-1430,item:268967,0.0,215600.0,0.0
134,M-1810,item:268091,0.0,302400.0,712166.918361
134,SDC-1450,item:773474,0.0,134400000.0,9621466.0
135,M-1430,item:268967,0.0,215600.0,0.0
135,M-1810,item:268091,0.0,302400.0,712166.918361
135,SDC-1450,item:773474,0.0,134400000.0,9621466.0
136,M-1430,item:268967,0.0,215600.0,0.0
136,M-1810,item:268091,0.0,302400.0,712166.918361
136,SDC-1450,item:773474,0.0,134400000.0,9621466.0
137,M-1430,item:268967,0.0,215600.0,0.0
137,M-1810,item:268091,0.0,302400.0,701926.061218
137,SDC-1450,item:773474,0.0,134400000.0,9621466.0
138,M-1430,item:268967,0.0,215600.0,0.0
138,M-1810,item:268091,0.0,302400.0,690804.551014
138,SDC-1450,item:773474,0.0,134400000.0,9621466.0
139,M-1430,item:268967,0.0,215600.0,0.0
139,M-1810,item:268091,0.0,302400.0,668558.693871
139,SDC-1450,item:773474,0.0,134400000.0,9621466.0
140,M-1430,item:268967,0.0,215600.0,0.0
140,M-1810,item:268091,0.0,302400.0,646307.163258
140,SDC-1450,item:773474,0.0,134400000.0,9621466.0
141,M-1430,item:268967,0.0,215600.0,0.0
141,M-1810,item:268091,0.0,302400.0,612925.612238
141,SDC-1450,item:773474,0.0,134400000.0,9621466.0
142,M-1430,item:268967,0.0,215600.0,0.0
142,M-1810,item:268091,0.0,302400.0,612925.612238
142,SDC-1450,item:773474,0.0,134400000.0,9621466.0
143,M-1430,item:268967,0.0,215600.0,0.0
143,M-1810,item:268091,0.0,302400.0,612925.612238
143,SDC-1450,item:773474,0.0,134400000.0,9621466.0
144,M-1430,item:268967,0.0,215600.0,0.0
144,M-1810,item:268091,0.0,302400.0,612925.612238
144,SDC-1450,item:773474,0.0,134400000.0,9621466.0
145,M-1430,item:268967,0.0,215600.0,0.0
145,M-1810,item:268091,0.0,302400.0,754705.612238
145,SDC-1450,item:773474,0.0,134400000.0,9621466.0
146,M-1430,item:268967,0.0,215600.0,0.0
146,M-1810,item:268091,0.0,302400.0,744853.734686
146,SDC-1450,item:773474,0.0,134400000.0,9621466.0
147,M-1430,item:268967,0.0,215600.0,0.0
147,M-1810,item:268091,0.0,302400.0,722540.938768
147,SDC-1450,item:773474,0.0,134400000.0,9621466.0
148,M-1430,item:268967,0.0,215600.0,0.0
148,M-1810,item:268091,0.0,302400.0,697506.775504
148,SDC-1450,item:773474,0.0,134400000.0,9621466.0
149,M-1430,item:268967,0.0,215600.0,0.0
149,M-1810,item:268091,0.0,302400.0,682099.83673
149,SDC-1450,item:773474,0.0,134400000.0,9621466.0
150,M-1430,item:268967,0.0,215600.0,0.0
150,M-1810,item:268091,0.0,302400.0,682099.83673
150,SDC-1450,item:773474,0.0,134400000.0,9621466.0
151,M-1430,item:268967,0.0,215600.0,0.0
151,M-1810,item:268091,0.0,302400.0,682099.83673
151,SDC-1450,item:773474,0.0,134400000.0,9621466.0
152,M-1430,item:268967,0.0,215600.0,0.0
152,M-1810,item:268091,0.0,302400.0,682099.83673
152,SDC-1450,item:773474,0.0,134400000.0,9621466.0
153,M-1430,item:268967,0.0,215600.0,0.0
153,M-1810,item:268091,0.0,302400.0,680318.816325
153,SDC-1450,item:773474,0.0,134400000.0,9621466.0
154,M-1430,item:268967,0.0,215600.0,0.0
154,M-1810,item:268091,0.0,302400.0,672502.061227
154,SDC-1450,item:773474,0.0,134400000.0,9621466.0
155,M-1430,item:268967,0.0,215600.0,0.0
155,M-1810,item:268091,0.0,302400.0,660697.816331
155,SDC-1450,item:773474,0.0,134400000.0,9621466.0
156,M-1430,item:268967,0.0,215600.0,0.0
156,M-1810,item:268091,0.0,302400.0,651209.04082
156,SDC-1450,item:773474,0.0,134400000.0,9621466.0
157,M-1430,item:268967,0.0,215600.0,0.0
157,M-1810,item:268091,0.0,302400.0,649179.734694
157,SDC-1450,item:773474,0.0,134400000.0,9621466.0
158,M-1430,item:268967,0.0,215600.0,0.0
158,M-1810,item:268091,0.0,302400.0,643132.163261
158,SDC-1450,item:773474,0.0,134400000.0,9621466.0
159,M-1430,item:268967,0.0,215600.0,0.0
159,M-1810,item:268091,0.0,302400.0,632794.571421
159,SDC-1450,item:773474,0.0,134400000.0,9621466.0
160,M-1430,item:268967,0.0,215600.0,0.0
160,M-1810,item:268091,0.0,302400.0,628419.224484
160,SDC-1450,item:773474,0.0,134400000.0,9621466.0
161,M-1430,item:268967,0.0,215600.0,0.0
161,M-1810,item:268091,0.0,302400.0,625133.87755
161,SDC-1450,item:773474,0.0,134400000.0,9621466.0
162,M-1430,item:268967,0.0,215600.0,0.0
162,M-1810,item:268091,0.0,302400.0,616212.795917
162,SDC-1450,item:773474,0.0,134400000.0,9621466.0
163,M-1430,item:268967,0.0,215600.0,0.0
163,M-1810,item:268091,0.0,302400.0,603072.489792
163,SDC-1450,item:773474,0.0,134400000.0,9621466.0
164,M-1430,item:268967,0.0,215600.0,0.0
164,M-1810,item:268091,0.0,302400.0,584880.367341
164,SDC-1450,item:773474,0.0,134400000.0,9621466.0
165,M-1430,item:268967,0.0,215600.0,0.0
165,M-1810,item:268091,0.0,302400.0,565295.183669
165,SDC-1450,item:773474,0.0,134400000.0,9621466.0
166,M-1430,item:268967,0.0,215600.0,0.0
166,M-1810,item:268091,0.0,302400.0,548808.285714
166,SDC-1450,item:773474,0.0,134400000.0,9621466.0
167,M-1430,item:268967,0.0,215600.0,0.0
167,M-1810,item:268091,0.0,302400.0,536252.265308
167,SDC-1450,item:773474,0.0,134400000.0,9621466.0
168,M-1430,item:268967,0.0,215600.0,0.0
168,M-1810,item:268091,0.0,302400.0,523968.367349
168,SDC-1450,item:773474,0.0,134400000.0,9621466.0
169,M-1430,item:268967,0.0,215600.0,0.0
169,M-1810,item:268091,0.0,302400.0,494909.224492
169,SDC-1450,item:773474,0.0,134400000.0,9621466.0
170,M-1430,item:268967,0.0,215600.0,0.0
170,M-1810,item:268091,0.0,302400.0,473354.285715
170,SDC-1450,item:773474,0.0,134400000.0,9621466.0
171,M-1430,item:268967,0.0,215600.0,0.0
171,M-1810,item:268091,0.0,302400.0,471633.163264
171,SDC-1450,item:773474,0.0,134400000.0,9621466.0
172,M-1430,item:268967,0.0,215600.0,0.0
172,M-1810,item:268091,0.0,302400.0,471633.163264
172,SDC-1450,item:773474,0.0,134400000.0,9621466.0
173,M-1430,item:268967,0.0,215600.0,0.0
173,M-1810,item:268091,0.0,302400.0,470134.755103
173,SDC-1450,item:773474,0.0,134400000.0,9621466.0
174,M-1430,item:268967,0.0,215600.0,0.0
174,M-1810,item:268091,0.0,302400.0,451244.612249
174,SDC-1450,item:773474,0.0,134400000.0,9621466.0
175,M-1430,item:268967,0.0,215600.0,0.0
175,M-1810,item:268091,0.0,302400.0,434989.530615
175,SDC-1450,item:773474,0.0,134400000.0,9621466.0
176,M-1430,item:268967,0.0,215600.0,0.0
176,M-1810,item:268091,0.0,302400.0,400619.204084
176,SDC-1450,item:773474,0.0,134400000.0,9621466.0
177,M-1430,item:268967,0.0,215600.0,0.0
177,M-1810,item:268091,0.0,302400.0,364026.959188
177,SDC-1450,item:773474,0.0,134400000.0,9621466.0
178,M-1430,item:268967,0.0,215600.0,0.0
178,M-1810,item:268091,0.0,302400.0,358140.163271
178,SDC-1450,item:773474,0.0,134400000.0,9621466.0
179,M-1430,item:268967,0.0,215600.0,0.0
179,M-1810,item:268091,0.0,302400.0,349238.326535
179,SDC-1450,item:773474,0.0,134400000.0,9621466.0
180,M-1430,item:268967,0.0,215600.0,0.0
180,M-1810,item:268091,0.0,302400.0,343858.081634
180,SDC-1450,item:773474,0.0,134400000.0,9621466.0
181,M-1430,item:268967,0.0,215600.0,0.0
181,M-1810,item:268091,0.0,302400.0,343858.081634
181,SDC-1450,item:773474,0.0,134400000.0,9621466.0
182,M-1430,item:268967,0.0,215600.0,0.0
182,M-1810,item:268091,0.0,302400.0,343858.081634
182,SDC-1450,item:773474,0.0,134400000.0,9621466.0
183,M-1430,item:268967,0.0,215600.0,0.0
183,M-1810,item:268091,0.0,302400.0,343858.081634
183,SDC-1450,item:773474,0.0,134400000.0,9621466.0
184,M-1430,item:268967,0.0,215600.0,0.0
184,M-1810,item:268091,0.0,302400.0,343858.081634
184,SDC-1450,item:773474,0.0,134400000.0,9621466.0
185,M-1430,item:268967,0.0,215600.0,0.0
185,M-1810,item:268091,0.0,302400.0,343858.081634
185,SDC-1450,item:773474,0.0,134400000.0,9621466.0
186,M-1430,item:268967,0.0,215600.0,0.0
186,M-1810,item:268091,0.0,302400.0,343858.081634
186,SDC-1450,item:773474,0.0,134400000.0,9621466.0
187,M-1430,item:268967,0.0,215600.0,0.0
187,M-1810,item:268091,0.0,302400.0,343858.081634
187,SDC-1450,item:773474,0.0,134400000.0,9621466.0
188,M-1430,item:268967,0.0,215600.0,0.0
188,M-1810,item:268091,0.0,302400.0,335188.367339
188,SDC-1450,item:773474,0.0,134400000.0,9621466.0
189,M-1430,item:268967,0.0,215600.0,0.0
189,M-1810,item:268091,0.0,302400.0,313121.836717
189,SDC-1450,item:773474,0.0,134400000.0,9621466.0
190,M-1430,item:268967,0.0,215600.0,0.0
190,M-1810,item:268091,0.0,302400.0,308156.142849
190,SDC-1450,item:773474,0.0,134400000.0,9621466.0
191,M-1430,item:268967,0.0,215600.0,0.0
191,M-1810,item:268091,0.0,302400.0,294282.142849
191,SDC-1450,item:773474,0.0,134400000.0,9621466.0
192,M-1430,item:268967,0.0,215600.0,0.0
192,M-1810,item:268091,0.0,302400.0,277011.061217
192,SDC-1450,item:773474,0.0,134400000.0,9621466.0
193,M-1430,item:268967,0.0,215600.0,0.0
193,M-1810,item:268091,0.0,302400.0,270692.673464
193,SDC-1450,item:773474,0.0,134400000.0,9621466.0
194,M-1430,item:268967,0.0,215600.0,0.0
194,M-1810,item:268091,0.0,302400.0,261516.857141
194,SDC-1450,item:773474,0.0,134400000.0,9621466.0
195,M-1430,item:268967,0.0,215600.0,0.0
195,M-1810,item:268091,0.0,302400.0,240356.857145
195,SDC-1450,item:773474,0.0,134400000.0,9621466.0
196,M-1430,item:268967,0.0,215600.0,0.0
196,M-1810,item:268091,0.0,302400.0,234135.346941
196,SDC-1450,item:773474,0.0,134400000.0,9621466.0
197,M-1430,item:268967,0.0,215600.0,0.0
197,M-1810,item:268091,0.0,302400.0,223102.714289
197,SDC-1450,item:773474,0.0,134400000.0,9621466.0
198,M-1430,item:268967,0.0,215600.0,0.0
198,M-1810,item:268091,0.0,302400.0,222673.224491
198,SDC-1450,item:773474,0.0,134400000.0,9621466.0
199,M-1430,item:268967,0.0,215600.0,0.0
199,M-1810,item:268091,0.0,302400.0,222673.224491
199,SDC-1450,item:773474,0.0,134400000.0,9621466.0
200,M-1430,item:268967,0.0,215600.0,0.0
200,M-1810,item:268091,0.0,302400.0,215466.142856
200,SDC-1450,item:773474,0.0,134400000.0,9621466.0
201,M-1430,item:268967,0.0,215600.0,0.0
201,M-1810,item:268091,0.0,302400.0,197706.918365
201,SDC-1450,item:773474,0.0,134400000.0,9621466.0
202,M-1430,item:268967,0.0,215600.0,0.0
202,M-1810,item:268091,0.0,302400.0,188660.142858
202,SDC-1450,item:773474,0.0,134400000.0,9621466.0
203,M-1430,item:268967,0.0,215600.0,0.0
203,M-1810,item:268091,0.0,302400.0,154267.795924
203,SDC-1450,item:773474,0.0,134400000.0,9621466.0
204,M-1430,item:268967,0.0,215600.0,0.0
204,M-1810,item:268091,0.0,302400.0,102621.795925
204,SDC-1450,item:773474,0.0,134400000.0,9621466.0
205,M-1430,item:268967,0.0,215600.0,0.0
205,M-1810,item:268091,0.0,302400.0,23720.510211
205,SDC-1450,item:773474,0.0,134400000.0,9621466.0
206,M-1430,item:268967,0.0,215600.0,0.0
206,M-1810,item:268091,0.0,302400.0,23720.510211
206,SDC-1450,item:773474,0.0,134400000.0,9621466.0
207,M-1430,item:268967,0.0,215600.0,0.0
207,M-1810,item:268091,0.0,302400.0,23720.510211
207,SDC-1450,item:773474,0.0,134400000.0,9621466.0
208,M-1430,item:268967,0.0,215600.0,0.0
208,M-1810,item:268091,0.0,302400.0,23720.510211
208,SDC-1450,item:773474,0.0,134400000.0,9621466.0
209,M-1430,item:268967,0.0,215600.0,0.0
209,M-1810,item:268091,0.0,302400.0,23720.510211
209,SDC-1450,item:773474,0.0,134400000.0,9621466.0
210,M-1430,item:268967,0.0,215600.0,0.0
210,M-1810,item:268091,0.0,302400.0,23720.510211
210,SDC-1450,item:773474,0.0,134400000.0,9621466.0
211,M-1430,item:268967,0.0,215600.0,0.0
211,M-1810,item:268091,0.0,302400.0,23720.510211
211,SDC-1450,item:773474,0.0,134400000.0,9621466.0
212,M-1430,item:268967,0.0,215600.0,0.0
212,M-1810,item:268091,0.0,302400.0,23720.510211
212,SDC-1450,item:773474,0.0,134400000.0,9621466.0
213,M-1430,item:268967,0.0,215600.0,0.0
213,M-1810,item:268091,0.0,302400.0,23720.510211
213,SDC-1450,item:773474,0.0,134400000.0,9621466.0
214,M-1430,item:268967,0.0,215600.0,0.0
214,M-1810,item:268091,0.0,302400.0,23720.510211
214,SDC-1450,item:773474,0.0,134400000.0,9621466.0
215,M-1430,item:268967,0.0,215600.0,0.0
215,M-1810,item:268091,0.0,302400.0,23720.510211
215,SDC-1450,item:773474,0.0,134400000.0,9621466.0
216,M-1430,item:268967,0.0,215600.0,0.0
216,M-1810,item:268091,0.0,302400.0,23720.510211
216,SDC-1450,item:773474,0.0,134400000.0,9621466.0
217,M-1430,item:268967,0.0,215600.0,0.0
217,M-1810,item:268091,0.0,302400.0,23720.510211
217,SDC-1450,item:773474,0.0,134400000.0,9621466.0
218,M-1430,item:268967,0.0,215600.0,0.0
218,M-1810,item:268091,0.0,302400.0,23720.510211
218,SDC-1450,item:773474,0.0,134400000.0,9621466.0
219,M-1430,item:268967,0.0,215600.0,0.0
219,M-1810,item:268091,0.0,302400.0,23720.510211
219,SDC-1450,item:773474,0.0,134400000.0,9621466.0
220,M-1430,item:268967,0.0,215600.0,0.0
220,M-1810,item:268091,0.0,302400.0,23720.510211
220,SDC-1450,item:773474,0.0,134400000.0,9621466.0
221,M-1430,item:268967,0.0,215600.0,0.0
221,M-1810,item:268091,0.0,302400.0,23720.510211
221,SDC-1450,item:773474,0.0,134400000.0,9621466.0
222,M-1430,item:268967,0.0,215600.0,0.0
222,M-1810,item:268091,0.0,302400.0,23720.510211
222,SDC-1450,item:773474,0.0,134400000.0,9621466.0
223,M-1430,item:268967,0.0,215600.0,0.0
223,M-1810,item:268091,0.0,302400.0,23720.510211
223,SDC-1450,item:773474,0.0,134400000.0,9621466.0
224,M-1430,item:268967,0.0,215600.0,0.0
224,M-1810,item:268091,0.0,302400.0,23720.510211
224,SDC-1450,item:773474,0.0,134400000.0,9621466.0
225,M-1430,item:268967,0.0,215600.0,0.0
225,M-1810,item:268091,0.0,302400.0,23720.510211
225,SDC-1450,item:773474,0.0,134400000.0,9621466.0
226,M-1430,item:268967,0.0,215600.0,0.0
226,M-1810,item:268091,0.0,302400.0,23720.510211
226,SDC-1450,item:773474,0.0,134400000.0,9621466.0
227,M-1430,item:268967,0.0,215600.0,0.0
227,M-1810,item:268091,0.0,302400.0,23720.510211
227,SDC-1450,item:773474,0.0,134400000.0,9621466.0
228,M-1430,item:268967,0.0,215600.0,0.0
228,M-1810,item:268091,0.0,302400.0,23720.510211
228,SDC-1450,item:773474,0.0,134400000.0,9621466.0
229,M-1430,item:268967,0.0,215600.0,0.0
229,M-1810,item:268091,0.0,302400.0,23720.510211
229,SDC-1450,item:773474,0.0,134400000.0,9621466.0
230,M-1430,item:268967,0.0,215600.0,0.0
230,M-1810,item:268091,0.0,302400.0,23720.510211
230,SDC-1450,item:773474,0.0,134400000.0,9621466.0
231,M-1430,item:268967,0.0,215600.0,0.0
231,M-1810,item:268091,0.0,302400.0,23720.510211
231,SDC-1450,item:773474,0.0,134400000.0,9621466.0
232,M-1430,item:268967,0.0,215600.0,0.0
232,M-1810,item:268091,0.0,302400.0,19199.571423
232,SDC-1450,item:773474,0.0,134400000.0,9621466.0
233,M-1430,item:268967,0.0,215600.0,0.0
233,M-1810,item:268091,0.0,302400.0,3210.489778
233,SDC-1450,item:773474,0.0,134400000.0,9621466.0
234,M-1430,item:268967,107800.0,323400.0,107800.0
234,M-1810,item:268091,14400.0,316800.0,14400.0
234,SDC-1450,item:773474,0.0,134400000.0,9621466.0
235,M-1430,item:268967,107800.0,431200.0,107800.0
235,M-1810,item:268091,14400.0,331200.0,14400.0
235,SDC-1450,item:773474,0.0,134400000.0,9621466.0
236,M-1430,item:268967,107800.0,539000.0,107800.0
236,M-1810,item:268091,14400.0,345600.0,14400.0
236,SDC-1450,item:773474,0.0,134400000.0,9621466.0
237,M-1430,item:268967,107800.0,646800.0,107800.0
237,M-1810,item:268091,14400.0,360000.0,14400.0
237,SDC-1450,item:773474,0.0,134400000.0,9621466.0
238,M-1430,item:268967,107800.0,754600.0,107800.0
238,M-1810,item:268091,14400.0,374400.0,14400.0
238,SDC-1450,item:773474,0.0,134400000.0,9621466.0
239,M-1430,item:268967,107800.0,862400.0,107800.0
239,M-1810,item:268091,14400.0,388800.0,14400.0
239,SDC-1450,item:773474,0.0,134400000.0,9621466.0
240,M-1430,item:268967,107800.0,970200.0,107800.0
240,M-1810,item:268091,14400.0,403200.0,14400.0
240,SDC-1450,item:773474,0.0,134400000.0,9621466.0
241,M-1430,item:268967,107800.0,1078000.0,107800.0
241,M-1810,item:268091,14400.0,417600.0,14400.0
241,SDC-1450,item:773474,0.0,134400000.0,9621466.0
242,M-1430,item:268967,107800.0,1185800.0,107800.0
242,M-1810,item:268091,0.0,417600.0,5339.510197
242,SDC-1450,item:773474,0.0,134400000.0,9621466.0
243,M-1430,item:268967,107800.0,1293600.0,107800.0
243,M-1810,item:268091,14400.0,432000.0,14400.0
243,SDC-1450,item:773474,0.0,134400000.0,9621466.0
244,M-1430,item:268967,0.0,1293600.0,29504.714289
244,M-1810,item:268091,14400.0,446400.0,14400.0
244,SDC-1450,item:773474,0.0,134400000.0,9621466.0
245,M-1430,item:268967,0.0,1293600.0,29504.714289
245,M-1810,item:268091,14400.0,460800.0,14400.0
245,SDC-1450,item:773474,0.0,134400000.0,9621466.0
246,M-1430,item:268967,0.0,1293600.0,29504.714289
246,M-1810,item:268091,0.0,460800.0,7562.285708
246,SDC-1450,item:773474,0.0,134400000.0,9621466.0
247,M-1430,item:268967,0.0,1293600.0,29504.714289
247,M-1810,item:268091,14400.0,475200.0,14400.0
247,SDC-1450,item:773474,0.0,134400000.0,9621466.0
248,M-1430,item:268967,0.0,1293600.0,29504.714289
248,M-1810,item:268091,0.0,475200.0,14187.408164
248,SDC-1450,item:773474,0.0,134400000.0,9621466.0
249,M-1430,item:268967,0.0,1293600.0,29504.714289
249,M-1810,item:268091,0.0,475200.0,13004.775505
249,SDC-1450,item:773474,0.0,134400000.0,9621466.0
250,M-1430,item:268967,0.0,1293600.0,29504.714289
250,M-1810,item:268091,0.0,475200.0,2158.387746
250,SDC-1450,item:773474,0.0,134400000.0,9621466.0
251,M-1430,item:268967,0.0,1293600.0,29504.714289
251,M-1810,item:268091,14400.0,489600.0,14400.0
251,SDC-1450,item:773474,0.0,134400000.0,9621466.0
252,M-1430,item:268967,0.0,1293600.0,29504.714289
252,M-1810,item:268091,14400.0,504000.0,14400.0
252,SDC-1450,item:773474,0.0,134400000.0,9621466.0
253,M-1430,item:268967,0.0,1293600.0,29504.714289
253,M-1810,item:268091,0.0,504000.0,1476.224482
253,SDC-1450,item:773474,0.0,134400000.0,9621466.0
254,M-1430,item:268967,0.0,1293600.0,29504.714289
254,M-1810,item:268091,14400.0,518400.0,14400.0
254,SDC-1450,item:773474,0.0,134400000.0,9621466.0
255,M-1430,item:268967,0.0,1293600.0,29504.714289
255,M-1810,item:268091,14400.0,532800.0,14400.0
255,SDC-1450,item:773474,0.0,134400000.0,9621466.0
256,M-1430,item:268967,0.0,1293600.0,29504.714289
256,M-1810,item:268091,14400.0,547200.0,14400.0
256,SDC-1450,item:773474,0.0,134400000.0,9621466.0
257,M-1430,item:268967,0.0,1293600.0,29504.714289
257,M-1810,item:268091,14400.0,561600.0,14400.0
257,SDC-1450,item:773474,0.0,134400000.0,9621466.0
258,M-1430,item:268967,0.0,1293600.0,29504.714289
258,M-1810,item:268091,14400.0,576000.0,14400.0
258,SDC-1450,item:773474,0.0,134400000.0,9621466.0
259,M-1430,item:268967,0.0,1293600.0,29504.714289
259,M-1810,item:268091,14400.0,590400.0,14400.0
259,SDC-1450,item:773474,0.0,134400000.0,9621466.0
260,M-1430,item:268967,0.0,1293600.0,29504.714289
260,M-1810,item:268091,14400.0,604800.0,14400.0
260,SDC-1450,item:773474,0.0,134400000.0,9621466.0
261,M-1430,item:268967,0.0,1293600.0,29504.714289
261,M-1810,item:268091,14400.0,619200.0,14400.0
261,SDC-1450,item:773474,0.0,134400000.0,9621466.0
262,M-1430,item:268967,0.0,1293600.0,29504.714289
262,M-1810,item:268091,14400.0,633600.0,14400.0
262,SDC-1450,item:773474,0.0,134400000.0,9621466.0
263,M-1430,item:268967,0.0,1293600.0,29504.714289
263,M-1810,item:268091,14400.0,648000.0,14400.0
263,SDC-1450,item:773474,0.0,134400000.0,9621466.0
264,M-1430,item:268967,0.0,1293600.0,29504.714289
264,M-1810,item:268091,14400.0,662400.0,14400.0
264,SDC-1450,item:773474,0.0,134400000.0,9621466.0
265,M-1430,item:268967,0.0,1293600.0,29504.714289
265,M-1810,item:268091,0.0,662400.0,6768.918367
265,SDC-1450,item:773474,0.0,134400000.0,9621466.0
266,M-1430,item:268967,0.0,1293600.0,29504.714289
266,M-1810,item:268091,14400.0,676800.0,14400.0
266,SDC-1450,item:773474,0.0,134400000.0,9621466.0
267,M-1430,item:268967,0.0,1293600.0,29504.714289
267,M-1810,item:268091,14400.0,691200.0,14400.0
267,SDC-1450,item:773474,0.0,134400000.0,9621466.0
268,M-1430,item:268967,0.0,1293600.0,29504.714289
268,M-1810,item:268091,14400.0,705600.0,14400.0
268,SDC-1450,item:773474,0.0,134400000.0,9621466.0
269,M-1430,item:268967,0.0,1293600.0,29504.714289
269,M-1810,item:268091,14400.0,720000.0,14400.0
269,SDC-1450,item:773474,0.0,134400000.0,9621466.0
270,M-1430,item:268967,0.0,1293600.0,29504.714289
270,M-1810,item:268091,14400.0,734400.0,14400.0
270,SDC-1450,item:773474,0.0,134400000.0,9621466.0
271,M-1430,item:268967,0.0,1293600.0,29504.714289
271,M-1810,item:268091,0.0,734400.0,5172.489792
271,SDC-1450,item:773474,0.0,134400000.0,9621466.0
272,M-1430,item:268967,0.0,1293600.0,29504.714289
272,M-1810,item:268091,0.0,734400.0,5172.489792
272,SDC-1450,item:773474,0.0,134400000.0,9621466.0
273,M-1430,item:268967,0.0,1293600.0,29504.714289
273,M-1810,item:268091,0.0,734400.0,5172.489792
273,SDC-1450,item:773474,0.0,134400000.0,9621466.0
274,M-1430,item:268967,0.0,1293600.0,29504.714289
274,M-1810,item:268091,0.0,734400.0,5172.489792
274,SDC-1450,item:773474,0.0,134400000.0,9621466.0
275,M-1430,item:268967,0.0,1293600.0,29504.714289
275,M-1810,item:268091,0.0,734400.0,5172.489792
275,SDC-1450,item:773474,0.0,134400000.0,9621466.0
276,M-1430,item:268967,0.0,1293600.0,29504.714289
276,M-1810,item:268091,0.0,734400.0,5172.489792
276,SDC-1450,item:773474,0.0,134400000.0,9621466.0
277,M-1430,item:268967,0.0,1293600.0,29504.714289
277,M-1810,item:268091,14400.0,748800.0,14400.0
277,SDC-1450,item:773474,0.0,134400000.0,9621466.0
278,M-1430,item:268967,0.0,1293600.0,29504.714289
278,M-1810,item:268091,14400.0,763200.0,14400.0
278,SDC-1450,item:773474,0.0,134400000.0,9621466.0
279,M-1430,item:268967,0.0,1293600.0,29504.714289
279,M-1810,item:268091,14400.0,777600.0,14400.0
279,SDC-1450,item:773474,0.0,134400000.0,9621466.0
280,M-1430,item:268967,0.0,1293600.0,29504.714289
280,M-1810,item:268091,0.0,777600.0,5573.387746
280,SDC-1450,item:773474,0.0,134400000.0,9621466.0
281,M-1430,item:268967,0.0,1293600.0,29504.714289
281,M-1810,item:268091,14400.0,792000.0,14400.0
281,SDC-1450,item:773474,0.0,134400000.0,9621466.0
282,M-1430,item:268967,0.0,1293600.0,29504.714289
282,M-1810,item:268091,14400.0,806400.0,14400.0
282,SDC-1450,item:773474,0.0,134400000.0,9621466.0
283,M-1430,item:268967,0.0,1293600.0,29504.714289
283,M-1810,item:268091,14400.0,820800.0,14400.0
283,SDC-1450,item:773474,0.0,134400000.0,9621466.0
284,M-1430,item:268967,0.0,1293600.0,29504.714289
284,M-1810,item:268091,14400.0,835200.0,14400.0
284,SDC-1450,item:773474,0.0,134400000.0,9621466.0
285,M-1430,item:268967,0.0,1293600.0,29504.714289
285,M-1810,item:268091,14400.0,849600.0,14400.0
285,SDC-1450,item:773474,0.0,134400000.0,9621466.0
286,M-1430,item:268967,0.0,1293600.0,29504.714289
286,M-1810,item:268091,14400.0,864000.0,14400.0
286,SDC-1450,item:773474,0.0,134400000.0,9621466.0
287,M-1430,item:268967,0.0,1293600.0,29504.714289
287,M-1810,item:268091,14400.0,878400.0,14400.0
287,SDC-1450,item:773474,0.0,134400000.0,9621466.0
288,M-1430,item:268967,0.0,1293600.0,29504.714289
288,M-1810,item:268091,14400.0,892800.0,14400.0
288,SDC-1450,item:773474,0.0,134400000.0,9621466.0
289,M-1430,item:268967,0.0,1293600.0,29504.714289
289,M-1810,item:268091,14400.0,907200.0,14400.0
289,SDC-1450,item:773474,0.0,134400000.0,9621466.0
290,M-1430,item:268967,0.0,1293600.0,26279.591847
290,M-1810,item:268091,0.0,907200.0,5629.469379
290,SDC-1450,item:773474,0.0,134400000.0,9621466.0
291,M-1430,item:268967,0.0,1293600.0,18786.510222
291,M-1810,item:268091,0.0,907200.0,1155.44896
291,SDC-1450,item:773474,0.0,134400000.0,9621466.0
292,M-1430,item:268967,0.0,1293600.0,9333.755118
292,M-1810,item:268091,14400.0,921600.0,14400.0
292,SDC-1450,item:773474,0.0,134400000.0,9621466.0
293,M-1430,item:268967,107800.0,1401400.0,107800.0
293,M-1810,item:268091,14400.0,936000.0,14400.0
293,SDC-1450,item:773474,0.0,134400000.0,9621466.0
294,M-1430,item:268967,0.0,1401400.0,97959.122445
294,M-1810,item:268091,14400.0,950400.0,14400.0
294,SDC-1450,item:773474,0.0,134400000.0,9621466.0
295,M-1430,item:268967,0.0,1401400.0,88453.122459
295,M-1810,item:268091,14400.0,964800.0,14400.0
295,SDC-1450,item:773474,0.0,134400000.0,9621466.0
296,M-1430,item:268967,0.0,1401400.0,79567.857173
296,M-1810,item:268091,14400.0,979200.0,14400.0
296,SDC-1450,item:773474,0.0,134400000.0,9621466.0
297,M-1430,item:268967,0.0,1401400.0,78988.306159
297,M-1810,item:268091,14400.0,993600.0,14400.0
297,SDC-1450,item:773474,0.0,134400000.0,9621466.0
298,M-1430,item:268967,0.0,1401400.0,78988.306159
298,M-1810,item:268091,0.0,993600.0,14400.0
298,SDC-1450,item:773474,0.0,134400000.0,9621466.0
299,M-1430,item:268967,0.0,1401400.0,78988.306159
299,M-1810,item:268091,0.0,993600.0,14400.0
299,SDC-1450,item:773474,0.0,134400000.0,9621466.0
300,M-1430,item:268967,0.0,1401400.0,77636.571446
300,M-1810,item:268091,0.0,993600.0,14400.0
300,SDC-1450,item:773474,0.0,134400000.0,9621466.0
301,M-1430,item:268967,0.0,1401400.0,71577.857161
301,M-1810,item:268091,0.0,993600.0,14400.0
301,SDC-1450,item:773474,0.0,134400000.0,9621466.0
302,M-1430,item:268967,0.0,1401400.0,59788.571448
302,M-1810,item:268091,0.0,993600.0,9182.999995
302,SDC-1450,item:773474,0.0,134400000.0,9621466.0
303,M-1430,item:268967,0.0,1401400.0,42596.857163
303,M-1810,item:268091,14400.0,1008000.0,14400.0
303,SDC-1450,item:773474,0.0,134400000.0,9621466.0
304,M-1430,item:268967,0.0,1401400.0,27070.285736
304,M-1810,item:268091,0.0,1008000.0,1802.102041
304,SDC-1450,item:773474,0.0,134400000.0,9621466.0
305,M-1430,item:268967,0.0,1401400.0,27070.285736
305,M-1810,item:268091,14400.0,1022400.0,14400.0
305,SDC-1450,item:773474,0.0,134400000.0,9621466.0
306,M-1430,item:268967,0.0,1401400.0,27070.285736
306,M-1810,item:268091,0.0,1022400.0,8418.795913
306,SDC-1450,item:773474,0.0,134400000.0,9621466.0
307,M-1430,item:268967,0.0,1401400.0,27070.285736
307,M-1810,item:268091,14400.0,1036800.0,14400.0
307,SDC-1450,item:773474,0.0,134400000.0,9621466.0
308,M-1430,item:268967,0.0,1401400.0,21394.285736
308,M-1810,item:268091,14400.0,1051200.0,14400.0
308,SDC-1450,item:773474,0.0,134400000.0,9621466.0
309,M-1430,item:268967,0.0,1401400.0,824.285736
309,M-1810,item:268091,14400.0,1065600.0,14400.0
309,SDC-1450,item:773474,0.0,134400000.0,9621466.0
310,M-1430,item:268967,107800.0,1509200.0,107800.0
310,M-1810,item:268091,14400.0,1080000.0,14400.0
310,SDC-1450,item:773474,0.0,134400000.0,9621466.0
311,M-1430,item:268967,0.0,1509200.0,77458.571429
311,M-1810,item:268091,14400.0,1094400.0,14400.0
311,SDC-1450,item:773474,0.0,134400000.0,9621466.0
312,M-1430,item:268967,0.0,1509200.0,68511.428594
312,M-1810,item:268091,0.0,1094400.0,4858.408161
312,SDC-1450,item:773474,0.0,134400000.0,9621466.0
313,M-1430,item:268967,0.0,1509200.0,68511.428594
313,M-1810,item:268091,14400.0,1108800.0,14400.0
313,SDC-1450,item:773474,0.0,134400000.0,9621466.0
314,M-1430,item:268967,0.0,1509200.0,68511.428594
314,M-1810,item:268091,0.0,1108800.0,4900.285712
314,SDC-1450,item:773474,0.0,134400000.0,9621466.0
315,M-1430,item:268967,0.0,1509200.0,68511.428594
315,M-1810,item:268091,14400.0,1123200.0,14400.0
315,SDC-1450,item:773474,0.0,134400000.0,9621466.0
316,M-1430,item:268967,0.0,1509200.0,68511.428594
316,M-1810,item:268091,14400.0,1137600.0,14400.0
316,SDC-1450,item:773474,0.0,134400000.0,9621466.0
317,M-1430,item:268967,0.0,1509200.0,68511.428594
317,M-1810,item:268091,14400.0,1152000.0,14400.0
317,SDC-1450,item:773474,0.0,134400000.0,9621466.0
318,M-1430,item:268967,0.0,1509200.0,68511.428594
318,M-1810,item:268091,14400.0,1166400.0,14400.0
318,SDC-1450,item:773474,0.0,134400000.0,9621466.0
319,M-1430,item:268967,0.0,1509200.0,68511.428594
319,M-1810,item:268091,14400.0,1180800.0,14400.0
319,SDC-1450,item:773474,0.0,134400000.0,9621466.0
320,M-1430,item:268967,0.0,1509200.0,68511.428594
320,M-1810,item:268091,14400.0,1195200.0,14400.0
320,SDC-1450,item:773474,0.0,134400000.0,9621466.0
321,M-1430,item:268967,0.0,1509200.0,68511.428594
321,M-1810,item:268091,14400.0,1209600.0,14400.0
321,SDC-1450,item:773474,0.0,134400000.0,9621466.0
322,M-1430,item:268967,0.0,1509200.0,68511.428594
322,M-1810,item:268091,28800.0,1238400.0,28800.0
322,SDC-1450,item:773474,0.0,134400000.0,9621466.0
323,M-1430,item:268967,0.0,1509200.0,60588.857164
323,M-1810,item:268091,28800.0,1267200.0,28800.0
323,SDC-1450,item:773474,0.0,134400000.0,9621466.0
324,M-1430,item:268967,0.0,1509200.0,44537.00002
324,M-1810,item:268091,28800.0,1296000.0,28800.0
324,SDC-1450,item:773474,0.0,134400000.0,9621466.0
325,M-1430,item:268967,0.0,1509200.0,44537.00002
325,M-1810,item:268091,28800.0,1324800.0,28800.0
325,SDC-1450,item:773474,0.0,134400000.0,9621466.0
326,M-1430,item:268967,0.0,1509200.0,42990.102062
326,M-1810,item:268091,28800.0,1353600.0,28800.0
326,SDC-1450,item:773474,0.0,134400000.0,9621466.0
327,M-1430,item:268967,0.0,1509200.0,35849.020431
327,M-1810,item:268091,28800.0,1382400.0,28800.0
327,SDC-1450,item:773474,0.0,134400000.0,9621466.0
328,M-1430,item:268967,0.0,1509200.0,27766.673492
328,M-1810,item:268091,0.0,1382400.0,28800.0
328,SDC-1450,item:773474,0.0,134400000.0,9621466.0
329,M-1430,item:268967,0.0,1509200.0,9803.734717
329,M-1810,item:268091,0.0,1382400.0,18226.122442
329,SDC-1450,item:773474,0.0,134400000.0,9621466.0
330,M-1430,item:268967,0.0,1509200.0,7754.142882
330,M-1810,item:268091,14400.0,1396800.0,14400.0
330,SDC-1450,item:773474,0.0,134400000.0,9621466.0
331,M-1430,item:268967,107800.0,1617000.0,107800.0
331,M-1810,item:268091,14400.0,1411200.0,14400.0
331,SDC-1450,item:773474,0.0,134400000.0,9621466.0
332,M-1430,item:268967,0.0,1617000.0,95923.816327
332,M-1810,item:268091,14400.0,1425600.0,14400.0
332,SDC-1450,item:773474,0.0,134400000.0,9621466.0
333,M-1430,item:268967,0.0,1617000.0,82912.836734
333,M-1810,item:268091,0.0,1425600.0,5961.653056
333,SDC-1450,item:773474,0.0,134400000.0,9621466.0
334,M-1430,item:268967,0.0,1617000.0,82912.836734
334,M-1810,item:268091,0.0,1425600.0,5961.653056
334,SDC-1450,item:773474,0.0,134400000.0,9621466.0
335,M-1430,item:268967,0.0,1617000.0,82912.836734
335,M-1810,item:268091,0.0,1425600.0,5961.653056
335,SDC-1450,item:773474,0.0,134400000.0,9621466.0
336,M-1430,item:268967,0.0,1617000.0,82912.836734
336,M-1810,item:268091,0.0,1425600.0,5961.653056
336,SDC-1450,item:773474,0.0,134400000.0,9621466.0
337,M-1430,item:268967,0.0,1617000.0,82912.836734
337,M-1810,item:268091,0.0,1425600.0,5961.653056
337,SDC-1450,item:773474,0.0,134400000.0,9621466.0
338,M-1430,item:268967,0.0,1617000.0,82912.836734
338,M-1810,item:268091,0.0,1425600.0,5961.653056
338,SDC-1450,item:773474,0.0,134400000.0,9621466.0
339,M-1430,item:268967,0.0,1617000.0,82912.836734
339,M-1810,item:268091,14400.0,1440000.0,14400.0
339,SDC-1450,item:773474,0.0,134400000.0,9621466.0
340,M-1430,item:268967,0.0,1617000.0,82912.836734
340,M-1810,item:268091,14400.0,1454400.0,14400.0
340,SDC-1450,item:773474,0.0,134400000.0,9621466.0
341,M-1430,item:268967,0.0,1617000.0,76839.653083
341,M-1810,item:268091,14400.0,1468800.0,14400.0
341,SDC-1450,item:773474,0.0,134400000.0,9621466.0
342,M-1430,item:268967,0.0,1617000.0,63213.857189
342,M-1810,item:268091,14400.0,1483200.0,14400.0
342,SDC-1450,item:773474,0.0,134400000.0,9621466.0
343,M-1430,item:268967,0.0,1617000.0,48044.836782
343,M-1810,item:268091,14400.0,1497600.0,14400.0
343,SDC-1450,item:773474,0.0,134400000.0,9621466.0
344,M-1430,item:268967,0.0,1617000.0,38821.408189
344,M-1810,item:268091,14400.0,1512000.0,14400.0
344,SDC-1450,item:773474,0.0,134400000.0,9621466.0
345,M-1430,item:268967,0.0,1617000.0,37023.000004
345,M-1810,item:268091,14400.0,1526400.0,14400.0
345,SDC-1450,item:773474,0.0,134400000.0,9621466.0
346,M-1430,item:268967,0.0,1617000.0,37023.000004
346,M-1810,item:268091,14400.0,1540800.0,14400.0
346,SDC-1450,item:773474,0.0,134400000.0,9621466.0
347,M-1430,item:268967,0.0,1617000.0,37023.000004
347,M-1810,item:268091,28800.0,1569600.0,28800.0
347,SDC-1450,item:773474,0.0,134400000.0,9621466.0
348,M-1430,item:268967,0.0,1617000.0,32189.73472
348,M-1810,item:268091,28800.0,1598400.0,28800.0
348,SDC-1450,item:773474,0.0,134400000.0,9621466.0
349,M-1430,item:268967,0.0,1617000.0,20974.510231
349,M-1810,item:268091,28800.0,1627200.0,28800.0
349,SDC-1450,item:773474,0.0,134400000.0,9621466.0
350,M-1430,item:268967,107800.0,1724800.0,107800.0
350,M-1810,item:268091,28800.0,1656000.0,28800.0
350,SDC-1450,item:773474,0.0,134400000.0,9621466.0
351,M-1430,item:268967,0.0,1724800.0,105275.571457
351,M-1810,item:268091,28800.0,1684800.0,28800.0
351,SDC-1450,item:773474,0.0,134400000.0,9621466.0
352,M-1430,item:268967,0.0,1724800.0,90467.428629
352,M-1810,item:268091,28800.0,1713600.0,28800.0
352,SDC-1450,item:773474,0.0,134400000.0,9621466.0
353,M-1430,item:268967,0.0,1724800.0,78183.714344
353,M-1810,item:268091,28800.0,1742400.0,28800.0
353,SDC-1450,item:773474,0.0,134400000.0,9621466.0
354,M-1430,item:268967,0.0,1724800.0,78183.714344
354,M-1810,item:268091,28800.0,1771200.0,28800.0
354,SDC-1450,item:773474,0.0,134400000.0,9621466.0
355,M-1430,item:268967,0.0,1724800.0,78183.714344
355,M-1810,item:268091,28800.0,1800000.0,28800.0
355,SDC-1450,item:773474,0.0,134400000.0,9621466.0
356,M-1430,item:268967,0.0,1724800.0,78183.714344
356,M-1810,item:268091,28800.0,1828800.0,28800.0
356,SDC-1450,item:773474,0.0,134400000.0,9621466.0
357,M-1430,item:268967,0.0,1724800.0,78183.714344
357,M-1810,item:268091,0.0,1828800.0,11120.102037
357,SDC-1450,item:773474,0.0,134400000.0,9621466.0
358,M-1430,item:268967,0.0,1724800.0,78183.714344
358,M-1810,item:268091,0.0,1828800.0,11120.102037
358,SDC-1450,item:773474,0.0,134400000.0,9621466.0
359,M-1430,item:268967,0.0,1724800.0,78183.714344
359,M-1810,item:268091,0.0,1828800.0,11120.102037
359,SDC-1450,item:773474,0.0,134400000.0,9621466.0
360,M-1430,item:268967,0.0,1724800.0,78183.714344
360,M-1810,item:268091,0.0,1828800.0,11120.102037
360,SDC-1450,item:773474,0.0,134400000.0,9621466.0
361,M-1430,item:268967,0.0,1724800.0,78183.714344
361,M-1810,item:268091,0.0,1828800.0,11120.102037
361,SDC-1450,item:773474,0.0,134400000.0,9621466.0
362,M-1430,item:268967,0.0,1724800.0,78183.714344
362,M-1810,item:268091,0.0,1828800.0,11120.102037
362,SDC-1450,item:773474,0.0,134400000.0,9621466.0
363,M-1430,item:268967,0.0,1724800.0,78183.714344
363,M-1810,item:268091,0.0,1828800.0,11120.102037
363,SDC-1450,item:773474,0.0,134400000.0,9621466.0
364,M-1430,item:268967,0.0,1724800.0,78183.714344
364,M-1810,item:268091,0.0,1828800.0,11120.102037
364,SDC-1450,item:773474,0.0,134400000.0,9621466.0
365,M-1430,item:268967,0.0,1724800.0,78183.714344
365,M-1810,item:268091,0.0,1828800.0,11120.102037
365,SDC-1450,item:773474,0.0,134400000.0,9621466.0
366,M-1430,item:268967,0.0,1724800.0,78183.714344
366,M-1810,item:268091,0.0,1828800.0,11120.102037
366,SDC-1450,item:773474,0.0,134400000.0,9621466.0
367,M-1430,item:268967,0.0,1724800.0,78183.714344
367,M-1810,item:268091,0.0,1828800.0,11120.102037
367,SDC-1450,item:773474,0.0,134400000.0,9621466.0
368,M-1430,item:268967,0.0,1724800.0,78183.714344
368,M-1810,item:268091,0.0,1828800.0,11120.102037
368,SDC-1450,item:773474,0.0,134400000.0,9621466.0
369,M-1430,item:268967,0.0,1724800.0,74591.346962
369,M-1810,item:268091,0.0,1828800.0,11120.102037
369,SDC-1450,item:773474,0.0,134400000.0,9621466.0
370,M-1430,item:268967,0.0,1724800.0,65246.040805
370,M-1810,item:268091,0.0,1828800.0,11120.102037
370,SDC-1450,item:773474,0.0,134400000.0,9621466.0
371,M-1430,item:268967,0.0,1724800.0,49620.101994
371,M-1810,item:268091,0.0,1828800.0,11120.102037
371,SDC-1450,item:773474,0.0,134400000.0,9621466.0
372,M-1430,item:268967,0.0,1724800.0,27731.632605
372,M-1810,item:268091,0.0,1828800.0,11120.102037
372,SDC-1450,item:773474,0.0,134400000.0,9621466.0
373,M-1430,item:268967,0.0,1724800.0,27731.632605
373,M-1810,item:268091,0.0,1828800.0,11120.102037
373,SDC-1450,item:773474,0.0,134400000.0,9621466.0
374,M-1430,item:268967,0.0,1724800.0,16596.40815
374,M-1810,item:268091,0.0,1828800.0,11120.102037
374,SDC-1450,item:773474,0.0,134400000.0,9621466.0
375,M-1430,item:268967,0.0,1724800.0,14811.530599
375,M-1810,item:268091,0.0,1828800.0,11120.102037
375,SDC-1450,item:773474,0.0,134400000.0,9621466.0
376,M-1430,item:268967,0.0,1724800.0,14811.530599
376,M-1810,item:268091,0.0,1828800.0,11120.102037
376,SDC-1450,item:773474,0.0,134400000.0,9621466.0
377,M-1430,item:268967,0.0,1724800.0,14811.530599
377,M-1810,item:268091,0.0,1828800.0,11120.102037
377,SDC-1450,item:773474,0.0,134400000.0,9621466.0
378,M-1430,item:268967,0.0,1724800.0,14811.530599
378,M-1810,item:268091,0.0,1828800.0,11120.102037
378,SDC-1450,item:773474,0.0,134400000.0,9621466.0
379,M-1430,item:268967,0.0,1724800.0,14811.530599
379,M-1810,item:268091,0.0,1828800.0,11120.102037
379,SDC-1450,item:773474,0.0,134400000.0,9621466.0
380,M-1430,item:268967,0.0,1724800.0,14811.530599
380,M-1810,item:268091,0.0,1828800.0,5962.428561
380,SDC-1450,item:773474,0.0,134400000.0,9621466.0
381,M-1430,item:268967,0.0,1724800.0,14811.530599
381,M-1810,item:268091,14400.0,1843200.0,14400.0
381,SDC-1450,item:773474,0.0,134400000.0,9621466.0
382,M-1430,item:268967,0.0,1724800.0,14811.530599
382,M-1810,item:268091,14400.0,1857600.0,14400.0
382,SDC-1450,item:773474,0.0,134400000.0,9621466.0
383,M-1430,item:268967,0.0,1724800.0,11804.551041
383,M-1810,item:268091,14400.0,1872000.0,14400.0
383,SDC-1450,item:773474,0.0,134400000.0,9621466.0
384,M-1430,item:268967,0.0,1724800.0,3987.265361
384,M-1810,item:268091,14400.0,1886400.0,14400.0
384,SDC-1450,item:773474,0.0,134400000.0,9621466.0
385,M-1430,item:268967,107800.0,1832600.0,107800.0
385,M-1810,item:268091,14400.0,1900800.0,14400.0
385,SDC-1450,item:773474,0.0,134400000.0,9621466.0
386,M-1430,item:268967,0.0,1832600.0,93481.061225
386,M-1810,item:268091,14400.0,1915200.0,14400.0
386,SDC-1450,item:773474,0.0,134400000.0,9621466.0
387,M-1430,item:268967,0.0,1832600.0,86268.34696
387,M-1810,item:268091,14400.0,1929600.0,14400.0
387,SDC-1450,item:773474,0.0,134400000.0,9621466.0
388,M-1430,item:268967,0.0,1832600.0,86268.34696
388,M-1810,item:268091,14400.0,1944000.0,14400.0
388,SDC-1450,item:773474,0.0,134400000.0,9621466.0
389,M-1430,item:268967,0.0,1832600.0,84733.898001
389,M-1810,item:268091,14400.0,1958400.0,14400.0
389,SDC-1450,item:773474,0.0,134400000.0,9621466.0
390,M-1430,item:268967,0.0,1832600.0,84733.898001
390,M-1810,item:268091,0.0,1958400.0,5276.55101
390,SDC-1450,item:773474,0.0,134400000.0,9621466.0
391,M-1430,item:268967,0.0,1832600.0,83552.816347
391,M-1810,item:268091,14400.0,1972800.0,14400.0
391,SDC-1450,item:773474,0.0,134400000.0,9621466.0
392,M-1430,item:268967,0.0,1832600.0,77830.12247
392,M-1810,item:268091,14400.0,1987200.0,14400.0
392,SDC-1450,item:773474,0.0,134400000.0,9621466.0
393,M-1430,item:268967,0.0,1832600.0,65447.346961
393,M-1810,item:268091,14400.0,2001600.0,14400.0
393,SDC-1450,item:773474,0.0,134400000.0,9621466.0
394,M-1430,item:268967,0.0,1832600.0,51982.367372
394,M-1810,item:268091,0.0,2001600.0,1516.142853
394,SDC-1450,item:773474,0.0,134400000.0,9621466.0
395,M-1430,item:268967,0.0,1832600.0,43950.449008
395,M-1810,item:268091,14400.0,2016000.0,14400.0
395,SDC-1450,item:773474,0.0,134400000.0,9621466.0
396,M-1430,item:268967,0.0,1832600.0,43950.449008
396,M-1810,item:268091,0.0,2016000.0,12710.693878
396,SDC-1450,item:773474,0.0,134400000.0,9621466.0
397,M-1430,item:268967,0.0,1832600.0,43950.449008
397,M-1810,item:268091,0.0,2016000.0,2722.204081
397,SDC-1450,item:773474,0.0,134400000.0,9621466.0
398,M-1430,item:268967,0.0,1832600.0,43950.449008
398,M-1810,item:268091,14400.0,2030400.0,14400.0
398,SDC-1450,item:773474,0.0,134400000.0,9621466.0
399,M-1430,item:268967,0.0,1832600.0,39172.326553
399,M-1810,item:268091,0.0,2030400.0,1388.877543
399,SDC-1450,item:773474,0.0,134400000.0,9621466.0
400,M-1430,item:268967,0.0,1832600.0,33096.91839
400,M-1810,item:268091,14400.0,2044800.0,14400.0
400,SDC-1450,item:773474,0.0,134400000.0,9621466.0
401,M-1430,item:268967,0.0,1832600.0,21101.449002
401,M-1810,item:268091,0.0,2044800.0,1414.693873
401,SDC-1450,item:773474,0.0,134400000.0,9621466.0
402,M-1430,item:268967,0.0,1832600.0,9416.673491
402,M-1810,item:268091,14400.0,2059200.0,14400.0
402,SDC-1450,item:773474,0.0,134400000.0,9621466.0
403,M-1430,item:268967,0.0,1832600.0,9416.673491
403,M-1810,item:268091,0.0,2059200.0,3790.632644
403,SDC-1450,item:773474,0.0,134400000.0,9621466.0
404,M-1430,item:268967,0.0,1832600.0,9416.673491
404,M-1810,item:268091,14400.0,2073600.0,14400.0
404,SDC-1450,item:773474,0.0,134400000.0,9621466.0
405,M-1430,item:268967,0.0,1832600.0,5386.326552
405,M-1810,item:268091,14400.0,2088000.0,14400.0
405,SDC-1450,item:773474,0.0,134400000.0,9621466.0
406,M-1430,item:268967,107800.0,1940400.0,107800.0
406,M-1810,item:268091,14400.0,2102400.0,14400.0
406,SDC-1450,item:773474,0.0,134400000.0,9621466.0
407,M-1430,item:268967,0.0,1940400.0,89134.061225
407,M-1810,item:268091,14400.0,2116800.0,14400.0
407,SDC-1450,item:773474,0.0,134400000.0,9621466.0
408,M-1430,item:268967,0.0,1940400.0,63398.775534
408,M-1810,item:268091,14400.0,2131200.0,14400.0
408,SDC-1450,item:773474,0.0,134400000.0,9621466.0
409,M-1430,item:268967,0.0,1940400.0,43442.714333
409,M-1810,item:268091,14400.0,2145600.0,14400.0
409,SDC-1450,item:773474,0.0,134400000.0,9621466.0
410,M-1430,item:268967,0.0,1940400.0,43442.714333
410,M-1810,item:268091,14400.0,2160000.0,14400.0
410,SDC-1450,item:773474,0.0,134400000.0,9621466.0
411,M-1430,item:268967,0.0,1940400.0,43442.714333
411,M-1810,item:268091,14400.0,2174400.0,14400.0
411,SDC-1450,item:773474,0.0,134400000.0,9621466.0
412,M-1430,item:268967,0.0,1940400.0,43442.714333
412,M-1810,item:268091,14400.0,2188800.0,14400.0
412,SDC-1450,item:773474,0.0,134400000.0,9621466.0
413,M-1430,item:268967,0.0,1940400.0,43442.714333
413,M-1810,item:268091,14400.0,2203200.0,14400.0
413,SDC-1450,item:773474,0.0,134400000.0,9621466.0
414,M-1430,item:268967,0.0,1940400.0,43442.714333
414,M-1810,item:268091,14400.0,2217600.0,14400.0
414,SDC-1450,item:773474,0.0,134400000.0,9621466.0
415,M-1430,item:268967,0.0,1940400.0,43442.714333
415,M-1810,item:268091,14400.0,2232000.0,14400.0
415,SDC-1450,item:773474,0.0,134400000.0,9621466.0
416,M-1430,item:268967,0.0,1940400.0,43442.714333
416,M-1810,item:268091,14400.0,2246400.0,14400.0
416,SDC-1450,item:773474,0.0,134400000.0,9621466.0
417,M-1430,item:268967,0.0,1940400.0,43442.714333
417,M-1810,item:268091,14400.0,2260800.0,14400.0
417,SDC-1450,item:773474,0.0,134400000.0,9621466.0
418,M-1430,item:268967,0.0,1940400.0,40419.2041
418,M-1810,item:268091,14400.0,2275200.0,14400.0
418,SDC-1450,item:773474,0.0,134400000.0,9621466.0
419,M-1430,item:268967,0.0,1940400.0,32478.755092
419,M-1810,item:268091,14400.0,2289600.0,14400.0
419,SDC-1450,item:773474,0.0,134400000.0,9621466.0
420,M-1430,item:268967,0.0,1940400.0,15430.102002
420,M-1810,item:268091,14400.0,2304000.0,14400.0
420,SDC-1450,item:773474,0.0,134400000.0,9621466.0
421,M-1430,item:268967,107800.0,2048200.0,107800.0
421,M-1810,item:268091,14400.0,2318400.0,14400.0
421,SDC-1450,item:773474,0.0,134400000.0,9621466.0
422,M-1430,item:268967,0.0,2048200.0,98222.040872
422,M-1810,item:268091,14400.0,2332800.0,14400.0
422,SDC-1450,item:773474,0.0,134400000.0,9621466.0
423,M-1430,item:268967,0.0,2048200.0,98222.040872
423,M-1810,item:268091,14400.0,2347200.0,14400.0
423,SDC-1450,item:773474,0.0,134400000.0,9621466.0
424,M-1430,item:268967,0.0,2048200.0,98222.040872
424,M-1810,item:268091,14400.0,2361600.0,14400.0
424,SDC-1450,item:773474,0.0,134400000.0,9621466.0
425,M-1430,item:268967,0.0,2048200.0,98222.040872
425,M-1810,item:268091,14400.0,2376000.0,14400.0
425,SDC-1450,item:773474,0.0,134400000.0,9621466.0
426,M-1430,item:268967,0.0,2048200.0,98222.040872
426,M-1810,item:268091,14400.0,2390400.0,14400.0
426,SDC-1450,item:773474,0.0,134400000.0,9621466.0
427,M-1430,item:268967,0.0,2048200.0,98222.040872
427,M-1810,item:268091,14400.0,2404800.0,14400.0
427,SDC-1450,item:773474,0.0,134400000.0,9621466.0
428,M-1430,item:268967,0.0,2048200.0,95187.673488
428,M-1810,item:268091,0.0,2404800.0,10399.204078
428,SDC-1450,item:773474,0.0,134400000.0,9621466.0
429,M-1430,item:268967,0.0,2048200.0,88143.346919
429,M-1810,item:268091,0.0,2404800.0,10399.204078
429,SDC-1450,item:773474,0.0,134400000.0,9621466.0
430,M-1430,item:268967,0.0,2048200.0,77450.877494
430,M-1810,item:268091,0.0,2404800.0,10399.204078
430,SDC-1450,item:773474,0.0,134400000.0,9621466.0
431,M-1430,item:268967,0.0,2048200.0,71852.836716
431,M-1810,item:268091,0.0,2404800.0,3357.408159
431,SDC-1450,item:773474,0.0,134400000.0,9621466.0
432,M-1430,item:268967,0.0,2048200.0,60962.693898
432,M-1810,item:268091,14400.0,2419200.0,14400.0
432,SDC-1450,item:773474,0.0,134400000.0,9621466.0
433,M-1430,item:268967,0.0,2048200.0,60763.122507
433,M-1810,item:268091,0.0,2419200.0,86.89796
433,SDC-1450,item:773474,0.0,134400000.0,9621466.0
434,M-1430,item:268967,0.0,2048200.0,60763.122507
434,M-1810,item:268091,14400.0,2433600.0,14400.0
434,SDC-1450,item:773474,0.0,134400000.0,9621466.0
435,M-1430,item:268967,0.0,2048200.0,56317.448997
435,M-1810,item:268091,14400.0,2448000.0,14400.0
435,SDC-1450,item:773474,0.0,134400000.0,9621466.0
436,M-1430,item:268967,0.0,2048200.0,41689.040793
436,M-1810,item:268091,14400.0,2462400.0,14400.0
436,SDC-1450,item:773474,0.0,134400000.0,9621466.0
437,M-1430,item:268967,0.0,2048200.0,21015.73467
437,M-1810,item:268091,14400.0,2476800.0,14400.0
437,SDC-1450,item:773474,0.0,134400000.0,9621466.0
438,M-1430,item:268967,0.0,2048200.0,12013.755119
438,M-1810,item:268091,14400.0,2491200.0,14400.0
438,SDC-1450,item:773474,0.0,134400000.0,9621466.0
439,M-1430,item:268967,0.0,2048200.0,12013.755119
439,M-1810,item:268091,14400.0,2505600.0,14400.0
439,SDC-1450,item:773474,0.0,134400000.0,9621466.0
440,M-1430,item:268967,0.0,2048200.0,12013.755119
440,M-1810,item:268091,14400.0,2520000.0,14400.0
440,SDC-1450,item:773474,0.0,134400000.0,9621466.0
441,M-1430,item:268967,0.0,2048200.0,12013.755119
441,M-1810,item:268091,14400.0,2534400.0,14400.0
441,SDC-1450,item:773474,0.0,134400000.0,9621466.0
442,M-1430,item:268967,0.0,2048200.0,12013.755119
442,M-1810,item:268091,14400.0,2548800.0,14400.0
442,SDC-1450,item:773474,0.0,134400000.0,9621466.0
443,M-1430,item:268967,0.0,2048200.0,12013.755119
443,M-1810,item:268091,14400.0,2563200.0,14400.0
443,SDC-1450,item:773474,0.0,134400000.0,9621466.0
444,M-1430,item:268967,0.0,2048200.0,12013.755119
444,M-1810,item:268091,14400.0,2577600.0,14400.0
444,SDC-1450,item:773474,0.0,134400000.0,9621466.0
445,M-1430,item:268967,0.0,2048200.0,12013.755119
445,M-1810,item:268091,0.0,2577600.0,4404.571422
445,SDC-1450,item:773474,0.0,134400000.0,9621466.0
446,M-1430,item:268967,0.0,2048200.0,10874.938799
446,M-1810,item:268091,14400.0,2592000.0,14400.0
446,SDC-1450,item:773474,0.0,134400000.0,9621466.0
447,M-1430,item:268967,0.0,2048200.0,5176.632679
447,M-1810,item:268091,0.0,2592000.0,3140.714286
447,SDC-1450,item:773474,0.0,134400000.0,9621466.0
448,M-1430,item:268967,107800.0,2156000.0,107800.0
448,M-1810,item:268091,14400.0,2606400.0,14400.0
448,SDC-1450,item:773474,0.0,134400000.0,9621466.0
449,M-1430,item:268967,0.0,2156000.0,93791.755098
449,M-1810,item:268091,14400.0,2620800.0,14400.0
449,SDC-1450,item:773474,0.0,134400000.0,9621466.0
450,M-1430,item:268967,0.0,2156000.0,85971.326545
450,M-1810,item:268091,14400.0,2635200.0,14400.0
450,SDC-1450,item:773474,0.0,134400000.0,9621466.0
451,M-1430,item:268967,0.0,2156000.0,73488.612277
451,M-1810,item:268091,14400.0,2649600.0,14400.0
451,SDC-1450,item:773474,0.0,134400000.0,9621466.0
452,M-1430,item:268967,0.0,2156000.0,55470.816377
452,M-1810,item:268091,14400.0,2664000.0,14400.0
452,SDC-1450,item:773474,0.0,134400000.0,9621466.0
453,M-1430,item:268967,0.0,2156000.0,45878.530685
453,M-1810,item:268091,14400.0,2678400.0,14400.0
453,SDC-1450,item:773474,0.0,134400000.0,9621466.0
454,M-1430,item:268967,0.0,2156000.0,45878.530685
454,M-1810,item:268091,14400.0,2692800.0,14400.0
454,SDC-1450,item:773474,0.0,134400000.0,9621466.0
455,M-1430,item:268967,0.0,2156000.0,45878.530685
455,M-1810,item:268091,0.0,2692800.0,8123.204072
455,SDC-1450,item:773474,0.0,134400000.0,9621466.0
456,M-1430,item:268967,0.0,2156000.0,45878.530685
456,M-1810,item:268091,0.0,2692800.0,8123.204072
456,SDC-1450,item:773474,0.0,134400000.0,9621466.0
457,M-1430,item:268967,0.0,2156000.0,45878.530685
457,M-1810,item:268091,0.0,2692800.0,8123.204072
457,SDC-1450,item:773474,0.0,134400000.0,9621466.0
458,M-1430,item:268967,0.0,2156000.0,45878.530685
458,M-1810,item:268091,0.0,2692800.0,8123.204072
458,SDC-1450,item:773474,0.0,134400000.0,9621466.0
459,M-1430,item:268967,0.0,2156000.0,45878.530685
459,M-1810,item:268091,0.0,2692800.0,8123.204072
459,SDC-1450,item:773474,0.0,134400000.0,9621466.0
460,M-1430,item:268967,0.0,2156000.0,45878.530685
460,M-1810,item:268091,0.0,2692800.0,8123.204072
460,SDC-1450,item:773474,0.0,134400000.0,9621466.0
461,M-1430,item:268967,0.0,2156000.0,41155.612268
461,M-1810,item:268091,0.0,2692800.0,6975.897951
461,SDC-1450,item:773474,0.0,134400000.0,9621466.0
462,M-1430,item:268967,0.0,2156000.0,29921.816301
462,M-1810,item:268091,14400.0,2707200.0,14400.0
462,SDC-1450,item:773474,0.0,134400000.0,9621466.0
463,M-1430,item:268967,0.0,2156000.0,16807.020384
463,M-1810,item:268091,14400.0,2721600.0,14400.0
463,SDC-1450,item:773474,0.0,134400000.0,9621466.0
464,M-1430,item:268967,0.0,2156000.0,8229.061252
464,M-1810,item:268091,14400.0,2736000.0,14400.0
464,SDC-1450,item:773474,0.0,134400000.0,9621466.0
465,M-1430,item:268967,0.0,2156000.0,5975.898038
465,M-1810,item:268091,14400.0,2750400.0,14400.0
465,SDC-1450,item:773474,0.0,134400000.0,9621466.0
466,M-1430,item:268967,0.0,2156000.0,5975.898038
466,M-1810,item:268091,14400.0,2764800.0,14400.0
466,SDC-1450,item:773474,0.0,134400000.0,9621466.0
467,M-1430,item:268967,0.0,2156000.0,5975.898038
467,M-1810,item:268091,14400.0,2779200.0,14400.0
467,SDC-1450,item:773474,0.0,134400000.0,9621466.0
468,M-1430,item:268967,0.0,2156000.0,5975.898038
468,M-1810,item:268091,0.0,2779200.0,1711.734688
468,SDC-1450,item:773474,0.0,134400000.0,9621466.0
469,M-1430,item:268967,0.0,2156000.0,5975.898038
469,M-1810,item:268091,14400.0,2793600.0,14400.0
469,SDC-1450,item:773474,0.0,134400000.0,9621466.0
470,M-1430,item:268967,0.0,2156000.0,5975.898038
470,M-1810,item:268091,14400.0,2808000.0,14400.0
470,SDC-1450,item:773474,0.0,134400000.0,9621466.0
471,M-1430,item:268967,0.0,2156000.0,5975.898038
471,M-1810,item:268091,14400.0,2822400.0,14400.0
471,SDC-1450,item:773474,0.0,134400000.0,9621466.0
472,M-1430,item:268967,0.0,2156000.0,5975.898038
472,M-1810,item:268091,14400.0,2836800.0,14400.0
472,SDC-1450,item:773474,0.0,134400000.0,9621466.0
473,M-1430,item:268967,0.0,2156000.0,5975.898038
473,M-1810,item:268091,14400.0,2851200.0,14400.0
473,SDC-1450,item:773474,0.0,134400000.0,9621466.0
474,M-1430,item:268967,0.0,2156000.0,5975.898038
474,M-1810,item:268091,14400.0,2865600.0,14400.0
474,SDC-1450,item:773474,0.0,134400000.0,9621466.0
475,M-1430,item:268967,0.0,2156000.0,5975.898038
475,M-1810,item:268091,14400.0,2880000.0,14400.0
475,SDC-1450,item:773474,0.0,134400000.0,9621466.0
476,M-1430,item:268967,0.0,2156000.0,5975.898038
476,M-1810,item:268091,0.0,2880000.0,5510.30612
476,SDC-1450,item:773474,0.0,134400000.0,9621466.0
477,M-1430,item:268967,0.0,2156000.0,5975.898038
477,M-1810,item:268091,0.0,2880000.0,5510.30612
477,SDC-1450,item:773474,0.0,134400000.0,9621466.0
478,M-1430,item:268967,0.0,2156000.0,5975.898038
478,M-1810,item:268091,0.0,2880000.0,5510.30612
478,SDC-1450,item:773474,0.0,134400000.0,9621466.0
479,M-1430,item:268967,0.0,2156000.0,5975.898038
479,M-1810,item:268091,0.0,2880000.0,5510.30612
479,SDC-1450,item:773474,0.0,134400000.0,9621466.0
480,M-1430,item:268967,0.0,2156000.0,5975.898038
480,M-1810,item:268091,0.0,2880000.0,5510.30612
480,SDC-1450,item:773474,0.0,134400000.0,9621466.0
481,M-1430,item:268967,0.0,2156000.0,5975.898038
481,M-1810,item:268091,0.0,2880000.0,5510.30612
481,SDC-1450,item:773474,0.0,134400000.0,9621466.0
482,M-1430,item:268967,0.0,2156000.0,5975.898038
482,M-1810,item:268091,0.0,2880000.0,5510.30612
482,SDC-1450,item:773474,0.0,134400000.0,9621466.0
483,M-1430,item:268967,0.0,2156000.0,5975.898038
483,M-1810,item:268091,0.0,2880000.0,5510.30612
483,SDC-1450,item:773474,0.0,134400000.0,9621466.0
484,M-1430,item:268967,0.0,2156000.0,5975.898038
484,M-1810,item:268091,0.0,2880000.0,5510.30612
484,SDC-1450,item:773474,0.0,134400000.0,9621466.0
485,M-1430,item:268967,0.0,2156000.0,5975.898038
485,M-1810,item:268091,0.0,2880000.0,5510.30612
485,SDC-1450,item:773474,0.0,134400000.0,9621466.0
486,M-1430,item:268967,0.0,2156000.0,5975.898038
486,M-1810,item:268091,0.0,2880000.0,5510.30612
486,SDC-1450,item:773474,0.0,134400000.0,9621466.0
487,M-1430,item:268967,0.0,2156000.0,5975.898038
487,M-1810,item:268091,0.0,2880000.0,5510.30612
487,SDC-1450,item:773474,0.0,134400000.0,9621466.0
488,M-1430,item:268967,0.0,2156000.0,5975.898038
488,M-1810,item:268091,0.0,2880000.0,5510.30612
488,SDC-1450,item:773474,0.0,134400000.0,9621466.0
489,M-1430,item:268967,0.0,2156000.0,5975.898038
489,M-1810,item:268091,0.0,2880000.0,4584.102032
489,SDC-1450,item:773474,0.0,134400000.0,9621466.0
490,M-1430,item:268967,0.0,2156000.0,5975.898038
490,M-1810,item:268091,14400.0,2894400.0,14400.0
490,SDC-1450,item:773474,0.0,134400000.0,9621466.0
491,M-1430,item:268967,0.0,2156000.0,5975.898038
491,M-1810,item:268091,14400.0,2908800.0,14400.0
491,SDC-1450,item:773474,0.0,134400000.0,9621466.0
492,M-1430,item:268967,0.0,2156000.0,5975.898038
492,M-1810,item:268091,14400.0,2923200.0,14400.0
492,SDC-1450,item:773474,0.0,134400000.0,9621466.0
493,M-1430,item:268967,0.0,2156000.0,5975.898038
493,M-1810,item:268091,14400.0,2937600.0,14400.0
493,SDC-1450,item:773474,0.0,134400000.0,9621466.0
494,M-1430,item:268967,0.0,2156000.0,5975.898038
494,M-1810,item:268091,14400.0,2952000.0,14400.0
494,SDC-1450,item:773474,0.0,134400000.0,9621466.0
495,M-1430,item:268967,0.0,2156000.0,5975.898038
495,M-1810,item:268091,14400.0,2966400.0,14400.0
495,SDC-1450,item:773474,0.0,134400000.0,9621466.0
496,M-1430,item:268967,0.0,2156000.0,5975.898038
496,M-1810,item:268091,14400.0,2980800.0,14400.0
496,SDC-1450,item:773474,0.0,134400000.0,9621466.0
497,M-1430,item:268967,0.0,2156000.0,5975.898038
497,M-1810,item:268091,14400.0,2995200.0,14400.0
497,SDC-1450,item:773474,0.0,134400000.0,9621466.0
498,M-1430,item:268967,0.0,2156000.0,5975.898038
498,M-1810,item:268091,14400.0,3009600.0,14400.0
498,SDC-1450,item:773474,0.0,134400000.0,9621466.0
499,M-1430,item:268967,0.0,2156000.0,5975.898038
499,M-1810,item:268091,14400.0,3024000.0,14400.0
499,SDC-1450,item:773474,0.0,134400000.0,9621466.0
500,M-1430,item:268967,0.0,2156000.0,5975.898038
500,M-1810,item:268091,14400.0,3038400.0,14400.0
500,SDC-1450,item:773474,0.0,134400000.0,9621466.0
501,M-1430,item:268967,0.0,2156000.0,5975.898038
501,M-1810,item:268091,14400.0,3052800.0,14400.0
501,SDC-1450,item:773474,0.0,134400000.0,9621466.0
502,M-1430,item:268967,0.0,2156000.0,5975.898038
502,M-1810,item:268091,0.0,3052800.0,3264.061213
502,SDC-1450,item:773474,0.0,134400000.0,9621466.0
503,M-1430,item:268967,0.0,2156000.0,5975.898038
503,M-1810,item:268091,14400.0,3067200.0,14400.0
503,SDC-1450,item:773474,0.0,134400000.0,9621466.0
504,M-1430,item:268967,0.0,2156000.0,5975.898038
504,M-1810,item:268091,0.0,3067200.0,6554.142857
504,SDC-1450,item:773474,0.0,134400000.0,9621466.0
505,M-1430,item:268967,0.0,2156000.0,5975.898038
505,M-1810,item:268091,14400.0,3081600.0,14400.0
505,SDC-1450,item:773474,0.0,134400000.0,9621466.0
506,M-1430,item:268967,0.0,2156000.0,5975.898038
506,M-1810,item:268091,14400.0,3096000.0,14400.0
506,SDC-1450,item:773474,0.0,134400000.0,9621466.0
507,M-1430,item:268967,0.0,2156000.0,5975.898038
507,M-1810,item:268091,14400.0,3110400.0,14400.0
507,SDC-1450,item:773474,0.0,134400000.0,9621466.0
508,M-1430,item:268967,0.0,2156000.0,5975.898038
508,M-1810,item:268091,14400.0,3124800.0,14400.0
508,SDC-1450,item:773474,0.0,134400000.0,9621466.0
509,M-1430,item:268967,0.0,2156000.0,5975.898038
509,M-1810,item:268091,0.0,3124800.0,14400.0
509,SDC-1450,item:773474,0.0,134400000.0,9621466.0
510,M-1430,item:268967,0.0,2156000.0,5975.898038
510,M-1810,item:268091,0.0,3124800.0,3160.326518
510,SDC-1450,item:773474,0.0,134400000.0,9621466.0
511,M-1430,item:268967,0.0,2156000.0,5975.898038
511,M-1810,item:268091,14400.0,3139200.0,14400.0
511,SDC-1450,item:773474,0.0,134400000.0,9621466.0
512,M-1430,item:268967,0.0,2156000.0,5975.898038
512,M-1810,item:268091,14400.0,3153600.0,14400.0
512,SDC-1450,item:773474,0.0,134400000.0,9621466.0
513,M-1430,item:268967,0.0,2156000.0,5975.898038
513,M-1810,item:268091,14400.0,3168000.0,14400.0
513,SDC-1450,item:773474,0.0,134400000.0,9621466.0
514,M-1430,item:268967,0.0,2156000.0,5975.898038
514,M-1810,item:268091,14400.0,3182400.0,14400.0
514,SDC-1450,item:773474,0.0,134400000.0,9621466.0
515,M-1430,item:268967,0.0,2156000.0,5975.898038
515,M-1810,item:268091,14400.0,3196800.0,14400.0
515,SDC-1450,item:773474,0.0,134400000.0,9621466.0
516,M-1430,item:268967,0.0,2156000.0,5975.898038
516,M-1810,item:268091,14400.0,3211200.0,14400.0
516,SDC-1450,item:773474,0.0,134400000.0,9621466.0
517,M-1430,item:268967,0.0,2156000.0,5975.898038
517,M-1810,item:268091,0.0,3211200.0,4579.775502
517,SDC-1450,item:773474,0.0,134400000.0,9621466.0
518,M-1430,item:268967,0.0,2156000.0,5975.898038
518,M-1810,item:268091,14400.0,3225600.0,14400.0
518,SDC-1450,item:773474,0.0,134400000.0,9621466.0
519,M-1430,item:268967,0.0,2156000.0,5975.898038
519,M-1810,item:268091,0.0,3225600.0,11220.857129
519,SDC-1450,item:773474,0.0,134400000.0,9621466.0
520,M-1430,item:268967,0.0,2156000.0,5975.898038
520,M-1810,item:268091,0.0,3225600.0,2273.204055
520,SDC-1450,item:773474,0.0,134400000.0,9621466.0
521,M-1430,item:268967,0.0,2156000.0,5975.898038
521,M-1810,item:268091,14400.0,3240000.0,14400.0
521,SDC-1450,item:773474,0.0,134400000.0,9621466.0
522,M-1430,item:268967,0.0,2156000.0,47.693905
522,M-1810,item:268091,0.0,3240000.0,7733.081647
522,SDC-1450,item:773474,0.0,134400000.0,9621466.0
523,M-1430,item:268967,107800.0,2263800.0,107800.0
523,M-1810,item:268091,0.0,3240000.0,7733.081647
523,SDC-1450,item:773474,0.0,134400000.0,9621466.0
524,M-1430,item:268967,0.0,2263800.0,58469.040817
524,M-1810,item:268091,0.0,3240000.0,7733.081647
524,SDC-1450,item:773474,0.0,134400000.0,9621466.0
525,M-1430,item:268967,107800.0,2371600.0,107800.0
525,M-1810,item:268091,14400.0,3254400.0,14400.0
525,SDC-1450,item:773474,0.0,134400000.0,9621466.0
526,M-1430,item:268967,0.0,2371600.0,56902.102041
526,M-1810,item:268091,0.0,3254400.0,5067.224482
526,SDC-1450,item:773474,0.0,134400000.0,9621466.0
527,M-1430,item:268967,107800.0,2479400.0,107800.0
527,M-1810,item:268091,14400.0,3268800.0,14400.0
527,SDC-1450,item:773474,0.0,134400000.0,9621466.0
528,M-1430,item:268967,0.0,2479400.0,62954.000029
528,M-1810,item:268091,14400.0,3283200.0,14400.0
528,SDC-1450,item:773474,0.0,134400000.0,9621466.0
529,M-1430,item:268967,0.0,2479400.0,62954.000029
529,M-1810,item:268091,14400.0,3297600.0,14400.0
529,SDC-1450,item:773474,0.0,134400000.0,9621466.0
530,M-1430,item:268967,0.0,2479400.0,62954.000029
530,M-1810,item:268091,14400.0,3312000.0,14400.0
530,SDC-1450,item:773474,0.0,134400000.0,9621466.0
531,M-1430,item:268967,0.0,2479400.0,62954.000029
531,M-1810,item:268091,0.0,3312000.0,1551.469381
531,SDC-1450,item:773474,0.0,134400000.0,9621466.0
532,M-1430,item:268967,0.0,2479400.0,62954.000029
532,M-1810,item:268091,14400.0,3326400.0,14400.0
532,SDC-1450,item:773474,0.0,134400000.0,9621466.0
533,M-1430,item:268967,0.0,2479400.0,49331.285744
533,M-1810,item:268091,14400.0,3340800.0,14400.0
533,SDC-1450,item:773474,0.0,134400000.0,9621466.0
534,M-1430,item:268967,107800.0,2587200.0,107800.0
534,M-1810,item:268091,14400.0,3355200.0,14400.0
534,SDC-1450,item:773474,0.0,134400000.0,9621466.0
535,M-1430,item:268967,107800.0,2695000.0,107800.0
535,M-1810,item:268091,14400.0,3369600.0,14400.0
535,SDC-1450,item:773474,0.0,134400000.0,9621466.0
536,M-1430,item:268967,0.0,2695000.0,107800.0
536,M-1810,item:268091,14400.0,3384000.0,14400.0
536,SDC-1450,item:773474,0.0,134400000.0,9621466.0
537,M-1430,item:268967,0.0,2695000.0,107800.0
537,M-1810,item:268091,14400.0,3398400.0,14400.0
537,SDC-1450,item:773474,0.0,134400000.0,9621466.0
538,M-1430,item:268967,0.0,2695000.0,107800.0
538,M-1810,item:268091,14400.0,3412800.0,14400.0
538,SDC-1450,item:773474,0.0,134400000.0,9621466.0
539,M-1430,item:268967,0.0,2695000.0,107800.0
539,M-1810,item:268091,14400.0,3427200.0,14400.0
539,SDC-1450,item:773474,0.0,134400000.0,9621466.0
540,M-1430,item:268967,0.0,2695000.0,107800.0
540,M-1810,item:268091,14400.0,3441600.0,14400.0
540,SDC-1450,item:773474,0.0,134400000.0,9621466.0
541,M-1430,item:268967,0.0,2695000.0,107800.0
541,M-1810,item:268091,14400.0,3456000.0,14400.0
541,SDC-1450,item:773474,0.0,134400000.0,9621466.0
542,M-1430,item:268967,0.0,2695000.0,107800.0
542,M-1810,item:268091,14400.0,3470400.0,14400.0
542,SDC-1450,item:773474,0.0,134400000.0,9621466.0
543,M-1430,item:268967,0.0,2695000.0,107800.0
543,M-1810,item:268091,14400.0,3484800.0,14400.0
543,SDC-1450,item:773474,0.0,134400000.0,9621466.0
544,M-1430,item:268967,0.0,2695000.0,107800.0
544,M-1810,item:268091,14400.0,3499200.0,14400.0
544,SDC-1450,item:773474,0.0,134400000.0,9621466.0
545,M-1430,item:268967,0.0,2695000.0,107800.0
545,M-1810,item:268091,0.0,3499200.0,9710.16326
545,SDC-1450,item:773474,0.0,134400000.0,9621466.0
546,M-1430,item:268967,0.0,2695000.0,107800.0
546,M-1810,item:268091,0.0,3499200.0,3304.959172
546,SDC-1450,item:773474,0.0,134400000.0,9621466.0
547,M-1430,item:268967,0.0,2695000.0,107800.0
547,M-1810,item:268091,0.0,3499200.0,524.061209
547,SDC-1450,item:773474,0.0,134400000.0,9621466.0
548,M-1430,item:268967,0.0,2695000.0,107800.0
548,M-1810,item:268091,14400.0,3513600.0,14400.0
548,SDC-1450,item:773474,0.0,134400000.0,9621466.0
549,M-1430,item:268967,0.0,2695000.0,107800.0
549,M-1810,item:268091,0.0,3513600.0,8932.653065
549,SDC-1450,item:773474,0.0,134400000.0,9621466.0
550,M-1430,item:268967,0.0,2695000.0,107800.0
550,M-1810,item:268091,14400.0,3528000.0,14400.0
550,SDC-1450,item:773474,0.0,134400000.0,9621466.0
551,M-1430,item:268967,0.0,2695000.0,107800.0
551,M-1810,item:268091,14400.0,3542400.0,14400.0
551,SDC-1450,item:773474,0.0,134400000.0,9621466.0
552,M-1430,item:268967,0.0,2695000.0,107800.0
552,M-1810,item:268091,14400.0,3556800.0,14400.0
552,SDC-1450,item:773474,0.0,134400000.0,9621466.0
553,M-1430,item:268967,0.0,2695000.0,107800.0
553,M-1810,item:268091,14400.0,3571200.0,14400.0
553,SDC-1450,item:773474,0.0,134400000.0,9621466.0
554,M-1430,item:268967,0.0,2695000.0,107800.0
554,M-1810,item:268091,14400.0,3585600.0,14400.0
554,SDC-1450,item:773474,0.0,134400000.0,9621466.0
555,M-1430,item:268967,0.0,2695000.0,107800.0
555,M-1810,item:268091,0.0,3585600.0,514.142844
555,SDC-1450,item:773474,0.0,134400000.0,9621466.0
556,M-1430,item:268967,0.0,2695000.0,107800.0
556,M-1810,item:268091,14400.0,3600000.0,14400.0
556,SDC-1450,item:773474,0.0,134400000.0,9621466.0
557,M-1430,item:268967,0.0,2695000.0,107800.0
557,M-1810,item:268091,0.0,3600000.0,11528.918368
557,SDC-1450,item:773474,0.0,134400000.0,9621466.0
558,M-1430,item:268967,0.0,2695000.0,107800.0
558,M-1810,item:268091,0.0,3600000.0,6250.673459
558,SDC-1450,item:773474,0.0,134400000.0,9621466.0
559,M-1430,item:268967,0.0,2695000.0,107800.0
559,M-1810,item:268091,14400.0,3614400.0,14400.0
559,SDC-1450,item:773474,0.0,134400000.0,9621466.0
560,M-1430,item:268967,0.0,2695000.0,107800.0
560,M-1810,item:268091,14400.0,3628800.0,14400.0
560,SDC-1450,item:773474,0.0,134400000.0,9621466.0
561,M-1430,item:268967,0.0,2695000.0,107800.0
561,M-1810,item:268091,14400.0,3643200.0,14400.0
561,SDC-1450,item:773474,0.0,134400000.0,9621466.0
562,M-1430,item:268967,0.0,2695000.0,107800.0
562,M-1810,item:268091,14400.0,3657600.0,14400.0
562,SDC-1450,item:773474,0.0,134400000.0,9621466.0
563,M-1430,item:268967,0.0,2695000.0,107800.0
563,M-1810,item:268091,14400.0,3672000.0,14400.0
563,SDC-1450,item:773474,0.0,134400000.0,9621466.0
564,M-1430,item:268967,0.0,2695000.0,107800.0
564,M-1810,item:268091,0.0,3672000.0,14400.0
564,SDC-1450,item:773474,0.0,134400000.0,9621466.0
565,M-1430,item:268967,0.0,2695000.0,107800.0
565,M-1810,item:268091,0.0,3672000.0,8624.142851
565,SDC-1450,item:773474,0.0,134400000.0,9621466.0
566,M-1430,item:268967,0.0,2695000.0,107800.0
566,M-1810,item:268091,14400.0,3686400.0,14400.0
566,SDC-1450,item:773474,0.0,134400000.0,9621466.0
567,M-1430,item:268967,0.0,2695000.0,107800.0
567,M-1810,item:268091,14400.0,3700800.0,14400.0
567,SDC-1450,item:773474,0.0,134400000.0,9621466.0
568,M-1430,item:268967,0.0,2695000.0,107800.0
568,M-1810,item:268091,14400.0,3715200.0,14400.0
568,SDC-1450,item:773474,0.0,134400000.0,9621466.0
569,M-1430,item:268967,0.0,2695000.0,107800.0
569,M-1810,item:268091,14400.0,3729600.0,14400.0
569,SDC-1450,item:773474,0.0,134400000.0,9621466.0
570,M-1430,item:268967,0.0,2695000.0,107800.0
570,M-1810,item:268091,14400.0,3744000.0,14400.0
570,SDC-1450,item:773474,0.0,134400000.0,9621466.0
571,M-1430,item:268967,0.0,2695000.0,107800.0
571,M-1810,item:268091,14400.0,3758400.0,14400.0
571,SDC-1450,item:773474,0.0,134400000.0,9621466.0
572,M-1430,item:268967,0.0,2695000.0,107800.0
572,M-1810,item:268091,14400.0,3772800.0,14400.0
572,SDC-1450,item:773474,0.0,134400000.0,9621466.0
573,M-1430,item:268967,0.0,2695000.0,107800.0
573,M-1810,item:268091,14400.0,3787200.0,14400.0
573,SDC-1450,item:773474,0.0,134400000.0,9621466.0
574,M-1430,item:268967,0.0,2695000.0,107800.0
574,M-1810,item:268091,0.0,3787200.0,3114.673465
574,SDC-1450,item:773474,0.0,134400000.0,9621466.0
575,M-1430,item:268967,0.0,2695000.0,107800.0
575,M-1810,item:268091,0.0,3787200.0,3114.673465
575,SDC-1450,item:773474,0.0,134400000.0,9621466.0
576,M-1430,item:268967,0.0,2695000.0,107800.0
576,M-1810,item:268091,0.0,3787200.0,3114.673465
576,SDC-1450,item:773474,0.0,134400000.0,9621466.0
577,M-1430,item:268967,0.0,2695000.0,103441.571461
577,M-1810,item:268091,0.0,3787200.0,3114.673465
577,SDC-1450,item:773474,0.0,134400000.0,9621466.0
578,M-1430,item:268967,0.0,2695000.0,99083.142922
578,M-1810,item:268091,0.0,3787200.0,3114.673465
578,SDC-1450,item:773474,0.0,134400000.0,9621466.0
579,M-1430,item:268967,0.0,2695000.0,99083.142922
579,M-1810,item:268091,0.0,3787200.0,3114.673465
579,SDC-1450,item:773474,0.0,134400000.0,9621466.0
580,M-1430,item:268967,0.0,2695000.0,99083.142922
580,M-1810,item:268091,0.0,3787200.0,3114.673465
580,SDC-1450,item:773474,0.0,134400000.0,9621466.0
581,M-1430,item:268967,0.0,2695000.0,99083.142922
581,M-1810,item:268091,0.0,3787200.0,3114.673465
581,SDC-1450,item:773474,0.0,134400000.0,9621466.0
582,M-1430,item:268967,0.0,2695000.0,99083.142922
582,M-1810,item:268091,0.0,3787200.0,3114.673465
582,SDC-1450,item:773474,0.0,134400000.0,9621466.0
583,M-1430,item:268967,0.0,2695000.0,99083.142922
583,M-1810,item:268091,0.0,3787200.0,3114.673465
583,SDC-1450,item:773474,0.0,134400000.0,9621466.0
584,M-1430,item:268967,0.0,2695000.0,99083.142922
584,M-1810,item:268091,0.0,3787200.0,3114.673465
584,SDC-1450,item:773474,0.0,134400000.0,9621466.0
585,M-1430,item:268967,0.0,2695000.0,99083.142922
585,M-1810,item:268091,0.0,3787200.0,3114.673465
585,SDC-1450,item:773474,0.0,134400000.0,9621466.0
586,M-1430,item:268967,0.0,2695000.0,99083.142922
586,M-1810,item:268091,0.0,3787200.0,3114.673465
586,SDC-1450,item:773474,0.0,134400000.0,9621466.0
587,M-1430,item:268967,0.0,2695000.0,99083.142922
587,M-1810,item:268091,0.0,3787200.0,3114.673465
587,SDC-1450,item:773474,0.0,134400000.0,9621466.0
588,M-1430,item:268967,0.0,2695000.0,99083.142922
588,M-1810,item:268091,0.0,3787200.0,3114.673465
588,SDC-1450,item:773474,0.0,134400000.0,9621466.0
589,M-1430,item:268967,0.0,2695000.0,99083.142922
589,M-1810,item:268091,0.0,3787200.0,3114.673465
589,SDC-1450,item:773474,0.0,134400000.0,9621466.0
590,M-1430,item:268967,0.0,2695000.0,99083.142922
590,M-1810,item:268091,0.0,3787200.0,2255.714275
590,SDC-1450,item:773474,0.0,134400000.0,9621466.0
591,M-1430,item:268967,0.0,2695000.0,99083.142922
591,M-1810,item:268091,14400.0,3801600.0,14400.0
591,SDC-1450,item:773474,0.0,134400000.0,9621466.0
592,M-1430,item:268967,0.0,2695000.0,99083.142922
592,M-1810,item:268091,14400.0,3816000.0,14400.0
592,SDC-1450,item:773474,0.0,134400000.0,9621466.0
593,M-1430,item:268967,0.0,2695000.0,99083.142922
593,M-1810,item:268091,14400.0,3830400.0,14400.0
593,SDC-1450,item:773474,0.0,134400000.0,9621466.0
594,M-1430,item:268967,0.0,2695000.0,99083.142922
594,M-1810,item:268091,14400.0,3844800.0,14400.0
594,SDC-1450,item:773474,0.0,134400000.0,9621466.0
595,M-1430,item:268967,0.0,2695000.0,99083.142922
595,M-1810,item:268091,14400.0,3859200.0,14400.0
595,SDC-1450,item:773474,0.0,134400000.0,9621466.0
596,M-1430,item:268967,0.0,2695000.0,98170.591871
596,M-1810,item:268091,14400.0,3873600.0,14400.0
596,SDC-1450,item:773474,0.0,134400000.0,9621466.0
597,M-1430,item:268967,0.0,2695000.0,83981.877555
597,M-1810,item:268091,14400.0,3888000.0,14400.0
597,SDC-1450,item:773474,0.0,134400000.0,9621466.0
598,M-1430,item:268967,0.0,2695000.0,57067.142862
598,M-1810,item:268091,0.0,3888000.0,2489.428561
598,SDC-1450,item:773474,0.0,134400000.0,9621466.0
599,M-1430,item:268967,0.0,2695000.0,42686.367383
599,M-1810,item:268091,14400.0,3902400.0,14400.0
599,SDC-1450,item:773474,0.0,134400000.0,9621466.0
600,M-1430,item:268967,0.0,2695000.0,42686.367383
600,M-1810,item:268091,14400.0,3916800.0,14400.0
600,SDC-1450,item:773474,0.0,134400000.0,9621466.0
601,M-1430,item:268967,0.0,2695000.0,42686.367383
601,M-1810,item:268091,14400.0,3931200.0,14400.0
601,SDC-1450,item:773474,0.0,134400000.0,9621466.0
602,M-1430,item:268967,0.0,2695000.0,38958.877586
602,M-1810,item:268091,14400.0,3945600.0,14400.0
602,SDC-1450,item:773474,0.0,134400000.0,9621466.0
603,M-1430,item:268967,0.0,2695000.0,10918.897992
603,M-1810,item:268091,14400.0,3960000.0,14400.0
603,SDC-1450,item:773474,0.0,134400000.0,9621466.0
604,M-1430,item:268967,107800.0,2802800.0,107800.0
604,M-1810,item:268091,14400.0,3974400.0,14400.0
604,SDC-1450,item:773474,0.0,134400000.0,9621466.0
605,M-1430,item:268967,0.0,2802800.0,59599.816324
605,M-1810,item:268091,14400.0,3988800.0,14400.0
605,SDC-1450,item:773474,0.0,134400000.0,9621466.0
606,M-1430,item:268967,0.0,2802800.0,59599.816324
606,M-1810,item:268091,14400.0,4003200.0,14400.0
606,SDC-1450,item:773474,0.0,134400000.0,9621466.0
607,M-1430,item:268967,0.0,2802800.0,59599.816324
607,M-1810,item:268091,0.0,4003200.0,97.510192
607,SDC-1450,item:773474,0.0,134400000.0,9621466.0
608,M-1430,item:268967,0.0,2802800.0,59599.816324
608,M-1810,item:268091,14400.0,4017600.0,14400.0
608,SDC-1450,item:773474,0.0,134400000.0,9621466.0
609,M-1430,item:268967,0.0,2802800.0,59599.816324
609,M-1810,item:268091,0.0,4017600.0,14400.0
609,SDC-1450,item:773474,0.0,134400000.0,9621466.0
610,M-1430,item:268967,0.0,2802800.0,59599.816324
610,M-1810,item:268091,0.0,4017600.0,8491.469388
610,SDC-1450,item:773474,0.0,134400000.0,9621466.0
611,M-1430,item:268967,0.0,2802800.0,59599.816324
611,M-1810,item:268091,14400.0,4032000.0,14400.0
611,SDC-1450,item:773474,0.0,134400000.0,9621466.0
612,M-1430,item:268967,0.0,2802800.0,59599.816324
612,M-1810,item:268091,0.0,4032000.0,2113.020409
612,SDC-1450,item:773474,0.0,134400000.0,9621466.0
613,M-1430,item:268967,0.0,2802800.0,59599.816324
613,M-1810,item:268091,14400.0,4046400.0,14400.0
613,SDC-1450,item:773474,0.0,134400000.0,9621466.0
614,M-1430,item:268967,0.0,2802800.0,59599.816324
614,M-1810,item:268091,0.0,4046400.0,5862.346928
614,SDC-1450,item:773474,0.0,134400000.0,9621466.0
615,M-1430,item:268967,0.0,2802800.0,59599.816324
615,M-1810,item:268091,14400.0,4060800.0,14400.0
615,SDC-1450,item:773474,0.0,134400000.0,9621466.0
616,M-1430,item:268967,0.0,2802800.0,59599.816324
616,M-1810,item:268091,14400.0,4075200.0,14400.0
616,SDC-1450,item:773474,0.0,134400000.0,9621466.0
617,M-1430,item:268967,0.0,2802800.0,59599.816324
617,M-1810,item:268091,14400.0,4089600.0,14400.0
617,SDC-1450,item:773474,0.0,134400000.0,9621466.0
618,M-1430,item:268967,0.0,2802800.0,59599.816324
618,M-1810,item:268091,14400.0,4104000.0,14400.0
618,SDC-1450,item:773474,0.0,134400000.0,9621466.0
619,M-1430,item:268967,0.0,2802800.0,59599.816324
619,M-1810,item:268091,0.0,4104000.0,2113.428564
619,SDC-1450,item:773474,0.0,134400000.0,9621466.0
620,M-1430,item:268967,0.0,2802800.0,59599.816324
620,M-1810,item:268091,0.0,4104000.0,2113.428564
620,SDC-1450,item:773474,0.0,134400000.0,9621466.0
621,M-1430,item:268967,0.0,2802800.0,59599.816324
621,M-1810,item:268091,14400.0,4118400.0,14400.0
621,SDC-1450,item:773474,0.0,134400000.0,9621466.0
622,M-1430,item:268967,0.0,2802800.0,59599.816324
622,M-1810,item:268091,14400.0,4132800.0,14400.0
622,SDC-1450,item:773474,0.0,134400000.0,9621466.0
623,M-1430,item:268967,0.0,2802800.0,59599.816324
623,M-1810,item:268091,14400.0,4147200.0,14400.0
623,SDC-1450,item:773474,0.0,134400000.0,9621466.0
624,M-1430,item:268967,0.0,2802800.0,59599.816324
624,M-1810,item:268091,14400.0,4161600.0,14400.0
624,SDC-1450,item:773474,0.0,134400000.0,9621466.0
625,M-1430,item:268967,0.0,2802800.0,59599.816324
625,M-1810,item:268091,14400.0,4176000.0,14400.0
625,SDC-1450,item:773474,0.0,134400000.0,9621466.0
626,M-1430,item:268967,0.0,2802800.0,59599.816324
626,M-1810,item:268091,14400.0,4190400.0,14400.0
626,SDC-1450,item:773474,0.0,134400000.0,9621466.0
627,M-1430,item:268967,0.0,2802800.0,59599.816324
627,M-1810,item:268091,14400.0,4204800.0,14400.0
627,SDC-1450,item:773474,0.0,134400000.0,9621466.0
628,M-1430,item:268967,0.0,2802800.0,59599.816324
628,M-1810,item:268091,14400.0,4219200.0,14400.0
628,SDC-1450,item:773474,0.0,134400000.0,9621466.0
629,M-1430,item:268967,0.0,2802800.0,59599.816324
629,M-1810,item:268091,14400.0,4233600.0,14400.0
629,SDC-1450,item:773474,0.0,134400000.0,9621466.0
630,M-1430,item:268967,0.0,2802800.0,59599.816324
630,M-1810,item:268091,14400.0,4248000.0,14400.0
630,SDC-1450,item:773474,0.0,134400000.0,9621466.0
631,M-1430,item:268967,0.0,2802800.0,54189.775546
631,M-1810,item:268091,14400.0,4262400.0,14400.0
631,SDC-1450,item:773474,0.0,134400000.0,9621466.0
632,M-1430,item:268967,0.0,2802800.0,37635.387831
632,M-1810,item:268091,14400.0,4276800.0,14400.0
632,SDC-1450,item:773474,0.0,134400000.0,9621466.0
633,M-1430,item:268967,0.0,2802800.0,14965.469467
633,M-1810,item:268091,14400.0,4291200.0,14400.0
633,SDC-1450,item:773474,0.0,134400000.0,9621466.0
634,M-1430,item:268967,0.0,2802800.0,8849.938818
634,M-1810,item:268091,14400.0,4305600.0,14400.0
634,SDC-1450,item:773474,0.0,134400000.0,9621466.0
635,M-1430,item:268967,0.0,2802800.0,2734.408168
635,M-1810,item:268091,14400.0,4320000.0,14400.0
635,SDC-1450,item:773474,0.0,134400000.0,9621466.0
636,M-1430,item:268967,0.0,2802800.0,2734.408168
636,M-1810,item:268091,0.0,4320000.0,14330.489787
636,SDC-1450,item:773474,0.0,134400000.0,9621466.0
637,M-1430,item:268967,0.0,2802800.0,2734.408168
637,M-1810,item:268091,0.0,4320000.0,14330.489787
637,SDC-1450,item:773474,0.0,134400000.0,9621466.0
638,M-1430,item:268967,0.0,2802800.0,2734.408168
638,M-1810,item:268091,0.0,4320000.0,14330.489787
638,SDC-1450,item:773474,0.0,134400000.0,9621466.0
639,M-1430,item:268967,0.0,2802800.0,2734.408168
639,M-1810,item:268091,0.0,4320000.0,14330.489787
639,SDC-1450,item:773474,0.0,134400000.0,9621466.0
640,M-1430,item:268967,0.0,2802800.0,2734.408168
640,M-1810,item:268091,0.0,4320000.0,14330.489787
640,SDC-1450,item:773474,0.0,134400000.0,9621466.0
641,M-1430,item:268967,0.0,2802800.0,2734.408168
641,M-1810,item:268091,0.0,4320000.0,14330.489787
641,SDC-1450,item:773474,0.0,134400000.0,9621466.0
642,M-1430,item:268967,0.0,2802800.0,2734.408168
642,M-1810,item:268091,0.0,4320000.0,4885.877538
642,SDC-1450,item:773474,0.0,134400000.0,9621466.0
643,M-1430,item:268967,0.0,2802800.0,2734.408168
643,M-1810,item:268091,14400.0,4334400.0,14400.0
643,SDC-1450,item:773474,0.0,134400000.0,9621466.0
644,M-1430,item:268967,0.0,2802800.0,2734.408168
644,M-1810,item:268091,14400.0,4348800.0,14400.0
644,SDC-1450,item:773474,0.0,134400000.0,9621466.0
645,M-1430,item:268967,0.0,2802800.0,2734.408168
645,M-1810,item:268091,14400.0,4363200.0,14400.0
645,SDC-1450,item:773474,0.0,134400000.0,9621466.0
646,M-1430,item:268967,0.0,2802800.0,2734.408168
646,M-1810,item:268091,14400.0,4377600.0,14400.0
646,SDC-1450,item:773474,0.0,134400000.0,9621466.0
647,M-1430,item:268967,0.0,2802800.0,2734.408168
647,M-1810,item:268091,14400.0,4392000.0,14400.0
647,SDC-1450,item:773474,0.0,134400000.0,9621466.0
648,M-1430,item:268967,0.0,2802800.0,2493.265344
648,M-1810,item:268091,14400.0,4406400.0,14400.0
648,SDC-1450,item:773474,0.0,134400000.0,9621466.0
649,M-1430,item:268967,107800.0,2910600.0,107800.0
649,M-1810,item:268091,14400.0,4420800.0,14400.0
649,SDC-1450,item:773474,0.0,134400000.0,9621466.0
650,M-1430,item:268967,0.0,2910600.0,95144.326531
650,M-1810,item:268091,14400.0,4435200.0,14400.0
650,SDC-1450,item:773474,0.0,134400000.0,9621466.0
651,M-1430,item:268967,0.0,2910600.0,78530.836773
651,M-1810,item:268091,0.0,4435200.0,14400.0
651,SDC-1450,item:773474,0.0,134400000.0,9621466.0
652,M-1430,item:268967,0.0,2910600.0,68039.775585
652,M-1810,item:268091,0.0,4435200.0,3973.326517
652,SDC-1450,item:773474,0.0,134400000.0,9621466.0
653,M-1430,item:268967,0.0,2910600.0,67546.795993
653,M-1810,item:268091,14400.0,4449600.0,14400.0
653,SDC-1450,item:773474,0.0,134400000.0,9621466.0
654,M-1430,item:268967,0.0,2910600.0,67546.795993
654,M-1810,item:268091,14400.0,4464000.0,14400.0
654,SDC-1450,item:773474,0.0,134400000.0,9621466.0
655,M-1430,item:268967,0.0,2910600.0,67293.591874
655,M-1810,item:268091,0.0,4464000.0,387.469374
655,SDC-1450,item:773474,0.0,134400000.0,9621466.0
656,M-1430,item:268967,0.0,2910600.0,63025.632691
656,M-1810,item:268091,14400.0,4478400.0,14400.0
656,SDC-1450,item:773474,0.0,134400000.0,9621466.0
657,M-1430,item:268967,0.0,2910600.0,53572.877587
657,M-1810,item:268091,14400.0,4492800.0,14400.0
657,SDC-1450,item:773474,0.0,134400000.0,9621466.0
658,M-1430,item:268967,0.0,2910600.0,39831.734729
658,M-1810,item:268091,14400.0,4507200.0,14400.0
658,SDC-1450,item:773474,0.0,134400000.0,9621466.0
659,M-1430,item:268967,0.0,2910600.0,26765.734732
659,M-1810,item:268091,14400.0,4521600.0,14400.0
659,SDC-1450,item:773474,0.0,134400000.0,9621466.0
660,M-1430,item:268967,0.0,2910600.0,18442.000044
660,M-1810,item:268091,14400.0,4536000.0,14400.0
660,SDC-1450,item:773474,0.0,134400000.0,9621466.0
661,M-1430,item:268967,0.0,2910600.0,13964.122498
661,M-1810,item:268091,14400.0,4550400.0,14400.0
661,SDC-1450,item:773474,0.0,134400000.0,9621466.0
662,M-1430,item:268967,0.0,2910600.0,12763.836784
662,M-1810,item:268091,14400.0,4564800.0,14400.0
662,SDC-1450,item:773474,0.0,134400000.0,9621466.0
663,M-1430,item:268967,0.0,2910600.0,10691.408214
663,M-1810,item:268091,14400.0,4579200.0,14400.0
663,SDC-1450,item:773474,0.0,134400000.0,9621466.0
664,M-1430,item:268967,0.0,2910600.0,10691.408214
664,M-1810,item:268091,0.0,4579200.0,14400.0
664,SDC-1450,item:773474,0.0,134400000.0,9621466.0
665,M-1430,item:268967,0.0,2910600.0,10691.408214
665,M-1810,item:268091,0.0,4579200.0,14400.0
665,SDC-1450,item:773474,0.0,134400000.0,9621466.0
666,M-1430,item:268967,0.0,2910600.0,4791.857188
666,M-1810,item:268091,0.0,4579200.0,14400.0
666,SDC-1450,item:773474,0.0,134400000.0,9621466.0
667,M-1430,item:268967,0.0,2910600.0,0.0
667,M-1810,item:268091,0.0,4579200.0,14400.0
667,SDC-1450,item:773474,0.0,134400000.0,9621466.0
668,M-1430,item:268967,0.0,2910600.0,0.0
668,M-1810,item:268091,0.0,4579200.0,12276.99999
668,SDC-1450,item:773474,0.0,134400000.0,9621466.0
669,M-1430,item:268967,0.0,2910600.0,0.0
669,M-1810,item:268091,0.0,4579200.0,5743.102031
669,SDC-1450,item:773474,0.0,134400000.0,9621466.0
670,M-1430,item:268967,0.0,2910600.0,0.0
670,M-1810,item:268091,14400.0,4593600.0,14400.0
670,SDC-1450,item:773474,0.0,134400000.0,9621466.0
671,M-1430,item:268967,0.0,2910600.0,0.0
671,M-1810,item:268091,14400.0,4608000.0,14400.0
671,SDC-1450,item:773474,0.0,134400000.0,9621466.0
672,M-1430,item:268967,0.0,2910600.0,0.0
672,M-1810,item:268091,14400.0,4622400.0,14400.0
672,SDC-1450,item:773474,0.0,134400000.0,9621466.0
673,M-1430,item:268967,0.0,2910600.0,0.0
673,M-1810,item:268091,14400.0,4636800.0,14400.0
673,SDC-1450,item:773474,0.0,134400000.0,9621466.0
674,M-1430,item:268967,0.0,2910600.0,0.0
674,M-1810,item:268091,14400.0,4651200.0,14400.0
674,SDC-1450,item:773474,0.0,134400000.0,9621466.0
675,M-1430,item:268967,0.0,2910600.0,0.0
675,M-1810,item:268091,14400.0,4665600.0,14400.0
675,SDC-1450,item:773474,0.0,134400000.0,9621466.0
676,M-1430,item:268967,0.0,2910600.0,0.0
676,M-1810,item:268091,0.0,4665600.0,602.469381
676,SDC-1450,item:773474,0.0,134400000.0,9621466.0
677,M-1430,item:268967,0.0,2910600.0,0.0
677,M-1810,item:268091,0.0,4665600.0,218.877536
677,SDC-1450,item:773474,0.0,134400000.0,9621466.0
678,M-1430,item:268967,0.0,2910600.0,0.0
678,M-1810,item:268091,0.0,4665600.0,218.877536
678,SDC-1450,item:773474,0.0,134400000.0,9621466.0
679,M-1430,item:268967,0.0,2910600.0,0.0
679,M-1810,item:268091,14400.0,4680000.0,14400.0
679,SDC-1450,item:773474,0.0,134400000.0,9621466.0
680,M-1430,item:268967,0.0,2910600.0,0.0
680,M-1810,item:268091,14400.0,4694400.0,14400.0
680,SDC-1450,item:773474,0.0,134400000.0,9621466.0
681,M-1430,item:268967,0.0,2910600.0,0.0
681,M-1810,item:268091,14400.0,4708800.0,14400.0
681,SDC-1450,item:773474,0.0,134400000.0,9621466.0
682,M-1430,item:268967,0.0,2910600.0,0.0
682,M-1810,item:268091,14400.0,4723200.0,14400.0
682,SDC-1450,item:773474,0.0,134400000.0,9621466.0
683,M-1430,item:268967,0.0,2910600.0,0.0
683,M-1810,item:268091,14400.0,4737600.0,14400.0
683,SDC-1450,item:773474,0.0,134400000.0,9621466.0
684,M-1430,item:268967,0.0,2910600.0,0.0
684,M-1810,item:268091,14400.0,4752000.0,14400.0
684,SDC-1450,item:773474,0.0,134400000.0,9621466.0
685,M-1430,item:268967,0.0,2910600.0,0.0
685,M-1810,item:268091,14400.0,4766400.0,14400.0
685,SDC-1450,item:773474,0.0,134400000.0,9621466.0
686,M-1430,item:268967,0.0,2910600.0,0.0
686,M-1810,item:268091,14400.0,4780800.0,14400.0
686,SDC-1450,item:773474,0.0,134400000.0,9621466.0
687,M-1430,item:268967,0.0,2910600.0,0.0
687,M-1810,item:268091,28800.0,4809600.0,28800.0
687,SDC-1450,item:773474,0.0,134400000.0,9621466.0
688,M-1430,item:268967,0.0,2910600.0,0.0
688,M-1810,item:268091,28800.0,4838400.0,28800.0
688,SDC-1450,item:773474,0.0,134400000.0,9621466.0
689,M-1430,item:268967,0.0,2910600.0,0.0
689,M-1810,item:268091,28800.0,4867200.0,28800.0
689,SDC-1450,item:773474,0.0,134400000.0,9621466.0
690,M-1430,item:268967,0.0,2910600.0,0.0
690,M-1810,item:268091,28800.0,4896000.0,28800.0
690,SDC-1450,item:773474,0.0,134400000.0,9621466.0
691,M-1430,item:268967,0.0,2910600.0,0.0
691,M-1810,item:268091,28800.0,4924800.0,28800.0
691,SDC-1450,item:773474,0.0,134400000.0,9621466.0
692,M-1430,item:268967,0.0,2910600.0,0.0
692,M-1810,item:268091,0.0,4924800.0,20374.448968
692,SDC-1450,item:773474,0.0,134400000.0,9621466.0
693,M-1430,item:268967,0.0,2910600.0,0.0
693,M-1810,item:268091,14400.0,4939200.0,14400.0
693,SDC-1450,item:773474,0.0,134400000.0,9621466.0
694,M-1430,item:268967,0.0,2910600.0,0.0
694,M-1810,item:268091,28800.0,4968000.0,28800.0
694,SDC-1450,item:773474,0.0,134400000.0,9621466.0
695,M-1430,item:268967,0.0,2910600.0,0.0
695,M-1810,item:268091,28800.0,4996800.0,28800.0
695,SDC-1450,item:773474,0.0,134400000.0,9621466.0
696,M-1430,item:268967,0.0,2910600.0,0.0
696,M-1810,item:268091,28800.0,5025600.0,28800.0
696,SDC-1450,item:773474,0.0,134400000.0,9621466.0
697,M-1430,item:268967,0.0,2910600.0,0.0
697,M-1810,item:268091,0.0,5025600.0,16773.122438
697,SDC-1450,item:773474,0.0,134400000.0,9621466.0
698,M-1430,item:268967,0.0,2910600.0,0.0
698,M-1810,item:268091,0.0,5025600.0,16773.122438
698,SDC-1450,item:773474,0.0,134400000.0,9621466.0
699,M-1430,item:268967,0.0,2910600.0,0.0
699,M-1810,item:268091,0.0,5025600.0,16773.122438
699,SDC-1450,item:773474,0.0,134400000.0,9621466.0
700,M-1430,item:268967,0.0,2910600.0,0.0
700,M-1810,item:268091,0.0,5025600.0,16773.122438
700,SDC-1450,item:773474,0.0,134400000.0,9621466.0
701,M-1430,item:268967,0.0,2910600.0,0.0
701,M-1810,item:268091,0.0,5025600.0,16773.122438
701,SDC-1450,item:773474,0.0,134400000.0,9621466.0
702,M-1430,item:268967,0.0,2910600.0,0.0
702,M-1810,item:268091,0.0,5025600.0,16773.122438
702,SDC-1450,item:773474,0.0,134400000.0,9621466.0
703,M-1430,item:268967,0.0,2910600.0,0.0
703,M-1810,item:268091,0.0,5025600.0,16773.122438
703,SDC-1450,item:773474,0.0,134400000.0,9621466.0
704,M-1430,item:268967,0.0,2910600.0,0.0
704,M-1810,item:268091,0.0,5025600.0,16773.122438
704,SDC-1450,item:773474,0.0,134400000.0,9621466.0
705,M-1430,item:268967,0.0,2910600.0,0.0
705,M-1810,item:268091,0.0,5025600.0,2404.040805
705,SDC-1450,item:773474,0.0,134400000.0,9621466.0
706,M-1430,item:268967,0.0,2910600.0,0.0
706,M-1810,item:268091,14400.0,5040000.0,14400.0
706,SDC-1450,item:773474,0.0,134400000.0,9621466.0
707,M-1430,item:268967,0.0,2910600.0,0.0
707,M-1810,item:268091,14400.0,5054400.0,14400.0
707,SDC-1450,item:773474,0.0,134400000.0,9621466.0
708,M-1430,item:268967,0.0,2910600.0,0.0
708,M-1810,item:268091,14400.0,5068800.0,14400.0
708,SDC-1450,item:773474,0.0,134400000.0,9621466.0
709,M-1430,item:268967,0.0,2910600.0,0.0
709,M-1810,item:268091,14400.0,5083200.0,14400.0
709,SDC-1450,item:773474,0.0,134400000.0,9621466.0
710,M-1430,item:268967,0.0,2910600.0,0.0
710,M-1810,item:268091,14400.0,5097600.0,14400.0
710,SDC-1450,item:773474,0.0,134400000.0,9621466.0
711,M-1430,item:268967,0.0,2910600.0,0.0
711,M-1810,item:268091,14400.0,5112000.0,14400.0
711,SDC-1450,item:773474,0.0,134400000.0,9621466.0
712,M-1430,item:268967,0.0,2910600.0,0.0
712,M-1810,item:268091,28800.0,5140800.0,28800.0
712,SDC-1450,item:773474,0.0,134400000.0,9621466.0
713,M-1430,item:268967,0.0,2910600.0,0.0
713,M-1810,item:268091,28800.0,5169600.0,28800.0
713,SDC-1450,item:773474,0.0,134400000.0,9621466.0
714,M-1430,item:268967,0.0,2910600.0,0.0
714,M-1810,item:268091,28800.0,5198400.0,28800.0
714,SDC-1450,item:773474,0.0,134400000.0,9621466.0
715,M-1430,item:268967,0.0,2910600.0,0.0
715,M-1810,item:268091,28800.0,5227200.0,28800.0
715,SDC-1450,item:773474,0.0,134400000.0,9621466.0
716,M-1430,item:268967,0.0,2910600.0,0.0
716,M-1810,item:268091,28800.0,5256000.0,28800.0
716,SDC-1450,item:773474,0.0,134400000.0,9621466.0
717,M-1430,item:268967,0.0,2910600.0,0.0
717,M-1810,item:268091,28800.0,5284800.0,28800.0
717,SDC-1450,item:773474,0.0,134400000.0,9621466.0
718,M-1430,item:268967,0.0,2910600.0,0.0
718,M-1810,item:268091,28800.0,5313600.0,28800.0
718,SDC-1450,item:773474,0.0,134400000.0,9621466.0
719,M-1430,item:268967,0.0,2910600.0,0.0
719,M-1810,item:268091,28800.0,5342400.0,28800.0
719,SDC-1450,item:773474,0.0,134400000.0,9621466.0
720,M-1430,item:268967,0.0,2910600.0,0.0
720,M-1810,item:268091,28800.0,5371200.0,28800.0
720,SDC-1450,item:773474,0.0,134400000.0,9621466.0
721,M-1430,item:268967,0.0,2910600.0,0.0
721,M-1810,item:268091,28800.0,5400000.0,28800.0
721,SDC-1450,item:773474,0.0,134400000.0,9621466.0
722,M-1430,item:268967,0.0,2910600.0,0.0
722,M-1810,item:268091,0.0,5400000.0,5878.102032
722,SDC-1450,item:773474,0.0,134400000.0,9621466.0
723,M-1430,item:268967,0.0,2910600.0,0.0
723,M-1810,item:268091,0.0,5400000.0,694.81631
723,SDC-1450,item:773474,0.0,134400000.0,9621466.0
724,M-1430,item:268967,0.0,2910600.0,0.0
724,M-1810,item:268091,0.0,5400000.0,694.81631
724,SDC-1450,item:773474,0.0,134400000.0,9621466.0
725,M-1430,item:268967,0.0,2910600.0,0.0
725,M-1810,item:268091,0.0,5400000.0,694.81631
725,SDC-1450,item:773474,0.0,134400000.0,9621466.0
726,M-1430,item:268967,0.0,2910600.0,0.0
726,M-1810,item:268091,0.0,5400000.0,694.81631
726,SDC-1450,item:773474,0.0,134400000.0,9621466.0
727,M-1430,item:268967,0.0,2910600.0,0.0
727,M-1810,item:268091,0.0,5400000.0,694.81631
727,SDC-1450,item:773474,0.0,134400000.0,9621466.0
728,M-1430,item:268967,0.0,2910600.0,0.0
728,M-1810,item:268091,0.0,5400000.0,694.81631
728,SDC-1450,item:773474,0.0,134400000.0,9621466.0
729,M-1430,item:268967,0.0,2910600.0,0.0
729,M-1810,item:268091,0.0,5400000.0,694.81631
729,SDC-1450,item:773474,0.0,134400000.0,9621466.0
730,M-1430,item:268967,0.0,2910600.0,0.0
730,M-1810,item:268091,0.0,5400000.0,694.81631
730,SDC-1450,item:773474,0.0,134400000.0,9621466.0
731,M-1430,item:268967,0.0,2910600.0,0.0
731,M-1810,item:268091,0.0,5400000.0,694.81631
731,SDC-1450,item:773474,0.0,134400000.0,9621466.0
732,M-1430,item:268967,0.0,2910600.0,0.0
732,M-1810,item:268091,0.0,5400000.0,694.81631
732,SDC-1450,item:773474,0.0,134400000.0,9621466.0
733,M-1430,item:268967,0.0,2910600.0,0.0
733,M-1810,item:268091,0.0,5400000.0,694.81631
733,SDC-1450,item:773474,0.0,134400000.0,9621466.0
734,M-1430,item:268967,0.0,2910600.0,0.0
734,M-1810,item:268091,0.0,5400000.0,694.81631
734,SDC-1450,item:773474,0.0,134400000.0,9621466.0
735,M-1430,item:268967,0.0,2910600.0,0.0
735,M-1810,item:268091,0.0,5400000.0,694.81631
735,SDC-1450,item:773474,0.0,134400000.0,9621466.0
736,M-1430,item:268967,0.0,2910600.0,0.0
736,M-1810,item:268091,0.0,5400000.0,694.81631
736,SDC-1450,item:773474,0.0,134400000.0,9621466.0
737,M-1430,item:268967,0.0,2910600.0,0.0
737,M-1810,item:268091,0.0,5400000.0,694.81631
737,SDC-1450,item:773474,0.0,134400000.0,9621466.0
738,M-1430,item:268967,0.0,2910600.0,0.0
738,M-1810,item:268091,0.0,5400000.0,694.81631
738,SDC-1450,item:773474,0.0,134400000.0,9621466.0
739,M-1430,item:268967,0.0,2910600.0,0.0
739,M-1810,item:268091,0.0,5400000.0,694.81631
739,SDC-1450,item:773474,0.0,134400000.0,9621466.0
740,M-1430,item:268967,0.0,2910600.0,0.0
740,M-1810,item:268091,0.0,5400000.0,694.81631
740,SDC-1450,item:773474,0.0,134400000.0,9621466.0
741,M-1430,item:268967,0.0,2910600.0,0.0
741,M-1810,item:268091,0.0,5400000.0,694.81631
741,SDC-1450,item:773474,0.0,134400000.0,9621466.0
742,M-1430,item:268967,0.0,2910600.0,0.0
742,M-1810,item:268091,0.0,5400000.0,694.81631
742,SDC-1450,item:773474,0.0,134400000.0,9621466.0
743,M-1430,item:268967,0.0,2910600.0,0.0
743,M-1810,item:268091,0.0,5400000.0,694.81631
743,SDC-1450,item:773474,0.0,134400000.0,9621466.0
744,M-1430,item:268967,0.0,2910600.0,0.0
744,M-1810,item:268091,0.0,5400000.0,694.81631
744,SDC-1450,item:773474,0.0,134400000.0,9621466.0
745,M-1430,item:268967,0.0,2910600.0,0.0
745,M-1810,item:268091,0.0,5400000.0,694.81631
745,SDC-1450,item:773474,0.0,134400000.0,9621466.0
746,M-1430,item:268967,0.0,2910600.0,0.0
746,M-1810,item:268091,14400.0,5414400.0,14400.0
746,SDC-1450,item:773474,0.0,134400000.0,9621466.0
747,M-1430,item:268967,0.0,2910600.0,0.0
747,M-1810,item:268091,14400.0,5428800.0,14400.0
747,SDC-1450,item:773474,0.0,134400000.0,9621466.0
748,M-1430,item:268967,0.0,2910600.0,0.0
748,M-1810,item:268091,14400.0,5443200.0,14400.0
748,SDC-1450,item:773474,0.0,134400000.0,9621466.0
749,M-1430,item:268967,0.0,2910600.0,0.0
749,M-1810,item:268091,14400.0,5457600.0,14400.0
749,SDC-1450,item:773474,0.0,134400000.0,9621466.0
750,M-1430,item:268967,0.0,2910600.0,0.0
750,M-1810,item:268091,14400.0,5472000.0,14400.0
750,SDC-1450,item:773474,0.0,134400000.0,9621466.0
751,M-1430,item:268967,0.0,2910600.0,0.0
751,M-1810,item:268091,14400.0,5486400.0,14400.0
751,SDC-1450,item:773474,0.0,134400000.0,9621466.0
752,M-1430,item:268967,0.0,2910600.0,0.0
752,M-1810,item:268091,14400.0,5500800.0,14400.0
752,SDC-1450,item:773474,0.0,134400000.0,9621466.0
753,M-1430,item:268967,0.0,2910600.0,0.0
753,M-1810,item:268091,14400.0,5515200.0,14400.0
753,SDC-1450,item:773474,0.0,134400000.0,9621466.0
754,M-1430,item:268967,0.0,2910600.0,0.0
754,M-1810,item:268091,14400.0,5529600.0,14400.0
754,SDC-1450,item:773474,0.0,134400000.0,9621466.0
755,M-1430,item:268967,0.0,2910600.0,0.0
755,M-1810,item:268091,14400.0,5544000.0,14400.0
755,SDC-1450,item:773474,0.0,134400000.0,9621466.0
756,M-1430,item:268967,0.0,2910600.0,0.0
756,M-1810,item:268091,14400.0,5558400.0,14400.0
756,SDC-1450,item:773474,0.0,134400000.0,9621466.0
757,M-1430,item:268967,0.0,2910600.0,0.0
757,M-1810,item:268091,14400.0,5572800.0,14400.0
757,SDC-1450,item:773474,0.0,134400000.0,9621466.0
758,M-1430,item:268967,0.0,2910600.0,0.0
758,M-1810,item:268091,0.0,5572800.0,4127.897948
758,SDC-1450,item:773474,0.0,134400000.0,9621466.0
759,M-1430,item:268967,0.0,2910600.0,0.0
759,M-1810,item:268091,0.0,5572800.0,4127.897948
759,SDC-1450,item:773474,0.0,134400000.0,9621466.0
760,M-1430,item:268967,0.0,2910600.0,0.0
760,M-1810,item:268091,0.0,5572800.0,3011.285707
760,SDC-1450,item:773474,0.0,134400000.0,9621466.0
761,M-1430,item:268967,0.0,2910600.0,0.0
761,M-1810,item:268091,14400.0,5587200.0,14400.0
761,SDC-1450,item:773474,0.0,134400000.0,9621466.0
762,M-1430,item:268967,0.0,2910600.0,0.0
762,M-1810,item:268091,14400.0,5601600.0,14400.0
762,SDC-1450,item:773474,0.0,134400000.0,9621466.0
763,M-1430,item:268967,0.0,2910600.0,0.0
763,M-1810,item:268091,14400.0,5616000.0,14400.0
763,SDC-1450,item:773474,0.0,134400000.0,9621466.0
764,M-1430,item:268967,0.0,2910600.0,0.0
764,M-1810,item:268091,14400.0,5630400.0,14400.0
764,SDC-1450,item:773474,0.0,134400000.0,9621466.0
765,M-1430,item:268967,0.0,2910600.0,0.0
765,M-1810,item:268091,0.0,5630400.0,5351.693862
765,SDC-1450,item:773474,0.0,134400000.0,9621466.0
766,M-1430,item:268967,0.0,2910600.0,0.0
766,M-1810,item:268091,0.0,5630400.0,2913.265273
766,SDC-1450,item:773474,0.0,134400000.0,9621466.0
767,M-1430,item:268967,0.0,2910600.0,0.0
767,M-1810,item:268091,0.0,5630400.0,1860.285677
767,SDC-1450,item:773474,0.0,134400000.0,9621466.0
768,M-1430,item:268967,0.0,2910600.0,0.0
768,M-1810,item:268091,14400.0,5644800.0,14400.0
768,SDC-1450,item:773474,0.0,134400000.0,9621466.0
769,M-1430,item:268967,0.0,2910600.0,0.0
769,M-1810,item:268091,0.0,5644800.0,6066.265329
769,SDC-1450,item:773474,0.0,134400000.0,9621466.0
770,M-1430,item:268967,0.0,2910600.0,0.0
770,M-1810,item:268091,14400.0,5659200.0,14400.0
770,SDC-1450,item:773474,0.0,134400000.0,9621466.0
771,M-1430,item:268967,0.0,2910600.0,0.0
771,M-1810,item:268091,14400.0,5673600.0,14400.0
771,SDC-1450,item:773474,0.0,134400000.0,9621466.0
772,M-1430,item:268967,0.0,2910600.0,0.0
772,M-1810,item:268091,14400.0,5688000.0,14400.0
772,SDC-1450,item:773474,0.0,134400000.0,9621466.0
773,M-1430,item:268967,0.0,2910600.0,0.0
773,M-1810,item:268091,14400.0,5702400.0,14400.0
773,SDC-1450,item:773474,0.0,134400000.0,9621466.0
774,M-1430,item:268967,0.0,2910600.0,0.0
774,M-1810,item:268091,14400.0,5716800.0,14400.0
774,SDC-1450,item:773474,0.0,134400000.0,9621466.0
775,M-1430,item:268967,0.0,2910600.0,0.0
775,M-1810,item:268091,14400.0,5731200.0,14400.0
775,SDC-1450,item:773474,0.0,134400000.0,9621466.0
776,M-1430,item:268967,0.0,2910600.0,0.0
776,M-1810,item:268091,14400.0,5745600.0,14400.0
776,SDC-1450,item:773474,0.0,134400000.0,9621466.0
777,M-1430,item:268967,0.0,2910600.0,0.0
777,M-1810,item:268091,14400.0,5760000.0,14400.0
777,SDC-1450,item:773474,0.0,134400000.0,9621466.0
778,M-1430,item:268967,0.0,2910600.0,0.0
778,M-1810,item:268091,14400.0,5774400.0,14400.0
778,SDC-1450,item:773474,0.0,134400000.0,9621466.0
779,M-1430,item:268967,0.0,2910600.0,0.0
779,M-1810,item:268091,14400.0,5788800.0,14400.0
779,SDC-1450,item:773474,0.0,134400000.0,9621466.0
780,M-1430,item:268967,0.0,2910600.0,0.0
780,M-1810,item:268091,14400.0,5803200.0,14400.0
780,SDC-1450,item:773474,0.0,134400000.0,9621466.0
781,M-1430,item:268967,0.0,2910600.0,0.0
781,M-1810,item:268091,14400.0,5817600.0,14400.0
781,SDC-1450,item:773474,0.0,134400000.0,9621466.0
782,M-1430,item:268967,0.0,2910600.0,0.0
782,M-1810,item:268091,14400.0,5832000.0,14400.0
782,SDC-1450,item:773474,0.0,134400000.0,9621466.0
783,M-1430,item:268967,0.0,2910600.0,0.0
783,M-1810,item:268091,14400.0,5846400.0,14400.0
783,SDC-1450,item:773474,0.0,134400000.0,9621466.0
784,M-1430,item:268967,0.0,2910600.0,0.0
784,M-1810,item:268091,14400.0,5860800.0,14400.0
784,SDC-1450,item:773474,0.0,134400000.0,9621466.0
785,M-1430,item:268967,0.0,2910600.0,0.0
785,M-1810,item:268091,14400.0,5875200.0,14400.0
785,SDC-1450,item:773474,0.0,134400000.0,9621466.0
786,M-1430,item:268967,0.0,2910600.0,0.0
786,M-1810,item:268091,14400.0,5889600.0,14400.0
786,SDC-1450,item:773474,0.0,134400000.0,9621466.0
787,M-1430,item:268967,0.0,2910600.0,0.0
787,M-1810,item:268091,14400.0,5904000.0,14400.0
787,SDC-1450,item:773474,0.0,134400000.0,9621466.0
788,M-1430,item:268967,0.0,2910600.0,0.0
788,M-1810,item:268091,14400.0,5918400.0,14400.0
788,SDC-1450,item:773474,0.0,134400000.0,9621466.0
789,M-1430,item:268967,0.0,2910600.0,0.0
789,M-1810,item:268091,14400.0,5932800.0,14400.0
789,SDC-1450,item:773474,0.0,134400000.0,9621466.0
790,M-1430,item:268967,0.0,2910600.0,0.0
790,M-1810,item:268091,14400.0,5947200.0,14400.0
790,SDC-1450,item:773474,0.0,134400000.0,9621466.0
791,M-1430,item:268967,0.0,2910600.0,0.0
791,M-1810,item:268091,14400.0,5961600.0,14400.0
791,SDC-1450,item:773474,0.0,134400000.0,9621466.0
792,M-1430,item:268967,0.0,2910600.0,0.0
792,M-1810,item:268091,14400.0,5976000.0,14400.0
792,SDC-1450,item:773474,0.0,134400000.0,9621466.0
793,M-1430,item:268967,0.0,2910600.0,0.0
793,M-1810,item:268091,0.0,5976000.0,5157.204073
793,SDC-1450,item:773474,0.0,134400000.0,9621466.0
794,M-1430,item:268967,0.0,2910600.0,0.0
794,M-1810,item:268091,0.0,5976000.0,3199.346921
794,SDC-1450,item:773474,0.0,134400000.0,9621466.0
795,M-1430,item:268967,0.0,2910600.0,0.0
795,M-1810,item:268091,0.0,5976000.0,3199.346921
795,SDC-1450,item:773474,0.0,134400000.0,9621466.0
796,M-1430,item:268967,0.0,2910600.0,0.0
796,M-1810,item:268091,14400.0,5990400.0,14400.0
796,SDC-1450,item:773474,0.0,134400000.0,9621466.0
797,M-1430,item:268967,0.0,2910600.0,0.0
797,M-1810,item:268091,0.0,5990400.0,2033.163273
797,SDC-1450,item:773474,0.0,134400000.0,9621466.0
798,M-1430,item:268967,0.0,2910600.0,0.0
798,M-1810,item:268091,14400.0,6004800.0,14400.0
798,SDC-1450,item:773474,0.0,134400000.0,9621466.0
799,M-1430,item:268967,0.0,2910600.0,0.0
799,M-1810,item:268091,14400.0,6019200.0,14400.0
799,SDC-1450,item:773474,0.0,134400000.0,9621466.0
800,M-1430,item:268967,0.0,2910600.0,0.0
800,M-1810,item:268091,14400.0,6033600.0,14400.0
800,SDC-1450,item:773474,0.0,134400000.0,9621466.0
801,M-1430,item:268967,0.0,2910600.0,0.0
801,M-1810,item:268091,14400.0,6048000.0,14400.0
801,SDC-1450,item:773474,0.0,134400000.0,9621466.0
802,M-1430,item:268967,0.0,2910600.0,0.0
802,M-1810,item:268091,14400.0,6062400.0,14400.0
802,SDC-1450,item:773474,0.0,134400000.0,9621466.0
803,M-1430,item:268967,0.0,2910600.0,0.0
803,M-1810,item:268091,14400.0,6076800.0,14400.0
803,SDC-1450,item:773474,0.0,134400000.0,9621466.0
804,M-1430,item:268967,0.0,2910600.0,0.0
804,M-1810,item:268091,14400.0,6091200.0,14400.0
804,SDC-1450,item:773474,0.0,134400000.0,9621466.0
805,M-1430,item:268967,0.0,2910600.0,0.0
805,M-1810,item:268091,0.0,6091200.0,6152.102031
805,SDC-1450,item:773474,0.0,134400000.0,9621466.0
806,M-1430,item:268967,0.0,2910600.0,0.0
806,M-1810,item:268091,14400.0,6105600.0,14400.0
806,SDC-1450,item:773474,0.0,134400000.0,9621466.0
807,M-1430,item:268967,0.0,2910600.0,0.0
807,M-1810,item:268091,1000.0,6106600.0,1000.0
807,SDC-1450,item:773474,0.0,134400000.0,9621466.0
808,M-1430,item:268967,0.0,2910600.0,0.0
808,M-1810,item:268091,0.0,6106600.0,0.0
808,SDC-1450,item:773474,0.0,134400000.0,9621466.0
809,M-1430,item:268967,0.0,2910600.0,0.0
809,M-1810,item:268091,0.0,6106600.0,0.0
809,SDC-1450,item:773474,0.0,134400000.0,9621466.0
810,M-1430,item:268967,0.0,2910600.0,0.0
810,M-1810,item:268091,0.0,6106600.0,0.0
810,SDC-1450,item:773474,0.0,134400000.0,9621466.0
811,M-1430,item:268967,0.0,2910600.0,0.0
811,M-1810,item:268091,0.0,6106600.0,0.0
811,SDC-1450,item:773474,0.0,134400000.0,9621466.0
812,M-1430,item:268967,0.0,2910600.0,0.0
812,M-1810,item:268091,0.0,6106600.0,0.0
812,SDC-1450,item:773474,0.0,134400000.0,9621466.0
813,M-1430,item:268967,0.0,2910600.0,0.0
813,M-1810,item:268091,0.0,6106600.0,0.0
813,SDC-1450,item:773474,0.0,134400000.0,9621466.0
814,M-1430,item:268967,0.0,2910600.0,0.0
814,M-1810,item:268091,0.0,6106600.0,0.0
814,SDC-1450,item:773474,0.0,134400000.0,9621466.0
815,M-1430,item:268967,0.0,2910600.0,0.0
815,M-1810,item:268091,0.0,6106600.0,0.0
815,SDC-1450,item:773474,0.0,134400000.0,9621466.0
816,M-1430,item:268967,0.0,2910600.0,0.0
816,M-1810,item:268091,0.0,6106600.0,0.0
816,SDC-1450,item:773474,0.0,134400000.0,9621466.0
817,M-1430,item:268967,0.0,2910600.0,0.0
817,M-1810,item:268091,0.0,6106600.0,0.0
817,SDC-1450,item:773474,0.0,134400000.0,9621466.0
818,M-1430,item:268967,0.0,2910600.0,0.0
818,M-1810,item:268091,0.0,6106600.0,0.0
818,SDC-1450,item:773474,0.0,134400000.0,9621466.0
819,M-1430,item:268967,0.0,2910600.0,0.0
819,M-1810,item:268091,0.0,6106600.0,0.0
819,SDC-1450,item:773474,0.0,134400000.0,9621466.0
820,M-1430,item:268967,0.0,2910600.0,0.0
820,M-1810,item:268091,0.0,6106600.0,0.0
820,SDC-1450,item:773474,0.0,134400000.0,9621466.0
821,M-1430,item:268967,0.0,2910600.0,0.0
821,M-1810,item:268091,0.0,6106600.0,0.0
821,SDC-1450,item:773474,0.0,134400000.0,9621466.0
822,M-1430,item:268967,0.0,2910600.0,0.0
822,M-1810,item:268091,0.0,6106600.0,0.0
822,SDC-1450,item:773474,0.0,134400000.0,9621466.0
823,M-1430,item:268967,0.0,2910600.0,0.0
823,M-1810,item:268091,0.0,6106600.0,0.0
823,SDC-1450,item:773474,0.0,134400000.0,9621466.0
824,M-1430,item:268967,0.0,2910600.0,0.0
824,M-1810,item:268091,0.0,6106600.0,0.0
824,SDC-1450,item:773474,0.0,134400000.0,9621466.0
825,M-1430,item:268967,0.0,2910600.0,0.0
825,M-1810,item:268091,0.0,6106600.0,0.0
825,SDC-1450,item:773474,0.0,134400000.0,9621466.0
826,M-1430,item:268967,0.0,2910600.0,0.0
826,M-1810,item:268091,0.0,6106600.0,0.0
826,SDC-1450,item:773474,0.0,134400000.0,9621466.0
827,M-1430,item:268967,0.0,2910600.0,0.0
827,M-1810,item:268091,0.0,6106600.0,0.0
827,SDC-1450,item:773474,0.0,134400000.0,9621466.0
828,M-1430,item:268967,0.0,2910600.0,0.0
828,M-1810,item:268091,0.0,6106600.0,0.0
828,SDC-1450,item:773474,0.0,134400000.0,9621466.0
829,M-1430,item:268967,0.0,2910600.0,0.0
829,M-1810,item:268091,0.0,6106600.0,0.0
829,SDC-1450,item:773474,0.0,134400000.0,9621466.0
830,M-1430,item:268967,0.0,2910600.0,0.0
830,M-1810,item:268091,0.0,6106600.0,0.0
830,SDC-1450,item:773474,0.0,134400000.0,9621466.0
831,M-1430,item:268967,0.0,2910600.0,0.0
831,M-1810,item:268091,0.0,6106600.0,0.0
831,SDC-1450,item:773474,0.0,134400000.0,9621466.0
832,M-1430,item:268967,0.0,2910600.0,0.0
832,M-1810,item:268091,0.0,6106600.0,0.0
832,SDC-1450,item:773474,0.0,134400000.0,9621466.0
833,M-1430,item:268967,0.0,2910600.0,0.0
833,M-1810,item:268091,0.0,6106600.0,0.0
833,SDC-1450,item:773474,0.0,134400000.0,9621466.0
834,M-1430,item:268967,0.0,2910600.0,0.0
834,M-1810,item:268091,0.0,6106600.0,0.0
834,SDC-1450,item:773474,0.0,134400000.0,9621466.0
835,M-1430,item:268967,0.0,2910600.0,0.0
835,M-1810,item:268091,0.0,6106600.0,0.0
835,SDC-1450,item:773474,0.0,134400000.0,9621466.0
836,M-1430,item:268967,0.0,2910600.0,0.0
836,M-1810,item:268091,0.0,6106600.0,0.0
836,SDC-1450,item:773474,0.0,134400000.0,9621466.0
837,M-1430,item:268967,0.0,2910600.0,0.0
837,M-1810,item:268091,0.0,6106600.0,0.0
837,SDC-1450,item:773474,0.0,134400000.0,9621466.0
838,M-1430,item:268967,0.0,2910600.0,0.0
838,M-1810,item:268091,0.0,6106600.0,0.0
838,SDC-1450,item:773474,0.0,134400000.0,9621466.0
839,M-1430,item:268967,0.0,2910600.0,0.0
839,M-1810,item:268091,0.0,6106600.0,0.0
839,SDC-1450,item:773474,0.0,134400000.0,9621466.0
840,M-1430,item:268967,0.0,2910600.0,0.0
840,M-1810,item:268091,0.0,6106600.0,0.0
840,SDC-1450,item:773474,0.0,134400000.0,9621466.0
841,M-1430,item:268967,0.0,2910600.0,0.0
841,M-1810,item:268091,0.0,6106600.0,0.0
841,SDC-1450,item:773474,0.0,134400000.0,9621466.0
842,M-1430,item:268967,0.0,2910600.0,0.0
842,M-1810,item:268091,0.0,6106600.0,0.0
842,SDC-1450,item:773474,0.0,134400000.0,9621466.0
843,M-1430,item:268967,0.0,2910600.0,0.0
843,M-1810,item:268091,0.0,6106600.0,0.0
843,SDC-1450,item:773474,0.0,134400000.0,9621466.0
844,M-1430,item:268967,0.0,2910600.0,0.0
844,M-1810,item:268091,0.0,6106600.0,0.0
844,SDC-1450,item:773474,0.0,134400000.0,9621466.0
845,M-1430,item:268967,0.0,2910600.0,0.0
845,M-1810,item:268091,0.0,6106600.0,0.0
845,SDC-1450,item:773474,0.0,134400000.0,9621466.0
846,M-1430,item:268967,0.0,2910600.0,0.0
846,M-1810,item:268091,0.0,6106600.0,0.0
846,SDC-1450,item:773474,0.0,134400000.0,9621466.0
847,M-1430,item:268967,0.0,2910600.0,0.0
847,M-1810,item:268091,0.0,6106600.0,0.0
847,SDC-1450,item:773474,0.0,134400000.0,9621466.0
848,M-1430,item:268967,0.0,2910600.0,0.0
848,M-1810,item:268091,0.0,6106600.0,0.0
848,SDC-1450,item:773474,0.0,134400000.0,9621466.0
849,M-1430,item:268967,0.0,2910600.0,0.0
849,M-1810,item:268091,0.0,6106600.0,0.0
849,SDC-1450,item:773474,0.0,134400000.0,9621466.0
850,M-1430,item:268967,0.0,2910600.0,0.0
850,M-1810,item:268091,0.0,6106600.0,0.0
850,SDC-1450,item:773474,0.0,134400000.0,9621466.0
851,M-1430,item:268967,0.0,2910600.0,0.0
851,M-1810,item:268091,0.0,6106600.0,0.0
851,SDC-1450,item:773474,0.0,134400000.0,9621466.0
852,M-1430,item:268967,0.0,2910600.0,0.0
852,M-1810,item:268091,0.0,6106600.0,0.0
852,SDC-1450,item:773474,0.0,134400000.0,9621466.0
853,M-1430,item:268967,0.0,2910600.0,0.0
853,M-1810,item:268091,0.0,6106600.0,0.0
853,SDC-1450,item:773474,0.0,134400000.0,9621466.0
854,M-1430,item:268967,0.0,2910600.0,0.0
854,M-1810,item:268091,0.0,6106600.0,0.0
854,SDC-1450,item:773474,0.0,134400000.0,9621466.0
855,M-1430,item:268967,0.0,2910600.0,0.0
855,M-1810,item:268091,0.0,6106600.0,0.0
855,SDC-1450,item:773474,0.0,134400000.0,9621466.0
856,M-1430,item:268967,0.0,2910600.0,0.0
856,M-1810,item:268091,0.0,6106600.0,0.0
856,SDC-1450,item:773474,0.0,134400000.0,9621466.0
857,M-1430,item:268967,0.0,2910600.0,0.0
857,M-1810,item:268091,0.0,6106600.0,0.0
857,SDC-1450,item:773474,0.0,134400000.0,9621466.0
858,M-1430,item:268967,0.0,2910600.0,0.0
858,M-1810,item:268091,0.0,6106600.0,0.0
858,SDC-1450,item:773474,0.0,134400000.0,9621466.0
859,M-1430,item:268967,0.0,2910600.0,0.0
859,M-1810,item:268091,0.0,6106600.0,0.0
859,SDC-1450,item:773474,0.0,134400000.0,9621466.0
860,M-1430,item:268967,0.0,2910600.0,0.0
860,M-1810,item:268091,0.0,6106600.0,0.0
860,SDC-1450,item:773474,0.0,134400000.0,9621466.0
861,M-1430,item:268967,0.0,2910600.0,0.0
861,M-1810,item:268091,0.0,6106600.0,0.0
861,SDC-1450,item:773474,0.0,134400000.0,9621466.0
862,M-1430,item:268967,0.0,2910600.0,0.0
862,M-1810,item:268091,0.0,6106600.0,0.0
862,SDC-1450,item:773474,0.0,134400000.0,9621466.0
863,M-1430,item:268967,0.0,2910600.0,0.0
863,M-1810,item:268091,0.0,6106600.0,0.0
863,SDC-1450,item:773474,0.0,134400000.0,9621466.0
864,M-1430,item:268967,0.0,2910600.0,0.0
864,M-1810,item:268091,0.0,6106600.0,0.0
864,SDC-1450,item:773474,0.0,134400000.0,9621466.0
865,M-1430,item:268967,0.0,2910600.0,0.0
865,M-1810,item:268091,0.0,6106600.0,0.0
865,SDC-1450,item:773474,0.0,134400000.0,9621466.0
866,M-1430,item:268967,0.0,2910600.0,0.0
866,M-1810,item:268091,0.0,6106600.0,0.0
866,SDC-1450,item:773474,0.0,134400000.0,9621466.0
867,M-1430,item:268967,0.0,2910600.0,0.0
867,M-1810,item:268091,0.0,6106600.0,0.0
867,SDC-1450,item:773474,0.0,134400000.0,9621466.0
868,M-1430,item:268967,0.0,2910600.0,0.0
868,M-1810,item:268091,0.0,6106600.0,0.0
868,SDC-1450,item:773474,0.0,134400000.0,9621466.0
869,M-1430,item:268967,0.0,2910600.0,0.0
869,M-1810,item:268091,0.0,6106600.0,0.0
869,SDC-1450,item:773474,0.0,134400000.0,9621466.0
870,M-1430,item:268967,0.0,2910600.0,0.0
870,M-1810,item:268091,0.0,6106600.0,0.0
870,SDC-1450,item:773474,0.0,134400000.0,9621466.0
871,M-1430,item:268967,0.0,2910600.0,0.0
871,M-1810,item:268091,0.0,6106600.0,0.0
871,SDC-1450,item:773474,0.0,134400000.0,9621466.0
872,M-1430,item:268967,0.0,2910600.0,0.0
872,M-1810,item:268091,0.0,6106600.0,0.0
872,SDC-1450,item:773474,0.0,134400000.0,9621466.0
873,M-1430,item:268967,0.0,2910600.0,0.0
873,M-1810,item:268091,0.0,6106600.0,0.0
873,SDC-1450,item:773474,0.0,134400000.0,9621466.0
874,M-1430,item:268967,0.0,2910600.0,0.0
874,M-1810,item:268091,0.0,6106600.0,0.0
874,SDC-1450,item:773474,0.0,134400000.0,9621466.0
875,M-1430,item:268967,0.0,2910600.0,0.0
875,M-1810,item:268091,0.0,6106600.0,0.0
875,SDC-1450,item:773474,0.0,134400000.0,9621466.0
876,M-1430,item:268967,0.0,2910600.0,0.0
876,M-1810,item:268091,0.0,6106600.0,0.0
876,SDC-1450,item:773474,0.0,134400000.0,9621466.0
877,M-1430,item:268967,0.0,2910600.0,0.0
877,M-1810,item:268091,0.0,6106600.0,0.0
877,SDC-1450,item:773474,0.0,134400000.0,9621466.0
878,M-1430,item:268967,0.0,2910600.0,0.0
878,M-1810,item:268091,0.0,6106600.0,0.0
878,SDC-1450,item:773474,0.0,134400000.0,9621466.0
879,M-1430,item:268967,0.0,2910600.0,0.0
879,M-1810,item:268091,0.0,6106600.0,0.0
879,SDC-1450,item:773474,0.0,134400000.0,9621466.0
880,M-1430,item:268967,0.0,2910600.0,0.0
880,M-1810,item:268091,0.0,6106600.0,0.0
880,SDC-1450,item:773474,0.0,134400000.0,9621466.0
881,M-1430,item:268967,0.0,2910600.0,0.0
881,M-1810,item:268091,0.0,6106600.0,0.0
881,SDC-1450,item:773474,0.0,134400000.0,9621466.0
882,M-1430,item:268967,0.0,2910600.0,0.0
882,M-1810,item:268091,0.0,6106600.0,0.0
882,SDC-1450,item:773474,0.0,134400000.0,9621466.0
883,M-1430,item:268967,0.0,2910600.0,0.0
883,M-1810,item:268091,0.0,6106600.0,0.0
883,SDC-1450,item:773474,0.0,134400000.0,9621466.0
884,M-1430,item:268967,0.0,2910600.0,0.0
884,M-1810,item:268091,0.0,6106600.0,0.0
884,SDC-1450,item:773474,0.0,134400000.0,9621466.0
885,M-1430,item:268967,0.0,2910600.0,0.0
885,M-1810,item:268091,0.0,6106600.0,0.0
885,SDC-1450,item:773474,0.0,134400000.0,9621466.0
886,M-1430,item:268967,0.0,2910600.0,0.0
886,M-1810,item:268091,0.0,6106600.0,0.0
886,SDC-1450,item:773474,0.0,134400000.0,9621466.0
887,M-1430,item:268967,0.0,2910600.0,0.0
887,M-1810,item:268091,0.0,6106600.0,0.0
887,SDC-1450,item:773474,0.0,134400000.0,9621466.0
888,M-1430,item:268967,0.0,2910600.0,0.0
888,M-1810,item:268091,0.0,6106600.0,0.0
888,SDC-1450,item:773474,0.0,134400000.0,9621466.0
889,M-1430,item:268967,0.0,2910600.0,0.0
889,M-1810,item:268091,0.0,6106600.0,0.0
889,SDC-1450,item:773474,0.0,134400000.0,9621466.0
890,M-1430,item:268967,0.0,2910600.0,0.0
890,M-1810,item:268091,0.0,6106600.0,0.0
890,SDC-1450,item:773474,0.0,134400000.0,9621466.0
891,M-1430,item:268967,0.0,2910600.0,0.0
891,M-1810,item:268091,0.0,6106600.0,0.0
891,SDC-1450,item:773474,0.0,134400000.0,9621466.0
892,M-1430,item:268967,0.0,2910600.0,0.0
892,M-1810,item:268091,0.0,6106600.0,0.0
892,SDC-1450,item:773474,0.0,134400000.0,9621466.0
893,M-1430,item:268967,0.0,2910600.0,0.0
893,M-1810,item:268091,0.0,6106600.0,0.0
893,SDC-1450,item:773474,0.0,134400000.0,9621466.0
894,M-1430,item:268967,0.0,2910600.0,0.0
894,M-1810,item:268091,0.0,6106600.0,0.0
894,SDC-1450,item:773474,0.0,134400000.0,9621466.0
895,M-1430,item:268967,0.0,2910600.0,0.0
895,M-1810,item:268091,0.0,6106600.0,0.0
895,SDC-1450,item:773474,0.0,134400000.0,9621466.0
896,M-1430,item:268967,0.0,2910600.0,0.0
896,M-1810,item:268091,0.0,6106600.0,0.0
896,SDC-1450,item:773474,0.0,134400000.0,9621466.0
897,M-1430,item:268967,0.0,2910600.0,0.0
897,M-1810,item:268091,0.0,6106600.0,0.0
897,SDC-1450,item:773474,0.0,134400000.0,9621466.0
898,M-1430,item:268967,0.0,2910600.0,0.0
898,M-1810,item:268091,0.0,6106600.0,0.0
898,SDC-1450,item:773474,0.0,134400000.0,9621466.0
899,M-1430,item:268967,0.0,2910600.0,0.0
899,M-1810,item:268091,0.0,6106600.0,0.0
899,SDC-1450,item:773474,0.0,134400000.0,9621466.0
900,M-1430,item:268967,0.0,2910600.0,0.0
900,M-1810,item:268091,0.0,6106600.0,0.0
900,SDC-1450,item:773474,0.0,134400000.0,9621466.0
901,M-1430,item:268967,0.0,2910600.0,0.0
901,M-1810,item:268091,0.0,6106600.0,0.0
901,SDC-1450,item:773474,0.0,134400000.0,9621466.0
902,M-1430,item:268967,0.0,2910600.0,0.0
902,M-1810,item:268091,0.0,6106600.0,0.0
902,SDC-1450,item:773474,0.0,134400000.0,9621466.0
903,M-1430,item:268967,0.0,2910600.0,0.0
903,M-1810,item:268091,0.0,6106600.0,0.0
903,SDC-1450,item:773474,0.0,134400000.0,9621466.0
904,M-1430,item:268967,0.0,2910600.0,0.0
904,M-1810,item:268091,0.0,6106600.0,0.0
904,SDC-1450,item:773474,0.0,134400000.0,9621466.0
905,M-1430,item:268967,0.0,2910600.0,0.0
905,M-1810,item:268091,0.0,6106600.0,0.0
905,SDC-1450,item:773474,0.0,134400000.0,9621466.0
906,M-1430,item:268967,0.0,2910600.0,0.0
906,M-1810,item:268091,0.0,6106600.0,0.0
906,SDC-1450,item:773474,0.0,134400000.0,9621466.0
907,M-1430,item:268967,0.0,2910600.0,0.0
907,M-1810,item:268091,0.0,6106600.0,0.0
907,SDC-1450,item:773474,0.0,134400000.0,9621466.0
908,M-1430,item:268967,0.0,2910600.0,0.0
908,M-1810,item:268091,0.0,6106600.0,0.0
908,SDC-1450,item:773474,0.0,134400000.0,9621466.0
909,M-1430,item:268967,0.0,2910600.0,0.0
909,M-1810,item:268091,0.0,6106600.0,0.0
909,SDC-1450,item:773474,0.0,134400000.0,9621466.0
910,M-1430,item:268967,0.0,2910600.0,0.0
910,M-1810,item:268091,0.0,6106600.0,0.0
910,SDC-1450,item:773474,0.0,134400000.0,9621466.0
911,M-1430,item:268967,0.0,2910600.0,0.0
911,M-1810,item:268091,0.0,6106600.0,0.0
911,SDC-1450,item:773474,0.0,134400000.0,9621466.0
912,M-1430,item:268967,0.0,2910600.0,0.0
912,M-1810,item:268091,0.0,6106600.0,0.0
912,SDC-1450,item:773474,0.0,134400000.0,9621466.0
913,M-1430,item:268967,0.0,2910600.0,0.0
913,M-1810,item:268091,0.0,6106600.0,0.0
913,SDC-1450,item:773474,0.0,134400000.0,9621466.0
914,M-1430,item:268967,0.0,2910600.0,0.0
914,M-1810,item:268091,0.0,6106600.0,0.0
914,SDC-1450,item:773474,0.0,134400000.0,9621466.0
915,M-1430,item:268967,0.0,2910600.0,0.0
915,M-1810,item:268091,0.0,6106600.0,0.0
915,SDC-1450,item:773474,0.0,134400000.0,9621466.0
916,M-1430,item:268967,0.0,2910600.0,0.0
916,M-1810,item:268091,0.0,6106600.0,0.0
916,SDC-1450,item:773474,0.0,134400000.0,9621466.0
917,M-1430,item:268967,0.0,2910600.0,0.0
917,M-1810,item:268091,0.0,6106600.0,0.0
917,SDC-1450,item:773474,0.0,134400000.0,9621466.0
918,M-1430,item:268967,0.0,2910600.0,0.0
918,M-1810,item:268091,0.0,6106600.0,0.0
918,SDC-1450,item:773474,0.0,134400000.0,9621466.0
919,M-1430,item:268967,0.0,2910600.0,0.0
919,M-1810,item:268091,0.0,6106600.0,0.0
919,SDC-1450,item:773474,0.0,134400000.0,9621466.0
920,M-1430,item:268967,0.0,2910600.0,0.0
920,M-1810,item:268091,0.0,6106600.0,0.0
920,SDC-1450,item:773474,0.0,134400000.0,9621466.0
921,M-1430,item:268967,0.0,2910600.0,0.0
921,M-1810,item:268091,0.0,6106600.0,0.0
921,SDC-1450,item:773474,0.0,134400000.0,9621466.0
922,M-1430,item:268967,0.0,2910600.0,0.0
922,M-1810,item:268091,0.0,6106600.0,0.0
922,SDC-1450,item:773474,0.0,134400000.0,9621466.0
923,M-1430,item:268967,0.0,2910600.0,0.0
923,M-1810,item:268091,0.0,6106600.0,0.0
923,SDC-1450,item:773474,0.0,134400000.0,9621466.0
924,M-1430,item:268967,0.0,2910600.0,0.0
924,M-1810,item:268091,0.0,6106600.0,0.0
924,SDC-1450,item:773474,0.0,134400000.0,9621466.0
925,M-1430,item:268967,0.0,2910600.0,0.0
925,M-1810,item:268091,0.0,6106600.0,0.0
925,SDC-1450,item:773474,0.0,134400000.0,9621466.0
926,M-1430,item:268967,0.0,2910600.0,0.0
926,M-1810,item:268091,0.0,6106600.0,0.0
926,SDC-1450,item:773474,0.0,134400000.0,9621466.0
927,M-1430,item:268967,0.0,2910600.0,0.0
927,M-1810,item:268091,0.0,6106600.0,0.0
927,SDC-1450,item:773474,0.0,134400000.0,9621466.0
928,M-1430,item:268967,0.0,2910600.0,0.0
928,M-1810,item:268091,0.0,6106600.0,0.0
928,SDC-1450,item:773474,0.0,134400000.0,9621466.0
929,M-1430,item:268967,0.0,2910600.0,0.0
929,M-1810,item:268091,0.0,6106600.0,0.0
929,SDC-1450,item:773474,0.0,134400000.0,9621466.0
930,M-1430,item:268967,0.0,2910600.0,0.0
930,M-1810,item:268091,0.0,6106600.0,0.0
930,SDC-1450,item:773474,0.0,134400000.0,9621466.0
931,M-1430,item:268967,0.0,2910600.0,0.0
931,M-1810,item:268091,0.0,6106600.0,0.0
931,SDC-1450,item:773474,0.0,134400000.0,9621466.0
932,M-1430,item:268967,0.0,2910600.0,0.0
932,M-1810,item:268091,0.0,6106600.0,0.0
932,SDC-1450,item:773474,0.0,134400000.0,9621466.0
933,M-1430,item:268967,0.0,2910600.0,0.0
933,M-1810,item:268091,0.0,6106600.0,0.0
933,SDC-1450,item:773474,0.0,134400000.0,9621466.0
934,M-1430,item:268967,0.0,2910600.0,0.0
934,M-1810,item:268091,0.0,6106600.0,0.0
934,SDC-1450,item:773474,0.0,134400000.0,9621466.0
935,M-1430,item:268967,0.0,2910600.0,0.0
935,M-1810,item:268091,0.0,6106600.0,0.0
935,SDC-1450,item:773474,0.0,134400000.0,9621466.0
936,M-1430,item:268967,0.0,2910600.0,0.0
936,M-1810,item:268091,0.0,6106600.0,0.0
936,SDC-1450,item:773474,0.0,134400000.0,9621466.0
937,M-1430,item:268967,0.0,2910600.0,0.0
937,M-1810,item:268091,0.0,6106600.0,0.0
937,SDC-1450,item:773474,0.0,134400000.0,9621466.0
938,M-1430,item:268967,0.0,2910600.0,0.0
938,M-1810,item:268091,0.0,6106600.0,0.0
938,SDC-1450,item:773474,0.0,134400000.0,9621466.0
939,M-1430,item:268967,0.0,2910600.0,0.0
939,M-1810,item:268091,0.0,6106600.0,0.0
939,SDC-1450,item:773474,0.0,134400000.0,9621466.0
940,M-1430,item:268967,0.0,2910600.0,0.0
940,M-1810,item:268091,0.0,6106600.0,0.0
940,SDC-1450,item:773474,0.0,134400000.0,9621466.0
941,M-1430,item:268967,0.0,2910600.0,0.0
941,M-1810,item:268091,0.0,6106600.0,0.0
941,SDC-1450,item:773474,0.0,134400000.0,9621466.0
942,M-1430,item:268967,0.0,2910600.0,0.0
942,M-1810,item:268091,0.0,6106600.0,0.0
942,SDC-1450,item:773474,0.0,134400000.0,9621466.0
943,M-1430,item:268967,0.0,2910600.0,0.0
943,M-1810,item:268091,0.0,6106600.0,0.0
943,SDC-1450,item:773474,0.0,134400000.0,9621466.0
944,M-1430,item:268967,0.0,2910600.0,0.0
944,M-1810,item:268091,0.0,6106600.0,0.0
944,SDC-1450,item:773474,0.0,134400000.0,9621466.0
945,M-1430,item:268967,0.0,2910600.0,0.0
945,M-1810,item:268091,0.0,6106600.0,0.0
945,SDC-1450,item:773474,0.0,134400000.0,9621466.0
946,M-1430,item:268967,0.0,2910600.0,0.0
946,M-1810,item:268091,0.0,6106600.0,0.0
946,SDC-1450,item:773474,0.0,134400000.0,9621466.0
947,M-1430,item:268967,0.0,2910600.0,0.0
947,M-1810,item:268091,0.0,6106600.0,0.0
947,SDC-1450,item:773474,0.0,134400000.0,9621466.0
948,M-1430,item:268967,0.0,2910600.0,0.0
948,M-1810,item:268091,0.0,6106600.0,0.0
948,SDC-1450,item:773474,0.0,134400000.0,9621466.0
949,M-1430,item:268967,0.0,2910600.0,0.0
949,M-1810,item:268091,0.0,6106600.0,0.0
949,SDC-1450,item:773474,0.0,134400000.0,9621466.0
950,M-1430,item:268967,0.0,2910600.0,0.0
950,M-1810,item:268091,0.0,6106600.0,0.0
950,SDC-1450,item:773474,0.0,134400000.0,9621466.0
951,M-1430,item:268967,0.0,2910600.0,0.0
951,M-1810,item:268091,0.0,6106600.0,0.0
951,SDC-1450,item:773474,0.0,134400000.0,9621466.0
952,M-1430,item:268967,0.0,2910600.0,0.0
952,M-1810,item:268091,0.0,6106600.0,0.0
952,SDC-1450,item:773474,0.0,134400000.0,9621466.0
953,M-1430,item:268967,0.0,2910600.0,0.0
953,M-1810,item:268091,0.0,6106600.0,0.0
953,SDC-1450,item:773474,0.0,134400000.0,9621466.0
954,M-1430,item:268967,0.0,2910600.0,0.0
954,M-1810,item:268091,0.0,6106600.0,0.0
954,SDC-1450,item:773474,0.0,134400000.0,9621466.0
955,M-1430,item:268967,0.0,2910600.0,0.0
955,M-1810,item:268091,0.0,6106600.0,0.0
955,SDC-1450,item:773474,0.0,134400000.0,9621466.0
956,M-1430,item:268967,0.0,2910600.0,0.0
956,M-1810,item:268091,0.0,6106600.0,0.0
956,SDC-1450,item:773474,0.0,134400000.0,9621466.0
957,M-1430,item:268967,0.0,2910600.0,0.0
957,M-1810,item:268091,0.0,6106600.0,0.0
957,SDC-1450,item:773474,0.0,134400000.0,9621466.0
958,M-1430,item:268967,0.0,2910600.0,0.0
958,M-1810,item:268091,0.0,6106600.0,0.0
958,SDC-1450,item:773474,0.0,134400000.0,9621466.0
959,M-1430,item:268967,0.0,2910600.0,0.0
959,M-1810,item:268091,0.0,6106600.0,0.0
959,SDC-1450,item:773474,0.0,134400000.0,9621466.0
960,M-1430,item:268967,0.0,2910600.0,0.0
960,M-1810,item:268091,0.0,6106600.0,0.0
960,SDC-1450,item:773474,0.0,134400000.0,9621466.0
961,M-1430,item:268967,0.0,2910600.0,0.0
961,M-1810,item:268091,0.0,6106600.0,0.0
961,SDC-1450,item:773474,0.0,134400000.0,9621466.0
962,M-1430,item:268967,0.0,2910600.0,0.0
962,M-1810,item:268091,0.0,6106600.0,0.0
962,SDC-1450,item:773474,0.0,134400000.0,9621466.0
963,M-1430,item:268967,0.0,2910600.0,0.0
963,M-1810,item:268091,0.0,6106600.0,0.0
963,SDC-1450,item:773474,0.0,134400000.0,9621466.0
964,M-1430,item:268967,0.0,2910600.0,0.0
964,M-1810,item:268091,0.0,6106600.0,0.0
964,SDC-1450,item:773474,0.0,134400000.0,9621466.0
965,M-1430,item:268967,0.0,2910600.0,0.0
965,M-1810,item:268091,0.0,6106600.0,0.0
965,SDC-1450,item:773474,0.0,134400000.0,9621466.0
966,M-1430,item:268967,0.0,2910600.0,0.0
966,M-1810,item:268091,0.0,6106600.0,0.0
966,SDC-1450,item:773474,0.0,134400000.0,9621466.0
967,M-1430,item:268967,0.0,2910600.0,0.0
967,M-1810,item:268091,0.0,6106600.0,0.0
967,SDC-1450,item:773474,0.0,134400000.0,9621466.0
968,M-1430,item:268967,0.0,2910600.0,0.0
968,M-1810,item:268091,0.0,6106600.0,0.0
968,SDC-1450,item:773474,0.0,134400000.0,9621466.0
969,M-1430,item:268967,0.0,2910600.0,0.0
969,M-1810,item:268091,0.0,6106600.0,0.0
969,SDC-1450,item:773474,0.0,134400000.0,9621466.0
970,M-1430,item:268967,0.0,2910600.0,0.0
970,M-1810,item:268091,0.0,6106600.0,0.0
970,SDC-1450,item:773474,0.0,134400000.0,9621466.0
971,M-1430,item:268967,0.0,2910600.0,0.0
971,M-1810,item:268091,0.0,6106600.0,0.0
971,SDC-1450,item:773474,0.0,134400000.0,9621466.0
972,M-1430,item:268967,0.0,2910600.0,0.0
972,M-1810,item:268091,0.0,6106600.0,0.0
972,SDC-1450,item:773474,0.0,134400000.0,9621466.0
973,M-1430,item:268967,0.0,2910600.0,0.0
973,M-1810,item:268091,0.0,6106600.0,0.0
973,SDC-1450,item:773474,0.0,134400000.0,9621466.0
974,M-1430,item:268967,0.0,2910600.0,0.0
974,M-1810,item:268091,0.0,6106600.0,0.0
974,SDC-1450,item:773474,0.0,134400000.0,9621466.0
975,M-1430,item:268967,0.0,2910600.0,0.0
975,M-1810,item:268091,0.0,6106600.0,0.0
975,SDC-1450,item:773474,0.0,134400000.0,9621466.0
976,M-1430,item:268967,0.0,2910600.0,0.0
976,M-1810,item:268091,0.0,6106600.0,0.0
976,SDC-1450,item:773474,0.0,134400000.0,9621466.0
977,M-1430,item:268967,0.0,2910600.0,0.0
977,M-1810,item:268091,0.0,6106600.0,0.0
977,SDC-1450,item:773474,0.0,134400000.0,9621466.0
978,M-1430,item:268967,0.0,2910600.0,0.0
978,M-1810,item:268091,0.0,6106600.0,0.0
978,SDC-1450,item:773474,0.0,134400000.0,9621466.0
979,M-1430,item:268967,0.0,2910600.0,0.0
979,M-1810,item:268091,0.0,6106600.0,0.0
979,SDC-1450,item:773474,0.0,134400000.0,9621466.0
980,M-1430,item:268967,0.0,2910600.0,0.0
980,M-1810,item:268091,0.0,6106600.0,0.0
980,SDC-1450,item:773474,0.0,134400000.0,9621466.0
981,M-1430,item:268967,0.0,2910600.0,0.0
981,M-1810,item:268091,0.0,6106600.0,0.0
981,SDC-1450,item:773474,0.0,134400000.0,9621466.0
982,M-1430,item:268967,0.0,2910600.0,0.0
982,M-1810,item:268091,0.0,6106600.0,0.0
982,SDC-1450,item:773474,0.0,134400000.0,9621466.0
983,M-1430,item:268967,0.0,2910600.0,0.0
983,M-1810,item:268091,0.0,6106600.0,0.0
983,SDC-1450,item:773474,0.0,134400000.0,9621466.0
984,M-1430,item:268967,0.0,2910600.0,0.0
984,M-1810,item:268091,0.0,6106600.0,0.0
984,SDC-1450,item:773474,0.0,134400000.0,9621466.0
985,M-1430,item:268967,0.0,2910600.0,0.0
985,M-1810,item:268091,0.0,6106600.0,0.0
985,SDC-1450,item:773474,0.0,134400000.0,9621466.0
986,M-1430,item:268967,0.0,2910600.0,0.0
986,M-1810,item:268091,0.0,6106600.0,0.0
986,SDC-1450,item:773474,0.0,134400000.0,9621466.0
987,M-1430,item:268967,0.0,2910600.0,0.0
987,M-1810,item:268091,0.0,6106600.0,0.0
987,SDC-1450,item:773474,0.0,134400000.0,9621466.0
988,M-1430,item:268967,0.0,2910600.0,0.0
988,M-1810,item:268091,0.0,6106600.0,0.0
988,SDC-1450,item:773474,0.0,134400000.0,9621466.0
989,M-1430,item:268967,0.0,2910600.0,0.0
989,M-1810,item:268091,0.0,6106600.0,0.0
989,SDC-1450,item:773474,0.0,134400000.0,9621466.0
990,M-1430,item:268967,0.0,2910600.0,0.0
990,M-1810,item:268091,0.0,6106600.0,0.0
990,SDC-1450,item:773474,0.0,134400000.0,9621466.0
991,M-1430,item:268967,0.0,2910600.0,0.0
991,M-1810,item:268091,0.0,6106600.0,0.0
991,SDC-1450,item:773474,0.0,134400000.0,9621466.0
992,M-1430,item:268967,0.0,2910600.0,0.0
992,M-1810,item:268091,0.0,6106600.0,0.0
992,SDC-1450,item:773474,0.0,134400000.0,9621466.0
993,M-1430,item:268967,0.0,2910600.0,0.0
993,M-1810,item:268091,0.0,6106600.0,0.0
993,SDC-1450,item:773474,0.0,134400000.0,9621466.0
994,M-1430,item:268967,0.0,2910600.0,0.0
994,M-1810,item:268091,0.0,6106600.0,0.0
994,SDC-1450,item:773474,0.0,134400000.0,9621466.0
995,M-1430,item:268967,0.0,2910600.0,0.0
995,M-1810,item:268091,0.0,6106600.0,0.0
995,SDC-1450,item:773474,0.0,134400000.0,9621466.0
996,M-1430,item:268967,0.0,2910600.0,0.0
996,M-1810,item:268091,0.0,6106600.0,0.0
996,SDC-1450,item:773474,0.0,134400000.0,9621466.0
997,M-1430,item:268967,0.0,2910600.0,0.0
997,M-1810,item:268091,0.0,6106600.0,0.0
997,SDC-1450,item:773474,0.0,134400000.0,9621466.0
998,M-1430,item:268967,0.0,2910600.0,0.0
998,M-1810,item:268091,0.0,6106600.0,0.0
998,SDC-1450,item:773474,0.0,134400000.0,9621466.0
999,M-1430,item:268967,0.0,2910600.0,0.0
999,M-1810,item:268091,0.0,6106600.0,0.0
999,SDC-1450,item:773474,0.0,134400000.0,9621466.0
1000,M-1430,item:268967,0.0,2910600.0,0.0
1000,M-1810,item:268091,0.0,6106600.0,0.0
1000,SDC-1450,item:773474,0.0,134400000.0,9621466.0
1001,M-1430,item:268967,0.0,2910600.0,0.0
1001,M-1810,item:268091,0.0,6106600.0,0.0
1001,SDC-1450,item:773474,0.0,134400000.0,9621466.0
1002,M-1430,item:268967,0.0,2910600.0,0.0
1002,M-1810,item:268091,0.0,6106600.0,0.0
1002,SDC-1450,item:773474,0.0,134400000.0,9621466.0
1003,M-1430,item:268967,0.0,2910600.0,0.0
1003,M-1810,item:268091,0.0,6106600.0,0.0
1003,SDC-1450,item:773474,0.0,134400000.0,9621466.0
1004,M-1430,item:268967,0.0,2910600.0,0.0
1004,M-1810,item:268091,0.0,6106600.0,0.0
1004,SDC-1450,item:773474,0.0,134400000.0,9621466.0
1005,M-1430,item:268967,0.0,2910600.0,0.0
1005,M-1810,item:268091,0.0,6106600.0,0.0
1005,SDC-1450,item:773474,0.0,134400000.0,9621466.0
1006,M-1430,item:268967,0.0,2910600.0,0.0
1006,M-1810,item:268091,0.0,6106600.0,0.0
1006,SDC-1450,item:773474,0.0,134400000.0,9621466.0
1007,M-1430,item:268967,0.0,2910600.0,0.0
1007,M-1810,item:268091,0.0,6106600.0,0.0
1007,SDC-1450,item:773474,0.0,134400000.0,9621466.0
1008,M-1430,item:268967,0.0,2910600.0,0.0
1008,M-1810,item:268091,0.0,6106600.0,0.0
1008,SDC-1450,item:773474,0.0,134400000.0,9621466.0
1009,M-1430,item:268967,0.0,2910600.0,0.0
1009,M-1810,item:268091,0.0,6106600.0,0.0
1009,SDC-1450,item:773474,0.0,134400000.0,9621466.0
1010,M-1430,item:268967,0.0,2910600.0,0.0
1010,M-1810,item:268091,0.0,6106600.0,0.0
1010,SDC-1450,item:773474,0.0,134400000.0,9621466.0
1011,M-1430,item:268967,0.0,2910600.0,0.0
1011,M-1810,item:268091,0.0,6106600.0,0.0
1011,SDC-1450,item:773474,0.0,134400000.0,9621466.0
1012,M-1430,item:268967,0.0,2910600.0,0.0
1012,M-1810,item:268091,0.0,6106600.0,0.0
1012,SDC-1450,item:773474,0.0,134400000.0,9621466.0
1013,M-1430,item:268967,0.0,2910600.0,0.0
1013,M-1810,item:268091,0.0,6106600.0,0.0
1013,SDC-1450,item:773474,0.0,134400000.0,9621466.0
1014,M-1430,item:268967,0.0,2910600.0,0.0
1014,M-1810,item:268091,0.0,6106600.0,0.0
1014,SDC-1450,item:773474,0.0,134400000.0,9621466.0
1015,M-1430,item:268967,0.0,2910600.0,0.0
1015,M-1810,item:268091,0.0,6106600.0,0.0
1015,SDC-1450,item:773474,0.0,134400000.0,9621466.0
1016,M-1430,item:268967,0.0,2910600.0,0.0
1016,M-1810,item:268091,0.0,6106600.0,0.0
1016,SDC-1450,item:773474,0.0,134400000.0,9621466.0
1017,M-1430,item:268967,0.0,2910600.0,0.0
1017,M-1810,item:268091,0.0,6106600.0,0.0
1017,SDC-1450,item:773474,0.0,134400000.0,9621466.0
1018,M-1430,item:268967,0.0,2910600.0,0.0
1018,M-1810,item:268091,0.0,6106600.0,0.0
1018,SDC-1450,item:773474,0.0,134400000.0,9621466.0
1019,M-1430,item:268967,0.0,2910600.0,0.0
1019,M-1810,item:268091,0.0,6106600.0,0.0
1019,SDC-1450,item:773474,0.0,134400000.0,9621466.0
1020,M-1430,item:268967,0.0,2910600.0,0.0
1020,M-1810,item:268091,0.0,6106600.0,0.0
1020,SDC-1450,item:773474,0.0,134400000.0,9621466.0
1021,M-1430,item:268967,0.0,2910600.0,0.0
1021,M-1810,item:268091,0.0,6106600.0,0.0
1021,SDC-1450,item:773474,0.0,134400000.0,9621466.0
1022,M-1430,item:268967,0.0,2910600.0,0.0
1022,M-1810,item:268091,0.0,6106600.0,0.0
1022,SDC-1450,item:773474,0.0,134400000.0,9621466.0
1023,M-1430,item:268967,0.0,2910600.0,0.0
1023,M-1810,item:268091,0.0,6106600.0,0.0
1023,SDC-1450,item:773474,0.0,134400000.0,9621466.0
1024,M-1430,item:268967,0.0,2910600.0,0.0
1024,M-1810,item:268091,0.0,6106600.0,0.0
1024,SDC-1450,item:773474,0.0,134400000.0,9621466.0
1025,M-1430,item:268967,0.0,2910600.0,0.0
1025,M-1810,item:268091,0.0,6106600.0,0.0
1025,SDC-1450,item:773474,0.0,134400000.0,9621466.0
1026,M-1430,item:268967,0.0,2910600.0,0.0
1026,M-1810,item:268091,0.0,6106600.0,0.0
1026,SDC-1450,item:773474,0.0,134400000.0,9621466.0
1027,M-1430,item:268967,0.0,2910600.0,0.0
1027,M-1810,item:268091,0.0,6106600.0,0.0
1027,SDC-1450,item:773474,0.0,134400000.0,9621466.0
1028,M-1430,item:268967,0.0,2910600.0,0.0
1028,M-1810,item:268091,0.0,6106600.0,0.0
1028,SDC-1450,item:773474,0.0,134400000.0,9621466.0
1029,M-1430,item:268967,0.0,2910600.0,0.0
1029,M-1810,item:268091,0.0,6106600.0,0.0
1029,SDC-1450,item:773474,0.0,134400000.0,9621466.0
1030,M-1430,item:268967,0.0,2910600.0,0.0
1030,M-1810,item:268091,0.0,6106600.0,0.0
1030,SDC-1450,item:773474,0.0,134400000.0,9621466.0
1031,M-1430,item:268967,0.0,2910600.0,0.0
1031,M-1810,item:268091,0.0,6106600.0,0.0
1031,SDC-1450,item:773474,0.0,134400000.0,9621466.0
1032,M-1430,item:268967,0.0,2910600.0,0.0
1032,M-1810,item:268091,0.0,6106600.0,0.0
1032,SDC-1450,item:773474,0.0,134400000.0,9621466.0
1033,M-1430,item:268967,0.0,2910600.0,0.0
1033,M-1810,item:268091,0.0,6106600.0,0.0
1033,SDC-1450,item:773474,0.0,134400000.0,9621466.0
1034,M-1430,item:268967,0.0,2910600.0,0.0
1034,M-1810,item:268091,0.0,6106600.0,0.0
1034,SDC-1450,item:773474,0.0,134400000.0,9621466.0
1035,M-1430,item:268967,0.0,2910600.0,0.0
1035,M-1810,item:268091,0.0,6106600.0,0.0
1035,SDC-1450,item:773474,0.0,134400000.0,9621466.0
1036,M-1430,item:268967,0.0,2910600.0,0.0
1036,M-1810,item:268091,0.0,6106600.0,0.0
1036,SDC-1450,item:773474,0.0,134400000.0,9621466.0
1037,M-1430,item:268967,0.0,2910600.0,0.0
1037,M-1810,item:268091,0.0,6106600.0,0.0
1037,SDC-1450,item:773474,0.0,134400000.0,9621466.0
1038,M-1430,item:268967,0.0,2910600.0,0.0
1038,M-1810,item:268091,0.0,6106600.0,0.0
1038,SDC-1450,item:773474,0.0,134400000.0,9621466.0
1039,M-1430,item:268967,0.0,2910600.0,0.0
1039,M-1810,item:268091,0.0,6106600.0,0.0
1039,SDC-1450,item:773474,0.0,134400000.0,9621466.0
1040,M-1430,item:268967,0.0,2910600.0,0.0
1040,M-1810,item:268091,0.0,6106600.0,0.0
1040,SDC-1450,item:773474,0.0,134400000.0,9621466.0
1041,M-1430,item:268967,0.0,2910600.0,0.0
1041,M-1810,item:268091,0.0,6106600.0,0.0
1041,SDC-1450,item:773474,0.0,134400000.0,9621466.0
1042,M-1430,item:268967,0.0,2910600.0,0.0
1042,M-1810,item:268091,0.0,6106600.0,0.0
1042,SDC-1450,item:773474,0.0,134400000.0,9621466.0
1043,M-1430,item:268967,0.0,2910600.0,0.0
1043,M-1810,item:268091,0.0,6106600.0,0.0
1043,SDC-1450,item:773474,0.0,134400000.0,9621466.0
1044,M-1430,item:268967,0.0,2910600.0,0.0
1044,M-1810,item:268091,0.0,6106600.0,0.0
1044,SDC-1450,item:773474,0.0,134400000.0,9621466.0
1045,M-1430,item:268967,0.0,2910600.0,0.0
1045,M-1810,item:268091,0.0,6106600.0,0.0
1045,SDC-1450,item:773474,0.0,134400000.0,9621466.0
1046,M-1430,item:268967,0.0,2910600.0,0.0
1046,M-1810,item:268091,0.0,6106600.0,0.0
1046,SDC-1450,item:773474,0.0,134400000.0,9621466.0
1047,M-1430,item:268967,0.0,2910600.0,0.0
1047,M-1810,item:268091,0.0,6106600.0,0.0
1047,SDC-1450,item:773474,0.0,134400000.0,9621466.0
1048,M-1430,item:268967,0.0,2910600.0,0.0
1048,M-1810,item:268091,0.0,6106600.0,0.0
1048,SDC-1450,item:773474,0.0,134400000.0,9621466.0
1049,M-1430,item:268967,0.0,2910600.0,0.0
1049,M-1810,item:268091,0.0,6106600.0,0.0
1049,SDC-1450,item:773474,0.0,134400000.0,9621466.0
1050,M-1430,item:268967,0.0,2910600.0,0.0
1050,M-1810,item:268091,0.0,6106600.0,0.0
1050,SDC-1450,item:773474,0.0,134400000.0,9621466.0
1051,M-1430,item:268967,0.0,2910600.0,0.0
1051,M-1810,item:268091,0.0,6106600.0,0.0
1051,SDC-1450,item:773474,0.0,134400000.0,9621466.0
1052,M-1430,item:268967,0.0,2910600.0,0.0
1052,M-1810,item:268091,0.0,6106600.0,0.0
1052,SDC-1450,item:773474,0.0,134400000.0,9621466.0
1053,M-1430,item:268967,0.0,2910600.0,0.0
1053,M-1810,item:268091,0.0,6106600.0,0.0
1053,SDC-1450,item:773474,0.0,134400000.0,9621466.0
1054,M-1430,item:268967,0.0,2910600.0,0.0
1054,M-1810,item:268091,0.0,6106600.0,0.0
1054,SDC-1450,item:773474,0.0,134400000.0,9621466.0
1055,M-1430,item:268967,0.0,2910600.0,0.0
1055,M-1810,item:268091,0.0,6106600.0,0.0
1055,SDC-1450,item:773474,0.0,134400000.0,9621466.0
1056,M-1430,item:268967,0.0,2910600.0,0.0
1056,M-1810,item:268091,0.0,6106600.0,0.0
1056,SDC-1450,item:773474,0.0,134400000.0,9621466.0
1057,M-1430,item:268967,0.0,2910600.0,0.0
1057,M-1810,item:268091,0.0,6106600.0,0.0
1057,SDC-1450,item:773474,0.0,134400000.0,9621466.0
1058,M-1430,item:268967,0.0,2910600.0,0.0
1058,M-1810,item:268091,0.0,6106600.0,0.0
1058,SDC-1450,item:773474,0.0,134400000.0,9621466.0
1059,M-1430,item:268967,0.0,2910600.0,0.0
1059,M-1810,item:268091,0.0,6106600.0,0.0
1059,SDC-1450,item:773474,0.0,134400000.0,9621466.0
1060,M-1430,item:268967,0.0,2910600.0,0.0
1060,M-1810,item:268091,0.0,6106600.0,0.0
1060,SDC-1450,item:773474,0.0,134400000.0,9621466.0
1061,M-1430,item:268967,0.0,2910600.0,0.0
1061,M-1810,item:268091,0.0,6106600.0,0.0
1061,SDC-1450,item:773474,0.0,134400000.0,9621466.0
1062,M-1430,item:268967,0.0,2910600.0,0.0
1062,M-1810,item:268091,0.0,6106600.0,0.0
1062,SDC-1450,item:773474,0.0,134400000.0,9621466.0
1063,M-1430,item:268967,0.0,2910600.0,0.0
1063,M-1810,item:268091,0.0,6106600.0,0.0
1063,SDC-1450,item:773474,0.0,134400000.0,9621466.0
1064,M-1430,item:268967,0.0,2910600.0,0.0
1064,M-1810,item:268091,0.0,6106600.0,0.0
1064,SDC-1450,item:773474,0.0,134400000.0,9621466.0
1065,M-1430,item:268967,0.0,2910600.0,0.0
1065,M-1810,item:268091,0.0,6106600.0,0.0
1065,SDC-1450,item:773474,0.0,134400000.0,9621466.0
1066,M-1430,item:268967,0.0,2910600.0,0.0
1066,M-1810,item:268091,0.0,6106600.0,0.0
1066,SDC-1450,item:773474,0.0,134400000.0,9621466.0
1067,M-1430,item:268967,0.0,2910600.0,0.0
1067,M-1810,item:268091,0.0,6106600.0,0.0
1067,SDC-1450,item:773474,0.0,134400000.0,9621466.0
1068,M-1430,item:268967,0.0,2910600.0,0.0
1068,M-1810,item:268091,0.0,6106600.0,0.0
1068,SDC-1450,item:773474,0.0,134400000.0,9621466.0
1069,M-1430,item:268967,0.0,2910600.0,0.0
1069,M-1810,item:268091,0.0,6106600.0,0.0
1069,SDC-1450,item:773474,0.0,134400000.0,9621466.0
1070,M-1430,item:268967,0.0,2910600.0,0.0
1070,M-1810,item:268091,0.0,6106600.0,0.0
1070,SDC-1450,item:773474,0.0,134400000.0,9621466.0
1071,M-1430,item:268967,0.0,2910600.0,0.0
1071,M-1810,item:268091,0.0,6106600.0,0.0
1071,SDC-1450,item:773474,0.0,134400000.0,9621466.0
1072,M-1430,item:268967,0.0,2910600.0,0.0
1072,M-1810,item:268091,0.0,6106600.0,0.0
1072,SDC-1450,item:773474,0.0,134400000.0,9621466.0
1073,M-1430,item:268967,0.0,2910600.0,0.0
1073,M-1810,item:268091,0.0,6106600.0,0.0
1073,SDC-1450,item:773474,0.0,134400000.0,9621466.0
1074,M-1430,item:268967,0.0,2910600.0,0.0
1074,M-1810,item:268091,0.0,6106600.0,0.0
1074,SDC-1450,item:773474,0.0,134400000.0,9621466.0
1075,M-1430,item:268967,0.0,2910600.0,0.0
1075,M-1810,item:268091,0.0,6106600.0,0.0
1075,SDC-1450,item:773474,0.0,134400000.0,9621466.0
1076,M-1430,item:268967,0.0,2910600.0,0.0
1076,M-1810,item:268091,0.0,6106600.0,0.0
1076,SDC-1450,item:773474,0.0,134400000.0,9621466.0
1077,M-1430,item:268967,0.0,2910600.0,0.0
1077,M-1810,item:268091,0.0,6106600.0,0.0
1077,SDC-1450,item:773474,0.0,134400000.0,9621466.0
1078,M-1430,item:268967,0.0,2910600.0,0.0
1078,M-1810,item:268091,0.0,6106600.0,0.0
1078,SDC-1450,item:773474,0.0,134400000.0,9621466.0
1079,M-1430,item:268967,0.0,2910600.0,0.0
1079,M-1810,item:268091,0.0,6106600.0,0.0
1079,SDC-1450,item:773474,0.0,134400000.0,9621466.0
1080,M-1430,item:268967,0.0,2910600.0,0.0
1080,M-1810,item:268091,0.0,6106600.0,0.0
1080,SDC-1450,item:773474,0.0,134400000.0,9621466.0
1081,M-1430,item:268967,0.0,2910600.0,0.0
1081,M-1810,item:268091,0.0,6106600.0,0.0
1081,SDC-1450,item:773474,0.0,134400000.0,9621466.0
1082,M-1430,item:268967,0.0,2910600.0,0.0
1082,M-1810,item:268091,0.0,6106600.0,0.0
1082,SDC-1450,item:773474,0.0,134400000.0,9621466.0
1083,M-1430,item:268967,0.0,2910600.0,0.0
1083,M-1810,item:268091,0.0,6106600.0,0.0
1083,SDC-1450,item:773474,0.0,134400000.0,9621466.0
1084,M-1430,item:268967,0.0,2910600.0,0.0
1084,M-1810,item:268091,0.0,6106600.0,0.0
1084,SDC-1450,item:773474,0.0,134400000.0,9621466.0
1085,M-1430,item:268967,0.0,2910600.0,0.0
1085,M-1810,item:268091,0.0,6106600.0,0.0
1085,SDC-1450,item:773474,0.0,134400000.0,9621466.0
1086,M-1430,item:268967,0.0,2910600.0,0.0
1086,M-1810,item:268091,0.0,6106600.0,0.0
1086,SDC-1450,item:773474,0.0,134400000.0,9621466.0
1087,M-1430,item:268967,0.0,2910600.0,0.0
1087,M-1810,item:268091,0.0,6106600.0,0.0
1087,SDC-1450,item:773474,0.0,134400000.0,9621466.0
1088,M-1430,item:268967,0.0,2910600.0,0.0
1088,M-1810,item:268091,0.0,6106600.0,0.0
1088,SDC-1450,item:773474,0.0,134400000.0,9621466.0
1089,M-1430,item:268967,0.0,2910600.0,0.0
1089,M-1810,item:268091,0.0,6106600.0,0.0
1089,SDC-1450,item:773474,0.0,134400000.0,9621466.0
1090,M-1430,item:268967,0.0,2910600.0,0.0
1090,M-1810,item:268091,0.0,6106600.0,0.0
1090,SDC-1450,item:773474,0.0,134400000.0,9621466.0
1091,M-1430,item:268967,0.0,2910600.0,0.0
1091,M-1810,item:268091,0.0,6106600.0,0.0
1091,SDC-1450,item:773474,0.0,134400000.0,9621466.0
1092,M-1430,item:268967,0.0,2910600.0,0.0
1092,M-1810,item:268091,0.0,6106600.0,0.0
1092,SDC-1450,item:773474,0.0,134400000.0,9621466.0
1093,M-1430,item:268967,0.0,2910600.0,0.0
1093,M-1810,item:268091,0.0,6106600.0,0.0
1093,SDC-1450,item:773474,0.0,134400000.0,9621466.0
1094,M-1430,item:268967,0.0,2910600.0,0.0
1094,M-1810,item:268091,0.0,6106600.0,0.0
1094,SDC-1450,item:773474,0.0,134400000.0,9621466.0
1095,M-1430,item:268967,0.0,2910600.0,0.0
1095,M-1810,item:268091,0.0,6106600.0,0.0
1095,SDC-1450,item:773474,0.0,134400000.0,9621466.0
1096,M-1430,item:268967,0.0,2910600.0,0.0
1096,M-1810,item:268091,0.0,6106600.0,0.0
1096,SDC-1450,item:773474,0.0,134400000.0,9621466.0
1097,M-1430,item:268967,0.0,2910600.0,0.0
1097,M-1810,item:268091,0.0,6106600.0,0.0
1097,SDC-1450,item:773474,0.0,134400000.0,9621466.0
1098,M-1430,item:268967,0.0,2910600.0,0.0
1098,M-1810,item:268091,0.0,6106600.0,0.0
1098,SDC-1450,item:773474,0.0,134400000.0,9621466.0
1099,M-1430,item:268967,0.0,2910600.0,0.0
1099,M-1810,item:268091,0.0,6106600.0,0.0
1099,SDC-1450,item:773474,0.0,134400000.0,9621466.0
1100,M-1430,item:268967,0.0,2910600.0,0.0
1100,M-1810,item:268091,0.0,6106600.0,0.0
1100,SDC-1450,item:773474,0.0,134400000.0,9621466.0
1101,M-1430,item:268967,0.0,2910600.0,0.0
1101,M-1810,item:268091,0.0,6106600.0,0.0
1101,SDC-1450,item:773474,0.0,134400000.0,9621466.0
1102,M-1430,item:268967,0.0,2910600.0,0.0
1102,M-1810,item:268091,0.0,6106600.0,0.0
1102,SDC-1450,item:773474,0.0,134400000.0,9621466.0
1103,M-1430,item:268967,0.0,2910600.0,0.0
1103,M-1810,item:268091,0.0,6106600.0,0.0
1103,SDC-1450,item:773474,0.0,134400000.0,9621466.0
1104,M-1430,item:268967,0.0,2910600.0,0.0
1104,M-1810,item:268091,0.0,6106600.0,0.0
1104,SDC-1450,item:773474,0.0,134400000.0,9621466.0
1105,M-1430,item:268967,0.0,2910600.0,0.0
1105,M-1810,item:268091,0.0,6106600.0,0.0
1105,SDC-1450,item:773474,0.0,134400000.0,9621466.0
1106,M-1430,item:268967,0.0,2910600.0,0.0
1106,M-1810,item:268091,0.0,6106600.0,0.0
1106,SDC-1450,item:773474,0.0,134400000.0,9621466.0
1107,M-1430,item:268967,0.0,2910600.0,0.0
1107,M-1810,item:268091,0.0,6106600.0,0.0
1107,SDC-1450,item:773474,0.0,134400000.0,9621466.0
1108,M-1430,item:268967,0.0,2910600.0,0.0
1108,M-1810,item:268091,0.0,6106600.0,0.0
1108,SDC-1450,item:773474,0.0,134400000.0,9621466.0
1109,M-1430,item:268967,0.0,2910600.0,0.0
1109,M-1810,item:268091,0.0,6106600.0,0.0
1109,SDC-1450,item:773474,0.0,134400000.0,9621466.0
1110,M-1430,item:268967,0.0,2910600.0,0.0
1110,M-1810,item:268091,0.0,6106600.0,0.0
1110,SDC-1450,item:773474,0.0,134400000.0,9621466.0
1111,M-1430,item:268967,0.0,2910600.0,0.0
1111,M-1810,item:268091,0.0,6106600.0,0.0
1111,SDC-1450,item:773474,0.0,134400000.0,9621466.0
1112,M-1430,item:268967,0.0,2910600.0,0.0
1112,M-1810,item:268091,0.0,6106600.0,0.0
1112,SDC-1450,item:773474,0.0,134400000.0,9621466.0
1113,M-1430,item:268967,0.0,2910600.0,0.0
1113,M-1810,item:268091,0.0,6106600.0,0.0
1113,SDC-1450,item:773474,0.0,134400000.0,9621466.0
1114,M-1430,item:268967,0.0,2910600.0,0.0
1114,M-1810,item:268091,0.0,6106600.0,0.0
1114,SDC-1450,item:773474,0.0,134400000.0,9621466.0
1115,M-1430,item:268967,0.0,2910600.0,0.0
1115,M-1810,item:268091,0.0,6106600.0,0.0
1115,SDC-1450,item:773474,0.0,134400000.0,9621466.0
1116,M-1430,item:268967,0.0,2910600.0,0.0
1116,M-1810,item:268091,0.0,6106600.0,0.0
1116,SDC-1450,item:773474,0.0,134400000.0,9621466.0
1117,M-1430,item:268967,0.0,2910600.0,0.0
1117,M-1810,item:268091,0.0,6106600.0,0.0
1117,SDC-1450,item:773474,0.0,134400000.0,9621466.0
1118,M-1430,item:268967,0.0,2910600.0,0.0
1118,M-1810,item:268091,0.0,6106600.0,0.0
1118,SDC-1450,item:773474,0.0,134400000.0,9621466.0
1119,M-1430,item:268967,0.0,2910600.0,0.0
1119,M-1810,item:268091,0.0,6106600.0,0.0
1119,SDC-1450,item:773474,0.0,134400000.0,9621466.0
1120,M-1430,item:268967,0.0,2910600.0,0.0
1120,M-1810,item:268091,0.0,6106600.0,0.0
1120,SDC-1450,item:773474,0.0,134400000.0,9621466.0
1121,M-1430,item:268967,0.0,2910600.0,0.0
1121,M-1810,item:268091,0.0,6106600.0,0.0
1121,SDC-1450,item:773474,0.0,134400000.0,9621466.0
1122,M-1430,item:268967,0.0,2910600.0,0.0
1122,M-1810,item:268091,0.0,6106600.0,0.0
1122,SDC-1450,item:773474,0.0,134400000.0,9621466.0
1123,M-1430,item:268967,0.0,2910600.0,0.0
1123,M-1810,item:268091,0.0,6106600.0,0.0
1123,SDC-1450,item:773474,0.0,134400000.0,9621466.0
1124,M-1430,item:268967,0.0,2910600.0,0.0
1124,M-1810,item:268091,0.0,6106600.0,0.0
1124,SDC-1450,item:773474,0.0,134400000.0,9621466.0
1125,M-1430,item:268967,0.0,2910600.0,0.0
1125,M-1810,item:268091,0.0,6106600.0,0.0
1125,SDC-1450,item:773474,0.0,134400000.0,9621466.0
1126,M-1430,item:268967,0.0,2910600.0,0.0
1126,M-1810,item:268091,0.0,6106600.0,0.0
1126,SDC-1450,item:773474,0.0,134400000.0,9621466.0
1127,M-1430,item:268967,0.0,2910600.0,0.0
1127,M-1810,item:268091,0.0,6106600.0,0.0
1127,SDC-1450,item:773474,0.0,134400000.0,9621466.0
1128,M-1430,item:268967,0.0,2910600.0,0.0
1128,M-1810,item:268091,0.0,6106600.0,0.0
1128,SDC-1450,item:773474,0.0,134400000.0,9621466.0
1129,M-1430,item:268967,0.0,2910600.0,0.0
1129,M-1810,item:268091,0.0,6106600.0,0.0
1129,SDC-1450,item:773474,0.0,134400000.0,9621466.0
1130,M-1430,item:268967,0.0,2910600.0,0.0
1130,M-1810,item:268091,0.0,6106600.0,0.0
1130,SDC-1450,item:773474,0.0,134400000.0,9621466.0
1131,M-1430,item:268967,0.0,2910600.0,0.0
1131,M-1810,item:268091,0.0,6106600.0,0.0
1131,SDC-1450,item:773474,0.0,134400000.0,9621466.0
1132,M-1430,item:268967,0.0,2910600.0,0.0
1132,M-1810,item:268091,0.0,6106600.0,0.0
1132,SDC-1450,item:773474,0.0,134400000.0,9621466.0
1133,M-1430,item:268967,0.0,2910600.0,0.0
1133,M-1810,item:268091,0.0,6106600.0,0.0
1133,SDC-1450,item:773474,0.0,134400000.0,9621466.0
1134,M-1430,item:268967,0.0,2910600.0,0.0
1134,M-1810,item:268091,0.0,6106600.0,0.0
1134,SDC-1450,item:773474,0.0,134400000.0,9621466.0
1135,M-1430,item:268967,0.0,2910600.0,0.0
1135,M-1810,item:268091,0.0,6106600.0,0.0
1135,SDC-1450,item:773474,0.0,134400000.0,9621466.0
1136,M-1430,item:268967,0.0,2910600.0,0.0
1136,M-1810,item:268091,0.0,6106600.0,0.0
1136,SDC-1450,item:773474,0.0,134400000.0,9621466.0
1137,M-1430,item:268967,0.0,2910600.0,0.0
1137,M-1810,item:268091,0.0,6106600.0,0.0
1137,SDC-1450,item:773474,0.0,134400000.0,9621466.0
1138,M-1430,item:268967,0.0,2910600.0,0.0
1138,M-1810,item:268091,0.0,6106600.0,0.0
1138,SDC-1450,item:773474,0.0,134400000.0,9621466.0
1139,M-1430,item:268967,0.0,2910600.0,0.0
1139,M-1810,item:268091,0.0,6106600.0,0.0
1139,SDC-1450,item:773474,0.0,134400000.0,9621466.0
1140,M-1430,item:268967,0.0,2910600.0,0.0
1140,M-1810,item:268091,0.0,6106600.0,0.0
1140,SDC-1450,item:773474,0.0,134400000.0,9621466.0
1141,M-1430,item:268967,0.0,2910600.0,0.0
1141,M-1810,item:268091,0.0,6106600.0,0.0
1141,SDC-1450,item:773474,0.0,134400000.0,9621466.0
1142,M-1430,item:268967,0.0,2910600.0,0.0
1142,M-1810,item:268091,0.0,6106600.0,0.0
1142,SDC-1450,item:773474,0.0,134400000.0,9621466.0
1143,M-1430,item:268967,0.0,2910600.0,0.0
1143,M-1810,item:268091,0.0,6106600.0,0.0
1143,SDC-1450,item:773474,0.0,134400000.0,9621466.0
1144,M-1430,item:268967,0.0,2910600.0,0.0
1144,M-1810,item:268091,0.0,6106600.0,0.0
1144,SDC-1450,item:773474,0.0,134400000.0,9621466.0
1145,M-1430,item:268967,0.0,2910600.0,0.0
1145,M-1810,item:268091,0.0,6106600.0,0.0
1145,SDC-1450,item:773474,0.0,134400000.0,9621466.0
1146,M-1430,item:268967,0.0,2910600.0,0.0
1146,M-1810,item:268091,0.0,6106600.0,0.0
1146,SDC-1450,item:773474,0.0,134400000.0,9621466.0
1147,M-1430,item:268967,0.0,2910600.0,0.0
1147,M-1810,item:268091,0.0,6106600.0,0.0
1147,SDC-1450,item:773474,0.0,134400000.0,9621466.0
1148,M-1430,item:268967,0.0,2910600.0,0.0
1148,M-1810,item:268091,0.0,6106600.0,0.0
1148,SDC-1450,item:773474,0.0,134400000.0,9621466.0
1149,M-1430,item:268967,0.0,2910600.0,0.0
1149,M-1810,item:268091,0.0,6106600.0,0.0
1149,SDC-1450,item:773474,0.0,134400000.0,9621466.0
1150,M-1430,item:268967,0.0,2910600.0,0.0
1150,M-1810,item:268091,0.0,6106600.0,0.0
1150,SDC-1450,item:773474,0.0,134400000.0,9621466.0
1151,M-1430,item:268967,0.0,2910600.0,0.0
1151,M-1810,item:268091,0.0,6106600.0,0.0
1151,SDC-1450,item:773474,0.0,134400000.0,9621466.0
1152,M-1430,item:268967,0.0,2910600.0,0.0
1152,M-1810,item:268091,0.0,6106600.0,0.0
1152,SDC-1450,item:773474,0.0,134400000.0,9621466.0
1153,M-1430,item:268967,0.0,2910600.0,0.0
1153,M-1810,item:268091,0.0,6106600.0,0.0
1153,SDC-1450,item:773474,0.0,134400000.0,9621466.0
1154,M-1430,item:268967,0.0,2910600.0,0.0
1154,M-1810,item:268091,0.0,6106600.0,0.0
1154,SDC-1450,item:773474,0.0,134400000.0,9621466.0
1155,M-1430,item:268967,0.0,2910600.0,0.0
1155,M-1810,item:268091,0.0,6106600.0,0.0
1155,SDC-1450,item:773474,0.0,134400000.0,9621466.0
1156,M-1430,item:268967,0.0,2910600.0,0.0
1156,M-1810,item:268091,0.0,6106600.0,0.0
1156,SDC-1450,item:773474,0.0,134400000.0,9621466.0
1157,M-1430,item:268967,0.0,2910600.0,0.0
1157,M-1810,item:268091,0.0,6106600.0,0.0
1157,SDC-1450,item:773474,0.0,134400000.0,9621466.0
1158,M-1430,item:268967,0.0,2910600.0,0.0
1158,M-1810,item:268091,0.0,6106600.0,0.0
1158,SDC-1450,item:773474,0.0,134400000.0,9621466.0
1159,M-1430,item:268967,0.0,2910600.0,0.0
1159,M-1810,item:268091,0.0,6106600.0,0.0
1159,SDC-1450,item:773474,0.0,134400000.0,9621466.0
1160,M-1430,item:268967,0.0,2910600.0,0.0
1160,M-1810,item:268091,0.0,6106600.0,0.0
1160,SDC-1450,item:773474,0.0,134400000.0,9621466.0
1161,M-1430,item:268967,0.0,2910600.0,0.0
1161,M-1810,item:268091,0.0,6106600.0,0.0
1161,SDC-1450,item:773474,0.0,134400000.0,9621466.0
1162,M-1430,item:268967,0.0,2910600.0,0.0
1162,M-1810,item:268091,0.0,6106600.0,0.0
1162,SDC-1450,item:773474,0.0,134400000.0,9621466.0
1163,M-1430,item:268967,0.0,2910600.0,0.0
1163,M-1810,item:268091,0.0,6106600.0,0.0
1163,SDC-1450,item:773474,0.0,134400000.0,9621466.0
1164,M-1430,item:268967,0.0,2910600.0,0.0
1164,M-1810,item:268091,0.0,6106600.0,0.0
1164,SDC-1450,item:773474,0.0,134400000.0,9621466.0
1165,M-1430,item:268967,0.0,2910600.0,0.0
1165,M-1810,item:268091,0.0,6106600.0,0.0
1165,SDC-1450,item:773474,0.0,134400000.0,9621466.0
1166,M-1430,item:268967,0.0,2910600.0,0.0
1166,M-1810,item:268091,0.0,6106600.0,0.0
1166,SDC-1450,item:773474,0.0,134400000.0,9621466.0
1167,M-1430,item:268967,0.0,2910600.0,0.0
1167,M-1810,item:268091,0.0,6106600.0,0.0
1167,SDC-1450,item:773474,0.0,134400000.0,9621466.0
1168,M-1430,item:268967,0.0,2910600.0,0.0
1168,M-1810,item:268091,0.0,6106600.0,0.0
1168,SDC-1450,item:773474,0.0,134400000.0,9621466.0
1169,M-1430,item:268967,0.0,2910600.0,0.0
1169,M-1810,item:268091,0.0,6106600.0,0.0
1169,SDC-1450,item:773474,0.0,134400000.0,9621466.0
1170,M-1430,item:268967,0.0,2910600.0,0.0
1170,M-1810,item:268091,0.0,6106600.0,0.0
1170,SDC-1450,item:773474,0.0,134400000.0,9621466.0
1171,M-1430,item:268967,0.0,2910600.0,0.0
1171,M-1810,item:268091,0.0,6106600.0,0.0
1171,SDC-1450,item:773474,0.0,134400000.0,9621466.0
1172,M-1430,item:268967,0.0,2910600.0,0.0
1172,M-1810,item:268091,0.0,6106600.0,0.0
1172,SDC-1450,item:773474,0.0,134400000.0,9621466.0
1173,M-1430,item:268967,0.0,2910600.0,0.0
1173,M-1810,item:268091,0.0,6106600.0,0.0
1173,SDC-1450,item:773474,0.0,134400000.0,9621466.0
1174,M-1430,item:268967,0.0,2910600.0,0.0
1174,M-1810,item:268091,0.0,6106600.0,0.0
1174,SDC-1450,item:773474,0.0,134400000.0,9621466.0
1175,M-1430,item:268967,0.0,2910600.0,0.0
1175,M-1810,item:268091,0.0,6106600.0,0.0
1175,SDC-1450,item:773474,0.0,134400000.0,9621466.0
1176,M-1430,item:268967,0.0,2910600.0,0.0
1176,M-1810,item:268091,0.0,6106600.0,0.0
1176,SDC-1450,item:773474,0.0,134400000.0,9621466.0
1177,M-1430,item:268967,0.0,2910600.0,0.0
1177,M-1810,item:268091,0.0,6106600.0,0.0
1177,SDC-1450,item:773474,0.0,134400000.0,9621466.0
1178,M-1430,item:268967,0.0,2910600.0,0.0
1178,M-1810,item:268091,0.0,6106600.0,0.0
1178,SDC-1450,item:773474,0.0,134400000.0,9621466.0
1179,M-1430,item:268967,0.0,2910600.0,0.0
1179,M-1810,item:268091,0.0,6106600.0,0.0
1179,SDC-1450,item:773474,0.0,134400000.0,9621466.0
1180,M-1430,item:268967,0.0,2910600.0,0.0
1180,M-1810,item:268091,0.0,6106600.0,0.0
1180,SDC-1450,item:773474,0.0,134400000.0,9621466.0
1181,M-1430,item:268967,0.0,2910600.0,0.0
1181,M-1810,item:268091,0.0,6106600.0,0.0
1181,SDC-1450,item:773474,0.0,134400000.0,9621466.0
1182,M-1430,item:268967,0.0,2910600.0,0.0
1182,M-1810,item:268091,0.0,6106600.0,0.0
1182,SDC-1450,item:773474,0.0,134400000.0,9621466.0
1183,M-1430,item:268967,0.0,2910600.0,0.0
1183,M-1810,item:268091,0.0,6106600.0,0.0
1183,SDC-1450,item:773474,0.0,134400000.0,9621466.0
1184,M-1430,item:268967,0.0,2910600.0,0.0
1184,M-1810,item:268091,0.0,6106600.0,0.0
1184,SDC-1450,item:773474,0.0,134400000.0,9621466.0
1185,M-1430,item:268967,0.0,2910600.0,0.0
1185,M-1810,item:268091,0.0,6106600.0,0.0
1185,SDC-1450,item:773474,0.0,134400000.0,9621466.0
1186,M-1430,item:268967,0.0,2910600.0,0.0
1186,M-1810,item:268091,0.0,6106600.0,0.0
1186,SDC-1450,item:773474,0.0,134400000.0,9621466.0
1187,M-1430,item:268967,0.0,2910600.0,0.0
1187,M-1810,item:268091,0.0,6106600.0,0.0
1187,SDC-1450,item:773474,0.0,134400000.0,9621466.0
1188,M-1430,item:268967,0.0,2910600.0,0.0
1188,M-1810,item:268091,0.0,6106600.0,0.0
1188,SDC-1450,item:773474,0.0,134400000.0,9621466.0
1189,M-1430,item:268967,0.0,2910600.0,0.0
1189,M-1810,item:268091,0.0,6106600.0,0.0
1189,SDC-1450,item:773474,0.0,134400000.0,9621466.0
1190,M-1430,item:268967,0.0,2910600.0,0.0
1190,M-1810,item:268091,0.0,6106600.0,0.0
1190,SDC-1450,item:773474,0.0,134400000.0,9621466.0
1191,M-1430,item:268967,0.0,2910600.0,0.0
1191,M-1810,item:268091,0.0,6106600.0,0.0
1191,SDC-1450,item:773474,0.0,134400000.0,9621466.0
1192,M-1430,item:268967,0.0,2910600.0,0.0
1192,M-1810,item:268091,0.0,6106600.0,0.0
1192,SDC-1450,item:773474,0.0,134400000.0,9621466.0
1193,M-1430,item:268967,0.0,2910600.0,0.0
1193,M-1810,item:268091,0.0,6106600.0,0.0
1193,SDC-1450,item:773474,0.0,134400000.0,9621466.0
1194,M-1430,item:268967,0.0,2910600.0,0.0
1194,M-1810,item:268091,0.0,6106600.0,0.0
1194,SDC-1450,item:773474,0.0,134400000.0,9621466.0
1195,M-1430,item:268967,0.0,2910600.0,0.0
1195,M-1810,item:268091,0.0,6106600.0,0.0
1195,SDC-1450,item:773474,0.0,134400000.0,9621466.0
1196,M-1430,item:268967,0.0,2910600.0,0.0
1196,M-1810,item:268091,0.0,6106600.0,0.0
1196,SDC-1450,item:773474,0.0,134400000.0,9621466.0
1197,M-1430,item:268967,0.0,2910600.0,0.0
1197,M-1810,item:268091,0.0,6106600.0,0.0
1197,SDC-1450,item:773474,0.0,134400000.0,9621466.0
1198,M-1430,item:268967,0.0,2910600.0,0.0
1198,M-1810,item:268091,0.0,6106600.0,0.0
1198,SDC-1450,item:773474,0.0,134400000.0,9621466.0
1199,M-1430,item:268967,0.0,2910600.0,0.0
1199,M-1810,item:268091,0.0,6106600.0,0.0
1199,SDC-1450,item:773474,0.0,134400000.0,9621466.0
1200,M-1430,item:268967,0.0,2910600.0,0.0
1200,M-1810,item:268091,0.0,6106600.0,0.0
1200,SDC-1450,item:773474,0.0,134400000.0,9621466.0
1201,M-1430,item:268967,0.0,2910600.0,0.0
1201,M-1810,item:268091,0.0,6106600.0,0.0
1201,SDC-1450,item:773474,0.0,134400000.0,9621466.0
1202,M-1430,item:268967,0.0,2910600.0,0.0
1202,M-1810,item:268091,0.0,6106600.0,0.0
1202,SDC-1450,item:773474,0.0,134400000.0,9621466.0
1203,M-1430,item:268967,0.0,2910600.0,0.0
1203,M-1810,item:268091,0.0,6106600.0,0.0
1203,SDC-1450,item:773474,0.0,134400000.0,9621466.0
1204,M-1430,item:268967,0.0,2910600.0,0.0
1204,M-1810,item:268091,0.0,6106600.0,0.0
1204,SDC-1450,item:773474,0.0,134400000.0,9621466.0
1205,M-1430,item:268967,0.0,2910600.0,0.0
1205,M-1810,item:268091,0.0,6106600.0,0.0
1205,SDC-1450,item:773474,0.0,134400000.0,9621466.0
1206,M-1430,item:268967,0.0,2910600.0,0.0
1206,M-1810,item:268091,0.0,6106600.0,0.0
1206,SDC-1450,item:773474,0.0,134400000.0,9621466.0
1207,M-1430,item:268967,0.0,2910600.0,0.0
1207,M-1810,item:268091,0.0,6106600.0,0.0
1207,SDC-1450,item:773474,0.0,134400000.0,9621466.0
1208,M-1430,item:268967,0.0,2910600.0,0.0
1208,M-1810,item:268091,0.0,6106600.0,0.0
1208,SDC-1450,item:773474,0.0,134400000.0,9621466.0
1209,M-1430,item:268967,0.0,2910600.0,0.0
1209,M-1810,item:268091,0.0,6106600.0,0.0
1209,SDC-1450,item:773474,0.0,134400000.0,9621466.0
1210,M-1430,item:268967,0.0,2910600.0,0.0
1210,M-1810,item:268091,0.0,6106600.0,0.0
1210,SDC-1450,item:773474,0.0,134400000.0,9621466.0
1211,M-1430,item:268967,0.0,2910600.0,0.0
1211,M-1810,item:268091,0.0,6106600.0,0.0
1211,SDC-1450,item:773474,0.0,134400000.0,9621466.0
1212,M-1430,item:268967,0.0,2910600.0,0.0
1212,M-1810,item:268091,0.0,6106600.0,0.0
1212,SDC-1450,item:773474,0.0,134400000.0,9621466.0
1213,M-1430,item:268967,0.0,2910600.0,0.0
1213,M-1810,item:268091,0.0,6106600.0,0.0
1213,SDC-1450,item:773474,0.0,134400000.0,9621466.0
1214,M-1430,item:268967,0.0,2910600.0,0.0
1214,M-1810,item:268091,0.0,6106600.0,0.0
1214,SDC-1450,item:773474,0.0,134400000.0,9621466.0
1215,M-1430,item:268967,0.0,2910600.0,0.0
1215,M-1810,item:268091,0.0,6106600.0,0.0
1215,SDC-1450,item:773474,0.0,134400000.0,9621466.0
1216,M-1430,item:268967,0.0,2910600.0,0.0
1216,M-1810,item:268091,0.0,6106600.0,0.0
1216,SDC-1450,item:773474,0.0,134400000.0,9621466.0
1217,M-1430,item:268967,0.0,2910600.0,0.0
1217,M-1810,item:268091,0.0,6106600.0,0.0
1217,SDC-1450,item:773474,0.0,134400000.0,9621466.0
1218,M-1430,item:268967,0.0,2910600.0,0.0
1218,M-1810,item:268091,0.0,6106600.0,0.0
1218,SDC-1450,item:773474,0.0,134400000.0,9621466.0
1219,M-1430,item:268967,0.0,2910600.0,0.0
1219,M-1810,item:268091,0.0,6106600.0,0.0
1219,SDC-1450,item:773474,0.0,134400000.0,9621466.0
1220,M-1430,item:268967,0.0,2910600.0,0.0
1220,M-1810,item:268091,0.0,6106600.0,0.0
1220,SDC-1450,item:773474,0.0,134400000.0,9621466.0
1221,M-1430,item:268967,0.0,2910600.0,0.0
1221,M-1810,item:268091,0.0,6106600.0,0.0
1221,SDC-1450,item:773474,0.0,134400000.0,9621466.0
1222,M-1430,item:268967,0.0,2910600.0,0.0
1222,M-1810,item:268091,0.0,6106600.0,0.0
1222,SDC-1450,item:773474,0.0,134400000.0,9621466.0
1223,M-1430,item:268967,0.0,2910600.0,0.0
1223,M-1810,item:268091,0.0,6106600.0,0.0
1223,SDC-1450,item:773474,0.0,134400000.0,9621466.0
1224,M-1430,item:268967,0.0,2910600.0,0.0
1224,M-1810,item:268091,0.0,6106600.0,0.0
1224,SDC-1450,item:773474,0.0,134400000.0,9621466.0
1225,M-1430,item:268967,0.0,2910600.0,0.0
1225,M-1810,item:268091,0.0,6106600.0,0.0
1225,SDC-1450,item:773474,0.0,134400000.0,9621466.0
1226,M-1430,item:268967,0.0,2910600.0,0.0
1226,M-1810,item:268091,0.0,6106600.0,0.0
1226,SDC-1450,item:773474,0.0,134400000.0,9621466.0
1227,M-1430,item:268967,0.0,2910600.0,0.0
1227,M-1810,item:268091,0.0,6106600.0,0.0
1227,SDC-1450,item:773474,0.0,134400000.0,9621466.0
1228,M-1430,item:268967,0.0,2910600.0,0.0
1228,M-1810,item:268091,0.0,6106600.0,0.0
1228,SDC-1450,item:773474,0.0,134400000.0,9621466.0
1229,M-1430,item:268967,0.0,2910600.0,0.0
1229,M-1810,item:268091,0.0,6106600.0,0.0
1229,SDC-1450,item:773474,0.0,134400000.0,9621466.0
1230,M-1430,item:268967,0.0,2910600.0,0.0
1230,M-1810,item:268091,0.0,6106600.0,0.0
1230,SDC-1450,item:773474,0.0,134400000.0,9621466.0
1231,M-1430,item:268967,0.0,2910600.0,0.0
1231,M-1810,item:268091,0.0,6106600.0,0.0
1231,SDC-1450,item:773474,0.0,134400000.0,9621466.0
1232,M-1430,item:268967,0.0,2910600.0,0.0
1232,M-1810,item:268091,0.0,6106600.0,0.0
1232,SDC-1450,item:773474,0.0,134400000.0,9621466.0
1233,M-1430,item:268967,0.0,2910600.0,0.0
1233,M-1810,item:268091,0.0,6106600.0,0.0
1233,SDC-1450,item:773474,0.0,134400000.0,9621466.0
1234,M-1430,item:268967,0.0,2910600.0,0.0
1234,M-1810,item:268091,0.0,6106600.0,0.0
1234,SDC-1450,item:773474,0.0,134400000.0,9621466.0
1235,M-1430,item:268967,0.0,2910600.0,0.0
1235,M-1810,item:268091,0.0,6106600.0,0.0
1235,SDC-1450,item:773474,0.0,134400000.0,9621466.0
1236,M-1430,item:268967,0.0,2910600.0,0.0
1236,M-1810,item:268091,0.0,6106600.0,0.0
1236,SDC-1450,item:773474,0.0,134400000.0,9621466.0
1237,M-1430,item:268967,0.0,2910600.0,0.0
1237,M-1810,item:268091,0.0,6106600.0,0.0
1237,SDC-1450,item:773474,0.0,134400000.0,9621466.0
1238,M-1430,item:268967,0.0,2910600.0,0.0
1238,M-1810,item:268091,0.0,6106600.0,0.0
1238,SDC-1450,item:773474,0.0,134400000.0,9621466.0
1239,M-1430,item:268967,0.0,2910600.0,0.0
1239,M-1810,item:268091,0.0,6106600.0,0.0
1239,SDC-1450,item:773474,0.0,134400000.0,9621466.0
1240,M-1430,item:268967,0.0,2910600.0,0.0
1240,M-1810,item:268091,0.0,6106600.0,0.0
1240,SDC-1450,item:773474,0.0,134400000.0,9621466.0
1241,M-1430,item:268967,0.0,2910600.0,0.0
1241,M-1810,item:268091,0.0,6106600.0,0.0
1241,SDC-1450,item:773474,0.0,134400000.0,9621466.0
1242,M-1430,item:268967,0.0,2910600.0,0.0
1242,M-1810,item:268091,0.0,6106600.0,0.0
1242,SDC-1450,item:773474,0.0,134400000.0,9621466.0
1243,M-1430,item:268967,0.0,2910600.0,0.0
1243,M-1810,item:268091,0.0,6106600.0,0.0
1243,SDC-1450,item:773474,0.0,134400000.0,9621466.0
1244,M-1430,item:268967,0.0,2910600.0,0.0
1244,M-1810,item:268091,0.0,6106600.0,0.0
1244,SDC-1450,item:773474,0.0,134400000.0,9621466.0
1245,M-1430,item:268967,0.0,2910600.0,0.0
1245,M-1810,item:268091,0.0,6106600.0,0.0
1245,SDC-1450,item:773474,0.0,134400000.0,9621466.0
1246,M-1430,item:268967,0.0,2910600.0,0.0
1246,M-1810,item:268091,0.0,6106600.0,0.0
1246,SDC-1450,item:773474,0.0,134400000.0,9621466.0
1247,M-1430,item:268967,0.0,2910600.0,0.0
1247,M-1810,item:268091,0.0,6106600.0,0.0
1247,SDC-1450,item:773474,0.0,134400000.0,9621466.0
1248,M-1430,item:268967,0.0,2910600.0,0.0
1248,M-1810,item:268091,0.0,6106600.0,0.0
1248,SDC-1450,item:773474,0.0,134400000.0,9621466.0
1249,M-1430,item:268967,0.0,2910600.0,0.0
1249,M-1810,item:268091,0.0,6106600.0,0.0
1249,SDC-1450,item:773474,0.0,134400000.0,9621466.0
1250,M-1430,item:268967,0.0,2910600.0,0.0
1250,M-1810,item:268091,0.0,6106600.0,0.0
1250,SDC-1450,item:773474,0.0,134400000.0,9621466.0
1251,M-1430,item:268967,0.0,2910600.0,0.0
1251,M-1810,item:268091,0.0,6106600.0,0.0
1251,SDC-1450,item:773474,0.0,134400000.0,9621466.0
1252,M-1430,item:268967,0.0,2910600.0,0.0
1252,M-1810,item:268091,0.0,6106600.0,0.0
1252,SDC-1450,item:773474,0.0,134400000.0,9621466.0
1253,M-1430,item:268967,0.0,2910600.0,0.0
1253,M-1810,item:268091,0.0,6106600.0,0.0
1253,SDC-1450,item:773474,0.0,134400000.0,9621466.0
1254,M-1430,item:268967,0.0,2910600.0,0.0
1254,M-1810,item:268091,0.0,6106600.0,0.0
1254,SDC-1450,item:773474,0.0,134400000.0,9621466.0
1255,M-1430,item:268967,0.0,2910600.0,0.0
1255,M-1810,item:268091,0.0,6106600.0,0.0
1255,SDC-1450,item:773474,0.0,134400000.0,9621466.0
1256,M-1430,item:268967,0.0,2910600.0,0.0
1256,M-1810,item:268091,0.0,6106600.0,0.0
1256,SDC-1450,item:773474,0.0,134400000.0,9621466.0
1257,M-1430,item:268967,0.0,2910600.0,0.0
1257,M-1810,item:268091,0.0,6106600.0,0.0
1257,SDC-1450,item:773474,0.0,134400000.0,9621466.0
1258,M-1430,item:268967,0.0,2910600.0,0.0
1258,M-1810,item:268091,0.0,6106600.0,0.0
1258,SDC-1450,item:773474,0.0,134400000.0,9621466.0
1259,M-1430,item:268967,0.0,2910600.0,0.0
1259,M-1810,item:268091,0.0,6106600.0,0.0
1259,SDC-1450,item:773474,0.0,134400000.0,9621466.0
1260,M-1430,item:268967,0.0,2910600.0,0.0
1260,M-1810,item:268091,0.0,6106600.0,0.0
1260,SDC-1450,item:773474,0.0,134400000.0,9621466.0
1261,M-1430,item:268967,0.0,2910600.0,0.0
1261,M-1810,item:268091,0.0,6106600.0,0.0
1261,SDC-1450,item:773474,0.0,134400000.0,9621466.0
1262,M-1430,item:268967,0.0,2910600.0,0.0
1262,M-1810,item:268091,0.0,6106600.0,0.0
1262,SDC-1450,item:773474,0.0,134400000.0,9621466.0
1263,M-1430,item:268967,0.0,2910600.0,0.0
1263,M-1810,item:268091,0.0,6106600.0,0.0
1263,SDC-1450,item:773474,0.0,134400000.0,9621466.0
1264,M-1430,item:268967,0.0,2910600.0,0.0
1264,M-1810,item:268091,0.0,6106600.0,0.0
1264,SDC-1450,item:773474,0.0,134400000.0,9621466.0
1265,M-1430,item:268967,0.0,2910600.0,0.0
1265,M-1810,item:268091,0.0,6106600.0,0.0
1265,SDC-1450,item:773474,0.0,134400000.0,9621466.0
1266,M-1430,item:268967,0.0,2910600.0,0.0
1266,M-1810,item:268091,0.0,6106600.0,0.0
1266,SDC-1450,item:773474,0.0,134400000.0,9621466.0
1267,M-1430,item:268967,0.0,2910600.0,0.0
1267,M-1810,item:268091,0.0,6106600.0,0.0
1267,SDC-1450,item:773474,0.0,134400000.0,9621466.0
1268,M-1430,item:268967,0.0,2910600.0,0.0
1268,M-1810,item:268091,0.0,6106600.0,0.0
1268,SDC-1450,item:773474,0.0,134400000.0,9621466.0
1269,M-1430,item:268967,0.0,2910600.0,0.0
1269,M-1810,item:268091,0.0,6106600.0,0.0
1269,SDC-1450,item:773474,0.0,134400000.0,9621466.0
1270,M-1430,item:268967,0.0,2910600.0,0.0
1270,M-1810,item:268091,0.0,6106600.0,0.0
1270,SDC-1450,item:773474,0.0,134400000.0,9621466.0
1271,M-1430,item:268967,0.0,2910600.0,0.0
1271,M-1810,item:268091,0.0,6106600.0,0.0
1271,SDC-1450,item:773474,0.0,134400000.0,9621466.0
1272,M-1430,item:268967,0.0,2910600.0,0.0
1272,M-1810,item:268091,0.0,6106600.0,0.0
1272,SDC-1450,item:773474,0.0,134400000.0,9621466.0
1273,M-1430,item:268967,0.0,2910600.0,0.0
1273,M-1810,item:268091,0.0,6106600.0,0.0
1273,SDC-1450,item:773474,0.0,134400000.0,9621466.0
1274,M-1430,item:268967,0.0,2910600.0,0.0
1274,M-1810,item:268091,0.0,6106600.0,0.0
1274,SDC-1450,item:773474,0.0,134400000.0,9621466.0
1275,M-1430,item:268967,0.0,2910600.0,0.0
1275,M-1810,item:268091,0.0,6106600.0,0.0
1275,SDC-1450,item:773474,0.0,134400000.0,9621466.0
1276,M-1430,item:268967,0.0,2910600.0,0.0
1276,M-1810,item:268091,0.0,6106600.0,0.0
1276,SDC-1450,item:773474,0.0,134400000.0,9621466.0
1277,M-1430,item:268967,0.0,2910600.0,0.0
1277,M-1810,item:268091,0.0,6106600.0,0.0
1277,SDC-1450,item:773474,0.0,134400000.0,9621466.0
1278,M-1430,item:268967,0.0,2910600.0,0.0
1278,M-1810,item:268091,0.0,6106600.0,0.0
1278,SDC-1450,item:773474,0.0,134400000.0,9621466.0
1279,M-1430,item:268967,0.0,2910600.0,0.0
1279,M-1810,item:268091,0.0,6106600.0,0.0
1279,SDC-1450,item:773474,0.0,134400000.0,9621466.0
1280,M-1430,item:268967,0.0,2910600.0,0.0
1280,M-1810,item:268091,0.0,6106600.0,0.0
1280,SDC-1450,item:773474,0.0,134400000.0,9621466.0
1281,M-1430,item:268967,0.0,2910600.0,0.0
1281,M-1810,item:268091,0.0,6106600.0,0.0
1281,SDC-1450,item:773474,0.0,134400000.0,9621466.0
1282,M-1430,item:268967,0.0,2910600.0,0.0
1282,M-1810,item:268091,0.0,6106600.0,0.0
1282,SDC-1450,item:773474,0.0,134400000.0,9621466.0
1283,M-1430,item:268967,0.0,2910600.0,0.0
1283,M-1810,item:268091,0.0,6106600.0,0.0
1283,SDC-1450,item:773474,0.0,134400000.0,9621466.0
1284,M-1430,item:268967,0.0,2910600.0,0.0
1284,M-1810,item:268091,0.0,6106600.0,0.0
1284,SDC-1450,item:773474,0.0,134400000.0,9621466.0
1285,M-1430,item:268967,0.0,2910600.0,0.0
1285,M-1810,item:268091,0.0,6106600.0,0.0
1285,SDC-1450,item:773474,0.0,134400000.0,9621466.0
1286,M-1430,item:268967,0.0,2910600.0,0.0
1286,M-1810,item:268091,0.0,6106600.0,0.0
1286,SDC-1450,item:773474,0.0,134400000.0,9621466.0
1287,M-1430,item:268967,0.0,2910600.0,0.0
1287,M-1810,item:268091,0.0,6106600.0,0.0
1287,SDC-1450,item:773474,0.0,134400000.0,9621466.0
1288,M-1430,item:268967,0.0,2910600.0,0.0
1288,M-1810,item:268091,0.0,6106600.0,0.0
1288,SDC-1450,item:773474,0.0,134400000.0,9621466.0
1289,M-1430,item:268967,0.0,2910600.0,0.0
1289,M-1810,item:268091,0.0,6106600.0,0.0
1289,SDC-1450,item:773474,0.0,134400000.0,9621466.0
1290,M-1430,item:268967,0.0,2910600.0,0.0
1290,M-1810,item:268091,0.0,6106600.0,0.0
1290,SDC-1450,item:773474,0.0,134400000.0,9621466.0
1291,M-1430,item:268967,0.0,2910600.0,0.0
1291,M-1810,item:268091,0.0,6106600.0,0.0
1291,SDC-1450,item:773474,0.0,134400000.0,9621466.0
1292,M-1430,item:268967,0.0,2910600.0,0.0
1292,M-1810,item:268091,0.0,6106600.0,0.0
1292,SDC-1450,item:773474,0.0,134400000.0,9621466.0
1293,M-1430,item:268967,0.0,2910600.0,0.0
1293,M-1810,item:268091,0.0,6106600.0,0.0
1293,SDC-1450,item:773474,0.0,134400000.0,9621466.0
1294,M-1430,item:268967,0.0,2910600.0,0.0
1294,M-1810,item:268091,0.0,6106600.0,0.0
1294,SDC-1450,item:773474,0.0,134400000.0,9621466.0
1295,M-1430,item:268967,0.0,2910600.0,0.0
1295,M-1810,item:268091,0.0,6106600.0,0.0
1295,SDC-1450,item:773474,0.0,134400000.0,9621466.0
1296,M-1430,item:268967,0.0,2910600.0,0.0
1296,M-1810,item:268091,0.0,6106600.0,0.0
1296,SDC-1450,item:773474,0.0,134400000.0,9621466.0
1297,M-1430,item:268967,0.0,2910600.0,0.0
1297,M-1810,item:268091,0.0,6106600.0,0.0
1297,SDC-1450,item:773474,0.0,134400000.0,9621466.0
1298,M-1430,item:268967,0.0,2910600.0,0.0
1298,M-1810,item:268091,0.0,6106600.0,0.0
1298,SDC-1450,item:773474,0.0,134400000.0,9621466.0
1299,M-1430,item:268967,0.0,2910600.0,0.0
1299,M-1810,item:268091,0.0,6106600.0,0.0
1299,SDC-1450,item:773474,0.0,134400000.0,9621466.0
1300,M-1430,item:268967,0.0,2910600.0,0.0
1300,M-1810,item:268091,0.0,6106600.0,0.0
1300,SDC-1450,item:773474,0.0,134400000.0,9621466.0
1301,M-1430,item:268967,0.0,2910600.0,0.0
1301,M-1810,item:268091,0.0,6106600.0,0.0
1301,SDC-1450,item:773474,0.0,134400000.0,9621466.0
1302,M-1430,item:268967,0.0,2910600.0,0.0
1302,M-1810,item:268091,0.0,6106600.0,0.0
1302,SDC-1450,item:773474,0.0,134400000.0,9621466.0
1303,M-1430,item:268967,0.0,2910600.0,0.0
1303,M-1810,item:268091,0.0,6106600.0,0.0
1303,SDC-1450,item:773474,0.0,134400000.0,9621466.0
1304,M-1430,item:268967,0.0,2910600.0,0.0
1304,M-1810,item:268091,0.0,6106600.0,0.0
1304,SDC-1450,item:773474,0.0,134400000.0,9621466.0
1305,M-1430,item:268967,0.0,2910600.0,0.0
1305,M-1810,item:268091,0.0,6106600.0,0.0
1305,SDC-1450,item:773474,0.0,134400000.0,9621466.0
1306,M-1430,item:268967,0.0,2910600.0,0.0
1306,M-1810,item:268091,0.0,6106600.0,0.0
1306,SDC-1450,item:773474,0.0,134400000.0,9621466.0
1307,M-1430,item:268967,0.0,2910600.0,0.0
1307,M-1810,item:268091,0.0,6106600.0,0.0
1307,SDC-1450,item:773474,0.0,134400000.0,9621466.0
1308,M-1430,item:268967,0.0,2910600.0,0.0
1308,M-1810,item:268091,0.0,6106600.0,0.0
1308,SDC-1450,item:773474,0.0,134400000.0,9621466.0
1309,M-1430,item:268967,0.0,2910600.0,0.0
1309,M-1810,item:268091,0.0,6106600.0,0.0
1309,SDC-1450,item:773474,0.0,134400000.0,9621466.0
1310,M-1430,item:268967,0.0,2910600.0,0.0
1310,M-1810,item:268091,0.0,6106600.0,0.0
1310,SDC-1450,item:773474,0.0,134400000.0,9621466.0
1311,M-1430,item:268967,0.0,2910600.0,0.0
1311,M-1810,item:268091,0.0,6106600.0,0.0
1311,SDC-1450,item:773474,0.0,134400000.0,9621466.0
1312,M-1430,item:268967,0.0,2910600.0,0.0
1312,M-1810,item:268091,0.0,6106600.0,0.0
1312,SDC-1450,item:773474,0.0,134400000.0,9621466.0
1313,M-1430,item:268967,0.0,2910600.0,0.0
1313,M-1810,item:268091,0.0,6106600.0,0.0
1313,SDC-1450,item:773474,0.0,134400000.0,9621466.0
1314,M-1430,item:268967,0.0,2910600.0,0.0
1314,M-1810,item:268091,0.0,6106600.0,0.0
1314,SDC-1450,item:773474,0.0,134400000.0,9621466.0
1315,M-1430,item:268967,0.0,2910600.0,0.0
1315,M-1810,item:268091,0.0,6106600.0,0.0
1315,SDC-1450,item:773474,0.0,134400000.0,9621466.0
1316,M-1430,item:268967,0.0,2910600.0,0.0
1316,M-1810,item:268091,0.0,6106600.0,0.0
1316,SDC-1450,item:773474,0.0,134400000.0,9621466.0
1317,M-1430,item:268967,0.0,2910600.0,0.0
1317,M-1810,item:268091,0.0,6106600.0,0.0
1317,SDC-1450,item:773474,0.0,134400000.0,9621466.0
1318,M-1430,item:268967,0.0,2910600.0,0.0
1318,M-1810,item:268091,0.0,6106600.0,0.0
1318,SDC-1450,item:773474,0.0,134400000.0,9621466.0
1319,M-1430,item:268967,0.0,2910600.0,0.0
1319,M-1810,item:268091,0.0,6106600.0,0.0
1319,SDC-1450,item:773474,0.0,134400000.0,9621466.0
1320,M-1430,item:268967,0.0,2910600.0,0.0
1320,M-1810,item:268091,0.0,6106600.0,0.0
1320,SDC-1450,item:773474,0.0,134400000.0,9621466.0
1321,M-1430,item:268967,0.0,2910600.0,0.0
1321,M-1810,item:268091,0.0,6106600.0,0.0
1321,SDC-1450,item:773474,0.0,134400000.0,9621466.0
1322,M-1430,item:268967,0.0,2910600.0,0.0
1322,M-1810,item:268091,0.0,6106600.0,0.0
1322,SDC-1450,item:773474,0.0,134400000.0,9621466.0
1323,M-1430,item:268967,0.0,2910600.0,0.0
1323,M-1810,item:268091,0.0,6106600.0,0.0
1323,SDC-1450,item:773474,0.0,134400000.0,9621466.0
1324,M-1430,item:268967,0.0,2910600.0,0.0
1324,M-1810,item:268091,0.0,6106600.0,0.0
1324,SDC-1450,item:773474,0.0,134400000.0,9621466.0
1325,M-1430,item:268967,0.0,2910600.0,0.0
1325,M-1810,item:268091,0.0,6106600.0,0.0
1325,SDC-1450,item:773474,0.0,134400000.0,9621466.0
1326,M-1430,item:268967,0.0,2910600.0,0.0
1326,M-1810,item:268091,0.0,6106600.0,0.0
1326,SDC-1450,item:773474,0.0,134400000.0,9621466.0
1327,M-1430,item:268967,0.0,2910600.0,0.0
1327,M-1810,item:268091,0.0,6106600.0,0.0
1327,SDC-1450,item:773474,0.0,134400000.0,9621466.0
1328,M-1430,item:268967,0.0,2910600.0,0.0
1328,M-1810,item:268091,0.0,6106600.0,0.0
1328,SDC-1450,item:773474,0.0,134400000.0,9621466.0
1329,M-1430,item:268967,0.0,2910600.0,0.0
1329,M-1810,item:268091,0.0,6106600.0,0.0
1329,SDC-1450,item:773474,0.0,134400000.0,9621466.0
1330,M-1430,item:268967,0.0,2910600.0,0.0
1330,M-1810,item:268091,0.0,6106600.0,0.0
1330,SDC-1450,item:773474,0.0,134400000.0,9621466.0
1331,M-1430,item:268967,0.0,2910600.0,0.0
1331,M-1810,item:268091,0.0,6106600.0,0.0
1331,SDC-1450,item:773474,0.0,134400000.0,9621466.0
1332,M-1430,item:268967,0.0,2910600.0,0.0
1332,M-1810,item:268091,0.0,6106600.0,0.0
1332,SDC-1450,item:773474,0.0,134400000.0,9621466.0
1333,M-1430,item:268967,0.0,2910600.0,0.0
1333,M-1810,item:268091,0.0,6106600.0,0.0
1333,SDC-1450,item:773474,0.0,134400000.0,9621466.0
1334,M-1430,item:268967,0.0,2910600.0,0.0
1334,M-1810,item:268091,0.0,6106600.0,0.0
1334,SDC-1450,item:773474,0.0,134400000.0,9621466.0
1335,M-1430,item:268967,0.0,2910600.0,0.0
1335,M-1810,item:268091,0.0,6106600.0,0.0
1335,SDC-1450,item:773474,0.0,134400000.0,9621466.0
1336,M-1430,item:268967,0.0,2910600.0,0.0
1336,M-1810,item:268091,0.0,6106600.0,0.0
1336,SDC-1450,item:773474,0.0,134400000.0,9621466.0
1337,M-1430,item:268967,0.0,2910600.0,0.0
1337,M-1810,item:268091,0.0,6106600.0,0.0
1337,SDC-1450,item:773474,0.0,134400000.0,9621466.0
1338,M-1430,item:268967,0.0,2910600.0,0.0
1338,M-1810,item:268091,0.0,6106600.0,0.0
1338,SDC-1450,item:773474,0.0,134400000.0,9621466.0
1339,M-1430,item:268967,0.0,2910600.0,0.0
1339,M-1810,item:268091,0.0,6106600.0,0.0
1339,SDC-1450,item:773474,0.0,134400000.0,9621466.0
1340,M-1430,item:268967,0.0,2910600.0,0.0
1340,M-1810,item:268091,0.0,6106600.0,0.0
1340,SDC-1450,item:773474,0.0,134400000.0,9621466.0
1341,M-1430,item:268967,0.0,2910600.0,0.0
1341,M-1810,item:268091,0.0,6106600.0,0.0
1341,SDC-1450,item:773474,0.0,134400000.0,9621466.0
1342,M-1430,item:268967,0.0,2910600.0,0.0
1342,M-1810,item:268091,0.0,6106600.0,0.0
1342,SDC-1450,item:773474,0.0,134400000.0,9621466.0
1343,M-1430,item:268967,0.0,2910600.0,0.0
1343,M-1810,item:268091,0.0,6106600.0,0.0
1343,SDC-1450,item:773474,0.0,134400000.0,9621466.0
1344,M-1430,item:268967,0.0,2910600.0,0.0
1344,M-1810,item:268091,0.0,6106600.0,0.0
1344,SDC-1450,item:773474,0.0,134400000.0,9621466.0
1345,M-1430,item:268967,0.0,2910600.0,0.0
1345,M-1810,item:268091,0.0,6106600.0,0.0
1345,SDC-1450,item:773474,0.0,134400000.0,9621466.0
1346,M-1430,item:268967,0.0,2910600.0,0.0
1346,M-1810,item:268091,0.0,6106600.0,0.0
1346,SDC-1450,item:773474,0.0,134400000.0,9621466.0
1347,M-1430,item:268967,0.0,2910600.0,0.0
1347,M-1810,item:268091,0.0,6106600.0,0.0
1347,SDC-1450,item:773474,0.0,134400000.0,9621466.0
1348,M-1430,item:268967,0.0,2910600.0,0.0
1348,M-1810,item:268091,0.0,6106600.0,0.0
1348,SDC-1450,item:773474,0.0,134400000.0,9621466.0
1349,M-1430,item:268967,0.0,2910600.0,0.0
1349,M-1810,item:268091,0.0,6106600.0,0.0
1349,SDC-1450,item:773474,0.0,134400000.0,9621466.0
1350,M-1430,item:268967,0.0,2910600.0,0.0
1350,M-1810,item:268091,0.0,6106600.0,0.0
1350,SDC-1450,item:773474,0.0,134400000.0,9621466.0
1351,M-1430,item:268967,0.0,2910600.0,0.0
1351,M-1810,item:268091,0.0,6106600.0,0.0
1351,SDC-1450,item:773474,0.0,134400000.0,9621466.0
1352,M-1430,item:268967,0.0,2910600.0,0.0
1352,M-1810,item:268091,0.0,6106600.0,0.0
1352,SDC-1450,item:773474,0.0,134400000.0,9621466.0
1353,M-1430,item:268967,0.0,2910600.0,0.0
1353,M-1810,item:268091,0.0,6106600.0,0.0
1353,SDC-1450,item:773474,0.0,134400000.0,9621466.0
1354,M-1430,item:268967,0.0,2910600.0,0.0
1354,M-1810,item:268091,0.0,6106600.0,0.0
1354,SDC-1450,item:773474,0.0,134400000.0,9621466.0
1355,M-1430,item:268967,0.0,2910600.0,0.0
1355,M-1810,item:268091,0.0,6106600.0,0.0
1355,SDC-1450,item:773474,0.0,134400000.0,9621466.0
1356,M-1430,item:268967,0.0,2910600.0,0.0
1356,M-1810,item:268091,0.0,6106600.0,0.0
1356,SDC-1450,item:773474,0.0,134400000.0,9621466.0
1357,M-1430,item:268967,0.0,2910600.0,0.0
1357,M-1810,item:268091,0.0,6106600.0,0.0
1357,SDC-1450,item:773474,0.0,134400000.0,9621466.0
1358,M-1430,item:268967,0.0,2910600.0,0.0
1358,M-1810,item:268091,0.0,6106600.0,0.0
1358,SDC-1450,item:773474,0.0,134400000.0,9621466.0
1359,M-1430,item:268967,0.0,2910600.0,0.0
1359,M-1810,item:268091,0.0,6106600.0,0.0
1359,SDC-1450,item:773474,0.0,134400000.0,9621466.0
1360,M-1430,item:268967,0.0,2910600.0,0.0
1360,M-1810,item:268091,0.0,6106600.0,0.0
1360,SDC-1450,item:773474,0.0,134400000.0,9621466.0
1361,M-1430,item:268967,0.0,2910600.0,0.0
1361,M-1810,item:268091,0.0,6106600.0,0.0
1361,SDC-1450,item:773474,0.0,134400000.0,9621466.0
1362,M-1430,item:268967,0.0,2910600.0,0.0
1362,M-1810,item:268091,0.0,6106600.0,0.0
1362,SDC-1450,item:773474,0.0,134400000.0,9621466.0
1363,M-1430,item:268967,0.0,2910600.0,0.0
1363,M-1810,item:268091,0.0,6106600.0,0.0
1363,SDC-1450,item:773474,0.0,134400000.0,9621466.0
1364,M-1430,item:268967,0.0,2910600.0,0.0
1364,M-1810,item:268091,0.0,6106600.0,0.0
1364,SDC-1450,item:773474,0.0,134400000.0,9621466.0
1365,M-1430,item:268967,0.0,2910600.0,0.0
1365,M-1810,item:268091,0.0,6106600.0,0.0
1365,SDC-1450,item:773474,0.0,134400000.0,9621466.0
1366,M-1430,item:268967,0.0,2910600.0,0.0
1366,M-1810,item:268091,0.0,6106600.0,0.0
1366,SDC-1450,item:773474,0.0,134400000.0,9621466.0
1367,M-1430,item:268967,0.0,2910600.0,0.0
1367,M-1810,item:268091,0.0,6106600.0,0.0
1367,SDC-1450,item:773474,0.0,134400000.0,9621466.0
1368,M-1430,item:268967,0.0,2910600.0,0.0
1368,M-1810,item:268091,0.0,6106600.0,0.0
1368,SDC-1450,item:773474,0.0,134400000.0,9621466.0
1369,M-1430,item:268967,0.0,2910600.0,0.0
1369,M-1810,item:268091,0.0,6106600.0,0.0
1369,SDC-1450,item:773474,0.0,134400000.0,9621466.0
1370,M-1430,item:268967,0.0,2910600.0,0.0
1370,M-1810,item:268091,0.0,6106600.0,0.0
1370,SDC-1450,item:773474,0.0,134400000.0,9621466.0
1371,M-1430,item:268967,0.0,2910600.0,0.0
1371,M-1810,item:268091,0.0,6106600.0,0.0
1371,SDC-1450,item:773474,0.0,134400000.0,9621466.0
1372,M-1430,item:268967,0.0,2910600.0,0.0
1372,M-1810,item:268091,0.0,6106600.0,0.0
1372,SDC-1450,item:773474,0.0,134400000.0,9621466.0
1373,M-1430,item:268967,0.0,2910600.0,0.0
1373,M-1810,item:268091,0.0,6106600.0,0.0
1373,SDC-1450,item:773474,0.0,134400000.0,9621466.0
1374,M-1430,item:268967,0.0,2910600.0,0.0
1374,M-1810,item:268091,0.0,6106600.0,0.0
1374,SDC-1450,item:773474,0.0,134400000.0,9621466.0
1375,M-1430,item:268967,0.0,2910600.0,0.0
1375,M-1810,item:268091,0.0,6106600.0,0.0
1375,SDC-1450,item:773474,0.0,134400000.0,9621466.0
1376,M-1430,item:268967,0.0,2910600.0,0.0
1376,M-1810,item:268091,0.0,6106600.0,0.0
1376,SDC-1450,item:773474,0.0,134400000.0,9621466.0
1377,M-1430,item:268967,0.0,2910600.0,0.0
1377,M-1810,item:268091,0.0,6106600.0,0.0
1377,SDC-1450,item:773474,0.0,134400000.0,9621466.0
1378,M-1430,item:268967,0.0,2910600.0,0.0
1378,M-1810,item:268091,0.0,6106600.0,0.0
1378,SDC-1450,item:773474,0.0,134400000.0,9621466.0
1379,M-1430,item:268967,0.0,2910600.0,0.0
1379,M-1810,item:268091,0.0,6106600.0,0.0
1379,SDC-1450,item:773474,0.0,134400000.0,9621466.0
1380,M-1430,item:268967,0.0,2910600.0,0.0
1380,M-1810,item:268091,0.0,6106600.0,0.0
1380,SDC-1450,item:773474,0.0,134400000.0,9621466.0
1381,M-1430,item:268967,0.0,2910600.0,0.0
1381,M-1810,item:268091,0.0,6106600.0,0.0
1381,SDC-1450,item:773474,0.0,134400000.0,9621466.0
1382,M-1430,item:268967,0.0,2910600.0,0.0
1382,M-1810,item:268091,0.0,6106600.0,0.0
1382,SDC-1450,item:773474,0.0,134400000.0,9621466.0
1383,M-1430,item:268967,0.0,2910600.0,0.0
1383,M-1810,item:268091,0.0,6106600.0,0.0
1383,SDC-1450,item:773474,0.0,134400000.0,9621466.0
1384,M-1430,item:268967,0.0,2910600.0,0.0
1384,M-1810,item:268091,0.0,6106600.0,0.0
1384,SDC-1450,item:773474,0.0,134400000.0,9621466.0
1385,M-1430,item:268967,0.0,2910600.0,0.0
1385,M-1810,item:268091,0.0,6106600.0,0.0
1385,SDC-1450,item:773474,0.0,134400000.0,9621466.0
1386,M-1430,item:268967,0.0,2910600.0,0.0
1386,M-1810,item:268091,0.0,6106600.0,0.0
1386,SDC-1450,item:773474,0.0,134400000.0,9621466.0
1387,M-1430,item:268967,0.0,2910600.0,0.0
1387,M-1810,item:268091,0.0,6106600.0,0.0
1387,SDC-1450,item:773474,0.0,134400000.0,9621466.0
1388,M-1430,item:268967,0.0,2910600.0,0.0
1388,M-1810,item:268091,0.0,6106600.0,0.0
1388,SDC-1450,item:773474,0.0,134400000.0,9621466.0
1389,M-1430,item:268967,0.0,2910600.0,0.0
1389,M-1810,item:268091,0.0,6106600.0,0.0
1389,SDC-1450,item:773474,0.0,134400000.0,9621466.0
1390,M-1430,item:268967,0.0,2910600.0,0.0
1390,M-1810,item:268091,0.0,6106600.0,0.0
1390,SDC-1450,item:773474,0.0,134400000.0,9621466.0
1391,M-1430,item:268967,0.0,2910600.0,0.0
1391,M-1810,item:268091,0.0,6106600.0,0.0
1391,SDC-1450,item:773474,0.0,134400000.0,9621466.0
1392,M-1430,item:268967,0.0,2910600.0,0.0
1392,M-1810,item:268091,0.0,6106600.0,0.0
1392,SDC-1450,item:773474,0.0,134400000.0,9621466.0
1393,M-1430,item:268967,0.0,2910600.0,0.0
1393,M-1810,item:268091,0.0,6106600.0,0.0
1393,SDC-1450,item:773474,0.0,134400000.0,9621466.0
1394,M-1430,item:268967,0.0,2910600.0,0.0
1394,M-1810,item:268091,0.0,6106600.0,0.0
1394,SDC-1450,item:773474,0.0,134400000.0,9621466.0
1395,M-1430,item:268967,0.0,2910600.0,0.0
1395,M-1810,item:268091,0.0,6106600.0,0.0
1395,SDC-1450,item:773474,0.0,134400000.0,9621466.0
1396,M-1430,item:268967,0.0,2910600.0,0.0
1396,M-1810,item:268091,0.0,6106600.0,0.0
1396,SDC-1450,item:773474,0.0,134400000.0,9621466.0
1397,M-1430,item:268967,0.0,2910600.0,0.0
1397,M-1810,item:268091,0.0,6106600.0,0.0
1397,SDC-1450,item:773474,0.0,134400000.0,9621466.0
1398,M-1430,item:268967,0.0,2910600.0,0.0
1398,M-1810,item:268091,0.0,6106600.0,0.0
1398,SDC-1450,item:773474,0.0,134400000.0,9621466.0
1399,M-1430,item:268967,0.0,2910600.0,0.0
1399,M-1810,item:268091,0.0,6106600.0,0.0
1399,SDC-1450,item:773474,0.0,134400000.0,9621466.0
1400,M-1430,item:268967,0.0,2910600.0,0.0
1400,M-1810,item:268091,0.0,6106600.0,0.0
1400,SDC-1450,item:773474,0.0,134400000.0,9621466.0
1401,M-1430,item:268967,0.0,2910600.0,0.0
1401,M-1810,item:268091,0.0,6106600.0,0.0
1401,SDC-1450,item:773474,0.0,134400000.0,9621466.0
1402,M-1430,item:268967,0.0,2910600.0,0.0
1402,M-1810,item:268091,0.0,6106600.0,0.0
1402,SDC-1450,item:773474,0.0,134400000.0,9621466.0
1403,M-1430,item:268967,0.0,2910600.0,0.0
1403,M-1810,item:268091,0.0,6106600.0,0.0
1403,SDC-1450,item:773474,0.0,134400000.0,9621466.0
1404,M-1430,item:268967,0.0,2910600.0,0.0
1404,M-1810,item:268091,0.0,6106600.0,0.0
1404,SDC-1450,item:773474,0.0,134400000.0,9621466.0
1405,M-1430,item:268967,0.0,2910600.0,0.0
1405,M-1810,item:268091,0.0,6106600.0,0.0
1405,SDC-1450,item:773474,0.0,134400000.0,9621466.0
1406,M-1430,item:268967,0.0,2910600.0,0.0
1406,M-1810,item:268091,0.0,6106600.0,0.0
1406,SDC-1450,item:773474,0.0,134400000.0,9621466.0
1407,M-1430,item:268967,0.0,2910600.0,0.0
1407,M-1810,item:268091,0.0,6106600.0,0.0
1407,SDC-1450,item:773474,0.0,134400000.0,9621466.0
1408,M-1430,item:268967,0.0,2910600.0,0.0
1408,M-1810,item:268091,0.0,6106600.0,0.0
1408,SDC-1450,item:773474,0.0,134400000.0,9621466.0
1409,M-1430,item:268967,0.0,2910600.0,0.0
1409,M-1810,item:268091,0.0,6106600.0,0.0
1409,SDC-1450,item:773474,0.0,134400000.0,9621466.0
1410,M-1430,item:268967,0.0,2910600.0,0.0
1410,M-1810,item:268091,0.0,6106600.0,0.0
1410,SDC-1450,item:773474,0.0,134400000.0,9621466.0
1411,M-1430,item:268967,0.0,2910600.0,0.0
1411,M-1810,item:268091,0.0,6106600.0,0.0
1411,SDC-1450,item:773474,0.0,134400000.0,9621466.0
1412,M-1430,item:268967,0.0,2910600.0,0.0
1412,M-1810,item:268091,0.0,6106600.0,0.0
1412,SDC-1450,item:773474,0.0,134400000.0,9621466.0
1413,M-1430,item:268967,0.0,2910600.0,0.0
1413,M-1810,item:268091,0.0,6106600.0,0.0
1413,SDC-1450,item:773474,0.0,134400000.0,9621466.0
1414,M-1430,item:268967,0.0,2910600.0,0.0
1414,M-1810,item:268091,0.0,6106600.0,0.0
1414,SDC-1450,item:773474,0.0,134400000.0,9621466.0
1415,M-1430,item:268967,0.0,2910600.0,0.0
1415,M-1810,item:268091,0.0,6106600.0,0.0
1415,SDC-1450,item:773474,0.0,134400000.0,9621466.0
1416,M-1430,item:268967,0.0,2910600.0,0.0
1416,M-1810,item:268091,0.0,6106600.0,0.0
1416,SDC-1450,item:773474,0.0,134400000.0,9621466.0
1417,M-1430,item:268967,0.0,2910600.0,0.0
1417,M-1810,item:268091,0.0,6106600.0,0.0
1417,SDC-1450,item:773474,0.0,134400000.0,9621466.0
1418,M-1430,item:268967,0.0,2910600.0,0.0
1418,M-1810,item:268091,0.0,6106600.0,0.0
1418,SDC-1450,item:773474,0.0,134400000.0,9621466.0
1419,M-1430,item:268967,0.0,2910600.0,0.0
1419,M-1810,item:268091,0.0,6106600.0,0.0
1419,SDC-1450,item:773474,0.0,134400000.0,9621466.0
1420,M-1430,item:268967,0.0,2910600.0,0.0
1420,M-1810,item:268091,0.0,6106600.0,0.0
1420,SDC-1450,item:773474,0.0,134400000.0,9621466.0
1421,M-1430,item:268967,0.0,2910600.0,0.0
1421,M-1810,item:268091,0.0,6106600.0,0.0
1421,SDC-1450,item:773474,0.0,134400000.0,9621466.0
1422,M-1430,item:268967,0.0,2910600.0,0.0
1422,M-1810,item:268091,0.0,6106600.0,0.0
1422,SDC-1450,item:773474,0.0,134400000.0,9621466.0
1423,M-1430,item:268967,0.0,2910600.0,0.0
1423,M-1810,item:268091,0.0,6106600.0,0.0
1423,SDC-1450,item:773474,0.0,134400000.0,9621466.0
1424,M-1430,item:268967,0.0,2910600.0,0.0
1424,M-1810,item:268091,0.0,6106600.0,0.0
1424,SDC-1450,item:773474,0.0,134400000.0,9621466.0
1425,M-1430,item:268967,0.0,2910600.0,0.0
1425,M-1810,item:268091,0.0,6106600.0,0.0
1425,SDC-1450,item:773474,0.0,134400000.0,9621466.0
1426,M-1430,item:268967,0.0,2910600.0,0.0
1426,M-1810,item:268091,0.0,6106600.0,0.0
1426,SDC-1450,item:773474,0.0,134400000.0,9621466.0
1427,M-1430,item:268967,0.0,2910600.0,0.0
1427,M-1810,item:268091,0.0,6106600.0,0.0
1427,SDC-1450,item:773474,0.0,134400000.0,9621466.0
1428,M-1430,item:268967,0.0,2910600.0,0.0
1428,M-1810,item:268091,0.0,6106600.0,0.0
1428,SDC-1450,item:773474,0.0,134400000.0,9621466.0
1429,M-1430,item:268967,0.0,2910600.0,0.0
1429,M-1810,item:268091,0.0,6106600.0,0.0
1429,SDC-1450,item:773474,0.0,134400000.0,9621466.0
1430,M-1430,item:268967,0.0,2910600.0,0.0
1430,M-1810,item:268091,0.0,6106600.0,0.0
1430,SDC-1450,item:773474,0.0,134400000.0,9621466.0
1431,M-1430,item:268967,0.0,2910600.0,0.0
1431,M-1810,item:268091,0.0,6106600.0,0.0
1431,SDC-1450,item:773474,0.0,134400000.0,9621466.0
1432,M-1430,item:268967,0.0,2910600.0,0.0
1432,M-1810,item:268091,0.0,6106600.0,0.0
1432,SDC-1450,item:773474,0.0,134400000.0,9621466.0
1433,M-1430,item:268967,0.0,2910600.0,0.0
1433,M-1810,item:268091,0.0,6106600.0,0.0
1433,SDC-1450,item:773474,0.0,134400000.0,9621466.0
1434,M-1430,item:268967,0.0,2910600.0,0.0
1434,M-1810,item:268091,0.0,6106600.0,0.0
1434,SDC-1450,item:773474,0.0,134400000.0,9621466.0
1435,M-1430,item:268967,0.0,2910600.0,0.0
1435,M-1810,item:268091,0.0,6106600.0,0.0
1435,SDC-1450,item:773474,0.0,134400000.0,9621466.0
1436,M-1430,item:268967,0.0,2910600.0,0.0
1436,M-1810,item:268091,0.0,6106600.0,0.0
1436,SDC-1450,item:773474,0.0,134400000.0,9621466.0
1437,M-1430,item:268967,0.0,2910600.0,0.0
1437,M-1810,item:268091,0.0,6106600.0,0.0
1437,SDC-1450,item:773474,0.0,134400000.0,9621466.0
1438,M-1430,item:268967,0.0,2910600.0,0.0
1438,M-1810,item:268091,0.0,6106600.0,0.0
1438,SDC-1450,item:773474,0.0,134400000.0,9621466.0
1439,M-1430,item:268967,0.0,2910600.0,0.0
1439,M-1810,item:268091,0.0,6106600.0,0.0
1439,SDC-1450,item:773474,0.0,134400000.0,9621466.0
1440,M-1430,item:268967,0.0,2910600.0,0.0
1440,M-1810,item:268091,0.0,6106600.0,0.0
1440,SDC-1450,item:773474,0.0,134400000.0,9621466.0
1441,M-1430,item:268967,0.0,2910600.0,0.0
1441,M-1810,item:268091,0.0,6106600.0,0.0
1441,SDC-1450,item:773474,0.0,134400000.0,9621466.0
1442,M-1430,item:268967,0.0,2910600.0,0.0
1442,M-1810,item:268091,0.0,6106600.0,0.0
1442,SDC-1450,item:773474,0.0,134400000.0,9621466.0
1443,M-1430,item:268967,0.0,2910600.0,0.0
1443,M-1810,item:268091,0.0,6106600.0,0.0
1443,SDC-1450,item:773474,0.0,134400000.0,9621466.0
1444,M-1430,item:268967,0.0,2910600.0,0.0
1444,M-1810,item:268091,0.0,6106600.0,0.0
1444,SDC-1450,item:773474,0.0,134400000.0,9621466.0
1445,M-1430,item:268967,0.0,2910600.0,0.0
1445,M-1810,item:268091,0.0,6106600.0,0.0
1445,SDC-1450,item:773474,0.0,134400000.0,9621466.0
1446,M-1430,item:268967,0.0,2910600.0,0.0
1446,M-1810,item:268091,0.0,6106600.0,0.0
1446,SDC-1450,item:773474,0.0,134400000.0,9621466.0
1447,M-1430,item:268967,0.0,2910600.0,0.0
1447,M-1810,item:268091,0.0,6106600.0,0.0
1447,SDC-1450,item:773474,0.0,134400000.0,9621466.0
1448,M-1430,item:268967,0.0,2910600.0,0.0
1448,M-1810,item:268091,0.0,6106600.0,0.0
1448,SDC-1450,item:773474,0.0,134400000.0,9621466.0
1449,M-1430,item:268967,0.0,2910600.0,0.0
1449,M-1810,item:268091,0.0,6106600.0,0.0
1449,SDC-1450,item:773474,0.0,134400000.0,9621466.0
1450,M-1430,item:268967,0.0,2910600.0,0.0
1450,M-1810,item:268091,0.0,6106600.0,0.0
1450,SDC-1450,item:773474,0.0,134400000.0,9621466.0
1451,M-1430,item:268967,0.0,2910600.0,0.0
1451,M-1810,item:268091,0.0,6106600.0,0.0
1451,SDC-1450,item:773474,0.0,134400000.0,9621466.0
1452,M-1430,item:268967,0.0,2910600.0,0.0
1452,M-1810,item:268091,0.0,6106600.0,0.0
1452,SDC-1450,item:773474,0.0,134400000.0,9621466.0
1453,M-1430,item:268967,0.0,2910600.0,0.0
1453,M-1810,item:268091,0.0,6106600.0,0.0
1453,SDC-1450,item:773474,0.0,134400000.0,9621466.0
1454,M-1430,item:268967,0.0,2910600.0,0.0
1454,M-1810,item:268091,0.0,6106600.0,0.0
1454,SDC-1450,item:773474,0.0,134400000.0,9621466.0
1455,M-1430,item:268967,0.0,2910600.0,0.0
1455,M-1810,item:268091,0.0,6106600.0,0.0
1455,SDC-1450,item:773474,0.0,134400000.0,9621466.0
1456,M-1430,item:268967,0.0,2910600.0,0.0
1456,M-1810,item:268091,0.0,6106600.0,0.0
1456,SDC-1450,item:773474,0.0,134400000.0,9621466.0
1457,M-1430,item:268967,0.0,2910600.0,0.0
1457,M-1810,item:268091,0.0,6106600.0,0.0
1457,SDC-1450,item:773474,0.0,134400000.0,9621466.0
1458,M-1430,item:268967,0.0,2910600.0,0.0
1458,M-1810,item:268091,0.0,6106600.0,0.0
1458,SDC-1450,item:773474,0.0,134400000.0,9621466.0
1459,M-1430,item:268967,0.0,2910600.0,0.0
1459,M-1810,item:268091,0.0,6106600.0,0.0
1459,SDC-1450,item:773474,0.0,134400000.0,9621466.0
1460,M-1430,item:268967,0.0,2910600.0,0.0
1460,M-1810,item:268091,0.0,6106600.0,0.0
1460,SDC-1450,item:773474,0.0,134400000.0,9621466.0
1461,M-1430,item:268967,0.0,2910600.0,0.0
1461,M-1810,item:268091,0.0,6106600.0,0.0
1461,SDC-1450,item:773474,0.0,134400000.0,9621466.0
1462,M-1430,item:268967,0.0,2910600.0,0.0
1462,M-1810,item:268091,0.0,6106600.0,0.0
1462,SDC-1450,item:773474,0.0,134400000.0,9621466.0
1463,M-1430,item:268967,0.0,2910600.0,0.0
1463,M-1810,item:268091,0.0,6106600.0,0.0
1463,SDC-1450,item:773474,0.0,134400000.0,9621466.0
1464,M-1430,item:268967,0.0,2910600.0,0.0
1464,M-1810,item:268091,0.0,6106600.0,0.0
1464,SDC-1450,item:773474,0.0,134400000.0,9621466.0
1465,M-1430,item:268967,0.0,2910600.0,0.0
1465,M-1810,item:268091,0.0,6106600.0,0.0
1465,SDC-1450,item:773474,0.0,134400000.0,9621466.0
1466,M-1430,item:268967,0.0,2910600.0,0.0
1466,M-1810,item:268091,0.0,6106600.0,0.0
1466,SDC-1450,item:773474,0.0,134400000.0,9621466.0
1467,M-1430,item:268967,0.0,2910600.0,0.0
1467,M-1810,item:268091,0.0,6106600.0,0.0
1467,SDC-1450,item:773474,0.0,134400000.0,9621466.0
1468,M-1430,item:268967,0.0,2910600.0,0.0
1468,M-1810,item:268091,0.0,6106600.0,0.0
1468,SDC-1450,item:773474,0.0,134400000.0,9621466.0
1469,M-1430,item:268967,0.0,2910600.0,0.0
1469,M-1810,item:268091,0.0,6106600.0,0.0
1469,SDC-1450,item:773474,0.0,134400000.0,9621466.0
1470,M-1430,item:268967,0.0,2910600.0,0.0
1470,M-1810,item:268091,0.0,6106600.0,0.0
1470,SDC-1450,item:773474,0.0,134400000.0,9621466.0
1471,M-1430,item:268967,0.0,2910600.0,0.0
1471,M-1810,item:268091,0.0,6106600.0,0.0
1471,SDC-1450,item:773474,0.0,134400000.0,9621466.0
1472,M-1430,item:268967,0.0,2910600.0,0.0
1472,M-1810,item:268091,0.0,6106600.0,0.0
1472,SDC-1450,item:773474,0.0,134400000.0,9621466.0
1473,M-1430,item:268967,0.0,2910600.0,0.0
1473,M-1810,item:268091,0.0,6106600.0,0.0
1473,SDC-1450,item:773474,0.0,134400000.0,9621466.0
1474,M-1430,item:268967,0.0,2910600.0,0.0
1474,M-1810,item:268091,0.0,6106600.0,0.0
1474,SDC-1450,item:773474,0.0,134400000.0,9621466.0
1475,M-1430,item:268967,0.0,2910600.0,0.0
1475,M-1810,item:268091,0.0,6106600.0,0.0
1475,SDC-1450,item:773474,0.0,134400000.0,9621466.0
1476,M-1430,item:268967,0.0,2910600.0,0.0
1476,M-1810,item:268091,0.0,6106600.0,0.0
1476,SDC-1450,item:773474,0.0,134400000.0,9621466.0
1477,M-1430,item:268967,0.0,2910600.0,0.0
1477,M-1810,item:268091,0.0,6106600.0,0.0
1477,SDC-1450,item:773474,0.0,134400000.0,9621466.0
1478,M-1430,item:268967,0.0,2910600.0,0.0
1478,M-1810,item:268091,0.0,6106600.0,0.0
1478,SDC-1450,item:773474,0.0,134400000.0,9621466.0
1479,M-1430,item:268967,0.0,2910600.0,0.0
1479,M-1810,item:268091,0.0,6106600.0,0.0
1479,SDC-1450,item:773474,0.0,134400000.0,9621466.0
1480,M-1430,item:268967,0.0,2910600.0,0.0
1480,M-1810,item:268091,0.0,6106600.0,0.0
1480,SDC-1450,item:773474,0.0,134400000.0,9621466.0
1481,M-1430,item:268967,0.0,2910600.0,0.0
1481,M-1810,item:268091,0.0,6106600.0,0.0
1481,SDC-1450,item:773474,0.0,134400000.0,9621466.0
1482,M-1430,item:268967,0.0,2910600.0,0.0
1482,M-1810,item:268091,0.0,6106600.0,0.0
1482,SDC-1450,item:773474,0.0,134400000.0,9621466.0
1483,M-1430,item:268967,0.0,2910600.0,0.0
1483,M-1810,item:268091,0.0,6106600.0,0.0
1483,SDC-1450,item:773474,0.0,134400000.0,9621466.0
1484,M-1430,item:268967,0.0,2910600.0,0.0
1484,M-1810,item:268091,0.0,6106600.0,0.0
1484,SDC-1450,item:773474,0.0,134400000.0,9621466.0
1485,M-1430,item:268967,0.0,2910600.0,0.0
1485,M-1810,item:268091,0.0,6106600.0,0.0
1485,SDC-1450,item:773474,0.0,134400000.0,9621466.0
1486,M-1430,item:268967,0.0,2910600.0,0.0
1486,M-1810,item:268091,0.0,6106600.0,0.0
1486,SDC-1450,item:773474,0.0,134400000.0,9621466.0
1487,M-1430,item:268967,0.0,2910600.0,0.0
1487,M-1810,item:268091,0.0,6106600.0,0.0
1487,SDC-1450,item:773474,0.0,134400000.0,9621466.0
1488,M-1430,item:268967,0.0,2910600.0,0.0
1488,M-1810,item:268091,0.0,6106600.0,0.0
1488,SDC-1450,item:773474,0.0,134400000.0,9621466.0
1489,M-1430,item:268967,0.0,2910600.0,0.0
1489,M-1810,item:268091,0.0,6106600.0,0.0
1489,SDC-1450,item:773474,0.0,134400000.0,9621466.0
1490,M-1430,item:268967,0.0,2910600.0,0.0
1490,M-1810,item:268091,0.0,6106600.0,0.0
1490,SDC-1450,item:773474,0.0,134400000.0,9621466.0
1491,M-1430,item:268967,0.0,2910600.0,0.0
1491,M-1810,item:268091,0.0,6106600.0,0.0
1491,SDC-1450,item:773474,0.0,134400000.0,9621466.0
1492,M-1430,item:268967,0.0,2910600.0,0.0
1492,M-1810,item:268091,0.0,6106600.0,0.0
1492,SDC-1450,item:773474,0.0,134400000.0,9621466.0
1493,M-1430,item:268967,0.0,2910600.0,0.0
1493,M-1810,item:268091,0.0,6106600.0,0.0
1493,SDC-1450,item:773474,0.0,134400000.0,9621466.0
1494,M-1430,item:268967,0.0,2910600.0,0.0
1494,M-1810,item:268091,0.0,6106600.0,0.0
1494,SDC-1450,item:773474,0.0,134400000.0,9621466.0
1495,M-1430,item:268967,0.0,2910600.0,0.0
1495,M-1810,item:268091,0.0,6106600.0,0.0
1495,SDC-1450,item:773474,0.0,134400000.0,9621466.0
1496,M-1430,item:268967,0.0,2910600.0,0.0
1496,M-1810,item:268091,0.0,6106600.0,0.0
1496,SDC-1450,item:773474,0.0,134400000.0,9621466.0
1497,M-1430,item:268967,0.0,2910600.0,0.0
1497,M-1810,item:268091,0.0,6106600.0,0.0
1497,SDC-1450,item:773474,0.0,134400000.0,9621466.0
1498,M-1430,item:268967,0.0,2910600.0,0.0
1498,M-1810,item:268091,0.0,6106600.0,0.0
1498,SDC-1450,item:773474,0.0,134400000.0,9621466.0
1499,M-1430,item:268967,0.0,2910600.0,0.0
1499,M-1810,item:268091,0.0,6106600.0,0.0
1499,SDC-1450,item:773474,0.0,134400000.0,9621466.0
1500,M-1430,item:268967,0.0,2910600.0,0.0
1500,M-1810,item:268091,0.0,6106600.0,0.0
1500,SDC-1450,item:773474,0.0,134400000.0,9621466.0
1501,M-1430,item:268967,0.0,2910600.0,0.0
1501,M-1810,item:268091,0.0,6106600.0,0.0
1501,SDC-1450,item:773474,0.0,134400000.0,9621466.0
1502,M-1430,item:268967,0.0,2910600.0,0.0
1502,M-1810,item:268091,0.0,6106600.0,0.0
1502,SDC-1450,item:773474,0.0,134400000.0,9621466.0
1503,M-1430,item:268967,0.0,2910600.0,0.0
1503,M-1810,item:268091,0.0,6106600.0,0.0
1503,SDC-1450,item:773474,0.0,134400000.0,9621466.0
1504,M-1430,item:268967,0.0,2910600.0,0.0
1504,M-1810,item:268091,0.0,6106600.0,0.0
1504,SDC-1450,item:773474,0.0,134400000.0,9621466.0
1505,M-1430,item:268967,0.0,2910600.0,0.0
1505,M-1810,item:268091,0.0,6106600.0,0.0
1505,SDC-1450,item:773474,0.0,134400000.0,9621466.0
1506,M-1430,item:268967,0.0,2910600.0,0.0
1506,M-1810,item:268091,0.0,6106600.0,0.0
1506,SDC-1450,item:773474,0.0,134400000.0,9621466.0
1507,M-1430,item:268967,0.0,2910600.0,0.0
1507,M-1810,item:268091,0.0,6106600.0,0.0
1507,SDC-1450,item:773474,0.0,134400000.0,9621466.0
1508,M-1430,item:268967,0.0,2910600.0,0.0
1508,M-1810,item:268091,0.0,6106600.0,0.0
1508,SDC-1450,item:773474,0.0,134400000.0,9621466.0
1509,M-1430,item:268967,0.0,2910600.0,0.0
1509,M-1810,item:268091,0.0,6106600.0,0.0
1509,SDC-1450,item:773474,0.0,134400000.0,9621466.0
1510,M-1430,item:268967,0.0,2910600.0,0.0
1510,M-1810,item:268091,0.0,6106600.0,0.0
1510,SDC-1450,item:773474,0.0,134400000.0,9621466.0
1511,M-1430,item:268967,0.0,2910600.0,0.0
1511,M-1810,item:268091,0.0,6106600.0,0.0
1511,SDC-1450,item:773474,0.0,134400000.0,9621466.0
1512,M-1430,item:268967,0.0,2910600.0,0.0
1512,M-1810,item:268091,0.0,6106600.0,0.0
1512,SDC-1450,item:773474,0.0,134400000.0,9621466.0
1513,M-1430,item:268967,0.0,2910600.0,0.0
1513,M-1810,item:268091,0.0,6106600.0,0.0
1513,SDC-1450,item:773474,0.0,134400000.0,9621466.0
1514,M-1430,item:268967,0.0,2910600.0,0.0
1514,M-1810,item:268091,0.0,6106600.0,0.0
1514,SDC-1450,item:773474,0.0,134400000.0,9621466.0
1515,M-1430,item:268967,0.0,2910600.0,0.0
1515,M-1810,item:268091,0.0,6106600.0,0.0
1515,SDC-1450,item:773474,0.0,134400000.0,9621466.0
1516,M-1430,item:268967,0.0,2910600.0,0.0
1516,M-1810,item:268091,0.0,6106600.0,0.0
1516,SDC-1450,item:773474,0.0,134400000.0,9621466.0
1517,M-1430,item:268967,0.0,2910600.0,0.0
1517,M-1810,item:268091,0.0,6106600.0,0.0
1517,SDC-1450,item:773474,0.0,134400000.0,9621466.0
1518,M-1430,item:268967,0.0,2910600.0,0.0
1518,M-1810,item:268091,0.0,6106600.0,0.0
1518,SDC-1450,item:773474,0.0,134400000.0,9621466.0
1519,M-1430,item:268967,0.0,2910600.0,0.0
1519,M-1810,item:268091,0.0,6106600.0,0.0
1519,SDC-1450,item:773474,0.0,134400000.0,9621466.0
1520,M-1430,item:268967,0.0,2910600.0,0.0
1520,M-1810,item:268091,0.0,6106600.0,0.0
1520,SDC-1450,item:773474,0.0,134400000.0,9621466.0
1521,M-1430,item:268967,0.0,2910600.0,0.0
1521,M-1810,item:268091,0.0,6106600.0,0.0
1521,SDC-1450,item:773474,0.0,134400000.0,9621466.0
1522,M-1430,item:268967,0.0,2910600.0,0.0
1522,M-1810,item:268091,0.0,6106600.0,0.0
1522,SDC-1450,item:773474,0.0,134400000.0,9621466.0
1523,M-1430,item:268967,0.0,2910600.0,0.0
1523,M-1810,item:268091,0.0,6106600.0,0.0
1523,SDC-1450,item:773474,0.0,134400000.0,9621466.0
1524,M-1430,item:268967,0.0,2910600.0,0.0
1524,M-1810,item:268091,0.0,6106600.0,0.0
1524,SDC-1450,item:773474,0.0,134400000.0,9621466.0
1525,M-1430,item:268967,0.0,2910600.0,0.0
1525,M-1810,item:268091,0.0,6106600.0,0.0
1525,SDC-1450,item:773474,0.0,134400000.0,9621466.0
1526,M-1430,item:268967,0.0,2910600.0,0.0
1526,M-1810,item:268091,0.0,6106600.0,0.0
1526,SDC-1450,item:773474,0.0,134400000.0,9621466.0
1527,M-1430,item:268967,0.0,2910600.0,0.0
1527,M-1810,item:268091,0.0,6106600.0,0.0
1527,SDC-1450,item:773474,0.0,134400000.0,9621466.0
1528,M-1430,item:268967,0.0,2910600.0,0.0
1528,M-1810,item:268091,0.0,6106600.0,0.0
1528,SDC-1450,item:773474,0.0,134400000.0,9621466.0
1529,M-1430,item:268967,0.0,2910600.0,0.0
1529,M-1810,item:268091,0.0,6106600.0,0.0
1529,SDC-1450,item:773474,0.0,134400000.0,9621466.0
1530,M-1430,item:268967,0.0,2910600.0,0.0
1530,M-1810,item:268091,0.0,6106600.0,0.0
1530,SDC-1450,item:773474,0.0,134400000.0,9621466.0
1531,M-1430,item:268967,0.0,2910600.0,0.0
1531,M-1810,item:268091,0.0,6106600.0,0.0
1531,SDC-1450,item:773474,0.0,134400000.0,9621466.0
1532,M-1430,item:268967,0.0,2910600.0,0.0
1532,M-1810,item:268091,0.0,6106600.0,0.0
1532,SDC-1450,item:773474,0.0,134400000.0,9621466.0
1533,M-1430,item:268967,0.0,2910600.0,0.0
1533,M-1810,item:268091,0.0,6106600.0,0.0
1533,SDC-1450,item:773474,0.0,134400000.0,9621466.0
1534,M-1430,item:268967,0.0,2910600.0,0.0
1534,M-1810,item:268091,0.0,6106600.0,0.0
1534,SDC-1450,item:773474,0.0,134400000.0,9621466.0
1535,M-1430,item:268967,0.0,2910600.0,0.0
1535,M-1810,item:268091,0.0,6106600.0,0.0
1535,SDC-1450,item:773474,0.0,134400000.0,9621466.0
1536,M-1430,item:268967,0.0,2910600.0,0.0
1536,M-1810,item:268091,0.0,6106600.0,0.0
1536,SDC-1450,item:773474,0.0,134400000.0,9621466.0
1537,M-1430,item:268967,0.0,2910600.0,0.0
1537,M-1810,item:268091,0.0,6106600.0,0.0
1537,SDC-1450,item:773474,0.0,134400000.0,9621466.0
1538,M-1430,item:268967,0.0,2910600.0,0.0
1538,M-1810,item:268091,0.0,6106600.0,0.0
1538,SDC-1450,item:773474,0.0,134400000.0,9621466.0
1539,M-1430,item:268967,0.0,2910600.0,0.0
1539,M-1810,item:268091,0.0,6106600.0,0.0
1539,SDC-1450,item:773474,0.0,134400000.0,9621466.0
1540,M-1430,item:268967,0.0,2910600.0,0.0
1540,M-1810,item:268091,0.0,6106600.0,0.0
1540,SDC-1450,item:773474,0.0,134400000.0,9621466.0
1541,M-1430,item:268967,0.0,2910600.0,0.0
1541,M-1810,item:268091,0.0,6106600.0,0.0
1541,SDC-1450,item:773474,0.0,134400000.0,9621466.0
1542,M-1430,item:268967,0.0,2910600.0,0.0
1542,M-1810,item:268091,0.0,6106600.0,0.0
1542,SDC-1450,item:773474,0.0,134400000.0,9621466.0
1543,M-1430,item:268967,0.0,2910600.0,0.0
1543,M-1810,item:268091,0.0,6106600.0,0.0
1543,SDC-1450,item:773474,0.0,134400000.0,9621466.0
1544,M-1430,item:268967,0.0,2910600.0,0.0
1544,M-1810,item:268091,0.0,6106600.0,0.0
1544,SDC-1450,item:773474,0.0,134400000.0,9621466.0
1545,M-1430,item:268967,0.0,2910600.0,0.0
1545,M-1810,item:268091,0.0,6106600.0,0.0
1545,SDC-1450,item:773474,0.0,134400000.0,9621466.0
1546,M-1430,item:268967,0.0,2910600.0,0.0
1546,M-1810,item:268091,0.0,6106600.0,0.0
1546,SDC-1450,item:773474,0.0,134400000.0,9621466.0
1547,M-1430,item:268967,0.0,2910600.0,0.0
1547,M-1810,item:268091,0.0,6106600.0,0.0
1547,SDC-1450,item:773474,0.0,134400000.0,9621466.0
1548,M-1430,item:268967,0.0,2910600.0,0.0
1548,M-1810,item:268091,0.0,6106600.0,0.0
1548,SDC-1450,item:773474,0.0,134400000.0,9621466.0
1549,M-1430,item:268967,0.0,2910600.0,0.0
1549,M-1810,item:268091,0.0,6106600.0,0.0
1549,SDC-1450,item:773474,0.0,134400000.0,9621466.0
1550,M-1430,item:268967,0.0,2910600.0,0.0
1550,M-1810,item:268091,0.0,6106600.0,0.0
1550,SDC-1450,item:773474,0.0,134400000.0,9621466.0
1551,M-1430,item:268967,0.0,2910600.0,0.0
1551,M-1810,item:268091,0.0,6106600.0,0.0
1551,SDC-1450,item:773474,0.0,134400000.0,9621466.0
1552,M-1430,item:268967,0.0,2910600.0,0.0
1552,M-1810,item:268091,0.0,6106600.0,0.0
1552,SDC-1450,item:773474,0.0,134400000.0,9621466.0
1553,M-1430,item:268967,0.0,2910600.0,0.0
1553,M-1810,item:268091,0.0,6106600.0,0.0
1553,SDC-1450,item:773474,0.0,134400000.0,9621466.0
1554,M-1430,item:268967,0.0,2910600.0,0.0
1554,M-1810,item:268091,0.0,6106600.0,0.0
1554,SDC-1450,item:773474,0.0,134400000.0,9621466.0
1555,M-1430,item:268967,0.0,2910600.0,0.0
1555,M-1810,item:268091,0.0,6106600.0,0.0
1555,SDC-1450,item:773474,0.0,134400000.0,9621466.0
1556,M-1430,item:268967,0.0,2910600.0,0.0
1556,M-1810,item:268091,0.0,6106600.0,0.0
1556,SDC-1450,item:773474,0.0,134400000.0,9621466.0
1557,M-1430,item:268967,0.0,2910600.0,0.0
1557,M-1810,item:268091,0.0,6106600.0,0.0
1557,SDC-1450,item:773474,0.0,134400000.0,9621466.0
1558,M-1430,item:268967,0.0,2910600.0,0.0
1558,M-1810,item:268091,0.0,6106600.0,0.0
1558,SDC-1450,item:773474,0.0,134400000.0,9621466.0
1559,M-1430,item:268967,0.0,2910600.0,0.0
1559,M-1810,item:268091,0.0,6106600.0,0.0
1559,SDC-1450,item:773474,0.0,134400000.0,9621466.0
1560,M-1430,item:268967,0.0,2910600.0,0.0
1560,M-1810,item:268091,0.0,6106600.0,0.0
1560,SDC-1450,item:773474,0.0,134400000.0,9621466.0
1561,M-1430,item:268967,0.0,2910600.0,0.0
1561,M-1810,item:268091,0.0,6106600.0,0.0
1561,SDC-1450,item:773474,0.0,134400000.0,9621466.0
1562,M-1430,item:268967,0.0,2910600.0,0.0
1562,M-1810,item:268091,0.0,6106600.0,0.0
1562,SDC-1450,item:773474,0.0,134400000.0,9621466.0
1563,M-1430,item:268967,0.0,2910600.0,0.0
1563,M-1810,item:268091,0.0,6106600.0,0.0
1563,SDC-1450,item:773474,0.0,134400000.0,9621466.0
1564,M-1430,item:268967,0.0,2910600.0,0.0
1564,M-1810,item:268091,0.0,6106600.0,0.0
1564,SDC-1450,item:773474,0.0,134400000.0,9621466.0
1565,M-1430,item:268967,0.0,2910600.0,0.0
1565,M-1810,item:268091,0.0,6106600.0,0.0
1565,SDC-1450,item:773474,0.0,134400000.0,9621466.0
1566,M-1430,item:268967,0.0,2910600.0,0.0
1566,M-1810,item:268091,0.0,6106600.0,0.0
1566,SDC-1450,item:773474,0.0,134400000.0,9621466.0
1567,M-1430,item:268967,0.0,2910600.0,0.0
1567,M-1810,item:268091,0.0,6106600.0,0.0
1567,SDC-1450,item:773474,0.0,134400000.0,9621466.0
1568,M-1430,item:268967,0.0,2910600.0,0.0
1568,M-1810,item:268091,0.0,6106600.0,0.0
1568,SDC-1450,item:773474,0.0,134400000.0,9621466.0
1569,M-1430,item:268967,0.0,2910600.0,0.0
1569,M-1810,item:268091,0.0,6106600.0,0.0
1569,SDC-1450,item:773474,0.0,134400000.0,9621466.0
1570,M-1430,item:268967,0.0,2910600.0,0.0
1570,M-1810,item:268091,0.0,6106600.0,0.0
1570,SDC-1450,item:773474,0.0,134400000.0,9621466.0
1571,M-1430,item:268967,0.0,2910600.0,0.0
1571,M-1810,item:268091,0.0,6106600.0,0.0
1571,SDC-1450,item:773474,0.0,134400000.0,9621466.0
1572,M-1430,item:268967,0.0,2910600.0,0.0
1572,M-1810,item:268091,0.0,6106600.0,0.0
1572,SDC-1450,item:773474,0.0,134400000.0,9621466.0
1573,M-1430,item:268967,0.0,2910600.0,0.0
1573,M-1810,item:268091,0.0,6106600.0,0.0
1573,SDC-1450,item:773474,0.0,134400000.0,9621466.0
1574,M-1430,item:268967,0.0,2910600.0,0.0
1574,M-1810,item:268091,0.0,6106600.0,0.0
1574,SDC-1450,item:773474,0.0,134400000.0,9621466.0
1575,M-1430,item:268967,0.0,2910600.0,0.0
1575,M-1810,item:268091,0.0,6106600.0,0.0
1575,SDC-1450,item:773474,0.0,134400000.0,9621466.0
1576,M-1430,item:268967,0.0,2910600.0,0.0
1576,M-1810,item:268091,0.0,6106600.0,0.0
1576,SDC-1450,item:773474,0.0,134400000.0,9621466.0
1577,M-1430,item:268967,0.0,2910600.0,0.0
1577,M-1810,item:268091,0.0,6106600.0,0.0
1577,SDC-1450,item:773474,0.0,134400000.0,9621466.0
1578,M-1430,item:268967,0.0,2910600.0,0.0
1578,M-1810,item:268091,0.0,6106600.0,0.0
1578,SDC-1450,item:773474,0.0,134400000.0,9621466.0
1579,M-1430,item:268967,0.0,2910600.0,0.0
1579,M-1810,item:268091,0.0,6106600.0,0.0
1579,SDC-1450,item:773474,0.0,134400000.0,9621466.0
1580,M-1430,item:268967,0.0,2910600.0,0.0
1580,M-1810,item:268091,0.0,6106600.0,0.0
1580,SDC-1450,item:773474,0.0,134400000.0,9621466.0
1581,M-1430,item:268967,0.0,2910600.0,0.0
1581,M-1810,item:268091,0.0,6106600.0,0.0
1581,SDC-1450,item:773474,0.0,134400000.0,9621466.0
1582,M-1430,item:268967,0.0,2910600.0,0.0
1582,M-1810,item:268091,0.0,6106600.0,0.0
1582,SDC-1450,item:773474,0.0,134400000.0,9621466.0
1583,M-1430,item:268967,0.0,2910600.0,0.0
1583,M-1810,item:268091,0.0,6106600.0,0.0
1583,SDC-1450,item:773474,0.0,134400000.0,9621466.0
1584,M-1430,item:268967,0.0,2910600.0,0.0
1584,M-1810,item:268091,0.0,6106600.0,0.0
1584,SDC-1450,item:773474,0.0,134400000.0,9621466.0
1585,M-1430,item:268967,0.0,2910600.0,0.0
1585,M-1810,item:268091,0.0,6106600.0,0.0
1585,SDC-1450,item:773474,0.0,134400000.0,9621466.0
1586,M-1430,item:268967,0.0,2910600.0,0.0
1586,M-1810,item:268091,0.0,6106600.0,0.0
1586,SDC-1450,item:773474,0.0,134400000.0,9621466.0
1587,M-1430,item:268967,0.0,2910600.0,0.0
1587,M-1810,item:268091,0.0,6106600.0,0.0
1587,SDC-1450,item:773474,0.0,134400000.0,9621466.0
1588,M-1430,item:268967,0.0,2910600.0,0.0
1588,M-1810,item:268091,0.0,6106600.0,0.0
1588,SDC-1450,item:773474,0.0,134400000.0,9621466.0
1589,M-1430,item:268967,0.0,2910600.0,0.0
1589,M-1810,item:268091,0.0,6106600.0,0.0
1589,SDC-1450,item:773474,0.0,134400000.0,9621466.0
1590,M-1430,item:268967,0.0,2910600.0,0.0
1590,M-1810,item:268091,0.0,6106600.0,0.0
1590,SDC-1450,item:773474,0.0,134400000.0,9621466.0
1591,M-1430,item:268967,0.0,2910600.0,0.0
1591,M-1810,item:268091,0.0,6106600.0,0.0
1591,SDC-1450,item:773474,0.0,134400000.0,9621466.0
1592,M-1430,item:268967,0.0,2910600.0,0.0
1592,M-1810,item:268091,0.0,6106600.0,0.0
1592,SDC-1450,item:773474,0.0,134400000.0,9621466.0
1593,M-1430,item:268967,0.0,2910600.0,0.0
1593,M-1810,item:268091,0.0,6106600.0,0.0
1593,SDC-1450,item:773474,0.0,134400000.0,9621466.0
1594,M-1430,item:268967,0.0,2910600.0,0.0
1594,M-1810,item:268091,0.0,6106600.0,0.0
1594,SDC-1450,item:773474,0.0,134400000.0,9621466.0
1595,M-1430,item:268967,0.0,2910600.0,0.0
1595,M-1810,item:268091,0.0,6106600.0,0.0
1595,SDC-1450,item:773474,0.0,134400000.0,9621466.0
1596,M-1430,item:268967,0.0,2910600.0,0.0
1596,M-1810,item:268091,0.0,6106600.0,0.0
1596,SDC-1450,item:773474,0.0,134400000.0,9621466.0
1597,M-1430,item:268967,0.0,2910600.0,0.0
1597,M-1810,item:268091,0.0,6106600.0,0.0
1597,SDC-1450,item:773474,0.0,134400000.0,9621466.0
1598,M-1430,item:268967,0.0,2910600.0,0.0
1598,M-1810,item:268091,0.0,6106600.0,0.0
1598,SDC-1450,item:773474,0.0,134400000.0,9621466.0
1599,M-1430,item:268967,0.0,2910600.0,0.0
1599,M-1810,item:268091,0.0,6106600.0,0.0
1599,SDC-1450,item:773474,0.0,134400000.0,9621466.0
1600,M-1430,item:268967,0.0,2910600.0,0.0
1600,M-1810,item:268091,0.0,6106600.0,0.0
1600,SDC-1450,item:773474,0.0,134400000.0,9621466.0
1601,M-1430,item:268967,0.0,2910600.0,0.0
1601,M-1810,item:268091,0.0,6106600.0,0.0
1601,SDC-1450,item:773474,0.0,134400000.0,9621466.0
1602,M-1430,item:268967,0.0,2910600.0,0.0
1602,M-1810,item:268091,0.0,6106600.0,0.0
1602,SDC-1450,item:773474,0.0,134400000.0,9621466.0
1603,M-1430,item:268967,0.0,2910600.0,0.0
1603,M-1810,item:268091,0.0,6106600.0,0.0
1603,SDC-1450,item:773474,0.0,134400000.0,9621466.0
1604,M-1430,item:268967,0.0,2910600.0,0.0
1604,M-1810,item:268091,0.0,6106600.0,0.0
1604,SDC-1450,item:773474,0.0,134400000.0,9621466.0
1605,M-1430,item:268967,0.0,2910600.0,0.0
1605,M-1810,item:268091,0.0,6106600.0,0.0
1605,SDC-1450,item:773474,0.0,134400000.0,9621466.0
1606,M-1430,item:268967,0.0,2910600.0,0.0
1606,M-1810,item:268091,0.0,6106600.0,0.0
1606,SDC-1450,item:773474,0.0,134400000.0,9621466.0
1607,M-1430,item:268967,0.0,2910600.0,0.0
1607,M-1810,item:268091,0.0,6106600.0,0.0
1607,SDC-1450,item:773474,0.0,134400000.0,9621466.0
1608,M-1430,item:268967,0.0,2910600.0,0.0
1608,M-1810,item:268091,0.0,6106600.0,0.0
1608,SDC-1450,item:773474,0.0,134400000.0,9621466.0
1609,M-1430,item:268967,0.0,2910600.0,0.0
1609,M-1810,item:268091,0.0,6106600.0,0.0
1609,SDC-1450,item:773474,0.0,134400000.0,9621466.0
1610,M-1430,item:268967,0.0,2910600.0,0.0
1610,M-1810,item:268091,0.0,6106600.0,0.0
1610,SDC-1450,item:773474,0.0,134400000.0,9621466.0
1611,M-1430,item:268967,0.0,2910600.0,0.0
1611,M-1810,item:268091,0.0,6106600.0,0.0
1611,SDC-1450,item:773474,0.0,134400000.0,9621466.0
1612,M-1430,item:268967,0.0,2910600.0,0.0
1612,M-1810,item:268091,0.0,6106600.0,0.0
1612,SDC-1450,item:773474,0.0,134400000.0,9621466.0
1613,M-1430,item:268967,0.0,2910600.0,0.0
1613,M-1810,item:268091,0.0,6106600.0,0.0
1613,SDC-1450,item:773474,0.0,134400000.0,9621466.0
1614,M-1430,item:268967,0.0,2910600.0,0.0
1614,M-1810,item:268091,0.0,6106600.0,0.0
1614,SDC-1450,item:773474,0.0,134400000.0,9621466.0
1615,M-1430,item:268967,0.0,2910600.0,0.0
1615,M-1810,item:268091,0.0,6106600.0,0.0
1615,SDC-1450,item:773474,0.0,134400000.0,9621466.0
1616,M-1430,item:268967,0.0,2910600.0,0.0
1616,M-1810,item:268091,0.0,6106600.0,0.0
1616,SDC-1450,item:773474,0.0,134400000.0,9621466.0
1617,M-1430,item:268967,0.0,2910600.0,0.0
1617,M-1810,item:268091,0.0,6106600.0,0.0
1617,SDC-1450,item:773474,0.0,134400000.0,9621466.0
1618,M-1430,item:268967,0.0,2910600.0,0.0
1618,M-1810,item:268091,0.0,6106600.0,0.0
1618,SDC-1450,item:773474,0.0,134400000.0,9621466.0
1619,M-1430,item:268967,0.0,2910600.0,0.0
1619,M-1810,item:268091,0.0,6106600.0,0.0
1619,SDC-1450,item:773474,0.0,134400000.0,9621466.0
1620,M-1430,item:268967,0.0,2910600.0,0.0
1620,M-1810,item:268091,0.0,6106600.0,0.0
1620,SDC-1450,item:773474,0.0,134400000.0,9621466.0
1621,M-1430,item:268967,0.0,2910600.0,0.0
1621,M-1810,item:268091,0.0,6106600.0,0.0
1621,SDC-1450,item:773474,0.0,134400000.0,9621466.0
1622,M-1430,item:268967,0.0,2910600.0,0.0
1622,M-1810,item:268091,0.0,6106600.0,0.0
1622,SDC-1450,item:773474,0.0,134400000.0,9621466.0
1623,M-1430,item:268967,0.0,2910600.0,0.0
1623,M-1810,item:268091,0.0,6106600.0,0.0
1623,SDC-1450,item:773474,0.0,134400000.0,9621466.0
1624,M-1430,item:268967,0.0,2910600.0,0.0
1624,M-1810,item:268091,0.0,6106600.0,0.0
1624,SDC-1450,item:773474,0.0,134400000.0,9621466.0
1625,M-1430,item:268967,0.0,2910600.0,0.0
1625,M-1810,item:268091,0.0,6106600.0,0.0
1625,SDC-1450,item:773474,0.0,134400000.0,9621466.0
1626,M-1430,item:268967,0.0,2910600.0,0.0
1626,M-1810,item:268091,0.0,6106600.0,0.0
1626,SDC-1450,item:773474,0.0,134400000.0,9621466.0
1627,M-1430,item:268967,0.0,2910600.0,0.0
1627,M-1810,item:268091,0.0,6106600.0,0.0
1627,SDC-1450,item:773474,0.0,134400000.0,9621466.0
1628,M-1430,item:268967,0.0,2910600.0,0.0
1628,M-1810,item:268091,0.0,6106600.0,0.0
1628,SDC-1450,item:773474,0.0,134400000.0,9621466.0
1629,M-1430,item:268967,0.0,2910600.0,0.0
1629,M-1810,item:268091,0.0,6106600.0,0.0
1629,SDC-1450,item:773474,0.0,134400000.0,9621466.0
1630,M-1430,item:268967,0.0,2910600.0,0.0
1630,M-1810,item:268091,0.0,6106600.0,0.0
1630,SDC-1450,item:773474,0.0,134400000.0,9621466.0
1631,M-1430,item:268967,0.0,2910600.0,0.0
1631,M-1810,item:268091,0.0,6106600.0,0.0
1631,SDC-1450,item:773474,0.0,134400000.0,9621466.0
1632,M-1430,item:268967,0.0,2910600.0,0.0
1632,M-1810,item:268091,0.0,6106600.0,0.0
1632,SDC-1450,item:773474,0.0,134400000.0,9621466.0
1633,M-1430,item:268967,0.0,2910600.0,0.0
1633,M-1810,item:268091,0.0,6106600.0,0.0
1633,SDC-1450,item:773474,0.0,134400000.0,9621466.0
1634,M-1430,item:268967,0.0,2910600.0,0.0
1634,M-1810,item:268091,0.0,6106600.0,0.0
1634,SDC-1450,item:773474,0.0,134400000.0,9621466.0
1635,M-1430,item:268967,0.0,2910600.0,0.0
1635,M-1810,item:268091,0.0,6106600.0,0.0
1635,SDC-1450,item:773474,0.0,134400000.0,9621466.0
1636,M-1430,item:268967,0.0,2910600.0,0.0
1636,M-1810,item:268091,0.0,6106600.0,0.0
1636,SDC-1450,item:773474,0.0,134400000.0,9621466.0
1637,M-1430,item:268967,0.0,2910600.0,0.0
1637,M-1810,item:268091,0.0,6106600.0,0.0
1637,SDC-1450,item:773474,0.0,134400000.0,9621466.0
1638,M-1430,item:268967,0.0,2910600.0,0.0
1638,M-1810,item:268091,0.0,6106600.0,0.0
1638,SDC-1450,item:773474,0.0,134400000.0,9621466.0
1639,M-1430,item:268967,0.0,2910600.0,0.0
1639,M-1810,item:268091,0.0,6106600.0,0.0
1639,SDC-1450,item:773474,0.0,134400000.0,9621466.0
1640,M-1430,item:268967,0.0,2910600.0,0.0
1640,M-1810,item:268091,0.0,6106600.0,0.0
1640,SDC-1450,item:773474,0.0,134400000.0,9621466.0
1641,M-1430,item:268967,0.0,2910600.0,0.0
1641,M-1810,item:268091,0.0,6106600.0,0.0
1641,SDC-1450,item:773474,0.0,134400000.0,9621466.0
1642,M-1430,item:268967,0.0,2910600.0,0.0
1642,M-1810,item:268091,0.0,6106600.0,0.0
1642,SDC-1450,item:773474,0.0,134400000.0,9621466.0
1643,M-1430,item:268967,0.0,2910600.0,0.0
1643,M-1810,item:268091,0.0,6106600.0,0.0
1643,SDC-1450,item:773474,0.0,134400000.0,9621466.0
1644,M-1430,item:268967,0.0,2910600.0,0.0
1644,M-1810,item:268091,0.0,6106600.0,0.0
1644,SDC-1450,item:773474,0.0,134400000.0,9621466.0
1645,M-1430,item:268967,0.0,2910600.0,0.0
1645,M-1810,item:268091,0.0,6106600.0,0.0
1645,SDC-1450,item:773474,0.0,134400000.0,9621466.0
1646,M-1430,item:268967,0.0,2910600.0,0.0
1646,M-1810,item:268091,0.0,6106600.0,0.0
1646,SDC-1450,item:773474,0.0,134400000.0,9621466.0
1647,M-1430,item:268967,0.0,2910600.0,0.0
1647,M-1810,item:268091,0.0,6106600.0,0.0
1647,SDC-1450,item:773474,0.0,134400000.0,9621466.0
1648,M-1430,item:268967,0.0,2910600.0,0.0
1648,M-1810,item:268091,0.0,6106600.0,0.0
1648,SDC-1450,item:773474,0.0,134400000.0,9621466.0
1649,M-1430,item:268967,0.0,2910600.0,0.0
1649,M-1810,item:268091,0.0,6106600.0,0.0
1649,SDC-1450,item:773474,0.0,134400000.0,9621466.0
1650,M-1430,item:268967,0.0,2910600.0,0.0
1650,M-1810,item:268091,0.0,6106600.0,0.0
1650,SDC-1450,item:773474,0.0,134400000.0,9621466.0
1651,M-1430,item:268967,0.0,2910600.0,0.0
1651,M-1810,item:268091,0.0,6106600.0,0.0
1651,SDC-1450,item:773474,0.0,134400000.0,9621466.0
1652,M-1430,item:268967,0.0,2910600.0,0.0
1652,M-1810,item:268091,0.0,6106600.0,0.0
1652,SDC-1450,item:773474,0.0,134400000.0,9621466.0
1653,M-1430,item:268967,0.0,2910600.0,0.0
1653,M-1810,item:268091,0.0,6106600.0,0.0
1653,SDC-1450,item:773474,0.0,134400000.0,9621466.0
1654,M-1430,item:268967,0.0,2910600.0,0.0
1654,M-1810,item:268091,0.0,6106600.0,0.0
1654,SDC-1450,item:773474,0.0,134400000.0,9621466.0
1655,M-1430,item:268967,0.0,2910600.0,0.0
1655,M-1810,item:268091,0.0,6106600.0,0.0
1655,SDC-1450,item:773474,0.0,134400000.0,9621466.0
1656,M-1430,item:268967,0.0,2910600.0,0.0
1656,M-1810,item:268091,0.0,6106600.0,0.0
1656,SDC-1450,item:773474,0.0,134400000.0,9621466.0
1657,M-1430,item:268967,0.0,2910600.0,0.0
1657,M-1810,item:268091,0.0,6106600.0,0.0
1657,SDC-1450,item:773474,0.0,134400000.0,9621466.0
1658,M-1430,item:268967,0.0,2910600.0,0.0
1658,M-1810,item:268091,0.0,6106600.0,0.0
1658,SDC-1450,item:773474,0.0,134400000.0,9621466.0
1659,M-1430,item:268967,0.0,2910600.0,0.0
1659,M-1810,item:268091,0.0,6106600.0,0.0
1659,SDC-1450,item:773474,0.0,134400000.0,9621466.0
1660,M-1430,item:268967,0.0,2910600.0,0.0
1660,M-1810,item:268091,0.0,6106600.0,0.0
1660,SDC-1450,item:773474,0.0,134400000.0,9621466.0
1661,M-1430,item:268967,0.0,2910600.0,0.0
1661,M-1810,item:268091,0.0,6106600.0,0.0
1661,SDC-1450,item:773474,0.0,134400000.0,9621466.0
1662,M-1430,item:268967,0.0,2910600.0,0.0
1662,M-1810,item:268091,0.0,6106600.0,0.0
1662,SDC-1450,item:773474,0.0,134400000.0,9621466.0
1663,M-1430,item:268967,0.0,2910600.0,0.0
1663,M-1810,item:268091,0.0,6106600.0,0.0
1663,SDC-1450,item:773474,0.0,134400000.0,9621466.0
1664,M-1430,item:268967,0.0,2910600.0,0.0
1664,M-1810,item:268091,0.0,6106600.0,0.0
1664,SDC-1450,item:773474,0.0,134400000.0,9621466.0
1665,M-1430,item:268967,0.0,2910600.0,0.0
1665,M-1810,item:268091,0.0,6106600.0,0.0
1665,SDC-1450,item:773474,0.0,134400000.0,9621466.0
1666,M-1430,item:268967,0.0,2910600.0,0.0
1666,M-1810,item:268091,0.0,6106600.0,0.0
1666,SDC-1450,item:773474,0.0,134400000.0,9621466.0
1667,M-1430,item:268967,0.0,2910600.0,0.0
1667,M-1810,item:268091,0.0,6106600.0,0.0
1667,SDC-1450,item:773474,0.0,134400000.0,9621466.0
1668,M-1430,item:268967,0.0,2910600.0,0.0
1668,M-1810,item:268091,0.0,6106600.0,0.0
1668,SDC-1450,item:773474,0.0,134400000.0,9621466.0
1669,M-1430,item:268967,0.0,2910600.0,0.0
1669,M-1810,item:268091,0.0,6106600.0,0.0
1669,SDC-1450,item:773474,0.0,134400000.0,9621466.0
1670,M-1430,item:268967,0.0,2910600.0,0.0
1670,M-1810,item:268091,0.0,6106600.0,0.0
1670,SDC-1450,item:773474,0.0,134400000.0,9621466.0
1671,M-1430,item:268967,0.0,2910600.0,0.0
1671,M-1810,item:268091,0.0,6106600.0,0.0
1671,SDC-1450,item:773474,0.0,134400000.0,9621466.0
1672,M-1430,item:268967,0.0,2910600.0,0.0
1672,M-1810,item:268091,0.0,6106600.0,0.0
1672,SDC-1450,item:773474,0.0,134400000.0,9621466.0
1673,M-1430,item:268967,0.0,2910600.0,0.0
1673,M-1810,item:268091,0.0,6106600.0,0.0
1673,SDC-1450,item:773474,0.0,134400000.0,9621466.0
1674,M-1430,item:268967,0.0,2910600.0,0.0
1674,M-1810,item:268091,0.0,6106600.0,0.0
1674,SDC-1450,item:773474,0.0,134400000.0,9621466.0
1675,M-1430,item:268967,0.0,2910600.0,0.0
1675,M-1810,item:268091,0.0,6106600.0,0.0
1675,SDC-1450,item:773474,0.0,134400000.0,9621466.0
1676,M-1430,item:268967,0.0,2910600.0,0.0
1676,M-1810,item:268091,0.0,6106600.0,0.0
1676,SDC-1450,item:773474,0.0,134400000.0,9621466.0
1677,M-1430,item:268967,0.0,2910600.0,0.0
1677,M-1810,item:268091,0.0,6106600.0,0.0
1677,SDC-1450,item:773474,0.0,134400000.0,9621466.0
1678,M-1430,item:268967,0.0,2910600.0,0.0
1678,M-1810,item:268091,0.0,6106600.0,0.0
1678,SDC-1450,item:773474,0.0,134400000.0,9621466.0
1679,M-1430,item:268967,0.0,2910600.0,0.0
1679,M-1810,item:268091,0.0,6106600.0,0.0
1679,SDC-1450,item:773474,0.0,134400000.0,9621466.0
1680,M-1430,item:268967,0.0,2910600.0,0.0
1680,M-1810,item:268091,0.0,6106600.0,0.0
1680,SDC-1450,item:773474,0.0,134400000.0,9621466.0
1681,M-1430,item:268967,0.0,2910600.0,0.0
1681,M-1810,item:268091,0.0,6106600.0,0.0
1681,SDC-1450,item:773474,0.0,134400000.0,9621466.0
1682,M-1430,item:268967,0.0,2910600.0,0.0
1682,M-1810,item:268091,0.0,6106600.0,0.0
1682,SDC-1450,item:773474,0.0,134400000.0,9621466.0
1683,M-1430,item:268967,0.0,2910600.0,0.0
1683,M-1810,item:268091,0.0,6106600.0,0.0
1683,SDC-1450,item:773474,0.0,134400000.0,9621466.0
1684,M-1430,item:268967,0.0,2910600.0,0.0
1684,M-1810,item:268091,0.0,6106600.0,0.0
1684,SDC-1450,item:773474,0.0,134400000.0,9621466.0
1685,M-1430,item:268967,0.0,2910600.0,0.0
1685,M-1810,item:268091,0.0,6106600.0,0.0
1685,SDC-1450,item:773474,0.0,134400000.0,9621466.0
1686,M-1430,item:268967,0.0,2910600.0,0.0
1686,M-1810,item:268091,0.0,6106600.0,0.0
1686,SDC-1450,item:773474,0.0,134400000.0,9621466.0
1687,M-1430,item:268967,0.0,2910600.0,0.0
1687,M-1810,item:268091,0.0,6106600.0,0.0
1687,SDC-1450,item:773474,0.0,134400000.0,9621466.0
1688,M-1430,item:268967,0.0,2910600.0,0.0
1688,M-1810,item:268091,0.0,6106600.0,0.0
1688,SDC-1450,item:773474,0.0,134400000.0,9621466.0
1689,M-1430,item:268967,0.0,2910600.0,0.0
1689,M-1810,item:268091,0.0,6106600.0,0.0
1689,SDC-1450,item:773474,0.0,134400000.0,9621466.0
1690,M-1430,item:268967,0.0,2910600.0,0.0
1690,M-1810,item:268091,0.0,6106600.0,0.0
1690,SDC-1450,item:773474,0.0,134400000.0,9621466.0
1691,M-1430,item:268967,0.0,2910600.0,0.0
1691,M-1810,item:268091,0.0,6106600.0,0.0
1691,SDC-1450,item:773474,0.0,134400000.0,9621466.0
1692,M-1430,item:268967,0.0,2910600.0,0.0
1692,M-1810,item:268091,0.0,6106600.0,0.0
1692,SDC-1450,item:773474,0.0,134400000.0,9621466.0
1693,M-1430,item:268967,0.0,2910600.0,0.0
1693,M-1810,item:268091,0.0,6106600.0,0.0
1693,SDC-1450,item:773474,0.0,134400000.0,9621466.0
1694,M-1430,item:268967,0.0,2910600.0,0.0
1694,M-1810,item:268091,0.0,6106600.0,0.0
1694,SDC-1450,item:773474,0.0,134400000.0,9621466.0
1695,M-1430,item:268967,0.0,2910600.0,0.0
1695,M-1810,item:268091,0.0,6106600.0,0.0
1695,SDC-1450,item:773474,0.0,134400000.0,9621466.0
1696,M-1430,item:268967,0.0,2910600.0,0.0
1696,M-1810,item:268091,0.0,6106600.0,0.0
1696,SDC-1450,item:773474,0.0,134400000.0,9621466.0
1697,M-1430,item:268967,0.0,2910600.0,0.0
1697,M-1810,item:268091,0.0,6106600.0,0.0
1697,SDC-1450,item:773474,0.0,134400000.0,9621466.0
1698,M-1430,item:268967,0.0,2910600.0,0.0
1698,M-1810,item:268091,0.0,6106600.0,0.0
1698,SDC-1450,item:773474,0.0,134400000.0,9621466.0
1699,M-1430,item:268967,0.0,2910600.0,0.0
1699,M-1810,item:268091,0.0,6106600.0,0.0
1699,SDC-1450,item:773474,0.0,134400000.0,9621466.0
1700,M-1430,item:268967,0.0,2910600.0,0.0
1700,M-1810,item:268091,0.0,6106600.0,0.0
1700,SDC-1450,item:773474,0.0,134400000.0,9621466.0
1701,M-1430,item:268967,0.0,2910600.0,0.0
1701,M-1810,item:268091,0.0,6106600.0,0.0
1701,SDC-1450,item:773474,0.0,134400000.0,9621466.0
1702,M-1430,item:268967,0.0,2910600.0,0.0
1702,M-1810,item:268091,0.0,6106600.0,0.0
1702,SDC-1450,item:773474,0.0,134400000.0,9621466.0
1703,M-1430,item:268967,0.0,2910600.0,0.0
1703,M-1810,item:268091,0.0,6106600.0,0.0
1703,SDC-1450,item:773474,0.0,134400000.0,9621466.0
1704,M-1430,item:268967,0.0,2910600.0,0.0
1704,M-1810,item:268091,0.0,6106600.0,0.0
1704,SDC-1450,item:773474,0.0,134400000.0,9621466.0
1705,M-1430,item:268967,0.0,2910600.0,0.0
1705,M-1810,item:268091,0.0,6106600.0,0.0
1705,SDC-1450,item:773474,0.0,134400000.0,9621466.0
1706,M-1430,item:268967,0.0,2910600.0,0.0
1706,M-1810,item:268091,0.0,6106600.0,0.0
1706,SDC-1450,item:773474,0.0,134400000.0,9621466.0
1707,M-1430,item:268967,0.0,2910600.0,0.0
1707,M-1810,item:268091,0.0,6106600.0,0.0
1707,SDC-1450,item:773474,0.0,134400000.0,9621466.0
1708,M-1430,item:268967,0.0,2910600.0,0.0
1708,M-1810,item:268091,0.0,6106600.0,0.0
1708,SDC-1450,item:773474,0.0,134400000.0,9621466.0
1709,M-1430,item:268967,0.0,2910600.0,0.0
1709,M-1810,item:268091,0.0,6106600.0,0.0
1709,SDC-1450,item:773474,0.0,134400000.0,9621466.0
1710,M-1430,item:268967,0.0,2910600.0,0.0
1710,M-1810,item:268091,0.0,6106600.0,0.0
1710,SDC-1450,item:773474,0.0,134400000.0,9621466.0
1711,M-1430,item:268967,0.0,2910600.0,0.0
1711,M-1810,item:268091,0.0,6106600.0,0.0
1711,SDC-1450,item:773474,0.0,134400000.0,9621466.0
1712,M-1430,item:268967,0.0,2910600.0,0.0
1712,M-1810,item:268091,0.0,6106600.0,0.0
1712,SDC-1450,item:773474,0.0,134400000.0,9621466.0
1713,M-1430,item:268967,0.0,2910600.0,0.0
1713,M-1810,item:268091,0.0,6106600.0,0.0
1713,SDC-1450,item:773474,0.0,134400000.0,9621466.0
1714,M-1430,item:268967,0.0,2910600.0,0.0
1714,M-1810,item:268091,0.0,6106600.0,0.0
1714,SDC-1450,item:773474,0.0,134400000.0,9621466.0
1715,M-1430,item:268967,0.0,2910600.0,0.0
1715,M-1810,item:268091,0.0,6106600.0,0.0
1715,SDC-1450,item:773474,0.0,134400000.0,9621466.0
1716,M-1430,item:268967,0.0,2910600.0,0.0
1716,M-1810,item:268091,0.0,6106600.0,0.0
1716,SDC-1450,item:773474,0.0,134400000.0,9621466.0
1717,M-1430,item:268967,0.0,2910600.0,0.0
1717,M-1810,item:268091,0.0,6106600.0,0.0
1717,SDC-1450,item:773474,0.0,134400000.0,9621466.0
1718,M-1430,item:268967,0.0,2910600.0,0.0
1718,M-1810,item:268091,0.0,6106600.0,0.0
1718,SDC-1450,item:773474,0.0,134400000.0,9621466.0
1719,M-1430,item:268967,0.0,2910600.0,0.0
1719,M-1810,item:268091,0.0,6106600.0,0.0
1719,SDC-1450,item:773474,0.0,134400000.0,9621466.0
1720,M-1430,item:268967,0.0,2910600.0,0.0
1720,M-1810,item:268091,0.0,6106600.0,0.0
1720,SDC-1450,item:773474,0.0,134400000.0,9621466.0
1721,M-1430,item:268967,0.0,2910600.0,0.0
1721,M-1810,item:268091,0.0,6106600.0,0.0
1721,SDC-1450,item:773474,0.0,134400000.0,9621466.0
1722,M-1430,item:268967,0.0,2910600.0,0.0
1722,M-1810,item:268091,0.0,6106600.0,0.0
1722,SDC-1450,item:773474,0.0,134400000.0,9621466.0
1723,M-1430,item:268967,0.0,2910600.0,0.0
1723,M-1810,item:268091,0.0,6106600.0,0.0
1723,SDC-1450,item:773474,0.0,134400000.0,9621466.0
1724,M-1430,item:268967,0.0,2910600.0,0.0
1724,M-1810,item:268091,0.0,6106600.0,0.0
1724,SDC-1450,item:773474,0.0,134400000.0,9621466.0
1725,M-1430,item:268967,0.0,2910600.0,0.0
1725,M-1810,item:268091,0.0,6106600.0,0.0
1725,SDC-1450,item:773474,0.0,134400000.0,9621466.0
1726,M-1430,item:268967,0.0,2910600.0,0.0
1726,M-1810,item:268091,0.0,6106600.0,0.0
1726,SDC-1450,item:773474,0.0,134400000.0,9621466.0
1727,M-1430,item:268967,0.0,2910600.0,0.0
1727,M-1810,item:268091,0.0,6106600.0,0.0
1727,SDC-1450,item:773474,0.0,134400000.0,9621466.0
1728,M-1430,item:268967,0.0,2910600.0,0.0
1728,M-1810,item:268091,0.0,6106600.0,0.0
1728,SDC-1450,item:773474,0.0,134400000.0,9621466.0
1729,M-1430,item:268967,0.0,2910600.0,0.0
1729,M-1810,item:268091,0.0,6106600.0,0.0
1729,SDC-1450,item:773474,0.0,134400000.0,9621466.0
1730,M-1430,item:268967,0.0,2910600.0,0.0
1730,M-1810,item:268091,0.0,6106600.0,0.0
1730,SDC-1450,item:773474,0.0,134400000.0,9621466.0
1731,M-1430,item:268967,0.0,2910600.0,0.0
1731,M-1810,item:268091,0.0,6106600.0,0.0
1731,SDC-1450,item:773474,0.0,134400000.0,9621466.0
1732,M-1430,item:268967,0.0,2910600.0,0.0
1732,M-1810,item:268091,0.0,6106600.0,0.0
1732,SDC-1450,item:773474,0.0,134400000.0,9621466.0
1733,M-1430,item:268967,0.0,2910600.0,0.0
1733,M-1810,item:268091,0.0,6106600.0,0.0
1733,SDC-1450,item:773474,0.0,134400000.0,9621466.0
1734,M-1430,item:268967,0.0,2910600.0,0.0
1734,M-1810,item:268091,0.0,6106600.0,0.0
1734,SDC-1450,item:773474,0.0,134400000.0,9621466.0
1735,M-1430,item:268967,0.0,2910600.0,0.0
1735,M-1810,item:268091,0.0,6106600.0,0.0
1735,SDC-1450,item:773474,0.0,134400000.0,9621466.0
1736,M-1430,item:268967,0.0,2910600.0,0.0
1736,M-1810,item:268091,0.0,6106600.0,0.0
1736,SDC-1450,item:773474,0.0,134400000.0,9621466.0
1737,M-1430,item:268967,0.0,2910600.0,0.0
1737,M-1810,item:268091,0.0,6106600.0,0.0
1737,SDC-1450,item:773474,0.0,134400000.0,9621466.0
1738,M-1430,item:268967,0.0,2910600.0,0.0
1738,M-1810,item:268091,0.0,6106600.0,0.0
1738,SDC-1450,item:773474,0.0,134400000.0,9621466.0
1739,M-1430,item:268967,0.0,2910600.0,0.0
1739,M-1810,item:268091,0.0,6106600.0,0.0
1739,SDC-1450,item:773474,0.0,134400000.0,9621466.0
1740,M-1430,item:268967,0.0,2910600.0,0.0
1740,M-1810,item:268091,0.0,6106600.0,0.0
1740,SDC-1450,item:773474,0.0,134400000.0,9621466.0
1741,M-1430,item:268967,0.0,2910600.0,0.0
1741,M-1810,item:268091,0.0,6106600.0,0.0
1741,SDC-1450,item:773474,0.0,134400000.0,9621466.0
1742,M-1430,item:268967,0.0,2910600.0,0.0
1742,M-1810,item:268091,0.0,6106600.0,0.0
1742,SDC-1450,item:773474,0.0,134400000.0,9621466.0
1743,M-1430,item:268967,0.0,2910600.0,0.0
1743,M-1810,item:268091,0.0,6106600.0,0.0
1743,SDC-1450,item:773474,0.0,134400000.0,9621466.0
1744,M-1430,item:268967,0.0,2910600.0,0.0
1744,M-1810,item:268091,0.0,6106600.0,0.0
1744,SDC-1450,item:773474,0.0,134400000.0,9621466.0
1745,M-1430,item:268967,0.0,2910600.0,0.0
1745,M-1810,item:268091,0.0,6106600.0,0.0
1745,SDC-1450,item:773474,0.0,134400000.0,9621466.0
1746,M-1430,item:268967,0.0,2910600.0,0.0
1746,M-1810,item:268091,0.0,6106600.0,0.0
1746,SDC-1450,item:773474,0.0,134400000.0,9621466.0
1747,M-1430,item:268967,0.0,2910600.0,0.0
1747,M-1810,item:268091,0.0,6106600.0,0.0
1747,SDC-1450,item:773474,0.0,134400000.0,9621466.0
1748,M-1430,item:268967,0.0,2910600.0,0.0
1748,M-1810,item:268091,0.0,6106600.0,0.0
1748,SDC-1450,item:773474,0.0,134400000.0,9621466.0
1749,M-1430,item:268967,0.0,2910600.0,0.0
1749,M-1810,item:268091,0.0,6106600.0,0.0
1749,SDC-1450,item:773474,0.0,134400000.0,9621466.0
1750,M-1430,item:268967,0.0,2910600.0,0.0
1750,M-1810,item:268091,0.0,6106600.0,0.0
1750,SDC-1450,item:773474,0.0,134400000.0,9621466.0
1751,M-1430,item:268967,0.0,2910600.0,0.0
1751,M-1810,item:268091,0.0,6106600.0,0.0
1751,SDC-1450,item:773474,0.0,134400000.0,9621466.0
1752,M-1430,item:268967,0.0,2910600.0,0.0
1752,M-1810,item:268091,0.0,6106600.0,0.0
1752,SDC-1450,item:773474,0.0,134400000.0,9621466.0
1753,M-1430,item:268967,0.0,2910600.0,0.0
1753,M-1810,item:268091,0.0,6106600.0,0.0
1753,SDC-1450,item:773474,0.0,134400000.0,9621466.0
1754,M-1430,item:268967,0.0,2910600.0,0.0
1754,M-1810,item:268091,0.0,6106600.0,0.0
1754,SDC-1450,item:773474,0.0,134400000.0,9621466.0
1755,M-1430,item:268967,0.0,2910600.0,0.0
1755,M-1810,item:268091,0.0,6106600.0,0.0
1755,SDC-1450,item:773474,0.0,134400000.0,9621466.0
1756,M-1430,item:268967,0.0,2910600.0,0.0
1756,M-1810,item:268091,0.0,6106600.0,0.0
1756,SDC-1450,item:773474,0.0,134400000.0,9621466.0
1757,M-1430,item:268967,0.0,2910600.0,0.0
1757,M-1810,item:268091,0.0,6106600.0,0.0
1757,SDC-1450,item:773474,0.0,134400000.0,9621466.0
1758,M-1430,item:268967,0.0,2910600.0,0.0
1758,M-1810,item:268091,0.0,6106600.0,0.0
1758,SDC-1450,item:773474,0.0,134400000.0,9621466.0
1759,M-1430,item:268967,0.0,2910600.0,0.0
1759,M-1810,item:268091,0.0,6106600.0,0.0
1759,SDC-1450,item:773474,0.0,134400000.0,9621466.0
1760,M-1430,item:268967,0.0,2910600.0,0.0
1760,M-1810,item:268091,0.0,6106600.0,0.0
1760,SDC-1450,item:773474,0.0,134400000.0,9621466.0
1761,M-1430,item:268967,0.0,2910600.0,0.0
1761,M-1810,item:268091,0.0,6106600.0,0.0
1761,SDC-1450,item:773474,0.0,134400000.0,9621466.0
1762,M-1430,item:268967,0.0,2910600.0,0.0
1762,M-1810,item:268091,0.0,6106600.0,0.0
1762,SDC-1450,item:773474,0.0,134400000.0,9621466.0
1763,M-1430,item:268967,0.0,2910600.0,0.0
1763,M-1810,item:268091,0.0,6106600.0,0.0
1763,SDC-1450,item:773474,0.0,134400000.0,9621466.0
1764,M-1430,item:268967,0.0,2910600.0,0.0
1764,M-1810,item:268091,0.0,6106600.0,0.0
1764,SDC-1450,item:773474,0.0,134400000.0,9621466.0
1765,M-1430,item:268967,0.0,2910600.0,0.0
1765,M-1810,item:268091,0.0,6106600.0,0.0
1765,SDC-1450,item:773474,0.0,134400000.0,9621466.0
1766,M-1430,item:268967,0.0,2910600.0,0.0
1766,M-1810,item:268091,0.0,6106600.0,0.0
1766,SDC-1450,item:773474,0.0,134400000.0,9621466.0
1767,M-1430,item:268967,0.0,2910600.0,0.0
1767,M-1810,item:268091,0.0,6106600.0,0.0
1767,SDC-1450,item:773474,0.0,134400000.0,9621466.0
1768,M-1430,item:268967,0.0,2910600.0,0.0
1768,M-1810,item:268091,0.0,6106600.0,0.0
1768,SDC-1450,item:773474,0.0,134400000.0,9621466.0
1769,M-1430,item:268967,0.0,2910600.0,0.0
1769,M-1810,item:268091,0.0,6106600.0,0.0
1769,SDC-1450,item:773474,0.0,134400000.0,9621466.0
1770,M-1430,item:268967,0.0,2910600.0,0.0
1770,M-1810,item:268091,0.0,6106600.0,0.0
1770,SDC-1450,item:773474,0.0,134400000.0,9621466.0
1771,M-1430,item:268967,0.0,2910600.0,0.0
1771,M-1810,item:268091,0.0,6106600.0,0.0
1771,SDC-1450,item:773474,0.0,134400000.0,9621466.0
1772,M-1430,item:268967,0.0,2910600.0,0.0
1772,M-1810,item:268091,0.0,6106600.0,0.0
1772,SDC-1450,item:773474,0.0,134400000.0,9621466.0
1773,M-1430,item:268967,0.0,2910600.0,0.0
1773,M-1810,item:268091,0.0,6106600.0,0.0
1773,SDC-1450,item:773474,0.0,134400000.0,9621466.0
1774,M-1430,item:268967,0.0,2910600.0,0.0
1774,M-1810,item:268091,0.0,6106600.0,0.0
1774,SDC-1450,item:773474,0.0,134400000.0,9621466.0
1775,M-1430,item:268967,0.0,2910600.0,0.0
1775,M-1810,item:268091,0.0,6106600.0,0.0
1775,SDC-1450,item:773474,0.0,134400000.0,9621466.0
1776,M-1430,item:268967,0.0,2910600.0,0.0
1776,M-1810,item:268091,0.0,6106600.0,0.0
1776,SDC-1450,item:773474,0.0,134400000.0,9621466.0
1777,M-1430,item:268967,0.0,2910600.0,0.0
1777,M-1810,item:268091,0.0,6106600.0,0.0
1777,SDC-1450,item:773474,0.0,134400000.0,9621466.0
1778,M-1430,item:268967,0.0,2910600.0,0.0
1778,M-1810,item:268091,0.0,6106600.0,0.0
1778,SDC-1450,item:773474,0.0,134400000.0,9621466.0
1779,M-1430,item:268967,0.0,2910600.0,0.0
1779,M-1810,item:268091,0.0,6106600.0,0.0
1779,SDC-1450,item:773474,0.0,134400000.0,9621466.0
1780,M-1430,item:268967,0.0,2910600.0,0.0
1780,M-1810,item:268091,0.0,6106600.0,0.0
1780,SDC-1450,item:773474,0.0,134400000.0,9621466.0
1781,M-1430,item:268967,0.0,2910600.0,0.0
1781,M-1810,item:268091,0.0,6106600.0,0.0
1781,SDC-1450,item:773474,0.0,134400000.0,9621466.0
1782,M-1430,item:268967,0.0,2910600.0,0.0
1782,M-1810,item:268091,0.0,6106600.0,0.0
1782,SDC-1450,item:773474,0.0,134400000.0,9621466.0
1783,M-1430,item:268967,0.0,2910600.0,0.0
1783,M-1810,item:268091,0.0,6106600.0,0.0
1783,SDC-1450,item:773474,0.0,134400000.0,9621466.0
1784,M-1430,item:268967,0.0,2910600.0,0.0
1784,M-1810,item:268091,0.0,6106600.0,0.0
1784,SDC-1450,item:773474,0.0,134400000.0,9621466.0
1785,M-1430,item:268967,0.0,2910600.0,0.0
1785,M-1810,item:268091,0.0,6106600.0,0.0
1785,SDC-1450,item:773474,0.0,134400000.0,9621466.0
1786,M-1430,item:268967,0.0,2910600.0,0.0
1786,M-1810,item:268091,0.0,6106600.0,0.0
1786,SDC-1450,item:773474,0.0,134400000.0,9621466.0
1787,M-1430,item:268967,0.0,2910600.0,0.0
1787,M-1810,item:268091,0.0,6106600.0,0.0
1787,SDC-1450,item:773474,0.0,134400000.0,9621466.0
1788,M-1430,item:268967,0.0,2910600.0,0.0
1788,M-1810,item:268091,0.0,6106600.0,0.0
1788,SDC-1450,item:773474,0.0,134400000.0,9621466.0
1789,M-1430,item:268967,0.0,2910600.0,0.0
1789,M-1810,item:268091,0.0,6106600.0,0.0
1789,SDC-1450,item:773474,0.0,134400000.0,9621466.0
1790,M-1430,item:268967,0.0,2910600.0,0.0
1790,M-1810,item:268091,0.0,6106600.0,0.0
1790,SDC-1450,item:773474,0.0,134400000.0,9621466.0
1791,M-1430,item:268967,0.0,2910600.0,0.0
1791,M-1810,item:268091,0.0,6106600.0,0.0
1791,SDC-1450,item:773474,0.0,134400000.0,9621466.0
1792,M-1430,item:268967,0.0,2910600.0,0.0
1792,M-1810,item:268091,0.0,6106600.0,0.0
1792,SDC-1450,item:773474,0.0,134400000.0,9621466.0
1793,M-1430,item:268967,0.0,2910600.0,0.0
1793,M-1810,item:268091,0.0,6106600.0,0.0
1793,SDC-1450,item:773474,0.0,134400000.0,9621466.0
1794,M-1430,item:268967,0.0,2910600.0,0.0
1794,M-1810,item:268091,0.0,6106600.0,0.0
1794,SDC-1450,item:773474,0.0,134400000.0,9621466.0
1795,M-1430,item:268967,0.0,2910600.0,0.0
1795,M-1810,item:268091,0.0,6106600.0,0.0
1795,SDC-1450,item:773474,0.0,134400000.0,9621466.0
1796,M-1430,item:268967,0.0,2910600.0,0.0
1796,M-1810,item:268091,0.0,6106600.0,0.0
1796,SDC-1450,item:773474,0.0,134400000.0,9621466.0
1797,M-1430,item:268967,0.0,2910600.0,0.0
1797,M-1810,item:268091,0.0,6106600.0,0.0
1797,SDC-1450,item:773474,0.0,134400000.0,9621466.0
1798,M-1430,item:268967,0.0,2910600.0,0.0
1798,M-1810,item:268091,0.0,6106600.0,0.0
1798,SDC-1450,item:773474,0.0,134400000.0,9621466.0
1799,M-1430,item:268967,0.0,2910600.0,0.0
1799,M-1810,item:268091,0.0,6106600.0,0.0
1799,SDC-1450,item:773474,0.0,134400000.0,9621466.0
1800,M-1430,item:268967,0.0,2910600.0,0.0
1800,M-1810,item:268091,0.0,6106600.0,0.0
1800,SDC-1450,item:773474,0.0,134400000.0,9621466.0
1801,M-1430,item:268967,0.0,2910600.0,0.0
1801,M-1810,item:268091,0.0,6106600.0,0.0
1801,SDC-1450,item:773474,0.0,134400000.0,9621466.0
1802,M-1430,item:268967,0.0,2910600.0,0.0
1802,M-1810,item:268091,0.0,6106600.0,0.0
1802,SDC-1450,item:773474,0.0,134400000.0,9621466.0
1803,M-1430,item:268967,0.0,2910600.0,0.0
1803,M-1810,item:268091,0.0,6106600.0,0.0
1803,SDC-1450,item:773474,0.0,134400000.0,9621466.0
1804,M-1430,item:268967,0.0,2910600.0,0.0
1804,M-1810,item:268091,0.0,6106600.0,0.0
1804,SDC-1450,item:773474,0.0,134400000.0,9621466.0
1805,M-1430,item:268967,0.0,2910600.0,0.0
1805,M-1810,item:268091,0.0,6106600.0,0.0
1805,SDC-1450,item:773474,0.0,134400000.0,9621466.0
1806,M-1430,item:268967,0.0,2910600.0,0.0
1806,M-1810,item:268091,0.0,6106600.0,0.0
1806,SDC-1450,item:773474,0.0,134400000.0,9621466.0
1807,M-1430,item:268967,0.0,2910600.0,0.0
1807,M-1810,item:268091,0.0,6106600.0,0.0
1807,SDC-1450,item:773474,0.0,134400000.0,9621466.0
1808,M-1430,item:268967,0.0,2910600.0,0.0
1808,M-1810,item:268091,0.0,6106600.0,0.0
1808,SDC-1450,item:773474,0.0,134400000.0,9621466.0
1809,M-1430,item:268967,0.0,2910600.0,0.0
1809,M-1810,item:268091,0.0,6106600.0,0.0
1809,SDC-1450,item:773474,0.0,134400000.0,9621466.0
1810,M-1430,item:268967,0.0,2910600.0,0.0
1810,M-1810,item:268091,0.0,6106600.0,0.0
1810,SDC-1450,item:773474,0.0,134400000.0,9621466.0
1811,M-1430,item:268967,0.0,2910600.0,0.0
1811,M-1810,item:268091,0.0,6106600.0,0.0
1811,SDC-1450,item:773474,0.0,134400000.0,9621466.0
1812,M-1430,item:268967,0.0,2910600.0,0.0
1812,M-1810,item:268091,0.0,6106600.0,0.0
1812,SDC-1450,item:773474,0.0,134400000.0,9621466.0
1813,M-1430,item:268967,0.0,2910600.0,0.0
1813,M-1810,item:268091,0.0,6106600.0,0.0
1813,SDC-1450,item:773474,0.0,134400000.0,9621466.0
1814,M-1430,item:268967,0.0,2910600.0,0.0
1814,M-1810,item:268091,0.0,6106600.0,0.0
1814,SDC-1450,item:773474,0.0,134400000.0,9621466.0
1815,M-1430,item:268967,0.0,2910600.0,0.0
1815,M-1810,item:268091,0.0,6106600.0,0.0
1815,SDC-1450,item:773474,0.0,134400000.0,9621466.0
1816,M-1430,item:268967,0.0,2910600.0,0.0
1816,M-1810,item:268091,0.0,6106600.0,0.0
1816,SDC-1450,item:773474,0.0,134400000.0,9621466.0
1817,M-1430,item:268967,0.0,2910600.0,0.0
1817,M-1810,item:268091,0.0,6106600.0,0.0
1817,SDC-1450,item:773474,0.0,134400000.0,9621466.0
1818,M-1430,item:268967,0.0,2910600.0,0.0
1818,M-1810,item:268091,0.0,6106600.0,0.0
1818,SDC-1450,item:773474,0.0,134400000.0,9621466.0
1819,M-1430,item:268967,0.0,2910600.0,0.0
1819,M-1810,item:268091,0.0,6106600.0,0.0
1819,SDC-1450,item:773474,0.0,134400000.0,9621466.0
1820,M-1430,item:268967,0.0,2910600.0,0.0
1820,M-1810,item:268091,0.0,6106600.0,0.0
1820,SDC-1450,item:773474,0.0,134400000.0,9621466.0
1821,M-1430,item:268967,0.0,2910600.0,0.0
1821,M-1810,item:268091,0.0,6106600.0,0.0
1821,SDC-1450,item:773474,0.0,134400000.0,9621466.0
1822,M-1430,item:268967,0.0,2910600.0,0.0
1822,M-1810,item:268091,0.0,6106600.0,0.0
1822,SDC-1450,item:773474,0.0,134400000.0,9621466.0
1823,M-1430,item:268967,0.0,2910600.0,0.0
1823,M-1810,item:268091,0.0,6106600.0,0.0
1823,SDC-1450,item:773474,0.0,134400000.0,9621466.0
1824,M-1430,item:268967,0.0,2910600.0,0.0
1824,M-1810,item:268091,0.0,6106600.0,0.0
1824,SDC-1450,item:773474,0.0,134400000.0,9621466.0
