node_id,item_id,total_demand,total_served,fill_rate,short_days,max_backlog
C-XXXXX,268091,17882210.00002497,17882210.00002497,1.0,1,950.0
C-XXXXX,268967,7879929.999864994,7879929.999865991,1.0000000000001266,8,32668.428573
