day,supplier_id,dst_node_id,item_id,edge_id,event_ids,stock_multiplier,capacity_multiplier,lead_time_multiplier,lead_time_extra_days,quality_delay_days,reliability_multiplier,quality_yield_multiplier,availability_multiplier,purchase_cost_multiplier,transport_cost_multiplier,external_capacity_multiplier,external_availability_multiplier,external_lead_time_multiplier,external_lead_time_extra_days,external_quality_yield_multiplier,external_cost_multiplier,stock_writeoff_fraction
0,DC-1920,C-XXXXX,item:268967,edge:DC-1910_TO_C-XXXXX_268967,dc_customer_pf_delay_plus_45_90d_lead_time_extra_days_DC_1920_268967,1.0,1.0,1.0,45.0,0.0,1.0,1.0,1.0,1.0,1.0,1.0,1.0,1.0,0.0,1.0,1.0,0.0
1,DC-1920,C-XXXXX,item:268967,edge:DC-1910_TO_C-XXXXX_268967,dc_customer_pf_delay_plus_45_90d_lead_time_extra_days_DC_1920_268967,1.0,1.0,1.0,45.0,0.0,1.0,1.0,1.0,1.0,1.0,1.0,1.0,1.0,0.0,1.0,1.0,0.0
2,DC-1920,C-XXXXX,item:268967,edge:DC-1910_TO_C-XXXXX_268967,dc_customer_pf_delay_plus_45_90d_lead_time_extra_days_DC_1920_268967,1.0,1.0,1.0,45.0,0.0,1.0,1.0,1.0,1.0,1.0,1.0,1.0,1.0,0.0,1.0,1.0,0.0
3,DC-1920,C-XXXXX,item:268967,edge:DC-1910_TO_C-XXXXX_268967,dc_customer_pf_delay_plus_45_90d_lead_time_extra_days_DC_1920_268967,1.0,1.0,1.0,45.0,0.0,1.0,1.0,1.0,1.0,1.0,1.0,1.0,1.0,0.0,1.0,1.0,0.0
4,DC-1920,C-XXXXX,item:268967,edge:DC-1910_TO_C-XXXXX_268967,dc_customer_pf_delay_plus_45_90d_lead_time_extra_days_DC_1920_268967,1.0,1.0,1.0,45.0,0.0,1.0,1.0,1.0,1.0,1.0,1.0,1.0,1.0,0.0,1.0,1.0,0.0
5,DC-1920,C-XXXXX,item:268967,edge:DC-1910_TO_C-XXXXX_268967,dc_customer_pf_delay_plus_45_90d_lead_time_extra_days_DC_1920_268967,1.0,1.0,1.0,45.0,0.0,1.0,1.0,1.0,1.0,1.0,1.0,1.0,1.0,0.0,1.0,1.0,0.0
6,DC-1920,C-XXXXX,item:268967,edge:DC-1910_TO_C-XXXXX_268967,dc_customer_pf_delay_plus_45_90d_lead_time_extra_days_DC_1920_268967,1.0,1.0,1.0,45.0,0.0,1.0,1.0,1.0,1.0,1.0,1.0,1.0,1.0,0.0,1.0,1.0,0.0
7,DC-1920,C-XXXXX,item:268967,edge:DC-1910_TO_C-XXXXX_268967,dc_customer_pf_delay_plus_45_90d_lead_time_extra_days_DC_1920_268967,1.0,1.0,1.0,45.0,0.0,1.0,1.0,1.0,1.0,1.0,1.0,1.0,1.0,0.0,1.0,1.0,0.0
8,DC-1920,C-XXXXX,item:268967,edge:DC-1910_TO_C-XXXXX_268967,dc_customer_pf_delay_plus_45_90d_lead_time_extra_days_DC_1920_268967,1.0,1.0,1.0,45.0,0.0,1.0,1.0,1.0,1.0,1.0,1.0,1.0,1.0,0.0,1.0,1.0,0.0
9,DC-1920,C-XXXXX,item:268967,edge:DC-1910_TO_C-XXXXX_268967,dc_customer_pf_delay_plus_45_90d_lead_time_extra_days_DC_1920_268967,1.0,1.0,1.0,45.0,0.0,1.0,1.0,1.0,1.0,1.0,1.0,1.0,1.0,0.0,1.0,1.0,0.0
10,DC-1920,C-XXXXX,item:268967,edge:DC-1910_TO_C-XXXXX_268967,dc_customer_pf_delay_plus_45_90d_lead_time_extra_days_DC_1920_268967,1.0,1.0,1.0,45.0,0.0,1.0,1.0,1.0,1.0,1.0,1.0,1.0,1.0,0.0,1.0,1.0,0.0
11,DC-1920,C-XXXXX,item:268967,edge:DC-1910_TO_C-XXXXX_268967,dc_customer_pf_delay_plus_45_90d_lead_time_extra_days_DC_1920_268967,1.0,1.0,1.0,45.0,0.0,1.0,1.0,1.0,1.0,1.0,1.0,1.0,1.0,0.0,1.0,1.0,0.0
12,DC-1920,C-XXXXX,item:268967,edge:DC-1910_TO_C-XXXXX_268967,dc_customer_pf_delay_plus_45_90d_lead_time_extra_days_DC_1920_268967,1.0,1.0,1.0,45.0,0.0,1.0,1.0,1.0,1.0,1.0,1.0,1.0,1.0,0.0,1.0,1.0,0.0
13,DC-1920,C-XXXXX,item:268967,edge:DC-1910_TO_C-XXXXX_268967,dc_customer_pf_delay_plus_45_90d_lead_time_extra_days_DC_1920_268967,1.0,1.0,1.0,45.0,0.0,1.0,1.0,1.0,1.0,1.0,1.0,1.0,1.0,0.0,1.0,1.0,0.0
14,DC-1920,C-XXXXX,item:268967,edge:DC-1910_TO_C-XXXXX_268967,dc_customer_pf_delay_plus_45_90d_lead_time_extra_days_DC_1920_268967,1.0,1.0,1.0,45.0,0.0,1.0,1.0,1.0,1.0,1.0,1.0,1.0,1.0,0.0,1.0,1.0,0.0
15,DC-1920,C-XXXXX,item:268967,edge:DC-1910_TO_C-XXXXX_268967,dc_customer_pf_delay_plus_45_90d_lead_time_extra_days_DC_1920_268967,1.0,1.0,1.0,45.0,0.0,1.0,1.0,1.0,1.0,1.0,1.0,1.0,1.0,0.0,1.0,1.0,0.0
16,DC-1920,C-XXXXX,item:268967,edge:DC-1910_TO_C-XXXXX_268967,dc_customer_pf_delay_plus_45_90d_lead_time_extra_days_DC_1920_268967,1.0,1.0,1.0,45.0,0.0,1.0,1.0,1.0,1.0,1.0,1.0,1.0,1.0,0.0,1.0,1.0,0.0
17,DC-1920,C-XXXXX,item:268967,edge:DC-1910_TO_C-XXXXX_268967,dc_customer_pf_delay_plus_45_90d_lead_time_extra_days_DC_1920_268967,1.0,1.0,1.0,45.0,0.0,1.0,1.0,1.0,1.0,1.0,1.0,1.0,1.0,0.0,1.0,1.0,0.0
18,DC-1920,C-XXXXX,item:268967,edge:DC-1910_TO_C-XXXXX_268967,dc_customer_pf_delay_plus_45_90d_lead_time_extra_days_DC_1920_268967,1.0,1.0,1.0,45.0,0.0,1.0,1.0,1.0,1.0,1.0,1.0,1.0,1.0,0.0,1.0,1.0,0.0
19,DC-1920,C-XXXXX,item:268967,edge:DC-1910_TO_C-XXXXX_268967,dc_customer_pf_delay_plus_45_90d_lead_time_extra_days_DC_1920_268967,1.0,1.0,1.0,45.0,0.0,1.0,1.0,1.0,1.0,1.0,1.0,1.0,1.0,0.0,1.0,1.0,0.0
20,DC-1920,C-XXXXX,item:268967,edge:DC-1910_TO_C-XXXXX_268967,dc_customer_pf_delay_plus_45_90d_lead_time_extra_days_DC_1920_268967,1.0,1.0,1.0,45.0,0.0,1.0,1.0,1.0,1.0,1.0,1.0,1.0,1.0,0.0,1.0,1.0,0.0
21,DC-1920,C-XXXXX,item:268967,edge:DC-1910_TO_C-XXXXX_268967,dc_customer_pf_delay_plus_45_90d_lead_time_extra_days_DC_1920_268967,1.0,1.0,1.0,45.0,0.0,1.0,1.0,1.0,1.0,1.0,1.0,1.0,1.0,0.0,1.0,1.0,0.0
22,DC-1920,C-XXXXX,item:268967,edge:DC-1910_TO_C-XXXXX_268967,dc_customer_pf_delay_plus_45_90d_lead_time_extra_days_DC_1920_268967,1.0,1.0,1.0,45.0,0.0,1.0,1.0,1.0,1.0,1.0,1.0,1.0,1.0,0.0,1.0,1.0,0.0
23,DC-1920,C-XXXXX,item:268967,edge:DC-1910_TO_C-XXXXX_268967,dc_customer_pf_delay_plus_45_90d_lead_time_extra_days_DC_1920_268967,1.0,1.0,1.0,45.0,0.0,1.0,1.0,1.0,1.0,1.0,1.0,1.0,1.0,0.0,1.0,1.0,0.0
24,DC-1920,C-XXXXX,item:268967,edge:DC-1910_TO_C-XXXXX_268967,dc_customer_pf_delay_plus_45_90d_lead_time_extra_days_DC_1920_268967,1.0,1.0,1.0,45.0,0.0,1.0,1.0,1.0,1.0,1.0,1.0,1.0,1.0,0.0,1.0,1.0,0.0
25,DC-1920,C-XXXXX,item:268967,edge:DC-1910_TO_C-XXXXX_268967,dc_customer_pf_delay_plus_45_90d_lead_time_extra_days_DC_1920_268967,1.0,1.0,1.0,45.0,0.0,1.0,1.0,1.0,1.0,1.0,1.0,1.0,1.0,0.0,1.0,1.0,0.0
26,DC-1920,C-XXXXX,item:268967,edge:DC-1910_TO_C-XXXXX_268967,dc_customer_pf_delay_plus_45_90d_lead_time_extra_days_DC_1920_268967,1.0,1.0,1.0,45.0,0.0,1.0,1.0,1.0,1.0,1.0,1.0,1.0,1.0,0.0,1.0,1.0,0.0
27,DC-1920,C-XXXXX,item:268967,edge:DC-1910_TO_C-XXXXX_268967,dc_customer_pf_delay_plus_45_90d_lead_time_extra_days_DC_1920_268967,1.0,1.0,1.0,45.0,0.0,1.0,1.0,1.0,1.0,1.0,1.0,1.0,1.0,0.0,1.0,1.0,0.0
28,DC-1920,C-XXXXX,item:268967,edge:DC-1910_TO_C-XXXXX_268967,dc_customer_pf_delay_plus_45_90d_lead_time_extra_days_DC_1920_268967,1.0,1.0,1.0,45.0,0.0,1.0,1.0,1.0,1.0,1.0,1.0,1.0,1.0,0.0,1.0,1.0,0.0
29,DC-1920,C-XXXXX,item:268967,edge:DC-1910_TO_C-XXXXX_268967,dc_customer_pf_delay_plus_45_90d_lead_time_extra_days_DC_1920_268967,1.0,1.0,1.0,45.0,0.0,1.0,1.0,1.0,1.0,1.0,1.0,1.0,1.0,0.0,1.0,1.0,0.0
30,DC-1920,C-XXXXX,item:268967,edge:DC-1910_TO_C-XXXXX_268967,dc_customer_pf_delay_plus_45_90d_lead_time_extra_days_DC_1920_268967,1.0,1.0,1.0,45.0,0.0,1.0,1.0,1.0,1.0,1.0,1.0,1.0,1.0,0.0,1.0,1.0,0.0
31,SDC-VD0508918A,SDC-VD0508918A,item:730384,SUPPLIER_UPSTREAM_SUPPLY_PROACTIVE,"state_stock_stock_cover_below_3d_SDC_VD0508918A_item_730384_d30,state_upstream_upstream_rejection_avg_7d_above_10pct_with_stock_cover_below_7d_SDC_VD0508918A_item_730384_d30",1.0,1.0,1.0,0.0,0.0,1.0,1.0,0.85,1.0,1.0,1.0,0.97,1.0,0.0,1.0,1.0,0.0
31,SDC-VD0514881A,SDC-VD0514881A,item:016332,SUPPLIER_UPSTREAM_SUPPLY_PROACTIVE,state_upstream_upstream_rejection_avg_7d_above_10pct_with_stock_cover_below_7d_SDC_VD0514881A_item_016332_d30,1.0,1.0,1.0,0.0,0.0,1.0,1.0,1.0,1.0,1.0,1.0,0.97,1.0,0.0,1.0,1.0,0.0
31,SDC-VD0525412A,SDC-VD0525412A,item:333362,SUPPLIER_UPSTREAM_SUPPLY_PROACTIVE,"state_stock_stock_cover_below_5d_SDC_VD0525412A_item_333362_d30,state_stock_stock_cover_below_3d_SDC_VD0525412A_item_333362_d30,state_upstream_upstream_rejection_avg_7d_above_10pct_with_stock_cover_below_7d_SDC_VD0525412A_item_333362_d30,state_upstream_upstream_rejection_avg_14d_above_50pct_with_stock_cover_below_3d_SDC_VD0525412A_item_333362_d30",1.0,1.0,1.0,0.0,0.0,1.0,1.0,0.8075,1.0,1.0,0.9,0.97,1.0,0.0,1.0,1.0,0.0
31,SDC-VD0989480A,SDC-VD0989480A,item:426331,SUPPLIER_UPSTREAM_SUPPLY_PROACTIVE,"state_stock_stock_cover_below_3d_SDC_VD0989480A_item_426331_d30,state_upstream_upstream_rejection_avg_7d_above_10pct_with_stock_cover_below_7d_SDC_VD0989480A_item_426331_d30",1.0,1.0,1.0,0.0,0.0,1.0,1.0,0.85,1.0,1.0,1.0,0.97,1.0,0.0,1.0,1.0,0.0
31,SDC-VD0520132A,M-1430,item:038005,edge:SDC-VD0520132A_TO_M-1430_038005,"state_stock_stock_cover_below_5d_SDC_VD0520132A_item_038005_d30,state_upstream_upstream_rejection_avg_7d_above_10pct_with_stock_cover_below_7d_SDC_VD0520132A_item_038005_d30",1.0,1.0,1.0,0.0,0.0,1.0,1.0,0.95,1.0,1.0,1.0,0.97,1.0,0.0,1.0,1.0,0.0
31,SDC-VD0525412A,M-1430,item:333362,edge:SDC-VD0525412A_TO_M-1430_333362,"state_stock_stock_cover_below_5d_SDC_VD0525412A_item_333362_d30,state_stock_stock_cover_below_3d_SDC_VD0525412A_item_333362_d30,state_upstream_upstream_rejection_avg_7d_above_10pct_with_stock_cover_below_7d_SDC_VD0525412A_item_333362_d30,state_upstream_upstream_rejection_avg_14d_above_50pct_with_stock_cover_below_3d_SDC_VD0525412A_item_333362_d30",1.0,1.0,1.0,0.0,0.0,1.0,1.0,0.8075,1.0,1.0,0.9,0.97,1.0,0.0,1.0,1.0,0.0
31,SDC-VD0993480A,M-1430,item:344135,edge:SDC-VD0993480A_TO_M-1430_344135,"state_stock_stock_cover_below_5d_SDC_VD0993480A_item_344135_d30,state_stock_stock_cover_below_3d_SDC_VD0993480A_item_344135_d30,state_cost_upstream_recourse_cost_ratio_above_250pct_SDC_VD0993480A_item_344135_d30",1.0,1.0,1.0,0.0,0.0,1.0,1.0,0.8075,1.0,1.0,1.0,1.0,1.0,0.0,1.0,1.1,0.0
31,SDC-VD0508918A,M-1430,item:730384,edge:SDC-VD0508918A_TO_M-1430_730384,"state_stock_stock_cover_below_3d_SDC_VD0508918A_item_730384_d30,state_upstream_upstream_rejection_avg_7d_above_10pct_with_stock_cover_below_7d_SDC_VD0508918A_item_730384_d30",1.0,1.0,1.0,0.0,0.0,1.0,1.0,0.85,1.0,1.0,1.0,0.97,1.0,0.0,1.0,1.0,0.0
31,SDC-VD0514881A,M-1810,item:016332,edge:SDC-VD0514881A_TO_M-1810_016332,state_upstream_upstream_rejection_avg_7d_above_10pct_with_stock_cover_below_7d_SDC_VD0514881A_item_016332_d30,1.0,1.0,1.0,0.0,0.0,1.0,1.0,1.0,1.0,1.0,1.0,0.97,1.0,0.0,1.0,1.0,0.0
31,DC-1920,C-XXXXX,item:268967,edge:DC-1910_TO_C-XXXXX_268967,dc_customer_pf_delay_plus_45_90d_lead_time_extra_days_DC_1920_268967,1.0,1.0,1.0,45.0,0.0,1.0,1.0,1.0,1.0,1.0,1.0,1.0,1.0,0.0,1.0,1.0,0.0
32,SDC-VD0508918A,SDC-VD0508918A,item:730384,SUPPLIER_UPSTREAM_SUPPLY_PROACTIVE,"state_stock_stock_cover_below_3d_SDC_VD0508918A_item_730384_d30,state_upstream_upstream_rejection_avg_7d_above_10pct_with_stock_cover_below_7d_SDC_VD0508918A_item_730384_d30,state_cost_upstream_recourse_cost_ratio_above_250pct_SDC_VD0508918A_item_730384_d31",1.0,1.0,1.0,0.0,0.0,1.0,1.0,0.85,1.0,1.0,1.0,0.97,1.0,0.0,1.0,1.1,0.0
32,SDC-VD0514881A,SDC-VD0514881A,item:016332,SUPPLIER_UPSTREAM_SUPPLY_PROACTIVE,state_upstream_upstream_rejection_avg_7d_above_10pct_with_stock_cover_below_7d_SDC_VD0514881A_item_016332_d30,1.0,1.0,1.0,0.0,0.0,1.0,1.0,1.0,1.0,1.0,1.0,0.97,1.0,0.0,1.0,1.0,0.0
32,SDC-VD0520132A,SDC-VD0520132A,item:038005,SUPPLIER_UPSTREAM_SUPPLY_PROACTIVE,"state_stock_stock_cover_below_5d_SDC_VD0520132A_item_038005_d30,state_upstream_upstream_rejection_avg_7d_above_10pct_with_stock_cover_below_7d_SDC_VD0520132A_item_038005_d30",1.0,1.0,1.0,0.0,0.0,1.0,1.0,0.95,1.0,1.0,1.0,0.97,1.0,0.0,1.0,1.0,0.0
32,SDC-VD0525412A,SDC-VD0525412A,item:333362,SUPPLIER_UPSTREAM_SUPPLY_PROACTIVE,"state_stock_stock_cover_below_5d_SDC_VD0525412A_item_333362_d30,state_stock_stock_cover_below_3d_SDC_VD0525412A_item_333362_d30,state_upstream_upstream_rejection_avg_7d_above_10pct_with_stock_cover_below_7d_SDC_VD0525412A_item_333362_d30,state_upstream_upstream_rejection_avg_14d_above_50pct_with_stock_cover_below_3d_SDC_VD0525412A_item_333362_d30",1.0,1.0,1.0,0.0,0.0,1.0,1.0,0.8075,1.0,1.0,0.9,0.97,1.0,0.0,1.0,1.0,0.0
32,SDC-VD0989480A,SDC-VD0989480A,item:426331,SUPPLIER_UPSTREAM_SUPPLY_PROACTIVE,"state_stock_stock_cover_below_3d_SDC_VD0989480A_item_426331_d30,state_upstream_upstream_rejection_avg_7d_above_10pct_with_stock_cover_below_7d_SDC_VD0989480A_item_426331_d30,state_upstream_upstream_rejection_avg_14d_above_50pct_with_stock_cover_below_3d_SDC_VD0989480A_item_426331_d31",1.0,1.0,1.0,0.0,0.0,1.0,1.0,0.85,1.0,1.0,0.9,0.97,1.0,0.0,1.0,1.0,0.0
32,SDC-VD0520132A,M-1430,item:038005,edge:SDC-VD0520132A_TO_M-1430_038005,"state_stock_stock_cover_below_5d_SDC_VD0520132A_item_038005_d30,state_upstream_upstream_rejection_avg_7d_above_10pct_with_stock_cover_below_7d_SDC_VD0520132A_item_038005_d30",1.0,1.0,1.0,0.0,0.0,1.0,1.0,0.95,1.0,1.0,1.0,0.97,1.0,0.0,1.0,1.0,0.0
32,SDC-VD0525412A,M-1430,item:333362,edge:SDC-VD0525412A_TO_M-1430_333362,"state_stock_stock_cover_below_5d_SDC_VD0525412A_item_333362_d30,state_stock_stock_cover_below_3d_SDC_VD0525412A_item_333362_d30,state_upstream_upstream_rejection_avg_7d_above_10pct_with_stock_cover_below_7d_SDC_VD0525412A_item_333362_d30,state_upstream_upstream_rejection_avg_14d_above_50pct_with_stock_cover_below_3d_SDC_VD0525412A_item_333362_d30",1.0,1.0,1.0,0.0,0.0,1.0,1.0,0.8075,1.0,1.0,0.9,0.97,1.0,0.0,1.0,1.0,0.0
32,SDC-VD0993480A,M-1430,item:344135,edge:SDC-VD0993480A_TO_M-1430_344135,"state_stock_stock_cover_below_5d_SDC_VD0993480A_item_344135_d30,state_stock_stock_cover_below_3d_SDC_VD0993480A_item_344135_d30,state_cost_upstream_recourse_cost_ratio_above_250pct_SDC_VD0993480A_item_344135_d30,state_upstream_upstream_rejection_avg_7d_above_10pct_with_stock_cover_below_7d_SDC_VD0993480A_item_344135_d31",1.0,1.0,1.0,0.0,0.0,1.0,1.0,0.8075,1.0,1.0,1.0,0.97,1.0,0.0,1.0,1.1,0.0
32,SDC-VD0508918A,M-1430,item:730384,edge:SDC-VD0508918A_TO_M-1430_730384,"state_stock_stock_cover_below_3d_SDC_VD0508918A_item_730384_d30,state_upstream_upstream_rejection_avg_7d_above_10pct_with_stock_cover_below_7d_SDC_VD0508918A_item_730384_d30,state_cost_upstream_recourse_cost_ratio_above_250pct_SDC_VD0508918A_item_730384_d31",1.0,1.0,1.0,0.0,0.0,1.0,1.0,0.85,1.0,1.0,1.0,0.97,1.0,0.0,1.0,1.1,0.0
32,SDC-VD0514881A,M-1810,item:016332,edge:SDC-VD0514881A_TO_M-1810_016332,state_upstream_upstream_rejection_avg_7d_above_10pct_with_stock_cover_below_7d_SDC_VD0514881A_item_016332_d30,1.0,1.0,1.0,0.0,0.0,1.0,1.0,1.0,1.0,1.0,1.0,0.97,1.0,0.0,1.0,1.0,0.0
32,DC-1920,C-XXXXX,item:268967,edge:DC-1910_TO_C-XXXXX_268967,dc_customer_pf_delay_plus_45_90d_lead_time_extra_days_DC_1920_268967,1.0,1.0,1.0,45.0,0.0,1.0,1.0,1.0,1.0,1.0,1.0,1.0,1.0,0.0,1.0,1.0,0.0
33,SDC-VD0514881A,SDC-VD0514881A,item:016332,SUPPLIER_UPSTREAM_SUPPLY_PROACTIVE,state_upstream_upstream_rejection_avg_7d_above_10pct_with_stock_cover_below_7d_SDC_VD0514881A_item_016332_d30,1.0,1.0,1.0,0.0,0.0,1.0,1.0,1.0,1.0,1.0,1.0,0.97,1.0,0.0,1.0,1.0,0.0
33,SDC-VD0520132A,SDC-VD0520132A,item:038005,SUPPLIER_UPSTREAM_SUPPLY_PROACTIVE,"state_stock_stock_cover_below_5d_SDC_VD0520132A_item_038005_d30,state_upstream_upstream_rejection_avg_7d_above_10pct_with_stock_cover_below_7d_SDC_VD0520132A_item_038005_d30",1.0,1.0,1.0,0.0,0.0,1.0,1.0,0.95,1.0,1.0,1.0,0.97,1.0,0.0,1.0,1.0,0.0
33,SDC-VD0525412A,SDC-VD0525412A,item:333362,SUPPLIER_UPSTREAM_SUPPLY_PROACTIVE,"state_stock_stock_cover_below_5d_SDC_VD0525412A_item_333362_d30,state_stock_stock_cover_below_3d_SDC_VD0525412A_item_333362_d30,state_upstream_upstream_rejection_avg_7d_above_10pct_with_stock_cover_below_7d_SDC_VD0525412A_item_333362_d30,state_upstream_upstream_rejection_avg_14d_above_50pct_with_stock_cover_below_3d_SDC_VD0525412A_item_333362_d30",1.0,1.0,1.0,0.0,0.0,1.0,1.0,0.8075,1.0,1.0,0.9,0.97,1.0,0.0,1.0,1.0,0.0
33,SDC-VD0989480A,SDC-VD0989480A,item:426331,SUPPLIER_UPSTREAM_SUPPLY_PROACTIVE,"state_stock_stock_cover_below_3d_SDC_VD0989480A_item_426331_d30,state_upstream_upstream_rejection_avg_7d_above_10pct_with_stock_cover_below_7d_SDC_VD0989480A_item_426331_d30,state_upstream_upstream_rejection_avg_14d_above_50pct_with_stock_cover_below_3d_SDC_VD0989480A_item_426331_d31,state_stock_stock_cover_below_5d_SDC_VD0989480A_item_426331_d32",1.0,1.0,1.0,0.0,0.0,1.0,1.0,0.8075,1.0,1.0,0.9,0.97,1.0,0.0,1.0,1.0,0.0
33,SDC-VD0520132A,M-1430,item:038005,edge:SDC-VD0520132A_TO_M-1430_038005,"state_stock_stock_cover_below_5d_SDC_VD0520132A_item_038005_d30,state_upstream_upstream_rejection_avg_7d_above_10pct_with_stock_cover_below_7d_SDC_VD0520132A_item_038005_d30",1.0,1.0,1.0,0.0,0.0,1.0,1.0,0.95,1.0,1.0,1.0,0.97,1.0,0.0,1.0,1.0,0.0
33,SDC-VD0525412A,M-1430,item:333362,edge:SDC-VD0525412A_TO_M-1430_333362,"state_stock_stock_cover_below_5d_SDC_VD0525412A_item_333362_d30,state_stock_stock_cover_below_3d_SDC_VD0525412A_item_333362_d30,state_upstream_upstream_rejection_avg_7d_above_10pct_with_stock_cover_below_7d_SDC_VD0525412A_item_333362_d30,state_upstream_upstream_rejection_avg_14d_above_50pct_with_stock_cover_below_3d_SDC_VD0525412A_item_333362_d30",1.0,1.0,1.0,0.0,0.0,1.0,1.0,0.8075,1.0,1.0,0.9,0.97,1.0,0.0,1.0,1.0,0.0
33,SDC-VD0993480A,M-1430,item:344135,edge:SDC-VD0993480A_TO_M-1430_344135,"state_stock_stock_cover_below_5d_SDC_VD0993480A_item_344135_d30,state_stock_stock_cover_below_3d_SDC_VD0993480A_item_344135_d30,state_cost_upstream_recourse_cost_ratio_above_250pct_SDC_VD0993480A_item_344135_d30,state_upstream_upstream_rejection_avg_7d_above_10pct_with_stock_cover_below_7d_SDC_VD0993480A_item_344135_d31",1.0,1.0,1.0,0.0,0.0,1.0,1.0,0.8075,1.0,1.0,1.0,0.97,1.0,0.0,1.0,1.1,0.0
33,SDC-VD0508918A,M-1430,item:730384,edge:SDC-VD0508918A_TO_M-1430_730384,"state_stock_stock_cover_below_3d_SDC_VD0508918A_item_730384_d30,state_upstream_upstream_rejection_avg_7d_above_10pct_with_stock_cover_below_7d_SDC_VD0508918A_item_730384_d30,state_cost_upstream_recourse_cost_ratio_above_250pct_SDC_VD0508918A_item_730384_d31",1.0,1.0,1.0,0.0,0.0,1.0,1.0,0.85,1.0,1.0,1.0,0.97,1.0,0.0,1.0,1.1,0.0
33,SDC-VD0514881A,M-1810,item:016332,edge:SDC-VD0514881A_TO_M-1810_016332,state_upstream_upstream_rejection_avg_7d_above_10pct_with_stock_cover_below_7d_SDC_VD0514881A_item_016332_d30,1.0,1.0,1.0,0.0,0.0,1.0,1.0,1.0,1.0,1.0,1.0,0.97,1.0,0.0,1.0,1.0,0.0
33,DC-1920,C-XXXXX,item:268967,edge:DC-1910_TO_C-XXXXX_268967,dc_customer_pf_delay_plus_45_90d_lead_time_extra_days_DC_1920_268967,1.0,1.0,1.0,45.0,0.0,1.0,1.0,1.0,1.0,1.0,1.0,1.0,1.0,0.0,1.0,1.0,0.0
34,SDC-VD0514881A,SDC-VD0514881A,item:016332,SUPPLIER_UPSTREAM_SUPPLY_PROACTIVE,state_upstream_upstream_rejection_avg_7d_above_10pct_with_stock_cover_below_7d_SDC_VD0514881A_item_016332_d30,1.0,1.0,1.0,0.0,0.0,1.0,1.0,1.0,1.0,1.0,1.0,0.97,1.0,0.0,1.0,1.0,0.0
34,SDC-VD0520132A,SDC-VD0520132A,item:038005,SUPPLIER_UPSTREAM_SUPPLY_PROACTIVE,"state_stock_stock_cover_below_5d_SDC_VD0520132A_item_038005_d30,state_upstream_upstream_rejection_avg_7d_above_10pct_with_stock_cover_below_7d_SDC_VD0520132A_item_038005_d30,state_stock_stock_cover_below_3d_SDC_VD0520132A_item_038005_d33",1.0,1.0,1.0,0.0,0.0,1.0,1.0,0.8075,1.0,1.0,1.0,0.97,1.0,0.0,1.0,1.0,0.0
34,SDC-VD0525412A,SDC-VD0525412A,item:333362,SUPPLIER_UPSTREAM_SUPPLY_PROACTIVE,"state_stock_stock_cover_below_5d_SDC_VD0525412A_item_333362_d30,state_stock_stock_cover_below_3d_SDC_VD0525412A_item_333362_d30,state_upstream_upstream_rejection_avg_7d_above_10pct_with_stock_cover_below_7d_SDC_VD0525412A_item_333362_d30,state_upstream_upstream_rejection_avg_14d_above_50pct_with_stock_cover_below_3d_SDC_VD0525412A_item_333362_d30",1.0,1.0,1.0,0.0,0.0,1.0,1.0,0.8075,1.0,1.0,0.9,0.97,1.0,0.0,1.0,1.0,0.0
34,SDC-VD0989480A,SDC-VD0989480A,item:426331,SUPPLIER_UPSTREAM_SUPPLY_PROACTIVE,"state_stock_stock_cover_below_3d_SDC_VD0989480A_item_426331_d30,state_upstream_upstream_rejection_avg_7d_above_10pct_with_stock_cover_below_7d_SDC_VD0989480A_item_426331_d30,state_upstream_upstream_rejection_avg_14d_above_50pct_with_stock_cover_below_3d_SDC_VD0989480A_item_426331_d31,state_stock_stock_cover_below_5d_SDC_VD0989480A_item_426331_d32",1.0,1.0,1.0,0.0,0.0,1.0,1.0,0.8075,1.0,1.0,0.9,0.97,1.0,0.0,1.0,1.0,0.0
34,SDC-VD0525412A,M-1430,item:333362,edge:SDC-VD0525412A_TO_M-1430_333362,"state_stock_stock_cover_below_5d_SDC_VD0525412A_item_333362_d30,state_stock_stock_cover_below_3d_SDC_VD0525412A_item_333362_d30,state_upstream_upstream_rejection_avg_7d_above_10pct_with_stock_cover_below_7d_SDC_VD0525412A_item_333362_d30,state_upstream_upstream_rejection_avg_14d_above_50pct_with_stock_cover_below_3d_SDC_VD0525412A_item_333362_d30",1.0,1.0,1.0,0.0,0.0,1.0,1.0,0.8075,1.0,1.0,0.9,0.97,1.0,0.0,1.0,1.0,0.0
34,SDC-VD0993480A,M-1430,item:344135,edge:SDC-VD0993480A_TO_M-1430_344135,"state_stock_stock_cover_below_5d_SDC_VD0993480A_item_344135_d30,state_stock_stock_cover_below_3d_SDC_VD0993480A_item_344135_d30,state_cost_upstream_recourse_cost_ratio_above_250pct_SDC_VD0993480A_item_344135_d30,state_upstream_upstream_rejection_avg_7d_above_10pct_with_stock_cover_below_7d_SDC_VD0993480A_item_344135_d31",1.0,1.0,1.0,0.0,0.0,1.0,1.0,0.8075,1.0,1.0,1.0,0.97,1.0,0.0,1.0,1.1,0.0
34,SDC-VD0508918A,M-1430,item:730384,edge:SDC-VD0508918A_TO_M-1430_730384,"state_stock_stock_cover_below_3d_SDC_VD0508918A_item_730384_d30,state_upstream_upstream_rejection_avg_7d_above_10pct_with_stock_cover_below_7d_SDC_VD0508918A_item_730384_d30,state_cost_upstream_recourse_cost_ratio_above_250pct_SDC_VD0508918A_item_730384_d31",1.0,1.0,1.0,0.0,0.0,1.0,1.0,0.85,1.0,1.0,1.0,0.97,1.0,0.0,1.0,1.1,0.0
34,SDC-VD0514881A,M-1810,item:016332,edge:SDC-VD0514881A_TO_M-1810_016332,state_upstream_upstream_rejection_avg_7d_above_10pct_with_stock_cover_below_7d_SDC_VD0514881A_item_016332_d30,1.0,1.0,1.0,0.0,0.0,1.0,1.0,1.0,1.0,1.0,1.0,0.97,1.0,0.0,1.0,1.0,0.0
34,DC-1920,C-XXXXX,item:268967,edge:DC-1910_TO_C-XXXXX_268967,dc_customer_pf_delay_plus_45_90d_lead_time_extra_days_DC_1920_268967,1.0,1.0,1.0,45.0,0.0,1.0,1.0,1.0,1.0,1.0,1.0,1.0,1.0,0.0,1.0,1.0,0.0
35,SDC-VD0505677A,SDC-VD0505677A,item:099439,SUPPLIER_UPSTREAM_SUPPLY_PROACTIVE,"state_stock_stock_cover_below_3d_SDC_VD0505677A_item_099439_d34,state_upstream_upstream_rejection_avg_7d_above_10pct_with_stock_cover_below_7d_SDC_VD0505677A_item_099439_d34",1.0,1.0,1.0,0.0,0.0,1.0,1.0,0.85,1.0,1.0,1.0,0.97,1.0,0.0,1.0,1.0,0.0
35,SDC-VD0514881A,SDC-VD0514881A,item:016332,SUPPLIER_UPSTREAM_SUPPLY_PROACTIVE,state_upstream_upstream_rejection_avg_7d_above_10pct_with_stock_cover_below_7d_SDC_VD0514881A_item_016332_d30,1.0,1.0,1.0,0.0,0.0,1.0,1.0,1.0,1.0,1.0,1.0,0.97,1.0,0.0,1.0,1.0,0.0
35,SDC-VD0525412A,SDC-VD0525412A,item:333362,SUPPLIER_UPSTREAM_SUPPLY_PROACTIVE,"state_stock_stock_cover_below_5d_SDC_VD0525412A_item_333362_d30,state_stock_stock_cover_below_3d_SDC_VD0525412A_item_333362_d30,state_upstream_upstream_rejection_avg_7d_above_10pct_with_stock_cover_below_7d_SDC_VD0525412A_item_333362_d30,state_upstream_upstream_rejection_avg_14d_above_50pct_with_stock_cover_below_3d_SDC_VD0525412A_item_333362_d30",1.0,1.0,1.0,0.0,0.0,1.0,1.0,0.8075,1.0,1.0,0.9,0.97,1.0,0.0,1.0,1.0,0.0
35,SDC-VD0525412A,M-1430,item:333362,edge:SDC-VD0525412A_TO_M-1430_333362,"state_stock_stock_cover_below_5d_SDC_VD0525412A_item_333362_d30,state_stock_stock_cover_below_3d_SDC_VD0525412A_item_333362_d30,state_upstream_upstream_rejection_avg_7d_above_10pct_with_stock_cover_below_7d_SDC_VD0525412A_item_333362_d30,state_upstream_upstream_rejection_avg_14d_above_50pct_with_stock_cover_below_3d_SDC_VD0525412A_item_333362_d30",1.0,1.0,1.0,0.0,0.0,1.0,1.0,0.8075,1.0,1.0,0.9,0.97,1.0,0.0,1.0,1.0,0.0
35,SDC-VD0993480A,M-1430,item:344135,edge:SDC-VD0993480A_TO_M-1430_344135,"state_stock_stock_cover_below_5d_SDC_VD0993480A_item_344135_d30,state_stock_stock_cover_below_3d_SDC_VD0993480A_item_344135_d30,state_cost_upstream_recourse_cost_ratio_above_250pct_SDC_VD0993480A_item_344135_d30,state_upstream_upstream_rejection_avg_7d_above_10pct_with_stock_cover_below_7d_SDC_VD0993480A_item_344135_d31",1.0,1.0,1.0,0.0,0.0,1.0,1.0,0.8075,1.0,1.0,1.0,0.97,1.0,0.0,1.0,1.1,0.0
35,SDC-VD0508918A,M-1430,item:730384,edge:SDC-VD0508918A_TO_M-1430_730384,"state_stock_stock_cover_below_3d_SDC_VD0508918A_item_730384_d30,state_upstream_upstream_rejection_avg_7d_above_10pct_with_stock_cover_below_7d_SDC_VD0508918A_item_730384_d30,state_cost_upstream_recourse_cost_ratio_above_250pct_SDC_VD0508918A_item_730384_d31",1.0,1.0,1.0,0.0,0.0,1.0,1.0,0.85,1.0,1.0,1.0,0.97,1.0,0.0,1.0,1.1,0.0
35,SDC-VD0514881A,M-1810,item:016332,edge:SDC-VD0514881A_TO_M-1810_016332,state_upstream_upstream_rejection_avg_7d_above_10pct_with_stock_cover_below_7d_SDC_VD0514881A_item_016332_d30,1.0,1.0,1.0,0.0,0.0,1.0,1.0,1.0,1.0,1.0,1.0,0.97,1.0,0.0,1.0,1.0,0.0
35,DC-1920,C-XXXXX,item:268967,edge:DC-1910_TO_C-XXXXX_268967,dc_customer_pf_delay_plus_45_90d_lead_time_extra_days_DC_1920_268967,1.0,1.0,1.0,45.0,0.0,1.0,1.0,1.0,1.0,1.0,1.0,1.0,1.0,0.0,1.0,1.0,0.0
36,SDC-VD0505677A,SDC-VD0505677A,item:099439,SUPPLIER_UPSTREAM_SUPPLY_PROACTIVE,"state_stock_stock_cover_below_3d_SDC_VD0505677A_item_099439_d34,state_upstream_upstream_rejection_avg_7d_above_10pct_with_stock_cover_below_7d_SDC_VD0505677A_item_099439_d34,state_upstream_upstream_rejection_avg_14d_above_50pct_with_stock_cover_below_3d_SDC_VD0505677A_item_099439_d35",1.0,1.0,1.0,0.0,0.0,1.0,1.0,0.85,1.0,1.0,0.9,0.97,1.0,0.0,1.0,1.0,0.0
36,SDC-VD0525412A,SDC-VD0525412A,item:333362,SUPPLIER_UPSTREAM_SUPPLY_PROACTIVE,"state_stock_stock_cover_below_5d_SDC_VD0525412A_item_333362_d30,state_stock_stock_cover_below_3d_SDC_VD0525412A_item_333362_d30,state_upstream_upstream_rejection_avg_7d_above_10pct_with_stock_cover_below_7d_SDC_VD0525412A_item_333362_d30,state_upstream_upstream_rejection_avg_14d_above_50pct_with_stock_cover_below_3d_SDC_VD0525412A_item_333362_d30",1.0,1.0,1.0,0.0,0.0,1.0,1.0,0.8075,1.0,1.0,0.9,0.97,1.0,0.0,1.0,1.0,0.0
36,SDC-VD0525412A,M-1430,item:333362,edge:SDC-VD0525412A_TO_M-1430_333362,"state_stock_stock_cover_below_5d_SDC_VD0525412A_item_333362_d30,state_stock_stock_cover_below_3d_SDC_VD0525412A_item_333362_d30,state_upstream_upstream_rejection_avg_7d_above_10pct_with_stock_cover_below_7d_SDC_VD0525412A_item_333362_d30,state_upstream_upstream_rejection_avg_14d_above_50pct_with_stock_cover_below_3d_SDC_VD0525412A_item_333362_d30",1.0,1.0,1.0,0.0,0.0,1.0,1.0,0.8075,1.0,1.0,0.9,0.97,1.0,0.0,1.0,1.0,0.0
36,SDC-VD0993480A,M-1430,item:344135,edge:SDC-VD0993480A_TO_M-1430_344135,"state_stock_stock_cover_below_5d_SDC_VD0993480A_item_344135_d30,state_stock_stock_cover_below_3d_SDC_VD0993480A_item_344135_d30,state_cost_upstream_recourse_cost_ratio_above_250pct_SDC_VD0993480A_item_344135_d30,state_upstream_upstream_rejection_avg_7d_above_10pct_with_stock_cover_below_7d_SDC_VD0993480A_item_344135_d31",1.0,1.0,1.0,0.0,0.0,1.0,1.0,0.8075,1.0,1.0,1.0,0.97,1.0,0.0,1.0,1.1,0.0
36,SDC-VD0508918A,M-1430,item:730384,edge:SDC-VD0508918A_TO_M-1430_730384,"state_stock_stock_cover_below_3d_SDC_VD0508918A_item_730384_d30,state_upstream_upstream_rejection_avg_7d_above_10pct_with_stock_cover_below_7d_SDC_VD0508918A_item_730384_d30,state_cost_upstream_recourse_cost_ratio_above_250pct_SDC_VD0508918A_item_730384_d31",1.0,1.0,1.0,0.0,0.0,1.0,1.0,0.85,1.0,1.0,1.0,0.97,1.0,0.0,1.0,1.1,0.0
36,SDC-VD0514881A,M-1810,item:016332,edge:SDC-VD0514881A_TO_M-1810_016332,state_upstream_upstream_rejection_avg_7d_above_10pct_with_stock_cover_below_7d_SDC_VD0514881A_item_016332_d30,1.0,1.0,1.0,0.0,0.0,1.0,1.0,1.0,1.0,1.0,1.0,0.97,1.0,0.0,1.0,1.0,0.0
36,DC-1920,C-XXXXX,item:268967,edge:DC-1910_TO_C-XXXXX_268967,dc_customer_pf_delay_plus_45_90d_lead_time_extra_days_DC_1920_268967,1.0,1.0,1.0,45.0,0.0,1.0,1.0,1.0,1.0,1.0,1.0,1.0,1.0,0.0,1.0,1.0,0.0
37,SDC-VD0505677A,SDC-VD0505677A,item:099439,SUPPLIER_UPSTREAM_SUPPLY_PROACTIVE,"state_stock_stock_cover_below_3d_SDC_VD0505677A_item_099439_d34,state_upstream_upstream_rejection_avg_7d_above_10pct_with_stock_cover_below_7d_SDC_VD0505677A_item_099439_d34,state_upstream_upstream_rejection_avg_14d_above_50pct_with_stock_cover_below_3d_SDC_VD0505677A_item_099439_d35",1.0,1.0,1.0,0.0,0.0,1.0,1.0,0.85,1.0,1.0,0.9,0.97,1.0,0.0,1.0,1.0,0.0
37,SDC-VD0525412A,SDC-VD0525412A,item:333362,SUPPLIER_UPSTREAM_SUPPLY_PROACTIVE,"state_stock_stock_cover_below_5d_SDC_VD0525412A_item_333362_d30,state_stock_stock_cover_below_3d_SDC_VD0525412A_item_333362_d30,state_upstream_upstream_rejection_avg_7d_above_10pct_with_stock_cover_below_7d_SDC_VD0525412A_item_333362_d30,state_upstream_upstream_rejection_avg_14d_above_50pct_with_stock_cover_below_3d_SDC_VD0525412A_item_333362_d30",1.0,1.0,1.0,0.0,0.0,1.0,1.0,0.8075,1.0,1.0,0.9,0.97,1.0,0.0,1.0,1.0,0.0
37,SDC-VD0525412A,M-1430,item:333362,edge:SDC-VD0525412A_TO_M-1430_333362,"state_stock_stock_cover_below_5d_SDC_VD0525412A_item_333362_d30,state_stock_stock_cover_below_3d_SDC_VD0525412A_item_333362_d30,state_upstream_upstream_rejection_avg_7d_above_10pct_with_stock_cover_below_7d_SDC_VD0525412A_item_333362_d30,state_upstream_upstream_rejection_avg_14d_above_50pct_with_stock_cover_below_3d_SDC_VD0525412A_item_333362_d30",1.0,1.0,1.0,0.0,0.0,1.0,1.0,0.8075,1.0,1.0,0.9,0.97,1.0,0.0,1.0,1.0,0.0
37,SDC-VD0508918A,M-1430,item:730384,edge:SDC-VD0508918A_TO_M-1430_730384,"state_stock_stock_cover_below_3d_SDC_VD0508918A_item_730384_d30,state_upstream_upstream_rejection_avg_7d_above_10pct_with_stock_cover_below_7d_SDC_VD0508918A_item_730384_d30,state_cost_upstream_recourse_cost_ratio_above_250pct_SDC_VD0508918A_item_730384_d31",1.0,1.0,1.0,0.0,0.0,1.0,1.0,0.85,1.0,1.0,1.0,0.97,1.0,0.0,1.0,1.1,0.0
37,SDC-VD0514881A,M-1810,item:016332,edge:SDC-VD0514881A_TO_M-1810_016332,state_upstream_upstream_rejection_avg_7d_above_10pct_with_stock_cover_below_7d_SDC_VD0514881A_item_016332_d30,1.0,1.0,1.0,0.0,0.0,1.0,1.0,1.0,1.0,1.0,1.0,0.97,1.0,0.0,1.0,1.0,0.0
37,DC-1920,C-XXXXX,item:268967,edge:DC-1910_TO_C-XXXXX_268967,dc_customer_pf_delay_plus_45_90d_lead_time_extra_days_DC_1920_268967,1.0,1.0,1.0,45.0,0.0,1.0,1.0,1.0,1.0,1.0,1.0,1.0,1.0,0.0,1.0,1.0,0.0
38,SDC-VD0505677A,SDC-VD0505677A,item:099439,SUPPLIER_UPSTREAM_SUPPLY_PROACTIVE,"state_stock_stock_cover_below_3d_SDC_VD0505677A_item_099439_d34,state_upstream_upstream_rejection_avg_7d_above_10pct_with_stock_cover_below_7d_SDC_VD0505677A_item_099439_d34,state_upstream_upstream_rejection_avg_14d_above_50pct_with_stock_cover_below_3d_SDC_VD0505677A_item_099439_d35,state_stock_stock_cover_below_5d_SDC_VD0505677A_item_099439_d37",1.0,1.0,1.0,0.0,0.0,1.0,1.0,0.8075,1.0,1.0,0.9,0.97,1.0,0.0,1.0,1.0,0.0
38,SDC-VD0525412A,SDC-VD0525412A,item:333362,SUPPLIER_UPSTREAM_SUPPLY_PROACTIVE,"state_stock_stock_cover_below_3d_SDC_VD0525412A_item_333362_d30,state_upstream_upstream_rejection_avg_14d_above_50pct_with_stock_cover_below_3d_SDC_VD0525412A_item_333362_d30",1.0,1.0,1.0,0.0,0.0,1.0,1.0,0.85,1.0,1.0,0.9,1.0,1.0,0.0,1.0,1.0,0.0
38,SDC-VD0525412A,M-1430,item:333362,edge:SDC-VD0525412A_TO_M-1430_333362,"state_stock_stock_cover_below_3d_SDC_VD0525412A_item_333362_d30,state_upstream_upstream_rejection_avg_14d_above_50pct_with_stock_cover_below_3d_SDC_VD0525412A_item_333362_d30",1.0,1.0,1.0,0.0,0.0,1.0,1.0,0.85,1.0,1.0,0.9,1.0,1.0,0.0,1.0,1.0,0.0
38,SDC-VD0508918A,M-1430,item:730384,edge:SDC-VD0508918A_TO_M-1430_730384,"state_stock_stock_cover_below_3d_SDC_VD0508918A_item_730384_d30,state_cost_upstream_recourse_cost_ratio_above_250pct_SDC_VD0508918A_item_730384_d31",1.0,1.0,1.0,0.0,0.0,1.0,1.0,0.85,1.0,1.0,1.0,1.0,1.0,0.0,1.0,1.1,0.0
38,DC-1920,C-XXXXX,item:268967,edge:DC-1910_TO_C-XXXXX_268967,dc_customer_pf_delay_plus_45_90d_lead_time_extra_days_DC_1920_268967,1.0,1.0,1.0,45.0,0.0,1.0,1.0,1.0,1.0,1.0,1.0,1.0,1.0,0.0,1.0,1.0,0.0
39,SDC-VD0505677A,SDC-VD0505677A,item:099439,SUPPLIER_UPSTREAM_SUPPLY_PROACTIVE,"state_stock_stock_cover_below_3d_SDC_VD0505677A_item_099439_d34,state_upstream_upstream_rejection_avg_7d_above_10pct_with_stock_cover_below_7d_SDC_VD0505677A_item_099439_d34,state_upstream_upstream_rejection_avg_14d_above_50pct_with_stock_cover_below_3d_SDC_VD0505677A_item_099439_d35,state_stock_stock_cover_below_5d_SDC_VD0505677A_item_099439_d37",1.0,1.0,1.0,0.0,0.0,1.0,1.0,0.8075,1.0,1.0,0.9,0.97,1.0,0.0,1.0,1.0,0.0
39,SDC-VD0519670A,SDC-VD0519670A,item:029313,SUPPLIER_UPSTREAM_SUPPLY_PROACTIVE,"state_stock_stock_cover_below_3d_SDC_VD0519670A_item_029313_d38,state_upstream_upstream_rejection_avg_7d_above_10pct_with_stock_cover_below_7d_SDC_VD0519670A_item_029313_d38",1.0,1.0,1.0,0.0,0.0,1.0,1.0,0.85,1.0,1.0,1.0,0.97,1.0,0.0,1.0,1.0,0.0
39,SDC-VD0525412A,SDC-VD0525412A,item:333362,SUPPLIER_UPSTREAM_SUPPLY_PROACTIVE,"state_stock_stock_cover_below_3d_SDC_VD0525412A_item_333362_d30,state_upstream_upstream_rejection_avg_14d_above_50pct_with_stock_cover_below_3d_SDC_VD0525412A_item_333362_d30",1.0,1.0,1.0,0.0,0.0,1.0,1.0,0.85,1.0,1.0,0.9,1.0,1.0,0.0,1.0,1.0,0.0
39,SDC-VD0525412A,M-1430,item:333362,edge:SDC-VD0525412A_TO_M-1430_333362,"state_stock_stock_cover_below_3d_SDC_VD0525412A_item_333362_d30,state_upstream_upstream_rejection_avg_14d_above_50pct_with_stock_cover_below_3d_SDC_VD0525412A_item_333362_d30",1.0,1.0,1.0,0.0,0.0,1.0,1.0,0.85,1.0,1.0,0.9,1.0,1.0,0.0,1.0,1.0,0.0
39,SDC-VD0508918A,M-1430,item:730384,edge:SDC-VD0508918A_TO_M-1430_730384,"state_stock_stock_cover_below_3d_SDC_VD0508918A_item_730384_d30,state_cost_upstream_recourse_cost_ratio_above_250pct_SDC_VD0508918A_item_730384_d31",1.0,1.0,1.0,0.0,0.0,1.0,1.0,0.85,1.0,1.0,1.0,1.0,1.0,0.0,1.0,1.1,0.0
39,SDC-VD0519670A,M-1810,item:029313,edge:SDC-VD0519670A_TO_M-1810_029313,"state_stock_stock_cover_below_3d_SDC_VD0519670A_item_029313_d38,state_upstream_upstream_rejection_avg_7d_above_10pct_with_stock_cover_below_7d_SDC_VD0519670A_item_029313_d38",1.0,1.0,1.0,0.0,0.0,1.0,1.0,0.85,1.0,1.0,1.0,0.97,1.0,0.0,1.0,1.0,0.0
39,DC-1920,C-XXXXX,item:268967,edge:DC-1910_TO_C-XXXXX_268967,dc_customer_pf_delay_plus_45_90d_lead_time_extra_days_DC_1920_268967,1.0,1.0,1.0,45.0,0.0,1.0,1.0,1.0,1.0,1.0,1.0,1.0,1.0,0.0,1.0,1.0,0.0
40,SDC-VD0505677A,SDC-VD0505677A,item:099439,SUPPLIER_UPSTREAM_SUPPLY_PROACTIVE,"state_stock_stock_cover_below_3d_SDC_VD0505677A_item_099439_d34,state_upstream_upstream_rejection_avg_7d_above_10pct_with_stock_cover_below_7d_SDC_VD0505677A_item_099439_d34,state_upstream_upstream_rejection_avg_14d_above_50pct_with_stock_cover_below_3d_SDC_VD0505677A_item_099439_d35,state_stock_stock_cover_below_5d_SDC_VD0505677A_item_099439_d37",1.0,1.0,1.0,0.0,0.0,1.0,1.0,0.8075,1.0,1.0,0.9,0.97,1.0,0.0,1.0,1.0,0.0
40,SDC-VD0519670A,SDC-VD0519670A,item:029313,SUPPLIER_UPSTREAM_SUPPLY_PROACTIVE,"state_stock_stock_cover_below_3d_SDC_VD0519670A_item_029313_d38,state_upstream_upstream_rejection_avg_7d_above_10pct_with_stock_cover_below_7d_SDC_VD0519670A_item_029313_d38",1.0,1.0,1.0,0.0,0.0,1.0,1.0,0.85,1.0,1.0,1.0,0.97,1.0,0.0,1.0,1.0,0.0
40,SDC-VD0525412A,SDC-VD0525412A,item:333362,SUPPLIER_UPSTREAM_SUPPLY_PROACTIVE,"state_stock_stock_cover_below_3d_SDC_VD0525412A_item_333362_d30,state_upstream_upstream_rejection_avg_14d_above_50pct_with_stock_cover_below_3d_SDC_VD0525412A_item_333362_d30",1.0,1.0,1.0,0.0,0.0,1.0,1.0,0.85,1.0,1.0,0.9,1.0,1.0,0.0,1.0,1.0,0.0
40,SDC-VD0525412A,M-1430,item:333362,edge:SDC-VD0525412A_TO_M-1430_333362,"state_stock_stock_cover_below_3d_SDC_VD0525412A_item_333362_d30,state_upstream_upstream_rejection_avg_14d_above_50pct_with_stock_cover_below_3d_SDC_VD0525412A_item_333362_d30",1.0,1.0,1.0,0.0,0.0,1.0,1.0,0.85,1.0,1.0,0.9,1.0,1.0,0.0,1.0,1.0,0.0
40,SDC-VD0508918A,M-1430,item:730384,edge:SDC-VD0508918A_TO_M-1430_730384,"state_stock_stock_cover_below_3d_SDC_VD0508918A_item_730384_d30,state_cost_upstream_recourse_cost_ratio_above_250pct_SDC_VD0508918A_item_730384_d31",1.0,1.0,1.0,0.0,0.0,1.0,1.0,0.85,1.0,1.0,1.0,1.0,1.0,0.0,1.0,1.1,0.0
40,SDC-VD0519670A,M-1810,item:029313,edge:SDC-VD0519670A_TO_M-1810_029313,"state_stock_stock_cover_below_3d_SDC_VD0519670A_item_029313_d38,state_upstream_upstream_rejection_avg_7d_above_10pct_with_stock_cover_below_7d_SDC_VD0519670A_item_029313_d38",1.0,1.0,1.0,0.0,0.0,1.0,1.0,0.85,1.0,1.0,1.0,0.97,1.0,0.0,1.0,1.0,0.0
40,DC-1920,C-XXXXX,item:268967,edge:DC-1910_TO_C-XXXXX_268967,dc_customer_pf_delay_plus_45_90d_lead_time_extra_days_DC_1920_268967,1.0,1.0,1.0,45.0,0.0,1.0,1.0,1.0,1.0,1.0,1.0,1.0,1.0,0.0,1.0,1.0,0.0
41,SDC-VD0514881A,SDC-VD0514881A,item:016332,SUPPLIER_UPSTREAM_SUPPLY_PROACTIVE,state_stock_stock_cover_below_3d_SDC_VD0514881A_item_016332_d40,1.0,1.0,1.0,0.0,0.0,1.0,1.0,0.85,1.0,1.0,1.0,1.0,1.0,0.0,1.0,1.0,0.0
41,SDC-VD0519670A,SDC-VD0519670A,item:029313,SUPPLIER_UPSTREAM_SUPPLY_PROACTIVE,"state_stock_stock_cover_below_3d_SDC_VD0519670A_item_029313_d38,state_upstream_upstream_rejection_avg_7d_above_10pct_with_stock_cover_below_7d_SDC_VD0519670A_item_029313_d38",1.0,1.0,1.0,0.0,0.0,1.0,1.0,0.85,1.0,1.0,1.0,0.97,1.0,0.0,1.0,1.0,0.0
41,SDC-VD0525412A,SDC-VD0525412A,item:333362,SUPPLIER_UPSTREAM_SUPPLY_PROACTIVE,"state_stock_stock_cover_below_3d_SDC_VD0525412A_item_333362_d30,state_upstream_upstream_rejection_avg_14d_above_50pct_with_stock_cover_below_3d_SDC_VD0525412A_item_333362_d30",1.0,1.0,1.0,0.0,0.0,1.0,1.0,0.85,1.0,1.0,0.9,1.0,1.0,0.0,1.0,1.0,0.0
41,SDC-VD0525412A,M-1430,item:333362,edge:SDC-VD0525412A_TO_M-1430_333362,"state_stock_stock_cover_below_3d_SDC_VD0525412A_item_333362_d30,state_upstream_upstream_rejection_avg_14d_above_50pct_with_stock_cover_below_3d_SDC_VD0525412A_item_333362_d30",1.0,1.0,1.0,0.0,0.0,1.0,1.0,0.85,1.0,1.0,0.9,1.0,1.0,0.0,1.0,1.0,0.0
41,SDC-VD0508918A,M-1430,item:730384,edge:SDC-VD0508918A_TO_M-1430_730384,"state_stock_stock_cover_below_3d_SDC_VD0508918A_item_730384_d30,state_cost_upstream_recourse_cost_ratio_above_250pct_SDC_VD0508918A_item_730384_d31",1.0,1.0,1.0,0.0,0.0,1.0,1.0,0.85,1.0,1.0,1.0,1.0,1.0,0.0,1.0,1.1,0.0
41,SDC-VD0514881A,M-1810,item:016332,edge:SDC-VD0514881A_TO_M-1810_016332,state_stock_stock_cover_below_3d_SDC_VD0514881A_item_016332_d40,1.0,1.0,1.0,0.0,0.0,1.0,1.0,0.85,1.0,1.0,1.0,1.0,1.0,0.0,1.0,1.0,0.0
41,SDC-VD0519670A,M-1810,item:029313,edge:SDC-VD0519670A_TO_M-1810_029313,"state_stock_stock_cover_below_3d_SDC_VD0519670A_item_029313_d38,state_upstream_upstream_rejection_avg_7d_above_10pct_with_stock_cover_below_7d_SDC_VD0519670A_item_029313_d38",1.0,1.0,1.0,0.0,0.0,1.0,1.0,0.85,1.0,1.0,1.0,0.97,1.0,0.0,1.0,1.0,0.0
41,DC-1920,C-XXXXX,item:268967,edge:DC-1910_TO_C-XXXXX_268967,dc_customer_pf_delay_plus_45_90d_lead_time_extra_days_DC_1920_268967,1.0,1.0,1.0,45.0,0.0,1.0,1.0,1.0,1.0,1.0,1.0,1.0,1.0,0.0,1.0,1.0,0.0
42,SDC-VD0508918A,SDC-VD0508918A,item:730384,SUPPLIER_UPSTREAM_SUPPLY_PROACTIVE,"state_stock_stock_cover_below_3d_SDC_VD0508918A_item_730384_d30,state_cost_upstream_recourse_cost_ratio_above_250pct_SDC_VD0508918A_item_730384_d31",1.0,1.0,1.0,0.0,0.0,1.0,1.0,0.85,1.0,1.0,1.0,1.0,1.0,0.0,1.0,1.1,0.0
42,SDC-VD0514881A,SDC-VD0514881A,item:016332,SUPPLIER_UPSTREAM_SUPPLY_PROACTIVE,state_stock_stock_cover_below_3d_SDC_VD0514881A_item_016332_d40,1.0,1.0,1.0,0.0,0.0,1.0,1.0,0.85,1.0,1.0,1.0,1.0,1.0,0.0,1.0,1.0,0.0
42,SDC-VD0519670A,SDC-VD0519670A,item:029313,SUPPLIER_UPSTREAM_SUPPLY_PROACTIVE,"state_stock_stock_cover_below_3d_SDC_VD0519670A_item_029313_d38,state_upstream_upstream_rejection_avg_7d_above_10pct_with_stock_cover_below_7d_SDC_VD0519670A_item_029313_d38",1.0,1.0,1.0,0.0,0.0,1.0,1.0,0.85,1.0,1.0,1.0,0.97,1.0,0.0,1.0,1.0,0.0
42,SDC-VD0525412A,SDC-VD0525412A,item:333362,SUPPLIER_UPSTREAM_SUPPLY_PROACTIVE,"state_stock_stock_cover_below_3d_SDC_VD0525412A_item_333362_d30,state_upstream_upstream_rejection_avg_14d_above_50pct_with_stock_cover_below_3d_SDC_VD0525412A_item_333362_d30",1.0,1.0,1.0,0.0,0.0,1.0,1.0,0.85,1.0,1.0,0.9,1.0,1.0,0.0,1.0,1.0,0.0
42,SDC-VD0525412A,M-1430,item:333362,edge:SDC-VD0525412A_TO_M-1430_333362,"state_stock_stock_cover_below_3d_SDC_VD0525412A_item_333362_d30,state_upstream_upstream_rejection_avg_14d_above_50pct_with_stock_cover_below_3d_SDC_VD0525412A_item_333362_d30",1.0,1.0,1.0,0.0,0.0,1.0,1.0,0.85,1.0,1.0,0.9,1.0,1.0,0.0,1.0,1.0,0.0
42,SDC-VD0508918A,M-1430,item:730384,edge:SDC-VD0508918A_TO_M-1430_730384,"state_stock_stock_cover_below_3d_SDC_VD0508918A_item_730384_d30,state_cost_upstream_recourse_cost_ratio_above_250pct_SDC_VD0508918A_item_730384_d31",1.0,1.0,1.0,0.0,0.0,1.0,1.0,0.85,1.0,1.0,1.0,1.0,1.0,0.0,1.0,1.1,0.0
42,SDC-VD0514881A,M-1810,item:016332,edge:SDC-VD0514881A_TO_M-1810_016332,state_stock_stock_cover_below_3d_SDC_VD0514881A_item_016332_d40,1.0,1.0,1.0,0.0,0.0,1.0,1.0,0.85,1.0,1.0,1.0,1.0,1.0,0.0,1.0,1.0,0.0
42,SDC-VD0519670A,M-1810,item:029313,edge:SDC-VD0519670A_TO_M-1810_029313,"state_stock_stock_cover_below_3d_SDC_VD0519670A_item_029313_d38,state_upstream_upstream_rejection_avg_7d_above_10pct_with_stock_cover_below_7d_SDC_VD0519670A_item_029313_d38",1.0,1.0,1.0,0.0,0.0,1.0,1.0,0.85,1.0,1.0,1.0,0.97,1.0,0.0,1.0,1.0,0.0
42,DC-1920,C-XXXXX,item:268967,edge:DC-1910_TO_C-XXXXX_268967,dc_customer_pf_delay_plus_45_90d_lead_time_extra_days_DC_1920_268967,1.0,1.0,1.0,45.0,0.0,1.0,1.0,1.0,1.0,1.0,1.0,1.0,1.0,0.0,1.0,1.0,0.0
43,SDC-VD0508918A,SDC-VD0508918A,item:730384,SUPPLIER_UPSTREAM_SUPPLY_PROACTIVE,"state_stock_stock_cover_below_3d_SDC_VD0508918A_item_730384_d30,state_cost_upstream_recourse_cost_ratio_above_250pct_SDC_VD0508918A_item_730384_d31",1.0,1.0,1.0,0.0,0.0,1.0,1.0,0.85,1.0,1.0,1.0,1.0,1.0,0.0,1.0,1.1,0.0
43,SDC-VD0514881A,SDC-VD0514881A,item:016332,SUPPLIER_UPSTREAM_SUPPLY_PROACTIVE,state_stock_stock_cover_below_3d_SDC_VD0514881A_item_016332_d40,1.0,1.0,1.0,0.0,0.0,1.0,1.0,0.85,1.0,1.0,1.0,1.0,1.0,0.0,1.0,1.0,0.0
43,SDC-VD0519670A,SDC-VD0519670A,item:029313,SUPPLIER_UPSTREAM_SUPPLY_PROACTIVE,"state_stock_stock_cover_below_3d_SDC_VD0519670A_item_029313_d38,state_upstream_upstream_rejection_avg_7d_above_10pct_with_stock_cover_below_7d_SDC_VD0519670A_item_029313_d38",1.0,1.0,1.0,0.0,0.0,1.0,1.0,0.85,1.0,1.0,1.0,0.97,1.0,0.0,1.0,1.0,0.0
43,SDC-VD0525412A,SDC-VD0525412A,item:333362,SUPPLIER_UPSTREAM_SUPPLY_PROACTIVE,"state_stock_stock_cover_below_3d_SDC_VD0525412A_item_333362_d30,state_upstream_upstream_rejection_avg_14d_above_50pct_with_stock_cover_below_3d_SDC_VD0525412A_item_333362_d30",1.0,1.0,1.0,0.0,0.0,1.0,1.0,0.85,1.0,1.0,0.9,1.0,1.0,0.0,1.0,1.0,0.0
43,SDC-VD0525412A,M-1430,item:333362,edge:SDC-VD0525412A_TO_M-1430_333362,"state_stock_stock_cover_below_3d_SDC_VD0525412A_item_333362_d30,state_upstream_upstream_rejection_avg_14d_above_50pct_with_stock_cover_below_3d_SDC_VD0525412A_item_333362_d30",1.0,1.0,1.0,0.0,0.0,1.0,1.0,0.85,1.0,1.0,0.9,1.0,1.0,0.0,1.0,1.0,0.0
43,SDC-VD0508918A,M-1430,item:730384,edge:SDC-VD0508918A_TO_M-1430_730384,"state_stock_stock_cover_below_3d_SDC_VD0508918A_item_730384_d30,state_cost_upstream_recourse_cost_ratio_above_250pct_SDC_VD0508918A_item_730384_d31",1.0,1.0,1.0,0.0,0.0,1.0,1.0,0.85,1.0,1.0,1.0,1.0,1.0,0.0,1.0,1.1,0.0
43,SDC-VD0514881A,M-1810,item:016332,edge:SDC-VD0514881A_TO_M-1810_016332,state_stock_stock_cover_below_3d_SDC_VD0514881A_item_016332_d40,1.0,1.0,1.0,0.0,0.0,1.0,1.0,0.85,1.0,1.0,1.0,1.0,1.0,0.0,1.0,1.0,0.0
43,SDC-VD0519670A,M-1810,item:029313,edge:SDC-VD0519670A_TO_M-1810_029313,"state_stock_stock_cover_below_3d_SDC_VD0519670A_item_029313_d38,state_upstream_upstream_rejection_avg_7d_above_10pct_with_stock_cover_below_7d_SDC_VD0519670A_item_029313_d38",1.0,1.0,1.0,0.0,0.0,1.0,1.0,0.85,1.0,1.0,1.0,0.97,1.0,0.0,1.0,1.0,0.0
43,DC-1920,C-XXXXX,item:268967,edge:DC-1910_TO_C-XXXXX_268967,dc_customer_pf_delay_plus_45_90d_lead_time_extra_days_DC_1920_268967,1.0,1.0,1.0,45.0,0.0,1.0,1.0,1.0,1.0,1.0,1.0,1.0,1.0,0.0,1.0,1.0,0.0
44,SDC-VD0508918A,SDC-VD0508918A,item:730384,SUPPLIER_UPSTREAM_SUPPLY_PROACTIVE,"state_stock_stock_cover_below_3d_SDC_VD0508918A_item_730384_d30,state_cost_upstream_recourse_cost_ratio_above_250pct_SDC_VD0508918A_item_730384_d31",1.0,1.0,1.0,0.0,0.0,1.0,1.0,0.85,1.0,1.0,1.0,1.0,1.0,0.0,1.0,1.1,0.0
44,SDC-VD0514881A,SDC-VD0514881A,item:016332,SUPPLIER_UPSTREAM_SUPPLY_PROACTIVE,state_stock_stock_cover_below_3d_SDC_VD0514881A_item_016332_d40,1.0,1.0,1.0,0.0,0.0,1.0,1.0,0.85,1.0,1.0,1.0,1.0,1.0,0.0,1.0,1.0,0.0
44,SDC-VD0519670A,SDC-VD0519670A,item:029313,SUPPLIER_UPSTREAM_SUPPLY_PROACTIVE,"state_stock_stock_cover_below_3d_SDC_VD0519670A_item_029313_d38,state_upstream_upstream_rejection_avg_7d_above_10pct_with_stock_cover_below_7d_SDC_VD0519670A_item_029313_d38",1.0,1.0,1.0,0.0,0.0,1.0,1.0,0.85,1.0,1.0,1.0,0.97,1.0,0.0,1.0,1.0,0.0
44,SDC-VD0525412A,SDC-VD0525412A,item:333362,SUPPLIER_UPSTREAM_SUPPLY_PROACTIVE,"state_stock_stock_cover_below_3d_SDC_VD0525412A_item_333362_d30,state_upstream_upstream_rejection_avg_14d_above_50pct_with_stock_cover_below_3d_SDC_VD0525412A_item_333362_d30",1.0,1.0,1.0,0.0,0.0,1.0,1.0,0.85,1.0,1.0,0.9,1.0,1.0,0.0,1.0,1.0,0.0
44,SDC-VD0525412A,M-1430,item:333362,edge:SDC-VD0525412A_TO_M-1430_333362,"state_stock_stock_cover_below_3d_SDC_VD0525412A_item_333362_d30,state_upstream_upstream_rejection_avg_14d_above_50pct_with_stock_cover_below_3d_SDC_VD0525412A_item_333362_d30",1.0,1.0,1.0,0.0,0.0,1.0,1.0,0.85,1.0,1.0,0.9,1.0,1.0,0.0,1.0,1.0,0.0
44,SDC-VD0508918A,M-1430,item:730384,edge:SDC-VD0508918A_TO_M-1430_730384,"state_stock_stock_cover_below_3d_SDC_VD0508918A_item_730384_d30,state_cost_upstream_recourse_cost_ratio_above_250pct_SDC_VD0508918A_item_730384_d31",1.0,1.0,1.0,0.0,0.0,1.0,1.0,0.85,1.0,1.0,1.0,1.0,1.0,0.0,1.0,1.1,0.0
44,SDC-VD0514881A,M-1810,item:016332,edge:SDC-VD0514881A_TO_M-1810_016332,state_stock_stock_cover_below_3d_SDC_VD0514881A_item_016332_d40,1.0,1.0,1.0,0.0,0.0,1.0,1.0,0.85,1.0,1.0,1.0,1.0,1.0,0.0,1.0,1.0,0.0
44,SDC-VD0519670A,M-1810,item:029313,edge:SDC-VD0519670A_TO_M-1810_029313,"state_stock_stock_cover_below_3d_SDC_VD0519670A_item_029313_d38,state_upstream_upstream_rejection_avg_7d_above_10pct_with_stock_cover_below_7d_SDC_VD0519670A_item_029313_d38",1.0,1.0,1.0,0.0,0.0,1.0,1.0,0.85,1.0,1.0,1.0,0.97,1.0,0.0,1.0,1.0,0.0
44,DC-1920,C-XXXXX,item:268967,edge:DC-1910_TO_C-XXXXX_268967,dc_customer_pf_delay_plus_45_90d_lead_time_extra_days_DC_1920_268967,1.0,1.0,1.0,45.0,0.0,1.0,1.0,1.0,1.0,1.0,1.0,1.0,1.0,0.0,1.0,1.0,0.0
45,SDC-VD0508918A,SDC-VD0508918A,item:730384,SUPPLIER_UPSTREAM_SUPPLY_PROACTIVE,state_cost_upstream_recourse_cost_ratio_above_250pct_SDC_VD0508918A_item_730384_d31,1.0,1.0,1.0,0.0,0.0,1.0,1.0,1.0,1.0,1.0,1.0,1.0,1.0,0.0,1.0,1.1,0.0
45,SDC-VD0514881A,SDC-VD0514881A,item:016332,SUPPLIER_UPSTREAM_SUPPLY_PROACTIVE,state_stock_stock_cover_below_3d_SDC_VD0514881A_item_016332_d40,1.0,1.0,1.0,0.0,0.0,1.0,1.0,0.85,1.0,1.0,1.0,1.0,1.0,0.0,1.0,1.0,0.0
45,SDC-VD0519670A,SDC-VD0519670A,item:029313,SUPPLIER_UPSTREAM_SUPPLY_PROACTIVE,"state_stock_stock_cover_below_3d_SDC_VD0519670A_item_029313_d38,state_upstream_upstream_rejection_avg_7d_above_10pct_with_stock_cover_below_7d_SDC_VD0519670A_item_029313_d38",1.0,1.0,1.0,0.0,0.0,1.0,1.0,0.85,1.0,1.0,1.0,0.97,1.0,0.0,1.0,1.0,0.0
45,SDC-VD0508918A,M-1430,item:730384,edge:SDC-VD0508918A_TO_M-1430_730384,state_cost_upstream_recourse_cost_ratio_above_250pct_SDC_VD0508918A_item_730384_d31,1.0,1.0,1.0,0.0,0.0,1.0,1.0,1.0,1.0,1.0,1.0,1.0,1.0,0.0,1.0,1.1,0.0
45,SDC-VD0514881A,M-1810,item:016332,edge:SDC-VD0514881A_TO_M-1810_016332,state_stock_stock_cover_below_3d_SDC_VD0514881A_item_016332_d40,1.0,1.0,1.0,0.0,0.0,1.0,1.0,0.85,1.0,1.0,1.0,1.0,1.0,0.0,1.0,1.0,0.0
45,SDC-VD0519670A,M-1810,item:029313,edge:SDC-VD0519670A_TO_M-1810_029313,"state_stock_stock_cover_below_3d_SDC_VD0519670A_item_029313_d38,state_upstream_upstream_rejection_avg_7d_above_10pct_with_stock_cover_below_7d_SDC_VD0519670A_item_029313_d38",1.0,1.0,1.0,0.0,0.0,1.0,1.0,0.85,1.0,1.0,1.0,0.97,1.0,0.0,1.0,1.0,0.0
45,DC-1920,C-XXXXX,item:268967,edge:DC-1910_TO_C-XXXXX_268967,dc_customer_pf_delay_plus_45_90d_lead_time_extra_days_DC_1920_268967,1.0,1.0,1.0,45.0,0.0,1.0,1.0,1.0,1.0,1.0,1.0,1.0,1.0,0.0,1.0,1.0,0.0
46,SDC-VD0514881A,SDC-VD0514881A,item:016332,SUPPLIER_UPSTREAM_SUPPLY_PROACTIVE,state_stock_stock_cover_below_3d_SDC_VD0514881A_item_016332_d40,1.0,1.0,1.0,0.0,0.0,1.0,1.0,0.85,1.0,1.0,1.0,1.0,1.0,0.0,1.0,1.0,0.0
46,SDC-VD0519670A,SDC-VD0519670A,item:029313,SUPPLIER_UPSTREAM_SUPPLY_PROACTIVE,state_stock_stock_cover_below_3d_SDC_VD0519670A_item_029313_d38,1.0,1.0,1.0,0.0,0.0,1.0,1.0,0.85,1.0,1.0,1.0,1.0,1.0,0.0,1.0,1.0,0.0
46,SDC-VD0514881A,M-1810,item:016332,edge:SDC-VD0514881A_TO_M-1810_016332,state_stock_stock_cover_below_3d_SDC_VD0514881A_item_016332_d40,1.0,1.0,1.0,0.0,0.0,1.0,1.0,0.85,1.0,1.0,1.0,1.0,1.0,0.0,1.0,1.0,0.0
46,SDC-VD0519670A,M-1810,item:029313,edge:SDC-VD0519670A_TO_M-1810_029313,state_stock_stock_cover_below_3d_SDC_VD0519670A_item_029313_d38,1.0,1.0,1.0,0.0,0.0,1.0,1.0,0.85,1.0,1.0,1.0,1.0,1.0,0.0,1.0,1.0,0.0
46,DC-1920,C-XXXXX,item:268967,edge:DC-1910_TO_C-XXXXX_268967,dc_customer_pf_delay_plus_45_90d_lead_time_extra_days_DC_1920_268967,1.0,1.0,1.0,45.0,0.0,1.0,1.0,1.0,1.0,1.0,1.0,1.0,1.0,0.0,1.0,1.0,0.0
47,SDC-VD0519670A,SDC-VD0519670A,item:029313,SUPPLIER_UPSTREAM_SUPPLY_PROACTIVE,state_stock_stock_cover_below_3d_SDC_VD0519670A_item_029313_d38,1.0,1.0,1.0,0.0,0.0,1.0,1.0,0.85,1.0,1.0,1.0,1.0,1.0,0.0,1.0,1.0,0.0
47,SDC-VD0514881A,M-1810,item:016332,edge:SDC-VD0514881A_TO_M-1810_016332,state_stock_stock_cover_below_3d_SDC_VD0514881A_item_016332_d40,1.0,1.0,1.0,0.0,0.0,1.0,1.0,0.85,1.0,1.0,1.0,1.0,1.0,0.0,1.0,1.0,0.0
47,SDC-VD0519670A,M-1810,item:029313,edge:SDC-VD0519670A_TO_M-1810_029313,state_stock_stock_cover_below_3d_SDC_VD0519670A_item_029313_d38,1.0,1.0,1.0,0.0,0.0,1.0,1.0,0.85,1.0,1.0,1.0,1.0,1.0,0.0,1.0,1.0,0.0
47,DC-1920,C-XXXXX,item:268967,edge:DC-1910_TO_C-XXXXX_268967,dc_customer_pf_delay_plus_45_90d_lead_time_extra_days_DC_1920_268967,1.0,1.0,1.0,45.0,0.0,1.0,1.0,1.0,1.0,1.0,1.0,1.0,1.0,0.0,1.0,1.0,0.0
48,SDC-VD0519670A,SDC-VD0519670A,item:029313,SUPPLIER_UPSTREAM_SUPPLY_PROACTIVE,state_stock_stock_cover_below_3d_SDC_VD0519670A_item_029313_d38,1.0,1.0,1.0,0.0,0.0,1.0,1.0,0.85,1.0,1.0,1.0,1.0,1.0,0.0,1.0,1.0,0.0
48,SDC-VD0514881A,M-1810,item:016332,edge:SDC-VD0514881A_TO_M-1810_016332,state_stock_stock_cover_below_3d_SDC_VD0514881A_item_016332_d40,1.0,1.0,1.0,0.0,0.0,1.0,1.0,0.85,1.0,1.0,1.0,1.0,1.0,0.0,1.0,1.0,0.0
48,SDC-VD0519670A,M-1810,item:029313,edge:SDC-VD0519670A_TO_M-1810_029313,state_stock_stock_cover_below_3d_SDC_VD0519670A_item_029313_d38,1.0,1.0,1.0,0.0,0.0,1.0,1.0,0.85,1.0,1.0,1.0,1.0,1.0,0.0,1.0,1.0,0.0
48,DC-1920,C-XXXXX,item:268967,edge:DC-1910_TO_C-XXXXX_268967,dc_customer_pf_delay_plus_45_90d_lead_time_extra_days_DC_1920_268967,1.0,1.0,1.0,45.0,0.0,1.0,1.0,1.0,1.0,1.0,1.0,1.0,1.0,0.0,1.0,1.0,0.0
49,SDC-VD0519670A,SDC-VD0519670A,item:029313,SUPPLIER_UPSTREAM_SUPPLY_PROACTIVE,state_stock_stock_cover_below_3d_SDC_VD0519670A_item_029313_d38,1.0,1.0,1.0,0.0,0.0,1.0,1.0,0.85,1.0,1.0,1.0,1.0,1.0,0.0,1.0,1.0,0.0
49,SDC-VD0519670A,M-1810,item:029313,edge:SDC-VD0519670A_TO_M-1810_029313,state_stock_stock_cover_below_3d_SDC_VD0519670A_item_029313_d38,1.0,1.0,1.0,0.0,0.0,1.0,1.0,0.85,1.0,1.0,1.0,1.0,1.0,0.0,1.0,1.0,0.0
49,DC-1920,C-XXXXX,item:268967,edge:DC-1910_TO_C-XXXXX_268967,dc_customer_pf_delay_plus_45_90d_lead_time_extra_days_DC_1920_268967,1.0,1.0,1.0,45.0,0.0,1.0,1.0,1.0,1.0,1.0,1.0,1.0,1.0,0.0,1.0,1.0,0.0
50,SDC-VD0519670A,SDC-VD0519670A,item:029313,SUPPLIER_UPSTREAM_SUPPLY_PROACTIVE,state_stock_stock_cover_below_3d_SDC_VD0519670A_item_029313_d38,1.0,1.0,1.0,0.0,0.0,1.0,1.0,0.85,1.0,1.0,1.0,1.0,1.0,0.0,1.0,1.0,0.0
50,SDC-VD0519670A,M-1810,item:029313,edge:SDC-VD0519670A_TO_M-1810_029313,state_stock_stock_cover_below_3d_SDC_VD0519670A_item_029313_d38,1.0,1.0,1.0,0.0,0.0,1.0,1.0,0.85,1.0,1.0,1.0,1.0,1.0,0.0,1.0,1.0,0.0
50,DC-1920,C-XXXXX,item:268967,edge:DC-1910_TO_C-XXXXX_268967,dc_customer_pf_delay_plus_45_90d_lead_time_extra_days_DC_1920_268967,1.0,1.0,1.0,45.0,0.0,1.0,1.0,1.0,1.0,1.0,1.0,1.0,1.0,0.0,1.0,1.0,0.0
51,SDC-VD0519670A,SDC-VD0519670A,item:029313,SUPPLIER_UPSTREAM_SUPPLY_PROACTIVE,state_stock_stock_cover_below_3d_SDC_VD0519670A_item_029313_d38,1.0,1.0,1.0,0.0,0.0,1.0,1.0,0.85,1.0,1.0,1.0,1.0,1.0,0.0,1.0,1.0,0.0
51,SDC-VD0519670A,M-1810,item:029313,edge:SDC-VD0519670A_TO_M-1810_029313,state_stock_stock_cover_below_3d_SDC_VD0519670A_item_029313_d38,1.0,1.0,1.0,0.0,0.0,1.0,1.0,0.85,1.0,1.0,1.0,1.0,1.0,0.0,1.0,1.0,0.0
51,DC-1920,C-XXXXX,item:268967,edge:DC-1910_TO_C-XXXXX_268967,dc_customer_pf_delay_plus_45_90d_lead_time_extra_days_DC_1920_268967,1.0,1.0,1.0,45.0,0.0,1.0,1.0,1.0,1.0,1.0,1.0,1.0,1.0,0.0,1.0,1.0,0.0
52,SDC-VD0519670A,SDC-VD0519670A,item:029313,SUPPLIER_UPSTREAM_SUPPLY_PROACTIVE,state_stock_stock_cover_below_3d_SDC_VD0519670A_item_029313_d38,1.0,1.0,1.0,0.0,0.0,1.0,1.0,0.85,1.0,1.0,1.0,1.0,1.0,0.0,1.0,1.0,0.0
52,SDC-VD0519670A,M-1810,item:029313,edge:SDC-VD0519670A_TO_M-1810_029313,state_stock_stock_cover_below_3d_SDC_VD0519670A_item_029313_d38,1.0,1.0,1.0,0.0,0.0,1.0,1.0,0.85,1.0,1.0,1.0,1.0,1.0,0.0,1.0,1.0,0.0
52,DC-1920,C-XXXXX,item:268967,edge:DC-1910_TO_C-XXXXX_268967,dc_customer_pf_delay_plus_45_90d_lead_time_extra_days_DC_1920_268967,1.0,1.0,1.0,45.0,0.0,1.0,1.0,1.0,1.0,1.0,1.0,1.0,1.0,0.0,1.0,1.0,0.0
53,DC-1920,C-XXXXX,item:268967,edge:DC-1910_TO_C-XXXXX_268967,dc_customer_pf_delay_plus_45_90d_lead_time_extra_days_DC_1920_268967,1.0,1.0,1.0,45.0,0.0,1.0,1.0,1.0,1.0,1.0,1.0,1.0,1.0,0.0,1.0,1.0,0.0
54,DC-1920,C-XXXXX,item:268967,edge:DC-1910_TO_C-XXXXX_268967,dc_customer_pf_delay_plus_45_90d_lead_time_extra_days_DC_1920_268967,1.0,1.0,1.0,45.0,0.0,1.0,1.0,1.0,1.0,1.0,1.0,1.0,1.0,0.0,1.0,1.0,0.0
55,DC-1920,C-XXXXX,item:268967,edge:DC-1910_TO_C-XXXXX_268967,dc_customer_pf_delay_plus_45_90d_lead_time_extra_days_DC_1920_268967,1.0,1.0,1.0,45.0,0.0,1.0,1.0,1.0,1.0,1.0,1.0,1.0,1.0,0.0,1.0,1.0,0.0
56,DC-1920,C-XXXXX,item:268967,edge:DC-1910_TO_C-XXXXX_268967,dc_customer_pf_delay_plus_45_90d_lead_time_extra_days_DC_1920_268967,1.0,1.0,1.0,45.0,0.0,1.0,1.0,1.0,1.0,1.0,1.0,1.0,1.0,0.0,1.0,1.0,0.0
57,DC-1920,C-XXXXX,item:268967,edge:DC-1910_TO_C-XXXXX_268967,dc_customer_pf_delay_plus_45_90d_lead_time_extra_days_DC_1920_268967,1.0,1.0,1.0,45.0,0.0,1.0,1.0,1.0,1.0,1.0,1.0,1.0,1.0,0.0,1.0,1.0,0.0
58,DC-1920,C-XXXXX,item:268967,edge:DC-1910_TO_C-XXXXX_268967,dc_customer_pf_delay_plus_45_90d_lead_time_extra_days_DC_1920_268967,1.0,1.0,1.0,45.0,0.0,1.0,1.0,1.0,1.0,1.0,1.0,1.0,1.0,0.0,1.0,1.0,0.0
59,DC-1920,C-XXXXX,item:268967,edge:DC-1910_TO_C-XXXXX_268967,dc_customer_pf_delay_plus_45_90d_lead_time_extra_days_DC_1920_268967,1.0,1.0,1.0,45.0,0.0,1.0,1.0,1.0,1.0,1.0,1.0,1.0,1.0,0.0,1.0,1.0,0.0
60,SDC-VD0525412A,M-1430,item:333362,edge:SDC-VD0525412A_TO_M-1430_333362,"state_stock_stock_cover_below_5d_SDC_VD0525412A_item_333362_d59,state_stock_stock_cover_below_3d_SDC_VD0525412A_item_333362_d59,state_upstream_upstream_rejection_avg_7d_above_10pct_with_stock_cover_below_7d_SDC_VD0525412A_item_333362_d59,state_upstream_upstream_rejection_avg_14d_above_50pct_with_stock_cover_below_3d_SDC_VD0525412A_item_333362_d59",1.0,1.0,1.0,0.0,0.0,1.0,1.0,0.8075,1.0,1.0,0.9,0.97,1.0,0.0,1.0,1.0,0.0
60,DC-1920,C-XXXXX,item:268967,edge:DC-1910_TO_C-XXXXX_268967,dc_customer_pf_delay_plus_45_90d_lead_time_extra_days_DC_1920_268967,1.0,1.0,1.0,45.0,0.0,1.0,1.0,1.0,1.0,1.0,1.0,1.0,1.0,0.0,1.0,1.0,0.0
61,SDC-VD0525412A,M-1430,item:333362,edge:SDC-VD0525412A_TO_M-1430_333362,"state_stock_stock_cover_below_5d_SDC_VD0525412A_item_333362_d59,state_stock_stock_cover_below_3d_SDC_VD0525412A_item_333362_d59,state_upstream_upstream_rejection_avg_7d_above_10pct_with_stock_cover_below_7d_SDC_VD0525412A_item_333362_d59,state_upstream_upstream_rejection_avg_14d_above_50pct_with_stock_cover_below_3d_SDC_VD0525412A_item_333362_d59,state_stock_stock_cover_zero_SDC_VD0525412A_item_333362_d60",1.0,1.0,1.0,0.0,0.0,1.0,1.0,0.7,1.0,1.0,0.9,0.97,1.0,0.0,1.0,1.0,0.0
61,DC-1920,C-XXXXX,item:268967,edge:DC-1910_TO_C-XXXXX_268967,dc_customer_pf_delay_plus_45_90d_lead_time_extra_days_DC_1920_268967,1.0,1.0,1.0,45.0,0.0,1.0,1.0,1.0,1.0,1.0,1.0,1.0,1.0,0.0,1.0,1.0,0.0
62,SDC-VD0525412A,M-1430,item:333362,edge:SDC-VD0525412A_TO_M-1430_333362,"state_stock_stock_cover_below_5d_SDC_VD0525412A_item_333362_d59,state_stock_stock_cover_below_3d_SDC_VD0525412A_item_333362_d59,state_upstream_upstream_rejection_avg_7d_above_10pct_with_stock_cover_below_7d_SDC_VD0525412A_item_333362_d59,state_upstream_upstream_rejection_avg_14d_above_50pct_with_stock_cover_below_3d_SDC_VD0525412A_item_333362_d59,state_stock_stock_cover_zero_SDC_VD0525412A_item_333362_d60",1.0,1.0,1.0,0.0,0.0,1.0,1.0,0.7,1.0,1.0,0.9,0.97,1.0,0.0,1.0,1.0,0.0
62,DC-1920,C-XXXXX,item:268967,edge:DC-1910_TO_C-XXXXX_268967,dc_customer_pf_delay_plus_45_90d_lead_time_extra_days_DC_1920_268967,1.0,1.0,1.0,45.0,0.0,1.0,1.0,1.0,1.0,1.0,1.0,1.0,1.0,0.0,1.0,1.0,0.0
63,SDC-VD0525412A,M-1430,item:333362,edge:SDC-VD0525412A_TO_M-1430_333362,"state_stock_stock_cover_below_5d_SDC_VD0525412A_item_333362_d59,state_stock_stock_cover_below_3d_SDC_VD0525412A_item_333362_d59,state_upstream_upstream_rejection_avg_7d_above_10pct_with_stock_cover_below_7d_SDC_VD0525412A_item_333362_d59,state_upstream_upstream_rejection_avg_14d_above_50pct_with_stock_cover_below_3d_SDC_VD0525412A_item_333362_d59,state_stock_stock_cover_zero_SDC_VD0525412A_item_333362_d60",1.0,1.0,1.0,0.0,0.0,1.0,1.0,0.7,1.0,1.0,0.9,0.97,1.0,0.0,1.0,1.0,0.0
63,DC-1920,C-XXXXX,item:268967,edge:DC-1910_TO_C-XXXXX_268967,dc_customer_pf_delay_plus_45_90d_lead_time_extra_days_DC_1920_268967,1.0,1.0,1.0,45.0,0.0,1.0,1.0,1.0,1.0,1.0,1.0,1.0,1.0,0.0,1.0,1.0,0.0
64,SDC-VD0525412A,M-1430,item:333362,edge:SDC-VD0525412A_TO_M-1430_333362,"state_stock_stock_cover_below_5d_SDC_VD0525412A_item_333362_d59,state_stock_stock_cover_below_3d_SDC_VD0525412A_item_333362_d59,state_upstream_upstream_rejection_avg_7d_above_10pct_with_stock_cover_below_7d_SDC_VD0525412A_item_333362_d59,state_upstream_upstream_rejection_avg_14d_above_50pct_with_stock_cover_below_3d_SDC_VD0525412A_item_333362_d59,state_stock_stock_cover_zero_SDC_VD0525412A_item_333362_d60",1.0,1.0,1.0,0.0,0.0,1.0,1.0,0.7,1.0,1.0,0.9,0.97,1.0,0.0,1.0,1.0,0.0
65,SDC-VD0525412A,M-1430,item:333362,edge:SDC-VD0525412A_TO_M-1430_333362,"state_stock_stock_cover_below_5d_SDC_VD0525412A_item_333362_d59,state_stock_stock_cover_below_3d_SDC_VD0525412A_item_333362_d59,state_upstream_upstream_rejection_avg_7d_above_10pct_with_stock_cover_below_7d_SDC_VD0525412A_item_333362_d59,state_upstream_upstream_rejection_avg_14d_above_50pct_with_stock_cover_below_3d_SDC_VD0525412A_item_333362_d59,state_stock_stock_cover_zero_SDC_VD0525412A_item_333362_d60",1.0,1.0,1.0,0.0,0.0,1.0,1.0,0.7,1.0,1.0,0.9,0.97,1.0,0.0,1.0,1.0,0.0
66,SDC-VD0525412A,M-1430,item:333362,edge:SDC-VD0525412A_TO_M-1430_333362,"state_stock_stock_cover_below_5d_SDC_VD0525412A_item_333362_d59,state_stock_stock_cover_below_3d_SDC_VD0525412A_item_333362_d59,state_upstream_upstream_rejection_avg_7d_above_10pct_with_stock_cover_below_7d_SDC_VD0525412A_item_333362_d59,state_upstream_upstream_rejection_avg_14d_above_50pct_with_stock_cover_below_3d_SDC_VD0525412A_item_333362_d59,state_stock_stock_cover_zero_SDC_VD0525412A_item_333362_d60",1.0,1.0,1.0,0.0,0.0,1.0,1.0,0.7,1.0,1.0,0.9,0.97,1.0,0.0,1.0,1.0,0.0
67,SDC-VD0525412A,M-1430,item:333362,edge:SDC-VD0525412A_TO_M-1430_333362,"state_stock_stock_cover_below_3d_SDC_VD0525412A_item_333362_d59,state_upstream_upstream_rejection_avg_14d_above_50pct_with_stock_cover_below_3d_SDC_VD0525412A_item_333362_d59,state_stock_stock_cover_zero_SDC_VD0525412A_item_333362_d60",1.0,1.0,1.0,0.0,0.0,1.0,1.0,0.7,1.0,1.0,0.9,1.0,1.0,0.0,1.0,1.0,0.0
68,SDC-VD0525412A,M-1430,item:333362,edge:SDC-VD0525412A_TO_M-1430_333362,"state_stock_stock_cover_below_3d_SDC_VD0525412A_item_333362_d59,state_upstream_upstream_rejection_avg_14d_above_50pct_with_stock_cover_below_3d_SDC_VD0525412A_item_333362_d59,state_stock_stock_cover_zero_SDC_VD0525412A_item_333362_d60",1.0,1.0,1.0,0.0,0.0,1.0,1.0,0.7,1.0,1.0,0.9,1.0,1.0,0.0,1.0,1.0,0.0
69,SDC-VD0525412A,M-1430,item:333362,edge:SDC-VD0525412A_TO_M-1430_333362,"state_stock_stock_cover_below_3d_SDC_VD0525412A_item_333362_d59,state_upstream_upstream_rejection_avg_14d_above_50pct_with_stock_cover_below_3d_SDC_VD0525412A_item_333362_d59,state_stock_stock_cover_zero_SDC_VD0525412A_item_333362_d60",1.0,1.0,1.0,0.0,0.0,1.0,1.0,0.7,1.0,1.0,0.9,1.0,1.0,0.0,1.0,1.0,0.0
70,SDC-VD0525412A,M-1430,item:333362,edge:SDC-VD0525412A_TO_M-1430_333362,"state_stock_stock_cover_below_3d_SDC_VD0525412A_item_333362_d59,state_upstream_upstream_rejection_avg_14d_above_50pct_with_stock_cover_below_3d_SDC_VD0525412A_item_333362_d59,state_stock_stock_cover_zero_SDC_VD0525412A_item_333362_d60",1.0,1.0,1.0,0.0,0.0,1.0,1.0,0.7,1.0,1.0,0.9,1.0,1.0,0.0,1.0,1.0,0.0
71,SDC-VD0525412A,M-1430,item:333362,edge:SDC-VD0525412A_TO_M-1430_333362,"state_stock_stock_cover_below_3d_SDC_VD0525412A_item_333362_d59,state_upstream_upstream_rejection_avg_14d_above_50pct_with_stock_cover_below_3d_SDC_VD0525412A_item_333362_d59,state_stock_stock_cover_zero_SDC_VD0525412A_item_333362_d60",1.0,1.0,1.0,0.0,0.0,1.0,1.0,0.7,1.0,1.0,0.9,1.0,1.0,0.0,1.0,1.0,0.0
72,SDC-VD0525412A,M-1430,item:333362,edge:SDC-VD0525412A_TO_M-1430_333362,"state_stock_stock_cover_below_3d_SDC_VD0525412A_item_333362_d59,state_upstream_upstream_rejection_avg_14d_above_50pct_with_stock_cover_below_3d_SDC_VD0525412A_item_333362_d59,state_stock_stock_cover_zero_SDC_VD0525412A_item_333362_d60",1.0,1.0,1.0,0.0,0.0,1.0,1.0,0.7,1.0,1.0,0.9,1.0,1.0,0.0,1.0,1.0,0.0
73,SDC-VD0508918A,SDC-VD0508918A,item:730384,SUPPLIER_UPSTREAM_SUPPLY_PROACTIVE,state_cost_upstream_recourse_cost_ratio_above_250pct_SDC_VD0508918A_item_730384_d60,1.0,1.0,1.0,0.0,0.0,1.0,1.0,1.0,1.0,1.0,1.0,1.0,1.0,0.0,1.0,1.1,0.0
73,SDC-VD0525412A,M-1430,item:333362,edge:SDC-VD0525412A_TO_M-1430_333362,"state_stock_stock_cover_below_3d_SDC_VD0525412A_item_333362_d59,state_upstream_upstream_rejection_avg_14d_above_50pct_with_stock_cover_below_3d_SDC_VD0525412A_item_333362_d59,state_stock_stock_cover_zero_SDC_VD0525412A_item_333362_d60",1.0,1.0,1.0,0.0,0.0,1.0,1.0,0.7,1.0,1.0,0.9,1.0,1.0,0.0,1.0,1.0,0.0
74,SDC-VD0525412A,M-1430,item:333362,edge:SDC-VD0525412A_TO_M-1430_333362,state_stock_stock_cover_zero_SDC_VD0525412A_item_333362_d60,1.0,1.0,1.0,0.0,0.0,1.0,1.0,0.7,1.0,1.0,1.0,1.0,1.0,0.0,1.0,1.0,0.0
833,SDC-VD0956464A,M-1810,item:007923,edge:SDC-VD0956464A_TO_M-1810_007923,"state_lead_observed_lead_ratio_above_125pct_SDC_VD0956464A_item_007923_d832,state_lead_observed_lead_ratio_above_135pct_SDC_VD0956464A_item_007923_d832",1.0,1.0,1.0,8.0,0.0,1.0,1.0,1.0,1.0,1.0,1.0,1.0,1.0,0.0,1.0,1.0,0.0
834,SDC-VD0956464A,M-1810,item:007923,edge:SDC-VD0956464A_TO_M-1810_007923,"state_lead_observed_lead_ratio_above_125pct_SDC_VD0956464A_item_007923_d832,state_lead_observed_lead_ratio_above_135pct_SDC_VD0956464A_item_007923_d832,state_lead_observed_lead_ratio_above_110pct_SDC_VD0956464A_item_007923_d833",1.0,1.0,1.1,8.0,0.0,1.0,1.0,1.0,1.0,1.0,1.0,1.0,1.0,0.0,1.0,1.0,0.0
835,SDC-VD0956464A,M-1810,item:007923,edge:SDC-VD0956464A_TO_M-1810_007923,"state_lead_observed_lead_ratio_above_125pct_SDC_VD0956464A_item_007923_d832,state_lead_observed_lead_ratio_above_135pct_SDC_VD0956464A_item_007923_d832,state_lead_observed_lead_ratio_above_110pct_SDC_VD0956464A_item_007923_d833",1.0,1.0,1.1,8.0,0.0,1.0,1.0,1.0,1.0,1.0,1.0,1.0,1.0,0.0,1.0,1.0,0.0
836,SDC-VD0956464A,M-1810,item:007923,edge:SDC-VD0956464A_TO_M-1810_007923,"state_lead_observed_lead_ratio_above_125pct_SDC_VD0956464A_item_007923_d832,state_lead_observed_lead_ratio_above_135pct_SDC_VD0956464A_item_007923_d832,state_lead_observed_lead_ratio_above_110pct_SDC_VD0956464A_item_007923_d833",1.0,1.0,1.1,8.0,0.0,1.0,1.0,1.0,1.0,1.0,1.0,1.0,1.0,0.0,1.0,1.0,0.0
837,SDC-VD0956464A,M-1810,item:007923,edge:SDC-VD0956464A_TO_M-1810_007923,"state_lead_observed_lead_ratio_above_125pct_SDC_VD0956464A_item_007923_d832,state_lead_observed_lead_ratio_above_135pct_SDC_VD0956464A_item_007923_d832,state_lead_observed_lead_ratio_above_110pct_SDC_VD0956464A_item_007923_d833",1.0,1.0,1.1,8.0,0.0,1.0,1.0,1.0,1.0,1.0,1.0,1.0,1.0,0.0,1.0,1.0,0.0
838,SDC-VD0956464A,M-1810,item:007923,edge:SDC-VD0956464A_TO_M-1810_007923,"state_lead_observed_lead_ratio_above_125pct_SDC_VD0956464A_item_007923_d832,state_lead_observed_lead_ratio_above_135pct_SDC_VD0956464A_item_007923_d832,state_lead_observed_lead_ratio_above_110pct_SDC_VD0956464A_item_007923_d833",1.0,1.0,1.1,8.0,0.0,1.0,1.0,1.0,1.0,1.0,1.0,1.0,1.0,0.0,1.0,1.0,0.0
839,SDC-VD0956464A,M-1810,item:007923,edge:SDC-VD0956464A_TO_M-1810_007923,"state_lead_observed_lead_ratio_above_125pct_SDC_VD0956464A_item_007923_d832,state_lead_observed_lead_ratio_above_135pct_SDC_VD0956464A_item_007923_d832,state_lead_observed_lead_ratio_above_110pct_SDC_VD0956464A_item_007923_d833",1.0,1.0,1.1,8.0,0.0,1.0,1.0,1.0,1.0,1.0,1.0,1.0,1.0,0.0,1.0,1.0,0.0
840,SDC-VD0956464A,M-1810,item:007923,edge:SDC-VD0956464A_TO_M-1810_007923,"state_lead_observed_lead_ratio_above_125pct_SDC_VD0956464A_item_007923_d832,state_lead_observed_lead_ratio_above_135pct_SDC_VD0956464A_item_007923_d832,state_lead_observed_lead_ratio_above_110pct_SDC_VD0956464A_item_007923_d833",1.0,1.0,1.1,8.0,0.0,1.0,1.0,1.0,1.0,1.0,1.0,1.0,1.0,0.0,1.0,1.0,0.0
841,SDC-VD0956464A,M-1810,item:007923,edge:SDC-VD0956464A_TO_M-1810_007923,"state_lead_observed_lead_ratio_above_125pct_SDC_VD0956464A_item_007923_d832,state_lead_observed_lead_ratio_above_135pct_SDC_VD0956464A_item_007923_d832",1.0,1.0,1.0,8.0,0.0,1.0,1.0,1.0,1.0,1.0,1.0,1.0,1.0,0.0,1.0,1.0,0.0
842,SDC-VD0956464A,M-1810,item:007923,edge:SDC-VD0956464A_TO_M-1810_007923,"state_lead_observed_lead_ratio_above_125pct_SDC_VD0956464A_item_007923_d832,state_lead_observed_lead_ratio_above_135pct_SDC_VD0956464A_item_007923_d832",1.0,1.0,1.0,8.0,0.0,1.0,1.0,1.0,1.0,1.0,1.0,1.0,1.0,0.0,1.0,1.0,0.0
843,SDC-VD0956464A,M-1810,item:007923,edge:SDC-VD0956464A_TO_M-1810_007923,"state_lead_observed_lead_ratio_above_125pct_SDC_VD0956464A_item_007923_d832,state_lead_observed_lead_ratio_above_135pct_SDC_VD0956464A_item_007923_d832",1.0,1.0,1.0,8.0,0.0,1.0,1.0,1.0,1.0,1.0,1.0,1.0,1.0,0.0,1.0,1.0,0.0
844,SDC-VD0956464A,M-1810,item:007923,edge:SDC-VD0956464A_TO_M-1810_007923,"state_lead_observed_lead_ratio_above_125pct_SDC_VD0956464A_item_007923_d832,state_lead_observed_lead_ratio_above_135pct_SDC_VD0956464A_item_007923_d832",1.0,1.0,1.0,8.0,0.0,1.0,1.0,1.0,1.0,1.0,1.0,1.0,1.0,0.0,1.0,1.0,0.0
845,SDC-VD0956464A,M-1810,item:007923,edge:SDC-VD0956464A_TO_M-1810_007923,"state_lead_observed_lead_ratio_above_125pct_SDC_VD0956464A_item_007923_d832,state_lead_observed_lead_ratio_above_135pct_SDC_VD0956464A_item_007923_d832",1.0,1.0,1.0,8.0,0.0,1.0,1.0,1.0,1.0,1.0,1.0,1.0,1.0,0.0,1.0,1.0,0.0
881,SDC-VD0956464A,M-1810,item:007923,edge:SDC-VD0956464A_TO_M-1810_007923,"state_lead_observed_lead_ratio_above_125pct_SDC_VD0956464A_item_007923_d880,state_lead_observed_lead_ratio_above_135pct_SDC_VD0956464A_item_007923_d880",1.0,1.0,1.0,8.0,0.0,1.0,1.0,1.0,1.0,1.0,1.0,1.0,1.0,0.0,1.0,1.0,0.0
882,SDC-VD0956464A,M-1810,item:007923,edge:SDC-VD0956464A_TO_M-1810_007923,"state_lead_observed_lead_ratio_above_125pct_SDC_VD0956464A_item_007923_d880,state_lead_observed_lead_ratio_above_135pct_SDC_VD0956464A_item_007923_d880,state_lead_observed_lead_ratio_above_110pct_SDC_VD0956464A_item_007923_d881",1.0,1.0,1.1,8.0,0.0,1.0,1.0,1.0,1.0,1.0,1.0,1.0,1.0,0.0,1.0,1.0,0.0
883,SDC-VD0956464A,M-1810,item:007923,edge:SDC-VD0956464A_TO_M-1810_007923,"state_lead_observed_lead_ratio_above_125pct_SDC_VD0956464A_item_007923_d880,state_lead_observed_lead_ratio_above_135pct_SDC_VD0956464A_item_007923_d880,state_lead_observed_lead_ratio_above_110pct_SDC_VD0956464A_item_007923_d881",1.0,1.0,1.1,8.0,0.0,1.0,1.0,1.0,1.0,1.0,1.0,1.0,1.0,0.0,1.0,1.0,0.0
884,SDC-VD0956464A,M-1810,item:007923,edge:SDC-VD0956464A_TO_M-1810_007923,"state_lead_observed_lead_ratio_above_125pct_SDC_VD0956464A_item_007923_d880,state_lead_observed_lead_ratio_above_135pct_SDC_VD0956464A_item_007923_d880,state_lead_observed_lead_ratio_above_110pct_SDC_VD0956464A_item_007923_d881",1.0,1.0,1.1,8.0,0.0,1.0,1.0,1.0,1.0,1.0,1.0,1.0,1.0,0.0,1.0,1.0,0.0
885,SDC-VD0956464A,M-1810,item:007923,edge:SDC-VD0956464A_TO_M-1810_007923,"state_lead_observed_lead_ratio_above_125pct_SDC_VD0956464A_item_007923_d880,state_lead_observed_lead_ratio_above_135pct_SDC_VD0956464A_item_007923_d880,state_lead_observed_lead_ratio_above_110pct_SDC_VD0956464A_item_007923_d881",1.0,1.0,1.1,8.0,0.0,1.0,1.0,1.0,1.0,1.0,1.0,1.0,1.0,0.0,1.0,1.0,0.0
886,SDC-VD0956464A,M-1810,item:007923,edge:SDC-VD0956464A_TO_M-1810_007923,"state_lead_observed_lead_ratio_above_125pct_SDC_VD0956464A_item_007923_d880,state_lead_observed_lead_ratio_above_135pct_SDC_VD0956464A_item_007923_d880,state_lead_observed_lead_ratio_above_110pct_SDC_VD0956464A_item_007923_d881",1.0,1.0,1.1,8.0,0.0,1.0,1.0,1.0,1.0,1.0,1.0,1.0,1.0,0.0,1.0,1.0,0.0
887,SDC-VD0956464A,M-1810,item:007923,edge:SDC-VD0956464A_TO_M-1810_007923,"state_lead_observed_lead_ratio_above_125pct_SDC_VD0956464A_item_007923_d880,state_lead_observed_lead_ratio_above_135pct_SDC_VD0956464A_item_007923_d880,state_lead_observed_lead_ratio_above_110pct_SDC_VD0956464A_item_007923_d881",1.0,1.0,1.1,8.0,0.0,1.0,1.0,1.0,1.0,1.0,1.0,1.0,1.0,0.0,1.0,1.0,0.0
888,SDC-VD0956464A,M-1810,item:007923,edge:SDC-VD0956464A_TO_M-1810_007923,"state_lead_observed_lead_ratio_above_125pct_SDC_VD0956464A_item_007923_d880,state_lead_observed_lead_ratio_above_135pct_SDC_VD0956464A_item_007923_d880,state_lead_observed_lead_ratio_above_110pct_SDC_VD0956464A_item_007923_d881",1.0,1.0,1.1,8.0,0.0,1.0,1.0,1.0,1.0,1.0,1.0,1.0,1.0,0.0,1.0,1.0,0.0
889,SDC-VD0956464A,SDC-VD0956464A,item:007923,SUPPLIER_UPSTREAM_SUPPLY_PROACTIVE,"state_lead_observed_lead_ratio_above_125pct_SDC_VD0956464A_item_007923_d880,state_lead_observed_lead_ratio_above_135pct_SDC_VD0956464A_item_007923_d880",1.0,1.0,1.0,8.0,0.0,1.0,1.0,1.0,1.0,1.0,1.0,1.0,1.0,0.0,1.0,1.0,0.0
889,SDC-VD0956464A,M-1810,item:007923,edge:SDC-VD0956464A_TO_M-1810_007923,"state_lead_observed_lead_ratio_above_125pct_SDC_VD0956464A_item_007923_d880,state_lead_observed_lead_ratio_above_135pct_SDC_VD0956464A_item_007923_d880",1.0,1.0,1.0,8.0,0.0,1.0,1.0,1.0,1.0,1.0,1.0,1.0,1.0,0.0,1.0,1.0,0.0
890,SDC-VD0956464A,SDC-VD0956464A,item:007923,SUPPLIER_UPSTREAM_SUPPLY_PROACTIVE,"state_lead_observed_lead_ratio_above_125pct_SDC_VD0956464A_item_007923_d880,state_lead_observed_lead_ratio_above_135pct_SDC_VD0956464A_item_007923_d880",1.0,1.0,1.0,8.0,0.0,1.0,1.0,1.0,1.0,1.0,1.0,1.0,1.0,0.0,1.0,1.0,0.0
890,SDC-VD0956464A,M-1810,item:007923,edge:SDC-VD0956464A_TO_M-1810_007923,"state_lead_observed_lead_ratio_above_125pct_SDC_VD0956464A_item_007923_d880,state_lead_observed_lead_ratio_above_135pct_SDC_VD0956464A_item_007923_d880",1.0,1.0,1.0,8.0,0.0,1.0,1.0,1.0,1.0,1.0,1.0,1.0,1.0,0.0,1.0,1.0,0.0
891,SDC-VD0956464A,SDC-VD0956464A,item:007923,SUPPLIER_UPSTREAM_SUPPLY_PROACTIVE,"state_lead_observed_lead_ratio_above_125pct_SDC_VD0956464A_item_007923_d880,state_lead_observed_lead_ratio_above_135pct_SDC_VD0956464A_item_007923_d880",1.0,1.0,1.0,8.0,0.0,1.0,1.0,1.0,1.0,1.0,1.0,1.0,1.0,0.0,1.0,1.0,0.0
891,SDC-VD0956464A,M-1810,item:007923,edge:SDC-VD0956464A_TO_M-1810_007923,"state_lead_observed_lead_ratio_above_125pct_SDC_VD0956464A_item_007923_d880,state_lead_observed_lead_ratio_above_135pct_SDC_VD0956464A_item_007923_d880",1.0,1.0,1.0,8.0,0.0,1.0,1.0,1.0,1.0,1.0,1.0,1.0,1.0,0.0,1.0,1.0,0.0
892,SDC-VD0956464A,SDC-VD0956464A,item:007923,SUPPLIER_UPSTREAM_SUPPLY_PROACTIVE,"state_lead_observed_lead_ratio_above_125pct_SDC_VD0956464A_item_007923_d880,state_lead_observed_lead_ratio_above_135pct_SDC_VD0956464A_item_007923_d880",1.0,1.0,1.0,8.0,0.0,1.0,1.0,1.0,1.0,1.0,1.0,1.0,1.0,0.0,1.0,1.0,0.0
892,SDC-VD0956464A,M-1810,item:007923,edge:SDC-VD0956464A_TO_M-1810_007923,"state_lead_observed_lead_ratio_above_125pct_SDC_VD0956464A_item_007923_d880,state_lead_observed_lead_ratio_above_135pct_SDC_VD0956464A_item_007923_d880",1.0,1.0,1.0,8.0,0.0,1.0,1.0,1.0,1.0,1.0,1.0,1.0,1.0,0.0,1.0,1.0,0.0
893,SDC-VD0956464A,SDC-VD0956464A,item:007923,SUPPLIER_UPSTREAM_SUPPLY_PROACTIVE,"state_lead_observed_lead_ratio_above_125pct_SDC_VD0956464A_item_007923_d880,state_lead_observed_lead_ratio_above_135pct_SDC_VD0956464A_item_007923_d880",1.0,1.0,1.0,8.0,0.0,1.0,1.0,1.0,1.0,1.0,1.0,1.0,1.0,0.0,1.0,1.0,0.0
893,SDC-VD0956464A,M-1810,item:007923,edge:SDC-VD0956464A_TO_M-1810_007923,"state_lead_observed_lead_ratio_above_125pct_SDC_VD0956464A_item_007923_d880,state_lead_observed_lead_ratio_above_135pct_SDC_VD0956464A_item_007923_d880",1.0,1.0,1.0,8.0,0.0,1.0,1.0,1.0,1.0,1.0,1.0,1.0,1.0,0.0,1.0,1.0,0.0
894,SDC-VD0956464A,SDC-VD0956464A,item:007923,SUPPLIER_UPSTREAM_SUPPLY_PROACTIVE,"state_lead_observed_lead_ratio_above_125pct_SDC_VD0956464A_item_007923_d880,state_lead_observed_lead_ratio_above_135pct_SDC_VD0956464A_item_007923_d880",1.0,1.0,1.0,8.0,0.0,1.0,1.0,1.0,1.0,1.0,1.0,1.0,1.0,0.0,1.0,1.0,0.0
894,SDC-VD0956464A,M-1810,item:007923,edge:SDC-VD0956464A_TO_M-1810_007923,"state_lead_observed_lead_ratio_above_125pct_SDC_VD0956464A_item_007923_d880,state_lead_observed_lead_ratio_above_135pct_SDC_VD0956464A_item_007923_d880",1.0,1.0,1.0,8.0,0.0,1.0,1.0,1.0,1.0,1.0,1.0,1.0,1.0,0.0,1.0,1.0,0.0
902,SDC-VD0508918A,SDC-VD0508918A,item:730384,SUPPLIER_UPSTREAM_SUPPLY_PROACTIVE,state_cost_upstream_recourse_cost_ratio_above_250pct_SDC_VD0508918A_item_730384_d901,1.0,1.0,1.0,0.0,0.0,1.0,1.0,1.0,1.0,1.0,1.0,1.0,1.0,0.0,1.0,1.1,0.0
903,SDC-VD0508918A,SDC-VD0508918A,item:730384,SUPPLIER_UPSTREAM_SUPPLY_PROACTIVE,state_cost_upstream_recourse_cost_ratio_above_250pct_SDC_VD0508918A_item_730384_d901,1.0,1.0,1.0,0.0,0.0,1.0,1.0,1.0,1.0,1.0,1.0,1.0,1.0,0.0,1.0,1.1,0.0
904,SDC-VD0508918A,SDC-VD0508918A,item:730384,SUPPLIER_UPSTREAM_SUPPLY_PROACTIVE,state_cost_upstream_recourse_cost_ratio_above_250pct_SDC_VD0508918A_item_730384_d901,1.0,1.0,1.0,0.0,0.0,1.0,1.0,1.0,1.0,1.0,1.0,1.0,1.0,0.0,1.0,1.1,0.0
905,SDC-VD0508918A,SDC-VD0508918A,item:730384,SUPPLIER_UPSTREAM_SUPPLY_PROACTIVE,state_cost_upstream_recourse_cost_ratio_above_250pct_SDC_VD0508918A_item_730384_d901,1.0,1.0,1.0,0.0,0.0,1.0,1.0,1.0,1.0,1.0,1.0,1.0,1.0,0.0,1.0,1.1,0.0
906,SDC-VD0508918A,SDC-VD0508918A,item:730384,SUPPLIER_UPSTREAM_SUPPLY_PROACTIVE,state_cost_upstream_recourse_cost_ratio_above_250pct_SDC_VD0508918A_item_730384_d901,1.0,1.0,1.0,0.0,0.0,1.0,1.0,1.0,1.0,1.0,1.0,1.0,1.0,0.0,1.0,1.1,0.0
907,SDC-VD0508918A,SDC-VD0508918A,item:730384,SUPPLIER_UPSTREAM_SUPPLY_PROACTIVE,state_cost_upstream_recourse_cost_ratio_above_250pct_SDC_VD0508918A_item_730384_d901,1.0,1.0,1.0,0.0,0.0,1.0,1.0,1.0,1.0,1.0,1.0,1.0,1.0,0.0,1.0,1.1,0.0
930,SDC-VD0956464A,SDC-VD0956464A,item:007923,SUPPLIER_UPSTREAM_SUPPLY_PROACTIVE,"state_lead_observed_lead_ratio_above_125pct_SDC_VD0956464A_item_007923_d929,state_lead_observed_lead_ratio_above_135pct_SDC_VD0956464A_item_007923_d929",1.0,1.0,1.0,8.0,0.0,1.0,1.0,1.0,1.0,1.0,1.0,1.0,1.0,0.0,1.0,1.0,0.0
930,SDC-VD0956464A,M-1810,item:007923,edge:SDC-VD0956464A_TO_M-1810_007923,"state_lead_observed_lead_ratio_above_125pct_SDC_VD0956464A_item_007923_d929,state_lead_observed_lead_ratio_above_135pct_SDC_VD0956464A_item_007923_d929",1.0,1.0,1.0,8.0,0.0,1.0,1.0,1.0,1.0,1.0,1.0,1.0,1.0,0.0,1.0,1.0,0.0
931,SDC-VD0956464A,SDC-VD0956464A,item:007923,SUPPLIER_UPSTREAM_SUPPLY_PROACTIVE,"state_lead_observed_lead_ratio_above_125pct_SDC_VD0956464A_item_007923_d929,state_lead_observed_lead_ratio_above_135pct_SDC_VD0956464A_item_007923_d929,state_lead_observed_lead_ratio_above_110pct_SDC_VD0956464A_item_007923_d930",1.0,1.0,1.1,8.0,0.0,1.0,1.0,1.0,1.0,1.0,1.0,1.0,1.0,0.0,1.0,1.0,0.0
931,SDC-VD0956464A,M-1810,item:007923,edge:SDC-VD0956464A_TO_M-1810_007923,"state_lead_observed_lead_ratio_above_125pct_SDC_VD0956464A_item_007923_d929,state_lead_observed_lead_ratio_above_135pct_SDC_VD0956464A_item_007923_d929,state_lead_observed_lead_ratio_above_110pct_SDC_VD0956464A_item_007923_d930",1.0,1.0,1.1,8.0,0.0,1.0,1.0,1.0,1.0,1.0,1.0,1.0,1.0,0.0,1.0,1.0,0.0
932,SDC-VD0956464A,SDC-VD0956464A,item:007923,SUPPLIER_UPSTREAM_SUPPLY_PROACTIVE,"state_lead_observed_lead_ratio_above_125pct_SDC_VD0956464A_item_007923_d929,state_lead_observed_lead_ratio_above_135pct_SDC_VD0956464A_item_007923_d929,state_lead_observed_lead_ratio_above_110pct_SDC_VD0956464A_item_007923_d930",1.0,1.0,1.1,8.0,0.0,1.0,1.0,1.0,1.0,1.0,1.0,1.0,1.0,0.0,1.0,1.0,0.0
932,SDC-VD0956464A,M-1810,item:007923,edge:SDC-VD0956464A_TO_M-1810_007923,"state_lead_observed_lead_ratio_above_125pct_SDC_VD0956464A_item_007923_d929,state_lead_observed_lead_ratio_above_135pct_SDC_VD0956464A_item_007923_d929,state_lead_observed_lead_ratio_above_110pct_SDC_VD0956464A_item_007923_d930",1.0,1.0,1.1,8.0,0.0,1.0,1.0,1.0,1.0,1.0,1.0,1.0,1.0,0.0,1.0,1.0,0.0
933,SDC-VD0956464A,SDC-VD0956464A,item:007923,SUPPLIER_UPSTREAM_SUPPLY_PROACTIVE,"state_lead_observed_lead_ratio_above_125pct_SDC_VD0956464A_item_007923_d929,state_lead_observed_lead_ratio_above_135pct_SDC_VD0956464A_item_007923_d929,state_lead_observed_lead_ratio_above_110pct_SDC_VD0956464A_item_007923_d930",1.0,1.0,1.1,8.0,0.0,1.0,1.0,1.0,1.0,1.0,1.0,1.0,1.0,0.0,1.0,1.0,0.0
933,SDC-VD0956464A,M-1810,item:007923,edge:SDC-VD0956464A_TO_M-1810_007923,"state_lead_observed_lead_ratio_above_125pct_SDC_VD0956464A_item_007923_d929,state_lead_observed_lead_ratio_above_135pct_SDC_VD0956464A_item_007923_d929,state_lead_observed_lead_ratio_above_110pct_SDC_VD0956464A_item_007923_d930",1.0,1.0,1.1,8.0,0.0,1.0,1.0,1.0,1.0,1.0,1.0,1.0,1.0,0.0,1.0,1.0,0.0
934,SDC-VD0956464A,SDC-VD0956464A,item:007923,SUPPLIER_UPSTREAM_SUPPLY_PROACTIVE,"state_lead_observed_lead_ratio_above_125pct_SDC_VD0956464A_item_007923_d929,state_lead_observed_lead_ratio_above_135pct_SDC_VD0956464A_item_007923_d929,state_lead_observed_lead_ratio_above_110pct_SDC_VD0956464A_item_007923_d930",1.0,1.0,1.1,8.0,0.0,1.0,1.0,1.0,1.0,1.0,1.0,1.0,1.0,0.0,1.0,1.0,0.0
934,SDC-VD0956464A,M-1810,item:007923,edge:SDC-VD0956464A_TO_M-1810_007923,"state_lead_observed_lead_ratio_above_125pct_SDC_VD0956464A_item_007923_d929,state_lead_observed_lead_ratio_above_135pct_SDC_VD0956464A_item_007923_d929,state_lead_observed_lead_ratio_above_110pct_SDC_VD0956464A_item_007923_d930",1.0,1.0,1.1,8.0,0.0,1.0,1.0,1.0,1.0,1.0,1.0,1.0,1.0,0.0,1.0,1.0,0.0
935,SDC-VD0956464A,SDC-VD0956464A,item:007923,SUPPLIER_UPSTREAM_SUPPLY_PROACTIVE,"state_lead_observed_lead_ratio_above_125pct_SDC_VD0956464A_item_007923_d929,state_lead_observed_lead_ratio_above_135pct_SDC_VD0956464A_item_007923_d929,state_lead_observed_lead_ratio_above_110pct_SDC_VD0956464A_item_007923_d930",1.0,1.0,1.1,8.0,0.0,1.0,1.0,1.0,1.0,1.0,1.0,1.0,1.0,0.0,1.0,1.0,0.0
935,SDC-VD0956464A,M-1810,item:007923,edge:SDC-VD0956464A_TO_M-1810_007923,"state_lead_observed_lead_ratio_above_125pct_SDC_VD0956464A_item_007923_d929,state_lead_observed_lead_ratio_above_135pct_SDC_VD0956464A_item_007923_d929,state_lead_observed_lead_ratio_above_110pct_SDC_VD0956464A_item_007923_d930",1.0,1.0,1.1,8.0,0.0,1.0,1.0,1.0,1.0,1.0,1.0,1.0,1.0,0.0,1.0,1.0,0.0
936,SDC-VD0956464A,SDC-VD0956464A,item:007923,SUPPLIER_UPSTREAM_SUPPLY_PROACTIVE,"state_lead_observed_lead_ratio_above_125pct_SDC_VD0956464A_item_007923_d929,state_lead_observed_lead_ratio_above_135pct_SDC_VD0956464A_item_007923_d929,state_lead_observed_lead_ratio_above_110pct_SDC_VD0956464A_item_007923_d930",1.0,1.0,1.1,8.0,0.0,1.0,1.0,1.0,1.0,1.0,1.0,1.0,1.0,0.0,1.0,1.0,0.0
936,SDC-VD0956464A,M-1810,item:007923,edge:SDC-VD0956464A_TO_M-1810_007923,"state_lead_observed_lead_ratio_above_125pct_SDC_VD0956464A_item_007923_d929,state_lead_observed_lead_ratio_above_135pct_SDC_VD0956464A_item_007923_d929,state_lead_observed_lead_ratio_above_110pct_SDC_VD0956464A_item_007923_d930",1.0,1.0,1.1,8.0,0.0,1.0,1.0,1.0,1.0,1.0,1.0,1.0,1.0,0.0,1.0,1.0,0.0
937,SDC-VD0956464A,SDC-VD0956464A,item:007923,SUPPLIER_UPSTREAM_SUPPLY_PROACTIVE,"state_lead_observed_lead_ratio_above_125pct_SDC_VD0956464A_item_007923_d929,state_lead_observed_lead_ratio_above_135pct_SDC_VD0956464A_item_007923_d929,state_lead_observed_lead_ratio_above_110pct_SDC_VD0956464A_item_007923_d930",1.0,1.0,1.1,8.0,0.0,1.0,1.0,1.0,1.0,1.0,1.0,1.0,1.0,0.0,1.0,1.0,0.0
937,SDC-VD0956464A,M-1810,item:007923,edge:SDC-VD0956464A_TO_M-1810_007923,"state_lead_observed_lead_ratio_above_125pct_SDC_VD0956464A_item_007923_d929,state_lead_observed_lead_ratio_above_135pct_SDC_VD0956464A_item_007923_d929,state_lead_observed_lead_ratio_above_110pct_SDC_VD0956464A_item_007923_d930",1.0,1.0,1.1,8.0,0.0,1.0,1.0,1.0,1.0,1.0,1.0,1.0,1.0,0.0,1.0,1.0,0.0
938,SDC-VD0956464A,SDC-VD0956464A,item:007923,SUPPLIER_UPSTREAM_SUPPLY_PROACTIVE,"state_lead_observed_lead_ratio_above_125pct_SDC_VD0956464A_item_007923_d929,state_lead_observed_lead_ratio_above_135pct_SDC_VD0956464A_item_007923_d929",1.0,1.0,1.0,8.0,0.0,1.0,1.0,1.0,1.0,1.0,1.0,1.0,1.0,0.0,1.0,1.0,0.0
938,SDC-VD0956464A,M-1810,item:007923,edge:SDC-VD0956464A_TO_M-1810_007923,"state_lead_observed_lead_ratio_above_125pct_SDC_VD0956464A_item_007923_d929,state_lead_observed_lead_ratio_above_135pct_SDC_VD0956464A_item_007923_d929",1.0,1.0,1.0,8.0,0.0,1.0,1.0,1.0,1.0,1.0,1.0,1.0,1.0,0.0,1.0,1.0,0.0
939,SDC-VD0956464A,SDC-VD0956464A,item:007923,SUPPLIER_UPSTREAM_SUPPLY_PROACTIVE,"state_lead_observed_lead_ratio_above_125pct_SDC_VD0956464A_item_007923_d929,state_lead_observed_lead_ratio_above_135pct_SDC_VD0956464A_item_007923_d929",1.0,1.0,1.0,8.0,0.0,1.0,1.0,1.0,1.0,1.0,1.0,1.0,1.0,0.0,1.0,1.0,0.0
939,SDC-VD0956464A,M-1810,item:007923,edge:SDC-VD0956464A_TO_M-1810_007923,"state_lead_observed_lead_ratio_above_125pct_SDC_VD0956464A_item_007923_d929,state_lead_observed_lead_ratio_above_135pct_SDC_VD0956464A_item_007923_d929",1.0,1.0,1.0,8.0,0.0,1.0,1.0,1.0,1.0,1.0,1.0,1.0,1.0,0.0,1.0,1.0,0.0
940,SDC-VD0956464A,SDC-VD0956464A,item:007923,SUPPLIER_UPSTREAM_SUPPLY_PROACTIVE,"state_lead_observed_lead_ratio_above_125pct_SDC_VD0956464A_item_007923_d929,state_lead_observed_lead_ratio_above_135pct_SDC_VD0956464A_item_007923_d929",1.0,1.0,1.0,8.0,0.0,1.0,1.0,1.0,1.0,1.0,1.0,1.0,1.0,0.0,1.0,1.0,0.0
1054,SDC-VD0910216A,SDC-VD0910216A,item:001893,SUPPLIER_UPSTREAM_SUPPLY_PROACTIVE,state_stock_stock_cover_zero_SDC_VD0910216A_item_001893_d1053,1.0,1.0,1.0,0.0,0.0,1.0,1.0,0.7,1.0,1.0,1.0,1.0,1.0,0.0,1.0,1.0,0.0
1055,SDC-VD0910216A,SDC-VD0910216A,item:001893,SUPPLIER_UPSTREAM_SUPPLY_PROACTIVE,"state_stock_stock_cover_zero_SDC_VD0910216A_item_001893_d1053,state_stock_stock_cover_below_3d_SDC_VD0910216A_item_001893_d1054,state_upstream_upstream_rejection_avg_7d_above_10pct_with_stock_cover_below_7d_SDC_VD0910216A_item_001893_d1054",1.0,1.0,1.0,0.0,0.0,1.0,1.0,0.7,1.0,1.0,1.0,0.97,1.0,0.0,1.0,1.0,0.0
1056,SDC-VD0910216A,SDC-VD0910216A,item:001893,SUPPLIER_UPSTREAM_SUPPLY_PROACTIVE,"state_stock_stock_cover_zero_SDC_VD0910216A_item_001893_d1053,state_stock_stock_cover_below_3d_SDC_VD0910216A_item_001893_d1054,state_upstream_upstream_rejection_avg_7d_above_10pct_with_stock_cover_below_7d_SDC_VD0910216A_item_001893_d1054",1.0,1.0,1.0,0.0,0.0,1.0,1.0,0.7,1.0,1.0,1.0,0.97,1.0,0.0,1.0,1.0,0.0
1057,SDC-VD0910216A,SDC-VD0910216A,item:001893,SUPPLIER_UPSTREAM_SUPPLY_PROACTIVE,"state_stock_stock_cover_zero_SDC_VD0910216A_item_001893_d1053,state_stock_stock_cover_below_3d_SDC_VD0910216A_item_001893_d1054,state_upstream_upstream_rejection_avg_7d_above_10pct_with_stock_cover_below_7d_SDC_VD0910216A_item_001893_d1054",1.0,1.0,1.0,0.0,0.0,1.0,1.0,0.7,1.0,1.0,1.0,0.97,1.0,0.0,1.0,1.0,0.0
1058,SDC-VD0910216A,SDC-VD0910216A,item:001893,SUPPLIER_UPSTREAM_SUPPLY_PROACTIVE,"state_stock_stock_cover_zero_SDC_VD0910216A_item_001893_d1053,state_stock_stock_cover_below_3d_SDC_VD0910216A_item_001893_d1054,state_upstream_upstream_rejection_avg_7d_above_10pct_with_stock_cover_below_7d_SDC_VD0910216A_item_001893_d1054,state_stock_stock_cover_below_5d_SDC_VD0910216A_item_001893_d1057",1.0,1.0,1.0,0.0,0.0,1.0,1.0,0.7,1.0,1.0,1.0,0.97,1.0,0.0,1.0,1.0,0.0
1059,SDC-VD0910216A,SDC-VD0910216A,item:001893,SUPPLIER_UPSTREAM_SUPPLY_PROACTIVE,"state_stock_stock_cover_zero_SDC_VD0910216A_item_001893_d1053,state_stock_stock_cover_below_3d_SDC_VD0910216A_item_001893_d1054,state_upstream_upstream_rejection_avg_7d_above_10pct_with_stock_cover_below_7d_SDC_VD0910216A_item_001893_d1054,state_stock_stock_cover_below_5d_SDC_VD0910216A_item_001893_d1057",1.0,1.0,1.0,0.0,0.0,1.0,1.0,0.7,1.0,1.0,1.0,0.97,1.0,0.0,1.0,1.0,0.0
1060,SDC-VD0910216A,SDC-VD0910216A,item:001893,SUPPLIER_UPSTREAM_SUPPLY_PROACTIVE,"state_stock_stock_cover_zero_SDC_VD0910216A_item_001893_d1053,state_stock_stock_cover_below_3d_SDC_VD0910216A_item_001893_d1054,state_upstream_upstream_rejection_avg_7d_above_10pct_with_stock_cover_below_7d_SDC_VD0910216A_item_001893_d1054,state_stock_stock_cover_below_5d_SDC_VD0910216A_item_001893_d1057",1.0,1.0,1.0,0.0,0.0,1.0,1.0,0.7,1.0,1.0,1.0,0.97,1.0,0.0,1.0,1.0,0.0
1061,SDC-VD0910216A,SDC-VD0910216A,item:001893,SUPPLIER_UPSTREAM_SUPPLY_PROACTIVE,"state_stock_stock_cover_zero_SDC_VD0910216A_item_001893_d1053,state_stock_stock_cover_below_3d_SDC_VD0910216A_item_001893_d1054,state_upstream_upstream_rejection_avg_7d_above_10pct_with_stock_cover_below_7d_SDC_VD0910216A_item_001893_d1054,state_stock_stock_cover_below_5d_SDC_VD0910216A_item_001893_d1057,state_upstream_upstream_rejection_avg_14d_above_50pct_with_stock_cover_below_3d_SDC_VD0910216A_item_001893_d1060",1.0,1.0,1.0,0.0,0.0,1.0,1.0,0.7,1.0,1.0,0.9,0.97,1.0,0.0,1.0,1.0,0.0
1062,SDC-VD0910216A,SDC-VD0910216A,item:001893,SUPPLIER_UPSTREAM_SUPPLY_PROACTIVE,"state_stock_stock_cover_zero_SDC_VD0910216A_item_001893_d1053,state_stock_stock_cover_below_3d_SDC_VD0910216A_item_001893_d1054,state_stock_stock_cover_below_5d_SDC_VD0910216A_item_001893_d1057,state_upstream_upstream_rejection_avg_14d_above_50pct_with_stock_cover_below_3d_SDC_VD0910216A_item_001893_d1060",1.0,1.0,1.0,0.0,0.0,1.0,1.0,0.7,1.0,1.0,0.9,1.0,1.0,0.0,1.0,1.0,0.0
1063,SDC-VD0910216A,SDC-VD0910216A,item:001893,SUPPLIER_UPSTREAM_SUPPLY_PROACTIVE,"state_stock_stock_cover_zero_SDC_VD0910216A_item_001893_d1053,state_stock_stock_cover_below_3d_SDC_VD0910216A_item_001893_d1054,state_stock_stock_cover_below_5d_SDC_VD0910216A_item_001893_d1057,state_upstream_upstream_rejection_avg_14d_above_50pct_with_stock_cover_below_3d_SDC_VD0910216A_item_001893_d1060",1.0,1.0,1.0,0.0,0.0,1.0,1.0,0.7,1.0,1.0,0.9,1.0,1.0,0.0,1.0,1.0,0.0
1064,SDC-VD0910216A,SDC-VD0910216A,item:001893,SUPPLIER_UPSTREAM_SUPPLY_PROACTIVE,"state_stock_stock_cover_zero_SDC_VD0910216A_item_001893_d1053,state_stock_stock_cover_below_3d_SDC_VD0910216A_item_001893_d1054,state_stock_stock_cover_below_5d_SDC_VD0910216A_item_001893_d1057,state_upstream_upstream_rejection_avg_14d_above_50pct_with_stock_cover_below_3d_SDC_VD0910216A_item_001893_d1060",1.0,1.0,1.0,0.0,0.0,1.0,1.0,0.7,1.0,1.0,0.9,1.0,1.0,0.0,1.0,1.0,0.0
1065,SDC-VD0910216A,SDC-VD0910216A,item:001893,SUPPLIER_UPSTREAM_SUPPLY_PROACTIVE,"state_stock_stock_cover_zero_SDC_VD0910216A_item_001893_d1053,state_stock_stock_cover_below_3d_SDC_VD0910216A_item_001893_d1054,state_upstream_upstream_rejection_avg_14d_above_50pct_with_stock_cover_below_3d_SDC_VD0910216A_item_001893_d1060",1.0,1.0,1.0,0.0,0.0,1.0,1.0,0.7,1.0,1.0,0.9,1.0,1.0,0.0,1.0,1.0,0.0
1066,SDC-VD0910216A,SDC-VD0910216A,item:001893,SUPPLIER_UPSTREAM_SUPPLY_PROACTIVE,"state_stock_stock_cover_zero_SDC_VD0910216A_item_001893_d1053,state_stock_stock_cover_below_3d_SDC_VD0910216A_item_001893_d1054,state_upstream_upstream_rejection_avg_14d_above_50pct_with_stock_cover_below_3d_SDC_VD0910216A_item_001893_d1060",1.0,1.0,1.0,0.0,0.0,1.0,1.0,0.7,1.0,1.0,0.9,1.0,1.0,0.0,1.0,1.0,0.0
1067,SDC-VD0910216A,SDC-VD0910216A,item:001893,SUPPLIER_UPSTREAM_SUPPLY_PROACTIVE,"state_stock_stock_cover_zero_SDC_VD0910216A_item_001893_d1053,state_stock_stock_cover_below_3d_SDC_VD0910216A_item_001893_d1054,state_upstream_upstream_rejection_avg_14d_above_50pct_with_stock_cover_below_3d_SDC_VD0910216A_item_001893_d1060",1.0,1.0,1.0,0.0,0.0,1.0,1.0,0.7,1.0,1.0,0.9,1.0,1.0,0.0,1.0,1.0,0.0
1068,SDC-VD0910216A,SDC-VD0910216A,item:001893,SUPPLIER_UPSTREAM_SUPPLY_PROACTIVE,"state_stock_stock_cover_zero_SDC_VD0910216A_item_001893_d1053,state_stock_stock_cover_below_3d_SDC_VD0910216A_item_001893_d1054,state_upstream_upstream_rejection_avg_14d_above_50pct_with_stock_cover_below_3d_SDC_VD0910216A_item_001893_d1060",1.0,1.0,1.0,0.0,0.0,1.0,1.0,0.7,1.0,1.0,0.9,1.0,1.0,0.0,1.0,1.0,0.0
1069,SDC-VD0910216A,SDC-VD0910216A,item:001893,SUPPLIER_UPSTREAM_SUPPLY_PROACTIVE,"state_stock_stock_cover_zero_SDC_VD0910216A_item_001893_d1053,state_upstream_upstream_rejection_avg_14d_above_50pct_with_stock_cover_below_3d_SDC_VD0910216A_item_001893_d1060",1.0,1.0,1.0,0.0,0.0,1.0,1.0,0.7,1.0,1.0,0.9,1.0,1.0,0.0,1.0,1.0,0.0
1070,SDC-VD0910216A,SDC-VD0910216A,item:001893,SUPPLIER_UPSTREAM_SUPPLY_PROACTIVE,"state_stock_stock_cover_zero_SDC_VD0910216A_item_001893_d1053,state_upstream_upstream_rejection_avg_14d_above_50pct_with_stock_cover_below_3d_SDC_VD0910216A_item_001893_d1060",1.0,1.0,1.0,0.0,0.0,1.0,1.0,0.7,1.0,1.0,0.9,1.0,1.0,0.0,1.0,1.0,0.0
1071,SDC-VD0910216A,SDC-VD0910216A,item:001893,SUPPLIER_UPSTREAM_SUPPLY_PROACTIVE,"state_stock_stock_cover_zero_SDC_VD0910216A_item_001893_d1053,state_upstream_upstream_rejection_avg_14d_above_50pct_with_stock_cover_below_3d_SDC_VD0910216A_item_001893_d1060",1.0,1.0,1.0,0.0,0.0,1.0,1.0,0.7,1.0,1.0,0.9,1.0,1.0,0.0,1.0,1.0,0.0
1072,SDC-VD0910216A,SDC-VD0910216A,item:001893,SUPPLIER_UPSTREAM_SUPPLY_PROACTIVE,"state_stock_stock_cover_zero_SDC_VD0910216A_item_001893_d1053,state_upstream_upstream_rejection_avg_14d_above_50pct_with_stock_cover_below_3d_SDC_VD0910216A_item_001893_d1060",1.0,1.0,1.0,0.0,0.0,1.0,1.0,0.7,1.0,1.0,0.9,1.0,1.0,0.0,1.0,1.0,0.0
1073,SDC-VD0910216A,SDC-VD0910216A,item:001893,SUPPLIER_UPSTREAM_SUPPLY_PROACTIVE,"state_stock_stock_cover_zero_SDC_VD0910216A_item_001893_d1053,state_upstream_upstream_rejection_avg_14d_above_50pct_with_stock_cover_below_3d_SDC_VD0910216A_item_001893_d1060",1.0,1.0,1.0,0.0,0.0,1.0,1.0,0.7,1.0,1.0,0.9,1.0,1.0,0.0,1.0,1.0,0.0
1074,SDC-VD0910216A,SDC-VD0910216A,item:001893,SUPPLIER_UPSTREAM_SUPPLY_PROACTIVE,"state_stock_stock_cover_zero_SDC_VD0910216A_item_001893_d1053,state_upstream_upstream_rejection_avg_14d_above_50pct_with_stock_cover_below_3d_SDC_VD0910216A_item_001893_d1060",1.0,1.0,1.0,0.0,0.0,1.0,1.0,0.7,1.0,1.0,0.9,1.0,1.0,0.0,1.0,1.0,0.0
1077,SDC-VD0956464A,SDC-VD0956464A,item:007923,SUPPLIER_UPSTREAM_SUPPLY_PROACTIVE,state_lead_observed_lead_ratio_above_125pct_SDC_VD0956464A_item_007923_d1076,1.0,1.0,1.0,3.0,0.0,1.0,1.0,1.0,1.0,1.0,1.0,1.0,1.0,0.0,1.0,1.0,0.0
1077,SDC-VD0956464A,M-1810,item:007923,edge:SDC-VD0956464A_TO_M-1810_007923,state_lead_observed_lead_ratio_above_125pct_SDC_VD0956464A_item_007923_d1076,1.0,1.0,1.0,3.0,0.0,1.0,1.0,1.0,1.0,1.0,1.0,1.0,1.0,0.0,1.0,1.0,0.0
1078,SDC-VD0956464A,SDC-VD0956464A,item:007923,SUPPLIER_UPSTREAM_SUPPLY_PROACTIVE,"state_lead_observed_lead_ratio_above_125pct_SDC_VD0956464A_item_007923_d1076,state_lead_observed_lead_ratio_above_110pct_SDC_VD0956464A_item_007923_d1077",1.0,1.0,1.1,3.0,0.0,1.0,1.0,1.0,1.0,1.0,1.0,1.0,1.0,0.0,1.0,1.0,0.0
1078,SDC-VD0956464A,M-1810,item:007923,edge:SDC-VD0956464A_TO_M-1810_007923,"state_lead_observed_lead_ratio_above_125pct_SDC_VD0956464A_item_007923_d1076,state_lead_observed_lead_ratio_above_110pct_SDC_VD0956464A_item_007923_d1077",1.0,1.0,1.1,3.0,0.0,1.0,1.0,1.0,1.0,1.0,1.0,1.0,1.0,0.0,1.0,1.0,0.0
1079,SDC-VD0956464A,SDC-VD0956464A,item:007923,SUPPLIER_UPSTREAM_SUPPLY_PROACTIVE,"state_lead_observed_lead_ratio_above_125pct_SDC_VD0956464A_item_007923_d1076,state_lead_observed_lead_ratio_above_110pct_SDC_VD0956464A_item_007923_d1077,state_lead_observed_lead_ratio_above_135pct_SDC_VD0956464A_item_007923_d1078",1.0,1.0,1.1,8.0,0.0,1.0,1.0,1.0,1.0,1.0,1.0,1.0,1.0,0.0,1.0,1.0,0.0
1079,SDC-VD0956464A,M-1810,item:007923,edge:SDC-VD0956464A_TO_M-1810_007923,"state_lead_observed_lead_ratio_above_125pct_SDC_VD0956464A_item_007923_d1076,state_lead_observed_lead_ratio_above_110pct_SDC_VD0956464A_item_007923_d1077,state_lead_observed_lead_ratio_above_135pct_SDC_VD0956464A_item_007923_d1078",1.0,1.0,1.1,8.0,0.0,1.0,1.0,1.0,1.0,1.0,1.0,1.0,1.0,0.0,1.0,1.0,0.0
1080,SDC-VD0956464A,SDC-VD0956464A,item:007923,SUPPLIER_UPSTREAM_SUPPLY_PROACTIVE,"state_lead_observed_lead_ratio_above_125pct_SDC_VD0956464A_item_007923_d1076,state_lead_observed_lead_ratio_above_110pct_SDC_VD0956464A_item_007923_d1077,state_lead_observed_lead_ratio_above_135pct_SDC_VD0956464A_item_007923_d1078",1.0,1.0,1.1,8.0,0.0,1.0,1.0,1.0,1.0,1.0,1.0,1.0,1.0,0.0,1.0,1.0,0.0
1080,SDC-VD0956464A,M-1810,item:007923,edge:SDC-VD0956464A_TO_M-1810_007923,"state_lead_observed_lead_ratio_above_125pct_SDC_VD0956464A_item_007923_d1076,state_lead_observed_lead_ratio_above_110pct_SDC_VD0956464A_item_007923_d1077,state_lead_observed_lead_ratio_above_135pct_SDC_VD0956464A_item_007923_d1078",1.0,1.0,1.1,8.0,0.0,1.0,1.0,1.0,1.0,1.0,1.0,1.0,1.0,0.0,1.0,1.0,0.0
1081,SDC-VD0956464A,SDC-VD0956464A,item:007923,SUPPLIER_UPSTREAM_SUPPLY_PROACTIVE,"state_lead_observed_lead_ratio_above_125pct_SDC_VD0956464A_item_007923_d1076,state_lead_observed_lead_ratio_above_110pct_SDC_VD0956464A_item_007923_d1077,state_lead_observed_lead_ratio_above_135pct_SDC_VD0956464A_item_007923_d1078",1.0,1.0,1.1,8.0,0.0,1.0,1.0,1.0,1.0,1.0,1.0,1.0,1.0,0.0,1.0,1.0,0.0
1081,SDC-VD0956464A,M-1810,item:007923,edge:SDC-VD0956464A_TO_M-1810_007923,"state_lead_observed_lead_ratio_above_125pct_SDC_VD0956464A_item_007923_d1076,state_lead_observed_lead_ratio_above_110pct_SDC_VD0956464A_item_007923_d1077,state_lead_observed_lead_ratio_above_135pct_SDC_VD0956464A_item_007923_d1078",1.0,1.0,1.1,8.0,0.0,1.0,1.0,1.0,1.0,1.0,1.0,1.0,1.0,0.0,1.0,1.0,0.0
1082,SDC-VD0956464A,SDC-VD0956464A,item:007923,SUPPLIER_UPSTREAM_SUPPLY_PROACTIVE,"state_lead_observed_lead_ratio_above_125pct_SDC_VD0956464A_item_007923_d1076,state_lead_observed_lead_ratio_above_110pct_SDC_VD0956464A_item_007923_d1077,state_lead_observed_lead_ratio_above_135pct_SDC_VD0956464A_item_007923_d1078",1.0,1.0,1.1,8.0,0.0,1.0,1.0,1.0,1.0,1.0,1.0,1.0,1.0,0.0,1.0,1.0,0.0
1082,SDC-VD0956464A,M-1810,item:007923,edge:SDC-VD0956464A_TO_M-1810_007923,"state_lead_observed_lead_ratio_above_125pct_SDC_VD0956464A_item_007923_d1076,state_lead_observed_lead_ratio_above_110pct_SDC_VD0956464A_item_007923_d1077,state_lead_observed_lead_ratio_above_135pct_SDC_VD0956464A_item_007923_d1078",1.0,1.0,1.1,8.0,0.0,1.0,1.0,1.0,1.0,1.0,1.0,1.0,1.0,0.0,1.0,1.0,0.0
1083,SDC-VD0956464A,SDC-VD0956464A,item:007923,SUPPLIER_UPSTREAM_SUPPLY_PROACTIVE,"state_lead_observed_lead_ratio_above_125pct_SDC_VD0956464A_item_007923_d1076,state_lead_observed_lead_ratio_above_110pct_SDC_VD0956464A_item_007923_d1077,state_lead_observed_lead_ratio_above_135pct_SDC_VD0956464A_item_007923_d1078",1.0,1.0,1.1,8.0,0.0,1.0,1.0,1.0,1.0,1.0,1.0,1.0,1.0,0.0,1.0,1.0,0.0
1083,SDC-VD0956464A,M-1810,item:007923,edge:SDC-VD0956464A_TO_M-1810_007923,"state_lead_observed_lead_ratio_above_125pct_SDC_VD0956464A_item_007923_d1076,state_lead_observed_lead_ratio_above_110pct_SDC_VD0956464A_item_007923_d1077,state_lead_observed_lead_ratio_above_135pct_SDC_VD0956464A_item_007923_d1078",1.0,1.0,1.1,8.0,0.0,1.0,1.0,1.0,1.0,1.0,1.0,1.0,1.0,0.0,1.0,1.0,0.0
1084,SDC-VD0956464A,SDC-VD0956464A,item:007923,SUPPLIER_UPSTREAM_SUPPLY_PROACTIVE,"state_lead_observed_lead_ratio_above_125pct_SDC_VD0956464A_item_007923_d1076,state_lead_observed_lead_ratio_above_110pct_SDC_VD0956464A_item_007923_d1077,state_lead_observed_lead_ratio_above_135pct_SDC_VD0956464A_item_007923_d1078",1.0,1.0,1.1,8.0,0.0,1.0,1.0,1.0,1.0,1.0,1.0,1.0,1.0,0.0,1.0,1.0,0.0
1084,SDC-VD0956464A,M-1810,item:007923,edge:SDC-VD0956464A_TO_M-1810_007923,"state_lead_observed_lead_ratio_above_125pct_SDC_VD0956464A_item_007923_d1076,state_lead_observed_lead_ratio_above_110pct_SDC_VD0956464A_item_007923_d1077,state_lead_observed_lead_ratio_above_135pct_SDC_VD0956464A_item_007923_d1078",1.0,1.0,1.1,8.0,0.0,1.0,1.0,1.0,1.0,1.0,1.0,1.0,1.0,0.0,1.0,1.0,0.0
1085,SDC-VD0956464A,SDC-VD0956464A,item:007923,SUPPLIER_UPSTREAM_SUPPLY_PROACTIVE,"state_lead_observed_lead_ratio_above_125pct_SDC_VD0956464A_item_007923_d1076,state_lead_observed_lead_ratio_above_135pct_SDC_VD0956464A_item_007923_d1078",1.0,1.0,1.0,8.0,0.0,1.0,1.0,1.0,1.0,1.0,1.0,1.0,1.0,0.0,1.0,1.0,0.0
1085,SDC-VD0956464A,M-1810,item:007923,edge:SDC-VD0956464A_TO_M-1810_007923,"state_lead_observed_lead_ratio_above_125pct_SDC_VD0956464A_item_007923_d1076,state_lead_observed_lead_ratio_above_135pct_SDC_VD0956464A_item_007923_d1078",1.0,1.0,1.0,8.0,0.0,1.0,1.0,1.0,1.0,1.0,1.0,1.0,1.0,0.0,1.0,1.0,0.0
1086,SDC-VD0956464A,SDC-VD0956464A,item:007923,SUPPLIER_UPSTREAM_SUPPLY_PROACTIVE,"state_lead_observed_lead_ratio_above_125pct_SDC_VD0956464A_item_007923_d1076,state_lead_observed_lead_ratio_above_135pct_SDC_VD0956464A_item_007923_d1078",1.0,1.0,1.0,8.0,0.0,1.0,1.0,1.0,1.0,1.0,1.0,1.0,1.0,0.0,1.0,1.0,0.0
1086,SDC-VD0956464A,M-1810,item:007923,edge:SDC-VD0956464A_TO_M-1810_007923,"state_lead_observed_lead_ratio_above_125pct_SDC_VD0956464A_item_007923_d1076,state_lead_observed_lead_ratio_above_135pct_SDC_VD0956464A_item_007923_d1078",1.0,1.0,1.0,8.0,0.0,1.0,1.0,1.0,1.0,1.0,1.0,1.0,1.0,0.0,1.0,1.0,0.0
1087,SDC-VD0956464A,SDC-VD0956464A,item:007923,SUPPLIER_UPSTREAM_SUPPLY_PROACTIVE,"state_lead_observed_lead_ratio_above_125pct_SDC_VD0956464A_item_007923_d1076,state_lead_observed_lead_ratio_above_135pct_SDC_VD0956464A_item_007923_d1078",1.0,1.0,1.0,8.0,0.0,1.0,1.0,1.0,1.0,1.0,1.0,1.0,1.0,0.0,1.0,1.0,0.0
1087,SDC-VD0956464A,M-1810,item:007923,edge:SDC-VD0956464A_TO_M-1810_007923,"state_lead_observed_lead_ratio_above_125pct_SDC_VD0956464A_item_007923_d1076,state_lead_observed_lead_ratio_above_135pct_SDC_VD0956464A_item_007923_d1078",1.0,1.0,1.0,8.0,0.0,1.0,1.0,1.0,1.0,1.0,1.0,1.0,1.0,0.0,1.0,1.0,0.0
1088,SDC-VD0956464A,SDC-VD0956464A,item:007923,SUPPLIER_UPSTREAM_SUPPLY_PROACTIVE,"state_lead_observed_lead_ratio_above_125pct_SDC_VD0956464A_item_007923_d1076,state_lead_observed_lead_ratio_above_135pct_SDC_VD0956464A_item_007923_d1078",1.0,1.0,1.0,8.0,0.0,1.0,1.0,1.0,1.0,1.0,1.0,1.0,1.0,0.0,1.0,1.0,0.0
1088,SDC-VD0956464A,M-1810,item:007923,edge:SDC-VD0956464A_TO_M-1810_007923,"state_lead_observed_lead_ratio_above_125pct_SDC_VD0956464A_item_007923_d1076,state_lead_observed_lead_ratio_above_135pct_SDC_VD0956464A_item_007923_d1078",1.0,1.0,1.0,8.0,0.0,1.0,1.0,1.0,1.0,1.0,1.0,1.0,1.0,0.0,1.0,1.0,0.0
1089,SDC-VD0956464A,SDC-VD0956464A,item:007923,SUPPLIER_UPSTREAM_SUPPLY_PROACTIVE,"state_lead_observed_lead_ratio_above_125pct_SDC_VD0956464A_item_007923_d1076,state_lead_observed_lead_ratio_above_135pct_SDC_VD0956464A_item_007923_d1078",1.0,1.0,1.0,8.0,0.0,1.0,1.0,1.0,1.0,1.0,1.0,1.0,1.0,0.0,1.0,1.0,0.0
1224,SDC-VD0951020A,SDC-VD0951020A,item:007923,SUPPLIER_UPSTREAM_SUPPLY_PROACTIVE,"state_lead_observed_lead_ratio_above_125pct_SDC_VD0951020A_item_007923_d1223,state_lead_observed_lead_ratio_above_135pct_SDC_VD0951020A_item_007923_d1223",1.0,1.0,1.0,8.0,0.0,1.0,1.0,1.0,1.0,1.0,1.0,1.0,1.0,0.0,1.0,1.0,0.0
1224,SDC-VD0951020A,M-1810,item:007923,edge:SDC-VD0951020A_TO_M-1810_007923,"state_lead_observed_lead_ratio_above_125pct_SDC_VD0951020A_item_007923_d1223,state_lead_observed_lead_ratio_above_135pct_SDC_VD0951020A_item_007923_d1223",1.0,1.0,1.0,8.0,0.0,1.0,1.0,1.0,1.0,1.0,1.0,1.0,1.0,0.0,1.0,1.0,0.0
1225,SDC-VD0951020A,SDC-VD0951020A,item:007923,SUPPLIER_UPSTREAM_SUPPLY_PROACTIVE,"state_lead_observed_lead_ratio_above_125pct_SDC_VD0951020A_item_007923_d1223,state_lead_observed_lead_ratio_above_135pct_SDC_VD0951020A_item_007923_d1223,state_lead_observed_lead_ratio_above_110pct_SDC_VD0951020A_item_007923_d1224",1.0,1.0,1.1,8.0,0.0,1.0,1.0,1.0,1.0,1.0,1.0,1.0,1.0,0.0,1.0,1.0,0.0
1225,SDC-VD0951020A,M-1810,item:007923,edge:SDC-VD0951020A_TO_M-1810_007923,"state_lead_observed_lead_ratio_above_125pct_SDC_VD0951020A_item_007923_d1223,state_lead_observed_lead_ratio_above_135pct_SDC_VD0951020A_item_007923_d1223,state_lead_observed_lead_ratio_above_110pct_SDC_VD0951020A_item_007923_d1224",1.0,1.0,1.1,8.0,0.0,1.0,1.0,1.0,1.0,1.0,1.0,1.0,1.0,0.0,1.0,1.0,0.0
1226,SDC-VD0951020A,SDC-VD0951020A,item:007923,SUPPLIER_UPSTREAM_SUPPLY_PROACTIVE,"state_lead_observed_lead_ratio_above_125pct_SDC_VD0951020A_item_007923_d1223,state_lead_observed_lead_ratio_above_135pct_SDC_VD0951020A_item_007923_d1223,state_lead_observed_lead_ratio_above_110pct_SDC_VD0951020A_item_007923_d1224",1.0,1.0,1.1,8.0,0.0,1.0,1.0,1.0,1.0,1.0,1.0,1.0,1.0,0.0,1.0,1.0,0.0
1226,SDC-VD0951020A,M-1810,item:007923,edge:SDC-VD0951020A_TO_M-1810_007923,"state_lead_observed_lead_ratio_above_125pct_SDC_VD0951020A_item_007923_d1223,state_lead_observed_lead_ratio_above_135pct_SDC_VD0951020A_item_007923_d1223,state_lead_observed_lead_ratio_above_110pct_SDC_VD0951020A_item_007923_d1224",1.0,1.0,1.1,8.0,0.0,1.0,1.0,1.0,1.0,1.0,1.0,1.0,1.0,0.0,1.0,1.0,0.0
1227,SDC-VD0951020A,SDC-VD0951020A,item:007923,SUPPLIER_UPSTREAM_SUPPLY_PROACTIVE,"state_lead_observed_lead_ratio_above_125pct_SDC_VD0951020A_item_007923_d1223,state_lead_observed_lead_ratio_above_135pct_SDC_VD0951020A_item_007923_d1223,state_lead_observed_lead_ratio_above_110pct_SDC_VD0951020A_item_007923_d1224",1.0,1.0,1.1,8.0,0.0,1.0,1.0,1.0,1.0,1.0,1.0,1.0,1.0,0.0,1.0,1.0,0.0
1227,SDC-VD0956464A,SDC-VD0956464A,item:007923,SUPPLIER_UPSTREAM_SUPPLY_PROACTIVE,"state_lead_observed_lead_ratio_above_125pct_SDC_VD0956464A_item_007923_d1226,state_lead_observed_lead_ratio_above_135pct_SDC_VD0956464A_item_007923_d1226",1.0,1.0,1.0,8.0,0.0,1.0,1.0,1.0,1.0,1.0,1.0,1.0,1.0,0.0,1.0,1.0,0.0
1227,SDC-VD0956464A,M-1810,item:007923,edge:SDC-VD0956464A_TO_M-1810_007923,"state_lead_observed_lead_ratio_above_125pct_SDC_VD0956464A_item_007923_d1226,state_lead_observed_lead_ratio_above_135pct_SDC_VD0956464A_item_007923_d1226",1.0,1.0,1.0,8.0,0.0,1.0,1.0,1.0,1.0,1.0,1.0,1.0,1.0,0.0,1.0,1.0,0.0
1227,SDC-VD0951020A,M-1810,item:007923,edge:SDC-VD0951020A_TO_M-1810_007923,"state_lead_observed_lead_ratio_above_125pct_SDC_VD0951020A_item_007923_d1223,state_lead_observed_lead_ratio_above_135pct_SDC_VD0951020A_item_007923_d1223,state_lead_observed_lead_ratio_above_110pct_SDC_VD0951020A_item_007923_d1224",1.0,1.0,1.1,8.0,0.0,1.0,1.0,1.0,1.0,1.0,1.0,1.0,1.0,0.0,1.0,1.0,0.0
1228,SDC-VD0951020A,SDC-VD0951020A,item:007923,SUPPLIER_UPSTREAM_SUPPLY_PROACTIVE,"state_lead_observed_lead_ratio_above_125pct_SDC_VD0951020A_item_007923_d1223,state_lead_observed_lead_ratio_above_135pct_SDC_VD0951020A_item_007923_d1223,state_lead_observed_lead_ratio_above_110pct_SDC_VD0951020A_item_007923_d1224",1.0,1.0,1.1,8.0,0.0,1.0,1.0,1.0,1.0,1.0,1.0,1.0,1.0,0.0,1.0,1.0,0.0
1228,SDC-VD0956464A,SDC-VD0956464A,item:007923,SUPPLIER_UPSTREAM_SUPPLY_PROACTIVE,"state_lead_observed_lead_ratio_above_125pct_SDC_VD0956464A_item_007923_d1226,state_lead_observed_lead_ratio_above_135pct_SDC_VD0956464A_item_007923_d1226,state_lead_observed_lead_ratio_above_110pct_SDC_VD0956464A_item_007923_d1227",1.0,1.0,1.1,8.0,0.0,1.0,1.0,1.0,1.0,1.0,1.0,1.0,1.0,0.0,1.0,1.0,0.0
1228,SDC-VD0956464A,M-1810,item:007923,edge:SDC-VD0956464A_TO_M-1810_007923,"state_lead_observed_lead_ratio_above_125pct_SDC_VD0956464A_item_007923_d1226,state_lead_observed_lead_ratio_above_135pct_SDC_VD0956464A_item_007923_d1226,state_lead_observed_lead_ratio_above_110pct_SDC_VD0956464A_item_007923_d1227",1.0,1.0,1.1,8.0,0.0,1.0,1.0,1.0,1.0,1.0,1.0,1.0,1.0,0.0,1.0,1.0,0.0
1228,SDC-VD0951020A,M-1810,item:007923,edge:SDC-VD0951020A_TO_M-1810_007923,"state_lead_observed_lead_ratio_above_125pct_SDC_VD0951020A_item_007923_d1223,state_lead_observed_lead_ratio_above_135pct_SDC_VD0951020A_item_007923_d1223,state_lead_observed_lead_ratio_above_110pct_SDC_VD0951020A_item_007923_d1224",1.0,1.0,1.1,8.0,0.0,1.0,1.0,1.0,1.0,1.0,1.0,1.0,1.0,0.0,1.0,1.0,0.0
1229,SDC-VD0951020A,SDC-VD0951020A,item:007923,SUPPLIER_UPSTREAM_SUPPLY_PROACTIVE,"state_lead_observed_lead_ratio_above_125pct_SDC_VD0951020A_item_007923_d1223,state_lead_observed_lead_ratio_above_135pct_SDC_VD0951020A_item_007923_d1223,state_lead_observed_lead_ratio_above_110pct_SDC_VD0951020A_item_007923_d1224",1.0,1.0,1.1,8.0,0.0,1.0,1.0,1.0,1.0,1.0,1.0,1.0,1.0,0.0,1.0,1.0,0.0
1229,SDC-VD0956464A,SDC-VD0956464A,item:007923,SUPPLIER_UPSTREAM_SUPPLY_PROACTIVE,"state_lead_observed_lead_ratio_above_125pct_SDC_VD0956464A_item_007923_d1226,state_lead_observed_lead_ratio_above_135pct_SDC_VD0956464A_item_007923_d1226,state_lead_observed_lead_ratio_above_110pct_SDC_VD0956464A_item_007923_d1227",1.0,1.0,1.1,8.0,0.0,1.0,1.0,1.0,1.0,1.0,1.0,1.0,1.0,0.0,1.0,1.0,0.0
1229,SDC-VD0956464A,M-1810,item:007923,edge:SDC-VD0956464A_TO_M-1810_007923,"state_lead_observed_lead_ratio_above_125pct_SDC_VD0956464A_item_007923_d1226,state_lead_observed_lead_ratio_above_135pct_SDC_VD0956464A_item_007923_d1226,state_lead_observed_lead_ratio_above_110pct_SDC_VD0956464A_item_007923_d1227",1.0,1.0,1.1,8.0,0.0,1.0,1.0,1.0,1.0,1.0,1.0,1.0,1.0,0.0,1.0,1.0,0.0
1229,SDC-VD0951020A,M-1810,item:007923,edge:SDC-VD0951020A_TO_M-1810_007923,"state_lead_observed_lead_ratio_above_125pct_SDC_VD0951020A_item_007923_d1223,state_lead_observed_lead_ratio_above_135pct_SDC_VD0951020A_item_007923_d1223,state_lead_observed_lead_ratio_above_110pct_SDC_VD0951020A_item_007923_d1224",1.0,1.0,1.1,8.0,0.0,1.0,1.0,1.0,1.0,1.0,1.0,1.0,1.0,0.0,1.0,1.0,0.0
1230,SDC-VD0951020A,SDC-VD0951020A,item:007923,SUPPLIER_UPSTREAM_SUPPLY_PROACTIVE,"state_lead_observed_lead_ratio_above_125pct_SDC_VD0951020A_item_007923_d1223,state_lead_observed_lead_ratio_above_135pct_SDC_VD0951020A_item_007923_d1223,state_lead_observed_lead_ratio_above_110pct_SDC_VD0951020A_item_007923_d1224",1.0,1.0,1.1,8.0,0.0,1.0,1.0,1.0,1.0,1.0,1.0,1.0,1.0,0.0,1.0,1.0,0.0
1230,SDC-VD0956464A,SDC-VD0956464A,item:007923,SUPPLIER_UPSTREAM_SUPPLY_PROACTIVE,"state_lead_observed_lead_ratio_above_125pct_SDC_VD0956464A_item_007923_d1226,state_lead_observed_lead_ratio_above_135pct_SDC_VD0956464A_item_007923_d1226,state_lead_observed_lead_ratio_above_110pct_SDC_VD0956464A_item_007923_d1227",1.0,1.0,1.1,8.0,0.0,1.0,1.0,1.0,1.0,1.0,1.0,1.0,1.0,0.0,1.0,1.0,0.0
1230,SDC-VD0956464A,M-1810,item:007923,edge:SDC-VD0956464A_TO_M-1810_007923,"state_lead_observed_lead_ratio_above_125pct_SDC_VD0956464A_item_007923_d1226,state_lead_observed_lead_ratio_above_135pct_SDC_VD0956464A_item_007923_d1226,state_lead_observed_lead_ratio_above_110pct_SDC_VD0956464A_item_007923_d1227",1.0,1.0,1.1,8.0,0.0,1.0,1.0,1.0,1.0,1.0,1.0,1.0,1.0,0.0,1.0,1.0,0.0
1230,SDC-VD0951020A,M-1810,item:007923,edge:SDC-VD0951020A_TO_M-1810_007923,"state_lead_observed_lead_ratio_above_125pct_SDC_VD0951020A_item_007923_d1223,state_lead_observed_lead_ratio_above_135pct_SDC_VD0951020A_item_007923_d1223,state_lead_observed_lead_ratio_above_110pct_SDC_VD0951020A_item_007923_d1224",1.0,1.0,1.1,8.0,0.0,1.0,1.0,1.0,1.0,1.0,1.0,1.0,1.0,0.0,1.0,1.0,0.0
1231,SDC-VD0951020A,SDC-VD0951020A,item:007923,SUPPLIER_UPSTREAM_SUPPLY_PROACTIVE,"state_lead_observed_lead_ratio_above_125pct_SDC_VD0951020A_item_007923_d1223,state_lead_observed_lead_ratio_above_135pct_SDC_VD0951020A_item_007923_d1223,state_lead_observed_lead_ratio_above_110pct_SDC_VD0951020A_item_007923_d1224",1.0,1.0,1.1,8.0,0.0,1.0,1.0,1.0,1.0,1.0,1.0,1.0,1.0,0.0,1.0,1.0,0.0
1231,SDC-VD0956464A,SDC-VD0956464A,item:007923,SUPPLIER_UPSTREAM_SUPPLY_PROACTIVE,"state_lead_observed_lead_ratio_above_125pct_SDC_VD0956464A_item_007923_d1226,state_lead_observed_lead_ratio_above_135pct_SDC_VD0956464A_item_007923_d1226,state_lead_observed_lead_ratio_above_110pct_SDC_VD0956464A_item_007923_d1227",1.0,1.0,1.1,8.0,0.0,1.0,1.0,1.0,1.0,1.0,1.0,1.0,1.0,0.0,1.0,1.0,0.0
1231,SDC-VD0956464A,M-1810,item:007923,edge:SDC-VD0956464A_TO_M-1810_007923,"state_lead_observed_lead_ratio_above_125pct_SDC_VD0956464A_item_007923_d1226,state_lead_observed_lead_ratio_above_135pct_SDC_VD0956464A_item_007923_d1226,state_lead_observed_lead_ratio_above_110pct_SDC_VD0956464A_item_007923_d1227",1.0,1.0,1.1,8.0,0.0,1.0,1.0,1.0,1.0,1.0,1.0,1.0,1.0,0.0,1.0,1.0,0.0
1231,SDC-VD0951020A,M-1810,item:007923,edge:SDC-VD0951020A_TO_M-1810_007923,"state_lead_observed_lead_ratio_above_125pct_SDC_VD0951020A_item_007923_d1223,state_lead_observed_lead_ratio_above_135pct_SDC_VD0951020A_item_007923_d1223,state_lead_observed_lead_ratio_above_110pct_SDC_VD0951020A_item_007923_d1224",1.0,1.0,1.1,8.0,0.0,1.0,1.0,1.0,1.0,1.0,1.0,1.0,1.0,0.0,1.0,1.0,0.0
1232,SDC-VD0951020A,SDC-VD0951020A,item:007923,SUPPLIER_UPSTREAM_SUPPLY_PROACTIVE,"state_lead_observed_lead_ratio_above_125pct_SDC_VD0951020A_item_007923_d1223,state_lead_observed_lead_ratio_above_135pct_SDC_VD0951020A_item_007923_d1223",1.0,1.0,1.0,8.0,0.0,1.0,1.0,1.0,1.0,1.0,1.0,1.0,1.0,0.0,1.0,1.0,0.0
1232,SDC-VD0956464A,SDC-VD0956464A,item:007923,SUPPLIER_UPSTREAM_SUPPLY_PROACTIVE,"state_lead_observed_lead_ratio_above_125pct_SDC_VD0956464A_item_007923_d1226,state_lead_observed_lead_ratio_above_135pct_SDC_VD0956464A_item_007923_d1226,state_lead_observed_lead_ratio_above_110pct_SDC_VD0956464A_item_007923_d1227",1.0,1.0,1.1,8.0,0.0,1.0,1.0,1.0,1.0,1.0,1.0,1.0,1.0,0.0,1.0,1.0,0.0
1232,SDC-VD0956464A,M-1810,item:007923,edge:SDC-VD0956464A_TO_M-1810_007923,"state_lead_observed_lead_ratio_above_125pct_SDC_VD0956464A_item_007923_d1226,state_lead_observed_lead_ratio_above_135pct_SDC_VD0956464A_item_007923_d1226,state_lead_observed_lead_ratio_above_110pct_SDC_VD0956464A_item_007923_d1227",1.0,1.0,1.1,8.0,0.0,1.0,1.0,1.0,1.0,1.0,1.0,1.0,1.0,0.0,1.0,1.0,0.0
1232,SDC-VD0951020A,M-1810,item:007923,edge:SDC-VD0951020A_TO_M-1810_007923,"state_lead_observed_lead_ratio_above_125pct_SDC_VD0951020A_item_007923_d1223,state_lead_observed_lead_ratio_above_135pct_SDC_VD0951020A_item_007923_d1223",1.0,1.0,1.0,8.0,0.0,1.0,1.0,1.0,1.0,1.0,1.0,1.0,1.0,0.0,1.0,1.0,0.0
1233,SDC-VD0951020A,SDC-VD0951020A,item:007923,SUPPLIER_UPSTREAM_SUPPLY_PROACTIVE,"state_lead_observed_lead_ratio_above_125pct_SDC_VD0951020A_item_007923_d1223,state_lead_observed_lead_ratio_above_135pct_SDC_VD0951020A_item_007923_d1223",1.0,1.0,1.0,8.0,0.0,1.0,1.0,1.0,1.0,1.0,1.0,1.0,1.0,0.0,1.0,1.0,0.0
1233,SDC-VD0956464A,SDC-VD0956464A,item:007923,SUPPLIER_UPSTREAM_SUPPLY_PROACTIVE,"state_lead_observed_lead_ratio_above_125pct_SDC_VD0956464A_item_007923_d1226,state_lead_observed_lead_ratio_above_135pct_SDC_VD0956464A_item_007923_d1226,state_lead_observed_lead_ratio_above_110pct_SDC_VD0956464A_item_007923_d1227",1.0,1.0,1.1,8.0,0.0,1.0,1.0,1.0,1.0,1.0,1.0,1.0,1.0,0.0,1.0,1.0,0.0
1233,SDC-VD0956464A,M-1810,item:007923,edge:SDC-VD0956464A_TO_M-1810_007923,"state_lead_observed_lead_ratio_above_125pct_SDC_VD0956464A_item_007923_d1226,state_lead_observed_lead_ratio_above_135pct_SDC_VD0956464A_item_007923_d1226,state_lead_observed_lead_ratio_above_110pct_SDC_VD0956464A_item_007923_d1227",1.0,1.0,1.1,8.0,0.0,1.0,1.0,1.0,1.0,1.0,1.0,1.0,1.0,0.0,1.0,1.0,0.0
1233,SDC-VD0951020A,M-1810,item:007923,edge:SDC-VD0951020A_TO_M-1810_007923,"state_lead_observed_lead_ratio_above_125pct_SDC_VD0951020A_item_007923_d1223,state_lead_observed_lead_ratio_above_135pct_SDC_VD0951020A_item_007923_d1223",1.0,1.0,1.0,8.0,0.0,1.0,1.0,1.0,1.0,1.0,1.0,1.0,1.0,0.0,1.0,1.0,0.0
1234,SDC-VD0951020A,SDC-VD0951020A,item:007923,SUPPLIER_UPSTREAM_SUPPLY_PROACTIVE,"state_lead_observed_lead_ratio_above_125pct_SDC_VD0951020A_item_007923_d1223,state_lead_observed_lead_ratio_above_135pct_SDC_VD0951020A_item_007923_d1223",1.0,1.0,1.0,8.0,0.0,1.0,1.0,1.0,1.0,1.0,1.0,1.0,1.0,0.0,1.0,1.0,0.0
1234,SDC-VD0956464A,SDC-VD0956464A,item:007923,SUPPLIER_UPSTREAM_SUPPLY_PROACTIVE,"state_lead_observed_lead_ratio_above_125pct_SDC_VD0956464A_item_007923_d1226,state_lead_observed_lead_ratio_above_135pct_SDC_VD0956464A_item_007923_d1226,state_lead_observed_lead_ratio_above_110pct_SDC_VD0956464A_item_007923_d1227",1.0,1.0,1.1,8.0,0.0,1.0,1.0,1.0,1.0,1.0,1.0,1.0,1.0,0.0,1.0,1.0,0.0
1234,SDC-VD0956464A,M-1810,item:007923,edge:SDC-VD0956464A_TO_M-1810_007923,"state_lead_observed_lead_ratio_above_125pct_SDC_VD0956464A_item_007923_d1226,state_lead_observed_lead_ratio_above_135pct_SDC_VD0956464A_item_007923_d1226,state_lead_observed_lead_ratio_above_110pct_SDC_VD0956464A_item_007923_d1227",1.0,1.0,1.1,8.0,0.0,1.0,1.0,1.0,1.0,1.0,1.0,1.0,1.0,0.0,1.0,1.0,0.0
1234,SDC-VD0951020A,M-1810,item:007923,edge:SDC-VD0951020A_TO_M-1810_007923,"state_lead_observed_lead_ratio_above_125pct_SDC_VD0951020A_item_007923_d1223,state_lead_observed_lead_ratio_above_135pct_SDC_VD0951020A_item_007923_d1223",1.0,1.0,1.0,8.0,0.0,1.0,1.0,1.0,1.0,1.0,1.0,1.0,1.0,0.0,1.0,1.0,0.0
1235,SDC-VD0951020A,SDC-VD0951020A,item:007923,SUPPLIER_UPSTREAM_SUPPLY_PROACTIVE,"state_lead_observed_lead_ratio_above_125pct_SDC_VD0951020A_item_007923_d1223,state_lead_observed_lead_ratio_above_135pct_SDC_VD0951020A_item_007923_d1223",1.0,1.0,1.0,8.0,0.0,1.0,1.0,1.0,1.0,1.0,1.0,1.0,1.0,0.0,1.0,1.0,0.0
1235,SDC-VD0956464A,SDC-VD0956464A,item:007923,SUPPLIER_UPSTREAM_SUPPLY_PROACTIVE,"state_lead_observed_lead_ratio_above_125pct_SDC_VD0956464A_item_007923_d1226,state_lead_observed_lead_ratio_above_135pct_SDC_VD0956464A_item_007923_d1226",1.0,1.0,1.0,8.0,0.0,1.0,1.0,1.0,1.0,1.0,1.0,1.0,1.0,0.0,1.0,1.0,0.0
1235,SDC-VD0956464A,M-1810,item:007923,edge:SDC-VD0956464A_TO_M-1810_007923,"state_lead_observed_lead_ratio_above_125pct_SDC_VD0956464A_item_007923_d1226,state_lead_observed_lead_ratio_above_135pct_SDC_VD0956464A_item_007923_d1226",1.0,1.0,1.0,8.0,0.0,1.0,1.0,1.0,1.0,1.0,1.0,1.0,1.0,0.0,1.0,1.0,0.0
1235,SDC-VD0951020A,M-1810,item:007923,edge:SDC-VD0951020A_TO_M-1810_007923,"state_lead_observed_lead_ratio_above_125pct_SDC_VD0951020A_item_007923_d1223,state_lead_observed_lead_ratio_above_135pct_SDC_VD0951020A_item_007923_d1223",1.0,1.0,1.0,8.0,0.0,1.0,1.0,1.0,1.0,1.0,1.0,1.0,1.0,0.0,1.0,1.0,0.0
1236,SDC-VD0951020A,SDC-VD0951020A,item:007923,SUPPLIER_UPSTREAM_SUPPLY_PROACTIVE,"state_lead_observed_lead_ratio_above_125pct_SDC_VD0951020A_item_007923_d1223,state_lead_observed_lead_ratio_above_135pct_SDC_VD0951020A_item_007923_d1223",1.0,1.0,1.0,8.0,0.0,1.0,1.0,1.0,1.0,1.0,1.0,1.0,1.0,0.0,1.0,1.0,0.0
1236,SDC-VD0956464A,SDC-VD0956464A,item:007923,SUPPLIER_UPSTREAM_SUPPLY_PROACTIVE,"state_lead_observed_lead_ratio_above_125pct_SDC_VD0956464A_item_007923_d1226,state_lead_observed_lead_ratio_above_135pct_SDC_VD0956464A_item_007923_d1226",1.0,1.0,1.0,8.0,0.0,1.0,1.0,1.0,1.0,1.0,1.0,1.0,1.0,0.0,1.0,1.0,0.0
1236,SDC-VD0956464A,M-1810,item:007923,edge:SDC-VD0956464A_TO_M-1810_007923,"state_lead_observed_lead_ratio_above_125pct_SDC_VD0956464A_item_007923_d1226,state_lead_observed_lead_ratio_above_135pct_SDC_VD0956464A_item_007923_d1226",1.0,1.0,1.0,8.0,0.0,1.0,1.0,1.0,1.0,1.0,1.0,1.0,1.0,0.0,1.0,1.0,0.0
1236,SDC-VD0951020A,M-1810,item:007923,edge:SDC-VD0951020A_TO_M-1810_007923,"state_lead_observed_lead_ratio_above_125pct_SDC_VD0951020A_item_007923_d1223,state_lead_observed_lead_ratio_above_135pct_SDC_VD0951020A_item_007923_d1223",1.0,1.0,1.0,8.0,0.0,1.0,1.0,1.0,1.0,1.0,1.0,1.0,1.0,0.0,1.0,1.0,0.0
1237,SDC-VD0951020A,SDC-VD0951020A,item:007923,SUPPLIER_UPSTREAM_SUPPLY_PROACTIVE,"state_lead_observed_lead_ratio_above_125pct_SDC_VD0951020A_item_007923_d1223,state_lead_observed_lead_ratio_above_135pct_SDC_VD0951020A_item_007923_d1223",1.0,1.0,1.0,8.0,0.0,1.0,1.0,1.0,1.0,1.0,1.0,1.0,1.0,0.0,1.0,1.0,0.0
1237,SDC-VD0956464A,SDC-VD0956464A,item:007923,SUPPLIER_UPSTREAM_SUPPLY_PROACTIVE,"state_lead_observed_lead_ratio_above_125pct_SDC_VD0956464A_item_007923_d1226,state_lead_observed_lead_ratio_above_135pct_SDC_VD0956464A_item_007923_d1226",1.0,1.0,1.0,8.0,0.0,1.0,1.0,1.0,1.0,1.0,1.0,1.0,1.0,0.0,1.0,1.0,0.0
1237,SDC-VD0956464A,M-1810,item:007923,edge:SDC-VD0956464A_TO_M-1810_007923,"state_lead_observed_lead_ratio_above_125pct_SDC_VD0956464A_item_007923_d1226,state_lead_observed_lead_ratio_above_135pct_SDC_VD0956464A_item_007923_d1226",1.0,1.0,1.0,8.0,0.0,1.0,1.0,1.0,1.0,1.0,1.0,1.0,1.0,0.0,1.0,1.0,0.0
1237,SDC-VD0951020A,M-1810,item:007923,edge:SDC-VD0951020A_TO_M-1810_007923,"state_lead_observed_lead_ratio_above_125pct_SDC_VD0951020A_item_007923_d1223,state_lead_observed_lead_ratio_above_135pct_SDC_VD0951020A_item_007923_d1223",1.0,1.0,1.0,8.0,0.0,1.0,1.0,1.0,1.0,1.0,1.0,1.0,1.0,0.0,1.0,1.0,0.0
1238,SDC-VD0956464A,SDC-VD0956464A,item:007923,SUPPLIER_UPSTREAM_SUPPLY_PROACTIVE,"state_lead_observed_lead_ratio_above_125pct_SDC_VD0956464A_item_007923_d1226,state_lead_observed_lead_ratio_above_135pct_SDC_VD0956464A_item_007923_d1226",1.0,1.0,1.0,8.0,0.0,1.0,1.0,1.0,1.0,1.0,1.0,1.0,1.0,0.0,1.0,1.0,0.0
1238,SDC-VD0956464A,M-1810,item:007923,edge:SDC-VD0956464A_TO_M-1810_007923,"state_lead_observed_lead_ratio_above_125pct_SDC_VD0956464A_item_007923_d1226,state_lead_observed_lead_ratio_above_135pct_SDC_VD0956464A_item_007923_d1226",1.0,1.0,1.0,8.0,0.0,1.0,1.0,1.0,1.0,1.0,1.0,1.0,1.0,0.0,1.0,1.0,0.0
1239,SDC-VD0956464A,SDC-VD0956464A,item:007923,SUPPLIER_UPSTREAM_SUPPLY_PROACTIVE,"state_lead_observed_lead_ratio_above_125pct_SDC_VD0956464A_item_007923_d1226,state_lead_observed_lead_ratio_above_135pct_SDC_VD0956464A_item_007923_d1226",1.0,1.0,1.0,8.0,0.0,1.0,1.0,1.0,1.0,1.0,1.0,1.0,1.0,0.0,1.0,1.0,0.0
1239,SDC-VD0956464A,M-1810,item:007923,edge:SDC-VD0956464A_TO_M-1810_007923,"state_lead_observed_lead_ratio_above_125pct_SDC_VD0956464A_item_007923_d1226,state_lead_observed_lead_ratio_above_135pct_SDC_VD0956464A_item_007923_d1226",1.0,1.0,1.0,8.0,0.0,1.0,1.0,1.0,1.0,1.0,1.0,1.0,1.0,0.0,1.0,1.0,0.0
1240,SDC-VD0956464A,SDC-VD0956464A,item:007923,SUPPLIER_UPSTREAM_SUPPLY_PROACTIVE,"state_lead_observed_lead_ratio_above_125pct_SDC_VD0956464A_item_007923_d1226,state_lead_observed_lead_ratio_above_135pct_SDC_VD0956464A_item_007923_d1226",1.0,1.0,1.0,8.0,0.0,1.0,1.0,1.0,1.0,1.0,1.0,1.0,1.0,0.0,1.0,1.0,0.0
1240,SDC-VD0956464A,M-1810,item:007923,edge:SDC-VD0956464A_TO_M-1810_007923,"state_lead_observed_lead_ratio_above_125pct_SDC_VD0956464A_item_007923_d1226,state_lead_observed_lead_ratio_above_135pct_SDC_VD0956464A_item_007923_d1226",1.0,1.0,1.0,8.0,0.0,1.0,1.0,1.0,1.0,1.0,1.0,1.0,1.0,0.0,1.0,1.0,0.0
1265,SDC-VD0993480A,M-1430,item:344135,edge:SDC-VD0993480A_TO_M-1430_344135,state_cost_upstream_recourse_cost_ratio_above_250pct_SDC_VD0993480A_item_344135_d1259,1.0,1.0,1.0,0.0,0.0,1.0,1.0,1.0,1.0,1.0,1.0,1.0,1.0,0.0,1.0,1.1,0.0
1266,SDC-VD0993480A,SDC-VD0993480A,item:344135,SUPPLIER_UPSTREAM_SUPPLY_PROACTIVE,state_cost_upstream_recourse_cost_ratio_above_250pct_SDC_VD0993480A_item_344135_d1259,1.0,1.0,1.0,0.0,0.0,1.0,1.0,1.0,1.0,1.0,1.0,1.0,1.0,0.0,1.0,1.1,0.0
1269,SDC-VD0508918A,SDC-VD0508918A,item:730384,SUPPLIER_UPSTREAM_SUPPLY_PROACTIVE,state_cost_upstream_recourse_cost_ratio_above_250pct_SDC_VD0508918A_item_730384_d1268,1.0,1.0,1.0,0.0,0.0,1.0,1.0,1.0,1.0,1.0,1.0,1.0,1.0,0.0,1.0,1.1,0.0
1270,SDC-VD0508918A,SDC-VD0508918A,item:730384,SUPPLIER_UPSTREAM_SUPPLY_PROACTIVE,state_cost_upstream_recourse_cost_ratio_above_250pct_SDC_VD0508918A_item_730384_d1268,1.0,1.0,1.0,0.0,0.0,1.0,1.0,1.0,1.0,1.0,1.0,1.0,1.0,0.0,1.0,1.1,0.0
1271,SDC-VD0508918A,SDC-VD0508918A,item:730384,SUPPLIER_UPSTREAM_SUPPLY_PROACTIVE,state_cost_upstream_recourse_cost_ratio_above_250pct_SDC_VD0508918A_item_730384_d1268,1.0,1.0,1.0,0.0,0.0,1.0,1.0,1.0,1.0,1.0,1.0,1.0,1.0,0.0,1.0,1.1,0.0
1272,SDC-VD0508918A,SDC-VD0508918A,item:730384,SUPPLIER_UPSTREAM_SUPPLY_PROACTIVE,state_cost_upstream_recourse_cost_ratio_above_250pct_SDC_VD0508918A_item_730384_d1268,1.0,1.0,1.0,0.0,0.0,1.0,1.0,1.0,1.0,1.0,1.0,1.0,1.0,0.0,1.0,1.1,0.0
1273,SDC-VD0508918A,SDC-VD0508918A,item:730384,SUPPLIER_UPSTREAM_SUPPLY_PROACTIVE,state_cost_upstream_recourse_cost_ratio_above_250pct_SDC_VD0508918A_item_730384_d1268,1.0,1.0,1.0,0.0,0.0,1.0,1.0,1.0,1.0,1.0,1.0,1.0,1.0,0.0,1.0,1.1,0.0
1274,SDC-VD0508918A,SDC-VD0508918A,item:730384,SUPPLIER_UPSTREAM_SUPPLY_PROACTIVE,state_cost_upstream_recourse_cost_ratio_above_250pct_SDC_VD0508918A_item_730384_d1268,1.0,1.0,1.0,0.0,0.0,1.0,1.0,1.0,1.0,1.0,1.0,1.0,1.0,0.0,1.0,1.1,0.0
1327,SDC-VD0951020A,SDC-VD0951020A,item:007923,SUPPLIER_UPSTREAM_SUPPLY_PROACTIVE,state_lead_observed_lead_ratio_above_125pct_SDC_VD0951020A_item_007923_d1326,1.0,1.0,1.0,3.0,0.0,1.0,1.0,1.0,1.0,1.0,1.0,1.0,1.0,0.0,1.0,1.0,0.0
1327,SDC-VD0951020A,M-1810,item:007923,edge:SDC-VD0951020A_TO_M-1810_007923,state_lead_observed_lead_ratio_above_125pct_SDC_VD0951020A_item_007923_d1326,1.0,1.0,1.0,3.0,0.0,1.0,1.0,1.0,1.0,1.0,1.0,1.0,1.0,0.0,1.0,1.0,0.0
1328,SDC-VD0951020A,SDC-VD0951020A,item:007923,SUPPLIER_UPSTREAM_SUPPLY_PROACTIVE,"state_lead_observed_lead_ratio_above_125pct_SDC_VD0951020A_item_007923_d1326,state_lead_observed_lead_ratio_above_110pct_SDC_VD0951020A_item_007923_d1327",1.0,1.0,1.1,3.0,0.0,1.0,1.0,1.0,1.0,1.0,1.0,1.0,1.0,0.0,1.0,1.0,0.0
1328,SDC-VD0951020A,M-1810,item:007923,edge:SDC-VD0951020A_TO_M-1810_007923,"state_lead_observed_lead_ratio_above_125pct_SDC_VD0951020A_item_007923_d1326,state_lead_observed_lead_ratio_above_110pct_SDC_VD0951020A_item_007923_d1327",1.0,1.0,1.1,3.0,0.0,1.0,1.0,1.0,1.0,1.0,1.0,1.0,1.0,0.0,1.0,1.0,0.0
1329,SDC-VD0951020A,SDC-VD0951020A,item:007923,SUPPLIER_UPSTREAM_SUPPLY_PROACTIVE,"state_lead_observed_lead_ratio_above_125pct_SDC_VD0951020A_item_007923_d1326,state_lead_observed_lead_ratio_above_110pct_SDC_VD0951020A_item_007923_d1327,state_lead_observed_lead_ratio_above_135pct_SDC_VD0951020A_item_007923_d1328",1.0,1.0,1.1,8.0,0.0,1.0,1.0,1.0,1.0,1.0,1.0,1.0,1.0,0.0,1.0,1.0,0.0
1329,SDC-VD0951020A,M-1810,item:007923,edge:SDC-VD0951020A_TO_M-1810_007923,"state_lead_observed_lead_ratio_above_125pct_SDC_VD0951020A_item_007923_d1326,state_lead_observed_lead_ratio_above_110pct_SDC_VD0951020A_item_007923_d1327,state_lead_observed_lead_ratio_above_135pct_SDC_VD0951020A_item_007923_d1328",1.0,1.0,1.1,8.0,0.0,1.0,1.0,1.0,1.0,1.0,1.0,1.0,1.0,0.0,1.0,1.0,0.0
1330,SDC-VD0951020A,SDC-VD0951020A,item:007923,SUPPLIER_UPSTREAM_SUPPLY_PROACTIVE,"state_lead_observed_lead_ratio_above_125pct_SDC_VD0951020A_item_007923_d1326,state_lead_observed_lead_ratio_above_110pct_SDC_VD0951020A_item_007923_d1327,state_lead_observed_lead_ratio_above_135pct_SDC_VD0951020A_item_007923_d1328",1.0,1.0,1.1,8.0,0.0,1.0,1.0,1.0,1.0,1.0,1.0,1.0,1.0,0.0,1.0,1.0,0.0
1330,SDC-VD0951020A,M-1810,item:007923,edge:SDC-VD0951020A_TO_M-1810_007923,"state_lead_observed_lead_ratio_above_125pct_SDC_VD0951020A_item_007923_d1326,state_lead_observed_lead_ratio_above_110pct_SDC_VD0951020A_item_007923_d1327,state_lead_observed_lead_ratio_above_135pct_SDC_VD0951020A_item_007923_d1328",1.0,1.0,1.1,8.0,0.0,1.0,1.0,1.0,1.0,1.0,1.0,1.0,1.0,0.0,1.0,1.0,0.0
1331,SDC-VD0951020A,SDC-VD0951020A,item:007923,SUPPLIER_UPSTREAM_SUPPLY_PROACTIVE,"state_lead_observed_lead_ratio_above_125pct_SDC_VD0951020A_item_007923_d1326,state_lead_observed_lead_ratio_above_110pct_SDC_VD0951020A_item_007923_d1327,state_lead_observed_lead_ratio_above_135pct_SDC_VD0951020A_item_007923_d1328",1.0,1.0,1.1,8.0,0.0,1.0,1.0,1.0,1.0,1.0,1.0,1.0,1.0,0.0,1.0,1.0,0.0
1331,SDC-VD0951020A,M-1810,item:007923,edge:SDC-VD0951020A_TO_M-1810_007923,"state_lead_observed_lead_ratio_above_125pct_SDC_VD0951020A_item_007923_d1326,state_lead_observed_lead_ratio_above_110pct_SDC_VD0951020A_item_007923_d1327,state_lead_observed_lead_ratio_above_135pct_SDC_VD0951020A_item_007923_d1328",1.0,1.0,1.1,8.0,0.0,1.0,1.0,1.0,1.0,1.0,1.0,1.0,1.0,0.0,1.0,1.0,0.0
1332,SDC-VD0951020A,SDC-VD0951020A,item:007923,SUPPLIER_UPSTREAM_SUPPLY_PROACTIVE,"state_lead_observed_lead_ratio_above_125pct_SDC_VD0951020A_item_007923_d1326,state_lead_observed_lead_ratio_above_110pct_SDC_VD0951020A_item_007923_d1327,state_lead_observed_lead_ratio_above_135pct_SDC_VD0951020A_item_007923_d1328",1.0,1.0,1.1,8.0,0.0,1.0,1.0,1.0,1.0,1.0,1.0,1.0,1.0,0.0,1.0,1.0,0.0
1332,SDC-VD0951020A,M-1810,item:007923,edge:SDC-VD0951020A_TO_M-1810_007923,"state_lead_observed_lead_ratio_above_125pct_SDC_VD0951020A_item_007923_d1326,state_lead_observed_lead_ratio_above_110pct_SDC_VD0951020A_item_007923_d1327,state_lead_observed_lead_ratio_above_135pct_SDC_VD0951020A_item_007923_d1328",1.0,1.0,1.1,8.0,0.0,1.0,1.0,1.0,1.0,1.0,1.0,1.0,1.0,0.0,1.0,1.0,0.0
1333,SDC-VD0951020A,SDC-VD0951020A,item:007923,SUPPLIER_UPSTREAM_SUPPLY_PROACTIVE,"state_lead_observed_lead_ratio_above_125pct_SDC_VD0951020A_item_007923_d1326,state_lead_observed_lead_ratio_above_110pct_SDC_VD0951020A_item_007923_d1327,state_lead_observed_lead_ratio_above_135pct_SDC_VD0951020A_item_007923_d1328",1.0,1.0,1.1,8.0,0.0,1.0,1.0,1.0,1.0,1.0,1.0,1.0,1.0,0.0,1.0,1.0,0.0
1334,SDC-VD0914320A,SDC-VD0914320A,item:055703,SUPPLIER_UPSTREAM_SUPPLY_PROACTIVE,state_stock_stock_cover_zero_SDC_VD0914320A_item_055703_d1333,1.0,1.0,1.0,0.0,0.0,1.0,1.0,0.7,1.0,1.0,1.0,1.0,1.0,0.0,1.0,1.0,0.0
1334,SDC-VD1096202A,SDC-VD1096202A,item:039668,SUPPLIER_UPSTREAM_SUPPLY_PROACTIVE,state_stock_stock_cover_zero_SDC_VD1096202A_item_039668_d1333,1.0,1.0,1.0,0.0,0.0,1.0,1.0,0.7,1.0,1.0,1.0,1.0,1.0,0.0,1.0,1.0,0.0
1334,SDC-VD1096202A,M-1810,item:039668,edge:SDC-VD1096202A_TO_M-1810_039668,state_stock_stock_cover_zero_SDC_VD1096202A_item_039668_d1333,1.0,1.0,1.0,0.0,0.0,1.0,1.0,0.7,1.0,1.0,1.0,1.0,1.0,0.0,1.0,1.0,0.0
1334,SDC-VD0914320A,M-1810,item:055703,edge:SDC-VD0914320A_TO_M-1810_055703,state_stock_stock_cover_zero_SDC_VD0914320A_item_055703_d1333,1.0,1.0,1.0,0.0,0.0,1.0,1.0,0.7,1.0,1.0,1.0,1.0,1.0,0.0,1.0,1.0,0.0
1335,SDC-VD0914320A,SDC-VD0914320A,item:055703,SUPPLIER_UPSTREAM_SUPPLY_PROACTIVE,"state_stock_stock_cover_zero_SDC_VD0914320A_item_055703_d1333,state_stock_stock_cover_below_3d_SDC_VD0914320A_item_055703_d1334,state_upstream_upstream_rejection_avg_7d_above_10pct_with_stock_cover_below_7d_SDC_VD0914320A_item_055703_d1334",1.0,1.0,1.0,0.0,0.0,1.0,1.0,0.7,1.0,1.0,1.0,0.97,1.0,0.0,1.0,1.0,0.0
1335,SDC-VD1096202A,SDC-VD1096202A,item:039668,SUPPLIER_UPSTREAM_SUPPLY_PROACTIVE,"state_stock_stock_cover_zero_SDC_VD1096202A_item_039668_d1333,state_stock_stock_cover_below_3d_SDC_VD1096202A_item_039668_d1334,state_upstream_upstream_rejection_avg_7d_above_10pct_with_stock_cover_below_7d_SDC_VD1096202A_item_039668_d1334",1.0,1.0,1.0,0.0,0.0,1.0,1.0,0.7,1.0,1.0,1.0,0.97,1.0,0.0,1.0,1.0,0.0
1335,SDC-VD1096202A,M-1810,item:039668,edge:SDC-VD1096202A_TO_M-1810_039668,"state_stock_stock_cover_zero_SDC_VD1096202A_item_039668_d1333,state_stock_stock_cover_below_3d_SDC_VD1096202A_item_039668_d1334,state_upstream_upstream_rejection_avg_7d_above_10pct_with_stock_cover_below_7d_SDC_VD1096202A_item_039668_d1334",1.0,1.0,1.0,0.0,0.0,1.0,1.0,0.7,1.0,1.0,1.0,0.97,1.0,0.0,1.0,1.0,0.0
1335,SDC-VD0914320A,M-1810,item:055703,edge:SDC-VD0914320A_TO_M-1810_055703,"state_stock_stock_cover_zero_SDC_VD0914320A_item_055703_d1333,state_stock_stock_cover_below_3d_SDC_VD0914320A_item_055703_d1334,state_upstream_upstream_rejection_avg_7d_above_10pct_with_stock_cover_below_7d_SDC_VD0914320A_item_055703_d1334",1.0,1.0,1.0,0.0,0.0,1.0,1.0,0.7,1.0,1.0,1.0,0.97,1.0,0.0,1.0,1.0,0.0
1336,SDC-VD0914320A,SDC-VD0914320A,item:055703,SUPPLIER_UPSTREAM_SUPPLY_PROACTIVE,"state_stock_stock_cover_zero_SDC_VD0914320A_item_055703_d1333,state_stock_stock_cover_below_3d_SDC_VD0914320A_item_055703_d1334,state_upstream_upstream_rejection_avg_7d_above_10pct_with_stock_cover_below_7d_SDC_VD0914320A_item_055703_d1334",1.0,1.0,1.0,0.0,0.0,1.0,1.0,0.7,1.0,1.0,1.0,0.97,1.0,0.0,1.0,1.0,0.0
1336,SDC-VD1096202A,SDC-VD1096202A,item:039668,SUPPLIER_UPSTREAM_SUPPLY_PROACTIVE,"state_stock_stock_cover_zero_SDC_VD1096202A_item_039668_d1333,state_stock_stock_cover_below_3d_SDC_VD1096202A_item_039668_d1334,state_upstream_upstream_rejection_avg_7d_above_10pct_with_stock_cover_below_7d_SDC_VD1096202A_item_039668_d1334",1.0,1.0,1.0,0.0,0.0,1.0,1.0,0.7,1.0,1.0,1.0,0.97,1.0,0.0,1.0,1.0,0.0
1336,SDC-VD1096202A,M-1810,item:039668,edge:SDC-VD1096202A_TO_M-1810_039668,"state_stock_stock_cover_zero_SDC_VD1096202A_item_039668_d1333,state_stock_stock_cover_below_3d_SDC_VD1096202A_item_039668_d1334,state_upstream_upstream_rejection_avg_7d_above_10pct_with_stock_cover_below_7d_SDC_VD1096202A_item_039668_d1334",1.0,1.0,1.0,0.0,0.0,1.0,1.0,0.7,1.0,1.0,1.0,0.97,1.0,0.0,1.0,1.0,0.0
1336,SDC-VD0914320A,M-1810,item:055703,edge:SDC-VD0914320A_TO_M-1810_055703,"state_stock_stock_cover_zero_SDC_VD0914320A_item_055703_d1333,state_stock_stock_cover_below_3d_SDC_VD0914320A_item_055703_d1334,state_upstream_upstream_rejection_avg_7d_above_10pct_with_stock_cover_below_7d_SDC_VD0914320A_item_055703_d1334",1.0,1.0,1.0,0.0,0.0,1.0,1.0,0.7,1.0,1.0,1.0,0.97,1.0,0.0,1.0,1.0,0.0
1337,SDC-VD0914320A,SDC-VD0914320A,item:055703,SUPPLIER_UPSTREAM_SUPPLY_PROACTIVE,"state_stock_stock_cover_zero_SDC_VD0914320A_item_055703_d1333,state_stock_stock_cover_below_3d_SDC_VD0914320A_item_055703_d1334,state_upstream_upstream_rejection_avg_7d_above_10pct_with_stock_cover_below_7d_SDC_VD0914320A_item_055703_d1334",1.0,1.0,1.0,0.0,0.0,1.0,1.0,0.7,1.0,1.0,1.0,0.97,1.0,0.0,1.0,1.0,0.0
1337,SDC-VD1096202A,SDC-VD1096202A,item:039668,SUPPLIER_UPSTREAM_SUPPLY_PROACTIVE,"state_stock_stock_cover_zero_SDC_VD1096202A_item_039668_d1333,state_stock_stock_cover_below_3d_SDC_VD1096202A_item_039668_d1334,state_upstream_upstream_rejection_avg_7d_above_10pct_with_stock_cover_below_7d_SDC_VD1096202A_item_039668_d1334",1.0,1.0,1.0,0.0,0.0,1.0,1.0,0.7,1.0,1.0,1.0,0.97,1.0,0.0,1.0,1.0,0.0
1337,SDC-VD1096202A,M-1810,item:039668,edge:SDC-VD1096202A_TO_M-1810_039668,"state_stock_stock_cover_zero_SDC_VD1096202A_item_039668_d1333,state_stock_stock_cover_below_3d_SDC_VD1096202A_item_039668_d1334,state_upstream_upstream_rejection_avg_7d_above_10pct_with_stock_cover_below_7d_SDC_VD1096202A_item_039668_d1334",1.0,1.0,1.0,0.0,0.0,1.0,1.0,0.7,1.0,1.0,1.0,0.97,1.0,0.0,1.0,1.0,0.0
1337,SDC-VD0914320A,M-1810,item:055703,edge:SDC-VD0914320A_TO_M-1810_055703,"state_stock_stock_cover_zero_SDC_VD0914320A_item_055703_d1333,state_stock_stock_cover_below_3d_SDC_VD0914320A_item_055703_d1334,state_upstream_upstream_rejection_avg_7d_above_10pct_with_stock_cover_below_7d_SDC_VD0914320A_item_055703_d1334",1.0,1.0,1.0,0.0,0.0,1.0,1.0,0.7,1.0,1.0,1.0,0.97,1.0,0.0,1.0,1.0,0.0
1338,SDC-VD0914320A,SDC-VD0914320A,item:055703,SUPPLIER_UPSTREAM_SUPPLY_PROACTIVE,"state_stock_stock_cover_zero_SDC_VD0914320A_item_055703_d1333,state_stock_stock_cover_below_3d_SDC_VD0914320A_item_055703_d1334,state_upstream_upstream_rejection_avg_7d_above_10pct_with_stock_cover_below_7d_SDC_VD0914320A_item_055703_d1334,state_stock_stock_cover_below_5d_SDC_VD0914320A_item_055703_d1337",1.0,1.0,1.0,0.0,0.0,1.0,1.0,0.7,1.0,1.0,1.0,0.97,1.0,0.0,1.0,1.0,0.0
1338,SDC-VD1096202A,SDC-VD1096202A,item:039668,SUPPLIER_UPSTREAM_SUPPLY_PROACTIVE,"state_stock_stock_cover_zero_SDC_VD1096202A_item_039668_d1333,state_stock_stock_cover_below_3d_SDC_VD1096202A_item_039668_d1334,state_upstream_upstream_rejection_avg_7d_above_10pct_with_stock_cover_below_7d_SDC_VD1096202A_item_039668_d1334,state_stock_stock_cover_below_5d_SDC_VD1096202A_item_039668_d1337",1.0,1.0,1.0,0.0,0.0,1.0,1.0,0.7,1.0,1.0,1.0,0.97,1.0,0.0,1.0,1.0,0.0
1338,SDC-VD1096202A,M-1810,item:039668,edge:SDC-VD1096202A_TO_M-1810_039668,"state_stock_stock_cover_zero_SDC_VD1096202A_item_039668_d1333,state_stock_stock_cover_below_3d_SDC_VD1096202A_item_039668_d1334,state_upstream_upstream_rejection_avg_7d_above_10pct_with_stock_cover_below_7d_SDC_VD1096202A_item_039668_d1334,state_stock_stock_cover_below_5d_SDC_VD1096202A_item_039668_d1337",1.0,1.0,1.0,0.0,0.0,1.0,1.0,0.7,1.0,1.0,1.0,0.97,1.0,0.0,1.0,1.0,0.0
1338,SDC-VD0914320A,M-1810,item:055703,edge:SDC-VD0914320A_TO_M-1810_055703,"state_stock_stock_cover_zero_SDC_VD0914320A_item_055703_d1333,state_stock_stock_cover_below_3d_SDC_VD0914320A_item_055703_d1334,state_upstream_upstream_rejection_avg_7d_above_10pct_with_stock_cover_below_7d_SDC_VD0914320A_item_055703_d1334,state_stock_stock_cover_below_5d_SDC_VD0914320A_item_055703_d1337",1.0,1.0,1.0,0.0,0.0,1.0,1.0,0.7,1.0,1.0,1.0,0.97,1.0,0.0,1.0,1.0,0.0
1339,SDC-VD0914320A,SDC-VD0914320A,item:055703,SUPPLIER_UPSTREAM_SUPPLY_PROACTIVE,"state_stock_stock_cover_zero_SDC_VD0914320A_item_055703_d1333,state_stock_stock_cover_below_3d_SDC_VD0914320A_item_055703_d1334,state_upstream_upstream_rejection_avg_7d_above_10pct_with_stock_cover_below_7d_SDC_VD0914320A_item_055703_d1334,state_stock_stock_cover_below_5d_SDC_VD0914320A_item_055703_d1337",1.0,1.0,1.0,0.0,0.0,1.0,1.0,0.7,1.0,1.0,1.0,0.97,1.0,0.0,1.0,1.0,0.0
1339,SDC-VD1096202A,SDC-VD1096202A,item:039668,SUPPLIER_UPSTREAM_SUPPLY_PROACTIVE,"state_stock_stock_cover_zero_SDC_VD1096202A_item_039668_d1333,state_stock_stock_cover_below_3d_SDC_VD1096202A_item_039668_d1334,state_upstream_upstream_rejection_avg_7d_above_10pct_with_stock_cover_below_7d_SDC_VD1096202A_item_039668_d1334,state_stock_stock_cover_below_5d_SDC_VD1096202A_item_039668_d1337",1.0,1.0,1.0,0.0,0.0,1.0,1.0,0.7,1.0,1.0,1.0,0.97,1.0,0.0,1.0,1.0,0.0
1339,SDC-VD1096202A,M-1810,item:039668,edge:SDC-VD1096202A_TO_M-1810_039668,"state_stock_stock_cover_zero_SDC_VD1096202A_item_039668_d1333,state_stock_stock_cover_below_3d_SDC_VD1096202A_item_039668_d1334,state_upstream_upstream_rejection_avg_7d_above_10pct_with_stock_cover_below_7d_SDC_VD1096202A_item_039668_d1334,state_stock_stock_cover_below_5d_SDC_VD1096202A_item_039668_d1337",1.0,1.0,1.0,0.0,0.0,1.0,1.0,0.7,1.0,1.0,1.0,0.97,1.0,0.0,1.0,1.0,0.0
1339,SDC-VD0914320A,M-1810,item:055703,edge:SDC-VD0914320A_TO_M-1810_055703,"state_stock_stock_cover_zero_SDC_VD0914320A_item_055703_d1333,state_stock_stock_cover_below_3d_SDC_VD0914320A_item_055703_d1334,state_upstream_upstream_rejection_avg_7d_above_10pct_with_stock_cover_below_7d_SDC_VD0914320A_item_055703_d1334,state_stock_stock_cover_below_5d_SDC_VD0914320A_item_055703_d1337",1.0,1.0,1.0,0.0,0.0,1.0,1.0,0.7,1.0,1.0,1.0,0.97,1.0,0.0,1.0,1.0,0.0
1339,SDC-VD0951020A,M-1810,item:007923,edge:SDC-VD0951020A_TO_M-1810_007923,"state_lead_observed_lead_ratio_above_125pct_SDC_VD0951020A_item_007923_d1326,state_lead_observed_lead_ratio_above_135pct_SDC_VD0951020A_item_007923_d1328",1.0,1.0,1.0,8.0,0.0,1.0,1.0,1.0,1.0,1.0,1.0,1.0,1.0,0.0,1.0,1.0,0.0
1340,SDC-VD0914320A,SDC-VD0914320A,item:055703,SUPPLIER_UPSTREAM_SUPPLY_PROACTIVE,"state_stock_stock_cover_zero_SDC_VD0914320A_item_055703_d1333,state_stock_stock_cover_below_3d_SDC_VD0914320A_item_055703_d1334,state_upstream_upstream_rejection_avg_7d_above_10pct_with_stock_cover_below_7d_SDC_VD0914320A_item_055703_d1334,state_stock_stock_cover_below_5d_SDC_VD0914320A_item_055703_d1337",1.0,1.0,1.0,0.0,0.0,1.0,1.0,0.7,1.0,1.0,1.0,0.97,1.0,0.0,1.0,1.0,0.0
1340,SDC-VD0951020A,SDC-VD0951020A,item:001757,SUPPLIER_UPSTREAM_SUPPLY_PROACTIVE,state_upstream_upstream_rejection_avg_7d_above_10pct_with_stock_cover_below_7d_SDC_VD0951020A_item_001757_d1339,1.0,1.0,1.0,0.0,0.0,1.0,1.0,1.0,1.0,1.0,1.0,0.97,1.0,0.0,1.0,1.0,0.0
1340,SDC-VD0951020A,SDC-VD0951020A,item:007923,SUPPLIER_UPSTREAM_SUPPLY_PROACTIVE,"state_lead_observed_lead_ratio_above_125pct_SDC_VD0951020A_item_007923_d1326,state_lead_observed_lead_ratio_above_135pct_SDC_VD0951020A_item_007923_d1328",1.0,1.0,1.0,8.0,0.0,1.0,1.0,1.0,1.0,1.0,1.0,1.0,1.0,0.0,1.0,1.0,0.0
1340,SDC-VD1096202A,SDC-VD1096202A,item:039668,SUPPLIER_UPSTREAM_SUPPLY_PROACTIVE,"state_stock_stock_cover_zero_SDC_VD1096202A_item_039668_d1333,state_stock_stock_cover_below_3d_SDC_VD1096202A_item_039668_d1334,state_upstream_upstream_rejection_avg_7d_above_10pct_with_stock_cover_below_7d_SDC_VD1096202A_item_039668_d1334,state_stock_stock_cover_below_5d_SDC_VD1096202A_item_039668_d1337",1.0,1.0,1.0,0.0,0.0,1.0,1.0,0.7,1.0,1.0,1.0,0.97,1.0,0.0,1.0,1.0,0.0
1340,SDC-VD0951020A,M-1810,item:001757,edge:SDC-VD0951020A_TO_M-1810_001757,state_upstream_upstream_rejection_avg_7d_above_10pct_with_stock_cover_below_7d_SDC_VD0951020A_item_001757_d1339,1.0,1.0,1.0,0.0,0.0,1.0,1.0,1.0,1.0,1.0,1.0,0.97,1.0,0.0,1.0,1.0,0.0
1340,SDC-VD1096202A,M-1810,item:039668,edge:SDC-VD1096202A_TO_M-1810_039668,"state_stock_stock_cover_zero_SDC_VD1096202A_item_039668_d1333,state_stock_stock_cover_below_3d_SDC_VD1096202A_item_039668_d1334,state_upstream_upstream_rejection_avg_7d_above_10pct_with_stock_cover_below_7d_SDC_VD1096202A_item_039668_d1334,state_stock_stock_cover_below_5d_SDC_VD1096202A_item_039668_d1337",1.0,1.0,1.0,0.0,0.0,1.0,1.0,0.7,1.0,1.0,1.0,0.97,1.0,0.0,1.0,1.0,0.0
1340,SDC-VD0914320A,M-1810,item:055703,edge:SDC-VD0914320A_TO_M-1810_055703,"state_stock_stock_cover_zero_SDC_VD0914320A_item_055703_d1333,state_stock_stock_cover_below_3d_SDC_VD0914320A_item_055703_d1334,state_upstream_upstream_rejection_avg_7d_above_10pct_with_stock_cover_below_7d_SDC_VD0914320A_item_055703_d1334,state_stock_stock_cover_below_5d_SDC_VD0914320A_item_055703_d1337",1.0,1.0,1.0,0.0,0.0,1.0,1.0,0.7,1.0,1.0,1.0,0.97,1.0,0.0,1.0,1.0,0.0
1340,SDC-VD0951020A,M-1810,item:007923,edge:SDC-VD0951020A_TO_M-1810_007923,"state_lead_observed_lead_ratio_above_125pct_SDC_VD0951020A_item_007923_d1326,state_lead_observed_lead_ratio_above_135pct_SDC_VD0951020A_item_007923_d1328",1.0,1.0,1.0,8.0,0.0,1.0,1.0,1.0,1.0,1.0,1.0,1.0,1.0,0.0,1.0,1.0,0.0
1341,SDC-VD0914320A,SDC-VD0914320A,item:055703,SUPPLIER_UPSTREAM_SUPPLY_PROACTIVE,"state_stock_stock_cover_zero_SDC_VD0914320A_item_055703_d1333,state_stock_stock_cover_below_3d_SDC_VD0914320A_item_055703_d1334,state_upstream_upstream_rejection_avg_7d_above_10pct_with_stock_cover_below_7d_SDC_VD0914320A_item_055703_d1334,state_stock_stock_cover_below_5d_SDC_VD0914320A_item_055703_d1337,state_upstream_upstream_rejection_avg_14d_above_50pct_with_stock_cover_below_3d_SDC_VD0914320A_item_055703_d1340",1.0,1.0,1.0,0.0,0.0,1.0,1.0,0.7,1.0,1.0,0.9,0.97,1.0,0.0,1.0,1.0,0.0
1341,SDC-VD0951020A,SDC-VD0951020A,item:001757,SUPPLIER_UPSTREAM_SUPPLY_PROACTIVE,"state_upstream_upstream_rejection_avg_7d_above_10pct_with_stock_cover_below_7d_SDC_VD0951020A_item_001757_d1339,state_upstream_upstream_rejection_avg_14d_above_50pct_with_stock_cover_below_3d_SDC_VD0951020A_item_001757_d1340",1.0,1.0,1.0,0.0,0.0,1.0,1.0,1.0,1.0,1.0,0.9,0.97,1.0,0.0,1.0,1.0,0.0
1341,SDC-VD0951020A,SDC-VD0951020A,item:007923,SUPPLIER_UPSTREAM_SUPPLY_PROACTIVE,state_lead_observed_lead_ratio_above_135pct_SDC_VD0951020A_item_007923_d1328,1.0,1.0,1.0,5.0,0.0,1.0,1.0,1.0,1.0,1.0,1.0,1.0,1.0,0.0,1.0,1.0,0.0
1341,SDC-VD1096202A,SDC-VD1096202A,item:039668,SUPPLIER_UPSTREAM_SUPPLY_PROACTIVE,"state_stock_stock_cover_zero_SDC_VD1096202A_item_039668_d1333,state_stock_stock_cover_below_3d_SDC_VD1096202A_item_039668_d1334,state_upstream_upstream_rejection_avg_7d_above_10pct_with_stock_cover_below_7d_SDC_VD1096202A_item_039668_d1334,state_stock_stock_cover_below_5d_SDC_VD1096202A_item_039668_d1337,state_upstream_upstream_rejection_avg_14d_above_50pct_with_stock_cover_below_3d_SDC_VD1096202A_item_039668_d1340",1.0,1.0,1.0,0.0,0.0,1.0,1.0,0.7,1.0,1.0,0.9,0.97,1.0,0.0,1.0,1.0,0.0
1341,SDC-VD0951020A,M-1810,item:001757,edge:SDC-VD0951020A_TO_M-1810_001757,"state_upstream_upstream_rejection_avg_7d_above_10pct_with_stock_cover_below_7d_SDC_VD0951020A_item_001757_d1339,state_upstream_upstream_rejection_avg_14d_above_50pct_with_stock_cover_below_3d_SDC_VD0951020A_item_001757_d1340",1.0,1.0,1.0,0.0,0.0,1.0,1.0,1.0,1.0,1.0,0.9,0.97,1.0,0.0,1.0,1.0,0.0
1341,SDC-VD1096202A,M-1810,item:039668,edge:SDC-VD1096202A_TO_M-1810_039668,"state_stock_stock_cover_zero_SDC_VD1096202A_item_039668_d1333,state_stock_stock_cover_below_3d_SDC_VD1096202A_item_039668_d1334,state_upstream_upstream_rejection_avg_7d_above_10pct_with_stock_cover_below_7d_SDC_VD1096202A_item_039668_d1334,state_stock_stock_cover_below_5d_SDC_VD1096202A_item_039668_d1337,state_upstream_upstream_rejection_avg_14d_above_50pct_with_stock_cover_below_3d_SDC_VD1096202A_item_039668_d1340",1.0,1.0,1.0,0.0,0.0,1.0,1.0,0.7,1.0,1.0,0.9,0.97,1.0,0.0,1.0,1.0,0.0
1341,SDC-VD0914320A,M-1810,item:055703,edge:SDC-VD0914320A_TO_M-1810_055703,"state_stock_stock_cover_zero_SDC_VD0914320A_item_055703_d1333,state_stock_stock_cover_below_3d_SDC_VD0914320A_item_055703_d1334,state_upstream_upstream_rejection_avg_7d_above_10pct_with_stock_cover_below_7d_SDC_VD0914320A_item_055703_d1334,state_stock_stock_cover_below_5d_SDC_VD0914320A_item_055703_d1337,state_upstream_upstream_rejection_avg_14d_above_50pct_with_stock_cover_below_3d_SDC_VD0914320A_item_055703_d1340",1.0,1.0,1.0,0.0,0.0,1.0,1.0,0.7,1.0,1.0,0.9,0.97,1.0,0.0,1.0,1.0,0.0
1341,SDC-VD0951020A,M-1810,item:007923,edge:SDC-VD0951020A_TO_M-1810_007923,state_lead_observed_lead_ratio_above_135pct_SDC_VD0951020A_item_007923_d1328,1.0,1.0,1.0,5.0,0.0,1.0,1.0,1.0,1.0,1.0,1.0,1.0,1.0,0.0,1.0,1.0,0.0
1342,SDC-VD0914320A,SDC-VD0914320A,item:055703,SUPPLIER_UPSTREAM_SUPPLY_PROACTIVE,"state_stock_stock_cover_zero_SDC_VD0914320A_item_055703_d1333,state_stock_stock_cover_below_3d_SDC_VD0914320A_item_055703_d1334,state_stock_stock_cover_below_5d_SDC_VD0914320A_item_055703_d1337,state_upstream_upstream_rejection_avg_14d_above_50pct_with_stock_cover_below_3d_SDC_VD0914320A_item_055703_d1340",1.0,1.0,1.0,0.0,0.0,1.0,1.0,0.7,1.0,1.0,0.9,1.0,1.0,0.0,1.0,1.0,0.0
1342,SDC-VD0951020A,SDC-VD0951020A,item:001757,SUPPLIER_UPSTREAM_SUPPLY_PROACTIVE,"state_upstream_upstream_rejection_avg_7d_above_10pct_with_stock_cover_below_7d_SDC_VD0951020A_item_001757_d1339,state_upstream_upstream_rejection_avg_14d_above_50pct_with_stock_cover_below_3d_SDC_VD0951020A_item_001757_d1340,state_stock_stock_cover_below_3d_SDC_VD0951020A_item_001757_d1341,state_stock_stock_cover_zero_SDC_VD0951020A_item_001757_d1341",1.0,1.0,1.0,0.0,0.0,1.0,1.0,0.7,1.0,1.0,0.9,0.97,1.0,0.0,1.0,1.0,0.0
1342,SDC-VD0951020A,SDC-VD0951020A,item:007923,SUPPLIER_UPSTREAM_SUPPLY_PROACTIVE,state_lead_observed_lead_ratio_above_135pct_SDC_VD0951020A_item_007923_d1328,1.0,1.0,1.0,5.0,0.0,1.0,1.0,1.0,1.0,1.0,1.0,1.0,1.0,0.0,1.0,1.0,0.0
1342,SDC-VD1096202A,SDC-VD1096202A,item:039668,SUPPLIER_UPSTREAM_SUPPLY_PROACTIVE,"state_stock_stock_cover_zero_SDC_VD1096202A_item_039668_d1333,state_stock_stock_cover_below_3d_SDC_VD1096202A_item_039668_d1334,state_stock_stock_cover_below_5d_SDC_VD1096202A_item_039668_d1337,state_upstream_upstream_rejection_avg_14d_above_50pct_with_stock_cover_below_3d_SDC_VD1096202A_item_039668_d1340",1.0,1.0,1.0,0.0,0.0,1.0,1.0,0.7,1.0,1.0,0.9,1.0,1.0,0.0,1.0,1.0,0.0
1342,SDC-VD0951020A,M-1810,item:001757,edge:SDC-VD0951020A_TO_M-1810_001757,"state_upstream_upstream_rejection_avg_7d_above_10pct_with_stock_cover_below_7d_SDC_VD0951020A_item_001757_d1339,state_upstream_upstream_rejection_avg_14d_above_50pct_with_stock_cover_below_3d_SDC_VD0951020A_item_001757_d1340,state_stock_stock_cover_below_3d_SDC_VD0951020A_item_001757_d1341,state_stock_stock_cover_zero_SDC_VD0951020A_item_001757_d1341",1.0,1.0,1.0,0.0,0.0,1.0,1.0,0.7,1.0,1.0,0.9,0.97,1.0,0.0,1.0,1.0,0.0
1342,SDC-VD1096202A,M-1810,item:039668,edge:SDC-VD1096202A_TO_M-1810_039668,"state_stock_stock_cover_zero_SDC_VD1096202A_item_039668_d1333,state_stock_stock_cover_below_3d_SDC_VD1096202A_item_039668_d1334,state_stock_stock_cover_below_5d_SDC_VD1096202A_item_039668_d1337,state_upstream_upstream_rejection_avg_14d_above_50pct_with_stock_cover_below_3d_SDC_VD1096202A_item_039668_d1340",1.0,1.0,1.0,0.0,0.0,1.0,1.0,0.7,1.0,1.0,0.9,1.0,1.0,0.0,1.0,1.0,0.0
1342,SDC-VD0914320A,M-1810,item:055703,edge:SDC-VD0914320A_TO_M-1810_055703,"state_stock_stock_cover_zero_SDC_VD0914320A_item_055703_d1333,state_stock_stock_cover_below_3d_SDC_VD0914320A_item_055703_d1334,state_stock_stock_cover_below_5d_SDC_VD0914320A_item_055703_d1337,state_upstream_upstream_rejection_avg_14d_above_50pct_with_stock_cover_below_3d_SDC_VD0914320A_item_055703_d1340",1.0,1.0,1.0,0.0,0.0,1.0,1.0,0.7,1.0,1.0,0.9,1.0,1.0,0.0,1.0,1.0,0.0
1342,SDC-VD0951020A,M-1810,item:007923,edge:SDC-VD0951020A_TO_M-1810_007923,state_lead_observed_lead_ratio_above_135pct_SDC_VD0951020A_item_007923_d1328,1.0,1.0,1.0,5.0,0.0,1.0,1.0,1.0,1.0,1.0,1.0,1.0,1.0,0.0,1.0,1.0,0.0
1343,SDC-VD0914320A,SDC-VD0914320A,item:055703,SUPPLIER_UPSTREAM_SUPPLY_PROACTIVE,"state_stock_stock_cover_zero_SDC_VD0914320A_item_055703_d1333,state_stock_stock_cover_below_3d_SDC_VD0914320A_item_055703_d1334,state_stock_stock_cover_below_5d_SDC_VD0914320A_item_055703_d1337,state_upstream_upstream_rejection_avg_14d_above_50pct_with_stock_cover_below_3d_SDC_VD0914320A_item_055703_d1340",1.0,1.0,1.0,0.0,0.0,1.0,1.0,0.7,1.0,1.0,0.9,1.0,1.0,0.0,1.0,1.0,0.0
1343,SDC-VD0951020A,SDC-VD0951020A,item:001757,SUPPLIER_UPSTREAM_SUPPLY_PROACTIVE,"state_upstream_upstream_rejection_avg_7d_above_10pct_with_stock_cover_below_7d_SDC_VD0951020A_item_001757_d1339,state_upstream_upstream_rejection_avg_14d_above_50pct_with_stock_cover_below_3d_SDC_VD0951020A_item_001757_d1340,state_stock_stock_cover_below_3d_SDC_VD0951020A_item_001757_d1341,state_stock_stock_cover_zero_SDC_VD0951020A_item_001757_d1341",1.0,1.0,1.0,0.0,0.0,1.0,1.0,0.7,1.0,1.0,0.9,0.97,1.0,0.0,1.0,1.0,0.0
1343,SDC-VD1096202A,SDC-VD1096202A,item:039668,SUPPLIER_UPSTREAM_SUPPLY_PROACTIVE,"state_stock_stock_cover_zero_SDC_VD1096202A_item_039668_d1333,state_stock_stock_cover_below_3d_SDC_VD1096202A_item_039668_d1334,state_stock_stock_cover_below_5d_SDC_VD1096202A_item_039668_d1337,state_upstream_upstream_rejection_avg_14d_above_50pct_with_stock_cover_below_3d_SDC_VD1096202A_item_039668_d1340",1.0,1.0,1.0,0.0,0.0,1.0,1.0,0.7,1.0,1.0,0.9,1.0,1.0,0.0,1.0,1.0,0.0
1343,SDC-VD0951020A,M-1810,item:001757,edge:SDC-VD0951020A_TO_M-1810_001757,"state_upstream_upstream_rejection_avg_7d_above_10pct_with_stock_cover_below_7d_SDC_VD0951020A_item_001757_d1339,state_upstream_upstream_rejection_avg_14d_above_50pct_with_stock_cover_below_3d_SDC_VD0951020A_item_001757_d1340,state_stock_stock_cover_below_3d_SDC_VD0951020A_item_001757_d1341,state_stock_stock_cover_zero_SDC_VD0951020A_item_001757_d1341",1.0,1.0,1.0,0.0,0.0,1.0,1.0,0.7,1.0,1.0,0.9,0.97,1.0,0.0,1.0,1.0,0.0
1343,SDC-VD1096202A,M-1810,item:039668,edge:SDC-VD1096202A_TO_M-1810_039668,"state_stock_stock_cover_zero_SDC_VD1096202A_item_039668_d1333,state_stock_stock_cover_below_3d_SDC_VD1096202A_item_039668_d1334,state_stock_stock_cover_below_5d_SDC_VD1096202A_item_039668_d1337,state_upstream_upstream_rejection_avg_14d_above_50pct_with_stock_cover_below_3d_SDC_VD1096202A_item_039668_d1340",1.0,1.0,1.0,0.0,0.0,1.0,1.0,0.7,1.0,1.0,0.9,1.0,1.0,0.0,1.0,1.0,0.0
1343,SDC-VD0914320A,M-1810,item:055703,edge:SDC-VD0914320A_TO_M-1810_055703,"state_stock_stock_cover_zero_SDC_VD0914320A_item_055703_d1333,state_stock_stock_cover_below_3d_SDC_VD0914320A_item_055703_d1334,state_stock_stock_cover_below_5d_SDC_VD0914320A_item_055703_d1337,state_upstream_upstream_rejection_avg_14d_above_50pct_with_stock_cover_below_3d_SDC_VD0914320A_item_055703_d1340",1.0,1.0,1.0,0.0,0.0,1.0,1.0,0.7,1.0,1.0,0.9,1.0,1.0,0.0,1.0,1.0,0.0
1344,SDC-VD0914320A,SDC-VD0914320A,item:055703,SUPPLIER_UPSTREAM_SUPPLY_PROACTIVE,"state_stock_stock_cover_zero_SDC_VD0914320A_item_055703_d1333,state_stock_stock_cover_below_3d_SDC_VD0914320A_item_055703_d1334,state_stock_stock_cover_below_5d_SDC_VD0914320A_item_055703_d1337,state_upstream_upstream_rejection_avg_14d_above_50pct_with_stock_cover_below_3d_SDC_VD0914320A_item_055703_d1340",1.0,1.0,1.0,0.0,0.0,1.0,1.0,0.7,1.0,1.0,0.9,1.0,1.0,0.0,1.0,1.0,0.0
1344,SDC-VD0951020A,SDC-VD0951020A,item:001757,SUPPLIER_UPSTREAM_SUPPLY_PROACTIVE,"state_upstream_upstream_rejection_avg_7d_above_10pct_with_stock_cover_below_7d_SDC_VD0951020A_item_001757_d1339,state_upstream_upstream_rejection_avg_14d_above_50pct_with_stock_cover_below_3d_SDC_VD0951020A_item_001757_d1340,state_stock_stock_cover_below_3d_SDC_VD0951020A_item_001757_d1341,state_stock_stock_cover_zero_SDC_VD0951020A_item_001757_d1341,state_stock_stock_cover_below_5d_SDC_VD0951020A_item_001757_d1343",1.0,1.0,1.0,0.0,0.0,1.0,1.0,0.7,1.0,1.0,0.9,0.97,1.0,0.0,1.0,1.0,0.0
1344,SDC-VD1096202A,SDC-VD1096202A,item:039668,SUPPLIER_UPSTREAM_SUPPLY_PROACTIVE,"state_stock_stock_cover_zero_SDC_VD1096202A_item_039668_d1333,state_stock_stock_cover_below_3d_SDC_VD1096202A_item_039668_d1334,state_stock_stock_cover_below_5d_SDC_VD1096202A_item_039668_d1337,state_upstream_upstream_rejection_avg_14d_above_50pct_with_stock_cover_below_3d_SDC_VD1096202A_item_039668_d1340",1.0,1.0,1.0,0.0,0.0,1.0,1.0,0.7,1.0,1.0,0.9,1.0,1.0,0.0,1.0,1.0,0.0
1344,SDC-VD0951020A,M-1810,item:001757,edge:SDC-VD0951020A_TO_M-1810_001757,"state_upstream_upstream_rejection_avg_7d_above_10pct_with_stock_cover_below_7d_SDC_VD0951020A_item_001757_d1339,state_upstream_upstream_rejection_avg_14d_above_50pct_with_stock_cover_below_3d_SDC_VD0951020A_item_001757_d1340,state_stock_stock_cover_below_3d_SDC_VD0951020A_item_001757_d1341,state_stock_stock_cover_zero_SDC_VD0951020A_item_001757_d1341,state_stock_stock_cover_below_5d_SDC_VD0951020A_item_001757_d1343",1.0,1.0,1.0,0.0,0.0,1.0,1.0,0.7,1.0,1.0,0.9,0.97,1.0,0.0,1.0,1.0,0.0
1344,SDC-VD1096202A,M-1810,item:039668,edge:SDC-VD1096202A_TO_M-1810_039668,"state_stock_stock_cover_zero_SDC_VD1096202A_item_039668_d1333,state_stock_stock_cover_below_3d_SDC_VD1096202A_item_039668_d1334,state_stock_stock_cover_below_5d_SDC_VD1096202A_item_039668_d1337,state_upstream_upstream_rejection_avg_14d_above_50pct_with_stock_cover_below_3d_SDC_VD1096202A_item_039668_d1340",1.0,1.0,1.0,0.0,0.0,1.0,1.0,0.7,1.0,1.0,0.9,1.0,1.0,0.0,1.0,1.0,0.0
1344,SDC-VD0914320A,M-1810,item:055703,edge:SDC-VD0914320A_TO_M-1810_055703,"state_stock_stock_cover_zero_SDC_VD0914320A_item_055703_d1333,state_stock_stock_cover_below_3d_SDC_VD0914320A_item_055703_d1334,state_stock_stock_cover_below_5d_SDC_VD0914320A_item_055703_d1337,state_upstream_upstream_rejection_avg_14d_above_50pct_with_stock_cover_below_3d_SDC_VD0914320A_item_055703_d1340",1.0,1.0,1.0,0.0,0.0,1.0,1.0,0.7,1.0,1.0,0.9,1.0,1.0,0.0,1.0,1.0,0.0
1345,SDC-VD0914320A,SDC-VD0914320A,item:055703,SUPPLIER_UPSTREAM_SUPPLY_PROACTIVE,"state_stock_stock_cover_zero_SDC_VD0914320A_item_055703_d1333,state_stock_stock_cover_below_3d_SDC_VD0914320A_item_055703_d1334,state_upstream_upstream_rejection_avg_14d_above_50pct_with_stock_cover_below_3d_SDC_VD0914320A_item_055703_d1340",1.0,1.0,1.0,0.0,0.0,1.0,1.0,0.7,1.0,1.0,0.9,1.0,1.0,0.0,1.0,1.0,0.0
1345,SDC-VD0951020A,SDC-VD0951020A,item:001757,SUPPLIER_UPSTREAM_SUPPLY_PROACTIVE,"state_upstream_upstream_rejection_avg_7d_above_10pct_with_stock_cover_below_7d_SDC_VD0951020A_item_001757_d1339,state_upstream_upstream_rejection_avg_14d_above_50pct_with_stock_cover_below_3d_SDC_VD0951020A_item_001757_d1340,state_stock_stock_cover_below_3d_SDC_VD0951020A_item_001757_d1341,state_stock_stock_cover_zero_SDC_VD0951020A_item_001757_d1341,state_stock_stock_cover_below_5d_SDC_VD0951020A_item_001757_d1343",1.0,1.0,1.0,0.0,0.0,1.0,1.0,0.7,1.0,1.0,0.9,0.97,1.0,0.0,1.0,1.0,0.0
1345,SDC-VD1096202A,SDC-VD1096202A,item:039668,SUPPLIER_UPSTREAM_SUPPLY_PROACTIVE,"state_stock_stock_cover_zero_SDC_VD1096202A_item_039668_d1333,state_stock_stock_cover_below_3d_SDC_VD1096202A_item_039668_d1334,state_upstream_upstream_rejection_avg_14d_above_50pct_with_stock_cover_below_3d_SDC_VD1096202A_item_039668_d1340",1.0,1.0,1.0,0.0,0.0,1.0,1.0,0.7,1.0,1.0,0.9,1.0,1.0,0.0,1.0,1.0,0.0
1345,SDC-VD0951020A,M-1810,item:001757,edge:SDC-VD0951020A_TO_M-1810_001757,"state_upstream_upstream_rejection_avg_7d_above_10pct_with_stock_cover_below_7d_SDC_VD0951020A_item_001757_d1339,state_upstream_upstream_rejection_avg_14d_above_50pct_with_stock_cover_below_3d_SDC_VD0951020A_item_001757_d1340,state_stock_stock_cover_below_3d_SDC_VD0951020A_item_001757_d1341,state_stock_stock_cover_zero_SDC_VD0951020A_item_001757_d1341,state_stock_stock_cover_below_5d_SDC_VD0951020A_item_001757_d1343",1.0,1.0,1.0,0.0,0.0,1.0,1.0,0.7,1.0,1.0,0.9,0.97,1.0,0.0,1.0,1.0,0.0
1345,SDC-VD1096202A,M-1810,item:039668,edge:SDC-VD1096202A_TO_M-1810_039668,"state_stock_stock_cover_zero_SDC_VD1096202A_item_039668_d1333,state_stock_stock_cover_below_3d_SDC_VD1096202A_item_039668_d1334,state_upstream_upstream_rejection_avg_14d_above_50pct_with_stock_cover_below_3d_SDC_VD1096202A_item_039668_d1340",1.0,1.0,1.0,0.0,0.0,1.0,1.0,0.7,1.0,1.0,0.9,1.0,1.0,0.0,1.0,1.0,0.0
1345,SDC-VD0914320A,M-1810,item:055703,edge:SDC-VD0914320A_TO_M-1810_055703,"state_stock_stock_cover_zero_SDC_VD0914320A_item_055703_d1333,state_stock_stock_cover_below_3d_SDC_VD0914320A_item_055703_d1334,state_upstream_upstream_rejection_avg_14d_above_50pct_with_stock_cover_below_3d_SDC_VD0914320A_item_055703_d1340",1.0,1.0,1.0,0.0,0.0,1.0,1.0,0.7,1.0,1.0,0.9,1.0,1.0,0.0,1.0,1.0,0.0
1346,SDC-VD0914320A,SDC-VD0914320A,item:055703,SUPPLIER_UPSTREAM_SUPPLY_PROACTIVE,"state_stock_stock_cover_zero_SDC_VD0914320A_item_055703_d1333,state_stock_stock_cover_below_3d_SDC_VD0914320A_item_055703_d1334,state_upstream_upstream_rejection_avg_14d_above_50pct_with_stock_cover_below_3d_SDC_VD0914320A_item_055703_d1340",1.0,1.0,1.0,0.0,0.0,1.0,1.0,0.7,1.0,1.0,0.9,1.0,1.0,0.0,1.0,1.0,0.0
1346,SDC-VD0951020A,SDC-VD0951020A,item:001757,SUPPLIER_UPSTREAM_SUPPLY_PROACTIVE,"state_upstream_upstream_rejection_avg_7d_above_10pct_with_stock_cover_below_7d_SDC_VD0951020A_item_001757_d1339,state_upstream_upstream_rejection_avg_14d_above_50pct_with_stock_cover_below_3d_SDC_VD0951020A_item_001757_d1340,state_stock_stock_cover_below_3d_SDC_VD0951020A_item_001757_d1341,state_stock_stock_cover_zero_SDC_VD0951020A_item_001757_d1341,state_stock_stock_cover_below_5d_SDC_VD0951020A_item_001757_d1343",1.0,1.0,1.0,0.0,0.0,1.0,1.0,0.7,1.0,1.0,0.9,0.97,1.0,0.0,1.0,1.0,0.0
1346,SDC-VD1096202A,SDC-VD1096202A,item:039668,SUPPLIER_UPSTREAM_SUPPLY_PROACTIVE,"state_stock_stock_cover_zero_SDC_VD1096202A_item_039668_d1333,state_stock_stock_cover_below_3d_SDC_VD1096202A_item_039668_d1334,state_upstream_upstream_rejection_avg_14d_above_50pct_with_stock_cover_below_3d_SDC_VD1096202A_item_039668_d1340",1.0,1.0,1.0,0.0,0.0,1.0,1.0,0.7,1.0,1.0,0.9,1.0,1.0,0.0,1.0,1.0,0.0
1346,SDC-VD0951020A,M-1810,item:001757,edge:SDC-VD0951020A_TO_M-1810_001757,"state_upstream_upstream_rejection_avg_7d_above_10pct_with_stock_cover_below_7d_SDC_VD0951020A_item_001757_d1339,state_upstream_upstream_rejection_avg_14d_above_50pct_with_stock_cover_below_3d_SDC_VD0951020A_item_001757_d1340,state_stock_stock_cover_below_3d_SDC_VD0951020A_item_001757_d1341,state_stock_stock_cover_zero_SDC_VD0951020A_item_001757_d1341,state_stock_stock_cover_below_5d_SDC_VD0951020A_item_001757_d1343",1.0,1.0,1.0,0.0,0.0,1.0,1.0,0.7,1.0,1.0,0.9,0.97,1.0,0.0,1.0,1.0,0.0
1346,SDC-VD1096202A,M-1810,item:039668,edge:SDC-VD1096202A_TO_M-1810_039668,"state_stock_stock_cover_zero_SDC_VD1096202A_item_039668_d1333,state_stock_stock_cover_below_3d_SDC_VD1096202A_item_039668_d1334,state_upstream_upstream_rejection_avg_14d_above_50pct_with_stock_cover_below_3d_SDC_VD1096202A_item_039668_d1340",1.0,1.0,1.0,0.0,0.0,1.0,1.0,0.7,1.0,1.0,0.9,1.0,1.0,0.0,1.0,1.0,0.0
1346,SDC-VD0914320A,M-1810,item:055703,edge:SDC-VD0914320A_TO_M-1810_055703,"state_stock_stock_cover_zero_SDC_VD0914320A_item_055703_d1333,state_stock_stock_cover_below_3d_SDC_VD0914320A_item_055703_d1334,state_upstream_upstream_rejection_avg_14d_above_50pct_with_stock_cover_below_3d_SDC_VD0914320A_item_055703_d1340",1.0,1.0,1.0,0.0,0.0,1.0,1.0,0.7,1.0,1.0,0.9,1.0,1.0,0.0,1.0,1.0,0.0
1347,SDC-VD0914320A,SDC-VD0914320A,item:055703,SUPPLIER_UPSTREAM_SUPPLY_PROACTIVE,"state_stock_stock_cover_zero_SDC_VD0914320A_item_055703_d1333,state_stock_stock_cover_below_3d_SDC_VD0914320A_item_055703_d1334,state_upstream_upstream_rejection_avg_14d_above_50pct_with_stock_cover_below_3d_SDC_VD0914320A_item_055703_d1340",1.0,1.0,1.0,0.0,0.0,1.0,1.0,0.7,1.0,1.0,0.9,1.0,1.0,0.0,1.0,1.0,0.0
1347,SDC-VD0951020A,SDC-VD0951020A,item:001757,SUPPLIER_UPSTREAM_SUPPLY_PROACTIVE,"state_upstream_upstream_rejection_avg_14d_above_50pct_with_stock_cover_below_3d_SDC_VD0951020A_item_001757_d1340,state_stock_stock_cover_below_3d_SDC_VD0951020A_item_001757_d1341,state_stock_stock_cover_zero_SDC_VD0951020A_item_001757_d1341,state_stock_stock_cover_below_5d_SDC_VD0951020A_item_001757_d1343",1.0,1.0,1.0,0.0,0.0,1.0,1.0,0.7,1.0,1.0,0.9,1.0,1.0,0.0,1.0,1.0,0.0
1347,SDC-VD1096202A,SDC-VD1096202A,item:039668,SUPPLIER_UPSTREAM_SUPPLY_PROACTIVE,"state_stock_stock_cover_zero_SDC_VD1096202A_item_039668_d1333,state_stock_stock_cover_below_3d_SDC_VD1096202A_item_039668_d1334,state_upstream_upstream_rejection_avg_14d_above_50pct_with_stock_cover_below_3d_SDC_VD1096202A_item_039668_d1340",1.0,1.0,1.0,0.0,0.0,1.0,1.0,0.7,1.0,1.0,0.9,1.0,1.0,0.0,1.0,1.0,0.0
1347,SDC-VD0951020A,M-1810,item:001757,edge:SDC-VD0951020A_TO_M-1810_001757,"state_upstream_upstream_rejection_avg_14d_above_50pct_with_stock_cover_below_3d_SDC_VD0951020A_item_001757_d1340,state_stock_stock_cover_below_3d_SDC_VD0951020A_item_001757_d1341,state_stock_stock_cover_zero_SDC_VD0951020A_item_001757_d1341,state_stock_stock_cover_below_5d_SDC_VD0951020A_item_001757_d1343",1.0,1.0,1.0,0.0,0.0,1.0,1.0,0.7,1.0,1.0,0.9,1.0,1.0,0.0,1.0,1.0,0.0
1347,SDC-VD1096202A,M-1810,item:039668,edge:SDC-VD1096202A_TO_M-1810_039668,"state_stock_stock_cover_zero_SDC_VD1096202A_item_039668_d1333,state_stock_stock_cover_below_3d_SDC_VD1096202A_item_039668_d1334,state_upstream_upstream_rejection_avg_14d_above_50pct_with_stock_cover_below_3d_SDC_VD1096202A_item_039668_d1340",1.0,1.0,1.0,0.0,0.0,1.0,1.0,0.7,1.0,1.0,0.9,1.0,1.0,0.0,1.0,1.0,0.0
1347,SDC-VD0914320A,M-1810,item:055703,edge:SDC-VD0914320A_TO_M-1810_055703,"state_stock_stock_cover_zero_SDC_VD0914320A_item_055703_d1333,state_stock_stock_cover_below_3d_SDC_VD0914320A_item_055703_d1334,state_upstream_upstream_rejection_avg_14d_above_50pct_with_stock_cover_below_3d_SDC_VD0914320A_item_055703_d1340",1.0,1.0,1.0,0.0,0.0,1.0,1.0,0.7,1.0,1.0,0.9,1.0,1.0,0.0,1.0,1.0,0.0
1348,SDC-VD0914320A,SDC-VD0914320A,item:055703,SUPPLIER_UPSTREAM_SUPPLY_PROACTIVE,"state_stock_stock_cover_zero_SDC_VD0914320A_item_055703_d1333,state_stock_stock_cover_below_3d_SDC_VD0914320A_item_055703_d1334,state_upstream_upstream_rejection_avg_14d_above_50pct_with_stock_cover_below_3d_SDC_VD0914320A_item_055703_d1340",1.0,1.0,1.0,0.0,0.0,1.0,1.0,0.7,1.0,1.0,0.9,1.0,1.0,0.0,1.0,1.0,0.0
1348,SDC-VD0951020A,SDC-VD0951020A,item:001757,SUPPLIER_UPSTREAM_SUPPLY_PROACTIVE,"state_upstream_upstream_rejection_avg_14d_above_50pct_with_stock_cover_below_3d_SDC_VD0951020A_item_001757_d1340,state_stock_stock_cover_below_3d_SDC_VD0951020A_item_001757_d1341,state_stock_stock_cover_zero_SDC_VD0951020A_item_001757_d1341,state_stock_stock_cover_below_5d_SDC_VD0951020A_item_001757_d1343",1.0,1.0,1.0,0.0,0.0,1.0,1.0,0.7,1.0,1.0,0.9,1.0,1.0,0.0,1.0,1.0,0.0
1348,SDC-VD1096202A,SDC-VD1096202A,item:039668,SUPPLIER_UPSTREAM_SUPPLY_PROACTIVE,"state_stock_stock_cover_zero_SDC_VD1096202A_item_039668_d1333,state_stock_stock_cover_below_3d_SDC_VD1096202A_item_039668_d1334,state_upstream_upstream_rejection_avg_14d_above_50pct_with_stock_cover_below_3d_SDC_VD1096202A_item_039668_d1340",1.0,1.0,1.0,0.0,0.0,1.0,1.0,0.7,1.0,1.0,0.9,1.0,1.0,0.0,1.0,1.0,0.0
1348,SDC-VD0951020A,M-1810,item:001757,edge:SDC-VD0951020A_TO_M-1810_001757,"state_upstream_upstream_rejection_avg_14d_above_50pct_with_stock_cover_below_3d_SDC_VD0951020A_item_001757_d1340,state_stock_stock_cover_below_3d_SDC_VD0951020A_item_001757_d1341,state_stock_stock_cover_zero_SDC_VD0951020A_item_001757_d1341,state_stock_stock_cover_below_5d_SDC_VD0951020A_item_001757_d1343",1.0,1.0,1.0,0.0,0.0,1.0,1.0,0.7,1.0,1.0,0.9,1.0,1.0,0.0,1.0,1.0,0.0
1348,SDC-VD1096202A,M-1810,item:039668,edge:SDC-VD1096202A_TO_M-1810_039668,"state_stock_stock_cover_zero_SDC_VD1096202A_item_039668_d1333,state_stock_stock_cover_below_3d_SDC_VD1096202A_item_039668_d1334,state_upstream_upstream_rejection_avg_14d_above_50pct_with_stock_cover_below_3d_SDC_VD1096202A_item_039668_d1340",1.0,1.0,1.0,0.0,0.0,1.0,1.0,0.7,1.0,1.0,0.9,1.0,1.0,0.0,1.0,1.0,0.0
1348,SDC-VD0914320A,M-1810,item:055703,edge:SDC-VD0914320A_TO_M-1810_055703,"state_stock_stock_cover_zero_SDC_VD0914320A_item_055703_d1333,state_stock_stock_cover_below_3d_SDC_VD0914320A_item_055703_d1334,state_upstream_upstream_rejection_avg_14d_above_50pct_with_stock_cover_below_3d_SDC_VD0914320A_item_055703_d1340",1.0,1.0,1.0,0.0,0.0,1.0,1.0,0.7,1.0,1.0,0.9,1.0,1.0,0.0,1.0,1.0,0.0
1349,SDC-VD0914320A,SDC-VD0914320A,item:055703,SUPPLIER_UPSTREAM_SUPPLY_PROACTIVE,"state_stock_stock_cover_zero_SDC_VD0914320A_item_055703_d1333,state_upstream_upstream_rejection_avg_14d_above_50pct_with_stock_cover_below_3d_SDC_VD0914320A_item_055703_d1340",1.0,1.0,1.0,0.0,0.0,1.0,1.0,0.7,1.0,1.0,0.9,1.0,1.0,0.0,1.0,1.0,0.0
1349,SDC-VD0951020A,SDC-VD0951020A,item:001757,SUPPLIER_UPSTREAM_SUPPLY_PROACTIVE,"state_upstream_upstream_rejection_avg_14d_above_50pct_with_stock_cover_below_3d_SDC_VD0951020A_item_001757_d1340,state_stock_stock_cover_below_3d_SDC_VD0951020A_item_001757_d1341,state_stock_stock_cover_zero_SDC_VD0951020A_item_001757_d1341,state_stock_stock_cover_below_5d_SDC_VD0951020A_item_001757_d1343",1.0,1.0,1.0,0.0,0.0,1.0,1.0,0.7,1.0,1.0,0.9,1.0,1.0,0.0,1.0,1.0,0.0
1349,SDC-VD1096202A,SDC-VD1096202A,item:039668,SUPPLIER_UPSTREAM_SUPPLY_PROACTIVE,"state_stock_stock_cover_zero_SDC_VD1096202A_item_039668_d1333,state_upstream_upstream_rejection_avg_14d_above_50pct_with_stock_cover_below_3d_SDC_VD1096202A_item_039668_d1340",1.0,1.0,1.0,0.0,0.0,1.0,1.0,0.7,1.0,1.0,0.9,1.0,1.0,0.0,1.0,1.0,0.0
1349,SDC-VD0951020A,M-1810,item:001757,edge:SDC-VD0951020A_TO_M-1810_001757,"state_upstream_upstream_rejection_avg_14d_above_50pct_with_stock_cover_below_3d_SDC_VD0951020A_item_001757_d1340,state_stock_stock_cover_below_3d_SDC_VD0951020A_item_001757_d1341,state_stock_stock_cover_zero_SDC_VD0951020A_item_001757_d1341,state_stock_stock_cover_below_5d_SDC_VD0951020A_item_001757_d1343",1.0,1.0,1.0,0.0,0.0,1.0,1.0,0.7,1.0,1.0,0.9,1.0,1.0,0.0,1.0,1.0,0.0
1349,SDC-VD1096202A,M-1810,item:039668,edge:SDC-VD1096202A_TO_M-1810_039668,"state_stock_stock_cover_zero_SDC_VD1096202A_item_039668_d1333,state_upstream_upstream_rejection_avg_14d_above_50pct_with_stock_cover_below_3d_SDC_VD1096202A_item_039668_d1340",1.0,1.0,1.0,0.0,0.0,1.0,1.0,0.7,1.0,1.0,0.9,1.0,1.0,0.0,1.0,1.0,0.0
1349,SDC-VD0914320A,M-1810,item:055703,edge:SDC-VD0914320A_TO_M-1810_055703,"state_stock_stock_cover_zero_SDC_VD0914320A_item_055703_d1333,state_upstream_upstream_rejection_avg_14d_above_50pct_with_stock_cover_below_3d_SDC_VD0914320A_item_055703_d1340",1.0,1.0,1.0,0.0,0.0,1.0,1.0,0.7,1.0,1.0,0.9,1.0,1.0,0.0,1.0,1.0,0.0
1350,SDC-VD0914320A,SDC-VD0914320A,item:055703,SUPPLIER_UPSTREAM_SUPPLY_PROACTIVE,"state_stock_stock_cover_zero_SDC_VD0914320A_item_055703_d1333,state_upstream_upstream_rejection_avg_14d_above_50pct_with_stock_cover_below_3d_SDC_VD0914320A_item_055703_d1340",1.0,1.0,1.0,0.0,0.0,1.0,1.0,0.7,1.0,1.0,0.9,1.0,1.0,0.0,1.0,1.0,0.0
1350,SDC-VD0951020A,SDC-VD0951020A,item:001757,SUPPLIER_UPSTREAM_SUPPLY_PROACTIVE,"state_upstream_upstream_rejection_avg_14d_above_50pct_with_stock_cover_below_3d_SDC_VD0951020A_item_001757_d1340,state_stock_stock_cover_below_3d_SDC_VD0951020A_item_001757_d1341,state_stock_stock_cover_zero_SDC_VD0951020A_item_001757_d1341,state_stock_stock_cover_below_5d_SDC_VD0951020A_item_001757_d1343",1.0,1.0,1.0,0.0,0.0,1.0,1.0,0.7,1.0,1.0,0.9,1.0,1.0,0.0,1.0,1.0,0.0
1350,SDC-VD1096202A,SDC-VD1096202A,item:039668,SUPPLIER_UPSTREAM_SUPPLY_PROACTIVE,"state_stock_stock_cover_zero_SDC_VD1096202A_item_039668_d1333,state_upstream_upstream_rejection_avg_14d_above_50pct_with_stock_cover_below_3d_SDC_VD1096202A_item_039668_d1340",1.0,1.0,1.0,0.0,0.0,1.0,1.0,0.7,1.0,1.0,0.9,1.0,1.0,0.0,1.0,1.0,0.0
1350,SDC-VD0951020A,M-1810,item:001757,edge:SDC-VD0951020A_TO_M-1810_001757,"state_upstream_upstream_rejection_avg_14d_above_50pct_with_stock_cover_below_3d_SDC_VD0951020A_item_001757_d1340,state_stock_stock_cover_below_3d_SDC_VD0951020A_item_001757_d1341,state_stock_stock_cover_zero_SDC_VD0951020A_item_001757_d1341,state_stock_stock_cover_below_5d_SDC_VD0951020A_item_001757_d1343",1.0,1.0,1.0,0.0,0.0,1.0,1.0,0.7,1.0,1.0,0.9,1.0,1.0,0.0,1.0,1.0,0.0
1350,SDC-VD1096202A,M-1810,item:039668,edge:SDC-VD1096202A_TO_M-1810_039668,"state_stock_stock_cover_zero_SDC_VD1096202A_item_039668_d1333,state_upstream_upstream_rejection_avg_14d_above_50pct_with_stock_cover_below_3d_SDC_VD1096202A_item_039668_d1340",1.0,1.0,1.0,0.0,0.0,1.0,1.0,0.7,1.0,1.0,0.9,1.0,1.0,0.0,1.0,1.0,0.0
1350,SDC-VD0914320A,M-1810,item:055703,edge:SDC-VD0914320A_TO_M-1810_055703,"state_stock_stock_cover_zero_SDC_VD0914320A_item_055703_d1333,state_upstream_upstream_rejection_avg_14d_above_50pct_with_stock_cover_below_3d_SDC_VD0914320A_item_055703_d1340",1.0,1.0,1.0,0.0,0.0,1.0,1.0,0.7,1.0,1.0,0.9,1.0,1.0,0.0,1.0,1.0,0.0
1351,SDC-VD0914320A,SDC-VD0914320A,item:055703,SUPPLIER_UPSTREAM_SUPPLY_PROACTIVE,"state_stock_stock_cover_zero_SDC_VD0914320A_item_055703_d1333,state_upstream_upstream_rejection_avg_14d_above_50pct_with_stock_cover_below_3d_SDC_VD0914320A_item_055703_d1340",1.0,1.0,1.0,0.0,0.0,1.0,1.0,0.7,1.0,1.0,0.9,1.0,1.0,0.0,1.0,1.0,0.0
1351,SDC-VD0951020A,SDC-VD0951020A,item:001757,SUPPLIER_UPSTREAM_SUPPLY_PROACTIVE,"state_upstream_upstream_rejection_avg_14d_above_50pct_with_stock_cover_below_3d_SDC_VD0951020A_item_001757_d1340,state_stock_stock_cover_below_3d_SDC_VD0951020A_item_001757_d1341,state_stock_stock_cover_zero_SDC_VD0951020A_item_001757_d1341",1.0,1.0,1.0,0.0,0.0,1.0,1.0,0.7,1.0,1.0,0.9,1.0,1.0,0.0,1.0,1.0,0.0
1351,SDC-VD1096202A,SDC-VD1096202A,item:039668,SUPPLIER_UPSTREAM_SUPPLY_PROACTIVE,"state_stock_stock_cover_zero_SDC_VD1096202A_item_039668_d1333,state_upstream_upstream_rejection_avg_14d_above_50pct_with_stock_cover_below_3d_SDC_VD1096202A_item_039668_d1340",1.0,1.0,1.0,0.0,0.0,1.0,1.0,0.7,1.0,1.0,0.9,1.0,1.0,0.0,1.0,1.0,0.0
1351,SDC-VD0951020A,M-1810,item:001757,edge:SDC-VD0951020A_TO_M-1810_001757,"state_upstream_upstream_rejection_avg_14d_above_50pct_with_stock_cover_below_3d_SDC_VD0951020A_item_001757_d1340,state_stock_stock_cover_below_3d_SDC_VD0951020A_item_001757_d1341,state_stock_stock_cover_zero_SDC_VD0951020A_item_001757_d1341",1.0,1.0,1.0,0.0,0.0,1.0,1.0,0.7,1.0,1.0,0.9,1.0,1.0,0.0,1.0,1.0,0.0
1351,SDC-VD1096202A,M-1810,item:039668,edge:SDC-VD1096202A_TO_M-1810_039668,"state_stock_stock_cover_zero_SDC_VD1096202A_item_039668_d1333,state_upstream_upstream_rejection_avg_14d_above_50pct_with_stock_cover_below_3d_SDC_VD1096202A_item_039668_d1340",1.0,1.0,1.0,0.0,0.0,1.0,1.0,0.7,1.0,1.0,0.9,1.0,1.0,0.0,1.0,1.0,0.0
1351,SDC-VD0914320A,M-1810,item:055703,edge:SDC-VD0914320A_TO_M-1810_055703,"state_stock_stock_cover_zero_SDC_VD0914320A_item_055703_d1333,state_upstream_upstream_rejection_avg_14d_above_50pct_with_stock_cover_below_3d_SDC_VD0914320A_item_055703_d1340",1.0,1.0,1.0,0.0,0.0,1.0,1.0,0.7,1.0,1.0,0.9,1.0,1.0,0.0,1.0,1.0,0.0
1352,SDC-VD0914320A,SDC-VD0914320A,item:055703,SUPPLIER_UPSTREAM_SUPPLY_PROACTIVE,"state_stock_stock_cover_zero_SDC_VD0914320A_item_055703_d1333,state_upstream_upstream_rejection_avg_14d_above_50pct_with_stock_cover_below_3d_SDC_VD0914320A_item_055703_d1340",1.0,1.0,1.0,0.0,0.0,1.0,1.0,0.7,1.0,1.0,0.9,1.0,1.0,0.0,1.0,1.0,0.0
1352,SDC-VD0951020A,SDC-VD0951020A,item:001757,SUPPLIER_UPSTREAM_SUPPLY_PROACTIVE,"state_upstream_upstream_rejection_avg_14d_above_50pct_with_stock_cover_below_3d_SDC_VD0951020A_item_001757_d1340,state_stock_stock_cover_below_3d_SDC_VD0951020A_item_001757_d1341,state_stock_stock_cover_zero_SDC_VD0951020A_item_001757_d1341",1.0,1.0,1.0,0.0,0.0,1.0,1.0,0.7,1.0,1.0,0.9,1.0,1.0,0.0,1.0,1.0,0.0
1352,SDC-VD1096202A,SDC-VD1096202A,item:039668,SUPPLIER_UPSTREAM_SUPPLY_PROACTIVE,"state_stock_stock_cover_zero_SDC_VD1096202A_item_039668_d1333,state_upstream_upstream_rejection_avg_14d_above_50pct_with_stock_cover_below_3d_SDC_VD1096202A_item_039668_d1340",1.0,1.0,1.0,0.0,0.0,1.0,1.0,0.7,1.0,1.0,0.9,1.0,1.0,0.0,1.0,1.0,0.0
1352,SDC-VD0951020A,M-1810,item:001757,edge:SDC-VD0951020A_TO_M-1810_001757,"state_upstream_upstream_rejection_avg_14d_above_50pct_with_stock_cover_below_3d_SDC_VD0951020A_item_001757_d1340,state_stock_stock_cover_below_3d_SDC_VD0951020A_item_001757_d1341,state_stock_stock_cover_zero_SDC_VD0951020A_item_001757_d1341",1.0,1.0,1.0,0.0,0.0,1.0,1.0,0.7,1.0,1.0,0.9,1.0,1.0,0.0,1.0,1.0,0.0
1352,SDC-VD1096202A,M-1810,item:039668,edge:SDC-VD1096202A_TO_M-1810_039668,"state_stock_stock_cover_zero_SDC_VD1096202A_item_039668_d1333,state_upstream_upstream_rejection_avg_14d_above_50pct_with_stock_cover_below_3d_SDC_VD1096202A_item_039668_d1340",1.0,1.0,1.0,0.0,0.0,1.0,1.0,0.7,1.0,1.0,0.9,1.0,1.0,0.0,1.0,1.0,0.0
1352,SDC-VD0914320A,M-1810,item:055703,edge:SDC-VD0914320A_TO_M-1810_055703,"state_stock_stock_cover_zero_SDC_VD0914320A_item_055703_d1333,state_upstream_upstream_rejection_avg_14d_above_50pct_with_stock_cover_below_3d_SDC_VD0914320A_item_055703_d1340",1.0,1.0,1.0,0.0,0.0,1.0,1.0,0.7,1.0,1.0,0.9,1.0,1.0,0.0,1.0,1.0,0.0
1353,SDC-VD0951020A,SDC-VD0951020A,item:001757,SUPPLIER_UPSTREAM_SUPPLY_PROACTIVE,"state_upstream_upstream_rejection_avg_14d_above_50pct_with_stock_cover_below_3d_SDC_VD0951020A_item_001757_d1340,state_stock_stock_cover_below_3d_SDC_VD0951020A_item_001757_d1341,state_stock_stock_cover_zero_SDC_VD0951020A_item_001757_d1341",1.0,1.0,1.0,0.0,0.0,1.0,1.0,0.7,1.0,1.0,0.9,1.0,1.0,0.0,1.0,1.0,0.0
1353,SDC-VD1096202A,SDC-VD1096202A,item:039668,SUPPLIER_UPSTREAM_SUPPLY_PROACTIVE,"state_stock_stock_cover_zero_SDC_VD1096202A_item_039668_d1333,state_upstream_upstream_rejection_avg_14d_above_50pct_with_stock_cover_below_3d_SDC_VD1096202A_item_039668_d1340",1.0,1.0,1.0,0.0,0.0,1.0,1.0,0.7,1.0,1.0,0.9,1.0,1.0,0.0,1.0,1.0,0.0
1353,SDC-VD0951020A,M-1810,item:001757,edge:SDC-VD0951020A_TO_M-1810_001757,"state_upstream_upstream_rejection_avg_14d_above_50pct_with_stock_cover_below_3d_SDC_VD0951020A_item_001757_d1340,state_stock_stock_cover_below_3d_SDC_VD0951020A_item_001757_d1341,state_stock_stock_cover_zero_SDC_VD0951020A_item_001757_d1341",1.0,1.0,1.0,0.0,0.0,1.0,1.0,0.7,1.0,1.0,0.9,1.0,1.0,0.0,1.0,1.0,0.0
1353,SDC-VD1096202A,M-1810,item:039668,edge:SDC-VD1096202A_TO_M-1810_039668,"state_stock_stock_cover_zero_SDC_VD1096202A_item_039668_d1333,state_upstream_upstream_rejection_avg_14d_above_50pct_with_stock_cover_below_3d_SDC_VD1096202A_item_039668_d1340",1.0,1.0,1.0,0.0,0.0,1.0,1.0,0.7,1.0,1.0,0.9,1.0,1.0,0.0,1.0,1.0,0.0
1353,SDC-VD0914320A,M-1810,item:055703,edge:SDC-VD0914320A_TO_M-1810_055703,"state_stock_stock_cover_zero_SDC_VD0914320A_item_055703_d1333,state_upstream_upstream_rejection_avg_14d_above_50pct_with_stock_cover_below_3d_SDC_VD0914320A_item_055703_d1340",1.0,1.0,1.0,0.0,0.0,1.0,1.0,0.7,1.0,1.0,0.9,1.0,1.0,0.0,1.0,1.0,0.0
1354,SDC-VD0951020A,SDC-VD0951020A,item:001757,SUPPLIER_UPSTREAM_SUPPLY_PROACTIVE,"state_upstream_upstream_rejection_avg_14d_above_50pct_with_stock_cover_below_3d_SDC_VD0951020A_item_001757_d1340,state_stock_stock_cover_below_3d_SDC_VD0951020A_item_001757_d1341,state_stock_stock_cover_zero_SDC_VD0951020A_item_001757_d1341",1.0,1.0,1.0,0.0,0.0,1.0,1.0,0.7,1.0,1.0,0.9,1.0,1.0,0.0,1.0,1.0,0.0
1354,SDC-VD1096202A,SDC-VD1096202A,item:039668,SUPPLIER_UPSTREAM_SUPPLY_PROACTIVE,"state_stock_stock_cover_zero_SDC_VD1096202A_item_039668_d1333,state_upstream_upstream_rejection_avg_14d_above_50pct_with_stock_cover_below_3d_SDC_VD1096202A_item_039668_d1340",1.0,1.0,1.0,0.0,0.0,1.0,1.0,0.7,1.0,1.0,0.9,1.0,1.0,0.0,1.0,1.0,0.0
1354,SDC-VD0951020A,M-1810,item:001757,edge:SDC-VD0951020A_TO_M-1810_001757,"state_upstream_upstream_rejection_avg_14d_above_50pct_with_stock_cover_below_3d_SDC_VD0951020A_item_001757_d1340,state_stock_stock_cover_below_3d_SDC_VD0951020A_item_001757_d1341,state_stock_stock_cover_zero_SDC_VD0951020A_item_001757_d1341",1.0,1.0,1.0,0.0,0.0,1.0,1.0,0.7,1.0,1.0,0.9,1.0,1.0,0.0,1.0,1.0,0.0
1354,SDC-VD1096202A,M-1810,item:039668,edge:SDC-VD1096202A_TO_M-1810_039668,"state_stock_stock_cover_zero_SDC_VD1096202A_item_039668_d1333,state_upstream_upstream_rejection_avg_14d_above_50pct_with_stock_cover_below_3d_SDC_VD1096202A_item_039668_d1340",1.0,1.0,1.0,0.0,0.0,1.0,1.0,0.7,1.0,1.0,0.9,1.0,1.0,0.0,1.0,1.0,0.0
1355,SDC-VD0951020A,M-1810,item:001757,edge:SDC-VD0951020A_TO_M-1810_001757,"state_stock_stock_cover_below_3d_SDC_VD0951020A_item_001757_d1341,state_stock_stock_cover_zero_SDC_VD0951020A_item_001757_d1341",1.0,1.0,1.0,0.0,0.0,1.0,1.0,0.7,1.0,1.0,1.0,1.0,1.0,0.0,1.0,1.0,0.0
1356,SDC-VD0951020A,M-1810,item:001757,edge:SDC-VD0951020A_TO_M-1810_001757,state_stock_stock_cover_zero_SDC_VD0951020A_item_001757_d1341,1.0,1.0,1.0,0.0,0.0,1.0,1.0,0.7,1.0,1.0,1.0,1.0,1.0,0.0,1.0,1.0,0.0
1357,SDC-VD0951020A,M-1810,item:001757,edge:SDC-VD0951020A_TO_M-1810_001757,state_stock_stock_cover_zero_SDC_VD0951020A_item_001757_d1341,1.0,1.0,1.0,0.0,0.0,1.0,1.0,0.7,1.0,1.0,1.0,1.0,1.0,0.0,1.0,1.0,0.0
1358,SDC-VD0951020A,M-1810,item:001757,edge:SDC-VD0951020A_TO_M-1810_001757,state_stock_stock_cover_zero_SDC_VD0951020A_item_001757_d1341,1.0,1.0,1.0,0.0,0.0,1.0,1.0,0.7,1.0,1.0,1.0,1.0,1.0,0.0,1.0,1.0,0.0
1359,SDC-VD0951020A,M-1810,item:001757,edge:SDC-VD0951020A_TO_M-1810_001757,state_stock_stock_cover_zero_SDC_VD0951020A_item_001757_d1341,1.0,1.0,1.0,0.0,0.0,1.0,1.0,0.7,1.0,1.0,1.0,1.0,1.0,0.0,1.0,1.0,0.0
1360,SDC-VD0951020A,M-1810,item:001757,edge:SDC-VD0951020A_TO_M-1810_001757,state_stock_stock_cover_zero_SDC_VD0951020A_item_001757_d1341,1.0,1.0,1.0,0.0,0.0,1.0,1.0,0.7,1.0,1.0,1.0,1.0,1.0,0.0,1.0,1.0,0.0
1361,SDC-VD0951020A,M-1810,item:001757,edge:SDC-VD0951020A_TO_M-1810_001757,state_stock_stock_cover_zero_SDC_VD0951020A_item_001757_d1341,1.0,1.0,1.0,0.0,0.0,1.0,1.0,0.7,1.0,1.0,1.0,1.0,1.0,0.0,1.0,1.0,0.0
1362,SDC-VD0951020A,M-1810,item:001757,edge:SDC-VD0951020A_TO_M-1810_001757,state_stock_stock_cover_zero_SDC_VD0951020A_item_001757_d1341,1.0,1.0,1.0,0.0,0.0,1.0,1.0,0.7,1.0,1.0,1.0,1.0,1.0,0.0,1.0,1.0,0.0
1364,SDC-VD1096202A,SDC-VD1096202A,item:039668,SUPPLIER_UPSTREAM_SUPPLY_PROACTIVE,"state_stock_stock_cover_below_3d_SDC_VD1096202A_item_039668_d1363,state_upstream_upstream_rejection_avg_7d_above_10pct_with_stock_cover_below_7d_SDC_VD1096202A_item_039668_d1363",1.0,1.0,1.0,0.0,0.0,1.0,1.0,0.85,1.0,1.0,1.0,0.97,1.0,0.0,1.0,1.0,0.0
1364,SDC-VD1096202A,M-1810,item:039668,edge:SDC-VD1096202A_TO_M-1810_039668,"state_stock_stock_cover_below_3d_SDC_VD1096202A_item_039668_d1363,state_upstream_upstream_rejection_avg_7d_above_10pct_with_stock_cover_below_7d_SDC_VD1096202A_item_039668_d1363",1.0,1.0,1.0,0.0,0.0,1.0,1.0,0.85,1.0,1.0,1.0,0.97,1.0,0.0,1.0,1.0,0.0
1365,SDC-VD1096202A,M-1810,item:039668,edge:SDC-VD1096202A_TO_M-1810_039668,"state_stock_stock_cover_below_3d_SDC_VD1096202A_item_039668_d1363,state_upstream_upstream_rejection_avg_7d_above_10pct_with_stock_cover_below_7d_SDC_VD1096202A_item_039668_d1363",1.0,1.0,1.0,0.0,0.0,1.0,1.0,0.85,1.0,1.0,1.0,0.97,1.0,0.0,1.0,1.0,0.0
1366,SDC-VD1096202A,M-1810,item:039668,edge:SDC-VD1096202A_TO_M-1810_039668,"state_stock_stock_cover_below_3d_SDC_VD1096202A_item_039668_d1363,state_upstream_upstream_rejection_avg_7d_above_10pct_with_stock_cover_below_7d_SDC_VD1096202A_item_039668_d1363",1.0,1.0,1.0,0.0,0.0,1.0,1.0,0.85,1.0,1.0,1.0,0.97,1.0,0.0,1.0,1.0,0.0
1370,SDC-VD0951020A,SDC-VD0951020A,item:007923,SUPPLIER_UPSTREAM_SUPPLY_PROACTIVE,state_lead_observed_lead_ratio_above_125pct_SDC_VD0951020A_item_007923_d1369,1.0,1.0,1.0,3.0,0.0,1.0,1.0,1.0,1.0,1.0,1.0,1.0,1.0,0.0,1.0,1.0,0.0
1373,SDC-VD0951020A,M-1810,item:007923,edge:SDC-VD0951020A_TO_M-1810_007923,state_lead_observed_lead_ratio_above_125pct_SDC_VD0951020A_item_007923_d1369,1.0,1.0,1.0,3.0,0.0,1.0,1.0,1.0,1.0,1.0,1.0,1.0,1.0,0.0,1.0,1.0,0.0
1374,SDC-VD0951020A,SDC-VD0951020A,item:007923,SUPPLIER_UPSTREAM_SUPPLY_PROACTIVE,"state_lead_observed_lead_ratio_above_125pct_SDC_VD0951020A_item_007923_d1369,state_lead_observed_lead_ratio_above_110pct_SDC_VD0951020A_item_007923_d1373,state_lead_observed_lead_ratio_above_135pct_SDC_VD0951020A_item_007923_d1373",1.0,1.0,1.1,8.0,0.0,1.0,1.0,1.0,1.0,1.0,1.0,1.0,1.0,0.0,1.0,1.0,0.0
1374,SDC-VD0951020A,M-1810,item:007923,edge:SDC-VD0951020A_TO_M-1810_007923,"state_lead_observed_lead_ratio_above_125pct_SDC_VD0951020A_item_007923_d1369,state_lead_observed_lead_ratio_above_110pct_SDC_VD0951020A_item_007923_d1373,state_lead_observed_lead_ratio_above_135pct_SDC_VD0951020A_item_007923_d1373",1.0,1.0,1.1,8.0,0.0,1.0,1.0,1.0,1.0,1.0,1.0,1.0,1.0,0.0,1.0,1.0,0.0
1375,SDC-VD0951020A,SDC-VD0951020A,item:007923,SUPPLIER_UPSTREAM_SUPPLY_PROACTIVE,"state_lead_observed_lead_ratio_above_125pct_SDC_VD0951020A_item_007923_d1369,state_lead_observed_lead_ratio_above_110pct_SDC_VD0951020A_item_007923_d1373,state_lead_observed_lead_ratio_above_135pct_SDC_VD0951020A_item_007923_d1373",1.0,1.0,1.1,8.0,0.0,1.0,1.0,1.0,1.0,1.0,1.0,1.0,1.0,0.0,1.0,1.0,0.0
1375,SDC-VD0951020A,M-1810,item:007923,edge:SDC-VD0951020A_TO_M-1810_007923,"state_lead_observed_lead_ratio_above_125pct_SDC_VD0951020A_item_007923_d1369,state_lead_observed_lead_ratio_above_110pct_SDC_VD0951020A_item_007923_d1373,state_lead_observed_lead_ratio_above_135pct_SDC_VD0951020A_item_007923_d1373",1.0,1.0,1.1,8.0,0.0,1.0,1.0,1.0,1.0,1.0,1.0,1.0,1.0,0.0,1.0,1.0,0.0
1376,SDC-VD0951020A,SDC-VD0951020A,item:007923,SUPPLIER_UPSTREAM_SUPPLY_PROACTIVE,"state_lead_observed_lead_ratio_above_125pct_SDC_VD0951020A_item_007923_d1369,state_lead_observed_lead_ratio_above_110pct_SDC_VD0951020A_item_007923_d1373,state_lead_observed_lead_ratio_above_135pct_SDC_VD0951020A_item_007923_d1373",1.0,1.0,1.1,8.0,0.0,1.0,1.0,1.0,1.0,1.0,1.0,1.0,1.0,0.0,1.0,1.0,0.0
1376,SDC-VD0951020A,M-1810,item:007923,edge:SDC-VD0951020A_TO_M-1810_007923,"state_lead_observed_lead_ratio_above_125pct_SDC_VD0951020A_item_007923_d1369,state_lead_observed_lead_ratio_above_110pct_SDC_VD0951020A_item_007923_d1373,state_lead_observed_lead_ratio_above_135pct_SDC_VD0951020A_item_007923_d1373",1.0,1.0,1.1,8.0,0.0,1.0,1.0,1.0,1.0,1.0,1.0,1.0,1.0,0.0,1.0,1.0,0.0
1377,SDC-VD0951020A,SDC-VD0951020A,item:007923,SUPPLIER_UPSTREAM_SUPPLY_PROACTIVE,"state_lead_observed_lead_ratio_above_125pct_SDC_VD0951020A_item_007923_d1369,state_lead_observed_lead_ratio_above_110pct_SDC_VD0951020A_item_007923_d1373,state_lead_observed_lead_ratio_above_135pct_SDC_VD0951020A_item_007923_d1373",1.0,1.0,1.1,8.0,0.0,1.0,1.0,1.0,1.0,1.0,1.0,1.0,1.0,0.0,1.0,1.0,0.0
1377,SDC-VD0951020A,M-1810,item:007923,edge:SDC-VD0951020A_TO_M-1810_007923,"state_lead_observed_lead_ratio_above_125pct_SDC_VD0951020A_item_007923_d1369,state_lead_observed_lead_ratio_above_110pct_SDC_VD0951020A_item_007923_d1373,state_lead_observed_lead_ratio_above_135pct_SDC_VD0951020A_item_007923_d1373",1.0,1.0,1.1,8.0,0.0,1.0,1.0,1.0,1.0,1.0,1.0,1.0,1.0,0.0,1.0,1.0,0.0
1378,SDC-VD0951020A,SDC-VD0951020A,item:007923,SUPPLIER_UPSTREAM_SUPPLY_PROACTIVE,"state_lead_observed_lead_ratio_above_125pct_SDC_VD0951020A_item_007923_d1369,state_lead_observed_lead_ratio_above_110pct_SDC_VD0951020A_item_007923_d1373,state_lead_observed_lead_ratio_above_135pct_SDC_VD0951020A_item_007923_d1373",1.0,1.0,1.1,8.0,0.0,1.0,1.0,1.0,1.0,1.0,1.0,1.0,1.0,0.0,1.0,1.0,0.0
1378,SDC-VD0951020A,M-1810,item:007923,edge:SDC-VD0951020A_TO_M-1810_007923,"state_lead_observed_lead_ratio_above_125pct_SDC_VD0951020A_item_007923_d1369,state_lead_observed_lead_ratio_above_110pct_SDC_VD0951020A_item_007923_d1373,state_lead_observed_lead_ratio_above_135pct_SDC_VD0951020A_item_007923_d1373",1.0,1.0,1.1,8.0,0.0,1.0,1.0,1.0,1.0,1.0,1.0,1.0,1.0,0.0,1.0,1.0,0.0
1379,SDC-VD0951020A,SDC-VD0951020A,item:007923,SUPPLIER_UPSTREAM_SUPPLY_PROACTIVE,"state_lead_observed_lead_ratio_above_125pct_SDC_VD0951020A_item_007923_d1369,state_lead_observed_lead_ratio_above_110pct_SDC_VD0951020A_item_007923_d1373,state_lead_observed_lead_ratio_above_135pct_SDC_VD0951020A_item_007923_d1373",1.0,1.0,1.1,8.0,0.0,1.0,1.0,1.0,1.0,1.0,1.0,1.0,1.0,0.0,1.0,1.0,0.0
1379,SDC-VD0951020A,M-1810,item:007923,edge:SDC-VD0951020A_TO_M-1810_007923,"state_lead_observed_lead_ratio_above_125pct_SDC_VD0951020A_item_007923_d1369,state_lead_observed_lead_ratio_above_110pct_SDC_VD0951020A_item_007923_d1373,state_lead_observed_lead_ratio_above_135pct_SDC_VD0951020A_item_007923_d1373",1.0,1.0,1.1,8.0,0.0,1.0,1.0,1.0,1.0,1.0,1.0,1.0,1.0,0.0,1.0,1.0,0.0
1380,SDC-VD0951020A,SDC-VD0951020A,item:007923,SUPPLIER_UPSTREAM_SUPPLY_PROACTIVE,"state_lead_observed_lead_ratio_above_125pct_SDC_VD0951020A_item_007923_d1369,state_lead_observed_lead_ratio_above_110pct_SDC_VD0951020A_item_007923_d1373,state_lead_observed_lead_ratio_above_135pct_SDC_VD0951020A_item_007923_d1373",1.0,1.0,1.1,8.0,0.0,1.0,1.0,1.0,1.0,1.0,1.0,1.0,1.0,0.0,1.0,1.0,0.0
1380,SDC-VD0951020A,M-1810,item:007923,edge:SDC-VD0951020A_TO_M-1810_007923,"state_lead_observed_lead_ratio_above_125pct_SDC_VD0951020A_item_007923_d1369,state_lead_observed_lead_ratio_above_110pct_SDC_VD0951020A_item_007923_d1373,state_lead_observed_lead_ratio_above_135pct_SDC_VD0951020A_item_007923_d1373",1.0,1.0,1.1,8.0,0.0,1.0,1.0,1.0,1.0,1.0,1.0,1.0,1.0,0.0,1.0,1.0,0.0
1381,SDC-VD0951020A,SDC-VD0951020A,item:007923,SUPPLIER_UPSTREAM_SUPPLY_PROACTIVE,"state_lead_observed_lead_ratio_above_125pct_SDC_VD0951020A_item_007923_d1369,state_lead_observed_lead_ratio_above_135pct_SDC_VD0951020A_item_007923_d1373",1.0,1.0,1.0,8.0,0.0,1.0,1.0,1.0,1.0,1.0,1.0,1.0,1.0,0.0,1.0,1.0,0.0
1384,SDC-VD0951020A,M-1810,item:007923,edge:SDC-VD0951020A_TO_M-1810_007923,state_lead_observed_lead_ratio_above_135pct_SDC_VD0951020A_item_007923_d1373,1.0,1.0,1.0,5.0,0.0,1.0,1.0,1.0,1.0,1.0,1.0,1.0,1.0,0.0,1.0,1.0,0.0
1385,SDC-VD0951020A,SDC-VD0951020A,item:007923,SUPPLIER_UPSTREAM_SUPPLY_PROACTIVE,state_lead_observed_lead_ratio_above_135pct_SDC_VD0951020A_item_007923_d1373,1.0,1.0,1.0,5.0,0.0,1.0,1.0,1.0,1.0,1.0,1.0,1.0,1.0,0.0,1.0,1.0,0.0
1385,SDC-VD0951020A,M-1810,item:007923,edge:SDC-VD0951020A_TO_M-1810_007923,state_lead_observed_lead_ratio_above_135pct_SDC_VD0951020A_item_007923_d1373,1.0,1.0,1.0,5.0,0.0,1.0,1.0,1.0,1.0,1.0,1.0,1.0,1.0,0.0,1.0,1.0,0.0
1386,SDC-VD0951020A,SDC-VD0951020A,item:007923,SUPPLIER_UPSTREAM_SUPPLY_PROACTIVE,state_lead_observed_lead_ratio_above_135pct_SDC_VD0951020A_item_007923_d1373,1.0,1.0,1.0,5.0,0.0,1.0,1.0,1.0,1.0,1.0,1.0,1.0,1.0,0.0,1.0,1.0,0.0
1386,SDC-VD0951020A,M-1810,item:007923,edge:SDC-VD0951020A_TO_M-1810_007923,state_lead_observed_lead_ratio_above_135pct_SDC_VD0951020A_item_007923_d1373,1.0,1.0,1.0,5.0,0.0,1.0,1.0,1.0,1.0,1.0,1.0,1.0,1.0,0.0,1.0,1.0,0.0
1387,SDC-VD0951020A,SDC-VD0951020A,item:007923,SUPPLIER_UPSTREAM_SUPPLY_PROACTIVE,state_lead_observed_lead_ratio_above_135pct_SDC_VD0951020A_item_007923_d1373,1.0,1.0,1.0,5.0,0.0,1.0,1.0,1.0,1.0,1.0,1.0,1.0,1.0,0.0,1.0,1.0,0.0
1387,SDC-VD0951020A,M-1810,item:007923,edge:SDC-VD0951020A_TO_M-1810_007923,state_lead_observed_lead_ratio_above_135pct_SDC_VD0951020A_item_007923_d1373,1.0,1.0,1.0,5.0,0.0,1.0,1.0,1.0,1.0,1.0,1.0,1.0,1.0,0.0,1.0,1.0,0.0
1402,SDC-VD0951020A,SDC-VD0951020A,item:007923,SUPPLIER_UPSTREAM_SUPPLY_PROACTIVE,state_lead_observed_lead_ratio_above_125pct_SDC_VD0951020A_item_007923_d1401,1.0,1.0,1.0,3.0,0.0,1.0,1.0,1.0,1.0,1.0,1.0,1.0,1.0,0.0,1.0,1.0,0.0
1402,SDC-VD0951020A,M-1810,item:007923,edge:SDC-VD0951020A_TO_M-1810_007923,state_lead_observed_lead_ratio_above_125pct_SDC_VD0951020A_item_007923_d1401,1.0,1.0,1.0,3.0,0.0,1.0,1.0,1.0,1.0,1.0,1.0,1.0,1.0,0.0,1.0,1.0,0.0
1403,SDC-VD0951020A,SDC-VD0951020A,item:007923,SUPPLIER_UPSTREAM_SUPPLY_PROACTIVE,"state_lead_observed_lead_ratio_above_125pct_SDC_VD0951020A_item_007923_d1401,state_lead_observed_lead_ratio_above_110pct_SDC_VD0951020A_item_007923_d1402",1.0,1.0,1.1,3.0,0.0,1.0,1.0,1.0,1.0,1.0,1.0,1.0,1.0,0.0,1.0,1.0,0.0
1403,SDC-VD0951020A,M-1810,item:007923,edge:SDC-VD0951020A_TO_M-1810_007923,"state_lead_observed_lead_ratio_above_125pct_SDC_VD0951020A_item_007923_d1401,state_lead_observed_lead_ratio_above_110pct_SDC_VD0951020A_item_007923_d1402",1.0,1.0,1.1,3.0,0.0,1.0,1.0,1.0,1.0,1.0,1.0,1.0,1.0,0.0,1.0,1.0,0.0
1404,SDC-VD0951020A,SDC-VD0951020A,item:007923,SUPPLIER_UPSTREAM_SUPPLY_PROACTIVE,"state_lead_observed_lead_ratio_above_125pct_SDC_VD0951020A_item_007923_d1401,state_lead_observed_lead_ratio_above_110pct_SDC_VD0951020A_item_007923_d1402,state_lead_observed_lead_ratio_above_135pct_SDC_VD0951020A_item_007923_d1403",1.0,1.0,1.1,8.0,0.0,1.0,1.0,1.0,1.0,1.0,1.0,1.0,1.0,0.0,1.0,1.0,0.0
1404,SDC-VD0951020A,M-1810,item:007923,edge:SDC-VD0951020A_TO_M-1810_007923,"state_lead_observed_lead_ratio_above_125pct_SDC_VD0951020A_item_007923_d1401,state_lead_observed_lead_ratio_above_110pct_SDC_VD0951020A_item_007923_d1402,state_lead_observed_lead_ratio_above_135pct_SDC_VD0951020A_item_007923_d1403",1.0,1.0,1.1,8.0,0.0,1.0,1.0,1.0,1.0,1.0,1.0,1.0,1.0,0.0,1.0,1.0,0.0
1405,SDC-VD0951020A,SDC-VD0951020A,item:007923,SUPPLIER_UPSTREAM_SUPPLY_PROACTIVE,"state_lead_observed_lead_ratio_above_125pct_SDC_VD0951020A_item_007923_d1401,state_lead_observed_lead_ratio_above_110pct_SDC_VD0951020A_item_007923_d1402,state_lead_observed_lead_ratio_above_135pct_SDC_VD0951020A_item_007923_d1403",1.0,1.0,1.1,8.0,0.0,1.0,1.0,1.0,1.0,1.0,1.0,1.0,1.0,0.0,1.0,1.0,0.0
1405,SDC-VD0951020A,M-1810,item:007923,edge:SDC-VD0951020A_TO_M-1810_007923,"state_lead_observed_lead_ratio_above_125pct_SDC_VD0951020A_item_007923_d1401,state_lead_observed_lead_ratio_above_110pct_SDC_VD0951020A_item_007923_d1402,state_lead_observed_lead_ratio_above_135pct_SDC_VD0951020A_item_007923_d1403",1.0,1.0,1.1,8.0,0.0,1.0,1.0,1.0,1.0,1.0,1.0,1.0,1.0,0.0,1.0,1.0,0.0
1406,SDC-VD0951020A,SDC-VD0951020A,item:007923,SUPPLIER_UPSTREAM_SUPPLY_PROACTIVE,"state_lead_observed_lead_ratio_above_125pct_SDC_VD0951020A_item_007923_d1401,state_lead_observed_lead_ratio_above_110pct_SDC_VD0951020A_item_007923_d1402,state_lead_observed_lead_ratio_above_135pct_SDC_VD0951020A_item_007923_d1403",1.0,1.0,1.1,8.0,0.0,1.0,1.0,1.0,1.0,1.0,1.0,1.0,1.0,0.0,1.0,1.0,0.0
1406,SDC-VD0951020A,M-1810,item:007923,edge:SDC-VD0951020A_TO_M-1810_007923,"state_lead_observed_lead_ratio_above_125pct_SDC_VD0951020A_item_007923_d1401,state_lead_observed_lead_ratio_above_110pct_SDC_VD0951020A_item_007923_d1402,state_lead_observed_lead_ratio_above_135pct_SDC_VD0951020A_item_007923_d1403",1.0,1.0,1.1,8.0,0.0,1.0,1.0,1.0,1.0,1.0,1.0,1.0,1.0,0.0,1.0,1.0,0.0
1407,SDC-VD0951020A,SDC-VD0951020A,item:007923,SUPPLIER_UPSTREAM_SUPPLY_PROACTIVE,"state_lead_observed_lead_ratio_above_125pct_SDC_VD0951020A_item_007923_d1401,state_lead_observed_lead_ratio_above_110pct_SDC_VD0951020A_item_007923_d1402,state_lead_observed_lead_ratio_above_135pct_SDC_VD0951020A_item_007923_d1403",1.0,1.0,1.1,8.0,0.0,1.0,1.0,1.0,1.0,1.0,1.0,1.0,1.0,0.0,1.0,1.0,0.0
1407,SDC-VD0951020A,M-1810,item:007923,edge:SDC-VD0951020A_TO_M-1810_007923,"state_lead_observed_lead_ratio_above_125pct_SDC_VD0951020A_item_007923_d1401,state_lead_observed_lead_ratio_above_110pct_SDC_VD0951020A_item_007923_d1402,state_lead_observed_lead_ratio_above_135pct_SDC_VD0951020A_item_007923_d1403",1.0,1.0,1.1,8.0,0.0,1.0,1.0,1.0,1.0,1.0,1.0,1.0,1.0,0.0,1.0,1.0,0.0
1408,SDC-VD0951020A,SDC-VD0951020A,item:007923,SUPPLIER_UPSTREAM_SUPPLY_PROACTIVE,"state_lead_observed_lead_ratio_above_125pct_SDC_VD0951020A_item_007923_d1401,state_lead_observed_lead_ratio_above_110pct_SDC_VD0951020A_item_007923_d1402,state_lead_observed_lead_ratio_above_135pct_SDC_VD0951020A_item_007923_d1403",1.0,1.0,1.1,8.0,0.0,1.0,1.0,1.0,1.0,1.0,1.0,1.0,1.0,0.0,1.0,1.0,0.0
1416,SDC-VD0951020A,M-1810,item:007923,edge:SDC-VD0951020A_TO_M-1810_007923,state_lead_observed_lead_ratio_above_135pct_SDC_VD0951020A_item_007923_d1403,1.0,1.0,1.0,5.0,0.0,1.0,1.0,1.0,1.0,1.0,1.0,1.0,1.0,0.0,1.0,1.0,0.0
1417,SDC-VD0951020A,SDC-VD0951020A,item:007923,SUPPLIER_UPSTREAM_SUPPLY_PROACTIVE,state_lead_observed_lead_ratio_above_135pct_SDC_VD0951020A_item_007923_d1403,1.0,1.0,1.0,5.0,0.0,1.0,1.0,1.0,1.0,1.0,1.0,1.0,1.0,0.0,1.0,1.0,0.0
1417,SDC-VD0951020A,M-1810,item:007923,edge:SDC-VD0951020A_TO_M-1810_007923,state_lead_observed_lead_ratio_above_135pct_SDC_VD0951020A_item_007923_d1403,1.0,1.0,1.0,5.0,0.0,1.0,1.0,1.0,1.0,1.0,1.0,1.0,1.0,0.0,1.0,1.0,0.0
1444,SDC-VD0989480A,SDC-VD0989480A,item:426331,SUPPLIER_UPSTREAM_SUPPLY_PROACTIVE,"state_stock_stock_cover_below_3d_SDC_VD0989480A_item_426331_d1443,state_upstream_upstream_rejection_avg_7d_above_10pct_with_stock_cover_below_7d_SDC_VD0989480A_item_426331_d1443",1.0,1.0,1.0,0.0,0.0,1.0,1.0,0.85,1.0,1.0,1.0,0.97,1.0,0.0,1.0,1.0,0.0
1444,SDC-VD0989480A,M-1810,item:426331,edge:SDC-VD0989480A_TO_M-1810_426331,"state_stock_stock_cover_below_3d_SDC_VD0989480A_item_426331_d1443,state_upstream_upstream_rejection_avg_7d_above_10pct_with_stock_cover_below_7d_SDC_VD0989480A_item_426331_d1443",1.0,1.0,1.0,0.0,0.0,1.0,1.0,0.85,1.0,1.0,1.0,0.97,1.0,0.0,1.0,1.0,0.0
1445,SDC-VD0989480A,SDC-VD0989480A,item:426331,SUPPLIER_UPSTREAM_SUPPLY_PROACTIVE,"state_stock_stock_cover_below_3d_SDC_VD0989480A_item_426331_d1443,state_upstream_upstream_rejection_avg_7d_above_10pct_with_stock_cover_below_7d_SDC_VD0989480A_item_426331_d1443",1.0,1.0,1.0,0.0,0.0,1.0,1.0,0.85,1.0,1.0,1.0,0.97,1.0,0.0,1.0,1.0,0.0
1445,SDC-VD0989480A,M-1810,item:426331,edge:SDC-VD0989480A_TO_M-1810_426331,"state_stock_stock_cover_below_3d_SDC_VD0989480A_item_426331_d1443,state_upstream_upstream_rejection_avg_7d_above_10pct_with_stock_cover_below_7d_SDC_VD0989480A_item_426331_d1443",1.0,1.0,1.0,0.0,0.0,1.0,1.0,0.85,1.0,1.0,1.0,0.97,1.0,0.0,1.0,1.0,0.0
1446,SDC-VD0989480A,SDC-VD0989480A,item:426331,SUPPLIER_UPSTREAM_SUPPLY_PROACTIVE,"state_stock_stock_cover_below_3d_SDC_VD0989480A_item_426331_d1443,state_upstream_upstream_rejection_avg_7d_above_10pct_with_stock_cover_below_7d_SDC_VD0989480A_item_426331_d1443",1.0,1.0,1.0,0.0,0.0,1.0,1.0,0.85,1.0,1.0,1.0,0.97,1.0,0.0,1.0,1.0,0.0
1446,SDC-VD0989480A,M-1810,item:426331,edge:SDC-VD0989480A_TO_M-1810_426331,"state_stock_stock_cover_below_3d_SDC_VD0989480A_item_426331_d1443,state_upstream_upstream_rejection_avg_7d_above_10pct_with_stock_cover_below_7d_SDC_VD0989480A_item_426331_d1443",1.0,1.0,1.0,0.0,0.0,1.0,1.0,0.85,1.0,1.0,1.0,0.97,1.0,0.0,1.0,1.0,0.0
1447,SDC-VD0989480A,SDC-VD0989480A,item:426331,SUPPLIER_UPSTREAM_SUPPLY_PROACTIVE,"state_stock_stock_cover_below_3d_SDC_VD0989480A_item_426331_d1443,state_upstream_upstream_rejection_avg_7d_above_10pct_with_stock_cover_below_7d_SDC_VD0989480A_item_426331_d1443,state_stock_stock_cover_below_5d_SDC_VD0989480A_item_426331_d1446,state_upstream_upstream_rejection_avg_14d_above_50pct_with_stock_cover_below_3d_SDC_VD0989480A_item_426331_d1446",1.0,1.0,1.0,0.0,0.0,1.0,1.0,0.8075,1.0,1.0,0.9,0.97,1.0,0.0,1.0,1.0,0.0
1447,SDC-VD0989480A,M-1810,item:426331,edge:SDC-VD0989480A_TO_M-1810_426331,"state_stock_stock_cover_below_3d_SDC_VD0989480A_item_426331_d1443,state_upstream_upstream_rejection_avg_7d_above_10pct_with_stock_cover_below_7d_SDC_VD0989480A_item_426331_d1443,state_stock_stock_cover_below_5d_SDC_VD0989480A_item_426331_d1446,state_upstream_upstream_rejection_avg_14d_above_50pct_with_stock_cover_below_3d_SDC_VD0989480A_item_426331_d1446",1.0,1.0,1.0,0.0,0.0,1.0,1.0,0.8075,1.0,1.0,0.9,0.97,1.0,0.0,1.0,1.0,0.0
1448,SDC-VD0989480A,SDC-VD0989480A,item:426331,SUPPLIER_UPSTREAM_SUPPLY_PROACTIVE,"state_stock_stock_cover_below_3d_SDC_VD0989480A_item_426331_d1443,state_upstream_upstream_rejection_avg_7d_above_10pct_with_stock_cover_below_7d_SDC_VD0989480A_item_426331_d1443,state_stock_stock_cover_below_5d_SDC_VD0989480A_item_426331_d1446,state_upstream_upstream_rejection_avg_14d_above_50pct_with_stock_cover_below_3d_SDC_VD0989480A_item_426331_d1446",1.0,1.0,1.0,0.0,0.0,1.0,1.0,0.8075,1.0,1.0,0.9,0.97,1.0,0.0,1.0,1.0,0.0
1448,SDC-VD0989480A,M-1810,item:426331,edge:SDC-VD0989480A_TO_M-1810_426331,"state_stock_stock_cover_below_3d_SDC_VD0989480A_item_426331_d1443,state_upstream_upstream_rejection_avg_7d_above_10pct_with_stock_cover_below_7d_SDC_VD0989480A_item_426331_d1443,state_stock_stock_cover_below_5d_SDC_VD0989480A_item_426331_d1446,state_upstream_upstream_rejection_avg_14d_above_50pct_with_stock_cover_below_3d_SDC_VD0989480A_item_426331_d1446",1.0,1.0,1.0,0.0,0.0,1.0,1.0,0.8075,1.0,1.0,0.9,0.97,1.0,0.0,1.0,1.0,0.0
1449,SDC-VD0989480A,SDC-VD0989480A,item:426331,SUPPLIER_UPSTREAM_SUPPLY_PROACTIVE,"state_stock_stock_cover_below_3d_SDC_VD0989480A_item_426331_d1443,state_upstream_upstream_rejection_avg_7d_above_10pct_with_stock_cover_below_7d_SDC_VD0989480A_item_426331_d1443,state_stock_stock_cover_below_5d_SDC_VD0989480A_item_426331_d1446,state_upstream_upstream_rejection_avg_14d_above_50pct_with_stock_cover_below_3d_SDC_VD0989480A_item_426331_d1446",1.0,1.0,1.0,0.0,0.0,1.0,1.0,0.8075,1.0,1.0,0.9,0.97,1.0,0.0,1.0,1.0,0.0
1449,SDC-VD0989480A,M-1810,item:426331,edge:SDC-VD0989480A_TO_M-1810_426331,"state_stock_stock_cover_below_3d_SDC_VD0989480A_item_426331_d1443,state_upstream_upstream_rejection_avg_7d_above_10pct_with_stock_cover_below_7d_SDC_VD0989480A_item_426331_d1443,state_stock_stock_cover_below_5d_SDC_VD0989480A_item_426331_d1446,state_upstream_upstream_rejection_avg_14d_above_50pct_with_stock_cover_below_3d_SDC_VD0989480A_item_426331_d1446",1.0,1.0,1.0,0.0,0.0,1.0,1.0,0.8075,1.0,1.0,0.9,0.97,1.0,0.0,1.0,1.0,0.0
1450,SDC-VD0989480A,SDC-VD0989480A,item:426331,SUPPLIER_UPSTREAM_SUPPLY_PROACTIVE,"state_stock_stock_cover_below_3d_SDC_VD0989480A_item_426331_d1443,state_upstream_upstream_rejection_avg_7d_above_10pct_with_stock_cover_below_7d_SDC_VD0989480A_item_426331_d1443,state_stock_stock_cover_below_5d_SDC_VD0989480A_item_426331_d1446,state_upstream_upstream_rejection_avg_14d_above_50pct_with_stock_cover_below_3d_SDC_VD0989480A_item_426331_d1446",1.0,1.0,1.0,0.0,0.0,1.0,1.0,0.8075,1.0,1.0,0.9,0.97,1.0,0.0,1.0,1.0,0.0
1450,SDC-VD0989480A,M-1810,item:426331,edge:SDC-VD0989480A_TO_M-1810_426331,"state_stock_stock_cover_below_3d_SDC_VD0989480A_item_426331_d1443,state_upstream_upstream_rejection_avg_7d_above_10pct_with_stock_cover_below_7d_SDC_VD0989480A_item_426331_d1443,state_stock_stock_cover_below_5d_SDC_VD0989480A_item_426331_d1446,state_upstream_upstream_rejection_avg_14d_above_50pct_with_stock_cover_below_3d_SDC_VD0989480A_item_426331_d1446",1.0,1.0,1.0,0.0,0.0,1.0,1.0,0.8075,1.0,1.0,0.9,0.97,1.0,0.0,1.0,1.0,0.0
1451,SDC-VD0989480A,SDC-VD0989480A,item:426331,SUPPLIER_UPSTREAM_SUPPLY_PROACTIVE,"state_stock_stock_cover_below_3d_SDC_VD0989480A_item_426331_d1443,state_stock_stock_cover_below_5d_SDC_VD0989480A_item_426331_d1446,state_upstream_upstream_rejection_avg_14d_above_50pct_with_stock_cover_below_3d_SDC_VD0989480A_item_426331_d1446",1.0,1.0,1.0,0.0,0.0,1.0,1.0,0.8075,1.0,1.0,0.9,1.0,1.0,0.0,1.0,1.0,0.0
1451,SDC-VD0989480A,M-1810,item:426331,edge:SDC-VD0989480A_TO_M-1810_426331,"state_stock_stock_cover_below_3d_SDC_VD0989480A_item_426331_d1443,state_stock_stock_cover_below_5d_SDC_VD0989480A_item_426331_d1446,state_upstream_upstream_rejection_avg_14d_above_50pct_with_stock_cover_below_3d_SDC_VD0989480A_item_426331_d1446",1.0,1.0,1.0,0.0,0.0,1.0,1.0,0.8075,1.0,1.0,0.9,1.0,1.0,0.0,1.0,1.0,0.0
1452,SDC-VD0989480A,SDC-VD0989480A,item:426331,SUPPLIER_UPSTREAM_SUPPLY_PROACTIVE,"state_stock_stock_cover_below_3d_SDC_VD0989480A_item_426331_d1443,state_stock_stock_cover_below_5d_SDC_VD0989480A_item_426331_d1446,state_upstream_upstream_rejection_avg_14d_above_50pct_with_stock_cover_below_3d_SDC_VD0989480A_item_426331_d1446",1.0,1.0,1.0,0.0,0.0,1.0,1.0,0.8075,1.0,1.0,0.9,1.0,1.0,0.0,1.0,1.0,0.0
1452,SDC-VD0989480A,M-1810,item:426331,edge:SDC-VD0989480A_TO_M-1810_426331,"state_stock_stock_cover_below_3d_SDC_VD0989480A_item_426331_d1443,state_stock_stock_cover_below_5d_SDC_VD0989480A_item_426331_d1446,state_upstream_upstream_rejection_avg_14d_above_50pct_with_stock_cover_below_3d_SDC_VD0989480A_item_426331_d1446",1.0,1.0,1.0,0.0,0.0,1.0,1.0,0.8075,1.0,1.0,0.9,1.0,1.0,0.0,1.0,1.0,0.0
1453,SDC-VD0505677A,SDC-VD0505677A,item:099439,SUPPLIER_UPSTREAM_SUPPLY_PROACTIVE,"state_stock_stock_cover_below_3d_SDC_VD0505677A_item_099439_d1452,state_upstream_upstream_rejection_avg_7d_above_10pct_with_stock_cover_below_7d_SDC_VD0505677A_item_099439_d1452",1.0,1.0,1.0,0.0,0.0,1.0,1.0,0.85,1.0,1.0,1.0,0.97,1.0,0.0,1.0,1.0,0.0
1453,SDC-VD0989480A,SDC-VD0989480A,item:426331,SUPPLIER_UPSTREAM_SUPPLY_PROACTIVE,"state_stock_stock_cover_below_3d_SDC_VD0989480A_item_426331_d1443,state_stock_stock_cover_below_5d_SDC_VD0989480A_item_426331_d1446,state_upstream_upstream_rejection_avg_14d_above_50pct_with_stock_cover_below_3d_SDC_VD0989480A_item_426331_d1446",1.0,1.0,1.0,0.0,0.0,1.0,1.0,0.8075,1.0,1.0,0.9,1.0,1.0,0.0,1.0,1.0,0.0
1453,SDC-VD0505677A,M-1810,item:099439,edge:SDC-VD0505677A_TO_M-1810_099439,"state_stock_stock_cover_below_3d_SDC_VD0505677A_item_099439_d1452,state_upstream_upstream_rejection_avg_7d_above_10pct_with_stock_cover_below_7d_SDC_VD0505677A_item_099439_d1452",1.0,1.0,1.0,0.0,0.0,1.0,1.0,0.85,1.0,1.0,1.0,0.97,1.0,0.0,1.0,1.0,0.0
1453,SDC-VD0989480A,M-1810,item:426331,edge:SDC-VD0989480A_TO_M-1810_426331,"state_stock_stock_cover_below_3d_SDC_VD0989480A_item_426331_d1443,state_stock_stock_cover_below_5d_SDC_VD0989480A_item_426331_d1446,state_upstream_upstream_rejection_avg_14d_above_50pct_with_stock_cover_below_3d_SDC_VD0989480A_item_426331_d1446",1.0,1.0,1.0,0.0,0.0,1.0,1.0,0.8075,1.0,1.0,0.9,1.0,1.0,0.0,1.0,1.0,0.0
1454,SDC-VD0505677A,SDC-VD0505677A,item:099439,SUPPLIER_UPSTREAM_SUPPLY_PROACTIVE,"state_stock_stock_cover_below_3d_SDC_VD0505677A_item_099439_d1452,state_upstream_upstream_rejection_avg_7d_above_10pct_with_stock_cover_below_7d_SDC_VD0505677A_item_099439_d1452",1.0,1.0,1.0,0.0,0.0,1.0,1.0,0.85,1.0,1.0,1.0,0.97,1.0,0.0,1.0,1.0,0.0
1454,SDC-VD0989480A,SDC-VD0989480A,item:426331,SUPPLIER_UPSTREAM_SUPPLY_PROACTIVE,"state_stock_stock_cover_below_3d_SDC_VD0989480A_item_426331_d1443,state_upstream_upstream_rejection_avg_14d_above_50pct_with_stock_cover_below_3d_SDC_VD0989480A_item_426331_d1446",1.0,1.0,1.0,0.0,0.0,1.0,1.0,0.85,1.0,1.0,0.9,1.0,1.0,0.0,1.0,1.0,0.0
1454,SDC-VD0505677A,M-1810,item:099439,edge:SDC-VD0505677A_TO_M-1810_099439,"state_stock_stock_cover_below_3d_SDC_VD0505677A_item_099439_d1452,state_upstream_upstream_rejection_avg_7d_above_10pct_with_stock_cover_below_7d_SDC_VD0505677A_item_099439_d1452",1.0,1.0,1.0,0.0,0.0,1.0,1.0,0.85,1.0,1.0,1.0,0.97,1.0,0.0,1.0,1.0,0.0
1454,SDC-VD0989480A,M-1810,item:426331,edge:SDC-VD0989480A_TO_M-1810_426331,"state_stock_stock_cover_below_3d_SDC_VD0989480A_item_426331_d1443,state_upstream_upstream_rejection_avg_14d_above_50pct_with_stock_cover_below_3d_SDC_VD0989480A_item_426331_d1446",1.0,1.0,1.0,0.0,0.0,1.0,1.0,0.85,1.0,1.0,0.9,1.0,1.0,0.0,1.0,1.0,0.0
1455,SDC-VD0505677A,SDC-VD0505677A,item:099439,SUPPLIER_UPSTREAM_SUPPLY_PROACTIVE,"state_stock_stock_cover_below_3d_SDC_VD0505677A_item_099439_d1452,state_upstream_upstream_rejection_avg_7d_above_10pct_with_stock_cover_below_7d_SDC_VD0505677A_item_099439_d1452",1.0,1.0,1.0,0.0,0.0,1.0,1.0,0.85,1.0,1.0,1.0,0.97,1.0,0.0,1.0,1.0,0.0
1455,SDC-VD0989480A,SDC-VD0989480A,item:426331,SUPPLIER_UPSTREAM_SUPPLY_PROACTIVE,"state_stock_stock_cover_below_3d_SDC_VD0989480A_item_426331_d1443,state_upstream_upstream_rejection_avg_14d_above_50pct_with_stock_cover_below_3d_SDC_VD0989480A_item_426331_d1446",1.0,1.0,1.0,0.0,0.0,1.0,1.0,0.85,1.0,1.0,0.9,1.0,1.0,0.0,1.0,1.0,0.0
1455,SDC-VD0505677A,M-1810,item:099439,edge:SDC-VD0505677A_TO_M-1810_099439,"state_stock_stock_cover_below_3d_SDC_VD0505677A_item_099439_d1452,state_upstream_upstream_rejection_avg_7d_above_10pct_with_stock_cover_below_7d_SDC_VD0505677A_item_099439_d1452",1.0,1.0,1.0,0.0,0.0,1.0,1.0,0.85,1.0,1.0,1.0,0.97,1.0,0.0,1.0,1.0,0.0
1455,SDC-VD0989480A,M-1810,item:426331,edge:SDC-VD0989480A_TO_M-1810_426331,"state_stock_stock_cover_below_3d_SDC_VD0989480A_item_426331_d1443,state_upstream_upstream_rejection_avg_14d_above_50pct_with_stock_cover_below_3d_SDC_VD0989480A_item_426331_d1446",1.0,1.0,1.0,0.0,0.0,1.0,1.0,0.85,1.0,1.0,0.9,1.0,1.0,0.0,1.0,1.0,0.0
1456,SDC-VD0505677A,SDC-VD0505677A,item:099439,SUPPLIER_UPSTREAM_SUPPLY_PROACTIVE,"state_stock_stock_cover_below_3d_SDC_VD0505677A_item_099439_d1452,state_upstream_upstream_rejection_avg_7d_above_10pct_with_stock_cover_below_7d_SDC_VD0505677A_item_099439_d1452,state_stock_stock_cover_below_5d_SDC_VD0505677A_item_099439_d1455,state_upstream_upstream_rejection_avg_14d_above_50pct_with_stock_cover_below_3d_SDC_VD0505677A_item_099439_d1455",1.0,1.0,1.0,0.0,0.0,1.0,1.0,0.8075,1.0,1.0,0.9,0.97,1.0,0.0,1.0,1.0,0.0
1456,SDC-VD0989480A,SDC-VD0989480A,item:426331,SUPPLIER_UPSTREAM_SUPPLY_PROACTIVE,"state_stock_stock_cover_below_3d_SDC_VD0989480A_item_426331_d1443,state_upstream_upstream_rejection_avg_14d_above_50pct_with_stock_cover_below_3d_SDC_VD0989480A_item_426331_d1446",1.0,1.0,1.0,0.0,0.0,1.0,1.0,0.85,1.0,1.0,0.9,1.0,1.0,0.0,1.0,1.0,0.0
1456,SDC-VD0505677A,M-1810,item:099439,edge:SDC-VD0505677A_TO_M-1810_099439,"state_stock_stock_cover_below_3d_SDC_VD0505677A_item_099439_d1452,state_upstream_upstream_rejection_avg_7d_above_10pct_with_stock_cover_below_7d_SDC_VD0505677A_item_099439_d1452,state_stock_stock_cover_below_5d_SDC_VD0505677A_item_099439_d1455,state_upstream_upstream_rejection_avg_14d_above_50pct_with_stock_cover_below_3d_SDC_VD0505677A_item_099439_d1455",1.0,1.0,1.0,0.0,0.0,1.0,1.0,0.8075,1.0,1.0,0.9,0.97,1.0,0.0,1.0,1.0,0.0
1456,SDC-VD0989480A,M-1810,item:426331,edge:SDC-VD0989480A_TO_M-1810_426331,"state_stock_stock_cover_below_3d_SDC_VD0989480A_item_426331_d1443,state_upstream_upstream_rejection_avg_14d_above_50pct_with_stock_cover_below_3d_SDC_VD0989480A_item_426331_d1446",1.0,1.0,1.0,0.0,0.0,1.0,1.0,0.85,1.0,1.0,0.9,1.0,1.0,0.0,1.0,1.0,0.0
1457,SDC-VD0505677A,SDC-VD0505677A,item:099439,SUPPLIER_UPSTREAM_SUPPLY_PROACTIVE,"state_stock_stock_cover_below_3d_SDC_VD0505677A_item_099439_d1452,state_upstream_upstream_rejection_avg_7d_above_10pct_with_stock_cover_below_7d_SDC_VD0505677A_item_099439_d1452,state_stock_stock_cover_below_5d_SDC_VD0505677A_item_099439_d1455,state_upstream_upstream_rejection_avg_14d_above_50pct_with_stock_cover_below_3d_SDC_VD0505677A_item_099439_d1455",1.0,1.0,1.0,0.0,0.0,1.0,1.0,0.8075,1.0,1.0,0.9,0.97,1.0,0.0,1.0,1.0,0.0
1457,SDC-VD0989480A,SDC-VD0989480A,item:426331,SUPPLIER_UPSTREAM_SUPPLY_PROACTIVE,"state_stock_stock_cover_below_3d_SDC_VD0989480A_item_426331_d1443,state_upstream_upstream_rejection_avg_14d_above_50pct_with_stock_cover_below_3d_SDC_VD0989480A_item_426331_d1446",1.0,1.0,1.0,0.0,0.0,1.0,1.0,0.85,1.0,1.0,0.9,1.0,1.0,0.0,1.0,1.0,0.0
1457,SDC-VD0505677A,M-1810,item:099439,edge:SDC-VD0505677A_TO_M-1810_099439,"state_stock_stock_cover_below_3d_SDC_VD0505677A_item_099439_d1452,state_upstream_upstream_rejection_avg_7d_above_10pct_with_stock_cover_below_7d_SDC_VD0505677A_item_099439_d1452,state_stock_stock_cover_below_5d_SDC_VD0505677A_item_099439_d1455,state_upstream_upstream_rejection_avg_14d_above_50pct_with_stock_cover_below_3d_SDC_VD0505677A_item_099439_d1455",1.0,1.0,1.0,0.0,0.0,1.0,1.0,0.8075,1.0,1.0,0.9,0.97,1.0,0.0,1.0,1.0,0.0
1457,SDC-VD0989480A,M-1810,item:426331,edge:SDC-VD0989480A_TO_M-1810_426331,"state_stock_stock_cover_below_3d_SDC_VD0989480A_item_426331_d1443,state_upstream_upstream_rejection_avg_14d_above_50pct_with_stock_cover_below_3d_SDC_VD0989480A_item_426331_d1446",1.0,1.0,1.0,0.0,0.0,1.0,1.0,0.85,1.0,1.0,0.9,1.0,1.0,0.0,1.0,1.0,0.0
1458,SDC-VD0505677A,SDC-VD0505677A,item:099439,SUPPLIER_UPSTREAM_SUPPLY_PROACTIVE,"state_stock_stock_cover_below_3d_SDC_VD0505677A_item_099439_d1452,state_upstream_upstream_rejection_avg_7d_above_10pct_with_stock_cover_below_7d_SDC_VD0505677A_item_099439_d1452,state_stock_stock_cover_below_5d_SDC_VD0505677A_item_099439_d1455,state_upstream_upstream_rejection_avg_14d_above_50pct_with_stock_cover_below_3d_SDC_VD0505677A_item_099439_d1455",1.0,1.0,1.0,0.0,0.0,1.0,1.0,0.8075,1.0,1.0,0.9,0.97,1.0,0.0,1.0,1.0,0.0
1458,SDC-VD0989480A,SDC-VD0989480A,item:426331,SUPPLIER_UPSTREAM_SUPPLY_PROACTIVE,state_upstream_upstream_rejection_avg_14d_above_50pct_with_stock_cover_below_3d_SDC_VD0989480A_item_426331_d1446,1.0,1.0,1.0,0.0,0.0,1.0,1.0,1.0,1.0,1.0,0.9,1.0,1.0,0.0,1.0,1.0,0.0
1458,SDC-VD0505677A,M-1810,item:099439,edge:SDC-VD0505677A_TO_M-1810_099439,"state_stock_stock_cover_below_3d_SDC_VD0505677A_item_099439_d1452,state_upstream_upstream_rejection_avg_7d_above_10pct_with_stock_cover_below_7d_SDC_VD0505677A_item_099439_d1452,state_stock_stock_cover_below_5d_SDC_VD0505677A_item_099439_d1455,state_upstream_upstream_rejection_avg_14d_above_50pct_with_stock_cover_below_3d_SDC_VD0505677A_item_099439_d1455",1.0,1.0,1.0,0.0,0.0,1.0,1.0,0.8075,1.0,1.0,0.9,0.97,1.0,0.0,1.0,1.0,0.0
1458,SDC-VD0989480A,M-1810,item:426331,edge:SDC-VD0989480A_TO_M-1810_426331,state_upstream_upstream_rejection_avg_14d_above_50pct_with_stock_cover_below_3d_SDC_VD0989480A_item_426331_d1446,1.0,1.0,1.0,0.0,0.0,1.0,1.0,1.0,1.0,1.0,0.9,1.0,1.0,0.0,1.0,1.0,0.0
1459,SDC-VD0505677A,SDC-VD0505677A,item:099439,SUPPLIER_UPSTREAM_SUPPLY_PROACTIVE,"state_stock_stock_cover_below_3d_SDC_VD0505677A_item_099439_d1452,state_upstream_upstream_rejection_avg_7d_above_10pct_with_stock_cover_below_7d_SDC_VD0505677A_item_099439_d1452,state_stock_stock_cover_below_5d_SDC_VD0505677A_item_099439_d1455,state_upstream_upstream_rejection_avg_14d_above_50pct_with_stock_cover_below_3d_SDC_VD0505677A_item_099439_d1455",1.0,1.0,1.0,0.0,0.0,1.0,1.0,0.8075,1.0,1.0,0.9,0.97,1.0,0.0,1.0,1.0,0.0
1459,SDC-VD0989480A,SDC-VD0989480A,item:426331,SUPPLIER_UPSTREAM_SUPPLY_PROACTIVE,state_upstream_upstream_rejection_avg_14d_above_50pct_with_stock_cover_below_3d_SDC_VD0989480A_item_426331_d1446,1.0,1.0,1.0,0.0,0.0,1.0,1.0,1.0,1.0,1.0,0.9,1.0,1.0,0.0,1.0,1.0,0.0
1459,SDC-VD0505677A,M-1810,item:099439,edge:SDC-VD0505677A_TO_M-1810_099439,"state_stock_stock_cover_below_3d_SDC_VD0505677A_item_099439_d1452,state_upstream_upstream_rejection_avg_7d_above_10pct_with_stock_cover_below_7d_SDC_VD0505677A_item_099439_d1452,state_stock_stock_cover_below_5d_SDC_VD0505677A_item_099439_d1455,state_upstream_upstream_rejection_avg_14d_above_50pct_with_stock_cover_below_3d_SDC_VD0505677A_item_099439_d1455",1.0,1.0,1.0,0.0,0.0,1.0,1.0,0.8075,1.0,1.0,0.9,0.97,1.0,0.0,1.0,1.0,0.0
1459,SDC-VD0989480A,M-1810,item:426331,edge:SDC-VD0989480A_TO_M-1810_426331,state_upstream_upstream_rejection_avg_14d_above_50pct_with_stock_cover_below_3d_SDC_VD0989480A_item_426331_d1446,1.0,1.0,1.0,0.0,0.0,1.0,1.0,1.0,1.0,1.0,0.9,1.0,1.0,0.0,1.0,1.0,0.0
1460,SDC-VD0505677A,SDC-VD0505677A,item:099439,SUPPLIER_UPSTREAM_SUPPLY_PROACTIVE,"state_stock_stock_cover_below_3d_SDC_VD0505677A_item_099439_d1452,state_stock_stock_cover_below_5d_SDC_VD0505677A_item_099439_d1455,state_upstream_upstream_rejection_avg_14d_above_50pct_with_stock_cover_below_3d_SDC_VD0505677A_item_099439_d1455",1.0,1.0,1.0,0.0,0.0,1.0,1.0,0.8075,1.0,1.0,0.9,1.0,1.0,0.0,1.0,1.0,0.0
1460,SDC-VD0989480A,SDC-VD0989480A,item:426331,SUPPLIER_UPSTREAM_SUPPLY_PROACTIVE,state_upstream_upstream_rejection_avg_14d_above_50pct_with_stock_cover_below_3d_SDC_VD0989480A_item_426331_d1446,1.0,1.0,1.0,0.0,0.0,1.0,1.0,1.0,1.0,1.0,0.9,1.0,1.0,0.0,1.0,1.0,0.0
1460,SDC-VD0505677A,M-1810,item:099439,edge:SDC-VD0505677A_TO_M-1810_099439,"state_stock_stock_cover_below_3d_SDC_VD0505677A_item_099439_d1452,state_stock_stock_cover_below_5d_SDC_VD0505677A_item_099439_d1455,state_upstream_upstream_rejection_avg_14d_above_50pct_with_stock_cover_below_3d_SDC_VD0505677A_item_099439_d1455",1.0,1.0,1.0,0.0,0.0,1.0,1.0,0.8075,1.0,1.0,0.9,1.0,1.0,0.0,1.0,1.0,0.0
1460,SDC-VD0989480A,M-1810,item:426331,edge:SDC-VD0989480A_TO_M-1810_426331,state_upstream_upstream_rejection_avg_14d_above_50pct_with_stock_cover_below_3d_SDC_VD0989480A_item_426331_d1446,1.0,1.0,1.0,0.0,0.0,1.0,1.0,1.0,1.0,1.0,0.9,1.0,1.0,0.0,1.0,1.0,0.0
1461,SDC-VD0505677A,SDC-VD0505677A,item:099439,SUPPLIER_UPSTREAM_SUPPLY_PROACTIVE,"state_stock_stock_cover_below_3d_SDC_VD0505677A_item_099439_d1452,state_stock_stock_cover_below_5d_SDC_VD0505677A_item_099439_d1455,state_upstream_upstream_rejection_avg_14d_above_50pct_with_stock_cover_below_3d_SDC_VD0505677A_item_099439_d1455",1.0,1.0,1.0,0.0,0.0,1.0,1.0,0.8075,1.0,1.0,0.9,1.0,1.0,0.0,1.0,1.0,0.0
1461,SDC-VD0505677A,M-1810,item:099439,edge:SDC-VD0505677A_TO_M-1810_099439,"state_stock_stock_cover_below_3d_SDC_VD0505677A_item_099439_d1452,state_stock_stock_cover_below_5d_SDC_VD0505677A_item_099439_d1455,state_upstream_upstream_rejection_avg_14d_above_50pct_with_stock_cover_below_3d_SDC_VD0505677A_item_099439_d1455",1.0,1.0,1.0,0.0,0.0,1.0,1.0,0.8075,1.0,1.0,0.9,1.0,1.0,0.0,1.0,1.0,0.0
1462,SDC-VD0505677A,SDC-VD0505677A,item:099439,SUPPLIER_UPSTREAM_SUPPLY_PROACTIVE,"state_stock_stock_cover_below_3d_SDC_VD0505677A_item_099439_d1452,state_stock_stock_cover_below_5d_SDC_VD0505677A_item_099439_d1455,state_upstream_upstream_rejection_avg_14d_above_50pct_with_stock_cover_below_3d_SDC_VD0505677A_item_099439_d1455",1.0,1.0,1.0,0.0,0.0,1.0,1.0,0.8075,1.0,1.0,0.9,1.0,1.0,0.0,1.0,1.0,0.0
1462,SDC-VD0505677A,M-1810,item:099439,edge:SDC-VD0505677A_TO_M-1810_099439,"state_stock_stock_cover_below_3d_SDC_VD0505677A_item_099439_d1452,state_stock_stock_cover_below_5d_SDC_VD0505677A_item_099439_d1455,state_upstream_upstream_rejection_avg_14d_above_50pct_with_stock_cover_below_3d_SDC_VD0505677A_item_099439_d1455",1.0,1.0,1.0,0.0,0.0,1.0,1.0,0.8075,1.0,1.0,0.9,1.0,1.0,0.0,1.0,1.0,0.0
1463,SDC-VD0505677A,SDC-VD0505677A,item:099439,SUPPLIER_UPSTREAM_SUPPLY_PROACTIVE,"state_stock_stock_cover_below_3d_SDC_VD0505677A_item_099439_d1452,state_upstream_upstream_rejection_avg_14d_above_50pct_with_stock_cover_below_3d_SDC_VD0505677A_item_099439_d1455",1.0,1.0,1.0,0.0,0.0,1.0,1.0,0.85,1.0,1.0,0.9,1.0,1.0,0.0,1.0,1.0,0.0
1463,SDC-VD0505677A,M-1810,item:099439,edge:SDC-VD0505677A_TO_M-1810_099439,"state_stock_stock_cover_below_3d_SDC_VD0505677A_item_099439_d1452,state_upstream_upstream_rejection_avg_14d_above_50pct_with_stock_cover_below_3d_SDC_VD0505677A_item_099439_d1455",1.0,1.0,1.0,0.0,0.0,1.0,1.0,0.85,1.0,1.0,0.9,1.0,1.0,0.0,1.0,1.0,0.0
1464,SDC-VD0505677A,SDC-VD0505677A,item:099439,SUPPLIER_UPSTREAM_SUPPLY_PROACTIVE,"state_stock_stock_cover_below_3d_SDC_VD0505677A_item_099439_d1452,state_upstream_upstream_rejection_avg_14d_above_50pct_with_stock_cover_below_3d_SDC_VD0505677A_item_099439_d1455",1.0,1.0,1.0,0.0,0.0,1.0,1.0,0.85,1.0,1.0,0.9,1.0,1.0,0.0,1.0,1.0,0.0
1464,SDC-VD0505677A,M-1810,item:099439,edge:SDC-VD0505677A_TO_M-1810_099439,"state_stock_stock_cover_below_3d_SDC_VD0505677A_item_099439_d1452,state_upstream_upstream_rejection_avg_14d_above_50pct_with_stock_cover_below_3d_SDC_VD0505677A_item_099439_d1455",1.0,1.0,1.0,0.0,0.0,1.0,1.0,0.85,1.0,1.0,0.9,1.0,1.0,0.0,1.0,1.0,0.0
1465,SDC-VD0505677A,SDC-VD0505677A,item:099439,SUPPLIER_UPSTREAM_SUPPLY_PROACTIVE,"state_stock_stock_cover_below_3d_SDC_VD0505677A_item_099439_d1452,state_upstream_upstream_rejection_avg_14d_above_50pct_with_stock_cover_below_3d_SDC_VD0505677A_item_099439_d1455",1.0,1.0,1.0,0.0,0.0,1.0,1.0,0.85,1.0,1.0,0.9,1.0,1.0,0.0,1.0,1.0,0.0
1465,SDC-VD0505677A,M-1810,item:099439,edge:SDC-VD0505677A_TO_M-1810_099439,"state_stock_stock_cover_below_3d_SDC_VD0505677A_item_099439_d1452,state_upstream_upstream_rejection_avg_14d_above_50pct_with_stock_cover_below_3d_SDC_VD0505677A_item_099439_d1455",1.0,1.0,1.0,0.0,0.0,1.0,1.0,0.85,1.0,1.0,0.9,1.0,1.0,0.0,1.0,1.0,0.0
1466,SDC-VD0505677A,SDC-VD0505677A,item:099439,SUPPLIER_UPSTREAM_SUPPLY_PROACTIVE,"state_stock_stock_cover_below_3d_SDC_VD0505677A_item_099439_d1452,state_upstream_upstream_rejection_avg_14d_above_50pct_with_stock_cover_below_3d_SDC_VD0505677A_item_099439_d1455",1.0,1.0,1.0,0.0,0.0,1.0,1.0,0.85,1.0,1.0,0.9,1.0,1.0,0.0,1.0,1.0,0.0
1466,SDC-VD0505677A,M-1810,item:099439,edge:SDC-VD0505677A_TO_M-1810_099439,"state_stock_stock_cover_below_3d_SDC_VD0505677A_item_099439_d1452,state_upstream_upstream_rejection_avg_14d_above_50pct_with_stock_cover_below_3d_SDC_VD0505677A_item_099439_d1455",1.0,1.0,1.0,0.0,0.0,1.0,1.0,0.85,1.0,1.0,0.9,1.0,1.0,0.0,1.0,1.0,0.0
1467,SDC-VD0505677A,SDC-VD0505677A,item:099439,SUPPLIER_UPSTREAM_SUPPLY_PROACTIVE,state_upstream_upstream_rejection_avg_14d_above_50pct_with_stock_cover_below_3d_SDC_VD0505677A_item_099439_d1455,1.0,1.0,1.0,0.0,0.0,1.0,1.0,1.0,1.0,1.0,0.9,1.0,1.0,0.0,1.0,1.0,0.0
1467,SDC-VD0505677A,M-1810,item:099439,edge:SDC-VD0505677A_TO_M-1810_099439,state_upstream_upstream_rejection_avg_14d_above_50pct_with_stock_cover_below_3d_SDC_VD0505677A_item_099439_d1455,1.0,1.0,1.0,0.0,0.0,1.0,1.0,1.0,1.0,1.0,0.9,1.0,1.0,0.0,1.0,1.0,0.0
1468,SDC-VD0505677A,SDC-VD0505677A,item:099439,SUPPLIER_UPSTREAM_SUPPLY_PROACTIVE,state_upstream_upstream_rejection_avg_14d_above_50pct_with_stock_cover_below_3d_SDC_VD0505677A_item_099439_d1455,1.0,1.0,1.0,0.0,0.0,1.0,1.0,1.0,1.0,1.0,0.9,1.0,1.0,0.0,1.0,1.0,0.0
1468,SDC-VD0505677A,M-1810,item:099439,edge:SDC-VD0505677A_TO_M-1810_099439,state_upstream_upstream_rejection_avg_14d_above_50pct_with_stock_cover_below_3d_SDC_VD0505677A_item_099439_d1455,1.0,1.0,1.0,0.0,0.0,1.0,1.0,1.0,1.0,1.0,0.9,1.0,1.0,0.0,1.0,1.0,0.0
1469,SDC-VD0505677A,SDC-VD0505677A,item:099439,SUPPLIER_UPSTREAM_SUPPLY_PROACTIVE,state_upstream_upstream_rejection_avg_14d_above_50pct_with_stock_cover_below_3d_SDC_VD0505677A_item_099439_d1455,1.0,1.0,1.0,0.0,0.0,1.0,1.0,1.0,1.0,1.0,0.9,1.0,1.0,0.0,1.0,1.0,0.0
1469,SDC-VD0505677A,M-1810,item:099439,edge:SDC-VD0505677A_TO_M-1810_099439,state_upstream_upstream_rejection_avg_14d_above_50pct_with_stock_cover_below_3d_SDC_VD0505677A_item_099439_d1455,1.0,1.0,1.0,0.0,0.0,1.0,1.0,1.0,1.0,1.0,0.9,1.0,1.0,0.0,1.0,1.0,0.0
1482,SDC-VD0505677A,M-1810,item:099439,edge:SDC-VD0505677A_TO_M-1810_099439,"state_stock_stock_cover_below_3d_SDC_VD0505677A_item_099439_d1481,state_upstream_upstream_rejection_avg_7d_above_10pct_with_stock_cover_below_7d_SDC_VD0505677A_item_099439_d1481",1.0,1.0,1.0,0.0,0.0,1.0,1.0,0.85,1.0,1.0,1.0,0.97,1.0,0.0,1.0,1.0,0.0
1521,SDC-VD0951020A,SDC-VD0951020A,item:007923,SUPPLIER_UPSTREAM_SUPPLY_PROACTIVE,state_lead_observed_lead_ratio_above_125pct_SDC_VD0951020A_item_007923_d1520,1.0,1.0,1.0,3.0,0.0,1.0,1.0,1.0,1.0,1.0,1.0,1.0,1.0,0.0,1.0,1.0,0.0
1521,SDC-VD0951020A,M-1810,item:007923,edge:SDC-VD0951020A_TO_M-1810_007923,state_lead_observed_lead_ratio_above_125pct_SDC_VD0951020A_item_007923_d1520,1.0,1.0,1.0,3.0,0.0,1.0,1.0,1.0,1.0,1.0,1.0,1.0,1.0,0.0,1.0,1.0,0.0
1522,SDC-VD0951020A,SDC-VD0951020A,item:007923,SUPPLIER_UPSTREAM_SUPPLY_PROACTIVE,"state_lead_observed_lead_ratio_above_125pct_SDC_VD0951020A_item_007923_d1520,state_lead_observed_lead_ratio_above_110pct_SDC_VD0951020A_item_007923_d1521",1.0,1.0,1.1,3.0,0.0,1.0,1.0,1.0,1.0,1.0,1.0,1.0,1.0,0.0,1.0,1.0,0.0
1522,SDC-VD0951020A,M-1810,item:007923,edge:SDC-VD0951020A_TO_M-1810_007923,"state_lead_observed_lead_ratio_above_125pct_SDC_VD0951020A_item_007923_d1520,state_lead_observed_lead_ratio_above_110pct_SDC_VD0951020A_item_007923_d1521",1.0,1.0,1.1,3.0,0.0,1.0,1.0,1.0,1.0,1.0,1.0,1.0,1.0,0.0,1.0,1.0,0.0
1523,SDC-VD0951020A,SDC-VD0951020A,item:007923,SUPPLIER_UPSTREAM_SUPPLY_PROACTIVE,"state_lead_observed_lead_ratio_above_125pct_SDC_VD0951020A_item_007923_d1520,state_lead_observed_lead_ratio_above_110pct_SDC_VD0951020A_item_007923_d1521,state_lead_observed_lead_ratio_above_135pct_SDC_VD0951020A_item_007923_d1522",1.0,1.0,1.1,8.0,0.0,1.0,1.0,1.0,1.0,1.0,1.0,1.0,1.0,0.0,1.0,1.0,0.0
1523,SDC-VD0951020A,M-1810,item:007923,edge:SDC-VD0951020A_TO_M-1810_007923,"state_lead_observed_lead_ratio_above_125pct_SDC_VD0951020A_item_007923_d1520,state_lead_observed_lead_ratio_above_110pct_SDC_VD0951020A_item_007923_d1521,state_lead_observed_lead_ratio_above_135pct_SDC_VD0951020A_item_007923_d1522",1.0,1.0,1.1,8.0,0.0,1.0,1.0,1.0,1.0,1.0,1.0,1.0,1.0,0.0,1.0,1.0,0.0
1524,SDC-VD0951020A,SDC-VD0951020A,item:007923,SUPPLIER_UPSTREAM_SUPPLY_PROACTIVE,"state_lead_observed_lead_ratio_above_125pct_SDC_VD0951020A_item_007923_d1520,state_lead_observed_lead_ratio_above_110pct_SDC_VD0951020A_item_007923_d1521,state_lead_observed_lead_ratio_above_135pct_SDC_VD0951020A_item_007923_d1522",1.0,1.0,1.1,8.0,0.0,1.0,1.0,1.0,1.0,1.0,1.0,1.0,1.0,0.0,1.0,1.0,0.0
1524,SDC-VD0951020A,M-1810,item:007923,edge:SDC-VD0951020A_TO_M-1810_007923,"state_lead_observed_lead_ratio_above_125pct_SDC_VD0951020A_item_007923_d1520,state_lead_observed_lead_ratio_above_110pct_SDC_VD0951020A_item_007923_d1521,state_lead_observed_lead_ratio_above_135pct_SDC_VD0951020A_item_007923_d1522",1.0,1.0,1.1,8.0,0.0,1.0,1.0,1.0,1.0,1.0,1.0,1.0,1.0,0.0,1.0,1.0,0.0
1525,SDC-VD0951020A,SDC-VD0951020A,item:007923,SUPPLIER_UPSTREAM_SUPPLY_PROACTIVE,"state_lead_observed_lead_ratio_above_125pct_SDC_VD0951020A_item_007923_d1520,state_lead_observed_lead_ratio_above_110pct_SDC_VD0951020A_item_007923_d1521,state_lead_observed_lead_ratio_above_135pct_SDC_VD0951020A_item_007923_d1522",1.0,1.0,1.1,8.0,0.0,1.0,1.0,1.0,1.0,1.0,1.0,1.0,1.0,0.0,1.0,1.0,0.0
1525,SDC-VD0951020A,M-1810,item:007923,edge:SDC-VD0951020A_TO_M-1810_007923,"state_lead_observed_lead_ratio_above_125pct_SDC_VD0951020A_item_007923_d1520,state_lead_observed_lead_ratio_above_110pct_SDC_VD0951020A_item_007923_d1521,state_lead_observed_lead_ratio_above_135pct_SDC_VD0951020A_item_007923_d1522",1.0,1.0,1.1,8.0,0.0,1.0,1.0,1.0,1.0,1.0,1.0,1.0,1.0,0.0,1.0,1.0,0.0
1526,SDC-VD0951020A,SDC-VD0951020A,item:007923,SUPPLIER_UPSTREAM_SUPPLY_PROACTIVE,"state_lead_observed_lead_ratio_above_125pct_SDC_VD0951020A_item_007923_d1520,state_lead_observed_lead_ratio_above_110pct_SDC_VD0951020A_item_007923_d1521,state_lead_observed_lead_ratio_above_135pct_SDC_VD0951020A_item_007923_d1522",1.0,1.0,1.1,8.0,0.0,1.0,1.0,1.0,1.0,1.0,1.0,1.0,1.0,0.0,1.0,1.0,0.0
1527,SDC-VD0519670A,SDC-VD0519670A,item:001848,SUPPLIER_UPSTREAM_SUPPLY_PROACTIVE,state_stock_stock_cover_zero_SDC_VD0519670A_item_001848_d1526,1.0,1.0,1.0,0.0,0.0,1.0,1.0,0.7,1.0,1.0,1.0,1.0,1.0,0.0,1.0,1.0,0.0
1527,SDC-VD0519670A,M-1810,item:001848,edge:SDC-VD0519670A_TO_M-1810_001848,state_stock_stock_cover_zero_SDC_VD0519670A_item_001848_d1526,1.0,1.0,1.0,0.0,0.0,1.0,1.0,0.7,1.0,1.0,1.0,1.0,1.0,0.0,1.0,1.0,0.0
1528,SDC-VD0519670A,SDC-VD0519670A,item:001848,SUPPLIER_UPSTREAM_SUPPLY_PROACTIVE,"state_stock_stock_cover_zero_SDC_VD0519670A_item_001848_d1526,state_stock_stock_cover_below_3d_SDC_VD0519670A_item_001848_d1527,state_upstream_upstream_rejection_avg_7d_above_10pct_with_stock_cover_below_7d_SDC_VD0519670A_item_001848_d1527",1.0,1.0,1.0,0.0,0.0,1.0,1.0,0.7,1.0,1.0,1.0,0.97,1.0,0.0,1.0,1.0,0.0
1528,SDC-VD0519670A,M-1810,item:001848,edge:SDC-VD0519670A_TO_M-1810_001848,"state_stock_stock_cover_zero_SDC_VD0519670A_item_001848_d1526,state_stock_stock_cover_below_3d_SDC_VD0519670A_item_001848_d1527,state_upstream_upstream_rejection_avg_7d_above_10pct_with_stock_cover_below_7d_SDC_VD0519670A_item_001848_d1527",1.0,1.0,1.0,0.0,0.0,1.0,1.0,0.7,1.0,1.0,1.0,0.97,1.0,0.0,1.0,1.0,0.0
1529,SDC-VD0519670A,SDC-VD0519670A,item:001848,SUPPLIER_UPSTREAM_SUPPLY_PROACTIVE,"state_stock_stock_cover_zero_SDC_VD0519670A_item_001848_d1526,state_stock_stock_cover_below_3d_SDC_VD0519670A_item_001848_d1527,state_upstream_upstream_rejection_avg_7d_above_10pct_with_stock_cover_below_7d_SDC_VD0519670A_item_001848_d1527",1.0,1.0,1.0,0.0,0.0,1.0,1.0,0.7,1.0,1.0,1.0,0.97,1.0,0.0,1.0,1.0,0.0
1529,SDC-VD0519670A,M-1810,item:001848,edge:SDC-VD0519670A_TO_M-1810_001848,"state_stock_stock_cover_zero_SDC_VD0519670A_item_001848_d1526,state_stock_stock_cover_below_3d_SDC_VD0519670A_item_001848_d1527,state_upstream_upstream_rejection_avg_7d_above_10pct_with_stock_cover_below_7d_SDC_VD0519670A_item_001848_d1527",1.0,1.0,1.0,0.0,0.0,1.0,1.0,0.7,1.0,1.0,1.0,0.97,1.0,0.0,1.0,1.0,0.0
1530,SDC-VD0519670A,SDC-VD0519670A,item:001848,SUPPLIER_UPSTREAM_SUPPLY_PROACTIVE,"state_stock_stock_cover_zero_SDC_VD0519670A_item_001848_d1526,state_stock_stock_cover_below_3d_SDC_VD0519670A_item_001848_d1527,state_upstream_upstream_rejection_avg_7d_above_10pct_with_stock_cover_below_7d_SDC_VD0519670A_item_001848_d1527",1.0,1.0,1.0,0.0,0.0,1.0,1.0,0.7,1.0,1.0,1.0,0.97,1.0,0.0,1.0,1.0,0.0
1530,SDC-VD0519670A,M-1810,item:001848,edge:SDC-VD0519670A_TO_M-1810_001848,"state_stock_stock_cover_zero_SDC_VD0519670A_item_001848_d1526,state_stock_stock_cover_below_3d_SDC_VD0519670A_item_001848_d1527,state_upstream_upstream_rejection_avg_7d_above_10pct_with_stock_cover_below_7d_SDC_VD0519670A_item_001848_d1527",1.0,1.0,1.0,0.0,0.0,1.0,1.0,0.7,1.0,1.0,1.0,0.97,1.0,0.0,1.0,1.0,0.0
1531,SDC-VD0519670A,SDC-VD0519670A,item:001848,SUPPLIER_UPSTREAM_SUPPLY_PROACTIVE,"state_stock_stock_cover_zero_SDC_VD0519670A_item_001848_d1526,state_stock_stock_cover_below_3d_SDC_VD0519670A_item_001848_d1527,state_upstream_upstream_rejection_avg_7d_above_10pct_with_stock_cover_below_7d_SDC_VD0519670A_item_001848_d1527,state_stock_stock_cover_below_5d_SDC_VD0519670A_item_001848_d1530",1.0,1.0,1.0,0.0,0.0,1.0,1.0,0.7,1.0,1.0,1.0,0.97,1.0,0.0,1.0,1.0,0.0
1531,SDC-VD0519670A,M-1810,item:001848,edge:SDC-VD0519670A_TO_M-1810_001848,"state_stock_stock_cover_zero_SDC_VD0519670A_item_001848_d1526,state_stock_stock_cover_below_3d_SDC_VD0519670A_item_001848_d1527,state_upstream_upstream_rejection_avg_7d_above_10pct_with_stock_cover_below_7d_SDC_VD0519670A_item_001848_d1527,state_stock_stock_cover_below_5d_SDC_VD0519670A_item_001848_d1530",1.0,1.0,1.0,0.0,0.0,1.0,1.0,0.7,1.0,1.0,1.0,0.97,1.0,0.0,1.0,1.0,0.0
1532,SDC-VD0519670A,SDC-VD0519670A,item:001848,SUPPLIER_UPSTREAM_SUPPLY_PROACTIVE,"state_stock_stock_cover_zero_SDC_VD0519670A_item_001848_d1526,state_stock_stock_cover_below_3d_SDC_VD0519670A_item_001848_d1527,state_upstream_upstream_rejection_avg_7d_above_10pct_with_stock_cover_below_7d_SDC_VD0519670A_item_001848_d1527,state_stock_stock_cover_below_5d_SDC_VD0519670A_item_001848_d1530",1.0,1.0,1.0,0.0,0.0,1.0,1.0,0.7,1.0,1.0,1.0,0.97,1.0,0.0,1.0,1.0,0.0
1532,SDC-VD0519670A,M-1810,item:001848,edge:SDC-VD0519670A_TO_M-1810_001848,"state_stock_stock_cover_zero_SDC_VD0519670A_item_001848_d1526,state_stock_stock_cover_below_3d_SDC_VD0519670A_item_001848_d1527,state_upstream_upstream_rejection_avg_7d_above_10pct_with_stock_cover_below_7d_SDC_VD0519670A_item_001848_d1527,state_stock_stock_cover_below_5d_SDC_VD0519670A_item_001848_d1530",1.0,1.0,1.0,0.0,0.0,1.0,1.0,0.7,1.0,1.0,1.0,0.97,1.0,0.0,1.0,1.0,0.0
1533,SDC-VD0519670A,SDC-VD0519670A,item:001848,SUPPLIER_UPSTREAM_SUPPLY_PROACTIVE,"state_stock_stock_cover_zero_SDC_VD0519670A_item_001848_d1526,state_stock_stock_cover_below_3d_SDC_VD0519670A_item_001848_d1527,state_upstream_upstream_rejection_avg_7d_above_10pct_with_stock_cover_below_7d_SDC_VD0519670A_item_001848_d1527,state_stock_stock_cover_below_5d_SDC_VD0519670A_item_001848_d1530",1.0,1.0,1.0,0.0,0.0,1.0,1.0,0.7,1.0,1.0,1.0,0.97,1.0,0.0,1.0,1.0,0.0
1533,SDC-VD0519670A,M-1810,item:001848,edge:SDC-VD0519670A_TO_M-1810_001848,"state_stock_stock_cover_zero_SDC_VD0519670A_item_001848_d1526,state_stock_stock_cover_below_3d_SDC_VD0519670A_item_001848_d1527,state_upstream_upstream_rejection_avg_7d_above_10pct_with_stock_cover_below_7d_SDC_VD0519670A_item_001848_d1527,state_stock_stock_cover_below_5d_SDC_VD0519670A_item_001848_d1530",1.0,1.0,1.0,0.0,0.0,1.0,1.0,0.7,1.0,1.0,1.0,0.97,1.0,0.0,1.0,1.0,0.0
1533,SDC-VD0951020A,M-1810,item:007923,edge:SDC-VD0951020A_TO_M-1810_007923,"state_lead_observed_lead_ratio_above_125pct_SDC_VD0951020A_item_007923_d1520,state_lead_observed_lead_ratio_above_135pct_SDC_VD0951020A_item_007923_d1522",1.0,1.0,1.0,8.0,0.0,1.0,1.0,1.0,1.0,1.0,1.0,1.0,1.0,0.0,1.0,1.0,0.0
1534,SDC-VD0519670A,SDC-VD0519670A,item:001848,SUPPLIER_UPSTREAM_SUPPLY_PROACTIVE,"state_stock_stock_cover_zero_SDC_VD0519670A_item_001848_d1526,state_stock_stock_cover_below_3d_SDC_VD0519670A_item_001848_d1527,state_upstream_upstream_rejection_avg_7d_above_10pct_with_stock_cover_below_7d_SDC_VD0519670A_item_001848_d1527,state_stock_stock_cover_below_5d_SDC_VD0519670A_item_001848_d1530,state_upstream_upstream_rejection_avg_14d_above_50pct_with_stock_cover_below_3d_SDC_VD0519670A_item_001848_d1533",1.0,1.0,1.0,0.0,0.0,1.0,1.0,0.7,1.0,1.0,0.9,0.97,1.0,0.0,1.0,1.0,0.0
1534,SDC-VD0951020A,SDC-VD0951020A,item:007923,SUPPLIER_UPSTREAM_SUPPLY_PROACTIVE,"state_lead_observed_lead_ratio_above_125pct_SDC_VD0951020A_item_007923_d1520,state_lead_observed_lead_ratio_above_135pct_SDC_VD0951020A_item_007923_d1522",1.0,1.0,1.0,8.0,0.0,1.0,1.0,1.0,1.0,1.0,1.0,1.0,1.0,0.0,1.0,1.0,0.0
1534,SDC-VD0519670A,M-1810,item:001848,edge:SDC-VD0519670A_TO_M-1810_001848,"state_stock_stock_cover_zero_SDC_VD0519670A_item_001848_d1526,state_stock_stock_cover_below_3d_SDC_VD0519670A_item_001848_d1527,state_upstream_upstream_rejection_avg_7d_above_10pct_with_stock_cover_below_7d_SDC_VD0519670A_item_001848_d1527,state_stock_stock_cover_below_5d_SDC_VD0519670A_item_001848_d1530,state_upstream_upstream_rejection_avg_14d_above_50pct_with_stock_cover_below_3d_SDC_VD0519670A_item_001848_d1533",1.0,1.0,1.0,0.0,0.0,1.0,1.0,0.7,1.0,1.0,0.9,0.97,1.0,0.0,1.0,1.0,0.0
1534,SDC-VD0951020A,M-1810,item:007923,edge:SDC-VD0951020A_TO_M-1810_007923,"state_lead_observed_lead_ratio_above_125pct_SDC_VD0951020A_item_007923_d1520,state_lead_observed_lead_ratio_above_135pct_SDC_VD0951020A_item_007923_d1522",1.0,1.0,1.0,8.0,0.0,1.0,1.0,1.0,1.0,1.0,1.0,1.0,1.0,0.0,1.0,1.0,0.0
1535,SDC-VD0519670A,SDC-VD0519670A,item:001848,SUPPLIER_UPSTREAM_SUPPLY_PROACTIVE,"state_stock_stock_cover_zero_SDC_VD0519670A_item_001848_d1526,state_stock_stock_cover_below_3d_SDC_VD0519670A_item_001848_d1527,state_stock_stock_cover_below_5d_SDC_VD0519670A_item_001848_d1530,state_upstream_upstream_rejection_avg_14d_above_50pct_with_stock_cover_below_3d_SDC_VD0519670A_item_001848_d1533",1.0,1.0,1.0,0.0,0.0,1.0,1.0,0.7,1.0,1.0,0.9,1.0,1.0,0.0,1.0,1.0,0.0
1535,SDC-VD0951020A,SDC-VD0951020A,item:007923,SUPPLIER_UPSTREAM_SUPPLY_PROACTIVE,state_lead_observed_lead_ratio_above_135pct_SDC_VD0951020A_item_007923_d1522,1.0,1.0,1.0,5.0,0.0,1.0,1.0,1.0,1.0,1.0,1.0,1.0,1.0,0.0,1.0,1.0,0.0
1535,SDC-VD0519670A,M-1810,item:001848,edge:SDC-VD0519670A_TO_M-1810_001848,"state_stock_stock_cover_zero_SDC_VD0519670A_item_001848_d1526,state_stock_stock_cover_below_3d_SDC_VD0519670A_item_001848_d1527,state_stock_stock_cover_below_5d_SDC_VD0519670A_item_001848_d1530,state_upstream_upstream_rejection_avg_14d_above_50pct_with_stock_cover_below_3d_SDC_VD0519670A_item_001848_d1533",1.0,1.0,1.0,0.0,0.0,1.0,1.0,0.7,1.0,1.0,0.9,1.0,1.0,0.0,1.0,1.0,0.0
1535,SDC-VD0951020A,M-1810,item:007923,edge:SDC-VD0951020A_TO_M-1810_007923,state_lead_observed_lead_ratio_above_135pct_SDC_VD0951020A_item_007923_d1522,1.0,1.0,1.0,5.0,0.0,1.0,1.0,1.0,1.0,1.0,1.0,1.0,1.0,0.0,1.0,1.0,0.0
1536,SDC-VD0519670A,SDC-VD0519670A,item:001848,SUPPLIER_UPSTREAM_SUPPLY_PROACTIVE,"state_stock_stock_cover_zero_SDC_VD0519670A_item_001848_d1526,state_stock_stock_cover_below_3d_SDC_VD0519670A_item_001848_d1527,state_stock_stock_cover_below_5d_SDC_VD0519670A_item_001848_d1530,state_upstream_upstream_rejection_avg_14d_above_50pct_with_stock_cover_below_3d_SDC_VD0519670A_item_001848_d1533",1.0,1.0,1.0,0.0,0.0,1.0,1.0,0.7,1.0,1.0,0.9,1.0,1.0,0.0,1.0,1.0,0.0
1536,SDC-VD0951020A,SDC-VD0951020A,item:007923,SUPPLIER_UPSTREAM_SUPPLY_PROACTIVE,state_lead_observed_lead_ratio_above_135pct_SDC_VD0951020A_item_007923_d1522,1.0,1.0,1.0,5.0,0.0,1.0,1.0,1.0,1.0,1.0,1.0,1.0,1.0,0.0,1.0,1.0,0.0
1536,SDC-VD0519670A,M-1810,item:001848,edge:SDC-VD0519670A_TO_M-1810_001848,"state_stock_stock_cover_zero_SDC_VD0519670A_item_001848_d1526,state_stock_stock_cover_below_3d_SDC_VD0519670A_item_001848_d1527,state_stock_stock_cover_below_5d_SDC_VD0519670A_item_001848_d1530,state_upstream_upstream_rejection_avg_14d_above_50pct_with_stock_cover_below_3d_SDC_VD0519670A_item_001848_d1533",1.0,1.0,1.0,0.0,0.0,1.0,1.0,0.7,1.0,1.0,0.9,1.0,1.0,0.0,1.0,1.0,0.0
1536,SDC-VD0951020A,M-1810,item:007923,edge:SDC-VD0951020A_TO_M-1810_007923,state_lead_observed_lead_ratio_above_135pct_SDC_VD0951020A_item_007923_d1522,1.0,1.0,1.0,5.0,0.0,1.0,1.0,1.0,1.0,1.0,1.0,1.0,1.0,0.0,1.0,1.0,0.0
1537,SDC-VD0519670A,SDC-VD0519670A,item:001848,SUPPLIER_UPSTREAM_SUPPLY_PROACTIVE,"state_stock_stock_cover_zero_SDC_VD0519670A_item_001848_d1526,state_stock_stock_cover_below_3d_SDC_VD0519670A_item_001848_d1527,state_stock_stock_cover_below_5d_SDC_VD0519670A_item_001848_d1530,state_upstream_upstream_rejection_avg_14d_above_50pct_with_stock_cover_below_3d_SDC_VD0519670A_item_001848_d1533",1.0,1.0,1.0,0.0,0.0,1.0,1.0,0.7,1.0,1.0,0.9,1.0,1.0,0.0,1.0,1.0,0.0
1537,SDC-VD0519670A,M-1810,item:001848,edge:SDC-VD0519670A_TO_M-1810_001848,"state_stock_stock_cover_zero_SDC_VD0519670A_item_001848_d1526,state_stock_stock_cover_below_3d_SDC_VD0519670A_item_001848_d1527,state_stock_stock_cover_below_5d_SDC_VD0519670A_item_001848_d1530,state_upstream_upstream_rejection_avg_14d_above_50pct_with_stock_cover_below_3d_SDC_VD0519670A_item_001848_d1533",1.0,1.0,1.0,0.0,0.0,1.0,1.0,0.7,1.0,1.0,0.9,1.0,1.0,0.0,1.0,1.0,0.0
1538,SDC-VD0519670A,SDC-VD0519670A,item:001848,SUPPLIER_UPSTREAM_SUPPLY_PROACTIVE,"state_stock_stock_cover_zero_SDC_VD0519670A_item_001848_d1526,state_stock_stock_cover_below_3d_SDC_VD0519670A_item_001848_d1527,state_upstream_upstream_rejection_avg_14d_above_50pct_with_stock_cover_below_3d_SDC_VD0519670A_item_001848_d1533",1.0,1.0,1.0,0.0,0.0,1.0,1.0,0.7,1.0,1.0,0.9,1.0,1.0,0.0,1.0,1.0,0.0
1538,SDC-VD0519670A,M-1810,item:001848,edge:SDC-VD0519670A_TO_M-1810_001848,"state_stock_stock_cover_zero_SDC_VD0519670A_item_001848_d1526,state_stock_stock_cover_below_3d_SDC_VD0519670A_item_001848_d1527,state_upstream_upstream_rejection_avg_14d_above_50pct_with_stock_cover_below_3d_SDC_VD0519670A_item_001848_d1533",1.0,1.0,1.0,0.0,0.0,1.0,1.0,0.7,1.0,1.0,0.9,1.0,1.0,0.0,1.0,1.0,0.0
1539,SDC-VD0519670A,SDC-VD0519670A,item:001848,SUPPLIER_UPSTREAM_SUPPLY_PROACTIVE,"state_stock_stock_cover_zero_SDC_VD0519670A_item_001848_d1526,state_stock_stock_cover_below_3d_SDC_VD0519670A_item_001848_d1527,state_upstream_upstream_rejection_avg_14d_above_50pct_with_stock_cover_below_3d_SDC_VD0519670A_item_001848_d1533",1.0,1.0,1.0,0.0,0.0,1.0,1.0,0.7,1.0,1.0,0.9,1.0,1.0,0.0,1.0,1.0,0.0
1539,SDC-VD0956464A,SDC-VD0956464A,item:007923,SUPPLIER_UPSTREAM_SUPPLY_PROACTIVE,state_lead_observed_lead_ratio_above_125pct_SDC_VD0956464A_item_007923_d1538,1.0,1.0,1.0,3.0,0.0,1.0,1.0,1.0,1.0,1.0,1.0,1.0,1.0,0.0,1.0,1.0,0.0
1539,SDC-VD0519670A,M-1810,item:001848,edge:SDC-VD0519670A_TO_M-1810_001848,"state_stock_stock_cover_zero_SDC_VD0519670A_item_001848_d1526,state_stock_stock_cover_below_3d_SDC_VD0519670A_item_001848_d1527,state_upstream_upstream_rejection_avg_14d_above_50pct_with_stock_cover_below_3d_SDC_VD0519670A_item_001848_d1533",1.0,1.0,1.0,0.0,0.0,1.0,1.0,0.7,1.0,1.0,0.9,1.0,1.0,0.0,1.0,1.0,0.0
1539,SDC-VD0956464A,M-1810,item:007923,edge:SDC-VD0956464A_TO_M-1810_007923,state_lead_observed_lead_ratio_above_125pct_SDC_VD0956464A_item_007923_d1538,1.0,1.0,1.0,3.0,0.0,1.0,1.0,1.0,1.0,1.0,1.0,1.0,1.0,0.0,1.0,1.0,0.0
1540,SDC-VD0519670A,SDC-VD0519670A,item:001848,SUPPLIER_UPSTREAM_SUPPLY_PROACTIVE,"state_stock_stock_cover_zero_SDC_VD0519670A_item_001848_d1526,state_stock_stock_cover_below_3d_SDC_VD0519670A_item_001848_d1527,state_upstream_upstream_rejection_avg_14d_above_50pct_with_stock_cover_below_3d_SDC_VD0519670A_item_001848_d1533",1.0,1.0,1.0,0.0,0.0,1.0,1.0,0.7,1.0,1.0,0.9,1.0,1.0,0.0,1.0,1.0,0.0
1540,SDC-VD0956464A,SDC-VD0956464A,item:007923,SUPPLIER_UPSTREAM_SUPPLY_PROACTIVE,"state_lead_observed_lead_ratio_above_125pct_SDC_VD0956464A_item_007923_d1538,state_lead_observed_lead_ratio_above_110pct_SDC_VD0956464A_item_007923_d1539,state_lead_observed_lead_ratio_above_135pct_SDC_VD0956464A_item_007923_d1539",1.0,1.0,1.1,8.0,0.0,1.0,1.0,1.0,1.0,1.0,1.0,1.0,1.0,0.0,1.0,1.0,0.0
1540,SDC-VD0519670A,M-1810,item:001848,edge:SDC-VD0519670A_TO_M-1810_001848,"state_stock_stock_cover_zero_SDC_VD0519670A_item_001848_d1526,state_stock_stock_cover_below_3d_SDC_VD0519670A_item_001848_d1527,state_upstream_upstream_rejection_avg_14d_above_50pct_with_stock_cover_below_3d_SDC_VD0519670A_item_001848_d1533",1.0,1.0,1.0,0.0,0.0,1.0,1.0,0.7,1.0,1.0,0.9,1.0,1.0,0.0,1.0,1.0,0.0
1540,SDC-VD0956464A,M-1810,item:007923,edge:SDC-VD0956464A_TO_M-1810_007923,"state_lead_observed_lead_ratio_above_125pct_SDC_VD0956464A_item_007923_d1538,state_lead_observed_lead_ratio_above_110pct_SDC_VD0956464A_item_007923_d1539,state_lead_observed_lead_ratio_above_135pct_SDC_VD0956464A_item_007923_d1539",1.0,1.0,1.1,8.0,0.0,1.0,1.0,1.0,1.0,1.0,1.0,1.0,1.0,0.0,1.0,1.0,0.0
1541,SDC-VD0519670A,SDC-VD0519670A,item:001848,SUPPLIER_UPSTREAM_SUPPLY_PROACTIVE,"state_stock_stock_cover_zero_SDC_VD0519670A_item_001848_d1526,state_stock_stock_cover_below_3d_SDC_VD0519670A_item_001848_d1527,state_upstream_upstream_rejection_avg_14d_above_50pct_with_stock_cover_below_3d_SDC_VD0519670A_item_001848_d1533",1.0,1.0,1.0,0.0,0.0,1.0,1.0,0.7,1.0,1.0,0.9,1.0,1.0,0.0,1.0,1.0,0.0
1541,SDC-VD0956464A,SDC-VD0956464A,item:007923,SUPPLIER_UPSTREAM_SUPPLY_PROACTIVE,"state_lead_observed_lead_ratio_above_125pct_SDC_VD0956464A_item_007923_d1538,state_lead_observed_lead_ratio_above_110pct_SDC_VD0956464A_item_007923_d1539,state_lead_observed_lead_ratio_above_135pct_SDC_VD0956464A_item_007923_d1539",1.0,1.0,1.1,8.0,0.0,1.0,1.0,1.0,1.0,1.0,1.0,1.0,1.0,0.0,1.0,1.0,0.0
1541,SDC-VD0519670A,M-1810,item:001848,edge:SDC-VD0519670A_TO_M-1810_001848,"state_stock_stock_cover_zero_SDC_VD0519670A_item_001848_d1526,state_stock_stock_cover_below_3d_SDC_VD0519670A_item_001848_d1527,state_upstream_upstream_rejection_avg_14d_above_50pct_with_stock_cover_below_3d_SDC_VD0519670A_item_001848_d1533",1.0,1.0,1.0,0.0,0.0,1.0,1.0,0.7,1.0,1.0,0.9,1.0,1.0,0.0,1.0,1.0,0.0
1541,SDC-VD0956464A,M-1810,item:007923,edge:SDC-VD0956464A_TO_M-1810_007923,"state_lead_observed_lead_ratio_above_125pct_SDC_VD0956464A_item_007923_d1538,state_lead_observed_lead_ratio_above_110pct_SDC_VD0956464A_item_007923_d1539,state_lead_observed_lead_ratio_above_135pct_SDC_VD0956464A_item_007923_d1539",1.0,1.0,1.1,8.0,0.0,1.0,1.0,1.0,1.0,1.0,1.0,1.0,1.0,0.0,1.0,1.0,0.0
1542,SDC-VD0519670A,SDC-VD0519670A,item:001848,SUPPLIER_UPSTREAM_SUPPLY_PROACTIVE,"state_stock_stock_cover_zero_SDC_VD0519670A_item_001848_d1526,state_upstream_upstream_rejection_avg_14d_above_50pct_with_stock_cover_below_3d_SDC_VD0519670A_item_001848_d1533",1.0,1.0,1.0,0.0,0.0,1.0,1.0,0.7,1.0,1.0,0.9,1.0,1.0,0.0,1.0,1.0,0.0
1542,SDC-VD0956464A,SDC-VD0956464A,item:007923,SUPPLIER_UPSTREAM_SUPPLY_PROACTIVE,"state_lead_observed_lead_ratio_above_125pct_SDC_VD0956464A_item_007923_d1538,state_lead_observed_lead_ratio_above_110pct_SDC_VD0956464A_item_007923_d1539,state_lead_observed_lead_ratio_above_135pct_SDC_VD0956464A_item_007923_d1539",1.0,1.0,1.1,8.0,0.0,1.0,1.0,1.0,1.0,1.0,1.0,1.0,1.0,0.0,1.0,1.0,0.0
1542,SDC-VD0519670A,M-1810,item:001848,edge:SDC-VD0519670A_TO_M-1810_001848,"state_stock_stock_cover_zero_SDC_VD0519670A_item_001848_d1526,state_upstream_upstream_rejection_avg_14d_above_50pct_with_stock_cover_below_3d_SDC_VD0519670A_item_001848_d1533",1.0,1.0,1.0,0.0,0.0,1.0,1.0,0.7,1.0,1.0,0.9,1.0,1.0,0.0,1.0,1.0,0.0
1542,SDC-VD0956464A,M-1810,item:007923,edge:SDC-VD0956464A_TO_M-1810_007923,"state_lead_observed_lead_ratio_above_125pct_SDC_VD0956464A_item_007923_d1538,state_lead_observed_lead_ratio_above_110pct_SDC_VD0956464A_item_007923_d1539,state_lead_observed_lead_ratio_above_135pct_SDC_VD0956464A_item_007923_d1539",1.0,1.0,1.1,8.0,0.0,1.0,1.0,1.0,1.0,1.0,1.0,1.0,1.0,0.0,1.0,1.0,0.0
1543,SDC-VD0519670A,SDC-VD0519670A,item:001848,SUPPLIER_UPSTREAM_SUPPLY_PROACTIVE,"state_stock_stock_cover_zero_SDC_VD0519670A_item_001848_d1526,state_upstream_upstream_rejection_avg_14d_above_50pct_with_stock_cover_below_3d_SDC_VD0519670A_item_001848_d1533",1.0,1.0,1.0,0.0,0.0,1.0,1.0,0.7,1.0,1.0,0.9,1.0,1.0,0.0,1.0,1.0,0.0
1543,SDC-VD0956464A,SDC-VD0956464A,item:007923,SUPPLIER_UPSTREAM_SUPPLY_PROACTIVE,"state_lead_observed_lead_ratio_above_125pct_SDC_VD0956464A_item_007923_d1538,state_lead_observed_lead_ratio_above_110pct_SDC_VD0956464A_item_007923_d1539,state_lead_observed_lead_ratio_above_135pct_SDC_VD0956464A_item_007923_d1539",1.0,1.0,1.1,8.0,0.0,1.0,1.0,1.0,1.0,1.0,1.0,1.0,1.0,0.0,1.0,1.0,0.0
1543,SDC-VD0519670A,M-1810,item:001848,edge:SDC-VD0519670A_TO_M-1810_001848,"state_stock_stock_cover_zero_SDC_VD0519670A_item_001848_d1526,state_upstream_upstream_rejection_avg_14d_above_50pct_with_stock_cover_below_3d_SDC_VD0519670A_item_001848_d1533",1.0,1.0,1.0,0.0,0.0,1.0,1.0,0.7,1.0,1.0,0.9,1.0,1.0,0.0,1.0,1.0,0.0
1543,SDC-VD0956464A,M-1810,item:007923,edge:SDC-VD0956464A_TO_M-1810_007923,"state_lead_observed_lead_ratio_above_125pct_SDC_VD0956464A_item_007923_d1538,state_lead_observed_lead_ratio_above_110pct_SDC_VD0956464A_item_007923_d1539,state_lead_observed_lead_ratio_above_135pct_SDC_VD0956464A_item_007923_d1539",1.0,1.0,1.1,8.0,0.0,1.0,1.0,1.0,1.0,1.0,1.0,1.0,1.0,0.0,1.0,1.0,0.0
1544,SDC-VD0519670A,SDC-VD0519670A,item:001848,SUPPLIER_UPSTREAM_SUPPLY_PROACTIVE,"state_stock_stock_cover_zero_SDC_VD0519670A_item_001848_d1526,state_upstream_upstream_rejection_avg_14d_above_50pct_with_stock_cover_below_3d_SDC_VD0519670A_item_001848_d1533",1.0,1.0,1.0,0.0,0.0,1.0,1.0,0.7,1.0,1.0,0.9,1.0,1.0,0.0,1.0,1.0,0.0
1544,SDC-VD0956464A,SDC-VD0956464A,item:007923,SUPPLIER_UPSTREAM_SUPPLY_PROACTIVE,"state_lead_observed_lead_ratio_above_125pct_SDC_VD0956464A_item_007923_d1538,state_lead_observed_lead_ratio_above_110pct_SDC_VD0956464A_item_007923_d1539,state_lead_observed_lead_ratio_above_135pct_SDC_VD0956464A_item_007923_d1539",1.0,1.0,1.1,8.0,0.0,1.0,1.0,1.0,1.0,1.0,1.0,1.0,1.0,0.0,1.0,1.0,0.0
1544,SDC-VD0519670A,M-1810,item:001848,edge:SDC-VD0519670A_TO_M-1810_001848,"state_stock_stock_cover_zero_SDC_VD0519670A_item_001848_d1526,state_upstream_upstream_rejection_avg_14d_above_50pct_with_stock_cover_below_3d_SDC_VD0519670A_item_001848_d1533",1.0,1.0,1.0,0.0,0.0,1.0,1.0,0.7,1.0,1.0,0.9,1.0,1.0,0.0,1.0,1.0,0.0
1544,SDC-VD0956464A,M-1810,item:007923,edge:SDC-VD0956464A_TO_M-1810_007923,"state_lead_observed_lead_ratio_above_125pct_SDC_VD0956464A_item_007923_d1538,state_lead_observed_lead_ratio_above_110pct_SDC_VD0956464A_item_007923_d1539,state_lead_observed_lead_ratio_above_135pct_SDC_VD0956464A_item_007923_d1539",1.0,1.0,1.1,8.0,0.0,1.0,1.0,1.0,1.0,1.0,1.0,1.0,1.0,0.0,1.0,1.0,0.0
1545,SDC-VD0519670A,SDC-VD0519670A,item:001848,SUPPLIER_UPSTREAM_SUPPLY_PROACTIVE,"state_stock_stock_cover_zero_SDC_VD0519670A_item_001848_d1526,state_upstream_upstream_rejection_avg_14d_above_50pct_with_stock_cover_below_3d_SDC_VD0519670A_item_001848_d1533",1.0,1.0,1.0,0.0,0.0,1.0,1.0,0.7,1.0,1.0,0.9,1.0,1.0,0.0,1.0,1.0,0.0
1545,SDC-VD0956464A,SDC-VD0956464A,item:007923,SUPPLIER_UPSTREAM_SUPPLY_PROACTIVE,"state_lead_observed_lead_ratio_above_125pct_SDC_VD0956464A_item_007923_d1538,state_lead_observed_lead_ratio_above_110pct_SDC_VD0956464A_item_007923_d1539,state_lead_observed_lead_ratio_above_135pct_SDC_VD0956464A_item_007923_d1539",1.0,1.0,1.1,8.0,0.0,1.0,1.0,1.0,1.0,1.0,1.0,1.0,1.0,0.0,1.0,1.0,0.0
1545,SDC-VD0519670A,M-1810,item:001848,edge:SDC-VD0519670A_TO_M-1810_001848,"state_stock_stock_cover_zero_SDC_VD0519670A_item_001848_d1526,state_upstream_upstream_rejection_avg_14d_above_50pct_with_stock_cover_below_3d_SDC_VD0519670A_item_001848_d1533",1.0,1.0,1.0,0.0,0.0,1.0,1.0,0.7,1.0,1.0,0.9,1.0,1.0,0.0,1.0,1.0,0.0
1545,SDC-VD0956464A,M-1810,item:007923,edge:SDC-VD0956464A_TO_M-1810_007923,"state_lead_observed_lead_ratio_above_125pct_SDC_VD0956464A_item_007923_d1538,state_lead_observed_lead_ratio_above_110pct_SDC_VD0956464A_item_007923_d1539,state_lead_observed_lead_ratio_above_135pct_SDC_VD0956464A_item_007923_d1539",1.0,1.0,1.1,8.0,0.0,1.0,1.0,1.0,1.0,1.0,1.0,1.0,1.0,0.0,1.0,1.0,0.0
1546,SDC-VD0956464A,SDC-VD0956464A,item:007923,SUPPLIER_UPSTREAM_SUPPLY_PROACTIVE,"state_lead_observed_lead_ratio_above_125pct_SDC_VD0956464A_item_007923_d1538,state_lead_observed_lead_ratio_above_110pct_SDC_VD0956464A_item_007923_d1539,state_lead_observed_lead_ratio_above_135pct_SDC_VD0956464A_item_007923_d1539",1.0,1.0,1.1,8.0,0.0,1.0,1.0,1.0,1.0,1.0,1.0,1.0,1.0,0.0,1.0,1.0,0.0
1546,SDC-VD0956464A,M-1810,item:007923,edge:SDC-VD0956464A_TO_M-1810_007923,"state_lead_observed_lead_ratio_above_125pct_SDC_VD0956464A_item_007923_d1538,state_lead_observed_lead_ratio_above_110pct_SDC_VD0956464A_item_007923_d1539,state_lead_observed_lead_ratio_above_135pct_SDC_VD0956464A_item_007923_d1539",1.0,1.0,1.1,8.0,0.0,1.0,1.0,1.0,1.0,1.0,1.0,1.0,1.0,0.0,1.0,1.0,0.0
1547,SDC-VD0956464A,SDC-VD0956464A,item:007923,SUPPLIER_UPSTREAM_SUPPLY_PROACTIVE,"state_lead_observed_lead_ratio_above_125pct_SDC_VD0956464A_item_007923_d1538,state_lead_observed_lead_ratio_above_135pct_SDC_VD0956464A_item_007923_d1539",1.0,1.0,1.0,8.0,0.0,1.0,1.0,1.0,1.0,1.0,1.0,1.0,1.0,0.0,1.0,1.0,0.0
1547,SDC-VD0956464A,M-1810,item:007923,edge:SDC-VD0956464A_TO_M-1810_007923,"state_lead_observed_lead_ratio_above_125pct_SDC_VD0956464A_item_007923_d1538,state_lead_observed_lead_ratio_above_135pct_SDC_VD0956464A_item_007923_d1539",1.0,1.0,1.0,8.0,0.0,1.0,1.0,1.0,1.0,1.0,1.0,1.0,1.0,0.0,1.0,1.0,0.0
1548,SDC-VD0956464A,SDC-VD0956464A,item:007923,SUPPLIER_UPSTREAM_SUPPLY_PROACTIVE,"state_lead_observed_lead_ratio_above_125pct_SDC_VD0956464A_item_007923_d1538,state_lead_observed_lead_ratio_above_135pct_SDC_VD0956464A_item_007923_d1539",1.0,1.0,1.0,8.0,0.0,1.0,1.0,1.0,1.0,1.0,1.0,1.0,1.0,0.0,1.0,1.0,0.0
1548,SDC-VD0956464A,M-1810,item:007923,edge:SDC-VD0956464A_TO_M-1810_007923,"state_lead_observed_lead_ratio_above_125pct_SDC_VD0956464A_item_007923_d1538,state_lead_observed_lead_ratio_above_135pct_SDC_VD0956464A_item_007923_d1539",1.0,1.0,1.0,8.0,0.0,1.0,1.0,1.0,1.0,1.0,1.0,1.0,1.0,0.0,1.0,1.0,0.0
1549,SDC-VD0956464A,SDC-VD0956464A,item:007923,SUPPLIER_UPSTREAM_SUPPLY_PROACTIVE,"state_lead_observed_lead_ratio_above_125pct_SDC_VD0956464A_item_007923_d1538,state_lead_observed_lead_ratio_above_135pct_SDC_VD0956464A_item_007923_d1539",1.0,1.0,1.0,8.0,0.0,1.0,1.0,1.0,1.0,1.0,1.0,1.0,1.0,0.0,1.0,1.0,0.0
1549,SDC-VD0956464A,M-1810,item:007923,edge:SDC-VD0956464A_TO_M-1810_007923,"state_lead_observed_lead_ratio_above_125pct_SDC_VD0956464A_item_007923_d1538,state_lead_observed_lead_ratio_above_135pct_SDC_VD0956464A_item_007923_d1539",1.0,1.0,1.0,8.0,0.0,1.0,1.0,1.0,1.0,1.0,1.0,1.0,1.0,0.0,1.0,1.0,0.0
1550,SDC-VD0956464A,SDC-VD0956464A,item:007923,SUPPLIER_UPSTREAM_SUPPLY_PROACTIVE,"state_lead_observed_lead_ratio_above_125pct_SDC_VD0956464A_item_007923_d1538,state_lead_observed_lead_ratio_above_135pct_SDC_VD0956464A_item_007923_d1539",1.0,1.0,1.0,8.0,0.0,1.0,1.0,1.0,1.0,1.0,1.0,1.0,1.0,0.0,1.0,1.0,0.0
1573,SDC-VD0514881A,SDC-VD0514881A,item:016332,SUPPLIER_UPSTREAM_SUPPLY_PROACTIVE,"state_stock_stock_cover_below_3d_SDC_VD0514881A_item_016332_d1572,state_upstream_upstream_rejection_avg_7d_above_10pct_with_stock_cover_below_7d_SDC_VD0514881A_item_016332_d1572",1.0,1.0,1.0,0.0,0.0,1.0,1.0,0.85,1.0,1.0,1.0,0.97,1.0,0.0,1.0,1.0,0.0
1573,SDC-VD0514881A,M-1810,item:016332,edge:SDC-VD0514881A_TO_M-1810_016332,"state_stock_stock_cover_below_3d_SDC_VD0514881A_item_016332_d1572,state_upstream_upstream_rejection_avg_7d_above_10pct_with_stock_cover_below_7d_SDC_VD0514881A_item_016332_d1572",1.0,1.0,1.0,0.0,0.0,1.0,1.0,0.85,1.0,1.0,1.0,0.97,1.0,0.0,1.0,1.0,0.0
1574,SDC-VD0514881A,SDC-VD0514881A,item:016332,SUPPLIER_UPSTREAM_SUPPLY_PROACTIVE,"state_stock_stock_cover_below_3d_SDC_VD0514881A_item_016332_d1572,state_upstream_upstream_rejection_avg_7d_above_10pct_with_stock_cover_below_7d_SDC_VD0514881A_item_016332_d1572",1.0,1.0,1.0,0.0,0.0,1.0,1.0,0.85,1.0,1.0,1.0,0.97,1.0,0.0,1.0,1.0,0.0
1574,SDC-VD0514881A,M-1810,item:016332,edge:SDC-VD0514881A_TO_M-1810_016332,"state_stock_stock_cover_below_3d_SDC_VD0514881A_item_016332_d1572,state_upstream_upstream_rejection_avg_7d_above_10pct_with_stock_cover_below_7d_SDC_VD0514881A_item_016332_d1572",1.0,1.0,1.0,0.0,0.0,1.0,1.0,0.85,1.0,1.0,1.0,0.97,1.0,0.0,1.0,1.0,0.0
1575,SDC-VD0514881A,SDC-VD0514881A,item:016332,SUPPLIER_UPSTREAM_SUPPLY_PROACTIVE,"state_stock_stock_cover_below_3d_SDC_VD0514881A_item_016332_d1572,state_upstream_upstream_rejection_avg_7d_above_10pct_with_stock_cover_below_7d_SDC_VD0514881A_item_016332_d1572,state_upstream_upstream_rejection_avg_14d_above_50pct_with_stock_cover_below_3d_SDC_VD0514881A_item_016332_d1574",1.0,1.0,1.0,0.0,0.0,1.0,1.0,0.85,1.0,1.0,0.9,0.97,1.0,0.0,1.0,1.0,0.0
1575,SDC-VD0514881A,M-1810,item:016332,edge:SDC-VD0514881A_TO_M-1810_016332,"state_stock_stock_cover_below_3d_SDC_VD0514881A_item_016332_d1572,state_upstream_upstream_rejection_avg_7d_above_10pct_with_stock_cover_below_7d_SDC_VD0514881A_item_016332_d1572,state_upstream_upstream_rejection_avg_14d_above_50pct_with_stock_cover_below_3d_SDC_VD0514881A_item_016332_d1574",1.0,1.0,1.0,0.0,0.0,1.0,1.0,0.85,1.0,1.0,0.9,0.97,1.0,0.0,1.0,1.0,0.0
1576,SDC-VD0514881A,SDC-VD0514881A,item:016332,SUPPLIER_UPSTREAM_SUPPLY_PROACTIVE,"state_stock_stock_cover_below_3d_SDC_VD0514881A_item_016332_d1572,state_upstream_upstream_rejection_avg_7d_above_10pct_with_stock_cover_below_7d_SDC_VD0514881A_item_016332_d1572,state_upstream_upstream_rejection_avg_14d_above_50pct_with_stock_cover_below_3d_SDC_VD0514881A_item_016332_d1574,state_stock_stock_cover_below_5d_SDC_VD0514881A_item_016332_d1575",1.0,1.0,1.0,0.0,0.0,1.0,1.0,0.8075,1.0,1.0,0.9,0.97,1.0,0.0,1.0,1.0,0.0
1576,SDC-VD0514881A,M-1810,item:016332,edge:SDC-VD0514881A_TO_M-1810_016332,"state_stock_stock_cover_below_3d_SDC_VD0514881A_item_016332_d1572,state_upstream_upstream_rejection_avg_7d_above_10pct_with_stock_cover_below_7d_SDC_VD0514881A_item_016332_d1572,state_upstream_upstream_rejection_avg_14d_above_50pct_with_stock_cover_below_3d_SDC_VD0514881A_item_016332_d1574,state_stock_stock_cover_below_5d_SDC_VD0514881A_item_016332_d1575",1.0,1.0,1.0,0.0,0.0,1.0,1.0,0.8075,1.0,1.0,0.9,0.97,1.0,0.0,1.0,1.0,0.0
1577,SDC-VD0514881A,SDC-VD0514881A,item:016332,SUPPLIER_UPSTREAM_SUPPLY_PROACTIVE,"state_stock_stock_cover_below_3d_SDC_VD0514881A_item_016332_d1572,state_upstream_upstream_rejection_avg_7d_above_10pct_with_stock_cover_below_7d_SDC_VD0514881A_item_016332_d1572,state_upstream_upstream_rejection_avg_14d_above_50pct_with_stock_cover_below_3d_SDC_VD0514881A_item_016332_d1574,state_stock_stock_cover_below_5d_SDC_VD0514881A_item_016332_d1575",1.0,1.0,1.0,0.0,0.0,1.0,1.0,0.8075,1.0,1.0,0.9,0.97,1.0,0.0,1.0,1.0,0.0
1577,SDC-VD0514881A,M-1810,item:016332,edge:SDC-VD0514881A_TO_M-1810_016332,"state_stock_stock_cover_below_3d_SDC_VD0514881A_item_016332_d1572,state_upstream_upstream_rejection_avg_7d_above_10pct_with_stock_cover_below_7d_SDC_VD0514881A_item_016332_d1572,state_upstream_upstream_rejection_avg_14d_above_50pct_with_stock_cover_below_3d_SDC_VD0514881A_item_016332_d1574,state_stock_stock_cover_below_5d_SDC_VD0514881A_item_016332_d1575",1.0,1.0,1.0,0.0,0.0,1.0,1.0,0.8075,1.0,1.0,0.9,0.97,1.0,0.0,1.0,1.0,0.0
1578,SDC-VD0514881A,SDC-VD0514881A,item:016332,SUPPLIER_UPSTREAM_SUPPLY_PROACTIVE,"state_stock_stock_cover_below_3d_SDC_VD0514881A_item_016332_d1572,state_upstream_upstream_rejection_avg_7d_above_10pct_with_stock_cover_below_7d_SDC_VD0514881A_item_016332_d1572,state_upstream_upstream_rejection_avg_14d_above_50pct_with_stock_cover_below_3d_SDC_VD0514881A_item_016332_d1574,state_stock_stock_cover_below_5d_SDC_VD0514881A_item_016332_d1575",1.0,1.0,1.0,0.0,0.0,1.0,1.0,0.8075,1.0,1.0,0.9,0.97,1.0,0.0,1.0,1.0,0.0
1578,SDC-VD0514881A,M-1810,item:016332,edge:SDC-VD0514881A_TO_M-1810_016332,"state_stock_stock_cover_below_3d_SDC_VD0514881A_item_016332_d1572,state_upstream_upstream_rejection_avg_7d_above_10pct_with_stock_cover_below_7d_SDC_VD0514881A_item_016332_d1572,state_upstream_upstream_rejection_avg_14d_above_50pct_with_stock_cover_below_3d_SDC_VD0514881A_item_016332_d1574,state_stock_stock_cover_below_5d_SDC_VD0514881A_item_016332_d1575",1.0,1.0,1.0,0.0,0.0,1.0,1.0,0.8075,1.0,1.0,0.9,0.97,1.0,0.0,1.0,1.0,0.0
1579,SDC-VD0514881A,SDC-VD0514881A,item:016332,SUPPLIER_UPSTREAM_SUPPLY_PROACTIVE,"state_stock_stock_cover_below_3d_SDC_VD0514881A_item_016332_d1572,state_upstream_upstream_rejection_avg_7d_above_10pct_with_stock_cover_below_7d_SDC_VD0514881A_item_016332_d1572,state_upstream_upstream_rejection_avg_14d_above_50pct_with_stock_cover_below_3d_SDC_VD0514881A_item_016332_d1574,state_stock_stock_cover_below_5d_SDC_VD0514881A_item_016332_d1575",1.0,1.0,1.0,0.0,0.0,1.0,1.0,0.8075,1.0,1.0,0.9,0.97,1.0,0.0,1.0,1.0,0.0
1579,SDC-VD0514881A,M-1810,item:016332,edge:SDC-VD0514881A_TO_M-1810_016332,"state_stock_stock_cover_below_3d_SDC_VD0514881A_item_016332_d1572,state_upstream_upstream_rejection_avg_7d_above_10pct_with_stock_cover_below_7d_SDC_VD0514881A_item_016332_d1572,state_upstream_upstream_rejection_avg_14d_above_50pct_with_stock_cover_below_3d_SDC_VD0514881A_item_016332_d1574,state_stock_stock_cover_below_5d_SDC_VD0514881A_item_016332_d1575",1.0,1.0,1.0,0.0,0.0,1.0,1.0,0.8075,1.0,1.0,0.9,0.97,1.0,0.0,1.0,1.0,0.0
1580,SDC-VD0514881A,SDC-VD0514881A,item:016332,SUPPLIER_UPSTREAM_SUPPLY_PROACTIVE,"state_stock_stock_cover_below_3d_SDC_VD0514881A_item_016332_d1572,state_upstream_upstream_rejection_avg_14d_above_50pct_with_stock_cover_below_3d_SDC_VD0514881A_item_016332_d1574,state_stock_stock_cover_below_5d_SDC_VD0514881A_item_016332_d1575",1.0,1.0,1.0,0.0,0.0,1.0,1.0,0.8075,1.0,1.0,0.9,1.0,1.0,0.0,1.0,1.0,0.0
1580,SDC-VD0514881A,M-1810,item:016332,edge:SDC-VD0514881A_TO_M-1810_016332,"state_stock_stock_cover_below_3d_SDC_VD0514881A_item_016332_d1572,state_upstream_upstream_rejection_avg_14d_above_50pct_with_stock_cover_below_3d_SDC_VD0514881A_item_016332_d1574,state_stock_stock_cover_below_5d_SDC_VD0514881A_item_016332_d1575",1.0,1.0,1.0,0.0,0.0,1.0,1.0,0.8075,1.0,1.0,0.9,1.0,1.0,0.0,1.0,1.0,0.0
1581,SDC-VD0514881A,SDC-VD0514881A,item:016332,SUPPLIER_UPSTREAM_SUPPLY_PROACTIVE,"state_stock_stock_cover_below_3d_SDC_VD0514881A_item_016332_d1572,state_upstream_upstream_rejection_avg_14d_above_50pct_with_stock_cover_below_3d_SDC_VD0514881A_item_016332_d1574,state_stock_stock_cover_below_5d_SDC_VD0514881A_item_016332_d1575",1.0,1.0,1.0,0.0,0.0,1.0,1.0,0.8075,1.0,1.0,0.9,1.0,1.0,0.0,1.0,1.0,0.0
1581,SDC-VD0514881A,M-1810,item:016332,edge:SDC-VD0514881A_TO_M-1810_016332,"state_stock_stock_cover_below_3d_SDC_VD0514881A_item_016332_d1572,state_upstream_upstream_rejection_avg_14d_above_50pct_with_stock_cover_below_3d_SDC_VD0514881A_item_016332_d1574,state_stock_stock_cover_below_5d_SDC_VD0514881A_item_016332_d1575",1.0,1.0,1.0,0.0,0.0,1.0,1.0,0.8075,1.0,1.0,0.9,1.0,1.0,0.0,1.0,1.0,0.0
1582,SDC-VD0514881A,SDC-VD0514881A,item:016332,SUPPLIER_UPSTREAM_SUPPLY_PROACTIVE,"state_stock_stock_cover_below_3d_SDC_VD0514881A_item_016332_d1572,state_upstream_upstream_rejection_avg_14d_above_50pct_with_stock_cover_below_3d_SDC_VD0514881A_item_016332_d1574,state_stock_stock_cover_below_5d_SDC_VD0514881A_item_016332_d1575",1.0,1.0,1.0,0.0,0.0,1.0,1.0,0.8075,1.0,1.0,0.9,1.0,1.0,0.0,1.0,1.0,0.0
1582,SDC-VD0514881A,M-1810,item:016332,edge:SDC-VD0514881A_TO_M-1810_016332,"state_stock_stock_cover_below_3d_SDC_VD0514881A_item_016332_d1572,state_upstream_upstream_rejection_avg_14d_above_50pct_with_stock_cover_below_3d_SDC_VD0514881A_item_016332_d1574,state_stock_stock_cover_below_5d_SDC_VD0514881A_item_016332_d1575",1.0,1.0,1.0,0.0,0.0,1.0,1.0,0.8075,1.0,1.0,0.9,1.0,1.0,0.0,1.0,1.0,0.0
1583,SDC-VD0514881A,SDC-VD0514881A,item:016332,SUPPLIER_UPSTREAM_SUPPLY_PROACTIVE,"state_stock_stock_cover_below_3d_SDC_VD0514881A_item_016332_d1572,state_upstream_upstream_rejection_avg_14d_above_50pct_with_stock_cover_below_3d_SDC_VD0514881A_item_016332_d1574",1.0,1.0,1.0,0.0,0.0,1.0,1.0,0.85,1.0,1.0,0.9,1.0,1.0,0.0,1.0,1.0,0.0
1583,SDC-VD0514881A,M-1810,item:016332,edge:SDC-VD0514881A_TO_M-1810_016332,"state_stock_stock_cover_below_3d_SDC_VD0514881A_item_016332_d1572,state_upstream_upstream_rejection_avg_14d_above_50pct_with_stock_cover_below_3d_SDC_VD0514881A_item_016332_d1574",1.0,1.0,1.0,0.0,0.0,1.0,1.0,0.85,1.0,1.0,0.9,1.0,1.0,0.0,1.0,1.0,0.0
1584,SDC-VD0514881A,SDC-VD0514881A,item:016332,SUPPLIER_UPSTREAM_SUPPLY_PROACTIVE,"state_stock_stock_cover_below_3d_SDC_VD0514881A_item_016332_d1572,state_upstream_upstream_rejection_avg_14d_above_50pct_with_stock_cover_below_3d_SDC_VD0514881A_item_016332_d1574",1.0,1.0,1.0,0.0,0.0,1.0,1.0,0.85,1.0,1.0,0.9,1.0,1.0,0.0,1.0,1.0,0.0
1584,SDC-VD0514881A,M-1810,item:016332,edge:SDC-VD0514881A_TO_M-1810_016332,"state_stock_stock_cover_below_3d_SDC_VD0514881A_item_016332_d1572,state_upstream_upstream_rejection_avg_14d_above_50pct_with_stock_cover_below_3d_SDC_VD0514881A_item_016332_d1574",1.0,1.0,1.0,0.0,0.0,1.0,1.0,0.85,1.0,1.0,0.9,1.0,1.0,0.0,1.0,1.0,0.0
1585,SDC-VD0514881A,SDC-VD0514881A,item:016332,SUPPLIER_UPSTREAM_SUPPLY_PROACTIVE,"state_stock_stock_cover_below_3d_SDC_VD0514881A_item_016332_d1572,state_upstream_upstream_rejection_avg_14d_above_50pct_with_stock_cover_below_3d_SDC_VD0514881A_item_016332_d1574",1.0,1.0,1.0,0.0,0.0,1.0,1.0,0.85,1.0,1.0,0.9,1.0,1.0,0.0,1.0,1.0,0.0
1585,SDC-VD0514881A,M-1810,item:016332,edge:SDC-VD0514881A_TO_M-1810_016332,"state_stock_stock_cover_below_3d_SDC_VD0514881A_item_016332_d1572,state_upstream_upstream_rejection_avg_14d_above_50pct_with_stock_cover_below_3d_SDC_VD0514881A_item_016332_d1574",1.0,1.0,1.0,0.0,0.0,1.0,1.0,0.85,1.0,1.0,0.9,1.0,1.0,0.0,1.0,1.0,0.0
1586,SDC-VD0514881A,SDC-VD0514881A,item:016332,SUPPLIER_UPSTREAM_SUPPLY_PROACTIVE,"state_stock_stock_cover_below_3d_SDC_VD0514881A_item_016332_d1572,state_upstream_upstream_rejection_avg_14d_above_50pct_with_stock_cover_below_3d_SDC_VD0514881A_item_016332_d1574",1.0,1.0,1.0,0.0,0.0,1.0,1.0,0.85,1.0,1.0,0.9,1.0,1.0,0.0,1.0,1.0,0.0
1586,SDC-VD0514881A,M-1810,item:016332,edge:SDC-VD0514881A_TO_M-1810_016332,"state_stock_stock_cover_below_3d_SDC_VD0514881A_item_016332_d1572,state_upstream_upstream_rejection_avg_14d_above_50pct_with_stock_cover_below_3d_SDC_VD0514881A_item_016332_d1574",1.0,1.0,1.0,0.0,0.0,1.0,1.0,0.85,1.0,1.0,0.9,1.0,1.0,0.0,1.0,1.0,0.0
1587,SDC-VD0514881A,SDC-VD0514881A,item:016332,SUPPLIER_UPSTREAM_SUPPLY_PROACTIVE,state_upstream_upstream_rejection_avg_14d_above_50pct_with_stock_cover_below_3d_SDC_VD0514881A_item_016332_d1574,1.0,1.0,1.0,0.0,0.0,1.0,1.0,1.0,1.0,1.0,0.9,1.0,1.0,0.0,1.0,1.0,0.0
1587,SDC-VD0514881A,M-1810,item:016332,edge:SDC-VD0514881A_TO_M-1810_016332,state_upstream_upstream_rejection_avg_14d_above_50pct_with_stock_cover_below_3d_SDC_VD0514881A_item_016332_d1574,1.0,1.0,1.0,0.0,0.0,1.0,1.0,1.0,1.0,1.0,0.9,1.0,1.0,0.0,1.0,1.0,0.0
1588,SDC-VD0514881A,SDC-VD0514881A,item:016332,SUPPLIER_UPSTREAM_SUPPLY_PROACTIVE,state_upstream_upstream_rejection_avg_14d_above_50pct_with_stock_cover_below_3d_SDC_VD0514881A_item_016332_d1574,1.0,1.0,1.0,0.0,0.0,1.0,1.0,1.0,1.0,1.0,0.9,1.0,1.0,0.0,1.0,1.0,0.0
1588,SDC-VD0514881A,M-1810,item:016332,edge:SDC-VD0514881A_TO_M-1810_016332,state_upstream_upstream_rejection_avg_14d_above_50pct_with_stock_cover_below_3d_SDC_VD0514881A_item_016332_d1574,1.0,1.0,1.0,0.0,0.0,1.0,1.0,1.0,1.0,1.0,0.9,1.0,1.0,0.0,1.0,1.0,0.0
1602,SDC-VD0514881A,SDC-VD0514881A,item:016332,SUPPLIER_UPSTREAM_SUPPLY_PROACTIVE,"state_stock_stock_cover_below_3d_SDC_VD0514881A_item_016332_d1601,state_upstream_upstream_rejection_avg_7d_above_10pct_with_stock_cover_below_7d_SDC_VD0514881A_item_016332_d1601",1.0,1.0,1.0,0.0,0.0,1.0,1.0,0.85,1.0,1.0,1.0,0.97,1.0,0.0,1.0,1.0,0.0
1602,SDC-VD0514881A,M-1810,item:016332,edge:SDC-VD0514881A_TO_M-1810_016332,"state_stock_stock_cover_below_3d_SDC_VD0514881A_item_016332_d1601,state_upstream_upstream_rejection_avg_7d_above_10pct_with_stock_cover_below_7d_SDC_VD0514881A_item_016332_d1601",1.0,1.0,1.0,0.0,0.0,1.0,1.0,0.85,1.0,1.0,1.0,0.97,1.0,0.0,1.0,1.0,0.0
1603,SDC-VD0514881A,SDC-VD0514881A,item:016332,SUPPLIER_UPSTREAM_SUPPLY_PROACTIVE,"state_stock_stock_cover_below_3d_SDC_VD0514881A_item_016332_d1601,state_upstream_upstream_rejection_avg_7d_above_10pct_with_stock_cover_below_7d_SDC_VD0514881A_item_016332_d1601",1.0,1.0,1.0,0.0,0.0,1.0,1.0,0.85,1.0,1.0,1.0,0.97,1.0,0.0,1.0,1.0,0.0
1603,SDC-VD0514881A,M-1810,item:016332,edge:SDC-VD0514881A_TO_M-1810_016332,"state_stock_stock_cover_below_3d_SDC_VD0514881A_item_016332_d1601,state_upstream_upstream_rejection_avg_7d_above_10pct_with_stock_cover_below_7d_SDC_VD0514881A_item_016332_d1601",1.0,1.0,1.0,0.0,0.0,1.0,1.0,0.85,1.0,1.0,1.0,0.97,1.0,0.0,1.0,1.0,0.0
1604,SDC-VD0514881A,SDC-VD0514881A,item:016332,SUPPLIER_UPSTREAM_SUPPLY_PROACTIVE,"state_stock_stock_cover_below_3d_SDC_VD0514881A_item_016332_d1601,state_upstream_upstream_rejection_avg_7d_above_10pct_with_stock_cover_below_7d_SDC_VD0514881A_item_016332_d1601,state_upstream_upstream_rejection_avg_14d_above_50pct_with_stock_cover_below_3d_SDC_VD0514881A_item_016332_d1603",1.0,1.0,1.0,0.0,0.0,1.0,1.0,0.85,1.0,1.0,0.9,0.97,1.0,0.0,1.0,1.0,0.0
1604,SDC-VD0514881A,M-1810,item:016332,edge:SDC-VD0514881A_TO_M-1810_016332,"state_stock_stock_cover_below_3d_SDC_VD0514881A_item_016332_d1601,state_upstream_upstream_rejection_avg_7d_above_10pct_with_stock_cover_below_7d_SDC_VD0514881A_item_016332_d1601,state_upstream_upstream_rejection_avg_14d_above_50pct_with_stock_cover_below_3d_SDC_VD0514881A_item_016332_d1603",1.0,1.0,1.0,0.0,0.0,1.0,1.0,0.85,1.0,1.0,0.9,0.97,1.0,0.0,1.0,1.0,0.0
1605,SDC-VD0514881A,SDC-VD0514881A,item:016332,SUPPLIER_UPSTREAM_SUPPLY_PROACTIVE,"state_stock_stock_cover_below_3d_SDC_VD0514881A_item_016332_d1601,state_upstream_upstream_rejection_avg_7d_above_10pct_with_stock_cover_below_7d_SDC_VD0514881A_item_016332_d1601,state_upstream_upstream_rejection_avg_14d_above_50pct_with_stock_cover_below_3d_SDC_VD0514881A_item_016332_d1603,state_stock_stock_cover_below_5d_SDC_VD0514881A_item_016332_d1604",1.0,1.0,1.0,0.0,0.0,1.0,1.0,0.8075,1.0,1.0,0.9,0.97,1.0,0.0,1.0,1.0,0.0
1605,SDC-VD0514881A,M-1810,item:016332,edge:SDC-VD0514881A_TO_M-1810_016332,"state_stock_stock_cover_below_3d_SDC_VD0514881A_item_016332_d1601,state_upstream_upstream_rejection_avg_7d_above_10pct_with_stock_cover_below_7d_SDC_VD0514881A_item_016332_d1601,state_upstream_upstream_rejection_avg_14d_above_50pct_with_stock_cover_below_3d_SDC_VD0514881A_item_016332_d1603,state_stock_stock_cover_below_5d_SDC_VD0514881A_item_016332_d1604",1.0,1.0,1.0,0.0,0.0,1.0,1.0,0.8075,1.0,1.0,0.9,0.97,1.0,0.0,1.0,1.0,0.0
1606,SDC-VD0514881A,SDC-VD0514881A,item:016332,SUPPLIER_UPSTREAM_SUPPLY_PROACTIVE,"state_stock_stock_cover_below_3d_SDC_VD0514881A_item_016332_d1601,state_upstream_upstream_rejection_avg_7d_above_10pct_with_stock_cover_below_7d_SDC_VD0514881A_item_016332_d1601,state_upstream_upstream_rejection_avg_14d_above_50pct_with_stock_cover_below_3d_SDC_VD0514881A_item_016332_d1603,state_stock_stock_cover_below_5d_SDC_VD0514881A_item_016332_d1604",1.0,1.0,1.0,0.0,0.0,1.0,1.0,0.8075,1.0,1.0,0.9,0.97,1.0,0.0,1.0,1.0,0.0
1606,SDC-VD0514881A,M-1810,item:016332,edge:SDC-VD0514881A_TO_M-1810_016332,"state_stock_stock_cover_below_3d_SDC_VD0514881A_item_016332_d1601,state_upstream_upstream_rejection_avg_7d_above_10pct_with_stock_cover_below_7d_SDC_VD0514881A_item_016332_d1601,state_upstream_upstream_rejection_avg_14d_above_50pct_with_stock_cover_below_3d_SDC_VD0514881A_item_016332_d1603,state_stock_stock_cover_below_5d_SDC_VD0514881A_item_016332_d1604",1.0,1.0,1.0,0.0,0.0,1.0,1.0,0.8075,1.0,1.0,0.9,0.97,1.0,0.0,1.0,1.0,0.0
1607,SDC-VD0514881A,SDC-VD0514881A,item:016332,SUPPLIER_UPSTREAM_SUPPLY_PROACTIVE,"state_stock_stock_cover_below_3d_SDC_VD0514881A_item_016332_d1601,state_upstream_upstream_rejection_avg_7d_above_10pct_with_stock_cover_below_7d_SDC_VD0514881A_item_016332_d1601,state_upstream_upstream_rejection_avg_14d_above_50pct_with_stock_cover_below_3d_SDC_VD0514881A_item_016332_d1603,state_stock_stock_cover_below_5d_SDC_VD0514881A_item_016332_d1604",1.0,1.0,1.0,0.0,0.0,1.0,1.0,0.8075,1.0,1.0,0.9,0.97,1.0,0.0,1.0,1.0,0.0
1607,SDC-VD0514881A,M-1810,item:016332,edge:SDC-VD0514881A_TO_M-1810_016332,"state_stock_stock_cover_below_3d_SDC_VD0514881A_item_016332_d1601,state_upstream_upstream_rejection_avg_7d_above_10pct_with_stock_cover_below_7d_SDC_VD0514881A_item_016332_d1601,state_upstream_upstream_rejection_avg_14d_above_50pct_with_stock_cover_below_3d_SDC_VD0514881A_item_016332_d1603,state_stock_stock_cover_below_5d_SDC_VD0514881A_item_016332_d1604",1.0,1.0,1.0,0.0,0.0,1.0,1.0,0.8075,1.0,1.0,0.9,0.97,1.0,0.0,1.0,1.0,0.0
1608,SDC-VD0514881A,M-1810,item:016332,edge:SDC-VD0514881A_TO_M-1810_016332,"state_stock_stock_cover_below_3d_SDC_VD0514881A_item_016332_d1601,state_upstream_upstream_rejection_avg_7d_above_10pct_with_stock_cover_below_7d_SDC_VD0514881A_item_016332_d1601,state_upstream_upstream_rejection_avg_14d_above_50pct_with_stock_cover_below_3d_SDC_VD0514881A_item_016332_d1603,state_stock_stock_cover_below_5d_SDC_VD0514881A_item_016332_d1604",1.0,1.0,1.0,0.0,0.0,1.0,1.0,0.8075,1.0,1.0,0.9,0.97,1.0,0.0,1.0,1.0,0.0
1609,SDC-VD0514881A,M-1810,item:016332,edge:SDC-VD0514881A_TO_M-1810_016332,"state_stock_stock_cover_below_3d_SDC_VD0514881A_item_016332_d1601,state_upstream_upstream_rejection_avg_14d_above_50pct_with_stock_cover_below_3d_SDC_VD0514881A_item_016332_d1603,state_stock_stock_cover_below_5d_SDC_VD0514881A_item_016332_d1604",1.0,1.0,1.0,0.0,0.0,1.0,1.0,0.8075,1.0,1.0,0.9,1.0,1.0,0.0,1.0,1.0,0.0
1610,SDC-VD0514881A,M-1810,item:016332,edge:SDC-VD0514881A_TO_M-1810_016332,"state_stock_stock_cover_below_3d_SDC_VD0514881A_item_016332_d1601,state_upstream_upstream_rejection_avg_14d_above_50pct_with_stock_cover_below_3d_SDC_VD0514881A_item_016332_d1603,state_stock_stock_cover_below_5d_SDC_VD0514881A_item_016332_d1604",1.0,1.0,1.0,0.0,0.0,1.0,1.0,0.8075,1.0,1.0,0.9,1.0,1.0,0.0,1.0,1.0,0.0
1611,SDC-VD0514881A,M-1810,item:016332,edge:SDC-VD0514881A_TO_M-1810_016332,"state_stock_stock_cover_below_3d_SDC_VD0514881A_item_016332_d1601,state_upstream_upstream_rejection_avg_14d_above_50pct_with_stock_cover_below_3d_SDC_VD0514881A_item_016332_d1603,state_stock_stock_cover_below_5d_SDC_VD0514881A_item_016332_d1604",1.0,1.0,1.0,0.0,0.0,1.0,1.0,0.8075,1.0,1.0,0.9,1.0,1.0,0.0,1.0,1.0,0.0
1612,SDC-VD0514881A,M-1810,item:016332,edge:SDC-VD0514881A_TO_M-1810_016332,"state_stock_stock_cover_below_3d_SDC_VD0514881A_item_016332_d1601,state_upstream_upstream_rejection_avg_14d_above_50pct_with_stock_cover_below_3d_SDC_VD0514881A_item_016332_d1603",1.0,1.0,1.0,0.0,0.0,1.0,1.0,0.85,1.0,1.0,0.9,1.0,1.0,0.0,1.0,1.0,0.0
1613,SDC-VD0514881A,M-1810,item:016332,edge:SDC-VD0514881A_TO_M-1810_016332,"state_stock_stock_cover_below_3d_SDC_VD0514881A_item_016332_d1601,state_upstream_upstream_rejection_avg_14d_above_50pct_with_stock_cover_below_3d_SDC_VD0514881A_item_016332_d1603",1.0,1.0,1.0,0.0,0.0,1.0,1.0,0.85,1.0,1.0,0.9,1.0,1.0,0.0,1.0,1.0,0.0
1614,SDC-VD0514881A,M-1810,item:016332,edge:SDC-VD0514881A_TO_M-1810_016332,"state_stock_stock_cover_below_3d_SDC_VD0514881A_item_016332_d1601,state_upstream_upstream_rejection_avg_14d_above_50pct_with_stock_cover_below_3d_SDC_VD0514881A_item_016332_d1603",1.0,1.0,1.0,0.0,0.0,1.0,1.0,0.85,1.0,1.0,0.9,1.0,1.0,0.0,1.0,1.0,0.0
1622,SDC-VD0914690A,SDC-VD0914690A,item:042342,SUPPLIER_UPSTREAM_SUPPLY_PROACTIVE,state_cost_upstream_recourse_cost_ratio_above_250pct_SDC_VD0914690A_item_042342_d1621,1.0,1.0,1.0,0.0,0.0,1.0,1.0,1.0,1.0,1.0,1.0,1.0,1.0,0.0,1.0,1.1,0.0
1622,SDC-VD0914690A,M-1430,item:042342,edge:SDC-VD0914690A_TO_M-1430_042342,state_cost_upstream_recourse_cost_ratio_above_250pct_SDC_VD0914690A_item_042342_d1621,1.0,1.0,1.0,0.0,0.0,1.0,1.0,1.0,1.0,1.0,1.0,1.0,1.0,0.0,1.0,1.1,0.0
1623,SDC-VD0914690A,SDC-VD0914690A,item:042342,SUPPLIER_UPSTREAM_SUPPLY_PROACTIVE,state_cost_upstream_recourse_cost_ratio_above_250pct_SDC_VD0914690A_item_042342_d1621,1.0,1.0,1.0,0.0,0.0,1.0,1.0,1.0,1.0,1.0,1.0,1.0,1.0,0.0,1.0,1.1,0.0
1623,SDC-VD0914690A,M-1430,item:042342,edge:SDC-VD0914690A_TO_M-1430_042342,state_cost_upstream_recourse_cost_ratio_above_250pct_SDC_VD0914690A_item_042342_d1621,1.0,1.0,1.0,0.0,0.0,1.0,1.0,1.0,1.0,1.0,1.0,1.0,1.0,0.0,1.0,1.1,0.0
1624,SDC-VD0914690A,SDC-VD0914690A,item:042342,SUPPLIER_UPSTREAM_SUPPLY_PROACTIVE,state_cost_upstream_recourse_cost_ratio_above_250pct_SDC_VD0914690A_item_042342_d1621,1.0,1.0,1.0,0.0,0.0,1.0,1.0,1.0,1.0,1.0,1.0,1.0,1.0,0.0,1.0,1.1,0.0
1624,SDC-VD0914690A,M-1430,item:042342,edge:SDC-VD0914690A_TO_M-1430_042342,state_cost_upstream_recourse_cost_ratio_above_250pct_SDC_VD0914690A_item_042342_d1621,1.0,1.0,1.0,0.0,0.0,1.0,1.0,1.0,1.0,1.0,1.0,1.0,1.0,0.0,1.0,1.1,0.0
1625,SDC-VD0914690A,SDC-VD0914690A,item:042342,SUPPLIER_UPSTREAM_SUPPLY_PROACTIVE,state_cost_upstream_recourse_cost_ratio_above_250pct_SDC_VD0914690A_item_042342_d1621,1.0,1.0,1.0,0.0,0.0,1.0,1.0,1.0,1.0,1.0,1.0,1.0,1.0,0.0,1.0,1.1,0.0
1625,SDC-VD0914690A,M-1430,item:042342,edge:SDC-VD0914690A_TO_M-1430_042342,state_cost_upstream_recourse_cost_ratio_above_250pct_SDC_VD0914690A_item_042342_d1621,1.0,1.0,1.0,0.0,0.0,1.0,1.0,1.0,1.0,1.0,1.0,1.0,1.0,0.0,1.0,1.1,0.0
1626,SDC-VD0914690A,SDC-VD0914690A,item:042342,SUPPLIER_UPSTREAM_SUPPLY_PROACTIVE,state_cost_upstream_recourse_cost_ratio_above_250pct_SDC_VD0914690A_item_042342_d1621,1.0,1.0,1.0,0.0,0.0,1.0,1.0,1.0,1.0,1.0,1.0,1.0,1.0,0.0,1.0,1.1,0.0
1626,SDC-VD0914690A,M-1430,item:042342,edge:SDC-VD0914690A_TO_M-1430_042342,state_cost_upstream_recourse_cost_ratio_above_250pct_SDC_VD0914690A_item_042342_d1621,1.0,1.0,1.0,0.0,0.0,1.0,1.0,1.0,1.0,1.0,1.0,1.0,1.0,0.0,1.0,1.1,0.0
1627,SDC-VD0914690A,SDC-VD0914690A,item:042342,SUPPLIER_UPSTREAM_SUPPLY_PROACTIVE,"state_cost_upstream_recourse_cost_ratio_above_250pct_SDC_VD0914690A_item_042342_d1621,state_upstream_upstream_rejection_avg_7d_above_10pct_with_stock_cover_below_7d_SDC_VD0914690A_item_042342_d1626",1.0,1.0,1.0,0.0,0.0,1.0,1.0,1.0,1.0,1.0,1.0,0.97,1.0,0.0,1.0,1.1,0.0
1627,SDC-VD0914690A,M-1430,item:042342,edge:SDC-VD0914690A_TO_M-1430_042342,"state_cost_upstream_recourse_cost_ratio_above_250pct_SDC_VD0914690A_item_042342_d1621,state_upstream_upstream_rejection_avg_7d_above_10pct_with_stock_cover_below_7d_SDC_VD0914690A_item_042342_d1626",1.0,1.0,1.0,0.0,0.0,1.0,1.0,1.0,1.0,1.0,1.0,0.97,1.0,0.0,1.0,1.1,0.0
1627,SDC-VD0993480A,M-1430,item:344135,edge:SDC-VD0993480A_TO_M-1430_344135,state_cost_upstream_recourse_cost_ratio_above_250pct_SDC_VD0993480A_item_344135_d1621,1.0,1.0,1.0,0.0,0.0,1.0,1.0,1.0,1.0,1.0,1.0,1.0,1.0,0.0,1.0,1.1,0.0
1628,SDC-VD0914690A,SDC-VD0914690A,item:042342,SUPPLIER_UPSTREAM_SUPPLY_PROACTIVE,"state_cost_upstream_recourse_cost_ratio_above_250pct_SDC_VD0914690A_item_042342_d1621,state_upstream_upstream_rejection_avg_7d_above_10pct_with_stock_cover_below_7d_SDC_VD0914690A_item_042342_d1626,state_stock_stock_cover_below_3d_SDC_VD0914690A_item_042342_d1627,state_upstream_upstream_rejection_avg_14d_above_50pct_with_stock_cover_below_3d_SDC_VD0914690A_item_042342_d1627",1.0,1.0,1.0,0.0,0.0,1.0,1.0,0.85,1.0,1.0,0.9,0.97,1.0,0.0,1.0,1.1,0.0
1628,SDC-VD0993480A,SDC-VD0993480A,item:344135,SUPPLIER_UPSTREAM_SUPPLY_PROACTIVE,state_cost_upstream_recourse_cost_ratio_above_250pct_SDC_VD0993480A_item_344135_d1621,1.0,1.0,1.0,0.0,0.0,1.0,1.0,1.0,1.0,1.0,1.0,1.0,1.0,0.0,1.0,1.1,0.0
1628,SDC-VD0914690A,M-1430,item:042342,edge:SDC-VD0914690A_TO_M-1430_042342,"state_cost_upstream_recourse_cost_ratio_above_250pct_SDC_VD0914690A_item_042342_d1621,state_upstream_upstream_rejection_avg_7d_above_10pct_with_stock_cover_below_7d_SDC_VD0914690A_item_042342_d1626,state_stock_stock_cover_below_3d_SDC_VD0914690A_item_042342_d1627,state_upstream_upstream_rejection_avg_14d_above_50pct_with_stock_cover_below_3d_SDC_VD0914690A_item_042342_d1627",1.0,1.0,1.0,0.0,0.0,1.0,1.0,0.85,1.0,1.0,0.9,0.97,1.0,0.0,1.0,1.1,0.0
1629,SDC-VD0914690A,SDC-VD0914690A,item:042342,SUPPLIER_UPSTREAM_SUPPLY_PROACTIVE,"state_cost_upstream_recourse_cost_ratio_above_250pct_SDC_VD0914690A_item_042342_d1621,state_upstream_upstream_rejection_avg_7d_above_10pct_with_stock_cover_below_7d_SDC_VD0914690A_item_042342_d1626,state_stock_stock_cover_below_3d_SDC_VD0914690A_item_042342_d1627,state_upstream_upstream_rejection_avg_14d_above_50pct_with_stock_cover_below_3d_SDC_VD0914690A_item_042342_d1627",1.0,1.0,1.0,0.0,0.0,1.0,1.0,0.85,1.0,1.0,0.9,0.97,1.0,0.0,1.0,1.1,0.0
1629,SDC-VD0914690A,M-1430,item:042342,edge:SDC-VD0914690A_TO_M-1430_042342,"state_cost_upstream_recourse_cost_ratio_above_250pct_SDC_VD0914690A_item_042342_d1621,state_upstream_upstream_rejection_avg_7d_above_10pct_with_stock_cover_below_7d_SDC_VD0914690A_item_042342_d1626,state_stock_stock_cover_below_3d_SDC_VD0914690A_item_042342_d1627,state_upstream_upstream_rejection_avg_14d_above_50pct_with_stock_cover_below_3d_SDC_VD0914690A_item_042342_d1627",1.0,1.0,1.0,0.0,0.0,1.0,1.0,0.85,1.0,1.0,0.9,0.97,1.0,0.0,1.0,1.1,0.0
1629,SDC-VD0993480A,M-1430,item:344135,edge:SDC-VD0993480A_TO_M-1430_344135,state_cost_upstream_recourse_cost_ratio_above_250pct_SDC_VD0993480A_item_344135_d1621,1.0,1.0,1.0,0.0,0.0,1.0,1.0,1.0,1.0,1.0,1.0,1.0,1.0,0.0,1.0,1.1,0.0
1630,SDC-VD0914690A,SDC-VD0914690A,item:042342,SUPPLIER_UPSTREAM_SUPPLY_PROACTIVE,"state_cost_upstream_recourse_cost_ratio_above_250pct_SDC_VD0914690A_item_042342_d1621,state_upstream_upstream_rejection_avg_7d_above_10pct_with_stock_cover_below_7d_SDC_VD0914690A_item_042342_d1626,state_stock_stock_cover_below_3d_SDC_VD0914690A_item_042342_d1627,state_upstream_upstream_rejection_avg_14d_above_50pct_with_stock_cover_below_3d_SDC_VD0914690A_item_042342_d1627",1.0,1.0,1.0,0.0,0.0,1.0,1.0,0.85,1.0,1.0,0.9,0.97,1.0,0.0,1.0,1.1,0.0
1630,SDC-VD0993480A,SDC-VD0993480A,item:344135,SUPPLIER_UPSTREAM_SUPPLY_PROACTIVE,state_cost_upstream_recourse_cost_ratio_above_250pct_SDC_VD0993480A_item_344135_d1621,1.0,1.0,1.0,0.0,0.0,1.0,1.0,1.0,1.0,1.0,1.0,1.0,1.0,0.0,1.0,1.1,0.0
1630,SDC-VD0914690A,M-1430,item:042342,edge:SDC-VD0914690A_TO_M-1430_042342,"state_cost_upstream_recourse_cost_ratio_above_250pct_SDC_VD0914690A_item_042342_d1621,state_upstream_upstream_rejection_avg_7d_above_10pct_with_stock_cover_below_7d_SDC_VD0914690A_item_042342_d1626,state_stock_stock_cover_below_3d_SDC_VD0914690A_item_042342_d1627,state_upstream_upstream_rejection_avg_14d_above_50pct_with_stock_cover_below_3d_SDC_VD0914690A_item_042342_d1627",1.0,1.0,1.0,0.0,0.0,1.0,1.0,0.85,1.0,1.0,0.9,0.97,1.0,0.0,1.0,1.1,0.0
1630,SDC-VD0993480A,M-1430,item:344135,edge:SDC-VD0993480A_TO_M-1430_344135,state_cost_upstream_recourse_cost_ratio_above_250pct_SDC_VD0993480A_item_344135_d1621,1.0,1.0,1.0,0.0,0.0,1.0,1.0,1.0,1.0,1.0,1.0,1.0,1.0,0.0,1.0,1.1,0.0
1631,SDC-VD0914690A,SDC-VD0914690A,item:042342,SUPPLIER_UPSTREAM_SUPPLY_PROACTIVE,"state_cost_upstream_recourse_cost_ratio_above_250pct_SDC_VD0914690A_item_042342_d1621,state_upstream_upstream_rejection_avg_7d_above_10pct_with_stock_cover_below_7d_SDC_VD0914690A_item_042342_d1626,state_stock_stock_cover_below_3d_SDC_VD0914690A_item_042342_d1627,state_upstream_upstream_rejection_avg_14d_above_50pct_with_stock_cover_below_3d_SDC_VD0914690A_item_042342_d1627,state_stock_stock_cover_below_5d_SDC_VD0914690A_item_042342_d1630",1.0,1.0,1.0,0.0,0.0,1.0,1.0,0.8075,1.0,1.0,0.9,0.97,1.0,0.0,1.0,1.1,0.0
1631,SDC-VD0993480A,SDC-VD0993480A,item:344135,SUPPLIER_UPSTREAM_SUPPLY_PROACTIVE,state_cost_upstream_recourse_cost_ratio_above_250pct_SDC_VD0993480A_item_344135_d1621,1.0,1.0,1.0,0.0,0.0,1.0,1.0,1.0,1.0,1.0,1.0,1.0,1.0,0.0,1.0,1.1,0.0
1631,SDC-VD0914690A,M-1430,item:042342,edge:SDC-VD0914690A_TO_M-1430_042342,"state_cost_upstream_recourse_cost_ratio_above_250pct_SDC_VD0914690A_item_042342_d1621,state_upstream_upstream_rejection_avg_7d_above_10pct_with_stock_cover_below_7d_SDC_VD0914690A_item_042342_d1626,state_stock_stock_cover_below_3d_SDC_VD0914690A_item_042342_d1627,state_upstream_upstream_rejection_avg_14d_above_50pct_with_stock_cover_below_3d_SDC_VD0914690A_item_042342_d1627,state_stock_stock_cover_below_5d_SDC_VD0914690A_item_042342_d1630",1.0,1.0,1.0,0.0,0.0,1.0,1.0,0.8075,1.0,1.0,0.9,0.97,1.0,0.0,1.0,1.1,0.0
1631,SDC-VD0993480A,M-1430,item:344135,edge:SDC-VD0993480A_TO_M-1430_344135,state_cost_upstream_recourse_cost_ratio_above_250pct_SDC_VD0993480A_item_344135_d1621,1.0,1.0,1.0,0.0,0.0,1.0,1.0,1.0,1.0,1.0,1.0,1.0,1.0,0.0,1.0,1.1,0.0
1632,SDC-VD0914690A,SDC-VD0914690A,item:042342,SUPPLIER_UPSTREAM_SUPPLY_PROACTIVE,"state_cost_upstream_recourse_cost_ratio_above_250pct_SDC_VD0914690A_item_042342_d1621,state_upstream_upstream_rejection_avg_7d_above_10pct_with_stock_cover_below_7d_SDC_VD0914690A_item_042342_d1626,state_stock_stock_cover_below_3d_SDC_VD0914690A_item_042342_d1627,state_upstream_upstream_rejection_avg_14d_above_50pct_with_stock_cover_below_3d_SDC_VD0914690A_item_042342_d1627,state_stock_stock_cover_below_5d_SDC_VD0914690A_item_042342_d1630",1.0,1.0,1.0,0.0,0.0,1.0,1.0,0.8075,1.0,1.0,0.9,0.97,1.0,0.0,1.0,1.1,0.0
1632,SDC-VD0993480A,SDC-VD0993480A,item:344135,SUPPLIER_UPSTREAM_SUPPLY_PROACTIVE,state_cost_upstream_recourse_cost_ratio_above_250pct_SDC_VD0993480A_item_344135_d1621,1.0,1.0,1.0,0.0,0.0,1.0,1.0,1.0,1.0,1.0,1.0,1.0,1.0,0.0,1.0,1.1,0.0
1632,SDC-VD0914690A,M-1430,item:042342,edge:SDC-VD0914690A_TO_M-1430_042342,"state_cost_upstream_recourse_cost_ratio_above_250pct_SDC_VD0914690A_item_042342_d1621,state_upstream_upstream_rejection_avg_7d_above_10pct_with_stock_cover_below_7d_SDC_VD0914690A_item_042342_d1626,state_stock_stock_cover_below_3d_SDC_VD0914690A_item_042342_d1627,state_upstream_upstream_rejection_avg_14d_above_50pct_with_stock_cover_below_3d_SDC_VD0914690A_item_042342_d1627,state_stock_stock_cover_below_5d_SDC_VD0914690A_item_042342_d1630",1.0,1.0,1.0,0.0,0.0,1.0,1.0,0.8075,1.0,1.0,0.9,0.97,1.0,0.0,1.0,1.1,0.0
1633,SDC-VD0914690A,SDC-VD0914690A,item:042342,SUPPLIER_UPSTREAM_SUPPLY_PROACTIVE,"state_cost_upstream_recourse_cost_ratio_above_250pct_SDC_VD0914690A_item_042342_d1621,state_upstream_upstream_rejection_avg_7d_above_10pct_with_stock_cover_below_7d_SDC_VD0914690A_item_042342_d1626,state_stock_stock_cover_below_3d_SDC_VD0914690A_item_042342_d1627,state_upstream_upstream_rejection_avg_14d_above_50pct_with_stock_cover_below_3d_SDC_VD0914690A_item_042342_d1627,state_stock_stock_cover_below_5d_SDC_VD0914690A_item_042342_d1630",1.0,1.0,1.0,0.0,0.0,1.0,1.0,0.8075,1.0,1.0,0.9,0.97,1.0,0.0,1.0,1.1,0.0
1633,SDC-VD0914690A,M-1430,item:042342,edge:SDC-VD0914690A_TO_M-1430_042342,"state_cost_upstream_recourse_cost_ratio_above_250pct_SDC_VD0914690A_item_042342_d1621,state_upstream_upstream_rejection_avg_7d_above_10pct_with_stock_cover_below_7d_SDC_VD0914690A_item_042342_d1626,state_stock_stock_cover_below_3d_SDC_VD0914690A_item_042342_d1627,state_upstream_upstream_rejection_avg_14d_above_50pct_with_stock_cover_below_3d_SDC_VD0914690A_item_042342_d1627,state_stock_stock_cover_below_5d_SDC_VD0914690A_item_042342_d1630",1.0,1.0,1.0,0.0,0.0,1.0,1.0,0.8075,1.0,1.0,0.9,0.97,1.0,0.0,1.0,1.1,0.0
1634,SDC-VD0914690A,SDC-VD0914690A,item:042342,SUPPLIER_UPSTREAM_SUPPLY_PROACTIVE,"state_cost_upstream_recourse_cost_ratio_above_250pct_SDC_VD0914690A_item_042342_d1621,state_stock_stock_cover_below_3d_SDC_VD0914690A_item_042342_d1627,state_upstream_upstream_rejection_avg_14d_above_50pct_with_stock_cover_below_3d_SDC_VD0914690A_item_042342_d1627,state_stock_stock_cover_below_5d_SDC_VD0914690A_item_042342_d1630",1.0,1.0,1.0,0.0,0.0,1.0,1.0,0.8075,1.0,1.0,0.9,1.0,1.0,0.0,1.0,1.1,0.0
1634,SDC-VD0914690A,M-1430,item:042342,edge:SDC-VD0914690A_TO_M-1430_042342,"state_cost_upstream_recourse_cost_ratio_above_250pct_SDC_VD0914690A_item_042342_d1621,state_stock_stock_cover_below_3d_SDC_VD0914690A_item_042342_d1627,state_upstream_upstream_rejection_avg_14d_above_50pct_with_stock_cover_below_3d_SDC_VD0914690A_item_042342_d1627,state_stock_stock_cover_below_5d_SDC_VD0914690A_item_042342_d1630",1.0,1.0,1.0,0.0,0.0,1.0,1.0,0.8075,1.0,1.0,0.9,1.0,1.0,0.0,1.0,1.1,0.0
1635,SDC-VD0508918A,SDC-VD0508918A,item:730384,SUPPLIER_UPSTREAM_SUPPLY_PROACTIVE,state_cost_upstream_recourse_cost_ratio_above_250pct_SDC_VD0508918A_item_730384_d1634,1.0,1.0,1.0,0.0,0.0,1.0,1.0,1.0,1.0,1.0,1.0,1.0,1.0,0.0,1.0,1.1,0.0
1635,SDC-VD0914690A,SDC-VD0914690A,item:042342,SUPPLIER_UPSTREAM_SUPPLY_PROACTIVE,"state_cost_upstream_recourse_cost_ratio_above_250pct_SDC_VD0914690A_item_042342_d1621,state_stock_stock_cover_below_3d_SDC_VD0914690A_item_042342_d1627,state_upstream_upstream_rejection_avg_14d_above_50pct_with_stock_cover_below_3d_SDC_VD0914690A_item_042342_d1627,state_stock_stock_cover_below_5d_SDC_VD0914690A_item_042342_d1630",1.0,1.0,1.0,0.0,0.0,1.0,1.0,0.8075,1.0,1.0,0.9,1.0,1.0,0.0,1.0,1.1,0.0
1635,SDC-VD0914690A,M-1430,item:042342,edge:SDC-VD0914690A_TO_M-1430_042342,"state_cost_upstream_recourse_cost_ratio_above_250pct_SDC_VD0914690A_item_042342_d1621,state_stock_stock_cover_below_3d_SDC_VD0914690A_item_042342_d1627,state_upstream_upstream_rejection_avg_14d_above_50pct_with_stock_cover_below_3d_SDC_VD0914690A_item_042342_d1627,state_stock_stock_cover_below_5d_SDC_VD0914690A_item_042342_d1630",1.0,1.0,1.0,0.0,0.0,1.0,1.0,0.8075,1.0,1.0,0.9,1.0,1.0,0.0,1.0,1.1,0.0
1636,SDC-VD0508918A,SDC-VD0508918A,item:730384,SUPPLIER_UPSTREAM_SUPPLY_PROACTIVE,state_cost_upstream_recourse_cost_ratio_above_250pct_SDC_VD0508918A_item_730384_d1634,1.0,1.0,1.0,0.0,0.0,1.0,1.0,1.0,1.0,1.0,1.0,1.0,1.0,0.0,1.0,1.1,0.0
1636,SDC-VD0914690A,SDC-VD0914690A,item:042342,SUPPLIER_UPSTREAM_SUPPLY_PROACTIVE,"state_stock_stock_cover_below_3d_SDC_VD0914690A_item_042342_d1627,state_upstream_upstream_rejection_avg_14d_above_50pct_with_stock_cover_below_3d_SDC_VD0914690A_item_042342_d1627,state_stock_stock_cover_below_5d_SDC_VD0914690A_item_042342_d1630",1.0,1.0,1.0,0.0,0.0,1.0,1.0,0.8075,1.0,1.0,0.9,1.0,1.0,0.0,1.0,1.0,0.0
1636,SDC-VD0914690A,M-1430,item:042342,edge:SDC-VD0914690A_TO_M-1430_042342,"state_stock_stock_cover_below_3d_SDC_VD0914690A_item_042342_d1627,state_upstream_upstream_rejection_avg_14d_above_50pct_with_stock_cover_below_3d_SDC_VD0914690A_item_042342_d1627,state_stock_stock_cover_below_5d_SDC_VD0914690A_item_042342_d1630",1.0,1.0,1.0,0.0,0.0,1.0,1.0,0.8075,1.0,1.0,0.9,1.0,1.0,0.0,1.0,1.0,0.0
1637,SDC-VD0508918A,SDC-VD0508918A,item:730384,SUPPLIER_UPSTREAM_SUPPLY_PROACTIVE,state_cost_upstream_recourse_cost_ratio_above_250pct_SDC_VD0508918A_item_730384_d1634,1.0,1.0,1.0,0.0,0.0,1.0,1.0,1.0,1.0,1.0,1.0,1.0,1.0,0.0,1.0,1.1,0.0
1637,SDC-VD0914690A,SDC-VD0914690A,item:042342,SUPPLIER_UPSTREAM_SUPPLY_PROACTIVE,"state_stock_stock_cover_below_3d_SDC_VD0914690A_item_042342_d1627,state_upstream_upstream_rejection_avg_14d_above_50pct_with_stock_cover_below_3d_SDC_VD0914690A_item_042342_d1627,state_stock_stock_cover_below_5d_SDC_VD0914690A_item_042342_d1630",1.0,1.0,1.0,0.0,0.0,1.0,1.0,0.8075,1.0,1.0,0.9,1.0,1.0,0.0,1.0,1.0,0.0
1637,SDC-VD0914690A,M-1430,item:042342,edge:SDC-VD0914690A_TO_M-1430_042342,"state_stock_stock_cover_below_3d_SDC_VD0914690A_item_042342_d1627,state_upstream_upstream_rejection_avg_14d_above_50pct_with_stock_cover_below_3d_SDC_VD0914690A_item_042342_d1627,state_stock_stock_cover_below_5d_SDC_VD0914690A_item_042342_d1630",1.0,1.0,1.0,0.0,0.0,1.0,1.0,0.8075,1.0,1.0,0.9,1.0,1.0,0.0,1.0,1.0,0.0
1638,SDC-VD0508918A,SDC-VD0508918A,item:730384,SUPPLIER_UPSTREAM_SUPPLY_PROACTIVE,state_cost_upstream_recourse_cost_ratio_above_250pct_SDC_VD0508918A_item_730384_d1634,1.0,1.0,1.0,0.0,0.0,1.0,1.0,1.0,1.0,1.0,1.0,1.0,1.0,0.0,1.0,1.1,0.0
1638,SDC-VD0914690A,SDC-VD0914690A,item:042342,SUPPLIER_UPSTREAM_SUPPLY_PROACTIVE,"state_stock_stock_cover_below_3d_SDC_VD0914690A_item_042342_d1627,state_upstream_upstream_rejection_avg_14d_above_50pct_with_stock_cover_below_3d_SDC_VD0914690A_item_042342_d1627",1.0,1.0,1.0,0.0,0.0,1.0,1.0,0.85,1.0,1.0,0.9,1.0,1.0,0.0,1.0,1.0,0.0
1638,SDC-VD0914690A,M-1430,item:042342,edge:SDC-VD0914690A_TO_M-1430_042342,"state_stock_stock_cover_below_3d_SDC_VD0914690A_item_042342_d1627,state_upstream_upstream_rejection_avg_14d_above_50pct_with_stock_cover_below_3d_SDC_VD0914690A_item_042342_d1627",1.0,1.0,1.0,0.0,0.0,1.0,1.0,0.85,1.0,1.0,0.9,1.0,1.0,0.0,1.0,1.0,0.0
1639,SDC-VD0508918A,SDC-VD0508918A,item:730384,SUPPLIER_UPSTREAM_SUPPLY_PROACTIVE,state_cost_upstream_recourse_cost_ratio_above_250pct_SDC_VD0508918A_item_730384_d1634,1.0,1.0,1.0,0.0,0.0,1.0,1.0,1.0,1.0,1.0,1.0,1.0,1.0,0.0,1.0,1.1,0.0
1639,SDC-VD0914690A,M-1430,item:042342,edge:SDC-VD0914690A_TO_M-1430_042342,"state_stock_stock_cover_below_3d_SDC_VD0914690A_item_042342_d1627,state_upstream_upstream_rejection_avg_14d_above_50pct_with_stock_cover_below_3d_SDC_VD0914690A_item_042342_d1627",1.0,1.0,1.0,0.0,0.0,1.0,1.0,0.85,1.0,1.0,0.9,1.0,1.0,0.0,1.0,1.0,0.0
1640,SDC-VD0508918A,SDC-VD0508918A,item:730384,SUPPLIER_UPSTREAM_SUPPLY_PROACTIVE,state_cost_upstream_recourse_cost_ratio_above_250pct_SDC_VD0508918A_item_730384_d1634,1.0,1.0,1.0,0.0,0.0,1.0,1.0,1.0,1.0,1.0,1.0,1.0,1.0,0.0,1.0,1.1,0.0
1692,SDC-VD0910216A,SDC-VD0910216A,item:001893,SUPPLIER_UPSTREAM_SUPPLY_PROACTIVE,state_stock_stock_cover_zero_SDC_VD0910216A_item_001893_d1691,1.0,1.0,1.0,0.0,0.0,1.0,1.0,0.7,1.0,1.0,1.0,1.0,1.0,0.0,1.0,1.0,0.0
1692,SDC-VD0910216A,M-1810,item:001893,edge:SDC-VD0910216A_TO_M-1810_001893,state_stock_stock_cover_zero_SDC_VD0910216A_item_001893_d1691,1.0,1.0,1.0,0.0,0.0,1.0,1.0,0.7,1.0,1.0,1.0,1.0,1.0,0.0,1.0,1.0,0.0
1693,SDC-VD0910216A,SDC-VD0910216A,item:001893,SUPPLIER_UPSTREAM_SUPPLY_PROACTIVE,"state_stock_stock_cover_zero_SDC_VD0910216A_item_001893_d1691,state_stock_stock_cover_below_3d_SDC_VD0910216A_item_001893_d1692,state_upstream_upstream_rejection_avg_7d_above_10pct_with_stock_cover_below_7d_SDC_VD0910216A_item_001893_d1692",1.0,1.0,1.0,0.0,0.0,1.0,1.0,0.7,1.0,1.0,1.0,0.97,1.0,0.0,1.0,1.0,0.0
1693,SDC-VD0910216A,M-1810,item:001893,edge:SDC-VD0910216A_TO_M-1810_001893,"state_stock_stock_cover_zero_SDC_VD0910216A_item_001893_d1691,state_stock_stock_cover_below_3d_SDC_VD0910216A_item_001893_d1692,state_upstream_upstream_rejection_avg_7d_above_10pct_with_stock_cover_below_7d_SDC_VD0910216A_item_001893_d1692",1.0,1.0,1.0,0.0,0.0,1.0,1.0,0.7,1.0,1.0,1.0,0.97,1.0,0.0,1.0,1.0,0.0
1694,SDC-VD0910216A,SDC-VD0910216A,item:001893,SUPPLIER_UPSTREAM_SUPPLY_PROACTIVE,"state_stock_stock_cover_zero_SDC_VD0910216A_item_001893_d1691,state_stock_stock_cover_below_3d_SDC_VD0910216A_item_001893_d1692,state_upstream_upstream_rejection_avg_7d_above_10pct_with_stock_cover_below_7d_SDC_VD0910216A_item_001893_d1692",1.0,1.0,1.0,0.0,0.0,1.0,1.0,0.7,1.0,1.0,1.0,0.97,1.0,0.0,1.0,1.0,0.0
1694,SDC-VD0910216A,M-1810,item:001893,edge:SDC-VD0910216A_TO_M-1810_001893,"state_stock_stock_cover_zero_SDC_VD0910216A_item_001893_d1691,state_stock_stock_cover_below_3d_SDC_VD0910216A_item_001893_d1692,state_upstream_upstream_rejection_avg_7d_above_10pct_with_stock_cover_below_7d_SDC_VD0910216A_item_001893_d1692",1.0,1.0,1.0,0.0,0.0,1.0,1.0,0.7,1.0,1.0,1.0,0.97,1.0,0.0,1.0,1.0,0.0
1695,SDC-VD0910216A,SDC-VD0910216A,item:001893,SUPPLIER_UPSTREAM_SUPPLY_PROACTIVE,"state_stock_stock_cover_zero_SDC_VD0910216A_item_001893_d1691,state_stock_stock_cover_below_3d_SDC_VD0910216A_item_001893_d1692,state_upstream_upstream_rejection_avg_7d_above_10pct_with_stock_cover_below_7d_SDC_VD0910216A_item_001893_d1692",1.0,1.0,1.0,0.0,0.0,1.0,1.0,0.7,1.0,1.0,1.0,0.97,1.0,0.0,1.0,1.0,0.0
1695,SDC-VD0910216A,M-1810,item:001893,edge:SDC-VD0910216A_TO_M-1810_001893,"state_stock_stock_cover_zero_SDC_VD0910216A_item_001893_d1691,state_stock_stock_cover_below_3d_SDC_VD0910216A_item_001893_d1692,state_upstream_upstream_rejection_avg_7d_above_10pct_with_stock_cover_below_7d_SDC_VD0910216A_item_001893_d1692",1.0,1.0,1.0,0.0,0.0,1.0,1.0,0.7,1.0,1.0,1.0,0.97,1.0,0.0,1.0,1.0,0.0
1696,SDC-VD0910216A,SDC-VD0910216A,item:001893,SUPPLIER_UPSTREAM_SUPPLY_PROACTIVE,"state_stock_stock_cover_zero_SDC_VD0910216A_item_001893_d1691,state_stock_stock_cover_below_3d_SDC_VD0910216A_item_001893_d1692,state_upstream_upstream_rejection_avg_7d_above_10pct_with_stock_cover_below_7d_SDC_VD0910216A_item_001893_d1692,state_stock_stock_cover_below_5d_SDC_VD0910216A_item_001893_d1695",1.0,1.0,1.0,0.0,0.0,1.0,1.0,0.7,1.0,1.0,1.0,0.97,1.0,0.0,1.0,1.0,0.0
1696,SDC-VD0910216A,M-1810,item:001893,edge:SDC-VD0910216A_TO_M-1810_001893,"state_stock_stock_cover_zero_SDC_VD0910216A_item_001893_d1691,state_stock_stock_cover_below_3d_SDC_VD0910216A_item_001893_d1692,state_upstream_upstream_rejection_avg_7d_above_10pct_with_stock_cover_below_7d_SDC_VD0910216A_item_001893_d1692,state_stock_stock_cover_below_5d_SDC_VD0910216A_item_001893_d1695",1.0,1.0,1.0,0.0,0.0,1.0,1.0,0.7,1.0,1.0,1.0,0.97,1.0,0.0,1.0,1.0,0.0
1697,SDC-VD0910216A,SDC-VD0910216A,item:001893,SUPPLIER_UPSTREAM_SUPPLY_PROACTIVE,"state_stock_stock_cover_zero_SDC_VD0910216A_item_001893_d1691,state_stock_stock_cover_below_3d_SDC_VD0910216A_item_001893_d1692,state_upstream_upstream_rejection_avg_7d_above_10pct_with_stock_cover_below_7d_SDC_VD0910216A_item_001893_d1692,state_stock_stock_cover_below_5d_SDC_VD0910216A_item_001893_d1695",1.0,1.0,1.0,0.0,0.0,1.0,1.0,0.7,1.0,1.0,1.0,0.97,1.0,0.0,1.0,1.0,0.0
1697,SDC-VD0910216A,M-1810,item:001893,edge:SDC-VD0910216A_TO_M-1810_001893,"state_stock_stock_cover_zero_SDC_VD0910216A_item_001893_d1691,state_stock_stock_cover_below_3d_SDC_VD0910216A_item_001893_d1692,state_upstream_upstream_rejection_avg_7d_above_10pct_with_stock_cover_below_7d_SDC_VD0910216A_item_001893_d1692,state_stock_stock_cover_below_5d_SDC_VD0910216A_item_001893_d1695",1.0,1.0,1.0,0.0,0.0,1.0,1.0,0.7,1.0,1.0,1.0,0.97,1.0,0.0,1.0,1.0,0.0
1698,SDC-VD0910216A,SDC-VD0910216A,item:001893,SUPPLIER_UPSTREAM_SUPPLY_PROACTIVE,"state_stock_stock_cover_zero_SDC_VD0910216A_item_001893_d1691,state_stock_stock_cover_below_3d_SDC_VD0910216A_item_001893_d1692,state_upstream_upstream_rejection_avg_7d_above_10pct_with_stock_cover_below_7d_SDC_VD0910216A_item_001893_d1692,state_stock_stock_cover_below_5d_SDC_VD0910216A_item_001893_d1695",1.0,1.0,1.0,0.0,0.0,1.0,1.0,0.7,1.0,1.0,1.0,0.97,1.0,0.0,1.0,1.0,0.0
1698,SDC-VD0910216A,M-1810,item:001893,edge:SDC-VD0910216A_TO_M-1810_001893,"state_stock_stock_cover_zero_SDC_VD0910216A_item_001893_d1691,state_stock_stock_cover_below_3d_SDC_VD0910216A_item_001893_d1692,state_upstream_upstream_rejection_avg_7d_above_10pct_with_stock_cover_below_7d_SDC_VD0910216A_item_001893_d1692,state_stock_stock_cover_below_5d_SDC_VD0910216A_item_001893_d1695",1.0,1.0,1.0,0.0,0.0,1.0,1.0,0.7,1.0,1.0,1.0,0.97,1.0,0.0,1.0,1.0,0.0
1699,SDC-VD0910216A,SDC-VD0910216A,item:001893,SUPPLIER_UPSTREAM_SUPPLY_PROACTIVE,"state_stock_stock_cover_zero_SDC_VD0910216A_item_001893_d1691,state_stock_stock_cover_below_3d_SDC_VD0910216A_item_001893_d1692,state_upstream_upstream_rejection_avg_7d_above_10pct_with_stock_cover_below_7d_SDC_VD0910216A_item_001893_d1692,state_stock_stock_cover_below_5d_SDC_VD0910216A_item_001893_d1695,state_upstream_upstream_rejection_avg_14d_above_50pct_with_stock_cover_below_3d_SDC_VD0910216A_item_001893_d1698",1.0,1.0,1.0,0.0,0.0,1.0,1.0,0.7,1.0,1.0,0.9,0.97,1.0,0.0,1.0,1.0,0.0
1699,SDC-VD0910216A,M-1810,item:001893,edge:SDC-VD0910216A_TO_M-1810_001893,"state_stock_stock_cover_zero_SDC_VD0910216A_item_001893_d1691,state_stock_stock_cover_below_3d_SDC_VD0910216A_item_001893_d1692,state_upstream_upstream_rejection_avg_7d_above_10pct_with_stock_cover_below_7d_SDC_VD0910216A_item_001893_d1692,state_stock_stock_cover_below_5d_SDC_VD0910216A_item_001893_d1695,state_upstream_upstream_rejection_avg_14d_above_50pct_with_stock_cover_below_3d_SDC_VD0910216A_item_001893_d1698",1.0,1.0,1.0,0.0,0.0,1.0,1.0,0.7,1.0,1.0,0.9,0.97,1.0,0.0,1.0,1.0,0.0
1700,SDC-VD0910216A,SDC-VD0910216A,item:001893,SUPPLIER_UPSTREAM_SUPPLY_PROACTIVE,"state_stock_stock_cover_zero_SDC_VD0910216A_item_001893_d1691,state_stock_stock_cover_below_3d_SDC_VD0910216A_item_001893_d1692,state_stock_stock_cover_below_5d_SDC_VD0910216A_item_001893_d1695,state_upstream_upstream_rejection_avg_14d_above_50pct_with_stock_cover_below_3d_SDC_VD0910216A_item_001893_d1698",1.0,1.0,1.0,0.0,0.0,1.0,1.0,0.7,1.0,1.0,0.9,1.0,1.0,0.0,1.0,1.0,0.0
1700,SDC-VD0910216A,M-1810,item:001893,edge:SDC-VD0910216A_TO_M-1810_001893,"state_stock_stock_cover_zero_SDC_VD0910216A_item_001893_d1691,state_stock_stock_cover_below_3d_SDC_VD0910216A_item_001893_d1692,state_stock_stock_cover_below_5d_SDC_VD0910216A_item_001893_d1695,state_upstream_upstream_rejection_avg_14d_above_50pct_with_stock_cover_below_3d_SDC_VD0910216A_item_001893_d1698",1.0,1.0,1.0,0.0,0.0,1.0,1.0,0.7,1.0,1.0,0.9,1.0,1.0,0.0,1.0,1.0,0.0
1701,SDC-VD0910216A,SDC-VD0910216A,item:001893,SUPPLIER_UPSTREAM_SUPPLY_PROACTIVE,"state_stock_stock_cover_zero_SDC_VD0910216A_item_001893_d1691,state_stock_stock_cover_below_3d_SDC_VD0910216A_item_001893_d1692,state_stock_stock_cover_below_5d_SDC_VD0910216A_item_001893_d1695,state_upstream_upstream_rejection_avg_14d_above_50pct_with_stock_cover_below_3d_SDC_VD0910216A_item_001893_d1698",1.0,1.0,1.0,0.0,0.0,1.0,1.0,0.7,1.0,1.0,0.9,1.0,1.0,0.0,1.0,1.0,0.0
1701,SDC-VD0910216A,M-1810,item:001893,edge:SDC-VD0910216A_TO_M-1810_001893,"state_stock_stock_cover_zero_SDC_VD0910216A_item_001893_d1691,state_stock_stock_cover_below_3d_SDC_VD0910216A_item_001893_d1692,state_stock_stock_cover_below_5d_SDC_VD0910216A_item_001893_d1695,state_upstream_upstream_rejection_avg_14d_above_50pct_with_stock_cover_below_3d_SDC_VD0910216A_item_001893_d1698",1.0,1.0,1.0,0.0,0.0,1.0,1.0,0.7,1.0,1.0,0.9,1.0,1.0,0.0,1.0,1.0,0.0
1702,SDC-VD0910216A,SDC-VD0910216A,item:001893,SUPPLIER_UPSTREAM_SUPPLY_PROACTIVE,"state_stock_stock_cover_zero_SDC_VD0910216A_item_001893_d1691,state_stock_stock_cover_below_3d_SDC_VD0910216A_item_001893_d1692,state_stock_stock_cover_below_5d_SDC_VD0910216A_item_001893_d1695,state_upstream_upstream_rejection_avg_14d_above_50pct_with_stock_cover_below_3d_SDC_VD0910216A_item_001893_d1698",1.0,1.0,1.0,0.0,0.0,1.0,1.0,0.7,1.0,1.0,0.9,1.0,1.0,0.0,1.0,1.0,0.0
1702,SDC-VD0910216A,M-1810,item:001893,edge:SDC-VD0910216A_TO_M-1810_001893,"state_stock_stock_cover_zero_SDC_VD0910216A_item_001893_d1691,state_stock_stock_cover_below_3d_SDC_VD0910216A_item_001893_d1692,state_stock_stock_cover_below_5d_SDC_VD0910216A_item_001893_d1695,state_upstream_upstream_rejection_avg_14d_above_50pct_with_stock_cover_below_3d_SDC_VD0910216A_item_001893_d1698",1.0,1.0,1.0,0.0,0.0,1.0,1.0,0.7,1.0,1.0,0.9,1.0,1.0,0.0,1.0,1.0,0.0
1703,SDC-VD0910216A,SDC-VD0910216A,item:001893,SUPPLIER_UPSTREAM_SUPPLY_PROACTIVE,"state_stock_stock_cover_zero_SDC_VD0910216A_item_001893_d1691,state_stock_stock_cover_below_3d_SDC_VD0910216A_item_001893_d1692,state_upstream_upstream_rejection_avg_14d_above_50pct_with_stock_cover_below_3d_SDC_VD0910216A_item_001893_d1698",1.0,1.0,1.0,0.0,0.0,1.0,1.0,0.7,1.0,1.0,0.9,1.0,1.0,0.0,1.0,1.0,0.0
1703,SDC-VD0910216A,M-1810,item:001893,edge:SDC-VD0910216A_TO_M-1810_001893,"state_stock_stock_cover_zero_SDC_VD0910216A_item_001893_d1691,state_stock_stock_cover_below_3d_SDC_VD0910216A_item_001893_d1692,state_upstream_upstream_rejection_avg_14d_above_50pct_with_stock_cover_below_3d_SDC_VD0910216A_item_001893_d1698",1.0,1.0,1.0,0.0,0.0,1.0,1.0,0.7,1.0,1.0,0.9,1.0,1.0,0.0,1.0,1.0,0.0
1704,SDC-VD0910216A,SDC-VD0910216A,item:001893,SUPPLIER_UPSTREAM_SUPPLY_PROACTIVE,"state_stock_stock_cover_zero_SDC_VD0910216A_item_001893_d1691,state_stock_stock_cover_below_3d_SDC_VD0910216A_item_001893_d1692,state_upstream_upstream_rejection_avg_14d_above_50pct_with_stock_cover_below_3d_SDC_VD0910216A_item_001893_d1698",1.0,1.0,1.0,0.0,0.0,1.0,1.0,0.7,1.0,1.0,0.9,1.0,1.0,0.0,1.0,1.0,0.0
1704,SDC-VD0910216A,M-1810,item:001893,edge:SDC-VD0910216A_TO_M-1810_001893,"state_stock_stock_cover_zero_SDC_VD0910216A_item_001893_d1691,state_stock_stock_cover_below_3d_SDC_VD0910216A_item_001893_d1692,state_upstream_upstream_rejection_avg_14d_above_50pct_with_stock_cover_below_3d_SDC_VD0910216A_item_001893_d1698",1.0,1.0,1.0,0.0,0.0,1.0,1.0,0.7,1.0,1.0,0.9,1.0,1.0,0.0,1.0,1.0,0.0
1705,SDC-VD0910216A,SDC-VD0910216A,item:001893,SUPPLIER_UPSTREAM_SUPPLY_PROACTIVE,"state_stock_stock_cover_zero_SDC_VD0910216A_item_001893_d1691,state_stock_stock_cover_below_3d_SDC_VD0910216A_item_001893_d1692,state_upstream_upstream_rejection_avg_14d_above_50pct_with_stock_cover_below_3d_SDC_VD0910216A_item_001893_d1698",1.0,1.0,1.0,0.0,0.0,1.0,1.0,0.7,1.0,1.0,0.9,1.0,1.0,0.0,1.0,1.0,0.0
1705,SDC-VD0910216A,M-1810,item:001893,edge:SDC-VD0910216A_TO_M-1810_001893,"state_stock_stock_cover_zero_SDC_VD0910216A_item_001893_d1691,state_stock_stock_cover_below_3d_SDC_VD0910216A_item_001893_d1692,state_upstream_upstream_rejection_avg_14d_above_50pct_with_stock_cover_below_3d_SDC_VD0910216A_item_001893_d1698",1.0,1.0,1.0,0.0,0.0,1.0,1.0,0.7,1.0,1.0,0.9,1.0,1.0,0.0,1.0,1.0,0.0
1706,SDC-VD0910216A,SDC-VD0910216A,item:001893,SUPPLIER_UPSTREAM_SUPPLY_PROACTIVE,"state_stock_stock_cover_zero_SDC_VD0910216A_item_001893_d1691,state_stock_stock_cover_below_3d_SDC_VD0910216A_item_001893_d1692,state_upstream_upstream_rejection_avg_14d_above_50pct_with_stock_cover_below_3d_SDC_VD0910216A_item_001893_d1698",1.0,1.0,1.0,0.0,0.0,1.0,1.0,0.7,1.0,1.0,0.9,1.0,1.0,0.0,1.0,1.0,0.0
1706,SDC-VD0910216A,M-1810,item:001893,edge:SDC-VD0910216A_TO_M-1810_001893,"state_stock_stock_cover_zero_SDC_VD0910216A_item_001893_d1691,state_stock_stock_cover_below_3d_SDC_VD0910216A_item_001893_d1692,state_upstream_upstream_rejection_avg_14d_above_50pct_with_stock_cover_below_3d_SDC_VD0910216A_item_001893_d1698",1.0,1.0,1.0,0.0,0.0,1.0,1.0,0.7,1.0,1.0,0.9,1.0,1.0,0.0,1.0,1.0,0.0
1707,SDC-VD0910216A,SDC-VD0910216A,item:001893,SUPPLIER_UPSTREAM_SUPPLY_PROACTIVE,"state_stock_stock_cover_zero_SDC_VD0910216A_item_001893_d1691,state_upstream_upstream_rejection_avg_14d_above_50pct_with_stock_cover_below_3d_SDC_VD0910216A_item_001893_d1698",1.0,1.0,1.0,0.0,0.0,1.0,1.0,0.7,1.0,1.0,0.9,1.0,1.0,0.0,1.0,1.0,0.0
1707,SDC-VD0910216A,M-1810,item:001893,edge:SDC-VD0910216A_TO_M-1810_001893,"state_stock_stock_cover_zero_SDC_VD0910216A_item_001893_d1691,state_upstream_upstream_rejection_avg_14d_above_50pct_with_stock_cover_below_3d_SDC_VD0910216A_item_001893_d1698",1.0,1.0,1.0,0.0,0.0,1.0,1.0,0.7,1.0,1.0,0.9,1.0,1.0,0.0,1.0,1.0,0.0
1708,SDC-VD0910216A,SDC-VD0910216A,item:001893,SUPPLIER_UPSTREAM_SUPPLY_PROACTIVE,"state_stock_stock_cover_zero_SDC_VD0910216A_item_001893_d1691,state_upstream_upstream_rejection_avg_14d_above_50pct_with_stock_cover_below_3d_SDC_VD0910216A_item_001893_d1698",1.0,1.0,1.0,0.0,0.0,1.0,1.0,0.7,1.0,1.0,0.9,1.0,1.0,0.0,1.0,1.0,0.0
1708,SDC-VD0910216A,M-1810,item:001893,edge:SDC-VD0910216A_TO_M-1810_001893,"state_stock_stock_cover_zero_SDC_VD0910216A_item_001893_d1691,state_upstream_upstream_rejection_avg_14d_above_50pct_with_stock_cover_below_3d_SDC_VD0910216A_item_001893_d1698",1.0,1.0,1.0,0.0,0.0,1.0,1.0,0.7,1.0,1.0,0.9,1.0,1.0,0.0,1.0,1.0,0.0
1709,SDC-VD0910216A,SDC-VD0910216A,item:001893,SUPPLIER_UPSTREAM_SUPPLY_PROACTIVE,"state_stock_stock_cover_zero_SDC_VD0910216A_item_001893_d1691,state_upstream_upstream_rejection_avg_14d_above_50pct_with_stock_cover_below_3d_SDC_VD0910216A_item_001893_d1698",1.0,1.0,1.0,0.0,0.0,1.0,1.0,0.7,1.0,1.0,0.9,1.0,1.0,0.0,1.0,1.0,0.0
1709,SDC-VD0910216A,M-1810,item:001893,edge:SDC-VD0910216A_TO_M-1810_001893,"state_stock_stock_cover_zero_SDC_VD0910216A_item_001893_d1691,state_upstream_upstream_rejection_avg_14d_above_50pct_with_stock_cover_below_3d_SDC_VD0910216A_item_001893_d1698",1.0,1.0,1.0,0.0,0.0,1.0,1.0,0.7,1.0,1.0,0.9,1.0,1.0,0.0,1.0,1.0,0.0
1710,SDC-VD0910216A,SDC-VD0910216A,item:001893,SUPPLIER_UPSTREAM_SUPPLY_PROACTIVE,"state_stock_stock_cover_zero_SDC_VD0910216A_item_001893_d1691,state_upstream_upstream_rejection_avg_14d_above_50pct_with_stock_cover_below_3d_SDC_VD0910216A_item_001893_d1698",1.0,1.0,1.0,0.0,0.0,1.0,1.0,0.7,1.0,1.0,0.9,1.0,1.0,0.0,1.0,1.0,0.0
1710,SDC-VD0910216A,M-1810,item:001893,edge:SDC-VD0910216A_TO_M-1810_001893,"state_stock_stock_cover_zero_SDC_VD0910216A_item_001893_d1691,state_upstream_upstream_rejection_avg_14d_above_50pct_with_stock_cover_below_3d_SDC_VD0910216A_item_001893_d1698",1.0,1.0,1.0,0.0,0.0,1.0,1.0,0.7,1.0,1.0,0.9,1.0,1.0,0.0,1.0,1.0,0.0
1711,SDC-VD0910216A,SDC-VD0910216A,item:001893,SUPPLIER_UPSTREAM_SUPPLY_PROACTIVE,"state_stock_stock_cover_zero_SDC_VD0910216A_item_001893_d1691,state_upstream_upstream_rejection_avg_14d_above_50pct_with_stock_cover_below_3d_SDC_VD0910216A_item_001893_d1698",1.0,1.0,1.0,0.0,0.0,1.0,1.0,0.7,1.0,1.0,0.9,1.0,1.0,0.0,1.0,1.0,0.0
1711,SDC-VD0910216A,M-1810,item:001893,edge:SDC-VD0910216A_TO_M-1810_001893,"state_stock_stock_cover_zero_SDC_VD0910216A_item_001893_d1691,state_upstream_upstream_rejection_avg_14d_above_50pct_with_stock_cover_below_3d_SDC_VD0910216A_item_001893_d1698",1.0,1.0,1.0,0.0,0.0,1.0,1.0,0.7,1.0,1.0,0.9,1.0,1.0,0.0,1.0,1.0,0.0
1712,SDC-VD0910216A,SDC-VD0910216A,item:001893,SUPPLIER_UPSTREAM_SUPPLY_PROACTIVE,"state_stock_stock_cover_zero_SDC_VD0910216A_item_001893_d1691,state_upstream_upstream_rejection_avg_14d_above_50pct_with_stock_cover_below_3d_SDC_VD0910216A_item_001893_d1698",1.0,1.0,1.0,0.0,0.0,1.0,1.0,0.7,1.0,1.0,0.9,1.0,1.0,0.0,1.0,1.0,0.0
1712,SDC-VD0910216A,M-1810,item:001893,edge:SDC-VD0910216A_TO_M-1810_001893,"state_stock_stock_cover_zero_SDC_VD0910216A_item_001893_d1691,state_upstream_upstream_rejection_avg_14d_above_50pct_with_stock_cover_below_3d_SDC_VD0910216A_item_001893_d1698",1.0,1.0,1.0,0.0,0.0,1.0,1.0,0.7,1.0,1.0,0.9,1.0,1.0,0.0,1.0,1.0,0.0
1774,SDC-VD0956464A,SDC-VD0956464A,item:007923,SUPPLIER_UPSTREAM_SUPPLY_PROACTIVE,state_lead_observed_lead_ratio_above_125pct_SDC_VD0956464A_item_007923_d1773,1.0,1.0,1.0,3.0,0.0,1.0,1.0,1.0,1.0,1.0,1.0,1.0,1.0,0.0,1.0,1.0,0.0
1780,SDC-VD0956464A,M-1810,item:007923,edge:SDC-VD0956464A_TO_M-1810_007923,state_lead_observed_lead_ratio_above_125pct_SDC_VD0956464A_item_007923_d1773,1.0,1.0,1.0,3.0,0.0,1.0,1.0,1.0,1.0,1.0,1.0,1.0,1.0,0.0,1.0,1.0,0.0
1781,SDC-VD0951020A,SDC-VD0951020A,item:007923,SUPPLIER_UPSTREAM_SUPPLY_PROACTIVE,state_lead_observed_lead_ratio_above_125pct_SDC_VD0951020A_item_007923_d1780,1.0,1.0,1.0,3.0,0.0,1.0,1.0,1.0,1.0,1.0,1.0,1.0,1.0,0.0,1.0,1.0,0.0
1781,SDC-VD0956464A,SDC-VD0956464A,item:007923,SUPPLIER_UPSTREAM_SUPPLY_PROACTIVE,"state_lead_observed_lead_ratio_above_125pct_SDC_VD0956464A_item_007923_d1773,state_lead_observed_lead_ratio_above_110pct_SDC_VD0956464A_item_007923_d1780",1.0,1.0,1.1,3.0,0.0,1.0,1.0,1.0,1.0,1.0,1.0,1.0,1.0,0.0,1.0,1.0,0.0
1781,SDC-VD0956464A,M-1810,item:007923,edge:SDC-VD0956464A_TO_M-1810_007923,"state_lead_observed_lead_ratio_above_125pct_SDC_VD0956464A_item_007923_d1773,state_lead_observed_lead_ratio_above_110pct_SDC_VD0956464A_item_007923_d1780",1.0,1.0,1.1,3.0,0.0,1.0,1.0,1.0,1.0,1.0,1.0,1.0,1.0,0.0,1.0,1.0,0.0
1781,SDC-VD0951020A,M-1810,item:007923,edge:SDC-VD0951020A_TO_M-1810_007923,state_lead_observed_lead_ratio_above_125pct_SDC_VD0951020A_item_007923_d1780,1.0,1.0,1.0,3.0,0.0,1.0,1.0,1.0,1.0,1.0,1.0,1.0,1.0,0.0,1.0,1.0,0.0
1782,SDC-VD0951020A,SDC-VD0951020A,item:007923,SUPPLIER_UPSTREAM_SUPPLY_PROACTIVE,"state_lead_observed_lead_ratio_above_125pct_SDC_VD0951020A_item_007923_d1780,state_lead_observed_lead_ratio_above_110pct_SDC_VD0951020A_item_007923_d1781",1.0,1.0,1.1,3.0,0.0,1.0,1.0,1.0,1.0,1.0,1.0,1.0,1.0,0.0,1.0,1.0,0.0
1782,SDC-VD0956464A,SDC-VD0956464A,item:007923,SUPPLIER_UPSTREAM_SUPPLY_PROACTIVE,"state_lead_observed_lead_ratio_above_125pct_SDC_VD0956464A_item_007923_d1773,state_lead_observed_lead_ratio_above_110pct_SDC_VD0956464A_item_007923_d1780,state_lead_observed_lead_ratio_above_135pct_SDC_VD0956464A_item_007923_d1781",1.0,1.0,1.1,8.0,0.0,1.0,1.0,1.0,1.0,1.0,1.0,1.0,1.0,0.0,1.0,1.0,0.0
1782,SDC-VD0956464A,M-1810,item:007923,edge:SDC-VD0956464A_TO_M-1810_007923,"state_lead_observed_lead_ratio_above_125pct_SDC_VD0956464A_item_007923_d1773,state_lead_observed_lead_ratio_above_110pct_SDC_VD0956464A_item_007923_d1780,state_lead_observed_lead_ratio_above_135pct_SDC_VD0956464A_item_007923_d1781",1.0,1.0,1.1,8.0,0.0,1.0,1.0,1.0,1.0,1.0,1.0,1.0,1.0,0.0,1.0,1.0,0.0
1782,SDC-VD0951020A,M-1810,item:007923,edge:SDC-VD0951020A_TO_M-1810_007923,"state_lead_observed_lead_ratio_above_125pct_SDC_VD0951020A_item_007923_d1780,state_lead_observed_lead_ratio_above_110pct_SDC_VD0951020A_item_007923_d1781",1.0,1.0,1.1,3.0,0.0,1.0,1.0,1.0,1.0,1.0,1.0,1.0,1.0,0.0,1.0,1.0,0.0
1783,SDC-VD0951020A,SDC-VD0951020A,item:007923,SUPPLIER_UPSTREAM_SUPPLY_PROACTIVE,"state_lead_observed_lead_ratio_above_125pct_SDC_VD0951020A_item_007923_d1780,state_lead_observed_lead_ratio_above_110pct_SDC_VD0951020A_item_007923_d1781,state_lead_observed_lead_ratio_above_135pct_SDC_VD0951020A_item_007923_d1782",1.0,1.0,1.1,8.0,0.0,1.0,1.0,1.0,1.0,1.0,1.0,1.0,1.0,0.0,1.0,1.0,0.0
1783,SDC-VD0956464A,SDC-VD0956464A,item:007923,SUPPLIER_UPSTREAM_SUPPLY_PROACTIVE,"state_lead_observed_lead_ratio_above_125pct_SDC_VD0956464A_item_007923_d1773,state_lead_observed_lead_ratio_above_110pct_SDC_VD0956464A_item_007923_d1780,state_lead_observed_lead_ratio_above_135pct_SDC_VD0956464A_item_007923_d1781",1.0,1.0,1.1,8.0,0.0,1.0,1.0,1.0,1.0,1.0,1.0,1.0,1.0,0.0,1.0,1.0,0.0
1783,SDC-VD0956464A,M-1810,item:007923,edge:SDC-VD0956464A_TO_M-1810_007923,"state_lead_observed_lead_ratio_above_125pct_SDC_VD0956464A_item_007923_d1773,state_lead_observed_lead_ratio_above_110pct_SDC_VD0956464A_item_007923_d1780,state_lead_observed_lead_ratio_above_135pct_SDC_VD0956464A_item_007923_d1781",1.0,1.0,1.1,8.0,0.0,1.0,1.0,1.0,1.0,1.0,1.0,1.0,1.0,0.0,1.0,1.0,0.0
1783,SDC-VD0951020A,M-1810,item:007923,edge:SDC-VD0951020A_TO_M-1810_007923,"state_lead_observed_lead_ratio_above_125pct_SDC_VD0951020A_item_007923_d1780,state_lead_observed_lead_ratio_above_110pct_SDC_VD0951020A_item_007923_d1781,state_lead_observed_lead_ratio_above_135pct_SDC_VD0951020A_item_007923_d1782",1.0,1.0,1.1,8.0,0.0,1.0,1.0,1.0,1.0,1.0,1.0,1.0,1.0,0.0,1.0,1.0,0.0
1784,SDC-VD0951020A,SDC-VD0951020A,item:007923,SUPPLIER_UPSTREAM_SUPPLY_PROACTIVE,"state_lead_observed_lead_ratio_above_125pct_SDC_VD0951020A_item_007923_d1780,state_lead_observed_lead_ratio_above_110pct_SDC_VD0951020A_item_007923_d1781,state_lead_observed_lead_ratio_above_135pct_SDC_VD0951020A_item_007923_d1782",1.0,1.0,1.1,8.0,0.0,1.0,1.0,1.0,1.0,1.0,1.0,1.0,1.0,0.0,1.0,1.0,0.0
1784,SDC-VD0956464A,SDC-VD0956464A,item:007923,SUPPLIER_UPSTREAM_SUPPLY_PROACTIVE,"state_lead_observed_lead_ratio_above_125pct_SDC_VD0956464A_item_007923_d1773,state_lead_observed_lead_ratio_above_110pct_SDC_VD0956464A_item_007923_d1780,state_lead_observed_lead_ratio_above_135pct_SDC_VD0956464A_item_007923_d1781",1.0,1.0,1.1,8.0,0.0,1.0,1.0,1.0,1.0,1.0,1.0,1.0,1.0,0.0,1.0,1.0,0.0
1784,SDC-VD0956464A,M-1810,item:007923,edge:SDC-VD0956464A_TO_M-1810_007923,"state_lead_observed_lead_ratio_above_125pct_SDC_VD0956464A_item_007923_d1773,state_lead_observed_lead_ratio_above_110pct_SDC_VD0956464A_item_007923_d1780,state_lead_observed_lead_ratio_above_135pct_SDC_VD0956464A_item_007923_d1781",1.0,1.0,1.1,8.0,0.0,1.0,1.0,1.0,1.0,1.0,1.0,1.0,1.0,0.0,1.0,1.0,0.0
1784,SDC-VD0951020A,M-1810,item:007923,edge:SDC-VD0951020A_TO_M-1810_007923,"state_lead_observed_lead_ratio_above_125pct_SDC_VD0951020A_item_007923_d1780,state_lead_observed_lead_ratio_above_110pct_SDC_VD0951020A_item_007923_d1781,state_lead_observed_lead_ratio_above_135pct_SDC_VD0951020A_item_007923_d1782",1.0,1.0,1.1,8.0,0.0,1.0,1.0,1.0,1.0,1.0,1.0,1.0,1.0,0.0,1.0,1.0,0.0
1785,SDC-VD0951020A,SDC-VD0951020A,item:007923,SUPPLIER_UPSTREAM_SUPPLY_PROACTIVE,"state_lead_observed_lead_ratio_above_125pct_SDC_VD0951020A_item_007923_d1780,state_lead_observed_lead_ratio_above_110pct_SDC_VD0951020A_item_007923_d1781,state_lead_observed_lead_ratio_above_135pct_SDC_VD0951020A_item_007923_d1782",1.0,1.0,1.1,8.0,0.0,1.0,1.0,1.0,1.0,1.0,1.0,1.0,1.0,0.0,1.0,1.0,0.0
1785,SDC-VD0956464A,SDC-VD0956464A,item:007923,SUPPLIER_UPSTREAM_SUPPLY_PROACTIVE,"state_lead_observed_lead_ratio_above_125pct_SDC_VD0956464A_item_007923_d1773,state_lead_observed_lead_ratio_above_110pct_SDC_VD0956464A_item_007923_d1780,state_lead_observed_lead_ratio_above_135pct_SDC_VD0956464A_item_007923_d1781",1.0,1.0,1.1,8.0,0.0,1.0,1.0,1.0,1.0,1.0,1.0,1.0,1.0,0.0,1.0,1.0,0.0
1785,SDC-VD0956464A,M-1810,item:007923,edge:SDC-VD0956464A_TO_M-1810_007923,"state_lead_observed_lead_ratio_above_125pct_SDC_VD0956464A_item_007923_d1773,state_lead_observed_lead_ratio_above_110pct_SDC_VD0956464A_item_007923_d1780,state_lead_observed_lead_ratio_above_135pct_SDC_VD0956464A_item_007923_d1781",1.0,1.0,1.1,8.0,0.0,1.0,1.0,1.0,1.0,1.0,1.0,1.0,1.0,0.0,1.0,1.0,0.0
1785,SDC-VD0951020A,M-1810,item:007923,edge:SDC-VD0951020A_TO_M-1810_007923,"state_lead_observed_lead_ratio_above_125pct_SDC_VD0951020A_item_007923_d1780,state_lead_observed_lead_ratio_above_110pct_SDC_VD0951020A_item_007923_d1781,state_lead_observed_lead_ratio_above_135pct_SDC_VD0951020A_item_007923_d1782",1.0,1.0,1.1,8.0,0.0,1.0,1.0,1.0,1.0,1.0,1.0,1.0,1.0,0.0,1.0,1.0,0.0
1786,SDC-VD0951020A,SDC-VD0951020A,item:007923,SUPPLIER_UPSTREAM_SUPPLY_PROACTIVE,"state_lead_observed_lead_ratio_above_125pct_SDC_VD0951020A_item_007923_d1780,state_lead_observed_lead_ratio_above_110pct_SDC_VD0951020A_item_007923_d1781,state_lead_observed_lead_ratio_above_135pct_SDC_VD0951020A_item_007923_d1782",1.0,1.0,1.1,8.0,0.0,1.0,1.0,1.0,1.0,1.0,1.0,1.0,1.0,0.0,1.0,1.0,0.0
1786,SDC-VD0956464A,SDC-VD0956464A,item:007923,SUPPLIER_UPSTREAM_SUPPLY_PROACTIVE,"state_lead_observed_lead_ratio_above_125pct_SDC_VD0956464A_item_007923_d1773,state_lead_observed_lead_ratio_above_110pct_SDC_VD0956464A_item_007923_d1780,state_lead_observed_lead_ratio_above_135pct_SDC_VD0956464A_item_007923_d1781",1.0,1.0,1.1,8.0,0.0,1.0,1.0,1.0,1.0,1.0,1.0,1.0,1.0,0.0,1.0,1.0,0.0
1786,SDC-VD0956464A,M-1810,item:007923,edge:SDC-VD0956464A_TO_M-1810_007923,"state_lead_observed_lead_ratio_above_125pct_SDC_VD0956464A_item_007923_d1773,state_lead_observed_lead_ratio_above_110pct_SDC_VD0956464A_item_007923_d1780,state_lead_observed_lead_ratio_above_135pct_SDC_VD0956464A_item_007923_d1781",1.0,1.0,1.1,8.0,0.0,1.0,1.0,1.0,1.0,1.0,1.0,1.0,1.0,0.0,1.0,1.0,0.0
1786,SDC-VD0951020A,M-1810,item:007923,edge:SDC-VD0951020A_TO_M-1810_007923,"state_lead_observed_lead_ratio_above_125pct_SDC_VD0951020A_item_007923_d1780,state_lead_observed_lead_ratio_above_110pct_SDC_VD0951020A_item_007923_d1781,state_lead_observed_lead_ratio_above_135pct_SDC_VD0951020A_item_007923_d1782",1.0,1.0,1.1,8.0,0.0,1.0,1.0,1.0,1.0,1.0,1.0,1.0,1.0,0.0,1.0,1.0,0.0
1787,SDC-VD0951020A,SDC-VD0951020A,item:007923,SUPPLIER_UPSTREAM_SUPPLY_PROACTIVE,"state_lead_observed_lead_ratio_above_125pct_SDC_VD0951020A_item_007923_d1780,state_lead_observed_lead_ratio_above_110pct_SDC_VD0951020A_item_007923_d1781,state_lead_observed_lead_ratio_above_135pct_SDC_VD0951020A_item_007923_d1782",1.0,1.0,1.1,8.0,0.0,1.0,1.0,1.0,1.0,1.0,1.0,1.0,1.0,0.0,1.0,1.0,0.0
1787,SDC-VD0956464A,SDC-VD0956464A,item:007923,SUPPLIER_UPSTREAM_SUPPLY_PROACTIVE,"state_lead_observed_lead_ratio_above_125pct_SDC_VD0956464A_item_007923_d1773,state_lead_observed_lead_ratio_above_110pct_SDC_VD0956464A_item_007923_d1780,state_lead_observed_lead_ratio_above_135pct_SDC_VD0956464A_item_007923_d1781",1.0,1.0,1.1,8.0,0.0,1.0,1.0,1.0,1.0,1.0,1.0,1.0,1.0,0.0,1.0,1.0,0.0
1787,SDC-VD0956464A,M-1810,item:007923,edge:SDC-VD0956464A_TO_M-1810_007923,"state_lead_observed_lead_ratio_above_125pct_SDC_VD0956464A_item_007923_d1773,state_lead_observed_lead_ratio_above_110pct_SDC_VD0956464A_item_007923_d1780,state_lead_observed_lead_ratio_above_135pct_SDC_VD0956464A_item_007923_d1781",1.0,1.0,1.1,8.0,0.0,1.0,1.0,1.0,1.0,1.0,1.0,1.0,1.0,0.0,1.0,1.0,0.0
1787,SDC-VD0951020A,M-1810,item:007923,edge:SDC-VD0951020A_TO_M-1810_007923,"state_lead_observed_lead_ratio_above_125pct_SDC_VD0951020A_item_007923_d1780,state_lead_observed_lead_ratio_above_110pct_SDC_VD0951020A_item_007923_d1781,state_lead_observed_lead_ratio_above_135pct_SDC_VD0951020A_item_007923_d1782",1.0,1.0,1.1,8.0,0.0,1.0,1.0,1.0,1.0,1.0,1.0,1.0,1.0,0.0,1.0,1.0,0.0
1788,SDC-VD0951020A,SDC-VD0951020A,item:007923,SUPPLIER_UPSTREAM_SUPPLY_PROACTIVE,"state_lead_observed_lead_ratio_above_125pct_SDC_VD0951020A_item_007923_d1780,state_lead_observed_lead_ratio_above_110pct_SDC_VD0951020A_item_007923_d1781,state_lead_observed_lead_ratio_above_135pct_SDC_VD0951020A_item_007923_d1782",1.0,1.0,1.1,8.0,0.0,1.0,1.0,1.0,1.0,1.0,1.0,1.0,1.0,0.0,1.0,1.0,0.0
1788,SDC-VD0956464A,SDC-VD0956464A,item:007923,SUPPLIER_UPSTREAM_SUPPLY_PROACTIVE,state_lead_observed_lead_ratio_above_135pct_SDC_VD0956464A_item_007923_d1781,1.0,1.0,1.0,5.0,0.0,1.0,1.0,1.0,1.0,1.0,1.0,1.0,1.0,0.0,1.0,1.0,0.0
1788,SDC-VD0956464A,M-1810,item:007923,edge:SDC-VD0956464A_TO_M-1810_007923,state_lead_observed_lead_ratio_above_135pct_SDC_VD0956464A_item_007923_d1781,1.0,1.0,1.0,5.0,0.0,1.0,1.0,1.0,1.0,1.0,1.0,1.0,1.0,0.0,1.0,1.0,0.0
1788,SDC-VD0951020A,M-1810,item:007923,edge:SDC-VD0951020A_TO_M-1810_007923,"state_lead_observed_lead_ratio_above_125pct_SDC_VD0951020A_item_007923_d1780,state_lead_observed_lead_ratio_above_110pct_SDC_VD0951020A_item_007923_d1781,state_lead_observed_lead_ratio_above_135pct_SDC_VD0951020A_item_007923_d1782",1.0,1.0,1.1,8.0,0.0,1.0,1.0,1.0,1.0,1.0,1.0,1.0,1.0,0.0,1.0,1.0,0.0
1789,SDC-VD0951020A,SDC-VD0951020A,item:007923,SUPPLIER_UPSTREAM_SUPPLY_PROACTIVE,"state_lead_observed_lead_ratio_above_125pct_SDC_VD0951020A_item_007923_d1780,state_lead_observed_lead_ratio_above_135pct_SDC_VD0951020A_item_007923_d1782",1.0,1.0,1.0,8.0,0.0,1.0,1.0,1.0,1.0,1.0,1.0,1.0,1.0,0.0,1.0,1.0,0.0
1789,SDC-VD0956464A,SDC-VD0956464A,item:007923,SUPPLIER_UPSTREAM_SUPPLY_PROACTIVE,state_lead_observed_lead_ratio_above_135pct_SDC_VD0956464A_item_007923_d1781,1.0,1.0,1.0,5.0,0.0,1.0,1.0,1.0,1.0,1.0,1.0,1.0,1.0,0.0,1.0,1.0,0.0
1789,SDC-VD0956464A,M-1810,item:007923,edge:SDC-VD0956464A_TO_M-1810_007923,state_lead_observed_lead_ratio_above_135pct_SDC_VD0956464A_item_007923_d1781,1.0,1.0,1.0,5.0,0.0,1.0,1.0,1.0,1.0,1.0,1.0,1.0,1.0,0.0,1.0,1.0,0.0
1789,SDC-VD0951020A,M-1810,item:007923,edge:SDC-VD0951020A_TO_M-1810_007923,"state_lead_observed_lead_ratio_above_125pct_SDC_VD0951020A_item_007923_d1780,state_lead_observed_lead_ratio_above_135pct_SDC_VD0951020A_item_007923_d1782",1.0,1.0,1.0,8.0,0.0,1.0,1.0,1.0,1.0,1.0,1.0,1.0,1.0,0.0,1.0,1.0,0.0
1790,SDC-VD0951020A,SDC-VD0951020A,item:007923,SUPPLIER_UPSTREAM_SUPPLY_PROACTIVE,"state_lead_observed_lead_ratio_above_125pct_SDC_VD0951020A_item_007923_d1780,state_lead_observed_lead_ratio_above_135pct_SDC_VD0951020A_item_007923_d1782",1.0,1.0,1.0,8.0,0.0,1.0,1.0,1.0,1.0,1.0,1.0,1.0,1.0,0.0,1.0,1.0,0.0
1790,SDC-VD0956464A,SDC-VD0956464A,item:007923,SUPPLIER_UPSTREAM_SUPPLY_PROACTIVE,state_lead_observed_lead_ratio_above_135pct_SDC_VD0956464A_item_007923_d1781,1.0,1.0,1.0,5.0,0.0,1.0,1.0,1.0,1.0,1.0,1.0,1.0,1.0,0.0,1.0,1.0,0.0
1790,SDC-VD0956464A,M-1810,item:007923,edge:SDC-VD0956464A_TO_M-1810_007923,state_lead_observed_lead_ratio_above_135pct_SDC_VD0956464A_item_007923_d1781,1.0,1.0,1.0,5.0,0.0,1.0,1.0,1.0,1.0,1.0,1.0,1.0,1.0,0.0,1.0,1.0,0.0
1790,SDC-VD0951020A,M-1810,item:007923,edge:SDC-VD0951020A_TO_M-1810_007923,"state_lead_observed_lead_ratio_above_125pct_SDC_VD0951020A_item_007923_d1780,state_lead_observed_lead_ratio_above_135pct_SDC_VD0951020A_item_007923_d1782",1.0,1.0,1.0,8.0,0.0,1.0,1.0,1.0,1.0,1.0,1.0,1.0,1.0,0.0,1.0,1.0,0.0
1791,SDC-VD0951020A,SDC-VD0951020A,item:007923,SUPPLIER_UPSTREAM_SUPPLY_PROACTIVE,"state_lead_observed_lead_ratio_above_125pct_SDC_VD0951020A_item_007923_d1780,state_lead_observed_lead_ratio_above_135pct_SDC_VD0951020A_item_007923_d1782",1.0,1.0,1.0,8.0,0.0,1.0,1.0,1.0,1.0,1.0,1.0,1.0,1.0,0.0,1.0,1.0,0.0
1791,SDC-VD0956464A,SDC-VD0956464A,item:007923,SUPPLIER_UPSTREAM_SUPPLY_PROACTIVE,state_lead_observed_lead_ratio_above_135pct_SDC_VD0956464A_item_007923_d1781,1.0,1.0,1.0,5.0,0.0,1.0,1.0,1.0,1.0,1.0,1.0,1.0,1.0,0.0,1.0,1.0,0.0
1791,SDC-VD0956464A,M-1810,item:007923,edge:SDC-VD0956464A_TO_M-1810_007923,state_lead_observed_lead_ratio_above_135pct_SDC_VD0956464A_item_007923_d1781,1.0,1.0,1.0,5.0,0.0,1.0,1.0,1.0,1.0,1.0,1.0,1.0,1.0,0.0,1.0,1.0,0.0
1791,SDC-VD0951020A,M-1810,item:007923,edge:SDC-VD0951020A_TO_M-1810_007923,"state_lead_observed_lead_ratio_above_125pct_SDC_VD0951020A_item_007923_d1780,state_lead_observed_lead_ratio_above_135pct_SDC_VD0951020A_item_007923_d1782",1.0,1.0,1.0,8.0,0.0,1.0,1.0,1.0,1.0,1.0,1.0,1.0,1.0,0.0,1.0,1.0,0.0
1792,SDC-VD0951020A,SDC-VD0951020A,item:007923,SUPPLIER_UPSTREAM_SUPPLY_PROACTIVE,"state_lead_observed_lead_ratio_above_125pct_SDC_VD0951020A_item_007923_d1780,state_lead_observed_lead_ratio_above_135pct_SDC_VD0951020A_item_007923_d1782",1.0,1.0,1.0,8.0,0.0,1.0,1.0,1.0,1.0,1.0,1.0,1.0,1.0,0.0,1.0,1.0,0.0
1792,SDC-VD0956464A,SDC-VD0956464A,item:007923,SUPPLIER_UPSTREAM_SUPPLY_PROACTIVE,state_lead_observed_lead_ratio_above_135pct_SDC_VD0956464A_item_007923_d1781,1.0,1.0,1.0,5.0,0.0,1.0,1.0,1.0,1.0,1.0,1.0,1.0,1.0,0.0,1.0,1.0,0.0
1792,SDC-VD0956464A,M-1810,item:007923,edge:SDC-VD0956464A_TO_M-1810_007923,state_lead_observed_lead_ratio_above_135pct_SDC_VD0956464A_item_007923_d1781,1.0,1.0,1.0,5.0,0.0,1.0,1.0,1.0,1.0,1.0,1.0,1.0,1.0,0.0,1.0,1.0,0.0
1792,SDC-VD0951020A,M-1810,item:007923,edge:SDC-VD0951020A_TO_M-1810_007923,"state_lead_observed_lead_ratio_above_125pct_SDC_VD0951020A_item_007923_d1780,state_lead_observed_lead_ratio_above_135pct_SDC_VD0951020A_item_007923_d1782",1.0,1.0,1.0,8.0,0.0,1.0,1.0,1.0,1.0,1.0,1.0,1.0,1.0,0.0,1.0,1.0,0.0
1793,SDC-VD0951020A,SDC-VD0951020A,item:007923,SUPPLIER_UPSTREAM_SUPPLY_PROACTIVE,"state_lead_observed_lead_ratio_above_125pct_SDC_VD0951020A_item_007923_d1780,state_lead_observed_lead_ratio_above_135pct_SDC_VD0951020A_item_007923_d1782",1.0,1.0,1.0,8.0,0.0,1.0,1.0,1.0,1.0,1.0,1.0,1.0,1.0,0.0,1.0,1.0,0.0
1793,SDC-VD0956464A,SDC-VD0956464A,item:007923,SUPPLIER_UPSTREAM_SUPPLY_PROACTIVE,state_lead_observed_lead_ratio_above_135pct_SDC_VD0956464A_item_007923_d1781,1.0,1.0,1.0,5.0,0.0,1.0,1.0,1.0,1.0,1.0,1.0,1.0,1.0,0.0,1.0,1.0,0.0
1793,SDC-VD0956464A,M-1810,item:007923,edge:SDC-VD0956464A_TO_M-1810_007923,state_lead_observed_lead_ratio_above_135pct_SDC_VD0956464A_item_007923_d1781,1.0,1.0,1.0,5.0,0.0,1.0,1.0,1.0,1.0,1.0,1.0,1.0,1.0,0.0,1.0,1.0,0.0
1793,SDC-VD0951020A,M-1810,item:007923,edge:SDC-VD0951020A_TO_M-1810_007923,"state_lead_observed_lead_ratio_above_125pct_SDC_VD0951020A_item_007923_d1780,state_lead_observed_lead_ratio_above_135pct_SDC_VD0951020A_item_007923_d1782",1.0,1.0,1.0,8.0,0.0,1.0,1.0,1.0,1.0,1.0,1.0,1.0,1.0,0.0,1.0,1.0,0.0
1794,SDC-VD0951020A,SDC-VD0951020A,item:007923,SUPPLIER_UPSTREAM_SUPPLY_PROACTIVE,"state_lead_observed_lead_ratio_above_125pct_SDC_VD0951020A_item_007923_d1780,state_lead_observed_lead_ratio_above_135pct_SDC_VD0951020A_item_007923_d1782",1.0,1.0,1.0,8.0,0.0,1.0,1.0,1.0,1.0,1.0,1.0,1.0,1.0,0.0,1.0,1.0,0.0
1794,SDC-VD0956464A,SDC-VD0956464A,item:007923,SUPPLIER_UPSTREAM_SUPPLY_PROACTIVE,state_lead_observed_lead_ratio_above_135pct_SDC_VD0956464A_item_007923_d1781,1.0,1.0,1.0,5.0,0.0,1.0,1.0,1.0,1.0,1.0,1.0,1.0,1.0,0.0,1.0,1.0,0.0
1794,SDC-VD0956464A,M-1810,item:007923,edge:SDC-VD0956464A_TO_M-1810_007923,state_lead_observed_lead_ratio_above_135pct_SDC_VD0956464A_item_007923_d1781,1.0,1.0,1.0,5.0,0.0,1.0,1.0,1.0,1.0,1.0,1.0,1.0,1.0,0.0,1.0,1.0,0.0
1794,SDC-VD0951020A,M-1810,item:007923,edge:SDC-VD0951020A_TO_M-1810_007923,"state_lead_observed_lead_ratio_above_125pct_SDC_VD0951020A_item_007923_d1780,state_lead_observed_lead_ratio_above_135pct_SDC_VD0951020A_item_007923_d1782",1.0,1.0,1.0,8.0,0.0,1.0,1.0,1.0,1.0,1.0,1.0,1.0,1.0,0.0,1.0,1.0,0.0
1795,SDC-VD0951020A,SDC-VD0951020A,item:007923,SUPPLIER_UPSTREAM_SUPPLY_PROACTIVE,state_lead_observed_lead_ratio_above_135pct_SDC_VD0951020A_item_007923_d1782,1.0,1.0,1.0,5.0,0.0,1.0,1.0,1.0,1.0,1.0,1.0,1.0,1.0,0.0,1.0,1.0,0.0
1795,SDC-VD0956464A,SDC-VD0956464A,item:007923,SUPPLIER_UPSTREAM_SUPPLY_PROACTIVE,state_lead_observed_lead_ratio_above_135pct_SDC_VD0956464A_item_007923_d1781,1.0,1.0,1.0,5.0,0.0,1.0,1.0,1.0,1.0,1.0,1.0,1.0,1.0,0.0,1.0,1.0,0.0
1795,SDC-VD0956464A,M-1810,item:007923,edge:SDC-VD0956464A_TO_M-1810_007923,state_lead_observed_lead_ratio_above_135pct_SDC_VD0956464A_item_007923_d1781,1.0,1.0,1.0,5.0,0.0,1.0,1.0,1.0,1.0,1.0,1.0,1.0,1.0,0.0,1.0,1.0,0.0
1795,SDC-VD0951020A,M-1810,item:007923,edge:SDC-VD0951020A_TO_M-1810_007923,state_lead_observed_lead_ratio_above_135pct_SDC_VD0951020A_item_007923_d1782,1.0,1.0,1.0,5.0,0.0,1.0,1.0,1.0,1.0,1.0,1.0,1.0,1.0,0.0,1.0,1.0,0.0
1796,SDC-VD0951020A,SDC-VD0951020A,item:007923,SUPPLIER_UPSTREAM_SUPPLY_PROACTIVE,state_lead_observed_lead_ratio_above_135pct_SDC_VD0951020A_item_007923_d1782,1.0,1.0,1.0,5.0,0.0,1.0,1.0,1.0,1.0,1.0,1.0,1.0,1.0,0.0,1.0,1.0,0.0
