case_id,case_input,case_output_dir,guard::backlog_days,guard::max_daily_backlog_qty,guard::min_daily_service_rate,guard::raw_material_max_safety_floor_gap_qty,guard::raw_material_max_target_gap_qty,guard::raw_material_safety_floor_breach_days,guard::raw_material_safety_floor_breach_pairs,kpi::avg_inventory,kpi::cost_share_holding,kpi::cost_share_inventory_risk,kpi::cost_share_production,kpi::cost_share_purchase,kpi::cost_share_transport,kpi::cost_share_warehouse_operating,kpi::ending_backlog,kpi::ending_inventory,kpi::fill_rate,kpi::measured_required_total,kpi::measurement_starting_backlog,kpi::total_arrived,kpi::total_cost,kpi::total_demand,kpi::total_estimated_source_ordered_qty,kpi::total_estimated_source_rejected_qty,kpi::total_estimated_source_replenished_qty,kpi::total_explicit_initialization_pipeline_qty,kpi::total_explicit_initialization_stock_qty,kpi::total_external_procured_arrived_qty,kpi::total_external_procured_ordered_qty,kpi::total_external_procured_qty,kpi::total_external_procured_rejected_qty,kpi::total_external_procurement_cost,kpi::total_holding_cost,kpi::total_inventory_cost_legacy_raw_holding,kpi::total_inventory_risk_cost,kpi::total_logistics_cost,kpi::total_opening_open_order_qty,kpi::total_opening_stock_bootstrap_qty,kpi::total_produced,kpi::total_production_cost,kpi::total_purchase_cost,kpi::total_served,kpi::total_shipped,kpi::total_supplier_capacity_binding_qty,kpi::total_transport_cost,kpi::total_unreliable_loss_qty,kpi::total_warehouse_operating_cost,kpi::warmup_backlog_cleared_qty,level,parameter_group,parameter_key,parameter_label,safe_direction,status
baseline,etudecas\simulation\sensibility\active_supplier_parameter_result_upstream_constrained\cases\baseline\input_case.json,etudecas\simulation\sensibility\active_supplier_parameter_result_upstream_constrained\cases\baseline\simulation_output,2.0,5653.408164,0.0,7263350.6084,20793472.4136,136.0,8.0,664489123.4272,0.127112,0.072635,0.3,0.24618,0.090643,0.16343,0.0,620121663.3403,1.0,25762139.9999,0.0,888545020.1141,61148958.3234,25762139.9999,0.0,0.0,0.0,303596232.9482,208012846.7465,711625905.8924,546130595.645,546130595.645,2083708171.834,53329985.2626,7772769.5122,22207912.892,4441582.5784,27750608.4457,68338188.0,0.0,106327600.0,18344687.497,15053662.3807,25762139.9999,823730758.808,0.0,5542695.5537,0.0,9993560.8014,0.0,1.0,baseline,baseline,Baseline,baseline,ok
supplier_stock_scale_0_01,etudecas\simulation\sensibility\active_supplier_parameter_result_upstream_constrained\cases\supplier_stock_scale_0_01\input_case.json,etudecas\simulation\sensibility\active_supplier_parameter_result_upstream_constrained\cases\supplier_stock_scale_0_01\simulation_output,36.0,151557.272252,0.0,7595955.6435,21126077.4487,156.0,9.0,664364058.9711,0.137765,0.078723,0.3,0.231742,0.074644,0.177126,0.0,625329575.2102,1.0,25762139.9999,0.0,904156664.8726,73146715.7573,25762139.9999,0.0,0.0,0.0,303596232.9482,208018727.3465,782510905.8023,547380772.9935,547380772.9935,2175085847.1986,57256928.3825,10077053.7216,28791582.0617,5758316.4123,34251522.6459,68338188.0,0.0,117423200.0,21944014.7272,16951178.3842,25762139.9999,836482783.8726,0.0,5459940.5843,0.0,12956211.9278,0.0,0.01,supplier_stock_global,supplier_stock_scale,Stock fournisseur global,lower_is_riskier,ok
supplier_stock_scale_0_25,etudecas\simulation\sensibility\active_supplier_parameter_result_upstream_constrained\cases\supplier_stock_scale_0_25\input_case.json,etudecas\simulation\sensibility\active_supplier_parameter_result_upstream_constrained\cases\supplier_stock_scale_0_25\simulation_output,2.0,5653.408164,0.0,7263350.6084,41845599.600001,100.0,8.0,643998753.1329,0.122523,0.070013,0.3,0.263423,0.086512,0.157529,0.0,663367892.7573,1.0,25762139.9999,0.0,896464392.9953,62476799.4388,25762139.9999,0.0,0.0,0.0,303596232.9482,208017301.7465,802288732.5107,569391987.5624,569391987.5624,2539941226.9735,57486820.6081,7654833.932,21870954.0914,4374190.8183,27275955.5595,68338188.0,0.0,113799000.0,18743039.8316,16457804.0477,25762139.9999,829835888.0259,0.0,5405001.4681,0.0,9841929.3411,0.0,0.25,supplier_stock_global,supplier_stock_scale,Stock fournisseur global,lower_is_riskier,ok
supplier_stock_scale_0_5,etudecas\simulation\sensibility\active_supplier_parameter_result_upstream_constrained\cases\supplier_stock_scale_0_5\input_case.json,etudecas\simulation\sensibility\active_supplier_parameter_result_upstream_constrained\cases\supplier_stock_scale_0_5\simulation_output,2.0,5653.408164,0.0,7263350.6084,22330996.800001,95.0,8.0,653263120.8685,0.128746,0.073569,0.3,0.23945,0.092706,0.16553,0.0,648721589.4333,1.0,25762139.9999,0.0,883268420.4214,58101790.321,25762139.9999,0.0,0.0,0.0,303596232.9482,208015816.7465,777538728.772,543987866.8974,543987866.8974,2084675515.5369,50864463.7667,7480354.1208,21372440.345,4274488.069,26758800.4227,68338188.0,0.0,113482600.0,17430537.0963,13912452.8019,25762139.9999,818189791.1612,0.0,5386360.0777,0.0,9617598.1553,0.0,0.5,supplier_stock_global,supplier_stock_scale,Stock fournisseur global,lower_is_riskier,ok
supplier_stock_scale_0_75,etudecas\simulation\sensibility\active_supplier_parameter_result_upstream_constrained\cases\supplier_stock_scale_0_75\input_case.json,etudecas\simulation\sensibility\active_supplier_parameter_result_upstream_constrained\cases\supplier_stock_scale_0_75\simulation_output,2.0,5653.408164,0.0,7263350.6084,20793472.4136,112.0,8.0,667649138.14,0.130484,0.074563,0.3,0.230151,0.097036,0.167766,0.0,670946343.5726,1.0,25762139.9999,0.0,887245879.8438,57868153.9705,25762139.9999,0.0,0.0,0.0,303596232.9482,208014331.7465,773559867.5547,540652677.3073,540652677.3073,2047983400.9706,50013424.2112,7550890.65,21573973.2857,4314794.6571,27189293.1588,68338188.0,0.0,109844000.0,17360446.1912,13318414.6206,25762139.9999,820304615.8438,0.0,5615319.8731,0.0,9708287.9786,0.0,0.75,supplier_stock_global,supplier_stock_scale,Stock fournisseur global,lower_is_riskier,ok
supplier_stock_scale_0_9,etudecas\simulation\sensibility\active_supplier_parameter_result_upstream_constrained\cases\supplier_stock_scale_0_9\input_case.json,etudecas\simulation\sensibility\active_supplier_parameter_result_upstream_constrained\cases\supplier_stock_scale_0_9\simulation_output,2.0,5653.408164,0.0,7263350.6084,20793472.4136,136.0,8.0,675271988.9739,0.123832,0.070761,0.3,0.257324,0.088869,0.159213,0.0,665102520.8798,1.0,25762139.9999,0.0,881840368.4187,60438368.0936,25762139.9999,0.0,0.0,0.0,303596232.9482,208013440.7465,772328413.4862,545945433.3113,545945433.3113,2057746804.894,55265906.6169,7484222.8404,21383493.8297,4276698.7659,26754620.0587,68338188.0,0.0,106478600.0,18131510.4281,15552237.6068,25762139.9999,822497567.4187,0.0,5371126.229,0.0,9622572.2233,0.0,0.9,supplier_stock_global,supplier_stock_scale,Stock fournisseur global,lower_is_riskier,ok
supplier_stock_scale_1_0,etudecas\simulation\sensibility\active_supplier_parameter_result_upstream_constrained\cases\supplier_stock_scale_1_0\input_case.json,etudecas\simulation\sensibility\active_supplier_parameter_result_upstream_constrained\cases\supplier_stock_scale_1_0\simulation_output,2.0,5653.408164,0.0,7263350.6084,20793472.4136,136.0,8.0,664489123.4272,0.127112,0.072635,0.3,0.24618,0.090643,0.16343,0.0,620121663.3403,1.0,25762139.9999,0.0,888545020.1141,61148958.3234,25762139.9999,0.0,0.0,0.0,303596232.9482,208012846.7465,711625905.8924,546130595.645,546130595.645,2083708171.834,53329985.2626,7772769.5122,22207912.892,4441582.5784,27750608.4457,68338188.0,0.0,106327600.0,18344687.497,15053662.3807,25762139.9999,823730758.808,0.0,5542695.5537,0.0,9993560.8014,0.0,1.0,supplier_stock_global,supplier_stock_scale,Stock fournisseur global,lower_is_riskier,ok
supplier_capacity_scale_0_01,etudecas\simulation\sensibility\active_supplier_parameter_result_upstream_constrained\cases\supplier_capacity_scale_0_01\input_case.json,etudecas\simulation\sensibility\active_supplier_parameter_result_upstream_constrained\cases\supplier_capacity_scale_0_01\simulation_output,2.0,5653.408164,0.0,7263350.6084,20793472.4136,122.0,8.0,660013504.6019,0.127037,0.072593,0.3,0.246138,0.090899,0.163334,0.0,614399905.0994,1.0,25762139.9999,0.0,887228066.9019,60548615.2103,25762139.9999,0.0,0.0,0.0,303596359.9729,208012846.7465,708947339.9576,547558102.6856,547558102.6856,2059940266.9147,54002914.7843,7691936.3431,21976960.9804,4395392.1961,27480744.3696,68338188.0,0.0,106327600.0,18164584.5631,14903286.2777,25762139.9999,821796997.9019,6431765.604,5503783.3892,0.0,9889632.4412,0.0,0.01,supplier_capacity_global,supplier_capacity_scale,Capacite fournisseur globale,lower_is_riskier,ok
supplier_capacity_scale_0_05,etudecas\simulation\sensibility\active_supplier_parameter_result_upstream_constrained\cases\supplier_capacity_scale_0_05\input_case.json,etudecas\simulation\sensibility\active_supplier_parameter_result_upstream_constrained\cases\supplier_capacity_scale_0_05\simulation_output,2.0,5653.408164,0.0,7263350.6084,20793472.4136,143.0,8.0,663489706.4596,0.126833,0.072476,0.3,0.247281,0.090338,0.163071,0.0,614943520.2714,1.0,25762139.9999,0.0,888203486.7442,61312999.5636,25762139.9999,0.0,0.0,0.0,303596892.7214,208012846.7465,711075955.1297,550154994.9089,550154994.9089,2079010940.0963,54669554.3973,7776534.0892,22218668.8264,4443733.7653,27757571.6789,68338188.0,0.0,106327600.0,18393899.8691,15161528.0157,25762139.9999,824367417.7442,3098113.004,5538902.8525,0.0,9998400.9719,0.0,0.05,supplier_capacity_global,supplier_capacity_scale,Capacite fournisseur globale,lower_is_riskier,ok
supplier_capacity_scale_0_1,etudecas\simulation\sensibility\active_supplier_parameter_result_upstream_constrained\cases\supplier_capacity_scale_0_1\input_case.json,etudecas\simulation\sensibility\active_supplier_parameter_result_upstream_constrained\cases\supplier_capacity_scale_0_1\simulation_output,2.0,5653.408164,0.0,7263350.6084,20793472.4136,136.0,8.0,664489123.4272,0.127112,0.072635,0.3,0.24618,0.090643,0.16343,0.0,620121663.3403,1.0,25762139.9999,0.0,888545020.1141,61148958.3234,25762139.9999,0.0,0.0,0.0,303596232.9482,208012846.7465,711625905.8924,546130595.645,546130595.645,2083708171.834,53329985.2626,7772769.5122,22207912.892,4441582.5784,27750608.4457,68338188.0,0.0,106327600.0,18344687.497,15053662.3807,25762139.9999,823730758.808,453981.0,5542695.5537,0.0,9993560.8014,0.0,0.1,supplier_capacity_global,supplier_capacity_scale,Capacite fournisseur globale,lower_is_riskier,ok
supplier_capacity_scale_0_25,etudecas\simulation\sensibility\active_supplier_parameter_result_upstream_constrained\cases\supplier_capacity_scale_0_25\input_case.json,etudecas\simulation\sensibility\active_supplier_parameter_result_upstream_constrained\cases\supplier_capacity_scale_0_25\simulation_output,2.0,5653.408164,0.0,7263350.6084,20793472.4136,136.0,8.0,664489123.4272,0.127112,0.072635,0.3,0.24618,0.090643,0.16343,0.0,620121663.3403,1.0,25762139.9999,0.0,888545020.1141,61148958.3234,25762139.9999,0.0,0.0,0.0,303596232.9482,208012846.7465,711625905.8924,546130595.645,546130595.645,2083708171.834,53329985.2626,7772769.5122,22207912.892,4441582.5784,27750608.4457,68338188.0,0.0,106327600.0,18344687.497,15053662.3807,25762139.9999,823730758.808,0.0,5542695.5537,0.0,9993560.8014,0.0,0.25,supplier_capacity_global,supplier_capacity_scale,Capacite fournisseur globale,lower_is_riskier,ok
supplier_capacity_scale_0_5,etudecas\simulation\sensibility\active_supplier_parameter_result_upstream_constrained\cases\supplier_capacity_scale_0_5\input_case.json,etudecas\simulation\sensibility\active_supplier_parameter_result_upstream_constrained\cases\supplier_capacity_scale_0_5\simulation_output,2.0,5653.408164,0.0,7263350.6084,20793472.4136,136.0,8.0,664489123.4272,0.127112,0.072635,0.3,0.24618,0.090643,0.16343,0.0,620121663.3403,1.0,25762139.9999,0.0,888545020.1141,61148958.3234,25762139.9999,0.0,0.0,0.0,303596232.9482,208012846.7465,711625905.8924,546130595.645,546130595.645,2083708171.834,53329985.2626,7772769.5122,22207912.892,4441582.5784,27750608.4457,68338188.0,0.0,106327600.0,18344687.497,15053662.3807,25762139.9999,823730758.808,0.0,5542695.5537,0.0,9993560.8014,0.0,0.5,supplier_capacity_global,supplier_capacity_scale,Capacite fournisseur globale,lower_is_riskier,ok
supplier_capacity_scale_0_75,etudecas\simulation\sensibility\active_supplier_parameter_result_upstream_constrained\cases\supplier_capacity_scale_0_75\input_case.json,etudecas\simulation\sensibility\active_supplier_parameter_result_upstream_constrained\cases\supplier_capacity_scale_0_75\simulation_output,2.0,5653.408164,0.0,7263350.6084,20793472.4136,136.0,8.0,664489123.4272,0.127112,0.072635,0.3,0.24618,0.090643,0.16343,0.0,620121663.3403,1.0,25762139.9999,0.0,888545020.1141,61148958.3234,25762139.9999,0.0,0.0,0.0,303596232.9482,208012846.7465,711625905.8924,546130595.645,546130595.645,2083708171.834,53329985.2626,7772769.5122,22207912.892,4441582.5784,27750608.4457,68338188.0,0.0,106327600.0,18344687.497,15053662.3807,25762139.9999,823730758.808,0.0,5542695.5537,0.0,9993560.8014,0.0,0.75,supplier_capacity_global,supplier_capacity_scale,Capacite fournisseur globale,lower_is_riskier,ok
supplier_capacity_scale_1_0,etudecas\simulation\sensibility\active_supplier_parameter_result_upstream_constrained\cases\supplier_capacity_scale_1_0\input_case.json,etudecas\simulation\sensibility\active_supplier_parameter_result_upstream_constrained\cases\supplier_capacity_scale_1_0\simulation_output,2.0,5653.408164,0.0,7263350.6084,20793472.4136,136.0,8.0,664489123.4272,0.127112,0.072635,0.3,0.24618,0.090643,0.16343,0.0,620121663.3403,1.0,25762139.9999,0.0,888545020.1141,61148958.3234,25762139.9999,0.0,0.0,0.0,303596232.9482,208012846.7465,711625905.8924,546130595.645,546130595.645,2083708171.834,53329985.2626,7772769.5122,22207912.892,4441582.5784,27750608.4457,68338188.0,0.0,106327600.0,18344687.497,15053662.3807,25762139.9999,823730758.808,0.0,5542695.5537,0.0,9993560.8014,0.0,1.0,supplier_capacity_global,supplier_capacity_scale,Capacite fournisseur globale,lower_is_riskier,ok
external_procurement_enabled_0_01,etudecas\simulation\sensibility\active_supplier_parameter_result_upstream_constrained\cases\external_procurement_enabled_0_01\input_case.json,etudecas\simulation\sensibility\active_supplier_parameter_result_upstream_constrained\cases\external_procurement_enabled_0_01\simulation_output,955.0,9399357.000025,0.0,7263350.6084,20793472.4136,1110.0,8.0,234583716.2465,0.174572,0.099755,0.3,0.131609,0.069614,0.22445,12810127.9999,172001658.9038,0.502754,25762139.9999,0.0,348340818.3047,36624346.2259,25762139.9999,0.0,0.0,0.0,68338188.0,208012846.7465,0.0,0.0,0.0,0.0,0.0,6393589.8598,18267399.5994,3653479.9199,20816965.8607,68338188.0,0.0,57474225.0,10987303.8678,4820076.4974,12952012.0,280002630.3047,0.0,2549566.2612,0.0,8220329.8197,0.0,0.01,external_market,external_procurement_enabled,External market active,lower_is_riskier,ok
external_procurement_enabled_1_0,etudecas\simulation\sensibility\active_supplier_parameter_result_upstream_constrained\cases\external_procurement_enabled_1_0\input_case.json,etudecas\simulation\sensibility\active_supplier_parameter_result_upstream_constrained\cases\external_procurement_enabled_1_0\simulation_output,2.0,5653.408164,0.0,7263350.6084,20793472.4136,136.0,8.0,664489123.4272,0.127112,0.072635,0.3,0.24618,0.090643,0.16343,0.0,620121663.3403,1.0,25762139.9999,0.0,888545020.1141,61148958.3234,25762139.9999,0.0,0.0,0.0,303596232.9482,208012846.7465,711625905.8924,546130595.645,546130595.645,2083708171.834,53329985.2626,7772769.5122,22207912.892,4441582.5784,27750608.4457,68338188.0,0.0,106327600.0,18344687.497,15053662.3807,25762139.9999,823730758.808,0.0,5542695.5537,0.0,9993560.8014,0.0,1.0,external_market,external_procurement_enabled,External market active,lower_is_riskier,ok
external_procurement_daily_cap_days_scale_0_25,etudecas\simulation\sensibility\active_supplier_parameter_result_upstream_constrained\cases\external_procurement_daily_cap_days_scale_0_25\input_case.json,etudecas\simulation\sensibility\active_supplier_parameter_result_upstream_constrained\cases\external_procurement_daily_cap_days_scale_0_25\simulation_output,2.0,5653.408164,0.0,7263350.6084,20793472.4136,136.0,8.0,659266712.7954,0.127398,0.072799,0.3,0.244933,0.091071,0.163798,0.0,484561141.3992,1.0,25762139.9999,0.0,888210020.1141,60860990.5649,25762139.9999,0.0,0.0,0.0,303596232.9482,208012846.7465,575720383.9513,415348389.2942,415348389.2942,14656404139.7044,43449251.0018,7753593.1519,22153123.2911,4430624.6582,27695809.0148,68338188.0,0.0,106327600.0,18258297.1695,14906884.3807,25762139.9999,823050758.808,0.0,5542685.7237,0.0,9968905.481,0.0,0.25,external_market,external_procurement_daily_cap_days_scale,Capacite external market,lower_is_riskier,ok
external_procurement_daily_cap_days_scale_0_5,etudecas\simulation\sensibility\active_supplier_parameter_result_upstream_constrained\cases\external_procurement_daily_cap_days_scale_0_5\input_case.json,etudecas\simulation\sensibility\active_supplier_parameter_result_upstream_constrained\cases\external_procurement_daily_cap_days_scale_0_5\simulation_output,2.0,5653.408164,0.0,7263350.6084,20793472.4136,136.0,8.0,662471809.8592,0.127104,0.072631,0.3,0.246116,0.09073,0.163419,0.0,532305028.9967,1.0,25762139.9999,0.0,888510020.1141,61090256.7546,25762139.9999,0.0,0.0,0.0,303596232.9482,208012846.7465,623759271.5488,531704137.833,531704137.833,6936856546.3668,52013127.4319,7764809.5954,22185170.2726,4437034.0545,27727864.5976,68338188.0,0.0,106327600.0,18327077.0264,15035315.1307,25762139.9999,823645758.808,0.0,5542694.325,0.0,9983326.6227,0.0,0.5,external_market,external_procurement_daily_cap_days_scale,Capacite external market,lower_is_riskier,ok
external_procurement_daily_cap_days_scale_0_75,etudecas\simulation\sensibility\active_supplier_parameter_result_upstream_constrained\cases\external_procurement_daily_cap_days_scale_0_75\input_case.json,etudecas\simulation\sensibility\active_supplier_parameter_result_upstream_constrained\cases\external_procurement_daily_cap_days_scale_0_75\simulation_output,2.0,5653.408164,0.0,7263350.6084,20793472.4136,136.0,8.0,663642097.6873,0.127083,0.072619,0.3,0.24624,0.090665,0.163393,0.0,576962151.0838,1.0,25762139.9999,0.0,888545020.1141,61134108.3199,25762139.9999,0.0,0.0,0.0,303596232.9482,208012846.7465,668466393.6359,546115399.7133,546115399.7133,3657794265.4564,53049843.5849,7769131.2613,22197517.8895,4439503.5779,27740213.4433,68338188.0,0.0,106327600.0,18340232.496,15053662.3807,25762139.9999,823730758.808,0.0,5542695.5537,0.0,9988883.0503,0.0,0.75,external_market,external_procurement_daily_cap_days_scale,Capacite external market,lower_is_riskier,ok
external_procurement_daily_cap_days_scale_1_0,etudecas\simulation\sensibility\active_supplier_parameter_result_upstream_constrained\cases\external_procurement_daily_cap_days_scale_1_0\input_case.json,etudecas\simulation\sensibility\active_supplier_parameter_result_upstream_constrained\cases\external_procurement_daily_cap_days_scale_1_0\simulation_output,2.0,5653.408164,0.0,7263350.6084,20793472.4136,136.0,8.0,664489123.4272,0.127112,0.072635,0.3,0.24618,0.090643,0.16343,0.0,620121663.3403,1.0,25762139.9999,0.0,888545020.1141,61148958.3234,25762139.9999,0.0,0.0,0.0,303596232.9482,208012846.7465,711625905.8924,546130595.645,546130595.645,2083708171.834,53329985.2626,7772769.5122,22207912.892,4441582.5784,27750608.4457,68338188.0,0.0,106327600.0,18344687.497,15053662.3807,25762139.9999,823730758.808,0.0,5542695.5537,0.0,9993560.8014,0.0,1.0,external_market,external_procurement_daily_cap_days_scale,Capacite external market,lower_is_riskier,ok
external_procurement_lead_days_scale_1_0,etudecas\simulation\sensibility\active_supplier_parameter_result_upstream_constrained\cases\external_procurement_lead_days_scale_1_0\input_case.json,etudecas\simulation\sensibility\active_supplier_parameter_result_upstream_constrained\cases\external_procurement_lead_days_scale_1_0\simulation_output,2.0,5653.408164,0.0,7263350.6084,20793472.4136,136.0,8.0,664489123.4272,0.127112,0.072635,0.3,0.24618,0.090643,0.16343,0.0,620121663.3403,1.0,25762139.9999,0.0,888545020.1141,61148958.3234,25762139.9999,0.0,0.0,0.0,303596232.9482,208012846.7465,711625905.8924,546130595.645,546130595.645,2083708171.834,53329985.2626,7772769.5122,22207912.892,4441582.5784,27750608.4457,68338188.0,0.0,106327600.0,18344687.497,15053662.3807,25762139.9999,823730758.808,0.0,5542695.5537,0.0,9993560.8014,0.0,1.0,external_market,external_procurement_lead_days_scale,Delai external market,higher_is_riskier,ok
external_procurement_lead_days_scale_1_5,etudecas\simulation\sensibility\active_supplier_parameter_result_upstream_constrained\cases\external_procurement_lead_days_scale_1_5\input_case.json,etudecas\simulation\sensibility\active_supplier_parameter_result_upstream_constrained\cases\external_procurement_lead_days_scale_1_5\simulation_output,2.0,5653.408164,0.0,7263350.6084,20793472.4136,125.0,8.0,778497749.292,0.132517,0.075724,0.3,0.22995,0.091428,0.17038,0.0,577364191.2794,1.0,25762139.9999,0.0,998604638.5469,60592487.7056,25762139.9999,0.0,0.0,0.0,303596232.9482,208012846.7465,676783309.8074,785480112.5559,785480112.5559,4915590733.8826,76298884.7413,8029562.5654,22941607.3298,4588321.466,28481484.4981,68338188.0,0.0,106154800.0,18177746.3117,13933256.8959,25762139.9999,935958569.5469,0.0,5539877.1683,0.0,10323723.2984,0.0,1.5,external_market,external_procurement_lead_days_scale,Delai external market,higher_is_riskier,ok
external_procurement_lead_days_scale_2_0,etudecas\simulation\sensibility\active_supplier_parameter_result_upstream_constrained\cases\external_procurement_lead_days_scale_2_0\input_case.json,etudecas\simulation\sensibility\active_supplier_parameter_result_upstream_constrained\cases\external_procurement_lead_days_scale_2_0\simulation_output,2.0,5653.408164,0.0,7263350.6084,20793472.4136,118.0,8.0,882983331.0371,0.132975,0.075986,0.3,0.231222,0.088849,0.170968,0.0,605648195.2431,1.0,25762139.9999,0.0,1026860228.4687,61342942.9575,25762139.9999,0.0,0.0,0.0,303596232.9482,208012846.7465,760745630.1013,983192753.1415,983192753.1415,9402161298.9585,96944285.5538,8157084.525,23305955.7857,4661191.1571,28756200.8678,68338188.0,0.0,106327600.0,18402882.8872,14183859.2024,25762139.9999,1021684159.4687,0.0,5450245.0821,0.0,10487680.1036,0.0,2.0,external_market,external_procurement_lead_days_scale,Delai external market,higher_is_riskier,ok
supplier_stock_node_SDC-VD0914690A_0_01,etudecas\simulation\sensibility\active_supplier_parameter_result_upstream_constrained\cases\supplier_stock_node_SDC-VD0914690A_0_01\input_case.json,etudecas\simulation\sensibility\active_supplier_parameter_result_upstream_constrained\cases\supplier_stock_node_SDC-VD0914690A_0_01\simulation_output,2.0,5653.408164,0.0,7263350.6084,20793472.4136,136.0,8.0,664489123.4272,0.127112,0.072635,0.3,0.24618,0.090643,0.16343,0.0,620121663.3403,1.0,25762139.9999,0.0,888545020.1141,61148958.3234,25762139.9999,0.0,0.0,0.0,303596232.9482,208013024.9465,711625905.8924,546130595.645,546130595.645,2083708171.834,53329985.2626,7772769.5122,22207912.892,4441582.5784,27750608.4457,68338188.0,0.0,106327600.0,18344687.497,15053662.3807,25762139.9999,823730758.808,0.0,5542695.5537,0.0,9993560.8014,0.0,0.01,supplier_stock_node,supplier_stock_node::SDC-VD0914690A,Stock fournisseur SDC-VD0914690A,lower_is_riskier,ok
supplier_stock_node_SDC-VD0914690A_0_25,etudecas\simulation\sensibility\active_supplier_parameter_result_upstream_constrained\cases\supplier_stock_node_SDC-VD0914690A_0_25\input_case.json,etudecas\simulation\sensibility\active_supplier_parameter_result_upstream_constrained\cases\supplier_stock_node_SDC-VD0914690A_0_25\simulation_output,2.0,5653.408164,0.0,7263350.6084,20793472.4136,136.0,8.0,664489123.4272,0.127112,0.072635,0.3,0.24618,0.090643,0.16343,0.0,620121663.3403,1.0,25762139.9999,0.0,888545020.1141,61148958.3234,25762139.9999,0.0,0.0,0.0,303596232.9482,208012981.7465,711625905.8924,546130595.645,546130595.645,2083708171.834,53329985.2626,7772769.5122,22207912.892,4441582.5784,27750608.4457,68338188.0,0.0,106327600.0,18344687.497,15053662.3807,25762139.9999,823730758.808,0.0,5542695.5537,0.0,9993560.8014,0.0,0.25,supplier_stock_node,supplier_stock_node::SDC-VD0914690A,Stock fournisseur SDC-VD0914690A,lower_is_riskier,ok
supplier_stock_node_SDC-VD0914690A_0_5,etudecas\simulation\sensibility\active_supplier_parameter_result_upstream_constrained\cases\supplier_stock_node_SDC-VD0914690A_0_5\input_case.json,etudecas\simulation\sensibility\active_supplier_parameter_result_upstream_constrained\cases\supplier_stock_node_SDC-VD0914690A_0_5\simulation_output,2.0,5653.408164,0.0,7263350.6084,20793472.4136,136.0,8.0,664489123.4272,0.127112,0.072635,0.3,0.24618,0.090643,0.16343,0.0,620121663.3403,1.0,25762139.9999,0.0,888545020.1141,61148958.3234,25762139.9999,0.0,0.0,0.0,303596232.9482,208012936.7465,711625905.8924,546130595.645,546130595.645,2083708171.834,53329985.2626,7772769.5122,22207912.892,4441582.5784,27750608.4457,68338188.0,0.0,106327600.0,18344687.497,15053662.3807,25762139.9999,823730758.808,0.0,5542695.5537,0.0,9993560.8014,0.0,0.5,supplier_stock_node,supplier_stock_node::SDC-VD0914690A,Stock fournisseur SDC-VD0914690A,lower_is_riskier,ok
supplier_stock_node_SDC-VD0914690A_0_75,etudecas\simulation\sensibility\active_supplier_parameter_result_upstream_constrained\cases\supplier_stock_node_SDC-VD0914690A_0_75\input_case.json,etudecas\simulation\sensibility\active_supplier_parameter_result_upstream_constrained\cases\supplier_stock_node_SDC-VD0914690A_0_75\simulation_output,2.0,5653.408164,0.0,7263350.6084,20793472.4136,136.0,8.0,664489123.4272,0.127112,0.072635,0.3,0.24618,0.090643,0.16343,0.0,620121663.3403,1.0,25762139.9999,0.0,888545020.1141,61148958.3234,25762139.9999,0.0,0.0,0.0,303596232.9482,208012891.7465,711625905.8924,546130595.645,546130595.645,2083708171.834,53329985.2626,7772769.5122,22207912.892,4441582.5784,27750608.4457,68338188.0,0.0,106327600.0,18344687.497,15053662.3807,25762139.9999,823730758.808,0.0,5542695.5537,0.0,9993560.8014,0.0,0.75,supplier_stock_node,supplier_stock_node::SDC-VD0914690A,Stock fournisseur SDC-VD0914690A,lower_is_riskier,ok
supplier_stock_node_SDC-VD0914690A_0_9,etudecas\simulation\sensibility\active_supplier_parameter_result_upstream_constrained\cases\supplier_stock_node_SDC-VD0914690A_0_9\input_case.json,etudecas\simulation\sensibility\active_supplier_parameter_result_upstream_constrained\cases\supplier_stock_node_SDC-VD0914690A_0_9\simulation_output,2.0,5653.408164,0.0,7263350.6084,20793472.4136,136.0,8.0,664489123.4272,0.127112,0.072635,0.3,0.24618,0.090643,0.16343,0.0,620121663.3403,1.0,25762139.9999,0.0,888545020.1141,61148958.3234,25762139.9999,0.0,0.0,0.0,303596232.9482,208012864.7465,711625905.8924,546130595.645,546130595.645,2083708171.834,53329985.2626,7772769.5122,22207912.892,4441582.5784,27750608.4457,68338188.0,0.0,106327600.0,18344687.497,15053662.3807,25762139.9999,823730758.808,0.0,5542695.5537,0.0,9993560.8014,0.0,0.9,supplier_stock_node,supplier_stock_node::SDC-VD0914690A,Stock fournisseur SDC-VD0914690A,lower_is_riskier,ok
supplier_stock_node_SDC-VD0914690A_1_0,etudecas\simulation\sensibility\active_supplier_parameter_result_upstream_constrained\cases\supplier_stock_node_SDC-VD0914690A_1_0\input_case.json,etudecas\simulation\sensibility\active_supplier_parameter_result_upstream_constrained\cases\supplier_stock_node_SDC-VD0914690A_1_0\simulation_output,2.0,5653.408164,0.0,7263350.6084,20793472.4136,136.0,8.0,664489123.4272,0.127112,0.072635,0.3,0.24618,0.090643,0.16343,0.0,620121663.3403,1.0,25762139.9999,0.0,888545020.1141,61148958.3234,25762139.9999,0.0,0.0,0.0,303596232.9482,208012846.7465,711625905.8924,546130595.645,546130595.645,2083708171.834,53329985.2626,7772769.5122,22207912.892,4441582.5784,27750608.4457,68338188.0,0.0,106327600.0,18344687.497,15053662.3807,25762139.9999,823730758.808,0.0,5542695.5537,0.0,9993560.8014,0.0,1.0,supplier_stock_node,supplier_stock_node::SDC-VD0914690A,Stock fournisseur SDC-VD0914690A,lower_is_riskier,ok
supplier_capacity_node_SDC-VD0914690A_0_01,etudecas\simulation\sensibility\active_supplier_parameter_result_upstream_constrained\cases\supplier_capacity_node_SDC-VD0914690A_0_01\input_case.json,etudecas\simulation\sensibility\active_supplier_parameter_result_upstream_constrained\cases\supplier_capacity_node_SDC-VD0914690A_0_01\simulation_output,2.0,5653.408164,0.0,7263350.6084,20793472.4136,136.0,8.0,664489123.4272,0.127112,0.072635,0.3,0.24618,0.090643,0.16343,0.0,620121663.3403,1.0,25762139.9999,0.0,888545020.1141,61148958.3234,25762139.9999,0.0,0.0,0.0,303596232.9482,208012846.7465,711625905.8924,546130595.645,546130595.645,2083708171.834,53329985.2626,7772769.5122,22207912.892,4441582.5784,27750608.4457,68338188.0,0.0,106327600.0,18344687.497,15053662.3807,25762139.9999,823730758.808,0.0,5542695.5537,0.0,9993560.8014,0.0,0.01,supplier_capacity_node,supplier_capacity_node::SDC-VD0914690A,Capacite fournisseur SDC-VD0914690A,lower_is_riskier,ok
supplier_capacity_node_SDC-VD0914690A_0_05,etudecas\simulation\sensibility\active_supplier_parameter_result_upstream_constrained\cases\supplier_capacity_node_SDC-VD0914690A_0_05\input_case.json,etudecas\simulation\sensibility\active_supplier_parameter_result_upstream_constrained\cases\supplier_capacity_node_SDC-VD0914690A_0_05\simulation_output,2.0,5653.408164,0.0,7263350.6084,20793472.4136,136.0,8.0,664489123.4272,0.127112,0.072635,0.3,0.24618,0.090643,0.16343,0.0,620121663.3403,1.0,25762139.9999,0.0,888545020.1141,61148958.3234,25762139.9999,0.0,0.0,0.0,303596232.9482,208012846.7465,711625905.8924,546130595.645,546130595.645,2083708171.834,53329985.2626,7772769.5122,22207912.892,4441582.5784,27750608.4457,68338188.0,0.0,106327600.0,18344687.497,15053662.3807,25762139.9999,823730758.808,0.0,5542695.5537,0.0,9993560.8014,0.0,0.05,supplier_capacity_node,supplier_capacity_node::SDC-VD0914690A,Capacite fournisseur SDC-VD0914690A,lower_is_riskier,ok
supplier_capacity_node_SDC-VD0914690A_0_1,etudecas\simulation\sensibility\active_supplier_parameter_result_upstream_constrained\cases\supplier_capacity_node_SDC-VD0914690A_0_1\input_case.json,etudecas\simulation\sensibility\active_supplier_parameter_result_upstream_constrained\cases\supplier_capacity_node_SDC-VD0914690A_0_1\simulation_output,2.0,5653.408164,0.0,7263350.6084,20793472.4136,136.0,8.0,664489123.4272,0.127112,0.072635,0.3,0.24618,0.090643,0.16343,0.0,620121663.3403,1.0,25762139.9999,0.0,888545020.1141,61148958.3234,25762139.9999,0.0,0.0,0.0,303596232.9482,208012846.7465,711625905.8924,546130595.645,546130595.645,2083708171.834,53329985.2626,7772769.5122,22207912.892,4441582.5784,27750608.4457,68338188.0,0.0,106327600.0,18344687.497,15053662.3807,25762139.9999,823730758.808,0.0,5542695.5537,0.0,9993560.8014,0.0,0.1,supplier_capacity_node,supplier_capacity_node::SDC-VD0914690A,Capacite fournisseur SDC-VD0914690A,lower_is_riskier,ok
supplier_capacity_node_SDC-VD0914690A_0_25,etudecas\simulation\sensibility\active_supplier_parameter_result_upstream_constrained\cases\supplier_capacity_node_SDC-VD0914690A_0_25\input_case.json,etudecas\simulation\sensibility\active_supplier_parameter_result_upstream_constrained\cases\supplier_capacity_node_SDC-VD0914690A_0_25\simulation_output,2.0,5653.408164,0.0,7263350.6084,20793472.4136,136.0,8.0,664489123.4272,0.127112,0.072635,0.3,0.24618,0.090643,0.16343,0.0,620121663.3403,1.0,25762139.9999,0.0,888545020.1141,61148958.3234,25762139.9999,0.0,0.0,0.0,303596232.9482,208012846.7465,711625905.8924,546130595.645,546130595.645,2083708171.834,53329985.2626,7772769.5122,22207912.892,4441582.5784,27750608.4457,68338188.0,0.0,106327600.0,18344687.497,15053662.3807,25762139.9999,823730758.808,0.0,5542695.5537,0.0,9993560.8014,0.0,0.25,supplier_capacity_node,supplier_capacity_node::SDC-VD0914690A,Capacite fournisseur SDC-VD0914690A,lower_is_riskier,ok
supplier_capacity_node_SDC-VD0914690A_0_5,etudecas\simulation\sensibility\active_supplier_parameter_result_upstream_constrained\cases\supplier_capacity_node_SDC-VD0914690A_0_5\input_case.json,etudecas\simulation\sensibility\active_supplier_parameter_result_upstream_constrained\cases\supplier_capacity_node_SDC-VD0914690A_0_5\simulation_output,2.0,5653.408164,0.0,7263350.6084,20793472.4136,136.0,8.0,664489123.4272,0.127112,0.072635,0.3,0.24618,0.090643,0.16343,0.0,620121663.3403,1.0,25762139.9999,0.0,888545020.1141,61148958.3234,25762139.9999,0.0,0.0,0.0,303596232.9482,208012846.7465,711625905.8924,546130595.645,546130595.645,2083708171.834,53329985.2626,7772769.5122,22207912.892,4441582.5784,27750608.4457,68338188.0,0.0,106327600.0,18344687.497,15053662.3807,25762139.9999,823730758.808,0.0,5542695.5537,0.0,9993560.8014,0.0,0.5,supplier_capacity_node,supplier_capacity_node::SDC-VD0914690A,Capacite fournisseur SDC-VD0914690A,lower_is_riskier,ok
supplier_capacity_node_SDC-VD0914690A_0_75,etudecas\simulation\sensibility\active_supplier_parameter_result_upstream_constrained\cases\supplier_capacity_node_SDC-VD0914690A_0_75\input_case.json,etudecas\simulation\sensibility\active_supplier_parameter_result_upstream_constrained\cases\supplier_capacity_node_SDC-VD0914690A_0_75\simulation_output,2.0,5653.408164,0.0,7263350.6084,20793472.4136,136.0,8.0,664489123.4272,0.127112,0.072635,0.3,0.24618,0.090643,0.16343,0.0,620121663.3403,1.0,25762139.9999,0.0,888545020.1141,61148958.3234,25762139.9999,0.0,0.0,0.0,303596232.9482,208012846.7465,711625905.8924,546130595.645,546130595.645,2083708171.834,53329985.2626,7772769.5122,22207912.892,4441582.5784,27750608.4457,68338188.0,0.0,106327600.0,18344687.497,15053662.3807,25762139.9999,823730758.808,0.0,5542695.5537,0.0,9993560.8014,0.0,0.75,supplier_capacity_node,supplier_capacity_node::SDC-VD0914690A,Capacite fournisseur SDC-VD0914690A,lower_is_riskier,ok
supplier_capacity_node_SDC-VD0914690A_1_0,etudecas\simulation\sensibility\active_supplier_parameter_result_upstream_constrained\cases\supplier_capacity_node_SDC-VD0914690A_1_0\input_case.json,etudecas\simulation\sensibility\active_supplier_parameter_result_upstream_constrained\cases\supplier_capacity_node_SDC-VD0914690A_1_0\simulation_output,2.0,5653.408164,0.0,7263350.6084,20793472.4136,136.0,8.0,664489123.4272,0.127112,0.072635,0.3,0.24618,0.090643,0.16343,0.0,620121663.3403,1.0,25762139.9999,0.0,888545020.1141,61148958.3234,25762139.9999,0.0,0.0,0.0,303596232.9482,208012846.7465,711625905.8924,546130595.645,546130595.645,2083708171.834,53329985.2626,7772769.5122,22207912.892,4441582.5784,27750608.4457,68338188.0,0.0,106327600.0,18344687.497,15053662.3807,25762139.9999,823730758.808,0.0,5542695.5537,0.0,9993560.8014,0.0,1.0,supplier_capacity_node,supplier_capacity_node::SDC-VD0914690A,Capacite fournisseur SDC-VD0914690A,lower_is_riskier,ok
supplier_stock_node_SDC-VD0914360C_0_01,etudecas\simulation\sensibility\active_supplier_parameter_result_upstream_constrained\cases\supplier_stock_node_SDC-VD0914360C_0_01\input_case.json,etudecas\simulation\sensibility\active_supplier_parameter_result_upstream_constrained\cases\supplier_stock_node_SDC-VD0914360C_0_01\simulation_output,2.0,5653.408164,0.0,7263350.6084,20793472.4136,136.0,8.0,664489123.4272,0.127112,0.072635,0.3,0.24618,0.090643,0.16343,0.0,620121663.3403,1.0,25762139.9999,0.0,888545020.1141,61148958.3234,25762139.9999,0.0,0.0,0.0,303596232.9482,208013024.9465,711625905.8924,546130595.645,546130595.645,2083708171.834,53329985.2626,7772769.5122,22207912.892,4441582.5784,27750608.4457,68338188.0,0.0,106327600.0,18344687.497,15053662.3807,25762139.9999,823730758.808,0.0,5542695.5537,0.0,9993560.8014,0.0,0.01,supplier_stock_node,supplier_stock_node::SDC-VD0914360C,Stock fournisseur SDC-VD0914360C,lower_is_riskier,ok
supplier_stock_node_SDC-VD0914360C_0_25,etudecas\simulation\sensibility\active_supplier_parameter_result_upstream_constrained\cases\supplier_stock_node_SDC-VD0914360C_0_25\input_case.json,etudecas\simulation\sensibility\active_supplier_parameter_result_upstream_constrained\cases\supplier_stock_node_SDC-VD0914360C_0_25\simulation_output,2.0,5653.408164,0.0,7263350.6084,20793472.4136,136.0,8.0,664489123.4272,0.127112,0.072635,0.3,0.24618,0.090643,0.16343,0.0,620121663.3403,1.0,25762139.9999,0.0,888545020.1141,61148958.3234,25762139.9999,0.0,0.0,0.0,303596232.9482,208012981.7465,711625905.8924,546130595.645,546130595.645,2083708171.834,53329985.2626,7772769.5122,22207912.892,4441582.5784,27750608.4457,68338188.0,0.0,106327600.0,18344687.497,15053662.3807,25762139.9999,823730758.808,0.0,5542695.5537,0.0,9993560.8014,0.0,0.25,supplier_stock_node,supplier_stock_node::SDC-VD0914360C,Stock fournisseur SDC-VD0914360C,lower_is_riskier,ok
supplier_stock_node_SDC-VD0914360C_0_5,etudecas\simulation\sensibility\active_supplier_parameter_result_upstream_constrained\cases\supplier_stock_node_SDC-VD0914360C_0_5\input_case.json,etudecas\simulation\sensibility\active_supplier_parameter_result_upstream_constrained\cases\supplier_stock_node_SDC-VD0914360C_0_5\simulation_output,2.0,5653.408164,0.0,7263350.6084,20793472.4136,136.0,8.0,664489123.4272,0.127112,0.072635,0.3,0.24618,0.090643,0.16343,0.0,620121663.3403,1.0,25762139.9999,0.0,888545020.1141,61148958.3234,25762139.9999,0.0,0.0,0.0,303596232.9482,208012936.7465,711625905.8924,546130595.645,546130595.645,2083708171.834,53329985.2626,7772769.5122,22207912.892,4441582.5784,27750608.4457,68338188.0,0.0,106327600.0,18344687.497,15053662.3807,25762139.9999,823730758.808,0.0,5542695.5537,0.0,9993560.8014,0.0,0.5,supplier_stock_node,supplier_stock_node::SDC-VD0914360C,Stock fournisseur SDC-VD0914360C,lower_is_riskier,ok
supplier_stock_node_SDC-VD0914360C_0_75,etudecas\simulation\sensibility\active_supplier_parameter_result_upstream_constrained\cases\supplier_stock_node_SDC-VD0914360C_0_75\input_case.json,etudecas\simulation\sensibility\active_supplier_parameter_result_upstream_constrained\cases\supplier_stock_node_SDC-VD0914360C_0_75\simulation_output,2.0,5653.408164,0.0,7263350.6084,20793472.4136,136.0,8.0,664489123.4272,0.127112,0.072635,0.3,0.24618,0.090643,0.16343,0.0,620121663.3403,1.0,25762139.9999,0.0,888545020.1141,61148958.3234,25762139.9999,0.0,0.0,0.0,303596232.9482,208012891.7465,711625905.8924,546130595.645,546130595.645,2083708171.834,53329985.2626,7772769.5122,22207912.892,4441582.5784,27750608.4457,68338188.0,0.0,106327600.0,18344687.497,15053662.3807,25762139.9999,823730758.808,0.0,5542695.5537,0.0,9993560.8014,0.0,0.75,supplier_stock_node,supplier_stock_node::SDC-VD0914360C,Stock fournisseur SDC-VD0914360C,lower_is_riskier,ok
supplier_stock_node_SDC-VD0914360C_0_9,etudecas\simulation\sensibility\active_supplier_parameter_result_upstream_constrained\cases\supplier_stock_node_SDC-VD0914360C_0_9\input_case.json,etudecas\simulation\sensibility\active_supplier_parameter_result_upstream_constrained\cases\supplier_stock_node_SDC-VD0914360C_0_9\simulation_output,2.0,5653.408164,0.0,7263350.6084,20793472.4136,136.0,8.0,664489123.4272,0.127112,0.072635,0.3,0.24618,0.090643,0.16343,0.0,620121663.3403,1.0,25762139.9999,0.0,888545020.1141,61148958.3234,25762139.9999,0.0,0.0,0.0,303596232.9482,208012864.7465,711625905.8924,546130595.645,546130595.645,2083708171.834,53329985.2626,7772769.5122,22207912.892,4441582.5784,27750608.4457,68338188.0,0.0,106327600.0,18344687.497,15053662.3807,25762139.9999,823730758.808,0.0,5542695.5537,0.0,9993560.8014,0.0,0.9,supplier_stock_node,supplier_stock_node::SDC-VD0914360C,Stock fournisseur SDC-VD0914360C,lower_is_riskier,ok
supplier_stock_node_SDC-VD0914360C_1_0,etudecas\simulation\sensibility\active_supplier_parameter_result_upstream_constrained\cases\supplier_stock_node_SDC-VD0914360C_1_0\input_case.json,etudecas\simulation\sensibility\active_supplier_parameter_result_upstream_constrained\cases\supplier_stock_node_SDC-VD0914360C_1_0\simulation_output,2.0,5653.408164,0.0,7263350.6084,20793472.4136,136.0,8.0,664489123.4272,0.127112,0.072635,0.3,0.24618,0.090643,0.16343,0.0,620121663.3403,1.0,25762139.9999,0.0,888545020.1141,61148958.3234,25762139.9999,0.0,0.0,0.0,303596232.9482,208012846.7465,711625905.8924,546130595.645,546130595.645,2083708171.834,53329985.2626,7772769.5122,22207912.892,4441582.5784,27750608.4457,68338188.0,0.0,106327600.0,18344687.497,15053662.3807,25762139.9999,823730758.808,0.0,5542695.5537,0.0,9993560.8014,0.0,1.0,supplier_stock_node,supplier_stock_node::SDC-VD0914360C,Stock fournisseur SDC-VD0914360C,lower_is_riskier,ok
supplier_capacity_node_SDC-VD0914360C_0_01,etudecas\simulation\sensibility\active_supplier_parameter_result_upstream_constrained\cases\supplier_capacity_node_SDC-VD0914360C_0_01\input_case.json,etudecas\simulation\sensibility\active_supplier_parameter_result_upstream_constrained\cases\supplier_capacity_node_SDC-VD0914360C_0_01\simulation_output,2.0,5653.408164,0.0,7263350.6084,20793472.4136,136.0,8.0,664489123.4272,0.127112,0.072635,0.3,0.24618,0.090643,0.16343,0.0,620121663.3403,1.0,25762139.9999,0.0,888545020.1141,61148958.3234,25762139.9999,0.0,0.0,0.0,303596232.9482,208012846.7465,711625905.8924,546130595.645,546130595.645,2083708171.834,53329985.2626,7772769.5122,22207912.892,4441582.5784,27750608.4457,68338188.0,0.0,106327600.0,18344687.497,15053662.3807,25762139.9999,823730758.808,0.0,5542695.5537,0.0,9993560.8014,0.0,0.01,supplier_capacity_node,supplier_capacity_node::SDC-VD0914360C,Capacite fournisseur SDC-VD0914360C,lower_is_riskier,ok
supplier_capacity_node_SDC-VD0914360C_0_05,etudecas\simulation\sensibility\active_supplier_parameter_result_upstream_constrained\cases\supplier_capacity_node_SDC-VD0914360C_0_05\input_case.json,etudecas\simulation\sensibility\active_supplier_parameter_result_upstream_constrained\cases\supplier_capacity_node_SDC-VD0914360C_0_05\simulation_output,2.0,5653.408164,0.0,7263350.6084,20793472.4136,136.0,8.0,664489123.4272,0.127112,0.072635,0.3,0.24618,0.090643,0.16343,0.0,620121663.3403,1.0,25762139.9999,0.0,888545020.1141,61148958.3234,25762139.9999,0.0,0.0,0.0,303596232.9482,208012846.7465,711625905.8924,546130595.645,546130595.645,2083708171.834,53329985.2626,7772769.5122,22207912.892,4441582.5784,27750608.4457,68338188.0,0.0,106327600.0,18344687.497,15053662.3807,25762139.9999,823730758.808,0.0,5542695.5537,0.0,9993560.8014,0.0,0.05,supplier_capacity_node,supplier_capacity_node::SDC-VD0914360C,Capacite fournisseur SDC-VD0914360C,lower_is_riskier,ok
supplier_capacity_node_SDC-VD0914360C_0_1,etudecas\simulation\sensibility\active_supplier_parameter_result_upstream_constrained\cases\supplier_capacity_node_SDC-VD0914360C_0_1\input_case.json,etudecas\simulation\sensibility\active_supplier_parameter_result_upstream_constrained\cases\supplier_capacity_node_SDC-VD0914360C_0_1\simulation_output,2.0,5653.408164,0.0,7263350.6084,20793472.4136,136.0,8.0,664489123.4272,0.127112,0.072635,0.3,0.24618,0.090643,0.16343,0.0,620121663.3403,1.0,25762139.9999,0.0,888545020.1141,61148958.3234,25762139.9999,0.0,0.0,0.0,303596232.9482,208012846.7465,711625905.8924,546130595.645,546130595.645,2083708171.834,53329985.2626,7772769.5122,22207912.892,4441582.5784,27750608.4457,68338188.0,0.0,106327600.0,18344687.497,15053662.3807,25762139.9999,823730758.808,0.0,5542695.5537,0.0,9993560.8014,0.0,0.1,supplier_capacity_node,supplier_capacity_node::SDC-VD0914360C,Capacite fournisseur SDC-VD0914360C,lower_is_riskier,ok
supplier_capacity_node_SDC-VD0914360C_0_25,etudecas\simulation\sensibility\active_supplier_parameter_result_upstream_constrained\cases\supplier_capacity_node_SDC-VD0914360C_0_25\input_case.json,etudecas\simulation\sensibility\active_supplier_parameter_result_upstream_constrained\cases\supplier_capacity_node_SDC-VD0914360C_0_25\simulation_output,2.0,5653.408164,0.0,7263350.6084,20793472.4136,136.0,8.0,664489123.4272,0.127112,0.072635,0.3,0.24618,0.090643,0.16343,0.0,620121663.3403,1.0,25762139.9999,0.0,888545020.1141,61148958.3234,25762139.9999,0.0,0.0,0.0,303596232.9482,208012846.7465,711625905.8924,546130595.645,546130595.645,2083708171.834,53329985.2626,7772769.5122,22207912.892,4441582.5784,27750608.4457,68338188.0,0.0,106327600.0,18344687.497,15053662.3807,25762139.9999,823730758.808,0.0,5542695.5537,0.0,9993560.8014,0.0,0.25,supplier_capacity_node,supplier_capacity_node::SDC-VD0914360C,Capacite fournisseur SDC-VD0914360C,lower_is_riskier,ok
supplier_capacity_node_SDC-VD0914360C_0_5,etudecas\simulation\sensibility\active_supplier_parameter_result_upstream_constrained\cases\supplier_capacity_node_SDC-VD0914360C_0_5\input_case.json,etudecas\simulation\sensibility\active_supplier_parameter_result_upstream_constrained\cases\supplier_capacity_node_SDC-VD0914360C_0_5\simulation_output,2.0,5653.408164,0.0,7263350.6084,20793472.4136,136.0,8.0,664489123.4272,0.127112,0.072635,0.3,0.24618,0.090643,0.16343,0.0,620121663.3403,1.0,25762139.9999,0.0,888545020.1141,61148958.3234,25762139.9999,0.0,0.0,0.0,303596232.9482,208012846.7465,711625905.8924,546130595.645,546130595.645,2083708171.834,53329985.2626,7772769.5122,22207912.892,4441582.5784,27750608.4457,68338188.0,0.0,106327600.0,18344687.497,15053662.3807,25762139.9999,823730758.808,0.0,5542695.5537,0.0,9993560.8014,0.0,0.5,supplier_capacity_node,supplier_capacity_node::SDC-VD0914360C,Capacite fournisseur SDC-VD0914360C,lower_is_riskier,ok
supplier_capacity_node_SDC-VD0914360C_0_75,etudecas\simulation\sensibility\active_supplier_parameter_result_upstream_constrained\cases\supplier_capacity_node_SDC-VD0914360C_0_75\input_case.json,etudecas\simulation\sensibility\active_supplier_parameter_result_upstream_constrained\cases\supplier_capacity_node_SDC-VD0914360C_0_75\simulation_output,2.0,5653.408164,0.0,7263350.6084,20793472.4136,136.0,8.0,664489123.4272,0.127112,0.072635,0.3,0.24618,0.090643,0.16343,0.0,620121663.3403,1.0,25762139.9999,0.0,888545020.1141,61148958.3234,25762139.9999,0.0,0.0,0.0,303596232.9482,208012846.7465,711625905.8924,546130595.645,546130595.645,2083708171.834,53329985.2626,7772769.5122,22207912.892,4441582.5784,27750608.4457,68338188.0,0.0,106327600.0,18344687.497,15053662.3807,25762139.9999,823730758.808,0.0,5542695.5537,0.0,9993560.8014,0.0,0.75,supplier_capacity_node,supplier_capacity_node::SDC-VD0914360C,Capacite fournisseur SDC-VD0914360C,lower_is_riskier,ok
supplier_capacity_node_SDC-VD0914360C_1_0,etudecas\simulation\sensibility\active_supplier_parameter_result_upstream_constrained\cases\supplier_capacity_node_SDC-VD0914360C_1_0\input_case.json,etudecas\simulation\sensibility\active_supplier_parameter_result_upstream_constrained\cases\supplier_capacity_node_SDC-VD0914360C_1_0\simulation_output,2.0,5653.408164,0.0,7263350.6084,20793472.4136,136.0,8.0,664489123.4272,0.127112,0.072635,0.3,0.24618,0.090643,0.16343,0.0,620121663.3403,1.0,25762139.9999,0.0,888545020.1141,61148958.3234,25762139.9999,0.0,0.0,0.0,303596232.9482,208012846.7465,711625905.8924,546130595.645,546130595.645,2083708171.834,53329985.2626,7772769.5122,22207912.892,4441582.5784,27750608.4457,68338188.0,0.0,106327600.0,18344687.497,15053662.3807,25762139.9999,823730758.808,0.0,5542695.5537,0.0,9993560.8014,0.0,1.0,supplier_capacity_node,supplier_capacity_node::SDC-VD0914360C,Capacite fournisseur SDC-VD0914360C,lower_is_riskier,ok
supplier_stock_node_SDC-VD0901566A_0_01,etudecas\simulation\sensibility\active_supplier_parameter_result_upstream_constrained\cases\supplier_stock_node_SDC-VD0901566A_0_01\input_case.json,etudecas\simulation\sensibility\active_supplier_parameter_result_upstream_constrained\cases\supplier_stock_node_SDC-VD0901566A_0_01\simulation_output,2.0,5653.408164,0.0,7263350.6084,20793472.4136,136.0,8.0,664489123.4272,0.127112,0.072635,0.3,0.24618,0.090643,0.16343,0.0,620121663.3403,1.0,25762139.9999,0.0,888545020.1141,61148958.3234,25762139.9999,0.0,0.0,0.0,303596232.9482,208013024.9465,711625905.8924,546130595.645,546130595.645,2083708171.834,53329985.2626,7772769.5122,22207912.892,4441582.5784,27750608.4457,68338188.0,0.0,106327600.0,18344687.497,15053662.3807,25762139.9999,823730758.808,0.0,5542695.5537,0.0,9993560.8014,0.0,0.01,supplier_stock_node,supplier_stock_node::SDC-VD0901566A,Stock fournisseur SDC-VD0901566A,lower_is_riskier,ok
supplier_stock_node_SDC-VD0901566A_0_25,etudecas\simulation\sensibility\active_supplier_parameter_result_upstream_constrained\cases\supplier_stock_node_SDC-VD0901566A_0_25\input_case.json,etudecas\simulation\sensibility\active_supplier_parameter_result_upstream_constrained\cases\supplier_stock_node_SDC-VD0901566A_0_25\simulation_output,2.0,5653.408164,0.0,7263350.6084,20793472.4136,136.0,8.0,664489123.4272,0.127112,0.072635,0.3,0.24618,0.090643,0.16343,0.0,620121663.3403,1.0,25762139.9999,0.0,888545020.1141,61148958.3234,25762139.9999,0.0,0.0,0.0,303596232.9482,208012981.7465,711625905.8924,546130595.645,546130595.645,2083708171.834,53329985.2626,7772769.5122,22207912.892,4441582.5784,27750608.4457,68338188.0,0.0,106327600.0,18344687.497,15053662.3807,25762139.9999,823730758.808,0.0,5542695.5537,0.0,9993560.8014,0.0,0.25,supplier_stock_node,supplier_stock_node::SDC-VD0901566A,Stock fournisseur SDC-VD0901566A,lower_is_riskier,ok
supplier_stock_node_SDC-VD0901566A_0_5,etudecas\simulation\sensibility\active_supplier_parameter_result_upstream_constrained\cases\supplier_stock_node_SDC-VD0901566A_0_5\input_case.json,etudecas\simulation\sensibility\active_supplier_parameter_result_upstream_constrained\cases\supplier_stock_node_SDC-VD0901566A_0_5\simulation_output,2.0,5653.408164,0.0,7263350.6084,20793472.4136,136.0,8.0,664489123.4272,0.127112,0.072635,0.3,0.24618,0.090643,0.16343,0.0,620121663.3403,1.0,25762139.9999,0.0,888545020.1141,61148958.3234,25762139.9999,0.0,0.0,0.0,303596232.9482,208012936.7465,711625905.8924,546130595.645,546130595.645,2083708171.834,53329985.2626,7772769.5122,22207912.892,4441582.5784,27750608.4457,68338188.0,0.0,106327600.0,18344687.497,15053662.3807,25762139.9999,823730758.808,0.0,5542695.5537,0.0,9993560.8014,0.0,0.5,supplier_stock_node,supplier_stock_node::SDC-VD0901566A,Stock fournisseur SDC-VD0901566A,lower_is_riskier,ok
supplier_stock_node_SDC-VD0901566A_0_75,etudecas\simulation\sensibility\active_supplier_parameter_result_upstream_constrained\cases\supplier_stock_node_SDC-VD0901566A_0_75\input_case.json,etudecas\simulation\sensibility\active_supplier_parameter_result_upstream_constrained\cases\supplier_stock_node_SDC-VD0901566A_0_75\simulation_output,2.0,5653.408164,0.0,7263350.6084,20793472.4136,136.0,8.0,664489123.4272,0.127112,0.072635,0.3,0.24618,0.090643,0.16343,0.0,620121663.3403,1.0,25762139.9999,0.0,888545020.1141,61148958.3234,25762139.9999,0.0,0.0,0.0,303596232.9482,208012891.7465,711625905.8924,546130595.645,546130595.645,2083708171.834,53329985.2626,7772769.5122,22207912.892,4441582.5784,27750608.4457,68338188.0,0.0,106327600.0,18344687.497,15053662.3807,25762139.9999,823730758.808,0.0,5542695.5537,0.0,9993560.8014,0.0,0.75,supplier_stock_node,supplier_stock_node::SDC-VD0901566A,Stock fournisseur SDC-VD0901566A,lower_is_riskier,ok
supplier_stock_node_SDC-VD0901566A_0_9,etudecas\simulation\sensibility\active_supplier_parameter_result_upstream_constrained\cases\supplier_stock_node_SDC-VD0901566A_0_9\input_case.json,etudecas\simulation\sensibility\active_supplier_parameter_result_upstream_constrained\cases\supplier_stock_node_SDC-VD0901566A_0_9\simulation_output,2.0,5653.408164,0.0,7263350.6084,20793472.4136,136.0,8.0,664489123.4272,0.127112,0.072635,0.3,0.24618,0.090643,0.16343,0.0,620121663.3403,1.0,25762139.9999,0.0,888545020.1141,61148958.3234,25762139.9999,0.0,0.0,0.0,303596232.9482,208012864.7465,711625905.8924,546130595.645,546130595.645,2083708171.834,53329985.2626,7772769.5122,22207912.892,4441582.5784,27750608.4457,68338188.0,0.0,106327600.0,18344687.497,15053662.3807,25762139.9999,823730758.808,0.0,5542695.5537,0.0,9993560.8014,0.0,0.9,supplier_stock_node,supplier_stock_node::SDC-VD0901566A,Stock fournisseur SDC-VD0901566A,lower_is_riskier,ok
supplier_stock_node_SDC-VD0901566A_1_0,etudecas\simulation\sensibility\active_supplier_parameter_result_upstream_constrained\cases\supplier_stock_node_SDC-VD0901566A_1_0\input_case.json,etudecas\simulation\sensibility\active_supplier_parameter_result_upstream_constrained\cases\supplier_stock_node_SDC-VD0901566A_1_0\simulation_output,2.0,5653.408164,0.0,7263350.6084,20793472.4136,136.0,8.0,664489123.4272,0.127112,0.072635,0.3,0.24618,0.090643,0.16343,0.0,620121663.3403,1.0,25762139.9999,0.0,888545020.1141,61148958.3234,25762139.9999,0.0,0.0,0.0,303596232.9482,208012846.7465,711625905.8924,546130595.645,546130595.645,2083708171.834,53329985.2626,7772769.5122,22207912.892,4441582.5784,27750608.4457,68338188.0,0.0,106327600.0,18344687.497,15053662.3807,25762139.9999,823730758.808,0.0,5542695.5537,0.0,9993560.8014,0.0,1.0,supplier_stock_node,supplier_stock_node::SDC-VD0901566A,Stock fournisseur SDC-VD0901566A,lower_is_riskier,ok
supplier_capacity_node_SDC-VD0901566A_0_01,etudecas\simulation\sensibility\active_supplier_parameter_result_upstream_constrained\cases\supplier_capacity_node_SDC-VD0901566A_0_01\input_case.json,etudecas\simulation\sensibility\active_supplier_parameter_result_upstream_constrained\cases\supplier_capacity_node_SDC-VD0901566A_0_01\simulation_output,2.0,5653.408164,0.0,7263350.6084,20793472.4136,136.0,8.0,664489123.4272,0.127112,0.072635,0.3,0.24618,0.090643,0.16343,0.0,620121663.3403,1.0,25762139.9999,0.0,888545020.1141,61148958.3234,25762139.9999,0.0,0.0,0.0,303596232.9482,208012846.7465,711625905.8924,546130595.645,546130595.645,2083708171.834,53329985.2626,7772769.5122,22207912.892,4441582.5784,27750608.4457,68338188.0,0.0,106327600.0,18344687.497,15053662.3807,25762139.9999,823730758.808,0.0,5542695.5537,0.0,9993560.8014,0.0,0.01,supplier_capacity_node,supplier_capacity_node::SDC-VD0901566A,Capacite fournisseur SDC-VD0901566A,lower_is_riskier,ok
supplier_capacity_node_SDC-VD0901566A_0_05,etudecas\simulation\sensibility\active_supplier_parameter_result_upstream_constrained\cases\supplier_capacity_node_SDC-VD0901566A_0_05\input_case.json,etudecas\simulation\sensibility\active_supplier_parameter_result_upstream_constrained\cases\supplier_capacity_node_SDC-VD0901566A_0_05\simulation_output,2.0,5653.408164,0.0,7263350.6084,20793472.4136,136.0,8.0,664489123.4272,0.127112,0.072635,0.3,0.24618,0.090643,0.16343,0.0,620121663.3403,1.0,25762139.9999,0.0,888545020.1141,61148958.3234,25762139.9999,0.0,0.0,0.0,303596232.9482,208012846.7465,711625905.8924,546130595.645,546130595.645,2083708171.834,53329985.2626,7772769.5122,22207912.892,4441582.5784,27750608.4457,68338188.0,0.0,106327600.0,18344687.497,15053662.3807,25762139.9999,823730758.808,0.0,5542695.5537,0.0,9993560.8014,0.0,0.05,supplier_capacity_node,supplier_capacity_node::SDC-VD0901566A,Capacite fournisseur SDC-VD0901566A,lower_is_riskier,ok
supplier_capacity_node_SDC-VD0901566A_0_1,etudecas\simulation\sensibility\active_supplier_parameter_result_upstream_constrained\cases\supplier_capacity_node_SDC-VD0901566A_0_1\input_case.json,etudecas\simulation\sensibility\active_supplier_parameter_result_upstream_constrained\cases\supplier_capacity_node_SDC-VD0901566A_0_1\simulation_output,2.0,5653.408164,0.0,7263350.6084,20793472.4136,136.0,8.0,664489123.4272,0.127112,0.072635,0.3,0.24618,0.090643,0.16343,0.0,620121663.3403,1.0,25762139.9999,0.0,888545020.1141,61148958.3234,25762139.9999,0.0,0.0,0.0,303596232.9482,208012846.7465,711625905.8924,546130595.645,546130595.645,2083708171.834,53329985.2626,7772769.5122,22207912.892,4441582.5784,27750608.4457,68338188.0,0.0,106327600.0,18344687.497,15053662.3807,25762139.9999,823730758.808,0.0,5542695.5537,0.0,9993560.8014,0.0,0.1,supplier_capacity_node,supplier_capacity_node::SDC-VD0901566A,Capacite fournisseur SDC-VD0901566A,lower_is_riskier,ok
supplier_capacity_node_SDC-VD0901566A_0_25,etudecas\simulation\sensibility\active_supplier_parameter_result_upstream_constrained\cases\supplier_capacity_node_SDC-VD0901566A_0_25\input_case.json,etudecas\simulation\sensibility\active_supplier_parameter_result_upstream_constrained\cases\supplier_capacity_node_SDC-VD0901566A_0_25\simulation_output,2.0,5653.408164,0.0,7263350.6084,20793472.4136,136.0,8.0,664489123.4272,0.127112,0.072635,0.3,0.24618,0.090643,0.16343,0.0,620121663.3403,1.0,25762139.9999,0.0,888545020.1141,61148958.3234,25762139.9999,0.0,0.0,0.0,303596232.9482,208012846.7465,711625905.8924,546130595.645,546130595.645,2083708171.834,53329985.2626,7772769.5122,22207912.892,4441582.5784,27750608.4457,68338188.0,0.0,106327600.0,18344687.497,15053662.3807,25762139.9999,823730758.808,0.0,5542695.5537,0.0,9993560.8014,0.0,0.25,supplier_capacity_node,supplier_capacity_node::SDC-VD0901566A,Capacite fournisseur SDC-VD0901566A,lower_is_riskier,ok
supplier_capacity_node_SDC-VD0901566A_0_5,etudecas\simulation\sensibility\active_supplier_parameter_result_upstream_constrained\cases\supplier_capacity_node_SDC-VD0901566A_0_5\input_case.json,etudecas\simulation\sensibility\active_supplier_parameter_result_upstream_constrained\cases\supplier_capacity_node_SDC-VD0901566A_0_5\simulation_output,2.0,5653.408164,0.0,7263350.6084,20793472.4136,136.0,8.0,664489123.4272,0.127112,0.072635,0.3,0.24618,0.090643,0.16343,0.0,620121663.3403,1.0,25762139.9999,0.0,888545020.1141,61148958.3234,25762139.9999,0.0,0.0,0.0,303596232.9482,208012846.7465,711625905.8924,546130595.645,546130595.645,2083708171.834,53329985.2626,7772769.5122,22207912.892,4441582.5784,27750608.4457,68338188.0,0.0,106327600.0,18344687.497,15053662.3807,25762139.9999,823730758.808,0.0,5542695.5537,0.0,9993560.8014,0.0,0.5,supplier_capacity_node,supplier_capacity_node::SDC-VD0901566A,Capacite fournisseur SDC-VD0901566A,lower_is_riskier,ok
supplier_capacity_node_SDC-VD0901566A_0_75,etudecas\simulation\sensibility\active_supplier_parameter_result_upstream_constrained\cases\supplier_capacity_node_SDC-VD0901566A_0_75\input_case.json,etudecas\simulation\sensibility\active_supplier_parameter_result_upstream_constrained\cases\supplier_capacity_node_SDC-VD0901566A_0_75\simulation_output,2.0,5653.408164,0.0,7263350.6084,20793472.4136,136.0,8.0,664489123.4272,0.127112,0.072635,0.3,0.24618,0.090643,0.16343,0.0,620121663.3403,1.0,25762139.9999,0.0,888545020.1141,61148958.3234,25762139.9999,0.0,0.0,0.0,303596232.9482,208012846.7465,711625905.8924,546130595.645,546130595.645,2083708171.834,53329985.2626,7772769.5122,22207912.892,4441582.5784,27750608.4457,68338188.0,0.0,106327600.0,18344687.497,15053662.3807,25762139.9999,823730758.808,0.0,5542695.5537,0.0,9993560.8014,0.0,0.75,supplier_capacity_node,supplier_capacity_node::SDC-VD0901566A,Capacite fournisseur SDC-VD0901566A,lower_is_riskier,ok
supplier_capacity_node_SDC-VD0901566A_1_0,etudecas\simulation\sensibility\active_supplier_parameter_result_upstream_constrained\cases\supplier_capacity_node_SDC-VD0901566A_1_0\input_case.json,etudecas\simulation\sensibility\active_supplier_parameter_result_upstream_constrained\cases\supplier_capacity_node_SDC-VD0901566A_1_0\simulation_output,2.0,5653.408164,0.0,7263350.6084,20793472.4136,136.0,8.0,664489123.4272,0.127112,0.072635,0.3,0.24618,0.090643,0.16343,0.0,620121663.3403,1.0,25762139.9999,0.0,888545020.1141,61148958.3234,25762139.9999,0.0,0.0,0.0,303596232.9482,208012846.7465,711625905.8924,546130595.645,546130595.645,2083708171.834,53329985.2626,7772769.5122,22207912.892,4441582.5784,27750608.4457,68338188.0,0.0,106327600.0,18344687.497,15053662.3807,25762139.9999,823730758.808,0.0,5542695.5537,0.0,9993560.8014,0.0,1.0,supplier_capacity_node,supplier_capacity_node::SDC-VD0901566A,Capacite fournisseur SDC-VD0901566A,lower_is_riskier,ok
supplier_stock_node_SDC-VD0993480A_0_01,etudecas\simulation\sensibility\active_supplier_parameter_result_upstream_constrained\cases\supplier_stock_node_SDC-VD0993480A_0_01\input_case.json,etudecas\simulation\sensibility\active_supplier_parameter_result_upstream_constrained\cases\supplier_stock_node_SDC-VD0993480A_0_01\simulation_output,2.0,5653.408164,0.0,7263350.6084,20793472.4136,136.0,8.0,664489123.4272,0.127112,0.072635,0.3,0.24618,0.090643,0.16343,0.0,620121663.3403,1.0,25762139.9999,0.0,888545020.1141,61148958.3234,25762139.9999,0.0,0.0,0.0,303596232.9482,208013024.9465,711625905.8924,546130595.645,546130595.645,2083708171.834,53329985.2626,7772769.5122,22207912.892,4441582.5784,27750608.4457,68338188.0,0.0,106327600.0,18344687.497,15053662.3807,25762139.9999,823730758.808,0.0,5542695.5537,0.0,9993560.8014,0.0,0.01,supplier_stock_node,supplier_stock_node::SDC-VD0993480A,Stock fournisseur SDC-VD0993480A,lower_is_riskier,ok
supplier_stock_node_SDC-VD0993480A_0_25,etudecas\simulation\sensibility\active_supplier_parameter_result_upstream_constrained\cases\supplier_stock_node_SDC-VD0993480A_0_25\input_case.json,etudecas\simulation\sensibility\active_supplier_parameter_result_upstream_constrained\cases\supplier_stock_node_SDC-VD0993480A_0_25\simulation_output,2.0,5653.408164,0.0,7263350.6084,20793472.4136,136.0,8.0,664489123.4272,0.127112,0.072635,0.3,0.24618,0.090643,0.16343,0.0,620121663.3403,1.0,25762139.9999,0.0,888545020.1141,61148958.3234,25762139.9999,0.0,0.0,0.0,303596232.9482,208012981.7465,711625905.8924,546130595.645,546130595.645,2083708171.834,53329985.2626,7772769.5122,22207912.892,4441582.5784,27750608.4457,68338188.0,0.0,106327600.0,18344687.497,15053662.3807,25762139.9999,823730758.808,0.0,5542695.5537,0.0,9993560.8014,0.0,0.25,supplier_stock_node,supplier_stock_node::SDC-VD0993480A,Stock fournisseur SDC-VD0993480A,lower_is_riskier,ok
supplier_stock_node_SDC-VD0993480A_0_5,etudecas\simulation\sensibility\active_supplier_parameter_result_upstream_constrained\cases\supplier_stock_node_SDC-VD0993480A_0_5\input_case.json,etudecas\simulation\sensibility\active_supplier_parameter_result_upstream_constrained\cases\supplier_stock_node_SDC-VD0993480A_0_5\simulation_output,2.0,5653.408164,0.0,7263350.6084,20793472.4136,136.0,8.0,664489123.4272,0.127112,0.072635,0.3,0.24618,0.090643,0.16343,0.0,620121663.3403,1.0,25762139.9999,0.0,888545020.1141,61148958.3234,25762139.9999,0.0,0.0,0.0,303596232.9482,208012936.7465,711625905.8924,546130595.645,546130595.645,2083708171.834,53329985.2626,7772769.5122,22207912.892,4441582.5784,27750608.4457,68338188.0,0.0,106327600.0,18344687.497,15053662.3807,25762139.9999,823730758.808,0.0,5542695.5537,0.0,9993560.8014,0.0,0.5,supplier_stock_node,supplier_stock_node::SDC-VD0993480A,Stock fournisseur SDC-VD0993480A,lower_is_riskier,ok
supplier_stock_node_SDC-VD0993480A_0_75,etudecas\simulation\sensibility\active_supplier_parameter_result_upstream_constrained\cases\supplier_stock_node_SDC-VD0993480A_0_75\input_case.json,etudecas\simulation\sensibility\active_supplier_parameter_result_upstream_constrained\cases\supplier_stock_node_SDC-VD0993480A_0_75\simulation_output,2.0,5653.408164,0.0,7263350.6084,20793472.4136,136.0,8.0,664489123.4272,0.127112,0.072635,0.3,0.24618,0.090643,0.16343,0.0,620121663.3403,1.0,25762139.9999,0.0,888545020.1141,61148958.3234,25762139.9999,0.0,0.0,0.0,303596232.9482,208012891.7465,711625905.8924,546130595.645,546130595.645,2083708171.834,53329985.2626,7772769.5122,22207912.892,4441582.5784,27750608.4457,68338188.0,0.0,106327600.0,18344687.497,15053662.3807,25762139.9999,823730758.808,0.0,5542695.5537,0.0,9993560.8014,0.0,0.75,supplier_stock_node,supplier_stock_node::SDC-VD0993480A,Stock fournisseur SDC-VD0993480A,lower_is_riskier,ok
supplier_stock_node_SDC-VD0993480A_0_9,etudecas\simulation\sensibility\active_supplier_parameter_result_upstream_constrained\cases\supplier_stock_node_SDC-VD0993480A_0_9\input_case.json,etudecas\simulation\sensibility\active_supplier_parameter_result_upstream_constrained\cases\supplier_stock_node_SDC-VD0993480A_0_9\simulation_output,2.0,5653.408164,0.0,7263350.6084,20793472.4136,136.0,8.0,664489123.4272,0.127112,0.072635,0.3,0.24618,0.090643,0.16343,0.0,620121663.3403,1.0,25762139.9999,0.0,888545020.1141,61148958.3234,25762139.9999,0.0,0.0,0.0,303596232.9482,208012864.7465,711625905.8924,546130595.645,546130595.645,2083708171.834,53329985.2626,7772769.5122,22207912.892,4441582.5784,27750608.4457,68338188.0,0.0,106327600.0,18344687.497,15053662.3807,25762139.9999,823730758.808,0.0,5542695.5537,0.0,9993560.8014,0.0,0.9,supplier_stock_node,supplier_stock_node::SDC-VD0993480A,Stock fournisseur SDC-VD0993480A,lower_is_riskier,ok
supplier_stock_node_SDC-VD0993480A_1_0,etudecas\simulation\sensibility\active_supplier_parameter_result_upstream_constrained\cases\supplier_stock_node_SDC-VD0993480A_1_0\input_case.json,etudecas\simulation\sensibility\active_supplier_parameter_result_upstream_constrained\cases\supplier_stock_node_SDC-VD0993480A_1_0\simulation_output,2.0,5653.408164,0.0,7263350.6084,20793472.4136,136.0,8.0,664489123.4272,0.127112,0.072635,0.3,0.24618,0.090643,0.16343,0.0,620121663.3403,1.0,25762139.9999,0.0,888545020.1141,61148958.3234,25762139.9999,0.0,0.0,0.0,303596232.9482,208012846.7465,711625905.8924,546130595.645,546130595.645,2083708171.834,53329985.2626,7772769.5122,22207912.892,4441582.5784,27750608.4457,68338188.0,0.0,106327600.0,18344687.497,15053662.3807,25762139.9999,823730758.808,0.0,5542695.5537,0.0,9993560.8014,0.0,1.0,supplier_stock_node,supplier_stock_node::SDC-VD0993480A,Stock fournisseur SDC-VD0993480A,lower_is_riskier,ok
supplier_capacity_node_SDC-VD0993480A_0_01,etudecas\simulation\sensibility\active_supplier_parameter_result_upstream_constrained\cases\supplier_capacity_node_SDC-VD0993480A_0_01\input_case.json,etudecas\simulation\sensibility\active_supplier_parameter_result_upstream_constrained\cases\supplier_capacity_node_SDC-VD0993480A_0_01\simulation_output,2.0,5653.408164,0.0,7263350.6084,20793472.4136,143.0,8.0,662356658.6898,0.126683,0.07239,0.3,0.247618,0.09043,0.162878,0.0,614747310.3642,1.0,25762139.9999,0.0,888152267.3502,61250147.8861,25762139.9999,0.0,0.0,0.0,303596232.9482,208012846.7465,711194745.2225,550470634.9751,550470634.9751,2079804498.5945,54743830.5551,7759352.6652,22169579.0435,4433915.8087,27708449.9502,68338188.0,0.0,106327600.0,18375044.3658,15166653.5701,25762139.9999,824381198.3502,4450600.0,5538870.9067,0.0,9976310.5696,0.0,0.01,supplier_capacity_node,supplier_capacity_node::SDC-VD0993480A,Capacite fournisseur SDC-VD0993480A,lower_is_riskier,ok
supplier_capacity_node_SDC-VD0993480A_0_05,etudecas\simulation\sensibility\active_supplier_parameter_result_upstream_constrained\cases\supplier_capacity_node_SDC-VD0993480A_0_05\input_case.json,etudecas\simulation\sensibility\active_supplier_parameter_result_upstream_constrained\cases\supplier_capacity_node_SDC-VD0993480A_0_05\simulation_output,2.0,5653.408164,0.0,7263350.6084,20793472.4136,139.0,8.0,664150318.0662,0.127153,0.072659,0.3,0.246139,0.090567,0.163482,0.0,618086209.3253,1.0,25762139.9999,0.0,888258468.8751,61179705.8341,25762139.9999,0.0,0.0,0.0,303596232.9482,208012846.7465,711238644.1835,547318333.9361,547318333.9361,2080312187.6599,53694967.5951,7779184.2498,22226240.7138,4445248.1428,27767085.2958,68338188.0,0.0,106327600.0,18353911.7502,15058708.7881,25762139.9999,823717399.8751,1986600.0,5540844.582,0.0,10001808.3212,0.0,0.05,supplier_capacity_node,supplier_capacity_node::SDC-VD0993480A,Capacite fournisseur SDC-VD0993480A,lower_is_riskier,ok
supplier_capacity_node_SDC-VD0993480A_0_1,etudecas\simulation\sensibility\active_supplier_parameter_result_upstream_constrained\cases\supplier_capacity_node_SDC-VD0993480A_0_1\input_case.json,etudecas\simulation\sensibility\active_supplier_parameter_result_upstream_constrained\cases\supplier_capacity_node_SDC-VD0993480A_0_1\simulation_output,2.0,5653.408164,0.0,7263350.6084,20793472.4136,136.0,8.0,664489123.4272,0.127112,0.072635,0.3,0.24618,0.090643,0.16343,0.0,620121663.3403,1.0,25762139.9999,0.0,888545020.1141,61148958.3234,25762139.9999,0.0,0.0,0.0,303596232.9482,208012846.7465,711625905.8924,546130595.645,546130595.645,2083708171.834,53329985.2626,7772769.5122,22207912.892,4441582.5784,27750608.4457,68338188.0,0.0,106327600.0,18344687.497,15053662.3807,25762139.9999,823730758.808,0.0,5542695.5537,0.0,9993560.8014,0.0,0.1,supplier_capacity_node,supplier_capacity_node::SDC-VD0993480A,Capacite fournisseur SDC-VD0993480A,lower_is_riskier,ok
supplier_capacity_node_SDC-VD0993480A_0_25,etudecas\simulation\sensibility\active_supplier_parameter_result_upstream_constrained\cases\supplier_capacity_node_SDC-VD0993480A_0_25\input_case.json,etudecas\simulation\sensibility\active_supplier_parameter_result_upstream_constrained\cases\supplier_capacity_node_SDC-VD0993480A_0_25\simulation_output,2.0,5653.408164,0.0,7263350.6084,20793472.4136,136.0,8.0,664489123.4272,0.127112,0.072635,0.3,0.24618,0.090643,0.16343,0.0,620121663.3403,1.0,25762139.9999,0.0,888545020.1141,61148958.3234,25762139.9999,0.0,0.0,0.0,303596232.9482,208012846.7465,711625905.8924,546130595.645,546130595.645,2083708171.834,53329985.2626,7772769.5122,22207912.892,4441582.5784,27750608.4457,68338188.0,0.0,106327600.0,18344687.497,15053662.3807,25762139.9999,823730758.808,0.0,5542695.5537,0.0,9993560.8014,0.0,0.25,supplier_capacity_node,supplier_capacity_node::SDC-VD0993480A,Capacite fournisseur SDC-VD0993480A,lower_is_riskier,ok
supplier_capacity_node_SDC-VD0993480A_0_5,etudecas\simulation\sensibility\active_supplier_parameter_result_upstream_constrained\cases\supplier_capacity_node_SDC-VD0993480A_0_5\input_case.json,etudecas\simulation\sensibility\active_supplier_parameter_result_upstream_constrained\cases\supplier_capacity_node_SDC-VD0993480A_0_5\simulation_output,2.0,5653.408164,0.0,7263350.6084,20793472.4136,136.0,8.0,664489123.4272,0.127112,0.072635,0.3,0.24618,0.090643,0.16343,0.0,620121663.3403,1.0,25762139.9999,0.0,888545020.1141,61148958.3234,25762139.9999,0.0,0.0,0.0,303596232.9482,208012846.7465,711625905.8924,546130595.645,546130595.645,2083708171.834,53329985.2626,7772769.5122,22207912.892,4441582.5784,27750608.4457,68338188.0,0.0,106327600.0,18344687.497,15053662.3807,25762139.9999,823730758.808,0.0,5542695.5537,0.0,9993560.8014,0.0,0.5,supplier_capacity_node,supplier_capacity_node::SDC-VD0993480A,Capacite fournisseur SDC-VD0993480A,lower_is_riskier,ok
supplier_capacity_node_SDC-VD0993480A_0_75,etudecas\simulation\sensibility\active_supplier_parameter_result_upstream_constrained\cases\supplier_capacity_node_SDC-VD0993480A_0_75\input_case.json,etudecas\simulation\sensibility\active_supplier_parameter_result_upstream_constrained\cases\supplier_capacity_node_SDC-VD0993480A_0_75\simulation_output,2.0,5653.408164,0.0,7263350.6084,20793472.4136,136.0,8.0,664489123.4272,0.127112,0.072635,0.3,0.24618,0.090643,0.16343,0.0,620121663.3403,1.0,25762139.9999,0.0,888545020.1141,61148958.3234,25762139.9999,0.0,0.0,0.0,303596232.9482,208012846.7465,711625905.8924,546130595.645,546130595.645,2083708171.834,53329985.2626,7772769.5122,22207912.892,4441582.5784,27750608.4457,68338188.0,0.0,106327600.0,18344687.497,15053662.3807,25762139.9999,823730758.808,0.0,5542695.5537,0.0,9993560.8014,0.0,0.75,supplier_capacity_node,supplier_capacity_node::SDC-VD0993480A,Capacite fournisseur SDC-VD0993480A,lower_is_riskier,ok
supplier_capacity_node_SDC-VD0993480A_1_0,etudecas\simulation\sensibility\active_supplier_parameter_result_upstream_constrained\cases\supplier_capacity_node_SDC-VD0993480A_1_0\input_case.json,etudecas\simulation\sensibility\active_supplier_parameter_result_upstream_constrained\cases\supplier_capacity_node_SDC-VD0993480A_1_0\simulation_output,2.0,5653.408164,0.0,7263350.6084,20793472.4136,136.0,8.0,664489123.4272,0.127112,0.072635,0.3,0.24618,0.090643,0.16343,0.0,620121663.3403,1.0,25762139.9999,0.0,888545020.1141,61148958.3234,25762139.9999,0.0,0.0,0.0,303596232.9482,208012846.7465,711625905.8924,546130595.645,546130595.645,2083708171.834,53329985.2626,7772769.5122,22207912.892,4441582.5784,27750608.4457,68338188.0,0.0,106327600.0,18344687.497,15053662.3807,25762139.9999,823730758.808,0.0,5542695.5537,0.0,9993560.8014,0.0,1.0,supplier_capacity_node,supplier_capacity_node::SDC-VD0993480A,Capacite fournisseur SDC-VD0993480A,lower_is_riskier,ok
supplier_stock_node_SDC-VD0525412A_0_01,etudecas\simulation\sensibility\active_supplier_parameter_result_upstream_constrained\cases\supplier_stock_node_SDC-VD0525412A_0_01\input_case.json,etudecas\simulation\sensibility\active_supplier_parameter_result_upstream_constrained\cases\supplier_stock_node_SDC-VD0525412A_0_01\simulation_output,2.0,5653.408164,0.0,7263350.6084,20793472.4136,136.0,8.0,664489123.4272,0.127112,0.072635,0.3,0.24618,0.090643,0.16343,0.0,620121663.3403,1.0,25762139.9999,0.0,888545020.1141,61148958.3234,25762139.9999,0.0,0.0,0.0,303596232.9482,208013024.9465,711625905.8924,546130595.645,546130595.645,2083708171.834,53329985.2626,7772769.5122,22207912.892,4441582.5784,27750608.4457,68338188.0,0.0,106327600.0,18344687.497,15053662.3807,25762139.9999,823730758.808,0.0,5542695.5537,0.0,9993560.8014,0.0,0.01,supplier_stock_node,supplier_stock_node::SDC-VD0525412A,Stock fournisseur SDC-VD0525412A,lower_is_riskier,ok
supplier_stock_node_SDC-VD0525412A_0_25,etudecas\simulation\sensibility\active_supplier_parameter_result_upstream_constrained\cases\supplier_stock_node_SDC-VD0525412A_0_25\input_case.json,etudecas\simulation\sensibility\active_supplier_parameter_result_upstream_constrained\cases\supplier_stock_node_SDC-VD0525412A_0_25\simulation_output,2.0,5653.408164,0.0,7263350.6084,20793472.4136,136.0,8.0,664489123.4272,0.127112,0.072635,0.3,0.24618,0.090643,0.16343,0.0,620121663.3403,1.0,25762139.9999,0.0,888545020.1141,61148958.3234,25762139.9999,0.0,0.0,0.0,303596232.9482,208012981.7465,711625905.8924,546130595.645,546130595.645,2083708171.834,53329985.2626,7772769.5122,22207912.892,4441582.5784,27750608.4457,68338188.0,0.0,106327600.0,18344687.497,15053662.3807,25762139.9999,823730758.808,0.0,5542695.5537,0.0,9993560.8014,0.0,0.25,supplier_stock_node,supplier_stock_node::SDC-VD0525412A,Stock fournisseur SDC-VD0525412A,lower_is_riskier,ok
supplier_stock_node_SDC-VD0525412A_0_5,etudecas\simulation\sensibility\active_supplier_parameter_result_upstream_constrained\cases\supplier_stock_node_SDC-VD0525412A_0_5\input_case.json,etudecas\simulation\sensibility\active_supplier_parameter_result_upstream_constrained\cases\supplier_stock_node_SDC-VD0525412A_0_5\simulation_output,2.0,5653.408164,0.0,7263350.6084,20793472.4136,136.0,8.0,664489123.4272,0.127112,0.072635,0.3,0.24618,0.090643,0.16343,0.0,620121663.3403,1.0,25762139.9999,0.0,888545020.1141,61148958.3234,25762139.9999,0.0,0.0,0.0,303596232.9482,208012936.7465,711625905.8924,546130595.645,546130595.645,2083708171.834,53329985.2626,7772769.5122,22207912.892,4441582.5784,27750608.4457,68338188.0,0.0,106327600.0,18344687.497,15053662.3807,25762139.9999,823730758.808,0.0,5542695.5537,0.0,9993560.8014,0.0,0.5,supplier_stock_node,supplier_stock_node::SDC-VD0525412A,Stock fournisseur SDC-VD0525412A,lower_is_riskier,ok
supplier_stock_node_SDC-VD0525412A_0_75,etudecas\simulation\sensibility\active_supplier_parameter_result_upstream_constrained\cases\supplier_stock_node_SDC-VD0525412A_0_75\input_case.json,etudecas\simulation\sensibility\active_supplier_parameter_result_upstream_constrained\cases\supplier_stock_node_SDC-VD0525412A_0_75\simulation_output,2.0,5653.408164,0.0,7263350.6084,20793472.4136,136.0,8.0,664489123.4272,0.127112,0.072635,0.3,0.24618,0.090643,0.16343,0.0,620121663.3403,1.0,25762139.9999,0.0,888545020.1141,61148958.3234,25762139.9999,0.0,0.0,0.0,303596232.9482,208012891.7465,711625905.8924,546130595.645,546130595.645,2083708171.834,53329985.2626,7772769.5122,22207912.892,4441582.5784,27750608.4457,68338188.0,0.0,106327600.0,18344687.497,15053662.3807,25762139.9999,823730758.808,0.0,5542695.5537,0.0,9993560.8014,0.0,0.75,supplier_stock_node,supplier_stock_node::SDC-VD0525412A,Stock fournisseur SDC-VD0525412A,lower_is_riskier,ok
supplier_stock_node_SDC-VD0525412A_0_9,etudecas\simulation\sensibility\active_supplier_parameter_result_upstream_constrained\cases\supplier_stock_node_SDC-VD0525412A_0_9\input_case.json,etudecas\simulation\sensibility\active_supplier_parameter_result_upstream_constrained\cases\supplier_stock_node_SDC-VD0525412A_0_9\simulation_output,2.0,5653.408164,0.0,7263350.6084,20793472.4136,136.0,8.0,664489123.4272,0.127112,0.072635,0.3,0.24618,0.090643,0.16343,0.0,620121663.3403,1.0,25762139.9999,0.0,888545020.1141,61148958.3234,25762139.9999,0.0,0.0,0.0,303596232.9482,208012864.7465,711625905.8924,546130595.645,546130595.645,2083708171.834,53329985.2626,7772769.5122,22207912.892,4441582.5784,27750608.4457,68338188.0,0.0,106327600.0,18344687.497,15053662.3807,25762139.9999,823730758.808,0.0,5542695.5537,0.0,9993560.8014,0.0,0.9,supplier_stock_node,supplier_stock_node::SDC-VD0525412A,Stock fournisseur SDC-VD0525412A,lower_is_riskier,ok
supplier_stock_node_SDC-VD0525412A_1_0,etudecas\simulation\sensibility\active_supplier_parameter_result_upstream_constrained\cases\supplier_stock_node_SDC-VD0525412A_1_0\input_case.json,etudecas\simulation\sensibility\active_supplier_parameter_result_upstream_constrained\cases\supplier_stock_node_SDC-VD0525412A_1_0\simulation_output,2.0,5653.408164,0.0,7263350.6084,20793472.4136,136.0,8.0,664489123.4272,0.127112,0.072635,0.3,0.24618,0.090643,0.16343,0.0,620121663.3403,1.0,25762139.9999,0.0,888545020.1141,61148958.3234,25762139.9999,0.0,0.0,0.0,303596232.9482,208012846.7465,711625905.8924,546130595.645,546130595.645,2083708171.834,53329985.2626,7772769.5122,22207912.892,4441582.5784,27750608.4457,68338188.0,0.0,106327600.0,18344687.497,15053662.3807,25762139.9999,823730758.808,0.0,5542695.5537,0.0,9993560.8014,0.0,1.0,supplier_stock_node,supplier_stock_node::SDC-VD0525412A,Stock fournisseur SDC-VD0525412A,lower_is_riskier,ok
supplier_capacity_node_SDC-VD0525412A_0_01,etudecas\simulation\sensibility\active_supplier_parameter_result_upstream_constrained\cases\supplier_capacity_node_SDC-VD0525412A_0_01\input_case.json,etudecas\simulation\sensibility\active_supplier_parameter_result_upstream_constrained\cases\supplier_capacity_node_SDC-VD0525412A_0_01\simulation_output,2.0,5653.408164,0.0,7263350.6084,20793472.4136,138.0,8.0,664055059.1691,0.127054,0.072602,0.3,0.246338,0.090651,0.163355,0.0,620318341.1533,1.0,25762139.9999,0.0,888676697.9271,61142908.5078,25762139.9999,0.0,0.0,0.0,303596232.9482,208012846.7465,711710776.0115,546150465.7641,546150465.7641,2083773171.834,53338913.2466,7768434.9576,22195528.4503,4439105.6901,27738208.8352,68338188.0,0.0,106327600.0,18342872.5523,15061827.1203,25762139.9999,823765628.9271,553150.0,5542680.3849,0.0,9987987.8026,0.0,0.01,supplier_capacity_node,supplier_capacity_node::SDC-VD0525412A,Capacite fournisseur SDC-VD0525412A,lower_is_riskier,ok
supplier_capacity_node_SDC-VD0525412A_0_05,etudecas\simulation\sensibility\active_supplier_parameter_result_upstream_constrained\cases\supplier_capacity_node_SDC-VD0525412A_0_05\input_case.json,etudecas\simulation\sensibility\active_supplier_parameter_result_upstream_constrained\cases\supplier_capacity_node_SDC-VD0525412A_0_05\simulation_output,2.0,5653.408164,0.0,7263350.6084,20793472.4136,136.0,8.0,664489123.4272,0.127112,0.072635,0.3,0.24618,0.090643,0.16343,0.0,620121663.3403,1.0,25762139.9999,0.0,888545020.1141,61148958.3234,25762139.9999,0.0,0.0,0.0,303596232.9482,208012846.7465,711625905.8924,546130595.645,546130595.645,2083708171.834,53329985.2626,7772769.5122,22207912.892,4441582.5784,27750608.4457,68338188.0,0.0,106327600.0,18344687.497,15053662.3807,25762139.9999,823730758.808,0.0,5542695.5537,0.0,9993560.8014,0.0,0.05,supplier_capacity_node,supplier_capacity_node::SDC-VD0525412A,Capacite fournisseur SDC-VD0525412A,lower_is_riskier,ok
supplier_capacity_node_SDC-VD0525412A_0_1,etudecas\simulation\sensibility\active_supplier_parameter_result_upstream_constrained\cases\supplier_capacity_node_SDC-VD0525412A_0_1\input_case.json,etudecas\simulation\sensibility\active_supplier_parameter_result_upstream_constrained\cases\supplier_capacity_node_SDC-VD0525412A_0_1\simulation_output,2.0,5653.408164,0.0,7263350.6084,20793472.4136,136.0,8.0,664489123.4272,0.127112,0.072635,0.3,0.24618,0.090643,0.16343,0.0,620121663.3403,1.0,25762139.9999,0.0,888545020.1141,61148958.3234,25762139.9999,0.0,0.0,0.0,303596232.9482,208012846.7465,711625905.8924,546130595.645,546130595.645,2083708171.834,53329985.2626,7772769.5122,22207912.892,4441582.5784,27750608.4457,68338188.0,0.0,106327600.0,18344687.497,15053662.3807,25762139.9999,823730758.808,0.0,5542695.5537,0.0,9993560.8014,0.0,0.1,supplier_capacity_node,supplier_capacity_node::SDC-VD0525412A,Capacite fournisseur SDC-VD0525412A,lower_is_riskier,ok
supplier_capacity_node_SDC-VD0525412A_0_25,etudecas\simulation\sensibility\active_supplier_parameter_result_upstream_constrained\cases\supplier_capacity_node_SDC-VD0525412A_0_25\input_case.json,etudecas\simulation\sensibility\active_supplier_parameter_result_upstream_constrained\cases\supplier_capacity_node_SDC-VD0525412A_0_25\simulation_output,2.0,5653.408164,0.0,7263350.6084,20793472.4136,136.0,8.0,664489123.4272,0.127112,0.072635,0.3,0.24618,0.090643,0.16343,0.0,620121663.3403,1.0,25762139.9999,0.0,888545020.1141,61148958.3234,25762139.9999,0.0,0.0,0.0,303596232.9482,208012846.7465,711625905.8924,546130595.645,546130595.645,2083708171.834,53329985.2626,7772769.5122,22207912.892,4441582.5784,27750608.4457,68338188.0,0.0,106327600.0,18344687.497,15053662.3807,25762139.9999,823730758.808,0.0,5542695.5537,0.0,9993560.8014,0.0,0.25,supplier_capacity_node,supplier_capacity_node::SDC-VD0525412A,Capacite fournisseur SDC-VD0525412A,lower_is_riskier,ok
supplier_capacity_node_SDC-VD0525412A_0_5,etudecas\simulation\sensibility\active_supplier_parameter_result_upstream_constrained\cases\supplier_capacity_node_SDC-VD0525412A_0_5\input_case.json,etudecas\simulation\sensibility\active_supplier_parameter_result_upstream_constrained\cases\supplier_capacity_node_SDC-VD0525412A_0_5\simulation_output,2.0,5653.408164,0.0,7263350.6084,20793472.4136,136.0,8.0,664489123.4272,0.127112,0.072635,0.3,0.24618,0.090643,0.16343,0.0,620121663.3403,1.0,25762139.9999,0.0,888545020.1141,61148958.3234,25762139.9999,0.0,0.0,0.0,303596232.9482,208012846.7465,711625905.8924,546130595.645,546130595.645,2083708171.834,53329985.2626,7772769.5122,22207912.892,4441582.5784,27750608.4457,68338188.0,0.0,106327600.0,18344687.497,15053662.3807,25762139.9999,823730758.808,0.0,5542695.5537,0.0,9993560.8014,0.0,0.5,supplier_capacity_node,supplier_capacity_node::SDC-VD0525412A,Capacite fournisseur SDC-VD0525412A,lower_is_riskier,ok
supplier_capacity_node_SDC-VD0525412A_0_75,etudecas\simulation\sensibility\active_supplier_parameter_result_upstream_constrained\cases\supplier_capacity_node_SDC-VD0525412A_0_75\input_case.json,etudecas\simulation\sensibility\active_supplier_parameter_result_upstream_constrained\cases\supplier_capacity_node_SDC-VD0525412A_0_75\simulation_output,2.0,5653.408164,0.0,7263350.6084,20793472.4136,136.0,8.0,664489123.4272,0.127112,0.072635,0.3,0.24618,0.090643,0.16343,0.0,620121663.3403,1.0,25762139.9999,0.0,888545020.1141,61148958.3234,25762139.9999,0.0,0.0,0.0,303596232.9482,208012846.7465,711625905.8924,546130595.645,546130595.645,2083708171.834,53329985.2626,7772769.5122,22207912.892,4441582.5784,27750608.4457,68338188.0,0.0,106327600.0,18344687.497,15053662.3807,25762139.9999,823730758.808,0.0,5542695.5537,0.0,9993560.8014,0.0,0.75,supplier_capacity_node,supplier_capacity_node::SDC-VD0525412A,Capacite fournisseur SDC-VD0525412A,lower_is_riskier,ok
supplier_capacity_node_SDC-VD0525412A_1_0,etudecas\simulation\sensibility\active_supplier_parameter_result_upstream_constrained\cases\supplier_capacity_node_SDC-VD0525412A_1_0\input_case.json,etudecas\simulation\sensibility\active_supplier_parameter_result_upstream_constrained\cases\supplier_capacity_node_SDC-VD0525412A_1_0\simulation_output,2.0,5653.408164,0.0,7263350.6084,20793472.4136,136.0,8.0,664489123.4272,0.127112,0.072635,0.3,0.24618,0.090643,0.16343,0.0,620121663.3403,1.0,25762139.9999,0.0,888545020.1141,61148958.3234,25762139.9999,0.0,0.0,0.0,303596232.9482,208012846.7465,711625905.8924,546130595.645,546130595.645,2083708171.834,53329985.2626,7772769.5122,22207912.892,4441582.5784,27750608.4457,68338188.0,0.0,106327600.0,18344687.497,15053662.3807,25762139.9999,823730758.808,0.0,5542695.5537,0.0,9993560.8014,0.0,1.0,supplier_capacity_node,supplier_capacity_node::SDC-VD0525412A,Capacite fournisseur SDC-VD0525412A,lower_is_riskier,ok
supplier_stock_node_SDC-VD0508918A_0_01,etudecas\simulation\sensibility\active_supplier_parameter_result_upstream_constrained\cases\supplier_stock_node_SDC-VD0508918A_0_01\input_case.json,etudecas\simulation\sensibility\active_supplier_parameter_result_upstream_constrained\cases\supplier_stock_node_SDC-VD0508918A_0_01\simulation_output,2.0,5653.408164,0.0,7263350.6084,20793472.4136,136.0,8.0,664489123.4272,0.127112,0.072635,0.3,0.24618,0.090643,0.16343,0.0,620121663.3403,1.0,25762139.9999,0.0,888545020.1141,61148958.3234,25762139.9999,0.0,0.0,0.0,303596232.9482,208013024.9465,711625905.8924,546130595.645,546130595.645,2083708171.834,53329985.2626,7772769.5122,22207912.892,4441582.5784,27750608.4457,68338188.0,0.0,106327600.0,18344687.497,15053662.3807,25762139.9999,823730758.808,0.0,5542695.5537,0.0,9993560.8014,0.0,0.01,supplier_stock_node,supplier_stock_node::SDC-VD0508918A,Stock fournisseur SDC-VD0508918A,lower_is_riskier,ok
supplier_stock_node_SDC-VD0508918A_0_25,etudecas\simulation\sensibility\active_supplier_parameter_result_upstream_constrained\cases\supplier_stock_node_SDC-VD0508918A_0_25\input_case.json,etudecas\simulation\sensibility\active_supplier_parameter_result_upstream_constrained\cases\supplier_stock_node_SDC-VD0508918A_0_25\simulation_output,2.0,5653.408164,0.0,7263350.6084,20793472.4136,136.0,8.0,664489123.4272,0.127112,0.072635,0.3,0.24618,0.090643,0.16343,0.0,620121663.3403,1.0,25762139.9999,0.0,888545020.1141,61148958.3234,25762139.9999,0.0,0.0,0.0,303596232.9482,208012981.7465,711625905.8924,546130595.645,546130595.645,2083708171.834,53329985.2626,7772769.5122,22207912.892,4441582.5784,27750608.4457,68338188.0,0.0,106327600.0,18344687.497,15053662.3807,25762139.9999,823730758.808,0.0,5542695.5537,0.0,9993560.8014,0.0,0.25,supplier_stock_node,supplier_stock_node::SDC-VD0508918A,Stock fournisseur SDC-VD0508918A,lower_is_riskier,ok
supplier_stock_node_SDC-VD0508918A_0_5,etudecas\simulation\sensibility\active_supplier_parameter_result_upstream_constrained\cases\supplier_stock_node_SDC-VD0508918A_0_5\input_case.json,etudecas\simulation\sensibility\active_supplier_parameter_result_upstream_constrained\cases\supplier_stock_node_SDC-VD0508918A_0_5\simulation_output,2.0,5653.408164,0.0,7263350.6084,20793472.4136,136.0,8.0,664489123.4272,0.127112,0.072635,0.3,0.24618,0.090643,0.16343,0.0,620121663.3403,1.0,25762139.9999,0.0,888545020.1141,61148958.3234,25762139.9999,0.0,0.0,0.0,303596232.9482,208012936.7465,711625905.8924,546130595.645,546130595.645,2083708171.834,53329985.2626,7772769.5122,22207912.892,4441582.5784,27750608.4457,68338188.0,0.0,106327600.0,18344687.497,15053662.3807,25762139.9999,823730758.808,0.0,5542695.5537,0.0,9993560.8014,0.0,0.5,supplier_stock_node,supplier_stock_node::SDC-VD0508918A,Stock fournisseur SDC-VD0508918A,lower_is_riskier,ok
supplier_stock_node_SDC-VD0508918A_0_75,etudecas\simulation\sensibility\active_supplier_parameter_result_upstream_constrained\cases\supplier_stock_node_SDC-VD0508918A_0_75\input_case.json,etudecas\simulation\sensibility\active_supplier_parameter_result_upstream_constrained\cases\supplier_stock_node_SDC-VD0508918A_0_75\simulation_output,2.0,5653.408164,0.0,7263350.6084,20793472.4136,136.0,8.0,664489123.4272,0.127112,0.072635,0.3,0.24618,0.090643,0.16343,0.0,620121663.3403,1.0,25762139.9999,0.0,888545020.1141,61148958.3234,25762139.9999,0.0,0.0,0.0,303596232.9482,208012891.7465,711625905.8924,546130595.645,546130595.645,2083708171.834,53329985.2626,7772769.5122,22207912.892,4441582.5784,27750608.4457,68338188.0,0.0,106327600.0,18344687.497,15053662.3807,25762139.9999,823730758.808,0.0,5542695.5537,0.0,9993560.8014,0.0,0.75,supplier_stock_node,supplier_stock_node::SDC-VD0508918A,Stock fournisseur SDC-VD0508918A,lower_is_riskier,ok
supplier_stock_node_SDC-VD0508918A_0_9,etudecas\simulation\sensibility\active_supplier_parameter_result_upstream_constrained\cases\supplier_stock_node_SDC-VD0508918A_0_9\input_case.json,etudecas\simulation\sensibility\active_supplier_parameter_result_upstream_constrained\cases\supplier_stock_node_SDC-VD0508918A_0_9\simulation_output,2.0,5653.408164,0.0,7263350.6084,20793472.4136,136.0,8.0,664489123.4272,0.127112,0.072635,0.3,0.24618,0.090643,0.16343,0.0,620121663.3403,1.0,25762139.9999,0.0,888545020.1141,61148958.3234,25762139.9999,0.0,0.0,0.0,303596232.9482,208012864.7465,711625905.8924,546130595.645,546130595.645,2083708171.834,53329985.2626,7772769.5122,22207912.892,4441582.5784,27750608.4457,68338188.0,0.0,106327600.0,18344687.497,15053662.3807,25762139.9999,823730758.808,0.0,5542695.5537,0.0,9993560.8014,0.0,0.9,supplier_stock_node,supplier_stock_node::SDC-VD0508918A,Stock fournisseur SDC-VD0508918A,lower_is_riskier,ok
supplier_stock_node_SDC-VD0508918A_1_0,etudecas\simulation\sensibility\active_supplier_parameter_result_upstream_constrained\cases\supplier_stock_node_SDC-VD0508918A_1_0\input_case.json,etudecas\simulation\sensibility\active_supplier_parameter_result_upstream_constrained\cases\supplier_stock_node_SDC-VD0508918A_1_0\simulation_output,2.0,5653.408164,0.0,7263350.6084,20793472.4136,136.0,8.0,664489123.4272,0.127112,0.072635,0.3,0.24618,0.090643,0.16343,0.0,620121663.3403,1.0,25762139.9999,0.0,888545020.1141,61148958.3234,25762139.9999,0.0,0.0,0.0,303596232.9482,208012846.7465,711625905.8924,546130595.645,546130595.645,2083708171.834,53329985.2626,7772769.5122,22207912.892,4441582.5784,27750608.4457,68338188.0,0.0,106327600.0,18344687.497,15053662.3807,25762139.9999,823730758.808,0.0,5542695.5537,0.0,9993560.8014,0.0,1.0,supplier_stock_node,supplier_stock_node::SDC-VD0508918A,Stock fournisseur SDC-VD0508918A,lower_is_riskier,ok
supplier_capacity_node_SDC-VD0508918A_0_01,etudecas\simulation\sensibility\active_supplier_parameter_result_upstream_constrained\cases\supplier_capacity_node_SDC-VD0508918A_0_01\input_case.json,etudecas\simulation\sensibility\active_supplier_parameter_result_upstream_constrained\cases\supplier_capacity_node_SDC-VD0508918A_0_01\simulation_output,2.0,5653.408164,0.0,7263350.6084,20793472.4136,138.0,8.0,664824451.7073,0.127147,0.072655,0.3,0.246119,0.090605,0.163474,0.0,618191266.3257,1.0,25762139.9999,0.0,888499167.3476,61209121.7118,25762139.9999,0.0,0.0,0.0,303596232.9482,208012846.7465,711238701.184,547318418.8472,547318418.8472,2084253027.9471,53716469.5425,7782531.877,22235805.3629,4447161.0726,27781650.6004,68338188.0,0.0,106327600.0,18362736.5135,15064734.5979,25762139.9999,823853098.3476,1389901.0,5545845.2374,0.0,10006112.4133,0.0,0.01,supplier_capacity_node,supplier_capacity_node::SDC-VD0508918A,Capacite fournisseur SDC-VD0508918A,lower_is_riskier,ok
supplier_capacity_node_SDC-VD0508918A_0_05,etudecas\simulation\sensibility\active_supplier_parameter_result_upstream_constrained\cases\supplier_capacity_node_SDC-VD0508918A_0_05\input_case.json,etudecas\simulation\sensibility\active_supplier_parameter_result_upstream_constrained\cases\supplier_capacity_node_SDC-VD0508918A_0_05\simulation_output,2.0,5653.408164,0.0,7263350.6084,20793472.4136,138.0,8.0,664824451.7073,0.127147,0.072655,0.3,0.246119,0.090605,0.163474,0.0,618191266.3257,1.0,25762139.9999,0.0,888499167.3476,61209121.7118,25762139.9999,0.0,0.0,0.0,303596232.9482,208012846.7465,711238701.184,547318418.8472,547318418.8472,2084253027.9471,53716469.5425,7782531.877,22235805.3629,4447161.0726,27781650.6004,68338188.0,0.0,106327600.0,18362736.5135,15064734.5979,25762139.9999,823853098.3476,1106941.0,5545845.2374,0.0,10006112.4133,0.0,0.05,supplier_capacity_node,supplier_capacity_node::SDC-VD0508918A,Capacite fournisseur SDC-VD0508918A,lower_is_riskier,ok
supplier_capacity_node_SDC-VD0508918A_0_1,etudecas\simulation\sensibility\active_supplier_parameter_result_upstream_constrained\cases\supplier_capacity_node_SDC-VD0508918A_0_1\input_case.json,etudecas\simulation\sensibility\active_supplier_parameter_result_upstream_constrained\cases\supplier_capacity_node_SDC-VD0508918A_0_1\simulation_output,2.0,5653.408164,0.0,7263350.6084,20793472.4136,136.0,8.0,664489123.4272,0.127112,0.072635,0.3,0.24618,0.090643,0.16343,0.0,620121663.3403,1.0,25762139.9999,0.0,888545020.1141,61148958.3234,25762139.9999,0.0,0.0,0.0,303596232.9482,208012846.7465,711625905.8924,546130595.645,546130595.645,2083708171.834,53329985.2626,7772769.5122,22207912.892,4441582.5784,27750608.4457,68338188.0,0.0,106327600.0,18344687.497,15053662.3807,25762139.9999,823730758.808,453981.0,5542695.5537,0.0,9993560.8014,0.0,0.1,supplier_capacity_node,supplier_capacity_node::SDC-VD0508918A,Capacite fournisseur SDC-VD0508918A,lower_is_riskier,ok
supplier_capacity_node_SDC-VD0508918A_0_25,etudecas\simulation\sensibility\active_supplier_parameter_result_upstream_constrained\cases\supplier_capacity_node_SDC-VD0508918A_0_25\input_case.json,etudecas\simulation\sensibility\active_supplier_parameter_result_upstream_constrained\cases\supplier_capacity_node_SDC-VD0508918A_0_25\simulation_output,2.0,5653.408164,0.0,7263350.6084,20793472.4136,136.0,8.0,664489123.4272,0.127112,0.072635,0.3,0.24618,0.090643,0.16343,0.0,620121663.3403,1.0,25762139.9999,0.0,888545020.1141,61148958.3234,25762139.9999,0.0,0.0,0.0,303596232.9482,208012846.7465,711625905.8924,546130595.645,546130595.645,2083708171.834,53329985.2626,7772769.5122,22207912.892,4441582.5784,27750608.4457,68338188.0,0.0,106327600.0,18344687.497,15053662.3807,25762139.9999,823730758.808,0.0,5542695.5537,0.0,9993560.8014,0.0,0.25,supplier_capacity_node,supplier_capacity_node::SDC-VD0508918A,Capacite fournisseur SDC-VD0508918A,lower_is_riskier,ok
supplier_capacity_node_SDC-VD0508918A_0_5,etudecas\simulation\sensibility\active_supplier_parameter_result_upstream_constrained\cases\supplier_capacity_node_SDC-VD0508918A_0_5\input_case.json,etudecas\simulation\sensibility\active_supplier_parameter_result_upstream_constrained\cases\supplier_capacity_node_SDC-VD0508918A_0_5\simulation_output,2.0,5653.408164,0.0,7263350.6084,20793472.4136,136.0,8.0,664489123.4272,0.127112,0.072635,0.3,0.24618,0.090643,0.16343,0.0,620121663.3403,1.0,25762139.9999,0.0,888545020.1141,61148958.3234,25762139.9999,0.0,0.0,0.0,303596232.9482,208012846.7465,711625905.8924,546130595.645,546130595.645,2083708171.834,53329985.2626,7772769.5122,22207912.892,4441582.5784,27750608.4457,68338188.0,0.0,106327600.0,18344687.497,15053662.3807,25762139.9999,823730758.808,0.0,5542695.5537,0.0,9993560.8014,0.0,0.5,supplier_capacity_node,supplier_capacity_node::SDC-VD0508918A,Capacite fournisseur SDC-VD0508918A,lower_is_riskier,ok
supplier_capacity_node_SDC-VD0508918A_0_75,etudecas\simulation\sensibility\active_supplier_parameter_result_upstream_constrained\cases\supplier_capacity_node_SDC-VD0508918A_0_75\input_case.json,etudecas\simulation\sensibility\active_supplier_parameter_result_upstream_constrained\cases\supplier_capacity_node_SDC-VD0508918A_0_75\simulation_output,2.0,5653.408164,0.0,7263350.6084,20793472.4136,136.0,8.0,664489123.4272,0.127112,0.072635,0.3,0.24618,0.090643,0.16343,0.0,620121663.3403,1.0,25762139.9999,0.0,888545020.1141,61148958.3234,25762139.9999,0.0,0.0,0.0,303596232.9482,208012846.7465,711625905.8924,546130595.645,546130595.645,2083708171.834,53329985.2626,7772769.5122,22207912.892,4441582.5784,27750608.4457,68338188.0,0.0,106327600.0,18344687.497,15053662.3807,25762139.9999,823730758.808,0.0,5542695.5537,0.0,9993560.8014,0.0,0.75,supplier_capacity_node,supplier_capacity_node::SDC-VD0508918A,Capacite fournisseur SDC-VD0508918A,lower_is_riskier,ok
supplier_capacity_node_SDC-VD0508918A_1_0,etudecas\simulation\sensibility\active_supplier_parameter_result_upstream_constrained\cases\supplier_capacity_node_SDC-VD0508918A_1_0\input_case.json,etudecas\simulation\sensibility\active_supplier_parameter_result_upstream_constrained\cases\supplier_capacity_node_SDC-VD0508918A_1_0\simulation_output,2.0,5653.408164,0.0,7263350.6084,20793472.4136,136.0,8.0,664489123.4272,0.127112,0.072635,0.3,0.24618,0.090643,0.16343,0.0,620121663.3403,1.0,25762139.9999,0.0,888545020.1141,61148958.3234,25762139.9999,0.0,0.0,0.0,303596232.9482,208012846.7465,711625905.8924,546130595.645,546130595.645,2083708171.834,53329985.2626,7772769.5122,22207912.892,4441582.5784,27750608.4457,68338188.0,0.0,106327600.0,18344687.497,15053662.3807,25762139.9999,823730758.808,0.0,5542695.5537,0.0,9993560.8014,0.0,1.0,supplier_capacity_node,supplier_capacity_node::SDC-VD0508918A,Capacite fournisseur SDC-VD0508918A,lower_is_riskier,ok
supplier_stock_node_SDC-VD0960508A_0_01,etudecas\simulation\sensibility\active_supplier_parameter_result_upstream_constrained\cases\supplier_stock_node_SDC-VD0960508A_0_01\input_case.json,etudecas\simulation\sensibility\active_supplier_parameter_result_upstream_constrained\cases\supplier_stock_node_SDC-VD0960508A_0_01\simulation_output,2.0,5653.408164,0.0,7263350.6084,20793472.4136,136.0,8.0,664489123.4272,0.127112,0.072635,0.3,0.24618,0.090643,0.16343,0.0,620121663.3403,1.0,25762139.9999,0.0,888545020.1141,61148958.3234,25762139.9999,0.0,0.0,0.0,303596232.9482,208013024.9465,711625905.8924,546130595.645,546130595.645,2083708171.834,53329985.2626,7772769.5122,22207912.892,4441582.5784,27750608.4457,68338188.0,0.0,106327600.0,18344687.497,15053662.3807,25762139.9999,823730758.808,0.0,5542695.5537,0.0,9993560.8014,0.0,0.01,supplier_stock_node,supplier_stock_node::SDC-VD0960508A,Stock fournisseur SDC-VD0960508A,lower_is_riskier,ok
supplier_stock_node_SDC-VD0960508A_0_25,etudecas\simulation\sensibility\active_supplier_parameter_result_upstream_constrained\cases\supplier_stock_node_SDC-VD0960508A_0_25\input_case.json,etudecas\simulation\sensibility\active_supplier_parameter_result_upstream_constrained\cases\supplier_stock_node_SDC-VD0960508A_0_25\simulation_output,2.0,5653.408164,0.0,7263350.6084,20793472.4136,136.0,8.0,664489123.4272,0.127112,0.072635,0.3,0.24618,0.090643,0.16343,0.0,620121663.3403,1.0,25762139.9999,0.0,888545020.1141,61148958.3234,25762139.9999,0.0,0.0,0.0,303596232.9482,208012981.7465,711625905.8924,546130595.645,546130595.645,2083708171.834,53329985.2626,7772769.5122,22207912.892,4441582.5784,27750608.4457,68338188.0,0.0,106327600.0,18344687.497,15053662.3807,25762139.9999,823730758.808,0.0,5542695.5537,0.0,9993560.8014,0.0,0.25,supplier_stock_node,supplier_stock_node::SDC-VD0960508A,Stock fournisseur SDC-VD0960508A,lower_is_riskier,ok
supplier_stock_node_SDC-VD0960508A_0_5,etudecas\simulation\sensibility\active_supplier_parameter_result_upstream_constrained\cases\supplier_stock_node_SDC-VD0960508A_0_5\input_case.json,etudecas\simulation\sensibility\active_supplier_parameter_result_upstream_constrained\cases\supplier_stock_node_SDC-VD0960508A_0_5\simulation_output,2.0,5653.408164,0.0,7263350.6084,20793472.4136,136.0,8.0,664489123.4272,0.127112,0.072635,0.3,0.24618,0.090643,0.16343,0.0,620121663.3403,1.0,25762139.9999,0.0,888545020.1141,61148958.3234,25762139.9999,0.0,0.0,0.0,303596232.9482,208012936.7465,711625905.8924,546130595.645,546130595.645,2083708171.834,53329985.2626,7772769.5122,22207912.892,4441582.5784,27750608.4457,68338188.0,0.0,106327600.0,18344687.497,15053662.3807,25762139.9999,823730758.808,0.0,5542695.5537,0.0,9993560.8014,0.0,0.5,supplier_stock_node,supplier_stock_node::SDC-VD0960508A,Stock fournisseur SDC-VD0960508A,lower_is_riskier,ok
supplier_stock_node_SDC-VD0960508A_0_75,etudecas\simulation\sensibility\active_supplier_parameter_result_upstream_constrained\cases\supplier_stock_node_SDC-VD0960508A_0_75\input_case.json,etudecas\simulation\sensibility\active_supplier_parameter_result_upstream_constrained\cases\supplier_stock_node_SDC-VD0960508A_0_75\simulation_output,2.0,5653.408164,0.0,7263350.6084,20793472.4136,136.0,8.0,664489123.4272,0.127112,0.072635,0.3,0.24618,0.090643,0.16343,0.0,620121663.3403,1.0,25762139.9999,0.0,888545020.1141,61148958.3234,25762139.9999,0.0,0.0,0.0,303596232.9482,208012891.7465,711625905.8924,546130595.645,546130595.645,2083708171.834,53329985.2626,7772769.5122,22207912.892,4441582.5784,27750608.4457,68338188.0,0.0,106327600.0,18344687.497,15053662.3807,25762139.9999,823730758.808,0.0,5542695.5537,0.0,9993560.8014,0.0,0.75,supplier_stock_node,supplier_stock_node::SDC-VD0960508A,Stock fournisseur SDC-VD0960508A,lower_is_riskier,ok
supplier_stock_node_SDC-VD0960508A_0_9,etudecas\simulation\sensibility\active_supplier_parameter_result_upstream_constrained\cases\supplier_stock_node_SDC-VD0960508A_0_9\input_case.json,etudecas\simulation\sensibility\active_supplier_parameter_result_upstream_constrained\cases\supplier_stock_node_SDC-VD0960508A_0_9\simulation_output,2.0,5653.408164,0.0,7263350.6084,20793472.4136,136.0,8.0,664489123.4272,0.127112,0.072635,0.3,0.24618,0.090643,0.16343,0.0,620121663.3403,1.0,25762139.9999,0.0,888545020.1141,61148958.3234,25762139.9999,0.0,0.0,0.0,303596232.9482,208012864.7465,711625905.8924,546130595.645,546130595.645,2083708171.834,53329985.2626,7772769.5122,22207912.892,4441582.5784,27750608.4457,68338188.0,0.0,106327600.0,18344687.497,15053662.3807,25762139.9999,823730758.808,0.0,5542695.5537,0.0,9993560.8014,0.0,0.9,supplier_stock_node,supplier_stock_node::SDC-VD0960508A,Stock fournisseur SDC-VD0960508A,lower_is_riskier,ok
supplier_stock_node_SDC-VD0960508A_1_0,etudecas\simulation\sensibility\active_supplier_parameter_result_upstream_constrained\cases\supplier_stock_node_SDC-VD0960508A_1_0\input_case.json,etudecas\simulation\sensibility\active_supplier_parameter_result_upstream_constrained\cases\supplier_stock_node_SDC-VD0960508A_1_0\simulation_output,2.0,5653.408164,0.0,7263350.6084,20793472.4136,136.0,8.0,664489123.4272,0.127112,0.072635,0.3,0.24618,0.090643,0.16343,0.0,620121663.3403,1.0,25762139.9999,0.0,888545020.1141,61148958.3234,25762139.9999,0.0,0.0,0.0,303596232.9482,208012846.7465,711625905.8924,546130595.645,546130595.645,2083708171.834,53329985.2626,7772769.5122,22207912.892,4441582.5784,27750608.4457,68338188.0,0.0,106327600.0,18344687.497,15053662.3807,25762139.9999,823730758.808,0.0,5542695.5537,0.0,9993560.8014,0.0,1.0,supplier_stock_node,supplier_stock_node::SDC-VD0960508A,Stock fournisseur SDC-VD0960508A,lower_is_riskier,ok
supplier_capacity_node_SDC-VD0960508A_0_01,etudecas\simulation\sensibility\active_supplier_parameter_result_upstream_constrained\cases\supplier_capacity_node_SDC-VD0960508A_0_01\input_case.json,etudecas\simulation\sensibility\active_supplier_parameter_result_upstream_constrained\cases\supplier_capacity_node_SDC-VD0960508A_0_01\simulation_output,2.0,5653.408164,0.0,7263350.6084,20793472.4136,136.0,8.0,664489123.4272,0.127112,0.072635,0.3,0.24618,0.090643,0.16343,0.0,620121663.3403,1.0,25762139.9999,0.0,888545020.1141,61148958.3234,25762139.9999,0.0,0.0,0.0,303596232.9482,208012846.7465,711625905.8924,546130595.645,546130595.645,2083708171.834,53329985.2626,7772769.5122,22207912.892,4441582.5784,27750608.4457,68338188.0,0.0,106327600.0,18344687.497,15053662.3807,25762139.9999,823730758.808,0.0,5542695.5537,0.0,9993560.8014,0.0,0.01,supplier_capacity_node,supplier_capacity_node::SDC-VD0960508A,Capacite fournisseur SDC-VD0960508A,lower_is_riskier,ok
supplier_capacity_node_SDC-VD0960508A_0_05,etudecas\simulation\sensibility\active_supplier_parameter_result_upstream_constrained\cases\supplier_capacity_node_SDC-VD0960508A_0_05\input_case.json,etudecas\simulation\sensibility\active_supplier_parameter_result_upstream_constrained\cases\supplier_capacity_node_SDC-VD0960508A_0_05\simulation_output,2.0,5653.408164,0.0,7263350.6084,20793472.4136,136.0,8.0,664489123.4272,0.127112,0.072635,0.3,0.24618,0.090643,0.16343,0.0,620121663.3403,1.0,25762139.9999,0.0,888545020.1141,61148958.3234,25762139.9999,0.0,0.0,0.0,303596232.9482,208012846.7465,711625905.8924,546130595.645,546130595.645,2083708171.834,53329985.2626,7772769.5122,22207912.892,4441582.5784,27750608.4457,68338188.0,0.0,106327600.0,18344687.497,15053662.3807,25762139.9999,823730758.808,0.0,5542695.5537,0.0,9993560.8014,0.0,0.05,supplier_capacity_node,supplier_capacity_node::SDC-VD0960508A,Capacite fournisseur SDC-VD0960508A,lower_is_riskier,ok
supplier_capacity_node_SDC-VD0960508A_0_1,etudecas\simulation\sensibility\active_supplier_parameter_result_upstream_constrained\cases\supplier_capacity_node_SDC-VD0960508A_0_1\input_case.json,etudecas\simulation\sensibility\active_supplier_parameter_result_upstream_constrained\cases\supplier_capacity_node_SDC-VD0960508A_0_1\simulation_output,2.0,5653.408164,0.0,7263350.6084,20793472.4136,136.0,8.0,664489123.4272,0.127112,0.072635,0.3,0.24618,0.090643,0.16343,0.0,620121663.3403,1.0,25762139.9999,0.0,888545020.1141,61148958.3234,25762139.9999,0.0,0.0,0.0,303596232.9482,208012846.7465,711625905.8924,546130595.645,546130595.645,2083708171.834,53329985.2626,7772769.5122,22207912.892,4441582.5784,27750608.4457,68338188.0,0.0,106327600.0,18344687.497,15053662.3807,25762139.9999,823730758.808,0.0,5542695.5537,0.0,9993560.8014,0.0,0.1,supplier_capacity_node,supplier_capacity_node::SDC-VD0960508A,Capacite fournisseur SDC-VD0960508A,lower_is_riskier,ok
supplier_capacity_node_SDC-VD0960508A_0_25,etudecas\simulation\sensibility\active_supplier_parameter_result_upstream_constrained\cases\supplier_capacity_node_SDC-VD0960508A_0_25\input_case.json,etudecas\simulation\sensibility\active_supplier_parameter_result_upstream_constrained\cases\supplier_capacity_node_SDC-VD0960508A_0_25\simulation_output,2.0,5653.408164,0.0,7263350.6084,20793472.4136,136.0,8.0,664489123.4272,0.127112,0.072635,0.3,0.24618,0.090643,0.16343,0.0,620121663.3403,1.0,25762139.9999,0.0,888545020.1141,61148958.3234,25762139.9999,0.0,0.0,0.0,303596232.9482,208012846.7465,711625905.8924,546130595.645,546130595.645,2083708171.834,53329985.2626,7772769.5122,22207912.892,4441582.5784,27750608.4457,68338188.0,0.0,106327600.0,18344687.497,15053662.3807,25762139.9999,823730758.808,0.0,5542695.5537,0.0,9993560.8014,0.0,0.25,supplier_capacity_node,supplier_capacity_node::SDC-VD0960508A,Capacite fournisseur SDC-VD0960508A,lower_is_riskier,ok
supplier_capacity_node_SDC-VD0960508A_0_5,etudecas\simulation\sensibility\active_supplier_parameter_result_upstream_constrained\cases\supplier_capacity_node_SDC-VD0960508A_0_5\input_case.json,etudecas\simulation\sensibility\active_supplier_parameter_result_upstream_constrained\cases\supplier_capacity_node_SDC-VD0960508A_0_5\simulation_output,2.0,5653.408164,0.0,7263350.6084,20793472.4136,136.0,8.0,664489123.4272,0.127112,0.072635,0.3,0.24618,0.090643,0.16343,0.0,620121663.3403,1.0,25762139.9999,0.0,888545020.1141,61148958.3234,25762139.9999,0.0,0.0,0.0,303596232.9482,208012846.7465,711625905.8924,546130595.645,546130595.645,2083708171.834,53329985.2626,7772769.5122,22207912.892,4441582.5784,27750608.4457,68338188.0,0.0,106327600.0,18344687.497,15053662.3807,25762139.9999,823730758.808,0.0,5542695.5537,0.0,9993560.8014,0.0,0.5,supplier_capacity_node,supplier_capacity_node::SDC-VD0960508A,Capacite fournisseur SDC-VD0960508A,lower_is_riskier,ok
supplier_capacity_node_SDC-VD0960508A_0_75,etudecas\simulation\sensibility\active_supplier_parameter_result_upstream_constrained\cases\supplier_capacity_node_SDC-VD0960508A_0_75\input_case.json,etudecas\simulation\sensibility\active_supplier_parameter_result_upstream_constrained\cases\supplier_capacity_node_SDC-VD0960508A_0_75\simulation_output,2.0,5653.408164,0.0,7263350.6084,20793472.4136,136.0,8.0,664489123.4272,0.127112,0.072635,0.3,0.24618,0.090643,0.16343,0.0,620121663.3403,1.0,25762139.9999,0.0,888545020.1141,61148958.3234,25762139.9999,0.0,0.0,0.0,303596232.9482,208012846.7465,711625905.8924,546130595.645,546130595.645,2083708171.834,53329985.2626,7772769.5122,22207912.892,4441582.5784,27750608.4457,68338188.0,0.0,106327600.0,18344687.497,15053662.3807,25762139.9999,823730758.808,0.0,5542695.5537,0.0,9993560.8014,0.0,0.75,supplier_capacity_node,supplier_capacity_node::SDC-VD0960508A,Capacite fournisseur SDC-VD0960508A,lower_is_riskier,ok
supplier_capacity_node_SDC-VD0960508A_1_0,etudecas\simulation\sensibility\active_supplier_parameter_result_upstream_constrained\cases\supplier_capacity_node_SDC-VD0960508A_1_0\input_case.json,etudecas\simulation\sensibility\active_supplier_parameter_result_upstream_constrained\cases\supplier_capacity_node_SDC-VD0960508A_1_0\simulation_output,2.0,5653.408164,0.0,7263350.6084,20793472.4136,136.0,8.0,664489123.4272,0.127112,0.072635,0.3,0.24618,0.090643,0.16343,0.0,620121663.3403,1.0,25762139.9999,0.0,888545020.1141,61148958.3234,25762139.9999,0.0,0.0,0.0,303596232.9482,208012846.7465,711625905.8924,546130595.645,546130595.645,2083708171.834,53329985.2626,7772769.5122,22207912.892,4441582.5784,27750608.4457,68338188.0,0.0,106327600.0,18344687.497,15053662.3807,25762139.9999,823730758.808,0.0,5542695.5537,0.0,9993560.8014,0.0,1.0,supplier_capacity_node,supplier_capacity_node::SDC-VD0960508A,Capacite fournisseur SDC-VD0960508A,lower_is_riskier,ok
supplier_stock_node_SDC-VD0949099A_0_01,etudecas\simulation\sensibility\active_supplier_parameter_result_upstream_constrained\cases\supplier_stock_node_SDC-VD0949099A_0_01\input_case.json,etudecas\simulation\sensibility\active_supplier_parameter_result_upstream_constrained\cases\supplier_stock_node_SDC-VD0949099A_0_01\simulation_output,2.0,5653.408164,0.0,7263350.6084,20793472.4136,136.0,8.0,664489123.4272,0.127112,0.072635,0.3,0.24618,0.090643,0.16343,0.0,620121663.3403,1.0,25762139.9999,0.0,888545020.1141,61148958.3234,25762139.9999,0.0,0.0,0.0,303596232.9482,208013024.9465,711625905.8924,546130595.645,546130595.645,2083708171.834,53329985.2626,7772769.5122,22207912.892,4441582.5784,27750608.4457,68338188.0,0.0,106327600.0,18344687.497,15053662.3807,25762139.9999,823730758.808,0.0,5542695.5537,0.0,9993560.8014,0.0,0.01,supplier_stock_node,supplier_stock_node::SDC-VD0949099A,Stock fournisseur SDC-VD0949099A,lower_is_riskier,ok
supplier_stock_node_SDC-VD0949099A_0_25,etudecas\simulation\sensibility\active_supplier_parameter_result_upstream_constrained\cases\supplier_stock_node_SDC-VD0949099A_0_25\input_case.json,etudecas\simulation\sensibility\active_supplier_parameter_result_upstream_constrained\cases\supplier_stock_node_SDC-VD0949099A_0_25\simulation_output,2.0,5653.408164,0.0,7263350.6084,20793472.4136,136.0,8.0,664489123.4272,0.127112,0.072635,0.3,0.24618,0.090643,0.16343,0.0,620121663.3403,1.0,25762139.9999,0.0,888545020.1141,61148958.3234,25762139.9999,0.0,0.0,0.0,303596232.9482,208012981.7465,711625905.8924,546130595.645,546130595.645,2083708171.834,53329985.2626,7772769.5122,22207912.892,4441582.5784,27750608.4457,68338188.0,0.0,106327600.0,18344687.497,15053662.3807,25762139.9999,823730758.808,0.0,5542695.5537,0.0,9993560.8014,0.0,0.25,supplier_stock_node,supplier_stock_node::SDC-VD0949099A,Stock fournisseur SDC-VD0949099A,lower_is_riskier,ok
supplier_stock_node_SDC-VD0949099A_0_5,etudecas\simulation\sensibility\active_supplier_parameter_result_upstream_constrained\cases\supplier_stock_node_SDC-VD0949099A_0_5\input_case.json,etudecas\simulation\sensibility\active_supplier_parameter_result_upstream_constrained\cases\supplier_stock_node_SDC-VD0949099A_0_5\simulation_output,2.0,5653.408164,0.0,7263350.6084,20793472.4136,136.0,8.0,664489123.4272,0.127112,0.072635,0.3,0.24618,0.090643,0.16343,0.0,620121663.3403,1.0,25762139.9999,0.0,888545020.1141,61148958.3234,25762139.9999,0.0,0.0,0.0,303596232.9482,208012936.7465,711625905.8924,546130595.645,546130595.645,2083708171.834,53329985.2626,7772769.5122,22207912.892,4441582.5784,27750608.4457,68338188.0,0.0,106327600.0,18344687.497,15053662.3807,25762139.9999,823730758.808,0.0,5542695.5537,0.0,9993560.8014,0.0,0.5,supplier_stock_node,supplier_stock_node::SDC-VD0949099A,Stock fournisseur SDC-VD0949099A,lower_is_riskier,ok
supplier_stock_node_SDC-VD0949099A_0_75,etudecas\simulation\sensibility\active_supplier_parameter_result_upstream_constrained\cases\supplier_stock_node_SDC-VD0949099A_0_75\input_case.json,etudecas\simulation\sensibility\active_supplier_parameter_result_upstream_constrained\cases\supplier_stock_node_SDC-VD0949099A_0_75\simulation_output,2.0,5653.408164,0.0,7263350.6084,20793472.4136,136.0,8.0,664489123.4272,0.127112,0.072635,0.3,0.24618,0.090643,0.16343,0.0,620121663.3403,1.0,25762139.9999,0.0,888545020.1141,61148958.3234,25762139.9999,0.0,0.0,0.0,303596232.9482,208012891.7465,711625905.8924,546130595.645,546130595.645,2083708171.834,53329985.2626,7772769.5122,22207912.892,4441582.5784,27750608.4457,68338188.0,0.0,106327600.0,18344687.497,15053662.3807,25762139.9999,823730758.808,0.0,5542695.5537,0.0,9993560.8014,0.0,0.75,supplier_stock_node,supplier_stock_node::SDC-VD0949099A,Stock fournisseur SDC-VD0949099A,lower_is_riskier,ok
supplier_stock_node_SDC-VD0949099A_0_9,etudecas\simulation\sensibility\active_supplier_parameter_result_upstream_constrained\cases\supplier_stock_node_SDC-VD0949099A_0_9\input_case.json,etudecas\simulation\sensibility\active_supplier_parameter_result_upstream_constrained\cases\supplier_stock_node_SDC-VD0949099A_0_9\simulation_output,2.0,5653.408164,0.0,7263350.6084,20793472.4136,136.0,8.0,664489123.4272,0.127112,0.072635,0.3,0.24618,0.090643,0.16343,0.0,620121663.3403,1.0,25762139.9999,0.0,888545020.1141,61148958.3234,25762139.9999,0.0,0.0,0.0,303596232.9482,208012864.7465,711625905.8924,546130595.645,546130595.645,2083708171.834,53329985.2626,7772769.5122,22207912.892,4441582.5784,27750608.4457,68338188.0,0.0,106327600.0,18344687.497,15053662.3807,25762139.9999,823730758.808,0.0,5542695.5537,0.0,9993560.8014,0.0,0.9,supplier_stock_node,supplier_stock_node::SDC-VD0949099A,Stock fournisseur SDC-VD0949099A,lower_is_riskier,ok
supplier_stock_node_SDC-VD0949099A_1_0,etudecas\simulation\sensibility\active_supplier_parameter_result_upstream_constrained\cases\supplier_stock_node_SDC-VD0949099A_1_0\input_case.json,etudecas\simulation\sensibility\active_supplier_parameter_result_upstream_constrained\cases\supplier_stock_node_SDC-VD0949099A_1_0\simulation_output,2.0,5653.408164,0.0,7263350.6084,20793472.4136,136.0,8.0,664489123.4272,0.127112,0.072635,0.3,0.24618,0.090643,0.16343,0.0,620121663.3403,1.0,25762139.9999,0.0,888545020.1141,61148958.3234,25762139.9999,0.0,0.0,0.0,303596232.9482,208012846.7465,711625905.8924,546130595.645,546130595.645,2083708171.834,53329985.2626,7772769.5122,22207912.892,4441582.5784,27750608.4457,68338188.0,0.0,106327600.0,18344687.497,15053662.3807,25762139.9999,823730758.808,0.0,5542695.5537,0.0,9993560.8014,0.0,1.0,supplier_stock_node,supplier_stock_node::SDC-VD0949099A,Stock fournisseur SDC-VD0949099A,lower_is_riskier,ok
supplier_capacity_node_SDC-VD0949099A_0_01,etudecas\simulation\sensibility\active_supplier_parameter_result_upstream_constrained\cases\supplier_capacity_node_SDC-VD0949099A_0_01\input_case.json,etudecas\simulation\sensibility\active_supplier_parameter_result_upstream_constrained\cases\supplier_capacity_node_SDC-VD0949099A_0_01\simulation_output,2.0,5653.408164,0.0,7263350.6084,20793472.4136,136.0,8.0,664489123.4272,0.127112,0.072635,0.3,0.24618,0.090643,0.16343,0.0,620121663.3403,1.0,25762139.9999,0.0,888545020.1141,61148958.3234,25762139.9999,0.0,0.0,0.0,303596232.9482,208012846.7465,711625905.8924,546130595.645,546130595.645,2083708171.834,53329985.2626,7772769.5122,22207912.892,4441582.5784,27750608.4457,68338188.0,0.0,106327600.0,18344687.497,15053662.3807,25762139.9999,823730758.808,0.0,5542695.5537,0.0,9993560.8014,0.0,0.01,supplier_capacity_node,supplier_capacity_node::SDC-VD0949099A,Capacite fournisseur SDC-VD0949099A,lower_is_riskier,ok
supplier_capacity_node_SDC-VD0949099A_0_05,etudecas\simulation\sensibility\active_supplier_parameter_result_upstream_constrained\cases\supplier_capacity_node_SDC-VD0949099A_0_05\input_case.json,etudecas\simulation\sensibility\active_supplier_parameter_result_upstream_constrained\cases\supplier_capacity_node_SDC-VD0949099A_0_05\simulation_output,2.0,5653.408164,0.0,7263350.6084,20793472.4136,136.0,8.0,664489123.4272,0.127112,0.072635,0.3,0.24618,0.090643,0.16343,0.0,620121663.3403,1.0,25762139.9999,0.0,888545020.1141,61148958.3234,25762139.9999,0.0,0.0,0.0,303596232.9482,208012846.7465,711625905.8924,546130595.645,546130595.645,2083708171.834,53329985.2626,7772769.5122,22207912.892,4441582.5784,27750608.4457,68338188.0,0.0,106327600.0,18344687.497,15053662.3807,25762139.9999,823730758.808,0.0,5542695.5537,0.0,9993560.8014,0.0,0.05,supplier_capacity_node,supplier_capacity_node::SDC-VD0949099A,Capacite fournisseur SDC-VD0949099A,lower_is_riskier,ok
supplier_capacity_node_SDC-VD0949099A_0_1,etudecas\simulation\sensibility\active_supplier_parameter_result_upstream_constrained\cases\supplier_capacity_node_SDC-VD0949099A_0_1\input_case.json,etudecas\simulation\sensibility\active_supplier_parameter_result_upstream_constrained\cases\supplier_capacity_node_SDC-VD0949099A_0_1\simulation_output,2.0,5653.408164,0.0,7263350.6084,20793472.4136,136.0,8.0,664489123.4272,0.127112,0.072635,0.3,0.24618,0.090643,0.16343,0.0,620121663.3403,1.0,25762139.9999,0.0,888545020.1141,61148958.3234,25762139.9999,0.0,0.0,0.0,303596232.9482,208012846.7465,711625905.8924,546130595.645,546130595.645,2083708171.834,53329985.2626,7772769.5122,22207912.892,4441582.5784,27750608.4457,68338188.0,0.0,106327600.0,18344687.497,15053662.3807,25762139.9999,823730758.808,0.0,5542695.5537,0.0,9993560.8014,0.0,0.1,supplier_capacity_node,supplier_capacity_node::SDC-VD0949099A,Capacite fournisseur SDC-VD0949099A,lower_is_riskier,ok
supplier_capacity_node_SDC-VD0949099A_0_25,etudecas\simulation\sensibility\active_supplier_parameter_result_upstream_constrained\cases\supplier_capacity_node_SDC-VD0949099A_0_25\input_case.json,etudecas\simulation\sensibility\active_supplier_parameter_result_upstream_constrained\cases\supplier_capacity_node_SDC-VD0949099A_0_25\simulation_output,2.0,5653.408164,0.0,7263350.6084,20793472.4136,136.0,8.0,664489123.4272,0.127112,0.072635,0.3,0.24618,0.090643,0.16343,0.0,620121663.3403,1.0,25762139.9999,0.0,888545020.1141,61148958.3234,25762139.9999,0.0,0.0,0.0,303596232.9482,208012846.7465,711625905.8924,546130595.645,546130595.645,2083708171.834,53329985.2626,7772769.5122,22207912.892,4441582.5784,27750608.4457,68338188.0,0.0,106327600.0,18344687.497,15053662.3807,25762139.9999,823730758.808,0.0,5542695.5537,0.0,9993560.8014,0.0,0.25,supplier_capacity_node,supplier_capacity_node::SDC-VD0949099A,Capacite fournisseur SDC-VD0949099A,lower_is_riskier,ok
supplier_capacity_node_SDC-VD0949099A_0_5,etudecas\simulation\sensibility\active_supplier_parameter_result_upstream_constrained\cases\supplier_capacity_node_SDC-VD0949099A_0_5\input_case.json,etudecas\simulation\sensibility\active_supplier_parameter_result_upstream_constrained\cases\supplier_capacity_node_SDC-VD0949099A_0_5\simulation_output,2.0,5653.408164,0.0,7263350.6084,20793472.4136,136.0,8.0,664489123.4272,0.127112,0.072635,0.3,0.24618,0.090643,0.16343,0.0,620121663.3403,1.0,25762139.9999,0.0,888545020.1141,61148958.3234,25762139.9999,0.0,0.0,0.0,303596232.9482,208012846.7465,711625905.8924,546130595.645,546130595.645,2083708171.834,53329985.2626,7772769.5122,22207912.892,4441582.5784,27750608.4457,68338188.0,0.0,106327600.0,18344687.497,15053662.3807,25762139.9999,823730758.808,0.0,5542695.5537,0.0,9993560.8014,0.0,0.5,supplier_capacity_node,supplier_capacity_node::SDC-VD0949099A,Capacite fournisseur SDC-VD0949099A,lower_is_riskier,ok
supplier_capacity_node_SDC-VD0949099A_0_75,etudecas\simulation\sensibility\active_supplier_parameter_result_upstream_constrained\cases\supplier_capacity_node_SDC-VD0949099A_0_75\input_case.json,etudecas\simulation\sensibility\active_supplier_parameter_result_upstream_constrained\cases\supplier_capacity_node_SDC-VD0949099A_0_75\simulation_output,2.0,5653.408164,0.0,7263350.6084,20793472.4136,136.0,8.0,664489123.4272,0.127112,0.072635,0.3,0.24618,0.090643,0.16343,0.0,620121663.3403,1.0,25762139.9999,0.0,888545020.1141,61148958.3234,25762139.9999,0.0,0.0,0.0,303596232.9482,208012846.7465,711625905.8924,546130595.645,546130595.645,2083708171.834,53329985.2626,7772769.5122,22207912.892,4441582.5784,27750608.4457,68338188.0,0.0,106327600.0,18344687.497,15053662.3807,25762139.9999,823730758.808,0.0,5542695.5537,0.0,9993560.8014,0.0,0.75,supplier_capacity_node,supplier_capacity_node::SDC-VD0949099A,Capacite fournisseur SDC-VD0949099A,lower_is_riskier,ok
supplier_capacity_node_SDC-VD0949099A_1_0,etudecas\simulation\sensibility\active_supplier_parameter_result_upstream_constrained\cases\supplier_capacity_node_SDC-VD0949099A_1_0\input_case.json,etudecas\simulation\sensibility\active_supplier_parameter_result_upstream_constrained\cases\supplier_capacity_node_SDC-VD0949099A_1_0\simulation_output,2.0,5653.408164,0.0,7263350.6084,20793472.4136,136.0,8.0,664489123.4272,0.127112,0.072635,0.3,0.24618,0.090643,0.16343,0.0,620121663.3403,1.0,25762139.9999,0.0,888545020.1141,61148958.3234,25762139.9999,0.0,0.0,0.0,303596232.9482,208012846.7465,711625905.8924,546130595.645,546130595.645,2083708171.834,53329985.2626,7772769.5122,22207912.892,4441582.5784,27750608.4457,68338188.0,0.0,106327600.0,18344687.497,15053662.3807,25762139.9999,823730758.808,0.0,5542695.5537,0.0,9993560.8014,0.0,1.0,supplier_capacity_node,supplier_capacity_node::SDC-VD0949099A,Capacite fournisseur SDC-VD0949099A,lower_is_riskier,ok
supplier_stock_node_SDC-VD0520132A_0_01,etudecas\simulation\sensibility\active_supplier_parameter_result_upstream_constrained\cases\supplier_stock_node_SDC-VD0520132A_0_01\input_case.json,etudecas\simulation\sensibility\active_supplier_parameter_result_upstream_constrained\cases\supplier_stock_node_SDC-VD0520132A_0_01\simulation_output,2.0,5653.408164,0.0,7263350.6084,20793472.4136,136.0,8.0,664489123.4272,0.127112,0.072635,0.3,0.24618,0.090643,0.16343,0.0,620121663.3403,1.0,25762139.9999,0.0,888545020.1141,61148958.3234,25762139.9999,0.0,0.0,0.0,303596232.9482,208013203.1465,711625905.8924,546130595.645,546130595.645,2083708171.834,53329985.2626,7772769.5122,22207912.892,4441582.5784,27750608.4457,68338188.0,0.0,106327600.0,18344687.497,15053662.3807,25762139.9999,823730758.808,0.0,5542695.5537,0.0,9993560.8014,0.0,0.01,supplier_stock_node,supplier_stock_node::SDC-VD0520132A,Stock fournisseur SDC-VD0520132A,lower_is_riskier,ok
supplier_stock_node_SDC-VD0520132A_0_25,etudecas\simulation\sensibility\active_supplier_parameter_result_upstream_constrained\cases\supplier_stock_node_SDC-VD0520132A_0_25\input_case.json,etudecas\simulation\sensibility\active_supplier_parameter_result_upstream_constrained\cases\supplier_stock_node_SDC-VD0520132A_0_25\simulation_output,2.0,5653.408164,0.0,7263350.6084,20793472.4136,136.0,8.0,664489123.4272,0.127112,0.072635,0.3,0.24618,0.090643,0.16343,0.0,620121663.3403,1.0,25762139.9999,0.0,888545020.1141,61148958.3234,25762139.9999,0.0,0.0,0.0,303596232.9482,208013116.7465,711625905.8924,546130595.645,546130595.645,2083708171.834,53329985.2626,7772769.5122,22207912.892,4441582.5784,27750608.4457,68338188.0,0.0,106327600.0,18344687.497,15053662.3807,25762139.9999,823730758.808,0.0,5542695.5537,0.0,9993560.8014,0.0,0.25,supplier_stock_node,supplier_stock_node::SDC-VD0520132A,Stock fournisseur SDC-VD0520132A,lower_is_riskier,ok
supplier_stock_node_SDC-VD0520132A_0_5,etudecas\simulation\sensibility\active_supplier_parameter_result_upstream_constrained\cases\supplier_stock_node_SDC-VD0520132A_0_5\input_case.json,etudecas\simulation\sensibility\active_supplier_parameter_result_upstream_constrained\cases\supplier_stock_node_SDC-VD0520132A_0_5\simulation_output,2.0,5653.408164,0.0,7263350.6084,20793472.4136,136.0,8.0,664489123.4272,0.127112,0.072635,0.3,0.24618,0.090643,0.16343,0.0,620121663.3403,1.0,25762139.9999,0.0,888545020.1141,61148958.3234,25762139.9999,0.0,0.0,0.0,303596232.9482,208013026.7465,711625905.8924,546130595.645,546130595.645,2083708171.834,53329985.2626,7772769.5122,22207912.892,4441582.5784,27750608.4457,68338188.0,0.0,106327600.0,18344687.497,15053662.3807,25762139.9999,823730758.808,0.0,5542695.5537,0.0,9993560.8014,0.0,0.5,supplier_stock_node,supplier_stock_node::SDC-VD0520132A,Stock fournisseur SDC-VD0520132A,lower_is_riskier,ok
supplier_stock_node_SDC-VD0520132A_0_75,etudecas\simulation\sensibility\active_supplier_parameter_result_upstream_constrained\cases\supplier_stock_node_SDC-VD0520132A_0_75\input_case.json,etudecas\simulation\sensibility\active_supplier_parameter_result_upstream_constrained\cases\supplier_stock_node_SDC-VD0520132A_0_75\simulation_output,2.0,5653.408164,0.0,7263350.6084,20793472.4136,136.0,8.0,664489123.4272,0.127112,0.072635,0.3,0.24618,0.090643,0.16343,0.0,620121663.3403,1.0,25762139.9999,0.0,888545020.1141,61148958.3234,25762139.9999,0.0,0.0,0.0,303596232.9482,208012936.7465,711625905.8924,546130595.645,546130595.645,2083708171.834,53329985.2626,7772769.5122,22207912.892,4441582.5784,27750608.4457,68338188.0,0.0,106327600.0,18344687.497,15053662.3807,25762139.9999,823730758.808,0.0,5542695.5537,0.0,9993560.8014,0.0,0.75,supplier_stock_node,supplier_stock_node::SDC-VD0520132A,Stock fournisseur SDC-VD0520132A,lower_is_riskier,ok
supplier_stock_node_SDC-VD0520132A_0_9,etudecas\simulation\sensibility\active_supplier_parameter_result_upstream_constrained\cases\supplier_stock_node_SDC-VD0520132A_0_9\input_case.json,etudecas\simulation\sensibility\active_supplier_parameter_result_upstream_constrained\cases\supplier_stock_node_SDC-VD0520132A_0_9\simulation_output,2.0,5653.408164,0.0,7263350.6084,20793472.4136,136.0,8.0,664489123.4272,0.127112,0.072635,0.3,0.24618,0.090643,0.16343,0.0,620121663.3403,1.0,25762139.9999,0.0,888545020.1141,61148958.3234,25762139.9999,0.0,0.0,0.0,303596232.9482,208012882.7465,711625905.8924,546130595.645,546130595.645,2083708171.834,53329985.2626,7772769.5122,22207912.892,4441582.5784,27750608.4457,68338188.0,0.0,106327600.0,18344687.497,15053662.3807,25762139.9999,823730758.808,0.0,5542695.5537,0.0,9993560.8014,0.0,0.9,supplier_stock_node,supplier_stock_node::SDC-VD0520132A,Stock fournisseur SDC-VD0520132A,lower_is_riskier,ok
supplier_stock_node_SDC-VD0520132A_1_0,etudecas\simulation\sensibility\active_supplier_parameter_result_upstream_constrained\cases\supplier_stock_node_SDC-VD0520132A_1_0\input_case.json,etudecas\simulation\sensibility\active_supplier_parameter_result_upstream_constrained\cases\supplier_stock_node_SDC-VD0520132A_1_0\simulation_output,2.0,5653.408164,0.0,7263350.6084,20793472.4136,136.0,8.0,664489123.4272,0.127112,0.072635,0.3,0.24618,0.090643,0.16343,0.0,620121663.3403,1.0,25762139.9999,0.0,888545020.1141,61148958.3234,25762139.9999,0.0,0.0,0.0,303596232.9482,208012846.7465,711625905.8924,546130595.645,546130595.645,2083708171.834,53329985.2626,7772769.5122,22207912.892,4441582.5784,27750608.4457,68338188.0,0.0,106327600.0,18344687.497,15053662.3807,25762139.9999,823730758.808,0.0,5542695.5537,0.0,9993560.8014,0.0,1.0,supplier_stock_node,supplier_stock_node::SDC-VD0520132A,Stock fournisseur SDC-VD0520132A,lower_is_riskier,ok
supplier_capacity_node_SDC-VD0520132A_0_01,etudecas\simulation\sensibility\active_supplier_parameter_result_upstream_constrained\cases\supplier_capacity_node_SDC-VD0520132A_0_01\input_case.json,etudecas\simulation\sensibility\active_supplier_parameter_result_upstream_constrained\cases\supplier_capacity_node_SDC-VD0520132A_0_01\simulation_output,2.0,5653.408164,0.0,7263350.6084,20793472.4136,136.0,8.0,664489123.4272,0.127112,0.072635,0.3,0.24618,0.090643,0.16343,0.0,620121663.3403,1.0,25762139.9999,0.0,888545020.1141,61148958.3234,25762139.9999,0.0,0.0,0.0,303596232.9482,208012846.7465,711625905.8924,546130595.645,546130595.645,2083708171.834,53329985.2626,7772769.5122,22207912.892,4441582.5784,27750608.4457,68338188.0,0.0,106327600.0,18344687.497,15053662.3807,25762139.9999,823730758.808,0.0,5542695.5537,0.0,9993560.8014,0.0,0.01,supplier_capacity_node,supplier_capacity_node::SDC-VD0520132A,Capacite fournisseur SDC-VD0520132A,lower_is_riskier,ok
supplier_capacity_node_SDC-VD0520132A_0_05,etudecas\simulation\sensibility\active_supplier_parameter_result_upstream_constrained\cases\supplier_capacity_node_SDC-VD0520132A_0_05\input_case.json,etudecas\simulation\sensibility\active_supplier_parameter_result_upstream_constrained\cases\supplier_capacity_node_SDC-VD0520132A_0_05\simulation_output,2.0,5653.408164,0.0,7263350.6084,20793472.4136,136.0,8.0,664489123.4272,0.127112,0.072635,0.3,0.24618,0.090643,0.16343,0.0,620121663.3403,1.0,25762139.9999,0.0,888545020.1141,61148958.3234,25762139.9999,0.0,0.0,0.0,303596232.9482,208012846.7465,711625905.8924,546130595.645,546130595.645,2083708171.834,53329985.2626,7772769.5122,22207912.892,4441582.5784,27750608.4457,68338188.0,0.0,106327600.0,18344687.497,15053662.3807,25762139.9999,823730758.808,0.0,5542695.5537,0.0,9993560.8014,0.0,0.05,supplier_capacity_node,supplier_capacity_node::SDC-VD0520132A,Capacite fournisseur SDC-VD0520132A,lower_is_riskier,ok
supplier_capacity_node_SDC-VD0520132A_0_1,etudecas\simulation\sensibility\active_supplier_parameter_result_upstream_constrained\cases\supplier_capacity_node_SDC-VD0520132A_0_1\input_case.json,etudecas\simulation\sensibility\active_supplier_parameter_result_upstream_constrained\cases\supplier_capacity_node_SDC-VD0520132A_0_1\simulation_output,2.0,5653.408164,0.0,7263350.6084,20793472.4136,136.0,8.0,664489123.4272,0.127112,0.072635,0.3,0.24618,0.090643,0.16343,0.0,620121663.3403,1.0,25762139.9999,0.0,888545020.1141,61148958.3234,25762139.9999,0.0,0.0,0.0,303596232.9482,208012846.7465,711625905.8924,546130595.645,546130595.645,2083708171.834,53329985.2626,7772769.5122,22207912.892,4441582.5784,27750608.4457,68338188.0,0.0,106327600.0,18344687.497,15053662.3807,25762139.9999,823730758.808,0.0,5542695.5537,0.0,9993560.8014,0.0,0.1,supplier_capacity_node,supplier_capacity_node::SDC-VD0520132A,Capacite fournisseur SDC-VD0520132A,lower_is_riskier,ok
supplier_capacity_node_SDC-VD0520132A_0_25,etudecas\simulation\sensibility\active_supplier_parameter_result_upstream_constrained\cases\supplier_capacity_node_SDC-VD0520132A_0_25\input_case.json,etudecas\simulation\sensibility\active_supplier_parameter_result_upstream_constrained\cases\supplier_capacity_node_SDC-VD0520132A_0_25\simulation_output,2.0,5653.408164,0.0,7263350.6084,20793472.4136,136.0,8.0,664489123.4272,0.127112,0.072635,0.3,0.24618,0.090643,0.16343,0.0,620121663.3403,1.0,25762139.9999,0.0,888545020.1141,61148958.3234,25762139.9999,0.0,0.0,0.0,303596232.9482,208012846.7465,711625905.8924,546130595.645,546130595.645,2083708171.834,53329985.2626,7772769.5122,22207912.892,4441582.5784,27750608.4457,68338188.0,0.0,106327600.0,18344687.497,15053662.3807,25762139.9999,823730758.808,0.0,5542695.5537,0.0,9993560.8014,0.0,0.25,supplier_capacity_node,supplier_capacity_node::SDC-VD0520132A,Capacite fournisseur SDC-VD0520132A,lower_is_riskier,ok
supplier_capacity_node_SDC-VD0520132A_0_5,etudecas\simulation\sensibility\active_supplier_parameter_result_upstream_constrained\cases\supplier_capacity_node_SDC-VD0520132A_0_5\input_case.json,etudecas\simulation\sensibility\active_supplier_parameter_result_upstream_constrained\cases\supplier_capacity_node_SDC-VD0520132A_0_5\simulation_output,2.0,5653.408164,0.0,7263350.6084,20793472.4136,136.0,8.0,664489123.4272,0.127112,0.072635,0.3,0.24618,0.090643,0.16343,0.0,620121663.3403,1.0,25762139.9999,0.0,888545020.1141,61148958.3234,25762139.9999,0.0,0.0,0.0,303596232.9482,208012846.7465,711625905.8924,546130595.645,546130595.645,2083708171.834,53329985.2626,7772769.5122,22207912.892,4441582.5784,27750608.4457,68338188.0,0.0,106327600.0,18344687.497,15053662.3807,25762139.9999,823730758.808,0.0,5542695.5537,0.0,9993560.8014,0.0,0.5,supplier_capacity_node,supplier_capacity_node::SDC-VD0520132A,Capacite fournisseur SDC-VD0520132A,lower_is_riskier,ok
supplier_capacity_node_SDC-VD0520132A_0_75,etudecas\simulation\sensibility\active_supplier_parameter_result_upstream_constrained\cases\supplier_capacity_node_SDC-VD0520132A_0_75\input_case.json,etudecas\simulation\sensibility\active_supplier_parameter_result_upstream_constrained\cases\supplier_capacity_node_SDC-VD0520132A_0_75\simulation_output,2.0,5653.408164,0.0,7263350.6084,20793472.4136,136.0,8.0,664489123.4272,0.127112,0.072635,0.3,0.24618,0.090643,0.16343,0.0,620121663.3403,1.0,25762139.9999,0.0,888545020.1141,61148958.3234,25762139.9999,0.0,0.0,0.0,303596232.9482,208012846.7465,711625905.8924,546130595.645,546130595.645,2083708171.834,53329985.2626,7772769.5122,22207912.892,4441582.5784,27750608.4457,68338188.0,0.0,106327600.0,18344687.497,15053662.3807,25762139.9999,823730758.808,0.0,5542695.5537,0.0,9993560.8014,0.0,0.75,supplier_capacity_node,supplier_capacity_node::SDC-VD0520132A,Capacite fournisseur SDC-VD0520132A,lower_is_riskier,ok
supplier_capacity_node_SDC-VD0520132A_1_0,etudecas\simulation\sensibility\active_supplier_parameter_result_upstream_constrained\cases\supplier_capacity_node_SDC-VD0520132A_1_0\input_case.json,etudecas\simulation\sensibility\active_supplier_parameter_result_upstream_constrained\cases\supplier_capacity_node_SDC-VD0520132A_1_0\simulation_output,2.0,5653.408164,0.0,7263350.6084,20793472.4136,136.0,8.0,664489123.4272,0.127112,0.072635,0.3,0.24618,0.090643,0.16343,0.0,620121663.3403,1.0,25762139.9999,0.0,888545020.1141,61148958.3234,25762139.9999,0.0,0.0,0.0,303596232.9482,208012846.7465,711625905.8924,546130595.645,546130595.645,2083708171.834,53329985.2626,7772769.5122,22207912.892,4441582.5784,27750608.4457,68338188.0,0.0,106327600.0,18344687.497,15053662.3807,25762139.9999,823730758.808,0.0,5542695.5537,0.0,9993560.8014,0.0,1.0,supplier_capacity_node,supplier_capacity_node::SDC-VD0520132A,Capacite fournisseur SDC-VD0520132A,lower_is_riskier,ok
supplier_stock_node_SDC-VD0989480A_0_01,etudecas\simulation\sensibility\active_supplier_parameter_result_upstream_constrained\cases\supplier_stock_node_SDC-VD0989480A_0_01\input_case.json,etudecas\simulation\sensibility\active_supplier_parameter_result_upstream_constrained\cases\supplier_stock_node_SDC-VD0989480A_0_01\simulation_output,2.0,5653.408164,0.0,7263350.6084,20793472.4136,136.0,8.0,664489123.4272,0.127112,0.072635,0.3,0.24618,0.090643,0.16343,0.0,620121663.3403,1.0,25762139.9999,0.0,888545020.1141,61148958.3234,25762139.9999,0.0,0.0,0.0,303596232.9482,208013024.9465,711625905.8924,546130595.645,546130595.645,2083708171.834,53329985.2626,7772769.5122,22207912.892,4441582.5784,27750608.4457,68338188.0,0.0,106327600.0,18344687.497,15053662.3807,25762139.9999,823730758.808,0.0,5542695.5537,0.0,9993560.8014,0.0,0.01,supplier_stock_node,supplier_stock_node::SDC-VD0989480A,Stock fournisseur SDC-VD0989480A,lower_is_riskier,ok
supplier_stock_node_SDC-VD0989480A_0_25,etudecas\simulation\sensibility\active_supplier_parameter_result_upstream_constrained\cases\supplier_stock_node_SDC-VD0989480A_0_25\input_case.json,etudecas\simulation\sensibility\active_supplier_parameter_result_upstream_constrained\cases\supplier_stock_node_SDC-VD0989480A_0_25\simulation_output,2.0,5653.408164,0.0,7263350.6084,20793472.4136,136.0,8.0,664489123.4272,0.127112,0.072635,0.3,0.24618,0.090643,0.16343,0.0,620121663.3403,1.0,25762139.9999,0.0,888545020.1141,61148958.3234,25762139.9999,0.0,0.0,0.0,303596232.9482,208012981.7465,711625905.8924,546130595.645,546130595.645,2083708171.834,53329985.2626,7772769.5122,22207912.892,4441582.5784,27750608.4457,68338188.0,0.0,106327600.0,18344687.497,15053662.3807,25762139.9999,823730758.808,0.0,5542695.5537,0.0,9993560.8014,0.0,0.25,supplier_stock_node,supplier_stock_node::SDC-VD0989480A,Stock fournisseur SDC-VD0989480A,lower_is_riskier,ok
supplier_stock_node_SDC-VD0989480A_0_5,etudecas\simulation\sensibility\active_supplier_parameter_result_upstream_constrained\cases\supplier_stock_node_SDC-VD0989480A_0_5\input_case.json,etudecas\simulation\sensibility\active_supplier_parameter_result_upstream_constrained\cases\supplier_stock_node_SDC-VD0989480A_0_5\simulation_output,2.0,5653.408164,0.0,7263350.6084,20793472.4136,136.0,8.0,664489123.4272,0.127112,0.072635,0.3,0.24618,0.090643,0.16343,0.0,620121663.3403,1.0,25762139.9999,0.0,888545020.1141,61148958.3234,25762139.9999,0.0,0.0,0.0,303596232.9482,208012936.7465,711625905.8924,546130595.645,546130595.645,2083708171.834,53329985.2626,7772769.5122,22207912.892,4441582.5784,27750608.4457,68338188.0,0.0,106327600.0,18344687.497,15053662.3807,25762139.9999,823730758.808,0.0,5542695.5537,0.0,9993560.8014,0.0,0.5,supplier_stock_node,supplier_stock_node::SDC-VD0989480A,Stock fournisseur SDC-VD0989480A,lower_is_riskier,ok
supplier_stock_node_SDC-VD0989480A_0_75,etudecas\simulation\sensibility\active_supplier_parameter_result_upstream_constrained\cases\supplier_stock_node_SDC-VD0989480A_0_75\input_case.json,etudecas\simulation\sensibility\active_supplier_parameter_result_upstream_constrained\cases\supplier_stock_node_SDC-VD0989480A_0_75\simulation_output,2.0,5653.408164,0.0,7263350.6084,20793472.4136,136.0,8.0,664489123.4272,0.127112,0.072635,0.3,0.24618,0.090643,0.16343,0.0,620121663.3403,1.0,25762139.9999,0.0,888545020.1141,61148958.3234,25762139.9999,0.0,0.0,0.0,303596232.9482,208012891.7465,711625905.8924,546130595.645,546130595.645,2083708171.834,53329985.2626,7772769.5122,22207912.892,4441582.5784,27750608.4457,68338188.0,0.0,106327600.0,18344687.497,15053662.3807,25762139.9999,823730758.808,0.0,5542695.5537,0.0,9993560.8014,0.0,0.75,supplier_stock_node,supplier_stock_node::SDC-VD0989480A,Stock fournisseur SDC-VD0989480A,lower_is_riskier,ok
supplier_stock_node_SDC-VD0989480A_0_9,etudecas\simulation\sensibility\active_supplier_parameter_result_upstream_constrained\cases\supplier_stock_node_SDC-VD0989480A_0_9\input_case.json,etudecas\simulation\sensibility\active_supplier_parameter_result_upstream_constrained\cases\supplier_stock_node_SDC-VD0989480A_0_9\simulation_output,2.0,5653.408164,0.0,7263350.6084,20793472.4136,136.0,8.0,664489123.4272,0.127112,0.072635,0.3,0.24618,0.090643,0.16343,0.0,620121663.3403,1.0,25762139.9999,0.0,888545020.1141,61148958.3234,25762139.9999,0.0,0.0,0.0,303596232.9482,208012864.7465,711625905.8924,546130595.645,546130595.645,2083708171.834,53329985.2626,7772769.5122,22207912.892,4441582.5784,27750608.4457,68338188.0,0.0,106327600.0,18344687.497,15053662.3807,25762139.9999,823730758.808,0.0,5542695.5537,0.0,9993560.8014,0.0,0.9,supplier_stock_node,supplier_stock_node::SDC-VD0989480A,Stock fournisseur SDC-VD0989480A,lower_is_riskier,ok
supplier_stock_node_SDC-VD0989480A_1_0,etudecas\simulation\sensibility\active_supplier_parameter_result_upstream_constrained\cases\supplier_stock_node_SDC-VD0989480A_1_0\input_case.json,etudecas\simulation\sensibility\active_supplier_parameter_result_upstream_constrained\cases\supplier_stock_node_SDC-VD0989480A_1_0\simulation_output,2.0,5653.408164,0.0,7263350.6084,20793472.4136,136.0,8.0,664489123.4272,0.127112,0.072635,0.3,0.24618,0.090643,0.16343,0.0,620121663.3403,1.0,25762139.9999,0.0,888545020.1141,61148958.3234,25762139.9999,0.0,0.0,0.0,303596232.9482,208012846.7465,711625905.8924,546130595.645,546130595.645,2083708171.834,53329985.2626,7772769.5122,22207912.892,4441582.5784,27750608.4457,68338188.0,0.0,106327600.0,18344687.497,15053662.3807,25762139.9999,823730758.808,0.0,5542695.5537,0.0,9993560.8014,0.0,1.0,supplier_stock_node,supplier_stock_node::SDC-VD0989480A,Stock fournisseur SDC-VD0989480A,lower_is_riskier,ok
supplier_capacity_node_SDC-VD0989480A_0_01,etudecas\simulation\sensibility\active_supplier_parameter_result_upstream_constrained\cases\supplier_capacity_node_SDC-VD0989480A_0_01\input_case.json,etudecas\simulation\sensibility\active_supplier_parameter_result_upstream_constrained\cases\supplier_capacity_node_SDC-VD0989480A_0_01\simulation_output,2.0,5653.408164,0.0,7263350.6084,20793472.4136,136.0,8.0,664489123.4272,0.127112,0.072635,0.3,0.24618,0.090643,0.16343,0.0,620121663.3403,1.0,25762139.9999,0.0,888545020.1141,61148958.3234,25762139.9999,0.0,0.0,0.0,303596232.9482,208012846.7465,711625905.8924,546130595.645,546130595.645,2083708171.834,53329985.2626,7772769.5122,22207912.892,4441582.5784,27750608.4457,68338188.0,0.0,106327600.0,18344687.497,15053662.3807,25762139.9999,823730758.808,0.0,5542695.5537,0.0,9993560.8014,0.0,0.01,supplier_capacity_node,supplier_capacity_node::SDC-VD0989480A,Capacite fournisseur SDC-VD0989480A,lower_is_riskier,ok
supplier_capacity_node_SDC-VD0989480A_0_05,etudecas\simulation\sensibility\active_supplier_parameter_result_upstream_constrained\cases\supplier_capacity_node_SDC-VD0989480A_0_05\input_case.json,etudecas\simulation\sensibility\active_supplier_parameter_result_upstream_constrained\cases\supplier_capacity_node_SDC-VD0989480A_0_05\simulation_output,2.0,5653.408164,0.0,7263350.6084,20793472.4136,136.0,8.0,664489123.4272,0.127112,0.072635,0.3,0.24618,0.090643,0.16343,0.0,620121663.3403,1.0,25762139.9999,0.0,888545020.1141,61148958.3234,25762139.9999,0.0,0.0,0.0,303596232.9482,208012846.7465,711625905.8924,546130595.645,546130595.645,2083708171.834,53329985.2626,7772769.5122,22207912.892,4441582.5784,27750608.4457,68338188.0,0.0,106327600.0,18344687.497,15053662.3807,25762139.9999,823730758.808,0.0,5542695.5537,0.0,9993560.8014,0.0,0.05,supplier_capacity_node,supplier_capacity_node::SDC-VD0989480A,Capacite fournisseur SDC-VD0989480A,lower_is_riskier,ok
supplier_capacity_node_SDC-VD0989480A_0_1,etudecas\simulation\sensibility\active_supplier_parameter_result_upstream_constrained\cases\supplier_capacity_node_SDC-VD0989480A_0_1\input_case.json,etudecas\simulation\sensibility\active_supplier_parameter_result_upstream_constrained\cases\supplier_capacity_node_SDC-VD0989480A_0_1\simulation_output,2.0,5653.408164,0.0,7263350.6084,20793472.4136,136.0,8.0,664489123.4272,0.127112,0.072635,0.3,0.24618,0.090643,0.16343,0.0,620121663.3403,1.0,25762139.9999,0.0,888545020.1141,61148958.3234,25762139.9999,0.0,0.0,0.0,303596232.9482,208012846.7465,711625905.8924,546130595.645,546130595.645,2083708171.834,53329985.2626,7772769.5122,22207912.892,4441582.5784,27750608.4457,68338188.0,0.0,106327600.0,18344687.497,15053662.3807,25762139.9999,823730758.808,0.0,5542695.5537,0.0,9993560.8014,0.0,0.1,supplier_capacity_node,supplier_capacity_node::SDC-VD0989480A,Capacite fournisseur SDC-VD0989480A,lower_is_riskier,ok
supplier_capacity_node_SDC-VD0989480A_0_25,etudecas\simulation\sensibility\active_supplier_parameter_result_upstream_constrained\cases\supplier_capacity_node_SDC-VD0989480A_0_25\input_case.json,etudecas\simulation\sensibility\active_supplier_parameter_result_upstream_constrained\cases\supplier_capacity_node_SDC-VD0989480A_0_25\simulation_output,2.0,5653.408164,0.0,7263350.6084,20793472.4136,136.0,8.0,664489123.4272,0.127112,0.072635,0.3,0.24618,0.090643,0.16343,0.0,620121663.3403,1.0,25762139.9999,0.0,888545020.1141,61148958.3234,25762139.9999,0.0,0.0,0.0,303596232.9482,208012846.7465,711625905.8924,546130595.645,546130595.645,2083708171.834,53329985.2626,7772769.5122,22207912.892,4441582.5784,27750608.4457,68338188.0,0.0,106327600.0,18344687.497,15053662.3807,25762139.9999,823730758.808,0.0,5542695.5537,0.0,9993560.8014,0.0,0.25,supplier_capacity_node,supplier_capacity_node::SDC-VD0989480A,Capacite fournisseur SDC-VD0989480A,lower_is_riskier,ok
supplier_capacity_node_SDC-VD0989480A_0_5,etudecas\simulation\sensibility\active_supplier_parameter_result_upstream_constrained\cases\supplier_capacity_node_SDC-VD0989480A_0_5\input_case.json,etudecas\simulation\sensibility\active_supplier_parameter_result_upstream_constrained\cases\supplier_capacity_node_SDC-VD0989480A_0_5\simulation_output,2.0,5653.408164,0.0,7263350.6084,20793472.4136,136.0,8.0,664489123.4272,0.127112,0.072635,0.3,0.24618,0.090643,0.16343,0.0,620121663.3403,1.0,25762139.9999,0.0,888545020.1141,61148958.3234,25762139.9999,0.0,0.0,0.0,303596232.9482,208012846.7465,711625905.8924,546130595.645,546130595.645,2083708171.834,53329985.2626,7772769.5122,22207912.892,4441582.5784,27750608.4457,68338188.0,0.0,106327600.0,18344687.497,15053662.3807,25762139.9999,823730758.808,0.0,5542695.5537,0.0,9993560.8014,0.0,0.5,supplier_capacity_node,supplier_capacity_node::SDC-VD0989480A,Capacite fournisseur SDC-VD0989480A,lower_is_riskier,ok
supplier_capacity_node_SDC-VD0989480A_0_75,etudecas\simulation\sensibility\active_supplier_parameter_result_upstream_constrained\cases\supplier_capacity_node_SDC-VD0989480A_0_75\input_case.json,etudecas\simulation\sensibility\active_supplier_parameter_result_upstream_constrained\cases\supplier_capacity_node_SDC-VD0989480A_0_75\simulation_output,2.0,5653.408164,0.0,7263350.6084,20793472.4136,136.0,8.0,664489123.4272,0.127112,0.072635,0.3,0.24618,0.090643,0.16343,0.0,620121663.3403,1.0,25762139.9999,0.0,888545020.1141,61148958.3234,25762139.9999,0.0,0.0,0.0,303596232.9482,208012846.7465,711625905.8924,546130595.645,546130595.645,2083708171.834,53329985.2626,7772769.5122,22207912.892,4441582.5784,27750608.4457,68338188.0,0.0,106327600.0,18344687.497,15053662.3807,25762139.9999,823730758.808,0.0,5542695.5537,0.0,9993560.8014,0.0,0.75,supplier_capacity_node,supplier_capacity_node::SDC-VD0989480A,Capacite fournisseur SDC-VD0989480A,lower_is_riskier,ok
supplier_capacity_node_SDC-VD0989480A_1_0,etudecas\simulation\sensibility\active_supplier_parameter_result_upstream_constrained\cases\supplier_capacity_node_SDC-VD0989480A_1_0\input_case.json,etudecas\simulation\sensibility\active_supplier_parameter_result_upstream_constrained\cases\supplier_capacity_node_SDC-VD0989480A_1_0\simulation_output,2.0,5653.408164,0.0,7263350.6084,20793472.4136,136.0,8.0,664489123.4272,0.127112,0.072635,0.3,0.24618,0.090643,0.16343,0.0,620121663.3403,1.0,25762139.9999,0.0,888545020.1141,61148958.3234,25762139.9999,0.0,0.0,0.0,303596232.9482,208012846.7465,711625905.8924,546130595.645,546130595.645,2083708171.834,53329985.2626,7772769.5122,22207912.892,4441582.5784,27750608.4457,68338188.0,0.0,106327600.0,18344687.497,15053662.3807,25762139.9999,823730758.808,0.0,5542695.5537,0.0,9993560.8014,0.0,1.0,supplier_capacity_node,supplier_capacity_node::SDC-VD0989480A,Capacite fournisseur SDC-VD0989480A,lower_is_riskier,ok
supplier_stock_node_SDC-VD0910216A_0_01,etudecas\simulation\sensibility\active_supplier_parameter_result_upstream_constrained\cases\supplier_stock_node_SDC-VD0910216A_0_01\input_case.json,etudecas\simulation\sensibility\active_supplier_parameter_result_upstream_constrained\cases\supplier_stock_node_SDC-VD0910216A_0_01\simulation_output,2.0,5653.408164,0.0,7263350.6084,20793472.4136,136.0,8.0,664489123.4272,0.127112,0.072635,0.3,0.24618,0.090643,0.16343,0.0,620121663.3403,1.0,25762139.9999,0.0,888545020.1141,61148958.3234,25762139.9999,0.0,0.0,0.0,303596232.9482,208013203.1465,711625905.8924,546130595.645,546130595.645,2083708171.834,53329985.2626,7772769.5122,22207912.892,4441582.5784,27750608.4457,68338188.0,0.0,106327600.0,18344687.497,15053662.3807,25762139.9999,823730758.808,0.0,5542695.5537,0.0,9993560.8014,0.0,0.01,supplier_stock_node,supplier_stock_node::SDC-VD0910216A,Stock fournisseur SDC-VD0910216A,lower_is_riskier,ok
supplier_stock_node_SDC-VD0910216A_0_25,etudecas\simulation\sensibility\active_supplier_parameter_result_upstream_constrained\cases\supplier_stock_node_SDC-VD0910216A_0_25\input_case.json,etudecas\simulation\sensibility\active_supplier_parameter_result_upstream_constrained\cases\supplier_stock_node_SDC-VD0910216A_0_25\simulation_output,2.0,5653.408164,0.0,7263350.6084,20793472.4136,136.0,8.0,664489123.4272,0.127112,0.072635,0.3,0.24618,0.090643,0.16343,0.0,620121663.3403,1.0,25762139.9999,0.0,888545020.1141,61148958.3234,25762139.9999,0.0,0.0,0.0,303596232.9482,208013116.7465,711625905.8924,546130595.645,546130595.645,2083708171.834,53329985.2626,7772769.5122,22207912.892,4441582.5784,27750608.4457,68338188.0,0.0,106327600.0,18344687.497,15053662.3807,25762139.9999,823730758.808,0.0,5542695.5537,0.0,9993560.8014,0.0,0.25,supplier_stock_node,supplier_stock_node::SDC-VD0910216A,Stock fournisseur SDC-VD0910216A,lower_is_riskier,ok
supplier_stock_node_SDC-VD0910216A_0_5,etudecas\simulation\sensibility\active_supplier_parameter_result_upstream_constrained\cases\supplier_stock_node_SDC-VD0910216A_0_5\input_case.json,etudecas\simulation\sensibility\active_supplier_parameter_result_upstream_constrained\cases\supplier_stock_node_SDC-VD0910216A_0_5\simulation_output,2.0,5653.408164,0.0,7263350.6084,20793472.4136,136.0,8.0,664489123.4272,0.127112,0.072635,0.3,0.24618,0.090643,0.16343,0.0,620121663.3403,1.0,25762139.9999,0.0,888545020.1141,61148958.3234,25762139.9999,0.0,0.0,0.0,303596232.9482,208013026.7465,711625905.8924,546130595.645,546130595.645,2083708171.834,53329985.2626,7772769.5122,22207912.892,4441582.5784,27750608.4457,68338188.0,0.0,106327600.0,18344687.497,15053662.3807,25762139.9999,823730758.808,0.0,5542695.5537,0.0,9993560.8014,0.0,0.5,supplier_stock_node,supplier_stock_node::SDC-VD0910216A,Stock fournisseur SDC-VD0910216A,lower_is_riskier,ok
supplier_stock_node_SDC-VD0910216A_0_75,etudecas\simulation\sensibility\active_supplier_parameter_result_upstream_constrained\cases\supplier_stock_node_SDC-VD0910216A_0_75\input_case.json,etudecas\simulation\sensibility\active_supplier_parameter_result_upstream_constrained\cases\supplier_stock_node_SDC-VD0910216A_0_75\simulation_output,2.0,5653.408164,0.0,7263350.6084,20793472.4136,136.0,8.0,664489123.4272,0.127112,0.072635,0.3,0.24618,0.090643,0.16343,0.0,620121663.3403,1.0,25762139.9999,0.0,888545020.1141,61148958.3234,25762139.9999,0.0,0.0,0.0,303596232.9482,208012936.7465,711625905.8924,546130595.645,546130595.645,2083708171.834,53329985.2626,7772769.5122,22207912.892,4441582.5784,27750608.4457,68338188.0,0.0,106327600.0,18344687.497,15053662.3807,25762139.9999,823730758.808,0.0,5542695.5537,0.0,9993560.8014,0.0,0.75,supplier_stock_node,supplier_stock_node::SDC-VD0910216A,Stock fournisseur SDC-VD0910216A,lower_is_riskier,ok
supplier_stock_node_SDC-VD0910216A_0_9,etudecas\simulation\sensibility\active_supplier_parameter_result_upstream_constrained\cases\supplier_stock_node_SDC-VD0910216A_0_9\input_case.json,etudecas\simulation\sensibility\active_supplier_parameter_result_upstream_constrained\cases\supplier_stock_node_SDC-VD0910216A_0_9\simulation_output,2.0,5653.408164,0.0,7263350.6084,20793472.4136,136.0,8.0,664489123.4272,0.127112,0.072635,0.3,0.24618,0.090643,0.16343,0.0,620121663.3403,1.0,25762139.9999,0.0,888545020.1141,61148958.3234,25762139.9999,0.0,0.0,0.0,303596232.9482,208012882.7465,711625905.8924,546130595.645,546130595.645,2083708171.834,53329985.2626,7772769.5122,22207912.892,4441582.5784,27750608.4457,68338188.0,0.0,106327600.0,18344687.497,15053662.3807,25762139.9999,823730758.808,0.0,5542695.5537,0.0,9993560.8014,0.0,0.9,supplier_stock_node,supplier_stock_node::SDC-VD0910216A,Stock fournisseur SDC-VD0910216A,lower_is_riskier,ok
supplier_stock_node_SDC-VD0910216A_1_0,etudecas\simulation\sensibility\active_supplier_parameter_result_upstream_constrained\cases\supplier_stock_node_SDC-VD0910216A_1_0\input_case.json,etudecas\simulation\sensibility\active_supplier_parameter_result_upstream_constrained\cases\supplier_stock_node_SDC-VD0910216A_1_0\simulation_output,2.0,5653.408164,0.0,7263350.6084,20793472.4136,136.0,8.0,664489123.4272,0.127112,0.072635,0.3,0.24618,0.090643,0.16343,0.0,620121663.3403,1.0,25762139.9999,0.0,888545020.1141,61148958.3234,25762139.9999,0.0,0.0,0.0,303596232.9482,208012846.7465,711625905.8924,546130595.645,546130595.645,2083708171.834,53329985.2626,7772769.5122,22207912.892,4441582.5784,27750608.4457,68338188.0,0.0,106327600.0,18344687.497,15053662.3807,25762139.9999,823730758.808,0.0,5542695.5537,0.0,9993560.8014,0.0,1.0,supplier_stock_node,supplier_stock_node::SDC-VD0910216A,Stock fournisseur SDC-VD0910216A,lower_is_riskier,ok
supplier_capacity_node_SDC-VD0910216A_0_01,etudecas\simulation\sensibility\active_supplier_parameter_result_upstream_constrained\cases\supplier_capacity_node_SDC-VD0910216A_0_01\input_case.json,etudecas\simulation\sensibility\active_supplier_parameter_result_upstream_constrained\cases\supplier_capacity_node_SDC-VD0910216A_0_01\simulation_output,2.0,5653.408164,0.0,7263350.6084,20793472.4136,143.0,8.0,663436576.841,0.126438,0.07225,0.3,0.248602,0.090148,0.162563,0.0,615000577.2034,1.0,25762139.9999,0.0,888338202.4185,61433408.4397,25762139.9999,0.0,0.0,0.0,303620441.576,208013518.5544,711292340.2537,550537821.3786,550537821.3786,2082908345.0829,54981821.1749,7767506.001,22192874.2884,4438574.8577,27730946.5081,68338188.0,0.0,106327600.0,18430022.5319,15272439.3997,25762139.9999,824437133.4185,0.0,5538072.2196,0.0,9986793.4298,0.0,0.01,supplier_capacity_node,supplier_capacity_node::SDC-VD0910216A,Capacite fournisseur SDC-VD0910216A,lower_is_riskier,ok
supplier_capacity_node_SDC-VD0910216A_0_05,etudecas\simulation\sensibility\active_supplier_parameter_result_upstream_constrained\cases\supplier_capacity_node_SDC-VD0910216A_0_05\input_case.json,etudecas\simulation\sensibility\active_supplier_parameter_result_upstream_constrained\cases\supplier_capacity_node_SDC-VD0910216A_0_05\simulation_output,2.0,5653.408164,0.0,7263350.6084,20793472.4136,143.0,8.0,663436075.4022,0.126437,0.07225,0.3,0.248603,0.090148,0.162562,0.0,615000075.6722,1.0,25762139.9999,0.0,888338202.4185,61433109.2957,25762139.9999,0.0,0.0,0.0,303620002.7361,208013393.1716,711291964.1053,550537884.07,550537884.07,2082916639.6757,54982507.9592,7767432.7107,22192664.8876,4438532.9775,27730737.1072,68338188.0,0.0,106327600.0,18429932.7887,15272439.3997,25762139.9999,824437133.4185,0.0,5538072.2196,0.0,9986699.1994,0.0,0.05,supplier_capacity_node,supplier_capacity_node::SDC-VD0910216A,Capacite fournisseur SDC-VD0910216A,lower_is_riskier,ok
supplier_capacity_node_SDC-VD0910216A_0_1,etudecas\simulation\sensibility\active_supplier_parameter_result_upstream_constrained\cases\supplier_capacity_node_SDC-VD0910216A_0_1\input_case.json,etudecas\simulation\sensibility\active_supplier_parameter_result_upstream_constrained\cases\supplier_capacity_node_SDC-VD0910216A_0_1\simulation_output,2.0,5653.408164,0.0,7263350.6084,20793472.4136,143.0,8.0,663434021.3548,0.126435,0.072248,0.3,0.248608,0.09015,0.162559,0.0,614998033.1555,1.0,25762139.9999,0.0,888338202.4185,61431883.9097,25762139.9999,0.0,0.0,0.0,303618215.534,208012882.5425,711290432.2178,550538139.3846,550538139.3846,2082951250.7275,54985304.9305,7767132.4911,22191807.1174,4438361.4235,27729879.337,68338188.0,0.0,106327600.0,18429565.1729,15272439.3997,25762139.9999,824437133.4185,0.0,5538072.2196,0.0,9986313.2028,0.0,0.1,supplier_capacity_node,supplier_capacity_node::SDC-VD0910216A,Capacite fournisseur SDC-VD0910216A,lower_is_riskier,ok
supplier_capacity_node_SDC-VD0910216A_0_25,etudecas\simulation\sensibility\active_supplier_parameter_result_upstream_constrained\cases\supplier_capacity_node_SDC-VD0910216A_0_25\input_case.json,etudecas\simulation\sensibility\active_supplier_parameter_result_upstream_constrained\cases\supplier_capacity_node_SDC-VD0910216A_0_25\simulation_output,2.0,5653.408164,0.0,7263350.6084,20793472.4136,136.0,8.0,664508450.0802,0.127134,0.072648,0.3,0.246134,0.090625,0.163458,0.0,620141203.4166,1.0,25762139.9999,0.0,888545020.1141,61160488.0523,25762139.9999,0.0,0.0,0.0,303613330.515,208012846.7465,711645445.9687,546133038.1546,546133038.1546,2083552989.7051,53353299.0161,7775594.2958,22215983.7022,4443196.7404,27758679.256,68338188.0,0.0,106327600.0,18348146.4157,15053662.3807,25762139.9999,823730758.808,0.0,5542695.5537,0.0,9997192.666,0.0,0.25,supplier_capacity_node,supplier_capacity_node::SDC-VD0910216A,Capacite fournisseur SDC-VD0910216A,lower_is_riskier,ok
supplier_capacity_node_SDC-VD0910216A_0_5,etudecas\simulation\sensibility\active_supplier_parameter_result_upstream_constrained\cases\supplier_capacity_node_SDC-VD0910216A_0_5\input_case.json,etudecas\simulation\sensibility\active_supplier_parameter_result_upstream_constrained\cases\supplier_capacity_node_SDC-VD0910216A_0_5\simulation_output,2.0,5653.408164,0.0,7263350.6084,20793472.4136,136.0,8.0,664500725.1992,0.127125,0.072643,0.3,0.246152,0.090632,0.163447,0.0,620133387.3861,1.0,25762139.9999,0.0,888545020.1141,61155879.609,25762139.9999,0.0,0.0,0.0,303606491.4883,208012846.7465,711637629.9382,546132061.1508,546132061.1508,2083604513.7414,53343973.5147,7774465.2272,22212757.7919,4442551.5584,27755453.3457,68338188.0,0.0,106327600.0,18346763.8827,15053662.3807,25762139.9999,823730758.808,0.0,5542695.5537,0.0,9995741.0064,0.0,0.5,supplier_capacity_node,supplier_capacity_node::SDC-VD0910216A,Capacite fournisseur SDC-VD0910216A,lower_is_riskier,ok
supplier_capacity_node_SDC-VD0910216A_0_75,etudecas\simulation\sensibility\active_supplier_parameter_result_upstream_constrained\cases\supplier_capacity_node_SDC-VD0910216A_0_75\input_case.json,etudecas\simulation\sensibility\active_supplier_parameter_result_upstream_constrained\cases\supplier_capacity_node_SDC-VD0910216A_0_75\simulation_output,2.0,5653.408164,0.0,7263350.6084,20793472.4136,136.0,8.0,664494399.636,0.127118,0.072639,0.3,0.246168,0.090638,0.163438,0.0,620126992.452,1.0,25762139.9999,0.0,888545020.1141,61152105.9588,25762139.9999,0.0,0.0,0.0,303600895.921,208012846.7465,711631235.0041,546131261.784,546131261.784,2083656170.6279,53336343.559,7773540.6829,22210116.2368,4442023.2474,27752811.7905,68338188.0,0.0,106327600.0,18345631.7876,15053662.3807,25762139.9999,823730758.808,0.0,5542695.5537,0.0,9994552.3065,0.0,0.75,supplier_capacity_node,supplier_capacity_node::SDC-VD0910216A,Capacite fournisseur SDC-VD0910216A,lower_is_riskier,ok
supplier_capacity_node_SDC-VD0910216A_1_0,etudecas\simulation\sensibility\active_supplier_parameter_result_upstream_constrained\cases\supplier_capacity_node_SDC-VD0910216A_1_0\input_case.json,etudecas\simulation\sensibility\active_supplier_parameter_result_upstream_constrained\cases\supplier_capacity_node_SDC-VD0910216A_1_0\simulation_output,2.0,5653.408164,0.0,7263350.6084,20793472.4136,136.0,8.0,664489123.4272,0.127112,0.072635,0.3,0.24618,0.090643,0.16343,0.0,620121663.3403,1.0,25762139.9999,0.0,888545020.1141,61148958.3234,25762139.9999,0.0,0.0,0.0,303596232.9482,208012846.7465,711625905.8924,546130595.645,546130595.645,2083708171.834,53329985.2626,7772769.5122,22207912.892,4441582.5784,27750608.4457,68338188.0,0.0,106327600.0,18344687.497,15053662.3807,25762139.9999,823730758.808,0.0,5542695.5537,0.0,9993560.8014,0.0,1.0,supplier_capacity_node,supplier_capacity_node::SDC-VD0910216A,Capacite fournisseur SDC-VD0910216A,lower_is_riskier,ok
supplier_stock_node_SDC-VD0972460A_0_01,etudecas\simulation\sensibility\active_supplier_parameter_result_upstream_constrained\cases\supplier_stock_node_SDC-VD0972460A_0_01\input_case.json,etudecas\simulation\sensibility\active_supplier_parameter_result_upstream_constrained\cases\supplier_stock_node_SDC-VD0972460A_0_01\simulation_output,2.0,5653.408164,0.0,7263350.6084,20793472.4136,136.0,8.0,664489123.4272,0.127112,0.072635,0.3,0.24618,0.090643,0.16343,0.0,620121663.3403,1.0,25762139.9999,0.0,888545020.1141,61148958.3234,25762139.9999,0.0,0.0,0.0,303596232.9482,208013024.9465,711625905.8924,546130595.645,546130595.645,2083708171.834,53329985.2626,7772769.5122,22207912.892,4441582.5784,27750608.4457,68338188.0,0.0,106327600.0,18344687.497,15053662.3807,25762139.9999,823730758.808,0.0,5542695.5537,0.0,9993560.8014,0.0,0.01,supplier_stock_node,supplier_stock_node::SDC-VD0972460A,Stock fournisseur SDC-VD0972460A,lower_is_riskier,ok
supplier_stock_node_SDC-VD0972460A_0_25,etudecas\simulation\sensibility\active_supplier_parameter_result_upstream_constrained\cases\supplier_stock_node_SDC-VD0972460A_0_25\input_case.json,etudecas\simulation\sensibility\active_supplier_parameter_result_upstream_constrained\cases\supplier_stock_node_SDC-VD0972460A_0_25\simulation_output,2.0,5653.408164,0.0,7263350.6084,20793472.4136,136.0,8.0,664489123.4272,0.127112,0.072635,0.3,0.24618,0.090643,0.16343,0.0,620121663.3403,1.0,25762139.9999,0.0,888545020.1141,61148958.3234,25762139.9999,0.0,0.0,0.0,303596232.9482,208012981.7465,711625905.8924,546130595.645,546130595.645,2083708171.834,53329985.2626,7772769.5122,22207912.892,4441582.5784,27750608.4457,68338188.0,0.0,106327600.0,18344687.497,15053662.3807,25762139.9999,823730758.808,0.0,5542695.5537,0.0,9993560.8014,0.0,0.25,supplier_stock_node,supplier_stock_node::SDC-VD0972460A,Stock fournisseur SDC-VD0972460A,lower_is_riskier,ok
supplier_stock_node_SDC-VD0972460A_0_5,etudecas\simulation\sensibility\active_supplier_parameter_result_upstream_constrained\cases\supplier_stock_node_SDC-VD0972460A_0_5\input_case.json,etudecas\simulation\sensibility\active_supplier_parameter_result_upstream_constrained\cases\supplier_stock_node_SDC-VD0972460A_0_5\simulation_output,2.0,5653.408164,0.0,7263350.6084,20793472.4136,136.0,8.0,664489123.4272,0.127112,0.072635,0.3,0.24618,0.090643,0.16343,0.0,620121663.3403,1.0,25762139.9999,0.0,888545020.1141,61148958.3234,25762139.9999,0.0,0.0,0.0,303596232.9482,208012936.7465,711625905.8924,546130595.645,546130595.645,2083708171.834,53329985.2626,7772769.5122,22207912.892,4441582.5784,27750608.4457,68338188.0,0.0,106327600.0,18344687.497,15053662.3807,25762139.9999,823730758.808,0.0,5542695.5537,0.0,9993560.8014,0.0,0.5,supplier_stock_node,supplier_stock_node::SDC-VD0972460A,Stock fournisseur SDC-VD0972460A,lower_is_riskier,ok
supplier_stock_node_SDC-VD0972460A_0_75,etudecas\simulation\sensibility\active_supplier_parameter_result_upstream_constrained\cases\supplier_stock_node_SDC-VD0972460A_0_75\input_case.json,etudecas\simulation\sensibility\active_supplier_parameter_result_upstream_constrained\cases\supplier_stock_node_SDC-VD0972460A_0_75\simulation_output,2.0,5653.408164,0.0,7263350.6084,20793472.4136,136.0,8.0,664489123.4272,0.127112,0.072635,0.3,0.24618,0.090643,0.16343,0.0,620121663.3403,1.0,25762139.9999,0.0,888545020.1141,61148958.3234,25762139.9999,0.0,0.0,0.0,303596232.9482,208012891.7465,711625905.8924,546130595.645,546130595.645,2083708171.834,53329985.2626,7772769.5122,22207912.892,4441582.5784,27750608.4457,68338188.0,0.0,106327600.0,18344687.497,15053662.3807,25762139.9999,823730758.808,0.0,5542695.5537,0.0,9993560.8014,0.0,0.75,supplier_stock_node,supplier_stock_node::SDC-VD0972460A,Stock fournisseur SDC-VD0972460A,lower_is_riskier,ok
supplier_stock_node_SDC-VD0972460A_0_9,etudecas\simulation\sensibility\active_supplier_parameter_result_upstream_constrained\cases\supplier_stock_node_SDC-VD0972460A_0_9\input_case.json,etudecas\simulation\sensibility\active_supplier_parameter_result_upstream_constrained\cases\supplier_stock_node_SDC-VD0972460A_0_9\simulation_output,2.0,5653.408164,0.0,7263350.6084,20793472.4136,136.0,8.0,664489123.4272,0.127112,0.072635,0.3,0.24618,0.090643,0.16343,0.0,620121663.3403,1.0,25762139.9999,0.0,888545020.1141,61148958.3234,25762139.9999,0.0,0.0,0.0,303596232.9482,208012864.7465,711625905.8924,546130595.645,546130595.645,2083708171.834,53329985.2626,7772769.5122,22207912.892,4441582.5784,27750608.4457,68338188.0,0.0,106327600.0,18344687.497,15053662.3807,25762139.9999,823730758.808,0.0,5542695.5537,0.0,9993560.8014,0.0,0.9,supplier_stock_node,supplier_stock_node::SDC-VD0972460A,Stock fournisseur SDC-VD0972460A,lower_is_riskier,ok
supplier_stock_node_SDC-VD0972460A_1_0,etudecas\simulation\sensibility\active_supplier_parameter_result_upstream_constrained\cases\supplier_stock_node_SDC-VD0972460A_1_0\input_case.json,etudecas\simulation\sensibility\active_supplier_parameter_result_upstream_constrained\cases\supplier_stock_node_SDC-VD0972460A_1_0\simulation_output,2.0,5653.408164,0.0,7263350.6084,20793472.4136,136.0,8.0,664489123.4272,0.127112,0.072635,0.3,0.24618,0.090643,0.16343,0.0,620121663.3403,1.0,25762139.9999,0.0,888545020.1141,61148958.3234,25762139.9999,0.0,0.0,0.0,303596232.9482,208012846.7465,711625905.8924,546130595.645,546130595.645,2083708171.834,53329985.2626,7772769.5122,22207912.892,4441582.5784,27750608.4457,68338188.0,0.0,106327600.0,18344687.497,15053662.3807,25762139.9999,823730758.808,0.0,5542695.5537,0.0,9993560.8014,0.0,1.0,supplier_stock_node,supplier_stock_node::SDC-VD0972460A,Stock fournisseur SDC-VD0972460A,lower_is_riskier,ok
supplier_capacity_node_SDC-VD0972460A_0_01,etudecas\simulation\sensibility\active_supplier_parameter_result_upstream_constrained\cases\supplier_capacity_node_SDC-VD0972460A_0_01\input_case.json,etudecas\simulation\sensibility\active_supplier_parameter_result_upstream_constrained\cases\supplier_capacity_node_SDC-VD0972460A_0_01\simulation_output,2.0,5653.408164,0.0,7263350.6084,20793472.4136,136.0,8.0,664489123.4272,0.127112,0.072635,0.3,0.24618,0.090643,0.16343,0.0,620121663.3403,1.0,25762139.9999,0.0,888545020.1141,61148958.3234,25762139.9999,0.0,0.0,0.0,303596232.9482,208012846.7465,711625905.8924,546130595.645,546130595.645,2083708171.834,53329985.2626,7772769.5122,22207912.892,4441582.5784,27750608.4457,68338188.0,0.0,106327600.0,18344687.497,15053662.3807,25762139.9999,823730758.808,0.0,5542695.5537,0.0,9993560.8014,0.0,0.01,supplier_capacity_node,supplier_capacity_node::SDC-VD0972460A,Capacite fournisseur SDC-VD0972460A,lower_is_riskier,ok
supplier_capacity_node_SDC-VD0972460A_0_05,etudecas\simulation\sensibility\active_supplier_parameter_result_upstream_constrained\cases\supplier_capacity_node_SDC-VD0972460A_0_05\input_case.json,etudecas\simulation\sensibility\active_supplier_parameter_result_upstream_constrained\cases\supplier_capacity_node_SDC-VD0972460A_0_05\simulation_output,2.0,5653.408164,0.0,7263350.6084,20793472.4136,136.0,8.0,664489123.4272,0.127112,0.072635,0.3,0.24618,0.090643,0.16343,0.0,620121663.3403,1.0,25762139.9999,0.0,888545020.1141,61148958.3234,25762139.9999,0.0,0.0,0.0,303596232.9482,208012846.7465,711625905.8924,546130595.645,546130595.645,2083708171.834,53329985.2626,7772769.5122,22207912.892,4441582.5784,27750608.4457,68338188.0,0.0,106327600.0,18344687.497,15053662.3807,25762139.9999,823730758.808,0.0,5542695.5537,0.0,9993560.8014,0.0,0.05,supplier_capacity_node,supplier_capacity_node::SDC-VD0972460A,Capacite fournisseur SDC-VD0972460A,lower_is_riskier,ok
supplier_capacity_node_SDC-VD0972460A_0_1,etudecas\simulation\sensibility\active_supplier_parameter_result_upstream_constrained\cases\supplier_capacity_node_SDC-VD0972460A_0_1\input_case.json,etudecas\simulation\sensibility\active_supplier_parameter_result_upstream_constrained\cases\supplier_capacity_node_SDC-VD0972460A_0_1\simulation_output,2.0,5653.408164,0.0,7263350.6084,20793472.4136,136.0,8.0,664489123.4272,0.127112,0.072635,0.3,0.24618,0.090643,0.16343,0.0,620121663.3403,1.0,25762139.9999,0.0,888545020.1141,61148958.3234,25762139.9999,0.0,0.0,0.0,303596232.9482,208012846.7465,711625905.8924,546130595.645,546130595.645,2083708171.834,53329985.2626,7772769.5122,22207912.892,4441582.5784,27750608.4457,68338188.0,0.0,106327600.0,18344687.497,15053662.3807,25762139.9999,823730758.808,0.0,5542695.5537,0.0,9993560.8014,0.0,0.1,supplier_capacity_node,supplier_capacity_node::SDC-VD0972460A,Capacite fournisseur SDC-VD0972460A,lower_is_riskier,ok
supplier_capacity_node_SDC-VD0972460A_0_25,etudecas\simulation\sensibility\active_supplier_parameter_result_upstream_constrained\cases\supplier_capacity_node_SDC-VD0972460A_0_25\input_case.json,etudecas\simulation\sensibility\active_supplier_parameter_result_upstream_constrained\cases\supplier_capacity_node_SDC-VD0972460A_0_25\simulation_output,2.0,5653.408164,0.0,7263350.6084,20793472.4136,136.0,8.0,664489123.4272,0.127112,0.072635,0.3,0.24618,0.090643,0.16343,0.0,620121663.3403,1.0,25762139.9999,0.0,888545020.1141,61148958.3234,25762139.9999,0.0,0.0,0.0,303596232.9482,208012846.7465,711625905.8924,546130595.645,546130595.645,2083708171.834,53329985.2626,7772769.5122,22207912.892,4441582.5784,27750608.4457,68338188.0,0.0,106327600.0,18344687.497,15053662.3807,25762139.9999,823730758.808,0.0,5542695.5537,0.0,9993560.8014,0.0,0.25,supplier_capacity_node,supplier_capacity_node::SDC-VD0972460A,Capacite fournisseur SDC-VD0972460A,lower_is_riskier,ok
supplier_capacity_node_SDC-VD0972460A_0_5,etudecas\simulation\sensibility\active_supplier_parameter_result_upstream_constrained\cases\supplier_capacity_node_SDC-VD0972460A_0_5\input_case.json,etudecas\simulation\sensibility\active_supplier_parameter_result_upstream_constrained\cases\supplier_capacity_node_SDC-VD0972460A_0_5\simulation_output,2.0,5653.408164,0.0,7263350.6084,20793472.4136,136.0,8.0,664489123.4272,0.127112,0.072635,0.3,0.24618,0.090643,0.16343,0.0,620121663.3403,1.0,25762139.9999,0.0,888545020.1141,61148958.3234,25762139.9999,0.0,0.0,0.0,303596232.9482,208012846.7465,711625905.8924,546130595.645,546130595.645,2083708171.834,53329985.2626,7772769.5122,22207912.892,4441582.5784,27750608.4457,68338188.0,0.0,106327600.0,18344687.497,15053662.3807,25762139.9999,823730758.808,0.0,5542695.5537,0.0,9993560.8014,0.0,0.5,supplier_capacity_node,supplier_capacity_node::SDC-VD0972460A,Capacite fournisseur SDC-VD0972460A,lower_is_riskier,ok
supplier_capacity_node_SDC-VD0972460A_0_75,etudecas\simulation\sensibility\active_supplier_parameter_result_upstream_constrained\cases\supplier_capacity_node_SDC-VD0972460A_0_75\input_case.json,etudecas\simulation\sensibility\active_supplier_parameter_result_upstream_constrained\cases\supplier_capacity_node_SDC-VD0972460A_0_75\simulation_output,2.0,5653.408164,0.0,7263350.6084,20793472.4136,136.0,8.0,664489123.4272,0.127112,0.072635,0.3,0.24618,0.090643,0.16343,0.0,620121663.3403,1.0,25762139.9999,0.0,888545020.1141,61148958.3234,25762139.9999,0.0,0.0,0.0,303596232.9482,208012846.7465,711625905.8924,546130595.645,546130595.645,2083708171.834,53329985.2626,7772769.5122,22207912.892,4441582.5784,27750608.4457,68338188.0,0.0,106327600.0,18344687.497,15053662.3807,25762139.9999,823730758.808,0.0,5542695.5537,0.0,9993560.8014,0.0,0.75,supplier_capacity_node,supplier_capacity_node::SDC-VD0972460A,Capacite fournisseur SDC-VD0972460A,lower_is_riskier,ok
supplier_capacity_node_SDC-VD0972460A_1_0,etudecas\simulation\sensibility\active_supplier_parameter_result_upstream_constrained\cases\supplier_capacity_node_SDC-VD0972460A_1_0\input_case.json,etudecas\simulation\sensibility\active_supplier_parameter_result_upstream_constrained\cases\supplier_capacity_node_SDC-VD0972460A_1_0\simulation_output,2.0,5653.408164,0.0,7263350.6084,20793472.4136,136.0,8.0,664489123.4272,0.127112,0.072635,0.3,0.24618,0.090643,0.16343,0.0,620121663.3403,1.0,25762139.9999,0.0,888545020.1141,61148958.3234,25762139.9999,0.0,0.0,0.0,303596232.9482,208012846.7465,711625905.8924,546130595.645,546130595.645,2083708171.834,53329985.2626,7772769.5122,22207912.892,4441582.5784,27750608.4457,68338188.0,0.0,106327600.0,18344687.497,15053662.3807,25762139.9999,823730758.808,0.0,5542695.5537,0.0,9993560.8014,0.0,1.0,supplier_capacity_node,supplier_capacity_node::SDC-VD0972460A,Capacite fournisseur SDC-VD0972460A,lower_is_riskier,ok
supplier_stock_node_SDC-VD0975221A_0_01,etudecas\simulation\sensibility\active_supplier_parameter_result_upstream_constrained\cases\supplier_stock_node_SDC-VD0975221A_0_01\input_case.json,etudecas\simulation\sensibility\active_supplier_parameter_result_upstream_constrained\cases\supplier_stock_node_SDC-VD0975221A_0_01\simulation_output,2.0,5653.408164,0.0,7263350.6084,20793472.4136,136.0,8.0,664489123.4272,0.127112,0.072635,0.3,0.24618,0.090643,0.16343,0.0,620121663.3403,1.0,25762139.9999,0.0,888545020.1141,61148958.3234,25762139.9999,0.0,0.0,0.0,303596232.9482,208013024.9465,711625905.8924,546130595.645,546130595.645,2083708171.834,53329985.2626,7772769.5122,22207912.892,4441582.5784,27750608.4457,68338188.0,0.0,106327600.0,18344687.497,15053662.3807,25762139.9999,823730758.808,0.0,5542695.5537,0.0,9993560.8014,0.0,0.01,supplier_stock_node,supplier_stock_node::SDC-VD0975221A,Stock fournisseur SDC-VD0975221A,lower_is_riskier,ok
supplier_stock_node_SDC-VD0975221A_0_25,etudecas\simulation\sensibility\active_supplier_parameter_result_upstream_constrained\cases\supplier_stock_node_SDC-VD0975221A_0_25\input_case.json,etudecas\simulation\sensibility\active_supplier_parameter_result_upstream_constrained\cases\supplier_stock_node_SDC-VD0975221A_0_25\simulation_output,2.0,5653.408164,0.0,7263350.6084,20793472.4136,136.0,8.0,664489123.4272,0.127112,0.072635,0.3,0.24618,0.090643,0.16343,0.0,620121663.3403,1.0,25762139.9999,0.0,888545020.1141,61148958.3234,25762139.9999,0.0,0.0,0.0,303596232.9482,208012981.7465,711625905.8924,546130595.645,546130595.645,2083708171.834,53329985.2626,7772769.5122,22207912.892,4441582.5784,27750608.4457,68338188.0,0.0,106327600.0,18344687.497,15053662.3807,25762139.9999,823730758.808,0.0,5542695.5537,0.0,9993560.8014,0.0,0.25,supplier_stock_node,supplier_stock_node::SDC-VD0975221A,Stock fournisseur SDC-VD0975221A,lower_is_riskier,ok
supplier_stock_node_SDC-VD0975221A_0_5,etudecas\simulation\sensibility\active_supplier_parameter_result_upstream_constrained\cases\supplier_stock_node_SDC-VD0975221A_0_5\input_case.json,etudecas\simulation\sensibility\active_supplier_parameter_result_upstream_constrained\cases\supplier_stock_node_SDC-VD0975221A_0_5\simulation_output,2.0,5653.408164,0.0,7263350.6084,20793472.4136,136.0,8.0,664489123.4272,0.127112,0.072635,0.3,0.24618,0.090643,0.16343,0.0,620121663.3403,1.0,25762139.9999,0.0,888545020.1141,61148958.3234,25762139.9999,0.0,0.0,0.0,303596232.9482,208012936.7465,711625905.8924,546130595.645,546130595.645,2083708171.834,53329985.2626,7772769.5122,22207912.892,4441582.5784,27750608.4457,68338188.0,0.0,106327600.0,18344687.497,15053662.3807,25762139.9999,823730758.808,0.0,5542695.5537,0.0,9993560.8014,0.0,0.5,supplier_stock_node,supplier_stock_node::SDC-VD0975221A,Stock fournisseur SDC-VD0975221A,lower_is_riskier,ok
supplier_stock_node_SDC-VD0975221A_0_75,etudecas\simulation\sensibility\active_supplier_parameter_result_upstream_constrained\cases\supplier_stock_node_SDC-VD0975221A_0_75\input_case.json,etudecas\simulation\sensibility\active_supplier_parameter_result_upstream_constrained\cases\supplier_stock_node_SDC-VD0975221A_0_75\simulation_output,2.0,5653.408164,0.0,7263350.6084,20793472.4136,136.0,8.0,664489123.4272,0.127112,0.072635,0.3,0.24618,0.090643,0.16343,0.0,620121663.3403,1.0,25762139.9999,0.0,888545020.1141,61148958.3234,25762139.9999,0.0,0.0,0.0,303596232.9482,208012891.7465,711625905.8924,546130595.645,546130595.645,2083708171.834,53329985.2626,7772769.5122,22207912.892,4441582.5784,27750608.4457,68338188.0,0.0,106327600.0,18344687.497,15053662.3807,25762139.9999,823730758.808,0.0,5542695.5537,0.0,9993560.8014,0.0,0.75,supplier_stock_node,supplier_stock_node::SDC-VD0975221A,Stock fournisseur SDC-VD0975221A,lower_is_riskier,ok
supplier_stock_node_SDC-VD0975221A_0_9,etudecas\simulation\sensibility\active_supplier_parameter_result_upstream_constrained\cases\supplier_stock_node_SDC-VD0975221A_0_9\input_case.json,etudecas\simulation\sensibility\active_supplier_parameter_result_upstream_constrained\cases\supplier_stock_node_SDC-VD0975221A_0_9\simulation_output,2.0,5653.408164,0.0,7263350.6084,20793472.4136,136.0,8.0,664489123.4272,0.127112,0.072635,0.3,0.24618,0.090643,0.16343,0.0,620121663.3403,1.0,25762139.9999,0.0,888545020.1141,61148958.3234,25762139.9999,0.0,0.0,0.0,303596232.9482,208012864.7465,711625905.8924,546130595.645,546130595.645,2083708171.834,53329985.2626,7772769.5122,22207912.892,4441582.5784,27750608.4457,68338188.0,0.0,106327600.0,18344687.497,15053662.3807,25762139.9999,823730758.808,0.0,5542695.5537,0.0,9993560.8014,0.0,0.9,supplier_stock_node,supplier_stock_node::SDC-VD0975221A,Stock fournisseur SDC-VD0975221A,lower_is_riskier,ok
supplier_stock_node_SDC-VD0975221A_1_0,etudecas\simulation\sensibility\active_supplier_parameter_result_upstream_constrained\cases\supplier_stock_node_SDC-VD0975221A_1_0\input_case.json,etudecas\simulation\sensibility\active_supplier_parameter_result_upstream_constrained\cases\supplier_stock_node_SDC-VD0975221A_1_0\simulation_output,2.0,5653.408164,0.0,7263350.6084,20793472.4136,136.0,8.0,664489123.4272,0.127112,0.072635,0.3,0.24618,0.090643,0.16343,0.0,620121663.3403,1.0,25762139.9999,0.0,888545020.1141,61148958.3234,25762139.9999,0.0,0.0,0.0,303596232.9482,208012846.7465,711625905.8924,546130595.645,546130595.645,2083708171.834,53329985.2626,7772769.5122,22207912.892,4441582.5784,27750608.4457,68338188.0,0.0,106327600.0,18344687.497,15053662.3807,25762139.9999,823730758.808,0.0,5542695.5537,0.0,9993560.8014,0.0,1.0,supplier_stock_node,supplier_stock_node::SDC-VD0975221A,Stock fournisseur SDC-VD0975221A,lower_is_riskier,ok
supplier_capacity_node_SDC-VD0975221A_0_01,etudecas\simulation\sensibility\active_supplier_parameter_result_upstream_constrained\cases\supplier_capacity_node_SDC-VD0975221A_0_01\input_case.json,etudecas\simulation\sensibility\active_supplier_parameter_result_upstream_constrained\cases\supplier_capacity_node_SDC-VD0975221A_0_01\simulation_output,2.0,5653.408164,0.0,7263350.6084,20793472.4136,136.0,8.0,664489123.4272,0.127112,0.072635,0.3,0.24618,0.090643,0.16343,0.0,620121663.3403,1.0,25762139.9999,0.0,888545020.1141,61148958.3234,25762139.9999,0.0,0.0,0.0,303596232.9482,208012846.7465,711625905.8924,546130595.645,546130595.645,2083708171.834,53329985.2626,7772769.5122,22207912.892,4441582.5784,27750608.4457,68338188.0,0.0,106327600.0,18344687.497,15053662.3807,25762139.9999,823730758.808,0.0,5542695.5537,0.0,9993560.8014,0.0,0.01,supplier_capacity_node,supplier_capacity_node::SDC-VD0975221A,Capacite fournisseur SDC-VD0975221A,lower_is_riskier,ok
supplier_capacity_node_SDC-VD0975221A_0_05,etudecas\simulation\sensibility\active_supplier_parameter_result_upstream_constrained\cases\supplier_capacity_node_SDC-VD0975221A_0_05\input_case.json,etudecas\simulation\sensibility\active_supplier_parameter_result_upstream_constrained\cases\supplier_capacity_node_SDC-VD0975221A_0_05\simulation_output,2.0,5653.408164,0.0,7263350.6084,20793472.4136,136.0,8.0,664489123.4272,0.127112,0.072635,0.3,0.24618,0.090643,0.16343,0.0,620121663.3403,1.0,25762139.9999,0.0,888545020.1141,61148958.3234,25762139.9999,0.0,0.0,0.0,303596232.9482,208012846.7465,711625905.8924,546130595.645,546130595.645,2083708171.834,53329985.2626,7772769.5122,22207912.892,4441582.5784,27750608.4457,68338188.0,0.0,106327600.0,18344687.497,15053662.3807,25762139.9999,823730758.808,0.0,5542695.5537,0.0,9993560.8014,0.0,0.05,supplier_capacity_node,supplier_capacity_node::SDC-VD0975221A,Capacite fournisseur SDC-VD0975221A,lower_is_riskier,ok
supplier_capacity_node_SDC-VD0975221A_0_1,etudecas\simulation\sensibility\active_supplier_parameter_result_upstream_constrained\cases\supplier_capacity_node_SDC-VD0975221A_0_1\input_case.json,etudecas\simulation\sensibility\active_supplier_parameter_result_upstream_constrained\cases\supplier_capacity_node_SDC-VD0975221A_0_1\simulation_output,2.0,5653.408164,0.0,7263350.6084,20793472.4136,136.0,8.0,664489123.4272,0.127112,0.072635,0.3,0.24618,0.090643,0.16343,0.0,620121663.3403,1.0,25762139.9999,0.0,888545020.1141,61148958.3234,25762139.9999,0.0,0.0,0.0,303596232.9482,208012846.7465,711625905.8924,546130595.645,546130595.645,2083708171.834,53329985.2626,7772769.5122,22207912.892,4441582.5784,27750608.4457,68338188.0,0.0,106327600.0,18344687.497,15053662.3807,25762139.9999,823730758.808,0.0,5542695.5537,0.0,9993560.8014,0.0,0.1,supplier_capacity_node,supplier_capacity_node::SDC-VD0975221A,Capacite fournisseur SDC-VD0975221A,lower_is_riskier,ok
supplier_capacity_node_SDC-VD0975221A_0_25,etudecas\simulation\sensibility\active_supplier_parameter_result_upstream_constrained\cases\supplier_capacity_node_SDC-VD0975221A_0_25\input_case.json,etudecas\simulation\sensibility\active_supplier_parameter_result_upstream_constrained\cases\supplier_capacity_node_SDC-VD0975221A_0_25\simulation_output,2.0,5653.408164,0.0,7263350.6084,20793472.4136,136.0,8.0,664489123.4272,0.127112,0.072635,0.3,0.24618,0.090643,0.16343,0.0,620121663.3403,1.0,25762139.9999,0.0,888545020.1141,61148958.3234,25762139.9999,0.0,0.0,0.0,303596232.9482,208012846.7465,711625905.8924,546130595.645,546130595.645,2083708171.834,53329985.2626,7772769.5122,22207912.892,4441582.5784,27750608.4457,68338188.0,0.0,106327600.0,18344687.497,15053662.3807,25762139.9999,823730758.808,0.0,5542695.5537,0.0,9993560.8014,0.0,0.25,supplier_capacity_node,supplier_capacity_node::SDC-VD0975221A,Capacite fournisseur SDC-VD0975221A,lower_is_riskier,ok
supplier_capacity_node_SDC-VD0975221A_0_5,etudecas\simulation\sensibility\active_supplier_parameter_result_upstream_constrained\cases\supplier_capacity_node_SDC-VD0975221A_0_5\input_case.json,etudecas\simulation\sensibility\active_supplier_parameter_result_upstream_constrained\cases\supplier_capacity_node_SDC-VD0975221A_0_5\simulation_output,2.0,5653.408164,0.0,7263350.6084,20793472.4136,136.0,8.0,664489123.4272,0.127112,0.072635,0.3,0.24618,0.090643,0.16343,0.0,620121663.3403,1.0,25762139.9999,0.0,888545020.1141,61148958.3234,25762139.9999,0.0,0.0,0.0,303596232.9482,208012846.7465,711625905.8924,546130595.645,546130595.645,2083708171.834,53329985.2626,7772769.5122,22207912.892,4441582.5784,27750608.4457,68338188.0,0.0,106327600.0,18344687.497,15053662.3807,25762139.9999,823730758.808,0.0,5542695.5537,0.0,9993560.8014,0.0,0.5,supplier_capacity_node,supplier_capacity_node::SDC-VD0975221A,Capacite fournisseur SDC-VD0975221A,lower_is_riskier,ok
supplier_capacity_node_SDC-VD0975221A_0_75,etudecas\simulation\sensibility\active_supplier_parameter_result_upstream_constrained\cases\supplier_capacity_node_SDC-VD0975221A_0_75\input_case.json,etudecas\simulation\sensibility\active_supplier_parameter_result_upstream_constrained\cases\supplier_capacity_node_SDC-VD0975221A_0_75\simulation_output,2.0,5653.408164,0.0,7263350.6084,20793472.4136,136.0,8.0,664489123.4272,0.127112,0.072635,0.3,0.24618,0.090643,0.16343,0.0,620121663.3403,1.0,25762139.9999,0.0,888545020.1141,61148958.3234,25762139.9999,0.0,0.0,0.0,303596232.9482,208012846.7465,711625905.8924,546130595.645,546130595.645,2083708171.834,53329985.2626,7772769.5122,22207912.892,4441582.5784,27750608.4457,68338188.0,0.0,106327600.0,18344687.497,15053662.3807,25762139.9999,823730758.808,0.0,5542695.5537,0.0,9993560.8014,0.0,0.75,supplier_capacity_node,supplier_capacity_node::SDC-VD0975221A,Capacite fournisseur SDC-VD0975221A,lower_is_riskier,ok
supplier_capacity_node_SDC-VD0975221A_1_0,etudecas\simulation\sensibility\active_supplier_parameter_result_upstream_constrained\cases\supplier_capacity_node_SDC-VD0975221A_1_0\input_case.json,etudecas\simulation\sensibility\active_supplier_parameter_result_upstream_constrained\cases\supplier_capacity_node_SDC-VD0975221A_1_0\simulation_output,2.0,5653.408164,0.0,7263350.6084,20793472.4136,136.0,8.0,664489123.4272,0.127112,0.072635,0.3,0.24618,0.090643,0.16343,0.0,620121663.3403,1.0,25762139.9999,0.0,888545020.1141,61148958.3234,25762139.9999,0.0,0.0,0.0,303596232.9482,208012846.7465,711625905.8924,546130595.645,546130595.645,2083708171.834,53329985.2626,7772769.5122,22207912.892,4441582.5784,27750608.4457,68338188.0,0.0,106327600.0,18344687.497,15053662.3807,25762139.9999,823730758.808,0.0,5542695.5537,0.0,9993560.8014,0.0,1.0,supplier_capacity_node,supplier_capacity_node::SDC-VD0975221A,Capacite fournisseur SDC-VD0975221A,lower_is_riskier,ok
supplier_stock_node_SDC-VD0520115A_0_01,etudecas\simulation\sensibility\active_supplier_parameter_result_upstream_constrained\cases\supplier_stock_node_SDC-VD0520115A_0_01\input_case.json,etudecas\simulation\sensibility\active_supplier_parameter_result_upstream_constrained\cases\supplier_stock_node_SDC-VD0520115A_0_01\simulation_output,2.0,5653.408164,0.0,7263350.6084,20793472.4136,136.0,8.0,664489123.4272,0.127112,0.072635,0.3,0.24618,0.090643,0.16343,0.0,620121663.3403,1.0,25762139.9999,0.0,888545020.1141,61148958.3234,25762139.9999,0.0,0.0,0.0,303596232.9482,208013024.9465,711625905.8924,546130595.645,546130595.645,2083708171.834,53329985.2626,7772769.5122,22207912.892,4441582.5784,27750608.4457,68338188.0,0.0,106327600.0,18344687.497,15053662.3807,25762139.9999,823730758.808,0.0,5542695.5537,0.0,9993560.8014,0.0,0.01,supplier_stock_node,supplier_stock_node::SDC-VD0520115A,Stock fournisseur SDC-VD0520115A,lower_is_riskier,ok
supplier_stock_node_SDC-VD0520115A_0_25,etudecas\simulation\sensibility\active_supplier_parameter_result_upstream_constrained\cases\supplier_stock_node_SDC-VD0520115A_0_25\input_case.json,etudecas\simulation\sensibility\active_supplier_parameter_result_upstream_constrained\cases\supplier_stock_node_SDC-VD0520115A_0_25\simulation_output,2.0,5653.408164,0.0,7263350.6084,20793472.4136,136.0,8.0,664489123.4272,0.127112,0.072635,0.3,0.24618,0.090643,0.16343,0.0,620121663.3403,1.0,25762139.9999,0.0,888545020.1141,61148958.3234,25762139.9999,0.0,0.0,0.0,303596232.9482,208012981.7465,711625905.8924,546130595.645,546130595.645,2083708171.834,53329985.2626,7772769.5122,22207912.892,4441582.5784,27750608.4457,68338188.0,0.0,106327600.0,18344687.497,15053662.3807,25762139.9999,823730758.808,0.0,5542695.5537,0.0,9993560.8014,0.0,0.25,supplier_stock_node,supplier_stock_node::SDC-VD0520115A,Stock fournisseur SDC-VD0520115A,lower_is_riskier,ok
supplier_stock_node_SDC-VD0520115A_0_5,etudecas\simulation\sensibility\active_supplier_parameter_result_upstream_constrained\cases\supplier_stock_node_SDC-VD0520115A_0_5\input_case.json,etudecas\simulation\sensibility\active_supplier_parameter_result_upstream_constrained\cases\supplier_stock_node_SDC-VD0520115A_0_5\simulation_output,2.0,5653.408164,0.0,7263350.6084,20793472.4136,136.0,8.0,664489123.4272,0.127112,0.072635,0.3,0.24618,0.090643,0.16343,0.0,620121663.3403,1.0,25762139.9999,0.0,888545020.1141,61148958.3234,25762139.9999,0.0,0.0,0.0,303596232.9482,208012936.7465,711625905.8924,546130595.645,546130595.645,2083708171.834,53329985.2626,7772769.5122,22207912.892,4441582.5784,27750608.4457,68338188.0,0.0,106327600.0,18344687.497,15053662.3807,25762139.9999,823730758.808,0.0,5542695.5537,0.0,9993560.8014,0.0,0.5,supplier_stock_node,supplier_stock_node::SDC-VD0520115A,Stock fournisseur SDC-VD0520115A,lower_is_riskier,ok
supplier_stock_node_SDC-VD0520115A_0_75,etudecas\simulation\sensibility\active_supplier_parameter_result_upstream_constrained\cases\supplier_stock_node_SDC-VD0520115A_0_75\input_case.json,etudecas\simulation\sensibility\active_supplier_parameter_result_upstream_constrained\cases\supplier_stock_node_SDC-VD0520115A_0_75\simulation_output,2.0,5653.408164,0.0,7263350.6084,20793472.4136,136.0,8.0,664489123.4272,0.127112,0.072635,0.3,0.24618,0.090643,0.16343,0.0,620121663.3403,1.0,25762139.9999,0.0,888545020.1141,61148958.3234,25762139.9999,0.0,0.0,0.0,303596232.9482,208012891.7465,711625905.8924,546130595.645,546130595.645,2083708171.834,53329985.2626,7772769.5122,22207912.892,4441582.5784,27750608.4457,68338188.0,0.0,106327600.0,18344687.497,15053662.3807,25762139.9999,823730758.808,0.0,5542695.5537,0.0,9993560.8014,0.0,0.75,supplier_stock_node,supplier_stock_node::SDC-VD0520115A,Stock fournisseur SDC-VD0520115A,lower_is_riskier,ok
supplier_stock_node_SDC-VD0520115A_0_9,etudecas\simulation\sensibility\active_supplier_parameter_result_upstream_constrained\cases\supplier_stock_node_SDC-VD0520115A_0_9\input_case.json,etudecas\simulation\sensibility\active_supplier_parameter_result_upstream_constrained\cases\supplier_stock_node_SDC-VD0520115A_0_9\simulation_output,2.0,5653.408164,0.0,7263350.6084,20793472.4136,136.0,8.0,664489123.4272,0.127112,0.072635,0.3,0.24618,0.090643,0.16343,0.0,620121663.3403,1.0,25762139.9999,0.0,888545020.1141,61148958.3234,25762139.9999,0.0,0.0,0.0,303596232.9482,208012864.7465,711625905.8924,546130595.645,546130595.645,2083708171.834,53329985.2626,7772769.5122,22207912.892,4441582.5784,27750608.4457,68338188.0,0.0,106327600.0,18344687.497,15053662.3807,25762139.9999,823730758.808,0.0,5542695.5537,0.0,9993560.8014,0.0,0.9,supplier_stock_node,supplier_stock_node::SDC-VD0520115A,Stock fournisseur SDC-VD0520115A,lower_is_riskier,ok
supplier_stock_node_SDC-VD0520115A_1_0,etudecas\simulation\sensibility\active_supplier_parameter_result_upstream_constrained\cases\supplier_stock_node_SDC-VD0520115A_1_0\input_case.json,etudecas\simulation\sensibility\active_supplier_parameter_result_upstream_constrained\cases\supplier_stock_node_SDC-VD0520115A_1_0\simulation_output,2.0,5653.408164,0.0,7263350.6084,20793472.4136,136.0,8.0,664489123.4272,0.127112,0.072635,0.3,0.24618,0.090643,0.16343,0.0,620121663.3403,1.0,25762139.9999,0.0,888545020.1141,61148958.3234,25762139.9999,0.0,0.0,0.0,303596232.9482,208012846.7465,711625905.8924,546130595.645,546130595.645,2083708171.834,53329985.2626,7772769.5122,22207912.892,4441582.5784,27750608.4457,68338188.0,0.0,106327600.0,18344687.497,15053662.3807,25762139.9999,823730758.808,0.0,5542695.5537,0.0,9993560.8014,0.0,1.0,supplier_stock_node,supplier_stock_node::SDC-VD0520115A,Stock fournisseur SDC-VD0520115A,lower_is_riskier,ok
supplier_capacity_node_SDC-VD0520115A_0_01,etudecas\simulation\sensibility\active_supplier_parameter_result_upstream_constrained\cases\supplier_capacity_node_SDC-VD0520115A_0_01\input_case.json,etudecas\simulation\sensibility\active_supplier_parameter_result_upstream_constrained\cases\supplier_capacity_node_SDC-VD0520115A_0_01\simulation_output,2.0,5653.408164,0.0,7263350.6084,20793472.4136,136.0,8.0,664912533.3671,0.127155,0.07266,0.3,0.246127,0.090573,0.163485,0.0,619933672.0975,1.0,25762139.9999,0.0,888463162.7791,61149002.6707,25762139.9999,0.0,0.0,0.0,303596232.9482,208012846.7465,711351106.9558,545855796.7084,545855796.7084,2084083830.3823,53293135.235,7775385.299,22215386.5687,4443077.3137,27753854.1585,68338188.0,0.0,106327600.0,18344700.8012,15050447.7109,25762139.9999,823562093.7791,23996.404,5538467.5898,0.0,9996923.9559,0.0,0.01,supplier_capacity_node,supplier_capacity_node::SDC-VD0520115A,Capacite fournisseur SDC-VD0520115A,lower_is_riskier,ok
supplier_capacity_node_SDC-VD0520115A_0_05,etudecas\simulation\sensibility\active_supplier_parameter_result_upstream_constrained\cases\supplier_capacity_node_SDC-VD0520115A_0_05\input_case.json,etudecas\simulation\sensibility\active_supplier_parameter_result_upstream_constrained\cases\supplier_capacity_node_SDC-VD0520115A_0_05\simulation_output,2.0,5653.408164,0.0,7263350.6084,20793472.4136,137.0,8.0,664530715.759,0.127071,0.072612,0.3,0.246353,0.090586,0.163378,0.0,617616935.2768,1.0,25762139.9999,0.0,888207305.117,61166623.612,25762139.9999,0.0,0.0,0.0,303596232.9482,208012846.7465,711164370.1351,547544059.8877,547544059.8877,2084192086.4054,53799220.5204,7772531.5655,22207233.0444,4441446.6089,27748054.0001,68338188.0,0.0,106327600.0,18349987.0836,15068582.5283,25762139.9999,823761236.117,4572.004,5540820.9557,0.0,9993254.87,0.0,0.05,supplier_capacity_node,supplier_capacity_node::SDC-VD0520115A,Capacite fournisseur SDC-VD0520115A,lower_is_riskier,ok
supplier_capacity_node_SDC-VD0520115A_0_1,etudecas\simulation\sensibility\active_supplier_parameter_result_upstream_constrained\cases\supplier_capacity_node_SDC-VD0520115A_0_1\input_case.json,etudecas\simulation\sensibility\active_supplier_parameter_result_upstream_constrained\cases\supplier_capacity_node_SDC-VD0520115A_0_1\simulation_output,2.0,5653.408164,0.0,7263350.6084,20793472.4136,136.0,8.0,664489123.4272,0.127112,0.072635,0.3,0.24618,0.090643,0.16343,0.0,620121663.3403,1.0,25762139.9999,0.0,888545020.1141,61148958.3234,25762139.9999,0.0,0.0,0.0,303596232.9482,208012846.7465,711625905.8924,546130595.645,546130595.645,2083708171.834,53329985.2626,7772769.5122,22207912.892,4441582.5784,27750608.4457,68338188.0,0.0,106327600.0,18344687.497,15053662.3807,25762139.9999,823730758.808,0.0,5542695.5537,0.0,9993560.8014,0.0,0.1,supplier_capacity_node,supplier_capacity_node::SDC-VD0520115A,Capacite fournisseur SDC-VD0520115A,lower_is_riskier,ok
supplier_capacity_node_SDC-VD0520115A_0_25,etudecas\simulation\sensibility\active_supplier_parameter_result_upstream_constrained\cases\supplier_capacity_node_SDC-VD0520115A_0_25\input_case.json,etudecas\simulation\sensibility\active_supplier_parameter_result_upstream_constrained\cases\supplier_capacity_node_SDC-VD0520115A_0_25\simulation_output,2.0,5653.408164,0.0,7263350.6084,20793472.4136,136.0,8.0,664489123.4272,0.127112,0.072635,0.3,0.24618,0.090643,0.16343,0.0,620121663.3403,1.0,25762139.9999,0.0,888545020.1141,61148958.3234,25762139.9999,0.0,0.0,0.0,303596232.9482,208012846.7465,711625905.8924,546130595.645,546130595.645,2083708171.834,53329985.2626,7772769.5122,22207912.892,4441582.5784,27750608.4457,68338188.0,0.0,106327600.0,18344687.497,15053662.3807,25762139.9999,823730758.808,0.0,5542695.5537,0.0,9993560.8014,0.0,0.25,supplier_capacity_node,supplier_capacity_node::SDC-VD0520115A,Capacite fournisseur SDC-VD0520115A,lower_is_riskier,ok
supplier_capacity_node_SDC-VD0520115A_0_5,etudecas\simulation\sensibility\active_supplier_parameter_result_upstream_constrained\cases\supplier_capacity_node_SDC-VD0520115A_0_5\input_case.json,etudecas\simulation\sensibility\active_supplier_parameter_result_upstream_constrained\cases\supplier_capacity_node_SDC-VD0520115A_0_5\simulation_output,2.0,5653.408164,0.0,7263350.6084,20793472.4136,136.0,8.0,664489123.4272,0.127112,0.072635,0.3,0.24618,0.090643,0.16343,0.0,620121663.3403,1.0,25762139.9999,0.0,888545020.1141,61148958.3234,25762139.9999,0.0,0.0,0.0,303596232.9482,208012846.7465,711625905.8924,546130595.645,546130595.645,2083708171.834,53329985.2626,7772769.5122,22207912.892,4441582.5784,27750608.4457,68338188.0,0.0,106327600.0,18344687.497,15053662.3807,25762139.9999,823730758.808,0.0,5542695.5537,0.0,9993560.8014,0.0,0.5,supplier_capacity_node,supplier_capacity_node::SDC-VD0520115A,Capacite fournisseur SDC-VD0520115A,lower_is_riskier,ok
supplier_capacity_node_SDC-VD0520115A_0_75,etudecas\simulation\sensibility\active_supplier_parameter_result_upstream_constrained\cases\supplier_capacity_node_SDC-VD0520115A_0_75\input_case.json,etudecas\simulation\sensibility\active_supplier_parameter_result_upstream_constrained\cases\supplier_capacity_node_SDC-VD0520115A_0_75\simulation_output,2.0,5653.408164,0.0,7263350.6084,20793472.4136,136.0,8.0,664489123.4272,0.127112,0.072635,0.3,0.24618,0.090643,0.16343,0.0,620121663.3403,1.0,25762139.9999,0.0,888545020.1141,61148958.3234,25762139.9999,0.0,0.0,0.0,303596232.9482,208012846.7465,711625905.8924,546130595.645,546130595.645,2083708171.834,53329985.2626,7772769.5122,22207912.892,4441582.5784,27750608.4457,68338188.0,0.0,106327600.0,18344687.497,15053662.3807,25762139.9999,823730758.808,0.0,5542695.5537,0.0,9993560.8014,0.0,0.75,supplier_capacity_node,supplier_capacity_node::SDC-VD0520115A,Capacite fournisseur SDC-VD0520115A,lower_is_riskier,ok
supplier_capacity_node_SDC-VD0520115A_1_0,etudecas\simulation\sensibility\active_supplier_parameter_result_upstream_constrained\cases\supplier_capacity_node_SDC-VD0520115A_1_0\input_case.json,etudecas\simulation\sensibility\active_supplier_parameter_result_upstream_constrained\cases\supplier_capacity_node_SDC-VD0520115A_1_0\simulation_output,2.0,5653.408164,0.0,7263350.6084,20793472.4136,136.0,8.0,664489123.4272,0.127112,0.072635,0.3,0.24618,0.090643,0.16343,0.0,620121663.3403,1.0,25762139.9999,0.0,888545020.1141,61148958.3234,25762139.9999,0.0,0.0,0.0,303596232.9482,208012846.7465,711625905.8924,546130595.645,546130595.645,2083708171.834,53329985.2626,7772769.5122,22207912.892,4441582.5784,27750608.4457,68338188.0,0.0,106327600.0,18344687.497,15053662.3807,25762139.9999,823730758.808,0.0,5542695.5537,0.0,9993560.8014,0.0,1.0,supplier_capacity_node,supplier_capacity_node::SDC-VD0520115A,Capacite fournisseur SDC-VD0520115A,lower_is_riskier,ok
supplier_stock_node_SDC-VD1095770A_0_01,etudecas\simulation\sensibility\active_supplier_parameter_result_upstream_constrained\cases\supplier_stock_node_SDC-VD1095770A_0_01\input_case.json,etudecas\simulation\sensibility\active_supplier_parameter_result_upstream_constrained\cases\supplier_stock_node_SDC-VD1095770A_0_01\simulation_output,2.0,5653.408164,0.0,7263350.6084,20793472.4136,136.0,8.0,664489123.4272,0.127112,0.072635,0.3,0.24618,0.090643,0.16343,0.0,620121663.3403,1.0,25762139.9999,0.0,888545020.1141,61148958.3234,25762139.9999,0.0,0.0,0.0,303596232.9482,208013024.9465,711625905.8924,546130595.645,546130595.645,2083708171.834,53329985.2626,7772769.5122,22207912.892,4441582.5784,27750608.4457,68338188.0,0.0,106327600.0,18344687.497,15053662.3807,25762139.9999,823730758.808,0.0,5542695.5537,0.0,9993560.8014,0.0,0.01,supplier_stock_node,supplier_stock_node::SDC-VD1095770A,Stock fournisseur SDC-VD1095770A,lower_is_riskier,ok
supplier_stock_node_SDC-VD1095770A_0_25,etudecas\simulation\sensibility\active_supplier_parameter_result_upstream_constrained\cases\supplier_stock_node_SDC-VD1095770A_0_25\input_case.json,etudecas\simulation\sensibility\active_supplier_parameter_result_upstream_constrained\cases\supplier_stock_node_SDC-VD1095770A_0_25\simulation_output,2.0,5653.408164,0.0,7263350.6084,20793472.4136,136.0,8.0,664489123.4272,0.127112,0.072635,0.3,0.24618,0.090643,0.16343,0.0,620121663.3403,1.0,25762139.9999,0.0,888545020.1141,61148958.3234,25762139.9999,0.0,0.0,0.0,303596232.9482,208012981.7465,711625905.8924,546130595.645,546130595.645,2083708171.834,53329985.2626,7772769.5122,22207912.892,4441582.5784,27750608.4457,68338188.0,0.0,106327600.0,18344687.497,15053662.3807,25762139.9999,823730758.808,0.0,5542695.5537,0.0,9993560.8014,0.0,0.25,supplier_stock_node,supplier_stock_node::SDC-VD1095770A,Stock fournisseur SDC-VD1095770A,lower_is_riskier,ok
supplier_stock_node_SDC-VD1095770A_0_5,etudecas\simulation\sensibility\active_supplier_parameter_result_upstream_constrained\cases\supplier_stock_node_SDC-VD1095770A_0_5\input_case.json,etudecas\simulation\sensibility\active_supplier_parameter_result_upstream_constrained\cases\supplier_stock_node_SDC-VD1095770A_0_5\simulation_output,2.0,5653.408164,0.0,7263350.6084,20793472.4136,136.0,8.0,664489123.4272,0.127112,0.072635,0.3,0.24618,0.090643,0.16343,0.0,620121663.3403,1.0,25762139.9999,0.0,888545020.1141,61148958.3234,25762139.9999,0.0,0.0,0.0,303596232.9482,208012936.7465,711625905.8924,546130595.645,546130595.645,2083708171.834,53329985.2626,7772769.5122,22207912.892,4441582.5784,27750608.4457,68338188.0,0.0,106327600.0,18344687.497,15053662.3807,25762139.9999,823730758.808,0.0,5542695.5537,0.0,9993560.8014,0.0,0.5,supplier_stock_node,supplier_stock_node::SDC-VD1095770A,Stock fournisseur SDC-VD1095770A,lower_is_riskier,ok
supplier_stock_node_SDC-VD1095770A_0_75,etudecas\simulation\sensibility\active_supplier_parameter_result_upstream_constrained\cases\supplier_stock_node_SDC-VD1095770A_0_75\input_case.json,etudecas\simulation\sensibility\active_supplier_parameter_result_upstream_constrained\cases\supplier_stock_node_SDC-VD1095770A_0_75\simulation_output,2.0,5653.408164,0.0,7263350.6084,20793472.4136,136.0,8.0,664489123.4272,0.127112,0.072635,0.3,0.24618,0.090643,0.16343,0.0,620121663.3403,1.0,25762139.9999,0.0,888545020.1141,61148958.3234,25762139.9999,0.0,0.0,0.0,303596232.9482,208012891.7465,711625905.8924,546130595.645,546130595.645,2083708171.834,53329985.2626,7772769.5122,22207912.892,4441582.5784,27750608.4457,68338188.0,0.0,106327600.0,18344687.497,15053662.3807,25762139.9999,823730758.808,0.0,5542695.5537,0.0,9993560.8014,0.0,0.75,supplier_stock_node,supplier_stock_node::SDC-VD1095770A,Stock fournisseur SDC-VD1095770A,lower_is_riskier,ok
supplier_stock_node_SDC-VD1095770A_0_9,etudecas\simulation\sensibility\active_supplier_parameter_result_upstream_constrained\cases\supplier_stock_node_SDC-VD1095770A_0_9\input_case.json,etudecas\simulation\sensibility\active_supplier_parameter_result_upstream_constrained\cases\supplier_stock_node_SDC-VD1095770A_0_9\simulation_output,2.0,5653.408164,0.0,7263350.6084,20793472.4136,136.0,8.0,664489123.4272,0.127112,0.072635,0.3,0.24618,0.090643,0.16343,0.0,620121663.3403,1.0,25762139.9999,0.0,888545020.1141,61148958.3234,25762139.9999,0.0,0.0,0.0,303596232.9482,208012864.7465,711625905.8924,546130595.645,546130595.645,2083708171.834,53329985.2626,7772769.5122,22207912.892,4441582.5784,27750608.4457,68338188.0,0.0,106327600.0,18344687.497,15053662.3807,25762139.9999,823730758.808,0.0,5542695.5537,0.0,9993560.8014,0.0,0.9,supplier_stock_node,supplier_stock_node::SDC-VD1095770A,Stock fournisseur SDC-VD1095770A,lower_is_riskier,ok
supplier_stock_node_SDC-VD1095770A_1_0,etudecas\simulation\sensibility\active_supplier_parameter_result_upstream_constrained\cases\supplier_stock_node_SDC-VD1095770A_1_0\input_case.json,etudecas\simulation\sensibility\active_supplier_parameter_result_upstream_constrained\cases\supplier_stock_node_SDC-VD1095770A_1_0\simulation_output,2.0,5653.408164,0.0,7263350.6084,20793472.4136,136.0,8.0,664489123.4272,0.127112,0.072635,0.3,0.24618,0.090643,0.16343,0.0,620121663.3403,1.0,25762139.9999,0.0,888545020.1141,61148958.3234,25762139.9999,0.0,0.0,0.0,303596232.9482,208012846.7465,711625905.8924,546130595.645,546130595.645,2083708171.834,53329985.2626,7772769.5122,22207912.892,4441582.5784,27750608.4457,68338188.0,0.0,106327600.0,18344687.497,15053662.3807,25762139.9999,823730758.808,0.0,5542695.5537,0.0,9993560.8014,0.0,1.0,supplier_stock_node,supplier_stock_node::SDC-VD1095770A,Stock fournisseur SDC-VD1095770A,lower_is_riskier,ok
supplier_capacity_node_SDC-VD1095770A_0_01,etudecas\simulation\sensibility\active_supplier_parameter_result_upstream_constrained\cases\supplier_capacity_node_SDC-VD1095770A_0_01\input_case.json,etudecas\simulation\sensibility\active_supplier_parameter_result_upstream_constrained\cases\supplier_capacity_node_SDC-VD1095770A_0_01\simulation_output,2.0,5653.408164,0.0,7263350.6084,20793472.4136,112.0,8.0,662871699.5836,0.127702,0.072973,0.3,0.244061,0.091076,0.164189,0.0,620074821.0793,1.0,25762139.9999,0.0,889039897.0178,60902737.6381,25762139.9999,0.0,0.0,0.0,303596232.9482,208012846.7465,710612255.9375,545541978.3112,545541978.3112,2062365273.3868,52956271.3143,7777415.0401,22221185.829,4444237.1658,27767950.4276,68338188.0,0.0,106327600.0,18270821.2914,14863965.9191,25762139.9999,823033828.0178,14118.2,5546764.5986,0.0,9999533.623,0.0,0.01,supplier_capacity_node,supplier_capacity_node::SDC-VD1095770A,Capacite fournisseur SDC-VD1095770A,lower_is_riskier,ok
supplier_capacity_node_SDC-VD1095770A_0_05,etudecas\simulation\sensibility\active_supplier_parameter_result_upstream_constrained\cases\supplier_capacity_node_SDC-VD1095770A_0_05\input_case.json,etudecas\simulation\sensibility\active_supplier_parameter_result_upstream_constrained\cases\supplier_capacity_node_SDC-VD1095770A_0_05\simulation_output,2.0,5653.408164,0.0,7263350.6084,20793472.4136,138.0,8.0,664810716.2341,0.127133,0.072648,0.3,0.246147,0.090615,0.163457,0.0,618191266.3257,1.0,25762139.9999,0.0,888499167.3476,61202223.1699,25762139.9999,0.0,0.0,0.0,303596232.9482,208012846.7465,711238701.184,547318418.8472,547318418.8472,2084246727.9471,53716469.5425,7780841.7343,22230976.3836,4446195.2767,27776821.621,68338188.0,0.0,106327600.0,18360666.951,15064734.5979,25762139.9999,823853098.3476,0.0,5545845.2374,0.0,10003939.3726,0.0,0.05,supplier_capacity_node,supplier_capacity_node::SDC-VD1095770A,Capacite fournisseur SDC-VD1095770A,lower_is_riskier,ok
supplier_capacity_node_SDC-VD1095770A_0_1,etudecas\simulation\sensibility\active_supplier_parameter_result_upstream_constrained\cases\supplier_capacity_node_SDC-VD1095770A_0_1\input_case.json,etudecas\simulation\sensibility\active_supplier_parameter_result_upstream_constrained\cases\supplier_capacity_node_SDC-VD1095770A_0_1\simulation_output,2.0,5653.408164,0.0,7263350.6084,20793472.4136,136.0,8.0,664489123.4272,0.127112,0.072635,0.3,0.24618,0.090643,0.16343,0.0,620121663.3403,1.0,25762139.9999,0.0,888545020.1141,61148958.3234,25762139.9999,0.0,0.0,0.0,303596232.9482,208012846.7465,711625905.8924,546130595.645,546130595.645,2083708171.834,53329985.2626,7772769.5122,22207912.892,4441582.5784,27750608.4457,68338188.0,0.0,106327600.0,18344687.497,15053662.3807,25762139.9999,823730758.808,0.0,5542695.5537,0.0,9993560.8014,0.0,0.1,supplier_capacity_node,supplier_capacity_node::SDC-VD1095770A,Capacite fournisseur SDC-VD1095770A,lower_is_riskier,ok
supplier_capacity_node_SDC-VD1095770A_0_25,etudecas\simulation\sensibility\active_supplier_parameter_result_upstream_constrained\cases\supplier_capacity_node_SDC-VD1095770A_0_25\input_case.json,etudecas\simulation\sensibility\active_supplier_parameter_result_upstream_constrained\cases\supplier_capacity_node_SDC-VD1095770A_0_25\simulation_output,2.0,5653.408164,0.0,7263350.6084,20793472.4136,136.0,8.0,664489123.4272,0.127112,0.072635,0.3,0.24618,0.090643,0.16343,0.0,620121663.3403,1.0,25762139.9999,0.0,888545020.1141,61148958.3234,25762139.9999,0.0,0.0,0.0,303596232.9482,208012846.7465,711625905.8924,546130595.645,546130595.645,2083708171.834,53329985.2626,7772769.5122,22207912.892,4441582.5784,27750608.4457,68338188.0,0.0,106327600.0,18344687.497,15053662.3807,25762139.9999,823730758.808,0.0,5542695.5537,0.0,9993560.8014,0.0,0.25,supplier_capacity_node,supplier_capacity_node::SDC-VD1095770A,Capacite fournisseur SDC-VD1095770A,lower_is_riskier,ok
supplier_capacity_node_SDC-VD1095770A_0_5,etudecas\simulation\sensibility\active_supplier_parameter_result_upstream_constrained\cases\supplier_capacity_node_SDC-VD1095770A_0_5\input_case.json,etudecas\simulation\sensibility\active_supplier_parameter_result_upstream_constrained\cases\supplier_capacity_node_SDC-VD1095770A_0_5\simulation_output,2.0,5653.408164,0.0,7263350.6084,20793472.4136,136.0,8.0,664489123.4272,0.127112,0.072635,0.3,0.24618,0.090643,0.16343,0.0,620121663.3403,1.0,25762139.9999,0.0,888545020.1141,61148958.3234,25762139.9999,0.0,0.0,0.0,303596232.9482,208012846.7465,711625905.8924,546130595.645,546130595.645,2083708171.834,53329985.2626,7772769.5122,22207912.892,4441582.5784,27750608.4457,68338188.0,0.0,106327600.0,18344687.497,15053662.3807,25762139.9999,823730758.808,0.0,5542695.5537,0.0,9993560.8014,0.0,0.5,supplier_capacity_node,supplier_capacity_node::SDC-VD1095770A,Capacite fournisseur SDC-VD1095770A,lower_is_riskier,ok
supplier_capacity_node_SDC-VD1095770A_0_75,etudecas\simulation\sensibility\active_supplier_parameter_result_upstream_constrained\cases\supplier_capacity_node_SDC-VD1095770A_0_75\input_case.json,etudecas\simulation\sensibility\active_supplier_parameter_result_upstream_constrained\cases\supplier_capacity_node_SDC-VD1095770A_0_75\simulation_output,2.0,5653.408164,0.0,7263350.6084,20793472.4136,136.0,8.0,664489123.4272,0.127112,0.072635,0.3,0.24618,0.090643,0.16343,0.0,620121663.3403,1.0,25762139.9999,0.0,888545020.1141,61148958.3234,25762139.9999,0.0,0.0,0.0,303596232.9482,208012846.7465,711625905.8924,546130595.645,546130595.645,2083708171.834,53329985.2626,7772769.5122,22207912.892,4441582.5784,27750608.4457,68338188.0,0.0,106327600.0,18344687.497,15053662.3807,25762139.9999,823730758.808,0.0,5542695.5537,0.0,9993560.8014,0.0,0.75,supplier_capacity_node,supplier_capacity_node::SDC-VD1095770A,Capacite fournisseur SDC-VD1095770A,lower_is_riskier,ok
supplier_capacity_node_SDC-VD1095770A_1_0,etudecas\simulation\sensibility\active_supplier_parameter_result_upstream_constrained\cases\supplier_capacity_node_SDC-VD1095770A_1_0\input_case.json,etudecas\simulation\sensibility\active_supplier_parameter_result_upstream_constrained\cases\supplier_capacity_node_SDC-VD1095770A_1_0\simulation_output,2.0,5653.408164,0.0,7263350.6084,20793472.4136,136.0,8.0,664489123.4272,0.127112,0.072635,0.3,0.24618,0.090643,0.16343,0.0,620121663.3403,1.0,25762139.9999,0.0,888545020.1141,61148958.3234,25762139.9999,0.0,0.0,0.0,303596232.9482,208012846.7465,711625905.8924,546130595.645,546130595.645,2083708171.834,53329985.2626,7772769.5122,22207912.892,4441582.5784,27750608.4457,68338188.0,0.0,106327600.0,18344687.497,15053662.3807,25762139.9999,823730758.808,0.0,5542695.5537,0.0,9993560.8014,0.0,1.0,supplier_capacity_node,supplier_capacity_node::SDC-VD1095770A,Capacite fournisseur SDC-VD1095770A,lower_is_riskier,ok
supplier_stock_node_SDC-VD0951020A_0_01,etudecas\simulation\sensibility\active_supplier_parameter_result_upstream_constrained\cases\supplier_stock_node_SDC-VD0951020A_0_01\input_case.json,etudecas\simulation\sensibility\active_supplier_parameter_result_upstream_constrained\cases\supplier_stock_node_SDC-VD0951020A_0_01\simulation_output,2.0,5653.408164,0.0,7263350.6084,20793472.4136,136.0,8.0,664489123.4272,0.127112,0.072635,0.3,0.24618,0.090643,0.16343,0.0,620121663.3403,1.0,25762139.9999,0.0,888545020.1141,61148958.3234,25762139.9999,0.0,0.0,0.0,303596232.9482,208013381.3465,711625905.8924,546130595.645,546130595.645,2083708171.834,53329985.2626,7772769.5122,22207912.892,4441582.5784,27750608.4457,68338188.0,0.0,106327600.0,18344687.497,15053662.3807,25762139.9999,823730758.808,0.0,5542695.5537,0.0,9993560.8014,0.0,0.01,supplier_stock_node,supplier_stock_node::SDC-VD0951020A,Stock fournisseur SDC-VD0951020A,lower_is_riskier,ok
supplier_stock_node_SDC-VD0951020A_0_25,etudecas\simulation\sensibility\active_supplier_parameter_result_upstream_constrained\cases\supplier_stock_node_SDC-VD0951020A_0_25\input_case.json,etudecas\simulation\sensibility\active_supplier_parameter_result_upstream_constrained\cases\supplier_stock_node_SDC-VD0951020A_0_25\simulation_output,2.0,5653.408164,0.0,7263350.6084,20793472.4136,136.0,8.0,664489123.4272,0.127112,0.072635,0.3,0.24618,0.090643,0.16343,0.0,620121663.3403,1.0,25762139.9999,0.0,888545020.1141,61148958.3234,25762139.9999,0.0,0.0,0.0,303596232.9482,208013251.7465,711625905.8924,546130595.645,546130595.645,2083708171.834,53329985.2626,7772769.5122,22207912.892,4441582.5784,27750608.4457,68338188.0,0.0,106327600.0,18344687.497,15053662.3807,25762139.9999,823730758.808,0.0,5542695.5537,0.0,9993560.8014,0.0,0.25,supplier_stock_node,supplier_stock_node::SDC-VD0951020A,Stock fournisseur SDC-VD0951020A,lower_is_riskier,ok
supplier_stock_node_SDC-VD0951020A_0_5,etudecas\simulation\sensibility\active_supplier_parameter_result_upstream_constrained\cases\supplier_stock_node_SDC-VD0951020A_0_5\input_case.json,etudecas\simulation\sensibility\active_supplier_parameter_result_upstream_constrained\cases\supplier_stock_node_SDC-VD0951020A_0_5\simulation_output,2.0,5653.408164,0.0,7263350.6084,20793472.4136,136.0,8.0,664489123.4272,0.127112,0.072635,0.3,0.24618,0.090643,0.16343,0.0,620121663.3403,1.0,25762139.9999,0.0,888545020.1141,61148958.3234,25762139.9999,0.0,0.0,0.0,303596232.9482,208013116.7465,711625905.8924,546130595.645,546130595.645,2083708171.834,53329985.2626,7772769.5122,22207912.892,4441582.5784,27750608.4457,68338188.0,0.0,106327600.0,18344687.497,15053662.3807,25762139.9999,823730758.808,0.0,5542695.5537,0.0,9993560.8014,0.0,0.5,supplier_stock_node,supplier_stock_node::SDC-VD0951020A,Stock fournisseur SDC-VD0951020A,lower_is_riskier,ok
supplier_stock_node_SDC-VD0951020A_0_75,etudecas\simulation\sensibility\active_supplier_parameter_result_upstream_constrained\cases\supplier_stock_node_SDC-VD0951020A_0_75\input_case.json,etudecas\simulation\sensibility\active_supplier_parameter_result_upstream_constrained\cases\supplier_stock_node_SDC-VD0951020A_0_75\simulation_output,2.0,5653.408164,0.0,7263350.6084,20793472.4136,136.0,8.0,664489123.4272,0.127112,0.072635,0.3,0.24618,0.090643,0.16343,0.0,620121663.3403,1.0,25762139.9999,0.0,888545020.1141,61148958.3234,25762139.9999,0.0,0.0,0.0,303596232.9482,208012981.7465,711625905.8924,546130595.645,546130595.645,2083708171.834,53329985.2626,7772769.5122,22207912.892,4441582.5784,27750608.4457,68338188.0,0.0,106327600.0,18344687.497,15053662.3807,25762139.9999,823730758.808,0.0,5542695.5537,0.0,9993560.8014,0.0,0.75,supplier_stock_node,supplier_stock_node::SDC-VD0951020A,Stock fournisseur SDC-VD0951020A,lower_is_riskier,ok
supplier_stock_node_SDC-VD0951020A_0_9,etudecas\simulation\sensibility\active_supplier_parameter_result_upstream_constrained\cases\supplier_stock_node_SDC-VD0951020A_0_9\input_case.json,etudecas\simulation\sensibility\active_supplier_parameter_result_upstream_constrained\cases\supplier_stock_node_SDC-VD0951020A_0_9\simulation_output,2.0,5653.408164,0.0,7263350.6084,20793472.4136,136.0,8.0,664489123.4272,0.127112,0.072635,0.3,0.24618,0.090643,0.16343,0.0,620121663.3403,1.0,25762139.9999,0.0,888545020.1141,61148958.3234,25762139.9999,0.0,0.0,0.0,303596232.9482,208012900.7465,711625905.8924,546130595.645,546130595.645,2083708171.834,53329985.2626,7772769.5122,22207912.892,4441582.5784,27750608.4457,68338188.0,0.0,106327600.0,18344687.497,15053662.3807,25762139.9999,823730758.808,0.0,5542695.5537,0.0,9993560.8014,0.0,0.9,supplier_stock_node,supplier_stock_node::SDC-VD0951020A,Stock fournisseur SDC-VD0951020A,lower_is_riskier,ok
supplier_stock_node_SDC-VD0951020A_1_0,etudecas\simulation\sensibility\active_supplier_parameter_result_upstream_constrained\cases\supplier_stock_node_SDC-VD0951020A_1_0\input_case.json,etudecas\simulation\sensibility\active_supplier_parameter_result_upstream_constrained\cases\supplier_stock_node_SDC-VD0951020A_1_0\simulation_output,2.0,5653.408164,0.0,7263350.6084,20793472.4136,136.0,8.0,664489123.4272,0.127112,0.072635,0.3,0.24618,0.090643,0.16343,0.0,620121663.3403,1.0,25762139.9999,0.0,888545020.1141,61148958.3234,25762139.9999,0.0,0.0,0.0,303596232.9482,208012846.7465,711625905.8924,546130595.645,546130595.645,2083708171.834,53329985.2626,7772769.5122,22207912.892,4441582.5784,27750608.4457,68338188.0,0.0,106327600.0,18344687.497,15053662.3807,25762139.9999,823730758.808,0.0,5542695.5537,0.0,9993560.8014,0.0,1.0,supplier_stock_node,supplier_stock_node::SDC-VD0951020A,Stock fournisseur SDC-VD0951020A,lower_is_riskier,ok
supplier_capacity_node_SDC-VD0951020A_0_01,etudecas\simulation\sensibility\active_supplier_parameter_result_upstream_constrained\cases\supplier_capacity_node_SDC-VD0951020A_0_01\input_case.json,etudecas\simulation\sensibility\active_supplier_parameter_result_upstream_constrained\cases\supplier_capacity_node_SDC-VD0951020A_0_01\simulation_output,2.0,5653.408164,0.0,7263350.6084,20793472.4136,136.0,8.0,665053721.0007,0.127285,0.072734,0.3,0.245672,0.090656,0.163652,0.0,620034265.6354,1.0,25762139.9999,0.0,888541399.0847,61160487.2048,25762139.9999,0.0,0.0,0.0,303595910.8592,208013610.6979,711516028.7089,546021068.6042,546021068.6042,2083743950.5133,53248645.2599,7784820.4479,22242344.1368,4448468.8274,27786911.8811,68338188.0,0.0,106327600.0,18348146.1614,15025429.1623,25762139.9999,823705422.2514,0.0,5544567.7442,0.0,10009054.8616,0.0,0.01,supplier_capacity_node,supplier_capacity_node::SDC-VD0951020A,Capacite fournisseur SDC-VD0951020A,lower_is_riskier,ok
supplier_capacity_node_SDC-VD0951020A_0_05,etudecas\simulation\sensibility\active_supplier_parameter_result_upstream_constrained\cases\supplier_capacity_node_SDC-VD0951020A_0_05\input_case.json,etudecas\simulation\sensibility\active_supplier_parameter_result_upstream_constrained\cases\supplier_capacity_node_SDC-VD0951020A_0_05\simulation_output,2.0,5653.408164,0.0,7263350.6084,20793472.4136,136.0,8.0,664909365.1158,0.12722,0.072697,0.3,0.245949,0.090564,0.163569,0.0,620045751.2575,1.0,25762139.9999,0.0,888552126.3253,61195011.3935,25762139.9999,0.0,0.0,0.0,303595910.8592,208013522.3397,711542510.5226,546047522.3642,546047522.3642,2083645943.6384,53303995.4303,7785255.3292,22243586.655,4448717.331,27785640.4318,68338188.0,0.0,106327600.0,18358503.4181,15050867.5437,25762139.9999,823731057.3253,0.0,5542053.7768,0.0,10009613.9947,0.0,0.05,supplier_capacity_node,supplier_capacity_node::SDC-VD0951020A,Capacite fournisseur SDC-VD0951020A,lower_is_riskier,ok
supplier_capacity_node_SDC-VD0951020A_0_1,etudecas\simulation\sensibility\active_supplier_parameter_result_upstream_constrained\cases\supplier_capacity_node_SDC-VD0951020A_0_1\input_case.json,etudecas\simulation\sensibility\active_supplier_parameter_result_upstream_constrained\cases\supplier_capacity_node_SDC-VD0951020A_0_1\simulation_output,2.0,5653.408164,0.0,7263350.6084,20793472.4136,136.0,8.0,664909075.0788,0.12722,0.072697,0.3,0.24595,0.090564,0.163569,0.0,620045516.2172,1.0,25762139.9999,0.0,888552126.3253,61194950.7762,25762139.9999,0.0,0.0,0.0,303595734.5789,208013354.4537,711542443.3682,546047631.4901,546047631.4901,2083645759.4533,53304794.4587,7785236.4172,22243532.6205,4448706.5241,27785586.8733,68338188.0,0.0,106327600.0,18358485.2329,15050878.6701,25762139.9999,823731057.3253,0.0,5542054.2528,0.0,10009589.6792,0.0,0.1,supplier_capacity_node,supplier_capacity_node::SDC-VD0951020A,Capacite fournisseur SDC-VD0951020A,lower_is_riskier,ok
supplier_capacity_node_SDC-VD0951020A_0_25,etudecas\simulation\sensibility\active_supplier_parameter_result_upstream_constrained\cases\supplier_capacity_node_SDC-VD0951020A_0_25\input_case.json,etudecas\simulation\sensibility\active_supplier_parameter_result_upstream_constrained\cases\supplier_capacity_node_SDC-VD0951020A_0_25\simulation_output,2.0,5653.408164,0.0,7263350.6084,20793472.4136,136.0,8.0,665069673.5655,0.127225,0.0727,0.3,0.245933,0.090568,0.163575,0.0,620256610.2537,1.0,25762139.9999,0.0,888688836.9132,61224656.3748,25762139.9999,0.0,0.0,0.0,303595166.6078,208012846.7465,711754120.3737,546259939.9972,546259939.9972,2083302037.109,53314678.4307,7789289.2882,22255112.252,4451022.4504,27800096.4541,68338188.0,0.0,106327600.0,18367396.9125,15057163.0083,25762139.9999,823867843.175,0.0,5544984.2021,0.0,10014800.5134,0.0,0.25,supplier_capacity_node,supplier_capacity_node::SDC-VD0951020A,Capacite fournisseur SDC-VD0951020A,lower_is_riskier,ok
supplier_capacity_node_SDC-VD0951020A_0_5,etudecas\simulation\sensibility\active_supplier_parameter_result_upstream_constrained\cases\supplier_capacity_node_SDC-VD0951020A_0_5\input_case.json,etudecas\simulation\sensibility\active_supplier_parameter_result_upstream_constrained\cases\supplier_capacity_node_SDC-VD0951020A_0_5\simulation_output,2.0,5653.408164,0.0,7263350.6084,20793472.4136,136.0,8.0,664487846.396,0.127111,0.072635,0.3,0.246182,0.090643,0.163429,0.0,620120086.0459,1.0,25762139.9999,0.0,888545020.1141,61148488.1629,25762139.9999,0.0,0.0,0.0,303594472.4209,208012846.7465,711624328.598,546130778.8779,546130778.8779,2083750679.199,53331085.787,7772654.3229,22207583.7796,4441516.7559,27750279.3333,68338188.0,0.0,106327600.0,18344546.4489,15053662.3807,25762139.9999,823730758.808,0.0,5542695.5537,0.0,9993412.7008,0.0,0.5,supplier_capacity_node,supplier_capacity_node::SDC-VD0951020A,Capacite fournisseur SDC-VD0951020A,lower_is_riskier,ok
supplier_capacity_node_SDC-VD0951020A_0_75,etudecas\simulation\sensibility\active_supplier_parameter_result_upstream_constrained\cases\supplier_capacity_node_SDC-VD0951020A_0_75\input_case.json,etudecas\simulation\sensibility\active_supplier_parameter_result_upstream_constrained\cases\supplier_capacity_node_SDC-VD0951020A_0_75\simulation_output,2.0,5653.408164,0.0,7263350.6084,20793472.4136,136.0,8.0,664487995.1205,0.127111,0.072635,0.3,0.246182,0.090643,0.163429,0.0,620120547.6827,1.0,25762139.9999,0.0,888545020.1141,61148541.6375,25762139.9999,0.0,0.0,0.0,303595241.2526,208012846.7465,711624790.2349,546130471.6831,546130471.6831,2083724879.3068,53329826.5913,7772667.4241,22207621.2118,4441524.2424,27750316.7656,68338188.0,0.0,106327600.0,18344562.4912,15053662.3807,25762139.9999,823730758.808,0.0,5542695.5537,0.0,9993429.5453,0.0,0.75,supplier_capacity_node,supplier_capacity_node::SDC-VD0951020A,Capacite fournisseur SDC-VD0951020A,lower_is_riskier,ok
supplier_capacity_node_SDC-VD0951020A_1_0,etudecas\simulation\sensibility\active_supplier_parameter_result_upstream_constrained\cases\supplier_capacity_node_SDC-VD0951020A_1_0\input_case.json,etudecas\simulation\sensibility\active_supplier_parameter_result_upstream_constrained\cases\supplier_capacity_node_SDC-VD0951020A_1_0\simulation_output,2.0,5653.408164,0.0,7263350.6084,20793472.4136,136.0,8.0,664489123.4272,0.127112,0.072635,0.3,0.24618,0.090643,0.16343,0.0,620121663.3403,1.0,25762139.9999,0.0,888545020.1141,61148958.3234,25762139.9999,0.0,0.0,0.0,303596232.9482,208012846.7465,711625905.8924,546130595.645,546130595.645,2083708171.834,53329985.2626,7772769.5122,22207912.892,4441582.5784,27750608.4457,68338188.0,0.0,106327600.0,18344687.497,15053662.3807,25762139.9999,823730758.808,0.0,5542695.5537,0.0,9993560.8014,0.0,1.0,supplier_capacity_node,supplier_capacity_node::SDC-VD0951020A,Capacite fournisseur SDC-VD0951020A,lower_is_riskier,ok
supplier_stock_node_SDC-VD1091642A_0_01,etudecas\simulation\sensibility\active_supplier_parameter_result_upstream_constrained\cases\supplier_stock_node_SDC-VD1091642A_0_01\input_case.json,etudecas\simulation\sensibility\active_supplier_parameter_result_upstream_constrained\cases\supplier_stock_node_SDC-VD1091642A_0_01\simulation_output,2.0,5653.408164,0.0,7263350.6084,20793472.4136,136.0,8.0,664489123.4272,0.127112,0.072635,0.3,0.24618,0.090643,0.16343,0.0,620121663.3403,1.0,25762139.9999,0.0,888545020.1141,61148958.3234,25762139.9999,0.0,0.0,0.0,303596232.9482,208013203.1465,711625905.8924,546130595.645,546130595.645,2083708171.834,53329985.2626,7772769.5122,22207912.892,4441582.5784,27750608.4457,68338188.0,0.0,106327600.0,18344687.497,15053662.3807,25762139.9999,823730758.808,0.0,5542695.5537,0.0,9993560.8014,0.0,0.01,supplier_stock_node,supplier_stock_node::SDC-VD1091642A,Stock fournisseur SDC-VD1091642A,lower_is_riskier,ok
supplier_stock_node_SDC-VD1091642A_0_25,etudecas\simulation\sensibility\active_supplier_parameter_result_upstream_constrained\cases\supplier_stock_node_SDC-VD1091642A_0_25\input_case.json,etudecas\simulation\sensibility\active_supplier_parameter_result_upstream_constrained\cases\supplier_stock_node_SDC-VD1091642A_0_25\simulation_output,2.0,5653.408164,0.0,7263350.6084,20793472.4136,136.0,8.0,664489123.4272,0.127112,0.072635,0.3,0.24618,0.090643,0.16343,0.0,620121663.3403,1.0,25762139.9999,0.0,888545020.1141,61148958.3234,25762139.9999,0.0,0.0,0.0,303596232.9482,208013116.7465,711625905.8924,546130595.645,546130595.645,2083708171.834,53329985.2626,7772769.5122,22207912.892,4441582.5784,27750608.4457,68338188.0,0.0,106327600.0,18344687.497,15053662.3807,25762139.9999,823730758.808,0.0,5542695.5537,0.0,9993560.8014,0.0,0.25,supplier_stock_node,supplier_stock_node::SDC-VD1091642A,Stock fournisseur SDC-VD1091642A,lower_is_riskier,ok
supplier_stock_node_SDC-VD1091642A_0_5,etudecas\simulation\sensibility\active_supplier_parameter_result_upstream_constrained\cases\supplier_stock_node_SDC-VD1091642A_0_5\input_case.json,etudecas\simulation\sensibility\active_supplier_parameter_result_upstream_constrained\cases\supplier_stock_node_SDC-VD1091642A_0_5\simulation_output,2.0,5653.408164,0.0,7263350.6084,20793472.4136,136.0,8.0,664489123.4272,0.127112,0.072635,0.3,0.24618,0.090643,0.16343,0.0,620121663.3403,1.0,25762139.9999,0.0,888545020.1141,61148958.3234,25762139.9999,0.0,0.0,0.0,303596232.9482,208013026.7465,711625905.8924,546130595.645,546130595.645,2083708171.834,53329985.2626,7772769.5122,22207912.892,4441582.5784,27750608.4457,68338188.0,0.0,106327600.0,18344687.497,15053662.3807,25762139.9999,823730758.808,0.0,5542695.5537,0.0,9993560.8014,0.0,0.5,supplier_stock_node,supplier_stock_node::SDC-VD1091642A,Stock fournisseur SDC-VD1091642A,lower_is_riskier,ok
supplier_stock_node_SDC-VD1091642A_0_75,etudecas\simulation\sensibility\active_supplier_parameter_result_upstream_constrained\cases\supplier_stock_node_SDC-VD1091642A_0_75\input_case.json,etudecas\simulation\sensibility\active_supplier_parameter_result_upstream_constrained\cases\supplier_stock_node_SDC-VD1091642A_0_75\simulation_output,2.0,5653.408164,0.0,7263350.6084,20793472.4136,136.0,8.0,664489123.4272,0.127112,0.072635,0.3,0.24618,0.090643,0.16343,0.0,620121663.3403,1.0,25762139.9999,0.0,888545020.1141,61148958.3234,25762139.9999,0.0,0.0,0.0,303596232.9482,208012936.7465,711625905.8924,546130595.645,546130595.645,2083708171.834,53329985.2626,7772769.5122,22207912.892,4441582.5784,27750608.4457,68338188.0,0.0,106327600.0,18344687.497,15053662.3807,25762139.9999,823730758.808,0.0,5542695.5537,0.0,9993560.8014,0.0,0.75,supplier_stock_node,supplier_stock_node::SDC-VD1091642A,Stock fournisseur SDC-VD1091642A,lower_is_riskier,ok
supplier_stock_node_SDC-VD1091642A_0_9,etudecas\simulation\sensibility\active_supplier_parameter_result_upstream_constrained\cases\supplier_stock_node_SDC-VD1091642A_0_9\input_case.json,etudecas\simulation\sensibility\active_supplier_parameter_result_upstream_constrained\cases\supplier_stock_node_SDC-VD1091642A_0_9\simulation_output,2.0,5653.408164,0.0,7263350.6084,20793472.4136,136.0,8.0,664489123.4272,0.127112,0.072635,0.3,0.24618,0.090643,0.16343,0.0,620121663.3403,1.0,25762139.9999,0.0,888545020.1141,61148958.3234,25762139.9999,0.0,0.0,0.0,303596232.9482,208012882.7465,711625905.8924,546130595.645,546130595.645,2083708171.834,53329985.2626,7772769.5122,22207912.892,4441582.5784,27750608.4457,68338188.0,0.0,106327600.0,18344687.497,15053662.3807,25762139.9999,823730758.808,0.0,5542695.5537,0.0,9993560.8014,0.0,0.9,supplier_stock_node,supplier_stock_node::SDC-VD1091642A,Stock fournisseur SDC-VD1091642A,lower_is_riskier,ok
supplier_stock_node_SDC-VD1091642A_1_0,etudecas\simulation\sensibility\active_supplier_parameter_result_upstream_constrained\cases\supplier_stock_node_SDC-VD1091642A_1_0\input_case.json,etudecas\simulation\sensibility\active_supplier_parameter_result_upstream_constrained\cases\supplier_stock_node_SDC-VD1091642A_1_0\simulation_output,2.0,5653.408164,0.0,7263350.6084,20793472.4136,136.0,8.0,664489123.4272,0.127112,0.072635,0.3,0.24618,0.090643,0.16343,0.0,620121663.3403,1.0,25762139.9999,0.0,888545020.1141,61148958.3234,25762139.9999,0.0,0.0,0.0,303596232.9482,208012846.7465,711625905.8924,546130595.645,546130595.645,2083708171.834,53329985.2626,7772769.5122,22207912.892,4441582.5784,27750608.4457,68338188.0,0.0,106327600.0,18344687.497,15053662.3807,25762139.9999,823730758.808,0.0,5542695.5537,0.0,9993560.8014,0.0,1.0,supplier_stock_node,supplier_stock_node::SDC-VD1091642A,Stock fournisseur SDC-VD1091642A,lower_is_riskier,ok
supplier_capacity_node_SDC-VD1091642A_0_01,etudecas\simulation\sensibility\active_supplier_parameter_result_upstream_constrained\cases\supplier_capacity_node_SDC-VD1091642A_0_01\input_case.json,etudecas\simulation\sensibility\active_supplier_parameter_result_upstream_constrained\cases\supplier_capacity_node_SDC-VD1091642A_0_01\simulation_output,2.0,5653.408164,0.0,7263350.6084,20793472.4136,136.0,8.0,664533921.3673,0.126831,0.072475,0.3,0.247206,0.090419,0.163069,0.0,620334828.7363,1.0,25762139.9999,0.0,888749513.7525,61300159.136,25762139.9999,0.0,0.0,0.0,303607321.6541,208012846.7465,711657263.5945,546150864.6413,546150864.6413,2084448346.6015,53501242.3811,7774783.3965,22213666.8471,4442733.3694,27756348.9135,68338188.0,0.0,106327600.0,18390047.7408,15153762.4817,25762139.9999,823753444.7525,0.0,5542682.0663,0.0,9996150.0812,0.0,0.01,supplier_capacity_node,supplier_capacity_node::SDC-VD1091642A,Capacite fournisseur SDC-VD1091642A,lower_is_riskier,ok
supplier_capacity_node_SDC-VD1091642A_0_05,etudecas\simulation\sensibility\active_supplier_parameter_result_upstream_constrained\cases\supplier_capacity_node_SDC-VD1091642A_0_05\input_case.json,etudecas\simulation\sensibility\active_supplier_parameter_result_upstream_constrained\cases\supplier_capacity_node_SDC-VD1091642A_0_05\simulation_output,2.0,5653.408164,0.0,7263350.6084,20793472.4136,136.0,8.0,664533306.2975,0.126831,0.072475,0.3,0.247207,0.090419,0.163068,0.0,620334211.3487,1.0,25762139.9999,0.0,888749513.7525,61299792.2029,25762139.9999,0.0,0.0,0.0,303606792.4647,208012846.7465,711656646.207,546150776.4431,546150776.4431,2084460086.0455,53500441.5412,7774693.4979,22213409.994,4442681.9988,27756092.0603,68338188.0,0.0,106327600.0,18389937.6609,15153762.4817,25762139.9999,823753444.7525,0.0,5542682.0663,0.0,9996034.4973,0.0,0.05,supplier_capacity_node,supplier_capacity_node::SDC-VD1091642A,Capacite fournisseur SDC-VD1091642A,lower_is_riskier,ok
supplier_capacity_node_SDC-VD1091642A_0_1,etudecas\simulation\sensibility\active_supplier_parameter_result_upstream_constrained\cases\supplier_capacity_node_SDC-VD1091642A_0_1\input_case.json,etudecas\simulation\sensibility\active_supplier_parameter_result_upstream_constrained\cases\supplier_capacity_node_SDC-VD1091642A_0_1\simulation_output,2.0,5653.408164,0.0,7263350.6084,20793472.4136,136.0,8.0,664531596.4154,0.126829,0.072474,0.3,0.247212,0.090421,0.163065,0.0,620332794.7238,1.0,25762139.9999,0.0,888749513.7525,61298772.1361,25762139.9999,0.0,0.0,0.0,303605260.5772,208012846.7465,711655229.5821,546150891.7057,546150891.7057,2084502781.6539,53501577.0643,7774443.5815,22212695.9472,4442539.1894,27755378.0136,68338188.0,0.0,106327600.0,18389631.6408,15153762.4817,25762139.9999,823753444.7525,0.0,5542682.0663,0.0,9995713.1763,0.0,0.1,supplier_capacity_node,supplier_capacity_node::SDC-VD1091642A,Capacite fournisseur SDC-VD1091642A,lower_is_riskier,ok
supplier_capacity_node_SDC-VD1091642A_0_25,etudecas\simulation\sensibility\active_supplier_parameter_result_upstream_constrained\cases\supplier_capacity_node_SDC-VD1091642A_0_25\input_case.json,etudecas\simulation\sensibility\active_supplier_parameter_result_upstream_constrained\cases\supplier_capacity_node_SDC-VD1091642A_0_25\simulation_output,2.0,5653.408164,0.0,7263350.6084,20793472.4136,136.0,8.0,664495731.1146,0.12712,0.07264,0.3,0.246164,0.090637,0.16344,0.0,620128413.3784,1.0,25762139.9999,0.0,888545020.1141,61152900.2809,25762139.9999,0.0,0.0,0.0,303601232.1653,208012846.7465,711632655.9306,546132346.4661,546132346.4661,2083745276.2007,53345739.471,7773735.2918,22210672.2622,4442134.4524,27753367.816,68338188.0,0.0,106327600.0,18345870.0843,15053662.3807,25762139.9999,823730758.808,0.0,5542695.5537,0.0,9994802.518,0.0,0.25,supplier_capacity_node,supplier_capacity_node::SDC-VD1091642A,Capacite fournisseur SDC-VD1091642A,lower_is_riskier,ok
supplier_capacity_node_SDC-VD1091642A_0_5,etudecas\simulation\sensibility\active_supplier_parameter_result_upstream_constrained\cases\supplier_capacity_node_SDC-VD1091642A_0_5\input_case.json,etudecas\simulation\sensibility\active_supplier_parameter_result_upstream_constrained\cases\supplier_capacity_node_SDC-VD1091642A_0_5\simulation_output,2.0,5653.408164,0.0,7263350.6084,20793472.4136,136.0,8.0,664490897.9386,0.127114,0.072637,0.3,0.246176,0.090641,0.163432,0.0,620123511.7659,1.0,25762139.9999,0.0,888545020.1141,61150016.9461,25762139.9999,0.0,0.0,0.0,303597324.15,208012846.7465,711627754.3181,546131352.8689,546131352.8689,2083793182.4895,53336713.6256,7773028.8748,22208653.9279,4441730.7856,27751349.4816,68338188.0,0.0,106327600.0,18345005.0838,15053662.3807,25762139.9999,823730758.808,0.0,5542695.5537,0.0,9993894.2676,0.0,0.5,supplier_capacity_node,supplier_capacity_node::SDC-VD1091642A,Capacite fournisseur SDC-VD1091642A,lower_is_riskier,ok
supplier_capacity_node_SDC-VD1091642A_0_75,etudecas\simulation\sensibility\active_supplier_parameter_result_upstream_constrained\cases\supplier_capacity_node_SDC-VD1091642A_0_75\input_case.json,etudecas\simulation\sensibility\active_supplier_parameter_result_upstream_constrained\cases\supplier_capacity_node_SDC-VD1091642A_0_75\simulation_output,2.0,5653.408164,0.0,7263350.6084,20793472.4136,136.0,8.0,664487448.808,0.12711,0.072634,0.3,0.246184,0.090644,0.163427,0.0,620119997.9929,1.0,25762139.9999,0.0,888545020.1141,61147959.2934,25762139.9999,0.0,0.0,0.0,303594900.6703,208012846.7465,711624240.545,546130262.5755,546130262.5755,2083797656.5343,53326101.6725,7772524.7498,22207213.571,4441442.7142,27749909.1247,68338188.0,0.0,106327600.0,18344387.788,15053662.3807,25762139.9999,823730758.808,0.0,5542695.5537,0.0,9993246.1069,0.0,0.75,supplier_capacity_node,supplier_capacity_node::SDC-VD1091642A,Capacite fournisseur SDC-VD1091642A,lower_is_riskier,ok
supplier_capacity_node_SDC-VD1091642A_1_0,etudecas\simulation\sensibility\active_supplier_parameter_result_upstream_constrained\cases\supplier_capacity_node_SDC-VD1091642A_1_0\input_case.json,etudecas\simulation\sensibility\active_supplier_parameter_result_upstream_constrained\cases\supplier_capacity_node_SDC-VD1091642A_1_0\simulation_output,2.0,5653.408164,0.0,7263350.6084,20793472.4136,136.0,8.0,664489123.4272,0.127112,0.072635,0.3,0.24618,0.090643,0.16343,0.0,620121663.3403,1.0,25762139.9999,0.0,888545020.1141,61148958.3234,25762139.9999,0.0,0.0,0.0,303596232.9482,208012846.7465,711625905.8924,546130595.645,546130595.645,2083708171.834,53329985.2626,7772769.5122,22207912.892,4441582.5784,27750608.4457,68338188.0,0.0,106327600.0,18344687.497,15053662.3807,25762139.9999,823730758.808,0.0,5542695.5537,0.0,9993560.8014,0.0,1.0,supplier_capacity_node,supplier_capacity_node::SDC-VD1091642A,Capacite fournisseur SDC-VD1091642A,lower_is_riskier,ok
supplier_stock_node_SDC-VD0518684A_0_01,etudecas\simulation\sensibility\active_supplier_parameter_result_upstream_constrained\cases\supplier_stock_node_SDC-VD0518684A_0_01\input_case.json,etudecas\simulation\sensibility\active_supplier_parameter_result_upstream_constrained\cases\supplier_stock_node_SDC-VD0518684A_0_01\simulation_output,2.0,5653.408164,0.0,7263350.6084,20793472.4136,136.0,8.0,664489123.4272,0.127112,0.072635,0.3,0.24618,0.090643,0.16343,0.0,620121663.3403,1.0,25762139.9999,0.0,888545020.1141,61148958.3234,25762139.9999,0.0,0.0,0.0,303596232.9482,208013024.9465,711625905.8924,546130595.645,546130595.645,2083708171.834,53329985.2626,7772769.5122,22207912.892,4441582.5784,27750608.4457,68338188.0,0.0,106327600.0,18344687.497,15053662.3807,25762139.9999,823730758.808,0.0,5542695.5537,0.0,9993560.8014,0.0,0.01,supplier_stock_node,supplier_stock_node::SDC-VD0518684A,Stock fournisseur SDC-VD0518684A,lower_is_riskier,ok
supplier_stock_node_SDC-VD0518684A_0_25,etudecas\simulation\sensibility\active_supplier_parameter_result_upstream_constrained\cases\supplier_stock_node_SDC-VD0518684A_0_25\input_case.json,etudecas\simulation\sensibility\active_supplier_parameter_result_upstream_constrained\cases\supplier_stock_node_SDC-VD0518684A_0_25\simulation_output,2.0,5653.408164,0.0,7263350.6084,20793472.4136,136.0,8.0,664489123.4272,0.127112,0.072635,0.3,0.24618,0.090643,0.16343,0.0,620121663.3403,1.0,25762139.9999,0.0,888545020.1141,61148958.3234,25762139.9999,0.0,0.0,0.0,303596232.9482,208012981.7465,711625905.8924,546130595.645,546130595.645,2083708171.834,53329985.2626,7772769.5122,22207912.892,4441582.5784,27750608.4457,68338188.0,0.0,106327600.0,18344687.497,15053662.3807,25762139.9999,823730758.808,0.0,5542695.5537,0.0,9993560.8014,0.0,0.25,supplier_stock_node,supplier_stock_node::SDC-VD0518684A,Stock fournisseur SDC-VD0518684A,lower_is_riskier,ok
supplier_stock_node_SDC-VD0518684A_0_5,etudecas\simulation\sensibility\active_supplier_parameter_result_upstream_constrained\cases\supplier_stock_node_SDC-VD0518684A_0_5\input_case.json,etudecas\simulation\sensibility\active_supplier_parameter_result_upstream_constrained\cases\supplier_stock_node_SDC-VD0518684A_0_5\simulation_output,2.0,5653.408164,0.0,7263350.6084,20793472.4136,136.0,8.0,664489123.4272,0.127112,0.072635,0.3,0.24618,0.090643,0.16343,0.0,620121663.3403,1.0,25762139.9999,0.0,888545020.1141,61148958.3234,25762139.9999,0.0,0.0,0.0,303596232.9482,208012936.7465,711625905.8924,546130595.645,546130595.645,2083708171.834,53329985.2626,7772769.5122,22207912.892,4441582.5784,27750608.4457,68338188.0,0.0,106327600.0,18344687.497,15053662.3807,25762139.9999,823730758.808,0.0,5542695.5537,0.0,9993560.8014,0.0,0.5,supplier_stock_node,supplier_stock_node::SDC-VD0518684A,Stock fournisseur SDC-VD0518684A,lower_is_riskier,ok
supplier_stock_node_SDC-VD0518684A_0_75,etudecas\simulation\sensibility\active_supplier_parameter_result_upstream_constrained\cases\supplier_stock_node_SDC-VD0518684A_0_75\input_case.json,etudecas\simulation\sensibility\active_supplier_parameter_result_upstream_constrained\cases\supplier_stock_node_SDC-VD0518684A_0_75\simulation_output,2.0,5653.408164,0.0,7263350.6084,20793472.4136,136.0,8.0,664489123.4272,0.127112,0.072635,0.3,0.24618,0.090643,0.16343,0.0,620121663.3403,1.0,25762139.9999,0.0,888545020.1141,61148958.3234,25762139.9999,0.0,0.0,0.0,303596232.9482,208012891.7465,711625905.8924,546130595.645,546130595.645,2083708171.834,53329985.2626,7772769.5122,22207912.892,4441582.5784,27750608.4457,68338188.0,0.0,106327600.0,18344687.497,15053662.3807,25762139.9999,823730758.808,0.0,5542695.5537,0.0,9993560.8014,0.0,0.75,supplier_stock_node,supplier_stock_node::SDC-VD0518684A,Stock fournisseur SDC-VD0518684A,lower_is_riskier,ok
supplier_stock_node_SDC-VD0518684A_0_9,etudecas\simulation\sensibility\active_supplier_parameter_result_upstream_constrained\cases\supplier_stock_node_SDC-VD0518684A_0_9\input_case.json,etudecas\simulation\sensibility\active_supplier_parameter_result_upstream_constrained\cases\supplier_stock_node_SDC-VD0518684A_0_9\simulation_output,2.0,5653.408164,0.0,7263350.6084,20793472.4136,136.0,8.0,664489123.4272,0.127112,0.072635,0.3,0.24618,0.090643,0.16343,0.0,620121663.3403,1.0,25762139.9999,0.0,888545020.1141,61148958.3234,25762139.9999,0.0,0.0,0.0,303596232.9482,208012864.7465,711625905.8924,546130595.645,546130595.645,2083708171.834,53329985.2626,7772769.5122,22207912.892,4441582.5784,27750608.4457,68338188.0,0.0,106327600.0,18344687.497,15053662.3807,25762139.9999,823730758.808,0.0,5542695.5537,0.0,9993560.8014,0.0,0.9,supplier_stock_node,supplier_stock_node::SDC-VD0518684A,Stock fournisseur SDC-VD0518684A,lower_is_riskier,ok
supplier_stock_node_SDC-VD0518684A_1_0,etudecas\simulation\sensibility\active_supplier_parameter_result_upstream_constrained\cases\supplier_stock_node_SDC-VD0518684A_1_0\input_case.json,etudecas\simulation\sensibility\active_supplier_parameter_result_upstream_constrained\cases\supplier_stock_node_SDC-VD0518684A_1_0\simulation_output,2.0,5653.408164,0.0,7263350.6084,20793472.4136,136.0,8.0,664489123.4272,0.127112,0.072635,0.3,0.24618,0.090643,0.16343,0.0,620121663.3403,1.0,25762139.9999,0.0,888545020.1141,61148958.3234,25762139.9999,0.0,0.0,0.0,303596232.9482,208012846.7465,711625905.8924,546130595.645,546130595.645,2083708171.834,53329985.2626,7772769.5122,22207912.892,4441582.5784,27750608.4457,68338188.0,0.0,106327600.0,18344687.497,15053662.3807,25762139.9999,823730758.808,0.0,5542695.5537,0.0,9993560.8014,0.0,1.0,supplier_stock_node,supplier_stock_node::SDC-VD0518684A,Stock fournisseur SDC-VD0518684A,lower_is_riskier,ok
supplier_capacity_node_SDC-VD0518684A_0_01,etudecas\simulation\sensibility\active_supplier_parameter_result_upstream_constrained\cases\supplier_capacity_node_SDC-VD0518684A_0_01\input_case.json,etudecas\simulation\sensibility\active_supplier_parameter_result_upstream_constrained\cases\supplier_capacity_node_SDC-VD0518684A_0_01\simulation_output,2.0,5653.408164,0.0,7263350.6084,20793472.4136,143.0,8.0,663351035.5169,0.126621,0.072355,0.3,0.24789,0.090336,0.162798,0.0,614311249.5534,1.0,25762139.9999,0.0,888250175.9347,61304950.3685,25762139.9999,0.0,0.0,0.0,303597994.6422,208013537.4453,711252993.7128,551070932.1074,551070932.1074,2082753868.7945,54930301.5754,7762481.3637,22178518.1821,4435703.6364,27716564.019,68338188.0,0.0,106327600.0,18391485.1106,15196901.239,25762139.9999,824574106.9347,0.0,5538045.8368,0.0,9980333.182,0.0,0.01,supplier_capacity_node,supplier_capacity_node::SDC-VD0518684A,Capacite fournisseur SDC-VD0518684A,lower_is_riskier,ok
supplier_capacity_node_SDC-VD0518684A_0_05,etudecas\simulation\sensibility\active_supplier_parameter_result_upstream_constrained\cases\supplier_capacity_node_SDC-VD0518684A_0_05\input_case.json,etudecas\simulation\sensibility\active_supplier_parameter_result_upstream_constrained\cases\supplier_capacity_node_SDC-VD0518684A_0_05\simulation_output,2.0,5653.408164,0.0,7263350.6084,20793472.4136,143.0,8.0,663350601.4879,0.12662,0.072354,0.3,0.247891,0.090336,0.162798,0.0,614310816.7324,1.0,25762139.9999,0.0,888250175.9347,61304691.4392,25762139.9999,0.0,0.0,0.0,303597633.958,208013393.1716,711252705.1655,551071004.2442,551071004.2442,2082758742.5524,54931074.5215,7762417.9261,22178336.9316,4435667.3863,27716382.7684,68338188.0,0.0,106327600.0,18391407.4318,15196901.239,25762139.9999,824574106.9347,0.0,5538045.8368,0.0,9980251.6192,0.0,0.05,supplier_capacity_node,supplier_capacity_node::SDC-VD0518684A,Capacite fournisseur SDC-VD0518684A,lower_is_riskier,ok
supplier_capacity_node_SDC-VD0518684A_0_1,etudecas\simulation\sensibility\active_supplier_parameter_result_upstream_constrained\cases\supplier_capacity_node_SDC-VD0518684A_0_1\input_case.json,etudecas\simulation\sensibility\active_supplier_parameter_result_upstream_constrained\cases\supplier_capacity_node_SDC-VD0518684A_0_1\simulation_output,2.0,5653.408164,0.0,7263350.6084,20793472.4136,143.0,8.0,663349053.5267,0.126619,0.072353,0.3,0.247895,0.090338,0.162795,0.0,614309284.8449,1.0,25762139.9999,0.0,888250175.9347,61303767.9698,25762139.9999,0.0,0.0,0.0,303596357.3851,208012882.5425,711251683.9071,551071259.5588,551071259.5588,2082776623.5808,54933810.2173,7762191.6761,22177690.503,4435538.1006,27715736.3399,68338188.0,0.0,106327600.0,18391130.3909,15196901.239,25762139.9999,824574106.9347,0.0,5538045.8368,0.0,9979960.7264,0.0,0.1,supplier_capacity_node,supplier_capacity_node::SDC-VD0518684A,Capacite fournisseur SDC-VD0518684A,lower_is_riskier,ok
supplier_capacity_node_SDC-VD0518684A_0_25,etudecas\simulation\sensibility\active_supplier_parameter_result_upstream_constrained\cases\supplier_capacity_node_SDC-VD0518684A_0_25\input_case.json,etudecas\simulation\sensibility\active_supplier_parameter_result_upstream_constrained\cases\supplier_capacity_node_SDC-VD0518684A_0_25\simulation_output,2.0,5653.408164,0.0,7263350.6084,20793472.4136,136.0,8.0,664487957.244,0.127111,0.072635,0.3,0.246183,0.090644,0.163428,0.0,620120543.3403,1.0,25762139.9999,0.0,888545020.1141,61148262.6118,25762139.9999,0.0,0.0,0.0,303593026.833,208012846.7465,711624785.8924,546132681.7602,546132681.7602,2083877839.4227,53350390.9361,7772599.0628,22207425.8939,4441485.1788,27750121.4476,68338188.0,0.0,106327600.0,18344478.7835,15053662.3807,25762139.9999,823730758.808,0.0,5542695.5537,0.0,9993341.6522,0.0,0.25,supplier_capacity_node,supplier_capacity_node::SDC-VD0518684A,Capacite fournisseur SDC-VD0518684A,lower_is_riskier,ok
supplier_capacity_node_SDC-VD0518684A_0_5,etudecas\simulation\sensibility\active_supplier_parameter_result_upstream_constrained\cases\supplier_capacity_node_SDC-VD0518684A_0_5\input_case.json,etudecas\simulation\sensibility\active_supplier_parameter_result_upstream_constrained\cases\supplier_capacity_node_SDC-VD0518684A_0_5\simulation_output,2.0,5653.408164,0.0,7263350.6084,20793472.4136,136.0,8.0,664484073.6148,0.127106,0.072632,0.3,0.246192,0.090647,0.163422,0.0,620116618.7316,1.0,25762139.9999,0.0,888545020.1141,61145945.7496,25762139.9999,0.0,0.0,0.0,303590095.8216,208012846.7465,711620861.2837,546131688.163,546131688.163,2083921142.3484,53340676.303,7772031.4316,22205804.0903,4441160.8181,27748499.6441,68338188.0,0.0,106327600.0,18343783.7249,15053662.3807,25762139.9999,823730758.808,0.0,5542695.5537,0.0,9992611.8406,0.0,0.5,supplier_capacity_node,supplier_capacity_node::SDC-VD0518684A,Capacite fournisseur SDC-VD0518684A,lower_is_riskier,ok
supplier_capacity_node_SDC-VD0518684A_0_75,etudecas\simulation\sensibility\active_supplier_parameter_result_upstream_constrained\cases\supplier_capacity_node_SDC-VD0518684A_0_75\input_case.json,etudecas\simulation\sensibility\active_supplier_parameter_result_upstream_constrained\cases\supplier_capacity_node_SDC-VD0518684A_0_75\simulation_output,2.0,5653.408164,0.0,7263350.6084,20793472.4136,136.0,8.0,664485502.3639,0.127108,0.072633,0.3,0.246189,0.090646,0.163424,0.0,620117999.576,1.0,25762139.9999,0.0,888545020.1141,61146798.1005,25762139.9999,0.0,0.0,0.0,303592902.2534,208012846.7465,711622242.1281,546130262.5755,546130262.5755,2083760472.7008,53327510.5564,7772240.2576,22206400.7359,4441280.1472,27749096.2897,68338188.0,0.0,106327600.0,18344039.4301,15053662.3807,25762139.9999,823730758.808,0.0,5542695.5537,0.0,9992880.3312,0.0,0.75,supplier_capacity_node,supplier_capacity_node::SDC-VD0518684A,Capacite fournisseur SDC-VD0518684A,lower_is_riskier,ok
supplier_capacity_node_SDC-VD0518684A_1_0,etudecas\simulation\sensibility\active_supplier_parameter_result_upstream_constrained\cases\supplier_capacity_node_SDC-VD0518684A_1_0\input_case.json,etudecas\simulation\sensibility\active_supplier_parameter_result_upstream_constrained\cases\supplier_capacity_node_SDC-VD0518684A_1_0\simulation_output,2.0,5653.408164,0.0,7263350.6084,20793472.4136,136.0,8.0,664489123.4272,0.127112,0.072635,0.3,0.24618,0.090643,0.16343,0.0,620121663.3403,1.0,25762139.9999,0.0,888545020.1141,61148958.3234,25762139.9999,0.0,0.0,0.0,303596232.9482,208012846.7465,711625905.8924,546130595.645,546130595.645,2083708171.834,53329985.2626,7772769.5122,22207912.892,4441582.5784,27750608.4457,68338188.0,0.0,106327600.0,18344687.497,15053662.3807,25762139.9999,823730758.808,0.0,5542695.5537,0.0,9993560.8014,0.0,1.0,supplier_capacity_node,supplier_capacity_node::SDC-VD0518684A,Capacite fournisseur SDC-VD0518684A,lower_is_riskier,ok
supplier_stock_node_SDC-VD0956464A_0_01,etudecas\simulation\sensibility\active_supplier_parameter_result_upstream_constrained\cases\supplier_stock_node_SDC-VD0956464A_0_01\input_case.json,etudecas\simulation\sensibility\active_supplier_parameter_result_upstream_constrained\cases\supplier_stock_node_SDC-VD0956464A_0_01\simulation_output,2.0,5653.408164,0.0,7263350.6084,20793472.4136,136.0,8.0,664489123.4272,0.127112,0.072635,0.3,0.24618,0.090643,0.16343,0.0,620121663.3403,1.0,25762139.9999,0.0,888545020.1141,61148958.3234,25762139.9999,0.0,0.0,0.0,303596232.9482,208013024.9465,711625905.8924,546130595.645,546130595.645,2083708171.834,53329985.2626,7772769.5122,22207912.892,4441582.5784,27750608.4457,68338188.0,0.0,106327600.0,18344687.497,15053662.3807,25762139.9999,823730758.808,0.0,5542695.5537,0.0,9993560.8014,0.0,0.01,supplier_stock_node,supplier_stock_node::SDC-VD0956464A,Stock fournisseur SDC-VD0956464A,lower_is_riskier,ok
supplier_stock_node_SDC-VD0956464A_0_25,etudecas\simulation\sensibility\active_supplier_parameter_result_upstream_constrained\cases\supplier_stock_node_SDC-VD0956464A_0_25\input_case.json,etudecas\simulation\sensibility\active_supplier_parameter_result_upstream_constrained\cases\supplier_stock_node_SDC-VD0956464A_0_25\simulation_output,2.0,5653.408164,0.0,7263350.6084,20793472.4136,136.0,8.0,664489123.4272,0.127112,0.072635,0.3,0.24618,0.090643,0.16343,0.0,620121663.3403,1.0,25762139.9999,0.0,888545020.1141,61148958.3234,25762139.9999,0.0,0.0,0.0,303596232.9482,208012981.7465,711625905.8924,546130595.645,546130595.645,2083708171.834,53329985.2626,7772769.5122,22207912.892,4441582.5784,27750608.4457,68338188.0,0.0,106327600.0,18344687.497,15053662.3807,25762139.9999,823730758.808,0.0,5542695.5537,0.0,9993560.8014,0.0,0.25,supplier_stock_node,supplier_stock_node::SDC-VD0956464A,Stock fournisseur SDC-VD0956464A,lower_is_riskier,ok
supplier_stock_node_SDC-VD0956464A_0_5,etudecas\simulation\sensibility\active_supplier_parameter_result_upstream_constrained\cases\supplier_stock_node_SDC-VD0956464A_0_5\input_case.json,etudecas\simulation\sensibility\active_supplier_parameter_result_upstream_constrained\cases\supplier_stock_node_SDC-VD0956464A_0_5\simulation_output,2.0,5653.408164,0.0,7263350.6084,20793472.4136,136.0,8.0,664489123.4272,0.127112,0.072635,0.3,0.24618,0.090643,0.16343,0.0,620121663.3403,1.0,25762139.9999,0.0,888545020.1141,61148958.3234,25762139.9999,0.0,0.0,0.0,303596232.9482,208012936.7465,711625905.8924,546130595.645,546130595.645,2083708171.834,53329985.2626,7772769.5122,22207912.892,4441582.5784,27750608.4457,68338188.0,0.0,106327600.0,18344687.497,15053662.3807,25762139.9999,823730758.808,0.0,5542695.5537,0.0,9993560.8014,0.0,0.5,supplier_stock_node,supplier_stock_node::SDC-VD0956464A,Stock fournisseur SDC-VD0956464A,lower_is_riskier,ok
supplier_stock_node_SDC-VD0956464A_0_75,etudecas\simulation\sensibility\active_supplier_parameter_result_upstream_constrained\cases\supplier_stock_node_SDC-VD0956464A_0_75\input_case.json,etudecas\simulation\sensibility\active_supplier_parameter_result_upstream_constrained\cases\supplier_stock_node_SDC-VD0956464A_0_75\simulation_output,2.0,5653.408164,0.0,7263350.6084,20793472.4136,136.0,8.0,664489123.4272,0.127112,0.072635,0.3,0.24618,0.090643,0.16343,0.0,620121663.3403,1.0,25762139.9999,0.0,888545020.1141,61148958.3234,25762139.9999,0.0,0.0,0.0,303596232.9482,208012891.7465,711625905.8924,546130595.645,546130595.645,2083708171.834,53329985.2626,7772769.5122,22207912.892,4441582.5784,27750608.4457,68338188.0,0.0,106327600.0,18344687.497,15053662.3807,25762139.9999,823730758.808,0.0,5542695.5537,0.0,9993560.8014,0.0,0.75,supplier_stock_node,supplier_stock_node::SDC-VD0956464A,Stock fournisseur SDC-VD0956464A,lower_is_riskier,ok
supplier_stock_node_SDC-VD0956464A_0_9,etudecas\simulation\sensibility\active_supplier_parameter_result_upstream_constrained\cases\supplier_stock_node_SDC-VD0956464A_0_9\input_case.json,etudecas\simulation\sensibility\active_supplier_parameter_result_upstream_constrained\cases\supplier_stock_node_SDC-VD0956464A_0_9\simulation_output,2.0,5653.408164,0.0,7263350.6084,20793472.4136,136.0,8.0,664489123.4272,0.127112,0.072635,0.3,0.24618,0.090643,0.16343,0.0,620121663.3403,1.0,25762139.9999,0.0,888545020.1141,61148958.3234,25762139.9999,0.0,0.0,0.0,303596232.9482,208012864.7465,711625905.8924,546130595.645,546130595.645,2083708171.834,53329985.2626,7772769.5122,22207912.892,4441582.5784,27750608.4457,68338188.0,0.0,106327600.0,18344687.497,15053662.3807,25762139.9999,823730758.808,0.0,5542695.5537,0.0,9993560.8014,0.0,0.9,supplier_stock_node,supplier_stock_node::SDC-VD0956464A,Stock fournisseur SDC-VD0956464A,lower_is_riskier,ok
supplier_stock_node_SDC-VD0956464A_1_0,etudecas\simulation\sensibility\active_supplier_parameter_result_upstream_constrained\cases\supplier_stock_node_SDC-VD0956464A_1_0\input_case.json,etudecas\simulation\sensibility\active_supplier_parameter_result_upstream_constrained\cases\supplier_stock_node_SDC-VD0956464A_1_0\simulation_output,2.0,5653.408164,0.0,7263350.6084,20793472.4136,136.0,8.0,664489123.4272,0.127112,0.072635,0.3,0.24618,0.090643,0.16343,0.0,620121663.3403,1.0,25762139.9999,0.0,888545020.1141,61148958.3234,25762139.9999,0.0,0.0,0.0,303596232.9482,208012846.7465,711625905.8924,546130595.645,546130595.645,2083708171.834,53329985.2626,7772769.5122,22207912.892,4441582.5784,27750608.4457,68338188.0,0.0,106327600.0,18344687.497,15053662.3807,25762139.9999,823730758.808,0.0,5542695.5537,0.0,9993560.8014,0.0,1.0,supplier_stock_node,supplier_stock_node::SDC-VD0956464A,Stock fournisseur SDC-VD0956464A,lower_is_riskier,ok
supplier_capacity_node_SDC-VD0956464A_0_01,etudecas\simulation\sensibility\active_supplier_parameter_result_upstream_constrained\cases\supplier_capacity_node_SDC-VD0956464A_0_01\input_case.json,etudecas\simulation\sensibility\active_supplier_parameter_result_upstream_constrained\cases\supplier_capacity_node_SDC-VD0956464A_0_01\simulation_output,2.0,5653.408164,0.0,7263350.6084,20793472.4136,136.0,8.0,665015901.1663,0.127172,0.07267,0.3,0.246066,0.090587,0.163507,0.0,619977157.6973,1.0,25762139.9999,0.0,888387964.6567,61152175.9984,25762139.9999,0.0,0.0,0.0,303596232.9482,208012935.1046,711444504.1974,545949203.3012,545949203.3012,2083920479.3802,53300849.7039,7776829.9985,22219514.2815,4443902.8563,27759080.9688,68338188.0,0.0,106327600.0,18345652.7995,15047442.2301,25762139.9999,823536895.6567,0.0,5539566.6873,0.0,9998781.4267,0.0,0.01,supplier_capacity_node,supplier_capacity_node::SDC-VD0956464A,Capacite fournisseur SDC-VD0956464A,lower_is_riskier,ok
supplier_capacity_node_SDC-VD0956464A_0_05,etudecas\simulation\sensibility\active_supplier_parameter_result_upstream_constrained\cases\supplier_capacity_node_SDC-VD0956464A_0_05\input_case.json,etudecas\simulation\sensibility\active_supplier_parameter_result_upstream_constrained\cases\supplier_capacity_node_SDC-VD0956464A_0_05\simulation_output,2.0,5653.408164,0.0,7263350.6084,20793472.4136,136.0,8.0,665126137.6433,0.127176,0.072672,0.3,0.246056,0.090583,0.163513,0.0,620277201.5706,1.0,25762139.9999,0.0,888686312.9859,61204675.7719,25762139.9999,0.0,0.0,0.0,303596232.9482,208012846.7465,711714636.4288,546219326.1814,546219326.1814,2083598659.452,53341476.8926,7783792.9252,22239408.3578,4447881.6716,27783495.3271,68338188.0,0.0,106327600.0,18361402.7316,15059777.7132,25762139.9999,823805243.9859,0.0,5544086.9693,0.0,10007733.761,0.0,0.05,supplier_capacity_node,supplier_capacity_node::SDC-VD0956464A,Capacite fournisseur SDC-VD0956464A,lower_is_riskier,ok
supplier_capacity_node_SDC-VD0956464A_0_1,etudecas\simulation\sensibility\active_supplier_parameter_result_upstream_constrained\cases\supplier_capacity_node_SDC-VD0956464A_0_1\input_case.json,etudecas\simulation\sensibility\active_supplier_parameter_result_upstream_constrained\cases\supplier_capacity_node_SDC-VD0956464A_0_1\simulation_output,2.0,5653.408164,0.0,7263350.6084,20793472.4136,136.0,8.0,664485948.8061,0.12705,0.0726,0.3,0.246399,0.090601,0.16335,0.0,620326556.8415,1.0,25762139.9999,0.0,888749905.1182,61176644.2487,25762139.9999,0.0,0.0,0.0,303596232.9482,208012846.7465,711720723.6998,546225421.4387,546225421.4387,2084679674.2989,53373490.2107,7772488.4462,22207109.8464,4441421.9693,27749786.5095,68338188.0,0.0,106327600.0,18352993.2746,15073864.4646,25762139.9999,823825568.1182,0.0,5542676.6631,0.0,9993199.4309,0.0,0.1,supplier_capacity_node,supplier_capacity_node::SDC-VD0956464A,Capacite fournisseur SDC-VD0956464A,lower_is_riskier,ok
supplier_capacity_node_SDC-VD0956464A_0_25,etudecas\simulation\sensibility\active_supplier_parameter_result_upstream_constrained\cases\supplier_capacity_node_SDC-VD0956464A_0_25\input_case.json,etudecas\simulation\sensibility\active_supplier_parameter_result_upstream_constrained\cases\supplier_capacity_node_SDC-VD0956464A_0_25\simulation_output,2.0,5653.408164,0.0,7263350.6084,20793472.4136,136.0,8.0,664489298.3758,0.127112,0.072636,0.3,0.24618,0.090642,0.16343,0.0,620121663.3403,1.0,25762139.9999,0.0,888545020.1141,61149003.3102,25762139.9999,0.0,0.0,0.0,303596232.9482,208012846.7465,711625905.8924,546130595.645,546130595.645,2083708266.8865,53328985.6335,7772780.534,22207944.3827,4441588.8765,27750639.9365,68338188.0,0.0,106327600.0,18344700.993,15053662.3807,25762139.9999,823730758.808,0.0,5542695.5537,0.0,9993574.9722,0.0,0.25,supplier_capacity_node,supplier_capacity_node::SDC-VD0956464A,Capacite fournisseur SDC-VD0956464A,lower_is_riskier,ok
supplier_capacity_node_SDC-VD0956464A_0_5,etudecas\simulation\sensibility\active_supplier_parameter_result_upstream_constrained\cases\supplier_capacity_node_SDC-VD0956464A_0_5\input_case.json,etudecas\simulation\sensibility\active_supplier_parameter_result_upstream_constrained\cases\supplier_capacity_node_SDC-VD0956464A_0_5\simulation_output,2.0,5653.408164,0.0,7263350.6084,20793472.4136,136.0,8.0,664489200.1246,0.127112,0.072635,0.3,0.24618,0.090642,0.16343,0.0,620121663.3403,1.0,25762139.9999,0.0,888545020.1141,61148978.0455,25762139.9999,0.0,0.0,0.0,303596232.9482,208012846.7465,711625905.8924,546130595.645,546130595.645,2083708171.834,53329429.9131,7772774.3441,22207926.6975,4441585.3395,27750622.2512,68338188.0,0.0,106327600.0,18344693.4137,15053662.3807,25762139.9999,823730758.808,0.0,5542695.5537,0.0,9993567.0139,0.0,0.5,supplier_capacity_node,supplier_capacity_node::SDC-VD0956464A,Capacite fournisseur SDC-VD0956464A,lower_is_riskier,ok
supplier_capacity_node_SDC-VD0956464A_0_75,etudecas\simulation\sensibility\active_supplier_parameter_result_upstream_constrained\cases\supplier_capacity_node_SDC-VD0956464A_0_75\input_case.json,etudecas\simulation\sensibility\active_supplier_parameter_result_upstream_constrained\cases\supplier_capacity_node_SDC-VD0956464A_0_75\simulation_output,2.0,5653.408164,0.0,7263350.6084,20793472.4136,136.0,8.0,664489151.5187,0.127112,0.072635,0.3,0.24618,0.090643,0.16343,0.0,620121663.3403,1.0,25762139.9999,0.0,888545020.1141,61148965.5469,25762139.9999,0.0,0.0,0.0,303596232.9482,208012846.7465,711625905.8924,546130595.645,546130595.645,2083708171.834,53329747.2557,7772771.2819,22207917.9484,4441583.5897,27750613.5022,68338188.0,0.0,106327600.0,18344689.6641,15053662.3807,25762139.9999,823730758.808,0.0,5542695.5537,0.0,9993563.0768,0.0,0.75,supplier_capacity_node,supplier_capacity_node::SDC-VD0956464A,Capacite fournisseur SDC-VD0956464A,lower_is_riskier,ok
supplier_capacity_node_SDC-VD0956464A_1_0,etudecas\simulation\sensibility\active_supplier_parameter_result_upstream_constrained\cases\supplier_capacity_node_SDC-VD0956464A_1_0\input_case.json,etudecas\simulation\sensibility\active_supplier_parameter_result_upstream_constrained\cases\supplier_capacity_node_SDC-VD0956464A_1_0\simulation_output,2.0,5653.408164,0.0,7263350.6084,20793472.4136,136.0,8.0,664489123.4272,0.127112,0.072635,0.3,0.24618,0.090643,0.16343,0.0,620121663.3403,1.0,25762139.9999,0.0,888545020.1141,61148958.3234,25762139.9999,0.0,0.0,0.0,303596232.9482,208012846.7465,711625905.8924,546130595.645,546130595.645,2083708171.834,53329985.2626,7772769.5122,22207912.892,4441582.5784,27750608.4457,68338188.0,0.0,106327600.0,18344687.497,15053662.3807,25762139.9999,823730758.808,0.0,5542695.5537,0.0,9993560.8014,0.0,1.0,supplier_capacity_node,supplier_capacity_node::SDC-VD0956464A,Capacite fournisseur SDC-VD0956464A,lower_is_riskier,ok
supplier_stock_node_SDC-VD0505677A_0_01,etudecas\simulation\sensibility\active_supplier_parameter_result_upstream_constrained\cases\supplier_stock_node_SDC-VD0505677A_0_01\input_case.json,etudecas\simulation\sensibility\active_supplier_parameter_result_upstream_constrained\cases\supplier_stock_node_SDC-VD0505677A_0_01\simulation_output,2.0,5653.408164,0.0,7263350.6084,20793472.4136,136.0,8.0,664489123.4272,0.127112,0.072635,0.3,0.24618,0.090643,0.16343,0.0,620121663.3403,1.0,25762139.9999,0.0,888545020.1141,61148958.3234,25762139.9999,0.0,0.0,0.0,303596232.9482,208013024.9465,711625905.8924,546130595.645,546130595.645,2083708171.834,53329985.2626,7772769.5122,22207912.892,4441582.5784,27750608.4457,68338188.0,0.0,106327600.0,18344687.497,15053662.3807,25762139.9999,823730758.808,0.0,5542695.5537,0.0,9993560.8014,0.0,0.01,supplier_stock_node,supplier_stock_node::SDC-VD0505677A,Stock fournisseur SDC-VD0505677A,lower_is_riskier,ok
supplier_stock_node_SDC-VD0505677A_0_25,etudecas\simulation\sensibility\active_supplier_parameter_result_upstream_constrained\cases\supplier_stock_node_SDC-VD0505677A_0_25\input_case.json,etudecas\simulation\sensibility\active_supplier_parameter_result_upstream_constrained\cases\supplier_stock_node_SDC-VD0505677A_0_25\simulation_output,2.0,5653.408164,0.0,7263350.6084,20793472.4136,136.0,8.0,664489123.4272,0.127112,0.072635,0.3,0.24618,0.090643,0.16343,0.0,620121663.3403,1.0,25762139.9999,0.0,888545020.1141,61148958.3234,25762139.9999,0.0,0.0,0.0,303596232.9482,208012981.7465,711625905.8924,546130595.645,546130595.645,2083708171.834,53329985.2626,7772769.5122,22207912.892,4441582.5784,27750608.4457,68338188.0,0.0,106327600.0,18344687.497,15053662.3807,25762139.9999,823730758.808,0.0,5542695.5537,0.0,9993560.8014,0.0,0.25,supplier_stock_node,supplier_stock_node::SDC-VD0505677A,Stock fournisseur SDC-VD0505677A,lower_is_riskier,ok
supplier_stock_node_SDC-VD0505677A_0_5,etudecas\simulation\sensibility\active_supplier_parameter_result_upstream_constrained\cases\supplier_stock_node_SDC-VD0505677A_0_5\input_case.json,etudecas\simulation\sensibility\active_supplier_parameter_result_upstream_constrained\cases\supplier_stock_node_SDC-VD0505677A_0_5\simulation_output,2.0,5653.408164,0.0,7263350.6084,20793472.4136,136.0,8.0,664489123.4272,0.127112,0.072635,0.3,0.24618,0.090643,0.16343,0.0,620121663.3403,1.0,25762139.9999,0.0,888545020.1141,61148958.3234,25762139.9999,0.0,0.0,0.0,303596232.9482,208012936.7465,711625905.8924,546130595.645,546130595.645,2083708171.834,53329985.2626,7772769.5122,22207912.892,4441582.5784,27750608.4457,68338188.0,0.0,106327600.0,18344687.497,15053662.3807,25762139.9999,823730758.808,0.0,5542695.5537,0.0,9993560.8014,0.0,0.5,supplier_stock_node,supplier_stock_node::SDC-VD0505677A,Stock fournisseur SDC-VD0505677A,lower_is_riskier,ok
supplier_stock_node_SDC-VD0505677A_0_75,etudecas\simulation\sensibility\active_supplier_parameter_result_upstream_constrained\cases\supplier_stock_node_SDC-VD0505677A_0_75\input_case.json,etudecas\simulation\sensibility\active_supplier_parameter_result_upstream_constrained\cases\supplier_stock_node_SDC-VD0505677A_0_75\simulation_output,2.0,5653.408164,0.0,7263350.6084,20793472.4136,136.0,8.0,664489123.4272,0.127112,0.072635,0.3,0.24618,0.090643,0.16343,0.0,620121663.3403,1.0,25762139.9999,0.0,888545020.1141,61148958.3234,25762139.9999,0.0,0.0,0.0,303596232.9482,208012891.7465,711625905.8924,546130595.645,546130595.645,2083708171.834,53329985.2626,7772769.5122,22207912.892,4441582.5784,27750608.4457,68338188.0,0.0,106327600.0,18344687.497,15053662.3807,25762139.9999,823730758.808,0.0,5542695.5537,0.0,9993560.8014,0.0,0.75,supplier_stock_node,supplier_stock_node::SDC-VD0505677A,Stock fournisseur SDC-VD0505677A,lower_is_riskier,ok
supplier_stock_node_SDC-VD0505677A_0_9,etudecas\simulation\sensibility\active_supplier_parameter_result_upstream_constrained\cases\supplier_stock_node_SDC-VD0505677A_0_9\input_case.json,etudecas\simulation\sensibility\active_supplier_parameter_result_upstream_constrained\cases\supplier_stock_node_SDC-VD0505677A_0_9\simulation_output,2.0,5653.408164,0.0,7263350.6084,20793472.4136,136.0,8.0,664489123.4272,0.127112,0.072635,0.3,0.24618,0.090643,0.16343,0.0,620121663.3403,1.0,25762139.9999,0.0,888545020.1141,61148958.3234,25762139.9999,0.0,0.0,0.0,303596232.9482,208012864.7465,711625905.8924,546130595.645,546130595.645,2083708171.834,53329985.2626,7772769.5122,22207912.892,4441582.5784,27750608.4457,68338188.0,0.0,106327600.0,18344687.497,15053662.3807,25762139.9999,823730758.808,0.0,5542695.5537,0.0,9993560.8014,0.0,0.9,supplier_stock_node,supplier_stock_node::SDC-VD0505677A,Stock fournisseur SDC-VD0505677A,lower_is_riskier,ok
supplier_stock_node_SDC-VD0505677A_1_0,etudecas\simulation\sensibility\active_supplier_parameter_result_upstream_constrained\cases\supplier_stock_node_SDC-VD0505677A_1_0\input_case.json,etudecas\simulation\sensibility\active_supplier_parameter_result_upstream_constrained\cases\supplier_stock_node_SDC-VD0505677A_1_0\simulation_output,2.0,5653.408164,0.0,7263350.6084,20793472.4136,136.0,8.0,664489123.4272,0.127112,0.072635,0.3,0.24618,0.090643,0.16343,0.0,620121663.3403,1.0,25762139.9999,0.0,888545020.1141,61148958.3234,25762139.9999,0.0,0.0,0.0,303596232.9482,208012846.7465,711625905.8924,546130595.645,546130595.645,2083708171.834,53329985.2626,7772769.5122,22207912.892,4441582.5784,27750608.4457,68338188.0,0.0,106327600.0,18344687.497,15053662.3807,25762139.9999,823730758.808,0.0,5542695.5537,0.0,9993560.8014,0.0,1.0,supplier_stock_node,supplier_stock_node::SDC-VD0505677A,Stock fournisseur SDC-VD0505677A,lower_is_riskier,ok
supplier_capacity_node_SDC-VD0505677A_0_01,etudecas\simulation\sensibility\active_supplier_parameter_result_upstream_constrained\cases\supplier_capacity_node_SDC-VD0505677A_0_01\input_case.json,etudecas\simulation\sensibility\active_supplier_parameter_result_upstream_constrained\cases\supplier_capacity_node_SDC-VD0505677A_0_01\simulation_output,2.0,5653.408164,0.0,7263350.6084,20793472.4136,136.0,8.0,664489123.4272,0.127112,0.072635,0.3,0.24618,0.090643,0.16343,0.0,620121663.3403,1.0,25762139.9999,0.0,888545020.1141,61148958.3234,25762139.9999,0.0,0.0,0.0,303596232.9482,208012846.7465,711625905.8924,546130595.645,546130595.645,2083708171.834,53329985.2626,7772769.5122,22207912.892,4441582.5784,27750608.4457,68338188.0,0.0,106327600.0,18344687.497,15053662.3807,25762139.9999,823730758.808,0.0,5542695.5537,0.0,9993560.8014,0.0,0.01,supplier_capacity_node,supplier_capacity_node::SDC-VD0505677A,Capacite fournisseur SDC-VD0505677A,lower_is_riskier,ok
supplier_capacity_node_SDC-VD0505677A_0_05,etudecas\simulation\sensibility\active_supplier_parameter_result_upstream_constrained\cases\supplier_capacity_node_SDC-VD0505677A_0_05\input_case.json,etudecas\simulation\sensibility\active_supplier_parameter_result_upstream_constrained\cases\supplier_capacity_node_SDC-VD0505677A_0_05\simulation_output,2.0,5653.408164,0.0,7263350.6084,20793472.4136,136.0,8.0,664489123.4272,0.127112,0.072635,0.3,0.24618,0.090643,0.16343,0.0,620121663.3403,1.0,25762139.9999,0.0,888545020.1141,61148958.3234,25762139.9999,0.0,0.0,0.0,303596232.9482,208012846.7465,711625905.8924,546130595.645,546130595.645,2083708171.834,53329985.2626,7772769.5122,22207912.892,4441582.5784,27750608.4457,68338188.0,0.0,106327600.0,18344687.497,15053662.3807,25762139.9999,823730758.808,0.0,5542695.5537,0.0,9993560.8014,0.0,0.05,supplier_capacity_node,supplier_capacity_node::SDC-VD0505677A,Capacite fournisseur SDC-VD0505677A,lower_is_riskier,ok
supplier_capacity_node_SDC-VD0505677A_0_1,etudecas\simulation\sensibility\active_supplier_parameter_result_upstream_constrained\cases\supplier_capacity_node_SDC-VD0505677A_0_1\input_case.json,etudecas\simulation\sensibility\active_supplier_parameter_result_upstream_constrained\cases\supplier_capacity_node_SDC-VD0505677A_0_1\simulation_output,2.0,5653.408164,0.0,7263350.6084,20793472.4136,136.0,8.0,664489123.4272,0.127112,0.072635,0.3,0.24618,0.090643,0.16343,0.0,620121663.3403,1.0,25762139.9999,0.0,888545020.1141,61148958.3234,25762139.9999,0.0,0.0,0.0,303596232.9482,208012846.7465,711625905.8924,546130595.645,546130595.645,2083708171.834,53329985.2626,7772769.5122,22207912.892,4441582.5784,27750608.4457,68338188.0,0.0,106327600.0,18344687.497,15053662.3807,25762139.9999,823730758.808,0.0,5542695.5537,0.0,9993560.8014,0.0,0.1,supplier_capacity_node,supplier_capacity_node::SDC-VD0505677A,Capacite fournisseur SDC-VD0505677A,lower_is_riskier,ok
supplier_capacity_node_SDC-VD0505677A_0_25,etudecas\simulation\sensibility\active_supplier_parameter_result_upstream_constrained\cases\supplier_capacity_node_SDC-VD0505677A_0_25\input_case.json,etudecas\simulation\sensibility\active_supplier_parameter_result_upstream_constrained\cases\supplier_capacity_node_SDC-VD0505677A_0_25\simulation_output,2.0,5653.408164,0.0,7263350.6084,20793472.4136,136.0,8.0,664489123.4272,0.127112,0.072635,0.3,0.24618,0.090643,0.16343,0.0,620121663.3403,1.0,25762139.9999,0.0,888545020.1141,61148958.3234,25762139.9999,0.0,0.0,0.0,303596232.9482,208012846.7465,711625905.8924,546130595.645,546130595.645,2083708171.834,53329985.2626,7772769.5122,22207912.892,4441582.5784,27750608.4457,68338188.0,0.0,106327600.0,18344687.497,15053662.3807,25762139.9999,823730758.808,0.0,5542695.5537,0.0,9993560.8014,0.0,0.25,supplier_capacity_node,supplier_capacity_node::SDC-VD0505677A,Capacite fournisseur SDC-VD0505677A,lower_is_riskier,ok
supplier_capacity_node_SDC-VD0505677A_0_5,etudecas\simulation\sensibility\active_supplier_parameter_result_upstream_constrained\cases\supplier_capacity_node_SDC-VD0505677A_0_5\input_case.json,etudecas\simulation\sensibility\active_supplier_parameter_result_upstream_constrained\cases\supplier_capacity_node_SDC-VD0505677A_0_5\simulation_output,2.0,5653.408164,0.0,7263350.6084,20793472.4136,136.0,8.0,664489123.4272,0.127112,0.072635,0.3,0.24618,0.090643,0.16343,0.0,620121663.3403,1.0,25762139.9999,0.0,888545020.1141,61148958.3234,25762139.9999,0.0,0.0,0.0,303596232.9482,208012846.7465,711625905.8924,546130595.645,546130595.645,2083708171.834,53329985.2626,7772769.5122,22207912.892,4441582.5784,27750608.4457,68338188.0,0.0,106327600.0,18344687.497,15053662.3807,25762139.9999,823730758.808,0.0,5542695.5537,0.0,9993560.8014,0.0,0.5,supplier_capacity_node,supplier_capacity_node::SDC-VD0505677A,Capacite fournisseur SDC-VD0505677A,lower_is_riskier,ok
supplier_capacity_node_SDC-VD0505677A_0_75,etudecas\simulation\sensibility\active_supplier_parameter_result_upstream_constrained\cases\supplier_capacity_node_SDC-VD0505677A_0_75\input_case.json,etudecas\simulation\sensibility\active_supplier_parameter_result_upstream_constrained\cases\supplier_capacity_node_SDC-VD0505677A_0_75\simulation_output,2.0,5653.408164,0.0,7263350.6084,20793472.4136,136.0,8.0,664489123.4272,0.127112,0.072635,0.3,0.24618,0.090643,0.16343,0.0,620121663.3403,1.0,25762139.9999,0.0,888545020.1141,61148958.3234,25762139.9999,0.0,0.0,0.0,303596232.9482,208012846.7465,711625905.8924,546130595.645,546130595.645,2083708171.834,53329985.2626,7772769.5122,22207912.892,4441582.5784,27750608.4457,68338188.0,0.0,106327600.0,18344687.497,15053662.3807,25762139.9999,823730758.808,0.0,5542695.5537,0.0,9993560.8014,0.0,0.75,supplier_capacity_node,supplier_capacity_node::SDC-VD0505677A,Capacite fournisseur SDC-VD0505677A,lower_is_riskier,ok
supplier_capacity_node_SDC-VD0505677A_1_0,etudecas\simulation\sensibility\active_supplier_parameter_result_upstream_constrained\cases\supplier_capacity_node_SDC-VD0505677A_1_0\input_case.json,etudecas\simulation\sensibility\active_supplier_parameter_result_upstream_constrained\cases\supplier_capacity_node_SDC-VD0505677A_1_0\simulation_output,2.0,5653.408164,0.0,7263350.6084,20793472.4136,136.0,8.0,664489123.4272,0.127112,0.072635,0.3,0.24618,0.090643,0.16343,0.0,620121663.3403,1.0,25762139.9999,0.0,888545020.1141,61148958.3234,25762139.9999,0.0,0.0,0.0,303596232.9482,208012846.7465,711625905.8924,546130595.645,546130595.645,2083708171.834,53329985.2626,7772769.5122,22207912.892,4441582.5784,27750608.4457,68338188.0,0.0,106327600.0,18344687.497,15053662.3807,25762139.9999,823730758.808,0.0,5542695.5537,0.0,9993560.8014,0.0,1.0,supplier_capacity_node,supplier_capacity_node::SDC-VD0505677A,Capacite fournisseur SDC-VD0505677A,lower_is_riskier,ok
supplier_stock_node_SDC-VD0990780A_0_01,etudecas\simulation\sensibility\active_supplier_parameter_result_upstream_constrained\cases\supplier_stock_node_SDC-VD0990780A_0_01\input_case.json,etudecas\simulation\sensibility\active_supplier_parameter_result_upstream_constrained\cases\supplier_stock_node_SDC-VD0990780A_0_01\simulation_output,2.0,5653.408164,0.0,7263350.6084,20793472.4136,136.0,8.0,664489123.4272,0.127112,0.072635,0.3,0.24618,0.090643,0.16343,0.0,620121663.3403,1.0,25762139.9999,0.0,888545020.1141,61148958.3234,25762139.9999,0.0,0.0,0.0,303596232.9482,208013024.9465,711625905.8924,546130595.645,546130595.645,2083708171.834,53329985.2626,7772769.5122,22207912.892,4441582.5784,27750608.4457,68338188.0,0.0,106327600.0,18344687.497,15053662.3807,25762139.9999,823730758.808,0.0,5542695.5537,0.0,9993560.8014,0.0,0.01,supplier_stock_node,supplier_stock_node::SDC-VD0990780A,Stock fournisseur SDC-VD0990780A,lower_is_riskier,ok
supplier_stock_node_SDC-VD0990780A_0_25,etudecas\simulation\sensibility\active_supplier_parameter_result_upstream_constrained\cases\supplier_stock_node_SDC-VD0990780A_0_25\input_case.json,etudecas\simulation\sensibility\active_supplier_parameter_result_upstream_constrained\cases\supplier_stock_node_SDC-VD0990780A_0_25\simulation_output,2.0,5653.408164,0.0,7263350.6084,20793472.4136,136.0,8.0,664489123.4272,0.127112,0.072635,0.3,0.24618,0.090643,0.16343,0.0,620121663.3403,1.0,25762139.9999,0.0,888545020.1141,61148958.3234,25762139.9999,0.0,0.0,0.0,303596232.9482,208012981.7465,711625905.8924,546130595.645,546130595.645,2083708171.834,53329985.2626,7772769.5122,22207912.892,4441582.5784,27750608.4457,68338188.0,0.0,106327600.0,18344687.497,15053662.3807,25762139.9999,823730758.808,0.0,5542695.5537,0.0,9993560.8014,0.0,0.25,supplier_stock_node,supplier_stock_node::SDC-VD0990780A,Stock fournisseur SDC-VD0990780A,lower_is_riskier,ok
supplier_stock_node_SDC-VD0990780A_0_5,etudecas\simulation\sensibility\active_supplier_parameter_result_upstream_constrained\cases\supplier_stock_node_SDC-VD0990780A_0_5\input_case.json,etudecas\simulation\sensibility\active_supplier_parameter_result_upstream_constrained\cases\supplier_stock_node_SDC-VD0990780A_0_5\simulation_output,2.0,5653.408164,0.0,7263350.6084,20793472.4136,136.0,8.0,664489123.4272,0.127112,0.072635,0.3,0.24618,0.090643,0.16343,0.0,620121663.3403,1.0,25762139.9999,0.0,888545020.1141,61148958.3234,25762139.9999,0.0,0.0,0.0,303596232.9482,208012936.7465,711625905.8924,546130595.645,546130595.645,2083708171.834,53329985.2626,7772769.5122,22207912.892,4441582.5784,27750608.4457,68338188.0,0.0,106327600.0,18344687.497,15053662.3807,25762139.9999,823730758.808,0.0,5542695.5537,0.0,9993560.8014,0.0,0.5,supplier_stock_node,supplier_stock_node::SDC-VD0990780A,Stock fournisseur SDC-VD0990780A,lower_is_riskier,ok
supplier_stock_node_SDC-VD0990780A_0_75,etudecas\simulation\sensibility\active_supplier_parameter_result_upstream_constrained\cases\supplier_stock_node_SDC-VD0990780A_0_75\input_case.json,etudecas\simulation\sensibility\active_supplier_parameter_result_upstream_constrained\cases\supplier_stock_node_SDC-VD0990780A_0_75\simulation_output,2.0,5653.408164,0.0,7263350.6084,20793472.4136,136.0,8.0,664489123.4272,0.127112,0.072635,0.3,0.24618,0.090643,0.16343,0.0,620121663.3403,1.0,25762139.9999,0.0,888545020.1141,61148958.3234,25762139.9999,0.0,0.0,0.0,303596232.9482,208012891.7465,711625905.8924,546130595.645,546130595.645,2083708171.834,53329985.2626,7772769.5122,22207912.892,4441582.5784,27750608.4457,68338188.0,0.0,106327600.0,18344687.497,15053662.3807,25762139.9999,823730758.808,0.0,5542695.5537,0.0,9993560.8014,0.0,0.75,supplier_stock_node,supplier_stock_node::SDC-VD0990780A,Stock fournisseur SDC-VD0990780A,lower_is_riskier,ok
supplier_stock_node_SDC-VD0990780A_0_9,etudecas\simulation\sensibility\active_supplier_parameter_result_upstream_constrained\cases\supplier_stock_node_SDC-VD0990780A_0_9\input_case.json,etudecas\simulation\sensibility\active_supplier_parameter_result_upstream_constrained\cases\supplier_stock_node_SDC-VD0990780A_0_9\simulation_output,2.0,5653.408164,0.0,7263350.6084,20793472.4136,136.0,8.0,664489123.4272,0.127112,0.072635,0.3,0.24618,0.090643,0.16343,0.0,620121663.3403,1.0,25762139.9999,0.0,888545020.1141,61148958.3234,25762139.9999,0.0,0.0,0.0,303596232.9482,208012864.7465,711625905.8924,546130595.645,546130595.645,2083708171.834,53329985.2626,7772769.5122,22207912.892,4441582.5784,27750608.4457,68338188.0,0.0,106327600.0,18344687.497,15053662.3807,25762139.9999,823730758.808,0.0,5542695.5537,0.0,9993560.8014,0.0,0.9,supplier_stock_node,supplier_stock_node::SDC-VD0990780A,Stock fournisseur SDC-VD0990780A,lower_is_riskier,ok
supplier_stock_node_SDC-VD0990780A_1_0,etudecas\simulation\sensibility\active_supplier_parameter_result_upstream_constrained\cases\supplier_stock_node_SDC-VD0990780A_1_0\input_case.json,etudecas\simulation\sensibility\active_supplier_parameter_result_upstream_constrained\cases\supplier_stock_node_SDC-VD0990780A_1_0\simulation_output,2.0,5653.408164,0.0,7263350.6084,20793472.4136,136.0,8.0,664489123.4272,0.127112,0.072635,0.3,0.24618,0.090643,0.16343,0.0,620121663.3403,1.0,25762139.9999,0.0,888545020.1141,61148958.3234,25762139.9999,0.0,0.0,0.0,303596232.9482,208012846.7465,711625905.8924,546130595.645,546130595.645,2083708171.834,53329985.2626,7772769.5122,22207912.892,4441582.5784,27750608.4457,68338188.0,0.0,106327600.0,18344687.497,15053662.3807,25762139.9999,823730758.808,0.0,5542695.5537,0.0,9993560.8014,0.0,1.0,supplier_stock_node,supplier_stock_node::SDC-VD0990780A,Stock fournisseur SDC-VD0990780A,lower_is_riskier,ok
supplier_capacity_node_SDC-VD0990780A_0_01,etudecas\simulation\sensibility\active_supplier_parameter_result_upstream_constrained\cases\supplier_capacity_node_SDC-VD0990780A_0_01\input_case.json,etudecas\simulation\sensibility\active_supplier_parameter_result_upstream_constrained\cases\supplier_capacity_node_SDC-VD0990780A_0_01\simulation_output,2.0,5653.408164,0.0,7263350.6084,20793472.4136,136.0,8.0,664489123.4272,0.127112,0.072635,0.3,0.24618,0.090643,0.16343,0.0,620121663.3403,1.0,25762139.9999,0.0,888545020.1141,61148958.3234,25762139.9999,0.0,0.0,0.0,303596232.9482,208012846.7465,711625905.8924,546130595.645,546130595.645,2083708171.834,53329985.2626,7772769.5122,22207912.892,4441582.5784,27750608.4457,68338188.0,0.0,106327600.0,18344687.497,15053662.3807,25762139.9999,823730758.808,0.0,5542695.5537,0.0,9993560.8014,0.0,0.01,supplier_capacity_node,supplier_capacity_node::SDC-VD0990780A,Capacite fournisseur SDC-VD0990780A,lower_is_riskier,ok
supplier_capacity_node_SDC-VD0990780A_0_05,etudecas\simulation\sensibility\active_supplier_parameter_result_upstream_constrained\cases\supplier_capacity_node_SDC-VD0990780A_0_05\input_case.json,etudecas\simulation\sensibility\active_supplier_parameter_result_upstream_constrained\cases\supplier_capacity_node_SDC-VD0990780A_0_05\simulation_output,2.0,5653.408164,0.0,7263350.6084,20793472.4136,136.0,8.0,664489123.4272,0.127112,0.072635,0.3,0.24618,0.090643,0.16343,0.0,620121663.3403,1.0,25762139.9999,0.0,888545020.1141,61148958.3234,25762139.9999,0.0,0.0,0.0,303596232.9482,208012846.7465,711625905.8924,546130595.645,546130595.645,2083708171.834,53329985.2626,7772769.5122,22207912.892,4441582.5784,27750608.4457,68338188.0,0.0,106327600.0,18344687.497,15053662.3807,25762139.9999,823730758.808,0.0,5542695.5537,0.0,9993560.8014,0.0,0.05,supplier_capacity_node,supplier_capacity_node::SDC-VD0990780A,Capacite fournisseur SDC-VD0990780A,lower_is_riskier,ok
supplier_capacity_node_SDC-VD0990780A_0_1,etudecas\simulation\sensibility\active_supplier_parameter_result_upstream_constrained\cases\supplier_capacity_node_SDC-VD0990780A_0_1\input_case.json,etudecas\simulation\sensibility\active_supplier_parameter_result_upstream_constrained\cases\supplier_capacity_node_SDC-VD0990780A_0_1\simulation_output,2.0,5653.408164,0.0,7263350.6084,20793472.4136,136.0,8.0,664489123.4272,0.127112,0.072635,0.3,0.24618,0.090643,0.16343,0.0,620121663.3403,1.0,25762139.9999,0.0,888545020.1141,61148958.3234,25762139.9999,0.0,0.0,0.0,303596232.9482,208012846.7465,711625905.8924,546130595.645,546130595.645,2083708171.834,53329985.2626,7772769.5122,22207912.892,4441582.5784,27750608.4457,68338188.0,0.0,106327600.0,18344687.497,15053662.3807,25762139.9999,823730758.808,0.0,5542695.5537,0.0,9993560.8014,0.0,0.1,supplier_capacity_node,supplier_capacity_node::SDC-VD0990780A,Capacite fournisseur SDC-VD0990780A,lower_is_riskier,ok
supplier_capacity_node_SDC-VD0990780A_0_25,etudecas\simulation\sensibility\active_supplier_parameter_result_upstream_constrained\cases\supplier_capacity_node_SDC-VD0990780A_0_25\input_case.json,etudecas\simulation\sensibility\active_supplier_parameter_result_upstream_constrained\cases\supplier_capacity_node_SDC-VD0990780A_0_25\simulation_output,2.0,5653.408164,0.0,7263350.6084,20793472.4136,136.0,8.0,664489123.4272,0.127112,0.072635,0.3,0.24618,0.090643,0.16343,0.0,620121663.3403,1.0,25762139.9999,0.0,888545020.1141,61148958.3234,25762139.9999,0.0,0.0,0.0,303596232.9482,208012846.7465,711625905.8924,546130595.645,546130595.645,2083708171.834,53329985.2626,7772769.5122,22207912.892,4441582.5784,27750608.4457,68338188.0,0.0,106327600.0,18344687.497,15053662.3807,25762139.9999,823730758.808,0.0,5542695.5537,0.0,9993560.8014,0.0,0.25,supplier_capacity_node,supplier_capacity_node::SDC-VD0990780A,Capacite fournisseur SDC-VD0990780A,lower_is_riskier,ok
supplier_capacity_node_SDC-VD0990780A_0_5,etudecas\simulation\sensibility\active_supplier_parameter_result_upstream_constrained\cases\supplier_capacity_node_SDC-VD0990780A_0_5\input_case.json,etudecas\simulation\sensibility\active_supplier_parameter_result_upstream_constrained\cases\supplier_capacity_node_SDC-VD0990780A_0_5\simulation_output,2.0,5653.408164,0.0,7263350.6084,20793472.4136,136.0,8.0,664489123.4272,0.127112,0.072635,0.3,0.24618,0.090643,0.16343,0.0,620121663.3403,1.0,25762139.9999,0.0,888545020.1141,61148958.3234,25762139.9999,0.0,0.0,0.0,303596232.9482,208012846.7465,711625905.8924,546130595.645,546130595.645,2083708171.834,53329985.2626,7772769.5122,22207912.892,4441582.5784,27750608.4457,68338188.0,0.0,106327600.0,18344687.497,15053662.3807,25762139.9999,823730758.808,0.0,5542695.5537,0.0,9993560.8014,0.0,0.5,supplier_capacity_node,supplier_capacity_node::SDC-VD0990780A,Capacite fournisseur SDC-VD0990780A,lower_is_riskier,ok
supplier_capacity_node_SDC-VD0990780A_0_75,etudecas\simulation\sensibility\active_supplier_parameter_result_upstream_constrained\cases\supplier_capacity_node_SDC-VD0990780A_0_75\input_case.json,etudecas\simulation\sensibility\active_supplier_parameter_result_upstream_constrained\cases\supplier_capacity_node_SDC-VD0990780A_0_75\simulation_output,2.0,5653.408164,0.0,7263350.6084,20793472.4136,136.0,8.0,664489123.4272,0.127112,0.072635,0.3,0.24618,0.090643,0.16343,0.0,620121663.3403,1.0,25762139.9999,0.0,888545020.1141,61148958.3234,25762139.9999,0.0,0.0,0.0,303596232.9482,208012846.7465,711625905.8924,546130595.645,546130595.645,2083708171.834,53329985.2626,7772769.5122,22207912.892,4441582.5784,27750608.4457,68338188.0,0.0,106327600.0,18344687.497,15053662.3807,25762139.9999,823730758.808,0.0,5542695.5537,0.0,9993560.8014,0.0,0.75,supplier_capacity_node,supplier_capacity_node::SDC-VD0990780A,Capacite fournisseur SDC-VD0990780A,lower_is_riskier,ok
supplier_capacity_node_SDC-VD0990780A_1_0,etudecas\simulation\sensibility\active_supplier_parameter_result_upstream_constrained\cases\supplier_capacity_node_SDC-VD0990780A_1_0\input_case.json,etudecas\simulation\sensibility\active_supplier_parameter_result_upstream_constrained\cases\supplier_capacity_node_SDC-VD0990780A_1_0\simulation_output,2.0,5653.408164,0.0,7263350.6084,20793472.4136,136.0,8.0,664489123.4272,0.127112,0.072635,0.3,0.24618,0.090643,0.16343,0.0,620121663.3403,1.0,25762139.9999,0.0,888545020.1141,61148958.3234,25762139.9999,0.0,0.0,0.0,303596232.9482,208012846.7465,711625905.8924,546130595.645,546130595.645,2083708171.834,53329985.2626,7772769.5122,22207912.892,4441582.5784,27750608.4457,68338188.0,0.0,106327600.0,18344687.497,15053662.3807,25762139.9999,823730758.808,0.0,5542695.5537,0.0,9993560.8014,0.0,1.0,supplier_capacity_node,supplier_capacity_node::SDC-VD0990780A,Capacite fournisseur SDC-VD0990780A,lower_is_riskier,ok
supplier_stock_node_SDC-VD0500655A_0_01,etudecas\simulation\sensibility\active_supplier_parameter_result_upstream_constrained\cases\supplier_stock_node_SDC-VD0500655A_0_01\input_case.json,etudecas\simulation\sensibility\active_supplier_parameter_result_upstream_constrained\cases\supplier_stock_node_SDC-VD0500655A_0_01\simulation_output,2.0,5653.408164,0.0,7263350.6084,20793472.4136,136.0,8.0,664489123.4272,0.127112,0.072635,0.3,0.24618,0.090643,0.16343,0.0,620121663.3403,1.0,25762139.9999,0.0,888545020.1141,61148958.3234,25762139.9999,0.0,0.0,0.0,303596232.9482,208013024.9465,711625905.8924,546130595.645,546130595.645,2083708171.834,53329985.2626,7772769.5122,22207912.892,4441582.5784,27750608.4457,68338188.0,0.0,106327600.0,18344687.497,15053662.3807,25762139.9999,823730758.808,0.0,5542695.5537,0.0,9993560.8014,0.0,0.01,supplier_stock_node,supplier_stock_node::SDC-VD0500655A,Stock fournisseur SDC-VD0500655A,lower_is_riskier,ok
supplier_stock_node_SDC-VD0500655A_0_25,etudecas\simulation\sensibility\active_supplier_parameter_result_upstream_constrained\cases\supplier_stock_node_SDC-VD0500655A_0_25\input_case.json,etudecas\simulation\sensibility\active_supplier_parameter_result_upstream_constrained\cases\supplier_stock_node_SDC-VD0500655A_0_25\simulation_output,2.0,5653.408164,0.0,7263350.6084,20793472.4136,136.0,8.0,664489123.4272,0.127112,0.072635,0.3,0.24618,0.090643,0.16343,0.0,620121663.3403,1.0,25762139.9999,0.0,888545020.1141,61148958.3234,25762139.9999,0.0,0.0,0.0,303596232.9482,208012981.7465,711625905.8924,546130595.645,546130595.645,2083708171.834,53329985.2626,7772769.5122,22207912.892,4441582.5784,27750608.4457,68338188.0,0.0,106327600.0,18344687.497,15053662.3807,25762139.9999,823730758.808,0.0,5542695.5537,0.0,9993560.8014,0.0,0.25,supplier_stock_node,supplier_stock_node::SDC-VD0500655A,Stock fournisseur SDC-VD0500655A,lower_is_riskier,ok
supplier_stock_node_SDC-VD0500655A_0_5,etudecas\simulation\sensibility\active_supplier_parameter_result_upstream_constrained\cases\supplier_stock_node_SDC-VD0500655A_0_5\input_case.json,etudecas\simulation\sensibility\active_supplier_parameter_result_upstream_constrained\cases\supplier_stock_node_SDC-VD0500655A_0_5\simulation_output,2.0,5653.408164,0.0,7263350.6084,20793472.4136,136.0,8.0,664489123.4272,0.127112,0.072635,0.3,0.24618,0.090643,0.16343,0.0,620121663.3403,1.0,25762139.9999,0.0,888545020.1141,61148958.3234,25762139.9999,0.0,0.0,0.0,303596232.9482,208012936.7465,711625905.8924,546130595.645,546130595.645,2083708171.834,53329985.2626,7772769.5122,22207912.892,4441582.5784,27750608.4457,68338188.0,0.0,106327600.0,18344687.497,15053662.3807,25762139.9999,823730758.808,0.0,5542695.5537,0.0,9993560.8014,0.0,0.5,supplier_stock_node,supplier_stock_node::SDC-VD0500655A,Stock fournisseur SDC-VD0500655A,lower_is_riskier,ok
supplier_stock_node_SDC-VD0500655A_0_75,etudecas\simulation\sensibility\active_supplier_parameter_result_upstream_constrained\cases\supplier_stock_node_SDC-VD0500655A_0_75\input_case.json,etudecas\simulation\sensibility\active_supplier_parameter_result_upstream_constrained\cases\supplier_stock_node_SDC-VD0500655A_0_75\simulation_output,2.0,5653.408164,0.0,7263350.6084,20793472.4136,136.0,8.0,664489123.4272,0.127112,0.072635,0.3,0.24618,0.090643,0.16343,0.0,620121663.3403,1.0,25762139.9999,0.0,888545020.1141,61148958.3234,25762139.9999,0.0,0.0,0.0,303596232.9482,208012891.7465,711625905.8924,546130595.645,546130595.645,2083708171.834,53329985.2626,7772769.5122,22207912.892,4441582.5784,27750608.4457,68338188.0,0.0,106327600.0,18344687.497,15053662.3807,25762139.9999,823730758.808,0.0,5542695.5537,0.0,9993560.8014,0.0,0.75,supplier_stock_node,supplier_stock_node::SDC-VD0500655A,Stock fournisseur SDC-VD0500655A,lower_is_riskier,ok
supplier_stock_node_SDC-VD0500655A_0_9,etudecas\simulation\sensibility\active_supplier_parameter_result_upstream_constrained\cases\supplier_stock_node_SDC-VD0500655A_0_9\input_case.json,etudecas\simulation\sensibility\active_supplier_parameter_result_upstream_constrained\cases\supplier_stock_node_SDC-VD0500655A_0_9\simulation_output,2.0,5653.408164,0.0,7263350.6084,20793472.4136,136.0,8.0,664489123.4272,0.127112,0.072635,0.3,0.24618,0.090643,0.16343,0.0,620121663.3403,1.0,25762139.9999,0.0,888545020.1141,61148958.3234,25762139.9999,0.0,0.0,0.0,303596232.9482,208012864.7465,711625905.8924,546130595.645,546130595.645,2083708171.834,53329985.2626,7772769.5122,22207912.892,4441582.5784,27750608.4457,68338188.0,0.0,106327600.0,18344687.497,15053662.3807,25762139.9999,823730758.808,0.0,5542695.5537,0.0,9993560.8014,0.0,0.9,supplier_stock_node,supplier_stock_node::SDC-VD0500655A,Stock fournisseur SDC-VD0500655A,lower_is_riskier,ok
supplier_stock_node_SDC-VD0500655A_1_0,etudecas\simulation\sensibility\active_supplier_parameter_result_upstream_constrained\cases\supplier_stock_node_SDC-VD0500655A_1_0\input_case.json,etudecas\simulation\sensibility\active_supplier_parameter_result_upstream_constrained\cases\supplier_stock_node_SDC-VD0500655A_1_0\simulation_output,2.0,5653.408164,0.0,7263350.6084,20793472.4136,136.0,8.0,664489123.4272,0.127112,0.072635,0.3,0.24618,0.090643,0.16343,0.0,620121663.3403,1.0,25762139.9999,0.0,888545020.1141,61148958.3234,25762139.9999,0.0,0.0,0.0,303596232.9482,208012846.7465,711625905.8924,546130595.645,546130595.645,2083708171.834,53329985.2626,7772769.5122,22207912.892,4441582.5784,27750608.4457,68338188.0,0.0,106327600.0,18344687.497,15053662.3807,25762139.9999,823730758.808,0.0,5542695.5537,0.0,9993560.8014,0.0,1.0,supplier_stock_node,supplier_stock_node::SDC-VD0500655A,Stock fournisseur SDC-VD0500655A,lower_is_riskier,ok
supplier_capacity_node_SDC-VD0500655A_0_01,etudecas\simulation\sensibility\active_supplier_parameter_result_upstream_constrained\cases\supplier_capacity_node_SDC-VD0500655A_0_01\input_case.json,etudecas\simulation\sensibility\active_supplier_parameter_result_upstream_constrained\cases\supplier_capacity_node_SDC-VD0500655A_0_01\simulation_output,2.0,5653.408164,0.0,7263350.6084,20793472.4136,136.0,8.0,664489123.4272,0.127112,0.072635,0.3,0.24618,0.090643,0.16343,0.0,620121663.3403,1.0,25762139.9999,0.0,888545020.1141,61148958.3234,25762139.9999,0.0,0.0,0.0,303596232.9482,208012846.7465,711625905.8924,546130595.645,546130595.645,2083708171.834,53329985.2626,7772769.5122,22207912.892,4441582.5784,27750608.4457,68338188.0,0.0,106327600.0,18344687.497,15053662.3807,25762139.9999,823730758.808,0.0,5542695.5537,0.0,9993560.8014,0.0,0.01,supplier_capacity_node,supplier_capacity_node::SDC-VD0500655A,Capacite fournisseur SDC-VD0500655A,lower_is_riskier,ok
supplier_capacity_node_SDC-VD0500655A_0_05,etudecas\simulation\sensibility\active_supplier_parameter_result_upstream_constrained\cases\supplier_capacity_node_SDC-VD0500655A_0_05\input_case.json,etudecas\simulation\sensibility\active_supplier_parameter_result_upstream_constrained\cases\supplier_capacity_node_SDC-VD0500655A_0_05\simulation_output,2.0,5653.408164,0.0,7263350.6084,20793472.4136,136.0,8.0,664489123.4272,0.127112,0.072635,0.3,0.24618,0.090643,0.16343,0.0,620121663.3403,1.0,25762139.9999,0.0,888545020.1141,61148958.3234,25762139.9999,0.0,0.0,0.0,303596232.9482,208012846.7465,711625905.8924,546130595.645,546130595.645,2083708171.834,53329985.2626,7772769.5122,22207912.892,4441582.5784,27750608.4457,68338188.0,0.0,106327600.0,18344687.497,15053662.3807,25762139.9999,823730758.808,0.0,5542695.5537,0.0,9993560.8014,0.0,0.05,supplier_capacity_node,supplier_capacity_node::SDC-VD0500655A,Capacite fournisseur SDC-VD0500655A,lower_is_riskier,ok
supplier_capacity_node_SDC-VD0500655A_0_1,etudecas\simulation\sensibility\active_supplier_parameter_result_upstream_constrained\cases\supplier_capacity_node_SDC-VD0500655A_0_1\input_case.json,etudecas\simulation\sensibility\active_supplier_parameter_result_upstream_constrained\cases\supplier_capacity_node_SDC-VD0500655A_0_1\simulation_output,2.0,5653.408164,0.0,7263350.6084,20793472.4136,136.0,8.0,664489123.4272,0.127112,0.072635,0.3,0.24618,0.090643,0.16343,0.0,620121663.3403,1.0,25762139.9999,0.0,888545020.1141,61148958.3234,25762139.9999,0.0,0.0,0.0,303596232.9482,208012846.7465,711625905.8924,546130595.645,546130595.645,2083708171.834,53329985.2626,7772769.5122,22207912.892,4441582.5784,27750608.4457,68338188.0,0.0,106327600.0,18344687.497,15053662.3807,25762139.9999,823730758.808,0.0,5542695.5537,0.0,9993560.8014,0.0,0.1,supplier_capacity_node,supplier_capacity_node::SDC-VD0500655A,Capacite fournisseur SDC-VD0500655A,lower_is_riskier,ok
supplier_capacity_node_SDC-VD0500655A_0_25,etudecas\simulation\sensibility\active_supplier_parameter_result_upstream_constrained\cases\supplier_capacity_node_SDC-VD0500655A_0_25\input_case.json,etudecas\simulation\sensibility\active_supplier_parameter_result_upstream_constrained\cases\supplier_capacity_node_SDC-VD0500655A_0_25\simulation_output,2.0,5653.408164,0.0,7263350.6084,20793472.4136,136.0,8.0,664489123.4272,0.127112,0.072635,0.3,0.24618,0.090643,0.16343,0.0,620121663.3403,1.0,25762139.9999,0.0,888545020.1141,61148958.3234,25762139.9999,0.0,0.0,0.0,303596232.9482,208012846.7465,711625905.8924,546130595.645,546130595.645,2083708171.834,53329985.2626,7772769.5122,22207912.892,4441582.5784,27750608.4457,68338188.0,0.0,106327600.0,18344687.497,15053662.3807,25762139.9999,823730758.808,0.0,5542695.5537,0.0,9993560.8014,0.0,0.25,supplier_capacity_node,supplier_capacity_node::SDC-VD0500655A,Capacite fournisseur SDC-VD0500655A,lower_is_riskier,ok
supplier_capacity_node_SDC-VD0500655A_0_5,etudecas\simulation\sensibility\active_supplier_parameter_result_upstream_constrained\cases\supplier_capacity_node_SDC-VD0500655A_0_5\input_case.json,etudecas\simulation\sensibility\active_supplier_parameter_result_upstream_constrained\cases\supplier_capacity_node_SDC-VD0500655A_0_5\simulation_output,2.0,5653.408164,0.0,7263350.6084,20793472.4136,136.0,8.0,664489123.4272,0.127112,0.072635,0.3,0.24618,0.090643,0.16343,0.0,620121663.3403,1.0,25762139.9999,0.0,888545020.1141,61148958.3234,25762139.9999,0.0,0.0,0.0,303596232.9482,208012846.7465,711625905.8924,546130595.645,546130595.645,2083708171.834,53329985.2626,7772769.5122,22207912.892,4441582.5784,27750608.4457,68338188.0,0.0,106327600.0,18344687.497,15053662.3807,25762139.9999,823730758.808,0.0,5542695.5537,0.0,9993560.8014,0.0,0.5,supplier_capacity_node,supplier_capacity_node::SDC-VD0500655A,Capacite fournisseur SDC-VD0500655A,lower_is_riskier,ok
supplier_capacity_node_SDC-VD0500655A_0_75,etudecas\simulation\sensibility\active_supplier_parameter_result_upstream_constrained\cases\supplier_capacity_node_SDC-VD0500655A_0_75\input_case.json,etudecas\simulation\sensibility\active_supplier_parameter_result_upstream_constrained\cases\supplier_capacity_node_SDC-VD0500655A_0_75\simulation_output,2.0,5653.408164,0.0,7263350.6084,20793472.4136,136.0,8.0,664489123.4272,0.127112,0.072635,0.3,0.24618,0.090643,0.16343,0.0,620121663.3403,1.0,25762139.9999,0.0,888545020.1141,61148958.3234,25762139.9999,0.0,0.0,0.0,303596232.9482,208012846.7465,711625905.8924,546130595.645,546130595.645,2083708171.834,53329985.2626,7772769.5122,22207912.892,4441582.5784,27750608.4457,68338188.0,0.0,106327600.0,18344687.497,15053662.3807,25762139.9999,823730758.808,0.0,5542695.5537,0.0,9993560.8014,0.0,0.75,supplier_capacity_node,supplier_capacity_node::SDC-VD0500655A,Capacite fournisseur SDC-VD0500655A,lower_is_riskier,ok
supplier_capacity_node_SDC-VD0500655A_1_0,etudecas\simulation\sensibility\active_supplier_parameter_result_upstream_constrained\cases\supplier_capacity_node_SDC-VD0500655A_1_0\input_case.json,etudecas\simulation\sensibility\active_supplier_parameter_result_upstream_constrained\cases\supplier_capacity_node_SDC-VD0500655A_1_0\simulation_output,2.0,5653.408164,0.0,7263350.6084,20793472.4136,136.0,8.0,664489123.4272,0.127112,0.072635,0.3,0.24618,0.090643,0.16343,0.0,620121663.3403,1.0,25762139.9999,0.0,888545020.1141,61148958.3234,25762139.9999,0.0,0.0,0.0,303596232.9482,208012846.7465,711625905.8924,546130595.645,546130595.645,2083708171.834,53329985.2626,7772769.5122,22207912.892,4441582.5784,27750608.4457,68338188.0,0.0,106327600.0,18344687.497,15053662.3807,25762139.9999,823730758.808,0.0,5542695.5537,0.0,9993560.8014,0.0,1.0,supplier_capacity_node,supplier_capacity_node::SDC-VD0500655A,Capacite fournisseur SDC-VD0500655A,lower_is_riskier,ok
supplier_stock_node_SDC-VD0514881A_0_01,etudecas\simulation\sensibility\active_supplier_parameter_result_upstream_constrained\cases\supplier_stock_node_SDC-VD0514881A_0_01\input_case.json,etudecas\simulation\sensibility\active_supplier_parameter_result_upstream_constrained\cases\supplier_stock_node_SDC-VD0514881A_0_01\simulation_output,2.0,5653.408164,0.0,7263350.6084,20793472.4136,136.0,8.0,664489123.4272,0.127112,0.072635,0.3,0.24618,0.090643,0.16343,0.0,620121663.3403,1.0,25762139.9999,0.0,888545020.1141,61148958.3234,25762139.9999,0.0,0.0,0.0,303596232.9482,208013024.9465,711625905.8924,546130595.645,546130595.645,2083708171.834,53329985.2626,7772769.5122,22207912.892,4441582.5784,27750608.4457,68338188.0,0.0,106327600.0,18344687.497,15053662.3807,25762139.9999,823730758.808,0.0,5542695.5537,0.0,9993560.8014,0.0,0.01,supplier_stock_node,supplier_stock_node::SDC-VD0514881A,Stock fournisseur SDC-VD0514881A,lower_is_riskier,ok
supplier_stock_node_SDC-VD0514881A_0_25,etudecas\simulation\sensibility\active_supplier_parameter_result_upstream_constrained\cases\supplier_stock_node_SDC-VD0514881A_0_25\input_case.json,etudecas\simulation\sensibility\active_supplier_parameter_result_upstream_constrained\cases\supplier_stock_node_SDC-VD0514881A_0_25\simulation_output,2.0,5653.408164,0.0,7263350.6084,20793472.4136,136.0,8.0,664489123.4272,0.127112,0.072635,0.3,0.24618,0.090643,0.16343,0.0,620121663.3403,1.0,25762139.9999,0.0,888545020.1141,61148958.3234,25762139.9999,0.0,0.0,0.0,303596232.9482,208012981.7465,711625905.8924,546130595.645,546130595.645,2083708171.834,53329985.2626,7772769.5122,22207912.892,4441582.5784,27750608.4457,68338188.0,0.0,106327600.0,18344687.497,15053662.3807,25762139.9999,823730758.808,0.0,5542695.5537,0.0,9993560.8014,0.0,0.25,supplier_stock_node,supplier_stock_node::SDC-VD0514881A,Stock fournisseur SDC-VD0514881A,lower_is_riskier,ok
supplier_stock_node_SDC-VD0514881A_0_5,etudecas\simulation\sensibility\active_supplier_parameter_result_upstream_constrained\cases\supplier_stock_node_SDC-VD0514881A_0_5\input_case.json,etudecas\simulation\sensibility\active_supplier_parameter_result_upstream_constrained\cases\supplier_stock_node_SDC-VD0514881A_0_5\simulation_output,2.0,5653.408164,0.0,7263350.6084,20793472.4136,136.0,8.0,664489123.4272,0.127112,0.072635,0.3,0.24618,0.090643,0.16343,0.0,620121663.3403,1.0,25762139.9999,0.0,888545020.1141,61148958.3234,25762139.9999,0.0,0.0,0.0,303596232.9482,208012936.7465,711625905.8924,546130595.645,546130595.645,2083708171.834,53329985.2626,7772769.5122,22207912.892,4441582.5784,27750608.4457,68338188.0,0.0,106327600.0,18344687.497,15053662.3807,25762139.9999,823730758.808,0.0,5542695.5537,0.0,9993560.8014,0.0,0.5,supplier_stock_node,supplier_stock_node::SDC-VD0514881A,Stock fournisseur SDC-VD0514881A,lower_is_riskier,ok
supplier_stock_node_SDC-VD0514881A_0_75,etudecas\simulation\sensibility\active_supplier_parameter_result_upstream_constrained\cases\supplier_stock_node_SDC-VD0514881A_0_75\input_case.json,etudecas\simulation\sensibility\active_supplier_parameter_result_upstream_constrained\cases\supplier_stock_node_SDC-VD0514881A_0_75\simulation_output,2.0,5653.408164,0.0,7263350.6084,20793472.4136,136.0,8.0,664489123.4272,0.127112,0.072635,0.3,0.24618,0.090643,0.16343,0.0,620121663.3403,1.0,25762139.9999,0.0,888545020.1141,61148958.3234,25762139.9999,0.0,0.0,0.0,303596232.9482,208012891.7465,711625905.8924,546130595.645,546130595.645,2083708171.834,53329985.2626,7772769.5122,22207912.892,4441582.5784,27750608.4457,68338188.0,0.0,106327600.0,18344687.497,15053662.3807,25762139.9999,823730758.808,0.0,5542695.5537,0.0,9993560.8014,0.0,0.75,supplier_stock_node,supplier_stock_node::SDC-VD0514881A,Stock fournisseur SDC-VD0514881A,lower_is_riskier,ok
supplier_stock_node_SDC-VD0514881A_0_9,etudecas\simulation\sensibility\active_supplier_parameter_result_upstream_constrained\cases\supplier_stock_node_SDC-VD0514881A_0_9\input_case.json,etudecas\simulation\sensibility\active_supplier_parameter_result_upstream_constrained\cases\supplier_stock_node_SDC-VD0514881A_0_9\simulation_output,2.0,5653.408164,0.0,7263350.6084,20793472.4136,136.0,8.0,664489123.4272,0.127112,0.072635,0.3,0.24618,0.090643,0.16343,0.0,620121663.3403,1.0,25762139.9999,0.0,888545020.1141,61148958.3234,25762139.9999,0.0,0.0,0.0,303596232.9482,208012864.7465,711625905.8924,546130595.645,546130595.645,2083708171.834,53329985.2626,7772769.5122,22207912.892,4441582.5784,27750608.4457,68338188.0,0.0,106327600.0,18344687.497,15053662.3807,25762139.9999,823730758.808,0.0,5542695.5537,0.0,9993560.8014,0.0,0.9,supplier_stock_node,supplier_stock_node::SDC-VD0514881A,Stock fournisseur SDC-VD0514881A,lower_is_riskier,ok
supplier_stock_node_SDC-VD0514881A_1_0,etudecas\simulation\sensibility\active_supplier_parameter_result_upstream_constrained\cases\supplier_stock_node_SDC-VD0514881A_1_0\input_case.json,etudecas\simulation\sensibility\active_supplier_parameter_result_upstream_constrained\cases\supplier_stock_node_SDC-VD0514881A_1_0\simulation_output,2.0,5653.408164,0.0,7263350.6084,20793472.4136,136.0,8.0,664489123.4272,0.127112,0.072635,0.3,0.24618,0.090643,0.16343,0.0,620121663.3403,1.0,25762139.9999,0.0,888545020.1141,61148958.3234,25762139.9999,0.0,0.0,0.0,303596232.9482,208012846.7465,711625905.8924,546130595.645,546130595.645,2083708171.834,53329985.2626,7772769.5122,22207912.892,4441582.5784,27750608.4457,68338188.0,0.0,106327600.0,18344687.497,15053662.3807,25762139.9999,823730758.808,0.0,5542695.5537,0.0,9993560.8014,0.0,1.0,supplier_stock_node,supplier_stock_node::SDC-VD0514881A,Stock fournisseur SDC-VD0514881A,lower_is_riskier,ok
supplier_capacity_node_SDC-VD0514881A_0_01,etudecas\simulation\sensibility\active_supplier_parameter_result_upstream_constrained\cases\supplier_capacity_node_SDC-VD0514881A_0_01\input_case.json,etudecas\simulation\sensibility\active_supplier_parameter_result_upstream_constrained\cases\supplier_capacity_node_SDC-VD0514881A_0_01\simulation_output,2.0,5653.408164,0.0,7263350.6084,20793472.4136,136.0,8.0,664489123.4272,0.127112,0.072635,0.3,0.24618,0.090643,0.16343,0.0,620121663.3403,1.0,25762139.9999,0.0,888545020.1141,61148958.3234,25762139.9999,0.0,0.0,0.0,303596232.9482,208012846.7465,711625905.8924,546130595.645,546130595.645,2083708171.834,53329985.2626,7772769.5122,22207912.892,4441582.5784,27750608.4457,68338188.0,0.0,106327600.0,18344687.497,15053662.3807,25762139.9999,823730758.808,0.0,5542695.5537,0.0,9993560.8014,0.0,0.01,supplier_capacity_node,supplier_capacity_node::SDC-VD0514881A,Capacite fournisseur SDC-VD0514881A,lower_is_riskier,ok
supplier_capacity_node_SDC-VD0514881A_0_05,etudecas\simulation\sensibility\active_supplier_parameter_result_upstream_constrained\cases\supplier_capacity_node_SDC-VD0514881A_0_05\input_case.json,etudecas\simulation\sensibility\active_supplier_parameter_result_upstream_constrained\cases\supplier_capacity_node_SDC-VD0514881A_0_05\simulation_output,2.0,5653.408164,0.0,7263350.6084,20793472.4136,136.0,8.0,664489123.4272,0.127112,0.072635,0.3,0.24618,0.090643,0.16343,0.0,620121663.3403,1.0,25762139.9999,0.0,888545020.1141,61148958.3234,25762139.9999,0.0,0.0,0.0,303596232.9482,208012846.7465,711625905.8924,546130595.645,546130595.645,2083708171.834,53329985.2626,7772769.5122,22207912.892,4441582.5784,27750608.4457,68338188.0,0.0,106327600.0,18344687.497,15053662.3807,25762139.9999,823730758.808,0.0,5542695.5537,0.0,9993560.8014,0.0,0.05,supplier_capacity_node,supplier_capacity_node::SDC-VD0514881A,Capacite fournisseur SDC-VD0514881A,lower_is_riskier,ok
supplier_capacity_node_SDC-VD0514881A_0_1,etudecas\simulation\sensibility\active_supplier_parameter_result_upstream_constrained\cases\supplier_capacity_node_SDC-VD0514881A_0_1\input_case.json,etudecas\simulation\sensibility\active_supplier_parameter_result_upstream_constrained\cases\supplier_capacity_node_SDC-VD0514881A_0_1\simulation_output,2.0,5653.408164,0.0,7263350.6084,20793472.4136,136.0,8.0,664489123.4272,0.127112,0.072635,0.3,0.24618,0.090643,0.16343,0.0,620121663.3403,1.0,25762139.9999,0.0,888545020.1141,61148958.3234,25762139.9999,0.0,0.0,0.0,303596232.9482,208012846.7465,711625905.8924,546130595.645,546130595.645,2083708171.834,53329985.2626,7772769.5122,22207912.892,4441582.5784,27750608.4457,68338188.0,0.0,106327600.0,18344687.497,15053662.3807,25762139.9999,823730758.808,0.0,5542695.5537,0.0,9993560.8014,0.0,0.1,supplier_capacity_node,supplier_capacity_node::SDC-VD0514881A,Capacite fournisseur SDC-VD0514881A,lower_is_riskier,ok
supplier_capacity_node_SDC-VD0514881A_0_25,etudecas\simulation\sensibility\active_supplier_parameter_result_upstream_constrained\cases\supplier_capacity_node_SDC-VD0514881A_0_25\input_case.json,etudecas\simulation\sensibility\active_supplier_parameter_result_upstream_constrained\cases\supplier_capacity_node_SDC-VD0514881A_0_25\simulation_output,2.0,5653.408164,0.0,7263350.6084,20793472.4136,136.0,8.0,664489123.4272,0.127112,0.072635,0.3,0.24618,0.090643,0.16343,0.0,620121663.3403,1.0,25762139.9999,0.0,888545020.1141,61148958.3234,25762139.9999,0.0,0.0,0.0,303596232.9482,208012846.7465,711625905.8924,546130595.645,546130595.645,2083708171.834,53329985.2626,7772769.5122,22207912.892,4441582.5784,27750608.4457,68338188.0,0.0,106327600.0,18344687.497,15053662.3807,25762139.9999,823730758.808,0.0,5542695.5537,0.0,9993560.8014,0.0,0.25,supplier_capacity_node,supplier_capacity_node::SDC-VD0514881A,Capacite fournisseur SDC-VD0514881A,lower_is_riskier,ok
supplier_capacity_node_SDC-VD0514881A_0_5,etudecas\simulation\sensibility\active_supplier_parameter_result_upstream_constrained\cases\supplier_capacity_node_SDC-VD0514881A_0_5\input_case.json,etudecas\simulation\sensibility\active_supplier_parameter_result_upstream_constrained\cases\supplier_capacity_node_SDC-VD0514881A_0_5\simulation_output,2.0,5653.408164,0.0,7263350.6084,20793472.4136,136.0,8.0,664489123.4272,0.127112,0.072635,0.3,0.24618,0.090643,0.16343,0.0,620121663.3403,1.0,25762139.9999,0.0,888545020.1141,61148958.3234,25762139.9999,0.0,0.0,0.0,303596232.9482,208012846.7465,711625905.8924,546130595.645,546130595.645,2083708171.834,53329985.2626,7772769.5122,22207912.892,4441582.5784,27750608.4457,68338188.0,0.0,106327600.0,18344687.497,15053662.3807,25762139.9999,823730758.808,0.0,5542695.5537,0.0,9993560.8014,0.0,0.5,supplier_capacity_node,supplier_capacity_node::SDC-VD0514881A,Capacite fournisseur SDC-VD0514881A,lower_is_riskier,ok
supplier_capacity_node_SDC-VD0514881A_0_75,etudecas\simulation\sensibility\active_supplier_parameter_result_upstream_constrained\cases\supplier_capacity_node_SDC-VD0514881A_0_75\input_case.json,etudecas\simulation\sensibility\active_supplier_parameter_result_upstream_constrained\cases\supplier_capacity_node_SDC-VD0514881A_0_75\simulation_output,2.0,5653.408164,0.0,7263350.6084,20793472.4136,136.0,8.0,664489123.4272,0.127112,0.072635,0.3,0.24618,0.090643,0.16343,0.0,620121663.3403,1.0,25762139.9999,0.0,888545020.1141,61148958.3234,25762139.9999,0.0,0.0,0.0,303596232.9482,208012846.7465,711625905.8924,546130595.645,546130595.645,2083708171.834,53329985.2626,7772769.5122,22207912.892,4441582.5784,27750608.4457,68338188.0,0.0,106327600.0,18344687.497,15053662.3807,25762139.9999,823730758.808,0.0,5542695.5537,0.0,9993560.8014,0.0,0.75,supplier_capacity_node,supplier_capacity_node::SDC-VD0514881A,Capacite fournisseur SDC-VD0514881A,lower_is_riskier,ok
supplier_capacity_node_SDC-VD0514881A_1_0,etudecas\simulation\sensibility\active_supplier_parameter_result_upstream_constrained\cases\supplier_capacity_node_SDC-VD0514881A_1_0\input_case.json,etudecas\simulation\sensibility\active_supplier_parameter_result_upstream_constrained\cases\supplier_capacity_node_SDC-VD0514881A_1_0\simulation_output,2.0,5653.408164,0.0,7263350.6084,20793472.4136,136.0,8.0,664489123.4272,0.127112,0.072635,0.3,0.24618,0.090643,0.16343,0.0,620121663.3403,1.0,25762139.9999,0.0,888545020.1141,61148958.3234,25762139.9999,0.0,0.0,0.0,303596232.9482,208012846.7465,711625905.8924,546130595.645,546130595.645,2083708171.834,53329985.2626,7772769.5122,22207912.892,4441582.5784,27750608.4457,68338188.0,0.0,106327600.0,18344687.497,15053662.3807,25762139.9999,823730758.808,0.0,5542695.5537,0.0,9993560.8014,0.0,1.0,supplier_capacity_node,supplier_capacity_node::SDC-VD0514881A,Capacite fournisseur SDC-VD0514881A,lower_is_riskier,ok
supplier_stock_node_SDC-VD0519670A_0_01,etudecas\simulation\sensibility\active_supplier_parameter_result_upstream_constrained\cases\supplier_stock_node_SDC-VD0519670A_0_01\input_case.json,etudecas\simulation\sensibility\active_supplier_parameter_result_upstream_constrained\cases\supplier_stock_node_SDC-VD0519670A_0_01\simulation_output,2.0,5653.408164,0.0,7263350.6084,20793472.4136,136.0,8.0,664489123.4272,0.127112,0.072635,0.3,0.24618,0.090643,0.16343,0.0,620121663.3403,1.0,25762139.9999,0.0,888545020.1141,61148958.3234,25762139.9999,0.0,0.0,0.0,303596232.9482,208013203.1465,711625905.8924,546130595.645,546130595.645,2083708171.834,53329985.2626,7772769.5122,22207912.892,4441582.5784,27750608.4457,68338188.0,0.0,106327600.0,18344687.497,15053662.3807,25762139.9999,823730758.808,0.0,5542695.5537,0.0,9993560.8014,0.0,0.01,supplier_stock_node,supplier_stock_node::SDC-VD0519670A,Stock fournisseur SDC-VD0519670A,lower_is_riskier,ok
supplier_stock_node_SDC-VD0519670A_0_25,etudecas\simulation\sensibility\active_supplier_parameter_result_upstream_constrained\cases\supplier_stock_node_SDC-VD0519670A_0_25\input_case.json,etudecas\simulation\sensibility\active_supplier_parameter_result_upstream_constrained\cases\supplier_stock_node_SDC-VD0519670A_0_25\simulation_output,2.0,5653.408164,0.0,7263350.6084,20793472.4136,136.0,8.0,664489123.4272,0.127112,0.072635,0.3,0.24618,0.090643,0.16343,0.0,620121663.3403,1.0,25762139.9999,0.0,888545020.1141,61148958.3234,25762139.9999,0.0,0.0,0.0,303596232.9482,208013116.7465,711625905.8924,546130595.645,546130595.645,2083708171.834,53329985.2626,7772769.5122,22207912.892,4441582.5784,27750608.4457,68338188.0,0.0,106327600.0,18344687.497,15053662.3807,25762139.9999,823730758.808,0.0,5542695.5537,0.0,9993560.8014,0.0,0.25,supplier_stock_node,supplier_stock_node::SDC-VD0519670A,Stock fournisseur SDC-VD0519670A,lower_is_riskier,ok
supplier_stock_node_SDC-VD0519670A_0_5,etudecas\simulation\sensibility\active_supplier_parameter_result_upstream_constrained\cases\supplier_stock_node_SDC-VD0519670A_0_5\input_case.json,etudecas\simulation\sensibility\active_supplier_parameter_result_upstream_constrained\cases\supplier_stock_node_SDC-VD0519670A_0_5\simulation_output,2.0,5653.408164,0.0,7263350.6084,20793472.4136,136.0,8.0,664489123.4272,0.127112,0.072635,0.3,0.24618,0.090643,0.16343,0.0,620121663.3403,1.0,25762139.9999,0.0,888545020.1141,61148958.3234,25762139.9999,0.0,0.0,0.0,303596232.9482,208013026.7465,711625905.8924,546130595.645,546130595.645,2083708171.834,53329985.2626,7772769.5122,22207912.892,4441582.5784,27750608.4457,68338188.0,0.0,106327600.0,18344687.497,15053662.3807,25762139.9999,823730758.808,0.0,5542695.5537,0.0,9993560.8014,0.0,0.5,supplier_stock_node,supplier_stock_node::SDC-VD0519670A,Stock fournisseur SDC-VD0519670A,lower_is_riskier,ok
supplier_stock_node_SDC-VD0519670A_0_75,etudecas\simulation\sensibility\active_supplier_parameter_result_upstream_constrained\cases\supplier_stock_node_SDC-VD0519670A_0_75\input_case.json,etudecas\simulation\sensibility\active_supplier_parameter_result_upstream_constrained\cases\supplier_stock_node_SDC-VD0519670A_0_75\simulation_output,2.0,5653.408164,0.0,7263350.6084,20793472.4136,136.0,8.0,664489123.4272,0.127112,0.072635,0.3,0.24618,0.090643,0.16343,0.0,620121663.3403,1.0,25762139.9999,0.0,888545020.1141,61148958.3234,25762139.9999,0.0,0.0,0.0,303596232.9482,208012936.7465,711625905.8924,546130595.645,546130595.645,2083708171.834,53329985.2626,7772769.5122,22207912.892,4441582.5784,27750608.4457,68338188.0,0.0,106327600.0,18344687.497,15053662.3807,25762139.9999,823730758.808,0.0,5542695.5537,0.0,9993560.8014,0.0,0.75,supplier_stock_node,supplier_stock_node::SDC-VD0519670A,Stock fournisseur SDC-VD0519670A,lower_is_riskier,ok
supplier_stock_node_SDC-VD0519670A_0_9,etudecas\simulation\sensibility\active_supplier_parameter_result_upstream_constrained\cases\supplier_stock_node_SDC-VD0519670A_0_9\input_case.json,etudecas\simulation\sensibility\active_supplier_parameter_result_upstream_constrained\cases\supplier_stock_node_SDC-VD0519670A_0_9\simulation_output,2.0,5653.408164,0.0,7263350.6084,20793472.4136,136.0,8.0,664489123.4272,0.127112,0.072635,0.3,0.24618,0.090643,0.16343,0.0,620121663.3403,1.0,25762139.9999,0.0,888545020.1141,61148958.3234,25762139.9999,0.0,0.0,0.0,303596232.9482,208012882.7465,711625905.8924,546130595.645,546130595.645,2083708171.834,53329985.2626,7772769.5122,22207912.892,4441582.5784,27750608.4457,68338188.0,0.0,106327600.0,18344687.497,15053662.3807,25762139.9999,823730758.808,0.0,5542695.5537,0.0,9993560.8014,0.0,0.9,supplier_stock_node,supplier_stock_node::SDC-VD0519670A,Stock fournisseur SDC-VD0519670A,lower_is_riskier,ok
supplier_stock_node_SDC-VD0519670A_1_0,etudecas\simulation\sensibility\active_supplier_parameter_result_upstream_constrained\cases\supplier_stock_node_SDC-VD0519670A_1_0\input_case.json,etudecas\simulation\sensibility\active_supplier_parameter_result_upstream_constrained\cases\supplier_stock_node_SDC-VD0519670A_1_0\simulation_output,2.0,5653.408164,0.0,7263350.6084,20793472.4136,136.0,8.0,664489123.4272,0.127112,0.072635,0.3,0.24618,0.090643,0.16343,0.0,620121663.3403,1.0,25762139.9999,0.0,888545020.1141,61148958.3234,25762139.9999,0.0,0.0,0.0,303596232.9482,208012846.7465,711625905.8924,546130595.645,546130595.645,2083708171.834,53329985.2626,7772769.5122,22207912.892,4441582.5784,27750608.4457,68338188.0,0.0,106327600.0,18344687.497,15053662.3807,25762139.9999,823730758.808,0.0,5542695.5537,0.0,9993560.8014,0.0,1.0,supplier_stock_node,supplier_stock_node::SDC-VD0519670A,Stock fournisseur SDC-VD0519670A,lower_is_riskier,ok
supplier_capacity_node_SDC-VD0519670A_0_01,etudecas\simulation\sensibility\active_supplier_parameter_result_upstream_constrained\cases\supplier_capacity_node_SDC-VD0519670A_0_01\input_case.json,etudecas\simulation\sensibility\active_supplier_parameter_result_upstream_constrained\cases\supplier_capacity_node_SDC-VD0519670A_0_01\simulation_output,2.0,5653.408164,0.0,7263350.6084,20793472.4136,136.0,8.0,664497718.5356,0.127127,0.072644,0.3,0.246135,0.090645,0.163449,0.0,620236815.2613,1.0,25762139.9999,0.0,888652968.0065,61147165.2231,25762139.9999,0.0,0.0,0.0,303602636.5293,208013519.4716,711578577.3944,546076863.566,546076863.566,2084278259.1916,53321838.1879,7773444.7855,22209842.2443,4441968.4489,27752553.9728,68338188.0,0.0,106327600.0,18344149.5669,15050461.6833,25762139.9999,823676899.0065,0.0,5542711.7285,0.0,9994429.0099,0.0,0.01,supplier_capacity_node,supplier_capacity_node::SDC-VD0519670A,Capacite fournisseur SDC-VD0519670A,lower_is_riskier,ok
supplier_capacity_node_SDC-VD0519670A_0_05,etudecas\simulation\sensibility\active_supplier_parameter_result_upstream_constrained\cases\supplier_capacity_node_SDC-VD0519670A_0_05\input_case.json,etudecas\simulation\sensibility\active_supplier_parameter_result_upstream_constrained\cases\supplier_capacity_node_SDC-VD0519670A_0_05\simulation_output,2.0,5653.408164,0.0,7263350.6084,20793472.4136,136.0,8.0,664497579.5715,0.127127,0.072644,0.3,0.246135,0.090646,0.163449,0.0,620236677.0638,1.0,25762139.9999,0.0,888652968.0065,61147113.588,25762139.9999,0.0,0.0,0.0,303602513.687,208013458.0505,711578500.618,546076909.6319,546076909.6319,2084280364.5623,53321985.5986,7773432.1349,22209806.0998,4441961.22,27752517.8283,68338188.0,0.0,106327600.0,18344134.0764,15050461.6833,25762139.9999,823676899.0065,0.0,5542711.7285,0.0,9994412.7449,0.0,0.05,supplier_capacity_node,supplier_capacity_node::SDC-VD0519670A,Capacite fournisseur SDC-VD0519670A,lower_is_riskier,ok
supplier_capacity_node_SDC-VD0519670A_0_1,etudecas\simulation\sensibility\active_supplier_parameter_result_upstream_constrained\cases\supplier_capacity_node_SDC-VD0519670A_0_1\input_case.json,etudecas\simulation\sensibility\active_supplier_parameter_result_upstream_constrained\cases\supplier_capacity_node_SDC-VD0519670A_0_1\simulation_output,2.0,5653.408164,0.0,7263350.6084,20793472.4136,136.0,8.0,664496899.3238,0.127126,0.072644,0.3,0.246136,0.090646,0.163448,0.0,620236000.9077,1.0,25762139.9999,0.0,888652968.0065,61146860.8274,25762139.9999,0.0,0.0,0.0,303601912.6594,208013157.5367,711578124.9758,546077135.0172,546077135.0172,2084291287.6115,53322706.8318,7773370.2086,22209629.1673,4441925.8335,27752340.8959,68338188.0,0.0,106327600.0,18344058.2482,15050461.6833,25762139.9999,823676899.0065,0.0,5542711.7285,0.0,9994333.1253,0.0,0.1,supplier_capacity_node,supplier_capacity_node::SDC-VD0519670A,Capacite fournisseur SDC-VD0519670A,lower_is_riskier,ok
supplier_capacity_node_SDC-VD0519670A_0_25,etudecas\simulation\sensibility\active_supplier_parameter_result_upstream_constrained\cases\supplier_capacity_node_SDC-VD0519670A_0_25\input_case.json,etudecas\simulation\sensibility\active_supplier_parameter_result_upstream_constrained\cases\supplier_capacity_node_SDC-VD0519670A_0_25\simulation_output,2.0,5653.408164,0.0,7263350.6084,20793472.4136,136.0,8.0,664495197.1974,0.127125,0.072643,0.3,0.246139,0.090647,0.163446,0.0,620234296.9944,1.0,25762139.9999,0.0,888652968.0065,61146228.3658,25762139.9999,0.0,0.0,0.0,303600398.0698,208012846.7465,711576731.8526,546077256.4837,546077256.4837,2084322632.6794,53323095.5245,7773215.2555,22209186.4442,4441837.2888,27751898.1728,68338188.0,0.0,106327600.0,18343868.5097,15050461.6833,25762139.9999,823676899.0065,0.0,5542711.7285,0.0,9994133.8999,0.0,0.25,supplier_capacity_node,supplier_capacity_node::SDC-VD0519670A,Capacite fournisseur SDC-VD0519670A,lower_is_riskier,ok
supplier_capacity_node_SDC-VD0519670A_0_5,etudecas\simulation\sensibility\active_supplier_parameter_result_upstream_constrained\cases\supplier_capacity_node_SDC-VD0519670A_0_5\input_case.json,etudecas\simulation\sensibility\active_supplier_parameter_result_upstream_constrained\cases\supplier_capacity_node_SDC-VD0519670A_0_5\simulation_output,2.0,5653.408164,0.0,7263350.6084,20793472.4136,136.0,8.0,664491696.1707,0.127114,0.072637,0.3,0.246176,0.090641,0.163432,0.0,620124266.5412,1.0,25762139.9999,0.0,888545020.1141,61149914.2813,25762139.9999,0.0,0.0,0.0,303598546.9046,208012846.7465,711628509.0934,546130884.8896,546130884.8896,2083683346.8157,53330910.8452,7773003.7219,22208582.0625,4441716.4125,27751277.6163,68338188.0,0.0,106327600.0,18344974.2844,15053662.3807,25762139.9999,823730758.808,0.0,5542695.5537,0.0,9993861.9281,0.0,0.5,supplier_capacity_node,supplier_capacity_node::SDC-VD0519670A,Capacite fournisseur SDC-VD0519670A,lower_is_riskier,ok
supplier_capacity_node_SDC-VD0519670A_0_75,etudecas\simulation\sensibility\active_supplier_parameter_result_upstream_constrained\cases\supplier_capacity_node_SDC-VD0519670A_0_75\input_case.json,etudecas\simulation\sensibility\active_supplier_parameter_result_upstream_constrained\cases\supplier_capacity_node_SDC-VD0519670A_0_75\simulation_output,2.0,5653.408164,0.0,7263350.6084,20793472.4136,136.0,8.0,664490227.023,0.127113,0.072636,0.3,0.246179,0.090642,0.163431,0.0,620122778.9978,1.0,25762139.9999,0.0,888545020.1141,61149368.388,25762139.9999,0.0,0.0,0.0,303597224.6438,208012846.7465,711627021.55,546130719.607,546130719.607,2083695723.0638,53330381.9409,7772869.978,22208199.9372,4441639.9874,27750895.491,68338188.0,0.0,106327600.0,18344810.5164,15053662.3807,25762139.9999,823730758.808,0.0,5542695.5537,0.0,9993689.9718,0.0,0.75,supplier_capacity_node,supplier_capacity_node::SDC-VD0519670A,Capacite fournisseur SDC-VD0519670A,lower_is_riskier,ok
supplier_capacity_node_SDC-VD0519670A_1_0,etudecas\simulation\sensibility\active_supplier_parameter_result_upstream_constrained\cases\supplier_capacity_node_SDC-VD0519670A_1_0\input_case.json,etudecas\simulation\sensibility\active_supplier_parameter_result_upstream_constrained\cases\supplier_capacity_node_SDC-VD0519670A_1_0\simulation_output,2.0,5653.408164,0.0,7263350.6084,20793472.4136,136.0,8.0,664489123.4272,0.127112,0.072635,0.3,0.24618,0.090643,0.16343,0.0,620121663.3403,1.0,25762139.9999,0.0,888545020.1141,61148958.3234,25762139.9999,0.0,0.0,0.0,303596232.9482,208012846.7465,711625905.8924,546130595.645,546130595.645,2083708171.834,53329985.2626,7772769.5122,22207912.892,4441582.5784,27750608.4457,68338188.0,0.0,106327600.0,18344687.497,15053662.3807,25762139.9999,823730758.808,0.0,5542695.5537,0.0,9993560.8014,0.0,1.0,supplier_capacity_node,supplier_capacity_node::SDC-VD0519670A,Capacite fournisseur SDC-VD0519670A,lower_is_riskier,ok
supplier_stock_node_SDC-VD0914320A_0_01,etudecas\simulation\sensibility\active_supplier_parameter_result_upstream_constrained\cases\supplier_stock_node_SDC-VD0914320A_0_01\input_case.json,etudecas\simulation\sensibility\active_supplier_parameter_result_upstream_constrained\cases\supplier_stock_node_SDC-VD0914320A_0_01\simulation_output,2.0,5653.408164,0.0,7263350.6084,20793472.4136,136.0,8.0,664489167.1804,0.127112,0.072636,0.3,0.246179,0.090642,0.16343,0.0,620121707.4714,1.0,25762139.9999,0.0,888545020.1141,61149153.947,25762139.9999,0.0,0.0,0.0,303596270.7749,208013024.9465,711625950.0235,546130601.9495,546130601.9495,2083707808.6952,53330605.8721,7772817.44,22208049.8285,4441609.9657,27750745.3822,68338188.0,0.0,106327600.0,18344746.1841,15053662.3807,25762139.9999,823730758.808,0.0,5542695.5537,0.0,9993622.4228,0.0,0.01,supplier_stock_node,supplier_stock_node::SDC-VD0914320A,Stock fournisseur SDC-VD0914320A,lower_is_riskier,ok
supplier_stock_node_SDC-VD0914320A_0_25,etudecas\simulation\sensibility\active_supplier_parameter_result_upstream_constrained\cases\supplier_stock_node_SDC-VD0914320A_0_25\input_case.json,etudecas\simulation\sensibility\active_supplier_parameter_result_upstream_constrained\cases\supplier_stock_node_SDC-VD0914320A_0_25\simulation_output,2.0,5653.408164,0.0,7263350.6084,20793472.4136,136.0,8.0,664489167.1804,0.127112,0.072636,0.3,0.246179,0.090642,0.16343,0.0,620121707.4714,1.0,25762139.9999,0.0,888545020.1141,61149153.947,25762139.9999,0.0,0.0,0.0,303596270.7749,208012981.7465,711625950.0235,546130601.9495,546130601.9495,2083707808.6952,53330605.8721,7772817.44,22208049.8285,4441609.9657,27750745.3822,68338188.0,0.0,106327600.0,18344746.1841,15053662.3807,25762139.9999,823730758.808,0.0,5542695.5537,0.0,9993622.4228,0.0,0.25,supplier_stock_node,supplier_stock_node::SDC-VD0914320A,Stock fournisseur SDC-VD0914320A,lower_is_riskier,ok
supplier_stock_node_SDC-VD0914320A_0_5,etudecas\simulation\sensibility\active_supplier_parameter_result_upstream_constrained\cases\supplier_stock_node_SDC-VD0914320A_0_5\input_case.json,etudecas\simulation\sensibility\active_supplier_parameter_result_upstream_constrained\cases\supplier_stock_node_SDC-VD0914320A_0_5\simulation_output,2.0,5653.408164,0.0,7263350.6084,20793472.4136,136.0,8.0,664489167.1804,0.127112,0.072636,0.3,0.246179,0.090642,0.16343,0.0,620121707.4714,1.0,25762139.9999,0.0,888545020.1141,61149153.947,25762139.9999,0.0,0.0,0.0,303596270.7749,208012936.7465,711625950.0235,546130601.9495,546130601.9495,2083707808.6952,53330605.8721,7772817.44,22208049.8285,4441609.9657,27750745.3822,68338188.0,0.0,106327600.0,18344746.1841,15053662.3807,25762139.9999,823730758.808,0.0,5542695.5537,0.0,9993622.4228,0.0,0.5,supplier_stock_node,supplier_stock_node::SDC-VD0914320A,Stock fournisseur SDC-VD0914320A,lower_is_riskier,ok
supplier_stock_node_SDC-VD0914320A_0_75,etudecas\simulation\sensibility\active_supplier_parameter_result_upstream_constrained\cases\supplier_stock_node_SDC-VD0914320A_0_75\input_case.json,etudecas\simulation\sensibility\active_supplier_parameter_result_upstream_constrained\cases\supplier_stock_node_SDC-VD0914320A_0_75\simulation_output,2.0,5653.408164,0.0,7263350.6084,20793472.4136,136.0,8.0,664489167.1804,0.127112,0.072636,0.3,0.246179,0.090642,0.16343,0.0,620121707.4714,1.0,25762139.9999,0.0,888545020.1141,61149153.947,25762139.9999,0.0,0.0,0.0,303596270.7749,208012891.7465,711625950.0235,546130601.9495,546130601.9495,2083707808.6952,53330605.8721,7772817.44,22208049.8285,4441609.9657,27750745.3822,68338188.0,0.0,106327600.0,18344746.1841,15053662.3807,25762139.9999,823730758.808,0.0,5542695.5537,0.0,9993622.4228,0.0,0.75,supplier_stock_node,supplier_stock_node::SDC-VD0914320A,Stock fournisseur SDC-VD0914320A,lower_is_riskier,ok
supplier_stock_node_SDC-VD0914320A_0_9,etudecas\simulation\sensibility\active_supplier_parameter_result_upstream_constrained\cases\supplier_stock_node_SDC-VD0914320A_0_9\input_case.json,etudecas\simulation\sensibility\active_supplier_parameter_result_upstream_constrained\cases\supplier_stock_node_SDC-VD0914320A_0_9\simulation_output,2.0,5653.408164,0.0,7263350.6084,20793472.4136,136.0,8.0,664489144.5629,0.127112,0.072636,0.3,0.24618,0.090642,0.16343,0.0,620121684.6531,1.0,25762139.9999,0.0,888545020.1141,61149052.8225,25762139.9999,0.0,0.0,0.0,303596251.2163,208012864.7465,711625927.2052,546130598.6897,546130598.6897,2083707986.5376,53330284.9809,7772792.6645,22207979.0414,4441595.8083,27750674.5951,68338188.0,0.0,106327600.0,18344715.8468,15053662.3807,25762139.9999,823730758.808,0.0,5542695.5537,0.0,9993590.5686,0.0,0.9,supplier_stock_node,supplier_stock_node::SDC-VD0914320A,Stock fournisseur SDC-VD0914320A,lower_is_riskier,ok
supplier_stock_node_SDC-VD0914320A_1_0,etudecas\simulation\sensibility\active_supplier_parameter_result_upstream_constrained\cases\supplier_stock_node_SDC-VD0914320A_1_0\input_case.json,etudecas\simulation\sensibility\active_supplier_parameter_result_upstream_constrained\cases\supplier_stock_node_SDC-VD0914320A_1_0\simulation_output,2.0,5653.408164,0.0,7263350.6084,20793472.4136,136.0,8.0,664489123.4272,0.127112,0.072635,0.3,0.24618,0.090643,0.16343,0.0,620121663.3403,1.0,25762139.9999,0.0,888545020.1141,61148958.3234,25762139.9999,0.0,0.0,0.0,303596232.9482,208012846.7465,711625905.8924,546130595.645,546130595.645,2083708171.834,53329985.2626,7772769.5122,22207912.892,4441582.5784,27750608.4457,68338188.0,0.0,106327600.0,18344687.497,15053662.3807,25762139.9999,823730758.808,0.0,5542695.5537,0.0,9993560.8014,0.0,1.0,supplier_stock_node,supplier_stock_node::SDC-VD0914320A,Stock fournisseur SDC-VD0914320A,lower_is_riskier,ok
supplier_capacity_node_SDC-VD0914320A_0_01,etudecas\simulation\sensibility\active_supplier_parameter_result_upstream_constrained\cases\supplier_capacity_node_SDC-VD0914320A_0_01\input_case.json,etudecas\simulation\sensibility\active_supplier_parameter_result_upstream_constrained\cases\supplier_capacity_node_SDC-VD0914320A_0_01\simulation_output,2.0,5653.408164,0.0,7263350.6084,20793472.4136,138.0,8.0,664770149.37,0.127119,0.072639,0.3,0.246245,0.090558,0.163439,0.0,618042395.8664,1.0,25762139.9999,0.0,888322505.0236,61219663.163,25762139.9999,0.0,0.0,0.0,303596555.6231,208012993.2587,711184684.2125,547264051.2903,547264051.2903,2083987763.5686,53735454.2652,7782181.1691,22234803.3403,4446960.6681,27778756.0597,68338188.0,0.0,106327600.0,18365898.9489,15075008.1544,25762139.9999,823771436.0236,0.0,5543952.7194,0.0,10005661.5031,0.0,0.01,supplier_capacity_node,supplier_capacity_node::SDC-VD0914320A,Capacite fournisseur SDC-VD0914320A,lower_is_riskier,ok
supplier_capacity_node_SDC-VD0914320A_0_05,etudecas\simulation\sensibility\active_supplier_parameter_result_upstream_constrained\cases\supplier_capacity_node_SDC-VD0914320A_0_05\input_case.json,etudecas\simulation\sensibility\active_supplier_parameter_result_upstream_constrained\cases\supplier_capacity_node_SDC-VD0914320A_0_05\simulation_output,2.0,5653.408164,0.0,7263350.6084,20793472.4136,138.0,8.0,663979023.7592,0.127179,0.072674,0.3,0.246171,0.09046,0.163516,0.0,618472207.7471,1.0,25762139.9999,0.0,888635937.3166,61314519.6118,25762139.9999,0.0,0.0,0.0,303596546.9852,208012987.5001,711449501.8518,547418877.5674,547418877.5674,2085058500.2078,53741182.4568,7797918.1614,22279766.1754,4455953.2351,27826298.769,68338188.0,0.0,106327600.0,18394355.8835,15093864.9593,25762139.9999,823944868.3166,0.0,5546532.5936,0.0,10025894.7789,0.0,0.05,supplier_capacity_node,supplier_capacity_node::SDC-VD0914320A,Capacite fournisseur SDC-VD0914320A,lower_is_riskier,ok
supplier_capacity_node_SDC-VD0914320A_0_1,etudecas\simulation\sensibility\active_supplier_parameter_result_upstream_constrained\cases\supplier_capacity_node_SDC-VD0914320A_0_1\input_case.json,etudecas\simulation\sensibility\active_supplier_parameter_result_upstream_constrained\cases\supplier_capacity_node_SDC-VD0914320A_0_1\simulation_output,2.0,5653.408164,0.0,7263350.6084,20793472.4136,138.0,8.0,664288609.2626,0.126991,0.072566,0.3,0.24663,0.090538,0.163274,0.0,618220692.4391,1.0,25762139.9999,0.0,888395361.9736,61229798.4636,25762139.9999,0.0,0.0,0.0,303596516.9338,208012967.4658,711368044.2966,547337493.0674,547337493.0674,2084560529.9818,53767512.534,7775648.0096,22216137.1704,4443227.4341,27759750.8273,68338188.0,0.0,106327600.0,18368939.5391,15101108.0973,25762139.9999,823874330.6922,0.0,5543613.6569,0.0,9997261.7267,0.0,0.1,supplier_capacity_node,supplier_capacity_node::SDC-VD0914320A,Capacite fournisseur SDC-VD0914320A,lower_is_riskier,ok
supplier_capacity_node_SDC-VD0914320A_0_25,etudecas\simulation\sensibility\active_supplier_parameter_result_upstream_constrained\cases\supplier_capacity_node_SDC-VD0914320A_0_25\input_case.json,etudecas\simulation\sensibility\active_supplier_parameter_result_upstream_constrained\cases\supplier_capacity_node_SDC-VD0914320A_0_25\simulation_output,2.0,5653.408164,0.0,7263350.6084,20793472.4136,136.0,8.0,665079069.044,0.127154,0.07266,0.3,0.24615,0.090551,0.163484,0.0,620163319.2184,1.0,25762139.9999,0.0,888593583.7253,61235492.2625,25762139.9999,0.0,0.0,0.0,303596441.2043,208012916.9795,711657426.3362,546161908.9298,546161908.9298,2083932048.0771,53345061.6992,7786360.2961,22246743.7032,4449348.7406,27791704.3509,68338188.0,0.0,106327600.0,18370647.6787,15073140.2329,25762139.9999,823769257.2179,0.0,5544960.6477,0.0,10011034.6664,0.0,0.25,supplier_capacity_node,supplier_capacity_node::SDC-VD0914320A,Capacite fournisseur SDC-VD0914320A,lower_is_riskier,ok
supplier_capacity_node_SDC-VD0914320A_0_5,etudecas\simulation\sensibility\active_supplier_parameter_result_upstream_constrained\cases\supplier_capacity_node_SDC-VD0914320A_0_5\input_case.json,etudecas\simulation\sensibility\active_supplier_parameter_result_upstream_constrained\cases\supplier_capacity_node_SDC-VD0914320A_0_5\simulation_output,2.0,5653.408164,0.0,7263350.6084,20793472.4136,136.0,8.0,664489257.3698,0.127113,0.072636,0.3,0.246178,0.090642,0.163431,0.0,620121798.3211,1.0,25762139.9999,0.0,888545020.1141,61149557.19,25762139.9999,0.0,0.0,0.0,303596348.6461,208012855.274,711626032.3457,546130606.4005,546130606.4005,2083707221.5923,53331044.0291,7772916.2345,22208332.0986,4441666.4197,27751027.6524,68338188.0,0.0,106327600.0,18344867.157,15053662.3807,25762139.9999,823730758.808,0.0,5542695.5537,0.0,9993749.4444,0.0,0.5,supplier_capacity_node,supplier_capacity_node::SDC-VD0914320A,Capacite fournisseur SDC-VD0914320A,lower_is_riskier,ok
supplier_capacity_node_SDC-VD0914320A_0_75,etudecas\simulation\sensibility\active_supplier_parameter_result_upstream_constrained\cases\supplier_capacity_node_SDC-VD0914320A_0_75\input_case.json,etudecas\simulation\sensibility\active_supplier_parameter_result_upstream_constrained\cases\supplier_capacity_node_SDC-VD0914320A_0_75\simulation_output,2.0,5653.408164,0.0,7263350.6084,20793472.4136,136.0,8.0,664489180.7722,0.127113,0.072636,0.3,0.246179,0.090642,0.16343,0.0,620121721.1892,1.0,25762139.9999,0.0,888545020.1141,61149214.717,25762139.9999,0.0,0.0,0.0,303596282.533,208012846.7465,711625963.7413,546130603.9092,546130603.9092,2083707711.3507,53330798.7836,7772832.3286,22208092.3675,4441618.4735,27750787.9212,68338188.0,0.0,106327600.0,18344764.4151,15053662.3807,25762139.9999,823730758.808,0.0,5542695.5537,0.0,9993641.5654,0.0,0.75,supplier_capacity_node,supplier_capacity_node::SDC-VD0914320A,Capacite fournisseur SDC-VD0914320A,lower_is_riskier,ok
supplier_capacity_node_SDC-VD0914320A_1_0,etudecas\simulation\sensibility\active_supplier_parameter_result_upstream_constrained\cases\supplier_capacity_node_SDC-VD0914320A_1_0\input_case.json,etudecas\simulation\sensibility\active_supplier_parameter_result_upstream_constrained\cases\supplier_capacity_node_SDC-VD0914320A_1_0\simulation_output,2.0,5653.408164,0.0,7263350.6084,20793472.4136,136.0,8.0,664489123.4272,0.127112,0.072635,0.3,0.24618,0.090643,0.16343,0.0,620121663.3403,1.0,25762139.9999,0.0,888545020.1141,61148958.3234,25762139.9999,0.0,0.0,0.0,303596232.9482,208012846.7465,711625905.8924,546130595.645,546130595.645,2083708171.834,53329985.2626,7772769.5122,22207912.892,4441582.5784,27750608.4457,68338188.0,0.0,106327600.0,18344687.497,15053662.3807,25762139.9999,823730758.808,0.0,5542695.5537,0.0,9993560.8014,0.0,1.0,supplier_capacity_node,supplier_capacity_node::SDC-VD0914320A,Capacite fournisseur SDC-VD0914320A,lower_is_riskier,ok
supplier_stock_node_SDC-VD1096202A_0_01,etudecas\simulation\sensibility\active_supplier_parameter_result_upstream_constrained\cases\supplier_stock_node_SDC-VD1096202A_0_01\input_case.json,etudecas\simulation\sensibility\active_supplier_parameter_result_upstream_constrained\cases\supplier_stock_node_SDC-VD1096202A_0_01\simulation_output,2.0,5653.408164,0.0,7263350.6084,20793472.4136,136.0,8.0,664489123.4272,0.127112,0.072635,0.3,0.24618,0.090643,0.16343,0.0,620121663.3403,1.0,25762139.9999,0.0,888545020.1141,61148958.3234,25762139.9999,0.0,0.0,0.0,303596232.9482,208013024.9465,711625905.8924,546130595.645,546130595.645,2083708171.834,53329985.2626,7772769.5122,22207912.892,4441582.5784,27750608.4457,68338188.0,0.0,106327600.0,18344687.497,15053662.3807,25762139.9999,823730758.808,0.0,5542695.5537,0.0,9993560.8014,0.0,0.01,supplier_stock_node,supplier_stock_node::SDC-VD1096202A,Stock fournisseur SDC-VD1096202A,lower_is_riskier,ok
supplier_stock_node_SDC-VD1096202A_0_25,etudecas\simulation\sensibility\active_supplier_parameter_result_upstream_constrained\cases\supplier_stock_node_SDC-VD1096202A_0_25\input_case.json,etudecas\simulation\sensibility\active_supplier_parameter_result_upstream_constrained\cases\supplier_stock_node_SDC-VD1096202A_0_25\simulation_output,2.0,5653.408164,0.0,7263350.6084,20793472.4136,136.0,8.0,664489123.4272,0.127112,0.072635,0.3,0.24618,0.090643,0.16343,0.0,620121663.3403,1.0,25762139.9999,0.0,888545020.1141,61148958.3234,25762139.9999,0.0,0.0,0.0,303596232.9482,208012981.7465,711625905.8924,546130595.645,546130595.645,2083708171.834,53329985.2626,7772769.5122,22207912.892,4441582.5784,27750608.4457,68338188.0,0.0,106327600.0,18344687.497,15053662.3807,25762139.9999,823730758.808,0.0,5542695.5537,0.0,9993560.8014,0.0,0.25,supplier_stock_node,supplier_stock_node::SDC-VD1096202A,Stock fournisseur SDC-VD1096202A,lower_is_riskier,ok
supplier_stock_node_SDC-VD1096202A_0_5,etudecas\simulation\sensibility\active_supplier_parameter_result_upstream_constrained\cases\supplier_stock_node_SDC-VD1096202A_0_5\input_case.json,etudecas\simulation\sensibility\active_supplier_parameter_result_upstream_constrained\cases\supplier_stock_node_SDC-VD1096202A_0_5\simulation_output,2.0,5653.408164,0.0,7263350.6084,20793472.4136,136.0,8.0,664489123.4272,0.127112,0.072635,0.3,0.24618,0.090643,0.16343,0.0,620121663.3403,1.0,25762139.9999,0.0,888545020.1141,61148958.3234,25762139.9999,0.0,0.0,0.0,303596232.9482,208012936.7465,711625905.8924,546130595.645,546130595.645,2083708171.834,53329985.2626,7772769.5122,22207912.892,4441582.5784,27750608.4457,68338188.0,0.0,106327600.0,18344687.497,15053662.3807,25762139.9999,823730758.808,0.0,5542695.5537,0.0,9993560.8014,0.0,0.5,supplier_stock_node,supplier_stock_node::SDC-VD1096202A,Stock fournisseur SDC-VD1096202A,lower_is_riskier,ok
supplier_stock_node_SDC-VD1096202A_0_75,etudecas\simulation\sensibility\active_supplier_parameter_result_upstream_constrained\cases\supplier_stock_node_SDC-VD1096202A_0_75\input_case.json,etudecas\simulation\sensibility\active_supplier_parameter_result_upstream_constrained\cases\supplier_stock_node_SDC-VD1096202A_0_75\simulation_output,2.0,5653.408164,0.0,7263350.6084,20793472.4136,136.0,8.0,664489123.4272,0.127112,0.072635,0.3,0.24618,0.090643,0.16343,0.0,620121663.3403,1.0,25762139.9999,0.0,888545020.1141,61148958.3234,25762139.9999,0.0,0.0,0.0,303596232.9482,208012891.7465,711625905.8924,546130595.645,546130595.645,2083708171.834,53329985.2626,7772769.5122,22207912.892,4441582.5784,27750608.4457,68338188.0,0.0,106327600.0,18344687.497,15053662.3807,25762139.9999,823730758.808,0.0,5542695.5537,0.0,9993560.8014,0.0,0.75,supplier_stock_node,supplier_stock_node::SDC-VD1096202A,Stock fournisseur SDC-VD1096202A,lower_is_riskier,ok
supplier_stock_node_SDC-VD1096202A_0_9,etudecas\simulation\sensibility\active_supplier_parameter_result_upstream_constrained\cases\supplier_stock_node_SDC-VD1096202A_0_9\input_case.json,etudecas\simulation\sensibility\active_supplier_parameter_result_upstream_constrained\cases\supplier_stock_node_SDC-VD1096202A_0_9\simulation_output,2.0,5653.408164,0.0,7263350.6084,20793472.4136,136.0,8.0,664489123.4272,0.127112,0.072635,0.3,0.24618,0.090643,0.16343,0.0,620121663.3403,1.0,25762139.9999,0.0,888545020.1141,61148958.3234,25762139.9999,0.0,0.0,0.0,303596232.9482,208012864.7465,711625905.8924,546130595.645,546130595.645,2083708171.834,53329985.2626,7772769.5122,22207912.892,4441582.5784,27750608.4457,68338188.0,0.0,106327600.0,18344687.497,15053662.3807,25762139.9999,823730758.808,0.0,5542695.5537,0.0,9993560.8014,0.0,0.9,supplier_stock_node,supplier_stock_node::SDC-VD1096202A,Stock fournisseur SDC-VD1096202A,lower_is_riskier,ok
supplier_stock_node_SDC-VD1096202A_1_0,etudecas\simulation\sensibility\active_supplier_parameter_result_upstream_constrained\cases\supplier_stock_node_SDC-VD1096202A_1_0\input_case.json,etudecas\simulation\sensibility\active_supplier_parameter_result_upstream_constrained\cases\supplier_stock_node_SDC-VD1096202A_1_0\simulation_output,2.0,5653.408164,0.0,7263350.6084,20793472.4136,136.0,8.0,664489123.4272,0.127112,0.072635,0.3,0.24618,0.090643,0.16343,0.0,620121663.3403,1.0,25762139.9999,0.0,888545020.1141,61148958.3234,25762139.9999,0.0,0.0,0.0,303596232.9482,208012846.7465,711625905.8924,546130595.645,546130595.645,2083708171.834,53329985.2626,7772769.5122,22207912.892,4441582.5784,27750608.4457,68338188.0,0.0,106327600.0,18344687.497,15053662.3807,25762139.9999,823730758.808,0.0,5542695.5537,0.0,9993560.8014,0.0,1.0,supplier_stock_node,supplier_stock_node::SDC-VD1096202A,Stock fournisseur SDC-VD1096202A,lower_is_riskier,ok
supplier_capacity_node_SDC-VD1096202A_0_01,etudecas\simulation\sensibility\active_supplier_parameter_result_upstream_constrained\cases\supplier_capacity_node_SDC-VD1096202A_0_01\input_case.json,etudecas\simulation\sensibility\active_supplier_parameter_result_upstream_constrained\cases\supplier_capacity_node_SDC-VD1096202A_0_01\simulation_output,2.0,5653.408164,0.0,7263350.6084,20793472.4136,136.0,8.0,664489123.4272,0.127112,0.072635,0.3,0.24618,0.090643,0.16343,0.0,620121663.3403,1.0,25762139.9999,0.0,888545020.1141,61148958.3234,25762139.9999,0.0,0.0,0.0,303596232.9482,208012846.7465,711625905.8924,546130595.645,546130595.645,2083708171.834,53329985.2626,7772769.5122,22207912.892,4441582.5784,27750608.4457,68338188.0,0.0,106327600.0,18344687.497,15053662.3807,25762139.9999,823730758.808,0.0,5542695.5537,0.0,9993560.8014,0.0,0.01,supplier_capacity_node,supplier_capacity_node::SDC-VD1096202A,Capacite fournisseur SDC-VD1096202A,lower_is_riskier,ok
supplier_capacity_node_SDC-VD1096202A_0_05,etudecas\simulation\sensibility\active_supplier_parameter_result_upstream_constrained\cases\supplier_capacity_node_SDC-VD1096202A_0_05\input_case.json,etudecas\simulation\sensibility\active_supplier_parameter_result_upstream_constrained\cases\supplier_capacity_node_SDC-VD1096202A_0_05\simulation_output,2.0,5653.408164,0.0,7263350.6084,20793472.4136,136.0,8.0,664489123.4272,0.127112,0.072635,0.3,0.24618,0.090643,0.16343,0.0,620121663.3403,1.0,25762139.9999,0.0,888545020.1141,61148958.3234,25762139.9999,0.0,0.0,0.0,303596232.9482,208012846.7465,711625905.8924,546130595.645,546130595.645,2083708171.834,53329985.2626,7772769.5122,22207912.892,4441582.5784,27750608.4457,68338188.0,0.0,106327600.0,18344687.497,15053662.3807,25762139.9999,823730758.808,0.0,5542695.5537,0.0,9993560.8014,0.0,0.05,supplier_capacity_node,supplier_capacity_node::SDC-VD1096202A,Capacite fournisseur SDC-VD1096202A,lower_is_riskier,ok
supplier_capacity_node_SDC-VD1096202A_0_1,etudecas\simulation\sensibility\active_supplier_parameter_result_upstream_constrained\cases\supplier_capacity_node_SDC-VD1096202A_0_1\input_case.json,etudecas\simulation\sensibility\active_supplier_parameter_result_upstream_constrained\cases\supplier_capacity_node_SDC-VD1096202A_0_1\simulation_output,2.0,5653.408164,0.0,7263350.6084,20793472.4136,136.0,8.0,664489123.4272,0.127112,0.072635,0.3,0.24618,0.090643,0.16343,0.0,620121663.3403,1.0,25762139.9999,0.0,888545020.1141,61148958.3234,25762139.9999,0.0,0.0,0.0,303596232.9482,208012846.7465,711625905.8924,546130595.645,546130595.645,2083708171.834,53329985.2626,7772769.5122,22207912.892,4441582.5784,27750608.4457,68338188.0,0.0,106327600.0,18344687.497,15053662.3807,25762139.9999,823730758.808,0.0,5542695.5537,0.0,9993560.8014,0.0,0.1,supplier_capacity_node,supplier_capacity_node::SDC-VD1096202A,Capacite fournisseur SDC-VD1096202A,lower_is_riskier,ok
supplier_capacity_node_SDC-VD1096202A_0_25,etudecas\simulation\sensibility\active_supplier_parameter_result_upstream_constrained\cases\supplier_capacity_node_SDC-VD1096202A_0_25\input_case.json,etudecas\simulation\sensibility\active_supplier_parameter_result_upstream_constrained\cases\supplier_capacity_node_SDC-VD1096202A_0_25\simulation_output,2.0,5653.408164,0.0,7263350.6084,20793472.4136,136.0,8.0,664489123.4272,0.127112,0.072635,0.3,0.24618,0.090643,0.16343,0.0,620121663.3403,1.0,25762139.9999,0.0,888545020.1141,61148958.3234,25762139.9999,0.0,0.0,0.0,303596232.9482,208012846.7465,711625905.8924,546130595.645,546130595.645,2083708171.834,53329985.2626,7772769.5122,22207912.892,4441582.5784,27750608.4457,68338188.0,0.0,106327600.0,18344687.497,15053662.3807,25762139.9999,823730758.808,0.0,5542695.5537,0.0,9993560.8014,0.0,0.25,supplier_capacity_node,supplier_capacity_node::SDC-VD1096202A,Capacite fournisseur SDC-VD1096202A,lower_is_riskier,ok
supplier_capacity_node_SDC-VD1096202A_0_5,etudecas\simulation\sensibility\active_supplier_parameter_result_upstream_constrained\cases\supplier_capacity_node_SDC-VD1096202A_0_5\input_case.json,etudecas\simulation\sensibility\active_supplier_parameter_result_upstream_constrained\cases\supplier_capacity_node_SDC-VD1096202A_0_5\simulation_output,2.0,5653.408164,0.0,7263350.6084,20793472.4136,136.0,8.0,664489123.4272,0.127112,0.072635,0.3,0.24618,0.090643,0.16343,0.0,620121663.3403,1.0,25762139.9999,0.0,888545020.1141,61148958.3234,25762139.9999,0.0,0.0,0.0,303596232.9482,208012846.7465,711625905.8924,546130595.645,546130595.645,2083708171.834,53329985.2626,7772769.5122,22207912.892,4441582.5784,27750608.4457,68338188.0,0.0,106327600.0,18344687.497,15053662.3807,25762139.9999,823730758.808,0.0,5542695.5537,0.0,9993560.8014,0.0,0.5,supplier_capacity_node,supplier_capacity_node::SDC-VD1096202A,Capacite fournisseur SDC-VD1096202A,lower_is_riskier,ok
supplier_capacity_node_SDC-VD1096202A_0_75,etudecas\simulation\sensibility\active_supplier_parameter_result_upstream_constrained\cases\supplier_capacity_node_SDC-VD1096202A_0_75\input_case.json,etudecas\simulation\sensibility\active_supplier_parameter_result_upstream_constrained\cases\supplier_capacity_node_SDC-VD1096202A_0_75\simulation_output,2.0,5653.408164,0.0,7263350.6084,20793472.4136,136.0,8.0,664489123.4272,0.127112,0.072635,0.3,0.24618,0.090643,0.16343,0.0,620121663.3403,1.0,25762139.9999,0.0,888545020.1141,61148958.3234,25762139.9999,0.0,0.0,0.0,303596232.9482,208012846.7465,711625905.8924,546130595.645,546130595.645,2083708171.834,53329985.2626,7772769.5122,22207912.892,4441582.5784,27750608.4457,68338188.0,0.0,106327600.0,18344687.497,15053662.3807,25762139.9999,823730758.808,0.0,5542695.5537,0.0,9993560.8014,0.0,0.75,supplier_capacity_node,supplier_capacity_node::SDC-VD1096202A,Capacite fournisseur SDC-VD1096202A,lower_is_riskier,ok
supplier_capacity_node_SDC-VD1096202A_1_0,etudecas\simulation\sensibility\active_supplier_parameter_result_upstream_constrained\cases\supplier_capacity_node_SDC-VD1096202A_1_0\input_case.json,etudecas\simulation\sensibility\active_supplier_parameter_result_upstream_constrained\cases\supplier_capacity_node_SDC-VD1096202A_1_0\simulation_output,2.0,5653.408164,0.0,7263350.6084,20793472.4136,136.0,8.0,664489123.4272,0.127112,0.072635,0.3,0.24618,0.090643,0.16343,0.0,620121663.3403,1.0,25762139.9999,0.0,888545020.1141,61148958.3234,25762139.9999,0.0,0.0,0.0,303596232.9482,208012846.7465,711625905.8924,546130595.645,546130595.645,2083708171.834,53329985.2626,7772769.5122,22207912.892,4441582.5784,27750608.4457,68338188.0,0.0,106327600.0,18344687.497,15053662.3807,25762139.9999,823730758.808,0.0,5542695.5537,0.0,9993560.8014,0.0,1.0,supplier_capacity_node,supplier_capacity_node::SDC-VD1096202A,Capacite fournisseur SDC-VD1096202A,lower_is_riskier,ok
supplier_stock_node_SDC-VD0964290A_0_01,etudecas\simulation\sensibility\active_supplier_parameter_result_upstream_constrained\cases\supplier_stock_node_SDC-VD0964290A_0_01\input_case.json,etudecas\simulation\sensibility\active_supplier_parameter_result_upstream_constrained\cases\supplier_stock_node_SDC-VD0964290A_0_01\simulation_output,2.0,5653.408164,0.0,7263350.6084,20793472.4136,136.0,8.0,664489079.6244,0.127112,0.072635,0.3,0.246181,0.090643,0.163429,0.0,620121619.2092,1.0,25762139.9999,0.0,888545020.1141,61148762.4778,25762139.9999,0.0,0.0,0.0,303596195.1216,208013024.9465,711625861.7613,546130589.3406,546130589.3406,2083708625.5727,53329364.6532,7772721.53,22207775.8001,4441555.16,27750471.3538,68338188.0,0.0,106327600.0,18344628.7433,15053662.3807,25762139.9999,823730758.808,0.0,5542695.5537,0.0,9993499.11,0.0,0.01,supplier_stock_node,supplier_stock_node::SDC-VD0964290A,Stock fournisseur SDC-VD0964290A,lower_is_riskier,ok
supplier_stock_node_SDC-VD0964290A_0_25,etudecas\simulation\sensibility\active_supplier_parameter_result_upstream_constrained\cases\supplier_stock_node_SDC-VD0964290A_0_25\input_case.json,etudecas\simulation\sensibility\active_supplier_parameter_result_upstream_constrained\cases\supplier_stock_node_SDC-VD0964290A_0_25\simulation_output,2.0,5653.408164,0.0,7263350.6084,20793472.4136,136.0,8.0,664489079.6244,0.127112,0.072635,0.3,0.246181,0.090643,0.163429,0.0,620121619.2092,1.0,25762139.9999,0.0,888545020.1141,61148762.4778,25762139.9999,0.0,0.0,0.0,303596195.1216,208012981.7465,711625861.7613,546130589.3406,546130589.3406,2083708625.5727,53329364.6532,7772721.53,22207775.8001,4441555.16,27750471.3538,68338188.0,0.0,106327600.0,18344628.7433,15053662.3807,25762139.9999,823730758.808,0.0,5542695.5537,0.0,9993499.11,0.0,0.25,supplier_stock_node,supplier_stock_node::SDC-VD0964290A,Stock fournisseur SDC-VD0964290A,lower_is_riskier,ok
supplier_stock_node_SDC-VD0964290A_0_5,etudecas\simulation\sensibility\active_supplier_parameter_result_upstream_constrained\cases\supplier_stock_node_SDC-VD0964290A_0_5\input_case.json,etudecas\simulation\sensibility\active_supplier_parameter_result_upstream_constrained\cases\supplier_stock_node_SDC-VD0964290A_0_5\simulation_output,2.0,5653.408164,0.0,7263350.6084,20793472.4136,136.0,8.0,664489079.6244,0.127112,0.072635,0.3,0.246181,0.090643,0.163429,0.0,620121619.2092,1.0,25762139.9999,0.0,888545020.1141,61148762.4778,25762139.9999,0.0,0.0,0.0,303596195.1216,208012936.7465,711625861.7613,546130589.3406,546130589.3406,2083708625.5727,53329364.6532,7772721.53,22207775.8001,4441555.16,27750471.3538,68338188.0,0.0,106327600.0,18344628.7433,15053662.3807,25762139.9999,823730758.808,0.0,5542695.5537,0.0,9993499.11,0.0,0.5,supplier_stock_node,supplier_stock_node::SDC-VD0964290A,Stock fournisseur SDC-VD0964290A,lower_is_riskier,ok
supplier_stock_node_SDC-VD0964290A_0_75,etudecas\simulation\sensibility\active_supplier_parameter_result_upstream_constrained\cases\supplier_stock_node_SDC-VD0964290A_0_75\input_case.json,etudecas\simulation\sensibility\active_supplier_parameter_result_upstream_constrained\cases\supplier_stock_node_SDC-VD0964290A_0_75\simulation_output,2.0,5653.408164,0.0,7263350.6084,20793472.4136,136.0,8.0,664489079.6244,0.127112,0.072635,0.3,0.246181,0.090643,0.163429,0.0,620121619.2092,1.0,25762139.9999,0.0,888545020.1141,61148762.4778,25762139.9999,0.0,0.0,0.0,303596195.1216,208012891.7465,711625861.7613,546130589.3406,546130589.3406,2083708625.5727,53329364.6532,7772721.53,22207775.8001,4441555.16,27750471.3538,68338188.0,0.0,106327600.0,18344628.7433,15053662.3807,25762139.9999,823730758.808,0.0,5542695.5537,0.0,9993499.11,0.0,0.75,supplier_stock_node,supplier_stock_node::SDC-VD0964290A,Stock fournisseur SDC-VD0964290A,lower_is_riskier,ok
supplier_stock_node_SDC-VD0964290A_0_9,etudecas\simulation\sensibility\active_supplier_parameter_result_upstream_constrained\cases\supplier_stock_node_SDC-VD0964290A_0_9\input_case.json,etudecas\simulation\sensibility\active_supplier_parameter_result_upstream_constrained\cases\supplier_stock_node_SDC-VD0964290A_0_9\simulation_output,2.0,5653.408164,0.0,7263350.6084,20793472.4136,136.0,8.0,664489102.2806,0.127112,0.072635,0.3,0.246181,0.090643,0.16343,0.0,620121642.0275,1.0,25762139.9999,0.0,888545020.1141,61148863.7755,25762139.9999,0.0,0.0,0.0,303596214.6802,208012864.7465,711625884.5797,546130592.6004,546130592.6004,2083708377.0139,53329685.5444,7772746.348,22207846.7085,4441569.3417,27750542.2622,68338188.0,0.0,106327600.0,18344659.1327,15053662.3807,25762139.9999,823730758.808,0.0,5542695.5537,0.0,9993531.0188,0.0,0.9,supplier_stock_node,supplier_stock_node::SDC-VD0964290A,Stock fournisseur SDC-VD0964290A,lower_is_riskier,ok
supplier_stock_node_SDC-VD0964290A_1_0,etudecas\simulation\sensibility\active_supplier_parameter_result_upstream_constrained\cases\supplier_stock_node_SDC-VD0964290A_1_0\input_case.json,etudecas\simulation\sensibility\active_supplier_parameter_result_upstream_constrained\cases\supplier_stock_node_SDC-VD0964290A_1_0\simulation_output,2.0,5653.408164,0.0,7263350.6084,20793472.4136,136.0,8.0,664489123.4272,0.127112,0.072635,0.3,0.24618,0.090643,0.16343,0.0,620121663.3403,1.0,25762139.9999,0.0,888545020.1141,61148958.3234,25762139.9999,0.0,0.0,0.0,303596232.9482,208012846.7465,711625905.8924,546130595.645,546130595.645,2083708171.834,53329985.2626,7772769.5122,22207912.892,4441582.5784,27750608.4457,68338188.0,0.0,106327600.0,18344687.497,15053662.3807,25762139.9999,823730758.808,0.0,5542695.5537,0.0,9993560.8014,0.0,1.0,supplier_stock_node,supplier_stock_node::SDC-VD0964290A,Stock fournisseur SDC-VD0964290A,lower_is_riskier,ok
supplier_capacity_node_SDC-VD0964290A_0_01,etudecas\simulation\sensibility\active_supplier_parameter_result_upstream_constrained\cases\supplier_capacity_node_SDC-VD0964290A_0_01\input_case.json,etudecas\simulation\sensibility\active_supplier_parameter_result_upstream_constrained\cases\supplier_capacity_node_SDC-VD0964290A_0_01\simulation_output,2.0,5653.408164,0.0,7263350.6084,20793472.4136,136.0,8.0,665062982.8274,0.127222,0.072698,0.3,0.245908,0.090601,0.163571,0.0,620239713.8257,1.0,25762139.9999,0.0,888670208.3014,61202120.4638,25762139.9999,0.0,0.0,0.0,303596225.4901,208012865.6838,711657129.7466,546161826.9574,546161826.9574,2083927399.7064,53302159.9984,7786248.9724,22246425.6354,4449285.1271,27791408.0346,68338188.0,0.0,106327600.0,18360636.1391,15050076.29,25762139.9999,823769139.3014,0.0,5544982.3993,0.0,10010891.5359,0.0,0.01,supplier_capacity_node,supplier_capacity_node::SDC-VD0964290A,Capacite fournisseur SDC-VD0964290A,lower_is_riskier,ok
supplier_capacity_node_SDC-VD0964290A_0_05,etudecas\simulation\sensibility\active_supplier_parameter_result_upstream_constrained\cases\supplier_capacity_node_SDC-VD0964290A_0_05\input_case.json,etudecas\simulation\sensibility\active_supplier_parameter_result_upstream_constrained\cases\supplier_capacity_node_SDC-VD0964290A_0_05\simulation_output,2.0,5653.408164,0.0,7263350.6084,20793472.4136,136.0,8.0,665062976.8043,0.127222,0.072698,0.3,0.245908,0.090601,0.163571,0.0,620239708.0671,1.0,25762139.9999,0.0,888670208.3014,61202092.5004,25762139.9999,0.0,0.0,0.0,303596221.1711,208012861.5705,711657128.1013,546161829.631,546161829.631,2083927466.8116,53302268.9221,7786242.1213,22246406.061,4449281.2122,27791388.4603,68338188.0,0.0,106327600.0,18360627.7501,15050076.29,25762139.9999,823769139.3014,0.0,5544982.3993,0.0,10010882.7274,0.0,0.05,supplier_capacity_node,supplier_capacity_node::SDC-VD0964290A,Capacite fournisseur SDC-VD0964290A,lower_is_riskier,ok
supplier_capacity_node_SDC-VD0964290A_0_1,etudecas\simulation\sensibility\active_supplier_parameter_result_upstream_constrained\cases\supplier_capacity_node_SDC-VD0964290A_0_1\input_case.json,etudecas\simulation\sensibility\active_supplier_parameter_result_upstream_constrained\cases\supplier_capacity_node_SDC-VD0964290A_0_1\simulation_output,2.0,5653.408164,0.0,7263350.6084,20793472.4136,136.0,8.0,665062975.112,0.127222,0.072698,0.3,0.245908,0.090601,0.163571,0.0,620239688.0328,1.0,25762139.9999,0.0,888670208.3014,61202002.9312,25762139.9999,0.0,0.0,0.0,303596206.1454,208012847.2603,711657122.3772,546161838.9327,546161838.9327,2083927700.272,53302647.87,7786220.1769,22246343.3626,4449268.6725,27791325.7619,68338188.0,0.0,106327600.0,18360600.8794,15050076.29,25762139.9999,823769139.3014,0.0,5544982.3993,0.0,10010854.5132,0.0,0.1,supplier_capacity_node,supplier_capacity_node::SDC-VD0964290A,Capacite fournisseur SDC-VD0964290A,lower_is_riskier,ok
supplier_capacity_node_SDC-VD0964290A_0_25,etudecas\simulation\sensibility\active_supplier_parameter_result_upstream_constrained\cases\supplier_capacity_node_SDC-VD0964290A_0_25\input_case.json,etudecas\simulation\sensibility\active_supplier_parameter_result_upstream_constrained\cases\supplier_capacity_node_SDC-VD0964290A_0_25\simulation_output,2.0,5653.408164,0.0,7263350.6084,20793472.4136,136.0,8.0,664489085.5029,0.127112,0.072635,0.3,0.246181,0.090643,0.163429,0.0,620121615.4441,1.0,25762139.9999,0.0,888545020.1141,61148788.761,25762139.9999,0.0,0.0,0.0,303596168.2807,208012846.7465,711625857.9963,546130612.4164,546130612.4164,2083709513.2569,53330385.3533,7772727.9694,22207794.1983,4441558.8397,27750489.752,68338188.0,0.0,106327600.0,18344636.6283,15053662.3807,25762139.9999,823730758.808,0.0,5542695.5537,0.0,9993507.3892,0.0,0.25,supplier_capacity_node,supplier_capacity_node::SDC-VD0964290A,Capacite fournisseur SDC-VD0964290A,lower_is_riskier,ok
supplier_capacity_node_SDC-VD0964290A_0_5,etudecas\simulation\sensibility\active_supplier_parameter_result_upstream_constrained\cases\supplier_capacity_node_SDC-VD0964290A_0_5\input_case.json,etudecas\simulation\sensibility\active_supplier_parameter_result_upstream_constrained\cases\supplier_capacity_node_SDC-VD0964290A_0_5\simulation_output,2.0,5653.408164,0.0,7263350.6084,20793472.4136,136.0,8.0,664489026.9254,0.127111,0.072635,0.3,0.246182,0.090643,0.163429,0.0,620121565.4375,1.0,25762139.9999,0.0,888545020.1141,61148526.8567,25762139.9999,0.0,0.0,0.0,303596132.9136,208012846.7465,711625807.9896,546130597.7769,546130597.7769,2083709885.3221,53329788.9381,7772663.8029,22207610.8653,4441522.1731,27750306.4191,68338188.0,0.0,106327600.0,18344558.057,15053662.3807,25762139.9999,823730758.808,0.0,5542695.5537,0.0,9993424.8894,0.0,0.5,supplier_capacity_node,supplier_capacity_node::SDC-VD0964290A,Capacite fournisseur SDC-VD0964290A,lower_is_riskier,ok
supplier_capacity_node_SDC-VD0964290A_0_75,etudecas\simulation\sensibility\active_supplier_parameter_result_upstream_constrained\cases\supplier_capacity_node_SDC-VD0964290A_0_75\input_case.json,etudecas\simulation\sensibility\active_supplier_parameter_result_upstream_constrained\cases\supplier_capacity_node_SDC-VD0964290A_0_75\simulation_output,2.0,5653.408164,0.0,7263350.6084,20793472.4136,136.0,8.0,664489065.9955,0.127112,0.072635,0.3,0.246181,0.090643,0.163429,0.0,620121605.4914,1.0,25762139.9999,0.0,888545020.1141,61148701.5419,25762139.9999,0.0,0.0,0.0,303596183.3635,208012846.7465,711625848.0435,546130587.3809,546130587.3809,2083708790.6464,53329171.7417,7772706.6007,22207733.1449,4441546.629,27750428.6986,68338188.0,0.0,106327600.0,18344610.4626,15053662.3807,25762139.9999,823730758.808,0.0,5542695.5537,0.0,9993479.9152,0.0,0.75,supplier_capacity_node,supplier_capacity_node::SDC-VD0964290A,Capacite fournisseur SDC-VD0964290A,lower_is_riskier,ok
supplier_capacity_node_SDC-VD0964290A_1_0,etudecas\simulation\sensibility\active_supplier_parameter_result_upstream_constrained\cases\supplier_capacity_node_SDC-VD0964290A_1_0\input_case.json,etudecas\simulation\sensibility\active_supplier_parameter_result_upstream_constrained\cases\supplier_capacity_node_SDC-VD0964290A_1_0\simulation_output,2.0,5653.408164,0.0,7263350.6084,20793472.4136,136.0,8.0,664489123.4272,0.127112,0.072635,0.3,0.24618,0.090643,0.16343,0.0,620121663.3403,1.0,25762139.9999,0.0,888545020.1141,61148958.3234,25762139.9999,0.0,0.0,0.0,303596232.9482,208012846.7465,711625905.8924,546130595.645,546130595.645,2083708171.834,53329985.2626,7772769.5122,22207912.892,4441582.5784,27750608.4457,68338188.0,0.0,106327600.0,18344687.497,15053662.3807,25762139.9999,823730758.808,0.0,5542695.5537,0.0,9993560.8014,0.0,1.0,supplier_capacity_node,supplier_capacity_node::SDC-VD0964290A,Capacite fournisseur SDC-VD0964290A,lower_is_riskier,ok
