{
  "train_rows": 2160,
  "calibration_rows": 480,
  "test_rows": 480,
  "test_incident_rate": 0.12291666666666666,
  "roc_auc": 0.6916139941221466,
  "pr_auc": 0.21847134173561744,
  "brier_score": 0.10649984892225385,
  "top_decile_precision": 0.2236842105263158,
  "top_decile_recall": 0.576271186440678
}