day,node_id,item_id,produced_qty,cum_produced_qty,stock_end_of_day
0,M-1430,item:268967,107800.0,107800.0,107800.0
0,M-1810,item:268091,14400.0,14400.0,14400.0
0,SDC-1450,item:773474,0.0,0.0,9600000.0
1,M-1430,item:268967,0.0,107800.0,107800.0
1,M-1810,item:268091,0.0,14400.0,14400.0
1,SDC-1450,item:773474,3200000.0,3200000.0,3200000.0
2,M-1430,item:268967,0.0,107800.0,43500.142854
2,M-1810,item:268091,14400.0,28800.0,14400.0
2,SDC-1450,item:773474,6400000.0,9600000.0,8559221.0
3,M-1430,item:268967,0.0,107800.0,0.0
3,M-1810,item:268091,14400.0,43200.0,14400.0
3,SDC-1450,item:773474,0.0,9600000.0,7518442.0
4,M-1430,item:268967,0.0,107800.0,0.0
4,M-1810,item:268091,14400.0,57600.0,14400.0
4,SDC-1450,item:773474,3200000.0,12800000.0,3200000.0
5,M-1430,item:268967,0.0,107800.0,0.0
5,M-1810,item:268091,14400.0,72000.0,14400.0
5,SDC-1450,item:773474,6400000.0,19200000.0,6400000.0
6,M-1430,item:268967,0.0,107800.0,0.0
6,M-1810,item:268091,14400.0,86400.0,14400.0
6,SDC-1450,item:773474,6400000.0,25600000.0,6400000.0
7,M-1430,item:268967,0.0,107800.0,0.0
7,M-1810,item:268091,14400.0,100800.0,14400.0
7,SDC-1450,item:773474,6400000.0,32000000.0,6400000.0
8,M-1430,item:268967,0.0,107800.0,0.0
8,M-1810,item:268091,14400.0,115200.0,14400.0
8,SDC-1450,item:773474,6400000.0,38400000.0,6400000.0
9,M-1430,item:268967,0.0,107800.0,0.0
9,M-1810,item:268091,14400.0,129600.0,14400.0
9,SDC-1450,item:773474,6400000.0,44800000.0,6400000.0
10,M-1430,item:268967,0.0,107800.0,0.0
10,M-1810,item:268091,14400.0,144000.0,14400.0
10,SDC-1450,item:773474,6400000.0,51200000.0,6400000.0
11,M-1430,item:268967,0.0,107800.0,0.0
11,M-1810,item:268091,14400.0,158400.0,14400.0
11,SDC-1450,item:773474,6400000.0,57600000.0,6400000.0
12,M-1430,item:268967,0.0,107800.0,0.0
12,M-1810,item:268091,0.0,158400.0,6154.16326
12,SDC-1450,item:773474,0.0,57600000.0,823381.0
13,M-1430,item:268967,0.0,107800.0,0.0
13,M-1810,item:268091,14400.0,172800.0,14400.0
13,SDC-1450,item:773474,0.0,57600000.0,0.0
14,M-1430,item:268967,0.0,107800.0,0.0
14,M-1810,item:268091,14400.0,187200.0,14400.0
14,SDC-1450,item:773474,6400000.0,64000000.0,6400000.0
15,M-1430,item:268967,0.0,107800.0,0.0
15,M-1810,item:268091,14400.0,201600.0,14400.0
15,SDC-1450,item:773474,3200000.0,67200000.0,8463514.0
16,M-1430,item:268967,0.0,107800.0,0.0
16,M-1810,item:268091,14400.0,216000.0,14400.0
16,SDC-1450,item:773474,0.0,67200000.0,8463514.0
17,M-1430,item:268967,0.0,107800.0,0.0
17,M-1810,item:268091,14400.0,230400.0,14400.0
17,SDC-1450,item:773474,0.0,67200000.0,8463514.0
18,M-1430,item:268967,0.0,107800.0,0.0
18,M-1810,item:268091,14400.0,244800.0,14400.0
18,SDC-1450,item:773474,0.0,67200000.0,8463514.0
19,M-1430,item:268967,0.0,107800.0,0.0
19,M-1810,item:268091,14400.0,259200.0,14400.0
19,SDC-1450,item:773474,0.0,67200000.0,8463514.0
20,M-1430,item:268967,0.0,107800.0,0.0
20,M-1810,item:268091,14400.0,273600.0,14400.0
20,SDC-1450,item:773474,0.0,67200000.0,8463514.0
21,M-1430,item:268967,0.0,107800.0,0.0
21,M-1810,item:268091,14400.0,288000.0,14400.0
21,SDC-1450,item:773474,0.0,67200000.0,8463514.0
22,M-1430,item:268967,0.0,107800.0,0.0
22,M-1810,item:268091,14400.0,302400.0,14400.0
22,SDC-1450,item:773474,0.0,67200000.0,8463514.0
23,M-1430,item:268967,0.0,107800.0,0.0
23,M-1810,item:268091,0.0,302400.0,139660.0
23,SDC-1450,item:773474,0.0,67200000.0,8463514.0
24,M-1430,item:268967,0.0,107800.0,0.0
24,M-1810,item:268091,0.0,302400.0,113880.897952
24,SDC-1450,item:773474,0.0,67200000.0,8463514.0
25,M-1430,item:268967,0.0,107800.0,0.0
25,M-1810,item:268091,0.0,302400.0,93884.448967
25,SDC-1450,item:773474,0.0,67200000.0,8463514.0
26,M-1430,item:268967,0.0,107800.0,0.0
26,M-1810,item:268091,0.0,302400.0,91240.653052
26,SDC-1450,item:773474,0.0,67200000.0,8463514.0
27,M-1430,item:268967,0.0,107800.0,0.0
27,M-1810,item:268091,0.0,302400.0,91240.653052
27,SDC-1450,item:773474,0.0,67200000.0,8463514.0
28,M-1430,item:268967,0.0,107800.0,0.0
28,M-1810,item:268091,0.0,302400.0,91240.653052
28,SDC-1450,item:773474,0.0,67200000.0,8463514.0
29,M-1430,item:268967,0.0,107800.0,0.0
29,M-1810,item:268091,0.0,302400.0,87103.142858
29,SDC-1450,item:773474,0.0,67200000.0,8463514.0
30,M-1430,item:268967,0.0,107800.0,0.0
30,M-1810,item:268091,0.0,302400.0,75302.775523
30,SDC-1450,item:773474,0.0,67200000.0,8463514.0
31,M-1430,item:268967,0.0,107800.0,0.0
31,M-1810,item:268091,0.0,302400.0,59213.469401
31,SDC-1450,item:773474,0.0,67200000.0,8463514.0
32,M-1430,item:268967,0.0,107800.0,0.0
32,M-1810,item:268091,0.0,302400.0,46625.346939
32,SDC-1450,item:773474,0.0,67200000.0,8463514.0
33,M-1430,item:268967,0.0,107800.0,0.0
33,M-1810,item:268091,0.0,302400.0,41954.61223
33,SDC-1450,item:773474,0.0,67200000.0,8463514.0
34,M-1430,item:268967,0.0,107800.0,0.0
34,M-1810,item:268091,0.0,302400.0,41827.34692
34,SDC-1450,item:773474,0.0,67200000.0,8463514.0
35,M-1430,item:268967,0.0,107800.0,0.0
35,M-1810,item:268091,0.0,302400.0,136895.693872
35,SDC-1450,item:773474,0.0,67200000.0,8463514.0
36,M-1430,item:268967,0.0,107800.0,0.0
36,M-1810,item:268091,0.0,302400.0,129105.571421
36,SDC-1450,item:773474,0.0,67200000.0,8463514.0
37,M-1430,item:268967,0.0,107800.0,0.0
37,M-1810,item:268091,0.0,302400.0,113652.591825
37,SDC-1450,item:773474,0.0,67200000.0,8463514.0
38,M-1430,item:268967,0.0,107800.0,0.0
38,M-1810,item:268091,0.0,302400.0,113652.591825
38,SDC-1450,item:773474,0.0,67200000.0,8463514.0
39,M-1430,item:268967,0.0,107800.0,0.0
39,M-1810,item:268091,0.0,302400.0,110670.551016
39,SDC-1450,item:773474,0.0,67200000.0,8463514.0
40,M-1430,item:268967,0.0,107800.0,0.0
40,M-1810,item:268091,0.0,302400.0,97450.387751
40,SDC-1450,item:773474,0.0,67200000.0,8463514.0
41,M-1430,item:268967,0.0,107800.0,0.0
41,M-1810,item:268091,0.0,302400.0,71350.673466
41,SDC-1450,item:773474,0.0,67200000.0,8463514.0
42,M-1430,item:268967,0.0,107800.0,0.0
42,M-1810,item:268091,0.0,302400.0,62732.183671
42,SDC-1450,item:773474,0.0,67200000.0,8463514.0
43,M-1430,item:268967,0.0,107800.0,0.0
43,M-1810,item:268091,0.0,302400.0,204527.183671
43,SDC-1450,item:773474,0.0,67200000.0,8463514.0
44,M-1430,item:268967,0.0,107800.0,0.0
44,M-1810,item:268091,0.0,302400.0,204527.183671
44,SDC-1450,item:773474,0.0,67200000.0,8463514.0
45,M-1430,item:268967,0.0,107800.0,0.0
45,M-1810,item:268091,0.0,302400.0,191951.469386
45,SDC-1450,item:773474,0.0,67200000.0,8463514.0
46,M-1430,item:268967,0.0,107800.0,0.0
46,M-1810,item:268091,0.0,302400.0,176306.122448
46,SDC-1450,item:773474,0.0,67200000.0,8463514.0
47,M-1430,item:268967,0.0,107800.0,0.0
47,M-1810,item:268091,0.0,302400.0,143989.469387
47,SDC-1450,item:773474,0.0,67200000.0,8463514.0
48,M-1430,item:268967,0.0,107800.0,0.0
48,M-1810,item:268091,0.0,302400.0,109620.897959
48,SDC-1450,item:773474,0.0,67200000.0,8463514.0
49,M-1430,item:268967,0.0,107800.0,0.0
49,M-1810,item:268091,0.0,302400.0,88845.755102
49,SDC-1450,item:773474,0.0,67200000.0,8463514.0
50,M-1430,item:268967,0.0,107800.0,0.0
50,M-1810,item:268091,0.0,302400.0,88845.755102
50,SDC-1450,item:773474,0.0,67200000.0,8463514.0
51,M-1430,item:268967,0.0,107800.0,0.0
51,M-1810,item:268091,0.0,302400.0,78149.999997
51,SDC-1450,item:773474,0.0,67200000.0,8463514.0
52,M-1430,item:268967,0.0,107800.0,0.0
52,M-1810,item:268091,0.0,302400.0,54602.040811
52,SDC-1450,item:773474,0.0,67200000.0,8463514.0
53,M-1430,item:268967,0.0,107800.0,0.0
53,M-1810,item:268091,0.0,302400.0,28990.285711
53,SDC-1450,item:773474,0.0,67200000.0,8463514.0
54,M-1430,item:268967,0.0,107800.0,0.0
54,M-1810,item:268091,0.0,302400.0,14259.591839
54,SDC-1450,item:773474,0.0,67200000.0,8463514.0
55,M-1430,item:268967,0.0,107800.0,0.0
55,M-1810,item:268091,0.0,302400.0,141054.591839
55,SDC-1450,item:773474,0.0,67200000.0,8463514.0
56,M-1430,item:268967,0.0,107800.0,0.0
56,M-1810,item:268091,0.0,302400.0,141054.591839
56,SDC-1450,item:773474,0.0,67200000.0,8463514.0
57,M-1430,item:268967,0.0,107800.0,0.0
57,M-1810,item:268091,0.0,302400.0,129221.571432
57,SDC-1450,item:773474,0.0,67200000.0,8463514.0
58,M-1430,item:268967,107800.0,215600.0,107800.0
58,M-1810,item:268091,0.0,302400.0,105092.265312
58,SDC-1450,item:773474,0.0,67200000.0,8463514.0
59,M-1430,item:268967,0.0,215600.0,0.0
59,M-1810,item:268091,0.0,302400.0,84061.326538
59,SDC-1450,item:773474,0.0,67200000.0,8463514.0
60,M-1430,item:268967,0.0,215600.0,0.0
60,M-1810,item:268091,0.0,302400.0,78748.959188
60,SDC-1450,item:773474,0.0,67200000.0,8463514.0
61,M-1430,item:268967,0.0,215600.0,0.0
61,M-1810,item:268091,0.0,302400.0,90048.959188
61,SDC-1450,item:773474,0.0,67200000.0,11663514.0
62,M-1430,item:268967,107800.0,323400.0,107800.0
62,M-1810,item:268091,0.0,302400.0,90048.959188
62,SDC-1450,item:773474,0.0,67200000.0,11663514.0
63,M-1430,item:268967,107800.0,431200.0,107800.0
63,M-1810,item:268091,0.0,302400.0,229591.204083
63,SDC-1450,item:773474,0.0,67200000.0,11663514.0
64,M-1430,item:268967,107800.0,539000.0,107800.0
64,M-1810,item:268091,0.0,302400.0,362013.387753
64,SDC-1450,item:773474,0.0,67200000.0,11663514.0
65,M-1430,item:268967,0.0,539000.0,46515.57142
65,M-1810,item:268091,0.0,302400.0,348107.18367
65,SDC-1450,item:773474,0.0,67200000.0,11663514.0
66,M-1430,item:268967,0.0,539000.0,46515.57142
66,M-1810,item:268091,0.0,302400.0,336038.20408
66,SDC-1450,item:773474,0.0,67200000.0,11663514.0
67,M-1430,item:268967,0.0,539000.0,46515.57142
67,M-1810,item:268091,0.0,302400.0,330592.530615
67,SDC-1450,item:773474,0.0,67200000.0,11663514.0
68,M-1430,item:268967,0.0,539000.0,46515.57142
68,M-1810,item:268091,0.0,302400.0,330185.632658
68,SDC-1450,item:773474,0.0,67200000.0,11663514.0
69,M-1430,item:268967,0.0,539000.0,46515.57142
69,M-1810,item:268091,0.0,302400.0,325634.612248
69,SDC-1450,item:773474,0.0,67200000.0,11663514.0
70,M-1430,item:268967,0.0,539000.0,46515.57142
70,M-1810,item:268091,0.0,302400.0,311167.102039
70,SDC-1450,item:773474,0.0,67200000.0,11663514.0
71,M-1430,item:268967,0.0,539000.0,46515.57142
71,M-1810,item:268091,0.0,302400.0,286628.897953
71,SDC-1450,item:773474,0.0,67200000.0,11663514.0
72,M-1430,item:268967,0.0,539000.0,46515.57142
72,M-1810,item:268091,0.0,302400.0,266740.204075
72,SDC-1450,item:773474,0.0,67200000.0,11663514.0
73,M-1430,item:268967,0.0,539000.0,46515.57142
73,M-1810,item:268091,0.0,302400.0,263347.918368
73,SDC-1450,item:773474,0.0,67200000.0,11663514.0
74,M-1430,item:268967,0.0,539000.0,46515.57142
74,M-1810,item:268091,0.0,302400.0,263347.918368
74,SDC-1450,item:773474,0.0,67200000.0,11663514.0
75,M-1430,item:268967,0.0,539000.0,46515.57142
75,M-1810,item:268091,0.0,302400.0,257181.102041
75,SDC-1450,item:773474,0.0,67200000.0,11663514.0
76,M-1430,item:268967,0.0,539000.0,46515.57142
76,M-1810,item:268091,0.0,302400.0,298246.591836
76,SDC-1450,item:773474,0.0,67200000.0,11663514.0
77,M-1430,item:268967,0.0,539000.0,46515.57142
77,M-1810,item:268091,0.0,302400.0,271031.244896
77,SDC-1450,item:773474,0.0,67200000.0,11663514.0
78,M-1430,item:268967,0.0,539000.0,46515.57142
78,M-1810,item:268091,0.0,302400.0,229773.285712
78,SDC-1450,item:773474,0.0,67200000.0,11663514.0
79,M-1430,item:268967,0.0,539000.0,46515.57142
79,M-1810,item:268091,0.0,302400.0,201398.102037
79,SDC-1450,item:773474,0.0,67200000.0,11663514.0
80,M-1430,item:268967,0.0,539000.0,46515.57142
80,M-1810,item:268091,0.0,302400.0,201398.102037
80,SDC-1450,item:773474,0.0,67200000.0,11663514.0
81,M-1430,item:268967,0.0,539000.0,46515.57142
81,M-1810,item:268091,0.0,302400.0,192948.306119
81,SDC-1450,item:773474,0.0,67200000.0,11663514.0
82,M-1430,item:268967,0.0,539000.0,46515.57142
82,M-1810,item:268091,0.0,302400.0,190802.30612
82,SDC-1450,item:773474,0.0,67200000.0,11663514.0
83,M-1430,item:268967,0.0,539000.0,46515.57142
83,M-1810,item:268091,0.0,302400.0,190802.30612
83,SDC-1450,item:773474,0.0,67200000.0,11663514.0
84,M-1430,item:268967,0.0,539000.0,46515.57142
84,M-1810,item:268091,0.0,302400.0,190802.30612
84,SDC-1450,item:773474,0.0,67200000.0,11663514.0
85,M-1430,item:268967,0.0,539000.0,46515.57142
85,M-1810,item:268091,0.0,302400.0,187036.428569
85,SDC-1450,item:773474,0.0,67200000.0,11663514.0
86,M-1430,item:268967,0.0,539000.0,46515.57142
86,M-1810,item:268091,0.0,302400.0,169535.693875
86,SDC-1450,item:773474,0.0,67200000.0,11663514.0
87,M-1430,item:268967,0.0,539000.0,46515.57142
87,M-1810,item:268091,0.0,302400.0,150796.85714
87,SDC-1450,item:773474,0.0,67200000.0,11663514.0
88,M-1430,item:268967,0.0,539000.0,43185.46938
88,M-1810,item:268091,0.0,302400.0,145041.367343
88,SDC-1450,item:773474,0.0,67200000.0,11663514.0
89,M-1430,item:268967,0.0,539000.0,34224.979585
89,M-1810,item:268091,0.0,302400.0,145041.367343
89,SDC-1450,item:773474,0.0,67200000.0,11663514.0
90,M-1430,item:268967,0.0,539000.0,22916.551015
90,M-1810,item:268091,0.0,302400.0,145041.367343
90,SDC-1450,item:773474,0.0,67200000.0,11663514.0
91,M-1430,item:268967,0.0,539000.0,14842.918363
91,M-1810,item:268091,0.0,302400.0,145041.367343
91,SDC-1450,item:773474,0.0,67200000.0,11663514.0
92,M-1430,item:268967,0.0,539000.0,12304.367343
92,M-1810,item:268091,0.0,302400.0,145041.367343
92,SDC-1450,item:773474,0.0,67200000.0,11663514.0
93,M-1430,item:268967,0.0,539000.0,12018.448976
93,M-1810,item:268091,0.0,302400.0,286836.367343
93,SDC-1450,item:773474,0.0,67200000.0,11663514.0
94,M-1430,item:268967,0.0,539000.0,12018.448976
94,M-1810,item:268091,0.0,302400.0,285988.387749
94,SDC-1450,item:773474,0.0,67200000.0,11663514.0
95,M-1430,item:268967,0.0,539000.0,6273.530608
95,M-1810,item:268091,0.0,302400.0,279316.469382
95,SDC-1450,item:773474,0.0,67200000.0,11663514.0
96,M-1430,item:268967,107800.0,646800.0,107800.0
96,M-1810,item:268091,0.0,302400.0,277852.897956
96,SDC-1450,item:773474,0.0,67200000.0,11663514.0
97,M-1430,item:268967,0.0,646800.0,89412.285715
97,M-1810,item:268091,0.0,302400.0,254784.306121
97,SDC-1450,item:773474,0.0,67200000.0,11663514.0
98,M-1430,item:268967,0.0,646800.0,76439.10204
98,M-1810,item:268091,0.0,302400.0,231480.795918
98,SDC-1450,item:773474,0.0,67200000.0,11663514.0
99,M-1430,item:268967,0.0,646800.0,56768.959182
99,M-1810,item:268091,0.0,302400.0,220053.918366
99,SDC-1450,item:773474,0.0,67200000.0,11663514.0
100,M-1430,item:268967,0.0,646800.0,56768.959182
100,M-1810,item:268091,0.0,302400.0,220053.918366
100,SDC-1450,item:773474,0.0,67200000.0,11663514.0
101,M-1430,item:268967,0.0,646800.0,56768.959182
101,M-1810,item:268091,0.0,302400.0,220053.918366
101,SDC-1450,item:773474,0.0,67200000.0,11663514.0
102,M-1430,item:268967,0.0,646800.0,56768.959182
102,M-1810,item:268091,0.0,302400.0,212113.65306
102,SDC-1450,item:773474,0.0,67200000.0,11663514.0
103,M-1430,item:268967,0.0,646800.0,56768.959182
103,M-1810,item:268091,0.0,302400.0,192648.469388
103,SDC-1450,item:773474,0.0,67200000.0,11663514.0
104,M-1430,item:268967,0.0,646800.0,56768.959182
104,M-1810,item:268091,0.0,302400.0,188166.653061
104,SDC-1450,item:773474,0.0,67200000.0,11663514.0
105,M-1430,item:268967,0.0,646800.0,56768.959182
105,M-1810,item:268091,0.0,302400.0,161937.306121
105,SDC-1450,item:773474,0.0,67200000.0,11663514.0
106,M-1430,item:268967,0.0,646800.0,56768.959182
106,M-1810,item:268091,0.0,302400.0,257295.510202
106,SDC-1450,item:773474,0.0,67200000.0,11663514.0
107,M-1430,item:268967,0.0,646800.0,56768.959182
107,M-1810,item:268091,0.0,302400.0,353291.632652
107,SDC-1450,item:773474,0.0,67200000.0,11663514.0
108,M-1430,item:268967,0.0,646800.0,56768.959182
108,M-1810,item:268091,0.0,302400.0,303451.714286
108,SDC-1450,item:773474,0.0,67200000.0,11663514.0
109,M-1430,item:268967,0.0,646800.0,56768.959182
109,M-1810,item:268091,0.0,302400.0,295979.306125
109,SDC-1450,item:773474,0.0,67200000.0,11663514.0
110,M-1430,item:268967,0.0,646800.0,56768.959182
110,M-1810,item:268091,0.0,302400.0,295979.306125
110,SDC-1450,item:773474,0.0,67200000.0,11663514.0
111,M-1430,item:268967,0.0,646800.0,56768.959182
111,M-1810,item:268091,0.0,302400.0,344779.306125
111,SDC-1450,item:773474,0.0,67200000.0,11663514.0
112,M-1430,item:268967,0.0,646800.0,56768.959182
112,M-1810,item:268091,0.0,302400.0,344779.306125
112,SDC-1450,item:773474,0.0,67200000.0,11663514.0
113,M-1430,item:268967,0.0,646800.0,56768.959182
113,M-1810,item:268091,0.0,302400.0,486574.306125
113,SDC-1450,item:773474,0.0,67200000.0,11663514.0
114,M-1430,item:268967,0.0,646800.0,56768.959182
114,M-1810,item:268091,0.0,302400.0,486574.306125
114,SDC-1450,item:773474,0.0,67200000.0,11663514.0
115,M-1430,item:268967,0.0,646800.0,56768.959182
115,M-1810,item:268091,0.0,302400.0,486574.306125
115,SDC-1450,item:773474,0.0,67200000.0,11663514.0
116,M-1430,item:268967,0.0,646800.0,56768.959182
116,M-1810,item:268091,0.0,302400.0,486574.306125
116,SDC-1450,item:773474,0.0,67200000.0,11663514.0
117,M-1430,item:268967,0.0,646800.0,56768.959182
117,M-1810,item:268091,0.0,302400.0,486574.306125
117,SDC-1450,item:773474,0.0,67200000.0,11663514.0
118,M-1430,item:268967,0.0,646800.0,56768.959182
118,M-1810,item:268091,0.0,302400.0,486574.306125
118,SDC-1450,item:773474,0.0,67200000.0,11663514.0
119,M-1430,item:268967,0.0,646800.0,56768.959182
119,M-1810,item:268091,0.0,302400.0,523369.306125
119,SDC-1450,item:773474,0.0,67200000.0,11663514.0
120,M-1430,item:268967,0.0,646800.0,56768.959182
120,M-1810,item:268091,0.0,302400.0,523369.306125
120,SDC-1450,item:773474,0.0,67200000.0,11663514.0
121,M-1430,item:268967,0.0,646800.0,56768.959182
121,M-1810,item:268091,0.0,302400.0,523369.306125
121,SDC-1450,item:773474,0.0,67200000.0,11663514.0
122,M-1430,item:268967,0.0,646800.0,56768.959182
122,M-1810,item:268091,0.0,302400.0,523369.306125
122,SDC-1450,item:773474,0.0,67200000.0,11663514.0
123,M-1430,item:268967,0.0,646800.0,56768.959182
123,M-1810,item:268091,0.0,302400.0,523369.306125
123,SDC-1450,item:773474,0.0,67200000.0,11663514.0
124,M-1430,item:268967,0.0,646800.0,56768.959182
124,M-1810,item:268091,0.0,302400.0,523369.306125
124,SDC-1450,item:773474,0.0,67200000.0,11663514.0
125,M-1430,item:268967,0.0,646800.0,56768.959182
125,M-1810,item:268091,0.0,302400.0,523369.306125
125,SDC-1450,item:773474,0.0,67200000.0,11663514.0
126,M-1430,item:268967,0.0,646800.0,56768.959182
126,M-1810,item:268091,0.0,302400.0,523369.306125
126,SDC-1450,item:773474,0.0,67200000.0,11663514.0
127,M-1430,item:268967,0.0,646800.0,56768.959182
127,M-1810,item:268091,0.0,302400.0,523369.306125
127,SDC-1450,item:773474,0.0,67200000.0,11663514.0
128,M-1430,item:268967,0.0,646800.0,56768.959182
128,M-1810,item:268091,0.0,302400.0,523369.306125
128,SDC-1450,item:773474,0.0,67200000.0,11663514.0
129,M-1430,item:268967,0.0,646800.0,56768.959182
129,M-1810,item:268091,0.0,302400.0,523369.306125
129,SDC-1450,item:773474,0.0,67200000.0,11663514.0
130,M-1430,item:268967,0.0,646800.0,56768.959182
130,M-1810,item:268091,0.0,302400.0,523369.306125
130,SDC-1450,item:773474,0.0,67200000.0,11663514.0
131,M-1430,item:268967,0.0,646800.0,56768.959182
131,M-1810,item:268091,0.0,302400.0,521408.755096
131,SDC-1450,item:773474,0.0,67200000.0,11663514.0
132,M-1430,item:268967,0.0,646800.0,56768.959182
132,M-1810,item:268091,0.0,302400.0,505787.61223
132,SDC-1450,item:773474,0.0,67200000.0,11663514.0
133,M-1430,item:268967,0.0,646800.0,56768.959182
133,M-1810,item:268091,0.0,302400.0,619427.959169
133,SDC-1450,item:773474,0.0,67200000.0,11663514.0
134,M-1430,item:268967,0.0,646800.0,56768.959182
134,M-1810,item:268091,0.0,302400.0,712166.918361
134,SDC-1450,item:773474,0.0,67200000.0,11663514.0
135,M-1430,item:268967,0.0,646800.0,56768.959182
135,M-1810,item:268091,0.0,302400.0,668144.877553
135,SDC-1450,item:773474,0.0,67200000.0,11663514.0
136,M-1430,item:268967,0.0,646800.0,56768.959182
136,M-1810,item:268091,0.0,302400.0,668144.877553
136,SDC-1450,item:773474,0.0,67200000.0,11663514.0
137,M-1430,item:268967,0.0,646800.0,56768.959182
137,M-1810,item:268091,0.0,302400.0,668144.877553
137,SDC-1450,item:773474,0.0,67200000.0,11663514.0
138,M-1430,item:268967,0.0,646800.0,56768.959182
138,M-1810,item:268091,0.0,302400.0,668144.877553
138,SDC-1450,item:773474,0.0,67200000.0,11663514.0
139,M-1430,item:268967,0.0,646800.0,56768.959182
139,M-1810,item:268091,0.0,302400.0,668144.877553
139,SDC-1450,item:773474,0.0,67200000.0,11663514.0
140,M-1430,item:268967,0.0,646800.0,56768.959182
140,M-1810,item:268091,0.0,302400.0,668144.877553
140,SDC-1450,item:773474,0.0,67200000.0,11663514.0
141,M-1430,item:268967,0.0,646800.0,56768.959182
141,M-1810,item:268091,0.0,302400.0,657422.999993
141,SDC-1450,item:773474,0.0,67200000.0,11663514.0
142,M-1430,item:268967,0.0,646800.0,56768.959182
142,M-1810,item:268091,0.0,302400.0,646290.14285
142,SDC-1450,item:773474,0.0,67200000.0,11663514.0
143,M-1430,item:268967,0.0,646800.0,56768.959182
143,M-1810,item:268091,0.0,302400.0,625802.530605
143,SDC-1450,item:773474,0.0,67200000.0,11663514.0
144,M-1430,item:268967,0.0,646800.0,56768.959182
144,M-1810,item:268091,0.0,302400.0,606980.693872
144,SDC-1450,item:773474,0.0,67200000.0,11663514.0
145,M-1430,item:268967,0.0,646800.0,56768.959182
145,M-1810,item:268091,0.0,302400.0,738380.489789
145,SDC-1450,item:773474,0.0,67200000.0,11663514.0
146,M-1430,item:268967,0.0,646800.0,56768.959182
146,M-1810,item:268091,0.0,302400.0,734473.530603
146,SDC-1450,item:773474,0.0,67200000.0,11663514.0
147,M-1430,item:268967,0.0,646800.0,56768.959182
147,M-1810,item:268091,0.0,302400.0,728485.857134
147,SDC-1450,item:773474,0.0,67200000.0,11663514.0
148,M-1430,item:268967,0.0,646800.0,56768.959182
148,M-1810,item:268091,0.0,302400.0,715912.612237
148,SDC-1450,item:773474,0.0,67200000.0,11663514.0
149,M-1430,item:268967,0.0,646800.0,56768.959182
149,M-1810,item:268091,0.0,302400.0,694560.755097
149,SDC-1450,item:773474,0.0,67200000.0,11663514.0
150,M-1430,item:268967,0.0,646800.0,56768.959182
150,M-1810,item:268091,0.0,302400.0,678677.510202
150,SDC-1450,item:773474,0.0,67200000.0,11663514.0
151,M-1430,item:268967,0.0,646800.0,56768.959182
151,M-1810,item:268091,0.0,302400.0,655956.857145
151,SDC-1450,item:773474,0.0,67200000.0,11663514.0
152,M-1430,item:268967,0.0,646800.0,56768.959182
152,M-1810,item:268091,0.0,302400.0,655956.857145
152,SDC-1450,item:773474,0.0,67200000.0,11663514.0
153,M-1430,item:268967,0.0,646800.0,56768.959182
153,M-1810,item:268091,0.0,302400.0,655956.857145
153,SDC-1450,item:773474,0.0,67200000.0,11663514.0
154,M-1430,item:268967,0.0,646800.0,56768.959182
154,M-1810,item:268091,0.0,302400.0,655956.857145
154,SDC-1450,item:773474,0.0,67200000.0,11663514.0
155,M-1430,item:268967,0.0,646800.0,56768.959182
155,M-1810,item:268091,0.0,302400.0,655956.857145
155,SDC-1450,item:773474,0.0,67200000.0,11663514.0
156,M-1430,item:268967,0.0,646800.0,56768.959182
156,M-1810,item:268091,0.0,302400.0,655956.857145
156,SDC-1450,item:773474,0.0,67200000.0,11663514.0
157,M-1430,item:268967,0.0,646800.0,56768.959182
157,M-1810,item:268091,0.0,302400.0,655956.857145
157,SDC-1450,item:773474,0.0,67200000.0,11663514.0
158,M-1430,item:268967,0.0,646800.0,42364.081633
158,M-1810,item:268091,0.0,302400.0,654650.244898
158,SDC-1450,item:773474,0.0,67200000.0,11663514.0
159,M-1430,item:268967,0.0,646800.0,3097.857147
159,M-1810,item:268091,0.0,302400.0,647024.306118
159,SDC-1450,item:773474,0.0,67200000.0,11663514.0
160,M-1430,item:268967,107800.0,754600.0,107800.0
160,M-1810,item:268091,0.0,302400.0,631130.877544
160,SDC-1450,item:773474,0.0,67200000.0,11663514.0
161,M-1430,item:268967,0.0,754600.0,71306.979589
161,M-1810,item:268091,0.0,302400.0,613615.795913
161,SDC-1450,item:773474,0.0,67200000.0,11663514.0
162,M-1430,item:268967,0.0,754600.0,11875.265305
162,M-1810,item:268091,0.0,302400.0,603073.061223
162,SDC-1450,item:773474,0.0,67200000.0,11663514.0
163,M-1430,item:268967,107800.0,862400.0,107800.0
163,M-1810,item:268091,0.0,302400.0,601450.836735
163,SDC-1450,item:773474,0.0,67200000.0,11663514.0
164,M-1430,item:268967,0.0,862400.0,107800.0
164,M-1810,item:268091,0.0,302400.0,596398.448978
164,SDC-1450,item:773474,0.0,67200000.0,11663514.0
165,M-1430,item:268967,0.0,862400.0,107800.0
165,M-1810,item:268091,0.0,302400.0,576812.693875
165,SDC-1450,item:773474,0.0,67200000.0,11663514.0
166,M-1430,item:268967,0.0,862400.0,107800.0
166,M-1810,item:268091,0.0,302400.0,543755.326526
166,SDC-1450,item:773474,0.0,67200000.0,11663514.0
167,M-1430,item:268967,0.0,862400.0,67907.428574
167,M-1810,item:268091,0.0,302400.0,519681.795915
167,SDC-1450,item:773474,0.0,67200000.0,11663514.0
168,M-1430,item:268967,107800.0,970200.0,107800.0
168,M-1810,item:268091,0.0,302400.0,512450.857143
168,SDC-1450,item:773474,0.0,67200000.0,11663514.0
169,M-1430,item:268967,0.0,970200.0,53535.14286
169,M-1810,item:268091,0.0,302400.0,512450.857143
169,SDC-1450,item:773474,0.0,67200000.0,11663514.0
170,M-1430,item:268967,107800.0,1078000.0,107800.0
170,M-1810,item:268091,0.0,302400.0,502413.428572
170,SDC-1450,item:773474,0.0,67200000.0,11663514.0
171,M-1430,item:268967,0.0,1078000.0,42225.857143
171,M-1810,item:268091,0.0,302400.0,483150.67347
171,SDC-1450,item:773474,0.0,67200000.0,11663514.0
172,M-1430,item:268967,107800.0,1185800.0,107800.0
172,M-1810,item:268091,0.0,302400.0,464338.265306
172,SDC-1450,item:773474,0.0,67200000.0,11663514.0
173,M-1430,item:268967,0.0,1185800.0,107800.0
173,M-1810,item:268091,0.0,302400.0,451322.346939
173,SDC-1450,item:773474,0.0,67200000.0,11663514.0
174,M-1430,item:268967,0.0,1185800.0,107800.0
174,M-1810,item:268091,0.0,302400.0,439727.102043
174,SDC-1450,item:773474,0.0,67200000.0,11663514.0
175,M-1430,item:268967,0.0,1185800.0,107800.0
175,M-1810,item:268091,0.0,302400.0,423394.285719
175,SDC-1450,item:773474,0.0,67200000.0,11663514.0
176,M-1430,item:268967,0.0,1185800.0,107800.0
176,M-1810,item:268091,0.0,302400.0,400541.469394
176,SDC-1450,item:773474,0.0,67200000.0,11663514.0
177,M-1430,item:268967,0.0,1185800.0,107800.0
177,M-1810,item:268091,0.0,302400.0,359211.65307
177,SDC-1450,item:773474,0.0,67200000.0,11663514.0
178,M-1430,item:268967,0.0,1185800.0,107800.0
178,M-1810,item:268091,0.0,302400.0,337069.775519
178,SDC-1450,item:773474,0.0,67200000.0,11663514.0
179,M-1430,item:268967,0.0,1185800.0,107800.0
179,M-1810,item:268091,0.0,302400.0,337069.775519
179,SDC-1450,item:773474,0.0,67200000.0,11663514.0
180,M-1430,item:268967,0.0,1185800.0,107800.0
180,M-1810,item:268091,0.0,302400.0,337069.775519
180,SDC-1450,item:773474,0.0,67200000.0,11663514.0
181,M-1430,item:268967,0.0,1185800.0,107800.0
181,M-1810,item:268091,0.0,302400.0,337069.775519
181,SDC-1450,item:773474,0.0,67200000.0,11663514.0
182,M-1430,item:268967,0.0,1185800.0,107800.0
182,M-1810,item:268091,0.0,302400.0,337069.775519
182,SDC-1450,item:773474,0.0,67200000.0,11663514.0
183,M-1430,item:268967,0.0,1185800.0,107800.0
183,M-1810,item:268091,0.0,302400.0,337069.775519
183,SDC-1450,item:773474,0.0,67200000.0,11663514.0
184,M-1430,item:268967,0.0,1185800.0,107800.0
184,M-1810,item:268091,0.0,302400.0,337069.775519
184,SDC-1450,item:773474,0.0,67200000.0,11663514.0
185,M-1430,item:268967,0.0,1185800.0,107800.0
185,M-1810,item:268091,0.0,302400.0,337069.775519
185,SDC-1450,item:773474,0.0,67200000.0,11663514.0
186,M-1430,item:268967,0.0,1185800.0,107800.0
186,M-1810,item:268091,0.0,302400.0,337069.775519
186,SDC-1450,item:773474,0.0,67200000.0,11663514.0
187,M-1430,item:268967,0.0,1185800.0,107800.0
187,M-1810,item:268091,0.0,302400.0,337069.775519
187,SDC-1450,item:773474,0.0,67200000.0,11663514.0
188,M-1430,item:268967,0.0,1185800.0,107800.0
188,M-1810,item:268091,0.0,302400.0,335188.367339
188,SDC-1450,item:773474,0.0,67200000.0,11663514.0
189,M-1430,item:268967,0.0,1185800.0,107800.0
189,M-1810,item:268091,0.0,302400.0,319910.142832
189,SDC-1450,item:773474,0.0,67200000.0,11663514.0
190,M-1430,item:268967,0.0,1185800.0,107800.0
190,M-1810,item:268091,0.0,302400.0,308156.142849
190,SDC-1450,item:773474,0.0,67200000.0,11663514.0
191,M-1430,item:268967,0.0,1185800.0,107800.0
191,M-1810,item:268091,0.0,302400.0,294282.142849
191,SDC-1450,item:773474,0.0,67200000.0,11663514.0
192,M-1430,item:268967,0.0,1185800.0,107800.0
192,M-1810,item:268091,0.0,302400.0,277011.061217
192,SDC-1450,item:773474,0.0,67200000.0,11663514.0
193,M-1430,item:268967,0.0,1185800.0,107800.0
193,M-1810,item:268091,0.0,302400.0,270692.673464
193,SDC-1450,item:773474,0.0,67200000.0,11663514.0
194,M-1430,item:268967,0.0,1185800.0,107800.0
194,M-1810,item:268091,0.0,302400.0,270692.673464
194,SDC-1450,item:773474,0.0,67200000.0,11663514.0
195,M-1430,item:268967,0.0,1185800.0,107800.0
195,M-1810,item:268091,0.0,302400.0,266803.7551
195,SDC-1450,item:773474,0.0,67200000.0,11663514.0
196,M-1430,item:268967,0.0,1185800.0,107800.0
196,M-1810,item:268091,0.0,302400.0,255295.346937
196,SDC-1450,item:773474,0.0,67200000.0,11663514.0
197,M-1430,item:268967,0.0,1185800.0,107800.0
197,M-1810,item:268091,0.0,302400.0,232754.306122
197,SDC-1450,item:773474,0.0,67200000.0,11663514.0
198,M-1430,item:268967,0.0,1185800.0,107800.0
198,M-1810,item:268091,0.0,302400.0,211164.816328
198,SDC-1450,item:773474,0.0,67200000.0,11663514.0
199,M-1430,item:268967,0.0,1185800.0,107800.0
199,M-1810,item:268091,0.0,302400.0,203473.938777
199,SDC-1450,item:773474,0.0,67200000.0,11663514.0
200,M-1430,item:268967,0.0,1185800.0,107800.0
200,M-1810,item:268091,0.0,302400.0,203473.938777
200,SDC-1450,item:773474,0.0,67200000.0,11663514.0
201,M-1430,item:268967,0.0,1185800.0,107800.0
201,M-1810,item:268091,0.0,302400.0,203473.938777
201,SDC-1450,item:773474,0.0,67200000.0,11663514.0
202,M-1430,item:268967,0.0,1185800.0,107800.0
202,M-1810,item:268091,0.0,302400.0,188660.142858
202,SDC-1450,item:773474,0.0,67200000.0,11663514.0
203,M-1430,item:268967,0.0,1185800.0,107800.0
203,M-1810,item:268091,0.0,302400.0,148500.775512
203,SDC-1450,item:773474,0.0,67200000.0,11663514.0
204,M-1430,item:268967,0.0,1185800.0,107800.0
204,M-1810,item:268091,0.0,302400.0,96854.775512
204,SDC-1450,item:773474,0.0,67200000.0,11663514.0
205,M-1430,item:268967,0.0,1185800.0,107800.0
205,M-1810,item:268091,0.0,302400.0,58112.857146
205,SDC-1450,item:773474,0.0,67200000.0,11663514.0
206,M-1430,item:268967,0.0,1185800.0,107800.0
206,M-1810,item:268091,0.0,302400.0,58112.857146
206,SDC-1450,item:773474,0.0,67200000.0,11663514.0
207,M-1430,item:268967,0.0,1185800.0,107800.0
207,M-1810,item:268091,0.0,302400.0,58112.857146
207,SDC-1450,item:773474,0.0,67200000.0,11663514.0
208,M-1430,item:268967,0.0,1185800.0,107800.0
208,M-1810,item:268091,0.0,302400.0,58112.857146
208,SDC-1450,item:773474,0.0,67200000.0,11663514.0
209,M-1430,item:268967,0.0,1185800.0,107800.0
209,M-1810,item:268091,0.0,302400.0,58112.857146
209,SDC-1450,item:773474,0.0,67200000.0,11663514.0
210,M-1430,item:268967,0.0,1185800.0,107800.0
210,M-1810,item:268091,0.0,302400.0,58112.857146
210,SDC-1450,item:773474,0.0,67200000.0,11663514.0
211,M-1430,item:268967,0.0,1185800.0,107800.0
211,M-1810,item:268091,0.0,302400.0,58112.857146
211,SDC-1450,item:773474,0.0,67200000.0,11663514.0
212,M-1430,item:268967,0.0,1185800.0,107800.0
212,M-1810,item:268091,0.0,302400.0,58112.857146
212,SDC-1450,item:773474,0.0,67200000.0,11663514.0
213,M-1430,item:268967,0.0,1185800.0,107800.0
213,M-1810,item:268091,0.0,302400.0,58112.857146
213,SDC-1450,item:773474,0.0,67200000.0,11663514.0
214,M-1430,item:268967,0.0,1185800.0,107800.0
214,M-1810,item:268091,0.0,302400.0,58112.857146
214,SDC-1450,item:773474,0.0,67200000.0,11663514.0
215,M-1430,item:268967,0.0,1185800.0,107800.0
215,M-1810,item:268091,0.0,302400.0,58112.857146
215,SDC-1450,item:773474,0.0,67200000.0,11663514.0
216,M-1430,item:268967,0.0,1185800.0,107800.0
216,M-1810,item:268091,0.0,302400.0,58112.857146
216,SDC-1450,item:773474,0.0,67200000.0,11663514.0
217,M-1430,item:268967,0.0,1185800.0,107800.0
217,M-1810,item:268091,0.0,302400.0,58112.857146
217,SDC-1450,item:773474,0.0,67200000.0,11663514.0
218,M-1430,item:268967,0.0,1185800.0,107800.0
218,M-1810,item:268091,0.0,302400.0,58112.857146
218,SDC-1450,item:773474,0.0,67200000.0,11663514.0
219,M-1430,item:268967,0.0,1185800.0,107800.0
219,M-1810,item:268091,0.0,302400.0,58112.857146
219,SDC-1450,item:773474,0.0,67200000.0,11663514.0
220,M-1430,item:268967,0.0,1185800.0,107800.0
220,M-1810,item:268091,0.0,302400.0,58112.857146
220,SDC-1450,item:773474,0.0,67200000.0,11663514.0
221,M-1430,item:268967,0.0,1185800.0,107800.0
221,M-1810,item:268091,0.0,302400.0,58112.857146
221,SDC-1450,item:773474,0.0,67200000.0,11663514.0
222,M-1430,item:268967,0.0,1185800.0,107800.0
222,M-1810,item:268091,0.0,302400.0,58112.857146
222,SDC-1450,item:773474,0.0,67200000.0,11663514.0
223,M-1430,item:268967,0.0,1185800.0,107800.0
223,M-1810,item:268091,0.0,302400.0,58112.857146
223,SDC-1450,item:773474,0.0,67200000.0,11663514.0
224,M-1430,item:268967,0.0,1185800.0,107800.0
224,M-1810,item:268091,0.0,302400.0,58112.857146
224,SDC-1450,item:773474,0.0,67200000.0,11663514.0
225,M-1430,item:268967,0.0,1185800.0,107800.0
225,M-1810,item:268091,0.0,302400.0,58112.857146
225,SDC-1450,item:773474,0.0,67200000.0,11663514.0
226,M-1430,item:268967,0.0,1185800.0,107800.0
226,M-1810,item:268091,0.0,302400.0,58112.857146
226,SDC-1450,item:773474,0.0,67200000.0,11663514.0
227,M-1430,item:268967,0.0,1185800.0,107800.0
227,M-1810,item:268091,0.0,302400.0,58112.857146
227,SDC-1450,item:773474,0.0,67200000.0,11663514.0
228,M-1430,item:268967,0.0,1185800.0,107800.0
228,M-1810,item:268091,0.0,302400.0,58112.857146
228,SDC-1450,item:773474,0.0,67200000.0,11663514.0
229,M-1430,item:268967,0.0,1185800.0,107800.0
229,M-1810,item:268091,0.0,302400.0,53440.040811
229,SDC-1450,item:773474,0.0,67200000.0,11663514.0
230,M-1430,item:268967,0.0,1185800.0,107800.0
230,M-1810,item:268091,0.0,302400.0,37381.06121
230,SDC-1450,item:773474,0.0,67200000.0,11663514.0
231,M-1430,item:268967,0.0,1185800.0,107800.0
231,M-1810,item:268091,0.0,302400.0,14581.408149
231,SDC-1450,item:773474,0.0,67200000.0,11663514.0
232,M-1430,item:268967,0.0,1185800.0,107800.0
232,M-1810,item:268091,14400.0,316800.0,14400.0
232,SDC-1450,item:773474,0.0,67200000.0,11663514.0
233,M-1430,item:268967,0.0,1185800.0,107800.0
233,M-1810,item:268091,0.0,316800.0,7550.020417
233,SDC-1450,item:773474,0.0,67200000.0,11663514.0
234,M-1430,item:268967,0.0,1185800.0,107800.0
234,M-1810,item:268091,0.0,316800.0,4905.204085
234,SDC-1450,item:773474,0.0,67200000.0,11663514.0
235,M-1430,item:268967,0.0,1185800.0,107800.0
235,M-1810,item:268091,14400.0,331200.0,14400.0
235,SDC-1450,item:773474,0.0,67200000.0,11663514.0
236,M-1430,item:268967,0.0,1185800.0,107800.0
236,M-1810,item:268091,14400.0,345600.0,14400.0
236,SDC-1450,item:773474,0.0,67200000.0,11663514.0
237,M-1430,item:268967,0.0,1185800.0,105744.877559
237,M-1810,item:268091,14400.0,360000.0,14400.0
237,SDC-1450,item:773474,0.0,67200000.0,11663514.0
238,M-1430,item:268967,0.0,1185800.0,79377.265321
238,M-1810,item:268091,14400.0,374400.0,14400.0
238,SDC-1450,item:773474,0.0,67200000.0,11663514.0
239,M-1430,item:268967,0.0,1185800.0,29651.387767
239,M-1810,item:268091,14400.0,388800.0,14400.0
239,SDC-1450,item:773474,0.0,67200000.0,11663514.0
240,M-1430,item:268967,107800.0,1293600.0,107800.0
240,M-1810,item:268091,14400.0,403200.0,14400.0
240,SDC-1450,item:773474,0.0,67200000.0,11663514.0
241,M-1430,item:268967,0.0,1293600.0,107653.326522
241,M-1810,item:268091,14400.0,417600.0,14400.0
241,SDC-1450,item:773474,0.0,67200000.0,11663514.0
242,M-1430,item:268967,0.0,1293600.0,107653.326522
242,M-1810,item:268091,14400.0,432000.0,14400.0
242,SDC-1450,item:773474,0.0,67200000.0,11663514.0
243,M-1430,item:268967,0.0,1293600.0,107653.326522
243,M-1810,item:268091,14400.0,446400.0,14400.0
243,SDC-1450,item:773474,0.0,67200000.0,11663514.0
244,M-1430,item:268967,0.0,1293600.0,107653.326522
244,M-1810,item:268091,0.0,446400.0,14400.0
244,SDC-1450,item:773474,0.0,67200000.0,11663514.0
245,M-1430,item:268967,0.0,1293600.0,107653.326522
245,M-1810,item:268091,0.0,446400.0,13830.979585
245,SDC-1450,item:773474,0.0,67200000.0,11663514.0
246,M-1430,item:268967,0.0,1293600.0,107653.326522
246,M-1810,item:268091,0.0,446400.0,6993.265293
246,SDC-1450,item:773474,0.0,67200000.0,11663514.0
247,M-1430,item:268967,0.0,1293600.0,107653.326522
247,M-1810,item:268091,14400.0,460800.0,14400.0
247,SDC-1450,item:773474,0.0,67200000.0,11663514.0
248,M-1430,item:268967,0.0,1293600.0,107653.326522
248,M-1810,item:268091,0.0,460800.0,356.428579
248,SDC-1450,item:773474,0.0,67200000.0,11663514.0
249,M-1430,item:268967,0.0,1293600.0,107653.326522
249,M-1810,item:268091,14400.0,475200.0,14400.0
249,SDC-1450,item:773474,0.0,67200000.0,11663514.0
250,M-1430,item:268967,0.0,1293600.0,107653.326522
250,M-1810,item:268091,0.0,475200.0,2984.591826
250,SDC-1450,item:773474,0.0,67200000.0,11663514.0
251,M-1430,item:268967,0.0,1293600.0,107653.326522
251,M-1810,item:268091,14400.0,489600.0,14400.0
251,SDC-1450,item:773474,0.0,67200000.0,11663514.0
252,M-1430,item:268967,0.0,1293600.0,107653.326522
252,M-1810,item:268091,14400.0,504000.0,14400.0
252,SDC-1450,item:773474,0.0,67200000.0,11663514.0
253,M-1430,item:268967,0.0,1293600.0,107653.326522
253,M-1810,item:268091,14400.0,518400.0,14400.0
253,SDC-1450,item:773474,0.0,67200000.0,11663514.0
254,M-1430,item:268967,0.0,1293600.0,107653.326522
254,M-1810,item:268091,0.0,518400.0,7355.428569
254,SDC-1450,item:773474,0.0,67200000.0,11663514.0
255,M-1430,item:268967,0.0,1293600.0,107653.326522
255,M-1810,item:268091,14400.0,532800.0,14400.0
255,SDC-1450,item:773474,0.0,67200000.0,11663514.0
256,M-1430,item:268967,0.0,1293600.0,107653.326522
256,M-1810,item:268091,14400.0,547200.0,14400.0
256,SDC-1450,item:773474,0.0,67200000.0,11663514.0
257,M-1430,item:268967,0.0,1293600.0,107653.326522
257,M-1810,item:268091,14400.0,561600.0,14400.0
257,SDC-1450,item:773474,0.0,67200000.0,11663514.0
258,M-1430,item:268967,0.0,1293600.0,107653.326522
258,M-1810,item:268091,14400.0,576000.0,14400.0
258,SDC-1450,item:773474,0.0,67200000.0,11663514.0
259,M-1430,item:268967,0.0,1293600.0,107653.326522
259,M-1810,item:268091,14400.0,590400.0,14400.0
259,SDC-1450,item:773474,0.0,67200000.0,11663514.0
260,M-1430,item:268967,0.0,1293600.0,107653.326522
260,M-1810,item:268091,14400.0,604800.0,14400.0
260,SDC-1450,item:773474,0.0,67200000.0,11663514.0
261,M-1430,item:268967,0.0,1293600.0,107653.326522
261,M-1810,item:268091,14400.0,619200.0,14400.0
261,SDC-1450,item:773474,0.0,67200000.0,11663514.0
262,M-1430,item:268967,0.0,1293600.0,107653.326522
262,M-1810,item:268091,14400.0,633600.0,14400.0
262,SDC-1450,item:773474,0.0,67200000.0,11663514.0
263,M-1430,item:268967,0.0,1293600.0,107653.326522
263,M-1810,item:268091,14400.0,648000.0,14400.0
263,SDC-1450,item:773474,0.0,67200000.0,11663514.0
264,M-1430,item:268967,0.0,1293600.0,107653.326522
264,M-1810,item:268091,14400.0,662400.0,14400.0
264,SDC-1450,item:773474,0.0,67200000.0,11663514.0
265,M-1430,item:268967,0.0,1293600.0,107653.326522
265,M-1810,item:268091,14400.0,676800.0,14400.0
265,SDC-1450,item:773474,0.0,67200000.0,11663514.0
266,M-1430,item:268967,0.0,1293600.0,107653.326522
266,M-1810,item:268091,14400.0,691200.0,14400.0
266,SDC-1450,item:773474,0.0,67200000.0,11663514.0
267,M-1430,item:268967,0.0,1293600.0,107653.326522
267,M-1810,item:268091,14400.0,705600.0,14400.0
267,SDC-1450,item:773474,0.0,67200000.0,11663514.0
268,M-1430,item:268967,0.0,1293600.0,98305.857155
268,M-1810,item:268091,14400.0,720000.0,14400.0
268,SDC-1450,item:773474,0.0,67200000.0,11663514.0
269,M-1430,item:268967,0.0,1293600.0,88958.387788
269,M-1810,item:268091,14400.0,734400.0,14400.0
269,SDC-1450,item:773474,0.0,67200000.0,11663514.0
270,M-1430,item:268967,0.0,1293600.0,88958.387788
270,M-1810,item:268091,0.0,734400.0,5240.959181
270,SDC-1450,item:773474,0.0,67200000.0,11663514.0
271,M-1430,item:268967,0.0,1293600.0,88958.387788
271,M-1810,item:268091,0.0,734400.0,5240.959181
271,SDC-1450,item:773474,0.0,67200000.0,11663514.0
272,M-1430,item:268967,0.0,1293600.0,88958.387788
272,M-1810,item:268091,0.0,734400.0,5240.959181
272,SDC-1450,item:773474,0.0,67200000.0,11663514.0
273,M-1430,item:268967,0.0,1293600.0,88958.387788
273,M-1810,item:268091,0.0,734400.0,5240.959181
273,SDC-1450,item:773474,0.0,67200000.0,11663514.0
274,M-1430,item:268967,0.0,1293600.0,88958.387788
274,M-1810,item:268091,0.0,734400.0,5240.959181
274,SDC-1450,item:773474,0.0,67200000.0,11663514.0
275,M-1430,item:268967,0.0,1293600.0,88958.387788
275,M-1810,item:268091,0.0,734400.0,5240.959181
275,SDC-1450,item:773474,0.0,67200000.0,11663514.0
276,M-1430,item:268967,0.0,1293600.0,88958.387788
276,M-1810,item:268091,0.0,734400.0,5240.959181
276,SDC-1450,item:773474,0.0,67200000.0,11663514.0
277,M-1430,item:268967,0.0,1293600.0,88958.387788
277,M-1810,item:268091,14400.0,748800.0,14400.0
277,SDC-1450,item:773474,0.0,67200000.0,11663514.0
278,M-1430,item:268967,0.0,1293600.0,88958.387788
278,M-1810,item:268091,14400.0,763200.0,14400.0
278,SDC-1450,item:773474,0.0,67200000.0,11663514.0
279,M-1430,item:268967,0.0,1293600.0,88958.387788
279,M-1810,item:268091,0.0,763200.0,2497.448971
279,SDC-1450,item:773474,0.0,67200000.0,11663514.0
280,M-1430,item:268967,0.0,1293600.0,88104.387766
280,M-1810,item:268091,14400.0,777600.0,14400.0
280,SDC-1450,item:773474,0.0,67200000.0,11663514.0
281,M-1430,item:268967,0.0,1293600.0,81073.714274
281,M-1810,item:268091,14400.0,792000.0,14400.0
281,SDC-1450,item:773474,0.0,67200000.0,11663514.0
282,M-1430,item:268967,0.0,1293600.0,67599.183639
282,M-1810,item:268091,14400.0,806400.0,14400.0
282,SDC-1450,item:773474,0.0,67200000.0,11663514.0
283,M-1430,item:268967,0.0,1293600.0,54950.73466
283,M-1810,item:268091,14400.0,820800.0,14400.0
283,SDC-1450,item:773474,0.0,67200000.0,11663514.0
284,M-1430,item:268967,0.0,1293600.0,49517.97958
284,M-1810,item:268091,14400.0,835200.0,14400.0
284,SDC-1450,item:773474,0.0,67200000.0,11663514.0
285,M-1430,item:268967,0.0,1293600.0,49517.97958
285,M-1810,item:268091,14400.0,849600.0,14400.0
285,SDC-1450,item:773474,0.0,67200000.0,11663514.0
286,M-1430,item:268967,0.0,1293600.0,49517.97958
286,M-1810,item:268091,14400.0,864000.0,14400.0
286,SDC-1450,item:773474,0.0,67200000.0,11663514.0
287,M-1430,item:268967,0.0,1293600.0,43639.265317
287,M-1810,item:268091,14400.0,878400.0,14400.0
287,SDC-1450,item:773474,0.0,67200000.0,11663514.0
288,M-1430,item:268967,0.0,1293600.0,37023.857153
288,M-1810,item:268091,14400.0,892800.0,14400.0
288,SDC-1450,item:773474,0.0,67200000.0,11663514.0
289,M-1430,item:268967,0.0,1293600.0,23710.87756
289,M-1810,item:268091,14400.0,907200.0,14400.0
289,SDC-1450,item:773474,0.0,67200000.0,11663514.0
290,M-1430,item:268967,0.0,1293600.0,12966.612254
290,M-1810,item:268091,0.0,907200.0,5629.469379
290,SDC-1450,item:773474,0.0,67200000.0,11663514.0
291,M-1430,item:268967,0.0,1293600.0,11267.367358
291,M-1810,item:268091,0.0,907200.0,1155.44896
291,SDC-1450,item:773474,0.0,67200000.0,11663514.0
292,M-1430,item:268967,0.0,1293600.0,11267.367358
292,M-1810,item:268091,14400.0,921600.0,14400.0
292,SDC-1450,item:773474,0.0,67200000.0,11663514.0
293,M-1430,item:268967,0.0,1293600.0,8270.489806
293,M-1810,item:268091,14400.0,936000.0,14400.0
293,SDC-1450,item:773474,0.0,67200000.0,11663514.0
294,M-1430,item:268967,107800.0,1401400.0,107800.0
294,M-1810,item:268091,14400.0,950400.0,14400.0
294,SDC-1450,item:773474,0.0,67200000.0,11663514.0
295,M-1430,item:268967,0.0,1401400.0,90023.510208
295,M-1810,item:268091,14400.0,964800.0,14400.0
295,SDC-1450,item:773474,0.0,67200000.0,11663514.0
296,M-1430,item:268967,0.0,1401400.0,71297.367367
296,M-1810,item:268091,14400.0,979200.0,14400.0
296,SDC-1450,item:773474,0.0,67200000.0,11663514.0
297,M-1430,item:268967,0.0,1401400.0,69147.428604
297,M-1810,item:268091,14400.0,993600.0,14400.0
297,SDC-1450,item:773474,0.0,67200000.0,11663514.0
298,M-1430,item:268967,0.0,1401400.0,66125.346985
298,M-1810,item:268091,0.0,993600.0,10026.693873
298,SDC-1450,item:773474,0.0,67200000.0,11663514.0
299,M-1430,item:268967,0.0,1401400.0,66125.346985
299,M-1810,item:268091,0.0,993600.0,10026.693873
299,SDC-1450,item:773474,0.0,67200000.0,11663514.0
300,M-1430,item:268967,0.0,1401400.0,66125.346985
300,M-1810,item:268091,0.0,993600.0,10026.693873
300,SDC-1450,item:773474,0.0,67200000.0,11663514.0
301,M-1430,item:268967,0.0,1401400.0,66125.346985
301,M-1810,item:268091,0.0,993600.0,10026.693873
301,SDC-1450,item:773474,0.0,67200000.0,11663514.0
302,M-1430,item:268967,0.0,1401400.0,65847.285733
302,M-1810,item:268091,0.0,993600.0,9182.999995
302,SDC-1450,item:773474,0.0,67200000.0,11663514.0
303,M-1430,item:268967,0.0,1401400.0,60166.79591
303,M-1810,item:268091,0.0,993600.0,2275.306117
303,SDC-1450,item:773474,0.0,67200000.0,11663514.0
304,M-1430,item:268967,0.0,1401400.0,50370.795911
304,M-1810,item:268091,14400.0,1008000.0,14400.0
304,SDC-1450,item:773474,0.0,67200000.0,11663514.0
305,M-1430,item:268967,0.0,1401400.0,41308.285734
305,M-1810,item:268091,0.0,1008000.0,4054.306118
305,SDC-1450,item:773474,0.0,67200000.0,11663514.0
306,M-1430,item:268967,0.0,1401400.0,36541.346986
306,M-1810,item:268091,14400.0,1022400.0,14400.0
306,SDC-1450,item:773474,0.0,67200000.0,11663514.0
307,M-1430,item:268967,0.0,1401400.0,30967.918415
307,M-1810,item:268091,14400.0,1036800.0,14400.0
307,SDC-1450,item:773474,0.0,67200000.0,11663514.0
308,M-1430,item:268967,0.0,1401400.0,15820.857165
308,M-1810,item:268091,14400.0,1051200.0,14400.0
308,SDC-1450,item:773474,0.0,67200000.0,11663514.0
309,M-1430,item:268967,107800.0,1509200.0,107800.0
309,M-1810,item:268091,14400.0,1065600.0,14400.0
309,SDC-1450,item:773474,0.0,67200000.0,11663514.0
310,M-1430,item:268967,0.0,1509200.0,83032.0
310,M-1810,item:268091,14400.0,1080000.0,14400.0
310,SDC-1450,item:773474,0.0,67200000.0,11663514.0
311,M-1430,item:268967,0.0,1509200.0,83032.0
311,M-1810,item:268091,14400.0,1094400.0,14400.0
311,SDC-1450,item:773474,0.0,67200000.0,11663514.0
312,M-1430,item:268967,0.0,1509200.0,83032.0
312,M-1810,item:268091,14400.0,1108800.0,14400.0
312,SDC-1450,item:773474,0.0,67200000.0,11663514.0
313,M-1430,item:268967,0.0,1509200.0,83032.0
313,M-1810,item:268091,0.0,1108800.0,8122.244893
313,SDC-1450,item:773474,0.0,67200000.0,11663514.0
314,M-1430,item:268967,0.0,1509200.0,83032.0
314,M-1810,item:268091,0.0,1108800.0,3480.938766
314,SDC-1450,item:773474,0.0,67200000.0,11663514.0
315,M-1430,item:268967,0.0,1509200.0,83032.0
315,M-1810,item:268091,14400.0,1123200.0,14400.0
315,SDC-1450,item:773474,0.0,67200000.0,11663514.0
316,M-1430,item:268967,0.0,1509200.0,83032.0
316,M-1810,item:268091,14400.0,1137600.0,14400.0
316,SDC-1450,item:773474,0.0,67200000.0,11663514.0
317,M-1430,item:268967,0.0,1509200.0,83032.0
317,M-1810,item:268091,14400.0,1152000.0,14400.0
317,SDC-1450,item:773474,0.0,67200000.0,11663514.0
318,M-1430,item:268967,0.0,1509200.0,83032.0
318,M-1810,item:268091,14400.0,1166400.0,14400.0
318,SDC-1450,item:773474,0.0,67200000.0,11663514.0
319,M-1430,item:268967,0.0,1509200.0,83032.0
319,M-1810,item:268091,14400.0,1180800.0,14400.0
319,SDC-1450,item:773474,0.0,67200000.0,11663514.0
320,M-1430,item:268967,0.0,1509200.0,83032.0
320,M-1810,item:268091,14400.0,1195200.0,14400.0
320,SDC-1450,item:773474,0.0,67200000.0,11663514.0
321,M-1430,item:268967,0.0,1509200.0,76305.346959
321,M-1810,item:268091,14400.0,1209600.0,14400.0
321,SDC-1450,item:773474,0.0,67200000.0,11663514.0
322,M-1430,item:268967,0.0,1509200.0,61810.79596
322,M-1810,item:268091,28800.0,1238400.0,28800.0
322,SDC-1450,item:773474,0.0,67200000.0,11663514.0
323,M-1430,item:268967,0.0,1509200.0,46094.306164
323,M-1810,item:268091,28800.0,1267200.0,28800.0
323,SDC-1450,item:773474,0.0,67200000.0,11663514.0
324,M-1430,item:268967,0.0,1509200.0,36743.081655
324,M-1810,item:268091,28800.0,1296000.0,28800.0
324,SDC-1450,item:773474,0.0,67200000.0,11663514.0
325,M-1430,item:268967,0.0,1509200.0,36743.081655
325,M-1810,item:268091,28800.0,1324800.0,28800.0
325,SDC-1450,item:773474,0.0,67200000.0,11663514.0
326,M-1430,item:268967,0.0,1509200.0,36743.081655
326,M-1810,item:268091,28800.0,1353600.0,28800.0
326,SDC-1450,item:773474,0.0,67200000.0,11663514.0
327,M-1430,item:268967,0.0,1509200.0,36743.081655
327,M-1810,item:268091,28800.0,1382400.0,28800.0
327,SDC-1450,item:773474,0.0,67200000.0,11663514.0
328,M-1430,item:268967,0.0,1509200.0,27766.673492
328,M-1810,item:268091,0.0,1382400.0,7603.510197
328,SDC-1450,item:773474,0.0,67200000.0,11663514.0
329,M-1430,item:268967,0.0,1509200.0,8909.673493
329,M-1810,item:268091,0.0,1382400.0,7603.510197
329,SDC-1450,item:773474,0.0,67200000.0,11663514.0
330,M-1430,item:268967,107800.0,1617000.0,107800.0
330,M-1810,item:268091,14400.0,1396800.0,14400.0
330,SDC-1450,item:773474,0.0,67200000.0,11663514.0
331,M-1430,item:268967,0.0,1617000.0,105170.857169
331,M-1810,item:268091,14400.0,1411200.0,14400.0
331,SDC-1450,item:773474,0.0,67200000.0,11663514.0
332,M-1430,item:268967,0.0,1617000.0,101048.816378
332,M-1810,item:268091,14400.0,1425600.0,14400.0
332,SDC-1450,item:773474,0.0,67200000.0,11663514.0
333,M-1430,item:268967,0.0,1617000.0,98421.122498
333,M-1810,item:268091,0.0,1425600.0,5961.653056
333,SDC-1450,item:773474,0.0,67200000.0,11663514.0
334,M-1430,item:268967,0.0,1617000.0,98421.122498
334,M-1810,item:268091,0.0,1425600.0,5217.591832
334,SDC-1450,item:773474,0.0,67200000.0,11663514.0
335,M-1430,item:268967,0.0,1617000.0,98421.122498
335,M-1810,item:268091,0.0,1425600.0,5217.591832
335,SDC-1450,item:773474,0.0,67200000.0,11663514.0
336,M-1430,item:268967,0.0,1617000.0,98421.122498
336,M-1810,item:268091,0.0,1425600.0,5217.591832
336,SDC-1450,item:773474,0.0,67200000.0,11663514.0
337,M-1430,item:268967,0.0,1617000.0,98421.122498
337,M-1810,item:268091,0.0,1425600.0,5217.591832
337,SDC-1450,item:773474,0.0,67200000.0,11663514.0
338,M-1430,item:268967,0.0,1617000.0,98421.122498
338,M-1810,item:268091,0.0,1425600.0,5217.591832
338,SDC-1450,item:773474,0.0,67200000.0,11663514.0
339,M-1430,item:268967,0.0,1617000.0,91753.489817
339,M-1810,item:268091,14400.0,1440000.0,14400.0
339,SDC-1450,item:773474,0.0,67200000.0,11663514.0
340,M-1430,item:268967,0.0,1617000.0,77660.836728
340,M-1810,item:268091,14400.0,1454400.0,14400.0
340,SDC-1450,item:773474,0.0,67200000.0,11663514.0
341,M-1430,item:268967,0.0,1617000.0,76839.653083
341,M-1810,item:268091,14400.0,1468800.0,14400.0
341,SDC-1450,item:773474,0.0,67200000.0,11663514.0
342,M-1430,item:268967,0.0,1617000.0,68465.857194
342,M-1810,item:268091,14400.0,1483200.0,14400.0
342,SDC-1450,item:773474,0.0,67200000.0,11663514.0
343,M-1430,item:268967,0.0,1617000.0,52475.653143
343,M-1810,item:268091,14400.0,1497600.0,14400.0
343,SDC-1450,item:773474,0.0,67200000.0,11663514.0
344,M-1430,item:268967,0.0,1617000.0,28805.245011
344,M-1810,item:268091,14400.0,1512000.0,14400.0
344,SDC-1450,item:773474,0.0,67200000.0,11663514.0
345,M-1430,item:268967,107800.0,1724800.0,107800.0
345,M-1810,item:268091,14400.0,1526400.0,14400.0
345,SDC-1450,item:773474,0.0,67200000.0,11663514.0
346,M-1430,item:268967,0.0,1724800.0,74456.183677
346,M-1810,item:268091,14400.0,1540800.0,14400.0
346,SDC-1450,item:773474,0.0,67200000.0,11663514.0
347,M-1430,item:268967,0.0,1724800.0,74456.183677
347,M-1810,item:268091,28800.0,1569600.0,28800.0
347,SDC-1450,item:773474,0.0,67200000.0,11663514.0
348,M-1430,item:268967,0.0,1724800.0,74456.183677
348,M-1810,item:268091,28800.0,1598400.0,28800.0
348,SDC-1450,item:773474,0.0,67200000.0,11663514.0
349,M-1430,item:268967,0.0,1724800.0,74456.183677
349,M-1810,item:268091,28800.0,1627200.0,28800.0
349,SDC-1450,item:773474,0.0,67200000.0,11663514.0
350,M-1430,item:268967,0.0,1724800.0,74456.183677
350,M-1810,item:268091,28800.0,1656000.0,28800.0
350,SDC-1450,item:773474,0.0,67200000.0,11663514.0
351,M-1430,item:268967,0.0,1724800.0,74456.183677
351,M-1810,item:268091,28800.0,1684800.0,28800.0
351,SDC-1450,item:773474,0.0,67200000.0,11663514.0
352,M-1430,item:268967,0.0,1724800.0,74456.183677
352,M-1810,item:268091,28800.0,1713600.0,28800.0
352,SDC-1450,item:773474,0.0,67200000.0,11663514.0
353,M-1430,item:268967,0.0,1724800.0,74456.183677
353,M-1810,item:268091,28800.0,1742400.0,28800.0
353,SDC-1450,item:773474,0.0,67200000.0,11663514.0
354,M-1430,item:268967,0.0,1724800.0,74456.183677
354,M-1810,item:268091,28800.0,1771200.0,28800.0
354,SDC-1450,item:773474,0.0,67200000.0,11663514.0
355,M-1430,item:268967,0.0,1724800.0,74456.183677
355,M-1810,item:268091,28800.0,1800000.0,28800.0
355,SDC-1450,item:773474,0.0,67200000.0,11663514.0
356,M-1430,item:268967,0.0,1724800.0,74456.183677
356,M-1810,item:268091,0.0,1800000.0,9182.34694
356,SDC-1450,item:773474,0.0,67200000.0,11663514.0
357,M-1430,item:268967,0.0,1724800.0,74456.183677
357,M-1810,item:268091,14400.0,1814400.0,14400.0
357,SDC-1450,item:773474,0.0,67200000.0,11663514.0
358,M-1430,item:268967,0.0,1724800.0,74456.183677
358,M-1810,item:268091,0.0,1814400.0,5276.367343
358,SDC-1450,item:773474,0.0,67200000.0,11663514.0
359,M-1430,item:268967,0.0,1724800.0,74456.183677
359,M-1810,item:268091,14400.0,1828800.0,14400.0
359,SDC-1450,item:773474,0.0,67200000.0,11663514.0
360,M-1430,item:268967,0.0,1724800.0,74456.183677
360,M-1810,item:268091,0.0,1828800.0,12967.489798
360,SDC-1450,item:773474,0.0,67200000.0,11663514.0
361,M-1430,item:268967,0.0,1724800.0,74456.183677
361,M-1810,item:268091,0.0,1828800.0,12967.489798
361,SDC-1450,item:773474,0.0,67200000.0,11663514.0
362,M-1430,item:268967,0.0,1724800.0,74456.183677
362,M-1810,item:268091,0.0,1828800.0,12967.489798
362,SDC-1450,item:773474,0.0,67200000.0,11663514.0
363,M-1430,item:268967,0.0,1724800.0,74456.183677
363,M-1810,item:268091,0.0,1828800.0,12967.489798
363,SDC-1450,item:773474,0.0,67200000.0,11663514.0
364,M-1430,item:268967,0.0,1724800.0,74456.183677
364,M-1810,item:268091,0.0,1828800.0,12967.489798
364,SDC-1450,item:773474,0.0,67200000.0,11663514.0
365,M-1430,item:268967,0.0,1724800.0,74456.183677
365,M-1810,item:268091,0.0,1828800.0,12967.489798
365,SDC-1450,item:773474,0.0,67200000.0,11663514.0
366,M-1430,item:268967,0.0,1724800.0,74456.183677
366,M-1810,item:268091,0.0,1828800.0,12967.489798
366,SDC-1450,item:773474,0.0,67200000.0,11663514.0
367,M-1430,item:268967,0.0,1724800.0,74456.183677
367,M-1810,item:268091,0.0,1828800.0,12967.489798
367,SDC-1450,item:773474,0.0,67200000.0,11663514.0
368,M-1430,item:268967,0.0,1724800.0,74456.183677
368,M-1810,item:268091,0.0,1828800.0,12967.489798
368,SDC-1450,item:773474,0.0,67200000.0,11663514.0
369,M-1430,item:268967,0.0,1724800.0,74456.183677
369,M-1810,item:268091,0.0,1828800.0,12967.489798
369,SDC-1450,item:773474,0.0,67200000.0,11663514.0
370,M-1430,item:268967,0.0,1724800.0,68838.408187
370,M-1810,item:268091,0.0,1828800.0,12967.489798
370,SDC-1450,item:773474,0.0,67200000.0,11663514.0
371,M-1430,item:268967,0.0,1724800.0,56940.000042
371,M-1810,item:268091,0.0,1828800.0,12967.489798
371,SDC-1450,item:773474,0.0,67200000.0,11663514.0
372,M-1430,item:268967,0.0,1724800.0,52702.877573
372,M-1810,item:268091,0.0,1828800.0,12967.489798
372,SDC-1450,item:773474,0.0,67200000.0,11663514.0
373,M-1430,item:268967,0.0,1724800.0,35349.02041
373,M-1810,item:268091,0.0,1828800.0,12967.489798
373,SDC-1450,item:773474,0.0,67200000.0,11663514.0
374,M-1430,item:268967,0.0,1724800.0,8587.857144
374,M-1810,item:268091,0.0,1828800.0,12967.489798
374,SDC-1450,item:773474,0.0,67200000.0,11663514.0
375,M-1430,item:268967,107800.0,1832600.0,107800.0
375,M-1810,item:268091,0.0,1828800.0,12967.489798
375,SDC-1450,item:773474,0.0,67200000.0,11663514.0
376,M-1430,item:268967,0.0,1832600.0,95121.061244
376,M-1810,item:268091,0.0,1828800.0,12967.489798
376,SDC-1450,item:773474,0.0,67200000.0,11663514.0
377,M-1430,item:268967,0.0,1832600.0,95121.061244
377,M-1810,item:268091,0.0,1828800.0,12967.489798
377,SDC-1450,item:773474,0.0,67200000.0,11663514.0
378,M-1430,item:268967,0.0,1832600.0,95121.061244
378,M-1810,item:268091,0.0,1828800.0,12967.489798
378,SDC-1450,item:773474,0.0,67200000.0,11663514.0
379,M-1430,item:268967,0.0,1832600.0,95121.061244
379,M-1810,item:268091,0.0,1828800.0,12967.489798
379,SDC-1450,item:773474,0.0,67200000.0,11663514.0
380,M-1430,item:268967,0.0,1832600.0,95121.061244
380,M-1810,item:268091,0.0,1828800.0,5962.428561
380,SDC-1450,item:773474,0.0,67200000.0,11663514.0
381,M-1430,item:268967,0.0,1832600.0,95121.061244
381,M-1810,item:268091,14400.0,1843200.0,14400.0
381,SDC-1450,item:773474,0.0,67200000.0,11663514.0
382,M-1430,item:268967,0.0,1832600.0,95121.061244
382,M-1810,item:268091,14400.0,1857600.0,14400.0
382,SDC-1450,item:773474,0.0,67200000.0,11663514.0
383,M-1430,item:268967,0.0,1832600.0,95121.061244
383,M-1810,item:268091,14400.0,1872000.0,14400.0
383,SDC-1450,item:773474,0.0,67200000.0,11663514.0
384,M-1430,item:268967,0.0,1832600.0,95121.061244
384,M-1810,item:268091,14400.0,1886400.0,14400.0
384,SDC-1450,item:773474,0.0,67200000.0,11663514.0
385,M-1430,item:268967,0.0,1832600.0,95121.061244
385,M-1810,item:268091,14400.0,1900800.0,14400.0
385,SDC-1450,item:773474,0.0,67200000.0,11663514.0
386,M-1430,item:268967,0.0,1832600.0,95121.061244
386,M-1810,item:268091,14400.0,1915200.0,14400.0
386,SDC-1450,item:773474,0.0,67200000.0,11663514.0
387,M-1430,item:268967,0.0,1832600.0,95121.061244
387,M-1810,item:268091,14400.0,1929600.0,14400.0
387,SDC-1450,item:773474,0.0,67200000.0,11663514.0
388,M-1430,item:268967,0.0,1832600.0,95121.061244
388,M-1810,item:268091,14400.0,1944000.0,14400.0
388,SDC-1450,item:773474,0.0,67200000.0,11663514.0
389,M-1430,item:268967,0.0,1832600.0,91946.612266
389,M-1810,item:268091,14400.0,1958400.0,14400.0
389,SDC-1450,item:773474,0.0,67200000.0,11663514.0
390,M-1430,item:268967,0.0,1832600.0,84647.673491
390,M-1810,item:268091,14400.0,1972800.0,14400.0
390,SDC-1450,item:773474,0.0,67200000.0,11663514.0
391,M-1430,item:268967,0.0,1832600.0,76253.877573
391,M-1810,item:268091,0.0,1972800.0,11250.102032
391,SDC-1450,item:773474,0.0,67200000.0,11663514.0
392,M-1430,item:268967,0.0,1832600.0,76253.877573
392,M-1810,item:268091,14400.0,1987200.0,14400.0
392,SDC-1450,item:773474,0.0,67200000.0,11663514.0
393,M-1430,item:268967,0.0,1832600.0,71170.040839
393,M-1810,item:268091,14400.0,2001600.0,14400.0
393,SDC-1450,item:773474,0.0,67200000.0,11663514.0
394,M-1430,item:268967,0.0,1832600.0,59281.306146
394,M-1810,item:268091,14400.0,2016000.0,14400.0
394,SDC-1450,item:773474,0.0,67200000.0,11663514.0
395,M-1430,item:268967,0.0,1832600.0,45526.693905
395,M-1810,item:268091,14400.0,2030400.0,14400.0
395,SDC-1450,item:773474,0.0,67200000.0,11663514.0
396,M-1430,item:268967,0.0,1832600.0,41068.734722
396,M-1810,item:268091,0.0,2030400.0,14226.836731
396,SDC-1450,item:773474,0.0,67200000.0,11663514.0
397,M-1430,item:268967,0.0,1832600.0,41068.734722
397,M-1810,item:268091,0.0,2030400.0,14226.836731
397,SDC-1450,item:773474,0.0,67200000.0,11663514.0
398,M-1430,item:268967,0.0,1832600.0,41068.734722
398,M-1810,item:268091,0.0,2030400.0,11982.571418
398,SDC-1450,item:773474,0.0,67200000.0,11663514.0
399,M-1430,item:268967,0.0,1832600.0,39172.326553
399,M-1810,item:268091,0.0,2030400.0,1866.816311
399,SDC-1450,item:773474,0.0,67200000.0,11663514.0
400,M-1430,item:268967,0.0,1832600.0,31200.510221
400,M-1810,item:268091,14400.0,2044800.0,14400.0
400,SDC-1450,item:773474,0.0,67200000.0,11663514.0
401,M-1430,item:268967,0.0,1832600.0,19205.040833
401,M-1810,item:268091,14400.0,2059200.0,14400.0
401,SDC-1450,item:773474,0.0,67200000.0,11663514.0
402,M-1430,item:268967,0.0,1832600.0,9416.673491
402,M-1810,item:268091,14400.0,2073600.0,14400.0
402,SDC-1450,item:773474,0.0,67200000.0,11663514.0
403,M-1430,item:268967,0.0,1832600.0,6712.877578
403,M-1810,item:268091,0.0,2073600.0,5205.326517
403,SDC-1450,item:773474,0.0,67200000.0,11663514.0
404,M-1430,item:268967,0.0,1832600.0,6712.877578
404,M-1810,item:268091,0.0,2073600.0,3973.877528
404,SDC-1450,item:773474,0.0,67200000.0,11663514.0
405,M-1430,item:268967,0.0,1832600.0,5386.326552
405,M-1810,item:268091,14400.0,2088000.0,14400.0
405,SDC-1450,item:773474,0.0,67200000.0,11663514.0
406,M-1430,item:268967,107800.0,1940400.0,107800.0
406,M-1810,item:268091,14400.0,2102400.0,14400.0
406,SDC-1450,item:773474,0.0,67200000.0,11663514.0
407,M-1430,item:268967,0.0,1940400.0,87807.5102
407,M-1810,item:268091,14400.0,2116800.0,14400.0
407,SDC-1450,item:773474,0.0,67200000.0,11663514.0
408,M-1430,item:268967,0.0,1940400.0,60745.673483
408,M-1810,item:268091,14400.0,2131200.0,14400.0
408,SDC-1450,item:773474,0.0,67200000.0,11663514.0
409,M-1430,item:268967,0.0,1940400.0,42116.163307
409,M-1810,item:268091,14400.0,2145600.0,14400.0
409,SDC-1450,item:773474,0.0,67200000.0,11663514.0
410,M-1430,item:268967,0.0,1940400.0,42116.163307
410,M-1810,item:268091,14400.0,2160000.0,14400.0
410,SDC-1450,item:773474,0.0,67200000.0,11663514.0
411,M-1430,item:268967,0.0,1940400.0,42116.163307
411,M-1810,item:268091,14400.0,2174400.0,14400.0
411,SDC-1450,item:773474,0.0,67200000.0,11663514.0
412,M-1430,item:268967,0.0,1940400.0,42116.163307
412,M-1810,item:268091,14400.0,2188800.0,14400.0
412,SDC-1450,item:773474,0.0,67200000.0,11663514.0
413,M-1430,item:268967,0.0,1940400.0,42116.163307
413,M-1810,item:268091,14400.0,2203200.0,14400.0
413,SDC-1450,item:773474,0.0,67200000.0,11663514.0
414,M-1430,item:268967,0.0,1940400.0,42116.163307
414,M-1810,item:268091,14400.0,2217600.0,14400.0
414,SDC-1450,item:773474,0.0,67200000.0,11663514.0
415,M-1430,item:268967,0.0,1940400.0,42116.163307
415,M-1810,item:268091,14400.0,2232000.0,14400.0
415,SDC-1450,item:773474,0.0,67200000.0,11663514.0
416,M-1430,item:268967,0.0,1940400.0,42116.163307
416,M-1810,item:268091,14400.0,2246400.0,14400.0
416,SDC-1450,item:773474,0.0,67200000.0,11663514.0
417,M-1430,item:268967,0.0,1940400.0,42116.163307
417,M-1810,item:268091,14400.0,2260800.0,14400.0
417,SDC-1450,item:773474,0.0,67200000.0,11663514.0
418,M-1430,item:268967,0.0,1940400.0,40419.2041
418,M-1810,item:268091,14400.0,2275200.0,14400.0
418,SDC-1450,item:773474,0.0,67200000.0,11663514.0
419,M-1430,item:268967,0.0,1940400.0,33805.306118
419,M-1810,item:268091,14400.0,2289600.0,14400.0
419,SDC-1450,item:773474,0.0,67200000.0,11663514.0
420,M-1430,item:268967,0.0,1940400.0,18083.204053
420,M-1810,item:268091,14400.0,2304000.0,14400.0
420,SDC-1450,item:773474,0.0,67200000.0,11663514.0
421,M-1430,item:268967,107800.0,2048200.0,107800.0
421,M-1810,item:268091,14400.0,2318400.0,14400.0
421,SDC-1450,item:773474,0.0,67200000.0,11663514.0
422,M-1430,item:268967,0.0,2048200.0,93871.979614
422,M-1810,item:268091,14400.0,2332800.0,14400.0
422,SDC-1450,item:773474,0.0,67200000.0,11663514.0
423,M-1430,item:268967,0.0,2048200.0,89007.693916
423,M-1810,item:268091,14400.0,2347200.0,14400.0
423,SDC-1450,item:773474,0.0,67200000.0,11663514.0
424,M-1430,item:268967,0.0,2048200.0,89007.693916
424,M-1810,item:268091,14400.0,2361600.0,14400.0
424,SDC-1450,item:773474,0.0,67200000.0,11663514.0
425,M-1430,item:268967,0.0,2048200.0,89007.693916
425,M-1810,item:268091,0.0,2361600.0,4887.897958
425,SDC-1450,item:773474,0.0,67200000.0,11663514.0
426,M-1430,item:268967,0.0,2048200.0,89007.693916
426,M-1810,item:268091,14400.0,2376000.0,14400.0
426,SDC-1450,item:773474,0.0,67200000.0,11663514.0
427,M-1430,item:268967,0.0,2048200.0,89007.693916
427,M-1810,item:268091,14400.0,2390400.0,14400.0
427,SDC-1450,item:773474,0.0,67200000.0,11663514.0
428,M-1430,item:268967,0.0,2048200.0,89007.693916
428,M-1810,item:268091,14400.0,2404800.0,14400.0
428,SDC-1450,item:773474,0.0,67200000.0,11663514.0
429,M-1430,item:268967,0.0,2048200.0,89007.693916
429,M-1810,item:268091,0.0,2404800.0,3284.142853
429,SDC-1450,item:773474,0.0,67200000.0,11663514.0
430,M-1430,item:268967,0.0,2048200.0,87529.571447
430,M-1810,item:268091,14400.0,2419200.0,14400.0
430,SDC-1450,item:773474,0.0,67200000.0,11663514.0
431,M-1430,item:268967,0.0,2048200.0,82545.306141
431,M-1810,item:268091,0.0,2419200.0,14400.0
431,SDC-1450,item:773474,0.0,67200000.0,11663514.0
432,M-1430,item:268967,0.0,2048200.0,72268.938795
432,M-1810,item:268091,0.0,2419200.0,10474.5102
432,SDC-1450,item:773474,0.0,67200000.0,11663514.0
433,M-1430,item:268967,0.0,2048200.0,61376.89798
433,M-1810,item:268091,0.0,2419200.0,3444.306118
433,SDC-1450,item:773474,0.0,67200000.0,11663514.0
434,M-1430,item:268967,0.0,2048200.0,54853.449
434,M-1810,item:268091,14400.0,2433600.0,14400.0
434,SDC-1450,item:773474,0.0,67200000.0,11663514.0
435,M-1430,item:268967,0.0,2048200.0,49794.000018
435,M-1810,item:268091,14400.0,2448000.0,14400.0
435,SDC-1450,item:773474,0.0,67200000.0,11663514.0
436,M-1430,item:268967,0.0,2048200.0,41075.265321
436,M-1810,item:268091,14400.0,2462400.0,14400.0
436,SDC-1450,item:773474,0.0,67200000.0,11663514.0
437,M-1430,item:268967,0.0,2048200.0,26925.408177
437,M-1810,item:268091,14400.0,2476800.0,14400.0
437,SDC-1450,item:773474,0.0,67200000.0,11663514.0
438,M-1430,item:268967,0.0,2048200.0,18537.204098
438,M-1810,item:268091,14400.0,2491200.0,14400.0
438,SDC-1450,item:773474,0.0,67200000.0,11663514.0
439,M-1430,item:268967,0.0,2048200.0,18537.204098
439,M-1810,item:268091,14400.0,2505600.0,14400.0
439,SDC-1450,item:773474,0.0,67200000.0,11663514.0
440,M-1430,item:268967,0.0,2048200.0,18537.204098
440,M-1810,item:268091,14400.0,2520000.0,14400.0
440,SDC-1450,item:773474,0.0,67200000.0,11663514.0
441,M-1430,item:268967,0.0,2048200.0,18537.204098
441,M-1810,item:268091,14400.0,2534400.0,14400.0
441,SDC-1450,item:773474,0.0,67200000.0,11663514.0
442,M-1430,item:268967,0.0,2048200.0,18537.204098
442,M-1810,item:268091,14400.0,2548800.0,14400.0
442,SDC-1450,item:773474,0.0,67200000.0,11663514.0
443,M-1430,item:268967,0.0,2048200.0,18537.204098
443,M-1810,item:268091,14400.0,2563200.0,14400.0
443,SDC-1450,item:773474,0.0,67200000.0,11663514.0
444,M-1430,item:268967,0.0,2048200.0,18537.204098
444,M-1810,item:268091,14400.0,2577600.0,14400.0
444,SDC-1450,item:773474,0.0,67200000.0,11663514.0
445,M-1430,item:268967,0.0,2048200.0,15153.979617
445,M-1810,item:268091,14400.0,2592000.0,14400.0
445,SDC-1450,item:773474,0.0,67200000.0,11663514.0
446,M-1430,item:268967,0.0,2048200.0,7491.714317
446,M-1810,item:268091,0.0,2592000.0,6470.999993
446,SDC-1450,item:773474,0.0,67200000.0,11663514.0
447,M-1430,item:268967,107800.0,2156000.0,107800.0
447,M-1810,item:268091,14400.0,2606400.0,14400.0
447,SDC-1450,item:773474,0.0,67200000.0,11663514.0
448,M-1430,item:268967,0.0,2156000.0,101886.938764
448,M-1810,item:268091,0.0,2606400.0,2046.285714
448,SDC-1450,item:773474,0.0,67200000.0,11663514.0
449,M-1430,item:268967,0.0,2156000.0,98753.63266
449,M-1810,item:268091,14400.0,2620800.0,14400.0
449,SDC-1450,item:773474,0.0,67200000.0,11663514.0
450,M-1430,item:268967,0.0,2156000.0,98753.63266
450,M-1810,item:268091,14400.0,2635200.0,14400.0
450,SDC-1450,item:773474,0.0,67200000.0,11663514.0
451,M-1430,item:268967,0.0,2156000.0,95317.285732
451,M-1810,item:268091,14400.0,2649600.0,14400.0
451,SDC-1450,item:773474,0.0,67200000.0,11663514.0
452,M-1430,item:268967,0.0,2156000.0,86345.857171
452,M-1810,item:268091,0.0,2649600.0,5815.591829
452,SDC-1450,item:773474,0.0,67200000.0,11663514.0
453,M-1430,item:268967,0.0,2156000.0,75228.040846
453,M-1810,item:268091,14400.0,2664000.0,14400.0
453,SDC-1450,item:773474,0.0,67200000.0,11663514.0
454,M-1430,item:268967,0.0,2156000.0,58479.836766
454,M-1810,item:268091,0.0,2664000.0,5851.816326
454,SDC-1450,item:773474,0.0,67200000.0,11663514.0
455,M-1430,item:268967,0.0,2156000.0,56142.836757
455,M-1810,item:268091,14400.0,2678400.0,14400.0
455,SDC-1450,item:773474,0.0,67200000.0,11663514.0
456,M-1430,item:268967,0.0,2156000.0,56142.836757
456,M-1810,item:268091,0.0,2678400.0,13613.775501
456,SDC-1450,item:773474,0.0,67200000.0,11663514.0
457,M-1430,item:268967,0.0,2156000.0,56142.836757
457,M-1810,item:268091,0.0,2678400.0,13613.775501
457,SDC-1450,item:773474,0.0,67200000.0,11663514.0
458,M-1430,item:268967,0.0,2156000.0,55571.000023
458,M-1810,item:268091,0.0,2678400.0,13613.775501
458,SDC-1450,item:773474,0.0,67200000.0,11663514.0
459,M-1430,item:268967,0.0,2156000.0,53326.408186
459,M-1810,item:268091,0.0,2678400.0,10511.387744
459,SDC-1450,item:773474,0.0,67200000.0,11663514.0
460,M-1430,item:268967,0.0,2156000.0,47573.449002
460,M-1810,item:268091,0.0,2678400.0,4687.448971
460,SDC-1450,item:773474,0.0,67200000.0,11663514.0
461,M-1430,item:268967,0.0,2156000.0,35402.653084
461,M-1810,item:268091,14400.0,2692800.0,14400.0
461,SDC-1450,item:773474,0.0,67200000.0,11663514.0
462,M-1430,item:268967,0.0,2156000.0,22473.9388
462,M-1810,item:268091,14400.0,2707200.0,14400.0
462,SDC-1450,item:773474,0.0,67200000.0,11663514.0
463,M-1430,item:268967,0.0,2156000.0,22473.9388
463,M-1810,item:268091,14400.0,2721600.0,14400.0
463,SDC-1450,item:773474,0.0,67200000.0,11663514.0
464,M-1430,item:268967,0.0,2156000.0,21343.857169
464,M-1810,item:268091,14400.0,2736000.0,14400.0
464,SDC-1450,item:773474,0.0,67200000.0,11663514.0
465,M-1430,item:268967,0.0,2156000.0,13423.775539
465,M-1810,item:268091,14400.0,2750400.0,14400.0
465,SDC-1450,item:773474,0.0,67200000.0,11663514.0
466,M-1430,item:268967,0.0,2156000.0,6633.77554
466,M-1810,item:268091,14400.0,2764800.0,14400.0
466,SDC-1450,item:773474,0.0,67200000.0,11663514.0
467,M-1430,item:268967,0.0,2156000.0,6633.77554
467,M-1810,item:268091,14400.0,2779200.0,14400.0
467,SDC-1450,item:773474,0.0,67200000.0,11663514.0
468,M-1430,item:268967,0.0,2156000.0,6633.77554
468,M-1810,item:268091,0.0,2779200.0,1711.734688
468,SDC-1450,item:773474,0.0,67200000.0,11663514.0
469,M-1430,item:268967,0.0,2156000.0,6633.77554
469,M-1810,item:268091,14400.0,2793600.0,14400.0
469,SDC-1450,item:773474,0.0,67200000.0,11663514.0
470,M-1430,item:268967,0.0,2156000.0,6633.77554
470,M-1810,item:268091,14400.0,2808000.0,14400.0
470,SDC-1450,item:773474,0.0,67200000.0,11663514.0
471,M-1430,item:268967,0.0,2156000.0,6633.77554
471,M-1810,item:268091,14400.0,2822400.0,14400.0
471,SDC-1450,item:773474,0.0,67200000.0,11663514.0
472,M-1430,item:268967,0.0,2156000.0,6633.77554
472,M-1810,item:268091,14400.0,2836800.0,14400.0
472,SDC-1450,item:773474,0.0,67200000.0,11663514.0
473,M-1430,item:268967,0.0,2156000.0,6633.77554
473,M-1810,item:268091,14400.0,2851200.0,14400.0
473,SDC-1450,item:773474,0.0,67200000.0,11663514.0
474,M-1430,item:268967,0.0,2156000.0,6633.77554
474,M-1810,item:268091,14400.0,2865600.0,14400.0
474,SDC-1450,item:773474,0.0,67200000.0,11663514.0
475,M-1430,item:268967,0.0,2156000.0,6633.77554
475,M-1810,item:268091,14400.0,2880000.0,14400.0
475,SDC-1450,item:773474,0.0,67200000.0,11663514.0
476,M-1430,item:268967,0.0,2156000.0,6633.77554
476,M-1810,item:268091,0.0,2880000.0,5510.30612
476,SDC-1450,item:773474,0.0,67200000.0,11663514.0
477,M-1430,item:268967,0.0,2156000.0,6633.77554
477,M-1810,item:268091,0.0,2880000.0,5510.30612
477,SDC-1450,item:773474,0.0,67200000.0,11663514.0
478,M-1430,item:268967,0.0,2156000.0,6633.77554
478,M-1810,item:268091,0.0,2880000.0,5510.30612
478,SDC-1450,item:773474,0.0,67200000.0,11663514.0
479,M-1430,item:268967,0.0,2156000.0,6633.77554
479,M-1810,item:268091,0.0,2880000.0,5510.30612
479,SDC-1450,item:773474,0.0,67200000.0,11663514.0
480,M-1430,item:268967,0.0,2156000.0,6633.77554
480,M-1810,item:268091,0.0,2880000.0,5510.30612
480,SDC-1450,item:773474,0.0,67200000.0,11663514.0
481,M-1430,item:268967,0.0,2156000.0,6633.77554
481,M-1810,item:268091,0.0,2880000.0,5510.30612
481,SDC-1450,item:773474,0.0,67200000.0,11663514.0
482,M-1430,item:268967,0.0,2156000.0,6633.77554
482,M-1810,item:268091,0.0,2880000.0,5510.30612
482,SDC-1450,item:773474,0.0,67200000.0,11663514.0
483,M-1430,item:268967,0.0,2156000.0,6633.77554
483,M-1810,item:268091,0.0,2880000.0,5510.30612
483,SDC-1450,item:773474,0.0,67200000.0,11663514.0
484,M-1430,item:268967,0.0,2156000.0,6633.77554
484,M-1810,item:268091,0.0,2880000.0,5510.30612
484,SDC-1450,item:773474,0.0,67200000.0,11663514.0
485,M-1430,item:268967,0.0,2156000.0,6633.77554
485,M-1810,item:268091,0.0,2880000.0,5510.30612
485,SDC-1450,item:773474,0.0,67200000.0,11663514.0
486,M-1430,item:268967,0.0,2156000.0,6633.77554
486,M-1810,item:268091,0.0,2880000.0,5510.30612
486,SDC-1450,item:773474,0.0,67200000.0,11663514.0
487,M-1430,item:268967,0.0,2156000.0,6633.77554
487,M-1810,item:268091,0.0,2880000.0,5510.30612
487,SDC-1450,item:773474,0.0,67200000.0,11663514.0
488,M-1430,item:268967,0.0,2156000.0,6633.77554
488,M-1810,item:268091,0.0,2880000.0,5510.30612
488,SDC-1450,item:773474,0.0,67200000.0,11663514.0
489,M-1430,item:268967,0.0,2156000.0,6633.77554
489,M-1810,item:268091,0.0,2880000.0,4584.102032
489,SDC-1450,item:773474,0.0,67200000.0,11663514.0
490,M-1430,item:268967,0.0,2156000.0,6633.77554
490,M-1810,item:268091,14400.0,2894400.0,14400.0
490,SDC-1450,item:773474,0.0,67200000.0,11663514.0
491,M-1430,item:268967,0.0,2156000.0,6633.77554
491,M-1810,item:268091,14400.0,2908800.0,14400.0
491,SDC-1450,item:773474,0.0,67200000.0,11663514.0
492,M-1430,item:268967,0.0,2156000.0,6633.77554
492,M-1810,item:268091,0.0,2908800.0,2031.285704
492,SDC-1450,item:773474,0.0,67200000.0,11663514.0
493,M-1430,item:268967,0.0,2156000.0,6633.77554
493,M-1810,item:268091,14400.0,2923200.0,14400.0
493,SDC-1450,item:773474,0.0,67200000.0,11663514.0
494,M-1430,item:268967,0.0,2156000.0,6633.77554
494,M-1810,item:268091,14400.0,2937600.0,14400.0
494,SDC-1450,item:773474,0.0,67200000.0,11663514.0
495,M-1430,item:268967,0.0,2156000.0,6633.77554
495,M-1810,item:268091,14400.0,2952000.0,14400.0
495,SDC-1450,item:773474,0.0,67200000.0,11663514.0
496,M-1430,item:268967,0.0,2156000.0,6633.77554
496,M-1810,item:268091,14400.0,2966400.0,14400.0
496,SDC-1450,item:773474,0.0,67200000.0,11663514.0
497,M-1430,item:268967,0.0,2156000.0,6633.77554
497,M-1810,item:268091,14400.0,2980800.0,14400.0
497,SDC-1450,item:773474,0.0,67200000.0,11663514.0
498,M-1430,item:268967,0.0,2156000.0,6633.77554
498,M-1810,item:268091,14400.0,2995200.0,14400.0
498,SDC-1450,item:773474,0.0,67200000.0,11663514.0
499,M-1430,item:268967,0.0,2156000.0,6633.77554
499,M-1810,item:268091,14400.0,3009600.0,14400.0
499,SDC-1450,item:773474,0.0,67200000.0,11663514.0
500,M-1430,item:268967,0.0,2156000.0,6633.77554
500,M-1810,item:268091,14400.0,3024000.0,14400.0
500,SDC-1450,item:773474,0.0,67200000.0,11663514.0
501,M-1430,item:268967,0.0,2156000.0,6633.77554
501,M-1810,item:268091,14400.0,3038400.0,14400.0
501,SDC-1450,item:773474,0.0,67200000.0,11663514.0
502,M-1430,item:268967,0.0,2156000.0,6633.77554
502,M-1810,item:268091,14400.0,3052800.0,14400.0
502,SDC-1450,item:773474,0.0,67200000.0,11663514.0
503,M-1430,item:268967,0.0,2156000.0,6633.77554
503,M-1810,item:268091,0.0,3052800.0,6542.551009
503,SDC-1450,item:773474,0.0,67200000.0,11663514.0
504,M-1430,item:268967,0.0,2156000.0,6633.77554
504,M-1810,item:268091,14400.0,3067200.0,14400.0
504,SDC-1450,item:773474,0.0,67200000.0,11663514.0
505,M-1430,item:268967,0.0,2156000.0,6633.77554
505,M-1810,item:268091,14400.0,3081600.0,14400.0
505,SDC-1450,item:773474,0.0,67200000.0,11663514.0
506,M-1430,item:268967,0.0,2156000.0,6633.77554
506,M-1810,item:268091,14400.0,3096000.0,14400.0
506,SDC-1450,item:773474,0.0,67200000.0,11663514.0
507,M-1430,item:268967,0.0,2156000.0,6633.77554
507,M-1810,item:268091,14400.0,3110400.0,14400.0
507,SDC-1450,item:773474,0.0,67200000.0,11663514.0
508,M-1430,item:268967,0.0,2156000.0,6633.77554
508,M-1810,item:268091,14400.0,3124800.0,14400.0
508,SDC-1450,item:773474,0.0,67200000.0,11663514.0
509,M-1430,item:268967,0.0,2156000.0,6633.77554
509,M-1810,item:268091,14400.0,3139200.0,14400.0
509,SDC-1450,item:773474,0.0,67200000.0,11663514.0
510,M-1430,item:268967,0.0,2156000.0,6633.77554
510,M-1810,item:268091,14400.0,3153600.0,14400.0
510,SDC-1450,item:773474,0.0,67200000.0,11663514.0
511,M-1430,item:268967,0.0,2156000.0,6633.77554
511,M-1810,item:268091,0.0,3153600.0,5211.734681
511,SDC-1450,item:773474,0.0,67200000.0,11663514.0
512,M-1430,item:268967,0.0,2156000.0,6633.77554
512,M-1810,item:268091,14400.0,3168000.0,14400.0
512,SDC-1450,item:773474,0.0,67200000.0,11663514.0
513,M-1430,item:268967,0.0,2156000.0,6633.77554
513,M-1810,item:268091,14400.0,3182400.0,14400.0
513,SDC-1450,item:773474,0.0,67200000.0,11663514.0
514,M-1430,item:268967,0.0,2156000.0,6633.77554
514,M-1810,item:268091,14400.0,3196800.0,14400.0
514,SDC-1450,item:773474,0.0,67200000.0,11663514.0
515,M-1430,item:268967,0.0,2156000.0,6633.77554
515,M-1810,item:268091,0.0,3196800.0,3587.367337
515,SDC-1450,item:773474,0.0,67200000.0,11663514.0
516,M-1430,item:268967,0.0,2156000.0,6633.77554
516,M-1810,item:268091,14400.0,3211200.0,14400.0
516,SDC-1450,item:773474,0.0,67200000.0,11663514.0
517,M-1430,item:268967,0.0,2156000.0,6633.77554
517,M-1810,item:268091,0.0,3211200.0,992.408165
517,SDC-1450,item:773474,0.0,67200000.0,11663514.0
518,M-1430,item:268967,0.0,2156000.0,6633.77554
518,M-1810,item:268091,14400.0,3225600.0,14400.0
518,SDC-1450,item:773474,0.0,67200000.0,11663514.0
519,M-1430,item:268967,0.0,2156000.0,6633.77554
519,M-1810,item:268091,0.0,3225600.0,14400.0
519,SDC-1450,item:773474,0.0,67200000.0,11663514.0
520,M-1430,item:268967,0.0,2156000.0,6633.77554
520,M-1810,item:268091,0.0,3225600.0,14400.0
520,SDC-1450,item:773474,0.0,67200000.0,11663514.0
521,M-1430,item:268967,0.0,2156000.0,6633.77554
521,M-1810,item:268091,0.0,3225600.0,9771.285711
521,SDC-1450,item:773474,0.0,67200000.0,11663514.0
522,M-1430,item:268967,0.0,2156000.0,47.693905
522,M-1810,item:268091,0.0,3225600.0,797.795911
522,SDC-1450,item:773474,0.0,67200000.0,11663514.0
523,M-1430,item:268967,107800.0,2263800.0,107800.0
523,M-1810,item:268091,14400.0,3240000.0,14400.0
523,SDC-1450,item:773474,0.0,67200000.0,11663514.0
524,M-1430,item:268967,0.0,2263800.0,58516.734722
524,M-1810,item:268091,0.0,3240000.0,4062.40816
524,SDC-1450,item:773474,0.0,67200000.0,11663514.0
525,M-1430,item:268967,107800.0,2371600.0,107800.0
525,M-1810,item:268091,14400.0,3254400.0,14400.0
525,SDC-1450,item:773474,0.0,67200000.0,11663514.0
526,M-1430,item:268967,0.0,2371600.0,107800.0
526,M-1810,item:268091,0.0,3254400.0,1004.816322
526,SDC-1450,item:773474,0.0,67200000.0,11663514.0
527,M-1430,item:268967,0.0,2371600.0,89382.285743
527,M-1810,item:268091,14400.0,3268800.0,14400.0
527,SDC-1450,item:773474,0.0,67200000.0,11663514.0
528,M-1430,item:268967,0.0,2371600.0,44536.285772
528,M-1810,item:268091,0.0,3268800.0,946.755098
528,SDC-1450,item:773474,0.0,67200000.0,11663514.0
529,M-1430,item:268967,0.0,2371600.0,14099.714344
529,M-1810,item:268091,14400.0,3283200.0,14400.0
529,SDC-1450,item:773474,0.0,67200000.0,11663514.0
530,M-1430,item:268967,0.0,2371600.0,14099.714344
530,M-1810,item:268091,14400.0,3297600.0,14400.0
530,SDC-1450,item:773474,0.0,67200000.0,11663514.0
531,M-1430,item:268967,0.0,2371600.0,14099.714344
531,M-1810,item:268091,14400.0,3312000.0,14400.0
531,SDC-1450,item:773474,0.0,67200000.0,11663514.0
532,M-1430,item:268967,0.0,2371600.0,1121.428601
532,M-1810,item:268091,14400.0,3326400.0,14400.0
532,SDC-1450,item:773474,0.0,67200000.0,11663514.0
533,M-1430,item:268967,107800.0,2479400.0,107800.0
533,M-1810,item:268091,14400.0,3340800.0,14400.0
533,SDC-1450,item:773474,0.0,67200000.0,11663514.0
534,M-1430,item:268967,107800.0,2587200.0,107800.0
534,M-1810,item:268091,14400.0,3355200.0,14400.0
534,SDC-1450,item:773474,0.0,67200000.0,11663514.0
535,M-1430,item:268967,107800.0,2695000.0,107800.0
535,M-1810,item:268091,14400.0,3369600.0,14400.0
535,SDC-1450,item:773474,0.0,67200000.0,11663514.0
536,M-1430,item:268967,0.0,2695000.0,28975.00003
536,M-1810,item:268091,14400.0,3384000.0,14400.0
536,SDC-1450,item:773474,0.0,67200000.0,11663514.0
537,M-1430,item:268967,0.0,2695000.0,28975.00003
537,M-1810,item:268091,14400.0,3398400.0,14400.0
537,SDC-1450,item:773474,0.0,67200000.0,11663514.0
538,M-1430,item:268967,0.0,2695000.0,28975.00003
538,M-1810,item:268091,14400.0,3412800.0,14400.0
538,SDC-1450,item:773474,0.0,67200000.0,11663514.0
539,M-1430,item:268967,0.0,2695000.0,28975.00003
539,M-1810,item:268091,14400.0,3427200.0,14400.0
539,SDC-1450,item:773474,0.0,67200000.0,11663514.0
540,M-1430,item:268967,0.0,2695000.0,28975.00003
540,M-1810,item:268091,14400.0,3441600.0,14400.0
540,SDC-1450,item:773474,0.0,67200000.0,11663514.0
541,M-1430,item:268967,0.0,2695000.0,28975.00003
541,M-1810,item:268091,14400.0,3456000.0,14400.0
541,SDC-1450,item:773474,0.0,67200000.0,11663514.0
542,M-1430,item:268967,0.0,2695000.0,28975.00003
542,M-1810,item:268091,14400.0,3470400.0,14400.0
542,SDC-1450,item:773474,0.0,67200000.0,11663514.0
543,M-1430,item:268967,0.0,2695000.0,28975.00003
543,M-1810,item:268091,14400.0,3484800.0,14400.0
543,SDC-1450,item:773474,0.0,67200000.0,11663514.0
544,M-1430,item:268967,0.0,2695000.0,28975.00003
544,M-1810,item:268091,14400.0,3499200.0,14400.0
544,SDC-1450,item:773474,0.0,67200000.0,11663514.0
545,M-1430,item:268967,0.0,2695000.0,28975.00003
545,M-1810,item:268091,14400.0,3513600.0,14400.0
545,SDC-1450,item:773474,0.0,67200000.0,11663514.0
546,M-1430,item:268967,0.0,2695000.0,28975.00003
546,M-1810,item:268091,14400.0,3528000.0,14400.0
546,SDC-1450,item:773474,0.0,67200000.0,11663514.0
547,M-1430,item:268967,0.0,2695000.0,28975.00003
547,M-1810,item:268091,0.0,3528000.0,14400.0
547,SDC-1450,item:773474,0.0,67200000.0,11663514.0
548,M-1430,item:268967,0.0,2695000.0,28975.00003
548,M-1810,item:268091,0.0,3528000.0,14400.0
548,SDC-1450,item:773474,0.0,67200000.0,11663514.0
549,M-1430,item:268967,0.0,2695000.0,28975.00003
549,M-1810,item:268091,0.0,3528000.0,14400.0
549,SDC-1450,item:773474,0.0,67200000.0,11663514.0
550,M-1430,item:268967,0.0,2695000.0,28975.00003
550,M-1810,item:268091,0.0,3528000.0,14400.0
550,SDC-1450,item:773474,0.0,67200000.0,11663514.0
551,M-1430,item:268967,0.0,2695000.0,28975.00003
551,M-1810,item:268091,0.0,3528000.0,8734.367336
551,SDC-1450,item:773474,0.0,67200000.0,11663514.0
552,M-1430,item:268967,0.0,2695000.0,28975.00003
552,M-1810,item:268091,14400.0,3542400.0,14400.0
552,SDC-1450,item:773474,0.0,67200000.0,11663514.0
553,M-1430,item:268967,0.0,2695000.0,28975.00003
553,M-1810,item:268091,14400.0,3556800.0,14400.0
553,SDC-1450,item:773474,0.0,67200000.0,11663514.0
554,M-1430,item:268967,0.0,2695000.0,28975.00003
554,M-1810,item:268091,14400.0,3571200.0,14400.0
554,SDC-1450,item:773474,0.0,67200000.0,11663514.0
555,M-1430,item:268967,0.0,2695000.0,28975.00003
555,M-1810,item:268091,14400.0,3585600.0,14400.0
555,SDC-1450,item:773474,0.0,67200000.0,11663514.0
556,M-1430,item:268967,0.0,2695000.0,28975.00003
556,M-1810,item:268091,14400.0,3600000.0,14400.0
556,SDC-1450,item:773474,0.0,67200000.0,11663514.0
557,M-1430,item:268967,0.0,2695000.0,28975.00003
557,M-1810,item:268091,14400.0,3614400.0,14400.0
557,SDC-1450,item:773474,0.0,67200000.0,11663514.0
558,M-1430,item:268967,0.0,2695000.0,28975.00003
558,M-1810,item:268091,0.0,3614400.0,9121.755091
558,SDC-1450,item:773474,0.0,67200000.0,11663514.0
559,M-1430,item:268967,0.0,2695000.0,28975.00003
559,M-1810,item:268091,14400.0,3628800.0,14400.0
559,SDC-1450,item:773474,0.0,67200000.0,11663514.0
560,M-1430,item:268967,0.0,2695000.0,28975.00003
560,M-1810,item:268091,14400.0,3643200.0,14400.0
560,SDC-1450,item:773474,0.0,67200000.0,11663514.0
561,M-1430,item:268967,0.0,2695000.0,28975.00003
561,M-1810,item:268091,14400.0,3657600.0,14400.0
561,SDC-1450,item:773474,0.0,67200000.0,11663514.0
562,M-1430,item:268967,0.0,2695000.0,28975.00003
562,M-1810,item:268091,0.0,3657600.0,8620.71428
562,SDC-1450,item:773474,0.0,67200000.0,11663514.0
563,M-1430,item:268967,0.0,2695000.0,28975.00003
563,M-1810,item:268091,0.0,3657600.0,6684.571418
563,SDC-1450,item:773474,0.0,67200000.0,11663514.0
564,M-1430,item:268967,0.0,2695000.0,28975.00003
564,M-1810,item:268091,0.0,3657600.0,1885.285704
564,SDC-1450,item:773474,0.0,67200000.0,11663514.0
565,M-1430,item:268967,0.0,2695000.0,28975.00003
565,M-1810,item:268091,14400.0,3672000.0,14400.0
565,SDC-1450,item:773474,0.0,67200000.0,11663514.0
566,M-1430,item:268967,0.0,2695000.0,28975.00003
566,M-1810,item:268091,14400.0,3686400.0,14400.0
566,SDC-1450,item:773474,0.0,67200000.0,11663514.0
567,M-1430,item:268967,0.0,2695000.0,28975.00003
567,M-1810,item:268091,14400.0,3700800.0,14400.0
567,SDC-1450,item:773474,0.0,67200000.0,11663514.0
568,M-1430,item:268967,0.0,2695000.0,28975.00003
568,M-1810,item:268091,14400.0,3715200.0,14400.0
568,SDC-1450,item:773474,0.0,67200000.0,11663514.0
569,M-1430,item:268967,0.0,2695000.0,28975.00003
569,M-1810,item:268091,14400.0,3729600.0,14400.0
569,SDC-1450,item:773474,0.0,67200000.0,11663514.0
570,M-1430,item:268967,0.0,2695000.0,28975.00003
570,M-1810,item:268091,14400.0,3744000.0,14400.0
570,SDC-1450,item:773474,0.0,67200000.0,11663514.0
571,M-1430,item:268967,0.0,2695000.0,28975.00003
571,M-1810,item:268091,14400.0,3758400.0,14400.0
571,SDC-1450,item:773474,0.0,67200000.0,11663514.0
572,M-1430,item:268967,0.0,2695000.0,28975.00003
572,M-1810,item:268091,14400.0,3772800.0,14400.0
572,SDC-1450,item:773474,0.0,67200000.0,11663514.0
573,M-1430,item:268967,0.0,2695000.0,28975.00003
573,M-1810,item:268091,14400.0,3787200.0,14400.0
573,SDC-1450,item:773474,0.0,67200000.0,11663514.0
574,M-1430,item:268967,0.0,2695000.0,28975.00003
574,M-1810,item:268091,14400.0,3801600.0,14400.0
574,SDC-1450,item:773474,0.0,67200000.0,11663514.0
575,M-1430,item:268967,0.0,2695000.0,28975.00003
575,M-1810,item:268091,0.0,3801600.0,14400.0
575,SDC-1450,item:773474,0.0,67200000.0,11663514.0
576,M-1430,item:268967,0.0,2695000.0,28975.00003
576,M-1810,item:268091,0.0,3801600.0,14400.0
576,SDC-1450,item:773474,0.0,67200000.0,11663514.0
577,M-1430,item:268967,0.0,2695000.0,28975.00003
577,M-1810,item:268091,0.0,3801600.0,14400.0
577,SDC-1450,item:773474,0.0,67200000.0,11663514.0
578,M-1430,item:268967,0.0,2695000.0,28975.00003
578,M-1810,item:268091,0.0,3801600.0,14400.0
578,SDC-1450,item:773474,0.0,67200000.0,11663514.0
579,M-1430,item:268967,0.0,2695000.0,28975.00003
579,M-1810,item:268091,0.0,3801600.0,14400.0
579,SDC-1450,item:773474,0.0,67200000.0,11663514.0
580,M-1430,item:268967,0.0,2695000.0,28975.00003
580,M-1810,item:268091,0.0,3801600.0,14400.0
580,SDC-1450,item:773474,0.0,67200000.0,11663514.0
581,M-1430,item:268967,0.0,2695000.0,28975.00003
581,M-1810,item:268091,0.0,3801600.0,14400.0
581,SDC-1450,item:773474,0.0,67200000.0,11663514.0
582,M-1430,item:268967,0.0,2695000.0,28975.00003
582,M-1810,item:268091,0.0,3801600.0,14400.0
582,SDC-1450,item:773474,0.0,67200000.0,11663514.0
583,M-1430,item:268967,0.0,2695000.0,28975.00003
583,M-1810,item:268091,0.0,3801600.0,14400.0
583,SDC-1450,item:773474,0.0,67200000.0,11663514.0
584,M-1430,item:268967,0.0,2695000.0,28975.00003
584,M-1810,item:268091,0.0,3801600.0,14400.0
584,SDC-1450,item:773474,0.0,67200000.0,11663514.0
585,M-1430,item:268967,0.0,2695000.0,28975.00003
585,M-1810,item:268091,0.0,3801600.0,14400.0
585,SDC-1450,item:773474,0.0,67200000.0,11663514.0
586,M-1430,item:268967,0.0,2695000.0,28975.00003
586,M-1810,item:268091,0.0,3801600.0,14400.0
586,SDC-1450,item:773474,0.0,67200000.0,11663514.0
587,M-1430,item:268967,0.0,2695000.0,28975.00003
587,M-1810,item:268091,0.0,3801600.0,14400.0
587,SDC-1450,item:773474,0.0,67200000.0,11663514.0
588,M-1430,item:268967,0.0,2695000.0,28975.00003
588,M-1810,item:268091,0.0,3801600.0,14400.0
588,SDC-1450,item:773474,0.0,67200000.0,11663514.0
589,M-1430,item:268967,0.0,2695000.0,28975.00003
589,M-1810,item:268091,0.0,3801600.0,14400.0
589,SDC-1450,item:773474,0.0,67200000.0,11663514.0
590,M-1430,item:268967,0.0,2695000.0,28975.00003
590,M-1810,item:268091,0.0,3801600.0,14400.0
590,SDC-1450,item:773474,0.0,67200000.0,11663514.0
591,M-1430,item:268967,0.0,2695000.0,28975.00003
591,M-1810,item:268091,0.0,3801600.0,10192.571418
591,SDC-1450,item:773474,0.0,67200000.0,11663514.0
592,M-1430,item:268967,0.0,2695000.0,28975.00003
592,M-1810,item:268091,14400.0,3816000.0,14400.0
592,SDC-1450,item:773474,0.0,67200000.0,11663514.0
593,M-1430,item:268967,0.0,2695000.0,28975.00003
593,M-1810,item:268091,14400.0,3830400.0,14400.0
593,SDC-1450,item:773474,0.0,67200000.0,11663514.0
594,M-1430,item:268967,0.0,2695000.0,28975.00003
594,M-1810,item:268091,14400.0,3844800.0,14400.0
594,SDC-1450,item:773474,0.0,67200000.0,11663514.0
595,M-1430,item:268967,0.0,2695000.0,28975.00003
595,M-1810,item:268091,14400.0,3859200.0,14400.0
595,SDC-1450,item:773474,0.0,67200000.0,11663514.0
596,M-1430,item:268967,0.0,2695000.0,28975.00003
596,M-1810,item:268091,14400.0,3873600.0,14400.0
596,SDC-1450,item:773474,0.0,67200000.0,11663514.0
597,M-1430,item:268967,0.0,2695000.0,28975.00003
597,M-1810,item:268091,14400.0,3888000.0,14400.0
597,SDC-1450,item:773474,0.0,67200000.0,11663514.0
598,M-1430,item:268967,0.0,2695000.0,28975.00003
598,M-1810,item:268091,0.0,3888000.0,2489.428561
598,SDC-1450,item:773474,0.0,67200000.0,11663514.0
599,M-1430,item:268967,0.0,2695000.0,28975.00003
599,M-1810,item:268091,14400.0,3902400.0,14400.0
599,SDC-1450,item:773474,0.0,67200000.0,11663514.0
600,M-1430,item:268967,0.0,2695000.0,28975.00003
600,M-1810,item:268091,0.0,3902400.0,7195.265306
600,SDC-1450,item:773474,0.0,67200000.0,11663514.0
601,M-1430,item:268967,0.0,2695000.0,28975.00003
601,M-1810,item:268091,14400.0,3916800.0,14400.0
601,SDC-1450,item:773474,0.0,67200000.0,11663514.0
602,M-1430,item:268967,0.0,2695000.0,28975.00003
602,M-1810,item:268091,14400.0,3931200.0,14400.0
602,SDC-1450,item:773474,0.0,67200000.0,11663514.0
603,M-1430,item:268967,0.0,2695000.0,14646.387789
603,M-1810,item:268091,14400.0,3945600.0,14400.0
603,SDC-1450,item:773474,0.0,67200000.0,11663514.0
604,M-1430,item:268967,107800.0,2802800.0,107800.0
604,M-1810,item:268091,14400.0,3960000.0,14400.0
604,SDC-1450,item:773474,0.0,67200000.0,11663514.0
605,M-1430,item:268967,0.0,2802800.0,55872.326527
605,M-1810,item:268091,14400.0,3974400.0,14400.0
605,SDC-1450,item:773474,0.0,67200000.0,11663514.0
606,M-1430,item:268967,0.0,2802800.0,55872.326527
606,M-1810,item:268091,14400.0,3988800.0,14400.0
606,SDC-1450,item:773474,0.0,67200000.0,11663514.0
607,M-1430,item:268967,0.0,2802800.0,55872.326527
607,M-1810,item:268091,14400.0,4003200.0,14400.0
607,SDC-1450,item:773474,0.0,67200000.0,11663514.0
608,M-1430,item:268967,0.0,2802800.0,55872.326527
608,M-1810,item:268091,14400.0,4017600.0,14400.0
608,SDC-1450,item:773474,0.0,67200000.0,11663514.0
609,M-1430,item:268967,0.0,2802800.0,55872.326527
609,M-1810,item:268091,0.0,4017600.0,708.081621
609,SDC-1450,item:773474,0.0,67200000.0,11663514.0
610,M-1430,item:268967,0.0,2802800.0,55872.326527
610,M-1810,item:268091,0.0,4017600.0,708.081621
610,SDC-1450,item:773474,0.0,67200000.0,11663514.0
611,M-1430,item:268967,0.0,2802800.0,55872.326527
611,M-1810,item:268091,0.0,4017600.0,708.081621
611,SDC-1450,item:773474,0.0,67200000.0,11663514.0
612,M-1430,item:268967,0.0,2802800.0,55872.326527
612,M-1810,item:268091,14400.0,4032000.0,14400.0
612,SDC-1450,item:773474,0.0,67200000.0,11663514.0
613,M-1430,item:268967,0.0,2802800.0,55872.326527
613,M-1810,item:268091,0.0,4032000.0,2107.693867
613,SDC-1450,item:773474,0.0,67200000.0,11663514.0
614,M-1430,item:268967,0.0,2802800.0,55872.326527
614,M-1810,item:268091,14400.0,4046400.0,14400.0
614,SDC-1450,item:773474,0.0,67200000.0,11663514.0
615,M-1430,item:268967,0.0,2802800.0,55872.326527
615,M-1810,item:268091,14400.0,4060800.0,14400.0
615,SDC-1450,item:773474,0.0,67200000.0,11663514.0
616,M-1430,item:268967,0.0,2802800.0,55872.326527
616,M-1810,item:268091,0.0,4060800.0,501.959186
616,SDC-1450,item:773474,0.0,67200000.0,11663514.0
617,M-1430,item:268967,0.0,2802800.0,55872.326527
617,M-1810,item:268091,14400.0,4075200.0,14400.0
617,SDC-1450,item:773474,0.0,67200000.0,11663514.0
618,M-1430,item:268967,0.0,2802800.0,55872.326527
618,M-1810,item:268091,14400.0,4089600.0,14400.0
618,SDC-1450,item:773474,0.0,67200000.0,11663514.0
619,M-1430,item:268967,0.0,2802800.0,55872.326527
619,M-1810,item:268091,14400.0,4104000.0,14400.0
619,SDC-1450,item:773474,0.0,67200000.0,11663514.0
620,M-1430,item:268967,0.0,2802800.0,55872.326527
620,M-1810,item:268091,14400.0,4118400.0,14400.0
620,SDC-1450,item:773474,0.0,67200000.0,11663514.0
621,M-1430,item:268967,0.0,2802800.0,55872.326527
621,M-1810,item:268091,14400.0,4132800.0,14400.0
621,SDC-1450,item:773474,0.0,67200000.0,11663514.0
622,M-1430,item:268967,0.0,2802800.0,55872.326527
622,M-1810,item:268091,14400.0,4147200.0,14400.0
622,SDC-1450,item:773474,0.0,67200000.0,11663514.0
623,M-1430,item:268967,0.0,2802800.0,55872.326527
623,M-1810,item:268091,14400.0,4161600.0,14400.0
623,SDC-1450,item:773474,0.0,67200000.0,11663514.0
624,M-1430,item:268967,0.0,2802800.0,55872.326527
624,M-1810,item:268091,14400.0,4176000.0,14400.0
624,SDC-1450,item:773474,0.0,67200000.0,11663514.0
625,M-1430,item:268967,0.0,2802800.0,55872.326527
625,M-1810,item:268091,14400.0,4190400.0,14400.0
625,SDC-1450,item:773474,0.0,67200000.0,11663514.0
626,M-1430,item:268967,0.0,2802800.0,55872.326527
626,M-1810,item:268091,14400.0,4204800.0,14400.0
626,SDC-1450,item:773474,0.0,67200000.0,11663514.0
627,M-1430,item:268967,0.0,2802800.0,55872.326527
627,M-1810,item:268091,14400.0,4219200.0,14400.0
627,SDC-1450,item:773474,0.0,67200000.0,11663514.0
628,M-1430,item:268967,0.0,2802800.0,55872.326527
628,M-1810,item:268091,0.0,4219200.0,3816.632646
628,SDC-1450,item:773474,0.0,67200000.0,11663514.0
629,M-1430,item:268967,0.0,2802800.0,55872.326527
629,M-1810,item:268091,14400.0,4233600.0,14400.0
629,SDC-1450,item:773474,0.0,67200000.0,11663514.0
630,M-1430,item:268967,0.0,2802800.0,55872.326527
630,M-1810,item:268091,14400.0,4248000.0,14400.0
630,SDC-1450,item:773474,0.0,67200000.0,11663514.0
631,M-1430,item:268967,0.0,2802800.0,54189.775546
631,M-1810,item:268091,14400.0,4262400.0,14400.0
631,SDC-1450,item:773474,0.0,67200000.0,11663514.0
632,M-1430,item:268967,0.0,2802800.0,41362.877628
632,M-1810,item:268091,14400.0,4276800.0,14400.0
632,SDC-1450,item:773474,0.0,67200000.0,11663514.0
633,M-1430,item:268967,0.0,2802800.0,18692.959264
633,M-1810,item:268091,14400.0,4291200.0,14400.0
633,SDC-1450,item:773474,0.0,67200000.0,11663514.0
634,M-1430,item:268967,0.0,2802800.0,8849.938818
634,M-1810,item:268091,14400.0,4305600.0,14400.0
634,SDC-1450,item:773474,0.0,67200000.0,11663514.0
635,M-1430,item:268967,0.0,2802800.0,8849.938818
635,M-1810,item:268091,0.0,4305600.0,14398.959176
635,SDC-1450,item:773474,0.0,67200000.0,11663514.0
636,M-1430,item:268967,0.0,2802800.0,8849.938818
636,M-1810,item:268091,0.0,4305600.0,14329.448963
636,SDC-1450,item:773474,0.0,67200000.0,11663514.0
637,M-1430,item:268967,0.0,2802800.0,8849.938818
637,M-1810,item:268091,0.0,4305600.0,14259.93875
637,SDC-1450,item:773474,0.0,67200000.0,11663514.0
638,M-1430,item:268967,0.0,2802800.0,8849.938818
638,M-1810,item:268091,0.0,4305600.0,14191.469361
638,SDC-1450,item:773474,0.0,67200000.0,11663514.0
639,M-1430,item:268967,0.0,2802800.0,8849.938818
639,M-1810,item:268091,0.0,4305600.0,14191.469361
639,SDC-1450,item:773474,0.0,67200000.0,11663514.0
640,M-1430,item:268967,0.0,2802800.0,8849.938818
640,M-1810,item:268091,0.0,4305600.0,11692.714273
640,SDC-1450,item:773474,0.0,67200000.0,11663514.0
641,M-1430,item:268967,0.0,2802800.0,8849.938818
641,M-1810,item:268091,14400.0,4320000.0,14400.0
641,SDC-1450,item:773474,0.0,67200000.0,11663514.0
642,M-1430,item:268967,0.0,2802800.0,8849.938818
642,M-1810,item:268091,14400.0,4334400.0,14400.0
642,SDC-1450,item:773474,0.0,67200000.0,11663514.0
643,M-1430,item:268967,0.0,2802800.0,8849.938818
643,M-1810,item:268091,14400.0,4348800.0,14400.0
643,SDC-1450,item:773474,0.0,67200000.0,11663514.0
644,M-1430,item:268967,0.0,2802800.0,8849.938818
644,M-1810,item:268091,14400.0,4363200.0,14400.0
644,SDC-1450,item:773474,0.0,67200000.0,11663514.0
645,M-1430,item:268967,0.0,2802800.0,8849.938818
645,M-1810,item:268091,0.0,4363200.0,331.387741
645,SDC-1450,item:773474,0.0,67200000.0,11663514.0
646,M-1430,item:268967,0.0,2802800.0,8849.938818
646,M-1810,item:268091,14400.0,4377600.0,14400.0
646,SDC-1450,item:773474,0.0,67200000.0,11663514.0
647,M-1430,item:268967,0.0,2802800.0,8697.85718
647,M-1810,item:268091,0.0,4377600.0,5534.183673
647,SDC-1450,item:773474,0.0,67200000.0,11663514.0
648,M-1430,item:268967,0.0,2802800.0,2341.183706
648,M-1810,item:268091,14400.0,4392000.0,14400.0
648,SDC-1450,item:773474,0.0,67200000.0,11663514.0
649,M-1430,item:268967,107800.0,2910600.0,107800.0
649,M-1810,item:268091,14400.0,4406400.0,14400.0
649,SDC-1450,item:773474,0.0,67200000.0,11663514.0
650,M-1430,item:268967,0.0,2910600.0,95296.408169
650,M-1810,item:268091,14400.0,4420800.0,14400.0
650,SDC-1450,item:773474,0.0,67200000.0,11663514.0
651,M-1430,item:268967,0.0,2910600.0,91186.510242
651,M-1810,item:268091,14400.0,4435200.0,14400.0
651,SDC-1450,item:773474,0.0,67200000.0,11663514.0
652,M-1430,item:268967,0.0,2910600.0,80543.367417
652,M-1810,item:268091,0.0,4435200.0,3973.326517
652,SDC-1450,item:773474,0.0,67200000.0,11663514.0
653,M-1430,item:268967,0.0,2910600.0,67394.714355
653,M-1810,item:268091,14400.0,4449600.0,14400.0
653,SDC-1450,item:773474,0.0,67200000.0,11663514.0
654,M-1430,item:268967,0.0,2910600.0,58191.632689
654,M-1810,item:268091,14400.0,4464000.0,14400.0
654,SDC-1450,item:773474,0.0,67200000.0,11663514.0
655,M-1430,item:268967,0.0,2910600.0,58090.510208
655,M-1810,item:268091,14400.0,4478400.0,14400.0
655,SDC-1450,item:773474,0.0,67200000.0,11663514.0
656,M-1430,item:268967,0.0,2910600.0,58090.510208
656,M-1810,item:268091,14400.0,4492800.0,14400.0
656,SDC-1450,item:773474,0.0,67200000.0,11663514.0
657,M-1430,item:268967,0.0,2910600.0,57840.83677
657,M-1810,item:268091,14400.0,4507200.0,14400.0
657,SDC-1450,item:773474,0.0,67200000.0,11663514.0
658,M-1430,item:268967,0.0,2910600.0,49034.816395
658,M-1810,item:268091,14400.0,4521600.0,14400.0
658,SDC-1450,item:773474,0.0,67200000.0,11663514.0
659,M-1430,item:268967,0.0,2910600.0,31700.857215
659,M-1810,item:268091,14400.0,4536000.0,14400.0
659,SDC-1450,item:773474,0.0,67200000.0,11663514.0
660,M-1430,item:268967,0.0,2910600.0,14174.040861
660,M-1810,item:268091,14400.0,4550400.0,14400.0
660,SDC-1450,item:773474,0.0,67200000.0,11663514.0
661,M-1430,item:268967,0.0,2910600.0,4761.040832
661,M-1810,item:268091,14400.0,4564800.0,14400.0
661,SDC-1450,item:773474,0.0,67200000.0,11663514.0
662,M-1430,item:268967,0.0,2910600.0,4761.040832
662,M-1810,item:268091,0.0,4564800.0,14400.0
662,SDC-1450,item:773474,0.0,67200000.0,11663514.0
663,M-1430,item:268967,0.0,2910600.0,4761.040832
663,M-1810,item:268091,0.0,4564800.0,14400.0
663,SDC-1450,item:773474,0.0,67200000.0,11663514.0
664,M-1430,item:268967,0.0,2910600.0,4761.040832
664,M-1810,item:268091,0.0,4564800.0,14400.0
664,SDC-1450,item:773474,0.0,67200000.0,11663514.0
665,M-1430,item:268967,0.0,2910600.0,4761.040832
665,M-1810,item:268091,0.0,4564800.0,14400.0
665,SDC-1450,item:773474,0.0,67200000.0,11663514.0
666,M-1430,item:268967,0.0,2910600.0,4761.040832
666,M-1810,item:268091,0.0,4564800.0,10587.755092
666,SDC-1450,item:773474,0.0,67200000.0,11663514.0
667,M-1430,item:268967,107800.0,3018400.0,107800.0
667,M-1810,item:268091,0.0,4564800.0,128.755082
667,SDC-1450,item:773474,0.0,67200000.0,11663514.0
668,M-1430,item:268967,0.0,3018400.0,96697.816357
668,M-1810,item:268091,14400.0,4579200.0,14400.0
668,SDC-1450,item:773474,0.0,67200000.0,11663514.0
669,M-1430,item:268967,0.0,3018400.0,96697.816357
669,M-1810,item:268091,0.0,4579200.0,5614.346949
669,SDC-1450,item:773474,0.0,67200000.0,11663514.0
670,M-1430,item:268967,0.0,3018400.0,92118.285761
670,M-1810,item:268091,14400.0,4593600.0,14400.0
670,SDC-1450,item:773474,0.0,67200000.0,11663514.0
671,M-1430,item:268967,0.0,3018400.0,82038.326593
671,M-1810,item:268091,14400.0,4608000.0,14400.0
671,SDC-1450,item:773474,0.0,67200000.0,11663514.0
672,M-1430,item:268967,0.0,3018400.0,66668.898023
672,M-1810,item:268091,14400.0,4622400.0,14400.0
672,SDC-1450,item:773474,0.0,67200000.0,11663514.0
673,M-1430,item:268967,0.0,3018400.0,47038.857193
673,M-1810,item:268091,14400.0,4636800.0,14400.0
673,SDC-1450,item:773474,0.0,67200000.0,11663514.0
674,M-1430,item:268967,0.0,3018400.0,27884.244932
674,M-1810,item:268091,14400.0,4651200.0,14400.0
674,SDC-1450,item:773474,0.0,67200000.0,11663514.0
675,M-1430,item:268967,0.0,3018400.0,12912.244932
675,M-1810,item:268091,14400.0,4665600.0,14400.0
675,SDC-1450,item:773474,0.0,67200000.0,11663514.0
676,M-1430,item:268967,0.0,3018400.0,12912.244932
676,M-1810,item:268091,14400.0,4680000.0,14400.0
676,SDC-1450,item:773474,0.0,67200000.0,11663514.0
677,M-1430,item:268967,0.0,3018400.0,12912.244932
677,M-1810,item:268091,14400.0,4694400.0,14400.0
677,SDC-1450,item:773474,0.0,67200000.0,11663514.0
678,M-1430,item:268967,0.0,3018400.0,12912.244932
678,M-1810,item:268091,0.0,4694400.0,14400.0
678,SDC-1450,item:773474,0.0,67200000.0,11663514.0
679,M-1430,item:268967,0.0,3018400.0,12912.244932
679,M-1810,item:268091,0.0,4694400.0,14400.0
679,SDC-1450,item:773474,0.0,67200000.0,11663514.0
680,M-1430,item:268967,0.0,3018400.0,12912.244932
680,M-1810,item:268091,0.0,4694400.0,6725.469378
680,SDC-1450,item:773474,0.0,67200000.0,11663514.0
681,M-1430,item:268967,0.0,3018400.0,12912.244932
681,M-1810,item:268091,14400.0,4708800.0,14400.0
681,SDC-1450,item:773474,0.0,67200000.0,11663514.0
682,M-1430,item:268967,0.0,3018400.0,12912.244932
682,M-1810,item:268091,14400.0,4723200.0,14400.0
682,SDC-1450,item:773474,0.0,67200000.0,11663514.0
683,M-1430,item:268967,0.0,3018400.0,12912.244932
683,M-1810,item:268091,14400.0,4737600.0,14400.0
683,SDC-1450,item:773474,0.0,67200000.0,11663514.0
684,M-1430,item:268967,0.0,3018400.0,12912.244932
684,M-1810,item:268091,14400.0,4752000.0,14400.0
684,SDC-1450,item:773474,0.0,67200000.0,11663514.0
685,M-1430,item:268967,0.0,3018400.0,12912.244932
685,M-1810,item:268091,14400.0,4766400.0,14400.0
685,SDC-1450,item:773474,0.0,67200000.0,11663514.0
686,M-1430,item:268967,0.0,3018400.0,9519.346986
686,M-1810,item:268091,14400.0,4780800.0,14400.0
686,SDC-1450,item:773474,0.0,67200000.0,11663514.0
687,M-1430,item:268967,107800.0,3126200.0,107800.0
687,M-1810,item:268091,28800.0,4809600.0,28800.0
687,SDC-1450,item:773474,0.0,67200000.0,11663514.0
688,M-1430,item:268967,0.0,3126200.0,88690.612259
688,M-1810,item:268091,28800.0,4838400.0,28800.0
688,SDC-1450,item:773474,0.0,67200000.0,11663514.0
689,M-1430,item:268967,0.0,3126200.0,74364.183736
689,M-1810,item:268091,28800.0,4867200.0,28800.0
689,SDC-1450,item:773474,0.0,67200000.0,11663514.0
690,M-1430,item:268967,0.0,3126200.0,74364.183736
690,M-1810,item:268091,28800.0,4896000.0,28800.0
690,SDC-1450,item:773474,0.0,67200000.0,11663514.0
691,M-1430,item:268967,0.0,3126200.0,69677.673566
691,M-1810,item:268091,28800.0,4924800.0,28800.0
691,SDC-1450,item:773474,0.0,67200000.0,11663514.0
692,M-1430,item:268967,0.0,3126200.0,64083.489893
692,M-1810,item:268091,0.0,4924800.0,20374.448968
692,SDC-1450,item:773474,0.0,67200000.0,11663514.0
693,M-1430,item:268967,0.0,3126200.0,54454.244996
693,M-1810,item:268091,14400.0,4939200.0,14400.0
693,SDC-1450,item:773474,0.0,67200000.0,11663514.0
694,M-1430,item:268967,0.0,3126200.0,49270.836786
694,M-1810,item:268091,28800.0,4968000.0,28800.0
694,SDC-1450,item:773474,0.0,67200000.0,11663514.0
695,M-1430,item:268967,0.0,3126200.0,43584.7347
695,M-1810,item:268091,28800.0,4996800.0,28800.0
695,SDC-1450,item:773474,0.0,67200000.0,11663514.0
696,M-1430,item:268967,0.0,3126200.0,32698.755109
696,M-1810,item:268091,28800.0,5025600.0,28800.0
696,SDC-1450,item:773474,0.0,67200000.0,11663514.0
697,M-1430,item:268967,0.0,3126200.0,26005.979645
697,M-1810,item:268091,0.0,5025600.0,16773.122438
697,SDC-1450,item:773474,0.0,67200000.0,11663514.0
698,M-1430,item:268967,0.0,3126200.0,26005.979645
698,M-1810,item:268091,0.0,5025600.0,15119.653051
698,SDC-1450,item:773474,0.0,67200000.0,11663514.0
699,M-1430,item:268967,0.0,3126200.0,26005.979645
699,M-1810,item:268091,0.0,5025600.0,14375.591827
699,SDC-1450,item:773474,0.0,67200000.0,11663514.0
700,M-1430,item:268967,0.0,3126200.0,26005.979645
700,M-1810,item:268091,0.0,5025600.0,13631.530603
700,SDC-1450,item:773474,0.0,67200000.0,11663514.0
701,M-1430,item:268967,0.0,3126200.0,26005.979645
701,M-1810,item:268091,0.0,5025600.0,13631.530603
701,SDC-1450,item:773474,0.0,67200000.0,11663514.0
702,M-1430,item:268967,0.0,3126200.0,26005.979645
702,M-1810,item:268091,0.0,5025600.0,13631.530603
702,SDC-1450,item:773474,0.0,67200000.0,11663514.0
703,M-1430,item:268967,0.0,3126200.0,26005.979645
703,M-1810,item:268091,0.0,5025600.0,13631.530603
703,SDC-1450,item:773474,0.0,67200000.0,11663514.0
704,M-1430,item:268967,0.0,3126200.0,24967.489844
704,M-1810,item:268091,0.0,5025600.0,13631.530603
704,SDC-1450,item:773474,0.0,67200000.0,11663514.0
705,M-1430,item:268967,0.0,3126200.0,16503.979635
705,M-1810,item:268091,0.0,5025600.0,2404.040805
705,SDC-1450,item:773474,0.0,67200000.0,11663514.0
706,M-1430,item:268967,0.0,3126200.0,1590.142901
706,M-1810,item:268091,14400.0,5040000.0,14400.0
706,SDC-1450,item:773474,0.0,67200000.0,11663514.0
707,M-1430,item:268967,107800.0,3234000.0,107800.0
707,M-1810,item:268091,14400.0,5054400.0,14400.0
707,SDC-1450,item:773474,0.0,67200000.0,11663514.0
708,M-1430,item:268967,0.0,3234000.0,101094.489803
708,M-1810,item:268091,14400.0,5068800.0,14400.0
708,SDC-1450,item:773474,0.0,67200000.0,11663514.0
709,M-1430,item:268967,0.0,3234000.0,88298.918426
709,M-1810,item:268091,14400.0,5083200.0,14400.0
709,SDC-1450,item:773474,0.0,67200000.0,11663514.0
710,M-1430,item:268967,0.0,3234000.0,67759.34705
710,M-1810,item:268091,14400.0,5097600.0,14400.0
710,SDC-1450,item:773474,0.0,67200000.0,11663514.0
711,M-1430,item:268967,0.0,3234000.0,63970.265412
711,M-1810,item:268091,14400.0,5112000.0,14400.0
711,SDC-1450,item:773474,0.0,67200000.0,11663514.0
712,M-1430,item:268967,0.0,3234000.0,63970.265412
712,M-1810,item:268091,28800.0,5140800.0,28800.0
712,SDC-1450,item:773474,0.0,67200000.0,11663514.0
713,M-1430,item:268967,0.0,3234000.0,63970.265412
713,M-1810,item:268091,28800.0,5169600.0,28800.0
713,SDC-1450,item:773474,0.0,67200000.0,11663514.0
714,M-1430,item:268967,0.0,3234000.0,61988.510258
714,M-1810,item:268091,28800.0,5198400.0,28800.0
714,SDC-1450,item:773474,0.0,67200000.0,11663514.0
715,M-1430,item:268967,0.0,3234000.0,48435.36735
715,M-1810,item:268091,28800.0,5227200.0,28800.0
715,SDC-1450,item:773474,0.0,67200000.0,11663514.0
716,M-1430,item:268967,0.0,3234000.0,22954.673422
716,M-1810,item:268091,28800.0,5256000.0,28800.0
716,SDC-1450,item:773474,0.0,67200000.0,11663514.0
717,M-1430,item:268967,107800.0,3341800.0,107800.0
717,M-1810,item:268091,28800.0,5284800.0,28800.0
717,SDC-1450,item:773474,0.0,67200000.0,11663514.0
718,M-1430,item:268967,0.0,3341800.0,97498.040869
718,M-1810,item:268091,28800.0,5313600.0,28800.0
718,SDC-1450,item:773474,0.0,67200000.0,11663514.0
719,M-1430,item:268967,0.0,3341800.0,97498.040869
719,M-1810,item:268091,28800.0,5342400.0,28800.0
719,SDC-1450,item:773474,0.0,67200000.0,11663514.0
720,M-1430,item:268967,0.0,3341800.0,97498.040869
720,M-1810,item:268091,28800.0,5371200.0,28800.0
720,SDC-1450,item:773474,0.0,67200000.0,11663514.0
721,M-1430,item:268967,0.0,3341800.0,97498.040869
721,M-1810,item:268091,28800.0,5400000.0,28800.0
721,SDC-1450,item:773474,0.0,67200000.0,11663514.0
722,M-1430,item:268967,0.0,3341800.0,97498.040869
722,M-1810,item:268091,0.0,5400000.0,5878.102032
722,SDC-1450,item:773474,0.0,67200000.0,11663514.0
723,M-1430,item:268967,0.0,3341800.0,97498.040869
723,M-1810,item:268091,14400.0,5414400.0,14400.0
723,SDC-1450,item:773474,0.0,67200000.0,11663514.0
724,M-1430,item:268967,0.0,3341800.0,97498.040869
724,M-1810,item:268091,14400.0,5428800.0,14400.0
724,SDC-1450,item:773474,0.0,67200000.0,11663514.0
725,M-1430,item:268967,0.0,3341800.0,97498.040869
725,M-1810,item:268091,0.0,5428800.0,14400.0
725,SDC-1450,item:773474,0.0,67200000.0,11663514.0
726,M-1430,item:268967,0.0,3341800.0,97498.040869
726,M-1810,item:268091,0.0,5428800.0,14400.0
726,SDC-1450,item:773474,0.0,67200000.0,11663514.0
727,M-1430,item:268967,0.0,3341800.0,97498.040869
727,M-1810,item:268091,0.0,5428800.0,14400.0
727,SDC-1450,item:773474,0.0,67200000.0,11663514.0
728,M-1430,item:268967,0.0,3341800.0,97498.040869
728,M-1810,item:268091,0.0,5428800.0,14400.0
728,SDC-1450,item:773474,0.0,67200000.0,11663514.0
729,M-1430,item:268967,0.0,3341800.0,97498.040869
729,M-1810,item:268091,0.0,5428800.0,14400.0
729,SDC-1450,item:773474,0.0,67200000.0,11663514.0
730,M-1430,item:268967,0.0,3341800.0,97498.040869
730,M-1810,item:268091,0.0,5428800.0,14400.0
730,SDC-1450,item:773474,0.0,67200000.0,11663514.0
731,M-1430,item:268967,0.0,3341800.0,97498.040869
731,M-1810,item:268091,0.0,5428800.0,14400.0
731,SDC-1450,item:773474,0.0,67200000.0,11663514.0
732,M-1430,item:268967,0.0,3341800.0,97498.040869
732,M-1810,item:268091,0.0,5428800.0,14400.0
732,SDC-1450,item:773474,0.0,67200000.0,11663514.0
733,M-1430,item:268967,0.0,3341800.0,97498.040869
733,M-1810,item:268091,0.0,5428800.0,14400.0
733,SDC-1450,item:773474,0.0,67200000.0,11663514.0
734,M-1430,item:268967,0.0,3341800.0,97498.040869
734,M-1810,item:268091,0.0,5428800.0,14400.0
734,SDC-1450,item:773474,0.0,67200000.0,11663514.0
735,M-1430,item:268967,0.0,3341800.0,97498.040869
735,M-1810,item:268091,0.0,5428800.0,14400.0
735,SDC-1450,item:773474,0.0,67200000.0,11663514.0
736,M-1430,item:268967,0.0,3341800.0,97498.040869
736,M-1810,item:268091,0.0,5428800.0,14400.0
736,SDC-1450,item:773474,0.0,67200000.0,11663514.0
737,M-1430,item:268967,0.0,3341800.0,93716.8776
737,M-1810,item:268091,0.0,5428800.0,14400.0
737,SDC-1450,item:773474,0.0,67200000.0,11663514.0
738,M-1430,item:268967,0.0,3341800.0,76818.979638
738,M-1810,item:268091,0.0,5428800.0,14400.0
738,SDC-1450,item:773474,0.0,67200000.0,11663514.0
739,M-1430,item:268967,0.0,3341800.0,50057.816371
739,M-1810,item:268091,0.0,5428800.0,14400.0
739,SDC-1450,item:773474,0.0,67200000.0,11663514.0
740,M-1430,item:268967,0.0,3341800.0,38409.673517
740,M-1810,item:268091,0.0,5428800.0,14400.0
740,SDC-1450,item:773474,0.0,67200000.0,11663514.0
741,M-1430,item:268967,0.0,3341800.0,38409.673517
741,M-1810,item:268091,0.0,5428800.0,14400.0
741,SDC-1450,item:773474,0.0,67200000.0,11663514.0
742,M-1430,item:268967,0.0,3341800.0,38409.673517
742,M-1810,item:268091,0.0,5428800.0,14400.0
742,SDC-1450,item:773474,0.0,67200000.0,11663514.0
743,M-1430,item:268967,0.0,3341800.0,38409.673517
743,M-1810,item:268091,0.0,5428800.0,14400.0
743,SDC-1450,item:773474,0.0,67200000.0,11663514.0
744,M-1430,item:268967,0.0,3341800.0,38409.673517
744,M-1810,item:268091,0.0,5428800.0,14400.0
744,SDC-1450,item:773474,0.0,67200000.0,11663514.0
745,M-1430,item:268967,0.0,3341800.0,38409.673517
745,M-1810,item:268091,0.0,5428800.0,14400.0
745,SDC-1450,item:773474,0.0,67200000.0,11663514.0
746,M-1430,item:268967,0.0,3341800.0,38409.673517
746,M-1810,item:268091,0.0,5428800.0,14400.0
746,SDC-1450,item:773474,0.0,67200000.0,11663514.0
747,M-1430,item:268967,0.0,3341800.0,38409.673517
747,M-1810,item:268091,0.0,5428800.0,4635.020393
747,SDC-1450,item:773474,0.0,67200000.0,11663514.0
748,M-1430,item:268967,0.0,3341800.0,38409.673517
748,M-1810,item:268091,14400.0,5443200.0,14400.0
748,SDC-1450,item:773474,0.0,67200000.0,11663514.0
749,M-1430,item:268967,0.0,3341800.0,38409.673517
749,M-1810,item:268091,14400.0,5457600.0,14400.0
749,SDC-1450,item:773474,0.0,67200000.0,11663514.0
750,M-1430,item:268967,0.0,3341800.0,38409.673517
750,M-1810,item:268091,14400.0,5472000.0,14400.0
750,SDC-1450,item:773474,0.0,67200000.0,11663514.0
751,M-1430,item:268967,0.0,3341800.0,38409.673517
751,M-1810,item:268091,14400.0,5486400.0,14400.0
751,SDC-1450,item:773474,0.0,67200000.0,11663514.0
752,M-1430,item:268967,0.0,3341800.0,33801.285762
752,M-1810,item:268091,14400.0,5500800.0,14400.0
752,SDC-1450,item:773474,0.0,67200000.0,11663514.0
753,M-1430,item:268967,0.0,3341800.0,24531.898007
753,M-1810,item:268091,14400.0,5515200.0,14400.0
753,SDC-1450,item:773474,0.0,67200000.0,11663514.0
754,M-1430,item:268967,0.0,3341800.0,15891.224538
754,M-1810,item:268091,14400.0,5529600.0,14400.0
754,SDC-1450,item:773474,0.0,67200000.0,11663514.0
755,M-1430,item:268967,0.0,3341800.0,12395.449027
755,M-1810,item:268091,14400.0,5544000.0,14400.0
755,SDC-1450,item:773474,0.0,67200000.0,11663514.0
756,M-1430,item:268967,0.0,3341800.0,12395.449027
756,M-1810,item:268091,14400.0,5558400.0,14400.0
756,SDC-1450,item:773474,0.0,67200000.0,11663514.0
757,M-1430,item:268967,0.0,3341800.0,11044.122497
757,M-1810,item:268091,14400.0,5572800.0,14400.0
757,SDC-1450,item:773474,0.0,67200000.0,11663514.0
758,M-1430,item:268967,0.0,3341800.0,3032.714335
758,M-1810,item:268091,0.0,5572800.0,4127.897948
758,SDC-1450,item:773474,0.0,67200000.0,11663514.0
759,M-1430,item:268967,107800.0,3449600.0,107800.0
759,M-1810,item:268091,0.0,5572800.0,402.040796
759,SDC-1450,item:773474,0.0,67200000.0,11663514.0
760,M-1430,item:268967,0.0,3449600.0,95396.714289
760,M-1810,item:268091,14400.0,5587200.0,14400.0
760,SDC-1450,item:773474,0.0,67200000.0,11663514.0
761,M-1430,item:268967,0.0,3449600.0,83434.06128
761,M-1810,item:268091,0.0,5587200.0,4856.938778
761,SDC-1450,item:773474,0.0,67200000.0,11663514.0
762,M-1430,item:268967,0.0,3449600.0,83434.06128
762,M-1810,item:268091,14400.0,5601600.0,14400.0
762,SDC-1450,item:773474,0.0,67200000.0,11663514.0
763,M-1430,item:268967,0.0,3449600.0,83434.06128
763,M-1810,item:268091,0.0,5601600.0,6913.734682
763,SDC-1450,item:773474,0.0,67200000.0,11663514.0
764,M-1430,item:268967,0.0,3449600.0,80186.32658
764,M-1810,item:268091,14400.0,5616000.0,14400.0
764,SDC-1450,item:773474,0.0,67200000.0,11663514.0
765,M-1430,item:268967,0.0,3449600.0,70863.183717
765,M-1810,item:268091,14400.0,5630400.0,14400.0
765,SDC-1450,item:773474,0.0,67200000.0,11663514.0
766,M-1430,item:268967,0.0,3449600.0,58867.714329
766,M-1810,item:268091,14400.0,5644800.0,14400.0
766,SDC-1450,item:773474,0.0,67200000.0,11663514.0
767,M-1430,item:268967,0.0,3449600.0,50430.673518
767,M-1810,item:268091,0.0,5644800.0,14400.0
767,SDC-1450,item:773474,0.0,67200000.0,11663514.0
768,M-1430,item:268967,0.0,3449600.0,49078.204136
768,M-1810,item:268091,0.0,5644800.0,14363.326512
768,SDC-1450,item:773474,0.0,67200000.0,11663514.0
769,M-1430,item:268967,0.0,3449600.0,49078.204136
769,M-1810,item:268091,0.0,5644800.0,7889.877518
769,SDC-1450,item:773474,0.0,67200000.0,11663514.0
770,M-1430,item:268967,0.0,3449600.0,46400.326579
770,M-1810,item:268091,14400.0,5659200.0,14400.0
770,SDC-1450,item:773474,0.0,67200000.0,11663514.0
771,M-1430,item:268967,0.0,3449600.0,37081.142901
771,M-1810,item:268091,14400.0,5673600.0,14400.0
771,SDC-1450,item:773474,0.0,67200000.0,11663514.0
772,M-1430,item:268967,0.0,3449600.0,18415.204126
772,M-1810,item:268091,14400.0,5688000.0,14400.0
772,SDC-1450,item:773474,0.0,67200000.0,11663514.0
773,M-1430,item:268967,107800.0,3557400.0,107800.0
773,M-1810,item:268091,14400.0,5702400.0,14400.0
773,SDC-1450,item:773474,0.0,67200000.0,11663514.0
774,M-1430,item:268967,0.0,3557400.0,91776.795925
774,M-1810,item:268091,14400.0,5716800.0,14400.0
774,SDC-1450,item:773474,0.0,67200000.0,11663514.0
775,M-1430,item:268967,0.0,3557400.0,73984.91838
775,M-1810,item:268091,14400.0,5731200.0,14400.0
775,SDC-1450,item:773474,0.0,67200000.0,11663514.0
776,M-1430,item:268967,0.0,3557400.0,73984.91838
776,M-1810,item:268091,14400.0,5745600.0,14400.0
776,SDC-1450,item:773474,0.0,67200000.0,11663514.0
777,M-1430,item:268967,0.0,3557400.0,73984.91838
777,M-1810,item:268091,14400.0,5760000.0,14400.0
777,SDC-1450,item:773474,0.0,67200000.0,11663514.0
778,M-1430,item:268967,0.0,3557400.0,73984.91838
778,M-1810,item:268091,14400.0,5774400.0,14400.0
778,SDC-1450,item:773474,0.0,67200000.0,11663514.0
779,M-1430,item:268967,0.0,3557400.0,73984.91838
779,M-1810,item:268091,14400.0,5788800.0,14400.0
779,SDC-1450,item:773474,0.0,67200000.0,11663514.0
780,M-1430,item:268967,0.0,3557400.0,73984.91838
780,M-1810,item:268091,14400.0,5803200.0,14400.0
780,SDC-1450,item:773474,0.0,67200000.0,11663514.0
781,M-1430,item:268967,0.0,3557400.0,73984.91838
781,M-1810,item:268091,14400.0,5817600.0,14400.0
781,SDC-1450,item:773474,0.0,67200000.0,11663514.0
782,M-1430,item:268967,0.0,3557400.0,73984.91838
782,M-1810,item:268091,14400.0,5832000.0,14400.0
782,SDC-1450,item:773474,0.0,67200000.0,11663514.0
783,M-1430,item:268967,0.0,3557400.0,73984.91838
783,M-1810,item:268091,14400.0,5846400.0,14400.0
783,SDC-1450,item:773474,0.0,67200000.0,11663514.0
784,M-1430,item:268967,0.0,3557400.0,73984.91838
784,M-1810,item:268091,14400.0,5860800.0,14400.0
784,SDC-1450,item:773474,0.0,67200000.0,11663514.0
785,M-1430,item:268967,0.0,3557400.0,67408.061269
785,M-1810,item:268091,14400.0,5875200.0,14400.0
785,SDC-1450,item:773474,0.0,67200000.0,11663514.0
786,M-1430,item:268967,0.0,3557400.0,50708.734771
786,M-1810,item:268091,14400.0,5889600.0,14400.0
786,SDC-1450,item:773474,0.0,67200000.0,11663514.0
787,M-1430,item:268967,0.0,3557400.0,30166.816403
787,M-1810,item:268091,14400.0,5904000.0,14400.0
787,SDC-1450,item:773474,0.0,67200000.0,11663514.0
788,M-1430,item:268967,0.0,3557400.0,15607.795961
788,M-1810,item:268091,14400.0,5918400.0,14400.0
788,SDC-1450,item:773474,0.0,67200000.0,11663514.0
789,M-1430,item:268967,0.0,3557400.0,15607.795961
789,M-1810,item:268091,14400.0,5932800.0,14400.0
789,SDC-1450,item:773474,0.0,67200000.0,11663514.0
790,M-1430,item:268967,0.0,3557400.0,15607.795961
790,M-1810,item:268091,14400.0,5947200.0,14400.0
790,SDC-1450,item:773474,0.0,67200000.0,11663514.0
791,M-1430,item:268967,0.0,3557400.0,15607.795961
791,M-1810,item:268091,0.0,5947200.0,5959.081626
791,SDC-1450,item:773474,0.0,67200000.0,11663514.0
792,M-1430,item:268967,0.0,3557400.0,15607.795961
792,M-1810,item:268091,14400.0,5961600.0,14400.0
792,SDC-1450,item:773474,0.0,67200000.0,11663514.0
793,M-1430,item:268967,0.0,3557400.0,15607.795961
793,M-1810,item:268091,14400.0,5976000.0,14400.0
793,SDC-1450,item:773474,0.0,67200000.0,11663514.0
794,M-1430,item:268967,0.0,3557400.0,15607.795961
794,M-1810,item:268091,14400.0,5990400.0,14400.0
794,SDC-1450,item:773474,0.0,67200000.0,11663514.0
795,M-1430,item:268967,0.0,3557400.0,15607.795961
795,M-1810,item:268091,0.0,5990400.0,5650.99999
795,SDC-1450,item:773474,0.0,67200000.0,11663514.0
796,M-1430,item:268967,0.0,3557400.0,15607.795961
796,M-1810,item:268091,0.0,5990400.0,5650.99999
796,SDC-1450,item:773474,0.0,67200000.0,11663514.0
797,M-1430,item:268967,0.0,3557400.0,10467.204128
797,M-1810,item:268091,0.0,5990400.0,5232.510195
797,SDC-1450,item:773474,0.0,67200000.0,11663514.0
798,M-1430,item:268967,0.0,3557400.0,4867.265353
798,M-1810,item:268091,14400.0,6004800.0,14400.0
798,SDC-1450,item:773474,0.0,67200000.0,11663514.0
799,M-1430,item:268967,107800.0,3665200.0,107800.0
799,M-1810,item:268091,14400.0,6019200.0,14400.0
799,SDC-1450,item:773474,0.0,67200000.0,11663514.0
800,M-1430,item:268967,0.0,3665200.0,97331.449024
800,M-1810,item:268091,14400.0,6033600.0,14400.0
800,SDC-1450,item:773474,0.0,67200000.0,11663514.0
801,M-1430,item:268967,0.0,3665200.0,76680.163354
801,M-1810,item:268091,0.0,6033600.0,10999.938767
801,SDC-1450,item:773474,0.0,67200000.0,11663514.0
802,M-1430,item:268967,0.0,3665200.0,56006.857231
802,M-1810,item:268091,14400.0,6048000.0,14400.0
802,SDC-1450,item:773474,0.0,67200000.0,11663514.0
803,M-1430,item:268967,0.0,3665200.0,53027.755146
803,M-1810,item:268091,14400.0,6062400.0,14400.0
803,SDC-1450,item:773474,0.0,67200000.0,11663514.0
804,M-1430,item:268967,0.0,3665200.0,53027.755146
804,M-1810,item:268091,0.0,6062400.0,4924.836725
804,SDC-1450,item:773474,0.0,67200000.0,11663514.0
805,M-1430,item:268967,0.0,3665200.0,53027.755146
805,M-1810,item:268091,14400.0,6076800.0,14400.0
805,SDC-1450,item:773474,0.0,67200000.0,11663514.0
806,M-1430,item:268967,0.0,3665200.0,53027.755146
806,M-1810,item:268091,14400.0,6091200.0,14400.0
806,SDC-1450,item:773474,0.0,67200000.0,11663514.0
807,M-1430,item:268967,0.0,3665200.0,53027.755146
807,M-1810,item:268091,14400.0,6105600.0,14400.0
807,SDC-1450,item:773474,0.0,67200000.0,11663514.0
808,M-1430,item:268967,0.0,3665200.0,53027.755146
808,M-1810,item:268091,14400.0,6120000.0,14400.0
808,SDC-1450,item:773474,0.0,67200000.0,11663514.0
809,M-1430,item:268967,0.0,3665200.0,53027.755146
809,M-1810,item:268091,14400.0,6134400.0,14400.0
809,SDC-1450,item:773474,0.0,67200000.0,11663514.0
810,M-1430,item:268967,0.0,3665200.0,53027.755146
810,M-1810,item:268091,14400.0,6148800.0,14400.0
810,SDC-1450,item:773474,0.0,67200000.0,11663514.0
811,M-1430,item:268967,0.0,3665200.0,51888.938826
811,M-1810,item:268091,14400.0,6163200.0,14400.0
811,SDC-1450,item:773474,0.0,67200000.0,11663514.0
812,M-1430,item:268967,0.0,3665200.0,47329.449026
812,M-1810,item:268091,0.0,6163200.0,2303.285702
812,SDC-1450,item:773474,0.0,67200000.0,11663514.0
813,M-1430,item:268967,0.0,3665200.0,38033.163308
813,M-1810,item:268091,14400.0,6177600.0,14400.0
813,SDC-1450,item:773474,0.0,67200000.0,11663514.0
814,M-1430,item:268967,0.0,3665200.0,28584.408206
814,M-1810,item:268091,14400.0,6192000.0,14400.0
814,SDC-1450,item:773474,0.0,67200000.0,11663514.0
815,M-1430,item:268967,0.0,3665200.0,23744.816371
815,M-1810,item:268091,14400.0,6206400.0,14400.0
815,SDC-1450,item:773474,0.0,67200000.0,11663514.0
816,M-1430,item:268967,0.0,3665200.0,23691.693925
816,M-1810,item:268091,14400.0,6220800.0,14400.0
816,SDC-1450,item:773474,0.0,67200000.0,11663514.0
817,M-1430,item:268967,0.0,3665200.0,22943.08168
817,M-1810,item:268091,0.0,6220800.0,573.591824
817,SDC-1450,item:773474,0.0,67200000.0,11663514.0
818,M-1430,item:268967,0.0,3665200.0,16664.857189
818,M-1810,item:268091,14400.0,6235200.0,14400.0
818,SDC-1450,item:773474,0.0,67200000.0,11663514.0
819,M-1430,item:268967,0.0,3665200.0,5504.857188
819,M-1810,item:268091,14400.0,6249600.0,14400.0
819,SDC-1450,item:773474,0.0,67200000.0,11663514.0
820,M-1430,item:268967,0.0,3665200.0,5504.857188
820,M-1810,item:268091,0.0,6249600.0,2881.204067
820,SDC-1450,item:773474,0.0,67200000.0,11663514.0
821,M-1430,item:268967,0.0,3665200.0,379.346987
821,M-1810,item:268091,0.0,6249600.0,2131.204065
821,SDC-1450,item:773474,0.0,67200000.0,11663514.0
822,M-1430,item:268967,107800.0,3773000.0,107800.0
822,M-1810,item:268091,14400.0,6264000.0,14400.0
822,SDC-1450,item:773474,0.0,67200000.0,11663514.0
823,M-1430,item:268967,0.0,3773000.0,96205.653063
823,M-1810,item:268091,0.0,6264000.0,14400.0
823,SDC-1450,item:773474,0.0,67200000.0,11663514.0
824,M-1430,item:268967,0.0,3773000.0,83317.89801
824,M-1810,item:268091,0.0,6264000.0,14400.0
824,SDC-1450,item:773474,0.0,67200000.0,11663514.0
825,M-1430,item:268967,0.0,3773000.0,75699.693976
825,M-1810,item:268091,0.0,6264000.0,13845.448966
825,SDC-1450,item:773474,0.0,67200000.0,11663514.0
826,M-1430,item:268967,0.0,3773000.0,74551.408261
826,M-1810,item:268091,0.0,6264000.0,1179.346912
826,SDC-1450,item:773474,0.0,67200000.0,11663514.0
827,M-1430,item:268967,0.0,3773000.0,74510.449031
827,M-1810,item:268091,14400.0,6278400.0,14400.0
827,SDC-1450,item:773474,0.0,67200000.0,11663514.0
828,M-1430,item:268967,0.0,3773000.0,69013.857148
828,M-1810,item:268091,14400.0,6292800.0,14400.0
828,SDC-1450,item:773474,0.0,67200000.0,11663514.0
829,M-1430,item:268967,0.0,3773000.0,56820.306083
829,M-1810,item:268091,14400.0,6307200.0,14400.0
829,SDC-1450,item:773474,0.0,67200000.0,11663514.0
830,M-1430,item:268967,0.0,3773000.0,55567.857197
830,M-1810,item:268091,14400.0,6321600.0,14400.0
830,SDC-1450,item:773474,0.0,67200000.0,11663514.0
831,M-1430,item:268967,0.0,3773000.0,54315.408311
831,M-1810,item:268091,14400.0,6336000.0,14400.0
831,SDC-1450,item:773474,0.0,67200000.0,11663514.0
832,M-1430,item:268967,0.0,3773000.0,54315.408311
832,M-1810,item:268091,14400.0,6350400.0,14400.0
832,SDC-1450,item:773474,0.0,67200000.0,11663514.0
833,M-1430,item:268967,0.0,3773000.0,54315.408311
833,M-1810,item:268091,14400.0,6364800.0,14400.0
833,SDC-1450,item:773474,0.0,67200000.0,11663514.0
834,M-1430,item:268967,0.0,3773000.0,54315.408311
834,M-1810,item:268091,14400.0,6379200.0,14400.0
834,SDC-1450,item:773474,0.0,67200000.0,11663514.0
835,M-1430,item:268967,0.0,3773000.0,54315.408311
835,M-1810,item:268091,14400.0,6393600.0,14400.0
835,SDC-1450,item:773474,0.0,67200000.0,11663514.0
836,M-1430,item:268967,0.0,3773000.0,54315.408311
836,M-1810,item:268091,14400.0,6408000.0,14400.0
836,SDC-1450,item:773474,0.0,67200000.0,11663514.0
837,M-1430,item:268967,0.0,3773000.0,54315.408311
837,M-1810,item:268091,14400.0,6422400.0,14400.0
837,SDC-1450,item:773474,0.0,67200000.0,11663514.0
838,M-1430,item:268967,0.0,3773000.0,54315.408311
838,M-1810,item:268091,14400.0,6436800.0,14400.0
838,SDC-1450,item:773474,0.0,67200000.0,11663514.0
839,M-1430,item:268967,0.0,3773000.0,54315.408311
839,M-1810,item:268091,0.0,6436800.0,5342.020399
839,SDC-1450,item:773474,0.0,67200000.0,11663514.0
840,M-1430,item:268967,0.0,3773000.0,54315.408311
840,M-1810,item:268091,14400.0,6451200.0,14400.0
840,SDC-1450,item:773474,0.0,67200000.0,11663514.0
841,M-1430,item:268967,0.0,3773000.0,54315.408311
841,M-1810,item:268091,0.0,6451200.0,9326.285716
841,SDC-1450,item:773474,0.0,67200000.0,11663514.0
842,M-1430,item:268967,0.0,3773000.0,54315.408311
842,M-1810,item:268091,0.0,6451200.0,7957.244893
842,SDC-1450,item:773474,0.0,67200000.0,11663514.0
843,M-1430,item:268967,0.0,3773000.0,54315.408311
843,M-1810,item:268091,0.0,6451200.0,7957.244893
843,SDC-1450,item:773474,0.0,67200000.0,11663514.0
844,M-1430,item:268967,0.0,3773000.0,54315.408311
844,M-1810,item:268091,0.0,6451200.0,7957.244893
844,SDC-1450,item:773474,0.0,67200000.0,11663514.0
845,M-1430,item:268967,0.0,3773000.0,54315.408311
845,M-1810,item:268091,0.0,6451200.0,7957.244893
845,SDC-1450,item:773474,0.0,67200000.0,11663514.0
846,M-1430,item:268967,0.0,3773000.0,54315.408311
846,M-1810,item:268091,0.0,6451200.0,7957.244893
846,SDC-1450,item:773474,0.0,67200000.0,11663514.0
847,M-1430,item:268967,0.0,3773000.0,54315.408311
847,M-1810,item:268091,0.0,6451200.0,7957.244893
847,SDC-1450,item:773474,0.0,67200000.0,11663514.0
848,M-1430,item:268967,0.0,3773000.0,54315.408311
848,M-1810,item:268091,0.0,6451200.0,7957.244893
848,SDC-1450,item:773474,0.0,67200000.0,11663514.0
849,M-1430,item:268967,0.0,3773000.0,54315.408311
849,M-1810,item:268091,0.0,6451200.0,7957.244893
849,SDC-1450,item:773474,0.0,67200000.0,11663514.0
850,M-1430,item:268967,0.0,3773000.0,54315.408311
850,M-1810,item:268091,0.0,6451200.0,7957.244893
850,SDC-1450,item:773474,0.0,67200000.0,11663514.0
851,M-1430,item:268967,0.0,3773000.0,54315.408311
851,M-1810,item:268091,0.0,6451200.0,7957.244893
851,SDC-1450,item:773474,0.0,67200000.0,11663514.0
852,M-1430,item:268967,0.0,3773000.0,54315.408311
852,M-1810,item:268091,0.0,6451200.0,7957.244893
852,SDC-1450,item:773474,0.0,67200000.0,11663514.0
853,M-1430,item:268967,0.0,3773000.0,54315.408311
853,M-1810,item:268091,0.0,6451200.0,7957.244893
853,SDC-1450,item:773474,0.0,67200000.0,11663514.0
854,M-1430,item:268967,0.0,3773000.0,54315.408311
854,M-1810,item:268091,14400.0,6465600.0,14400.0
854,SDC-1450,item:773474,0.0,67200000.0,11663514.0
855,M-1430,item:268967,0.0,3773000.0,54315.408311
855,M-1810,item:268091,14400.0,6480000.0,14400.0
855,SDC-1450,item:773474,0.0,67200000.0,11663514.0
856,M-1430,item:268967,0.0,3773000.0,54315.408311
856,M-1810,item:268091,14400.0,6494400.0,14400.0
856,SDC-1450,item:773474,0.0,67200000.0,11663514.0
857,M-1430,item:268967,0.0,3773000.0,54315.408311
857,M-1810,item:268091,14400.0,6508800.0,14400.0
857,SDC-1450,item:773474,0.0,67200000.0,11663514.0
858,M-1430,item:268967,0.0,3773000.0,54315.408311
858,M-1810,item:268091,0.0,6508800.0,14400.0
858,SDC-1450,item:773474,0.0,67200000.0,11663514.0
859,M-1430,item:268967,0.0,3773000.0,54315.408311
859,M-1810,item:268091,0.0,6508800.0,3920.530596
859,SDC-1450,item:773474,0.0,67200000.0,11663514.0
860,M-1430,item:268967,0.0,3773000.0,54315.408311
860,M-1810,item:268091,14400.0,6523200.0,14400.0
860,SDC-1450,item:773474,0.0,67200000.0,11663514.0
861,M-1430,item:268967,0.0,3773000.0,54315.408311
861,M-1810,item:268091,14400.0,6537600.0,14400.0
861,SDC-1450,item:773474,0.0,67200000.0,11663514.0
862,M-1430,item:268967,0.0,3773000.0,54315.408311
862,M-1810,item:268091,14400.0,6552000.0,14400.0
862,SDC-1450,item:773474,0.0,67200000.0,11663514.0
863,M-1430,item:268967,0.0,3773000.0,54315.408311
863,M-1810,item:268091,14400.0,6566400.0,14400.0
863,SDC-1450,item:773474,0.0,67200000.0,11663514.0
864,M-1430,item:268967,0.0,3773000.0,54315.408311
864,M-1810,item:268091,14400.0,6580800.0,14400.0
864,SDC-1450,item:773474,0.0,67200000.0,11663514.0
865,M-1430,item:268967,0.0,3773000.0,54315.408311
865,M-1810,item:268091,14400.0,6595200.0,14400.0
865,SDC-1450,item:773474,0.0,67200000.0,11663514.0
866,M-1430,item:268967,0.0,3773000.0,54315.408311
866,M-1810,item:268091,14400.0,6609600.0,14400.0
866,SDC-1450,item:773474,0.0,67200000.0,11663514.0
867,M-1430,item:268967,0.0,3773000.0,54315.408311
867,M-1810,item:268091,14400.0,6624000.0,14400.0
867,SDC-1450,item:773474,0.0,67200000.0,11663514.0
868,M-1430,item:268967,0.0,3773000.0,54315.408311
868,M-1810,item:268091,14400.0,6638400.0,14400.0
868,SDC-1450,item:773474,0.0,67200000.0,11663514.0
869,M-1430,item:268967,0.0,3773000.0,54315.408311
869,M-1810,item:268091,14400.0,6652800.0,14400.0
869,SDC-1450,item:773474,0.0,67200000.0,11663514.0
870,M-1430,item:268967,0.0,3773000.0,54315.408311
870,M-1810,item:268091,14400.0,6667200.0,14400.0
870,SDC-1450,item:773474,0.0,67200000.0,11663514.0
871,M-1430,item:268967,0.0,3773000.0,54315.408311
871,M-1810,item:268091,14400.0,6681600.0,14400.0
871,SDC-1450,item:773474,0.0,67200000.0,11663514.0
872,M-1430,item:268967,0.0,3773000.0,47800.428628
872,M-1810,item:268091,14400.0,6696000.0,14400.0
872,SDC-1450,item:773474,0.0,67200000.0,11663514.0
873,M-1430,item:268967,0.0,3773000.0,47800.428628
873,M-1810,item:268091,0.0,6696000.0,5031.387738
873,SDC-1450,item:773474,0.0,67200000.0,11663514.0
874,M-1430,item:268967,0.0,3773000.0,47800.428628
874,M-1810,item:268091,0.0,6696000.0,595.693845
874,SDC-1450,item:773474,0.0,67200000.0,11663514.0
875,M-1430,item:268967,0.0,3773000.0,47800.428628
875,M-1810,item:268091,14400.0,6710400.0,14400.0
875,SDC-1450,item:773474,0.0,67200000.0,11663514.0
876,M-1430,item:268967,0.0,3773000.0,47800.428628
876,M-1810,item:268091,14400.0,6724800.0,14400.0
876,SDC-1450,item:773474,0.0,67200000.0,11663514.0
877,M-1430,item:268967,0.0,3773000.0,47800.428628
877,M-1810,item:268091,14400.0,6739200.0,14400.0
877,SDC-1450,item:773474,0.0,67200000.0,11663514.0
878,M-1430,item:268967,0.0,3773000.0,47800.428628
878,M-1810,item:268091,14400.0,6753600.0,14400.0
878,SDC-1450,item:773474,0.0,67200000.0,11663514.0
879,M-1430,item:268967,0.0,3773000.0,47800.428628
879,M-1810,item:268091,14400.0,6768000.0,14400.0
879,SDC-1450,item:773474,0.0,67200000.0,11663514.0
880,M-1430,item:268967,0.0,3773000.0,47800.428628
880,M-1810,item:268091,14400.0,6782400.0,14400.0
880,SDC-1450,item:773474,0.0,67200000.0,11663514.0
881,M-1430,item:268967,0.0,3773000.0,47800.428628
881,M-1810,item:268091,14400.0,6796800.0,14400.0
881,SDC-1450,item:773474,0.0,67200000.0,11663514.0
882,M-1430,item:268967,0.0,3773000.0,47800.428628
882,M-1810,item:268091,14400.0,6811200.0,14400.0
882,SDC-1450,item:773474,0.0,67200000.0,11663514.0
883,M-1430,item:268967,0.0,3773000.0,47800.428628
883,M-1810,item:268091,0.0,6811200.0,7434.816315
883,SDC-1450,item:773474,0.0,67200000.0,11663514.0
884,M-1430,item:268967,0.0,3773000.0,47800.428628
884,M-1810,item:268091,0.0,6811200.0,7434.816315
884,SDC-1450,item:773474,0.0,67200000.0,11663514.0
885,M-1430,item:268967,0.0,3773000.0,47800.428628
885,M-1810,item:268091,0.0,6811200.0,7434.816315
885,SDC-1450,item:773474,0.0,67200000.0,11663514.0
886,M-1430,item:268967,0.0,3773000.0,47800.428628
886,M-1810,item:268091,0.0,6811200.0,7434.816315
886,SDC-1450,item:773474,0.0,67200000.0,11663514.0
887,M-1430,item:268967,0.0,3773000.0,41061.693932
887,M-1810,item:268091,0.0,6811200.0,7434.816315
887,SDC-1450,item:773474,0.0,67200000.0,11663514.0
888,M-1430,item:268967,0.0,3773000.0,9853.346992
888,M-1810,item:268091,0.0,6811200.0,7434.816315
888,SDC-1450,item:773474,0.0,67200000.0,11663514.0
889,M-1430,item:268967,107800.0,3880800.0,107800.0
889,M-1810,item:268091,0.0,6811200.0,4246.918355
889,SDC-1450,item:773474,0.0,67200000.0,11663514.0
890,M-1430,item:268967,0.0,3880800.0,74277.653116
890,M-1810,item:268091,14400.0,6825600.0,14400.0
890,SDC-1450,item:773474,0.0,67200000.0,11663514.0
891,M-1430,item:268967,0.0,3880800.0,15110.489907
891,M-1810,item:268091,14400.0,6840000.0,14400.0
891,SDC-1450,item:773474,0.0,67200000.0,11663514.0
892,M-1430,item:268967,0.0,3880800.0,15110.489907
892,M-1810,item:268091,14400.0,6854400.0,14400.0
892,SDC-1450,item:773474,0.0,67200000.0,11663514.0
893,M-1430,item:268967,107800.0,3988600.0,107800.0
893,M-1810,item:268091,14400.0,6868800.0,14400.0
893,SDC-1450,item:773474,0.0,67200000.0,11663514.0
894,M-1430,item:268967,0.0,3988600.0,84849.224435
894,M-1810,item:268091,14400.0,6883200.0,14400.0
894,SDC-1450,item:773474,0.0,67200000.0,11663514.0
895,M-1430,item:268967,0.0,3988600.0,70008.653063
895,M-1810,item:268091,14400.0,6897600.0,14400.0
895,SDC-1450,item:773474,0.0,67200000.0,11663514.0
896,M-1430,item:268967,0.0,3988600.0,45175.795977
896,M-1810,item:268091,14400.0,6912000.0,14400.0
896,SDC-1450,item:773474,0.0,67200000.0,11663514.0
897,M-1430,item:268967,0.0,3988600.0,42135.428628
897,M-1810,item:268091,14400.0,6926400.0,14400.0
897,SDC-1450,item:773474,0.0,67200000.0,11663514.0
898,M-1430,item:268967,107800.0,4096400.0,107800.0
898,M-1810,item:268091,0.0,6926400.0,7640.387744
898,SDC-1450,item:773474,0.0,67200000.0,11663514.0
899,M-1430,item:268967,107800.0,4204200.0,107800.0
899,M-1810,item:268091,14400.0,6940800.0,14400.0
899,SDC-1450,item:773474,0.0,67200000.0,11663514.0
900,M-1430,item:268967,107800.0,4312000.0,107800.0
900,M-1810,item:268091,14400.0,6955200.0,14400.0
900,SDC-1450,item:773474,0.0,67200000.0,11663514.0
901,M-1430,item:268967,0.0,4312000.0,69989.000057
901,M-1810,item:268091,14400.0,6969600.0,14400.0
901,SDC-1450,item:773474,0.0,67200000.0,11663514.0
902,M-1430,item:268967,0.0,4312000.0,69989.000057
902,M-1810,item:268091,14400.0,6984000.0,14400.0
902,SDC-1450,item:773474,0.0,67200000.0,11663514.0
903,M-1430,item:268967,0.0,4312000.0,69989.000057
903,M-1810,item:268091,14400.0,6998400.0,14400.0
903,SDC-1450,item:773474,0.0,67200000.0,11663514.0
904,M-1430,item:268967,0.0,4312000.0,69989.000057
904,M-1810,item:268091,14400.0,7012800.0,14400.0
904,SDC-1450,item:773474,0.0,67200000.0,11663514.0
905,M-1430,item:268967,0.0,4312000.0,69989.000057
905,M-1810,item:268091,14400.0,7027200.0,14400.0
905,SDC-1450,item:773474,0.0,67200000.0,11663514.0
906,M-1430,item:268967,0.0,4312000.0,69989.000057
906,M-1810,item:268091,14400.0,7041600.0,14400.0
906,SDC-1450,item:773474,0.0,67200000.0,11663514.0
907,M-1430,item:268967,0.0,4312000.0,69989.000057
907,M-1810,item:268091,14400.0,7056000.0,14400.0
907,SDC-1450,item:773474,0.0,67200000.0,11663514.0
908,M-1430,item:268967,0.0,4312000.0,69989.000057
908,M-1810,item:268091,14400.0,7070400.0,14400.0
908,SDC-1450,item:773474,0.0,67200000.0,11663514.0
909,M-1430,item:268967,0.0,4312000.0,69989.000057
909,M-1810,item:268091,14400.0,7084800.0,14400.0
909,SDC-1450,item:773474,0.0,67200000.0,11663514.0
910,M-1430,item:268967,0.0,4312000.0,69989.000057
910,M-1810,item:268091,14400.0,7099200.0,14400.0
910,SDC-1450,item:773474,0.0,67200000.0,11663514.0
911,M-1430,item:268967,0.0,4312000.0,69989.000057
911,M-1810,item:268091,0.0,7099200.0,14400.0
911,SDC-1450,item:773474,0.0,67200000.0,11663514.0
912,M-1430,item:268967,0.0,4312000.0,69989.000057
912,M-1810,item:268091,0.0,7099200.0,14400.0
912,SDC-1450,item:773474,0.0,67200000.0,11663514.0
913,M-1430,item:268967,0.0,4312000.0,69989.000057
913,M-1810,item:268091,0.0,7099200.0,14400.0
913,SDC-1450,item:773474,0.0,67200000.0,11663514.0
914,M-1430,item:268967,0.0,4312000.0,69989.000057
914,M-1810,item:268091,0.0,7099200.0,14400.0
914,SDC-1450,item:773474,0.0,67200000.0,11663514.0
915,M-1430,item:268967,0.0,4312000.0,69989.000057
915,M-1810,item:268091,0.0,7099200.0,11172.836718
915,SDC-1450,item:773474,0.0,67200000.0,11663514.0
916,M-1430,item:268967,0.0,4312000.0,69989.000057
916,M-1810,item:268091,0.0,7099200.0,265.204049
916,SDC-1450,item:773474,0.0,67200000.0,11663514.0
917,M-1430,item:268967,0.0,4312000.0,69989.000057
917,M-1810,item:268091,14400.0,7113600.0,14400.0
917,SDC-1450,item:773474,0.0,67200000.0,11663514.0
918,M-1430,item:268967,0.0,4312000.0,69989.000057
918,M-1810,item:268091,14400.0,7128000.0,14400.0
918,SDC-1450,item:773474,0.0,67200000.0,11663514.0
919,M-1430,item:268967,0.0,4312000.0,69989.000057
919,M-1810,item:268091,14400.0,7142400.0,14400.0
919,SDC-1450,item:773474,0.0,67200000.0,11663514.0
920,M-1430,item:268967,0.0,4312000.0,69989.000057
920,M-1810,item:268091,14400.0,7156800.0,14400.0
920,SDC-1450,item:773474,0.0,67200000.0,11663514.0
921,M-1430,item:268967,0.0,4312000.0,69989.000057
921,M-1810,item:268091,14400.0,7171200.0,14400.0
921,SDC-1450,item:773474,0.0,67200000.0,11663514.0
922,M-1430,item:268967,0.0,4312000.0,69989.000057
922,M-1810,item:268091,14400.0,7185600.0,14400.0
922,SDC-1450,item:773474,0.0,67200000.0,11663514.0
923,M-1430,item:268967,0.0,4312000.0,69989.000057
923,M-1810,item:268091,0.0,7185600.0,3879.755086
923,SDC-1450,item:773474,0.0,67200000.0,11663514.0
924,M-1430,item:268967,0.0,4312000.0,69989.000057
924,M-1810,item:268091,14400.0,7200000.0,14400.0
924,SDC-1450,item:773474,0.0,67200000.0,11663514.0
925,M-1430,item:268967,0.0,4312000.0,69989.000057
925,M-1810,item:268091,0.0,7200000.0,7640.000004
925,SDC-1450,item:773474,0.0,67200000.0,11663514.0
926,M-1430,item:268967,0.0,4312000.0,69989.000057
926,M-1810,item:268091,14400.0,7214400.0,14400.0
926,SDC-1450,item:773474,0.0,67200000.0,11663514.0
927,M-1430,item:268967,0.0,4312000.0,69989.000057
927,M-1810,item:268091,14400.0,7228800.0,14400.0
927,SDC-1450,item:773474,0.0,67200000.0,11663514.0
928,M-1430,item:268967,0.0,4312000.0,69989.000057
928,M-1810,item:268091,14400.0,7243200.0,14400.0
928,SDC-1450,item:773474,0.0,67200000.0,11663514.0
929,M-1430,item:268967,0.0,4312000.0,69989.000057
929,M-1810,item:268091,14400.0,7257600.0,14400.0
929,SDC-1450,item:773474,0.0,67200000.0,11663514.0
930,M-1430,item:268967,0.0,4312000.0,69989.000057
930,M-1810,item:268091,0.0,7257600.0,3382.142846
930,SDC-1450,item:773474,0.0,67200000.0,11663514.0
931,M-1430,item:268967,0.0,4312000.0,69989.000057
931,M-1810,item:268091,14400.0,7272000.0,14400.0
931,SDC-1450,item:773474,0.0,67200000.0,11663514.0
932,M-1430,item:268967,0.0,4312000.0,69989.000057
932,M-1810,item:268091,0.0,7272000.0,1994.000002
932,SDC-1450,item:773474,0.0,67200000.0,11663514.0
933,M-1430,item:268967,0.0,4312000.0,69989.000057
933,M-1810,item:268091,14400.0,7286400.0,14400.0
933,SDC-1450,item:773474,0.0,67200000.0,11663514.0
934,M-1430,item:268967,0.0,4312000.0,69989.000057
934,M-1810,item:268091,14400.0,7300800.0,14400.0
934,SDC-1450,item:773474,0.0,67200000.0,11663514.0
935,M-1430,item:268967,0.0,4312000.0,69989.000057
935,M-1810,item:268091,14400.0,7315200.0,14400.0
935,SDC-1450,item:773474,0.0,67200000.0,11663514.0
936,M-1430,item:268967,0.0,4312000.0,69989.000057
936,M-1810,item:268091,14400.0,7329600.0,14400.0
936,SDC-1450,item:773474,0.0,67200000.0,11663514.0
937,M-1430,item:268967,0.0,4312000.0,69989.000057
937,M-1810,item:268091,14400.0,7344000.0,14400.0
937,SDC-1450,item:773474,0.0,67200000.0,11663514.0
938,M-1430,item:268967,0.0,4312000.0,69989.000057
938,M-1810,item:268091,14400.0,7358400.0,14400.0
938,SDC-1450,item:773474,0.0,67200000.0,11663514.0
939,M-1430,item:268967,0.0,4312000.0,69989.000057
939,M-1810,item:268091,14400.0,7372800.0,14400.0
939,SDC-1450,item:773474,0.0,67200000.0,11663514.0
940,M-1430,item:268967,0.0,4312000.0,69989.000057
940,M-1810,item:268091,14400.0,7387200.0,14400.0
940,SDC-1450,item:773474,0.0,67200000.0,11663514.0
941,M-1430,item:268967,0.0,4312000.0,69989.000057
941,M-1810,item:268091,0.0,7387200.0,12272.67346
941,SDC-1450,item:773474,0.0,67200000.0,11663514.0
942,M-1430,item:268967,0.0,4312000.0,69989.000057
942,M-1810,item:268091,0.0,7387200.0,12272.67346
942,SDC-1450,item:773474,0.0,67200000.0,11663514.0
943,M-1430,item:268967,0.0,4312000.0,69989.000057
943,M-1810,item:268091,0.0,7387200.0,12272.67346
943,SDC-1450,item:773474,0.0,67200000.0,11663514.0
944,M-1430,item:268967,0.0,4312000.0,69989.000057
944,M-1810,item:268091,0.0,7387200.0,12272.67346
944,SDC-1450,item:773474,0.0,67200000.0,11663514.0
945,M-1430,item:268967,0.0,4312000.0,69989.000057
945,M-1810,item:268091,0.0,7387200.0,12272.67346
945,SDC-1450,item:773474,0.0,67200000.0,11663514.0
946,M-1430,item:268967,0.0,4312000.0,69989.000057
946,M-1810,item:268091,0.0,7387200.0,12272.67346
946,SDC-1450,item:773474,0.0,67200000.0,11663514.0
947,M-1430,item:268967,0.0,4312000.0,69989.000057
947,M-1810,item:268091,0.0,7387200.0,12272.67346
947,SDC-1450,item:773474,0.0,67200000.0,11663514.0
948,M-1430,item:268967,0.0,4312000.0,69989.000057
948,M-1810,item:268091,0.0,7387200.0,12272.67346
948,SDC-1450,item:773474,0.0,67200000.0,11663514.0
949,M-1430,item:268967,0.0,4312000.0,69989.000057
949,M-1810,item:268091,0.0,7387200.0,12272.67346
949,SDC-1450,item:773474,0.0,67200000.0,11663514.0
950,M-1430,item:268967,0.0,4312000.0,69989.000057
950,M-1810,item:268091,0.0,7387200.0,12272.67346
950,SDC-1450,item:773474,0.0,67200000.0,11663514.0
951,M-1430,item:268967,0.0,4312000.0,69989.000057
951,M-1810,item:268091,0.0,7387200.0,12272.67346
951,SDC-1450,item:773474,0.0,67200000.0,11663514.0
952,M-1430,item:268967,0.0,4312000.0,69989.000057
952,M-1810,item:268091,0.0,7387200.0,12272.67346
952,SDC-1450,item:773474,0.0,67200000.0,11663514.0
953,M-1430,item:268967,0.0,4312000.0,69989.000057
953,M-1810,item:268091,0.0,7387200.0,12272.67346
953,SDC-1450,item:773474,0.0,67200000.0,11663514.0
954,M-1430,item:268967,0.0,4312000.0,69989.000057
954,M-1810,item:268091,0.0,7387200.0,12272.67346
954,SDC-1450,item:773474,0.0,67200000.0,11663514.0
955,M-1430,item:268967,0.0,4312000.0,69989.000057
955,M-1810,item:268091,0.0,7387200.0,12272.67346
955,SDC-1450,item:773474,0.0,67200000.0,11663514.0
956,M-1430,item:268967,0.0,4312000.0,69989.000057
956,M-1810,item:268091,0.0,7387200.0,12272.67346
956,SDC-1450,item:773474,0.0,67200000.0,11663514.0
957,M-1430,item:268967,0.0,4312000.0,69989.000057
957,M-1810,item:268091,0.0,7387200.0,8046.387739
957,SDC-1450,item:773474,0.0,67200000.0,11663514.0
958,M-1430,item:268967,0.0,4312000.0,69989.000057
958,M-1810,item:268091,14400.0,7401600.0,14400.0
958,SDC-1450,item:773474,0.0,67200000.0,11663514.0
959,M-1430,item:268967,0.0,4312000.0,69989.000057
959,M-1810,item:268091,14400.0,7416000.0,14400.0
959,SDC-1450,item:773474,0.0,67200000.0,11663514.0
960,M-1430,item:268967,0.0,4312000.0,69989.000057
960,M-1810,item:268091,0.0,7416000.0,2769.877535
960,SDC-1450,item:773474,0.0,67200000.0,11663514.0
961,M-1430,item:268967,0.0,4312000.0,69989.000057
961,M-1810,item:268091,14400.0,7430400.0,14400.0
961,SDC-1450,item:773474,0.0,67200000.0,11663514.0
962,M-1430,item:268967,0.0,4312000.0,69989.000057
962,M-1810,item:268091,14400.0,7444800.0,14400.0
962,SDC-1450,item:773474,0.0,67200000.0,11663514.0
963,M-1430,item:268967,0.0,4312000.0,69989.000057
963,M-1810,item:268091,14400.0,7459200.0,14400.0
963,SDC-1450,item:773474,0.0,67200000.0,11663514.0
964,M-1430,item:268967,0.0,4312000.0,69989.000057
964,M-1810,item:268091,14400.0,7473600.0,14400.0
964,SDC-1450,item:773474,0.0,67200000.0,11663514.0
965,M-1430,item:268967,0.0,4312000.0,69989.000057
965,M-1810,item:268091,14400.0,7488000.0,14400.0
965,SDC-1450,item:773474,0.0,67200000.0,11663514.0
966,M-1430,item:268967,0.0,4312000.0,69989.000057
966,M-1810,item:268091,14400.0,7502400.0,14400.0
966,SDC-1450,item:773474,0.0,67200000.0,11663514.0
967,M-1430,item:268967,0.0,4312000.0,69989.000057
967,M-1810,item:268091,14400.0,7516800.0,14400.0
967,SDC-1450,item:773474,0.0,67200000.0,11663514.0
968,M-1430,item:268967,0.0,4312000.0,55660.387816
968,M-1810,item:268091,14400.0,7531200.0,14400.0
968,SDC-1450,item:773474,0.0,67200000.0,11663514.0
969,M-1430,item:268967,0.0,4312000.0,15918.387818
969,M-1810,item:268091,14400.0,7545600.0,14400.0
969,SDC-1450,item:773474,0.0,67200000.0,11663514.0
970,M-1430,item:268967,107800.0,4419800.0,107800.0
970,M-1810,item:268091,14400.0,7560000.0,14400.0
970,SDC-1450,item:773474,0.0,67200000.0,11663514.0
971,M-1430,item:268967,0.0,4419800.0,95614.326525
971,M-1810,item:268091,14400.0,7574400.0,14400.0
971,SDC-1450,item:773474,0.0,67200000.0,11663514.0
972,M-1430,item:268967,0.0,4419800.0,95614.326525
972,M-1810,item:268091,14400.0,7588800.0,14400.0
972,SDC-1450,item:773474,0.0,67200000.0,11663514.0
973,M-1430,item:268967,0.0,4419800.0,95614.326525
973,M-1810,item:268091,0.0,7588800.0,2235.59182
973,SDC-1450,item:773474,0.0,67200000.0,11663514.0
974,M-1430,item:268967,0.0,4419800.0,95614.326525
974,M-1810,item:268091,14400.0,7603200.0,14400.0
974,SDC-1450,item:773474,0.0,67200000.0,11663514.0
975,M-1430,item:268967,0.0,4419800.0,95614.326525
975,M-1810,item:268091,0.0,7603200.0,1111.387756
975,SDC-1450,item:773474,0.0,67200000.0,11663514.0
976,M-1430,item:268967,0.0,4419800.0,95614.326525
976,M-1810,item:268091,14400.0,7617600.0,14400.0
976,SDC-1450,item:773474,0.0,67200000.0,11663514.0
977,M-1430,item:268967,0.0,4419800.0,95614.326525
977,M-1810,item:268091,0.0,7617600.0,14400.0
977,SDC-1450,item:773474,0.0,67200000.0,11663514.0
978,M-1430,item:268967,0.0,4419800.0,95614.326525
978,M-1810,item:268091,0.0,7617600.0,11265.693862
978,SDC-1450,item:773474,0.0,67200000.0,11663514.0
979,M-1430,item:268967,0.0,4419800.0,95614.326525
979,M-1810,item:268091,14400.0,7632000.0,14400.0
979,SDC-1450,item:773474,0.0,67200000.0,11663514.0
980,M-1430,item:268967,0.0,4419800.0,95614.326525
980,M-1810,item:268091,14400.0,7646400.0,14400.0
980,SDC-1450,item:773474,0.0,67200000.0,11663514.0
981,M-1430,item:268967,0.0,4419800.0,95614.326525
981,M-1810,item:268091,14400.0,7660800.0,14400.0
981,SDC-1450,item:773474,0.0,67200000.0,11663514.0
982,M-1430,item:268967,0.0,4419800.0,95614.326525
982,M-1810,item:268091,0.0,7660800.0,1940.265293
982,SDC-1450,item:773474,0.0,67200000.0,11663514.0
983,M-1430,item:268967,0.0,4419800.0,95614.326525
983,M-1810,item:268091,14400.0,7675200.0,14400.0
983,SDC-1450,item:773474,0.0,67200000.0,11663514.0
984,M-1430,item:268967,0.0,4419800.0,95614.326525
984,M-1810,item:268091,0.0,7675200.0,11271.428559
984,SDC-1450,item:773474,0.0,67200000.0,11663514.0
985,M-1430,item:268967,0.0,4419800.0,95614.326525
985,M-1810,item:268091,14400.0,7689600.0,14400.0
985,SDC-1450,item:773474,0.0,67200000.0,11663514.0
986,M-1430,item:268967,0.0,4419800.0,95614.326525
986,M-1810,item:268091,14400.0,7704000.0,14400.0
986,SDC-1450,item:773474,0.0,67200000.0,11663514.0
987,M-1430,item:268967,0.0,4419800.0,95614.326525
987,M-1810,item:268091,14400.0,7718400.0,14400.0
987,SDC-1450,item:773474,0.0,67200000.0,11663514.0
988,M-1430,item:268967,0.0,4419800.0,95614.326525
988,M-1810,item:268091,14400.0,7732800.0,14400.0
988,SDC-1450,item:773474,0.0,67200000.0,11663514.0
989,M-1430,item:268967,0.0,4419800.0,95614.326525
989,M-1810,item:268091,0.0,7732800.0,621.836723
989,SDC-1450,item:773474,0.0,67200000.0,11663514.0
990,M-1430,item:268967,0.0,4419800.0,95614.326525
990,M-1810,item:268091,14400.0,7747200.0,14400.0
990,SDC-1450,item:773474,0.0,67200000.0,11663514.0
991,M-1430,item:268967,0.0,4419800.0,95614.326525
991,M-1810,item:268091,14400.0,7761600.0,14400.0
991,SDC-1450,item:773474,0.0,67200000.0,11663514.0
992,M-1430,item:268967,0.0,4419800.0,95614.326525
992,M-1810,item:268091,14400.0,7776000.0,14400.0
992,SDC-1450,item:773474,0.0,67200000.0,11663514.0
993,M-1430,item:268967,0.0,4419800.0,95614.326525
993,M-1810,item:268091,14400.0,7790400.0,14400.0
993,SDC-1450,item:773474,0.0,67200000.0,11663514.0
994,M-1430,item:268967,0.0,4419800.0,95614.326525
994,M-1810,item:268091,14400.0,7804800.0,14400.0
994,SDC-1450,item:773474,0.0,67200000.0,11663514.0
995,M-1430,item:268967,0.0,4419800.0,95614.326525
995,M-1810,item:268091,14400.0,7819200.0,14400.0
995,SDC-1450,item:773474,0.0,67200000.0,11663514.0
996,M-1430,item:268967,0.0,4419800.0,95203.775573
996,M-1810,item:268091,14400.0,7833600.0,14400.0
996,SDC-1450,item:773474,0.0,67200000.0,11663514.0
997,M-1430,item:268967,0.0,4419800.0,83648.877684
997,M-1810,item:268091,14400.0,7848000.0,14400.0
997,SDC-1450,item:773474,0.0,67200000.0,11663514.0
998,M-1430,item:268967,0.0,4419800.0,60978.95932
998,M-1810,item:268091,14400.0,7862400.0,14400.0
998,SDC-1450,item:773474,0.0,67200000.0,11663514.0
999,M-1430,item:268967,0.0,4419800.0,49863.938845
999,M-1810,item:268091,14400.0,7876800.0,14400.0
999,SDC-1450,item:773474,0.0,67200000.0,11663514.0
1000,M-1430,item:268967,0.0,4419800.0,49863.938845
1000,M-1810,item:268091,0.0,7876800.0,9156.959171
1000,SDC-1450,item:773474,0.0,67200000.0,11663514.0
1001,M-1430,item:268967,0.0,4419800.0,49863.938845
1001,M-1810,item:268091,0.0,7876800.0,3845.448953
1001,SDC-1450,item:773474,0.0,67200000.0,11663514.0
1002,M-1430,item:268967,0.0,4419800.0,49863.938845
1002,M-1810,item:268091,0.0,7876800.0,3776.979564
1002,SDC-1450,item:773474,0.0,67200000.0,11663514.0
1003,M-1430,item:268967,0.0,4419800.0,49863.938845
1003,M-1810,item:268091,0.0,7876800.0,3776.979564
1003,SDC-1450,item:773474,0.0,67200000.0,11663514.0
1004,M-1430,item:268967,0.0,4419800.0,49863.938845
1004,M-1810,item:268091,0.0,7876800.0,3776.979564
1004,SDC-1450,item:773474,0.0,67200000.0,11663514.0
1005,M-1430,item:268967,0.0,4419800.0,49863.938845
1005,M-1810,item:268091,0.0,7876800.0,3776.979564
1005,SDC-1450,item:773474,0.0,67200000.0,11663514.0
1006,M-1430,item:268967,0.0,4419800.0,49863.938845
1006,M-1810,item:268091,14400.0,7891200.0,14400.0
1006,SDC-1450,item:773474,0.0,67200000.0,11663514.0
1007,M-1430,item:268967,0.0,4419800.0,49863.938845
1007,M-1810,item:268091,14400.0,7905600.0,14400.0
1007,SDC-1450,item:773474,0.0,67200000.0,11663514.0
1008,M-1430,item:268967,0.0,4419800.0,49863.938845
1008,M-1810,item:268091,14400.0,7920000.0,14400.0
1008,SDC-1450,item:773474,0.0,67200000.0,11663514.0
1009,M-1430,item:268967,0.0,4419800.0,49863.938845
1009,M-1810,item:268091,14400.0,7934400.0,14400.0
1009,SDC-1450,item:773474,0.0,67200000.0,11663514.0
1010,M-1430,item:268967,0.0,4419800.0,49863.938845
1010,M-1810,item:268091,14400.0,7948800.0,14400.0
1010,SDC-1450,item:773474,0.0,67200000.0,11663514.0
1011,M-1430,item:268967,0.0,4419800.0,49863.938845
1011,M-1810,item:268091,0.0,7948800.0,12359.428552
1011,SDC-1450,item:773474,0.0,67200000.0,11663514.0
1012,M-1430,item:268967,0.0,4419800.0,49711.857207
1012,M-1810,item:268091,14400.0,7963200.0,14400.0
1012,SDC-1450,item:773474,0.0,67200000.0,11663514.0
1013,M-1430,item:268967,0.0,4419800.0,43355.183733
1013,M-1810,item:268091,14400.0,7977600.0,14400.0
1013,SDC-1450,item:773474,0.0,67200000.0,11663514.0
1014,M-1430,item:268967,0.0,4419800.0,30863.836795
1014,M-1810,item:268091,14400.0,7992000.0,14400.0
1014,SDC-1450,item:773474,0.0,67200000.0,11663514.0
1015,M-1430,item:268967,0.0,4419800.0,12003.571489
1015,M-1810,item:268091,14400.0,8006400.0,14400.0
1015,SDC-1450,item:773474,0.0,67200000.0,11663514.0
1016,M-1430,item:268967,0.0,4419800.0,5540.244963
1016,M-1810,item:268091,14400.0,8020800.0,14400.0
1016,SDC-1450,item:773474,0.0,67200000.0,11663514.0
1017,M-1430,item:268967,0.0,4419800.0,5540.244963
1017,M-1810,item:268091,14400.0,8035200.0,14400.0
1017,SDC-1450,item:773474,0.0,67200000.0,11663514.0
1018,M-1430,item:268967,0.0,4419800.0,5540.244963
1018,M-1810,item:268091,0.0,8035200.0,778.714267
1018,SDC-1450,item:773474,0.0,67200000.0,11663514.0
1019,M-1430,item:268967,0.0,4419800.0,4554.285778
1019,M-1810,item:268091,14400.0,8049600.0,14400.0
1019,SDC-1450,item:773474,0.0,67200000.0,11663514.0
1020,M-1430,item:268967,107800.0,4527600.0,107800.0
1020,M-1810,item:268091,0.0,8049600.0,9545.469369
1020,SDC-1450,item:773474,0.0,67200000.0,11663514.0
1021,M-1430,item:268967,0.0,4527600.0,104039.632718
1021,M-1810,item:268091,14400.0,8064000.0,14400.0
1021,SDC-1450,item:773474,0.0,67200000.0,11663514.0
1022,M-1430,item:268967,0.0,4527600.0,95094.469515
1022,M-1810,item:268091,14400.0,8078400.0,14400.0
1022,SDC-1450,item:773474,0.0,67200000.0,11663514.0
1023,M-1430,item:268967,0.0,4527600.0,81353.326657
1023,M-1810,item:268091,14400.0,8092800.0,14400.0
1023,SDC-1450,item:773474,0.0,67200000.0,11663514.0
1024,M-1430,item:268967,0.0,4527600.0,67779.734759
1024,M-1810,item:268091,0.0,8092800.0,2889.040799
1024,SDC-1450,item:773474,0.0,67200000.0,11663514.0
1025,M-1430,item:268967,0.0,4527600.0,58780.85721
1025,M-1810,item:268091,14400.0,8107200.0,14400.0
1025,SDC-1450,item:773474,0.0,67200000.0,11663514.0
1026,M-1430,item:268967,0.0,4527600.0,40561.836806
1026,M-1810,item:268091,14400.0,8121600.0,14400.0
1026,SDC-1450,item:773474,0.0,67200000.0,11663514.0
1027,M-1430,item:268967,0.0,4527600.0,40561.836806
1027,M-1810,item:268091,14400.0,8136000.0,14400.0
1027,SDC-1450,item:773474,0.0,67200000.0,11663514.0
1028,M-1430,item:268967,0.0,4527600.0,40561.836806
1028,M-1810,item:268091,14400.0,8150400.0,14400.0
1028,SDC-1450,item:773474,0.0,67200000.0,11663514.0
1029,M-1430,item:268967,0.0,4527600.0,40032.408239
1029,M-1810,item:268091,0.0,8150400.0,12405.244883
1029,SDC-1450,item:773474,0.0,67200000.0,11663514.0
1030,M-1430,item:268967,0.0,4527600.0,33116.122529
1030,M-1810,item:268091,0.0,8150400.0,12405.244883
1030,SDC-1450,item:773474,0.0,67200000.0,11663514.0
1031,M-1430,item:268967,0.0,4527600.0,33116.122529
1031,M-1810,item:268091,0.0,8150400.0,12405.244883
1031,SDC-1450,item:773474,0.0,67200000.0,11663514.0
1032,M-1430,item:268967,0.0,4527600.0,33116.122529
1032,M-1810,item:268091,0.0,8150400.0,12405.244883
1032,SDC-1450,item:773474,0.0,67200000.0,11663514.0
1033,M-1430,item:268967,0.0,4527600.0,33116.122529
1033,M-1810,item:268091,0.0,8150400.0,7034.999985
1033,SDC-1450,item:773474,0.0,67200000.0,11663514.0
1034,M-1430,item:268967,0.0,4527600.0,30279.285788
1034,M-1810,item:268091,14400.0,8164800.0,14400.0
1034,SDC-1450,item:773474,0.0,67200000.0,11663514.0
1035,M-1430,item:268967,0.0,4527600.0,22495.449046
1035,M-1810,item:268091,0.0,8164800.0,935.306123
1035,SDC-1450,item:773474,0.0,67200000.0,11663514.0
1036,M-1430,item:268967,0.0,4527600.0,9211.183733
1036,M-1810,item:268091,14400.0,8179200.0,14400.0
1036,SDC-1450,item:773474,0.0,67200000.0,11663514.0
1037,M-1430,item:268967,107800.0,4635400.0,107800.0
1037,M-1810,item:268091,14400.0,8193600.0,14400.0
1037,SDC-1450,item:773474,0.0,67200000.0,11663514.0
1038,M-1430,item:268967,0.0,4635400.0,91374.265315
1038,M-1810,item:268091,14400.0,8208000.0,14400.0
1038,SDC-1450,item:773474,0.0,67200000.0,11663514.0
1039,M-1430,item:268967,0.0,4635400.0,69265.714363
1039,M-1810,item:268091,14400.0,8222400.0,14400.0
1039,SDC-1450,item:773474,0.0,67200000.0,11663514.0
1040,M-1430,item:268967,0.0,4635400.0,50972.306267
1040,M-1810,item:268091,14400.0,8236800.0,14400.0
1040,SDC-1450,item:773474,0.0,67200000.0,11663514.0
1041,M-1430,item:268967,0.0,4635400.0,50972.306267
1041,M-1810,item:268091,14400.0,8251200.0,14400.0
1041,SDC-1450,item:773474,0.0,67200000.0,11663514.0
1042,M-1430,item:268967,0.0,4635400.0,50972.306267
1042,M-1810,item:268091,0.0,8251200.0,8774.408151
1042,SDC-1450,item:773474,0.0,67200000.0,11663514.0
1043,M-1430,item:268967,0.0,4635400.0,50972.306267
1043,M-1810,item:268091,0.0,8251200.0,6412.653034
1043,SDC-1450,item:773474,0.0,67200000.0,11663514.0
1044,M-1430,item:268967,0.0,4635400.0,50972.306267
1044,M-1810,item:268091,14400.0,8265600.0,14400.0
1044,SDC-1450,item:773474,0.0,67200000.0,11663514.0
1045,M-1430,item:268967,0.0,4635400.0,50972.306267
1045,M-1810,item:268091,14400.0,8280000.0,14400.0
1045,SDC-1450,item:773474,0.0,67200000.0,11663514.0
1046,M-1430,item:268967,0.0,4635400.0,50972.306267
1046,M-1810,item:268091,14400.0,8294400.0,14400.0
1046,SDC-1450,item:773474,0.0,67200000.0,11663514.0
1047,M-1430,item:268967,0.0,4635400.0,50972.306267
1047,M-1810,item:268091,14400.0,8308800.0,14400.0
1047,SDC-1450,item:773474,0.0,67200000.0,11663514.0
1048,M-1430,item:268967,0.0,4635400.0,50972.306267
1048,M-1810,item:268091,14400.0,8323200.0,14400.0
1048,SDC-1450,item:773474,0.0,67200000.0,11663514.0
1049,M-1430,item:268967,0.0,4635400.0,50972.306267
1049,M-1810,item:268091,14400.0,8337600.0,14400.0
1049,SDC-1450,item:773474,0.0,67200000.0,11663514.0
1050,M-1430,item:268967,0.0,4635400.0,50972.306267
1050,M-1810,item:268091,14400.0,8352000.0,14400.0
1050,SDC-1450,item:773474,0.0,67200000.0,11663514.0
1051,M-1430,item:268967,0.0,4635400.0,50533.347013
1051,M-1810,item:268091,14400.0,8366400.0,14400.0
1051,SDC-1450,item:773474,0.0,67200000.0,11663514.0
1052,M-1430,item:268967,0.0,4635400.0,42326.4898
1052,M-1810,item:268091,28800.0,8395200.0,28800.0
1052,SDC-1450,item:773474,0.0,67200000.0,11663514.0
1053,M-1430,item:268967,0.0,4635400.0,26171.040751
1053,M-1810,item:268091,28800.0,8424000.0,28800.0
1053,SDC-1450,item:773474,0.0,67200000.0,11663514.0
1054,M-1430,item:268967,0.0,4635400.0,10093.163201
1054,M-1810,item:268091,28800.0,8452800.0,28800.0
1054,SDC-1450,item:773474,0.0,67200000.0,11663514.0
1055,M-1430,item:268967,0.0,4635400.0,6000.632729
1055,M-1810,item:268091,28800.0,8481600.0,28800.0
1055,SDC-1450,item:773474,0.0,67200000.0,11663514.0
1056,M-1430,item:268967,0.0,4635400.0,6000.632729
1056,M-1810,item:268091,28800.0,8510400.0,28800.0
1056,SDC-1450,item:773474,0.0,67200000.0,11663514.0
1057,M-1430,item:268967,0.0,4635400.0,6000.632729
1057,M-1810,item:268091,0.0,8510400.0,732.448963
1057,SDC-1450,item:773474,0.0,67200000.0,11663514.0
1058,M-1430,item:268967,0.0,4635400.0,1994.673546
1058,M-1810,item:268091,14400.0,8524800.0,14400.0
1058,SDC-1450,item:773474,0.0,67200000.0,11663514.0
1059,M-1430,item:268967,107800.0,4743200.0,107800.0
1059,M-1810,item:268091,0.0,8524800.0,7009.67347
1059,SDC-1450,item:773474,0.0,67200000.0,11663514.0
1060,M-1430,item:268967,0.0,4743200.0,87787.46939
1060,M-1810,item:268091,14400.0,8539200.0,14400.0
1060,SDC-1450,item:773474,0.0,67200000.0,11663514.0
1061,M-1430,item:268967,0.0,4743200.0,59386.326613
1061,M-1810,item:268091,14400.0,8553600.0,14400.0
1061,SDC-1450,item:773474,0.0,67200000.0,11663514.0
1062,M-1430,item:268967,0.0,4743200.0,29492.285876
1062,M-1810,item:268091,14400.0,8568000.0,14400.0
1062,SDC-1450,item:773474,0.0,67200000.0,11663514.0
1063,M-1430,item:268967,0.0,4743200.0,29492.285876
1063,M-1810,item:268091,14400.0,8582400.0,14400.0
1063,SDC-1450,item:773474,0.0,67200000.0,11663514.0
1064,M-1430,item:268967,0.0,4743200.0,29492.285876
1064,M-1810,item:268091,0.0,8582400.0,9133.591822
1064,SDC-1450,item:773474,0.0,67200000.0,11663514.0
1065,M-1430,item:268967,0.0,4743200.0,29492.285876
1065,M-1810,item:268091,0.0,8582400.0,9133.591822
1065,SDC-1450,item:773474,0.0,67200000.0,11663514.0
1066,M-1430,item:268967,0.0,4743200.0,29492.285876
1066,M-1810,item:268091,0.0,8582400.0,9133.591822
1066,SDC-1450,item:773474,0.0,67200000.0,11663514.0
1067,M-1430,item:268967,0.0,4743200.0,29492.285876
1067,M-1810,item:268091,0.0,8582400.0,9133.591822
1067,SDC-1450,item:773474,0.0,67200000.0,11663514.0
1068,M-1430,item:268967,0.0,4743200.0,29492.285876
1068,M-1810,item:268091,0.0,8582400.0,9133.591822
1068,SDC-1450,item:773474,0.0,67200000.0,11663514.0
1069,M-1430,item:268967,0.0,4743200.0,29492.285876
1069,M-1810,item:268091,0.0,8582400.0,3019.632637
1069,SDC-1450,item:773474,0.0,67200000.0,11663514.0
1070,M-1430,item:268967,0.0,4743200.0,29492.285876
1070,M-1810,item:268091,14400.0,8596800.0,14400.0
1070,SDC-1450,item:773474,0.0,67200000.0,11663514.0
1071,M-1430,item:268967,0.0,4743200.0,29492.285876
1071,M-1810,item:268091,14400.0,8611200.0,14400.0
1071,SDC-1450,item:773474,0.0,67200000.0,11663514.0
1072,M-1430,item:268967,0.0,4743200.0,29492.285876
1072,M-1810,item:268091,14400.0,8625600.0,14400.0
1072,SDC-1450,item:773474,0.0,67200000.0,11663514.0
1073,M-1430,item:268967,0.0,4743200.0,29492.285876
1073,M-1810,item:268091,14400.0,8640000.0,14400.0
1073,SDC-1450,item:773474,0.0,67200000.0,11663514.0
1074,M-1430,item:268967,0.0,4743200.0,28218.42865
1074,M-1810,item:268091,14400.0,8654400.0,14400.0
1074,SDC-1450,item:773474,0.0,67200000.0,11663514.0
1075,M-1430,item:268967,0.0,4743200.0,19200.571425
1075,M-1810,item:268091,14400.0,8668800.0,14400.0
1075,SDC-1450,item:773474,0.0,67200000.0,11663514.0
1076,M-1430,item:268967,0.0,4743200.0,17723.836815
1076,M-1810,item:268091,14400.0,8683200.0,14400.0
1076,SDC-1450,item:773474,0.0,67200000.0,11663514.0
1077,M-1430,item:268967,0.0,4743200.0,13140.347103
1077,M-1810,item:268091,28800.0,8712000.0,28800.0
1077,SDC-1450,item:773474,0.0,67200000.0,11663514.0
1078,M-1430,item:268967,0.0,4743200.0,1834.245062
1078,M-1810,item:268091,28800.0,8740800.0,28800.0
1078,SDC-1450,item:773474,0.0,67200000.0,11663514.0
1079,M-1430,item:268967,107800.0,4851000.0,107800.0
1079,M-1810,item:268091,28800.0,8769600.0,28800.0
1079,SDC-1450,item:773474,0.0,67200000.0,11663514.0
1080,M-1430,item:268967,0.0,4851000.0,91431.122531
1080,M-1810,item:268091,28800.0,8798400.0,28800.0
1080,SDC-1450,item:773474,0.0,67200000.0,11663514.0
1081,M-1430,item:268967,0.0,4851000.0,79503.571511
1081,M-1810,item:268091,28800.0,8827200.0,28800.0
1081,SDC-1450,item:773474,0.0,67200000.0,11663514.0
1082,M-1430,item:268967,0.0,4851000.0,55292.306206
1082,M-1810,item:268091,28800.0,8856000.0,28800.0
1082,SDC-1450,item:773474,0.0,67200000.0,11663514.0
1083,M-1430,item:268967,0.0,4851000.0,43008.591921
1083,M-1810,item:268091,28800.0,8884800.0,28800.0
1083,SDC-1450,item:773474,0.0,67200000.0,11663514.0
1084,M-1430,item:268967,0.0,4851000.0,43008.591921
1084,M-1810,item:268091,28800.0,8913600.0,28800.0
1084,SDC-1450,item:773474,0.0,67200000.0,11663514.0
1085,M-1430,item:268967,0.0,4851000.0,43008.591921
1085,M-1810,item:268091,28800.0,8942400.0,28800.0
1085,SDC-1450,item:773474,0.0,67200000.0,11663514.0
1086,M-1430,item:268967,0.0,4851000.0,43008.591921
1086,M-1810,item:268091,28800.0,8971200.0,28800.0
1086,SDC-1450,item:773474,0.0,67200000.0,11663514.0
1087,M-1430,item:268967,0.0,4851000.0,43008.591921
1087,M-1810,item:268091,0.0,8971200.0,636.102027
1087,SDC-1450,item:773474,0.0,67200000.0,11663514.0
1088,M-1430,item:268967,0.0,4851000.0,43008.591921
1088,M-1810,item:268091,14400.0,8985600.0,14400.0
1088,SDC-1450,item:773474,0.0,67200000.0,11663514.0
1089,M-1430,item:268967,0.0,4851000.0,43008.591921
1089,M-1810,item:268091,0.0,8985600.0,14400.0
1089,SDC-1450,item:773474,0.0,67200000.0,11663514.0
1090,M-1430,item:268967,0.0,4851000.0,43008.591921
1090,M-1810,item:268091,0.0,8985600.0,14400.0
1090,SDC-1450,item:773474,0.0,67200000.0,11663514.0
1091,M-1430,item:268967,0.0,4851000.0,43008.591921
1091,M-1810,item:268091,0.0,8985600.0,14400.0
1091,SDC-1450,item:773474,0.0,67200000.0,11663514.0
1092,M-1430,item:268967,0.0,4851000.0,43008.591921
1092,M-1810,item:268091,0.0,8985600.0,14400.0
1092,SDC-1450,item:773474,0.0,67200000.0,11663514.0
1093,M-1430,item:268967,0.0,4851000.0,43008.591921
1093,M-1810,item:268091,0.0,8985600.0,14400.0
1093,SDC-1450,item:773474,0.0,67200000.0,11663514.0
1094,M-1430,item:268967,0.0,4851000.0,43008.591921
1094,M-1810,item:268091,0.0,8985600.0,14400.0
1094,SDC-1450,item:773474,0.0,67200000.0,11663514.0
1095,M-1430,item:268967,0.0,4851000.0,43008.591921
1095,M-1810,item:268091,0.0,8985600.0,14400.0
1095,SDC-1450,item:773474,0.0,67200000.0,11663514.0
1096,M-1430,item:268967,0.0,4851000.0,43008.591921
1096,M-1810,item:268091,0.0,8985600.0,14400.0
1096,SDC-1450,item:773474,0.0,67200000.0,11663514.0
1097,M-1430,item:268967,0.0,4851000.0,43008.591921
1097,M-1810,item:268091,0.0,8985600.0,14400.0
1097,SDC-1450,item:773474,0.0,67200000.0,11663514.0
1098,M-1430,item:268967,0.0,4851000.0,43008.591921
1098,M-1810,item:268091,0.0,8985600.0,14400.0
1098,SDC-1450,item:773474,0.0,67200000.0,11663514.0
1099,M-1430,item:268967,0.0,4851000.0,43008.591921
1099,M-1810,item:268091,0.0,8985600.0,14400.0
1099,SDC-1450,item:773474,0.0,67200000.0,11663514.0
1100,M-1430,item:268967,0.0,4851000.0,43008.591921
1100,M-1810,item:268091,0.0,8985600.0,14400.0
1100,SDC-1450,item:773474,0.0,67200000.0,11663514.0
1101,M-1430,item:268967,0.0,4851000.0,36785.775587
1101,M-1810,item:268091,0.0,8985600.0,14400.0
1101,SDC-1450,item:773474,0.0,67200000.0,11663514.0
1102,M-1430,item:268967,0.0,4851000.0,20708.061293
1102,M-1810,item:268091,0.0,8985600.0,14400.0
1102,SDC-1450,item:773474,0.0,67200000.0,11663514.0
1103,M-1430,item:268967,107800.0,4958800.0,107800.0
1103,M-1810,item:268091,0.0,8985600.0,14400.0
1103,SDC-1450,item:773474,0.0,67200000.0,11663514.0
1104,M-1430,item:268967,0.0,4958800.0,107800.0
1104,M-1810,item:268091,0.0,8985600.0,14400.0
1104,SDC-1450,item:773474,0.0,67200000.0,11663514.0
1105,M-1430,item:268967,0.0,4958800.0,106184.83681
1105,M-1810,item:268091,0.0,8985600.0,14400.0
1105,SDC-1450,item:773474,0.0,67200000.0,11663514.0
1106,M-1430,item:268967,0.0,4958800.0,103082.918518
1106,M-1810,item:268091,0.0,8985600.0,14400.0
1106,SDC-1450,item:773474,0.0,67200000.0,11663514.0
1107,M-1430,item:268967,0.0,4958800.0,100407.530763
1107,M-1810,item:268091,0.0,8985600.0,14400.0
1107,SDC-1450,item:773474,0.0,67200000.0,11663514.0
1108,M-1430,item:268967,0.0,4958800.0,99943.551096
1108,M-1810,item:268091,0.0,8985600.0,14400.0
1108,SDC-1450,item:773474,0.0,67200000.0,11663514.0
1109,M-1430,item:268967,0.0,4958800.0,99943.551096
1109,M-1810,item:268091,0.0,8985600.0,14400.0
1109,SDC-1450,item:773474,0.0,67200000.0,11663514.0
1110,M-1430,item:268967,0.0,4958800.0,99943.551096
1110,M-1810,item:268091,0.0,8985600.0,9878.428551
1110,SDC-1450,item:773474,0.0,67200000.0,11663514.0
1111,M-1430,item:268967,0.0,4958800.0,99943.551096
1111,M-1810,item:268091,14400.0,9000000.0,14400.0
1111,SDC-1450,item:773474,0.0,67200000.0,11663514.0
1112,M-1430,item:268967,0.0,4958800.0,98126.183749
1112,M-1810,item:268091,14400.0,9014400.0,14400.0
1112,SDC-1450,item:773474,0.0,67200000.0,11663514.0
1113,M-1430,item:268967,0.0,4958800.0,92015.183747
1113,M-1810,item:268091,14400.0,9028800.0,14400.0
1113,SDC-1450,item:773474,0.0,67200000.0,11663514.0
1114,M-1430,item:268967,0.0,4958800.0,82911.244971
1114,M-1810,item:268091,14400.0,9043200.0,14400.0
1114,SDC-1450,item:773474,0.0,67200000.0,11663514.0
1115,M-1430,item:268967,0.0,4958800.0,75145.326605
1115,M-1810,item:268091,0.0,9043200.0,6050.632634
1115,SDC-1450,item:773474,0.0,67200000.0,11663514.0
1116,M-1430,item:268967,0.0,4958800.0,71747.693953
1116,M-1810,item:268091,14400.0,9057600.0,14400.0
1116,SDC-1450,item:773474,0.0,67200000.0,11663514.0
1117,M-1430,item:268967,0.0,4958800.0,71417.653137
1117,M-1810,item:268091,14400.0,9072000.0,14400.0
1117,SDC-1450,item:773474,0.0,67200000.0,11663514.0
1118,M-1430,item:268967,0.0,4958800.0,69824.244973
1118,M-1810,item:268091,14400.0,9086400.0,14400.0
1118,SDC-1450,item:773474,0.0,67200000.0,11663514.0
1119,M-1430,item:268967,0.0,4958800.0,66174.61232
1119,M-1810,item:268091,14400.0,9100800.0,14400.0
1119,SDC-1450,item:773474,0.0,67200000.0,11663514.0
1120,M-1430,item:268967,0.0,4958800.0,58400.48987
1120,M-1810,item:268091,14400.0,9115200.0,14400.0
1120,SDC-1450,item:773474,0.0,67200000.0,11663514.0
1121,M-1430,item:268967,0.0,4958800.0,50006.693952
1121,M-1810,item:268091,0.0,9115200.0,766.102022
1121,SDC-1450,item:773474,0.0,67200000.0,11663514.0
1122,M-1430,item:268967,0.0,4958800.0,43664.326606
1122,M-1810,item:268091,14400.0,9129600.0,14400.0
1122,SDC-1450,item:773474,0.0,67200000.0,11663514.0
1123,M-1430,item:268967,0.0,4958800.0,39055.673546
1123,M-1810,item:268091,14400.0,9144000.0,14400.0
1123,SDC-1450,item:773474,0.0,67200000.0,11663514.0
1124,M-1430,item:268967,0.0,4958800.0,33984.489876
1124,M-1810,item:268091,14400.0,9158400.0,14400.0
1124,SDC-1450,item:773474,0.0,67200000.0,11663514.0
1125,M-1430,item:268967,0.0,4958800.0,27034.775592
1125,M-1810,item:268091,14400.0,9172800.0,14400.0
1125,SDC-1450,item:773474,0.0,67200000.0,11663514.0
1126,M-1430,item:268967,0.0,4958800.0,17492.979675
1126,M-1810,item:268091,0.0,9172800.0,3742.836721
1126,SDC-1450,item:773474,0.0,67200000.0,11663514.0
1127,M-1430,item:268967,0.0,4958800.0,11866.734774
1127,M-1810,item:268091,14400.0,9187200.0,14400.0
1127,SDC-1450,item:773474,0.0,67200000.0,11663514.0
1128,M-1430,item:268967,0.0,4958800.0,11866.734774
1128,M-1810,item:268091,0.0,9187200.0,12328.897956
1128,SDC-1450,item:773474,0.0,67200000.0,11663514.0
1129,M-1430,item:268967,0.0,4958800.0,11866.734774
1129,M-1810,item:268091,0.0,9187200.0,2213.142849
1129,SDC-1450,item:773474,0.0,67200000.0,11663514.0
1130,M-1430,item:268967,0.0,4958800.0,7324.918444
1130,M-1810,item:268091,14400.0,9201600.0,14400.0
1130,SDC-1450,item:773474,0.0,67200000.0,11663514.0
1131,M-1430,item:268967,107800.0,5066600.0,107800.0
1131,M-1810,item:268091,0.0,9201600.0,4506.428557
1131,SDC-1450,item:773474,0.0,67200000.0,11663514.0
1132,M-1430,item:268967,0.0,5066600.0,96115.224489
1132,M-1810,item:268091,14400.0,9216000.0,14400.0
1132,SDC-1450,item:773474,0.0,67200000.0,11330711.0
1133,M-1430,item:268967,0.0,5066600.0,86844.469463
1133,M-1810,item:268091,14400.0,9230400.0,14400.0
1133,SDC-1450,item:773474,0.0,67200000.0,11330711.0
1134,M-1430,item:268967,0.0,5066600.0,83916.551172
1134,M-1810,item:268091,14400.0,9244800.0,14400.0
1134,SDC-1450,item:773474,0.0,67200000.0,11330711.0
1135,M-1430,item:268967,0.0,5066600.0,83916.551172
1135,M-1810,item:268091,0.0,9244800.0,3864.387736
1135,SDC-1450,item:773474,0.0,67200000.0,11330711.0
1136,M-1430,item:268967,0.0,5066600.0,80773.020484
1136,M-1810,item:268091,14400.0,9259200.0,14400.0
1136,SDC-1450,item:773474,0.0,67200000.0,11330711.0
1137,M-1430,item:268967,0.0,5066600.0,68748.387832
1137,M-1810,item:268091,0.0,9259200.0,3381.510205
1137,SDC-1450,item:773474,0.0,67200000.0,11330711.0
1138,M-1430,item:268967,0.0,5066600.0,44268.081711
1138,M-1810,item:268091,14400.0,9273600.0,14400.0
1138,SDC-1450,item:773474,0.0,67200000.0,11330711.0
1139,M-1430,item:268967,0.0,5066600.0,18925.693957
1139,M-1810,item:268091,14400.0,9288000.0,14400.0
1139,SDC-1450,item:773474,0.0,67200000.0,11330711.0
1140,M-1430,item:268967,0.0,5066600.0,16294.938854
1140,M-1810,item:268091,14400.0,9302400.0,14400.0
1140,SDC-1450,item:773474,0.0,67200000.0,11330711.0
1141,M-1430,item:268967,0.0,5066600.0,16294.938854
1141,M-1810,item:268091,14400.0,9316800.0,14400.0
1141,SDC-1450,item:773474,0.0,67200000.0,11330711.0
1142,M-1430,item:268967,0.0,5066600.0,16294.938854
1142,M-1810,item:268091,14400.0,9331200.0,14400.0
1142,SDC-1450,item:773474,0.0,67200000.0,11330711.0
1143,M-1430,item:268967,0.0,5066600.0,16294.938854
1143,M-1810,item:268091,14400.0,9345600.0,14400.0
1143,SDC-1450,item:773474,0.0,67200000.0,11330711.0
1144,M-1430,item:268967,0.0,5066600.0,16294.938854
1144,M-1810,item:268091,14400.0,9360000.0,14400.0
1144,SDC-1450,item:773474,0.0,67200000.0,11330711.0
1145,M-1430,item:268967,0.0,5066600.0,16294.938854
1145,M-1810,item:268091,14400.0,9374400.0,14400.0
1145,SDC-1450,item:773474,0.0,67200000.0,11330711.0
1146,M-1430,item:268967,0.0,5066600.0,16294.938854
1146,M-1810,item:268091,14400.0,9388800.0,14400.0
1146,SDC-1450,item:773474,0.0,67200000.0,11330711.0
1147,M-1430,item:268967,0.0,5066600.0,16294.938854
1147,M-1810,item:268091,14400.0,9403200.0,14400.0
1147,SDC-1450,item:773474,0.0,67200000.0,11330711.0
1148,M-1430,item:268967,0.0,5066600.0,14647.204154
1148,M-1810,item:268091,14400.0,9417600.0,14400.0
1148,SDC-1450,item:773474,0.0,67200000.0,11330711.0
1149,M-1430,item:268967,0.0,5066600.0,8082.530679
1149,M-1810,item:268091,14400.0,9432000.0,14400.0
1149,SDC-1450,item:773474,0.0,67200000.0,11330711.0
1150,M-1430,item:268967,107800.0,5174400.0,107800.0
1150,M-1810,item:268091,14400.0,9446400.0,14400.0
1150,SDC-1450,item:773474,0.0,67200000.0,11330711.0
1151,M-1430,item:268967,0.0,5174400.0,90217.061229
1151,M-1810,item:268091,14400.0,9460800.0,14400.0
1151,SDC-1450,item:773474,0.0,67200000.0,10289933.0
1152,M-1430,item:268967,0.0,5174400.0,70297.204157
1152,M-1810,item:268091,14400.0,9475200.0,14400.0
1152,SDC-1450,item:773474,0.0,67200000.0,10289933.0
1153,M-1430,item:268967,0.0,5174400.0,57243.857284
1153,M-1810,item:268091,14400.0,9489600.0,14400.0
1153,SDC-1450,item:773474,0.0,67200000.0,10289933.0
1154,M-1430,item:268967,0.0,5174400.0,43059.041023
1154,M-1810,item:268091,14400.0,9504000.0,14400.0
1154,SDC-1450,item:773474,0.0,67200000.0,10289933.0
1155,M-1430,item:268967,0.0,5174400.0,43059.041023
1155,M-1810,item:268091,14400.0,9518400.0,14400.0
1155,SDC-1450,item:773474,0.0,67200000.0,10289933.0
1156,M-1430,item:268967,0.0,5174400.0,43059.041023
1156,M-1810,item:268091,14400.0,9532800.0,14400.0
1156,SDC-1450,item:773474,0.0,67200000.0,10289933.0
1157,M-1430,item:268967,0.0,5174400.0,43059.041023
1157,M-1810,item:268091,0.0,9532800.0,7354.183661
1157,SDC-1450,item:773474,0.0,67200000.0,10289933.0
1158,M-1430,item:268967,0.0,5174400.0,43059.041023
1158,M-1810,item:268091,14400.0,9547200.0,14400.0
1158,SDC-1450,item:773474,0.0,67200000.0,10289933.0
1159,M-1430,item:268967,0.0,5174400.0,43059.041023
1159,M-1810,item:268091,14400.0,9561600.0,14400.0
1159,SDC-1450,item:773474,0.0,67200000.0,10289933.0
1160,M-1430,item:268967,0.0,5174400.0,43059.041023
1160,M-1810,item:268091,14400.0,9576000.0,14400.0
1160,SDC-1450,item:773474,0.0,67200000.0,10289933.0
1161,M-1430,item:268967,0.0,5174400.0,43059.041023
1161,M-1810,item:268091,14400.0,9590400.0,14400.0
1161,SDC-1450,item:773474,0.0,67200000.0,10289933.0
1162,M-1430,item:268967,0.0,5174400.0,43059.041023
1162,M-1810,item:268091,14400.0,9604800.0,14400.0
1162,SDC-1450,item:773474,0.0,67200000.0,10289933.0
1163,M-1430,item:268967,0.0,5174400.0,43059.041023
1163,M-1810,item:268091,0.0,9604800.0,7360.306108
1163,SDC-1450,item:773474,0.0,67200000.0,10289933.0
1164,M-1430,item:268967,0.0,5174400.0,39973.48987
1164,M-1810,item:268091,0.0,9604800.0,5130.816298
1164,SDC-1450,item:773474,0.0,67200000.0,10289933.0
1165,M-1430,item:268967,0.0,5174400.0,27459.897898
1165,M-1810,item:268091,14400.0,9619200.0,14400.0
1165,SDC-1450,item:773474,0.0,67200000.0,10289933.0
1166,M-1430,item:268967,0.0,5174400.0,7849.122385
1166,M-1810,item:268091,0.0,9619200.0,14400.0
1166,SDC-1450,item:773474,0.0,67200000.0,10289933.0
1167,M-1430,item:268967,107800.0,5282200.0,107800.0
1167,M-1810,item:268091,0.0,9619200.0,10758.428557
1167,SDC-1450,item:773474,0.0,67200000.0,10289933.0
1168,M-1430,item:268967,0.0,5282200.0,106865.938911
1168,M-1810,item:268091,14400.0,9633600.0,14400.0
1168,SDC-1450,item:773474,0.0,67200000.0,9249154.0
1169,M-1430,item:268967,0.0,5282200.0,106865.938911
1169,M-1810,item:268091,14400.0,9648000.0,14400.0
1169,SDC-1450,item:773474,0.0,67200000.0,9249154.0
1170,M-1430,item:268967,0.0,5282200.0,106865.938911
1170,M-1810,item:268091,14400.0,9662400.0,14400.0
1170,SDC-1450,item:773474,0.0,67200000.0,9249154.0
1171,M-1430,item:268967,0.0,5282200.0,106865.938911
1171,M-1810,item:268091,14400.0,9676800.0,14400.0
1171,SDC-1450,item:773474,0.0,67200000.0,9249154.0
1172,M-1430,item:268967,0.0,5282200.0,105035.918444
1172,M-1810,item:268091,0.0,9676800.0,2494.755086
1172,SDC-1450,item:773474,0.0,67200000.0,9249154.0
1173,M-1430,item:268967,0.0,5282200.0,101323.408183
1173,M-1810,item:268091,14400.0,9691200.0,14400.0
1173,SDC-1450,item:773474,0.0,67200000.0,9249154.0
1174,M-1430,item:268967,0.0,5282200.0,101323.408183
1174,M-1810,item:268091,14400.0,9705600.0,14400.0
1174,SDC-1450,item:773474,0.0,67200000.0,9249154.0
1175,M-1430,item:268967,0.0,5282200.0,97181.979671
1175,M-1810,item:268091,14400.0,9720000.0,14400.0
1175,SDC-1450,item:773474,0.0,67200000.0,9249154.0
1176,M-1430,item:268967,0.0,5282200.0,92902.938853
1176,M-1810,item:268091,14400.0,9734400.0,14400.0
1176,SDC-1450,item:773474,0.0,67200000.0,9249154.0
1177,M-1430,item:268967,0.0,5282200.0,88343.449053
1177,M-1810,item:268091,14400.0,9748800.0,14400.0
1177,SDC-1450,item:773474,0.0,67200000.0,9249154.0
1178,M-1430,item:268967,0.0,5282200.0,83606.653135
1178,M-1810,item:268091,14400.0,9763200.0,14400.0
1178,SDC-1450,item:773474,0.0,67200000.0,9249154.0
1179,M-1430,item:268967,0.0,5282200.0,74157.898032
1179,M-1810,item:268091,14400.0,9777600.0,14400.0
1179,SDC-1450,item:773474,0.0,67200000.0,9249154.0
1180,M-1430,item:268967,0.0,5282200.0,64758.816398
1180,M-1810,item:268091,14400.0,9792000.0,14400.0
1180,SDC-1450,item:773474,0.0,67200000.0,9249154.0
1181,M-1430,item:268967,0.0,5282200.0,64758.816398
1181,M-1810,item:268091,14400.0,9806400.0,14400.0
1181,SDC-1450,item:773474,0.0,67200000.0,9249154.0
1182,M-1430,item:268967,0.0,5282200.0,64010.204154
1182,M-1810,item:268091,14400.0,9820800.0,14400.0
1182,SDC-1450,item:773474,0.0,67200000.0,9249154.0
1183,M-1430,item:268967,0.0,5282200.0,57678.857216
1183,M-1810,item:268091,0.0,9820800.0,5214.204063
1183,SDC-1450,item:773474,0.0,67200000.0,9249154.0
1184,M-1430,item:268967,0.0,5282200.0,46465.734769
1184,M-1810,item:268091,0.0,9820800.0,5214.204063
1184,SDC-1450,item:773474,0.0,67200000.0,9249154.0
1185,M-1430,item:268967,0.0,5282200.0,35905.918443
1185,M-1810,item:268091,0.0,9820800.0,5214.204063
1185,SDC-1450,item:773474,0.0,67200000.0,9249154.0
1186,M-1430,item:268967,0.0,5282200.0,30833.530688
1186,M-1810,item:268091,0.0,9820800.0,5214.204063
1186,SDC-1450,item:773474,0.0,67200000.0,9249154.0
1187,M-1430,item:268967,0.0,5282200.0,19987.795996
1187,M-1810,item:268091,0.0,9820800.0,5214.204063
1187,SDC-1450,item:773474,0.0,67200000.0,9249154.0
1188,M-1430,item:268967,0.0,5282200.0,18953.265384
1188,M-1810,item:268091,0.0,9820800.0,4326.142836
1188,SDC-1450,item:773474,0.0,67200000.0,9249154.0
1189,M-1430,item:268967,0.0,5282200.0,18953.265384
1189,M-1810,item:268091,0.0,9820800.0,27.387734
1189,SDC-1450,item:773474,0.0,67200000.0,9249154.0
1190,M-1430,item:268967,0.0,5282200.0,18953.265384
1190,M-1810,item:268091,14400.0,9835200.0,14400.0
1190,SDC-1450,item:773474,0.0,67200000.0,9249154.0
1191,M-1430,item:268967,0.0,5282200.0,15383.612322
1191,M-1810,item:268091,14400.0,9849600.0,14400.0
1191,SDC-1450,item:773474,0.0,67200000.0,9249154.0
1192,M-1430,item:268967,0.0,5282200.0,5303.08171
1192,M-1810,item:268091,14400.0,9864000.0,14400.0
1192,SDC-1450,item:773474,0.0,67200000.0,9249154.0
1193,M-1430,item:268967,107800.0,5390000.0,107800.0
1193,M-1810,item:268091,14400.0,9878400.0,14400.0
1193,SDC-1450,item:773474,0.0,67200000.0,9249154.0
1194,M-1430,item:268967,0.0,5390000.0,98068.775513
1194,M-1810,item:268091,14400.0,9892800.0,14400.0
1194,SDC-1450,item:773474,0.0,67200000.0,8208376.0
1195,M-1430,item:268967,0.0,5390000.0,86850.632737
1195,M-1810,item:268091,0.0,9892800.0,8710.999983
1195,SDC-1450,item:773474,0.0,67200000.0,8208376.0
1196,M-1430,item:268967,0.0,5390000.0,85363.714448
1196,M-1810,item:268091,14400.0,9907200.0,14400.0
1196,SDC-1450,item:773474,0.0,67200000.0,8208376.0
1197,M-1430,item:268967,0.0,5390000.0,85363.714448
1197,M-1810,item:268091,14400.0,9921600.0,14400.0
1197,SDC-1450,item:773474,0.0,67200000.0,8208376.0
1198,M-1430,item:268967,0.0,5390000.0,85363.714448
1198,M-1810,item:268091,14400.0,9936000.0,14400.0
1198,SDC-1450,item:773474,0.0,67200000.0,8208376.0
1199,M-1430,item:268967,0.0,5390000.0,85363.714448
1199,M-1810,item:268091,14400.0,9950400.0,14400.0
1199,SDC-1450,item:773474,0.0,67200000.0,8208376.0
1200,M-1430,item:268967,0.0,5390000.0,85363.714448
1200,M-1810,item:268091,14400.0,9964800.0,14400.0
1200,SDC-1450,item:773474,0.0,67200000.0,8208376.0
1201,M-1430,item:268967,0.0,5390000.0,85363.714448
1201,M-1810,item:268091,14400.0,9979200.0,14400.0
1201,SDC-1450,item:773474,0.0,67200000.0,8208376.0
1202,M-1430,item:268967,0.0,5390000.0,85363.714448
1202,M-1810,item:268091,14400.0,9993600.0,14400.0
1202,SDC-1450,item:773474,0.0,67200000.0,8208376.0
1203,M-1430,item:268967,0.0,5390000.0,85363.714448
1203,M-1810,item:268091,14400.0,10008000.0,14400.0
1203,SDC-1450,item:773474,0.0,67200000.0,8208376.0
1204,M-1430,item:268967,0.0,5390000.0,85363.714448
1204,M-1810,item:268091,14400.0,10022400.0,14400.0
1204,SDC-1450,item:773474,0.0,67200000.0,8208376.0
1205,M-1430,item:268967,0.0,5390000.0,85363.714448
1205,M-1810,item:268091,14400.0,10036800.0,14400.0
1205,SDC-1450,item:773474,0.0,67200000.0,8208376.0
1206,M-1430,item:268967,0.0,5390000.0,85363.714448
1206,M-1810,item:268091,0.0,10036800.0,14400.0
1206,SDC-1450,item:773474,0.0,67200000.0,8208376.0
1207,M-1430,item:268967,0.0,5390000.0,85363.714448
1207,M-1810,item:268091,0.0,10036800.0,14400.0
1207,SDC-1450,item:773474,0.0,67200000.0,8208376.0
1208,M-1430,item:268967,0.0,5390000.0,85363.714448
1208,M-1810,item:268091,0.0,10036800.0,14400.0
1208,SDC-1450,item:773474,0.0,67200000.0,8208376.0
1209,M-1430,item:268967,0.0,5390000.0,85363.714448
1209,M-1810,item:268091,0.0,10036800.0,14400.0
1209,SDC-1450,item:773474,0.0,67200000.0,8208376.0
1210,M-1430,item:268967,0.0,5390000.0,85363.714448
1210,M-1810,item:268091,0.0,10036800.0,14400.0
1210,SDC-1450,item:773474,0.0,67200000.0,8208376.0
1211,M-1430,item:268967,0.0,5390000.0,85363.714448
1211,M-1810,item:268091,0.0,10036800.0,14400.0
1211,SDC-1450,item:773474,0.0,67200000.0,8208376.0
1212,M-1430,item:268967,0.0,5390000.0,85363.714448
1212,M-1810,item:268091,0.0,10036800.0,14400.0
1212,SDC-1450,item:773474,0.0,67200000.0,8208376.0
1213,M-1430,item:268967,0.0,5390000.0,85363.714448
1213,M-1810,item:268091,0.0,10036800.0,14400.0
1213,SDC-1450,item:773474,0.0,67200000.0,8208376.0
1214,M-1430,item:268967,0.0,5390000.0,85363.714448
1214,M-1810,item:268091,0.0,10036800.0,14400.0
1214,SDC-1450,item:773474,0.0,67200000.0,8208376.0
1215,M-1430,item:268967,0.0,5390000.0,85363.714448
1215,M-1810,item:268091,0.0,10036800.0,14400.0
1215,SDC-1450,item:773474,0.0,67200000.0,8208376.0
1216,M-1430,item:268967,0.0,5390000.0,85363.714448
1216,M-1810,item:268091,0.0,10036800.0,14400.0
1216,SDC-1450,item:773474,0.0,67200000.0,8208376.0
1217,M-1430,item:268967,0.0,5390000.0,85363.714448
1217,M-1810,item:268091,0.0,10036800.0,14400.0
1217,SDC-1450,item:773474,0.0,67200000.0,8208376.0
1218,M-1430,item:268967,0.0,5390000.0,85363.714448
1218,M-1810,item:268091,0.0,10036800.0,14400.0
1218,SDC-1450,item:773474,0.0,67200000.0,8208376.0
1219,M-1430,item:268967,0.0,5390000.0,85363.714448
1219,M-1810,item:268091,0.0,10036800.0,8500.102022
1219,SDC-1450,item:773474,0.0,67200000.0,8208376.0
1220,M-1430,item:268967,0.0,5390000.0,85363.714448
1220,M-1810,item:268091,14400.0,10051200.0,14400.0
1220,SDC-1450,item:773474,0.0,67200000.0,8208376.0
1221,M-1430,item:268967,0.0,5390000.0,85363.714448
1221,M-1810,item:268091,14400.0,10065600.0,14400.0
1221,SDC-1450,item:773474,0.0,67200000.0,8208376.0
1222,M-1430,item:268967,0.0,5390000.0,85363.714448
1222,M-1810,item:268091,14400.0,10080000.0,14400.0
1222,SDC-1450,item:773474,0.0,67200000.0,8208376.0
1223,M-1430,item:268967,0.0,5390000.0,85363.714448
1223,M-1810,item:268091,14400.0,10094400.0,14400.0
1223,SDC-1450,item:773474,0.0,67200000.0,8208376.0
1224,M-1430,item:268967,0.0,5390000.0,85363.714448
1224,M-1810,item:268091,14400.0,10108800.0,14400.0
1224,SDC-1450,item:773474,0.0,67200000.0,8208376.0
1225,M-1430,item:268967,0.0,5390000.0,85363.714448
1225,M-1810,item:268091,0.0,10108800.0,1084.87753
1225,SDC-1450,item:773474,0.0,67200000.0,8208376.0
1226,M-1430,item:268967,0.0,5390000.0,85363.714448
1226,M-1810,item:268091,14400.0,10123200.0,14400.0
1226,SDC-1450,item:773474,0.0,67200000.0,8208376.0
1227,M-1430,item:268967,0.0,5390000.0,85363.714448
1227,M-1810,item:268091,0.0,10123200.0,2312.285714
1227,SDC-1450,item:773474,0.0,67200000.0,8208376.0
1228,M-1430,item:268967,0.0,5390000.0,85363.714448
1228,M-1810,item:268091,14400.0,10137600.0,14400.0
1228,SDC-1450,item:773474,0.0,67200000.0,8208376.0
1229,M-1430,item:268967,0.0,5390000.0,85363.714448
1229,M-1810,item:268091,14400.0,10152000.0,14400.0
1229,SDC-1450,item:773474,0.0,67200000.0,8208376.0
1230,M-1430,item:268967,0.0,5390000.0,85363.714448
1230,M-1810,item:268091,14400.0,10166400.0,14400.0
1230,SDC-1450,item:773474,0.0,67200000.0,8208376.0
1231,M-1430,item:268967,0.0,5390000.0,85363.714448
1231,M-1810,item:268091,14400.0,10180800.0,14400.0
1231,SDC-1450,item:773474,0.0,67200000.0,8208376.0
1232,M-1430,item:268967,0.0,5390000.0,85363.714448
1232,M-1810,item:268091,14400.0,10195200.0,14400.0
1232,SDC-1450,item:773474,0.0,67200000.0,8208376.0
1233,M-1430,item:268967,0.0,5390000.0,85363.714448
1233,M-1810,item:268091,14400.0,10209600.0,14400.0
1233,SDC-1450,item:773474,0.0,67200000.0,8208376.0
1234,M-1430,item:268967,0.0,5390000.0,85363.714448
1234,M-1810,item:268091,14400.0,10224000.0,14400.0
1234,SDC-1450,item:773474,0.0,67200000.0,8208376.0
1235,M-1430,item:268967,0.0,5390000.0,85363.714448
1235,M-1810,item:268091,0.0,10224000.0,2607.020386
1235,SDC-1450,item:773474,0.0,67200000.0,8208376.0
1236,M-1430,item:268967,0.0,5390000.0,85363.714448
1236,M-1810,item:268091,14400.0,10238400.0,14400.0
1236,SDC-1450,item:773474,0.0,67200000.0,8208376.0
1237,M-1430,item:268967,0.0,5390000.0,85363.714448
1237,M-1810,item:268091,14400.0,10252800.0,14400.0
1237,SDC-1450,item:773474,0.0,67200000.0,8208376.0
1238,M-1430,item:268967,0.0,5390000.0,85363.714448
1238,M-1810,item:268091,14400.0,10267200.0,14400.0
1238,SDC-1450,item:773474,0.0,67200000.0,8208376.0
1239,M-1430,item:268967,0.0,5390000.0,85363.714448
1239,M-1810,item:268091,14400.0,10281600.0,14400.0
1239,SDC-1450,item:773474,0.0,67200000.0,8208376.0
1240,M-1430,item:268967,0.0,5390000.0,85363.714448
1240,M-1810,item:268091,14400.0,10296000.0,14400.0
1240,SDC-1450,item:773474,0.0,67200000.0,8208376.0
1241,M-1430,item:268967,0.0,5390000.0,85363.714448
1241,M-1810,item:268091,14400.0,10310400.0,14400.0
1241,SDC-1450,item:773474,0.0,67200000.0,8208376.0
1242,M-1430,item:268967,0.0,5390000.0,85363.714448
1242,M-1810,item:268091,14400.0,10324800.0,14400.0
1242,SDC-1450,item:773474,0.0,67200000.0,8208376.0
1243,M-1430,item:268967,0.0,5390000.0,85363.714448
1243,M-1810,item:268091,0.0,10324800.0,12893.571407
1243,SDC-1450,item:773474,0.0,67200000.0,8208376.0
1244,M-1430,item:268967,0.0,5390000.0,85363.714448
1244,M-1810,item:268091,14400.0,10339200.0,14400.0
1244,SDC-1450,item:773474,0.0,67200000.0,8208376.0
1245,M-1430,item:268967,0.0,5390000.0,85363.714448
1245,M-1810,item:268091,14400.0,10353600.0,14400.0
1245,SDC-1450,item:773474,0.0,67200000.0,8208376.0
1246,M-1430,item:268967,0.0,5390000.0,85363.714448
1246,M-1810,item:268091,14400.0,10368000.0,14400.0
1246,SDC-1450,item:773474,0.0,67200000.0,8208376.0
1247,M-1430,item:268967,0.0,5390000.0,85363.714448
1247,M-1810,item:268091,0.0,10368000.0,14400.0
1247,SDC-1450,item:773474,0.0,67200000.0,8208376.0
1248,M-1430,item:268967,0.0,5390000.0,85363.714448
1248,M-1810,item:268091,0.0,10368000.0,14400.0
1248,SDC-1450,item:773474,0.0,67200000.0,8208376.0
1249,M-1430,item:268967,0.0,5390000.0,85363.714448
1249,M-1810,item:268091,0.0,10368000.0,10557.081617
1249,SDC-1450,item:773474,0.0,67200000.0,8208376.0
1250,M-1430,item:268967,0.0,5390000.0,85363.714448
1250,M-1810,item:268091,0.0,10368000.0,945.653031
1250,SDC-1450,item:773474,0.0,67200000.0,8208376.0
1251,M-1430,item:268967,0.0,5390000.0,85363.714448
1251,M-1810,item:268091,14400.0,10382400.0,14400.0
1251,SDC-1450,item:773474,0.0,67200000.0,8208376.0
1252,M-1430,item:268967,0.0,5390000.0,82075.693959
1252,M-1810,item:268091,14400.0,10396800.0,14400.0
1252,SDC-1450,item:773474,0.0,67200000.0,8208376.0
1253,M-1430,item:268967,0.0,5390000.0,54318.061226
1253,M-1810,item:268091,0.0,10396800.0,5324.244883
1253,SDC-1450,item:773474,0.0,67200000.0,8208376.0
1254,M-1430,item:268967,0.0,5390000.0,4987.102042
1254,M-1810,item:268091,0.0,10396800.0,4329.163233
1254,SDC-1450,item:773474,0.0,67200000.0,8208376.0
1255,M-1430,item:268967,107800.0,5497800.0,107800.0
1255,M-1810,item:268091,0.0,10396800.0,2835.734659
1255,SDC-1450,item:773474,0.0,67200000.0,8208376.0
1256,M-1430,item:268967,0.0,5497800.0,84659.734775
1256,M-1810,item:268091,14400.0,10411200.0,14400.0
1256,SDC-1450,item:773474,0.0,67200000.0,7167597.0
1257,M-1430,item:268967,0.0,5497800.0,35482.91853
1257,M-1810,item:268091,14400.0,10425600.0,14400.0
1257,SDC-1450,item:773474,0.0,67200000.0,7167597.0
1258,M-1430,item:268967,107800.0,5605600.0,107800.0
1258,M-1810,item:268091,14400.0,10440000.0,14400.0
1258,SDC-1450,item:773474,0.0,67200000.0,7167597.0
1259,M-1430,item:268967,0.0,5605600.0,82350.530614
1259,M-1810,item:268091,14400.0,10454400.0,14400.0
1259,SDC-1450,item:773474,3200000.0,70400000.0,9326818.0
1260,M-1430,item:268967,0.0,5605600.0,82350.530614
1260,M-1810,item:268091,14400.0,10468800.0,14400.0
1260,SDC-1450,item:773474,0.0,70400000.0,9326818.0
1261,M-1430,item:268967,0.0,5605600.0,82350.530614
1261,M-1810,item:268091,14400.0,10483200.0,14400.0
1261,SDC-1450,item:773474,0.0,70400000.0,9326818.0
1262,M-1430,item:268967,0.0,5605600.0,82350.530614
1262,M-1810,item:268091,14400.0,10497600.0,14400.0
1262,SDC-1450,item:773474,0.0,70400000.0,9326818.0
1263,M-1430,item:268967,0.0,5605600.0,23559.285798
1263,M-1810,item:268091,14400.0,10512000.0,14400.0
1263,SDC-1450,item:773474,0.0,70400000.0,9326818.0
1264,M-1430,item:268967,107800.0,5713400.0,107800.0
1264,M-1810,item:268091,14400.0,10526400.0,14400.0
1264,SDC-1450,item:773474,0.0,70400000.0,9326818.0
1265,M-1430,item:268967,107800.0,5821200.0,107800.0
1265,M-1810,item:268091,14400.0,10540800.0,14400.0
1265,SDC-1450,item:773474,0.0,70400000.0,8286040.0
1266,M-1430,item:268967,0.0,5821200.0,3203.000084
1266,M-1810,item:268091,14400.0,10555200.0,14400.0
1266,SDC-1450,item:773474,0.0,70400000.0,7245261.0
1267,M-1430,item:268967,107800.0,5929000.0,107800.0
1267,M-1810,item:268091,14400.0,10569600.0,14400.0
1267,SDC-1450,item:773474,0.0,70400000.0,7245261.0
1268,M-1430,item:268967,0.0,5929000.0,107800.0
1268,M-1810,item:268091,14400.0,10584000.0,14400.0
1268,SDC-1450,item:773474,3200000.0,73600000.0,9404483.0
1269,M-1430,item:268967,0.0,5929000.0,107800.0
1269,M-1810,item:268091,14400.0,10598400.0,14400.0
1269,SDC-1450,item:773474,0.0,73600000.0,9404483.0
1270,M-1430,item:268967,0.0,5929000.0,107800.0
1270,M-1810,item:268091,14400.0,10612800.0,14400.0
1270,SDC-1450,item:773474,0.0,73600000.0,9404483.0
1271,M-1430,item:268967,0.0,5929000.0,107800.0
1271,M-1810,item:268091,14400.0,10627200.0,14400.0
1271,SDC-1450,item:773474,0.0,73600000.0,9404483.0
1272,M-1430,item:268967,0.0,5929000.0,107800.0
1272,M-1810,item:268091,14400.0,10641600.0,14400.0
1272,SDC-1450,item:773474,0.0,73600000.0,9404483.0
1273,M-1430,item:268967,0.0,5929000.0,107800.0
1273,M-1810,item:268091,14400.0,10656000.0,14400.0
1273,SDC-1450,item:773474,0.0,73600000.0,9404483.0
1274,M-1430,item:268967,0.0,5929000.0,107800.0
1274,M-1810,item:268091,14400.0,10670400.0,14400.0
1274,SDC-1450,item:773474,0.0,73600000.0,9404483.0
1275,M-1430,item:268967,0.0,5929000.0,107800.0
1275,M-1810,item:268091,0.0,10670400.0,14400.0
1275,SDC-1450,item:773474,0.0,73600000.0,9404483.0
1276,M-1430,item:268967,0.0,5929000.0,107800.0
1276,M-1810,item:268091,0.0,10670400.0,14400.0
1276,SDC-1450,item:773474,0.0,73600000.0,9404483.0
1277,M-1430,item:268967,0.0,5929000.0,107800.0
1277,M-1810,item:268091,0.0,10670400.0,14400.0
1277,SDC-1450,item:773474,0.0,73600000.0,9404483.0
1278,M-1430,item:268967,0.0,5929000.0,107800.0
1278,M-1810,item:268091,0.0,10670400.0,14400.0
1278,SDC-1450,item:773474,0.0,73600000.0,9404483.0
1279,M-1430,item:268967,0.0,5929000.0,107800.0
1279,M-1810,item:268091,0.0,10670400.0,13372.714264
1279,SDC-1450,item:773474,0.0,73600000.0,9404483.0
1280,M-1430,item:268967,0.0,5929000.0,107800.0
1280,M-1810,item:268091,0.0,10670400.0,4903.550977
1280,SDC-1450,item:773474,0.0,73600000.0,9404483.0
1281,M-1430,item:268967,0.0,5929000.0,107800.0
1281,M-1810,item:268091,14400.0,10684800.0,14400.0
1281,SDC-1450,item:773474,0.0,73600000.0,9404483.0
1282,M-1430,item:268967,0.0,5929000.0,107800.0
1282,M-1810,item:268091,14400.0,10699200.0,14400.0
1282,SDC-1450,item:773474,0.0,73600000.0,9404483.0
1283,M-1430,item:268967,0.0,5929000.0,107800.0
1283,M-1810,item:268091,14400.0,10713600.0,14400.0
1283,SDC-1450,item:773474,0.0,73600000.0,9404483.0
1284,M-1430,item:268967,0.0,5929000.0,107800.0
1284,M-1810,item:268091,14400.0,10728000.0,14400.0
1284,SDC-1450,item:773474,0.0,73600000.0,9404483.0
1285,M-1430,item:268967,0.0,5929000.0,107800.0
1285,M-1810,item:268091,14400.0,10742400.0,14400.0
1285,SDC-1450,item:773474,0.0,73600000.0,9404483.0
1286,M-1430,item:268967,0.0,5929000.0,107800.0
1286,M-1810,item:268091,14400.0,10756800.0,14400.0
1286,SDC-1450,item:773474,0.0,73600000.0,9404483.0
1287,M-1430,item:268967,0.0,5929000.0,107800.0
1287,M-1810,item:268091,0.0,10756800.0,1559.061202
1287,SDC-1450,item:773474,0.0,73600000.0,9404483.0
1288,M-1430,item:268967,0.0,5929000.0,107800.0
1288,M-1810,item:268091,0.0,10756800.0,196.816283
1288,SDC-1450,item:773474,0.0,73600000.0,9404483.0
1289,M-1430,item:268967,0.0,5929000.0,107800.0
1289,M-1810,item:268091,0.0,10756800.0,196.816283
1289,SDC-1450,item:773474,0.0,73600000.0,9404483.0
1290,M-1430,item:268967,0.0,5929000.0,107800.0
1290,M-1810,item:268091,14400.0,10771200.0,14400.0
1290,SDC-1450,item:773474,0.0,73600000.0,9404483.0
1291,M-1430,item:268967,0.0,5929000.0,107800.0
1291,M-1810,item:268091,14400.0,10785600.0,14400.0
1291,SDC-1450,item:773474,0.0,73600000.0,9404483.0
1292,M-1430,item:268967,0.0,5929000.0,107800.0
1292,M-1810,item:268091,14400.0,10800000.0,14400.0
1292,SDC-1450,item:773474,0.0,73600000.0,9404483.0
1293,M-1430,item:268967,0.0,5929000.0,107800.0
1293,M-1810,item:268091,14400.0,10814400.0,14400.0
1293,SDC-1450,item:773474,0.0,73600000.0,9404483.0
1294,M-1430,item:268967,0.0,5929000.0,107800.0
1294,M-1810,item:268091,14400.0,10828800.0,14400.0
1294,SDC-1450,item:773474,0.0,73600000.0,9404483.0
1295,M-1430,item:268967,0.0,5929000.0,107800.0
1295,M-1810,item:268091,14400.0,10843200.0,14400.0
1295,SDC-1450,item:773474,0.0,73600000.0,9404483.0
1296,M-1430,item:268967,0.0,5929000.0,107800.0
1296,M-1810,item:268091,0.0,10843200.0,1987.999984
1296,SDC-1450,item:773474,0.0,73600000.0,9404483.0
1297,M-1430,item:268967,0.0,5929000.0,107800.0
1297,M-1810,item:268091,0.0,10843200.0,134.142843
1297,SDC-1450,item:773474,0.0,73600000.0,9404483.0
1298,M-1430,item:268967,0.0,5929000.0,107800.0
1298,M-1810,item:268091,14400.0,10857600.0,14400.0
1298,SDC-1450,item:773474,0.0,73600000.0,9404483.0
1299,M-1430,item:268967,0.0,5929000.0,107800.0
1299,M-1810,item:268091,14400.0,10872000.0,14400.0
1299,SDC-1450,item:773474,0.0,73600000.0,9404483.0
1300,M-1430,item:268967,0.0,5929000.0,107800.0
1300,M-1810,item:268091,14400.0,10886400.0,14400.0
1300,SDC-1450,item:773474,0.0,73600000.0,9404483.0
1301,M-1430,item:268967,0.0,5929000.0,107800.0
1301,M-1810,item:268091,14400.0,10900800.0,14400.0
1301,SDC-1450,item:773474,0.0,73600000.0,9404483.0
1302,M-1430,item:268967,0.0,5929000.0,107800.0
1302,M-1810,item:268091,14400.0,10915200.0,14400.0
1302,SDC-1450,item:773474,0.0,73600000.0,9404483.0
1303,M-1430,item:268967,0.0,5929000.0,107800.0
1303,M-1810,item:268091,14400.0,10929600.0,14400.0
1303,SDC-1450,item:773474,0.0,73600000.0,9404483.0
1304,M-1430,item:268967,0.0,5929000.0,107800.0
1304,M-1810,item:268091,14400.0,10944000.0,14400.0
1304,SDC-1450,item:773474,0.0,73600000.0,9404483.0
1305,M-1430,item:268967,0.0,5929000.0,107800.0
1305,M-1810,item:268091,0.0,10944000.0,7030.673455
1305,SDC-1450,item:773474,0.0,73600000.0,9404483.0
1306,M-1430,item:268967,0.0,5929000.0,107800.0
1306,M-1810,item:268091,0.0,10944000.0,7030.673455
1306,SDC-1450,item:773474,0.0,73600000.0,9404483.0
1307,M-1430,item:268967,0.0,5929000.0,107800.0
1307,M-1810,item:268091,0.0,10944000.0,7030.673455
1307,SDC-1450,item:773474,0.0,73600000.0,9404483.0
1308,M-1430,item:268967,0.0,5929000.0,107800.0
1308,M-1810,item:268091,0.0,10944000.0,7030.673455
1308,SDC-1450,item:773474,0.0,73600000.0,9404483.0
1309,M-1430,item:268967,0.0,5929000.0,107800.0
1309,M-1810,item:268091,0.0,10944000.0,7030.673455
1309,SDC-1450,item:773474,0.0,73600000.0,9404483.0
1310,M-1430,item:268967,0.0,5929000.0,107800.0
1310,M-1810,item:268091,0.0,10944000.0,7030.673455
1310,SDC-1450,item:773474,0.0,73600000.0,9404483.0
1311,M-1430,item:268967,0.0,5929000.0,107800.0
1311,M-1810,item:268091,0.0,10944000.0,7030.673455
1311,SDC-1450,item:773474,0.0,73600000.0,9404483.0
1312,M-1430,item:268967,0.0,5929000.0,107800.0
1312,M-1810,item:268091,0.0,10944000.0,7030.673455
1312,SDC-1450,item:773474,0.0,73600000.0,9404483.0
1313,M-1430,item:268967,0.0,5929000.0,107800.0
1313,M-1810,item:268091,0.0,10944000.0,7030.673455
1313,SDC-1450,item:773474,0.0,73600000.0,9404483.0
1314,M-1430,item:268967,0.0,5929000.0,107800.0
1314,M-1810,item:268091,0.0,10944000.0,7030.673455
1314,SDC-1450,item:773474,0.0,73600000.0,9404483.0
1315,M-1430,item:268967,0.0,5929000.0,107800.0
1315,M-1810,item:268091,0.0,10944000.0,7030.673455
1315,SDC-1450,item:773474,0.0,73600000.0,9404483.0
1316,M-1430,item:268967,0.0,5929000.0,107800.0
1316,M-1810,item:268091,0.0,10944000.0,7030.673455
1316,SDC-1450,item:773474,0.0,73600000.0,9404483.0
1317,M-1430,item:268967,0.0,5929000.0,107800.0
1317,M-1810,item:268091,0.0,10944000.0,7030.673455
1317,SDC-1450,item:773474,0.0,73600000.0,9404483.0
1318,M-1430,item:268967,0.0,5929000.0,107800.0
1318,M-1810,item:268091,0.0,10944000.0,7030.673455
1318,SDC-1450,item:773474,0.0,73600000.0,9404483.0
1319,M-1430,item:268967,0.0,5929000.0,107800.0
1319,M-1810,item:268091,0.0,10944000.0,7030.673455
1319,SDC-1450,item:773474,0.0,73600000.0,9404483.0
1320,M-1430,item:268967,0.0,5929000.0,107800.0
1320,M-1810,item:268091,0.0,10944000.0,6171.714265
1320,SDC-1450,item:773474,0.0,73600000.0,9404483.0
1321,M-1430,item:268967,0.0,5929000.0,107800.0
1321,M-1810,item:268091,14400.0,10958400.0,14400.0
1321,SDC-1450,item:773474,0.0,73600000.0,9404483.0
1322,M-1430,item:268967,0.0,5929000.0,107800.0
1322,M-1810,item:268091,0.0,10958400.0,1945.428544
1322,SDC-1450,item:773474,0.0,73600000.0,9404483.0
1323,M-1430,item:268967,0.0,5929000.0,107800.0
1323,M-1810,item:268091,14400.0,10972800.0,14400.0
1323,SDC-1450,item:773474,0.0,73600000.0,9404483.0
1324,M-1430,item:268967,0.0,5929000.0,107800.0
1324,M-1810,item:268091,14400.0,10987200.0,14400.0
1324,SDC-1450,item:773474,0.0,73600000.0,9404483.0
1325,M-1430,item:268967,0.0,5929000.0,107800.0
1325,M-1810,item:268091,14400.0,11001600.0,14400.0
1325,SDC-1450,item:773474,0.0,73600000.0,9404483.0
1326,M-1430,item:268967,0.0,5929000.0,107800.0
1326,M-1810,item:268091,14400.0,11016000.0,14400.0
1326,SDC-1450,item:773474,0.0,73600000.0,9404483.0
1327,M-1430,item:268967,0.0,5929000.0,107800.0
1327,M-1810,item:268091,14400.0,11030400.0,14400.0
1327,SDC-1450,item:773474,0.0,73600000.0,9404483.0
1328,M-1430,item:268967,0.0,5929000.0,107800.0
1328,M-1810,item:268091,14400.0,11044800.0,14400.0
1328,SDC-1450,item:773474,0.0,73600000.0,9404483.0
1329,M-1430,item:268967,0.0,5929000.0,107800.0
1329,M-1810,item:268091,14400.0,11059200.0,14400.0
1329,SDC-1450,item:773474,0.0,73600000.0,9404483.0
1330,M-1430,item:268967,0.0,5929000.0,107800.0
1330,M-1810,item:268091,14400.0,11073600.0,14400.0
1330,SDC-1450,item:773474,0.0,73600000.0,9404483.0
1331,M-1430,item:268967,0.0,5929000.0,107800.0
1331,M-1810,item:268091,0.0,11073600.0,1519.959163
1331,SDC-1450,item:773474,0.0,73600000.0,9404483.0
1332,M-1430,item:268967,0.0,5929000.0,107800.0
1332,M-1810,item:268091,14400.0,11088000.0,14400.0
1332,SDC-1450,item:773474,0.0,73600000.0,9404483.0
1333,M-1430,item:268967,0.0,5929000.0,96674.387843
1333,M-1810,item:268091,0.0,11088000.0,2081.795918
1333,SDC-1450,item:773474,0.0,73600000.0,9404483.0
1334,M-1430,item:268967,0.0,5929000.0,60135.387929
1334,M-1810,item:268091,14400.0,11102400.0,14400.0
1334,SDC-1450,item:773474,0.0,73600000.0,9404483.0
1335,M-1430,item:268967,0.0,5929000.0,8207.714456
1335,M-1810,item:268091,14400.0,11116800.0,14400.0
1335,SDC-1450,item:773474,0.0,73600000.0,9404483.0
1336,M-1430,item:268967,107800.0,6036800.0,107800.0
1336,M-1810,item:268091,14400.0,11131200.0,14400.0
1336,SDC-1450,item:773474,0.0,73600000.0,9404483.0
1337,M-1430,item:268967,0.0,6036800.0,107800.0
1337,M-1810,item:268091,14400.0,11145600.0,14400.0
1337,SDC-1450,item:773474,0.0,73600000.0,8363704.0
1338,M-1430,item:268967,0.0,6036800.0,107800.0
1338,M-1810,item:268091,14400.0,11160000.0,14400.0
1338,SDC-1450,item:773474,0.0,73600000.0,8363704.0
1339,M-1430,item:268967,0.0,6036800.0,107800.0
1339,M-1810,item:268091,14400.0,11174400.0,14400.0
1339,SDC-1450,item:773474,0.0,73600000.0,8363704.0
1340,M-1430,item:268967,0.0,6036800.0,107800.0
1340,M-1810,item:268091,14400.0,11188800.0,14400.0
1340,SDC-1450,item:773474,0.0,73600000.0,8363704.0
1341,M-1430,item:268967,0.0,6036800.0,107800.0
1341,M-1810,item:268091,0.0,11188800.0,6236.285693
1341,SDC-1450,item:773474,0.0,73600000.0,8363704.0
1342,M-1430,item:268967,0.0,6036800.0,107800.0
1342,M-1810,item:268091,0.0,11188800.0,6236.285693
1342,SDC-1450,item:773474,0.0,73600000.0,8363704.0
1343,M-1430,item:268967,0.0,6036800.0,107800.0
1343,M-1810,item:268091,0.0,11188800.0,6023.693857
1343,SDC-1450,item:773474,0.0,73600000.0,8363704.0
1344,M-1430,item:268967,0.0,6036800.0,107800.0
1344,M-1810,item:268091,14400.0,11203200.0,14400.0
1344,SDC-1450,item:773474,0.0,73600000.0,8363704.0
1345,M-1430,item:268967,0.0,6036800.0,107800.0
1345,M-1810,item:268091,14400.0,11217600.0,14400.0
1345,SDC-1450,item:773474,0.0,73600000.0,8363704.0
1346,M-1430,item:268967,0.0,6036800.0,107800.0
1346,M-1810,item:268091,14400.0,11232000.0,14400.0
1346,SDC-1450,item:773474,0.0,73600000.0,8363704.0
1347,M-1430,item:268967,0.0,6036800.0,107800.0
1347,M-1810,item:268091,14400.0,11246400.0,14400.0
1347,SDC-1450,item:773474,0.0,73600000.0,8363704.0
1348,M-1430,item:268967,0.0,6036800.0,107800.0
1348,M-1810,item:268091,0.0,11246400.0,14400.0
1348,SDC-1450,item:773474,0.0,73600000.0,8363704.0
1349,M-1430,item:268967,0.0,6036800.0,107800.0
1349,M-1810,item:268091,0.0,11246400.0,6029.428554
1349,SDC-1450,item:773474,0.0,73600000.0,8363704.0
1350,M-1430,item:268967,0.0,6036800.0,107800.0
1350,M-1810,item:268091,14400.0,11260800.0,14400.0
1350,SDC-1450,item:773474,0.0,73600000.0,8363704.0
1351,M-1430,item:268967,0.0,6036800.0,107800.0
1351,M-1810,item:268091,14400.0,11275200.0,14400.0
1351,SDC-1450,item:773474,0.0,73600000.0,8363704.0
1352,M-1430,item:268967,0.0,6036800.0,107800.0
1352,M-1810,item:268091,14400.0,11289600.0,14400.0
1352,SDC-1450,item:773474,0.0,73600000.0,8363704.0
1353,M-1430,item:268967,0.0,6036800.0,107800.0
1353,M-1810,item:268091,14400.0,11304000.0,14400.0
1353,SDC-1450,item:773474,0.0,73600000.0,8363704.0
1354,M-1430,item:268967,0.0,6036800.0,107800.0
1354,M-1810,item:268091,14400.0,11318400.0,14400.0
1354,SDC-1450,item:773474,0.0,73600000.0,8363704.0
1355,M-1430,item:268967,0.0,6036800.0,107800.0
1355,M-1810,item:268091,14400.0,11332800.0,14400.0
1355,SDC-1450,item:773474,0.0,73600000.0,8363704.0
1356,M-1430,item:268967,0.0,6036800.0,107800.0
1356,M-1810,item:268091,14400.0,11347200.0,14400.0
1356,SDC-1450,item:773474,0.0,73600000.0,8363704.0
1357,M-1430,item:268967,0.0,6036800.0,107800.0
1357,M-1810,item:268091,14400.0,11361600.0,14400.0
1357,SDC-1450,item:773474,0.0,73600000.0,8363704.0
1358,M-1430,item:268967,0.0,6036800.0,107800.0
1358,M-1810,item:268091,14400.0,11376000.0,14400.0
1358,SDC-1450,item:773474,0.0,73600000.0,8363704.0
1359,M-1430,item:268967,0.0,6036800.0,107800.0
1359,M-1810,item:268091,14400.0,11390400.0,14400.0
1359,SDC-1450,item:773474,0.0,73600000.0,8363704.0
1360,M-1430,item:268967,0.0,6036800.0,107800.0
1360,M-1810,item:268091,14400.0,11404800.0,14400.0
1360,SDC-1450,item:773474,0.0,73600000.0,8363704.0
1361,M-1430,item:268967,0.0,6036800.0,107800.0
1361,M-1810,item:268091,14400.0,11419200.0,14400.0
1361,SDC-1450,item:773474,0.0,73600000.0,8363704.0
1362,M-1430,item:268967,0.0,6036800.0,107800.0
1362,M-1810,item:268091,14400.0,11433600.0,14400.0
1362,SDC-1450,item:773474,0.0,73600000.0,8363704.0
1363,M-1430,item:268967,0.0,6036800.0,107800.0
1363,M-1810,item:268091,14400.0,11448000.0,14400.0
1363,SDC-1450,item:773474,0.0,73600000.0,8363704.0
1364,M-1430,item:268967,0.0,6036800.0,107800.0
1364,M-1810,item:268091,14400.0,11462400.0,14400.0
1364,SDC-1450,item:773474,0.0,73600000.0,8363704.0
1365,M-1430,item:268967,0.0,6036800.0,107800.0
1365,M-1810,item:268091,0.0,11462400.0,3914.959166
1365,SDC-1450,item:773474,0.0,73600000.0,8363704.0
1366,M-1430,item:268967,0.0,6036800.0,107800.0
1366,M-1810,item:268091,0.0,11462400.0,3914.959166
1366,SDC-1450,item:773474,0.0,73600000.0,8363704.0
1367,M-1430,item:268967,0.0,6036800.0,107800.0
1367,M-1810,item:268091,0.0,11462400.0,3914.959166
1367,SDC-1450,item:773474,0.0,73600000.0,8363704.0
1368,M-1430,item:268967,0.0,6036800.0,107800.0
1368,M-1810,item:268091,0.0,11462400.0,3914.959166
1368,SDC-1450,item:773474,0.0,73600000.0,8363704.0
1369,M-1430,item:268967,0.0,6036800.0,107800.0
1369,M-1810,item:268091,0.0,11462400.0,3914.959166
1369,SDC-1450,item:773474,0.0,73600000.0,8363704.0
1370,M-1430,item:268967,0.0,6036800.0,107800.0
1370,M-1810,item:268091,0.0,11462400.0,3914.959166
1370,SDC-1450,item:773474,0.0,73600000.0,8363704.0
1371,M-1430,item:268967,0.0,6036800.0,107800.0
1371,M-1810,item:268091,0.0,11462400.0,3914.959166
1371,SDC-1450,item:773474,0.0,73600000.0,8363704.0
1372,M-1430,item:268967,0.0,6036800.0,107800.0
1372,M-1810,item:268091,14400.0,11476800.0,14400.0
1372,SDC-1450,item:773474,0.0,73600000.0,8363704.0
1373,M-1430,item:268967,0.0,6036800.0,107800.0
1373,M-1810,item:268091,14400.0,11491200.0,14400.0
1373,SDC-1450,item:773474,0.0,73600000.0,8363704.0
1374,M-1430,item:268967,0.0,6036800.0,107800.0
1374,M-1810,item:268091,14400.0,11505600.0,14400.0
1374,SDC-1450,item:773474,0.0,73600000.0,8363704.0
1375,M-1430,item:268967,0.0,6036800.0,103346.387847
1375,M-1810,item:268091,14400.0,11520000.0,14400.0
1375,SDC-1450,item:773474,0.0,73600000.0,8363704.0
1376,M-1430,item:268967,0.0,6036800.0,92716.102224
1376,M-1810,item:268091,14400.0,11534400.0,14400.0
1376,SDC-1450,item:773474,0.0,73600000.0,8363704.0
1377,M-1430,item:268967,0.0,6036800.0,80095.571611
1377,M-1810,item:268091,14400.0,11548800.0,14400.0
1377,SDC-1450,item:773474,0.0,73600000.0,8363704.0
1378,M-1430,item:268967,0.0,6036800.0,71900.734785
1378,M-1810,item:268091,14400.0,11563200.0,14400.0
1378,SDC-1450,item:773474,0.0,73600000.0,8363704.0
1379,M-1430,item:268967,0.0,6036800.0,70039.67347
1379,M-1810,item:268091,0.0,11563200.0,838.836711
1379,SDC-1450,item:773474,0.0,73600000.0,8363704.0
1380,M-1430,item:268967,0.0,6036800.0,70004.530613
1380,M-1810,item:268091,14400.0,11577600.0,14400.0
1380,SDC-1450,item:773474,0.0,73600000.0,8363704.0
1381,M-1430,item:268967,0.0,6036800.0,65379.367439
1381,M-1810,item:268091,0.0,11577600.0,4851.714286
1381,SDC-1450,item:773474,0.0,73600000.0,8363704.0
1382,M-1430,item:268967,0.0,6036800.0,54256.102224
1382,M-1810,item:268091,14400.0,11592000.0,14400.0
1382,SDC-1450,item:773474,0.0,73600000.0,8363704.0
1383,M-1430,item:268967,0.0,6036800.0,36517.428844
1383,M-1810,item:268091,14400.0,11606400.0,14400.0
1383,SDC-1450,item:773474,0.0,73600000.0,8363704.0
1384,M-1430,item:268967,0.0,6036800.0,12081.184036
1384,M-1810,item:268091,14400.0,11620800.0,14400.0
1384,SDC-1450,item:773474,0.0,73600000.0,8363704.0
1385,M-1430,item:268967,0.0,6036800.0,12081.184036
1385,M-1810,item:268091,14400.0,11635200.0,14400.0
1385,SDC-1450,item:773474,0.0,73600000.0,8363704.0
1386,M-1430,item:268967,0.0,6036800.0,12081.184036
1386,M-1810,item:268091,14400.0,11649600.0,14400.0
1386,SDC-1450,item:773474,0.0,73600000.0,8363704.0
1387,M-1430,item:268967,0.0,6036800.0,12081.184036
1387,M-1810,item:268091,14400.0,11664000.0,14400.0
1387,SDC-1450,item:773474,0.0,73600000.0,8363704.0
1388,M-1430,item:268967,0.0,6036800.0,12081.184036
1388,M-1810,item:268091,14400.0,11678400.0,14400.0
1388,SDC-1450,item:773474,0.0,73600000.0,8363704.0
1389,M-1430,item:268967,0.0,6036800.0,12081.184036
1389,M-1810,item:268091,14400.0,11692800.0,14400.0
1389,SDC-1450,item:773474,0.0,73600000.0,8363704.0
1390,M-1430,item:268967,0.0,6036800.0,5736.000095
1390,M-1810,item:268091,14400.0,11707200.0,14400.0
1390,SDC-1450,item:773474,0.0,73600000.0,8363704.0
1391,M-1430,item:268967,107800.0,6144600.0,107800.0
1391,M-1810,item:268091,14400.0,11721600.0,14400.0
1391,SDC-1450,item:773474,0.0,73600000.0,8363704.0
1392,M-1430,item:268967,0.0,6144600.0,97379.571431
1392,M-1810,item:268091,0.0,11721600.0,10820.89794
1392,SDC-1450,item:773474,0.0,73600000.0,7322925.0
1393,M-1430,item:268967,0.0,6144600.0,86087.000006
1393,M-1810,item:268091,0.0,11721600.0,10820.89794
1393,SDC-1450,item:773474,0.0,73600000.0,7322925.0
1394,M-1430,item:268967,0.0,6144600.0,86087.000006
1394,M-1810,item:268091,0.0,11721600.0,10820.89794
1394,SDC-1450,item:773474,0.0,73600000.0,7322925.0
1395,M-1430,item:268967,0.0,6144600.0,86087.000006
1395,M-1810,item:268091,0.0,11721600.0,10820.89794
1395,SDC-1450,item:773474,0.0,73600000.0,7322925.0
1396,M-1430,item:268967,0.0,6144600.0,86087.000006
1396,M-1810,item:268091,0.0,11721600.0,10820.89794
1396,SDC-1450,item:773474,0.0,73600000.0,7322925.0
1397,M-1430,item:268967,0.0,6144600.0,81089.285814
1397,M-1810,item:268091,0.0,11721600.0,7856.99998
1397,SDC-1450,item:773474,0.0,73600000.0,7322925.0
1398,M-1430,item:268967,0.0,6144600.0,70689.143051
1398,M-1810,item:268091,14400.0,11736000.0,14400.0
1398,SDC-1450,item:773474,0.0,73600000.0,7322925.0
1399,M-1430,item:268967,0.0,6144600.0,60893.143052
1399,M-1810,item:268091,0.0,11736000.0,1802.102041
1399,SDC-1450,item:773474,0.0,73600000.0,7322925.0
1400,M-1430,item:268967,0.0,6144600.0,56550.285815
1400,M-1810,item:268091,14400.0,11750400.0,14400.0
1400,SDC-1450,item:773474,0.0,73600000.0,7322925.0
1401,M-1430,item:268967,0.0,6144600.0,56550.285815
1401,M-1810,item:268091,0.0,11750400.0,7092.795898
1401,SDC-1450,item:773474,0.0,73600000.0,7322925.0
1402,M-1430,item:268967,0.0,6144600.0,50976.857245
1402,M-1810,item:268091,14400.0,11764800.0,14400.0
1402,SDC-1450,item:773474,0.0,73600000.0,7322925.0
1403,M-1430,item:268967,0.0,6144600.0,31062.857246
1403,M-1810,item:268091,14400.0,11779200.0,14400.0
1403,SDC-1450,item:773474,0.0,73600000.0,7322925.0
1404,M-1430,item:268967,0.0,6144600.0,1828.285818
1404,M-1810,item:268091,14400.0,11793600.0,14400.0
1404,SDC-1450,item:773474,0.0,73600000.0,7322925.0
1405,M-1430,item:268967,107800.0,6252400.0,107800.0
1405,M-1810,item:268091,14400.0,11808000.0,14400.0
1405,SDC-1450,item:773474,0.0,73600000.0,7322925.0
1406,M-1430,item:268967,0.0,6252400.0,84860.285818
1406,M-1810,item:268091,14400.0,11822400.0,14400.0
1406,SDC-1450,item:773474,3200000.0,76800000.0,9482147.0
1407,M-1430,item:268967,0.0,6252400.0,84860.285818
1407,M-1810,item:268091,0.0,11822400.0,3532.408146
1407,SDC-1450,item:773474,0.0,76800000.0,9482147.0
1408,M-1430,item:268967,0.0,6252400.0,84860.285818
1408,M-1810,item:268091,14400.0,11836800.0,14400.0
1408,SDC-1450,item:773474,0.0,76800000.0,9482147.0
1409,M-1430,item:268967,0.0,6252400.0,84860.285818
1409,M-1810,item:268091,0.0,11836800.0,4900.285712
1409,SDC-1450,item:773474,0.0,76800000.0,9482147.0
1410,M-1430,item:268967,0.0,6252400.0,84860.285818
1410,M-1810,item:268091,14400.0,11851200.0,14400.0
1410,SDC-1450,item:773474,0.0,76800000.0,9482147.0
1411,M-1430,item:268967,0.0,6252400.0,84860.285818
1411,M-1810,item:268091,14400.0,11865600.0,14400.0
1411,SDC-1450,item:773474,0.0,76800000.0,9482147.0
1412,M-1430,item:268967,0.0,6252400.0,84860.285818
1412,M-1810,item:268091,14400.0,11880000.0,14400.0
1412,SDC-1450,item:773474,0.0,76800000.0,9482147.0
1413,M-1430,item:268967,0.0,6252400.0,84860.285818
1413,M-1810,item:268091,14400.0,11894400.0,14400.0
1413,SDC-1450,item:773474,0.0,76800000.0,9482147.0
1414,M-1430,item:268967,0.0,6252400.0,84860.285818
1414,M-1810,item:268091,14400.0,11908800.0,14400.0
1414,SDC-1450,item:773474,0.0,76800000.0,9482147.0
1415,M-1430,item:268967,0.0,6252400.0,84860.285818
1415,M-1810,item:268091,14400.0,11923200.0,14400.0
1415,SDC-1450,item:773474,0.0,76800000.0,9482147.0
1416,M-1430,item:268967,0.0,6252400.0,84860.285818
1416,M-1810,item:268091,14400.0,11937600.0,14400.0
1416,SDC-1450,item:773474,0.0,76800000.0,9482147.0
1417,M-1430,item:268967,0.0,6252400.0,83779.449081
1417,M-1810,item:268091,28800.0,11966400.0,28800.0
1417,SDC-1450,item:773474,0.0,76800000.0,9482147.0
1418,M-1430,item:268967,0.0,6252400.0,74750.020508
1418,M-1810,item:268091,28800.0,11995200.0,28800.0
1418,SDC-1450,item:773474,0.0,76800000.0,9482147.0
1419,M-1430,item:268967,0.0,6252400.0,58672.142958
1419,M-1810,item:268091,28800.0,12024000.0,28800.0
1419,SDC-1450,item:773474,0.0,76800000.0,9482147.0
1420,M-1430,item:268967,0.0,6252400.0,47014.632756
1420,M-1810,item:268091,28800.0,12052800.0,28800.0
1420,SDC-1450,item:773474,0.0,76800000.0,9482147.0
1421,M-1430,item:268967,0.0,6252400.0,46574.591941
1421,M-1810,item:268091,28800.0,12081600.0,28800.0
1421,SDC-1450,item:773474,0.0,76800000.0,9482147.0
1422,M-1430,item:268967,0.0,6252400.0,40540.367453
1422,M-1810,item:268091,28800.0,12110400.0,28800.0
1422,SDC-1450,item:773474,0.0,76800000.0,9482147.0
1423,M-1430,item:268967,0.0,6252400.0,36974.449085
1423,M-1810,item:268091,28800.0,12139200.0,28800.0
1423,SDC-1450,item:773474,0.0,76800000.0,9482147.0
1424,M-1430,item:268967,0.0,6252400.0,23527.938881
1424,M-1810,item:268091,28800.0,12168000.0,28800.0
1424,SDC-1450,item:773474,0.0,76800000.0,9482147.0
1425,M-1430,item:268967,0.0,6252400.0,3515.408271
1425,M-1810,item:268091,0.0,12168000.0,27358.285693
1425,SDC-1450,item:773474,0.0,76800000.0,9482147.0
1426,M-1430,item:268967,107800.0,6360200.0,107800.0
1426,M-1810,item:268091,0.0,12168000.0,27358.285693
1426,SDC-1450,item:773474,0.0,76800000.0,9482147.0
1427,M-1430,item:268967,0.0,6360200.0,107800.0
1427,M-1810,item:268091,0.0,12168000.0,27358.285693
1427,SDC-1450,item:773474,0.0,76800000.0,8441368.0
1428,M-1430,item:268967,0.0,6360200.0,107800.0
1428,M-1810,item:268091,0.0,12168000.0,27358.285693
1428,SDC-1450,item:773474,0.0,76800000.0,8441368.0
1429,M-1430,item:268967,0.0,6360200.0,107800.0
1429,M-1810,item:268091,0.0,12168000.0,27358.285693
1429,SDC-1450,item:773474,0.0,76800000.0,8441368.0
1430,M-1430,item:268967,0.0,6360200.0,107800.0
1430,M-1810,item:268091,0.0,12168000.0,27358.285693
1430,SDC-1450,item:773474,0.0,76800000.0,8441368.0
1431,M-1430,item:268967,0.0,6360200.0,107800.0
1431,M-1810,item:268091,0.0,12168000.0,27358.285693
1431,SDC-1450,item:773474,0.0,76800000.0,8441368.0
1432,M-1430,item:268967,0.0,6360200.0,107800.0
1432,M-1810,item:268091,0.0,12168000.0,27358.285693
1432,SDC-1450,item:773474,0.0,76800000.0,8441368.0
1433,M-1430,item:268967,0.0,6360200.0,107800.0
1433,M-1810,item:268091,0.0,12168000.0,27358.285693
1433,SDC-1450,item:773474,0.0,76800000.0,8441368.0
1434,M-1430,item:268967,0.0,6360200.0,106995.489898
1434,M-1810,item:268091,0.0,12168000.0,12177.632632
1434,SDC-1450,item:773474,0.0,76800000.0,8441368.0
1435,M-1430,item:268967,0.0,6360200.0,98765.959388
1435,M-1810,item:268091,14400.0,12182400.0,14400.0
1435,SDC-1450,item:773474,0.0,76800000.0,8441368.0
1436,M-1430,item:268967,0.0,6360200.0,83852.122654
1436,M-1810,item:268091,14400.0,12196800.0,14400.0
1436,SDC-1450,item:773474,0.0,76800000.0,8441368.0
1437,M-1430,item:268967,0.0,6360200.0,69615.204187
1437,M-1810,item:268091,14400.0,12211200.0,14400.0
1437,SDC-1450,item:773474,0.0,76800000.0,8441368.0
1438,M-1430,item:268967,0.0,6360200.0,62675.71429
1438,M-1810,item:268091,14400.0,12225600.0,14400.0
1438,SDC-1450,item:773474,0.0,76800000.0,8441368.0
1439,M-1430,item:268967,0.0,6360200.0,62292.93878
1439,M-1810,item:268091,14400.0,12240000.0,14400.0
1439,SDC-1450,item:773474,0.0,76800000.0,8441368.0
1440,M-1430,item:268967,0.0,6360200.0,61105.653168
1440,M-1810,item:268091,14400.0,12254400.0,14400.0
1440,SDC-1450,item:773474,0.0,76800000.0,8441368.0
1441,M-1430,item:268967,0.0,6360200.0,57550.55123
1441,M-1810,item:268091,14400.0,12268800.0,14400.0
1441,SDC-1450,item:773474,0.0,76800000.0,8441368.0
1442,M-1430,item:268967,0.0,6360200.0,52075.979802
1442,M-1810,item:268091,28800.0,12297600.0,28800.0
1442,SDC-1450,item:773474,0.0,76800000.0,8441368.0
1443,M-1430,item:268967,0.0,6360200.0,41957.163373
1443,M-1810,item:268091,28800.0,12326400.0,28800.0
1443,SDC-1450,item:773474,0.0,76800000.0,8441368.0
1444,M-1430,item:268967,0.0,6360200.0,26097.693884
1444,M-1810,item:268091,28800.0,12355200.0,28800.0
1444,SDC-1450,item:773474,0.0,76800000.0,8441368.0
1445,M-1430,item:268967,0.0,6360200.0,8785.653068
1445,M-1810,item:268091,28800.0,12384000.0,28800.0
1445,SDC-1450,item:773474,0.0,76800000.0,8441368.0
1446,M-1430,item:268967,107800.0,6468000.0,107800.0
1446,M-1810,item:268091,28800.0,12412800.0,28800.0
1446,SDC-1450,item:773474,0.0,76800000.0,8441368.0
1447,M-1430,item:268967,0.0,6468000.0,83588.734695
1447,M-1810,item:268091,28800.0,12441600.0,28800.0
1447,SDC-1450,item:773474,0.0,76800000.0,7400590.0
1448,M-1430,item:268967,0.0,6468000.0,59377.469391
1448,M-1810,item:268091,28800.0,12470400.0,28800.0
1448,SDC-1450,item:773474,0.0,76800000.0,7400590.0
1449,M-1430,item:268967,0.0,6468000.0,59377.469391
1449,M-1810,item:268091,28800.0,12499200.0,28800.0
1449,SDC-1450,item:773474,0.0,76800000.0,7400590.0
1450,M-1430,item:268967,0.0,6468000.0,59377.469391
1450,M-1810,item:268091,28800.0,12528000.0,28800.0
1450,SDC-1450,item:773474,0.0,76800000.0,7400590.0
1451,M-1430,item:268967,0.0,6468000.0,59377.469391
1451,M-1810,item:268091,0.0,12528000.0,7856.346925
1451,SDC-1450,item:773474,0.0,76800000.0,7400590.0
1452,M-1430,item:268967,0.0,6468000.0,59377.469391
1452,M-1810,item:268091,0.0,12528000.0,7511.693865
1452,SDC-1450,item:773474,0.0,76800000.0,7400590.0
1453,M-1430,item:268967,0.0,6468000.0,59377.469391
1453,M-1810,item:268091,14400.0,12542400.0,14400.0
1453,SDC-1450,item:773474,0.0,76800000.0,7400590.0
1454,M-1430,item:268967,0.0,6468000.0,59377.469391
1454,M-1810,item:268091,14400.0,12556800.0,14400.0
1454,SDC-1450,item:773474,0.0,76800000.0,7400590.0
1455,M-1430,item:268967,0.0,6468000.0,59377.469391
1455,M-1810,item:268091,0.0,12556800.0,2517.857126
1455,SDC-1450,item:773474,0.0,76800000.0,7400590.0
1456,M-1430,item:268967,0.0,6468000.0,59377.469391
1456,M-1810,item:268091,0.0,12556800.0,2517.857126
1456,SDC-1450,item:773474,0.0,76800000.0,7400590.0
1457,M-1430,item:268967,0.0,6468000.0,59377.469391
1457,M-1810,item:268091,0.0,12556800.0,2517.857126
1457,SDC-1450,item:773474,0.0,76800000.0,7400590.0
1458,M-1430,item:268967,0.0,6468000.0,59377.469391
1458,M-1810,item:268091,0.0,12556800.0,2517.857126
1458,SDC-1450,item:773474,0.0,76800000.0,7400590.0
1459,M-1430,item:268967,0.0,6468000.0,59377.469391
1459,M-1810,item:268091,0.0,12556800.0,2517.857126
1459,SDC-1450,item:773474,0.0,76800000.0,7400590.0
1460,M-1430,item:268967,0.0,6468000.0,59377.469391
1460,M-1810,item:268091,0.0,12556800.0,2517.857126
1460,SDC-1450,item:773474,0.0,76800000.0,7400590.0
1461,M-1430,item:268967,0.0,6468000.0,59377.469391
1461,M-1810,item:268091,0.0,12556800.0,2517.857126
1461,SDC-1450,item:773474,0.0,76800000.0,7400590.0
1462,M-1430,item:268967,0.0,6468000.0,59377.469391
1462,M-1810,item:268091,0.0,12556800.0,2517.857126
1462,SDC-1450,item:773474,0.0,76800000.0,7400590.0
1463,M-1430,item:268967,0.0,6468000.0,59377.469391
1463,M-1810,item:268091,0.0,12556800.0,2517.857126
1463,SDC-1450,item:773474,0.0,76800000.0,7400590.0
1464,M-1430,item:268967,0.0,6468000.0,59377.469391
1464,M-1810,item:268091,0.0,12556800.0,2517.857126
1464,SDC-1450,item:773474,0.0,76800000.0,7400590.0
1465,M-1430,item:268967,0.0,6468000.0,59377.469391
1465,M-1810,item:268091,0.0,12556800.0,2517.857126
1465,SDC-1450,item:773474,0.0,76800000.0,7400590.0
1466,M-1430,item:268967,0.0,6468000.0,59377.469391
1466,M-1810,item:268091,0.0,12556800.0,2517.857126
1466,SDC-1450,item:773474,0.0,76800000.0,7400590.0
1467,M-1430,item:268967,0.0,6468000.0,59377.469391
1467,M-1810,item:268091,0.0,12556800.0,2517.857126
1467,SDC-1450,item:773474,0.0,76800000.0,7400590.0
1468,M-1430,item:268967,0.0,6468000.0,54828.14296
1468,M-1810,item:268091,0.0,12556800.0,2517.857126
1468,SDC-1450,item:773474,0.0,76800000.0,7400590.0
1469,M-1430,item:268967,0.0,6468000.0,36634.387957
1469,M-1810,item:268091,0.0,12556800.0,2517.857126
1469,SDC-1450,item:773474,0.0,76800000.0,7400590.0
1470,M-1430,item:268967,0.0,6468000.0,21205.081834
1470,M-1810,item:268091,0.0,12556800.0,2517.857126
1470,SDC-1450,item:773474,0.0,76800000.0,7400590.0
1471,M-1430,item:268967,0.0,6468000.0,21205.081834
1471,M-1810,item:268091,0.0,12556800.0,2517.857126
1471,SDC-1450,item:773474,0.0,76800000.0,7400590.0
1472,M-1430,item:268967,0.0,6468000.0,21205.081834
1472,M-1810,item:268091,0.0,12556800.0,2517.857126
1472,SDC-1450,item:773474,0.0,76800000.0,7400590.0
1473,M-1430,item:268967,0.0,6468000.0,21205.081834
1473,M-1810,item:268091,0.0,12556800.0,2517.857126
1473,SDC-1450,item:773474,0.0,76800000.0,7400590.0
1474,M-1430,item:268967,0.0,6468000.0,21205.081834
1474,M-1810,item:268091,0.0,12556800.0,2517.857126
1474,SDC-1450,item:773474,0.0,76800000.0,7400590.0
1475,M-1430,item:268967,0.0,6468000.0,21205.081834
1475,M-1810,item:268091,0.0,12556800.0,2517.857126
1475,SDC-1450,item:773474,0.0,76800000.0,7400590.0
1476,M-1430,item:268967,0.0,6468000.0,21205.081834
1476,M-1810,item:268091,14400.0,12571200.0,14400.0
1476,SDC-1450,item:773474,0.0,76800000.0,7400590.0
1477,M-1430,item:268967,0.0,6468000.0,21205.081834
1477,M-1810,item:268091,14400.0,12585600.0,14400.0
1477,SDC-1450,item:773474,0.0,76800000.0,7400590.0
1478,M-1430,item:268967,0.0,6468000.0,21205.081834
1478,M-1810,item:268091,14400.0,12600000.0,14400.0
1478,SDC-1450,item:773474,0.0,76800000.0,7400590.0
1479,M-1430,item:268967,0.0,6468000.0,21205.081834
1479,M-1810,item:268091,14400.0,12614400.0,14400.0
1479,SDC-1450,item:773474,0.0,76800000.0,7400590.0
1480,M-1430,item:268967,0.0,6468000.0,17463.265408
1480,M-1810,item:268091,14400.0,12628800.0,14400.0
1480,SDC-1450,item:773474,0.0,76800000.0,7400590.0
1481,M-1430,item:268967,0.0,6468000.0,8985.79592
1481,M-1810,item:268091,14400.0,12643200.0,14400.0
1481,SDC-1450,item:773474,0.0,76800000.0,7400590.0
1482,M-1430,item:268967,107800.0,6575800.0,107800.0
1482,M-1810,item:268091,14400.0,12657600.0,14400.0
1482,SDC-1450,item:773474,0.0,76800000.0,7400590.0
1483,M-1430,item:268967,0.0,6575800.0,93705.020408
1483,M-1810,item:268091,14400.0,12672000.0,14400.0
1483,SDC-1450,item:773474,3200000.0,80000000.0,9559811.0
1484,M-1430,item:268967,0.0,6575800.0,93705.020408
1484,M-1810,item:268091,14400.0,12686400.0,14400.0
1484,SDC-1450,item:773474,0.0,80000000.0,9559811.0
1485,M-1430,item:268967,0.0,6575800.0,93705.020408
1485,M-1810,item:268091,14400.0,12700800.0,14400.0
1485,SDC-1450,item:773474,0.0,80000000.0,9559811.0
1486,M-1430,item:268967,0.0,6575800.0,93705.020408
1486,M-1810,item:268091,14400.0,12715200.0,14400.0
1486,SDC-1450,item:773474,0.0,80000000.0,9559811.0
1487,M-1430,item:268967,0.0,6575800.0,93072.122551
1487,M-1810,item:268091,14400.0,12729600.0,14400.0
1487,SDC-1450,item:773474,0.0,80000000.0,9559811.0
1488,M-1430,item:268967,0.0,6575800.0,85779.143062
1488,M-1810,item:268091,14400.0,12744000.0,14400.0
1488,SDC-1450,item:773474,0.0,80000000.0,9559811.0
1489,M-1430,item:268967,0.0,6575800.0,71681.265616
1489,M-1810,item:268091,0.0,12744000.0,14400.0
1489,SDC-1450,item:773474,0.0,80000000.0,9559811.0
1490,M-1430,item:268967,0.0,6575800.0,50633.673885
1490,M-1810,item:268091,0.0,12744000.0,14400.0
1490,SDC-1450,item:773474,0.0,80000000.0,9559811.0
1491,M-1430,item:268967,0.0,6575800.0,50633.673885
1491,M-1810,item:268091,0.0,12744000.0,12900.836716
1491,SDC-1450,item:773474,0.0,80000000.0,9559811.0
1492,M-1430,item:268967,0.0,6575800.0,50633.673885
1492,M-1810,item:268091,0.0,12744000.0,3102.489757
1492,SDC-1450,item:773474,0.0,80000000.0,9559811.0
1493,M-1430,item:268967,0.0,6575800.0,50633.673885
1493,M-1810,item:268091,14400.0,12758400.0,14400.0
1493,SDC-1450,item:773474,0.0,80000000.0,9559811.0
1494,M-1430,item:268967,0.0,6575800.0,50633.673885
1494,M-1810,item:268091,14400.0,12772800.0,14400.0
1494,SDC-1450,item:773474,0.0,80000000.0,9559811.0
1495,M-1430,item:268967,0.0,6575800.0,48338.918471
1495,M-1810,item:268091,14400.0,12787200.0,14400.0
1495,SDC-1450,item:773474,0.0,80000000.0,9559811.0
1496,M-1430,item:268967,0.0,6575800.0,40124.101831
1496,M-1810,item:268091,0.0,12787200.0,14400.0
1496,SDC-1450,item:773474,0.0,80000000.0,9559811.0
1497,M-1430,item:268967,0.0,6575800.0,26144.570906
1497,M-1810,item:268091,0.0,12787200.0,8214.714256
1497,SDC-1450,item:773474,0.0,80000000.0,9559811.0
1498,M-1430,item:268967,0.0,6575800.0,26144.570906
1498,M-1810,item:268091,14400.0,12801600.0,14400.0
1498,SDC-1450,item:773474,0.0,80000000.0,9559811.0
1499,M-1430,item:268967,0.0,6575800.0,26144.570906
1499,M-1810,item:268091,0.0,12801600.0,3627.83674
1499,SDC-1450,item:773474,0.0,80000000.0,9559811.0
1500,M-1430,item:268967,0.0,6575800.0,20628.326633
1500,M-1810,item:268091,14400.0,12816000.0,14400.0
1500,SDC-1450,item:773474,0.0,80000000.0,9559811.0
1501,M-1430,item:268967,0.0,6575800.0,13987.020511
1501,M-1810,item:268091,14400.0,12830400.0,14400.0
1501,SDC-1450,item:773474,0.0,80000000.0,9559811.0
1502,M-1430,item:268967,107800.0,6683600.0,107800.0
1502,M-1810,item:268091,14400.0,12844800.0,14400.0
1502,SDC-1450,item:773474,0.0,80000000.0,9559811.0
1503,M-1430,item:268967,0.0,6683600.0,76678.387757
1503,M-1810,item:268091,14400.0,12859200.0,14400.0
1503,SDC-1450,item:773474,0.0,80000000.0,8519032.0
1504,M-1430,item:268967,0.0,6683600.0,46657.08174
1504,M-1810,item:268091,14400.0,12873600.0,14400.0
1504,SDC-1450,item:773474,0.0,80000000.0,8519032.0
1505,M-1430,item:268967,0.0,6683600.0,46657.08174
1505,M-1810,item:268091,14400.0,12888000.0,14400.0
1505,SDC-1450,item:773474,0.0,80000000.0,8519032.0
1506,M-1430,item:268967,0.0,6683600.0,46657.08174
1506,M-1810,item:268091,14400.0,12902400.0,14400.0
1506,SDC-1450,item:773474,0.0,80000000.0,8519032.0
1507,M-1430,item:268967,0.0,6683600.0,46657.08174
1507,M-1810,item:268091,14400.0,12916800.0,14400.0
1507,SDC-1450,item:773474,0.0,80000000.0,8519032.0
1508,M-1430,item:268967,0.0,6683600.0,46657.08174
1508,M-1810,item:268091,14400.0,12931200.0,14400.0
1508,SDC-1450,item:773474,0.0,80000000.0,8519032.0
1509,M-1430,item:268967,0.0,6683600.0,46657.08174
1509,M-1810,item:268091,14400.0,12945600.0,14400.0
1509,SDC-1450,item:773474,0.0,80000000.0,8519032.0
1510,M-1430,item:268967,0.0,6683600.0,46657.08174
1510,M-1810,item:268091,14400.0,12960000.0,14400.0
1510,SDC-1450,item:773474,0.0,80000000.0,8519032.0
1511,M-1430,item:268967,0.0,6683600.0,46657.08174
1511,M-1810,item:268091,14400.0,12974400.0,14400.0
1511,SDC-1450,item:773474,0.0,80000000.0,8519032.0
1512,M-1430,item:268967,0.0,6683600.0,46657.08174
1512,M-1810,item:268091,14400.0,12988800.0,14400.0
1512,SDC-1450,item:773474,0.0,80000000.0,8519032.0
1513,M-1430,item:268967,0.0,6683600.0,46657.08174
1513,M-1810,item:268091,14400.0,13003200.0,14400.0
1513,SDC-1450,item:773474,0.0,80000000.0,8519032.0
1514,M-1430,item:268967,0.0,6683600.0,46657.08174
1514,M-1810,item:268091,14400.0,13017600.0,14400.0
1514,SDC-1450,item:773474,0.0,80000000.0,8519032.0
1515,M-1430,item:268967,0.0,6683600.0,41636.061323
1515,M-1810,item:268091,14400.0,13032000.0,14400.0
1515,SDC-1450,item:773474,0.0,80000000.0,8519032.0
1516,M-1430,item:268967,0.0,6683600.0,26492.571519
1516,M-1810,item:268091,14400.0,13046400.0,14400.0
1516,SDC-1450,item:773474,0.0,80000000.0,8519032.0
1517,M-1430,item:268967,0.0,6683600.0,5950.653151
1517,M-1810,item:268091,14400.0,13060800.0,14400.0
1517,SDC-1450,item:773474,0.0,80000000.0,8519032.0
1518,M-1430,item:268967,0.0,6683600.0,5950.653151
1518,M-1810,item:268091,14400.0,13075200.0,14400.0
1518,SDC-1450,item:773474,0.0,80000000.0,8519032.0
1519,M-1430,item:268967,0.0,6683600.0,5950.653151
1519,M-1810,item:268091,14400.0,13089600.0,14400.0
1519,SDC-1450,item:773474,0.0,80000000.0,8519032.0
1520,M-1430,item:268967,0.0,6683600.0,5950.653151
1520,M-1810,item:268091,14400.0,13104000.0,14400.0
1520,SDC-1450,item:773474,0.0,80000000.0,8519032.0
1521,M-1430,item:268967,0.0,6683600.0,5950.653151
1521,M-1810,item:268091,14400.0,13118400.0,14400.0
1521,SDC-1450,item:773474,0.0,80000000.0,8519032.0
1522,M-1430,item:268967,0.0,6683600.0,5950.653151
1522,M-1810,item:268091,14400.0,13132800.0,14400.0
1522,SDC-1450,item:773474,0.0,80000000.0,8519032.0
1523,M-1430,item:268967,0.0,6683600.0,2629.673569
1523,M-1810,item:268091,14400.0,13147200.0,14400.0
1523,SDC-1450,item:773474,0.0,80000000.0,8519032.0
1524,M-1430,item:268967,107800.0,6791400.0,107800.0
1524,M-1810,item:268091,0.0,13147200.0,1958.142838
1524,SDC-1450,item:773474,0.0,80000000.0,8519032.0
1525,M-1430,item:268967,0.0,6791400.0,100141.897959
1525,M-1810,item:268091,14400.0,13161600.0,14400.0
1525,SDC-1450,item:773474,0.0,80000000.0,7478254.0
1526,M-1430,item:268967,0.0,6791400.0,90129.204182
1526,M-1810,item:268091,0.0,13161600.0,14400.0
1526,SDC-1450,item:773474,0.0,80000000.0,7478254.0
1527,M-1430,item:268967,0.0,6791400.0,82482.510404
1527,M-1810,item:268091,0.0,13161600.0,14400.0
1527,SDC-1450,item:773474,0.0,80000000.0,7478254.0
1528,M-1430,item:268967,0.0,6791400.0,79248.571629
1528,M-1810,item:268091,0.0,13161600.0,14400.0
1528,SDC-1450,item:773474,0.0,80000000.0,7478254.0
1529,M-1430,item:268967,0.0,6791400.0,77753.551122
1529,M-1810,item:268091,0.0,13161600.0,6928.510185
1529,SDC-1450,item:773474,0.0,80000000.0,7478254.0
1530,M-1430,item:268967,0.0,6791400.0,66830.489796
1530,M-1810,item:268091,14400.0,13176000.0,14400.0
1530,SDC-1450,item:773474,0.0,80000000.0,7478254.0
1531,M-1430,item:268967,0.0,6791400.0,48958.632551
1531,M-1810,item:268091,14400.0,13190400.0,14400.0
1531,SDC-1450,item:773474,0.0,80000000.0,7478254.0
1532,M-1430,item:268967,0.0,6791400.0,33014.28571
1532,M-1810,item:268091,14400.0,13204800.0,14400.0
1532,SDC-1450,item:773474,0.0,80000000.0,7478254.0
1533,M-1430,item:268967,0.0,6791400.0,33014.28571
1533,M-1810,item:268091,14400.0,13219200.0,14400.0
1533,SDC-1450,item:773474,0.0,80000000.0,7478254.0
1534,M-1430,item:268967,0.0,6791400.0,33014.28571
1534,M-1810,item:268091,14400.0,13233600.0,14400.0
1534,SDC-1450,item:773474,0.0,80000000.0,7478254.0
1535,M-1430,item:268967,0.0,6791400.0,33014.28571
1535,M-1810,item:268091,14400.0,13248000.0,14400.0
1535,SDC-1450,item:773474,0.0,80000000.0,7478254.0
1536,M-1430,item:268967,0.0,6791400.0,33014.28571
1536,M-1810,item:268091,14400.0,13262400.0,14400.0
1536,SDC-1450,item:773474,0.0,80000000.0,7478254.0
1537,M-1430,item:268967,0.0,6791400.0,33014.28571
1537,M-1810,item:268091,14400.0,13276800.0,14400.0
1537,SDC-1450,item:773474,0.0,80000000.0,7478254.0
1538,M-1430,item:268967,0.0,6791400.0,33014.28571
1538,M-1810,item:268091,14400.0,13291200.0,14400.0
1538,SDC-1450,item:773474,0.0,80000000.0,7478254.0
1539,M-1430,item:268967,0.0,6791400.0,33014.28571
1539,M-1810,item:268091,14400.0,13305600.0,14400.0
1539,SDC-1450,item:773474,0.0,80000000.0,7478254.0
1540,M-1430,item:268967,0.0,6791400.0,30395.979698
1540,M-1810,item:268091,0.0,13305600.0,3078.571407
1540,SDC-1450,item:773474,0.0,80000000.0,7478254.0
1541,M-1430,item:268967,0.0,6791400.0,23498.632867
1541,M-1810,item:268091,14400.0,13320000.0,14400.0
1541,SDC-1450,item:773474,0.0,80000000.0,7478254.0
1542,M-1430,item:268967,0.0,6791400.0,14660.10225
1542,M-1810,item:268091,0.0,13320000.0,3140.714286
1542,SDC-1450,item:773474,0.0,80000000.0,7478254.0
1543,M-1430,item:268967,0.0,6791400.0,7982.122545
1543,M-1810,item:268091,14400.0,13334400.0,14400.0
1543,SDC-1450,item:773474,0.0,80000000.0,7478254.0
1544,M-1430,item:268967,0.0,6791400.0,5430.714272
1544,M-1810,item:268091,14400.0,13348800.0,14400.0
1544,SDC-1450,item:773474,0.0,80000000.0,7478254.0
1545,M-1430,item:268967,0.0,6791400.0,4870.163255
1545,M-1810,item:268091,14400.0,13363200.0,14400.0
1545,SDC-1450,item:773474,0.0,80000000.0,7478254.0
1546,M-1430,item:268967,0.0,6791400.0,2198.734796
1546,M-1810,item:268091,14400.0,13377600.0,14400.0
1546,SDC-1450,item:773474,0.0,80000000.0,7478254.0
1547,M-1430,item:268967,107800.0,6899200.0,107800.0
1547,M-1810,item:268091,14400.0,13392000.0,14400.0
1547,SDC-1450,item:773474,0.0,80000000.0,7478254.0
1548,M-1430,item:268967,0.0,6899200.0,97242.734691
1548,M-1810,item:268091,14400.0,13406400.0,14400.0
1548,SDC-1450,item:773474,0.0,80000000.0,6437475.0
1549,M-1430,item:268967,0.0,6899200.0,81055.081628
1549,M-1810,item:268091,0.0,13406400.0,10341.408139
1549,SDC-1450,item:773474,0.0,80000000.0,6437475.0
1550,M-1430,item:268967,0.0,6899200.0,69746.653058
1550,M-1810,item:268091,0.0,13406400.0,10341.408139
1550,SDC-1450,item:773474,0.0,80000000.0,6437475.0
1551,M-1430,item:268967,0.0,6899200.0,69746.653058
1551,M-1810,item:268091,0.0,13406400.0,10341.408139
1551,SDC-1450,item:773474,0.0,80000000.0,6437475.0
1552,M-1430,item:268967,0.0,6899200.0,69746.653058
1552,M-1810,item:268091,0.0,13406400.0,10341.408139
1552,SDC-1450,item:773474,0.0,80000000.0,6437475.0
1553,M-1430,item:268967,0.0,6899200.0,69746.653058
1553,M-1810,item:268091,0.0,13406400.0,10341.408139
1553,SDC-1450,item:773474,0.0,80000000.0,6437475.0
1554,M-1430,item:268967,0.0,6899200.0,69140.245001
1554,M-1810,item:268091,0.0,13406400.0,9185.387729
1554,SDC-1450,item:773474,0.0,80000000.0,6437475.0
1555,M-1430,item:268967,0.0,6899200.0,62209.041026
1555,M-1810,item:268091,0.0,13406400.0,2205.428546
1555,SDC-1450,item:773474,0.0,80000000.0,6437475.0
1556,M-1430,item:268967,0.0,6899200.0,49466.408375
1556,M-1810,item:268091,14400.0,13420800.0,14400.0
1556,SDC-1450,item:773474,0.0,80000000.0,6437475.0
1557,M-1430,item:268967,0.0,6899200.0,37144.102148
1557,M-1810,item:268091,14400.0,13435200.0,14400.0
1557,SDC-1450,item:773474,0.0,80000000.0,6437475.0
1558,M-1430,item:268967,0.0,6899200.0,30960.510206
1558,M-1810,item:268091,14400.0,13449600.0,14400.0
1558,SDC-1450,item:773474,0.0,80000000.0,6437475.0
1559,M-1430,item:268967,0.0,6899200.0,30402.265308
1559,M-1810,item:268091,14400.0,13464000.0,14400.0
1559,SDC-1450,item:773474,0.0,80000000.0,6437475.0
1560,M-1430,item:268967,0.0,6899200.0,29237.612353
1560,M-1810,item:268091,14400.0,13478400.0,14400.0
1560,SDC-1450,item:773474,0.0,80000000.0,6437475.0
1561,M-1430,item:268967,0.0,6899200.0,28631.204296
1561,M-1810,item:268091,14400.0,13492800.0,14400.0
1561,SDC-1450,item:773474,0.0,80000000.0,6437475.0
1562,M-1430,item:268967,0.0,6899200.0,28024.796239
1562,M-1810,item:268091,14400.0,13507200.0,14400.0
1562,SDC-1450,item:773474,0.0,80000000.0,6437475.0
1563,M-1430,item:268967,0.0,6899200.0,28024.796239
1563,M-1810,item:268091,0.0,13507200.0,385.734673
1563,SDC-1450,item:773474,0.0,80000000.0,6437475.0
1564,M-1430,item:268967,0.0,6899200.0,28024.796239
1564,M-1810,item:268091,14400.0,13521600.0,14400.0
1564,SDC-1450,item:773474,0.0,80000000.0,6437475.0
1565,M-1430,item:268967,0.0,6899200.0,28024.796239
1565,M-1810,item:268091,14400.0,13536000.0,14400.0
1565,SDC-1450,item:773474,0.0,80000000.0,6437475.0
1566,M-1430,item:268967,0.0,6899200.0,28024.796239
1566,M-1810,item:268091,14400.0,13550400.0,14400.0
1566,SDC-1450,item:773474,0.0,80000000.0,6437475.0
1567,M-1430,item:268967,0.0,6899200.0,28024.796239
1567,M-1810,item:268091,14400.0,13564800.0,14400.0
1567,SDC-1450,item:773474,0.0,80000000.0,6437475.0
1568,M-1430,item:268967,0.0,6899200.0,28024.796239
1568,M-1810,item:268091,14400.0,13579200.0,14400.0
1568,SDC-1450,item:773474,0.0,80000000.0,6437475.0
1569,M-1430,item:268967,0.0,6899200.0,28024.796239
1569,M-1810,item:268091,14400.0,13593600.0,14400.0
1569,SDC-1450,item:773474,0.0,80000000.0,6437475.0
1570,M-1430,item:268967,0.0,6899200.0,28024.796239
1570,M-1810,item:268091,14400.0,13608000.0,14400.0
1570,SDC-1450,item:773474,0.0,80000000.0,6437475.0
1571,M-1430,item:268967,0.0,6899200.0,28024.796239
1571,M-1810,item:268091,0.0,13608000.0,4184.306105
1571,SDC-1450,item:773474,0.0,80000000.0,6437475.0
1572,M-1430,item:268967,0.0,6899200.0,28024.796239
1572,M-1810,item:268091,0.0,13608000.0,4184.306105
1572,SDC-1450,item:773474,0.0,80000000.0,6437475.0
1573,M-1430,item:268967,0.0,6899200.0,28024.796239
1573,M-1810,item:268091,0.0,13608000.0,4184.306105
1573,SDC-1450,item:773474,0.0,80000000.0,6437475.0
1574,M-1430,item:268967,0.0,6899200.0,28024.796239
1574,M-1810,item:268091,0.0,13608000.0,4184.306105
1574,SDC-1450,item:773474,0.0,80000000.0,6437475.0
1575,M-1430,item:268967,0.0,6899200.0,28024.796239
1575,M-1810,item:268091,0.0,13608000.0,4184.306105
1575,SDC-1450,item:773474,0.0,80000000.0,6437475.0
1576,M-1430,item:268967,0.0,6899200.0,28024.796239
1576,M-1810,item:268091,0.0,13608000.0,4184.306105
1576,SDC-1450,item:773474,0.0,80000000.0,6437475.0
1577,M-1430,item:268967,0.0,6899200.0,28024.796239
1577,M-1810,item:268091,0.0,13608000.0,4184.306105
1577,SDC-1450,item:773474,0.0,80000000.0,6437475.0
1578,M-1430,item:268967,0.0,6899200.0,28024.796239
1578,M-1810,item:268091,0.0,13608000.0,4184.306105
1578,SDC-1450,item:773474,0.0,80000000.0,6437475.0
1579,M-1430,item:268967,0.0,6899200.0,28024.796239
1579,M-1810,item:268091,0.0,13608000.0,4184.306105
1579,SDC-1450,item:773474,0.0,80000000.0,6437475.0
1580,M-1430,item:268967,0.0,6899200.0,28024.796239
1580,M-1810,item:268091,0.0,13608000.0,4184.306105
1580,SDC-1450,item:773474,0.0,80000000.0,6437475.0
1581,M-1430,item:268967,0.0,6899200.0,28024.796239
1581,M-1810,item:268091,0.0,13608000.0,4184.306105
1581,SDC-1450,item:773474,0.0,80000000.0,6437475.0
1582,M-1430,item:268967,0.0,6899200.0,28024.796239
1582,M-1810,item:268091,0.0,13608000.0,4184.306105
1582,SDC-1450,item:773474,0.0,80000000.0,6437475.0
1583,M-1430,item:268967,0.0,6899200.0,28024.796239
1583,M-1810,item:268091,0.0,13608000.0,4184.306105
1583,SDC-1450,item:773474,0.0,80000000.0,6437475.0
1584,M-1430,item:268967,0.0,6899200.0,28024.796239
1584,M-1810,item:268091,0.0,13608000.0,3258.102017
1584,SDC-1450,item:773474,0.0,80000000.0,6437475.0
1585,M-1430,item:268967,0.0,6899200.0,28024.796239
1585,M-1810,item:268091,14400.0,13622400.0,14400.0
1585,SDC-1450,item:773474,0.0,80000000.0,6437475.0
1586,M-1430,item:268967,0.0,6899200.0,28024.796239
1586,M-1810,item:268091,14400.0,13636800.0,14400.0
1586,SDC-1450,item:773474,0.0,80000000.0,6437475.0
1587,M-1430,item:268967,0.0,6899200.0,28024.796239
1587,M-1810,item:268091,14400.0,13651200.0,14400.0
1587,SDC-1450,item:773474,0.0,80000000.0,6437475.0
1588,M-1430,item:268967,0.0,6899200.0,28024.796239
1588,M-1810,item:268091,14400.0,13665600.0,14400.0
1588,SDC-1450,item:773474,0.0,80000000.0,6437475.0
1589,M-1430,item:268967,0.0,6899200.0,28024.796239
1589,M-1810,item:268091,14400.0,13680000.0,14400.0
1589,SDC-1450,item:773474,0.0,80000000.0,6437475.0
1590,M-1430,item:268967,0.0,6899200.0,28024.796239
1590,M-1810,item:268091,14400.0,13694400.0,14400.0
1590,SDC-1450,item:773474,0.0,80000000.0,6437475.0
1591,M-1430,item:268967,0.0,6899200.0,28024.796239
1591,M-1810,item:268091,14400.0,13708800.0,14400.0
1591,SDC-1450,item:773474,0.0,80000000.0,6437475.0
1592,M-1430,item:268967,0.0,6899200.0,28024.796239
1592,M-1810,item:268091,14400.0,13723200.0,14400.0
1592,SDC-1450,item:773474,0.0,80000000.0,6437475.0
1593,M-1430,item:268967,0.0,6899200.0,28024.796239
1593,M-1810,item:268091,14400.0,13737600.0,14400.0
1593,SDC-1450,item:773474,0.0,80000000.0,6437475.0
1594,M-1430,item:268967,0.0,6899200.0,28024.796239
1594,M-1810,item:268091,14400.0,13752000.0,14400.0
1594,SDC-1450,item:773474,0.0,80000000.0,6437475.0
1595,M-1430,item:268967,0.0,6899200.0,28024.796239
1595,M-1810,item:268091,14400.0,13766400.0,14400.0
1595,SDC-1450,item:773474,0.0,80000000.0,6437475.0
1596,M-1430,item:268967,0.0,6899200.0,28024.796239
1596,M-1810,item:268091,14400.0,13780800.0,14400.0
1596,SDC-1450,item:773474,0.0,80000000.0,6437475.0
1597,M-1430,item:268967,0.0,6899200.0,28024.796239
1597,M-1810,item:268091,0.0,13780800.0,1938.061198
1597,SDC-1450,item:773474,0.0,80000000.0,6437475.0
1598,M-1430,item:268967,0.0,6899200.0,28024.796239
1598,M-1810,item:268091,14400.0,13795200.0,14400.0
1598,SDC-1450,item:773474,0.0,80000000.0,6437475.0
1599,M-1430,item:268967,0.0,6899200.0,28024.796239
1599,M-1810,item:268091,0.0,13795200.0,6554.142857
1599,SDC-1450,item:773474,0.0,80000000.0,6437475.0
1600,M-1430,item:268967,0.0,6899200.0,28024.796239
1600,M-1810,item:268091,14400.0,13809600.0,14400.0
1600,SDC-1450,item:773474,0.0,80000000.0,6437475.0
1601,M-1430,item:268967,0.0,6899200.0,28024.796239
1601,M-1810,item:268091,14400.0,13824000.0,14400.0
1601,SDC-1450,item:773474,0.0,80000000.0,6437475.0
1602,M-1430,item:268967,0.0,6899200.0,22028.428682
1602,M-1810,item:268091,14400.0,13838400.0,14400.0
1602,SDC-1450,item:773474,0.0,80000000.0,6437475.0
1603,M-1430,item:268967,0.0,6899200.0,22028.428682
1603,M-1810,item:268091,14400.0,13852800.0,14400.0
1603,SDC-1450,item:773474,0.0,80000000.0,6437475.0
1604,M-1430,item:268967,0.0,6899200.0,22028.428682
1604,M-1810,item:268091,14400.0,13867200.0,14400.0
1604,SDC-1450,item:773474,0.0,80000000.0,6437475.0
1605,M-1430,item:268967,0.0,6899200.0,22028.428682
1605,M-1810,item:268091,0.0,13867200.0,14400.0
1605,SDC-1450,item:773474,0.0,80000000.0,6437475.0
1606,M-1430,item:268967,0.0,6899200.0,22028.428682
1606,M-1810,item:268091,0.0,13867200.0,3885.734666
1606,SDC-1450,item:773474,0.0,80000000.0,6437475.0
1607,M-1430,item:268967,0.0,6899200.0,22028.428682
1607,M-1810,item:268091,14400.0,13881600.0,14400.0
1607,SDC-1450,item:773474,0.0,80000000.0,6437475.0
1608,M-1430,item:268967,0.0,6899200.0,22028.428682
1608,M-1810,item:268091,14400.0,13896000.0,14400.0
1608,SDC-1450,item:773474,0.0,80000000.0,6437475.0
1609,M-1430,item:268967,0.0,6899200.0,22028.428682
1609,M-1810,item:268091,14400.0,13910400.0,14400.0
1609,SDC-1450,item:773474,0.0,80000000.0,6437475.0
1610,M-1430,item:268967,0.0,6899200.0,22028.428682
1610,M-1810,item:268091,14400.0,13924800.0,14400.0
1610,SDC-1450,item:773474,0.0,80000000.0,6437475.0
1611,M-1430,item:268967,0.0,6899200.0,22028.428682
1611,M-1810,item:268091,0.0,13924800.0,9823.95916
1611,SDC-1450,item:773474,0.0,80000000.0,6437475.0
1612,M-1430,item:268967,0.0,6899200.0,22028.428682
1612,M-1810,item:268091,14400.0,13939200.0,14400.0
1612,SDC-1450,item:773474,0.0,80000000.0,6437475.0
1613,M-1430,item:268967,0.0,6899200.0,22028.428682
1613,M-1810,item:268091,14400.0,13953600.0,14400.0
1613,SDC-1450,item:773474,0.0,80000000.0,6437475.0
1614,M-1430,item:268967,0.0,6899200.0,22028.428682
1614,M-1810,item:268091,0.0,13953600.0,739.040771
1614,SDC-1450,item:773474,0.0,80000000.0,6437475.0
1615,M-1430,item:268967,0.0,6899200.0,22028.428682
1615,M-1810,item:268091,14400.0,13968000.0,14400.0
1615,SDC-1450,item:773474,0.0,80000000.0,6437475.0
1616,M-1430,item:268967,0.0,6899200.0,22028.428682
1616,M-1810,item:268091,0.0,13968000.0,14400.0
1616,SDC-1450,item:773474,0.0,80000000.0,6437475.0
1617,M-1430,item:268967,0.0,6899200.0,15289.693986
1617,M-1810,item:268091,0.0,13968000.0,14400.0
1617,SDC-1450,item:773474,0.0,80000000.0,6437475.0
1618,M-1430,item:268967,107800.0,7007000.0,107800.0
1618,M-1810,item:268091,0.0,13968000.0,14400.0
1618,SDC-1450,item:773474,0.0,80000000.0,6437475.0
1619,M-1430,item:268967,0.0,7007000.0,58469.040817
1619,M-1810,item:268091,0.0,13968000.0,8162.918345
1619,SDC-1450,item:773474,3200000.0,83200000.0,8596697.0
1620,M-1430,item:268967,107800.0,7114800.0,107800.0
1620,M-1810,item:268091,14400.0,13982400.0,14400.0
1620,SDC-1450,item:773474,0.0,83200000.0,8596697.0
1621,M-1430,item:268967,0.0,7114800.0,107800.0
1621,M-1810,item:268091,14400.0,13996800.0,14400.0
1621,SDC-1450,item:773474,0.0,83200000.0,7555918.0
1622,M-1430,item:268967,0.0,7114800.0,104624.285824
1622,M-1810,item:268091,14400.0,14011200.0,14400.0
1622,SDC-1450,item:773474,0.0,83200000.0,7555918.0
1623,M-1430,item:268967,0.0,7114800.0,75020.285934
1623,M-1810,item:268091,0.0,14011200.0,625.571405
1623,SDC-1450,item:773474,0.0,83200000.0,7555918.0
1624,M-1430,item:268967,0.0,7114800.0,44583.714506
1624,M-1810,item:268091,14400.0,14025600.0,14400.0
1624,SDC-1450,item:773474,0.0,83200000.0,7555918.0
1625,M-1430,item:268967,0.0,7114800.0,44583.714506
1625,M-1810,item:268091,14400.0,14040000.0,14400.0
1625,SDC-1450,item:773474,0.0,83200000.0,7555918.0
1626,M-1430,item:268967,0.0,7114800.0,44583.714506
1626,M-1810,item:268091,14400.0,14054400.0,14400.0
1626,SDC-1450,item:773474,0.0,83200000.0,7555918.0
1627,M-1430,item:268967,0.0,7114800.0,16363.428682
1627,M-1810,item:268091,14400.0,14068800.0,14400.0
1627,SDC-1450,item:773474,0.0,83200000.0,7555918.0
1628,M-1430,item:268967,107800.0,7222600.0,107800.0
1628,M-1810,item:268091,14400.0,14083200.0,14400.0
1628,SDC-1450,item:773474,0.0,83200000.0,7555918.0
1629,M-1430,item:268967,107800.0,7330400.0,107800.0
1629,M-1810,item:268091,14400.0,14097600.0,14400.0
1629,SDC-1450,item:773474,0.0,83200000.0,6515139.0
1630,M-1430,item:268967,107800.0,7438200.0,107800.0
1630,M-1810,item:268091,14400.0,14112000.0,14400.0
1630,SDC-1450,item:773474,3200000.0,86400000.0,8674361.0
1631,M-1430,item:268967,0.0,7438200.0,44217.000111
1631,M-1810,item:268091,14400.0,14126400.0,14400.0
1631,SDC-1450,item:773474,0.0,86400000.0,7633582.0
1632,M-1430,item:268967,0.0,7438200.0,44217.000111
1632,M-1810,item:268091,14400.0,14140800.0,14400.0
1632,SDC-1450,item:773474,0.0,86400000.0,7633582.0
1633,M-1430,item:268967,0.0,7438200.0,44217.000111
1633,M-1810,item:268091,14400.0,14155200.0,14400.0
1633,SDC-1450,item:773474,0.0,86400000.0,7633582.0
1634,M-1430,item:268967,0.0,7438200.0,44217.000111
1634,M-1810,item:268091,14400.0,14169600.0,14400.0
1634,SDC-1450,item:773474,0.0,86400000.0,7633582.0
1635,M-1430,item:268967,0.0,7438200.0,44217.000111
1635,M-1810,item:268091,14400.0,14184000.0,14400.0
1635,SDC-1450,item:773474,0.0,86400000.0,7633582.0
1636,M-1430,item:268967,0.0,7438200.0,44217.000111
1636,M-1810,item:268091,14400.0,14198400.0,14400.0
1636,SDC-1450,item:773474,0.0,86400000.0,7633582.0
1637,M-1430,item:268967,0.0,7438200.0,44217.000111
1637,M-1810,item:268091,14400.0,14212800.0,14400.0
1637,SDC-1450,item:773474,0.0,86400000.0,7633582.0
1638,M-1430,item:268967,0.0,7438200.0,44217.000111
1638,M-1810,item:268091,14400.0,14227200.0,14400.0
1638,SDC-1450,item:773474,0.0,86400000.0,7633582.0
1639,M-1430,item:268967,0.0,7438200.0,44217.000111
1639,M-1810,item:268091,14400.0,14241600.0,14400.0
1639,SDC-1450,item:773474,0.0,86400000.0,7633582.0
1640,M-1430,item:268967,0.0,7438200.0,44217.000111
1640,M-1810,item:268091,0.0,14241600.0,8384.163245
1640,SDC-1450,item:773474,0.0,86400000.0,7633582.0
1641,M-1430,item:268967,0.0,7438200.0,44217.000111
1641,M-1810,item:268091,0.0,14241600.0,8384.163245
1641,SDC-1450,item:773474,0.0,86400000.0,7633582.0
1642,M-1430,item:268967,0.0,7438200.0,44217.000111
1642,M-1810,item:268091,0.0,14241600.0,8384.163245
1642,SDC-1450,item:773474,0.0,86400000.0,7633582.0
1643,M-1430,item:268967,0.0,7438200.0,44217.000111
1643,M-1810,item:268091,0.0,14241600.0,8384.163245
1643,SDC-1450,item:773474,0.0,86400000.0,7633582.0
1644,M-1430,item:268967,0.0,7438200.0,44217.000111
1644,M-1810,item:268091,0.0,14241600.0,8130.714259
1644,SDC-1450,item:773474,0.0,86400000.0,7633582.0
1645,M-1430,item:268967,0.0,7438200.0,44217.000111
1645,M-1810,item:268091,0.0,14241600.0,435.387722
1645,SDC-1450,item:773474,0.0,86400000.0,7633582.0
1646,M-1430,item:268967,0.0,7438200.0,44217.000111
1646,M-1810,item:268091,14400.0,14256000.0,14400.0
1646,SDC-1450,item:773474,0.0,86400000.0,7633582.0
1647,M-1430,item:268967,0.0,7438200.0,44217.000111
1647,M-1810,item:268091,14400.0,14270400.0,14400.0
1647,SDC-1450,item:773474,0.0,86400000.0,7633582.0
1648,M-1430,item:268967,0.0,7438200.0,44217.000111
1648,M-1810,item:268091,14400.0,14284800.0,14400.0
1648,SDC-1450,item:773474,0.0,86400000.0,7633582.0
1649,M-1430,item:268967,0.0,7438200.0,44217.000111
1649,M-1810,item:268091,14400.0,14299200.0,14400.0
1649,SDC-1450,item:773474,0.0,86400000.0,7633582.0
1650,M-1430,item:268967,0.0,7438200.0,44217.000111
1650,M-1810,item:268091,14400.0,14313600.0,14400.0
1650,SDC-1450,item:773474,0.0,86400000.0,7633582.0
1651,M-1430,item:268967,0.0,7438200.0,44217.000111
1651,M-1810,item:268091,14400.0,14328000.0,14400.0
1651,SDC-1450,item:773474,0.0,86400000.0,7633582.0
1652,M-1430,item:268967,0.0,7438200.0,44217.000111
1652,M-1810,item:268091,14400.0,14342400.0,14400.0
1652,SDC-1450,item:773474,0.0,86400000.0,7633582.0
1653,M-1430,item:268967,0.0,7438200.0,44217.000111
1653,M-1810,item:268091,14400.0,14356800.0,14400.0
1653,SDC-1450,item:773474,0.0,86400000.0,7633582.0
1654,M-1430,item:268967,0.0,7438200.0,44217.000111
1654,M-1810,item:268091,0.0,14356800.0,13019.938753
1654,SDC-1450,item:773474,0.0,86400000.0,7633582.0
1655,M-1430,item:268967,0.0,7438200.0,44217.000111
1655,M-1810,item:268091,0.0,14356800.0,13019.938753
1655,SDC-1450,item:773474,0.0,86400000.0,7633582.0
1656,M-1430,item:268967,0.0,7438200.0,44217.000111
1656,M-1810,item:268091,0.0,14356800.0,3927.346917
1656,SDC-1450,item:773474,0.0,86400000.0,7633582.0
1657,M-1430,item:268967,0.0,7438200.0,44217.000111
1657,M-1810,item:268091,14400.0,14371200.0,14400.0
1657,SDC-1450,item:773474,0.0,86400000.0,7633582.0
1658,M-1430,item:268967,0.0,7438200.0,44217.000111
1658,M-1810,item:268091,14400.0,14385600.0,14400.0
1658,SDC-1450,item:773474,0.0,86400000.0,7633582.0
1659,M-1430,item:268967,0.0,7438200.0,44217.000111
1659,M-1810,item:268091,0.0,14385600.0,2495.428551
1659,SDC-1450,item:773474,0.0,86400000.0,7633582.0
1660,M-1430,item:268967,0.0,7438200.0,44217.000111
1660,M-1810,item:268091,14400.0,14400000.0,14400.0
1660,SDC-1450,item:773474,0.0,86400000.0,7633582.0
1661,M-1430,item:268967,0.0,7438200.0,44217.000111
1661,M-1810,item:268091,14400.0,14414400.0,14400.0
1661,SDC-1450,item:773474,0.0,86400000.0,7633582.0
1662,M-1430,item:268967,0.0,7438200.0,44217.000111
1662,M-1810,item:268091,14400.0,14428800.0,14400.0
1662,SDC-1450,item:773474,0.0,86400000.0,7633582.0
1663,M-1430,item:268967,0.0,7438200.0,44217.000111
1663,M-1810,item:268091,14400.0,14443200.0,14400.0
1663,SDC-1450,item:773474,0.0,86400000.0,7633582.0
1664,M-1430,item:268967,0.0,7438200.0,44217.000111
1664,M-1810,item:268091,14400.0,14457600.0,14400.0
1664,SDC-1450,item:773474,0.0,86400000.0,7633582.0
1665,M-1430,item:268967,0.0,7438200.0,44217.000111
1665,M-1810,item:268091,14400.0,14472000.0,14400.0
1665,SDC-1450,item:773474,0.0,86400000.0,7633582.0
1666,M-1430,item:268967,0.0,7438200.0,44217.000111
1666,M-1810,item:268091,14400.0,14486400.0,14400.0
1666,SDC-1450,item:773474,0.0,86400000.0,7633582.0
1667,M-1430,item:268967,0.0,7438200.0,44217.000111
1667,M-1810,item:268091,14400.0,14500800.0,14400.0
1667,SDC-1450,item:773474,0.0,86400000.0,7633582.0
1668,M-1430,item:268967,0.0,7438200.0,44217.000111
1668,M-1810,item:268091,14400.0,14515200.0,14400.0
1668,SDC-1450,item:773474,0.0,86400000.0,7633582.0
1669,M-1430,item:268967,0.0,7438200.0,44217.000111
1669,M-1810,item:268091,0.0,14515200.0,1788.67345
1669,SDC-1450,item:773474,0.0,86400000.0,7633582.0
1670,M-1430,item:268967,0.0,7438200.0,44217.000111
1670,M-1810,item:268091,0.0,14515200.0,1788.67345
1670,SDC-1450,item:773474,0.0,86400000.0,7633582.0
1671,M-1430,item:268967,0.0,7438200.0,44217.000111
1671,M-1810,item:268091,0.0,14515200.0,1788.67345
1671,SDC-1450,item:773474,0.0,86400000.0,7633582.0
1672,M-1430,item:268967,0.0,7438200.0,44217.000111
1672,M-1810,item:268091,0.0,14515200.0,1788.67345
1672,SDC-1450,item:773474,0.0,86400000.0,7633582.0
1673,M-1430,item:268967,0.0,7438200.0,44217.000111
1673,M-1810,item:268091,0.0,14515200.0,1788.67345
1673,SDC-1450,item:773474,0.0,86400000.0,7633582.0
1674,M-1430,item:268967,0.0,7438200.0,44217.000111
1674,M-1810,item:268091,0.0,14515200.0,1788.67345
1674,SDC-1450,item:773474,0.0,86400000.0,7633582.0
1675,M-1430,item:268967,0.0,7438200.0,44217.000111
1675,M-1810,item:268091,0.0,14515200.0,1788.67345
1675,SDC-1450,item:773474,0.0,86400000.0,7633582.0
1676,M-1430,item:268967,0.0,7438200.0,44217.000111
1676,M-1810,item:268091,0.0,14515200.0,1788.67345
1676,SDC-1450,item:773474,0.0,86400000.0,7633582.0
1677,M-1430,item:268967,0.0,7438200.0,44217.000111
1677,M-1810,item:268091,0.0,14515200.0,1788.67345
1677,SDC-1450,item:773474,0.0,86400000.0,7633582.0
1678,M-1430,item:268967,0.0,7438200.0,44217.000111
1678,M-1810,item:268091,0.0,14515200.0,1788.67345
1678,SDC-1450,item:773474,0.0,86400000.0,7633582.0
1679,M-1430,item:268967,0.0,7438200.0,44217.000111
1679,M-1810,item:268091,0.0,14515200.0,1788.67345
1679,SDC-1450,item:773474,0.0,86400000.0,7633582.0
1680,M-1430,item:268967,0.0,7438200.0,44217.000111
1680,M-1810,item:268091,0.0,14515200.0,1788.67345
1680,SDC-1450,item:773474,0.0,86400000.0,7633582.0
1681,M-1430,item:268967,0.0,7438200.0,44217.000111
1681,M-1810,item:268091,0.0,14515200.0,1788.67345
1681,SDC-1450,item:773474,0.0,86400000.0,7633582.0
1682,M-1430,item:268967,0.0,7438200.0,44217.000111
1682,M-1810,item:268091,0.0,14515200.0,1788.67345
1682,SDC-1450,item:773474,0.0,86400000.0,7633582.0
1683,M-1430,item:268967,0.0,7438200.0,44217.000111
1683,M-1810,item:268091,0.0,14515200.0,1788.67345
1683,SDC-1450,item:773474,0.0,86400000.0,7633582.0
1684,M-1430,item:268967,0.0,7438200.0,44217.000111
1684,M-1810,item:268091,0.0,14515200.0,1788.67345
1684,SDC-1450,item:773474,0.0,86400000.0,7633582.0
1685,M-1430,item:268967,0.0,7438200.0,44217.000111
1685,M-1810,item:268091,0.0,14515200.0,929.71426
1685,SDC-1450,item:773474,0.0,86400000.0,7633582.0
1686,M-1430,item:268967,0.0,7438200.0,44217.000111
1686,M-1810,item:268091,14400.0,14529600.0,14400.0
1686,SDC-1450,item:773474,0.0,86400000.0,7633582.0
1687,M-1430,item:268967,0.0,7438200.0,44217.000111
1687,M-1810,item:268091,14400.0,14544000.0,14400.0
1687,SDC-1450,item:773474,0.0,86400000.0,7633582.0
1688,M-1430,item:268967,0.0,7438200.0,44217.000111
1688,M-1810,item:268091,14400.0,14558400.0,14400.0
1688,SDC-1450,item:773474,0.0,86400000.0,7633582.0
1689,M-1430,item:268967,0.0,7438200.0,44217.000111
1689,M-1810,item:268091,14400.0,14572800.0,14400.0
1689,SDC-1450,item:773474,0.0,86400000.0,7633582.0
1690,M-1430,item:268967,0.0,7438200.0,44217.000111
1690,M-1810,item:268091,0.0,14572800.0,6685.877525
1690,SDC-1450,item:773474,0.0,86400000.0,7633582.0
1691,M-1430,item:268967,0.0,7438200.0,44217.000111
1691,M-1810,item:268091,14400.0,14587200.0,14400.0
1691,SDC-1450,item:773474,0.0,86400000.0,7633582.0
1692,M-1430,item:268967,0.0,7438200.0,44217.000111
1692,M-1810,item:268091,14400.0,14601600.0,14400.0
1692,SDC-1450,item:773474,0.0,86400000.0,7633582.0
1693,M-1430,item:268967,0.0,7438200.0,44217.000111
1693,M-1810,item:268091,14400.0,14616000.0,14400.0
1693,SDC-1450,item:773474,0.0,86400000.0,7633582.0
1694,M-1430,item:268967,0.0,7438200.0,44217.000111
1694,M-1810,item:268091,14400.0,14630400.0,14400.0
1694,SDC-1450,item:773474,0.0,86400000.0,7633582.0
1695,M-1430,item:268967,0.0,7438200.0,44217.000111
1695,M-1810,item:268091,14400.0,14644800.0,14400.0
1695,SDC-1450,item:773474,0.0,86400000.0,7633582.0
1696,M-1430,item:268967,0.0,7438200.0,44217.000111
1696,M-1810,item:268091,14400.0,14659200.0,14400.0
1696,SDC-1450,item:773474,0.0,86400000.0,7633582.0
1697,M-1430,item:268967,0.0,7438200.0,44217.000111
1697,M-1810,item:268091,14400.0,14673600.0,14400.0
1697,SDC-1450,item:773474,0.0,86400000.0,7633582.0
1698,M-1430,item:268967,0.0,7438200.0,29888.38787
1698,M-1810,item:268091,14400.0,14688000.0,14400.0
1698,SDC-1450,item:773474,0.0,86400000.0,7633582.0
1699,M-1430,item:268967,107800.0,7546000.0,107800.0
1699,M-1810,item:268091,14400.0,14702400.0,14400.0
1699,SDC-1450,item:773474,0.0,86400000.0,7633582.0
1700,M-1430,item:268967,0.0,7546000.0,41543.714286
1700,M-1810,item:268091,14400.0,14716800.0,14400.0
1700,SDC-1450,item:773474,0.0,86400000.0,6592804.0
1701,M-1430,item:268967,0.0,7546000.0,19504.428683
1701,M-1810,item:268091,14400.0,14731200.0,14400.0
1701,SDC-1450,item:773474,0.0,86400000.0,6592804.0
1702,M-1430,item:268967,0.0,7546000.0,19504.428683
1702,M-1810,item:268091,14400.0,14745600.0,14400.0
1702,SDC-1450,item:773474,0.0,86400000.0,6592804.0
1703,M-1430,item:268967,0.0,7546000.0,19504.428683
1703,M-1810,item:268091,0.0,14745600.0,6151.59181
1703,SDC-1450,item:773474,0.0,86400000.0,6592804.0
1704,M-1430,item:268967,0.0,7546000.0,19504.428683
1704,M-1810,item:268091,14400.0,14760000.0,14400.0
1704,SDC-1450,item:773474,0.0,86400000.0,6592804.0
1705,M-1430,item:268967,0.0,7546000.0,19504.428683
1705,M-1810,item:268091,0.0,14760000.0,14400.0
1705,SDC-1450,item:773474,0.0,86400000.0,6592804.0
1706,M-1430,item:268967,0.0,7546000.0,19504.428683
1706,M-1810,item:268091,0.0,14760000.0,14400.0
1706,SDC-1450,item:773474,0.0,86400000.0,6592804.0
1707,M-1430,item:268967,0.0,7546000.0,19504.428683
1707,M-1810,item:268091,0.0,14760000.0,9375.999974
1707,SDC-1450,item:773474,0.0,86400000.0,6592804.0
1708,M-1430,item:268967,0.0,7546000.0,19504.428683
1708,M-1810,item:268091,14400.0,14774400.0,14400.0
1708,SDC-1450,item:773474,0.0,86400000.0,6592804.0
1709,M-1430,item:268967,0.0,7546000.0,19504.428683
1709,M-1810,item:268091,14400.0,14788800.0,14400.0
1709,SDC-1450,item:773474,0.0,86400000.0,6592804.0
1710,M-1430,item:268967,0.0,7546000.0,19504.428683
1710,M-1810,item:268091,14400.0,14803200.0,14400.0
1710,SDC-1450,item:773474,0.0,86400000.0,6592804.0
1711,M-1430,item:268967,0.0,7546000.0,19504.428683
1711,M-1810,item:268091,0.0,14803200.0,1283.653038
1711,SDC-1450,item:773474,0.0,86400000.0,6592804.0
1712,M-1430,item:268967,0.0,7546000.0,19504.428683
1712,M-1810,item:268091,14400.0,14817600.0,14400.0
1712,SDC-1450,item:773474,0.0,86400000.0,6592804.0
1713,M-1430,item:268967,0.0,7546000.0,19504.428683
1713,M-1810,item:268091,0.0,14817600.0,10490.85712
1713,SDC-1450,item:773474,0.0,86400000.0,6592804.0
1714,M-1430,item:268967,0.0,7546000.0,19504.428683
1714,M-1810,item:268091,14400.0,14832000.0,14400.0
1714,SDC-1450,item:773474,0.0,86400000.0,6592804.0
1715,M-1430,item:268967,0.0,7546000.0,19504.428683
1715,M-1810,item:268091,0.0,14832000.0,1836.693855
1715,SDC-1450,item:773474,0.0,86400000.0,6592804.0
1716,M-1430,item:268967,0.0,7546000.0,19504.428683
1716,M-1810,item:268091,14400.0,14846400.0,14400.0
1716,SDC-1450,item:773474,0.0,86400000.0,6592804.0
1717,M-1430,item:268967,0.0,7546000.0,19504.428683
1717,M-1810,item:268091,14400.0,14860800.0,14400.0
1717,SDC-1450,item:773474,0.0,86400000.0,6592804.0
1718,M-1430,item:268967,0.0,7546000.0,19504.428683
1718,M-1810,item:268091,14400.0,14875200.0,14400.0
1718,SDC-1450,item:773474,0.0,86400000.0,6592804.0
1719,M-1430,item:268967,0.0,7546000.0,19504.428683
1719,M-1810,item:268091,14400.0,14889600.0,14400.0
1719,SDC-1450,item:773474,0.0,86400000.0,6592804.0
1720,M-1430,item:268967,0.0,7546000.0,19504.428683
1720,M-1810,item:268091,14400.0,14904000.0,14400.0
1720,SDC-1450,item:773474,0.0,86400000.0,6592804.0
1721,M-1430,item:268967,0.0,7546000.0,19504.428683
1721,M-1810,item:268091,14400.0,14918400.0,14400.0
1721,SDC-1450,item:773474,0.0,86400000.0,6592804.0
1722,M-1430,item:268967,0.0,7546000.0,19504.428683
1722,M-1810,item:268091,14400.0,14932800.0,14400.0
1722,SDC-1450,item:773474,0.0,86400000.0,6592804.0
1723,M-1430,item:268967,0.0,7546000.0,19504.428683
1723,M-1810,item:268091,14400.0,14947200.0,14400.0
1723,SDC-1450,item:773474,0.0,86400000.0,6592804.0
1724,M-1430,item:268967,0.0,7546000.0,19504.428683
1724,M-1810,item:268091,14400.0,14961600.0,14400.0
1724,SDC-1450,item:773474,0.0,86400000.0,6592804.0
1725,M-1430,item:268967,0.0,7546000.0,19504.428683
1725,M-1810,item:268091,14400.0,14976000.0,14400.0
1725,SDC-1450,item:773474,0.0,86400000.0,6592804.0
1726,M-1430,item:268967,0.0,7546000.0,19504.428683
1726,M-1810,item:268091,14400.0,14990400.0,14400.0
1726,SDC-1450,item:773474,0.0,86400000.0,6592804.0
1727,M-1430,item:268967,0.0,7546000.0,19504.428683
1727,M-1810,item:268091,14400.0,15004800.0,14400.0
1727,SDC-1450,item:773474,0.0,86400000.0,6592804.0
1728,M-1430,item:268967,0.0,7546000.0,19504.428683
1728,M-1810,item:268091,14400.0,15019200.0,14400.0
1728,SDC-1450,item:773474,0.0,86400000.0,6592804.0
1729,M-1430,item:268967,0.0,7546000.0,19504.428683
1729,M-1810,item:268091,14400.0,15033600.0,14400.0
1729,SDC-1450,item:773474,0.0,86400000.0,6592804.0
1730,M-1430,item:268967,0.0,7546000.0,19504.428683
1730,M-1810,item:268091,14400.0,15048000.0,14400.0
1730,SDC-1450,item:773474,0.0,86400000.0,6592804.0
1731,M-1430,item:268967,0.0,7546000.0,19504.428683
1731,M-1810,item:268091,0.0,15048000.0,13004.489772
1731,SDC-1450,item:773474,0.0,86400000.0,6592804.0
1732,M-1430,item:268967,0.0,7546000.0,19504.428683
1732,M-1810,item:268091,0.0,15048000.0,13004.489772
1732,SDC-1450,item:773474,0.0,86400000.0,6592804.0
1733,M-1430,item:268967,0.0,7546000.0,19504.428683
1733,M-1810,item:268091,0.0,15048000.0,13004.489772
1733,SDC-1450,item:773474,0.0,86400000.0,6592804.0
1734,M-1430,item:268967,0.0,7546000.0,19504.428683
1734,M-1810,item:268091,0.0,15048000.0,13004.489772
1734,SDC-1450,item:773474,0.0,86400000.0,6592804.0
1735,M-1430,item:268967,0.0,7546000.0,19504.428683
1735,M-1810,item:268091,0.0,15048000.0,13004.489772
1735,SDC-1450,item:773474,0.0,86400000.0,6592804.0
1736,M-1430,item:268967,0.0,7546000.0,19504.428683
1736,M-1810,item:268091,0.0,15048000.0,13004.489772
1736,SDC-1450,item:773474,0.0,86400000.0,6592804.0
1737,M-1430,item:268967,0.0,7546000.0,19504.428683
1737,M-1810,item:268091,0.0,15048000.0,3559.877523
1737,SDC-1450,item:773474,0.0,86400000.0,6592804.0
1738,M-1430,item:268967,0.0,7546000.0,19504.428683
1738,M-1810,item:268091,14400.0,15062400.0,14400.0
1738,SDC-1450,item:773474,0.0,86400000.0,6592804.0
1739,M-1430,item:268967,0.0,7546000.0,19504.428683
1739,M-1810,item:268091,14400.0,15076800.0,14400.0
1739,SDC-1450,item:773474,0.0,86400000.0,6592804.0
1740,M-1430,item:268967,0.0,7546000.0,19504.428683
1740,M-1810,item:268091,14400.0,15091200.0,14400.0
1740,SDC-1450,item:773474,0.0,86400000.0,6592804.0
1741,M-1430,item:268967,0.0,7546000.0,19504.428683
1741,M-1810,item:268091,14400.0,15105600.0,14400.0
1741,SDC-1450,item:773474,0.0,86400000.0,6592804.0
1742,M-1430,item:268967,0.0,7546000.0,19504.428683
1742,M-1810,item:268091,14400.0,15120000.0,14400.0
1742,SDC-1450,item:773474,0.0,86400000.0,6592804.0
1743,M-1430,item:268967,0.0,7546000.0,17735.265425
1743,M-1810,item:268091,14400.0,15134400.0,14400.0
1743,SDC-1450,item:773474,0.0,86400000.0,6592804.0
1744,M-1430,item:268967,0.0,7546000.0,11448.510323
1744,M-1810,item:268091,14400.0,15148800.0,14400.0
1744,SDC-1450,item:773474,0.0,86400000.0,6592804.0
1745,M-1430,item:268967,107800.0,7653800.0,107800.0
1745,M-1810,item:268091,0.0,15148800.0,12498.387726
1745,SDC-1450,item:773474,0.0,86400000.0,6592804.0
1746,M-1430,item:268967,0.0,7653800.0,106428.510323
1746,M-1810,item:268091,14400.0,15163200.0,14400.0
1746,SDC-1450,item:773474,3200000.0,89600000.0,8752025.0
1747,M-1430,item:268967,0.0,7653800.0,98523.775747
1747,M-1810,item:268091,14400.0,15177600.0,14400.0
1747,SDC-1450,item:773474,0.0,89600000.0,8752025.0
1748,M-1430,item:268967,0.0,7653800.0,85375.122686
1748,M-1810,item:268091,14400.0,15192000.0,14400.0
1748,SDC-1450,item:773474,0.0,89600000.0,8752025.0
1749,M-1430,item:268967,0.0,7653800.0,73433.63277
1749,M-1810,item:268091,14400.0,15206400.0,14400.0
1749,SDC-1450,item:773474,0.0,89600000.0,8752025.0
1750,M-1430,item:268967,0.0,7653800.0,57445.448978
1750,M-1810,item:268091,14400.0,15220800.0,14400.0
1750,SDC-1450,item:773474,0.0,89600000.0,8752025.0
1751,M-1430,item:268967,0.0,7653800.0,57445.448978
1751,M-1810,item:268091,14400.0,15235200.0,14400.0
1751,SDC-1450,item:773474,0.0,89600000.0,8752025.0
1752,M-1430,item:268967,0.0,7653800.0,57445.448978
1752,M-1810,item:268091,14400.0,15249600.0,14400.0
1752,SDC-1450,item:773474,0.0,89600000.0,8752025.0
1753,M-1430,item:268967,0.0,7653800.0,57445.448978
1753,M-1810,item:268091,14400.0,15264000.0,14400.0
1753,SDC-1450,item:773474,0.0,89600000.0,8752025.0
1754,M-1430,item:268967,0.0,7653800.0,55748.877671
1754,M-1810,item:268091,0.0,15264000.0,6805.040789
1754,SDC-1450,item:773474,0.0,89600000.0,8752025.0
1755,M-1430,item:268967,0.0,7653800.0,45053.428815
1755,M-1810,item:268091,0.0,15264000.0,30.612192
1755,SDC-1450,item:773474,0.0,89600000.0,8752025.0
1756,M-1430,item:268967,0.0,7653800.0,26834.408411
1756,M-1810,item:268091,14400.0,15278400.0,14400.0
1756,SDC-1450,item:773474,0.0,89600000.0,8752025.0
1757,M-1430,item:268967,0.0,7653800.0,18110.551149
1757,M-1810,item:268091,14400.0,15292800.0,14400.0
1757,SDC-1450,item:773474,0.0,89600000.0,8752025.0
1758,M-1430,item:268967,0.0,7653800.0,18110.551149
1758,M-1810,item:268091,0.0,15292800.0,3458.693853
1758,SDC-1450,item:773474,0.0,89600000.0,8752025.0
1759,M-1430,item:268967,0.0,7653800.0,18110.551149
1759,M-1810,item:268091,0.0,15292800.0,3458.693853
1759,SDC-1450,item:773474,0.0,89600000.0,8752025.0
1760,M-1430,item:268967,0.0,7653800.0,17368.714293
1760,M-1810,item:268091,0.0,15292800.0,3458.693853
1760,SDC-1450,item:773474,0.0,89600000.0,8752025.0
1761,M-1430,item:268967,0.0,7653800.0,10568.163151
1761,M-1810,item:268091,0.0,15292800.0,3458.693853
1761,SDC-1450,item:773474,0.0,89600000.0,8752025.0
1762,M-1430,item:268967,0.0,7653800.0,7502.734699
1762,M-1810,item:268091,0.0,15292800.0,2614.999975
1762,SDC-1450,item:773474,0.0,89600000.0,8752025.0
1763,M-1430,item:268967,0.0,7653800.0,2100.306128
1763,M-1810,item:268091,14400.0,15307200.0,14400.0
1763,SDC-1450,item:773474,0.0,89600000.0,8752025.0
1764,M-1430,item:268967,107800.0,7761600.0,107800.0
1764,M-1810,item:268091,0.0,15307200.0,1802.102041
1764,SDC-1450,item:773474,0.0,89600000.0,8752025.0
1765,M-1430,item:268967,0.0,7761600.0,98459.428572
1765,M-1810,item:268091,14400.0,15321600.0,14400.0
1765,SDC-1450,item:773474,0.0,89600000.0,7711246.0
1766,M-1430,item:268967,0.0,7761600.0,92519.285842
1766,M-1810,item:268091,0.0,15321600.0,1850.795893
1766,SDC-1450,item:773474,0.0,89600000.0,7711246.0
1767,M-1430,item:268967,0.0,7761600.0,91990.857272
1767,M-1810,item:268091,14400.0,15336000.0,14400.0
1767,SDC-1450,item:773474,0.0,89600000.0,7711246.0
1768,M-1430,item:268967,0.0,7761600.0,77650.285844
1768,M-1810,item:268091,14400.0,15350400.0,14400.0
1768,SDC-1450,item:773474,0.0,89600000.0,7711246.0
1769,M-1430,item:268967,0.0,7761600.0,48415.714416
1769,M-1810,item:268091,14400.0,15364800.0,14400.0
1769,SDC-1450,item:773474,0.0,89600000.0,7711246.0
1770,M-1430,item:268967,0.0,7761600.0,18074.285845
1770,M-1810,item:268091,14400.0,15379200.0,14400.0
1770,SDC-1450,item:773474,0.0,89600000.0,7711246.0
1771,M-1430,item:268967,0.0,7761600.0,16967.428702
1771,M-1810,item:268091,14400.0,15393600.0,14400.0
1771,SDC-1450,item:773474,0.0,89600000.0,7711246.0
1772,M-1430,item:268967,0.0,7761600.0,16967.428702
1772,M-1810,item:268091,14400.0,15408000.0,14400.0
1772,SDC-1450,item:773474,0.0,89600000.0,7711246.0
1773,M-1430,item:268967,0.0,7761600.0,16967.428702
1773,M-1810,item:268091,0.0,15408000.0,1554.244873
1773,SDC-1450,item:773474,0.0,89600000.0,7711246.0
1774,M-1430,item:268967,0.0,7761600.0,16967.428702
1774,M-1810,item:268091,14400.0,15422400.0,14400.0
1774,SDC-1450,item:773474,0.0,89600000.0,7711246.0
1775,M-1430,item:268967,0.0,7761600.0,16967.428702
1775,M-1810,item:268091,0.0,15422400.0,3845.224489
1775,SDC-1450,item:773474,0.0,89600000.0,7711246.0
1776,M-1430,item:268967,0.0,7761600.0,16967.428702
1776,M-1810,item:268091,14400.0,15436800.0,14400.0
1776,SDC-1450,item:773474,0.0,89600000.0,7711246.0
1777,M-1430,item:268967,0.0,7761600.0,16967.428702
1777,M-1810,item:268091,14400.0,15451200.0,14400.0
1777,SDC-1450,item:773474,0.0,89600000.0,7711246.0
1778,M-1430,item:268967,0.0,7761600.0,16967.428702
1778,M-1810,item:268091,14400.0,15465600.0,14400.0
1778,SDC-1450,item:773474,0.0,89600000.0,7711246.0
1779,M-1430,item:268967,0.0,7761600.0,16967.428702
1779,M-1810,item:268091,14400.0,15480000.0,14400.0
1779,SDC-1450,item:773474,0.0,89600000.0,7711246.0
1780,M-1430,item:268967,0.0,7761600.0,16967.428702
1780,M-1810,item:268091,14400.0,15494400.0,14400.0
1780,SDC-1450,item:773474,0.0,89600000.0,7711246.0
1781,M-1430,item:268967,0.0,7761600.0,16967.428702
1781,M-1810,item:268091,14400.0,15508800.0,14400.0
1781,SDC-1450,item:773474,0.0,89600000.0,7711246.0
1782,M-1430,item:268967,0.0,7761600.0,16967.428702
1782,M-1810,item:268091,28800.0,15537600.0,28800.0
1782,SDC-1450,item:773474,0.0,89600000.0,7711246.0
1783,M-1430,item:268967,0.0,7761600.0,9044.857272
1783,M-1810,item:268091,28800.0,15566400.0,28800.0
1783,SDC-1450,item:773474,0.0,89600000.0,7711246.0
1784,M-1430,item:268967,107800.0,7869400.0,107800.0
1784,M-1810,item:268091,28800.0,15595200.0,28800.0
1784,SDC-1450,item:773474,0.0,89600000.0,7711246.0
1785,M-1430,item:268967,0.0,7869400.0,95061.653061
1785,M-1810,item:268091,28800.0,15624000.0,28800.0
1785,SDC-1450,item:773474,0.0,89600000.0,6670468.0
1786,M-1430,item:268967,0.0,7869400.0,77462.897959
1786,M-1810,item:268091,28800.0,15652800.0,28800.0
1786,SDC-1450,item:773474,0.0,89600000.0,6670468.0
1787,M-1430,item:268967,0.0,7869400.0,76053.163395
1787,M-1810,item:268091,28800.0,15681600.0,28800.0
1787,SDC-1450,item:773474,0.0,89600000.0,6670468.0
1788,M-1430,item:268967,0.0,7869400.0,76053.163395
1788,M-1810,item:268091,0.0,15681600.0,1035.510177
1788,SDC-1450,item:773474,0.0,89600000.0,6670468.0
1789,M-1430,item:268967,0.0,7869400.0,72732.3472
1789,M-1810,item:268091,14400.0,15696000.0,14400.0
1789,SDC-1450,item:773474,0.0,89600000.0,6670468.0
1790,M-1430,item:268967,0.0,7869400.0,60689.326795
1790,M-1810,item:268091,0.0,15696000.0,6680.775511
1790,SDC-1450,item:773474,0.0,89600000.0,6670468.0
1791,M-1430,item:268967,0.0,7869400.0,41583.836872
1791,M-1810,item:268091,14400.0,15710400.0,14400.0
1791,SDC-1450,item:773474,0.0,89600000.0,6670468.0
1792,M-1430,item:268967,0.0,7869400.0,33028.469394
1792,M-1810,item:268091,14400.0,15724800.0,14400.0
1792,SDC-1450,item:773474,0.0,89600000.0,6670468.0
1793,M-1430,item:268967,0.0,7869400.0,23338.305996
1793,M-1810,item:268091,14400.0,15739200.0,14400.0
1793,SDC-1450,item:773474,0.0,89600000.0,6670468.0
1794,M-1430,item:268967,0.0,7869400.0,12871.448719
1794,M-1810,item:268091,0.0,15739200.0,5330.367322
1794,SDC-1450,item:773474,0.0,89600000.0,6670468.0
1795,M-1430,item:268967,0.0,7869400.0,12871.448719
1795,M-1810,item:268091,0.0,15739200.0,5330.367322
1795,SDC-1450,item:773474,0.0,89600000.0,6670468.0
1796,M-1430,item:268967,0.0,7869400.0,12871.448719
1796,M-1810,item:268091,0.0,15739200.0,5330.367322
1796,SDC-1450,item:773474,0.0,89600000.0,6670468.0
1797,M-1430,item:268967,0.0,7869400.0,12871.448719
1797,M-1810,item:268091,0.0,15739200.0,5330.367322
1797,SDC-1450,item:773474,0.0,89600000.0,6670468.0
1798,M-1430,item:268967,0.0,7869400.0,12871.448719
1798,M-1810,item:268091,0.0,15739200.0,5330.367322
1798,SDC-1450,item:773474,0.0,89600000.0,6670468.0
1799,M-1430,item:268967,0.0,7869400.0,12871.448719
1799,M-1810,item:268091,0.0,15739200.0,5330.367322
1799,SDC-1450,item:773474,0.0,89600000.0,6670468.0
1800,M-1430,item:268967,0.0,7869400.0,12871.448719
1800,M-1810,item:268091,14400.0,15753600.0,14400.0
1800,SDC-1450,item:773474,0.0,89600000.0,6670468.0
1801,M-1430,item:268967,0.0,7869400.0,12871.448719
1801,M-1810,item:268091,14400.0,15768000.0,14400.0
1801,SDC-1450,item:773474,0.0,89600000.0,6670468.0
1802,M-1430,item:268967,0.0,7869400.0,12871.448719
1802,M-1810,item:268091,14400.0,15782400.0,14400.0
1802,SDC-1450,item:773474,0.0,89600000.0,6670468.0
1803,M-1430,item:268967,0.0,7869400.0,10126.632785
1803,M-1810,item:268091,14400.0,15796800.0,14400.0
1803,SDC-1450,item:773474,0.0,89600000.0,6670468.0
1804,M-1430,item:268967,107800.0,7977200.0,107800.0
1804,M-1810,item:268091,14400.0,15811200.0,14400.0
1804,SDC-1450,item:773474,0.0,89600000.0,6670468.0
1805,M-1430,item:268967,0.0,7977200.0,89630.979986
1805,M-1810,item:268091,14400.0,15825600.0,14400.0
1805,SDC-1450,item:773474,3200000.0,92800000.0,8829689.0
1806,M-1430,item:268967,0.0,7977200.0,68711.368135
1806,M-1810,item:268091,14400.0,15840000.0,14400.0
1806,SDC-1450,item:773474,0.0,92800000.0,8829689.0
1807,M-1430,item:268967,0.0,7977200.0,68711.368135
1807,M-1810,item:268091,28800.0,15868800.0,28800.0
1807,SDC-1450,item:773474,0.0,92800000.0,8829689.0
1808,M-1430,item:268967,0.0,7977200.0,64781.307043
1808,M-1810,item:268091,28800.0,15897600.0,28800.0
1808,SDC-1450,item:773474,0.0,92800000.0,8829689.0
1809,M-1430,item:268967,0.0,7977200.0,52380.837397
1809,M-1810,item:268091,28800.0,15926400.0,28800.0
1809,SDC-1450,item:773474,0.0,92800000.0,8829689.0
1810,M-1430,item:268967,0.0,7977200.0,52380.837397
1810,M-1810,item:268091,28800.0,15955200.0,28800.0
1810,SDC-1450,item:773474,0.0,92800000.0,8829689.0
1811,M-1430,item:268967,0.0,7977200.0,52380.837397
1811,M-1810,item:268091,28800.0,15984000.0,28800.0
1811,SDC-1450,item:773474,0.0,92800000.0,8829689.0
1812,M-1430,item:268967,0.0,7977200.0,41447.85728
1812,M-1810,item:268091,28800.0,16012800.0,28800.0
1812,SDC-1450,item:773474,0.0,92800000.0,8829689.0
1813,M-1430,item:268967,0.0,7977200.0,30514.877163
1813,M-1810,item:268091,28800.0,16041600.0,28800.0
1813,SDC-1450,item:773474,0.0,92800000.0,8829689.0
1814,M-1430,item:268967,0.0,7977200.0,30514.877163
1814,M-1810,item:268091,28800.0,16070400.0,28800.0
1814,SDC-1450,item:773474,0.0,92800000.0,8829689.0
1815,M-1430,item:268967,0.0,7977200.0,30514.877163
1815,M-1810,item:268091,28800.0,16099200.0,28800.0
1815,SDC-1450,item:773474,0.0,92800000.0,8829689.0
1816,M-1430,item:268967,0.0,7977200.0,30514.877163
1816,M-1810,item:268091,28800.0,16128000.0,28800.0
1816,SDC-1450,item:773474,0.0,92800000.0,8829689.0
1817,M-1430,item:268967,0.0,7977200.0,30514.877163
1817,M-1810,item:268091,28800.0,16156800.0,28800.0
1817,SDC-1450,item:773474,0.0,92800000.0,8829689.0
1818,M-1430,item:268967,0.0,7977200.0,30514.877163
1818,M-1810,item:268091,0.0,16156800.0,22290.714263
1818,SDC-1450,item:773474,0.0,92800000.0,8829689.0
1819,M-1430,item:268967,0.0,7977200.0,30514.877163
1819,M-1810,item:268091,0.0,16156800.0,5166.571384
1819,SDC-1450,item:773474,0.0,92800000.0,8829689.0
1820,M-1430,item:268967,0.0,7977200.0,30514.877163
1820,M-1810,item:268091,0.0,16156800.0,5166.571384
1820,SDC-1450,item:773474,0.0,92800000.0,8829689.0
1821,M-1430,item:268967,0.0,7977200.0,30514.877163
1821,M-1810,item:268091,0.0,16156800.0,5166.571384
1821,SDC-1450,item:773474,0.0,92800000.0,8829689.0
1822,M-1430,item:268967,0.0,7977200.0,30514.877163
1822,M-1810,item:268091,0.0,16156800.0,5166.571384
1822,SDC-1450,item:773474,0.0,92800000.0,8829689.0
1823,M-1430,item:268967,0.0,7977200.0,30514.877163
1823,M-1810,item:268091,0.0,16156800.0,5166.571384
1823,SDC-1450,item:773474,0.0,92800000.0,8829689.0
1824,M-1430,item:268967,0.0,7977200.0,30514.877163
1824,M-1810,item:268091,0.0,16156800.0,5166.571384
1824,SDC-1450,item:773474,0.0,92800000.0,8829689.0
