day,node_id,output_item_id,desired_qty,planned_qty_after_lot_rule,actual_qty,cap_qty,capacity_limit_mode,max_from_inputs_qty,binding_cause,binding_input_item_id,shortfall_vs_desired_qty,shortfall_vs_lot_plan_qty,lot_policy_mode,lot_fixed_qty,lot_min_qty,lot_max_qty,lot_multiple_qty,max_lots_per_week,started_lots_this_week,requested_lot_starts,actual_lot_starts,campaign_requested_qty,campaign_started_qty,campaign_remaining_start_qty,campaign_remaining_end_qty
0,M-1430,item:268967,2562.857143,107800.0,107800.0,154000.0,finite,142250.0,none,,0.0,0.0,fixed,107800.0,107800.0,107800.0,0.0,10,1,1,1,107800.0,107800.0,107800.0,0.0
0,M-1810,item:268091,1900.0,14400.0,14400.0,203550.0,finite,354000.0,none,,0.0,0.0,min_max,0.0,14400.0,142485.0,14400.0,10,1,1,1,14400.0,14400.0,14400.0,0.0
1,SDC-1450,item:773474,3109461.2576,3200000.0,3200000.0,0.0,unmodeled,127751677.852349,none,,0.0,0.0,fixed,3200000.0,0.0,0.0,0.0,10,1,1,1,3200000.0,3200000.0,3200000.0,0.0
2,M-1810,item:268091,2252.04898,14400.0,14400.0,203550.0,finite,339600.0,none,,0.0,0.0,min_max,0.0,14400.0,142485.0,14400.0,10,2,1,1,14400.0,14400.0,14400.0,0.0
2,SDC-1450,item:773474,3299509.30912,6400000.0,6400000.0,0.0,unmodeled,124551677.852349,none,,0.0,0.0,fixed,3200000.0,0.0,0.0,0.0,10,3,2,2,6400000.0,6400000.0,6400000.0,0.0
3,M-1430,item:268967,3316.751021,107800.0,0.0,154000.0,finite,34450.0,input_shortage,item:333362,3316.751021,107800.0,fixed,107800.0,107800.0,107800.0,0.0,10,2,1,1,107800.0,107800.0,107800.0,107800.0
3,M-1810,item:268091,3068.483265,14400.0,14400.0,203550.0,finite,325200.0,none,,0.0,0.0,min_max,0.0,14400.0,142485.0,14400.0,10,3,1,1,14400.0,14400.0,14400.0,0.0
4,M-1430,item:268967,4402.256327,107800.0,0.0,154000.0,finite,34450.0,input_shortage,item:333362,4402.256327,107800.0,fixed,107800.0,107800.0,107800.0,0.0,10,2,0,0,0.0,0.0,107800.0,107800.0
4,M-1810,item:268091,3597.794612,14400.0,14400.0,203550.0,finite,310800.0,none,,0.0,0.0,min_max,0.0,14400.0,142485.0,14400.0,10,4,1,1,14400.0,14400.0,14400.0,0.0
4,SDC-1450,item:773474,3109461.2576,3200000.0,3200000.0,0.0,unmodeled,118151677.852349,none,,0.0,0.0,fixed,3200000.0,0.0,0.0,0.0,10,4,1,1,3200000.0,3200000.0,3200000.0,0.0
5,M-1430,item:268967,5041.51249,107800.0,0.0,154000.0,finite,34450.0,input_shortage,item:333362,5041.51249,107800.0,fixed,107800.0,107800.0,107800.0,0.0,10,2,0,0,0.0,0.0,107800.0,107800.0
5,M-1810,item:268091,4069.681372,14400.0,14400.0,203550.0,finite,296400.0,none,,0.0,0.0,min_max,0.0,14400.0,142485.0,14400.0,10,5,1,1,14400.0,14400.0,14400.0,0.0
5,SDC-1450,item:773474,3731353.50912,6400000.0,6400000.0,0.0,unmodeled,114951677.852349,none,,0.0,0.0,fixed,3200000.0,0.0,0.0,0.0,10,6,2,2,6400000.0,6400000.0,6400000.0,0.0
6,M-1430,item:268967,5591.518825,107800.0,0.0,154000.0,finite,34450.0,input_shortage,item:333362,5591.518825,107800.0,fixed,107800.0,107800.0,107800.0,0.0,10,2,0,0,0.0,0.0,107800.0,107800.0
6,M-1810,item:268091,4530.083213,14400.0,14400.0,203550.0,finite,282000.0,none,,0.0,0.0,min_max,0.0,14400.0,142485.0,14400.0,10,6,1,1,14400.0,14400.0,14400.0,0.0
6,SDC-1450,item:773474,3855731.959424,6400000.0,6400000.0,0.0,unmodeled,108551677.852349,none,,0.0,0.0,fixed,3200000.0,0.0,0.0,0.0,10,8,2,2,6400000.0,6400000.0,6400000.0,0.0
7,M-1430,item:268967,6123.675194,107800.0,0.0,154000.0,finite,34450.0,input_shortage,item:333362,6123.675194,107800.0,fixed,107800.0,107800.0,107800.0,0.0,10,0,0,0,0.0,0.0,107800.0,107800.0
7,M-1810,item:268091,4988.188071,14400.0,14400.0,203550.0,finite,267600.0,none,,0.0,0.0,min_max,0.0,14400.0,142485.0,14400.0,10,1,1,1,14400.0,14400.0,14400.0,0.0
7,SDC-1450,item:773474,3880607.649485,6400000.0,6400000.0,0.0,unmodeled,102151677.852349,none,,0.0,0.0,fixed,3200000.0,0.0,0.0,0.0,10,2,2,2,6400000.0,6400000.0,6400000.0,0.0
8,M-1430,item:268967,5991.608508,107800.0,0.0,154000.0,finite,34450.0,input_shortage,item:333362,5991.608508,107800.0,fixed,107800.0,107800.0,107800.0,0.0,10,0,0,0,0.0,0.0,107800.0,107800.0
8,M-1810,item:268091,5338.453941,14400.0,14400.0,203550.0,finite,253200.0,none,,0.0,0.0,min_max,0.0,14400.0,142485.0,14400.0,10,2,1,1,14400.0,14400.0,14400.0,0.0
8,SDC-1450,item:773474,3885582.787497,6400000.0,6400000.0,0.0,unmodeled,95751677.852349,none,,0.0,0.0,fixed,3200000.0,0.0,0.0,0.0,10,4,2,2,6400000.0,6400000.0,6400000.0,0.0
9,M-1430,item:268967,5726.697212,107800.0,0.0,154000.0,finite,34450.0,input_shortage,item:333362,5726.697212,107800.0,fixed,107800.0,107800.0,107800.0,0.0,10,0,0,0,0.0,0.0,107800.0,107800.0
9,M-1810,item:268091,5667.152013,14400.0,14400.0,203550.0,finite,238800.0,none,,0.0,0.0,min_max,0.0,14400.0,142485.0,14400.0,10,3,1,1,14400.0,14400.0,14400.0,0.0
9,SDC-1450,item:773474,3886577.815099,6400000.0,6400000.0,0.0,unmodeled,89351677.852349,none,,0.0,0.0,fixed,3200000.0,0.0,0.0,0.0,10,6,2,2,6400000.0,6400000.0,6400000.0,0.0
10,M-1430,item:268967,5435.216994,107800.0,0.0,154000.0,finite,34450.0,input_shortage,item:333362,5435.216994,107800.0,fixed,107800.0,107800.0,107800.0,0.0,10,0,0,0,0.0,0.0,107800.0,107800.0
10,M-1810,item:268091,5991.536525,14400.0,14400.0,203550.0,finite,224400.0,none,,0.0,0.0,min_max,0.0,14400.0,142485.0,14400.0,10,4,1,1,14400.0,14400.0,14400.0,0.0
10,SDC-1450,item:773474,3886776.82062,6400000.0,6400000.0,0.0,unmodeled,82951677.852349,none,,0.0,0.0,fixed,3200000.0,0.0,0.0,0.0,10,8,2,2,6400000.0,6400000.0,6400000.0,0.0
11,M-1430,item:268967,5138.422991,107800.0,0.0,154000.0,finite,34450.0,input_shortage,item:333362,5138.422991,107800.0,fixed,107800.0,107800.0,107800.0,0.0,10,0,0,0,0.0,0.0,107800.0,107800.0
11,M-1810,item:268091,6315.058326,14400.0,14400.0,203550.0,finite,210000.0,none,,0.0,0.0,min_max,0.0,14400.0,142485.0,14400.0,10,5,1,1,14400.0,14400.0,14400.0,0.0
11,SDC-1450,item:773474,3886816.621724,6400000.0,6400000.0,0.0,unmodeled,76551677.852349,none,,0.0,0.0,fixed,3200000.0,0.0,0.0,0.0,10,10,2,2,6400000.0,6400000.0,6400000.0,0.0
12,M-1430,item:268967,4840.566231,107800.0,0.0,154000.0,finite,34450.0,input_shortage,item:333362,4840.566231,107800.0,fixed,107800.0,107800.0,107800.0,0.0,10,0,0,0,0.0,0.0,107800.0,107800.0
12,M-1810,item:268091,6638.407584,14400.0,14400.0,203550.0,finite,195600.0,none,,0.0,0.0,min_max,0.0,14400.0,142485.0,14400.0,10,6,1,1,14400.0,14400.0,14400.0,0.0
12,SDC-1450,item:773474,3722148.381945,0.0,0.0,0.0,unmodeled,70151677.852349,weekly_lot_limit,,3722148.381945,0.0,fixed,3200000.0,0.0,0.0,0.0,10,10,2,0,6400000.0,0.0,0.0,0.0
13,M-1430,item:268967,4542.49692,107800.0,0.0,154000.0,finite,34450.0,input_shortage,item:333362,4542.49692,107800.0,fixed,107800.0,107800.0,107800.0,0.0,10,0,0,0,0.0,0.0,107800.0,107800.0
13,M-1810,item:268091,6961.722333,14400.0,14400.0,203550.0,finite,181200.0,none,,0.0,0.0,min_max,0.0,14400.0,142485.0,14400.0,10,7,1,1,14400.0,14400.0,14400.0,0.0
13,SDC-1450,item:773474,3853890.933989,0.0,0.0,0.0,unmodeled,70151677.852349,weekly_lot_limit,,3853890.933989,0.0,fixed,3200000.0,0.0,0.0,0.0,10,10,2,0,6400000.0,0.0,0.0,0.0
14,M-1430,item:268967,4244.385098,107800.0,0.0,154000.0,finite,34450.0,input_shortage,item:333362,4244.385098,107800.0,fixed,107800.0,107800.0,107800.0,0.0,10,0,0,0,0.0,0.0,107800.0,107800.0
14,M-1810,item:268091,7285.030181,14400.0,14400.0,203550.0,finite,216865.0,none,,0.0,0.0,min_max,0.0,14400.0,142485.0,14400.0,10,1,1,1,14400.0,14400.0,14400.0,0.0
14,SDC-1450,item:773474,3880239.444398,6400000.0,6400000.0,0.0,unmodeled,70151677.852349,none,,0.0,0.0,fixed,3200000.0,0.0,0.0,0.0,10,2,2,2,6400000.0,6400000.0,6400000.0,0.0
15,M-1430,item:268967,4154.90151,107800.0,0.0,154000.0,finite,34450.0,input_shortage,item:333362,4154.90151,107800.0,fixed,107800.0,107800.0,107800.0,0.0,10,0,0,0,0.0,0.0,107800.0,107800.0
15,M-1810,item:268091,7841.78971,14400.0,14400.0,203550.0,finite,202465.0,none,,0.0,0.0,min_max,0.0,14400.0,142485.0,14400.0,10,2,1,1,14400.0,14400.0,14400.0,0.0
15,SDC-1450,item:773474,2832806.34648,3200000.0,3200000.0,0.0,unmodeled,63751677.852349,none,,0.0,0.0,fixed,3200000.0,0.0,0.0,0.0,10,3,1,1,3200000.0,3200000.0,3200000.0,0.0
16,M-1430,item:268967,4107.143567,107800.0,0.0,154000.0,finite,34450.0,input_shortage,item:333362,4107.143567,107800.0,fixed,107800.0,107800.0,107800.0,0.0,10,0,0,0,0.0,0.0,107800.0,107800.0
16,M-1810,item:268091,8445.239575,14400.0,14400.0,203550.0,finite,195600.0,none,,0.0,0.0,min_max,0.0,14400.0,142485.0,14400.0,10,3,1,1,14400.0,14400.0,14400.0,0.0
17,M-1430,item:268967,4067.730755,107800.0,0.0,154000.0,finite,34450.0,input_shortage,item:333362,4067.730755,107800.0,fixed,107800.0,107800.0,107800.0,0.0,10,0,0,0,0.0,0.0,107800.0,107800.0
17,M-1810,item:268091,9058.027507,14400.0,14400.0,203550.0,finite,181200.0,none,,0.0,0.0,min_max,0.0,14400.0,142485.0,14400.0,10,4,1,1,14400.0,14400.0,14400.0,0.0
18,M-1430,item:268967,4029.986967,107800.0,0.0,154000.0,finite,34450.0,input_shortage,item:333362,4029.986967,107800.0,fixed,107800.0,107800.0,107800.0,0.0,10,0,0,0,0.0,0.0,107800.0,107800.0
19,M-1430,item:268967,3992.576986,107800.0,0.0,154000.0,finite,34450.0,input_shortage,item:333362,3992.576986,107800.0,fixed,107800.0,107800.0,107800.0,0.0,10,0,0,0,0.0,0.0,107800.0,107800.0
20,M-1430,item:268967,3955.233765,107800.0,0.0,154000.0,finite,34450.0,input_shortage,item:333362,3955.233765,107800.0,fixed,107800.0,107800.0,107800.0,0.0,10,0,0,0,0.0,0.0,107800.0,107800.0
20,M-1810,item:268091,8845.27347,14400.0,14400.0,203550.0,finite,166800.0,none,,0.0,0.0,min_max,0.0,14400.0,142485.0,14400.0,10,5,1,1,14400.0,14400.0,14400.0,0.0
21,M-1430,item:268967,3917.903896,107800.0,0.0,154000.0,finite,34450.0,input_shortage,item:333362,3917.903896,107800.0,fixed,107800.0,107800.0,107800.0,0.0,10,0,0,0,0.0,0.0,107800.0,107800.0
21,M-1810,item:268091,11106.426123,14400.0,14400.0,203550.0,finite,152400.0,none,,0.0,0.0,min_max,0.0,14400.0,142485.0,14400.0,10,1,1,1,14400.0,14400.0,14400.0,0.0
22,M-1430,item:268967,4026.290984,107800.0,0.0,154000.0,finite,34450.0,input_shortage,item:333362,4026.290984,107800.0,fixed,107800.0,107800.0,107800.0,0.0,10,0,0,0,0.0,0.0,107800.0,107800.0
22,M-1810,item:268091,11405.938286,14400.0,14400.0,203550.0,finite,138000.0,none,,0.0,0.0,min_max,0.0,14400.0,142485.0,14400.0,10,2,1,1,14400.0,14400.0,14400.0,0.0
23,M-1430,item:268967,4163.821462,107800.0,0.0,154000.0,finite,34450.0,input_shortage,item:333362,4163.821462,107800.0,fixed,107800.0,107800.0,107800.0,0.0,10,0,0,0,0.0,0.0,107800.0,107800.0
24,M-1430,item:268967,4307.180619,107800.0,0.0,154000.0,finite,34450.0,input_shortage,item:333362,4307.180619,107800.0,fixed,107800.0,107800.0,107800.0,0.0,10,0,0,0,0.0,0.0,107800.0,107800.0
25,M-1430,item:268967,4451.705512,107800.0,0.0,154000.0,finite,34450.0,input_shortage,item:333362,4451.705512,107800.0,fixed,107800.0,107800.0,107800.0,0.0,10,0,0,0,0.0,0.0,107800.0,107800.0
26,M-1430,item:268967,4596.463551,107800.0,0.0,154000.0,finite,34450.0,input_shortage,item:333362,4596.463551,107800.0,fixed,107800.0,107800.0,107800.0,0.0,10,0,0,0,0.0,0.0,107800.0,107800.0
27,M-1430,item:268967,4741.26822,107800.0,0.0,154000.0,finite,34450.0,input_shortage,item:333362,4741.26822,107800.0,fixed,107800.0,107800.0,107800.0,0.0,10,0,0,0,0.0,0.0,107800.0,107800.0
28,M-1430,item:268967,4886.082215,107800.0,0.0,154000.0,finite,34450.0,input_shortage,item:333362,4886.082215,107800.0,fixed,107800.0,107800.0,107800.0,0.0,10,0,0,0,0.0,0.0,107800.0,107800.0
29,M-1430,item:268967,4790.767463,107800.0,0.0,154000.0,finite,34450.0,input_shortage,item:333362,4790.767463,107800.0,fixed,107800.0,107800.0,107800.0,0.0,10,0,0,0,0.0,0.0,107800.0,107800.0
30,M-1430,item:268967,4647.426962,107800.0,0.0,154000.0,finite,34450.0,input_shortage,item:333362,4647.426962,107800.0,fixed,107800.0,107800.0,107800.0,0.0,10,0,0,0,0.0,0.0,107800.0,107800.0
31,M-1430,item:268967,4494.481311,107800.0,0.0,154000.0,finite,34450.0,input_shortage,item:333362,4494.481311,107800.0,fixed,107800.0,107800.0,107800.0,0.0,10,0,0,0,0.0,0.0,107800.0,107800.0
32,M-1430,item:268967,4339.614629,107800.0,0.0,154000.0,finite,34450.0,input_shortage,item:333362,4339.614629,107800.0,fixed,107800.0,107800.0,107800.0,0.0,10,0,0,0,0.0,0.0,107800.0,107800.0
33,M-1430,item:268967,4184.363742,107800.0,0.0,154000.0,finite,34450.0,input_shortage,item:333362,4184.363742,107800.0,fixed,107800.0,107800.0,107800.0,0.0,10,0,0,0,0.0,0.0,107800.0,107800.0
34,M-1430,item:268967,4029.036014,107800.0,0.0,154000.0,finite,34450.0,input_shortage,item:333362,4029.036014,107800.0,fixed,107800.0,107800.0,107800.0,0.0,10,0,0,0,0.0,0.0,107800.0,107800.0
35,M-1430,item:268967,3873.692917,107800.0,0.0,154000.0,finite,34450.0,input_shortage,item:333362,3873.692917,107800.0,fixed,107800.0,107800.0,107800.0,0.0,10,0,0,0,0.0,0.0,107800.0,107800.0
36,M-1430,item:268967,4187.456951,107800.0,0.0,154000.0,finite,34450.0,input_shortage,item:333362,4187.456951,107800.0,fixed,107800.0,107800.0,107800.0,0.0,10,0,0,0,0.0,0.0,107800.0,107800.0
37,M-1430,item:268967,4595.042411,107800.0,0.0,154000.0,finite,34450.0,input_shortage,item:333362,4595.042411,107800.0,fixed,107800.0,107800.0,107800.0,0.0,10,0,0,0,0.0,0.0,107800.0,107800.0
38,M-1430,item:268967,5021.392156,107800.0,0.0,154000.0,finite,34450.0,input_shortage,item:333362,5021.392156,107800.0,fixed,107800.0,107800.0,107800.0,0.0,10,0,0,0,0.0,0.0,107800.0,107800.0
39,M-1430,item:268967,5451.494758,107800.0,0.0,154000.0,finite,34450.0,input_shortage,item:333362,5451.494758,107800.0,fixed,107800.0,107800.0,107800.0,0.0,10,0,0,0,0.0,0.0,107800.0,107800.0
40,M-1430,item:268967,5882.347931,107800.0,0.0,154000.0,finite,34450.0,input_shortage,item:333362,5882.347931,107800.0,fixed,107800.0,107800.0,107800.0,0.0,10,0,0,0,0.0,0.0,107800.0,107800.0
41,M-1430,item:268967,6313.351219,107800.0,0.0,154000.0,finite,34450.0,input_shortage,item:333362,6313.351219,107800.0,fixed,107800.0,107800.0,107800.0,0.0,10,0,0,0,0.0,0.0,107800.0,107800.0
42,M-1430,item:268967,6744.384529,107800.0,0.0,154000.0,finite,34450.0,input_shortage,item:333362,6744.384529,107800.0,fixed,107800.0,107800.0,107800.0,0.0,10,0,0,0,0.0,0.0,107800.0,107800.0
43,M-1430,item:268967,6559.472824,107800.0,0.0,154000.0,finite,34450.0,input_shortage,item:333362,6559.472824,107800.0,fixed,107800.0,107800.0,107800.0,0.0,10,0,0,0,0.0,0.0,107800.0,107800.0
44,M-1430,item:268967,6251.372116,107800.0,0.0,154000.0,finite,34450.0,input_shortage,item:333362,6251.372116,107800.0,fixed,107800.0,107800.0,107800.0,0.0,10,0,0,0,0.0,0.0,107800.0,107800.0
45,M-1430,item:268967,5918.633607,107800.0,0.0,154000.0,finite,34450.0,input_shortage,item:333362,5918.633607,107800.0,fixed,107800.0,107800.0,107800.0,0.0,10,0,0,0,0.0,0.0,107800.0,107800.0
46,M-1430,item:268967,5580.967538,107800.0,0.0,154000.0,finite,34450.0,input_shortage,item:333362,5580.967538,107800.0,fixed,107800.0,107800.0,107800.0,0.0,10,0,0,0,0.0,0.0,107800.0,107800.0
47,M-1430,item:268967,5242.315957,107800.0,0.0,154000.0,finite,34450.0,input_shortage,item:333362,5242.315957,107800.0,fixed,107800.0,107800.0,107800.0,0.0,10,0,0,0,0.0,0.0,107800.0,107800.0
48,M-1430,item:268967,4903.467273,107800.0,0.0,154000.0,finite,34450.0,input_shortage,item:333362,4903.467273,107800.0,fixed,107800.0,107800.0,107800.0,0.0,10,0,0,0,0.0,0.0,107800.0,107800.0
49,M-1430,item:268967,4564.579169,107800.0,0.0,154000.0,finite,34450.0,input_shortage,item:333362,4564.579169,107800.0,fixed,107800.0,107800.0,107800.0,0.0,10,0,0,0,0.0,0.0,107800.0,107800.0
50,M-1430,item:268967,4734.385222,107800.0,0.0,154000.0,finite,34450.0,input_shortage,item:333362,4734.385222,107800.0,fixed,107800.0,107800.0,107800.0,0.0,10,0,0,0,0.0,0.0,107800.0,107800.0
51,M-1430,item:268967,5005.930106,107800.0,0.0,154000.0,finite,34450.0,input_shortage,item:333362,5005.930106,107800.0,fixed,107800.0,107800.0,107800.0,0.0,10,0,0,0,0.0,0.0,107800.0,107800.0
51,M-1810,item:268091,11245.355102,14400.0,14400.0,203550.0,finite,268600.0,none,,0.0,0.0,min_max,0.0,14400.0,142485.0,14400.0,10,1,1,1,14400.0,14400.0,14400.0,0.0
52,M-1430,item:268967,5297.822756,107800.0,0.0,154000.0,finite,34450.0,input_shortage,item:333362,5297.822756,107800.0,fixed,107800.0,107800.0,107800.0,0.0,10,0,0,0,0.0,0.0,107800.0,107800.0
53,M-1430,item:268967,5593.78496,107800.0,0.0,154000.0,finite,34450.0,input_shortage,item:333362,5593.78496,107800.0,fixed,107800.0,107800.0,107800.0,0.0,10,0,0,0,0.0,0.0,107800.0,107800.0
54,M-1430,item:268967,5890.561074,107800.0,0.0,154000.0,finite,34450.0,input_shortage,item:333362,5890.561074,107800.0,fixed,107800.0,107800.0,107800.0,0.0,10,0,0,0,0.0,0.0,107800.0,107800.0
55,M-1430,item:268967,6187.49997,107800.0,0.0,154000.0,finite,34450.0,input_shortage,item:333362,6187.49997,107800.0,fixed,107800.0,107800.0,107800.0,0.0,10,0,0,0,0.0,0.0,107800.0,107800.0
56,M-1430,item:268967,6484.471423,107800.0,0.0,154000.0,finite,34450.0,input_shortage,item:333362,6484.471423,107800.0,fixed,107800.0,107800.0,107800.0,0.0,10,0,0,0,0.0,0.0,107800.0,107800.0
57,M-1430,item:268967,6254.412652,107800.0,0.0,154000.0,finite,34450.0,input_shortage,item:333362,6254.412652,107800.0,fixed,107800.0,107800.0,107800.0,0.0,10,0,0,0,0.0,0.0,107800.0,107800.0
58,M-1430,item:268967,5918.947837,107800.0,107800.0,154000.0,finite,144450.0,none,,0.0,0.0,fixed,107800.0,107800.0,107800.0,0.0,10,0,0,0,0.0,0.0,107800.0,0.0
59,M-1430,item:268967,5562.401812,107800.0,0.0,154000.0,finite,41650.0,input_shortage,item:333362,5562.401812,107800.0,fixed,107800.0,107800.0,107800.0,0.0,10,1,1,1,107800.0,107800.0,107800.0,107800.0
60,M-1430,item:268967,5201.639546,107800.0,0.0,154000.0,finite,61650.0,input_shortage,item:333362,5201.639546,107800.0,fixed,107800.0,107800.0,107800.0,0.0,10,1,0,0,0.0,0.0,107800.0,107800.0
61,M-1430,item:268967,4840.034032,107800.0,0.0,154000.0,finite,86650.0,input_shortage,item:333362,4840.034032,107800.0,fixed,107800.0,107800.0,107800.0,0.0,10,1,0,0,0.0,0.0,107800.0,107800.0
62,M-1430,item:268967,4478.259868,107800.0,107800.0,154000.0,finite,111650.0,none,,0.0,0.0,fixed,107800.0,107800.0,107800.0,0.0,10,1,0,0,0.0,0.0,107800.0,0.0
63,M-1430,item:268967,4116.451974,107800.0,107800.0,154000.0,finite,188850.0,none,,0.0,0.0,fixed,107800.0,107800.0,107800.0,0.0,10,1,1,1,107800.0,107800.0,107800.0,0.0
64,M-1430,item:268967,4290.359782,107800.0,107800.0,154000.0,finite,116050.0,none,,0.0,0.0,fixed,107800.0,107800.0,107800.0,0.0,10,2,1,1,107800.0,107800.0,107800.0,0.0
65,M-1430,item:268967,4571.410732,107800.0,0.0,154000.0,finite,63250.0,input_shortage,item:333362,4571.410732,107800.0,fixed,107800.0,107800.0,107800.0,0.0,10,3,1,1,107800.0,107800.0,107800.0,107800.0
66,M-1430,item:268967,4873.89031,107800.0,107800.0,154000.0,finite,133250.0,none,,0.0,0.0,fixed,107800.0,107800.0,107800.0,0.0,10,3,0,0,0.0,0.0,107800.0,0.0
160,M-1430,item:268967,1880.326531,107800.0,107800.0,154000.0,finite,6658325.0,none,,0.0,0.0,fixed,107800.0,107800.0,107800.0,0.0,10,1,1,1,107800.0,107800.0,107800.0,0.0
162,M-1430,item:268967,4587.314286,107800.0,107800.0,154000.0,finite,6550525.0,none,,0.0,0.0,fixed,107800.0,107800.0,107800.0,0.0,10,1,1,1,107800.0,107800.0,107800.0,0.0
169,M-1430,item:268967,16358.073469,107800.0,107800.0,154000.0,finite,6442725.0,none,,0.0,0.0,fixed,107800.0,107800.0,107800.0,0.0,10,1,1,1,107800.0,107800.0,107800.0,0.0
170,M-1430,item:268967,17038.847347,107800.0,107800.0,154000.0,finite,6334925.0,none,,0.0,0.0,fixed,107800.0,107800.0,107800.0,0.0,10,2,1,1,107800.0,107800.0,107800.0,0.0
232,M-1810,item:268091,4930.710204,14400.0,14400.0,203550.0,finite,2791698.0,none,,0.0,0.0,min_max,0.0,14400.0,142485.0,14400.0,10,1,1,1,14400.0,14400.0,14400.0,0.0
233,M-1810,item:268091,6598.648163,14400.0,14400.0,203550.0,finite,2777298.0,none,,0.0,0.0,min_max,0.0,14400.0,142485.0,14400.0,10,2,1,1,14400.0,14400.0,14400.0,0.0
234,M-1810,item:268091,7614.031673,14400.0,14400.0,203550.0,finite,2762898.0,none,,0.0,0.0,min_max,0.0,14400.0,142485.0,14400.0,10,3,1,1,14400.0,14400.0,14400.0,0.0
237,M-1430,item:268967,8000.653061,107800.0,107800.0,154000.0,finite,6227125.0,none,,0.0,0.0,fixed,107800.0,107800.0,107800.0,0.0,10,1,1,1,107800.0,107800.0,107800.0,0.0
238,M-1810,item:268091,9021.485714,14400.0,14400.0,203550.0,finite,2748498.0,none,,0.0,0.0,min_max,0.0,14400.0,142485.0,14400.0,10,1,1,1,14400.0,14400.0,14400.0,0.0
239,M-1810,item:268091,10625.456327,14400.0,14400.0,203550.0,finite,2734098.0,none,,0.0,0.0,min_max,0.0,14400.0,142485.0,14400.0,10,2,1,1,14400.0,14400.0,14400.0,0.0
240,M-1430,item:268967,6470.432653,107800.0,107800.0,154000.0,finite,6119325.0,none,,0.0,0.0,fixed,107800.0,107800.0,107800.0,0.0,10,1,1,1,107800.0,107800.0,107800.0,0.0
240,M-1810,item:268091,10745.923918,14400.0,14400.0,203550.0,finite,2719698.0,none,,0.0,0.0,min_max,0.0,14400.0,142485.0,14400.0,10,3,1,1,14400.0,14400.0,14400.0,0.0
241,M-1810,item:268091,10569.690906,14400.0,14400.0,203550.0,finite,2705298.0,none,,0.0,0.0,min_max,0.0,14400.0,142485.0,14400.0,10,4,1,1,14400.0,14400.0,14400.0,0.0
242,M-1810,item:268091,10334.117773,14400.0,14400.0,203550.0,finite,2690898.0,none,,0.0,0.0,min_max,0.0,14400.0,142485.0,14400.0,10,5,1,1,14400.0,14400.0,14400.0,0.0
243,M-1810,item:268091,10086.676616,14400.0,14400.0,203550.0,finite,2676498.0,none,,0.0,0.0,min_max,0.0,14400.0,142485.0,14400.0,10,6,1,1,14400.0,14400.0,14400.0,0.0
244,M-1810,item:268091,9836.861854,14400.0,14400.0,203550.0,finite,2662098.0,none,,0.0,0.0,min_max,0.0,14400.0,142485.0,14400.0,10,7,1,1,14400.0,14400.0,14400.0,0.0
245,M-1810,item:268091,9586.572371,14400.0,14400.0,203550.0,finite,2647698.0,none,,0.0,0.0,min_max,0.0,14400.0,142485.0,14400.0,10,1,1,1,14400.0,14400.0,14400.0,0.0
249,M-1810,item:268091,7420.865306,14400.0,14400.0,203550.0,finite,2633298.0,none,,0.0,0.0,min_max,0.0,14400.0,142485.0,14400.0,10,2,1,1,14400.0,14400.0,14400.0,0.0
250,M-1810,item:268091,8855.454694,14400.0,14400.0,203550.0,finite,2618898.0,none,,0.0,0.0,min_max,0.0,14400.0,142485.0,14400.0,10,3,1,1,14400.0,14400.0,14400.0,0.0
251,M-1810,item:268091,9092.788898,14400.0,14400.0,203550.0,finite,2604498.0,none,,0.0,0.0,min_max,0.0,14400.0,142485.0,14400.0,10,4,1,1,14400.0,14400.0,14400.0,0.0
254,M-1810,item:268091,7511.461224,14400.0,14400.0,203550.0,finite,2590098.0,none,,0.0,0.0,min_max,0.0,14400.0,142485.0,14400.0,10,1,1,1,14400.0,14400.0,14400.0,0.0
255,M-1810,item:268091,9133.426939,14400.0,14400.0,203550.0,finite,2575698.0,none,,0.0,0.0,min_max,0.0,14400.0,142485.0,14400.0,10,2,1,1,14400.0,14400.0,14400.0,0.0
256,M-1810,item:268091,9577.493551,14400.0,14400.0,203550.0,finite,2561298.0,none,,0.0,0.0,min_max,0.0,14400.0,142485.0,14400.0,10,3,1,1,14400.0,14400.0,14400.0,0.0
257,M-1810,item:268091,9785.980343,14400.0,14400.0,203550.0,finite,2546898.0,none,,0.0,0.0,min_max,0.0,14400.0,142485.0,14400.0,10,4,1,1,14400.0,14400.0,14400.0,0.0
258,M-1810,item:268091,9947.35117,14400.0,14400.0,203550.0,finite,2532498.0,none,,0.0,0.0,min_max,0.0,14400.0,142485.0,14400.0,10,5,1,1,14400.0,14400.0,14400.0,0.0
259,M-1810,item:268091,10099.298805,14400.0,14400.0,203550.0,finite,2518098.0,none,,0.0,0.0,min_max,0.0,14400.0,142485.0,14400.0,10,1,1,1,14400.0,14400.0,14400.0,0.0
260,M-1810,item:268091,10479.843434,14400.0,14400.0,203550.0,finite,2503698.0,none,,0.0,0.0,min_max,0.0,14400.0,142485.0,14400.0,10,2,1,1,14400.0,14400.0,14400.0,0.0
261,M-1810,item:268091,10906.107462,14400.0,14400.0,203550.0,finite,2489298.0,none,,0.0,0.0,min_max,0.0,14400.0,142485.0,14400.0,10,3,1,1,14400.0,14400.0,14400.0,0.0
262,M-1810,item:268091,11341.51537,14400.0,14400.0,203550.0,finite,2474898.0,none,,0.0,0.0,min_max,0.0,14400.0,142485.0,14400.0,10,4,1,1,14400.0,14400.0,14400.0,0.0
263,M-1810,item:268091,11778.752053,14400.0,14400.0,203550.0,finite,2460498.0,none,,0.0,0.0,min_max,0.0,14400.0,142485.0,14400.0,10,5,1,1,14400.0,14400.0,14400.0,0.0
264,M-1810,item:268091,12216.354492,14400.0,14400.0,203550.0,finite,2446098.0,none,,0.0,0.0,min_max,0.0,14400.0,142485.0,14400.0,10,6,1,1,14400.0,14400.0,14400.0,0.0
265,M-1810,item:268091,12654.030082,14400.0,14400.0,203550.0,finite,2431698.0,none,,0.0,0.0,min_max,0.0,14400.0,142485.0,14400.0,10,7,1,1,14400.0,14400.0,14400.0,0.0
266,M-1810,item:268091,13091.720302,14400.0,14400.0,203550.0,finite,2417298.0,none,,0.0,0.0,min_max,0.0,14400.0,142485.0,14400.0,10,1,1,1,14400.0,14400.0,14400.0,0.0
267,M-1810,item:268091,12561.250183,14400.0,14400.0,203550.0,finite,2402898.0,none,,0.0,0.0,min_max,0.0,14400.0,142485.0,14400.0,10,2,1,1,14400.0,14400.0,14400.0,0.0
268,M-1810,item:268091,11837.147996,14400.0,14400.0,203550.0,finite,2388498.0,none,,0.0,0.0,min_max,0.0,14400.0,142485.0,14400.0,10,3,1,1,14400.0,14400.0,14400.0,0.0
269,M-1810,item:268091,11074.319395,14400.0,14400.0,203550.0,finite,2374098.0,none,,0.0,0.0,min_max,0.0,14400.0,142485.0,14400.0,10,4,1,1,14400.0,14400.0,14400.0,0.0
277,M-1810,item:268091,6893.730612,14400.0,14400.0,203550.0,finite,2359698.0,none,,0.0,0.0,min_max,0.0,14400.0,142485.0,14400.0,10,1,1,1,14400.0,14400.0,14400.0,0.0
278,M-1810,item:268091,8437.195102,14400.0,14400.0,203550.0,finite,2345298.0,none,,0.0,0.0,min_max,0.0,14400.0,142485.0,14400.0,10,2,1,1,14400.0,14400.0,14400.0,0.0
279,M-1810,item:268091,8910.606368,14400.0,14400.0,203550.0,finite,2330898.0,none,,0.0,0.0,min_max,0.0,14400.0,142485.0,14400.0,10,3,1,1,14400.0,14400.0,14400.0,0.0
280,M-1810,item:268091,9170.006988,14400.0,14400.0,203550.0,finite,2316498.0,none,,0.0,0.0,min_max,0.0,14400.0,142485.0,14400.0,10,1,1,1,14400.0,14400.0,14400.0,0.0
281,M-1810,item:268091,9342.997316,14400.0,14400.0,203550.0,finite,2302098.0,none,,0.0,0.0,min_max,0.0,14400.0,142485.0,14400.0,10,2,1,1,14400.0,14400.0,14400.0,0.0
282,M-1810,item:268091,9498.705586,14400.0,14400.0,203550.0,finite,2287698.0,none,,0.0,0.0,min_max,0.0,14400.0,142485.0,14400.0,10,3,1,1,14400.0,14400.0,14400.0,0.0
283,M-1810,item:268091,9650.957444,14400.0,14400.0,203550.0,finite,2273298.0,none,,0.0,0.0,min_max,0.0,14400.0,142485.0,14400.0,10,4,1,1,14400.0,14400.0,14400.0,0.0
285,M-1810,item:268091,7993.436735,14400.0,14400.0,203550.0,finite,2258898.0,none,,0.0,0.0,min_max,0.0,14400.0,142485.0,14400.0,10,5,1,1,14400.0,14400.0,14400.0,0.0
286,M-1810,item:268091,9713.234286,14400.0,14400.0,203550.0,finite,2244498.0,none,,0.0,0.0,min_max,0.0,14400.0,142485.0,14400.0,10,6,1,1,14400.0,14400.0,14400.0,0.0
287,M-1810,item:268091,10178.304,14400.0,14400.0,203550.0,finite,2230098.0,none,,0.0,0.0,min_max,0.0,14400.0,142485.0,14400.0,10,1,1,1,14400.0,14400.0,14400.0,0.0
288,M-1810,item:268091,10402.713862,14400.0,14400.0,203550.0,finite,2215698.0,none,,0.0,0.0,min_max,0.0,14400.0,142485.0,14400.0,10,2,1,1,14400.0,14400.0,14400.0,0.0
289,M-1810,item:268091,10578.991752,14400.0,14400.0,203550.0,finite,2201298.0,none,,0.0,0.0,min_max,0.0,14400.0,142485.0,14400.0,10,3,1,1,14400.0,14400.0,14400.0,0.0
292,M-1810,item:268091,8892.636735,14400.0,14400.0,203550.0,finite,2186898.0,none,,0.0,0.0,min_max,0.0,14400.0,142485.0,14400.0,10,4,1,1,14400.0,14400.0,14400.0,0.0
293,M-1810,item:268091,10802.56,14400.0,14400.0,203550.0,finite,2172498.0,none,,0.0,0.0,min_max,0.0,14400.0,142485.0,14400.0,10,5,1,1,14400.0,14400.0,14400.0,0.0
294,M-1430,item:268967,4897.942857,107800.0,107800.0,154000.0,finite,6011525.0,none,,0.0,0.0,fixed,107800.0,107800.0,107800.0,0.0,10,1,1,1,107800.0,107800.0,107800.0,0.0
294,M-1810,item:268091,11315.940571,14400.0,14400.0,203550.0,finite,2158098.0,none,,0.0,0.0,min_max,0.0,14400.0,142485.0,14400.0,10,1,1,1,14400.0,14400.0,14400.0,0.0
295,M-1810,item:268091,10952.412604,14400.0,14400.0,203550.0,finite,2143698.0,none,,0.0,0.0,min_max,0.0,14400.0,142485.0,14400.0,10,2,1,1,14400.0,14400.0,14400.0,0.0
296,M-1810,item:268091,10413.502929,14400.0,14400.0,203550.0,finite,2129298.0,none,,0.0,0.0,min_max,0.0,14400.0,142485.0,14400.0,10,3,1,1,14400.0,14400.0,14400.0,0.0
297,M-1810,item:268091,9839.516912,14400.0,14400.0,203550.0,finite,2114898.0,none,,0.0,0.0,min_max,0.0,14400.0,142485.0,14400.0,10,4,1,1,14400.0,14400.0,14400.0,0.0
304,M-1810,item:268091,6844.555102,14400.0,14400.0,203550.0,finite,2100498.0,none,,0.0,0.0,min_max,0.0,14400.0,142485.0,14400.0,10,1,1,1,14400.0,14400.0,14400.0,0.0
306,M-1810,item:268091,7479.591837,14400.0,14400.0,203550.0,finite,2086098.0,none,,0.0,0.0,min_max,0.0,14400.0,142485.0,14400.0,10,2,1,1,14400.0,14400.0,14400.0,0.0
307,M-1810,item:268091,9293.028571,14400.0,14400.0,203550.0,finite,2071698.0,none,,0.0,0.0,min_max,0.0,14400.0,142485.0,14400.0,10,3,1,1,14400.0,14400.0,14400.0,0.0
308,M-1810,item:268091,9973.234285,14400.0,14400.0,203550.0,finite,2057298.0,none,,0.0,0.0,min_max,0.0,14400.0,142485.0,14400.0,10,1,1,1,14400.0,14400.0,14400.0,0.0
309,M-1430,item:268967,5718.481632,107800.0,107800.0,154000.0,finite,5903725.0,none,,0.0,0.0,fixed,107800.0,107800.0,107800.0,0.0,10,1,1,1,107800.0,107800.0,107800.0,0.0
309,M-1810,item:268091,9651.414204,14400.0,14400.0,203550.0,finite,2042898.0,none,,0.0,0.0,min_max,0.0,14400.0,142485.0,14400.0,10,2,1,1,14400.0,14400.0,14400.0,0.0
310,M-1810,item:268091,9129.188963,14400.0,14400.0,203550.0,finite,2028498.0,none,,0.0,0.0,min_max,0.0,14400.0,142485.0,14400.0,10,3,1,1,14400.0,14400.0,14400.0,0.0
311,M-1810,item:268091,8566.88269,14400.0,14400.0,203550.0,finite,2014098.0,none,,0.0,0.0,min_max,0.0,14400.0,142485.0,14400.0,10,4,1,1,14400.0,14400.0,14400.0,0.0
312,M-1810,item:268091,7996.560211,14400.0,14400.0,203550.0,finite,1999698.0,none,,0.0,0.0,min_max,0.0,14400.0,142485.0,14400.0,10,5,1,1,14400.0,14400.0,14400.0,0.0
313,M-1810,item:268091,7424.634491,14400.0,14400.0,203550.0,finite,1985298.0,none,,0.0,0.0,min_max,0.0,14400.0,142485.0,14400.0,10,6,1,1,14400.0,14400.0,14400.0,0.0
316,M-1810,item:268091,5928.555102,14400.0,14400.0,203550.0,finite,1970898.0,none,,0.0,0.0,min_max,0.0,14400.0,142485.0,14400.0,10,1,1,1,14400.0,14400.0,14400.0,0.0
318,M-1810,item:268091,7966.465306,14400.0,14400.0,203550.0,finite,1956498.0,none,,0.0,0.0,min_max,0.0,14400.0,142485.0,14400.0,10,2,1,1,14400.0,14400.0,14400.0,0.0
319,M-1810,item:268091,10578.713469,14400.0,14400.0,203550.0,finite,1942098.0,none,,0.0,0.0,min_max,0.0,14400.0,142485.0,14400.0,10,3,1,1,14400.0,14400.0,14400.0,0.0
320,M-1810,item:268091,12120.118204,14400.0,14400.0,203550.0,finite,1927698.0,none,,0.0,0.0,min_max,0.0,14400.0,142485.0,14400.0,10,4,1,1,14400.0,14400.0,14400.0,0.0
321,M-1810,item:268091,13447.354253,14400.0,14400.0,203550.0,finite,1913298.0,none,,0.0,0.0,min_max,0.0,14400.0,142485.0,14400.0,10,5,1,1,14400.0,14400.0,14400.0,0.0
322,M-1810,item:268091,14731.756565,28800.0,28800.0,203550.0,finite,1898898.0,none,,0.0,0.0,min_max,0.0,14400.0,142485.0,14400.0,10,1,1,1,28800.0,28800.0,28800.0,0.0
323,M-1810,item:268091,15120.196211,28800.0,28800.0,203550.0,finite,1870098.0,none,,0.0,0.0,min_max,0.0,14400.0,142485.0,14400.0,10,2,1,1,28800.0,28800.0,28800.0,0.0
324,M-1810,item:268091,15329.443324,28800.0,28800.0,203550.0,finite,1841298.0,none,,0.0,0.0,min_max,0.0,14400.0,142485.0,14400.0,10,3,1,1,28800.0,28800.0,28800.0,0.0
325,M-1810,item:268091,15502.85193,28800.0,28800.0,203550.0,finite,1812498.0,none,,0.0,0.0,min_max,0.0,14400.0,142485.0,14400.0,10,4,1,1,28800.0,28800.0,28800.0,0.0
326,M-1810,item:268091,15669.092835,28800.0,28800.0,203550.0,finite,1783698.0,none,,0.0,0.0,min_max,0.0,14400.0,142485.0,14400.0,10,5,1,1,28800.0,28800.0,28800.0,0.0
327,M-1810,item:268091,15833.9002,28800.0,28800.0,203550.0,finite,1754898.0,none,,0.0,0.0,min_max,0.0,14400.0,142485.0,14400.0,10,6,1,1,28800.0,28800.0,28800.0,0.0
328,M-1810,item:268091,15998.420856,28800.0,28800.0,203550.0,finite,1726098.0,none,,0.0,0.0,min_max,0.0,14400.0,142485.0,14400.0,10,7,1,1,28800.0,28800.0,28800.0,0.0
330,M-1810,item:268091,12235.673469,14400.0,14400.0,203550.0,finite,1697298.0,none,,0.0,0.0,min_max,0.0,14400.0,142485.0,14400.0,10,1,1,1,14400.0,14400.0,14400.0,0.0
331,M-1430,item:268967,4918.579592,107800.0,107800.0,154000.0,finite,5795925.0,none,,0.0,0.0,fixed,107800.0,107800.0,107800.0,0.0,10,1,1,1,107800.0,107800.0,107800.0,0.0
331,M-1810,item:268091,13955.281633,14400.0,14400.0,203550.0,finite,1682898.0,none,,0.0,0.0,min_max,0.0,14400.0,142485.0,14400.0,10,2,1,1,14400.0,14400.0,14400.0,0.0
332,M-1810,item:268091,13571.676735,14400.0,14400.0,203550.0,finite,1668498.0,none,,0.0,0.0,min_max,0.0,14400.0,142485.0,14400.0,10,3,1,1,14400.0,14400.0,14400.0,0.0
340,M-1810,item:268091,8295.461225,14400.0,14400.0,203550.0,finite,1654098.0,none,,0.0,0.0,min_max,0.0,14400.0,142485.0,14400.0,10,1,1,1,14400.0,14400.0,14400.0,0.0
341,M-1810,item:268091,10060.790204,14400.0,14400.0,203550.0,finite,1639698.0,none,,0.0,0.0,min_max,0.0,14400.0,142485.0,14400.0,10,2,1,1,14400.0,14400.0,14400.0,0.0
342,M-1810,item:268091,10520.092735,14400.0,14400.0,203550.0,finite,1625298.0,none,,0.0,0.0,min_max,0.0,14400.0,142485.0,14400.0,10,3,1,1,14400.0,14400.0,14400.0,0.0
343,M-1810,item:268091,10718.189976,14400.0,14400.0,203550.0,finite,1610898.0,none,,0.0,0.0,min_max,0.0,14400.0,142485.0,14400.0,10,1,1,1,14400.0,14400.0,14400.0,0.0
344,M-1810,item:268091,11812.013506,14400.0,14400.0,203550.0,finite,1596498.0,none,,0.0,0.0,min_max,0.0,14400.0,142485.0,14400.0,10,2,1,1,14400.0,14400.0,14400.0,0.0
345,M-1810,item:268091,13084.982293,14400.0,14400.0,203550.0,finite,1582098.0,none,,0.0,0.0,min_max,0.0,14400.0,142485.0,14400.0,10,3,1,1,14400.0,14400.0,14400.0,0.0
346,M-1810,item:268091,14393.780132,14400.0,14400.0,203550.0,finite,1567698.0,none,,0.0,0.0,min_max,0.0,14400.0,142485.0,14400.0,10,4,1,1,14400.0,14400.0,14400.0,0.0
347,M-1810,item:268091,15709.743782,28800.0,28800.0,203550.0,finite,1553298.0,none,,0.0,0.0,min_max,0.0,14400.0,142485.0,14400.0,10,5,1,1,28800.0,28800.0,28800.0,0.0
348,M-1810,item:268091,17027.140593,28800.0,28800.0,203550.0,finite,1524498.0,none,,0.0,0.0,min_max,0.0,14400.0,142485.0,14400.0,10,6,1,1,28800.0,28800.0,28800.0,0.0
349,M-1810,item:268091,18344.824037,28800.0,28800.0,203550.0,finite,1495698.0,none,,0.0,0.0,min_max,0.0,14400.0,142485.0,14400.0,10,7,1,1,28800.0,28800.0,28800.0,0.0
350,M-1430,item:268967,5837.942857,107800.0,107800.0,154000.0,finite,5688125.0,none,,0.0,0.0,fixed,107800.0,107800.0,107800.0,0.0,10,1,1,1,107800.0,107800.0,107800.0,0.0
350,M-1810,item:268091,19662.564807,28800.0,28800.0,203550.0,finite,1466898.0,none,,0.0,0.0,min_max,0.0,14400.0,142485.0,14400.0,10,1,1,1,28800.0,28800.0,28800.0,0.0
351,M-1810,item:268091,19568.888472,28800.0,28800.0,203550.0,finite,1438098.0,none,,0.0,0.0,min_max,0.0,14400.0,142485.0,14400.0,10,2,1,1,28800.0,28800.0,28800.0,0.0
352,M-1810,item:268091,19192.928715,28800.0,28800.0,203550.0,finite,1409298.0,none,,0.0,0.0,min_max,0.0,14400.0,142485.0,14400.0,10,3,1,1,28800.0,28800.0,28800.0,0.0
353,M-1810,item:268091,18760.512273,28800.0,28800.0,203550.0,finite,1380498.0,none,,0.0,0.0,min_max,0.0,14400.0,142485.0,14400.0,10,4,1,1,28800.0,28800.0,28800.0,0.0
354,M-1810,item:268091,18316.804495,28800.0,28800.0,203550.0,finite,1351698.0,none,,0.0,0.0,min_max,0.0,14400.0,142485.0,14400.0,10,5,1,1,28800.0,28800.0,28800.0,0.0
355,M-1810,item:268091,17870.83845,28800.0,28800.0,203550.0,finite,1322898.0,none,,0.0,0.0,min_max,0.0,14400.0,142485.0,14400.0,10,6,1,1,28800.0,28800.0,28800.0,0.0
356,M-1810,item:268091,17424.420751,28800.0,28800.0,203550.0,finite,1294098.0,none,,0.0,0.0,min_max,0.0,14400.0,142485.0,14400.0,10,7,1,1,28800.0,28800.0,28800.0,0.0
360,M-1810,item:268091,8144.587755,14400.0,14400.0,203550.0,finite,1265298.0,none,,0.0,0.0,min_max,0.0,14400.0,142485.0,14400.0,10,1,1,1,14400.0,14400.0,14400.0,0.0
375,M-1430,item:268967,4289.877551,107800.0,107800.0,154000.0,finite,5580325.0,none,,0.0,0.0,fixed,107800.0,107800.0,107800.0,0.0,10,1,1,1,107800.0,107800.0,107800.0,0.0
382,M-1810,item:268091,7368.979592,14400.0,14400.0,203550.0,finite,1250898.0,none,,0.0,0.0,min_max,0.0,14400.0,142485.0,14400.0,10,1,1,1,14400.0,14400.0,14400.0,0.0
383,M-1810,item:268091,9334.87347,14400.0,14400.0,203550.0,finite,1236498.0,none,,0.0,0.0,min_max,0.0,14400.0,142485.0,14400.0,10,2,1,1,14400.0,14400.0,14400.0,0.0
385,M-1810,item:268091,8845.27347,14400.0,14400.0,203550.0,finite,1222098.0,none,,0.0,0.0,min_max,0.0,14400.0,142485.0,14400.0,10,1,1,1,14400.0,14400.0,14400.0,0.0
386,M-1810,item:268091,11106.426123,14400.0,14400.0,203550.0,finite,1207698.0,none,,0.0,0.0,min_max,0.0,14400.0,142485.0,14400.0,10,2,1,1,14400.0,14400.0,14400.0,0.0
387,M-1810,item:268091,11405.938286,14400.0,14400.0,203550.0,finite,1193298.0,none,,0.0,0.0,min_max,0.0,14400.0,142485.0,14400.0,10,3,1,1,14400.0,14400.0,14400.0,0.0
388,M-1810,item:268091,11313.122351,14400.0,14400.0,203550.0,finite,1178898.0,none,,0.0,0.0,min_max,0.0,14400.0,142485.0,14400.0,10,4,1,1,14400.0,14400.0,14400.0,0.0
389,M-1810,item:268091,11141.840797,14400.0,14400.0,203550.0,finite,1189498.0,none,,0.0,0.0,min_max,0.0,14400.0,142485.0,14400.0,10,5,1,1,14400.0,14400.0,14400.0,0.0
390,M-1810,item:268091,10954.866118,14400.0,14400.0,203550.0,finite,1175098.0,none,,0.0,0.0,min_max,0.0,14400.0,142485.0,14400.0,10,6,1,1,14400.0,14400.0,14400.0,0.0
391,M-1810,item:268091,10764.752815,14400.0,14400.0,203550.0,finite,1160698.0,none,,0.0,0.0,min_max,0.0,14400.0,142485.0,14400.0,10,7,1,1,14400.0,14400.0,14400.0,0.0
392,M-1810,item:268091,10574.011787,14400.0,14400.0,203550.0,finite,1146298.0,none,,0.0,0.0,min_max,0.0,14400.0,142485.0,14400.0,10,1,1,1,14400.0,14400.0,14400.0,0.0
393,M-1810,item:268091,10383.145214,14400.0,14400.0,203550.0,finite,1156898.0,none,,0.0,0.0,min_max,0.0,14400.0,142485.0,14400.0,10,2,1,1,14400.0,14400.0,14400.0,0.0
395,M-1810,item:268091,8064.718367,14400.0,14400.0,203550.0,finite,1242498.0,none,,0.0,0.0,min_max,0.0,14400.0,142485.0,14400.0,10,3,1,1,14400.0,14400.0,14400.0,0.0
398,M-1810,item:268091,7759.281633,14400.0,14400.0,203550.0,finite,1253098.0,none,,0.0,0.0,min_max,0.0,14400.0,142485.0,14400.0,10,4,1,1,14400.0,14400.0,14400.0,0.0
399,M-1810,item:268091,9209.325715,14400.0,14400.0,203550.0,finite,1263698.0,none,,0.0,0.0,min_max,0.0,14400.0,142485.0,14400.0,10,1,1,1,14400.0,14400.0,14400.0,0.0
402,M-1430,item:268967,3757.55102,107800.0,107800.0,154000.0,finite,5472525.0,none,,0.0,0.0,fixed,107800.0,107800.0,107800.0,0.0,10,1,1,1,107800.0,107800.0,107800.0,0.0
402,M-1810,item:268091,7010.677551,14400.0,14400.0,203550.0,finite,1249298.0,none,,0.0,0.0,min_max,0.0,14400.0,142485.0,14400.0,10,2,1,1,14400.0,14400.0,14400.0,0.0
404,M-1810,item:268091,6465.697959,14400.0,14400.0,203550.0,finite,1259898.0,none,,0.0,0.0,min_max,0.0,14400.0,142485.0,14400.0,10,3,1,1,14400.0,14400.0,14400.0,0.0
405,M-1810,item:268091,7486.347755,14400.0,14400.0,203550.0,finite,1270498.0,none,,0.0,0.0,min_max,0.0,14400.0,142485.0,14400.0,10,4,1,1,14400.0,14400.0,14400.0,0.0
406,M-1810,item:268091,7417.987918,14400.0,14400.0,203550.0,finite,1256098.0,none,,0.0,0.0,min_max,0.0,14400.0,142485.0,14400.0,10,1,1,1,14400.0,14400.0,14400.0,0.0
407,M-1810,item:268091,7131.826155,14400.0,14400.0,203550.0,finite,1241698.0,none,,0.0,0.0,min_max,0.0,14400.0,142485.0,14400.0,10,2,1,1,14400.0,14400.0,14400.0,0.0
408,M-1810,item:268091,7895.361149,14400.0,14400.0,203550.0,finite,1227298.0,none,,0.0,0.0,min_max,0.0,14400.0,142485.0,14400.0,10,3,1,1,14400.0,14400.0,14400.0,0.0
410,M-1810,item:268091,8110.530612,14400.0,14400.0,203550.0,finite,1237898.0,none,,0.0,0.0,min_max,0.0,14400.0,142485.0,14400.0,10,4,1,1,14400.0,14400.0,14400.0,0.0
411,M-1810,item:268091,10553.404082,14400.0,14400.0,203550.0,finite,1223498.0,none,,0.0,0.0,min_max,0.0,14400.0,142485.0,14400.0,10,5,1,1,14400.0,14400.0,14400.0,0.0
412,M-1810,item:268091,11862.746122,14400.0,14400.0,203550.0,finite,1209098.0,none,,0.0,0.0,min_max,0.0,14400.0,142485.0,14400.0,10,6,1,1,14400.0,14400.0,14400.0,0.0
413,M-1810,item:268091,12945.381878,14400.0,14400.0,203550.0,finite,1194698.0,none,,0.0,0.0,min_max,0.0,14400.0,142485.0,14400.0,10,1,1,1,14400.0,14400.0,14400.0,0.0
414,M-1810,item:268091,13982.676376,14400.0,14400.0,203550.0,finite,1180298.0,none,,0.0,0.0,min_max,0.0,14400.0,142485.0,14400.0,10,2,1,1,14400.0,14400.0,14400.0,0.0
415,M-1810,item:268091,14116.012826,14400.0,14400.0,203550.0,finite,1190898.0,none,,0.0,0.0,min_max,0.0,14400.0,142485.0,14400.0,10,3,1,1,14400.0,14400.0,14400.0,0.0
416,M-1810,item:268091,14068.557667,14400.0,14400.0,203550.0,finite,1176498.0,none,,0.0,0.0,min_max,0.0,14400.0,142485.0,14400.0,10,4,1,1,14400.0,14400.0,14400.0,0.0
417,M-1810,item:268091,13984.944186,14400.0,14400.0,203550.0,finite,1187098.0,none,,0.0,0.0,min_max,0.0,14400.0,142485.0,14400.0,10,5,1,1,14400.0,14400.0,14400.0,0.0
418,M-1810,item:268091,13894.099041,14400.0,14400.0,203550.0,finite,1222698.0,none,,0.0,0.0,min_max,0.0,14400.0,142485.0,14400.0,10,6,1,1,14400.0,14400.0,14400.0,0.0
419,M-1810,item:268091,13801.807563,14400.0,14400.0,203550.0,finite,1233298.0,none,,0.0,0.0,min_max,0.0,14400.0,142485.0,14400.0,10,7,1,1,14400.0,14400.0,14400.0,0.0
420,M-1810,item:268091,13709.226818,14400.0,14400.0,203550.0,finite,1243898.0,none,,0.0,0.0,min_max,0.0,14400.0,142485.0,14400.0,10,1,1,1,14400.0,14400.0,14400.0,0.0
421,M-1810,item:268091,13616.58822,14400.0,14400.0,203550.0,finite,1254498.0,none,,0.0,0.0,min_max,0.0,14400.0,142485.0,14400.0,10,2,1,1,14400.0,14400.0,14400.0,0.0
422,M-1430,item:268967,4957.518368,107800.0,107800.0,154000.0,finite,5364725.0,none,,0.0,0.0,fixed,107800.0,107800.0,107800.0,0.0,10,1,1,1,107800.0,107800.0,107800.0,0.0
422,M-1810,item:268091,13338.925807,14400.0,14400.0,203550.0,finite,1265098.0,none,,0.0,0.0,min_max,0.0,14400.0,142485.0,14400.0,10,3,1,1,14400.0,14400.0,14400.0,0.0
423,M-1810,item:268091,13024.258631,14400.0,14400.0,203550.0,finite,1275698.0,none,,0.0,0.0,min_max,0.0,14400.0,142485.0,14400.0,10,4,1,1,14400.0,14400.0,14400.0,0.0
424,M-1810,item:268091,12702.190501,14400.0,14400.0,203550.0,finite,1286298.0,none,,0.0,0.0,min_max,0.0,14400.0,142485.0,14400.0,10,5,1,1,14400.0,14400.0,14400.0,0.0
425,M-1810,item:268091,12378.642182,14400.0,14400.0,203550.0,finite,1296898.0,none,,0.0,0.0,min_max,0.0,14400.0,142485.0,14400.0,10,6,1,1,14400.0,14400.0,14400.0,0.0
426,M-1810,item:268091,12054.797824,14400.0,14400.0,203550.0,finite,1307498.0,none,,0.0,0.0,min_max,0.0,14400.0,142485.0,14400.0,10,7,1,1,14400.0,14400.0,14400.0,0.0
428,M-1810,item:268091,9060.8,14400.0,14400.0,203550.0,finite,1293098.0,none,,0.0,0.0,min_max,0.0,14400.0,142485.0,14400.0,10,1,1,1,14400.0,14400.0,14400.0,0.0
429,M-1810,item:268091,10670.804898,14400.0,14400.0,203550.0,finite,1278698.0,none,,0.0,0.0,min_max,0.0,14400.0,142485.0,14400.0,10,2,1,1,14400.0,14400.0,14400.0,0.0
430,M-1810,item:268091,10790.650775,14400.0,14400.0,203550.0,finite,1264298.0,none,,0.0,0.0,min_max,0.0,14400.0,142485.0,14400.0,10,3,1,1,14400.0,14400.0,14400.0,0.0
432,M-1810,item:268091,8252.179592,14400.0,14400.0,203550.0,finite,1299898.0,none,,0.0,0.0,min_max,0.0,14400.0,142485.0,14400.0,10,4,1,1,14400.0,14400.0,14400.0,0.0
435,M-1810,item:268091,7645.714286,14400.0,14400.0,203550.0,finite,1310498.0,none,,0.0,0.0,min_max,0.0,14400.0,142485.0,14400.0,10,1,1,1,14400.0,14400.0,14400.0,0.0
436,M-1810,item:268091,9406.82449,14400.0,14400.0,203550.0,finite,1321098.0,none,,0.0,0.0,min_max,0.0,14400.0,142485.0,14400.0,10,2,1,1,14400.0,14400.0,14400.0,0.0
437,M-1810,item:268091,9991.013877,14400.0,14400.0,203550.0,finite,1306698.0,none,,0.0,0.0,min_max,0.0,14400.0,142485.0,14400.0,10,3,1,1,14400.0,14400.0,14400.0,0.0
439,M-1810,item:268091,8573.583673,14400.0,14400.0,203550.0,finite,1292298.0,none,,0.0,0.0,min_max,0.0,14400.0,142485.0,14400.0,10,4,1,1,14400.0,14400.0,14400.0,0.0
440,M-1810,item:268091,10520.267755,14400.0,14400.0,203550.0,finite,1277898.0,none,,0.0,0.0,min_max,0.0,14400.0,142485.0,14400.0,10,5,1,1,14400.0,14400.0,14400.0,0.0
441,M-1810,item:268091,11141.571918,14400.0,14400.0,203550.0,finite,1288498.0,none,,0.0,0.0,min_max,0.0,14400.0,142485.0,14400.0,10,1,1,1,14400.0,14400.0,14400.0,0.0
442,M-1810,item:268091,11497.800098,14400.0,14400.0,203550.0,finite,1274098.0,none,,0.0,0.0,min_max,0.0,14400.0,142485.0,14400.0,10,2,1,1,14400.0,14400.0,14400.0,0.0
443,M-1810,item:268091,11650.874305,14400.0,14400.0,203550.0,finite,1259698.0,none,,0.0,0.0,min_max,0.0,14400.0,142485.0,14400.0,10,3,1,1,14400.0,14400.0,14400.0,0.0
444,M-1810,item:268091,11763.317718,14400.0,14400.0,203550.0,finite,1245298.0,none,,0.0,0.0,min_max,0.0,14400.0,142485.0,14400.0,10,4,1,1,14400.0,14400.0,14400.0,0.0
445,M-1810,item:268091,11867.634972,14400.0,14400.0,203550.0,finite,1255898.0,none,,0.0,0.0,min_max,0.0,14400.0,142485.0,14400.0,10,5,1,1,14400.0,14400.0,14400.0,0.0
446,M-1810,item:268091,11970.326995,14400.0,14400.0,203550.0,finite,1266498.0,none,,0.0,0.0,min_max,0.0,14400.0,142485.0,14400.0,10,6,1,1,14400.0,14400.0,14400.0,0.0
447,M-1810,item:268091,12072.69397,14400.0,14400.0,203550.0,finite,1252098.0,none,,0.0,0.0,min_max,0.0,14400.0,142485.0,14400.0,10,7,1,1,14400.0,14400.0,14400.0,0.0
448,M-1430,item:268967,3621.926531,107800.0,107800.0,154000.0,finite,5256925.0,none,,0.0,0.0,fixed,107800.0,107800.0,107800.0,0.0,10,1,1,1,107800.0,107800.0,107800.0,0.0
448,M-1810,item:268091,12174.995937,14400.0,14400.0,203550.0,finite,1237698.0,none,,0.0,0.0,min_max,0.0,14400.0,142485.0,14400.0,10,1,1,1,14400.0,14400.0,14400.0,0.0
449,M-1810,item:268091,12277.284902,14400.0,14400.0,203550.0,finite,1223298.0,none,,0.0,0.0,min_max,0.0,14400.0,142485.0,14400.0,10,2,1,1,14400.0,14400.0,14400.0,0.0
450,M-1810,item:268091,11908.469225,14400.0,14400.0,203550.0,finite,1208898.0,none,,0.0,0.0,min_max,0.0,14400.0,142485.0,14400.0,10,3,1,1,14400.0,14400.0,14400.0,0.0
451,M-1810,item:268091,11445.432621,14400.0,14400.0,203550.0,finite,1219498.0,none,,0.0,0.0,min_max,0.0,14400.0,142485.0,14400.0,10,4,1,1,14400.0,14400.0,14400.0,0.0
458,M-1810,item:268091,6626.922449,14400.0,14400.0,203550.0,finite,1230098.0,none,,0.0,0.0,min_max,0.0,14400.0,142485.0,14400.0,10,1,1,1,14400.0,14400.0,14400.0,0.0
460,M-1810,item:268091,6136.473469,14400.0,14400.0,203550.0,finite,1240698.0,none,,0.0,0.0,min_max,0.0,14400.0,142485.0,14400.0,10,2,1,1,14400.0,14400.0,14400.0,0.0
462,M-1810,item:268091,5646.02449,14400.0,14400.0,203550.0,finite,1251298.0,none,,0.0,0.0,min_max,0.0,14400.0,142485.0,14400.0,10,1,1,1,14400.0,14400.0,14400.0,0.0
463,M-1810,item:268091,6530.004898,14400.0,14400.0,203550.0,finite,1236898.0,none,,0.0,0.0,min_max,0.0,14400.0,142485.0,14400.0,10,2,1,1,14400.0,14400.0,14400.0,0.0
464,M-1810,item:268091,7424.531592,14400.0,14400.0,203550.0,finite,1222498.0,none,,0.0,0.0,min_max,0.0,14400.0,142485.0,14400.0,10,3,1,1,14400.0,14400.0,14400.0,0.0
465,M-1810,item:268091,8321.167543,14400.0,14400.0,203550.0,finite,1208098.0,none,,0.0,0.0,min_max,0.0,14400.0,142485.0,14400.0,10,4,1,1,14400.0,14400.0,14400.0,0.0
466,M-1810,item:268091,9218.225345,14400.0,14400.0,203550.0,finite,1193698.0,none,,0.0,0.0,min_max,0.0,14400.0,142485.0,14400.0,10,5,1,1,14400.0,14400.0,14400.0,0.0
469,M-1810,item:268091,9707.183673,14400.0,14400.0,203550.0,finite,1204298.0,none,,0.0,0.0,min_max,0.0,14400.0,142485.0,14400.0,10,1,1,1,14400.0,14400.0,14400.0,0.0
470,M-1810,item:268091,12366.35102,14400.0,14400.0,203550.0,finite,1189898.0,none,,0.0,0.0,min_max,0.0,14400.0,142485.0,14400.0,10,2,1,1,14400.0,14400.0,14400.0,0.0
471,M-1810,item:268091,12418.445714,14400.0,14400.0,203550.0,finite,1175498.0,none,,0.0,0.0,min_max,0.0,14400.0,142485.0,14400.0,10,3,1,1,14400.0,14400.0,14400.0,0.0
472,M-1810,item:268091,11949.125877,14400.0,14400.0,203550.0,finite,1211098.0,none,,0.0,0.0,min_max,0.0,14400.0,142485.0,14400.0,10,4,1,1,14400.0,14400.0,14400.0,0.0
473,M-1810,item:268091,11375.523134,14400.0,14400.0,203550.0,finite,1196698.0,none,,0.0,0.0,min_max,0.0,14400.0,142485.0,14400.0,10,5,1,1,14400.0,14400.0,14400.0,0.0
474,M-1810,item:268091,10781.06381,14400.0,14400.0,203550.0,finite,1182298.0,none,,0.0,0.0,min_max,0.0,14400.0,142485.0,14400.0,10,6,1,1,14400.0,14400.0,14400.0,0.0
475,M-1810,item:268091,10182.43317,14400.0,14400.0,203550.0,finite,1167898.0,none,,0.0,0.0,min_max,0.0,14400.0,142485.0,14400.0,10,7,1,1,14400.0,14400.0,14400.0,0.0
476,M-1810,item:268091,9582.968266,14400.0,14400.0,203550.0,finite,1153498.0,none,,0.0,0.0,min_max,0.0,14400.0,142485.0,14400.0,10,1,1,1,14400.0,14400.0,14400.0,0.0
477,M-1810,item:268091,8983.33651,14400.0,14400.0,203550.0,finite,1139098.0,none,,0.0,0.0,min_max,0.0,14400.0,142485.0,14400.0,10,2,1,1,14400.0,14400.0,14400.0,0.0
491,M-1810,item:268091,3578.057143,14400.0,14400.0,203550.0,finite,1174698.0,none,,0.0,0.0,min_max,0.0,14400.0,142485.0,14400.0,10,1,1,1,14400.0,14400.0,14400.0,0.0
493,M-1810,item:268091,4911.608164,14400.0,14400.0,203550.0,finite,1160298.0,none,,0.0,0.0,min_max,0.0,14400.0,142485.0,14400.0,10,2,1,1,14400.0,14400.0,14400.0,0.0
494,M-1810,item:268091,6560.705306,14400.0,14400.0,203550.0,finite,1145898.0,none,,0.0,0.0,min_max,0.0,14400.0,142485.0,14400.0,10,3,1,1,14400.0,14400.0,14400.0,0.0
495,M-1810,item:268091,7557.300245,14400.0,14400.0,203550.0,finite,1131498.0,none,,0.0,0.0,min_max,0.0,14400.0,142485.0,14400.0,10,4,1,1,14400.0,14400.0,14400.0,0.0
496,M-1810,item:268091,8423.394743,14400.0,14400.0,203550.0,finite,1117098.0,none,,0.0,0.0,min_max,0.0,14400.0,142485.0,14400.0,10,5,1,1,14400.0,14400.0,14400.0,0.0
497,M-1810,item:268091,9263.389153,14400.0,14400.0,203550.0,finite,1102698.0,none,,0.0,0.0,min_max,0.0,14400.0,142485.0,14400.0,10,1,1,1,14400.0,14400.0,14400.0,0.0
498,M-1810,item:268091,10098.163545,14400.0,14400.0,203550.0,finite,1088298.0,none,,0.0,0.0,min_max,0.0,14400.0,142485.0,14400.0,10,2,1,1,14400.0,14400.0,14400.0,0.0
499,M-1810,item:268091,10267.387811,14400.0,14400.0,203550.0,finite,1073898.0,none,,0.0,0.0,min_max,0.0,14400.0,142485.0,14400.0,10,3,1,1,14400.0,14400.0,14400.0,0.0
500,M-1810,item:268091,10303.502052,14400.0,14400.0,203550.0,finite,1084498.0,none,,0.0,0.0,min_max,0.0,14400.0,142485.0,14400.0,10,4,1,1,14400.0,14400.0,14400.0,0.0
501,M-1810,item:268091,10312.994288,14400.0,14400.0,203550.0,finite,1070098.0,none,,0.0,0.0,min_max,0.0,14400.0,142485.0,14400.0,10,5,1,1,14400.0,14400.0,14400.0,0.0
502,M-1810,item:268091,10317.162123,14400.0,14400.0,203550.0,finite,1055698.0,none,,0.0,0.0,min_max,0.0,14400.0,142485.0,14400.0,10,6,1,1,14400.0,14400.0,14400.0,0.0
503,M-1810,item:268091,10320.265078,14400.0,14400.0,203550.0,finite,1041298.0,none,,0.0,0.0,min_max,0.0,14400.0,142485.0,14400.0,10,7,1,1,14400.0,14400.0,14400.0,0.0
504,M-1810,item:268091,10323.155057,14400.0,14400.0,203550.0,finite,1026898.0,none,,0.0,0.0,min_max,0.0,14400.0,142485.0,14400.0,10,1,1,1,14400.0,14400.0,14400.0,0.0
505,M-1810,item:268091,10326.00244,14400.0,14400.0,203550.0,finite,1012498.0,none,,0.0,0.0,min_max,0.0,14400.0,142485.0,14400.0,10,2,1,1,14400.0,14400.0,14400.0,0.0
507,M-1810,item:268091,8441.093878,14400.0,14400.0,203550.0,finite,1023098.0,none,,0.0,0.0,min_max,0.0,14400.0,142485.0,14400.0,10,3,1,1,14400.0,14400.0,14400.0,0.0
508,M-1810,item:268091,10219.173878,14400.0,14400.0,203550.0,finite,1008698.0,none,,0.0,0.0,min_max,0.0,14400.0,142485.0,14400.0,10,4,1,1,14400.0,14400.0,14400.0,0.0
509,M-1810,item:268091,10664.651102,14400.0,14400.0,203550.0,finite,994298.0,none,,0.0,0.0,min_max,0.0,14400.0,142485.0,14400.0,10,5,1,1,14400.0,14400.0,14400.0,0.0
512,M-1810,item:268091,8890.4,14400.0,14400.0,203550.0,finite,979898.0,none,,0.0,0.0,min_max,0.0,14400.0,142485.0,14400.0,10,1,1,1,14400.0,14400.0,14400.0,0.0
513,M-1810,item:268091,10454.700408,14400.0,14400.0,203550.0,finite,965498.0,none,,0.0,0.0,min_max,0.0,14400.0,142485.0,14400.0,10,2,1,1,14400.0,14400.0,14400.0,0.0
514,M-1810,item:268091,10553.780898,14400.0,14400.0,203550.0,finite,951098.0,none,,0.0,0.0,min_max,0.0,14400.0,142485.0,14400.0,10,3,1,1,14400.0,14400.0,14400.0,0.0
515,M-1810,item:268091,10359.817404,14400.0,14400.0,203550.0,finite,936698.0,none,,0.0,0.0,min_max,0.0,14400.0,142485.0,14400.0,10,4,1,1,14400.0,14400.0,14400.0,0.0
518,M-1810,item:268091,7607.722449,14400.0,14400.0,203550.0,finite,922298.0,none,,0.0,0.0,min_max,0.0,14400.0,142485.0,14400.0,10,1,1,1,14400.0,14400.0,14400.0,0.0
520,M-1810,item:268091,7132.734694,14400.0,14400.0,203550.0,finite,907898.0,none,,0.0,0.0,min_max,0.0,14400.0,142485.0,14400.0,10,2,1,1,14400.0,14400.0,14400.0,0.0
522,M-1810,item:268091,6610.318367,14400.0,14400.0,203550.0,finite,893498.0,none,,0.0,0.0,min_max,0.0,14400.0,142485.0,14400.0,10,3,1,1,14400.0,14400.0,14400.0,0.0
523,M-1430,item:268967,1253.55102,107800.0,107800.0,154000.0,finite,5149125.0,none,,0.0,0.0,fixed,107800.0,107800.0,107800.0,0.0,10,1,1,1,107800.0,107800.0,107800.0,0.0
525,M-1430,item:268967,1880.326531,107800.0,107800.0,154000.0,finite,5041325.0,none,,0.0,0.0,fixed,107800.0,107800.0,107800.0,0.0,10,1,1,1,107800.0,107800.0,107800.0,0.0
525,M-1810,item:268091,5826.693878,14400.0,14400.0,203550.0,finite,879098.0,none,,0.0,0.0,min_max,0.0,14400.0,142485.0,14400.0,10,1,1,1,14400.0,14400.0,14400.0,0.0
527,M-1810,item:268091,6013.861225,14400.0,14400.0,203550.0,finite,864698.0,none,,0.0,0.0,min_max,0.0,14400.0,142485.0,14400.0,10,2,1,1,14400.0,14400.0,14400.0,0.0
528,M-1810,item:268091,7665.00898,14400.0,14400.0,203550.0,finite,850298.0,none,,0.0,0.0,min_max,0.0,14400.0,142485.0,14400.0,10,3,1,1,14400.0,14400.0,14400.0,0.0
529,M-1810,item:268091,8443.614041,14400.0,14400.0,203550.0,finite,835898.0,none,,0.0,0.0,min_max,0.0,14400.0,142485.0,14400.0,10,4,1,1,14400.0,14400.0,14400.0,0.0
530,M-1810,item:268091,9047.710563,14400.0,14400.0,203550.0,finite,821498.0,none,,0.0,0.0,min_max,0.0,14400.0,142485.0,14400.0,10,5,1,1,14400.0,14400.0,14400.0,0.0
531,M-1810,item:268091,9616.905378,14400.0,14400.0,203550.0,finite,807098.0,none,,0.0,0.0,min_max,0.0,14400.0,142485.0,14400.0,10,6,1,1,14400.0,14400.0,14400.0,0.0
532,M-1430,item:268967,16555.314286,107800.0,107800.0,154000.0,finite,4933525.0,none,,0.0,0.0,fixed,107800.0,107800.0,107800.0,0.0,10,1,1,1,107800.0,107800.0,107800.0,0.0
532,M-1810,item:268091,10179.119851,14400.0,14400.0,203550.0,finite,792698.0,none,,0.0,0.0,min_max,0.0,14400.0,142485.0,14400.0,10,1,1,1,14400.0,14400.0,14400.0,0.0
533,M-1810,item:268091,10739.938256,14400.0,14400.0,203550.0,finite,778298.0,none,,0.0,0.0,min_max,0.0,14400.0,142485.0,14400.0,10,2,1,1,14400.0,14400.0,14400.0,0.0
534,M-1430,item:268967,16358.073469,107800.0,107800.0,154000.0,finite,4825725.0,none,,0.0,0.0,fixed,107800.0,107800.0,107800.0,0.0,10,2,1,1,107800.0,107800.0,107800.0,0.0
534,M-1810,item:268091,11141.506018,14400.0,14400.0,203550.0,finite,763898.0,none,,0.0,0.0,min_max,0.0,14400.0,142485.0,14400.0,10,3,1,1,14400.0,14400.0,14400.0,0.0
535,M-1430,item:268967,17038.847347,107800.0,107800.0,154000.0,finite,4717925.0,none,,0.0,0.0,fixed,107800.0,107800.0,107800.0,0.0,10,3,1,1,107800.0,107800.0,107800.0,0.0
535,M-1810,item:268091,11511.223652,14400.0,14400.0,203550.0,finite,749498.0,none,,0.0,0.0,min_max,0.0,14400.0,142485.0,14400.0,10,4,1,1,14400.0,14400.0,14400.0,0.0
536,M-1810,item:268091,11874.571261,14400.0,14400.0,203550.0,finite,735098.0,none,,0.0,0.0,min_max,0.0,14400.0,142485.0,14400.0,10,5,1,1,14400.0,14400.0,14400.0,0.0
537,M-1810,item:268091,12236.644864,14400.0,14400.0,203550.0,finite,720698.0,none,,0.0,0.0,min_max,0.0,14400.0,142485.0,14400.0,10,6,1,1,14400.0,14400.0,14400.0,0.0
538,M-1810,item:268091,12598.463666,14400.0,14400.0,203550.0,finite,706298.0,none,,0.0,0.0,min_max,0.0,14400.0,142485.0,14400.0,10,7,1,1,14400.0,14400.0,14400.0,0.0
540,M-1810,item:268091,10729.942857,14400.0,14400.0,203550.0,finite,691898.0,none,,0.0,0.0,min_max,0.0,14400.0,142485.0,14400.0,10,1,1,1,14400.0,14400.0,14400.0,0.0
541,M-1810,item:268091,12356.062041,14400.0,14400.0,203550.0,finite,677498.0,none,,0.0,0.0,min_max,0.0,14400.0,142485.0,14400.0,10,2,1,1,14400.0,14400.0,14400.0,0.0
542,M-1810,item:268091,12161.41649,14400.0,14400.0,203550.0,finite,663098.0,none,,0.0,0.0,min_max,0.0,14400.0,142485.0,14400.0,10,3,1,1,14400.0,14400.0,14400.0,0.0
543,M-1810,item:268091,11602.617992,14400.0,14400.0,203550.0,finite,648698.0,none,,0.0,0.0,min_max,0.0,14400.0,142485.0,14400.0,10,4,1,1,14400.0,14400.0,14400.0,0.0
544,M-1810,item:268091,10970.988905,14400.0,14400.0,203550.0,finite,634298.0,none,,0.0,0.0,min_max,0.0,14400.0,142485.0,14400.0,10,5,1,1,14400.0,14400.0,14400.0,0.0
545,M-1810,item:268091,10324.793699,14400.0,14400.0,203550.0,finite,619898.0,none,,0.0,0.0,min_max,0.0,14400.0,142485.0,14400.0,10,6,1,1,14400.0,14400.0,14400.0,0.0
551,M-1810,item:268091,7854.351021,14400.0,14400.0,203550.0,finite,605498.0,none,,0.0,0.0,min_max,0.0,14400.0,142485.0,14400.0,10,1,1,1,14400.0,14400.0,14400.0,0.0
552,M-1810,item:268091,9616.094694,14400.0,14400.0,203550.0,finite,591098.0,none,,0.0,0.0,min_max,0.0,14400.0,142485.0,14400.0,10,2,1,1,14400.0,14400.0,14400.0,0.0
553,M-1810,item:268091,10159.316898,14400.0,14400.0,203550.0,finite,576698.0,none,,0.0,0.0,min_max,0.0,14400.0,142485.0,14400.0,10,1,1,1,14400.0,14400.0,14400.0,0.0
554,M-1810,item:268091,10458.834808,14400.0,14400.0,203550.0,finite,562298.0,none,,0.0,0.0,min_max,0.0,14400.0,142485.0,14400.0,10,2,1,1,14400.0,14400.0,14400.0,0.0
555,M-1810,item:268091,10138.117982,14400.0,14400.0,203550.0,finite,547898.0,none,,0.0,0.0,min_max,0.0,14400.0,142485.0,14400.0,10,3,1,1,14400.0,14400.0,14400.0,0.0
556,M-1810,item:268091,9693.354209,14400.0,14400.0,203550.0,finite,533498.0,none,,0.0,0.0,min_max,0.0,14400.0,142485.0,14400.0,10,4,1,1,14400.0,14400.0,14400.0,0.0
557,M-1810,item:268091,9223.781046,14400.0,14400.0,203550.0,finite,519098.0,none,,0.0,0.0,min_max,0.0,14400.0,142485.0,14400.0,10,5,1,1,14400.0,14400.0,14400.0,0.0
561,M-1810,item:268091,5762.628571,14400.0,14400.0,203550.0,finite,504698.0,none,,0.0,0.0,min_max,0.0,14400.0,142485.0,14400.0,10,1,1,1,14400.0,14400.0,14400.0,0.0
562,M-1810,item:268091,7679.04,14400.0,14400.0,203550.0,finite,490298.0,none,,0.0,0.0,min_max,0.0,14400.0,142485.0,14400.0,10,2,1,1,14400.0,14400.0,14400.0,0.0
563,M-1810,item:268091,8826.208,14400.0,14400.0,203550.0,finite,475898.0,none,,0.0,0.0,min_max,0.0,14400.0,142485.0,14400.0,10,3,1,1,14400.0,14400.0,14400.0,0.0
564,M-1810,item:268091,9819.527314,14400.0,14400.0,203550.0,finite,461498.0,none,,0.0,0.0,min_max,0.0,14400.0,142485.0,14400.0,10,4,1,1,14400.0,14400.0,14400.0,0.0
565,M-1810,item:268091,10782.076891,14400.0,14400.0,203550.0,finite,447098.0,none,,0.0,0.0,min_max,0.0,14400.0,142485.0,14400.0,10,5,1,1,14400.0,14400.0,14400.0,0.0
566,M-1810,item:268091,11738.472521,14400.0,14400.0,203550.0,finite,432698.0,none,,0.0,0.0,min_max,0.0,14400.0,142485.0,14400.0,10,6,1,1,14400.0,14400.0,14400.0,0.0
567,M-1810,item:268091,12693.637361,14400.0,14400.0,203550.0,finite,418298.0,none,,0.0,0.0,min_max,0.0,14400.0,142485.0,14400.0,10,1,1,1,14400.0,14400.0,14400.0,0.0
568,M-1810,item:268091,13648.556043,14400.0,14400.0,203550.0,finite,428898.0,none,,0.0,0.0,min_max,0.0,14400.0,142485.0,14400.0,10,2,1,1,14400.0,14400.0,14400.0,0.0
569,M-1810,item:268091,13131.001004,14400.0,14400.0,203550.0,finite,414498.0,none,,0.0,0.0,min_max,0.0,14400.0,142485.0,14400.0,10,3,1,1,14400.0,14400.0,14400.0,0.0
570,M-1810,item:268091,12318.951221,14400.0,14400.0,203550.0,finite,400098.0,none,,0.0,0.0,min_max,0.0,14400.0,142485.0,14400.0,10,4,1,1,14400.0,14400.0,14400.0,0.0
571,M-1810,item:268091,11448.002489,14400.0,14400.0,203550.0,finite,410698.0,none,,0.0,0.0,min_max,0.0,14400.0,142485.0,14400.0,10,5,1,1,14400.0,14400.0,14400.0,0.0
572,M-1810,item:268091,10565.273967,14400.0,14400.0,203550.0,finite,396298.0,none,,0.0,0.0,min_max,0.0,14400.0,142485.0,14400.0,10,6,1,1,14400.0,14400.0,14400.0,0.0
574,M-1810,item:268091,6858.595919,14400.0,14400.0,203550.0,finite,431898.0,none,,0.0,0.0,min_max,0.0,14400.0,142485.0,14400.0,10,1,1,1,14400.0,14400.0,14400.0,0.0
592,M-1810,item:268091,4161.469388,14400.0,14400.0,203550.0,finite,592498.0,none,,0.0,0.0,min_max,0.0,14400.0,142485.0,14400.0,10,1,1,1,14400.0,14400.0,14400.0,0.0
594,M-1810,item:268091,4205.191837,14400.0,14400.0,203550.0,finite,578098.0,none,,0.0,0.0,min_max,0.0,14400.0,142485.0,14400.0,10,2,1,1,14400.0,14400.0,14400.0,0.0
595,M-1810,item:268091,5068.091428,14400.0,14400.0,203550.0,finite,563698.0,none,,0.0,0.0,min_max,0.0,14400.0,142485.0,14400.0,10,1,1,1,14400.0,14400.0,14400.0,0.0
596,M-1810,item:268091,5262.532571,14400.0,14400.0,203550.0,finite,549298.0,none,,0.0,0.0,min_max,0.0,14400.0,142485.0,14400.0,10,2,1,1,14400.0,14400.0,14400.0,0.0
597,M-1810,item:268091,5983.216718,14400.0,14400.0,203550.0,finite,559898.0,none,,0.0,0.0,min_max,0.0,14400.0,142485.0,14400.0,10,3,1,1,14400.0,14400.0,14400.0,0.0
598,M-1810,item:268091,6809.149466,14400.0,14400.0,203550.0,finite,545498.0,none,,0.0,0.0,min_max,0.0,14400.0,142485.0,14400.0,10,4,1,1,14400.0,14400.0,14400.0,0.0
599,M-1810,item:268091,7656.131934,14400.0,14400.0,203550.0,finite,581098.0,none,,0.0,0.0,min_max,0.0,14400.0,142485.0,14400.0,10,5,1,1,14400.0,14400.0,14400.0,0.0
600,M-1810,item:268091,8507.324346,14400.0,14400.0,203550.0,finite,566698.0,none,,0.0,0.0,min_max,0.0,14400.0,142485.0,14400.0,10,6,1,1,14400.0,14400.0,14400.0,0.0
601,M-1810,item:268091,9359.358747,14400.0,14400.0,203550.0,finite,552298.0,none,,0.0,0.0,min_max,0.0,14400.0,142485.0,14400.0,10,7,1,1,14400.0,14400.0,14400.0,0.0
603,M-1810,item:268091,9021.485714,14400.0,14400.0,203550.0,finite,562898.0,none,,0.0,0.0,min_max,0.0,14400.0,142485.0,14400.0,10,1,1,1,14400.0,14400.0,14400.0,0.0
604,M-1430,item:268967,7675.902041,107800.0,107800.0,154000.0,finite,4610125.0,none,,0.0,0.0,fixed,107800.0,107800.0,107800.0,0.0,10,1,1,1,107800.0,107800.0,107800.0,0.0
604,M-1810,item:268091,10625.456327,14400.0,14400.0,203550.0,finite,548498.0,none,,0.0,0.0,min_max,0.0,14400.0,142485.0,14400.0,10,2,1,1,14400.0,14400.0,14400.0,0.0
605,M-1810,item:268091,10745.923918,14400.0,14400.0,203550.0,finite,559098.0,none,,0.0,0.0,min_max,0.0,14400.0,142485.0,14400.0,10,3,1,1,14400.0,14400.0,14400.0,0.0
606,M-1810,item:268091,10569.690906,14400.0,14400.0,203550.0,finite,544698.0,none,,0.0,0.0,min_max,0.0,14400.0,142485.0,14400.0,10,4,1,1,14400.0,14400.0,14400.0,0.0
607,M-1810,item:268091,10334.117773,14400.0,14400.0,203550.0,finite,555298.0,none,,0.0,0.0,min_max,0.0,14400.0,142485.0,14400.0,10,5,1,1,14400.0,14400.0,14400.0,0.0
608,M-1810,item:268091,10086.676616,14400.0,14400.0,203550.0,finite,540898.0,none,,0.0,0.0,min_max,0.0,14400.0,142485.0,14400.0,10,6,1,1,14400.0,14400.0,14400.0,0.0
610,M-1810,item:268091,7619.2,14400.0,14400.0,203550.0,finite,551498.0,none,,0.0,0.0,min_max,0.0,14400.0,142485.0,14400.0,10,1,1,1,14400.0,14400.0,14400.0,0.0
613,M-1810,item:268091,7470.44898,14400.0,14400.0,203550.0,finite,587098.0,none,,0.0,0.0,min_max,0.0,14400.0,142485.0,14400.0,10,2,1,1,14400.0,14400.0,14400.0,0.0
614,M-1810,item:268091,8914.955102,14400.0,14400.0,203550.0,finite,597698.0,none,,0.0,0.0,min_max,0.0,14400.0,142485.0,14400.0,10,3,1,1,14400.0,14400.0,14400.0,0.0
615,M-1810,item:268091,9154.272653,14400.0,14400.0,203550.0,finite,608298.0,none,,0.0,0.0,min_max,0.0,14400.0,142485.0,14400.0,10,4,1,1,14400.0,14400.0,14400.0,0.0
617,M-1810,item:268091,7272.114286,14400.0,14400.0,203550.0,finite,593898.0,none,,0.0,0.0,min_max,0.0,14400.0,142485.0,14400.0,10,1,1,1,14400.0,14400.0,14400.0,0.0
619,M-1810,item:268091,7511.461224,14400.0,14400.0,203550.0,finite,579498.0,none,,0.0,0.0,min_max,0.0,14400.0,142485.0,14400.0,10,2,1,1,14400.0,14400.0,14400.0,0.0
620,M-1810,item:268091,9133.426939,14400.0,14400.0,203550.0,finite,565098.0,none,,0.0,0.0,min_max,0.0,14400.0,142485.0,14400.0,10,3,1,1,14400.0,14400.0,14400.0,0.0
621,M-1810,item:268091,9577.493551,14400.0,14400.0,203550.0,finite,550698.0,none,,0.0,0.0,min_max,0.0,14400.0,142485.0,14400.0,10,4,1,1,14400.0,14400.0,14400.0,0.0
622,M-1810,item:268091,9785.980343,14400.0,14400.0,203550.0,finite,561298.0,none,,0.0,0.0,min_max,0.0,14400.0,142485.0,14400.0,10,5,1,1,14400.0,14400.0,14400.0,0.0
623,M-1810,item:268091,9947.35117,14400.0,14400.0,203550.0,finite,571898.0,none,,0.0,0.0,min_max,0.0,14400.0,142485.0,14400.0,10,1,1,1,14400.0,14400.0,14400.0,0.0
624,M-1810,item:268091,10099.298805,14400.0,14400.0,203550.0,finite,557498.0,none,,0.0,0.0,min_max,0.0,14400.0,142485.0,14400.0,10,2,1,1,14400.0,14400.0,14400.0,0.0
625,M-1810,item:268091,10479.843434,14400.0,14400.0,203550.0,finite,568098.0,none,,0.0,0.0,min_max,0.0,14400.0,142485.0,14400.0,10,3,1,1,14400.0,14400.0,14400.0,0.0
626,M-1810,item:268091,10906.107462,14400.0,14400.0,203550.0,finite,553698.0,none,,0.0,0.0,min_max,0.0,14400.0,142485.0,14400.0,10,4,1,1,14400.0,14400.0,14400.0,0.0
627,M-1810,item:268091,11341.51537,14400.0,14400.0,203550.0,finite,539298.0,none,,0.0,0.0,min_max,0.0,14400.0,142485.0,14400.0,10,5,1,1,14400.0,14400.0,14400.0,0.0
629,M-1810,item:268091,9860.604081,14400.0,14400.0,203550.0,finite,549898.0,none,,0.0,0.0,min_max,0.0,14400.0,142485.0,14400.0,10,6,1,1,14400.0,14400.0,14400.0,0.0
630,M-1810,item:268091,12182.88,14400.0,14400.0,203550.0,finite,535498.0,none,,0.0,0.0,min_max,0.0,14400.0,142485.0,14400.0,10,1,1,1,14400.0,14400.0,14400.0,0.0
631,M-1810,item:268091,12997.490286,14400.0,14400.0,203550.0,finite,521098.0,none,,0.0,0.0,min_max,0.0,14400.0,142485.0,14400.0,10,2,1,1,14400.0,14400.0,14400.0,0.0
632,M-1810,item:268091,12542.40418,14400.0,14400.0,203550.0,finite,531698.0,none,,0.0,0.0,min_max,0.0,14400.0,142485.0,14400.0,10,3,1,1,14400.0,14400.0,14400.0,0.0
633,M-1810,item:268091,11833.378795,14400.0,14400.0,203550.0,finite,542298.0,none,,0.0,0.0,min_max,0.0,14400.0,142485.0,14400.0,10,4,1,1,14400.0,14400.0,14400.0,0.0
635,M-1810,item:268091,8088.881633,14400.0,14400.0,203550.0,finite,552898.0,none,,0.0,0.0,min_max,0.0,14400.0,142485.0,14400.0,10,5,1,1,14400.0,14400.0,14400.0,0.0
641,M-1810,item:268091,6729.012245,14400.0,14400.0,203550.0,finite,638498.0,none,,0.0,0.0,min_max,0.0,14400.0,142485.0,14400.0,10,1,1,1,14400.0,14400.0,14400.0,0.0
642,M-1810,item:268091,8239.533061,14400.0,14400.0,203550.0,finite,649098.0,none,,0.0,0.0,min_max,0.0,14400.0,142485.0,14400.0,10,2,1,1,14400.0,14400.0,14400.0,0.0
643,M-1810,item:268091,8706.355592,14400.0,14400.0,203550.0,finite,634698.0,none,,0.0,0.0,min_max,0.0,14400.0,142485.0,14400.0,10,3,1,1,14400.0,14400.0,14400.0,0.0
644,M-1810,item:268091,8964.438465,14400.0,14400.0,203550.0,finite,620298.0,none,,0.0,0.0,min_max,0.0,14400.0,142485.0,14400.0,10,1,1,1,14400.0,14400.0,14400.0,0.0
646,M-1810,item:268091,7508.995919,14400.0,14400.0,203550.0,finite,605898.0,none,,0.0,0.0,min_max,0.0,14400.0,142485.0,14400.0,10,2,1,1,14400.0,14400.0,14400.0,0.0
648,M-1430,item:268967,3395.934694,107800.0,107800.0,154000.0,finite,4502325.0,none,,0.0,0.0,fixed,107800.0,107800.0,107800.0,0.0,10,1,1,1,107800.0,107800.0,107800.0,0.0
648,M-1810,item:268091,7751.216327,14400.0,14400.0,203550.0,finite,591498.0,none,,0.0,0.0,min_max,0.0,14400.0,142485.0,14400.0,10,3,1,1,14400.0,14400.0,14400.0,0.0
649,M-1810,item:268091,9422.569796,14400.0,14400.0,203550.0,finite,577098.0,none,,0.0,0.0,min_max,0.0,14400.0,142485.0,14400.0,10,4,1,1,14400.0,14400.0,14400.0,0.0
650,M-1810,item:268091,9877.950694,14400.0,14400.0,203550.0,finite,562698.0,none,,0.0,0.0,min_max,0.0,14400.0,142485.0,14400.0,10,5,1,1,14400.0,14400.0,14400.0,0.0
651,M-1810,item:268091,10090.137078,14400.0,14400.0,203550.0,finite,548298.0,none,,0.0,0.0,min_max,0.0,14400.0,142485.0,14400.0,10,1,1,1,14400.0,14400.0,14400.0,0.0
652,M-1810,item:268091,10253.684559,14400.0,14400.0,203550.0,finite,533898.0,none,,0.0,0.0,min_max,0.0,14400.0,142485.0,14400.0,10,2,1,1,14400.0,14400.0,14400.0,0.0
653,M-1810,item:268091,10417.789973,14400.0,14400.0,203550.0,finite,519498.0,none,,0.0,0.0,min_max,0.0,14400.0,142485.0,14400.0,10,3,1,1,14400.0,14400.0,14400.0,0.0
654,M-1810,item:268091,10582.006974,14400.0,14400.0,203550.0,finite,505098.0,none,,0.0,0.0,min_max,0.0,14400.0,142485.0,14400.0,10,4,1,1,14400.0,14400.0,14400.0,0.0
656,M-1810,item:268091,8761.240816,14400.0,14400.0,203550.0,finite,490698.0,none,,0.0,0.0,min_max,0.0,14400.0,142485.0,14400.0,10,5,1,1,14400.0,14400.0,14400.0,0.0
658,M-1810,item:268091,9024.032653,14400.0,14400.0,203550.0,finite,476298.0,none,,0.0,0.0,min_max,0.0,14400.0,142485.0,14400.0,10,1,1,1,14400.0,14400.0,14400.0,0.0
659,M-1810,item:268091,10960.235102,14400.0,14400.0,203550.0,finite,461898.0,none,,0.0,0.0,min_max,0.0,14400.0,142485.0,14400.0,10,2,1,1,14400.0,14400.0,14400.0,0.0
660,M-1810,item:268091,10881.27151,14400.0,14400.0,203550.0,finite,447498.0,none,,0.0,0.0,min_max,0.0,14400.0,142485.0,14400.0,10,3,1,1,14400.0,14400.0,14400.0,0.0
661,M-1810,item:268091,10399.27471,14400.0,14400.0,203550.0,finite,433098.0,none,,0.0,0.0,min_max,0.0,14400.0,142485.0,14400.0,10,4,1,1,14400.0,14400.0,14400.0,0.0
662,M-1810,item:268091,9836.671268,14400.0,14400.0,203550.0,finite,418698.0,none,,0.0,0.0,min_max,0.0,14400.0,142485.0,14400.0,10,5,1,1,14400.0,14400.0,14400.0,0.0
667,M-1430,item:268967,3503.085714,107800.0,107800.0,154000.0,finite,4394525.0,none,,0.0,0.0,fixed,107800.0,107800.0,107800.0,0.0,10,1,1,1,107800.0,107800.0,107800.0,0.0
668,M-1810,item:268091,6527.036735,14400.0,14400.0,203550.0,finite,479298.0,none,,0.0,0.0,min_max,0.0,14400.0,142485.0,14400.0,10,1,1,1,14400.0,14400.0,14400.0,0.0
670,M-1810,item:268091,7162.073469,14400.0,14400.0,203550.0,finite,489898.0,none,,0.0,0.0,min_max,0.0,14400.0,142485.0,14400.0,10,2,1,1,14400.0,14400.0,14400.0,0.0
671,M-1810,item:268091,8912.00653,14400.0,14400.0,203550.0,finite,475498.0,none,,0.0,0.0,min_max,0.0,14400.0,142485.0,14400.0,10,3,1,1,14400.0,14400.0,14400.0,0.0
672,M-1810,item:268091,9579.51151,14400.0,14400.0,203550.0,finite,461098.0,none,,0.0,0.0,min_max,0.0,14400.0,142485.0,14400.0,10,1,1,1,14400.0,14400.0,14400.0,0.0
673,M-1810,item:268091,10030.530873,14400.0,14400.0,203550.0,finite,471698.0,none,,0.0,0.0,min_max,0.0,14400.0,142485.0,14400.0,10,2,1,1,14400.0,14400.0,14400.0,0.0
674,M-1810,item:268091,9662.873521,14400.0,14400.0,203550.0,finite,482298.0,none,,0.0,0.0,min_max,0.0,14400.0,142485.0,14400.0,10,3,1,1,14400.0,14400.0,14400.0,0.0
675,M-1810,item:268091,9131.480827,14400.0,14400.0,203550.0,finite,467898.0,none,,0.0,0.0,min_max,0.0,14400.0,142485.0,14400.0,10,4,1,1,14400.0,14400.0,14400.0,0.0
679,M-1810,item:268091,5367.461224,14400.0,14400.0,203550.0,finite,528498.0,none,,0.0,0.0,min_max,0.0,14400.0,142485.0,14400.0,10,1,1,1,14400.0,14400.0,14400.0,0.0
680,M-1810,item:268091,5983.092245,14400.0,14400.0,203550.0,finite,514098.0,none,,0.0,0.0,min_max,0.0,14400.0,142485.0,14400.0,10,2,1,1,14400.0,14400.0,14400.0,0.0
681,M-1810,item:268091,7125.173551,14400.0,14400.0,203550.0,finite,499698.0,none,,0.0,0.0,min_max,0.0,14400.0,142485.0,14400.0,10,3,1,1,14400.0,14400.0,14400.0,0.0
682,M-1810,item:268091,8372.544914,14400.0,14400.0,203550.0,finite,485298.0,none,,0.0,0.0,min_max,0.0,14400.0,142485.0,14400.0,10,4,1,1,14400.0,14400.0,14400.0,0.0
683,M-1810,item:268091,9640.974289,14400.0,14400.0,203550.0,finite,470898.0,none,,0.0,0.0,min_max,0.0,14400.0,142485.0,14400.0,10,5,1,1,14400.0,14400.0,14400.0,0.0
684,M-1810,item:268091,10913.615266,14400.0,14400.0,203550.0,finite,481498.0,none,,0.0,0.0,min_max,0.0,14400.0,142485.0,14400.0,10,6,1,1,14400.0,14400.0,14400.0,0.0
685,M-1810,item:268091,12187.098563,14400.0,14400.0,203550.0,finite,467098.0,none,,0.0,0.0,min_max,0.0,14400.0,142485.0,14400.0,10,7,1,1,14400.0,14400.0,14400.0,0.0
686,M-1810,item:268091,13460.750325,14400.0,14400.0,203550.0,finite,452698.0,none,,0.0,0.0,min_max,0.0,14400.0,142485.0,14400.0,10,1,1,1,14400.0,14400.0,14400.0,0.0
687,M-1810,item:268091,14734.435779,28800.0,28800.0,203550.0,finite,463298.0,none,,0.0,0.0,min_max,0.0,14400.0,142485.0,14400.0,10,2,1,1,28800.0,28800.0,28800.0,0.0
688,M-1430,item:268967,4285.077551,107800.0,107800.0,154000.0,finite,4286725.0,none,,0.0,0.0,fixed,107800.0,107800.0,107800.0,0.0,10,1,1,1,107800.0,107800.0,107800.0,0.0
688,M-1810,item:268091,15120.732054,28800.0,28800.0,203550.0,finite,434498.0,none,,0.0,0.0,min_max,0.0,14400.0,142485.0,14400.0,10,3,1,1,28800.0,28800.0,28800.0,0.0
689,M-1810,item:268091,15329.550493,28800.0,28800.0,203550.0,finite,405698.0,none,,0.0,0.0,min_max,0.0,14400.0,142485.0,14400.0,10,4,1,1,28800.0,28800.0,28800.0,0.0
690,M-1810,item:268091,15502.873364,28800.0,28800.0,203550.0,finite,401898.0,none,,0.0,0.0,min_max,0.0,14400.0,142485.0,14400.0,10,5,1,1,28800.0,28800.0,28800.0,0.0
691,M-1810,item:268091,15669.097122,28800.0,28800.0,203550.0,finite,398098.0,none,,0.0,0.0,min_max,0.0,14400.0,142485.0,14400.0,10,6,1,1,28800.0,28800.0,28800.0,0.0
692,M-1810,item:268091,15833.901057,28800.0,28800.0,203550.0,finite,369298.0,none,,0.0,0.0,min_max,0.0,14400.0,142485.0,14400.0,10,7,1,1,28800.0,28800.0,28800.0,0.0
693,M-1810,item:268091,15998.421028,28800.0,28800.0,203550.0,finite,415498.0,none,,0.0,0.0,min_max,0.0,14400.0,142485.0,14400.0,10,1,1,1,28800.0,28800.0,28800.0,0.0
696,M-1810,item:268091,11508.146939,14400.0,14400.0,203550.0,finite,386698.0,none,,0.0,0.0,min_max,0.0,14400.0,142485.0,14400.0,10,2,1,1,14400.0,14400.0,14400.0,0.0
704,M-1810,item:268091,8189.22449,14400.0,14400.0,203550.0,finite,447298.0,none,,0.0,0.0,min_max,0.0,14400.0,142485.0,14400.0,10,1,1,1,14400.0,14400.0,14400.0,0.0
705,M-1810,item:268091,9933.306123,14400.0,14400.0,203550.0,finite,432898.0,none,,0.0,0.0,min_max,0.0,14400.0,142485.0,14400.0,10,2,1,1,14400.0,14400.0,14400.0,0.0
706,M-1810,item:268091,10388.359184,14400.0,14400.0,203550.0,finite,418498.0,none,,0.0,0.0,min_max,0.0,14400.0,142485.0,14400.0,10,3,1,1,14400.0,14400.0,14400.0,0.0
707,M-1430,item:268967,3792.391837,107800.0,107800.0,154000.0,finite,4178925.0,none,,0.0,0.0,fixed,107800.0,107800.0,107800.0,0.0,10,1,1,1,107800.0,107800.0,107800.0,0.0
707,M-1810,item:268091,10585.606531,14400.0,14400.0,203550.0,finite,404098.0,none,,0.0,0.0,min_max,0.0,14400.0,142485.0,14400.0,10,1,1,1,14400.0,14400.0,14400.0,0.0
708,M-1810,item:268091,10731.292735,14400.0,14400.0,203550.0,finite,389698.0,none,,0.0,0.0,min_max,0.0,14400.0,142485.0,14400.0,10,2,1,1,14400.0,14400.0,14400.0,0.0
709,M-1810,item:268091,11814.634057,14400.0,14400.0,203550.0,finite,375298.0,none,,0.0,0.0,min_max,0.0,14400.0,142485.0,14400.0,10,3,1,1,14400.0,14400.0,14400.0,0.0
710,M-1810,item:268091,13085.506403,14400.0,14400.0,203550.0,finite,385898.0,none,,0.0,0.0,min_max,0.0,14400.0,142485.0,14400.0,10,4,1,1,14400.0,14400.0,14400.0,0.0
711,M-1810,item:268091,14393.884954,14400.0,14400.0,203550.0,finite,396498.0,none,,0.0,0.0,min_max,0.0,14400.0,142485.0,14400.0,10,5,1,1,14400.0,14400.0,14400.0,0.0
712,M-1810,item:268091,15709.764746,28800.0,28800.0,203550.0,finite,407098.0,none,,0.0,0.0,min_max,0.0,14400.0,142485.0,14400.0,10,6,1,1,28800.0,28800.0,28800.0,0.0
713,M-1810,item:268091,17027.144786,28800.0,28800.0,203550.0,finite,378298.0,none,,0.0,0.0,min_max,0.0,14400.0,142485.0,14400.0,10,7,1,1,28800.0,28800.0,28800.0,0.0
714,M-1810,item:268091,18344.824876,28800.0,28800.0,203550.0,finite,349498.0,none,,0.0,0.0,min_max,0.0,14400.0,142485.0,14400.0,10,1,1,1,28800.0,28800.0,28800.0,0.0
715,M-1810,item:268091,19662.564975,28800.0,28800.0,203550.0,finite,320698.0,none,,0.0,0.0,min_max,0.0,14400.0,142485.0,14400.0,10,2,1,1,28800.0,28800.0,28800.0,0.0
716,M-1810,item:268091,19568.888505,28800.0,28800.0,203550.0,finite,291898.0,none,,0.0,0.0,min_max,0.0,14400.0,142485.0,14400.0,10,3,1,1,28800.0,28800.0,28800.0,0.0
717,M-1810,item:268091,19192.928721,28800.0,28800.0,203550.0,finite,263098.0,none,,0.0,0.0,min_max,0.0,14400.0,142485.0,14400.0,10,4,1,1,28800.0,28800.0,28800.0,0.0
718,M-1810,item:268091,18760.512275,28800.0,28800.0,203550.0,finite,259298.0,none,,0.0,0.0,min_max,0.0,14400.0,142485.0,14400.0,10,5,1,1,28800.0,28800.0,28800.0,0.0
719,M-1810,item:268091,18316.804496,28800.0,28800.0,203550.0,finite,230498.0,none,,0.0,0.0,min_max,0.0,14400.0,142485.0,14400.0,10,6,1,1,28800.0,28800.0,28800.0,0.0
720,M-1810,item:268091,17870.83845,28800.0,28800.0,203550.0,finite,226698.0,none,,0.0,0.0,min_max,0.0,14400.0,142485.0,14400.0,10,7,1,1,28800.0,28800.0,28800.0,0.0
721,M-1810,item:268091,17424.420751,28800.0,28800.0,203550.0,finite,222898.0,none,,0.0,0.0,min_max,0.0,14400.0,142485.0,14400.0,10,1,1,1,28800.0,28800.0,28800.0,0.0
725,M-1810,item:268091,8144.587755,14400.0,14400.0,203550.0,finite,219098.0,none,,0.0,0.0,min_max,0.0,14400.0,142485.0,14400.0,10,2,1,1,14400.0,14400.0,14400.0,0.0
736,M-1430,item:268967,4583.216327,107800.0,107800.0,154000.0,finite,4071125.0,none,,0.0,0.0,fixed,107800.0,107800.0,107800.0,0.0,10,1,1,1,107800.0,107800.0,107800.0,0.0
747,M-1810,item:268091,7368.979592,14400.0,14400.0,203550.0,finite,429698.0,none,,0.0,0.0,min_max,0.0,14400.0,142485.0,14400.0,10,1,1,1,14400.0,14400.0,14400.0,0.0
748,M-1810,item:268091,9334.87347,14400.0,14400.0,203550.0,finite,415298.0,none,,0.0,0.0,min_max,0.0,14400.0,142485.0,14400.0,10,2,1,1,14400.0,14400.0,14400.0,0.0
749,M-1810,item:268091,10220.150204,14400.0,14400.0,203550.0,finite,400898.0,none,,0.0,0.0,min_max,0.0,14400.0,142485.0,14400.0,10,1,1,1,14400.0,14400.0,14400.0,0.0
750,M-1810,item:268091,10889.30351,14400.0,14400.0,203550.0,finite,386498.0,none,,0.0,0.0,min_max,0.0,14400.0,142485.0,14400.0,10,2,1,1,14400.0,14400.0,14400.0,0.0
751,M-1810,item:268091,11515.232131,14400.0,14400.0,203550.0,finite,397098.0,none,,0.0,0.0,min_max,0.0,14400.0,142485.0,14400.0,10,3,1,1,14400.0,14400.0,14400.0,0.0
752,M-1810,item:268091,11487.699488,14400.0,14400.0,203550.0,finite,382698.0,none,,0.0,0.0,min_max,0.0,14400.0,142485.0,14400.0,10,4,1,1,14400.0,14400.0,14400.0,0.0
753,M-1810,item:268091,11329.474591,14400.0,14400.0,203550.0,finite,368298.0,none,,0.0,0.0,min_max,0.0,14400.0,142485.0,14400.0,10,5,1,1,14400.0,14400.0,14400.0,0.0
754,M-1810,item:268091,11145.111245,14400.0,14400.0,203550.0,finite,353898.0,none,,0.0,0.0,min_max,0.0,14400.0,142485.0,14400.0,10,6,1,1,14400.0,14400.0,14400.0,0.0
755,M-1810,item:268091,10955.520208,14400.0,14400.0,203550.0,finite,389498.0,none,,0.0,0.0,min_max,0.0,14400.0,142485.0,14400.0,10,7,1,1,14400.0,14400.0,14400.0,0.0
756,M-1810,item:268091,10764.883633,14400.0,14400.0,203550.0,finite,375098.0,none,,0.0,0.0,min_max,0.0,14400.0,142485.0,14400.0,10,1,1,1,14400.0,14400.0,14400.0,0.0
757,M-1810,item:268091,10574.037951,14400.0,14400.0,203550.0,finite,410698.0,none,,0.0,0.0,min_max,0.0,14400.0,142485.0,14400.0,10,2,1,1,14400.0,14400.0,14400.0,0.0
759,M-1430,item:268967,3813.55102,107800.0,107800.0,154000.0,finite,3963325.0,none,,0.0,0.0,fixed,107800.0,107800.0,107800.0,0.0,10,1,1,1,107800.0,107800.0,107800.0,0.0
760,M-1810,item:268091,8064.718367,14400.0,14400.0,203550.0,finite,521298.0,none,,0.0,0.0,min_max,0.0,14400.0,142485.0,14400.0,10,3,1,1,14400.0,14400.0,14400.0,0.0
762,M-1810,item:268091,7861.093878,14400.0,14400.0,203550.0,finite,581898.0,none,,0.0,0.0,min_max,0.0,14400.0,142485.0,14400.0,10,4,1,1,14400.0,14400.0,14400.0,0.0
764,M-1810,item:268091,7657.469388,14400.0,14400.0,203550.0,finite,617498.0,none,,0.0,0.0,min_max,0.0,14400.0,142485.0,14400.0,10,1,1,1,14400.0,14400.0,14400.0,0.0
766,M-1810,item:268091,7283.167347,14400.0,14400.0,203550.0,finite,678098.0,none,,0.0,0.0,min_max,0.0,14400.0,142485.0,14400.0,10,2,1,1,14400.0,14400.0,14400.0,0.0
768,M-1810,item:268091,6738.187755,14400.0,14400.0,203550.0,finite,763698.0,none,,0.0,0.0,min_max,0.0,14400.0,142485.0,14400.0,10,3,1,1,14400.0,14400.0,14400.0,0.0
770,M-1810,item:268091,6193.208163,14400.0,14400.0,203550.0,finite,824298.0,none,,0.0,0.0,min_max,0.0,14400.0,142485.0,14400.0,10,1,1,1,14400.0,14400.0,14400.0,0.0
771,M-1810,item:268091,7159.36,14400.0,14400.0,203550.0,finite,834898.0,none,,0.0,0.0,min_max,0.0,14400.0,142485.0,14400.0,10,2,1,1,14400.0,14400.0,14400.0,0.0
772,M-1810,item:268091,7080.100571,14400.0,14400.0,203550.0,finite,820498.0,none,,0.0,0.0,min_max,0.0,14400.0,142485.0,14400.0,10,3,1,1,14400.0,14400.0,14400.0,0.0
773,M-1430,item:268967,5210.595918,107800.0,107800.0,154000.0,finite,3855525.0,none,,0.0,0.0,fixed,107800.0,107800.0,107800.0,0.0,10,1,1,1,107800.0,107800.0,107800.0,0.0
773,M-1810,item:268091,7885.016032,14400.0,14400.0,203550.0,finite,831098.0,none,,0.0,0.0,min_max,0.0,14400.0,142485.0,14400.0,10,4,1,1,14400.0,14400.0,14400.0,0.0
774,M-1810,item:268091,8866.766472,14400.0,14400.0,203550.0,finite,816698.0,none,,0.0,0.0,min_max,0.0,14400.0,142485.0,14400.0,10,5,1,1,14400.0,14400.0,14400.0,0.0
775,M-1810,item:268091,9883.883906,14400.0,14400.0,203550.0,finite,852298.0,none,,0.0,0.0,min_max,0.0,14400.0,142485.0,14400.0,10,6,1,1,14400.0,14400.0,14400.0,0.0
776,M-1810,item:268091,10908.07474,14400.0,14400.0,203550.0,finite,837898.0,none,,0.0,0.0,min_max,0.0,14400.0,142485.0,14400.0,10,7,1,1,14400.0,14400.0,14400.0,0.0
777,M-1810,item:268091,11933.680254,14400.0,14400.0,203550.0,finite,873498.0,none,,0.0,0.0,min_max,0.0,14400.0,142485.0,14400.0,10,1,1,1,14400.0,14400.0,14400.0,0.0
778,M-1810,item:268091,12959.568704,14400.0,14400.0,203550.0,finite,884098.0,none,,0.0,0.0,min_max,0.0,14400.0,142485.0,14400.0,10,2,1,1,14400.0,14400.0,14400.0,0.0
779,M-1810,item:268091,13985.513741,14400.0,14400.0,203550.0,finite,894698.0,none,,0.0,0.0,min_max,0.0,14400.0,142485.0,14400.0,10,3,1,1,14400.0,14400.0,14400.0,0.0
780,M-1810,item:268091,14116.580299,14400.0,14400.0,203550.0,finite,980298.0,none,,0.0,0.0,min_max,0.0,14400.0,142485.0,14400.0,10,4,1,1,14400.0,14400.0,14400.0,0.0
781,M-1810,item:268091,14068.671162,14400.0,14400.0,203550.0,finite,965898.0,none,,0.0,0.0,min_max,0.0,14400.0,142485.0,14400.0,10,5,1,1,14400.0,14400.0,14400.0,0.0
782,M-1810,item:268091,13984.966885,14400.0,14400.0,203550.0,finite,1001498.0,none,,0.0,0.0,min_max,0.0,14400.0,142485.0,14400.0,10,6,1,1,14400.0,14400.0,14400.0,0.0
783,M-1810,item:268091,13894.103581,14400.0,14400.0,203550.0,finite,1012098.0,none,,0.0,0.0,min_max,0.0,14400.0,142485.0,14400.0,10,7,1,1,14400.0,14400.0,14400.0,0.0
784,M-1810,item:268091,13801.808471,14400.0,14400.0,203550.0,finite,1047698.0,none,,0.0,0.0,min_max,0.0,14400.0,142485.0,14400.0,10,1,1,1,14400.0,14400.0,14400.0,0.0
785,M-1810,item:268091,13709.227,14400.0,14400.0,203550.0,finite,1033298.0,none,,0.0,0.0,min_max,0.0,14400.0,142485.0,14400.0,10,2,1,1,14400.0,14400.0,14400.0,0.0
786,M-1810,item:268091,13616.588257,14400.0,14400.0,203550.0,finite,1068898.0,none,,0.0,0.0,min_max,0.0,14400.0,142485.0,14400.0,10,3,1,1,14400.0,14400.0,14400.0,0.0
787,M-1810,item:268091,13338.925814,14400.0,14400.0,203550.0,finite,1104498.0,none,,0.0,0.0,min_max,0.0,14400.0,142485.0,14400.0,10,4,1,1,14400.0,14400.0,14400.0,0.0
788,M-1810,item:268091,13024.258632,14400.0,14400.0,203550.0,finite,1115098.0,none,,0.0,0.0,min_max,0.0,14400.0,142485.0,14400.0,10,5,1,1,14400.0,14400.0,14400.0,0.0
789,M-1810,item:268091,12702.190502,14400.0,14400.0,203550.0,finite,1150698.0,none,,0.0,0.0,min_max,0.0,14400.0,142485.0,14400.0,10,6,1,1,14400.0,14400.0,14400.0,0.0
790,M-1810,item:268091,12378.642182,14400.0,14400.0,203550.0,finite,1161298.0,none,,0.0,0.0,min_max,0.0,14400.0,142485.0,14400.0,10,7,1,1,14400.0,14400.0,14400.0,0.0
791,M-1810,item:268091,12054.797824,14400.0,14400.0,203550.0,finite,1221898.0,none,,0.0,0.0,min_max,0.0,14400.0,142485.0,14400.0,10,1,1,1,14400.0,14400.0,14400.0,0.0
792,M-1810,item:268091,11730.894259,14400.0,14400.0,203550.0,finite,1232498.0,none,,0.0,0.0,min_max,0.0,14400.0,142485.0,14400.0,10,2,1,1,14400.0,14400.0,14400.0,0.0
796,M-1810,item:268091,8454.334694,14400.0,14400.0,203550.0,finite,1343098.0,none,,0.0,0.0,min_max,0.0,14400.0,142485.0,14400.0,10,3,1,1,14400.0,14400.0,14400.0,0.0
798,M-1430,item:268967,4452.146939,107800.0,107800.0,154000.0,finite,3747725.0,none,,0.0,0.0,fixed,107800.0,107800.0,107800.0,0.0,10,1,1,1,107800.0,107800.0,107800.0,0.0
798,M-1810,item:268091,8050.02449,14400.0,14400.0,203550.0,finite,1403698.0,none,,0.0,0.0,min_max,0.0,14400.0,142485.0,14400.0,10,1,1,1,14400.0,14400.0,14400.0,0.0
800,M-1810,item:268091,7645.714286,14400.0,14400.0,203550.0,finite,1539298.0,none,,0.0,0.0,min_max,0.0,14400.0,142485.0,14400.0,10,2,1,1,14400.0,14400.0,14400.0,0.0
801,M-1810,item:268091,9406.82449,14400.0,14400.0,203550.0,finite,1599898.0,none,,0.0,0.0,min_max,0.0,14400.0,142485.0,14400.0,10,3,1,1,14400.0,14400.0,14400.0,0.0
802,M-1810,item:268091,9991.013877,14400.0,14400.0,203550.0,finite,1660498.0,none,,0.0,0.0,min_max,0.0,14400.0,142485.0,14400.0,10,4,1,1,14400.0,14400.0,14400.0,0.0
803,M-1810,item:268091,10339.819102,14400.0,14400.0,203550.0,finite,1696098.0,none,,0.0,0.0,min_max,0.0,14400.0,142485.0,14400.0,10,5,1,1,14400.0,14400.0,14400.0,0.0
804,M-1810,item:268091,10641.547494,14400.0,14400.0,203550.0,finite,1806698.0,none,,0.0,0.0,min_max,0.0,14400.0,142485.0,14400.0,10,6,1,1,14400.0,14400.0,14400.0,0.0
805,M-1810,item:268091,10933.860519,14400.0,14400.0,203550.0,finite,1842298.0,none,,0.0,0.0,min_max,0.0,14400.0,142485.0,14400.0,10,1,1,1,14400.0,14400.0,14400.0,0.0
806,M-1810,item:268091,11224.290471,14400.0,14400.0,203550.0,finite,1927898.0,none,,0.0,0.0,min_max,0.0,14400.0,142485.0,14400.0,10,2,1,1,14400.0,14400.0,14400.0,0.0
807,M-1810,item:268091,11514.343809,14400.0,14400.0,203550.0,finite,1988498.0,none,,0.0,0.0,min_max,0.0,14400.0,142485.0,14400.0,10,3,1,1,14400.0,14400.0,14400.0,0.0
808,M-1810,item:268091,11654.183048,14400.0,14400.0,203550.0,finite,1999098.0,none,,0.0,0.0,min_max,0.0,14400.0,142485.0,14400.0,10,4,1,1,14400.0,14400.0,14400.0,0.0
809,M-1810,item:268091,11763.979467,14400.0,14400.0,203550.0,finite,2059698.0,none,,0.0,0.0,min_max,0.0,14400.0,142485.0,14400.0,10,5,1,1,14400.0,14400.0,14400.0,0.0
810,M-1810,item:268091,11867.767322,14400.0,14400.0,203550.0,finite,2095298.0,none,,0.0,0.0,min_max,0.0,14400.0,142485.0,14400.0,10,6,1,1,14400.0,14400.0,14400.0,0.0
813,M-1810,item:268091,9760.457143,14400.0,14400.0,203550.0,finite,2280898.0,none,,0.0,0.0,min_max,0.0,14400.0,142485.0,14400.0,10,1,1,1,14400.0,14400.0,14400.0,0.0
814,M-1810,item:268091,11794.377143,14400.0,14400.0,203550.0,finite,2341498.0,none,,0.0,0.0,min_max,0.0,14400.0,142485.0,14400.0,10,2,1,1,14400.0,14400.0,14400.0,0.0
815,M-1810,item:268091,11811.887674,14400.0,14400.0,203550.0,finite,2402098.0,none,,0.0,0.0,min_max,0.0,14400.0,142485.0,14400.0,10,3,1,1,14400.0,14400.0,14400.0,0.0
816,M-1810,item:268091,11426.11631,14400.0,14400.0,203550.0,finite,2462698.0,none,,0.0,0.0,min_max,0.0,14400.0,142485.0,14400.0,10,4,1,1,14400.0,14400.0,14400.0,0.0
817,M-1810,item:268091,10959.688568,14400.0,14400.0,203550.0,finite,2473298.0,none,,0.0,0.0,min_max,0.0,14400.0,142485.0,14400.0,10,5,1,1,14400.0,14400.0,14400.0,0.0
818,M-1810,item:268091,10477.129551,14400.0,14400.0,203550.0,finite,2508898.0,none,,0.0,0.0,min_max,0.0,14400.0,142485.0,14400.0,10,6,1,1,14400.0,14400.0,14400.0,0.0
820,M-1430,item:268967,3830.791837,107800.0,107800.0,154000.0,finite,3639925.0,none,,0.0,0.0,fixed,107800.0,107800.0,107800.0,0.0,10,1,1,1,107800.0,107800.0,107800.0,0.0
820,M-1810,item:268091,7506.644898,14400.0,14400.0,203550.0,finite,2669498.0,none,,0.0,0.0,min_max,0.0,14400.0,142485.0,14400.0,10,1,1,1,14400.0,14400.0,14400.0,0.0
827,M-1810,item:268091,5646.02449,14400.0,14400.0,203550.0,finite,3180098.0,none,,0.0,0.0,min_max,0.0,14400.0,142485.0,14400.0,10,1,1,1,14400.0,14400.0,14400.0,0.0
828,M-1810,item:268091,6530.004898,14400.0,14400.0,203550.0,finite,3165698.0,none,,0.0,0.0,min_max,0.0,14400.0,142485.0,14400.0,10,2,1,1,14400.0,14400.0,14400.0,0.0
829,M-1810,item:268091,7424.531592,14400.0,14400.0,203550.0,finite,3226298.0,none,,0.0,0.0,min_max,0.0,14400.0,142485.0,14400.0,10,3,1,1,14400.0,14400.0,14400.0,0.0
830,M-1810,item:268091,8321.167543,14400.0,14400.0,203550.0,finite,3236898.0,none,,0.0,0.0,min_max,0.0,14400.0,142485.0,14400.0,10,4,1,1,14400.0,14400.0,14400.0,0.0
831,M-1810,item:268091,9218.225345,14400.0,14400.0,203550.0,finite,3297498.0,none,,0.0,0.0,min_max,0.0,14400.0,142485.0,14400.0,10,5,1,1,14400.0,14400.0,14400.0,0.0
832,M-1810,item:268091,10115.367518,14400.0,14400.0,203550.0,finite,3358098.0,none,,0.0,0.0,min_max,0.0,14400.0,142485.0,14400.0,10,6,1,1,14400.0,14400.0,14400.0,0.0
833,M-1810,item:268091,11012.526565,14400.0,14400.0,203550.0,finite,3468698.0,none,,0.0,0.0,min_max,0.0,14400.0,142485.0,14400.0,10,1,1,1,14400.0,14400.0,14400.0,0.0
834,M-1810,item:268091,11909.688986,14400.0,14400.0,203550.0,finite,3554298.0,none,,0.0,0.0,min_max,0.0,14400.0,142485.0,14400.0,10,2,1,1,14400.0,14400.0,14400.0,0.0
835,M-1810,item:268091,12806.852083,14400.0,14400.0,203550.0,finite,3589898.0,none,,0.0,0.0,min_max,0.0,14400.0,142485.0,14400.0,10,3,1,1,14400.0,14400.0,14400.0,0.0
836,M-1810,item:268091,12506.545927,14400.0,14400.0,203550.0,finite,3638000.0,none,,0.0,0.0,min_max,0.0,14400.0,142485.0,14400.0,10,4,1,1,14400.0,14400.0,14400.0,0.0
837,M-1810,item:268091,11966.74592,14400.0,14400.0,203550.0,finite,3623600.0,none,,0.0,0.0,min_max,0.0,14400.0,142485.0,14400.0,10,5,1,1,14400.0,14400.0,14400.0,0.0
838,M-1810,item:268091,11379.047143,14400.0,14400.0,203550.0,finite,3609200.0,none,,0.0,0.0,min_max,0.0,14400.0,142485.0,14400.0,10,6,1,1,14400.0,14400.0,14400.0,0.0
839,M-1810,item:268091,10781.768612,14400.0,14400.0,203550.0,finite,3594800.0,none,,0.0,0.0,min_max,0.0,14400.0,142485.0,14400.0,10,7,1,1,14400.0,14400.0,14400.0,0.0
854,M-1810,item:268091,3531.951021,14400.0,14400.0,203550.0,finite,3580400.0,none,,0.0,0.0,min_max,0.0,14400.0,142485.0,14400.0,10,1,1,1,14400.0,14400.0,14400.0,0.0
856,M-1810,item:268091,3578.057143,14400.0,14400.0,203550.0,finite,3566000.0,none,,0.0,0.0,min_max,0.0,14400.0,142485.0,14400.0,10,2,1,1,14400.0,14400.0,14400.0,0.0
857,M-1810,item:268091,4960.444082,14400.0,14400.0,203550.0,finite,3551600.0,none,,0.0,0.0,min_max,0.0,14400.0,142485.0,14400.0,10,3,1,1,14400.0,14400.0,14400.0,0.0
858,M-1810,item:268091,5903.69698,14400.0,14400.0,203550.0,finite,3537200.0,none,,0.0,0.0,min_max,0.0,14400.0,142485.0,14400.0,10,4,1,1,14400.0,14400.0,14400.0,0.0
859,M-1810,item:268091,6759.12307,14400.0,14400.0,203550.0,finite,3522800.0,none,,0.0,0.0,min_max,0.0,14400.0,142485.0,14400.0,10,5,1,1,14400.0,14400.0,14400.0,0.0
861,M-1810,item:268091,6911.934694,14400.0,14400.0,203550.0,finite,3508400.0,none,,0.0,0.0,min_max,0.0,14400.0,142485.0,14400.0,10,1,1,1,14400.0,14400.0,14400.0,0.0
862,M-1810,item:268091,8961.097143,14400.0,14400.0,203550.0,finite,3494000.0,none,,0.0,0.0,min_max,0.0,14400.0,142485.0,14400.0,10,2,1,1,14400.0,14400.0,14400.0,0.0
863,M-1810,item:268091,10037.705143,14400.0,14400.0,203550.0,finite,3479600.0,none,,0.0,0.0,min_max,0.0,14400.0,142485.0,14400.0,10,3,1,1,14400.0,14400.0,14400.0,0.0
864,M-1810,item:268091,10255.296131,14400.0,14400.0,203550.0,finite,3465200.0,none,,0.0,0.0,min_max,0.0,14400.0,142485.0,14400.0,10,4,1,1,14400.0,14400.0,14400.0,0.0
865,M-1810,item:268091,10301.083716,14400.0,14400.0,203550.0,finite,3450800.0,none,,0.0,0.0,min_max,0.0,14400.0,142485.0,14400.0,10,5,1,1,14400.0,14400.0,14400.0,0.0
866,M-1810,item:268091,10312.510621,14400.0,14400.0,203550.0,finite,3436400.0,none,,0.0,0.0,min_max,0.0,14400.0,142485.0,14400.0,10,6,1,1,14400.0,14400.0,14400.0,0.0
867,M-1810,item:268091,10317.06539,14400.0,14400.0,203550.0,finite,3422000.0,none,,0.0,0.0,min_max,0.0,14400.0,142485.0,14400.0,10,7,1,1,14400.0,14400.0,14400.0,0.0
868,M-1810,item:268091,10320.245731,14400.0,14400.0,203550.0,finite,3407600.0,none,,0.0,0.0,min_max,0.0,14400.0,142485.0,14400.0,10,1,1,1,14400.0,14400.0,14400.0,0.0
869,M-1810,item:268091,10323.151187,14400.0,14400.0,203550.0,finite,3393200.0,none,,0.0,0.0,min_max,0.0,14400.0,142485.0,14400.0,10,2,1,1,14400.0,14400.0,14400.0,0.0
870,M-1810,item:268091,10326.001666,14400.0,14400.0,203550.0,finite,3378800.0,none,,0.0,0.0,min_max,0.0,14400.0,142485.0,14400.0,10,3,1,1,14400.0,14400.0,14400.0,0.0
872,M-1810,item:268091,8441.093878,14400.0,14400.0,203550.0,finite,3364400.0,none,,0.0,0.0,min_max,0.0,14400.0,142485.0,14400.0,10,4,1,1,14400.0,14400.0,14400.0,0.0
873,M-1810,item:268091,10219.173878,14400.0,14400.0,203550.0,finite,3350000.0,none,,0.0,0.0,min_max,0.0,14400.0,142485.0,14400.0,10,5,1,1,14400.0,14400.0,14400.0,0.0
874,M-1810,item:268091,10664.651102,14400.0,14400.0,203550.0,finite,3335600.0,none,,0.0,0.0,min_max,0.0,14400.0,142485.0,14400.0,10,6,1,1,14400.0,14400.0,14400.0,0.0
875,M-1810,item:268091,10843.607772,14400.0,14400.0,203550.0,finite,3321200.0,none,,0.0,0.0,min_max,0.0,14400.0,142485.0,14400.0,10,1,1,1,14400.0,14400.0,14400.0,0.0
876,M-1810,item:268091,10969.26033,14400.0,14400.0,203550.0,finite,3306800.0,none,,0.0,0.0,min_max,0.0,14400.0,142485.0,14400.0,10,2,1,1,14400.0,14400.0,14400.0,0.0
878,M-1810,item:268091,8676.620408,14400.0,14400.0,203550.0,finite,3292400.0,none,,0.0,0.0,min_max,0.0,14400.0,142485.0,14400.0,10,3,1,1,14400.0,14400.0,14400.0,0.0
879,M-1810,item:268091,10198.164898,14400.0,14400.0,203550.0,finite,3278000.0,none,,0.0,0.0,min_max,0.0,14400.0,142485.0,14400.0,10,4,1,1,14400.0,14400.0,14400.0,0.0
880,M-1810,item:268091,10288.694204,14400.0,14400.0,203550.0,finite,3263600.0,none,,0.0,0.0,min_max,0.0,14400.0,142485.0,14400.0,10,5,1,1,14400.0,14400.0,14400.0,0.0
883,M-1810,item:268091,7607.722449,14400.0,14400.0,203550.0,finite,3249200.0,none,,0.0,0.0,min_max,0.0,14400.0,142485.0,14400.0,10,1,1,1,14400.0,14400.0,14400.0,0.0
887,M-1810,item:268091,6610.318367,14400.0,14400.0,203550.0,finite,3234800.0,none,,0.0,0.0,min_max,0.0,14400.0,142485.0,14400.0,10,2,1,1,14400.0,14400.0,14400.0,0.0
889,M-1430,item:268967,1566.938775,107800.0,107800.0,154000.0,finite,3532125.0,none,,0.0,0.0,fixed,107800.0,107800.0,107800.0,0.0,10,1,1,1,107800.0,107800.0,107800.0,0.0
890,M-1810,item:268091,5826.693878,14400.0,14400.0,203550.0,finite,3220400.0,none,,0.0,0.0,min_max,0.0,14400.0,142485.0,14400.0,10,1,1,1,14400.0,14400.0,14400.0,0.0
891,M-1810,item:268091,6730.82449,14400.0,14400.0,203550.0,finite,3206000.0,none,,0.0,0.0,min_max,0.0,14400.0,142485.0,14400.0,10,2,1,1,14400.0,14400.0,14400.0,0.0
892,M-1430,item:268967,4587.314286,107800.0,107800.0,154000.0,finite,3424325.0,none,,0.0,0.0,fixed,107800.0,107800.0,107800.0,0.0,10,2,1,1,107800.0,107800.0,107800.0,0.0
892,M-1810,item:268091,7360.026123,14400.0,14400.0,203550.0,finite,3191600.0,none,,0.0,0.0,min_max,0.0,14400.0,142485.0,14400.0,10,3,1,1,14400.0,14400.0,14400.0,0.0
893,M-1810,item:268091,7934.241959,14400.0,14400.0,203550.0,finite,3177200.0,none,,0.0,0.0,min_max,0.0,14400.0,142485.0,14400.0,10,4,1,1,14400.0,14400.0,14400.0,0.0
894,M-1810,item:268091,8497.460637,14400.0,14400.0,203550.0,finite,3162800.0,none,,0.0,0.0,min_max,0.0,14400.0,142485.0,14400.0,10,5,1,1,14400.0,14400.0,14400.0,0.0
895,M-1810,item:268091,9058.479882,14400.0,14400.0,203550.0,finite,3148400.0,none,,0.0,0.0,min_max,0.0,14400.0,142485.0,14400.0,10,6,1,1,14400.0,14400.0,14400.0,0.0
896,M-1810,item:268091,9619.059242,14400.0,14400.0,203550.0,finite,3134000.0,none,,0.0,0.0,min_max,0.0,14400.0,142485.0,14400.0,10,1,1,1,14400.0,14400.0,14400.0,0.0
897,M-1810,item:268091,10179.550624,14400.0,14400.0,203550.0,finite,3119600.0,none,,0.0,0.0,min_max,0.0,14400.0,142485.0,14400.0,10,2,1,1,14400.0,14400.0,14400.0,0.0
898,M-1430,item:268967,18948.914286,107800.0,107800.0,154000.0,finite,3316525.0,none,,0.0,0.0,fixed,107800.0,107800.0,107800.0,0.0,10,1,1,1,107800.0,107800.0,107800.0,0.0
898,M-1810,item:268091,10740.02441,14400.0,14400.0,203550.0,finite,3105200.0,none,,0.0,0.0,min_max,0.0,14400.0,142485.0,14400.0,10,3,1,1,14400.0,14400.0,14400.0,0.0
899,M-1810,item:268091,11141.523249,14400.0,14400.0,203550.0,finite,3090800.0,none,,0.0,0.0,min_max,0.0,14400.0,142485.0,14400.0,10,4,1,1,14400.0,14400.0,14400.0,0.0
900,M-1430,item:268967,13767.232653,107800.0,107800.0,154000.0,finite,3208725.0,none,,0.0,0.0,fixed,107800.0,107800.0,107800.0,0.0,10,2,1,1,107800.0,107800.0,107800.0,0.0
900,M-1810,item:268091,11511.227099,14400.0,14400.0,203550.0,finite,3076400.0,none,,0.0,0.0,min_max,0.0,14400.0,142485.0,14400.0,10,5,1,1,14400.0,14400.0,14400.0,0.0
902,M-1810,item:268091,9861.730612,14400.0,14400.0,203550.0,finite,3062000.0,none,,0.0,0.0,min_max,0.0,14400.0,142485.0,14400.0,10,6,1,1,14400.0,14400.0,14400.0,0.0
903,M-1810,item:268091,12123.480816,14400.0,14400.0,203550.0,finite,3047600.0,none,,0.0,0.0,min_max,0.0,14400.0,142485.0,14400.0,10,1,1,1,14400.0,14400.0,14400.0,0.0
904,M-1810,item:268091,12865.234938,14400.0,14400.0,203550.0,finite,3033200.0,none,,0.0,0.0,min_max,0.0,14400.0,142485.0,14400.0,10,2,1,1,14400.0,14400.0,14400.0,0.0
905,M-1810,item:268091,13302.989844,14400.0,14400.0,203550.0,finite,3018800.0,none,,0.0,0.0,min_max,0.0,14400.0,142485.0,14400.0,10,3,1,1,14400.0,14400.0,14400.0,0.0
906,M-1810,item:268091,12870.671438,14400.0,14400.0,203550.0,finite,3004400.0,none,,0.0,0.0,min_max,0.0,14400.0,142485.0,14400.0,10,4,1,1,14400.0,14400.0,14400.0,0.0
907,M-1810,item:268091,12264.338369,14400.0,14400.0,203550.0,finite,2990000.0,none,,0.0,0.0,min_max,0.0,14400.0,142485.0,14400.0,10,5,1,1,14400.0,14400.0,14400.0,0.0
908,M-1810,item:268091,11623.202368,14400.0,14400.0,203550.0,finite,2975600.0,none,,0.0,0.0,min_max,0.0,14400.0,142485.0,14400.0,10,6,1,1,14400.0,14400.0,14400.0,0.0
910,M-1810,item:268091,8130.595919,14400.0,14400.0,203550.0,finite,2961200.0,none,,0.0,0.0,min_max,0.0,14400.0,142485.0,14400.0,10,1,1,1,14400.0,14400.0,14400.0,0.0
915,M-1810,item:268091,7663.477551,14400.0,14400.0,203550.0,finite,2946800.0,none,,0.0,0.0,min_max,0.0,14400.0,142485.0,14400.0,10,2,1,1,14400.0,14400.0,14400.0,0.0
916,M-1810,item:268091,9387.046531,14400.0,14400.0,203550.0,finite,2932400.0,none,,0.0,0.0,min_max,0.0,14400.0,142485.0,14400.0,10,3,1,1,14400.0,14400.0,14400.0,0.0
917,M-1810,item:268091,9922.633796,14400.0,14400.0,203550.0,finite,2918000.0,none,,0.0,0.0,min_max,0.0,14400.0,142485.0,14400.0,10,1,1,1,14400.0,14400.0,14400.0,0.0
918,M-1810,item:268091,10220.624719,14400.0,14400.0,203550.0,finite,2903600.0,none,,0.0,0.0,min_max,0.0,14400.0,142485.0,14400.0,10,2,1,1,14400.0,14400.0,14400.0,0.0
919,M-1810,item:268091,10471.096373,14400.0,14400.0,203550.0,finite,2889200.0,none,,0.0,0.0,min_max,0.0,14400.0,142485.0,14400.0,10,3,1,1,14400.0,14400.0,14400.0,0.0
920,M-1810,item:268091,10140.570295,14400.0,14400.0,203550.0,finite,2874800.0,none,,0.0,0.0,min_max,0.0,14400.0,142485.0,14400.0,10,4,1,1,14400.0,14400.0,14400.0,0.0
921,M-1810,item:268091,9693.844671,14400.0,14400.0,203550.0,finite,2860400.0,none,,0.0,0.0,min_max,0.0,14400.0,142485.0,14400.0,10,5,1,1,14400.0,14400.0,14400.0,0.0
925,M-1810,item:268091,6143.248979,14400.0,14400.0,203550.0,finite,2846000.0,none,,0.0,0.0,min_max,0.0,14400.0,142485.0,14400.0,10,1,1,1,14400.0,14400.0,14400.0,0.0
926,M-1810,item:268091,6991.278367,14400.0,14400.0,203550.0,finite,2831600.0,none,,0.0,0.0,min_max,0.0,14400.0,142485.0,14400.0,10,2,1,1,14400.0,14400.0,14400.0,0.0
927,M-1810,item:268091,7924.769959,14400.0,14400.0,203550.0,finite,2817200.0,none,,0.0,0.0,min_max,0.0,14400.0,142485.0,14400.0,10,3,1,1,14400.0,14400.0,14400.0,0.0
928,M-1810,item:268091,8875.353992,14400.0,14400.0,203550.0,finite,2802800.0,none,,0.0,0.0,min_max,0.0,14400.0,142485.0,14400.0,10,4,1,1,14400.0,14400.0,14400.0,0.0
929,M-1810,item:268091,9829.356512,14400.0,14400.0,203550.0,finite,2788400.0,none,,0.0,0.0,min_max,0.0,14400.0,142485.0,14400.0,10,5,1,1,14400.0,14400.0,14400.0,0.0
931,M-1810,item:268091,9582.057143,14400.0,14400.0,203550.0,finite,2774000.0,none,,0.0,0.0,min_max,0.0,14400.0,142485.0,14400.0,10,1,1,1,14400.0,14400.0,14400.0,0.0
933,M-1810,item:268091,11109.828571,14400.0,14400.0,203550.0,finite,2759600.0,none,,0.0,0.0,min_max,0.0,14400.0,142485.0,14400.0,10,2,1,1,14400.0,14400.0,14400.0,0.0
934,M-1810,item:268091,12623.25551,14400.0,14400.0,203550.0,finite,2745200.0,none,,0.0,0.0,min_max,0.0,14400.0,142485.0,14400.0,10,3,1,1,14400.0,14400.0,14400.0,0.0
935,M-1810,item:268091,12217.402122,14400.0,14400.0,203550.0,finite,2730800.0,none,,0.0,0.0,min_max,0.0,14400.0,142485.0,14400.0,10,4,1,1,14400.0,14400.0,14400.0,0.0
936,M-1810,item:268091,11427.692669,14400.0,14400.0,203550.0,finite,2716400.0,none,,0.0,0.0,min_max,0.0,14400.0,142485.0,14400.0,10,5,1,1,14400.0,14400.0,14400.0,0.0
937,M-1810,item:268091,10561.212003,14400.0,14400.0,203550.0,finite,2702000.0,none,,0.0,0.0,min_max,0.0,14400.0,142485.0,14400.0,10,6,1,1,14400.0,14400.0,14400.0,0.0
938,M-1810,item:268091,9679.377095,14400.0,14400.0,203550.0,finite,2687600.0,none,,0.0,0.0,min_max,0.0,14400.0,142485.0,14400.0,10,1,1,1,14400.0,14400.0,14400.0,0.0
939,M-1810,item:268091,8794.471338,14400.0,14400.0,203550.0,finite,2673200.0,none,,0.0,0.0,min_max,0.0,14400.0,142485.0,14400.0,10,2,1,1,14400.0,14400.0,14400.0,0.0
940,M-1810,item:268091,7908.951411,14400.0,14400.0,203550.0,finite,2658800.0,none,,0.0,0.0,min_max,0.0,14400.0,142485.0,14400.0,10,3,1,1,14400.0,14400.0,14400.0,0.0
958,M-1810,item:268091,4183.330612,14400.0,14400.0,203550.0,finite,2644400.0,none,,0.0,0.0,min_max,0.0,14400.0,142485.0,14400.0,10,1,1,1,14400.0,14400.0,14400.0,0.0
959,M-1810,item:268091,5041.857959,14400.0,14400.0,203550.0,finite,2630000.0,none,,0.0,0.0,min_max,0.0,14400.0,142485.0,14400.0,10,1,1,1,14400.0,14400.0,14400.0,0.0
960,M-1810,item:268091,5235.424653,14400.0,14400.0,203550.0,finite,2615600.0,none,,0.0,0.0,min_max,0.0,14400.0,142485.0,14400.0,10,2,1,1,14400.0,14400.0,14400.0,0.0
962,M-1810,item:268091,4930.710204,14400.0,14400.0,203550.0,finite,2601200.0,none,,0.0,0.0,min_max,0.0,14400.0,142485.0,14400.0,10,3,1,1,14400.0,14400.0,14400.0,0.0
963,M-1430,item:268967,4477.779592,107800.0,107800.0,154000.0,finite,3888425.0,none,,0.0,0.0,fixed,107800.0,107800.0,107800.0,0.0,10,1,1,1,107800.0,107800.0,107800.0,0.0
963,M-1810,item:268091,6598.648163,14400.0,14400.0,203550.0,finite,2586800.0,none,,0.0,0.0,min_max,0.0,14400.0,142485.0,14400.0,10,4,1,1,14400.0,14400.0,14400.0,0.0
964,M-1810,item:268091,7614.031673,14400.0,14400.0,203550.0,finite,2572400.0,none,,0.0,0.0,min_max,0.0,14400.0,142485.0,14400.0,10,5,1,1,14400.0,14400.0,14400.0,0.0
965,M-1810,item:268091,8498.904294,14400.0,14400.0,203550.0,finite,2558000.0,none,,0.0,0.0,min_max,0.0,14400.0,142485.0,14400.0,10,6,1,1,14400.0,14400.0,14400.0,0.0
966,M-1810,item:268091,9357.674736,14400.0,14400.0,203550.0,finite,2543600.0,none,,0.0,0.0,min_max,0.0,14400.0,142485.0,14400.0,10,1,1,1,14400.0,14400.0,14400.0,0.0
967,M-1810,item:268091,10211.224743,14400.0,14400.0,203550.0,finite,2529200.0,none,,0.0,0.0,min_max,0.0,14400.0,142485.0,14400.0,10,2,1,1,14400.0,14400.0,14400.0,0.0
968,M-1810,item:268091,11063.730663,14400.0,14400.0,203550.0,finite,2514800.0,none,,0.0,0.0,min_max,0.0,14400.0,142485.0,14400.0,10,3,1,1,14400.0,14400.0,14400.0,0.0
969,M-1430,item:268967,7675.902041,107800.0,107800.0,154000.0,finite,3780625.0,none,,0.0,0.0,fixed,107800.0,107800.0,107800.0,0.0,10,1,1,1,107800.0,107800.0,107800.0,0.0
969,M-1810,item:268091,11033.905316,14400.0,14400.0,203550.0,finite,2500400.0,none,,0.0,0.0,min_max,0.0,14400.0,142485.0,14400.0,10,4,1,1,14400.0,14400.0,14400.0,0.0
970,M-1810,item:268091,10827.613716,14400.0,14400.0,203550.0,finite,2486000.0,none,,0.0,0.0,min_max,0.0,14400.0,142485.0,14400.0,10,5,1,1,14400.0,14400.0,14400.0,0.0
971,M-1810,item:268091,10586.028866,14400.0,14400.0,203550.0,finite,2471600.0,none,,0.0,0.0,min_max,0.0,14400.0,142485.0,14400.0,10,6,1,1,14400.0,14400.0,14400.0,0.0
972,M-1810,item:268091,10337.385365,14400.0,14400.0,203550.0,finite,2457200.0,none,,0.0,0.0,min_max,0.0,14400.0,142485.0,14400.0,10,7,1,1,14400.0,14400.0,14400.0,0.0
975,M-1810,item:268091,7619.2,14400.0,14400.0,203550.0,finite,2442800.0,none,,0.0,0.0,min_max,0.0,14400.0,142485.0,14400.0,10,1,1,1,14400.0,14400.0,14400.0,0.0
977,M-1810,item:268091,7520.032653,14400.0,14400.0,203550.0,finite,2428400.0,none,,0.0,0.0,min_max,0.0,14400.0,142485.0,14400.0,10,2,1,1,14400.0,14400.0,14400.0,0.0
979,M-1810,item:268091,7420.865306,14400.0,14400.0,203550.0,finite,2414000.0,none,,0.0,0.0,min_max,0.0,14400.0,142485.0,14400.0,10,3,1,1,14400.0,14400.0,14400.0,0.0
980,M-1810,item:268091,8855.454694,14400.0,14400.0,203550.0,finite,2399600.0,none,,0.0,0.0,min_max,0.0,14400.0,142485.0,14400.0,10,1,1,1,14400.0,14400.0,14400.0,0.0
983,M-1810,item:268091,7391.787755,14400.0,14400.0,203550.0,finite,2385200.0,none,,0.0,0.0,min_max,0.0,14400.0,142485.0,14400.0,10,2,1,1,14400.0,14400.0,14400.0,0.0
984,M-1810,item:268091,8989.818775,14400.0,14400.0,203550.0,finite,2370800.0,none,,0.0,0.0,min_max,0.0,14400.0,142485.0,14400.0,10,3,1,1,14400.0,14400.0,14400.0,0.0
985,M-1810,item:268091,9429.098449,14400.0,14400.0,203550.0,finite,2356400.0,none,,0.0,0.0,min_max,0.0,14400.0,142485.0,14400.0,10,4,1,1,14400.0,14400.0,14400.0,0.0
986,M-1810,item:268091,9636.627853,14400.0,14400.0,203550.0,finite,2342000.0,none,,0.0,0.0,min_max,0.0,14400.0,142485.0,14400.0,10,5,1,1,14400.0,14400.0,14400.0,0.0
987,M-1810,item:268091,9797.807203,14400.0,14400.0,203550.0,finite,2327600.0,none,,0.0,0.0,min_max,0.0,14400.0,142485.0,14400.0,10,1,1,1,14400.0,14400.0,14400.0,0.0
988,M-1810,item:268091,9949.716542,14400.0,14400.0,203550.0,finite,2313200.0,none,,0.0,0.0,min_max,0.0,14400.0,142485.0,14400.0,10,2,1,1,14400.0,14400.0,14400.0,0.0
989,M-1810,item:268091,10099.77188,14400.0,14400.0,203550.0,finite,2298800.0,none,,0.0,0.0,min_max,0.0,14400.0,142485.0,14400.0,10,3,1,1,14400.0,14400.0,14400.0,0.0
990,M-1810,item:268091,10479.938049,14400.0,14400.0,203550.0,finite,2284400.0,none,,0.0,0.0,min_max,0.0,14400.0,142485.0,14400.0,10,4,1,1,14400.0,14400.0,14400.0,0.0
992,M-1810,item:268091,9160.293877,14400.0,14400.0,203550.0,finite,2270000.0,none,,0.0,0.0,min_max,0.0,14400.0,142485.0,14400.0,10,5,1,1,14400.0,14400.0,14400.0,0.0
993,M-1810,item:268091,11342.507755,14400.0,14400.0,203550.0,finite,2255600.0,none,,0.0,0.0,min_max,0.0,14400.0,142485.0,14400.0,10,6,1,1,14400.0,14400.0,14400.0,0.0
994,M-1810,item:268091,12129.105632,14400.0,14400.0,203550.0,finite,2241200.0,none,,0.0,0.0,min_max,0.0,14400.0,142485.0,14400.0,10,1,1,1,14400.0,14400.0,14400.0,0.0
995,M-1810,item:268091,12636.58031,14400.0,14400.0,203550.0,finite,2226800.0,none,,0.0,0.0,min_max,0.0,14400.0,142485.0,14400.0,10,2,1,1,14400.0,14400.0,14400.0,0.0
996,M-1810,item:268091,13088.230348,14400.0,14400.0,203550.0,finite,2212400.0,none,,0.0,0.0,min_max,0.0,14400.0,142485.0,14400.0,10,3,1,1,14400.0,14400.0,14400.0,0.0
997,M-1810,item:268091,12560.552192,14400.0,14400.0,203550.0,finite,2198000.0,none,,0.0,0.0,min_max,0.0,14400.0,142485.0,14400.0,10,4,1,1,14400.0,14400.0,14400.0,0.0
998,M-1810,item:268091,11837.008398,14400.0,14400.0,203550.0,finite,2183600.0,none,,0.0,0.0,min_max,0.0,14400.0,142485.0,14400.0,10,5,1,1,14400.0,14400.0,14400.0,0.0
999,M-1810,item:268091,11074.291476,14400.0,14400.0,203550.0,finite,2169200.0,none,,0.0,0.0,min_max,0.0,14400.0,142485.0,14400.0,10,6,1,1,14400.0,14400.0,14400.0,0.0
1000,M-1810,item:268091,10303.739928,14400.0,14400.0,203550.0,finite,2154800.0,none,,0.0,0.0,min_max,0.0,14400.0,142485.0,14400.0,10,7,1,1,14400.0,14400.0,14400.0,0.0
1007,M-1810,item:268091,6893.730612,14400.0,14400.0,203550.0,finite,2140400.0,none,,0.0,0.0,min_max,0.0,14400.0,142485.0,14400.0,10,1,1,1,14400.0,14400.0,14400.0,0.0
1008,M-1810,item:268091,8437.195102,14400.0,14400.0,203550.0,finite,2126000.0,none,,0.0,0.0,min_max,0.0,14400.0,142485.0,14400.0,10,1,1,1,14400.0,14400.0,14400.0,0.0
1009,M-1810,item:268091,8910.606368,14400.0,14400.0,203550.0,finite,2111600.0,none,,0.0,0.0,min_max,0.0,14400.0,142485.0,14400.0,10,2,1,1,14400.0,14400.0,14400.0,0.0
1010,M-1810,item:268091,9170.006988,14400.0,14400.0,203550.0,finite,2097200.0,none,,0.0,0.0,min_max,0.0,14400.0,142485.0,14400.0,10,3,1,1,14400.0,14400.0,14400.0,0.0
1012,M-1810,item:268091,7630.106123,14400.0,14400.0,203550.0,finite,2082800.0,none,,0.0,0.0,min_max,0.0,14400.0,142485.0,14400.0,10,4,1,1,14400.0,14400.0,14400.0,0.0
1013,M-1810,item:268091,9277.237551,14400.0,14400.0,203550.0,finite,2068400.0,none,,0.0,0.0,min_max,0.0,14400.0,142485.0,14400.0,10,5,1,1,14400.0,14400.0,14400.0,0.0
1014,M-1810,item:268091,9727.774041,14400.0,14400.0,203550.0,finite,2054000.0,none,,0.0,0.0,min_max,0.0,14400.0,142485.0,14400.0,10,6,1,1,14400.0,14400.0,14400.0,0.0
1015,M-1810,item:268091,9938.991543,14400.0,14400.0,203550.0,finite,2039600.0,none,,0.0,0.0,min_max,0.0,14400.0,142485.0,14400.0,10,1,1,1,14400.0,14400.0,14400.0,0.0
1017,M-1810,item:268091,8235.657143,14400.0,14400.0,203550.0,finite,2025200.0,none,,0.0,0.0,min_max,0.0,14400.0,142485.0,14400.0,10,2,1,1,14400.0,14400.0,14400.0,0.0
1018,M-1430,item:268967,3835.869388,107800.0,107800.0,154000.0,finite,3672825.0,none,,0.0,0.0,fixed,107800.0,107800.0,107800.0,0.0,10,1,1,1,107800.0,107800.0,107800.0,0.0
1018,M-1810,item:268091,10014.18449,14400.0,14400.0,203550.0,finite,2010800.0,none,,0.0,0.0,min_max,0.0,14400.0,142485.0,14400.0,10,3,1,1,14400.0,14400.0,14400.0,0.0
1019,M-1810,item:268091,10501.285878,14400.0,14400.0,203550.0,finite,1996400.0,none,,0.0,0.0,min_max,0.0,14400.0,142485.0,14400.0,10,4,1,1,14400.0,14400.0,14400.0,0.0
1020,M-1810,item:268091,10730.102074,14400.0,14400.0,203550.0,finite,1982000.0,none,,0.0,0.0,min_max,0.0,14400.0,142485.0,14400.0,10,5,1,1,14400.0,14400.0,14400.0,0.0
1021,M-1810,item:268091,10907.261231,14400.0,14400.0,203550.0,finite,1967600.0,none,,0.0,0.0,min_max,0.0,14400.0,142485.0,14400.0,10,6,1,1,14400.0,14400.0,14400.0,0.0
1023,M-1810,item:268091,9024.032653,14400.0,14400.0,203550.0,finite,1953200.0,none,,0.0,0.0,min_max,0.0,14400.0,142485.0,14400.0,10,1,1,1,14400.0,14400.0,14400.0,0.0
1025,M-1810,item:268091,8689.22449,14400.0,14400.0,203550.0,finite,1938800.0,none,,0.0,0.0,min_max,0.0,14400.0,142485.0,14400.0,10,2,1,1,14400.0,14400.0,14400.0,0.0
1026,M-1810,item:268091,9960.865306,14400.0,14400.0,203550.0,finite,1924400.0,none,,0.0,0.0,min_max,0.0,14400.0,142485.0,14400.0,10,3,1,1,14400.0,14400.0,14400.0,0.0
1027,M-1810,item:268091,9748.989388,14400.0,14400.0,203550.0,finite,1910000.0,none,,0.0,0.0,min_max,0.0,14400.0,142485.0,14400.0,10,4,1,1,14400.0,14400.0,14400.0,0.0
1028,M-1810,item:268091,9240.410122,14400.0,14400.0,203550.0,finite,1895600.0,none,,0.0,0.0,min_max,0.0,14400.0,142485.0,14400.0,10,5,1,1,14400.0,14400.0,14400.0,0.0
1029,M-1810,item:268091,8672.490188,14400.0,14400.0,203550.0,finite,1881200.0,none,,0.0,0.0,min_max,0.0,14400.0,142485.0,14400.0,10,1,1,1,14400.0,14400.0,14400.0,0.0
1036,M-1810,item:268091,7479.591837,14400.0,14400.0,203550.0,finite,1866800.0,none,,0.0,0.0,min_max,0.0,14400.0,142485.0,14400.0,10,1,1,1,14400.0,14400.0,14400.0,0.0
1037,M-1810,item:268091,9293.028571,14400.0,14400.0,203550.0,finite,1852400.0,none,,0.0,0.0,min_max,0.0,14400.0,142485.0,14400.0,10,2,1,1,14400.0,14400.0,14400.0,0.0
1038,M-1430,item:268967,6159.542857,107800.0,107800.0,154000.0,finite,3565025.0,none,,0.0,0.0,fixed,107800.0,107800.0,107800.0,0.0,10,1,1,1,107800.0,107800.0,107800.0,0.0
1038,M-1810,item:268091,9973.234285,14400.0,14400.0,203550.0,finite,1838000.0,none,,0.0,0.0,min_max,0.0,14400.0,142485.0,14400.0,10,3,1,1,14400.0,14400.0,14400.0,0.0
1039,M-1810,item:268091,9651.414204,14400.0,14400.0,203550.0,finite,1823600.0,none,,0.0,0.0,min_max,0.0,14400.0,142485.0,14400.0,10,4,1,1,14400.0,14400.0,14400.0,0.0
1040,M-1810,item:268091,9129.188963,14400.0,14400.0,203550.0,finite,1809200.0,none,,0.0,0.0,min_max,0.0,14400.0,142485.0,14400.0,10,5,1,1,14400.0,14400.0,14400.0,0.0
1041,M-1810,item:268091,8566.88269,14400.0,14400.0,203550.0,finite,1794800.0,none,,0.0,0.0,min_max,0.0,14400.0,142485.0,14400.0,10,6,1,1,14400.0,14400.0,14400.0,0.0
1044,M-1810,item:268091,5367.461224,14400.0,14400.0,203550.0,finite,1780400.0,none,,0.0,0.0,min_max,0.0,14400.0,142485.0,14400.0,10,1,1,1,14400.0,14400.0,14400.0,0.0
1045,M-1810,item:268091,5983.092245,14400.0,14400.0,203550.0,finite,1766000.0,none,,0.0,0.0,min_max,0.0,14400.0,142485.0,14400.0,10,2,1,1,14400.0,14400.0,14400.0,0.0
1046,M-1810,item:268091,7125.173551,14400.0,14400.0,203550.0,finite,1751600.0,none,,0.0,0.0,min_max,0.0,14400.0,142485.0,14400.0,10,3,1,1,14400.0,14400.0,14400.0,0.0
1047,M-1810,item:268091,8372.544914,14400.0,14400.0,203550.0,finite,1737200.0,none,,0.0,0.0,min_max,0.0,14400.0,142485.0,14400.0,10,4,1,1,14400.0,14400.0,14400.0,0.0
1048,M-1810,item:268091,9640.974289,14400.0,14400.0,203550.0,finite,1722800.0,none,,0.0,0.0,min_max,0.0,14400.0,142485.0,14400.0,10,5,1,1,14400.0,14400.0,14400.0,0.0
1049,M-1810,item:268091,10913.615266,14400.0,14400.0,203550.0,finite,1708400.0,none,,0.0,0.0,min_max,0.0,14400.0,142485.0,14400.0,10,6,1,1,14400.0,14400.0,14400.0,0.0
1050,M-1810,item:268091,12187.098563,14400.0,14400.0,203550.0,finite,1694000.0,none,,0.0,0.0,min_max,0.0,14400.0,142485.0,14400.0,10,1,1,1,14400.0,14400.0,14400.0,0.0
1051,M-1810,item:268091,13460.750325,14400.0,14400.0,203550.0,finite,1679600.0,none,,0.0,0.0,min_max,0.0,14400.0,142485.0,14400.0,10,2,1,1,14400.0,14400.0,14400.0,0.0
1052,M-1810,item:268091,14734.435779,28800.0,28800.0,203550.0,finite,1665200.0,none,,0.0,0.0,min_max,0.0,14400.0,142485.0,14400.0,10,3,1,1,28800.0,28800.0,28800.0,0.0
1053,M-1810,item:268091,15120.732054,28800.0,28800.0,203550.0,finite,1636400.0,none,,0.0,0.0,min_max,0.0,14400.0,142485.0,14400.0,10,4,1,1,28800.0,28800.0,28800.0,0.0
1054,M-1810,item:268091,15329.550493,28800.0,28800.0,203550.0,finite,1607600.0,none,,0.0,0.0,min_max,0.0,14400.0,142485.0,14400.0,10,5,1,1,28800.0,28800.0,28800.0,0.0
1055,M-1810,item:268091,15502.873364,28800.0,28800.0,203550.0,finite,1578800.0,none,,0.0,0.0,min_max,0.0,14400.0,142485.0,14400.0,10,6,1,1,28800.0,28800.0,28800.0,0.0
1056,M-1810,item:268091,15669.097122,28800.0,28800.0,203550.0,finite,1550000.0,none,,0.0,0.0,min_max,0.0,14400.0,142485.0,14400.0,10,7,1,1,28800.0,28800.0,28800.0,0.0
1058,M-1430,item:268967,5290.465306,107800.0,107800.0,154000.0,finite,3457225.0,none,,0.0,0.0,fixed,107800.0,107800.0,107800.0,0.0,10,1,1,1,107800.0,107800.0,107800.0,0.0
1058,M-1810,item:268091,12831.640816,14400.0,14400.0,203550.0,finite,1521200.0,none,,0.0,0.0,min_max,0.0,14400.0,142485.0,14400.0,10,1,1,1,14400.0,14400.0,14400.0,0.0
1060,M-1810,item:268091,12235.673469,14400.0,14400.0,203550.0,finite,1506800.0,none,,0.0,0.0,min_max,0.0,14400.0,142485.0,14400.0,10,2,1,1,14400.0,14400.0,14400.0,0.0
1061,M-1810,item:268091,13955.281633,14400.0,14400.0,203550.0,finite,1492400.0,none,,0.0,0.0,min_max,0.0,14400.0,142485.0,14400.0,10,3,1,1,14400.0,14400.0,14400.0,0.0
1062,M-1810,item:268091,13571.676735,14400.0,14400.0,203550.0,finite,1478000.0,none,,0.0,0.0,min_max,0.0,14400.0,142485.0,14400.0,10,4,1,1,14400.0,14400.0,14400.0,0.0
1063,M-1810,item:268091,12767.429224,14400.0,14400.0,203550.0,finite,1463600.0,none,,0.0,0.0,min_max,0.0,14400.0,142485.0,14400.0,10,5,1,1,14400.0,14400.0,14400.0,0.0
1070,M-1810,item:268091,8295.461225,14400.0,14400.0,203550.0,finite,1449200.0,none,,0.0,0.0,min_max,0.0,14400.0,142485.0,14400.0,10,1,1,1,14400.0,14400.0,14400.0,0.0
1071,M-1810,item:268091,10060.790204,14400.0,14400.0,203550.0,finite,1434800.0,none,,0.0,0.0,min_max,0.0,14400.0,142485.0,14400.0,10,1,1,1,14400.0,14400.0,14400.0,0.0
1072,M-1810,item:268091,10520.092735,14400.0,14400.0,203550.0,finite,1420400.0,none,,0.0,0.0,min_max,0.0,14400.0,142485.0,14400.0,10,2,1,1,14400.0,14400.0,14400.0,0.0
1073,M-1810,item:268091,10718.189976,14400.0,14400.0,203550.0,finite,1406000.0,none,,0.0,0.0,min_max,0.0,14400.0,142485.0,14400.0,10,3,1,1,14400.0,14400.0,14400.0,0.0
1074,M-1810,item:268091,11812.013506,14400.0,14400.0,203550.0,finite,1391600.0,none,,0.0,0.0,min_max,0.0,14400.0,142485.0,14400.0,10,4,1,1,14400.0,14400.0,14400.0,0.0
1075,M-1810,item:268091,13084.982293,14400.0,14400.0,203550.0,finite,1377200.0,none,,0.0,0.0,min_max,0.0,14400.0,142485.0,14400.0,10,5,1,1,14400.0,14400.0,14400.0,0.0
1076,M-1810,item:268091,14393.780132,14400.0,14400.0,203550.0,finite,1362800.0,none,,0.0,0.0,min_max,0.0,14400.0,142485.0,14400.0,10,6,1,1,14400.0,14400.0,14400.0,0.0
1077,M-1810,item:268091,15709.743782,28800.0,28800.0,203550.0,finite,1348400.0,none,,0.0,0.0,min_max,0.0,14400.0,142485.0,14400.0,10,7,1,1,28800.0,28800.0,28800.0,0.0
1078,M-1810,item:268091,17027.140593,28800.0,28800.0,203550.0,finite,1319600.0,none,,0.0,0.0,min_max,0.0,14400.0,142485.0,14400.0,10,1,1,1,28800.0,28800.0,28800.0,0.0
1079,M-1430,item:268967,5553.012245,107800.0,107800.0,154000.0,finite,3522187.226144,none,,0.0,0.0,fixed,107800.0,107800.0,107800.0,0.0,10,1,1,1,107800.0,107800.0,107800.0,0.0
1079,M-1810,item:268091,18344.824037,28800.0,28800.0,203550.0,finite,1290800.0,none,,0.0,0.0,min_max,0.0,14400.0,142485.0,14400.0,10,2,1,1,28800.0,28800.0,28800.0,0.0
1080,M-1810,item:268091,19662.564807,28800.0,28800.0,203550.0,finite,1262000.0,none,,0.0,0.0,min_max,0.0,14400.0,142485.0,14400.0,10,3,1,1,28800.0,28800.0,28800.0,0.0
1081,M-1810,item:268091,19568.888472,28800.0,28800.0,203550.0,finite,1233200.0,none,,0.0,0.0,min_max,0.0,14400.0,142485.0,14400.0,10,4,1,1,28800.0,28800.0,28800.0,0.0
1082,M-1810,item:268091,19192.928715,28800.0,28800.0,203550.0,finite,1204400.0,none,,0.0,0.0,min_max,0.0,14400.0,142485.0,14400.0,10,5,1,1,28800.0,28800.0,28800.0,0.0
1083,M-1810,item:268091,18760.512273,28800.0,28800.0,203550.0,finite,1175600.0,none,,0.0,0.0,min_max,0.0,14400.0,142485.0,14400.0,10,6,1,1,28800.0,28800.0,28800.0,0.0
1084,M-1810,item:268091,18316.804495,28800.0,28800.0,203550.0,finite,1146800.0,none,,0.0,0.0,min_max,0.0,14400.0,142485.0,14400.0,10,7,1,1,28800.0,28800.0,28800.0,0.0
1085,M-1810,item:268091,17870.83845,28800.0,28800.0,203550.0,finite,1118000.0,none,,0.0,0.0,min_max,0.0,14400.0,142485.0,14400.0,10,1,1,1,28800.0,28800.0,28800.0,0.0
1086,M-1810,item:268091,17424.420751,28800.0,28800.0,203550.0,finite,1089200.0,none,,0.0,0.0,min_max,0.0,14400.0,142485.0,14400.0,10,2,1,1,28800.0,28800.0,28800.0,0.0
1104,M-1430,item:268967,4528.37551,107800.0,107800.0,154000.0,finite,3414387.226144,none,,0.0,0.0,fixed,107800.0,107800.0,107800.0,0.0,10,1,1,1,107800.0,107800.0,107800.0,0.0
1110,M-1810,item:268091,6384.783674,14400.0,14400.0,203550.0,finite,1060400.0,none,,0.0,0.0,min_max,0.0,14400.0,142485.0,14400.0,10,1,1,1,14400.0,14400.0,14400.0,0.0
1111,M-1810,item:268091,8153.838368,14400.0,14400.0,203550.0,finite,1046000.0,none,,0.0,0.0,min_max,0.0,14400.0,142485.0,14400.0,10,2,1,1,14400.0,14400.0,14400.0,0.0
1112,M-1810,item:268091,8999.747266,14400.0,14400.0,203550.0,finite,1031600.0,none,,0.0,0.0,min_max,0.0,14400.0,142485.0,14400.0,10,3,1,1,14400.0,14400.0,14400.0,0.0
1114,M-1810,item:268091,8353.17551,14400.0,14400.0,203550.0,finite,1017200.0,none,,0.0,0.0,min_max,0.0,14400.0,142485.0,14400.0,10,1,1,1,14400.0,14400.0,14400.0,0.0
1115,M-1810,item:268091,10515.908572,14400.0,14400.0,203550.0,finite,1002800.0,none,,0.0,0.0,min_max,0.0,14400.0,142485.0,14400.0,10,2,1,1,14400.0,14400.0,14400.0,0.0
1116,M-1810,item:268091,11440.553143,14400.0,14400.0,203550.0,finite,988400.0,none,,0.0,0.0,min_max,0.0,14400.0,142485.0,14400.0,10,3,1,1,14400.0,14400.0,14400.0,0.0
1117,M-1810,item:268091,11472.76369,14400.0,14400.0,203550.0,finite,974000.0,none,,0.0,0.0,min_max,0.0,14400.0,142485.0,14400.0,10,4,1,1,14400.0,14400.0,14400.0,0.0
1118,M-1810,item:268091,11326.487432,14400.0,14400.0,203550.0,finite,959600.0,none,,0.0,0.0,min_max,0.0,14400.0,142485.0,14400.0,10,5,1,1,14400.0,14400.0,14400.0,0.0
1119,M-1810,item:268091,11144.513813,14400.0,14400.0,203550.0,finite,945200.0,none,,0.0,0.0,min_max,0.0,14400.0,142485.0,14400.0,10,6,1,1,14400.0,14400.0,14400.0,0.0
1120,M-1810,item:268091,10955.400722,14400.0,14400.0,203550.0,finite,935800.0,none,,0.0,0.0,min_max,0.0,14400.0,142485.0,14400.0,10,1,1,1,14400.0,14400.0,14400.0,0.0
1121,M-1810,item:268091,10764.859736,14400.0,14400.0,203550.0,finite,931400.0,none,,0.0,0.0,min_max,0.0,14400.0,142485.0,14400.0,10,2,1,1,14400.0,14400.0,14400.0,0.0
1122,M-1810,item:268091,10574.033171,14400.0,14400.0,203550.0,finite,922000.0,none,,0.0,0.0,min_max,0.0,14400.0,142485.0,14400.0,10,3,1,1,14400.0,14400.0,14400.0,0.0
1123,M-1810,item:268091,10383.149491,14400.0,14400.0,203550.0,finite,907600.0,none,,0.0,0.0,min_max,0.0,14400.0,142485.0,14400.0,10,4,1,1,14400.0,14400.0,14400.0,0.0
1127,M-1810,item:268091,7861.093878,14400.0,14400.0,203550.0,finite,928200.0,none,,0.0,0.0,min_max,0.0,14400.0,142485.0,14400.0,10,1,1,1,14400.0,14400.0,14400.0,0.0
1129,M-1810,item:268091,7657.469388,14400.0,14400.0,203550.0,finite,918800.0,none,,0.0,0.0,min_max,0.0,14400.0,142485.0,14400.0,10,2,1,1,14400.0,14400.0,14400.0,0.0
1130,M-1810,item:268091,9087.151021,14400.0,14400.0,203550.0,finite,909400.0,none,,0.0,0.0,min_max,0.0,14400.0,142485.0,14400.0,10,3,1,1,14400.0,14400.0,14400.0,0.0
1131,M-1430,item:268967,3412.718367,107800.0,107800.0,154000.0,finite,3306587.226144,none,,0.0,0.0,fixed,107800.0,107800.0,107800.0,0.0,10,1,1,1,107800.0,107800.0,107800.0,0.0
1131,M-1810,item:268091,9100.597551,14400.0,14400.0,203550.0,finite,900000.0,none,,0.0,0.0,min_max,0.0,14400.0,142485.0,14400.0,10,4,1,1,14400.0,14400.0,14400.0,0.0
1132,M-1810,item:268091,8830.797061,14400.0,14400.0,203550.0,finite,885600.0,none,,0.0,0.0,min_max,0.0,14400.0,142485.0,14400.0,10,5,1,1,14400.0,14400.0,14400.0,0.0
1136,M-1810,item:268091,5920.718367,14400.0,14400.0,203550.0,finite,901200.0,none,,0.0,0.0,min_max,0.0,14400.0,142485.0,14400.0,10,1,1,1,14400.0,14400.0,14400.0,0.0
1137,M-1810,item:268091,6832.372245,14400.0,14400.0,203550.0,finite,891800.0,none,,0.0,0.0,min_max,0.0,14400.0,142485.0,14400.0,10,2,1,1,14400.0,14400.0,14400.0,0.0
1138,M-1810,item:268091,7835.470367,14400.0,14400.0,203550.0,finite,887400.0,none,,0.0,0.0,min_max,0.0,14400.0,142485.0,14400.0,10,3,1,1,14400.0,14400.0,14400.0,0.0
1139,M-1810,item:268091,8856.857339,14400.0,14400.0,203550.0,finite,873000.0,none,,0.0,0.0,min_max,0.0,14400.0,142485.0,14400.0,10,4,1,1,14400.0,14400.0,14400.0,0.0
1140,M-1810,item:268091,9881.90208,14400.0,14400.0,203550.0,finite,863600.0,none,,0.0,0.0,min_max,0.0,14400.0,142485.0,14400.0,10,5,1,1,14400.0,14400.0,14400.0,0.0
1141,M-1810,item:268091,10907.678375,14400.0,14400.0,203550.0,finite,854200.0,none,,0.0,0.0,min_max,0.0,14400.0,142485.0,14400.0,10,1,1,1,14400.0,14400.0,14400.0,0.0
1142,M-1810,item:268091,11933.600981,14400.0,14400.0,203550.0,finite,844800.0,none,,0.0,0.0,min_max,0.0,14400.0,142485.0,14400.0,10,2,1,1,14400.0,14400.0,14400.0,0.0
1143,M-1810,item:268091,12959.552849,14400.0,14400.0,203550.0,finite,830400.0,none,,0.0,0.0,min_max,0.0,14400.0,142485.0,14400.0,10,3,1,1,14400.0,14400.0,14400.0,0.0
1144,M-1810,item:268091,13985.51057,14400.0,14400.0,203550.0,finite,821000.0,none,,0.0,0.0,min_max,0.0,14400.0,142485.0,14400.0,10,4,1,1,14400.0,14400.0,14400.0,0.0
1145,M-1810,item:268091,14116.579665,14400.0,14400.0,203550.0,finite,811600.0,none,,0.0,0.0,min_max,0.0,14400.0,142485.0,14400.0,10,5,1,1,14400.0,14400.0,14400.0,0.0
1146,M-1810,item:268091,14068.671035,14400.0,14400.0,203550.0,finite,812200.0,none,,0.0,0.0,min_max,0.0,14400.0,142485.0,14400.0,10,6,1,1,14400.0,14400.0,14400.0,0.0
1147,M-1810,item:268091,13984.96686,14400.0,14400.0,203550.0,finite,807800.0,none,,0.0,0.0,min_max,0.0,14400.0,142485.0,14400.0,10,7,1,1,14400.0,14400.0,14400.0,0.0
1148,M-1810,item:268091,13894.103576,14400.0,14400.0,203550.0,finite,793400.0,none,,0.0,0.0,min_max,0.0,14400.0,142485.0,14400.0,10,1,1,1,14400.0,14400.0,14400.0,0.0
1149,M-1810,item:268091,13801.80847,14400.0,14400.0,203550.0,finite,779000.0,none,,0.0,0.0,min_max,0.0,14400.0,142485.0,14400.0,10,2,1,1,14400.0,14400.0,14400.0,0.0
1150,M-1430,item:268967,5009.387755,107800.0,107800.0,154000.0,finite,3198787.226144,none,,0.0,0.0,fixed,107800.0,107800.0,107800.0,0.0,10,1,1,1,107800.0,107800.0,107800.0,0.0
1150,M-1810,item:268091,13709.227,14400.0,14400.0,203550.0,finite,774600.0,none,,0.0,0.0,min_max,0.0,14400.0,142485.0,14400.0,10,3,1,1,14400.0,14400.0,14400.0,0.0
1151,M-1810,item:268091,13616.588257,14400.0,14400.0,203550.0,finite,770200.0,none,,0.0,0.0,min_max,0.0,14400.0,142485.0,14400.0,10,4,1,1,14400.0,14400.0,14400.0,0.0
1152,M-1810,item:268091,13338.925814,14400.0,14400.0,203550.0,finite,755800.0,none,,0.0,0.0,min_max,0.0,14400.0,142485.0,14400.0,10,5,1,1,14400.0,14400.0,14400.0,0.0
1153,M-1810,item:268091,13024.258632,14400.0,14400.0,203550.0,finite,741400.0,none,,0.0,0.0,min_max,0.0,14400.0,142485.0,14400.0,10,6,1,1,14400.0,14400.0,14400.0,0.0
1154,M-1810,item:268091,12702.190502,14400.0,14400.0,203550.0,finite,737000.0,none,,0.0,0.0,min_max,0.0,14400.0,142485.0,14400.0,10,7,1,1,14400.0,14400.0,14400.0,0.0
1155,M-1810,item:268091,12378.642182,14400.0,14400.0,203550.0,finite,727600.0,none,,0.0,0.0,min_max,0.0,14400.0,142485.0,14400.0,10,1,1,1,14400.0,14400.0,14400.0,0.0
1156,M-1810,item:268091,12054.797824,14400.0,14400.0,203550.0,finite,723200.0,none,,0.0,0.0,min_max,0.0,14400.0,142485.0,14400.0,10,2,1,1,14400.0,14400.0,14400.0,0.0
1157,M-1810,item:268091,11730.894259,14400.0,14400.0,203550.0,finite,713800.0,none,,0.0,0.0,min_max,0.0,14400.0,142485.0,14400.0,10,3,1,1,14400.0,14400.0,14400.0,0.0
1158,M-1810,item:268091,11406.978852,14400.0,14400.0,203550.0,finite,699400.0,none,,0.0,0.0,min_max,0.0,14400.0,142485.0,14400.0,10,4,1,1,14400.0,14400.0,14400.0,0.0
1162,M-1810,item:268091,8252.179592,14400.0,14400.0,203550.0,finite,705000.0,none,,0.0,0.0,min_max,0.0,14400.0,142485.0,14400.0,10,1,1,1,14400.0,14400.0,14400.0,0.0
1164,M-1810,item:268091,7847.869388,14400.0,14400.0,203550.0,finite,705600.0,none,,0.0,0.0,min_max,0.0,14400.0,142485.0,14400.0,10,2,1,1,14400.0,14400.0,14400.0,0.0
1166,M-1810,item:268091,7877.681633,14400.0,14400.0,203550.0,finite,706200.0,none,,0.0,0.0,min_max,0.0,14400.0,142485.0,14400.0,10,3,1,1,14400.0,14400.0,14400.0,0.0
1167,M-1430,item:268967,4600.816327,107800.0,107800.0,154000.0,finite,3090987.226144,none,,0.0,0.0,fixed,107800.0,107800.0,107800.0,0.0,10,1,1,1,107800.0,107800.0,107800.0,0.0
1167,M-1810,item:268091,9685.185306,14400.0,14400.0,203550.0,finite,701800.0,none,,0.0,0.0,min_max,0.0,14400.0,142485.0,14400.0,10,4,1,1,14400.0,14400.0,14400.0,0.0
1168,M-1810,item:268091,10278.653388,14400.0,14400.0,203550.0,finite,687400.0,none,,0.0,0.0,min_max,0.0,14400.0,142485.0,14400.0,10,5,1,1,14400.0,14400.0,14400.0,0.0
1169,M-1810,item:268091,10629.314351,14400.0,14400.0,203550.0,finite,673000.0,none,,0.0,0.0,min_max,0.0,14400.0,142485.0,14400.0,10,1,1,1,14400.0,14400.0,14400.0,0.0
1170,M-1810,item:268091,10931.413891,14400.0,14400.0,203550.0,finite,663600.0,none,,0.0,0.0,min_max,0.0,14400.0,142485.0,14400.0,10,2,1,1,14400.0,14400.0,14400.0,0.0
1172,M-1810,item:268091,9269.485714,14400.0,14400.0,203550.0,finite,664200.0,none,,0.0,0.0,min_max,0.0,14400.0,142485.0,14400.0,10,3,1,1,14400.0,14400.0,14400.0,0.0
1173,M-1810,item:268091,11205.211429,14400.0,14400.0,203550.0,finite,649800.0,none,,0.0,0.0,min_max,0.0,14400.0,142485.0,14400.0,10,4,1,1,14400.0,14400.0,14400.0,0.0
1174,M-1810,item:268091,11674.185143,14400.0,14400.0,203550.0,finite,640400.0,none,,0.0,0.0,min_max,0.0,14400.0,142485.0,14400.0,10,5,1,1,14400.0,14400.0,14400.0,0.0
1175,M-1810,item:268091,11849.808457,14400.0,14400.0,203550.0,finite,631000.0,none,,0.0,0.0,min_max,0.0,14400.0,142485.0,14400.0,10,6,1,1,14400.0,14400.0,14400.0,0.0
1176,M-1810,item:268091,11966.761692,14400.0,14400.0,203550.0,finite,631600.0,none,,0.0,0.0,min_max,0.0,14400.0,142485.0,14400.0,10,1,1,1,14400.0,14400.0,14400.0,0.0
1177,M-1810,item:268091,12071.98091,14400.0,14400.0,203550.0,finite,622200.0,none,,0.0,0.0,min_max,0.0,14400.0,142485.0,14400.0,10,2,1,1,14400.0,14400.0,14400.0,0.0
1178,M-1810,item:268091,12174.853325,14400.0,14400.0,203550.0,finite,607800.0,none,,0.0,0.0,min_max,0.0,14400.0,142485.0,14400.0,10,3,1,1,14400.0,14400.0,14400.0,0.0
1179,M-1810,item:268091,12277.256379,14400.0,14400.0,203550.0,finite,593400.0,none,,0.0,0.0,min_max,0.0,14400.0,142485.0,14400.0,10,4,1,1,14400.0,14400.0,14400.0,0.0
1180,M-1810,item:268091,11908.463521,14400.0,14400.0,203550.0,finite,579000.0,none,,0.0,0.0,min_max,0.0,14400.0,142485.0,14400.0,10,5,1,1,14400.0,14400.0,14400.0,0.0
1181,M-1810,item:268091,11445.43148,14400.0,14400.0,203550.0,finite,564600.0,none,,0.0,0.0,min_max,0.0,14400.0,142485.0,14400.0,10,6,1,1,14400.0,14400.0,14400.0,0.0
1182,M-1810,item:268091,10963.551602,14400.0,14400.0,203550.0,finite,550200.0,none,,0.0,0.0,min_max,0.0,14400.0,142485.0,14400.0,10,7,1,1,14400.0,14400.0,14400.0,0.0
1189,M-1810,item:268091,6381.697959,14400.0,14400.0,203550.0,finite,535800.0,none,,0.0,0.0,min_max,0.0,14400.0,142485.0,14400.0,10,1,1,1,14400.0,14400.0,14400.0,0.0
1191,M-1810,item:268091,5891.24898,14400.0,14400.0,203550.0,finite,521400.0,none,,0.0,0.0,min_max,0.0,14400.0,142485.0,14400.0,10,1,1,1,14400.0,14400.0,14400.0,0.0
1192,M-1810,item:268091,6824.274286,14400.0,14400.0,203550.0,finite,507000.0,none,,0.0,0.0,min_max,0.0,14400.0,142485.0,14400.0,10,2,1,1,14400.0,14400.0,14400.0,0.0
1193,M-1810,item:268091,6765.654857,14400.0,14400.0,203550.0,finite,492600.0,none,,0.0,0.0,min_max,0.0,14400.0,142485.0,14400.0,10,3,1,1,14400.0,14400.0,14400.0,0.0
1194,M-1430,item:268967,3762.808163,107800.0,107800.0,154000.0,finite,2983187.226144,none,,0.0,0.0,fixed,107800.0,107800.0,107800.0,0.0,10,1,1,1,107800.0,107800.0,107800.0,0.0
1194,M-1810,item:268091,7471.661584,14400.0,14400.0,203550.0,finite,478200.0,none,,0.0,0.0,min_max,0.0,14400.0,142485.0,14400.0,10,4,1,1,14400.0,14400.0,14400.0,0.0
1195,M-1810,item:268091,8330.593541,14400.0,14400.0,203550.0,finite,463800.0,none,,0.0,0.0,min_max,0.0,14400.0,142485.0,14400.0,10,5,1,1,14400.0,14400.0,14400.0,0.0
1196,M-1810,item:268091,9220.110545,14400.0,14400.0,203550.0,finite,449400.0,none,,0.0,0.0,min_max,0.0,14400.0,142485.0,14400.0,10,6,1,1,14400.0,14400.0,14400.0,0.0
1198,M-1810,item:268091,8989.453061,14400.0,14400.0,203550.0,finite,435000.0,none,,0.0,0.0,min_max,0.0,14400.0,142485.0,14400.0,10,1,1,1,14400.0,14400.0,14400.0,0.0
1200,M-1810,item:268091,10424.914286,14400.0,14400.0,203550.0,finite,420600.0,none,,0.0,0.0,min_max,0.0,14400.0,142485.0,14400.0,10,2,1,1,14400.0,14400.0,14400.0,0.0
1201,M-1810,item:268091,12030.158367,14400.0,14400.0,203550.0,finite,406200.0,none,,0.0,0.0,min_max,0.0,14400.0,142485.0,14400.0,10,3,1,1,14400.0,14400.0,14400.0,0.0
1202,M-1810,item:268091,11871.468408,14400.0,14400.0,203550.0,finite,391800.0,none,,0.0,0.0,min_max,0.0,14400.0,142485.0,14400.0,10,4,1,1,14400.0,14400.0,14400.0,0.0
1203,M-1810,item:268091,11359.991641,14400.0,14400.0,203550.0,finite,377400.0,none,,0.0,0.0,min_max,0.0,14400.0,142485.0,14400.0,10,5,1,1,14400.0,14400.0,14400.0,0.0
1204,M-1810,item:268091,10777.957512,14400.0,14400.0,203550.0,finite,363000.0,none,,0.0,0.0,min_max,0.0,14400.0,142485.0,14400.0,10,1,1,1,14400.0,14400.0,14400.0,0.0
1205,M-1810,item:268091,10181.81191,14400.0,14400.0,203550.0,finite,348600.0,none,,0.0,0.0,min_max,0.0,14400.0,142485.0,14400.0,10,2,1,1,14400.0,14400.0,14400.0,0.0
1206,M-1810,item:268091,9582.844014,14400.0,14400.0,203550.0,finite,334200.0,none,,0.0,0.0,min_max,0.0,14400.0,142485.0,14400.0,10,3,1,1,14400.0,14400.0,14400.0,0.0
1220,M-1810,item:268091,3555.004082,14400.0,14400.0,203550.0,finite,344800.0,none,,0.0,0.0,min_max,0.0,14400.0,142485.0,14400.0,10,1,1,1,14400.0,14400.0,14400.0,0.0
1222,M-1810,item:268091,4244.832653,14400.0,14400.0,203550.0,finite,345400.0,none,,0.0,0.0,min_max,0.0,14400.0,142485.0,14400.0,10,2,1,1,14400.0,14400.0,14400.0,0.0
1223,M-1810,item:268091,5760.574694,14400.0,14400.0,203550.0,finite,346000.0,none,,0.0,0.0,min_max,0.0,14400.0,142485.0,14400.0,10,3,1,1,14400.0,14400.0,14400.0,0.0
1224,M-1810,item:268091,6730.498613,14400.0,14400.0,203550.0,finite,331600.0,none,,0.0,0.0,min_max,0.0,14400.0,142485.0,14400.0,10,4,1,1,14400.0,14400.0,14400.0,0.0
1225,M-1810,item:268091,7591.258906,14400.0,14400.0,203550.0,finite,317200.0,none,,0.0,0.0,min_max,0.0,14400.0,142485.0,14400.0,10,1,1,1,14400.0,14400.0,14400.0,0.0
1226,M-1810,item:268091,8430.186475,14400.0,14400.0,203550.0,finite,302800.0,none,,0.0,0.0,min_max,0.0,14400.0,142485.0,14400.0,10,2,1,1,14400.0,14400.0,14400.0,0.0
1227,M-1810,item:268091,9264.747499,14400.0,14400.0,203550.0,finite,288400.0,none,,0.0,0.0,min_max,0.0,14400.0,142485.0,14400.0,10,3,1,1,14400.0,14400.0,14400.0,0.0
1228,M-1810,item:268091,10098.435214,14400.0,14400.0,203550.0,finite,274000.0,none,,0.0,0.0,min_max,0.0,14400.0,142485.0,14400.0,10,4,1,1,14400.0,14400.0,14400.0,0.0
1229,M-1810,item:268091,10267.442145,14400.0,14400.0,203550.0,finite,259600.0,none,,0.0,0.0,min_max,0.0,14400.0,142485.0,14400.0,10,5,1,1,14400.0,14400.0,14400.0,0.0
1230,M-1810,item:268091,10303.512919,14400.0,14400.0,203550.0,finite,245200.0,none,,0.0,0.0,min_max,0.0,14400.0,142485.0,14400.0,10,6,1,1,14400.0,14400.0,14400.0,0.0
1231,M-1810,item:268091,10312.996462,14400.0,14400.0,203550.0,finite,235800.0,none,,0.0,0.0,min_max,0.0,14400.0,142485.0,14400.0,10,7,1,1,14400.0,14400.0,14400.0,0.0
1232,M-1810,item:268091,10317.162558,14400.0,14400.0,203550.0,finite,221400.0,none,,0.0,0.0,min_max,0.0,14400.0,142485.0,14400.0,10,1,1,1,14400.0,14400.0,14400.0,0.0
1233,M-1810,item:268091,10320.265165,14400.0,14400.0,203550.0,finite,212000.0,none,,0.0,0.0,min_max,0.0,14400.0,142485.0,14400.0,10,2,1,1,14400.0,14400.0,14400.0,0.0
1234,M-1810,item:268091,10323.155074,14400.0,14400.0,203550.0,finite,207600.0,none,,0.0,0.0,min_max,0.0,14400.0,142485.0,14400.0,10,3,1,1,14400.0,14400.0,14400.0,0.0
1235,M-1810,item:268091,10326.002444,14400.0,14400.0,203550.0,finite,198200.0,none,,0.0,0.0,min_max,0.0,14400.0,142485.0,14400.0,10,4,1,1,14400.0,14400.0,14400.0,0.0
1236,M-1810,item:268091,10416.433142,14400.0,14400.0,203550.0,finite,183800.0,none,,0.0,0.0,min_max,0.0,14400.0,142485.0,14400.0,10,5,1,1,14400.0,14400.0,14400.0,0.0
1240,M-1810,item:268091,8710.677551,14400.0,14400.0,203550.0,finite,189400.0,none,,0.0,0.0,min_max,0.0,14400.0,142485.0,14400.0,10,1,1,1,14400.0,14400.0,14400.0,0.0
1241,M-1810,item:268091,10542.674286,14400.0,14400.0,203550.0,finite,185000.0,none,,0.0,0.0,min_max,0.0,14400.0,142485.0,14400.0,10,2,1,1,14400.0,14400.0,14400.0,0.0
1242,M-1810,item:268091,10998.934857,14400.0,14400.0,203550.0,finite,175600.0,none,,0.0,0.0,min_max,0.0,14400.0,142485.0,14400.0,10,3,1,1,14400.0,14400.0,14400.0,0.0
1243,M-1810,item:268091,10876.40738,14400.0,14400.0,203550.0,finite,166200.0,none,,0.0,0.0,min_max,0.0,14400.0,142485.0,14400.0,10,4,1,1,14400.0,14400.0,14400.0,0.0
1244,M-1810,item:268091,10638.122292,14400.0,14400.0,203550.0,finite,166800.0,none,,0.0,0.0,min_max,0.0,14400.0,142485.0,14400.0,10,5,1,1,14400.0,14400.0,14400.0,0.0
1245,M-1810,item:268091,10376.685683,14400.0,14400.0,203550.0,finite,152400.0,none,,0.0,0.0,min_max,0.0,14400.0,142485.0,14400.0,10,6,1,1,14400.0,14400.0,14400.0,0.0
1247,M-1810,item:268091,7821.502041,14400.0,14400.0,203550.0,finite,163000.0,none,,0.0,0.0,min_max,0.0,14400.0,142485.0,14400.0,10,1,1,1,14400.0,14400.0,14400.0,0.0
1251,M-1810,item:268091,6871.52653,14400.0,14400.0,203550.0,finite,188600.0,none,,0.0,0.0,min_max,0.0,14400.0,142485.0,14400.0,10,2,1,1,14400.0,14400.0,14400.0,0.0
1254,M-1810,item:268091,6087.902041,14400.0,14400.0,203550.0,finite,179200.0,none,,0.0,0.0,min_max,0.0,14400.0,142485.0,14400.0,10,1,1,1,14400.0,14400.0,14400.0,0.0
1255,M-1430,item:268967,1880.326531,107800.0,107800.0,154000.0,finite,2875387.226144,none,,0.0,0.0,fixed,107800.0,107800.0,107800.0,0.0,10,1,1,1,107800.0,107800.0,107800.0,0.0
1255,M-1810,item:268091,7044.274286,14400.0,14400.0,203550.0,finite,164800.0,none,,0.0,0.0,min_max,0.0,14400.0,142485.0,14400.0,10,2,1,1,14400.0,14400.0,14400.0,0.0
1256,M-1810,item:268091,6974.340572,14400.0,14400.0,203550.0,finite,160400.0,none,,0.0,0.0,min_max,0.0,14400.0,142485.0,14400.0,10,3,1,1,14400.0,14400.0,14400.0,0.0
1258,M-1810,item:268091,6462.236735,14400.0,14400.0,203550.0,finite,176000.0,none,,0.0,0.0,min_max,0.0,14400.0,142485.0,14400.0,10,4,1,1,14400.0,14400.0,14400.0,0.0
1260,M-1810,item:268091,7358.987755,14400.0,14400.0,203550.0,finite,196600.0,none,,0.0,0.0,min_max,0.0,14400.0,142485.0,14400.0,10,1,1,1,14400.0,14400.0,14400.0,0.0
1261,M-1810,item:268091,9279.160816,14400.0,14400.0,203550.0,finite,187200.0,none,,0.0,0.0,min_max,0.0,14400.0,142485.0,14400.0,10,2,1,1,14400.0,14400.0,14400.0,0.0
1262,M-1430,item:268967,16555.314286,107800.0,107800.0,154000.0,finite,2767587.226144,none,,0.0,0.0,fixed,107800.0,107800.0,107800.0,0.0,10,1,1,1,107800.0,107800.0,107800.0,0.0
1262,M-1810,item:268091,10111.570939,14400.0,14400.0,203550.0,finite,192800.0,none,,0.0,0.0,min_max,0.0,14400.0,142485.0,14400.0,10,3,1,1,14400.0,14400.0,14400.0,0.0
1263,M-1810,item:268091,10726.428473,14400.0,14400.0,203550.0,finite,188400.0,none,,0.0,0.0,min_max,0.0,14400.0,142485.0,14400.0,10,4,1,1,14400.0,14400.0,14400.0,0.0
1263,SDC-1450,item:773474,1884097.6576,3200000.0,3200000.0,0.0,unmodeled,208202684.563758,none,,0.0,0.0,fixed,3200000.0,0.0,0.0,0.0,10,1,1,1,3200000.0,3200000.0,3200000.0,0.0
1264,M-1430,item:268967,16358.073469,107800.0,107800.0,154000.0,finite,2659787.226144,none,,0.0,0.0,fixed,107800.0,107800.0,107800.0,0.0,10,2,1,1,107800.0,107800.0,107800.0,0.0
1264,M-1810,item:268091,11138.804062,14400.0,14400.0,203550.0,finite,184000.0,none,,0.0,0.0,min_max,0.0,14400.0,142485.0,14400.0,10,5,1,1,14400.0,14400.0,14400.0,0.0
1265,M-1430,item:268967,17038.847347,107800.0,107800.0,154000.0,finite,2551987.226144,none,,0.0,0.0,fixed,107800.0,107800.0,107800.0,0.0,10,3,1,1,107800.0,107800.0,107800.0,0.0
1265,M-1810,item:268091,11510.683261,14400.0,14400.0,203550.0,finite,194600.0,none,,0.0,0.0,min_max,0.0,14400.0,142485.0,14400.0,10,6,1,1,14400.0,14400.0,14400.0,0.0
1266,M-1810,item:268091,11874.463183,14400.0,14400.0,203550.0,finite,205200.0,none,,0.0,0.0,min_max,0.0,14400.0,142485.0,14400.0,10,7,1,1,14400.0,14400.0,14400.0,0.0
1267,M-1810,item:268091,12236.623249,14400.0,14400.0,203550.0,finite,225800.0,none,,0.0,0.0,min_max,0.0,14400.0,142485.0,14400.0,10,1,1,1,14400.0,14400.0,14400.0,0.0
1268,M-1810,item:268091,12598.459343,14400.0,14400.0,203550.0,finite,221400.0,none,,0.0,0.0,min_max,0.0,14400.0,142485.0,14400.0,10,2,1,1,14400.0,14400.0,14400.0,0.0
1269,M-1810,item:268091,12960.230644,14400.0,14400.0,203550.0,finite,227000.0,none,,0.0,0.0,min_max,0.0,14400.0,142485.0,14400.0,10,3,1,1,14400.0,14400.0,14400.0,0.0
1270,M-1810,item:268091,13321.988986,14400.0,14400.0,203550.0,finite,222600.0,none,,0.0,0.0,min_max,0.0,14400.0,142485.0,14400.0,10,4,1,1,14400.0,14400.0,14400.0,0.0
1271,M-1810,item:268091,12874.471266,14400.0,14400.0,203550.0,finite,228200.0,none,,0.0,0.0,min_max,0.0,14400.0,142485.0,14400.0,10,5,1,1,14400.0,14400.0,14400.0,0.0
1272,M-1810,item:268091,12265.098335,14400.0,14400.0,203550.0,finite,243800.0,none,,0.0,0.0,min_max,0.0,14400.0,142485.0,14400.0,10,6,1,1,14400.0,14400.0,14400.0,0.0
1273,M-1810,item:268091,11623.354361,14400.0,14400.0,203550.0,finite,259400.0,none,,0.0,0.0,min_max,0.0,14400.0,142485.0,14400.0,10,7,1,1,14400.0,14400.0,14400.0,0.0
1274,M-1810,item:268091,10975.136178,14400.0,14400.0,203550.0,finite,275000.0,none,,0.0,0.0,min_max,0.0,14400.0,142485.0,14400.0,10,1,1,1,14400.0,14400.0,14400.0,0.0
1275,M-1810,item:268091,10325.623154,14400.0,14400.0,203550.0,finite,290600.0,none,,0.0,0.0,min_max,0.0,14400.0,142485.0,14400.0,10,2,1,1,14400.0,14400.0,14400.0,0.0
1281,M-1810,item:268091,7854.351021,14400.0,14400.0,203550.0,finite,511200.0,none,,0.0,0.0,min_max,0.0,14400.0,142485.0,14400.0,10,1,1,1,14400.0,14400.0,14400.0,0.0
1282,M-1810,item:268091,9616.094694,14400.0,14400.0,203550.0,finite,546800.0,none,,0.0,0.0,min_max,0.0,14400.0,142485.0,14400.0,10,2,1,1,14400.0,14400.0,14400.0,0.0
1283,M-1810,item:268091,10159.316898,14400.0,14400.0,203550.0,finite,592400.0,none,,0.0,0.0,min_max,0.0,14400.0,142485.0,14400.0,10,3,1,1,14400.0,14400.0,14400.0,0.0
1284,M-1810,item:268091,10458.834808,14400.0,14400.0,203550.0,finite,653000.0,none,,0.0,0.0,min_max,0.0,14400.0,142485.0,14400.0,10,4,1,1,14400.0,14400.0,14400.0,0.0
1285,M-1810,item:268091,10138.117982,14400.0,14400.0,203550.0,finite,698600.0,none,,0.0,0.0,min_max,0.0,14400.0,142485.0,14400.0,10,5,1,1,14400.0,14400.0,14400.0,0.0
1287,M-1810,item:268091,7285.110204,14400.0,14400.0,203550.0,finite,839200.0,none,,0.0,0.0,min_max,0.0,14400.0,142485.0,14400.0,10,6,1,1,14400.0,14400.0,14400.0,0.0
1289,M-1810,item:268091,6523.869388,14400.0,14400.0,203550.0,finite,979800.0,none,,0.0,0.0,min_max,0.0,14400.0,142485.0,14400.0,10,1,1,1,14400.0,14400.0,14400.0,0.0
1291,M-1810,item:268091,5762.628571,14400.0,14400.0,203550.0,finite,1145400.0,none,,0.0,0.0,min_max,0.0,14400.0,142485.0,14400.0,10,2,1,1,14400.0,14400.0,14400.0,0.0
1292,M-1810,item:268091,7679.04,14400.0,14400.0,203550.0,finite,1231000.0,none,,0.0,0.0,min_max,0.0,14400.0,142485.0,14400.0,10,3,1,1,14400.0,14400.0,14400.0,0.0
1293,M-1810,item:268091,8826.208,14400.0,14400.0,203550.0,finite,1326600.0,none,,0.0,0.0,min_max,0.0,14400.0,142485.0,14400.0,10,4,1,1,14400.0,14400.0,14400.0,0.0
1294,M-1810,item:268091,9819.527314,14400.0,14400.0,203550.0,finite,1397200.0,none,,0.0,0.0,min_max,0.0,14400.0,142485.0,14400.0,10,5,1,1,14400.0,14400.0,14400.0,0.0
1295,M-1810,item:268091,10782.076891,14400.0,14400.0,203550.0,finite,1477800.0,none,,0.0,0.0,min_max,0.0,14400.0,142485.0,14400.0,10,1,1,1,14400.0,14400.0,14400.0,0.0
1298,M-1810,item:268091,11109.828571,14400.0,14400.0,203550.0,finite,1750898.0,none,,0.0,0.0,min_max,0.0,14400.0,142485.0,14400.0,10,2,1,1,14400.0,14400.0,14400.0,0.0
1299,M-1810,item:268091,12623.25551,14400.0,14400.0,203550.0,finite,1736498.0,none,,0.0,0.0,min_max,0.0,14400.0,142485.0,14400.0,10,3,1,1,14400.0,14400.0,14400.0,0.0
1300,M-1810,item:268091,12217.402122,14400.0,14400.0,203550.0,finite,1722098.0,none,,0.0,0.0,min_max,0.0,14400.0,142485.0,14400.0,10,4,1,1,14400.0,14400.0,14400.0,0.0
1301,M-1810,item:268091,11427.692669,14400.0,14400.0,203550.0,finite,1707698.0,none,,0.0,0.0,min_max,0.0,14400.0,142485.0,14400.0,10,5,1,1,14400.0,14400.0,14400.0,0.0
1302,M-1810,item:268091,10561.212003,14400.0,14400.0,203550.0,finite,1693298.0,none,,0.0,0.0,min_max,0.0,14400.0,142485.0,14400.0,10,1,1,1,14400.0,14400.0,14400.0,0.0
1303,M-1810,item:268091,9679.377095,14400.0,14400.0,203550.0,finite,1678898.0,none,,0.0,0.0,min_max,0.0,14400.0,142485.0,14400.0,10,2,1,1,14400.0,14400.0,14400.0,0.0
1304,M-1810,item:268091,8794.471338,14400.0,14400.0,203550.0,finite,1664498.0,none,,0.0,0.0,min_max,0.0,14400.0,142485.0,14400.0,10,3,1,1,14400.0,14400.0,14400.0,0.0
1306,M-1810,item:268091,5724.946939,14400.0,14400.0,203550.0,finite,1650098.0,none,,0.0,0.0,min_max,0.0,14400.0,142485.0,14400.0,10,4,1,1,14400.0,14400.0,14400.0,0.0
1323,M-1810,item:268091,4183.330612,14400.0,14400.0,203550.0,finite,1635698.0,none,,0.0,0.0,min_max,0.0,14400.0,142485.0,14400.0,10,1,1,1,14400.0,14400.0,14400.0,0.0
1324,M-1810,item:268091,5041.857959,14400.0,14400.0,203550.0,finite,1621298.0,none,,0.0,0.0,min_max,0.0,14400.0,142485.0,14400.0,10,2,1,1,14400.0,14400.0,14400.0,0.0
1325,M-1810,item:268091,5235.424653,14400.0,14400.0,203550.0,finite,1606898.0,none,,0.0,0.0,min_max,0.0,14400.0,142485.0,14400.0,10,3,1,1,14400.0,14400.0,14400.0,0.0
1326,M-1810,item:268091,5295.999216,14400.0,14400.0,203550.0,finite,1592498.0,none,,0.0,0.0,min_max,0.0,14400.0,142485.0,14400.0,10,4,1,1,14400.0,14400.0,14400.0,0.0
1327,M-1810,item:268091,5989.910047,14400.0,14400.0,203550.0,finite,1578098.0,none,,0.0,0.0,min_max,0.0,14400.0,142485.0,14400.0,10,5,1,1,14400.0,14400.0,14400.0,0.0
1328,M-1810,item:268091,6810.488132,14400.0,14400.0,203550.0,finite,1563698.0,none,,0.0,0.0,min_max,0.0,14400.0,142485.0,14400.0,10,6,1,1,14400.0,14400.0,14400.0,0.0
1329,M-1810,item:268091,7656.399667,14400.0,14400.0,203550.0,finite,1549298.0,none,,0.0,0.0,min_max,0.0,14400.0,142485.0,14400.0,10,7,1,1,14400.0,14400.0,14400.0,0.0
1332,M-1810,item:268091,8339.689796,14400.0,14400.0,203550.0,finite,1534898.0,none,,0.0,0.0,min_max,0.0,14400.0,142485.0,14400.0,10,1,1,1,14400.0,14400.0,14400.0,0.0
1333,M-1430,item:268967,8881.371429,107800.0,107800.0,154000.0,finite,2444187.226144,none,,0.0,0.0,fixed,107800.0,107800.0,107800.0,0.0,10,1,1,1,107800.0,107800.0,107800.0,0.0
1333,M-1810,item:268091,10689.423674,14400.0,14400.0,203550.0,finite,1520498.0,none,,0.0,0.0,min_max,0.0,14400.0,142485.0,14400.0,10,2,1,1,14400.0,14400.0,14400.0,0.0
1334,M-1810,item:268091,10959.043918,14400.0,14400.0,203550.0,finite,1506098.0,none,,0.0,0.0,min_max,0.0,14400.0,142485.0,14400.0,10,3,1,1,14400.0,14400.0,14400.0,0.0
1334,SDC-1450,item:773474,1868564.6576,3200000.0,3200000.0,0.0,unmodeled,205002684.563758,none,,0.0,0.0,fixed,3200000.0,0.0,0.0,0.0,10,1,1,1,3200000.0,3200000.0,3200000.0,0.0
1335,M-1810,item:268091,10812.641437,14400.0,14400.0,203550.0,finite,1491698.0,none,,0.0,0.0,min_max,0.0,14400.0,142485.0,14400.0,10,4,1,1,14400.0,14400.0,14400.0,0.0
1336,M-1430,item:268967,5264.963265,107800.0,107800.0,154000.0,finite,2336387.226144,none,,0.0,0.0,fixed,107800.0,107800.0,107800.0,0.0,10,2,1,1,107800.0,107800.0,107800.0,0.0
1336,M-1810,item:268091,10583.03441,14400.0,14400.0,203550.0,finite,1477298.0,none,,0.0,0.0,min_max,0.0,14400.0,142485.0,14400.0,10,5,1,1,14400.0,14400.0,14400.0,0.0
1337,M-1810,item:268091,10336.786474,14400.0,14400.0,203550.0,finite,1462898.0,none,,0.0,0.0,min_max,0.0,14400.0,142485.0,14400.0,10,1,1,1,14400.0,14400.0,14400.0,0.0
1338,M-1810,item:268091,10087.210356,14400.0,14400.0,203550.0,finite,1448498.0,none,,0.0,0.0,min_max,0.0,14400.0,142485.0,14400.0,10,2,1,1,14400.0,14400.0,14400.0,0.0
1339,M-1810,item:268091,9836.968602,14400.0,14400.0,203550.0,finite,1434098.0,none,,0.0,0.0,min_max,0.0,14400.0,142485.0,14400.0,10,3,1,1,14400.0,14400.0,14400.0,0.0
1340,M-1810,item:268091,9586.59372,14400.0,14400.0,203550.0,finite,1419698.0,none,,0.0,0.0,min_max,0.0,14400.0,142485.0,14400.0,10,4,1,1,14400.0,14400.0,14400.0,0.0
1344,M-1810,item:268091,7420.865306,14400.0,14400.0,203550.0,finite,1405298.0,none,,0.0,0.0,min_max,0.0,14400.0,142485.0,14400.0,10,1,1,1,14400.0,14400.0,14400.0,0.0
1345,M-1810,item:268091,8855.454694,14400.0,14400.0,203550.0,finite,1390898.0,none,,0.0,0.0,min_max,0.0,14400.0,142485.0,14400.0,10,2,1,1,14400.0,14400.0,14400.0,0.0
1346,M-1810,item:268091,9092.788898,14400.0,14400.0,203550.0,finite,1376498.0,none,,0.0,0.0,min_max,0.0,14400.0,142485.0,14400.0,10,3,1,1,14400.0,14400.0,14400.0,0.0
1347,M-1810,item:268091,9090.672065,14400.0,14400.0,203550.0,finite,1362098.0,none,,0.0,0.0,min_max,0.0,14400.0,142485.0,14400.0,10,4,1,1,14400.0,14400.0,14400.0,0.0
1349,M-1810,item:268091,7511.461224,14400.0,14400.0,203550.0,finite,1347698.0,none,,0.0,0.0,min_max,0.0,14400.0,142485.0,14400.0,10,5,1,1,14400.0,14400.0,14400.0,0.0
1351,M-1810,item:268091,7750.808163,14400.0,14400.0,203550.0,finite,1333298.0,none,,0.0,0.0,min_max,0.0,14400.0,142485.0,14400.0,10,1,1,1,14400.0,14400.0,14400.0,0.0
1352,M-1810,item:268091,9420.643265,14400.0,14400.0,203550.0,finite,1318898.0,none,,0.0,0.0,min_max,0.0,14400.0,142485.0,14400.0,10,2,1,1,14400.0,14400.0,14400.0,0.0
1353,M-1810,item:268091,9874.283755,14400.0,14400.0,203550.0,finite,1304498.0,none,,0.0,0.0,min_max,0.0,14400.0,142485.0,14400.0,10,3,1,1,14400.0,14400.0,14400.0,0.0
1354,M-1810,item:268091,10084.685322,14400.0,14400.0,203550.0,finite,1290098.0,none,,0.0,0.0,min_max,0.0,14400.0,142485.0,14400.0,10,4,1,1,14400.0,14400.0,14400.0,0.0
1355,M-1810,item:268091,10476.920738,14400.0,14400.0,203550.0,finite,1275698.0,none,,0.0,0.0,min_max,0.0,14400.0,142485.0,14400.0,10,5,1,1,14400.0,14400.0,14400.0,0.0
1356,M-1810,item:268091,10905.522923,14400.0,14400.0,203550.0,finite,1261298.0,none,,0.0,0.0,min_max,0.0,14400.0,142485.0,14400.0,10,6,1,1,14400.0,14400.0,14400.0,0.0
1357,M-1810,item:268091,11341.398462,14400.0,14400.0,203550.0,finite,1246898.0,none,,0.0,0.0,min_max,0.0,14400.0,142485.0,14400.0,10,7,1,1,14400.0,14400.0,14400.0,0.0
1358,M-1810,item:268091,11778.728672,14400.0,14400.0,203550.0,finite,1232498.0,none,,0.0,0.0,min_max,0.0,14400.0,142485.0,14400.0,10,1,1,1,14400.0,14400.0,14400.0,0.0
1359,M-1810,item:268091,12216.349816,14400.0,14400.0,203550.0,finite,1218098.0,none,,0.0,0.0,min_max,0.0,14400.0,142485.0,14400.0,10,2,1,1,14400.0,14400.0,14400.0,0.0
1360,M-1810,item:268091,12654.029147,14400.0,14400.0,203550.0,finite,1203698.0,none,,0.0,0.0,min_max,0.0,14400.0,142485.0,14400.0,10,3,1,1,14400.0,14400.0,14400.0,0.0
1361,M-1810,item:268091,13091.720115,14400.0,14400.0,203550.0,finite,1189298.0,none,,0.0,0.0,min_max,0.0,14400.0,142485.0,14400.0,10,4,1,1,14400.0,14400.0,14400.0,0.0
1362,M-1810,item:268091,12561.250145,14400.0,14400.0,203550.0,finite,1174898.0,none,,0.0,0.0,min_max,0.0,14400.0,142485.0,14400.0,10,5,1,1,14400.0,14400.0,14400.0,0.0
1363,M-1810,item:268091,11837.147988,14400.0,14400.0,203550.0,finite,1160498.0,none,,0.0,0.0,min_max,0.0,14400.0,142485.0,14400.0,10,6,1,1,14400.0,14400.0,14400.0,0.0
1364,M-1810,item:268091,11074.319394,14400.0,14400.0,203550.0,finite,1146098.0,none,,0.0,0.0,min_max,0.0,14400.0,142485.0,14400.0,10,7,1,1,14400.0,14400.0,14400.0,0.0
1372,M-1810,item:268091,6893.730612,14400.0,14400.0,203550.0,finite,1131698.0,none,,0.0,0.0,min_max,0.0,14400.0,142485.0,14400.0,10,1,1,1,14400.0,14400.0,14400.0,0.0
1373,M-1810,item:268091,8437.195102,14400.0,14400.0,203550.0,finite,1117298.0,none,,0.0,0.0,min_max,0.0,14400.0,142485.0,14400.0,10,2,1,1,14400.0,14400.0,14400.0,0.0
1374,M-1810,item:268091,8910.606368,14400.0,14400.0,203550.0,finite,1102898.0,none,,0.0,0.0,min_max,0.0,14400.0,142485.0,14400.0,10,3,1,1,14400.0,14400.0,14400.0,0.0
1375,M-1810,item:268091,9170.006988,14400.0,14400.0,203550.0,finite,1088498.0,none,,0.0,0.0,min_max,0.0,14400.0,142485.0,14400.0,10,4,1,1,14400.0,14400.0,14400.0,0.0
1376,M-1810,item:268091,9342.997316,14400.0,14400.0,203550.0,finite,1074098.0,none,,0.0,0.0,min_max,0.0,14400.0,142485.0,14400.0,10,5,1,1,14400.0,14400.0,14400.0,0.0
1377,M-1810,item:268091,9498.705586,14400.0,14400.0,203550.0,finite,1059698.0,none,,0.0,0.0,min_max,0.0,14400.0,142485.0,14400.0,10,6,1,1,14400.0,14400.0,14400.0,0.0
1378,M-1810,item:268091,9650.957444,14400.0,14400.0,203550.0,finite,1045298.0,none,,0.0,0.0,min_max,0.0,14400.0,142485.0,14400.0,10,7,1,1,14400.0,14400.0,14400.0,0.0
1380,M-1810,item:268091,7993.436735,14400.0,14400.0,203550.0,finite,1030898.0,none,,0.0,0.0,min_max,0.0,14400.0,142485.0,14400.0,10,1,1,1,14400.0,14400.0,14400.0,0.0
1381,M-1810,item:268091,9713.234286,14400.0,14400.0,203550.0,finite,1016498.0,none,,0.0,0.0,min_max,0.0,14400.0,142485.0,14400.0,10,2,1,1,14400.0,14400.0,14400.0,0.0
1383,M-1810,item:268091,8367.053061,14400.0,14400.0,203550.0,finite,1002098.0,none,,0.0,0.0,min_max,0.0,14400.0,142485.0,14400.0,10,3,1,1,14400.0,14400.0,14400.0,0.0
1384,M-1810,item:268091,10171.859592,14400.0,14400.0,203550.0,finite,987698.0,none,,0.0,0.0,min_max,0.0,14400.0,142485.0,14400.0,10,4,1,1,14400.0,14400.0,14400.0,0.0
1385,M-1810,item:268091,10664.216816,14400.0,14400.0,203550.0,finite,973298.0,none,,0.0,0.0,min_max,0.0,14400.0,142485.0,14400.0,10,5,1,1,14400.0,14400.0,14400.0,0.0
1386,M-1810,item:268091,10894.08418,14400.0,14400.0,203550.0,finite,958898.0,none,,0.0,0.0,min_max,0.0,14400.0,142485.0,14400.0,10,1,1,1,14400.0,14400.0,14400.0,0.0
1387,M-1810,item:268091,11071.453571,14400.0,14400.0,203550.0,finite,944498.0,none,,0.0,0.0,min_max,0.0,14400.0,142485.0,14400.0,10,2,1,1,14400.0,14400.0,14400.0,0.0
1388,M-1810,item:268091,11238.323367,14400.0,14400.0,203550.0,finite,930098.0,none,,0.0,0.0,min_max,0.0,14400.0,142485.0,14400.0,10,3,1,1,14400.0,14400.0,14400.0,0.0
1389,M-1810,item:268091,11403.093245,14400.0,14400.0,203550.0,finite,915698.0,none,,0.0,0.0,min_max,0.0,14400.0,142485.0,14400.0,10,4,1,1,14400.0,14400.0,14400.0,0.0
1390,M-1430,item:268967,4635.428571,107800.0,107800.0,154000.0,finite,2228587.226144,none,,0.0,0.0,fixed,107800.0,107800.0,107800.0,0.0,10,1,1,1,107800.0,107800.0,107800.0,0.0
1390,M-1810,item:268091,10969.843139,14400.0,14400.0,203550.0,finite,901298.0,none,,0.0,0.0,min_max,0.0,14400.0,142485.0,14400.0,10,5,1,1,14400.0,14400.0,14400.0,0.0
1391,M-1810,item:268091,10416.989036,14400.0,14400.0,203550.0,finite,886898.0,none,,0.0,0.0,min_max,0.0,14400.0,142485.0,14400.0,10,6,1,1,14400.0,14400.0,14400.0,0.0
1398,M-1810,item:268091,6527.036735,14400.0,14400.0,203550.0,finite,872498.0,none,,0.0,0.0,min_max,0.0,14400.0,142485.0,14400.0,10,1,1,1,14400.0,14400.0,14400.0,0.0
1400,M-1810,item:268091,7162.073469,14400.0,14400.0,203550.0,finite,858098.0,none,,0.0,0.0,min_max,0.0,14400.0,142485.0,14400.0,10,1,1,1,14400.0,14400.0,14400.0,0.0
1402,M-1810,item:268091,7797.110204,14400.0,14400.0,203550.0,finite,843698.0,none,,0.0,0.0,min_max,0.0,14400.0,142485.0,14400.0,10,2,1,1,14400.0,14400.0,14400.0,0.0
1403,M-1810,item:268091,9674.050612,14400.0,14400.0,203550.0,finite,829298.0,none,,0.0,0.0,min_max,0.0,14400.0,142485.0,14400.0,10,3,1,1,14400.0,14400.0,14400.0,0.0
1404,M-1430,item:268967,5718.481632,107800.0,107800.0,154000.0,finite,2120787.226144,none,,0.0,0.0,fixed,107800.0,107800.0,107800.0,0.0,10,1,1,1,107800.0,107800.0,107800.0,0.0
1404,M-1810,item:268091,9591.577469,14400.0,14400.0,203550.0,finite,814898.0,none,,0.0,0.0,min_max,0.0,14400.0,142485.0,14400.0,10,4,1,1,14400.0,14400.0,14400.0,0.0
1405,M-1810,item:268091,9117.221616,14400.0,14400.0,203550.0,finite,800498.0,none,,0.0,0.0,min_max,0.0,14400.0,142485.0,14400.0,10,5,1,1,14400.0,14400.0,14400.0,0.0
1405,SDC-1450,item:773474,1853031.8576,3200000.0,3200000.0,0.0,unmodeled,201802684.563758,none,,0.0,0.0,fixed,3200000.0,0.0,0.0,0.0,10,1,1,1,3200000.0,3200000.0,3200000.0,0.0
1406,M-1810,item:268091,8564.489221,14400.0,14400.0,203550.0,finite,786098.0,none,,0.0,0.0,min_max,0.0,14400.0,142485.0,14400.0,10,6,1,1,14400.0,14400.0,14400.0,0.0
1408,M-1810,item:268091,5825.322449,14400.0,14400.0,203550.0,finite,771698.0,none,,0.0,0.0,min_max,0.0,14400.0,142485.0,14400.0,10,1,1,1,14400.0,14400.0,14400.0,0.0
1410,M-1810,item:268091,4909.6,14400.0,14400.0,203550.0,finite,757298.0,none,,0.0,0.0,min_max,0.0,14400.0,142485.0,14400.0,10,2,1,1,14400.0,14400.0,14400.0,0.0
1411,M-1810,item:268091,6910.475102,14400.0,14400.0,203550.0,finite,742898.0,none,,0.0,0.0,min_max,0.0,14400.0,142485.0,14400.0,10,3,1,1,14400.0,14400.0,14400.0,0.0
1412,M-1810,item:268091,8329.605225,14400.0,14400.0,203550.0,finite,728498.0,none,,0.0,0.0,min_max,0.0,14400.0,142485.0,14400.0,10,4,1,1,14400.0,14400.0,14400.0,0.0
1413,M-1810,item:268091,9632.386351,14400.0,14400.0,203550.0,finite,714098.0,none,,0.0,0.0,min_max,0.0,14400.0,142485.0,14400.0,10,5,1,1,14400.0,14400.0,14400.0,0.0
1414,M-1810,item:268091,10911.897678,14400.0,14400.0,203550.0,finite,699698.0,none,,0.0,0.0,min_max,0.0,14400.0,142485.0,14400.0,10,1,1,1,14400.0,14400.0,14400.0,0.0
1415,M-1810,item:268091,12186.755046,14400.0,14400.0,203550.0,finite,685298.0,none,,0.0,0.0,min_max,0.0,14400.0,142485.0,14400.0,10,2,1,1,14400.0,14400.0,14400.0,0.0
1416,M-1810,item:268091,13460.681622,14400.0,14400.0,203550.0,finite,670898.0,none,,0.0,0.0,min_max,0.0,14400.0,142485.0,14400.0,10,3,1,1,14400.0,14400.0,14400.0,0.0
1417,M-1810,item:268091,14734.422039,28800.0,28800.0,203550.0,finite,656498.0,none,,0.0,0.0,min_max,0.0,14400.0,142485.0,14400.0,10,4,1,1,28800.0,28800.0,28800.0,0.0
1418,M-1810,item:268091,15120.729306,28800.0,28800.0,203550.0,finite,627698.0,none,,0.0,0.0,min_max,0.0,14400.0,142485.0,14400.0,10,5,1,1,28800.0,28800.0,28800.0,0.0
1419,M-1810,item:268091,15329.549943,28800.0,28800.0,203550.0,finite,598898.0,none,,0.0,0.0,min_max,0.0,14400.0,142485.0,14400.0,10,6,1,1,28800.0,28800.0,28800.0,0.0
1420,M-1810,item:268091,15502.873254,28800.0,28800.0,203550.0,finite,570098.0,none,,0.0,0.0,min_max,0.0,14400.0,142485.0,14400.0,10,7,1,1,28800.0,28800.0,28800.0,0.0
1421,M-1810,item:268091,15669.0971,28800.0,28800.0,203550.0,finite,541298.0,none,,0.0,0.0,min_max,0.0,14400.0,142485.0,14400.0,10,1,1,1,28800.0,28800.0,28800.0,0.0
1422,M-1810,item:268091,15833.901053,28800.0,28800.0,203550.0,finite,512498.0,none,,0.0,0.0,min_max,0.0,14400.0,142485.0,14400.0,10,2,1,1,28800.0,28800.0,28800.0,0.0
1425,M-1810,item:268091,12235.673469,14400.0,14400.0,203550.0,finite,483698.0,none,,0.0,0.0,min_max,0.0,14400.0,142485.0,14400.0,10,3,1,1,14400.0,14400.0,14400.0,0.0
1426,M-1810,item:268091,13955.281633,14400.0,14400.0,203550.0,finite,469298.0,none,,0.0,0.0,min_max,0.0,14400.0,142485.0,14400.0,10,4,1,1,14400.0,14400.0,14400.0,0.0
1427,M-1430,item:268967,4632.097959,107800.0,107800.0,154000.0,finite,2012987.226144,none,,0.0,0.0,fixed,107800.0,107800.0,107800.0,0.0,10,1,1,1,107800.0,107800.0,107800.0,0.0
1427,M-1810,item:268091,13571.676735,14400.0,14400.0,203550.0,finite,454898.0,none,,0.0,0.0,min_max,0.0,14400.0,142485.0,14400.0,10,5,1,1,14400.0,14400.0,14400.0,0.0
1434,M-1810,item:268091,8189.22449,14400.0,14400.0,203550.0,finite,465498.0,none,,0.0,0.0,min_max,0.0,14400.0,142485.0,14400.0,10,1,1,1,14400.0,14400.0,14400.0,0.0
1435,M-1810,item:268091,9933.306123,14400.0,14400.0,203550.0,finite,451098.0,none,,0.0,0.0,min_max,0.0,14400.0,142485.0,14400.0,10,1,1,1,14400.0,14400.0,14400.0,0.0
1436,M-1810,item:268091,10388.359184,14400.0,14400.0,203550.0,finite,436698.0,none,,0.0,0.0,min_max,0.0,14400.0,142485.0,14400.0,10,2,1,1,14400.0,14400.0,14400.0,0.0
1437,M-1810,item:268091,10585.606531,14400.0,14400.0,203550.0,finite,422298.0,none,,0.0,0.0,min_max,0.0,14400.0,142485.0,14400.0,10,3,1,1,14400.0,14400.0,14400.0,0.0
1438,M-1810,item:268091,10731.292735,14400.0,14400.0,203550.0,finite,407898.0,none,,0.0,0.0,min_max,0.0,14400.0,142485.0,14400.0,10,4,1,1,14400.0,14400.0,14400.0,0.0
1439,M-1810,item:268091,11814.634057,14400.0,14400.0,203550.0,finite,393498.0,none,,0.0,0.0,min_max,0.0,14400.0,142485.0,14400.0,10,5,1,1,14400.0,14400.0,14400.0,0.0
1440,M-1810,item:268091,13085.506403,14400.0,14400.0,203550.0,finite,379098.0,none,,0.0,0.0,min_max,0.0,14400.0,142485.0,14400.0,10,6,1,1,14400.0,14400.0,14400.0,0.0
1441,M-1810,item:268091,14393.884954,14400.0,14400.0,203550.0,finite,364698.0,none,,0.0,0.0,min_max,0.0,14400.0,142485.0,14400.0,10,7,1,1,14400.0,14400.0,14400.0,0.0
1442,M-1810,item:268091,15709.764746,28800.0,28800.0,203550.0,finite,350298.0,none,,0.0,0.0,min_max,0.0,14400.0,142485.0,14400.0,10,1,1,1,28800.0,28800.0,28800.0,0.0
1443,M-1810,item:268091,17027.144786,28800.0,28800.0,203550.0,finite,346498.0,none,,0.0,0.0,min_max,0.0,14400.0,142485.0,14400.0,10,2,1,1,28800.0,28800.0,28800.0,0.0
1444,M-1810,item:268091,18344.824876,28800.0,28800.0,203550.0,finite,317698.0,none,,0.0,0.0,min_max,0.0,14400.0,142485.0,14400.0,10,3,1,1,28800.0,28800.0,28800.0,0.0
1445,M-1810,item:268091,19662.564975,28800.0,28800.0,203550.0,finite,288898.0,none,,0.0,0.0,min_max,0.0,14400.0,142485.0,14400.0,10,4,1,1,28800.0,28800.0,28800.0,0.0
1446,M-1810,item:268091,19568.888505,28800.0,28800.0,203550.0,finite,260098.0,none,,0.0,0.0,min_max,0.0,14400.0,142485.0,14400.0,10,5,1,1,28800.0,28800.0,28800.0,0.0
1447,M-1810,item:268091,19192.928721,28800.0,28800.0,203550.0,finite,256298.0,none,,0.0,0.0,min_max,0.0,14400.0,142485.0,14400.0,10,6,1,1,28800.0,28800.0,28800.0,0.0
1448,M-1430,item:268967,4156.914285,107800.0,107800.0,154000.0,finite,1905187.226144,none,,0.0,0.0,fixed,107800.0,107800.0,107800.0,0.0,10,1,1,1,107800.0,107800.0,107800.0,0.0
1448,M-1810,item:268091,18760.512275,28800.0,28800.0,203550.0,finite,252498.0,none,,0.0,0.0,min_max,0.0,14400.0,142485.0,14400.0,10,7,1,1,28800.0,28800.0,28800.0,0.0
1449,M-1810,item:268091,18316.804496,28800.0,28800.0,203550.0,finite,248698.0,none,,0.0,0.0,min_max,0.0,14400.0,142485.0,14400.0,10,1,1,1,28800.0,28800.0,28800.0,0.0
1450,M-1810,item:268091,17870.83845,28800.0,28800.0,203550.0,finite,244898.0,none,,0.0,0.0,min_max,0.0,14400.0,142485.0,14400.0,10,2,1,1,28800.0,28800.0,28800.0,0.0
1451,M-1810,item:268091,17424.420751,28800.0,28800.0,203550.0,finite,216098.0,none,,0.0,0.0,min_max,0.0,14400.0,142485.0,14400.0,10,3,1,1,28800.0,28800.0,28800.0,0.0
1452,M-1810,item:268091,16977.912721,28800.0,28800.0,203550.0,finite,187298.0,none,,0.0,0.0,min_max,0.0,14400.0,142485.0,14400.0,10,4,1,1,28800.0,28800.0,28800.0,0.0
1478,M-1810,item:268091,7861.077551,14400.0,14400.0,203550.0,finite,408498.0,none,,0.0,0.0,min_max,0.0,14400.0,142485.0,14400.0,10,1,1,1,14400.0,14400.0,14400.0,0.0
1479,M-1810,item:268091,9925.391021,14400.0,14400.0,203550.0,finite,394098.0,none,,0.0,0.0,min_max,0.0,14400.0,142485.0,14400.0,10,2,1,1,14400.0,14400.0,14400.0,0.0
1480,M-1810,item:268091,10830.351674,14400.0,14400.0,203550.0,finite,404698.0,none,,0.0,0.0,min_max,0.0,14400.0,142485.0,14400.0,10,3,1,1,14400.0,14400.0,14400.0,0.0
1481,M-1810,item:268091,11503.441764,14400.0,14400.0,203550.0,finite,390298.0,none,,0.0,0.0,min_max,0.0,14400.0,142485.0,14400.0,10,4,1,1,14400.0,14400.0,14400.0,0.0
1482,M-1810,item:268091,11485.341414,14400.0,14400.0,203550.0,finite,375898.0,none,,0.0,0.0,min_max,0.0,14400.0,142485.0,14400.0,10,5,1,1,14400.0,14400.0,14400.0,0.0
1483,M-1430,item:268967,3358.563265,107800.0,107800.0,154000.0,finite,1797387.226144,none,,0.0,0.0,fixed,107800.0,107800.0,107800.0,0.0,10,1,1,1,107800.0,107800.0,107800.0,0.0
1483,M-1810,item:268091,11329.002977,14400.0,14400.0,203550.0,finite,386498.0,none,,0.0,0.0,min_max,0.0,14400.0,142485.0,14400.0,10,6,1,1,14400.0,14400.0,14400.0,0.0
1484,M-1810,item:268091,11145.016922,14400.0,14400.0,203550.0,finite,372098.0,none,,0.0,0.0,min_max,0.0,14400.0,142485.0,14400.0,10,1,1,1,14400.0,14400.0,14400.0,0.0
1484,SDC-1450,item:773474,1837499.0576,3200000.0,3200000.0,0.0,unmodeled,198602684.563758,none,,0.0,0.0,fixed,3200000.0,0.0,0.0,0.0,10,1,1,1,3200000.0,3200000.0,3200000.0,0.0
1485,M-1810,item:268091,10955.501343,14400.0,14400.0,203550.0,finite,382698.0,none,,0.0,0.0,min_max,0.0,14400.0,142485.0,14400.0,10,2,1,1,14400.0,14400.0,14400.0,0.0
1486,M-1810,item:268091,10764.87986,14400.0,14400.0,203550.0,finite,368298.0,none,,0.0,0.0,min_max,0.0,14400.0,142485.0,14400.0,10,3,1,1,14400.0,14400.0,14400.0,0.0
1488,M-1810,item:268091,8268.342857,14400.0,14400.0,203550.0,finite,403898.0,none,,0.0,0.0,min_max,0.0,14400.0,142485.0,14400.0,10,4,1,1,14400.0,14400.0,14400.0,0.0
1491,M-1810,item:268091,7962.906122,14400.0,14400.0,203550.0,finite,539498.0,none,,0.0,0.0,min_max,0.0,14400.0,142485.0,14400.0,10,1,1,1,14400.0,14400.0,14400.0,0.0
1492,M-1810,item:268091,9453.675102,14400.0,14400.0,203550.0,finite,550098.0,none,,0.0,0.0,min_max,0.0,14400.0,142485.0,14400.0,10,2,1,1,14400.0,14400.0,14400.0,0.0
1493,M-1810,item:268091,9650.016653,14400.0,14400.0,203550.0,finite,560698.0,none,,0.0,0.0,min_max,0.0,14400.0,142485.0,14400.0,10,3,1,1,14400.0,14400.0,14400.0,0.0
1495,M-1810,item:268091,7555.657143,14400.0,14400.0,203550.0,finite,571298.0,none,,0.0,0.0,min_max,0.0,14400.0,142485.0,14400.0,10,4,1,1,14400.0,14400.0,14400.0,0.0
1498,M-1810,item:268091,6738.187755,14400.0,14400.0,203550.0,finite,606898.0,none,,0.0,0.0,min_max,0.0,14400.0,142485.0,14400.0,10,1,1,1,14400.0,14400.0,14400.0,0.0
1499,M-1810,item:268091,7813.33551,14400.0,14400.0,203550.0,finite,592498.0,none,,0.0,0.0,min_max,0.0,14400.0,142485.0,14400.0,10,2,1,1,14400.0,14400.0,14400.0,0.0
1500,M-1810,item:268091,7755.875265,14400.0,14400.0,203550.0,finite,603098.0,none,,0.0,0.0,min_max,0.0,14400.0,142485.0,14400.0,10,3,1,1,14400.0,14400.0,14400.0,0.0
1501,M-1810,item:268091,7471.89342,14400.0,14400.0,203550.0,finite,588698.0,none,,0.0,0.0,min_max,0.0,14400.0,142485.0,14400.0,10,4,1,1,14400.0,14400.0,14400.0,0.0
1502,M-1430,item:268967,5481.714286,107800.0,107800.0,154000.0,finite,1689587.226144,none,,0.0,0.0,fixed,107800.0,107800.0,107800.0,0.0,10,1,1,1,107800.0,107800.0,107800.0,0.0
1502,M-1810,item:268091,7142.607255,14400.0,14400.0,203550.0,finite,599298.0,none,,0.0,0.0,min_max,0.0,14400.0,142485.0,14400.0,10,5,1,1,14400.0,14400.0,14400.0,0.0
1505,M-1810,item:268091,8110.530612,14400.0,14400.0,203550.0,finite,634898.0,none,,0.0,0.0,min_max,0.0,14400.0,142485.0,14400.0,10,1,1,1,14400.0,14400.0,14400.0,0.0
1506,M-1810,item:268091,10553.404082,14400.0,14400.0,203550.0,finite,620498.0,none,,0.0,0.0,min_max,0.0,14400.0,142485.0,14400.0,10,2,1,1,14400.0,14400.0,14400.0,0.0
1507,M-1810,item:268091,11862.746122,14400.0,14400.0,203550.0,finite,631098.0,none,,0.0,0.0,min_max,0.0,14400.0,142485.0,14400.0,10,3,1,1,14400.0,14400.0,14400.0,0.0
1508,M-1810,item:268091,12945.381878,14400.0,14400.0,203550.0,finite,641698.0,none,,0.0,0.0,min_max,0.0,14400.0,142485.0,14400.0,10,4,1,1,14400.0,14400.0,14400.0,0.0
1509,M-1810,item:268091,13982.676376,14400.0,14400.0,203550.0,finite,677298.0,none,,0.0,0.0,min_max,0.0,14400.0,142485.0,14400.0,10,5,1,1,14400.0,14400.0,14400.0,0.0
1510,M-1810,item:268091,14116.012826,14400.0,14400.0,203550.0,finite,687898.0,none,,0.0,0.0,min_max,0.0,14400.0,142485.0,14400.0,10,6,1,1,14400.0,14400.0,14400.0,0.0
1511,M-1810,item:268091,14068.557667,14400.0,14400.0,203550.0,finite,698498.0,none,,0.0,0.0,min_max,0.0,14400.0,142485.0,14400.0,10,7,1,1,14400.0,14400.0,14400.0,0.0
1512,M-1810,item:268091,13984.944186,14400.0,14400.0,203550.0,finite,709098.0,none,,0.0,0.0,min_max,0.0,14400.0,142485.0,14400.0,10,1,1,1,14400.0,14400.0,14400.0,0.0
1513,M-1810,item:268091,13894.099041,14400.0,14400.0,203550.0,finite,769698.0,none,,0.0,0.0,min_max,0.0,14400.0,142485.0,14400.0,10,2,1,1,14400.0,14400.0,14400.0,0.0
1514,M-1810,item:268091,13801.807563,14400.0,14400.0,203550.0,finite,755298.0,none,,0.0,0.0,min_max,0.0,14400.0,142485.0,14400.0,10,3,1,1,14400.0,14400.0,14400.0,0.0
1515,M-1810,item:268091,13709.226818,14400.0,14400.0,203550.0,finite,815898.0,none,,0.0,0.0,min_max,0.0,14400.0,142485.0,14400.0,10,4,1,1,14400.0,14400.0,14400.0,0.0
1516,M-1810,item:268091,13616.58822,14400.0,14400.0,203550.0,finite,826498.0,none,,0.0,0.0,min_max,0.0,14400.0,142485.0,14400.0,10,5,1,1,14400.0,14400.0,14400.0,0.0
1517,M-1810,item:268091,13338.925807,14400.0,14400.0,203550.0,finite,862098.0,none,,0.0,0.0,min_max,0.0,14400.0,142485.0,14400.0,10,6,1,1,14400.0,14400.0,14400.0,0.0
1518,M-1430,item:268967,4668.065306,107800.0,107800.0,154000.0,finite,1581787.226144,none,,0.0,0.0,fixed,107800.0,107800.0,107800.0,0.0,10,1,1,1,107800.0,107800.0,107800.0,0.0
1518,M-1810,item:268091,13024.258631,14400.0,14400.0,203550.0,finite,872698.0,none,,0.0,0.0,min_max,0.0,14400.0,142485.0,14400.0,10,7,1,1,14400.0,14400.0,14400.0,0.0
1519,M-1810,item:268091,12702.190501,14400.0,14400.0,203550.0,finite,858298.0,none,,0.0,0.0,min_max,0.0,14400.0,142485.0,14400.0,10,1,1,1,14400.0,14400.0,14400.0,0.0
1520,M-1810,item:268091,12378.642182,14400.0,14400.0,203550.0,finite,918898.0,none,,0.0,0.0,min_max,0.0,14400.0,142485.0,14400.0,10,2,1,1,14400.0,14400.0,14400.0,0.0
1521,M-1810,item:268091,12054.797824,14400.0,14400.0,203550.0,finite,929498.0,none,,0.0,0.0,min_max,0.0,14400.0,142485.0,14400.0,10,3,1,1,14400.0,14400.0,14400.0,0.0
1522,M-1810,item:268091,11730.894259,14400.0,14400.0,203550.0,finite,990098.0,none,,0.0,0.0,min_max,0.0,14400.0,142485.0,14400.0,10,4,1,1,14400.0,14400.0,14400.0,0.0
1523,M-1810,item:268091,11406.978852,14400.0,14400.0,203550.0,finite,1000698.0,none,,0.0,0.0,min_max,0.0,14400.0,142485.0,14400.0,10,5,1,1,14400.0,14400.0,14400.0,0.0
1525,M-1810,item:268091,8656.489796,14400.0,14400.0,203550.0,finite,1061298.0,none,,0.0,0.0,min_max,0.0,14400.0,142485.0,14400.0,10,6,1,1,14400.0,14400.0,14400.0,0.0
1527,M-1810,item:268091,8252.179592,14400.0,14400.0,203550.0,finite,1096898.0,none,,0.0,0.0,min_max,0.0,14400.0,142485.0,14400.0,10,1,1,1,14400.0,14400.0,14400.0,0.0
1530,M-1810,item:268091,7645.714286,14400.0,14400.0,203550.0,finite,1307498.0,none,,0.0,0.0,min_max,0.0,14400.0,142485.0,14400.0,10,2,1,1,14400.0,14400.0,14400.0,0.0
1531,M-1810,item:268091,9406.82449,14400.0,14400.0,203550.0,finite,1393098.0,none,,0.0,0.0,min_max,0.0,14400.0,142485.0,14400.0,10,3,1,1,14400.0,14400.0,14400.0,0.0
1532,M-1810,item:268091,9991.013877,14400.0,14400.0,203550.0,finite,1478698.0,none,,0.0,0.0,min_max,0.0,14400.0,142485.0,14400.0,10,4,1,1,14400.0,14400.0,14400.0,0.0
1533,M-1810,item:268091,10339.819102,14400.0,14400.0,203550.0,finite,1539298.0,none,,0.0,0.0,min_max,0.0,14400.0,142485.0,14400.0,10,1,1,1,14400.0,14400.0,14400.0,0.0
1534,M-1810,item:268091,10641.547494,14400.0,14400.0,203550.0,finite,1549898.0,none,,0.0,0.0,min_max,0.0,14400.0,142485.0,14400.0,10,2,1,1,14400.0,14400.0,14400.0,0.0
1535,M-1810,item:268091,10933.860519,14400.0,14400.0,203550.0,finite,1585498.0,none,,0.0,0.0,min_max,0.0,14400.0,142485.0,14400.0,10,3,1,1,14400.0,14400.0,14400.0,0.0
1536,M-1810,item:268091,11224.290471,14400.0,14400.0,203550.0,finite,1621098.0,none,,0.0,0.0,min_max,0.0,14400.0,142485.0,14400.0,10,4,1,1,14400.0,14400.0,14400.0,0.0
1537,M-1810,item:268091,11514.343809,14400.0,14400.0,203550.0,finite,1731698.0,none,,0.0,0.0,min_max,0.0,14400.0,142485.0,14400.0,10,5,1,1,14400.0,14400.0,14400.0,0.0
1538,M-1810,item:268091,11654.183048,14400.0,14400.0,203550.0,finite,1717298.0,none,,0.0,0.0,min_max,0.0,14400.0,142485.0,14400.0,10,6,1,1,14400.0,14400.0,14400.0,0.0
1539,M-1810,item:268091,11763.979467,14400.0,14400.0,203550.0,finite,1752898.0,none,,0.0,0.0,min_max,0.0,14400.0,142485.0,14400.0,10,7,1,1,14400.0,14400.0,14400.0,0.0
1541,M-1810,item:268091,9596.8,14400.0,14400.0,203550.0,finite,1988498.0,none,,0.0,0.0,min_max,0.0,14400.0,142485.0,14400.0,10,1,1,1,14400.0,14400.0,14400.0,0.0
1542,M-1810,item:268091,11597.988572,14400.0,14400.0,203550.0,finite,2039236.453202,none,,0.0,0.0,min_max,0.0,14400.0,142485.0,14400.0,10,2,1,1,14400.0,14400.0,14400.0,0.0
1543,M-1810,item:268091,12080.054857,14400.0,14400.0,203550.0,finite,2024836.453202,none,,0.0,0.0,min_max,0.0,14400.0,142485.0,14400.0,10,3,1,1,14400.0,14400.0,14400.0,0.0
1544,M-1810,item:268091,12258.296686,14400.0,14400.0,203550.0,finite,2010436.453202,none,,0.0,0.0,min_max,0.0,14400.0,142485.0,14400.0,10,4,1,1,14400.0,14400.0,14400.0,0.0
1545,M-1430,item:268967,3640.179592,107800.0,107800.0,154000.0,finite,1473987.226144,none,,0.0,0.0,fixed,107800.0,107800.0,107800.0,0.0,10,1,1,1,107800.0,107800.0,107800.0,0.0
1545,M-1810,item:268091,11904.671582,14400.0,14400.0,203550.0,finite,1996036.453202,none,,0.0,0.0,min_max,0.0,14400.0,142485.0,14400.0,10,5,1,1,14400.0,14400.0,14400.0,0.0
1546,M-1810,item:268091,11444.673092,14400.0,14400.0,203550.0,finite,1981636.453202,none,,0.0,0.0,min_max,0.0,14400.0,142485.0,14400.0,10,6,1,1,14400.0,14400.0,14400.0,0.0
1553,M-1810,item:268091,6626.922449,14400.0,14400.0,203550.0,finite,1967236.453202,none,,0.0,0.0,min_max,0.0,14400.0,142485.0,14400.0,10,1,1,1,14400.0,14400.0,14400.0,0.0
1555,M-1810,item:268091,6136.473469,14400.0,14400.0,203550.0,finite,1952836.453202,none,,0.0,0.0,min_max,0.0,14400.0,142485.0,14400.0,10,1,1,1,14400.0,14400.0,14400.0,0.0
1556,M-1810,item:268091,7118.543674,14400.0,14400.0,203550.0,finite,1938436.453202,none,,0.0,0.0,min_max,0.0,14400.0,142485.0,14400.0,10,2,1,1,14400.0,14400.0,14400.0,0.0
1557,M-1810,item:268091,7069.733225,14400.0,14400.0,203550.0,finite,1924036.453202,none,,0.0,0.0,min_max,0.0,14400.0,142485.0,14400.0,10,3,1,1,14400.0,14400.0,14400.0,0.0
1558,M-1810,item:268091,6814.746645,14400.0,14400.0,203550.0,finite,1909636.453202,none,,0.0,0.0,min_max,0.0,14400.0,142485.0,14400.0,10,4,1,1,14400.0,14400.0,14400.0,0.0
1559,M-1810,item:268091,7481.479941,14400.0,14400.0,203550.0,finite,1895236.453202,none,,0.0,0.0,min_max,0.0,14400.0,142485.0,14400.0,10,5,1,1,14400.0,14400.0,14400.0,0.0
1562,M-1810,item:268091,8271.722449,14400.0,14400.0,203550.0,finite,1880836.453202,none,,0.0,0.0,min_max,0.0,14400.0,142485.0,14400.0,10,1,1,1,14400.0,14400.0,14400.0,0.0
1563,M-1810,item:268091,10643.797551,14400.0,14400.0,203550.0,finite,1866436.453202,none,,0.0,0.0,min_max,0.0,14400.0,142485.0,14400.0,10,2,1,1,14400.0,14400.0,14400.0,0.0
1564,M-1810,item:268091,11835.943184,14400.0,14400.0,203550.0,finite,1852036.453202,none,,0.0,0.0,min_max,0.0,14400.0,142485.0,14400.0,10,3,1,1,14400.0,14400.0,14400.0,0.0
1565,M-1810,item:268091,12792.102922,14400.0,14400.0,203550.0,finite,1837636.453202,none,,0.0,0.0,min_max,0.0,14400.0,142485.0,14400.0,10,4,1,1,14400.0,14400.0,14400.0,0.0
1566,M-1810,item:268091,12503.596095,14400.0,14400.0,203550.0,finite,1823236.453202,none,,0.0,0.0,min_max,0.0,14400.0,142485.0,14400.0,10,5,1,1,14400.0,14400.0,14400.0,0.0
1567,M-1810,item:268091,11966.155953,14400.0,14400.0,203550.0,finite,1808836.453202,none,,0.0,0.0,min_max,0.0,14400.0,142485.0,14400.0,10,6,1,1,14400.0,14400.0,14400.0,0.0
1568,M-1810,item:268091,11378.92915,14400.0,14400.0,203550.0,finite,1794436.453202,none,,0.0,0.0,min_max,0.0,14400.0,142485.0,14400.0,10,1,1,1,14400.0,14400.0,14400.0,0.0
1569,M-1810,item:268091,10781.745013,14400.0,14400.0,203550.0,finite,1780036.453202,none,,0.0,0.0,min_max,0.0,14400.0,142485.0,14400.0,10,2,1,1,14400.0,14400.0,14400.0,0.0
1570,M-1810,item:268091,10182.569411,14400.0,14400.0,203550.0,finite,1765636.453202,none,,0.0,0.0,min_max,0.0,14400.0,142485.0,14400.0,10,3,1,1,14400.0,14400.0,14400.0,0.0
1585,M-1810,item:268091,3555.004082,14400.0,14400.0,203550.0,finite,1751236.453202,none,,0.0,0.0,min_max,0.0,14400.0,142485.0,14400.0,10,1,1,1,14400.0,14400.0,14400.0,0.0
1586,M-1810,item:268091,4289.05796,14400.0,14400.0,203550.0,finite,1736836.453202,none,,0.0,0.0,min_max,0.0,14400.0,142485.0,14400.0,10,2,1,1,14400.0,14400.0,14400.0,0.0
1587,M-1810,item:268091,5102.644245,14400.0,14400.0,203550.0,finite,1722436.453202,none,,0.0,0.0,min_max,0.0,14400.0,142485.0,14400.0,10,3,1,1,14400.0,14400.0,14400.0,0.0
1589,M-1810,item:268091,5578.383674,14400.0,14400.0,203550.0,finite,1708036.453202,none,,0.0,0.0,min_max,0.0,14400.0,142485.0,14400.0,10,1,1,1,14400.0,14400.0,14400.0,0.0
1590,M-1810,item:268091,7360.835919,14400.0,14400.0,203550.0,finite,1693636.453202,none,,0.0,0.0,min_max,0.0,14400.0,142485.0,14400.0,10,2,1,1,14400.0,14400.0,14400.0,0.0
1591,M-1810,item:268091,8384.101878,14400.0,14400.0,203550.0,finite,1679236.453202,none,,0.0,0.0,min_max,0.0,14400.0,142485.0,14400.0,10,3,1,1,14400.0,14400.0,14400.0,0.0
1592,M-1810,item:268091,9255.53058,14400.0,14400.0,203550.0,finite,1664836.453202,none,,0.0,0.0,min_max,0.0,14400.0,142485.0,14400.0,10,4,1,1,14400.0,14400.0,14400.0,0.0
1593,M-1810,item:268091,10096.59183,14400.0,14400.0,203550.0,finite,1650436.453202,none,,0.0,0.0,min_max,0.0,14400.0,142485.0,14400.0,10,5,1,1,14400.0,14400.0,14400.0,0.0
1594,M-1810,item:268091,10267.073468,14400.0,14400.0,203550.0,finite,1636036.453202,none,,0.0,0.0,min_max,0.0,14400.0,142485.0,14400.0,10,6,1,1,14400.0,14400.0,14400.0,0.0
1595,M-1810,item:268091,10303.439184,14400.0,14400.0,203550.0,finite,1621636.453202,none,,0.0,0.0,min_max,0.0,14400.0,142485.0,14400.0,10,7,1,1,14400.0,14400.0,14400.0,0.0
1596,M-1810,item:268091,10312.981714,14400.0,14400.0,203550.0,finite,1607236.453202,none,,0.0,0.0,min_max,0.0,14400.0,142485.0,14400.0,10,1,1,1,14400.0,14400.0,14400.0,0.0
1598,M-1810,item:268091,8256.832653,14400.0,14400.0,203550.0,finite,1592836.453202,none,,0.0,0.0,min_max,0.0,14400.0,142485.0,14400.0,10,2,1,1,14400.0,14400.0,14400.0,0.0
1599,M-1810,item:268091,9910.468572,14400.0,14400.0,203550.0,finite,1578436.453202,none,,0.0,0.0,min_max,0.0,14400.0,142485.0,14400.0,10,3,1,1,14400.0,14400.0,14400.0,0.0
1600,M-1810,item:268091,10243.465143,14400.0,14400.0,203550.0,finite,1564036.453202,none,,0.0,0.0,min_max,0.0,14400.0,142485.0,14400.0,10,4,1,1,14400.0,14400.0,14400.0,0.0
1601,M-1810,item:268091,10399.925682,14400.0,14400.0,203550.0,finite,1549636.453202,none,,0.0,0.0,min_max,0.0,14400.0,142485.0,14400.0,10,5,1,1,14400.0,14400.0,14400.0,0.0
1603,M-1810,item:268091,8530.955102,14400.0,14400.0,203550.0,finite,1535236.453202,none,,0.0,0.0,min_max,0.0,14400.0,142485.0,14400.0,10,1,1,1,14400.0,14400.0,14400.0,0.0
1604,M-1810,item:268091,10327.007347,14400.0,14400.0,203550.0,finite,1520836.453202,none,,0.0,0.0,min_max,0.0,14400.0,142485.0,14400.0,10,2,1,1,14400.0,14400.0,14400.0,0.0
1605,M-1810,item:268091,10776.07902,14400.0,14400.0,203550.0,finite,1506436.453202,none,,0.0,0.0,min_max,0.0,14400.0,142485.0,14400.0,10,3,1,1,14400.0,14400.0,14400.0,0.0
1606,M-1810,item:268091,10955.75458,14400.0,14400.0,203550.0,finite,1492036.453202,none,,0.0,0.0,min_max,0.0,14400.0,142485.0,14400.0,10,4,1,1,14400.0,14400.0,14400.0,0.0
1607,M-1810,item:268091,11081.550916,14400.0,14400.0,203550.0,finite,1477636.453202,none,,0.0,0.0,min_max,0.0,14400.0,142485.0,14400.0,10,5,1,1,14400.0,14400.0,14400.0,0.0
1608,M-1810,item:268091,10892.930591,14400.0,14400.0,203550.0,finite,1463236.453202,none,,0.0,0.0,min_max,0.0,14400.0,142485.0,14400.0,10,6,1,1,14400.0,14400.0,14400.0,0.0
1609,M-1810,item:268091,10641.426934,14400.0,14400.0,203550.0,finite,1448836.453202,none,,0.0,0.0,min_max,0.0,14400.0,142485.0,14400.0,10,7,1,1,14400.0,14400.0,14400.0,0.0
1611,M-1810,item:268091,8035.281632,14400.0,14400.0,203550.0,finite,1434436.453202,none,,0.0,0.0,min_max,0.0,14400.0,142485.0,14400.0,10,1,1,1,14400.0,14400.0,14400.0,0.0
1615,M-1810,item:268091,7132.734694,14400.0,14400.0,203550.0,finite,1420036.453202,none,,0.0,0.0,min_max,0.0,14400.0,142485.0,14400.0,10,2,1,1,14400.0,14400.0,14400.0,0.0
1617,M-1810,item:268091,6610.318367,14400.0,14400.0,203550.0,finite,1890773.865699,none,,0.0,0.0,min_max,0.0,14400.0,142485.0,14400.0,10,1,1,1,14400.0,14400.0,14400.0,0.0
1618,M-1430,item:268967,1253.55102,107800.0,107800.0,154000.0,finite,1366187.226144,none,,0.0,0.0,fixed,107800.0,107800.0,107800.0,0.0,10,1,1,1,107800.0,107800.0,107800.0,0.0
1619,SDC-1450,item:773474,2030121.8576,3200000.0,3200000.0,0.0,unmodeled,195402684.563758,none,,0.0,0.0,fixed,3200000.0,0.0,0.0,0.0,10,1,1,1,3200000.0,3200000.0,3200000.0,0.0
1620,M-1810,item:268091,5826.693878,14400.0,14400.0,203550.0,finite,1876373.865699,none,,0.0,0.0,min_max,0.0,14400.0,142485.0,14400.0,10,2,1,1,14400.0,14400.0,14400.0,0.0
1621,M-1430,item:268967,2193.714286,107800.0,107800.0,154000.0,finite,1258387.226144,none,,0.0,0.0,fixed,107800.0,107800.0,107800.0,0.0,10,2,1,1,107800.0,107800.0,107800.0,0.0
1621,M-1810,item:268091,6730.82449,14400.0,14400.0,203550.0,finite,1861973.865699,none,,0.0,0.0,min_max,0.0,14400.0,142485.0,14400.0,10,3,1,1,14400.0,14400.0,14400.0,0.0
1622,M-1810,item:268091,7360.026123,14400.0,14400.0,203550.0,finite,1847573.865699,none,,0.0,0.0,min_max,0.0,14400.0,142485.0,14400.0,10,4,1,1,14400.0,14400.0,14400.0,0.0
1623,M-1430,item:268967,6980.914286,107800.0,107800.0,154000.0,finite,1150587.226144,none,,0.0,0.0,fixed,107800.0,107800.0,107800.0,0.0,10,3,1,1,107800.0,107800.0,107800.0,0.0
1624,M-1810,item:268091,6910.612245,14400.0,14400.0,203550.0,finite,1833173.865699,none,,0.0,0.0,min_max,0.0,14400.0,142485.0,14400.0,10,1,1,1,14400.0,14400.0,14400.0,0.0
1626,M-1810,item:268091,7807.363265,14400.0,14400.0,203550.0,finite,1818773.865699,none,,0.0,0.0,min_max,0.0,14400.0,142485.0,14400.0,10,2,1,1,14400.0,14400.0,14400.0,0.0
1627,M-1810,item:268091,9817.211428,14400.0,14400.0,203550.0,finite,1804373.865699,none,,0.0,0.0,min_max,0.0,14400.0,142485.0,14400.0,10,3,1,1,14400.0,14400.0,14400.0,0.0
1628,M-1810,item:268091,10667.556571,14400.0,14400.0,203550.0,finite,1789973.865699,none,,0.0,0.0,min_max,0.0,14400.0,142485.0,14400.0,10,4,1,1,14400.0,14400.0,14400.0,0.0
1629,M-1430,item:268967,16358.073469,107800.0,107800.0,154000.0,finite,1042787.226144,none,,0.0,0.0,fixed,107800.0,107800.0,107800.0,0.0,10,1,1,1,107800.0,107800.0,107800.0,0.0
1629,M-1810,item:268091,11127.029681,14400.0,14400.0,203550.0,finite,1775573.865699,none,,0.0,0.0,min_max,0.0,14400.0,142485.0,14400.0,10,5,1,1,14400.0,14400.0,14400.0,0.0
1630,M-1430,item:268967,17038.847347,107800.0,107800.0,154000.0,finite,934987.226144,none,,0.0,0.0,fixed,107800.0,107800.0,107800.0,0.0,10,2,1,1,107800.0,107800.0,107800.0,0.0
1630,M-1810,item:268091,11508.328385,14400.0,14400.0,203550.0,finite,1761173.865699,none,,0.0,0.0,min_max,0.0,14400.0,142485.0,14400.0,10,6,1,1,14400.0,14400.0,14400.0,0.0
1630,SDC-1450,item:773474,2014589.0576,3200000.0,3200000.0,0.0,unmodeled,192202684.563758,none,,0.0,0.0,fixed,3200000.0,0.0,0.0,0.0,10,1,1,1,3200000.0,3200000.0,3200000.0,0.0
1631,M-1810,item:268091,11873.992207,14400.0,14400.0,203550.0,finite,1746773.865699,none,,0.0,0.0,min_max,0.0,14400.0,142485.0,14400.0,10,1,1,1,14400.0,14400.0,14400.0,0.0
1632,M-1810,item:268091,12236.529053,14400.0,14400.0,203550.0,finite,1732373.865699,none,,0.0,0.0,min_max,0.0,14400.0,142485.0,14400.0,10,2,1,1,14400.0,14400.0,14400.0,0.0
1633,M-1810,item:268091,12598.440504,14400.0,14400.0,203550.0,finite,1717973.865699,none,,0.0,0.0,min_max,0.0,14400.0,142485.0,14400.0,10,3,1,1,14400.0,14400.0,14400.0,0.0
1634,M-1810,item:268091,12960.226876,14400.0,14400.0,203550.0,finite,1703573.865699,none,,0.0,0.0,min_max,0.0,14400.0,142485.0,14400.0,10,4,1,1,14400.0,14400.0,14400.0,0.0
1635,M-1810,item:268091,13321.988232,14400.0,14400.0,203550.0,finite,1689173.865699,none,,0.0,0.0,min_max,0.0,14400.0,142485.0,14400.0,10,5,1,1,14400.0,14400.0,14400.0,0.0
1636,M-1810,item:268091,12874.471116,14400.0,14400.0,203550.0,finite,1674773.865699,none,,0.0,0.0,min_max,0.0,14400.0,142485.0,14400.0,10,6,1,1,14400.0,14400.0,14400.0,0.0
1637,M-1810,item:268091,12265.098305,14400.0,14400.0,203550.0,finite,1660373.865699,none,,0.0,0.0,min_max,0.0,14400.0,142485.0,14400.0,10,7,1,1,14400.0,14400.0,14400.0,0.0
1638,M-1810,item:268091,11623.354355,14400.0,14400.0,203550.0,finite,1645973.865699,none,,0.0,0.0,min_max,0.0,14400.0,142485.0,14400.0,10,1,1,1,14400.0,14400.0,14400.0,0.0
1639,M-1810,item:268091,10975.136177,14400.0,14400.0,203550.0,finite,1631573.865699,none,,0.0,0.0,min_max,0.0,14400.0,142485.0,14400.0,10,2,1,1,14400.0,14400.0,14400.0,0.0
1640,M-1810,item:268091,10325.623154,14400.0,14400.0,203550.0,finite,1617173.865699,none,,0.0,0.0,min_max,0.0,14400.0,142485.0,14400.0,10,3,1,1,14400.0,14400.0,14400.0,0.0
1641,M-1810,item:268091,9675.851162,14400.0,14400.0,203550.0,finite,1602773.865699,none,,0.0,0.0,min_max,0.0,14400.0,142485.0,14400.0,10,4,1,1,14400.0,14400.0,14400.0,0.0
1647,M-1810,item:268091,8045.22449,14400.0,14400.0,203550.0,finite,1588373.865699,none,,0.0,0.0,min_max,0.0,14400.0,142485.0,14400.0,10,1,1,1,14400.0,14400.0,14400.0,0.0
1648,M-1810,item:268091,9845.142857,14400.0,14400.0,203550.0,finite,1573973.865699,none,,0.0,0.0,min_max,0.0,14400.0,142485.0,14400.0,10,2,1,1,14400.0,14400.0,14400.0,0.0
1649,M-1810,item:268091,10396.0,14400.0,14400.0,203550.0,finite,1559573.865699,none,,0.0,0.0,min_max,0.0,14400.0,142485.0,14400.0,10,3,1,1,14400.0,14400.0,14400.0,0.0
1650,M-1810,item:268091,10125.551021,14400.0,14400.0,203550.0,finite,1545173.865699,none,,0.0,0.0,min_max,0.0,14400.0,142485.0,14400.0,10,4,1,1,14400.0,14400.0,14400.0,0.0
1651,M-1810,item:268091,9690.840816,14400.0,14400.0,203550.0,finite,1530773.865699,none,,0.0,0.0,min_max,0.0,14400.0,142485.0,14400.0,10,5,1,1,14400.0,14400.0,14400.0,0.0
1652,M-1810,item:268091,9223.278367,14400.0,14400.0,203550.0,finite,1516373.865699,none,,0.0,0.0,min_max,0.0,14400.0,142485.0,14400.0,10,1,1,1,14400.0,14400.0,14400.0,0.0
1653,M-1810,item:268091,8749.145469,14400.0,14400.0,203550.0,finite,1501973.865699,none,,0.0,0.0,min_max,0.0,14400.0,142485.0,14400.0,10,2,1,1,14400.0,14400.0,14400.0,0.0
1657,M-1810,item:268091,6526.514285,14400.0,14400.0,203550.0,finite,1487573.865699,none,,0.0,0.0,min_max,0.0,14400.0,142485.0,14400.0,10,3,1,1,14400.0,14400.0,14400.0,0.0
1658,M-1810,item:268091,8595.702857,14400.0,14400.0,203550.0,finite,1473173.865699,none,,0.0,0.0,min_max,0.0,14400.0,142485.0,14400.0,10,4,1,1,14400.0,14400.0,14400.0,0.0
1659,M-1810,item:268091,9773.426285,14400.0,14400.0,203550.0,finite,1458773.865699,none,,0.0,0.0,min_max,0.0,14400.0,142485.0,14400.0,10,1,1,1,14400.0,14400.0,14400.0,0.0
1661,M-1810,item:268091,9582.057143,14400.0,14400.0,203550.0,finite,1444373.865699,none,,0.0,0.0,min_max,0.0,14400.0,142485.0,14400.0,10,2,1,1,14400.0,14400.0,14400.0,0.0
1662,M-1810,item:268091,12262.354285,14400.0,14400.0,203550.0,finite,1429973.865699,none,,0.0,0.0,min_max,0.0,14400.0,142485.0,14400.0,10,3,1,1,14400.0,14400.0,14400.0,0.0
1663,M-1810,item:268091,13562.299428,14400.0,14400.0,203550.0,finite,1415573.865699,none,,0.0,0.0,min_max,0.0,14400.0,142485.0,14400.0,10,4,1,1,14400.0,14400.0,14400.0,0.0
1664,M-1810,item:268091,13113.749681,14400.0,14400.0,203550.0,finite,1401173.865699,none,,0.0,0.0,min_max,0.0,14400.0,142485.0,14400.0,10,5,1,1,14400.0,14400.0,14400.0,0.0
1665,M-1810,item:268091,12315.500957,14400.0,14400.0,203550.0,finite,1386773.865699,none,,0.0,0.0,min_max,0.0,14400.0,142485.0,14400.0,10,6,1,1,14400.0,14400.0,14400.0,0.0
1666,M-1810,item:268091,11447.312436,14400.0,14400.0,203550.0,finite,1372373.865699,none,,0.0,0.0,min_max,0.0,14400.0,142485.0,14400.0,10,1,1,1,14400.0,14400.0,14400.0,0.0
1667,M-1810,item:268091,10565.135957,14400.0,14400.0,203550.0,finite,1357973.865699,none,,0.0,0.0,min_max,0.0,14400.0,142485.0,14400.0,10,2,1,1,14400.0,14400.0,14400.0,0.0
1668,M-1810,item:268091,9680.161885,14400.0,14400.0,203550.0,finite,1343573.865699,none,,0.0,0.0,min_max,0.0,14400.0,142485.0,14400.0,10,3,1,1,14400.0,14400.0,14400.0,0.0
1686,M-1810,item:268091,4139.608163,14400.0,14400.0,203550.0,finite,1329173.865699,none,,0.0,0.0,min_max,0.0,14400.0,142485.0,14400.0,10,1,1,1,14400.0,14400.0,14400.0,0.0
1687,M-1810,item:268091,4989.39102,14400.0,14400.0,203550.0,finite,1314773.865699,none,,0.0,0.0,min_max,0.0,14400.0,142485.0,14400.0,10,1,1,1,14400.0,14400.0,14400.0,0.0
1689,M-1810,item:268091,4205.191837,14400.0,14400.0,203550.0,finite,1300373.865699,none,,0.0,0.0,min_max,0.0,14400.0,142485.0,14400.0,10,2,1,1,14400.0,14400.0,14400.0,0.0
1690,M-1810,item:268091,5068.091428,14400.0,14400.0,203550.0,finite,1285973.865699,none,,0.0,0.0,min_max,0.0,14400.0,142485.0,14400.0,10,3,1,1,14400.0,14400.0,14400.0,0.0
1691,M-1810,item:268091,5262.532571,14400.0,14400.0,203550.0,finite,1271573.865699,none,,0.0,0.0,min_max,0.0,14400.0,142485.0,14400.0,10,4,1,1,14400.0,14400.0,14400.0,0.0
1692,M-1810,item:268091,5983.216718,14400.0,14400.0,203550.0,finite,1257173.865699,none,,0.0,0.0,min_max,0.0,14400.0,142485.0,14400.0,10,5,1,1,14400.0,14400.0,14400.0,0.0
1693,M-1810,item:268091,6809.149466,14400.0,14400.0,203550.0,finite,1242773.865699,none,,0.0,0.0,min_max,0.0,14400.0,142485.0,14400.0,10,6,1,1,14400.0,14400.0,14400.0,0.0
1694,M-1810,item:268091,7656.131934,14400.0,14400.0,203550.0,finite,1228373.865699,none,,0.0,0.0,min_max,0.0,14400.0,142485.0,14400.0,10,1,1,1,14400.0,14400.0,14400.0,0.0
1695,M-1810,item:268091,8507.324346,14400.0,14400.0,203550.0,finite,1213973.865699,none,,0.0,0.0,min_max,0.0,14400.0,142485.0,14400.0,10,2,1,1,14400.0,14400.0,14400.0,0.0
1696,M-1810,item:268091,9359.358747,14400.0,14400.0,203550.0,finite,1199573.865699,none,,0.0,0.0,min_max,0.0,14400.0,142485.0,14400.0,10,3,1,1,14400.0,14400.0,14400.0,0.0
1697,M-1810,item:268091,10211.561545,14400.0,14400.0,203550.0,finite,1185173.865699,none,,0.0,0.0,min_max,0.0,14400.0,142485.0,14400.0,10,4,1,1,14400.0,14400.0,14400.0,0.0
1698,M-1810,item:268091,11063.798023,14400.0,14400.0,203550.0,finite,1170773.865699,none,,0.0,0.0,min_max,0.0,14400.0,142485.0,14400.0,10,5,1,1,14400.0,14400.0,14400.0,0.0
1699,M-1430,item:268967,7675.902041,107800.0,107800.0,154000.0,finite,3557400.078635,none,,0.0,0.0,fixed,107800.0,107800.0,107800.0,0.0,10,1,1,1,107800.0,107800.0,107800.0,0.0
1699,M-1810,item:268091,11033.918788,14400.0,14400.0,203550.0,finite,1156373.865699,none,,0.0,0.0,min_max,0.0,14400.0,142485.0,14400.0,10,6,1,1,14400.0,14400.0,14400.0,0.0
1700,M-1810,item:268091,10827.616411,14400.0,14400.0,203550.0,finite,1141973.865699,none,,0.0,0.0,min_max,0.0,14400.0,142485.0,14400.0,10,7,1,1,14400.0,14400.0,14400.0,0.0
1701,M-1810,item:268091,10586.029405,14400.0,14400.0,203550.0,finite,1127573.865699,none,,0.0,0.0,min_max,0.0,14400.0,142485.0,14400.0,10,1,1,1,14400.0,14400.0,14400.0,0.0
1702,M-1810,item:268091,10337.385473,14400.0,14400.0,203550.0,finite,1113173.865699,none,,0.0,0.0,min_max,0.0,14400.0,142485.0,14400.0,10,2,1,1,14400.0,14400.0,14400.0,0.0
1707,M-1810,item:268091,7520.032653,14400.0,14400.0,203550.0,finite,1098773.865699,none,,0.0,0.0,min_max,0.0,14400.0,142485.0,14400.0,10,3,1,1,14400.0,14400.0,14400.0,0.0
1708,M-1810,item:268091,8974.45551,14400.0,14400.0,203550.0,finite,1084373.865699,none,,0.0,0.0,min_max,0.0,14400.0,142485.0,14400.0,10,1,1,1,14400.0,14400.0,14400.0,0.0
1709,M-1810,item:268091,9215.756408,14400.0,14400.0,203550.0,finite,1069973.865699,none,,0.0,0.0,min_max,0.0,14400.0,142485.0,14400.0,10,2,1,1,14400.0,14400.0,14400.0,0.0
1710,M-1810,item:268091,9214.432914,14400.0,14400.0,203550.0,finite,1055573.865699,none,,0.0,0.0,min_max,0.0,14400.0,142485.0,14400.0,10,3,1,1,14400.0,14400.0,14400.0,0.0
1712,M-1810,item:268091,7272.114286,14400.0,14400.0,203550.0,finite,1041173.865699,none,,0.0,0.0,min_max,0.0,14400.0,142485.0,14400.0,10,4,1,1,14400.0,14400.0,14400.0,0.0
1713,M-1810,item:268091,8846.210612,14400.0,14400.0,203550.0,finite,1026773.865699,none,,0.0,0.0,min_max,0.0,14400.0,142485.0,14400.0,10,5,1,1,14400.0,14400.0,14400.0,0.0
1715,M-1810,item:268091,7631.134694,14400.0,14400.0,203550.0,finite,1012373.865699,none,,0.0,0.0,min_max,0.0,14400.0,142485.0,14400.0,10,1,1,1,14400.0,14400.0,14400.0,0.0
1717,M-1810,item:268091,7870.481632,14400.0,14400.0,203550.0,finite,997973.865699,none,,0.0,0.0,min_max,0.0,14400.0,142485.0,14400.0,10,2,1,1,14400.0,14400.0,14400.0,0.0
1718,M-1810,item:268091,9564.251428,14400.0,14400.0,203550.0,finite,983573.865699,none,,0.0,0.0,min_max,0.0,14400.0,142485.0,14400.0,10,3,1,1,14400.0,14400.0,14400.0,0.0
1719,M-1810,item:268091,10022.678857,14400.0,14400.0,203550.0,finite,1892972.413793,none,,0.0,0.0,min_max,0.0,14400.0,142485.0,14400.0,10,4,1,1,14400.0,14400.0,14400.0,0.0
1720,M-1810,item:268091,10464.519445,14400.0,14400.0,203550.0,finite,1909308.866995,none,,0.0,0.0,min_max,0.0,14400.0,142485.0,14400.0,10,5,1,1,14400.0,14400.0,14400.0,0.0
1721,M-1810,item:268091,10903.042664,14400.0,14400.0,203550.0,finite,1925645.320197,none,,0.0,0.0,min_max,0.0,14400.0,142485.0,14400.0,10,6,1,1,14400.0,14400.0,14400.0,0.0
1722,M-1810,item:268091,11340.90241,14400.0,14400.0,203550.0,finite,1945240.394088,none,,0.0,0.0,min_max,0.0,14400.0,142485.0,14400.0,10,1,1,1,14400.0,14400.0,14400.0,0.0
1723,M-1810,item:268091,11778.629461,14400.0,14400.0,203550.0,finite,1967266.502463,none,,0.0,0.0,min_max,0.0,14400.0,142485.0,14400.0,10,2,1,1,14400.0,14400.0,14400.0,0.0
1724,M-1810,item:268091,12216.329974,14400.0,14400.0,203550.0,finite,1991972.413793,none,,0.0,0.0,min_max,0.0,14400.0,142485.0,14400.0,10,3,1,1,14400.0,14400.0,14400.0,0.0
1725,M-1810,item:268091,12654.025178,14400.0,14400.0,203550.0,finite,2019358.128079,none,,0.0,0.0,min_max,0.0,14400.0,142485.0,14400.0,10,4,1,1,14400.0,14400.0,14400.0,0.0
1726,M-1810,item:268091,13091.719321,14400.0,14400.0,203550.0,finite,2049423.64532,none,,0.0,0.0,min_max,0.0,14400.0,142485.0,14400.0,10,5,1,1,14400.0,14400.0,14400.0,0.0
1727,M-1810,item:268091,12561.249987,14400.0,14400.0,203550.0,finite,2083511.330049,none,,0.0,0.0,min_max,0.0,14400.0,142485.0,14400.0,10,6,1,1,14400.0,14400.0,14400.0,0.0
1728,M-1810,item:268091,11837.147957,14400.0,14400.0,203550.0,finite,2119485.714286,none,,0.0,0.0,min_max,0.0,14400.0,142485.0,14400.0,10,7,1,1,14400.0,14400.0,14400.0,0.0
1729,M-1810,item:268091,11074.319387,14400.0,14400.0,203550.0,finite,2155460.098522,none,,0.0,0.0,min_max,0.0,14400.0,142485.0,14400.0,10,1,1,1,14400.0,14400.0,14400.0,0.0
1730,M-1810,item:268091,10303.74551,14400.0,14400.0,203550.0,finite,2193318.719212,none,,0.0,0.0,min_max,0.0,14400.0,142485.0,14400.0,10,2,1,1,14400.0,14400.0,14400.0,0.0
1731,M-1810,item:268091,9531.622572,14400.0,14400.0,203550.0,finite,2233778.325123,none,,0.0,0.0,min_max,0.0,14400.0,142485.0,14400.0,10,3,1,1,14400.0,14400.0,14400.0,0.0
1739,M-1810,item:268091,7223.167347,14400.0,14400.0,203550.0,finite,2752112.315271,none,,0.0,0.0,min_max,0.0,14400.0,142485.0,14400.0,10,1,1,1,14400.0,14400.0,14400.0,0.0
1740,M-1810,item:268091,8832.519184,14400.0,14400.0,203550.0,finite,2818993.103448,none,,0.0,0.0,min_max,0.0,14400.0,142485.0,14400.0,10,2,1,1,14400.0,14400.0,14400.0,0.0
1741,M-1810,item:268091,9275.499755,14400.0,14400.0,203550.0,finite,2889753.20197,none,,0.0,0.0,min_max,0.0,14400.0,142485.0,14400.0,10,3,1,1,14400.0,14400.0,14400.0,0.0
1742,M-1810,item:268091,9485.206074,14400.0,14400.0,203550.0,finite,2967136.453202,none,,0.0,0.0,min_max,0.0,14400.0,142485.0,14400.0,10,4,1,1,14400.0,14400.0,14400.0,0.0
1744,M-1430,item:268967,3461.665306,107800.0,107800.0,154000.0,finite,3557400.016448,none,,0.0,0.0,fixed,107800.0,107800.0,107800.0,0.0,10,1,1,1,107800.0,107800.0,107800.0,0.0
1744,M-1810,item:268091,7872.326531,14400.0,14400.0,203550.0,finite,3142630.541872,none,,0.0,0.0,min_max,0.0,14400.0,142485.0,14400.0,10,1,1,1,14400.0,14400.0,14400.0,0.0
1745,M-1810,item:268091,9567.902041,14400.0,14400.0,203550.0,finite,3225747.783251,none,,0.0,0.0,min_max,0.0,14400.0,142485.0,14400.0,10,2,1,1,14400.0,14400.0,14400.0,0.0
1745,SDC-1450,item:773474,1999056.2576,3200000.0,3200000.0,0.0,unmodeled,189002684.563758,none,,0.0,0.0,fixed,3200000.0,0.0,0.0,0.0,10,1,1,1,3200000.0,3200000.0,3200000.0,0.0
1746,M-1810,item:268091,10028.127347,14400.0,14400.0,203550.0,finite,3308862.561576,none,,0.0,0.0,min_max,0.0,14400.0,142485.0,14400.0,10,3,1,1,14400.0,14400.0,14400.0,0.0
1748,M-1810,item:268091,8367.053061,14400.0,14400.0,203550.0,finite,3499772.906404,none,,0.0,0.0,min_max,0.0,14400.0,142485.0,14400.0,10,4,1,1,14400.0,14400.0,14400.0,0.0
1749,M-1810,item:268091,10171.859592,14400.0,14400.0,203550.0,finite,3593759.605911,none,,0.0,0.0,min_max,0.0,14400.0,142485.0,14400.0,10,5,1,1,14400.0,14400.0,14400.0,0.0
1750,M-1810,item:268091,10664.216816,14400.0,14400.0,203550.0,finite,3691623.152709,none,,0.0,0.0,min_max,0.0,14400.0,142485.0,14400.0,10,1,1,1,14400.0,14400.0,14400.0,0.0
1751,M-1810,item:268091,10894.08418,14400.0,14400.0,203550.0,finite,3795220.689655,none,,0.0,0.0,min_max,0.0,14400.0,142485.0,14400.0,10,2,1,1,14400.0,14400.0,14400.0,0.0
1752,M-1810,item:268091,11071.453571,14400.0,14400.0,203550.0,finite,3901562.068965,none,,0.0,0.0,min_max,0.0,14400.0,142485.0,14400.0,10,3,1,1,14400.0,14400.0,14400.0,0.0
1753,M-1810,item:268091,11238.323367,14400.0,14400.0,203550.0,finite,4010474.876847,none,,0.0,0.0,min_max,0.0,14400.0,142485.0,14400.0,10,4,1,1,14400.0,14400.0,14400.0,0.0
1754,M-1810,item:268091,11403.093245,14400.0,14400.0,203550.0,finite,4119382.758621,none,,0.0,0.0,min_max,0.0,14400.0,142485.0,14400.0,10,5,1,1,14400.0,14400.0,14400.0,0.0
1755,M-1810,item:268091,10969.843139,14400.0,14400.0,203550.0,finite,4234150.246305,none,,0.0,0.0,min_max,0.0,14400.0,142485.0,14400.0,10,6,1,1,14400.0,14400.0,14400.0,0.0
1756,M-1810,item:268091,10416.989036,14400.0,14400.0,203550.0,finite,4323200.0,none,,0.0,0.0,min_max,0.0,14400.0,142485.0,14400.0,10,7,1,1,14400.0,14400.0,14400.0,0.0
1763,M-1810,item:268091,6527.036735,14400.0,14400.0,203550.0,finite,4308800.0,none,,0.0,0.0,min_max,0.0,14400.0,142485.0,14400.0,10,1,1,1,14400.0,14400.0,14400.0,0.0
1765,M-1430,item:268967,4831.314285,107800.0,107800.0,154000.0,finite,3557400.057837,none,,0.0,0.0,fixed,107800.0,107800.0,107800.0,0.0,10,1,1,1,107800.0,107800.0,107800.0,0.0
1765,M-1810,item:268091,7162.073469,14400.0,14400.0,203550.0,finite,4294400.0,none,,0.0,0.0,min_max,0.0,14400.0,142485.0,14400.0,10,1,1,1,14400.0,14400.0,14400.0,0.0
1767,M-1810,item:268091,7797.110204,14400.0,14400.0,203550.0,finite,4280000.0,none,,0.0,0.0,min_max,0.0,14400.0,142485.0,14400.0,10,2,1,1,14400.0,14400.0,14400.0,0.0
1768,M-1810,item:268091,9674.050612,14400.0,14400.0,203550.0,finite,4265600.0,none,,0.0,0.0,min_max,0.0,14400.0,142485.0,14400.0,10,3,1,1,14400.0,14400.0,14400.0,0.0
1769,M-1810,item:268091,9591.577469,14400.0,14400.0,203550.0,finite,4251200.0,none,,0.0,0.0,min_max,0.0,14400.0,142485.0,14400.0,10,4,1,1,14400.0,14400.0,14400.0,0.0
1770,M-1810,item:268091,9117.221616,14400.0,14400.0,203550.0,finite,4236800.0,none,,0.0,0.0,min_max,0.0,14400.0,142485.0,14400.0,10,5,1,1,14400.0,14400.0,14400.0,0.0
1771,M-1810,item:268091,8564.489221,14400.0,14400.0,203550.0,finite,4222400.0,none,,0.0,0.0,min_max,0.0,14400.0,142485.0,14400.0,10,1,1,1,14400.0,14400.0,14400.0,0.0
1772,M-1810,item:268091,7996.081518,14400.0,14400.0,203550.0,finite,4208000.0,none,,0.0,0.0,min_max,0.0,14400.0,142485.0,14400.0,10,2,1,1,14400.0,14400.0,14400.0,0.0
1773,M-1810,item:268091,7424.538752,14400.0,14400.0,203550.0,finite,4193600.0,none,,0.0,0.0,min_max,0.0,14400.0,142485.0,14400.0,10,3,1,1,14400.0,14400.0,14400.0,0.0
1774,M-1810,item:268091,6852.368975,14400.0,14400.0,203550.0,finite,4179200.0,none,,0.0,0.0,min_max,0.0,14400.0,142485.0,14400.0,10,4,1,1,14400.0,14400.0,14400.0,0.0
1776,M-1810,item:268091,5928.555102,14400.0,14400.0,203550.0,finite,4164800.0,none,,0.0,0.0,min_max,0.0,14400.0,142485.0,14400.0,10,5,1,1,14400.0,14400.0,14400.0,0.0
1778,M-1810,item:268091,7966.465306,14400.0,14400.0,203550.0,finite,4150400.0,none,,0.0,0.0,min_max,0.0,14400.0,142485.0,14400.0,10,1,1,1,14400.0,14400.0,14400.0,0.0
1779,M-1810,item:268091,10578.713469,14400.0,14400.0,203550.0,finite,4136000.0,none,,0.0,0.0,min_max,0.0,14400.0,142485.0,14400.0,10,2,1,1,14400.0,14400.0,14400.0,0.0
1780,M-1810,item:268091,12120.118204,14400.0,14400.0,203550.0,finite,4121600.0,none,,0.0,0.0,min_max,0.0,14400.0,142485.0,14400.0,10,3,1,1,14400.0,14400.0,14400.0,0.0
1781,M-1810,item:268091,13447.354253,14400.0,14400.0,203550.0,finite,4107200.0,none,,0.0,0.0,min_max,0.0,14400.0,142485.0,14400.0,10,4,1,1,14400.0,14400.0,14400.0,0.0
1782,M-1810,item:268091,14731.756565,28800.0,28800.0,203550.0,finite,4092800.0,none,,0.0,0.0,min_max,0.0,14400.0,142485.0,14400.0,10,5,1,1,28800.0,28800.0,28800.0,0.0
1783,M-1810,item:268091,15120.196211,28800.0,28800.0,203550.0,finite,4064000.0,none,,0.0,0.0,min_max,0.0,14400.0,142485.0,14400.0,10,6,1,1,28800.0,28800.0,28800.0,0.0
1784,M-1430,item:268967,4486.155102,107800.0,107800.0,154000.0,finite,3481025.0,none,,0.0,0.0,fixed,107800.0,107800.0,107800.0,0.0,10,1,1,1,107800.0,107800.0,107800.0,0.0
1784,M-1810,item:268091,15329.443324,28800.0,28800.0,203550.0,finite,4035200.0,none,,0.0,0.0,min_max,0.0,14400.0,142485.0,14400.0,10,7,1,1,28800.0,28800.0,28800.0,0.0
1785,M-1810,item:268091,15502.85193,28800.0,28800.0,203550.0,finite,4006400.0,none,,0.0,0.0,min_max,0.0,14400.0,142485.0,14400.0,10,1,1,1,28800.0,28800.0,28800.0,0.0
1786,M-1810,item:268091,15669.092835,28800.0,28800.0,203550.0,finite,3977600.0,none,,0.0,0.0,min_max,0.0,14400.0,142485.0,14400.0,10,2,1,1,28800.0,28800.0,28800.0,0.0
1787,M-1810,item:268091,15833.9002,28800.0,28800.0,203550.0,finite,3948800.0,none,,0.0,0.0,min_max,0.0,14400.0,142485.0,14400.0,10,3,1,1,28800.0,28800.0,28800.0,0.0
1789,M-1810,item:268091,12963.2,14400.0,14400.0,203550.0,finite,3920000.0,none,,0.0,0.0,min_max,0.0,14400.0,142485.0,14400.0,10,4,1,1,14400.0,14400.0,14400.0,0.0
1790,M-1810,item:268091,14828.313469,28800.0,28800.0,203550.0,finite,3905600.0,none,,0.0,0.0,min_max,0.0,14400.0,142485.0,14400.0,10,5,1,1,28800.0,28800.0,28800.0,0.0
1791,M-1810,item:268091,14473.809633,28800.0,28800.0,203550.0,finite,3876800.0,none,,0.0,0.0,min_max,0.0,14400.0,142485.0,14400.0,10,6,1,1,28800.0,28800.0,28800.0,0.0
1792,M-1810,item:268091,13675.382335,14400.0,14400.0,203550.0,finite,3848000.0,none,,0.0,0.0,min_max,0.0,14400.0,142485.0,14400.0,10,1,1,1,14400.0,14400.0,14400.0,0.0
1793,M-1810,item:268091,12788.170344,14400.0,14400.0,203550.0,finite,3833600.0,none,,0.0,0.0,min_max,0.0,14400.0,142485.0,14400.0,10,2,1,1,14400.0,14400.0,14400.0,0.0
1802,M-1810,item:268091,8507.934694,14400.0,14400.0,203550.0,finite,3819200.0,none,,0.0,0.0,min_max,0.0,14400.0,142485.0,14400.0,10,1,1,1,14400.0,14400.0,14400.0,0.0
1803,M-1430,item:268967,3843.428571,107800.0,107800.0,154000.0,finite,3373225.0,none,,0.0,0.0,fixed,107800.0,107800.0,107800.0,0.0,10,1,1,1,107800.0,107800.0,107800.0,0.0
1803,M-1810,item:268091,10315.758368,14400.0,14400.0,203550.0,finite,3804800.0,none,,0.0,0.0,min_max,0.0,14400.0,142485.0,14400.0,10,2,1,1,14400.0,14400.0,14400.0,0.0
1804,M-1810,item:268091,11731.527184,14400.0,14400.0,203550.0,finite,3790400.0,none,,0.0,0.0,min_max,0.0,14400.0,142485.0,14400.0,10,3,1,1,14400.0,14400.0,14400.0,0.0
1804,SDC-1450,item:773474,1983523.4576,3200000.0,3200000.0,0.0,unmodeled,185802684.563758,none,,0.0,0.0,fixed,3200000.0,0.0,0.0,0.0,10,1,1,1,3200000.0,3200000.0,3200000.0,0.0
1805,M-1810,item:268091,13068.885029,14400.0,14400.0,203550.0,finite,3776000.0,none,,0.0,0.0,min_max,0.0,14400.0,142485.0,14400.0,10,4,1,1,14400.0,14400.0,14400.0,0.0
1806,M-1810,item:268091,14390.560679,14400.0,14400.0,203550.0,finite,3761600.0,none,,0.0,0.0,min_max,0.0,14400.0,142485.0,14400.0,10,1,1,1,14400.0,14400.0,14400.0,0.0
1807,M-1810,item:268091,15709.099891,28800.0,28800.0,203550.0,finite,3747200.0,none,,0.0,0.0,min_max,0.0,14400.0,142485.0,14400.0,10,2,1,1,28800.0,28800.0,28800.0,0.0
1808,M-1810,item:268091,17027.011815,28800.0,28800.0,203550.0,finite,3718400.0,none,,0.0,0.0,min_max,0.0,14400.0,142485.0,14400.0,10,3,1,1,28800.0,28800.0,28800.0,0.0
1809,M-1810,item:268091,18344.798281,28800.0,28800.0,203550.0,finite,3689600.0,none,,0.0,0.0,min_max,0.0,14400.0,142485.0,14400.0,10,4,1,1,28800.0,28800.0,28800.0,0.0
1810,M-1810,item:268091,19662.559656,28800.0,28800.0,203550.0,finite,3660800.0,none,,0.0,0.0,min_max,0.0,14400.0,142485.0,14400.0,10,5,1,1,28800.0,28800.0,28800.0,0.0
1811,M-1810,item:268091,19568.887441,28800.0,28800.0,203550.0,finite,3632000.0,none,,0.0,0.0,min_max,0.0,14400.0,142485.0,14400.0,10,6,1,1,28800.0,28800.0,28800.0,0.0
1812,M-1810,item:268091,19192.928509,28800.0,28800.0,203550.0,finite,3603200.0,none,,0.0,0.0,min_max,0.0,14400.0,142485.0,14400.0,10,7,1,1,28800.0,28800.0,28800.0,0.0
1813,M-1810,item:268091,18760.512232,28800.0,28800.0,203550.0,finite,3574400.0,none,,0.0,0.0,min_max,0.0,14400.0,142485.0,14400.0,10,1,1,1,28800.0,28800.0,28800.0,0.0
1814,M-1810,item:268091,18316.804487,28800.0,28800.0,203550.0,finite,3545600.0,none,,0.0,0.0,min_max,0.0,14400.0,142485.0,14400.0,10,2,1,1,28800.0,28800.0,28800.0,0.0
1815,M-1810,item:268091,17870.838448,28800.0,28800.0,203550.0,finite,3516800.0,none,,0.0,0.0,min_max,0.0,14400.0,142485.0,14400.0,10,3,1,1,28800.0,28800.0,28800.0,0.0
1816,M-1810,item:268091,17424.420751,28800.0,28800.0,203550.0,finite,3488000.0,none,,0.0,0.0,min_max,0.0,14400.0,142485.0,14400.0,10,4,1,1,28800.0,28800.0,28800.0,0.0
1817,M-1810,item:268091,16977.912721,28800.0,28800.0,203550.0,finite,3459200.0,none,,0.0,0.0,min_max,0.0,14400.0,142485.0,14400.0,10,5,1,1,28800.0,28800.0,28800.0,0.0
