policy_label,material,inbound_transport,energy,storage,outbound_transport,backlog_penalty,adaptation_capex,total
Reference 2045,367064.9187991192,19086.80491135786,10016.662130008724,2918.019349725423,67349.87062268285,59326.56887293454,15311.999999999996,569994.8446858285
Stock de resilience,368620.9413234526,19248.36504773182,9911.158287164773,4009.8636137056046,59118.42353260269,44118.56468983568,15311.999999999996,549259.3164944933
Autonomie energetique,363388.648514866,18686.9184036392,8617.055984772169,2313.8984020976213,37317.35651451301,2364.828947301624,34488.00000000001,496096.70676718955
Adaptation integree,372060.3390324574,19421.7323443758,7963.770094551305,4207.120315844356,36709.246043167885,0.0,39216.00000000001,508498.2078303967
Lean expose,366798.64917685353,19101.646264809024,10832.255206327089,2542.696781718578,77943.11203474806,95697.80217717974,6672.000000000002,608508.161641636
