policy_label,material,inbound_transport,energy,storage,outbound_transport,backlog_penalty,adaptation_capex,total
Reference 2045,317603.32197078486,17448.26956394173,6539.488886117129,6713.223077533982,33981.708324775485,9711.96746819098,15311.999999999996,407309.9792913442
Stock de resilience,321599.92174722557,17761.07990667608,6744.831217548778,8746.808394165004,33981.708324775485,9711.96746819098,15311.999999999996,413858.31705858186
Autonomie energetique,326024.8430857966,17929.540867707667,6337.522353862588,8413.708160516107,33981.708324775485,9711.96746819098,34488.00000000001,436887.29026084935
Adaptation integree,334897.44504351146,18579.660010929663,6431.030529316018,11725.48815950564,33981.708324775485,9711.96746819098,39216.00000000001,454543.29953622917
Lean expose,311947.6908040794,17009.62981674113,6643.189720118908,3312.734125351421,49665.8349668124,32760.54282389344,6672.000000000002,428011.6222569967
