day,node_id,output_item_id,desired_qty,planned_qty_after_lot_rule,actual_qty,cap_qty,capacity_limit_mode,max_from_inputs_qty,binding_cause,binding_input_item_id,shortfall_vs_desired_qty,shortfall_vs_lot_plan_qty,lot_policy_mode,lot_fixed_qty,lot_min_qty,lot_max_qty,lot_multiple_qty,max_lots_per_week,started_lots_this_week,requested_lot_starts,actual_lot_starts,campaign_requested_qty,campaign_started_qty,campaign_remaining_start_qty,campaign_remaining_end_qty
0,M-1430,item:268967,2562.857143,107800.0,107800.0,154000.0,finite,142250.0,none,,0.0,0.0,fixed,107800.0,107800.0,107800.0,0.0,10,1,1,1,107800.0,107800.0,107800.0,0.0
0,M-1810,item:268091,1900.0,14400.0,14400.0,203550.0,finite,354000.0,none,,0.0,0.0,min_max,0.0,14400.0,142485.0,14400.0,10,1,1,1,14400.0,14400.0,14400.0,0.0
1,SDC-1450,item:773474,3109461.2576,3200000.0,3200000.0,0.0,unmodeled,127751677.852349,none,,0.0,0.0,fixed,3200000.0,0.0,0.0,0.0,10,1,1,1,3200000.0,3200000.0,3200000.0,0.0
2,SDC-1450,item:773474,3299509.30912,6400000.0,6400000.0,0.0,unmodeled,124551677.852349,none,,0.0,0.0,fixed,3200000.0,0.0,0.0,0.0,10,3,2,2,6400000.0,6400000.0,6400000.0,0.0
5,SDC-1450,item:773474,2022084.4576,3200000.0,3200000.0,0.0,unmodeled,118151677.852349,none,,0.0,0.0,fixed,3200000.0,0.0,0.0,0.0,10,4,1,1,3200000.0,3200000.0,3200000.0,0.0
8,SDC-1450,item:773474,2006551.8576,3200000.0,3200000.0,0.0,unmodeled,114951677.852349,none,,0.0,0.0,fixed,3200000.0,0.0,0.0,0.0,10,1,1,1,3200000.0,3200000.0,3200000.0,0.0
11,SDC-1450,item:773474,1831019.2576,3200000.0,3200000.0,0.0,unmodeled,111751677.852349,none,,0.0,0.0,fixed,3200000.0,0.0,0.0,0.0,10,2,1,1,3200000.0,3200000.0,3200000.0,0.0
19,M-1810,item:268091,8353.17551,14400.0,14400.0,203550.0,finite,397200.0,none,,0.0,0.0,min_max,0.0,14400.0,142485.0,14400.0,10,1,1,1,14400.0,14400.0,14400.0,0.0
20,M-1810,item:268091,10515.908572,14400.0,14400.0,203550.0,finite,382800.0,none,,0.0,0.0,min_max,0.0,14400.0,142485.0,14400.0,10,2,1,1,14400.0,14400.0,14400.0,0.0
21,M-1810,item:268091,11440.553143,14400.0,14400.0,203550.0,finite,368400.0,none,,0.0,0.0,min_max,0.0,14400.0,142485.0,14400.0,10,1,1,1,14400.0,14400.0,14400.0,0.0
22,M-1810,item:268091,11472.76369,14400.0,14400.0,203550.0,finite,354000.0,none,,0.0,0.0,min_max,0.0,14400.0,142485.0,14400.0,10,2,1,1,14400.0,14400.0,14400.0,0.0
26,M-1810,item:268091,8573.779592,14400.0,14400.0,203550.0,finite,339600.0,none,,0.0,0.0,min_max,0.0,14400.0,142485.0,14400.0,10,3,1,1,14400.0,14400.0,14400.0,0.0
27,M-1810,item:268091,10135.817143,14400.0,14400.0,203550.0,finite,325200.0,none,,0.0,0.0,min_max,0.0,14400.0,142485.0,14400.0,10,4,1,1,14400.0,14400.0,14400.0,0.0
50,M-1810,item:268091,11319.477551,14400.0,14400.0,203550.0,finite,435800.0,none,,0.0,0.0,min_max,0.0,14400.0,142485.0,14400.0,10,1,1,1,14400.0,14400.0,14400.0,0.0
51,M-1810,item:268091,13509.250612,14400.0,14400.0,203550.0,finite,431400.0,none,,0.0,0.0,min_max,0.0,14400.0,142485.0,14400.0,10,2,1,1,14400.0,14400.0,14400.0,0.0
52,M-1810,item:268091,13873.082775,14400.0,14400.0,203550.0,finite,427000.0,none,,0.0,0.0,min_max,0.0,14400.0,142485.0,14400.0,10,3,1,1,14400.0,14400.0,14400.0,0.0
53,M-1810,item:268091,13871.726759,14400.0,14400.0,203550.0,finite,422600.0,none,,0.0,0.0,min_max,0.0,14400.0,142485.0,14400.0,10,4,1,1,14400.0,14400.0,14400.0,0.0
54,M-1810,item:268091,13797.333107,14400.0,14400.0,203550.0,finite,413200.0,none,,0.0,0.0,min_max,0.0,14400.0,142485.0,14400.0,10,5,1,1,14400.0,14400.0,14400.0,0.0
167,M-1430,item:268967,16555.314286,107800.0,107800.0,154000.0,finite,3259825.0,none,,0.0,0.0,fixed,107800.0,107800.0,107800.0,0.0,10,1,1,1,107800.0,107800.0,107800.0,0.0
168,M-1430,item:268967,22259.977143,107800.0,107800.0,154000.0,finite,3152025.0,none,,0.0,0.0,fixed,107800.0,107800.0,107800.0,0.0,10,1,1,1,107800.0,107800.0,107800.0,0.0
169,M-1430,item:268967,20810.068898,107800.0,107800.0,154000.0,finite,3044225.0,none,,0.0,0.0,fixed,107800.0,107800.0,107800.0,0.0,10,2,1,1,107800.0,107800.0,107800.0,0.0
170,M-1430,item:268967,17929.246432,107800.0,107800.0,154000.0,finite,2936425.0,none,,0.0,0.0,fixed,107800.0,107800.0,107800.0,0.0,10,3,1,1,107800.0,107800.0,107800.0,0.0
238,M-1810,item:268091,9021.485714,14400.0,14400.0,203550.0,finite,1371298.0,none,,0.0,0.0,min_max,0.0,14400.0,142485.0,14400.0,10,1,1,1,14400.0,14400.0,14400.0,0.0
239,M-1810,item:268091,10625.456327,14400.0,14400.0,203550.0,finite,1356898.0,none,,0.0,0.0,min_max,0.0,14400.0,142485.0,14400.0,10,2,1,1,14400.0,14400.0,14400.0,0.0
240,M-1810,item:268091,10745.923918,14400.0,14400.0,203550.0,finite,1342498.0,none,,0.0,0.0,min_max,0.0,14400.0,142485.0,14400.0,10,3,1,1,14400.0,14400.0,14400.0,0.0
241,M-1810,item:268091,10569.690906,14400.0,14400.0,203550.0,finite,1328098.0,none,,0.0,0.0,min_max,0.0,14400.0,142485.0,14400.0,10,4,1,1,14400.0,14400.0,14400.0,0.0
242,M-1810,item:268091,10334.117773,14400.0,14400.0,203550.0,finite,1313698.0,none,,0.0,0.0,min_max,0.0,14400.0,142485.0,14400.0,10,5,1,1,14400.0,14400.0,14400.0,0.0
243,M-1810,item:268091,10086.676616,14400.0,14400.0,203550.0,finite,1299298.0,none,,0.0,0.0,min_max,0.0,14400.0,142485.0,14400.0,10,6,1,1,14400.0,14400.0,14400.0,0.0
249,M-1810,item:268091,7420.865306,14400.0,14400.0,203550.0,finite,1284898.0,none,,0.0,0.0,min_max,0.0,14400.0,142485.0,14400.0,10,1,1,1,14400.0,14400.0,14400.0,0.0
251,M-1810,item:268091,7321.697959,14400.0,14400.0,203550.0,finite,1270498.0,none,,0.0,0.0,min_max,0.0,14400.0,142485.0,14400.0,10,2,1,1,14400.0,14400.0,14400.0,0.0
253,M-1810,item:268091,7391.787755,14400.0,14400.0,203550.0,finite,1256098.0,none,,0.0,0.0,min_max,0.0,14400.0,142485.0,14400.0,10,1,1,1,14400.0,14400.0,14400.0,0.0
254,M-1810,item:268091,8989.818775,14400.0,14400.0,203550.0,finite,1241698.0,none,,0.0,0.0,min_max,0.0,14400.0,142485.0,14400.0,10,2,1,1,14400.0,14400.0,14400.0,0.0
255,M-1810,item:268091,9429.098449,14400.0,14400.0,203550.0,finite,1227298.0,none,,0.0,0.0,min_max,0.0,14400.0,142485.0,14400.0,10,3,1,1,14400.0,14400.0,14400.0,0.0
256,M-1810,item:268091,9636.627853,14400.0,14400.0,203550.0,finite,1212898.0,none,,0.0,0.0,min_max,0.0,14400.0,142485.0,14400.0,10,4,1,1,14400.0,14400.0,14400.0,0.0
257,M-1810,item:268091,9797.807203,14400.0,14400.0,203550.0,finite,1198498.0,none,,0.0,0.0,min_max,0.0,14400.0,142485.0,14400.0,10,5,1,1,14400.0,14400.0,14400.0,0.0
258,M-1810,item:268091,9949.716542,14400.0,14400.0,203550.0,finite,1184098.0,none,,0.0,0.0,min_max,0.0,14400.0,142485.0,14400.0,10,6,1,1,14400.0,14400.0,14400.0,0.0
259,M-1810,item:268091,10099.77188,14400.0,14400.0,203550.0,finite,1169698.0,none,,0.0,0.0,min_max,0.0,14400.0,142485.0,14400.0,10,1,1,1,14400.0,14400.0,14400.0,0.0
260,M-1810,item:268091,10479.938049,14400.0,14400.0,203550.0,finite,1155298.0,none,,0.0,0.0,min_max,0.0,14400.0,142485.0,14400.0,10,2,1,1,14400.0,14400.0,14400.0,0.0
261,M-1810,item:268091,10906.126385,14400.0,14400.0,203550.0,finite,1140898.0,none,,0.0,0.0,min_max,0.0,14400.0,142485.0,14400.0,10,3,1,1,14400.0,14400.0,14400.0,0.0
262,M-1810,item:268091,11341.519154,14400.0,14400.0,203550.0,finite,1126498.0,none,,0.0,0.0,min_max,0.0,14400.0,142485.0,14400.0,10,4,1,1,14400.0,14400.0,14400.0,0.0
263,M-1810,item:268091,11778.75281,14400.0,14400.0,203550.0,finite,1112098.0,none,,0.0,0.0,min_max,0.0,14400.0,142485.0,14400.0,10,5,1,1,14400.0,14400.0,14400.0,0.0
264,M-1810,item:268091,12216.354644,14400.0,14400.0,203550.0,finite,1097698.0,none,,0.0,0.0,min_max,0.0,14400.0,142485.0,14400.0,10,6,1,1,14400.0,14400.0,14400.0,0.0
265,M-1810,item:268091,12654.030112,14400.0,14400.0,203550.0,finite,1083298.0,none,,0.0,0.0,min_max,0.0,14400.0,142485.0,14400.0,10,7,1,1,14400.0,14400.0,14400.0,0.0
266,M-1810,item:268091,13091.720308,14400.0,14400.0,203550.0,finite,1068898.0,none,,0.0,0.0,min_max,0.0,14400.0,142485.0,14400.0,10,1,1,1,14400.0,14400.0,14400.0,0.0
267,M-1810,item:268091,12561.250184,14400.0,14400.0,203550.0,finite,1054498.0,none,,0.0,0.0,min_max,0.0,14400.0,142485.0,14400.0,10,2,1,1,14400.0,14400.0,14400.0,0.0
268,M-1810,item:268091,11837.147996,14400.0,14400.0,203550.0,finite,1040098.0,none,,0.0,0.0,min_max,0.0,14400.0,142485.0,14400.0,10,3,1,1,14400.0,14400.0,14400.0,0.0
269,M-1810,item:268091,11074.319395,14400.0,14400.0,203550.0,finite,1025698.0,none,,0.0,0.0,min_max,0.0,14400.0,142485.0,14400.0,10,4,1,1,14400.0,14400.0,14400.0,0.0
270,M-1810,item:268091,10303.745512,14400.0,14400.0,203550.0,finite,1011298.0,none,,0.0,0.0,min_max,0.0,14400.0,142485.0,14400.0,10,5,1,1,14400.0,14400.0,14400.0,0.0
280,M-1810,item:268091,7387.885714,14400.0,14400.0,203550.0,finite,996898.0,none,,0.0,0.0,min_max,0.0,14400.0,142485.0,14400.0,10,1,1,1,14400.0,14400.0,14400.0,0.0
281,M-1810,item:268091,8986.573061,14400.0,14400.0,203550.0,finite,982498.0,none,,0.0,0.0,min_max,0.0,14400.0,142485.0,14400.0,10,2,1,1,14400.0,14400.0,14400.0,0.0
282,M-1810,item:268091,9427.420735,14400.0,14400.0,203550.0,finite,968098.0,none,,0.0,0.0,min_max,0.0,14400.0,142485.0,14400.0,10,3,1,1,14400.0,14400.0,14400.0,0.0
283,M-1810,item:268091,9636.700474,14400.0,14400.0,203550.0,finite,953698.0,none,,0.0,0.0,min_max,0.0,14400.0,142485.0,14400.0,10,4,1,1,14400.0,14400.0,14400.0,0.0
284,M-1810,item:268091,9799.666626,14400.0,14400.0,203550.0,finite,939298.0,none,,0.0,0.0,min_max,0.0,14400.0,142485.0,14400.0,10,5,1,1,14400.0,14400.0,14400.0,0.0
285,M-1810,item:268091,9953.37006,14400.0,14400.0,203550.0,finite,924898.0,none,,0.0,0.0,min_max,0.0,14400.0,142485.0,14400.0,10,6,1,1,14400.0,14400.0,14400.0,0.0
286,M-1810,item:268091,10105.220951,14400.0,14400.0,203550.0,finite,910498.0,none,,0.0,0.0,min_max,0.0,14400.0,142485.0,14400.0,10,7,1,1,14400.0,14400.0,14400.0,0.0
287,M-1810,item:268091,10256.701333,14400.0,14400.0,203550.0,finite,896098.0,none,,0.0,0.0,min_max,0.0,14400.0,142485.0,14400.0,10,1,1,1,14400.0,14400.0,14400.0,0.0
288,M-1810,item:268091,10418.393328,14400.0,14400.0,203550.0,finite,881698.0,none,,0.0,0.0,min_max,0.0,14400.0,142485.0,14400.0,10,2,1,1,14400.0,14400.0,14400.0,0.0
289,M-1810,item:268091,10582.127645,14400.0,14400.0,203550.0,finite,867298.0,none,,0.0,0.0,min_max,0.0,14400.0,142485.0,14400.0,10,3,1,1,14400.0,14400.0,14400.0,0.0
290,M-1810,item:268091,10746.270427,14400.0,14400.0,203550.0,finite,852898.0,none,,0.0,0.0,min_max,0.0,14400.0,142485.0,14400.0,10,4,1,1,14400.0,14400.0,14400.0,0.0
291,M-1810,item:268091,10910.494902,14400.0,14400.0,203550.0,finite,838498.0,none,,0.0,0.0,min_max,0.0,14400.0,142485.0,14400.0,10,5,1,1,14400.0,14400.0,14400.0,0.0
292,M-1810,item:268091,11074.735715,14400.0,14400.0,203550.0,finite,824098.0,none,,0.0,0.0,min_max,0.0,14400.0,142485.0,14400.0,10,6,1,1,14400.0,14400.0,14400.0,0.0
293,M-1810,item:268091,11238.979796,14400.0,14400.0,203550.0,finite,809698.0,none,,0.0,0.0,min_max,0.0,14400.0,142485.0,14400.0,10,7,1,1,14400.0,14400.0,14400.0,0.0
294,M-1810,item:268091,11403.22453,14400.0,14400.0,203550.0,finite,795298.0,none,,0.0,0.0,min_max,0.0,14400.0,142485.0,14400.0,10,1,1,1,14400.0,14400.0,14400.0,0.0
295,M-1810,item:268091,10969.869396,14400.0,14400.0,203550.0,finite,780898.0,none,,0.0,0.0,min_max,0.0,14400.0,142485.0,14400.0,10,2,1,1,14400.0,14400.0,14400.0,0.0
296,M-1810,item:268091,10416.994287,14400.0,14400.0,203550.0,finite,766498.0,none,,0.0,0.0,min_max,0.0,14400.0,142485.0,14400.0,10,3,1,1,14400.0,14400.0,14400.0,0.0
297,M-1810,item:268091,9840.215184,14400.0,14400.0,203550.0,finite,752098.0,none,,0.0,0.0,min_max,0.0,14400.0,142485.0,14400.0,10,4,1,1,14400.0,14400.0,14400.0,0.0
307,M-1810,item:268091,7797.110204,14400.0,14400.0,203550.0,finite,737698.0,none,,0.0,0.0,min_max,0.0,14400.0,142485.0,14400.0,10,1,1,1,14400.0,14400.0,14400.0,0.0
308,M-1810,item:268091,9674.050612,14400.0,14400.0,203550.0,finite,723298.0,none,,0.0,0.0,min_max,0.0,14400.0,142485.0,14400.0,10,1,1,1,14400.0,14400.0,14400.0,0.0
309,M-1810,item:268091,9591.577469,14400.0,14400.0,203550.0,finite,708898.0,none,,0.0,0.0,min_max,0.0,14400.0,142485.0,14400.0,10,2,1,1,14400.0,14400.0,14400.0,0.0
310,M-1810,item:268091,9117.221616,14400.0,14400.0,203550.0,finite,694498.0,none,,0.0,0.0,min_max,0.0,14400.0,142485.0,14400.0,10,3,1,1,14400.0,14400.0,14400.0,0.0
311,M-1810,item:268091,8564.489221,14400.0,14400.0,203550.0,finite,680098.0,none,,0.0,0.0,min_max,0.0,14400.0,142485.0,14400.0,10,4,1,1,14400.0,14400.0,14400.0,0.0
318,M-1810,item:268091,7966.465306,14400.0,14400.0,203550.0,finite,665698.0,none,,0.0,0.0,min_max,0.0,14400.0,142485.0,14400.0,10,1,1,1,14400.0,14400.0,14400.0,0.0
319,M-1810,item:268091,10578.713469,14400.0,14400.0,203550.0,finite,651298.0,none,,0.0,0.0,min_max,0.0,14400.0,142485.0,14400.0,10,2,1,1,14400.0,14400.0,14400.0,0.0
320,M-1810,item:268091,12120.118204,14400.0,14400.0,203550.0,finite,636898.0,none,,0.0,0.0,min_max,0.0,14400.0,142485.0,14400.0,10,3,1,1,14400.0,14400.0,14400.0,0.0
321,M-1810,item:268091,13447.354253,14400.0,14400.0,203550.0,finite,622498.0,none,,0.0,0.0,min_max,0.0,14400.0,142485.0,14400.0,10,4,1,1,14400.0,14400.0,14400.0,0.0
322,M-1810,item:268091,14731.756565,28800.0,28800.0,203550.0,finite,608098.0,none,,0.0,0.0,min_max,0.0,14400.0,142485.0,14400.0,10,1,1,1,28800.0,28800.0,28800.0,0.0
323,M-1810,item:268091,15120.196211,28800.0,28800.0,203550.0,finite,579298.0,none,,0.0,0.0,min_max,0.0,14400.0,142485.0,14400.0,10,2,1,1,28800.0,28800.0,28800.0,0.0
324,M-1810,item:268091,15329.443324,28800.0,28800.0,203550.0,finite,550498.0,none,,0.0,0.0,min_max,0.0,14400.0,142485.0,14400.0,10,3,1,1,28800.0,28800.0,28800.0,0.0
325,M-1810,item:268091,15502.85193,28800.0,28800.0,203550.0,finite,521698.0,none,,0.0,0.0,min_max,0.0,14400.0,142485.0,14400.0,10,4,1,1,28800.0,28800.0,28800.0,0.0
326,M-1810,item:268091,15669.092835,28800.0,28800.0,203550.0,finite,492898.0,none,,0.0,0.0,min_max,0.0,14400.0,142485.0,14400.0,10,5,1,1,28800.0,28800.0,28800.0,0.0
327,M-1430,item:268967,5089.387755,107800.0,107800.0,154000.0,finite,3557400.019141,none,,0.0,0.0,fixed,107800.0,107800.0,107800.0,0.0,10,1,1,1,107800.0,107800.0,107800.0,0.0
327,M-1810,item:268091,15833.9002,28800.0,28800.0,203550.0,finite,464098.0,none,,0.0,0.0,min_max,0.0,14400.0,142485.0,14400.0,10,6,1,1,28800.0,28800.0,28800.0,0.0
328,M-1810,item:268091,15998.420856,28800.0,28800.0,203550.0,finite,435298.0,none,,0.0,0.0,min_max,0.0,14400.0,142485.0,14400.0,10,7,1,1,28800.0,28800.0,28800.0,0.0
328,SDC-1450,item:773474,1908934.4576,3200000.0,3200000.0,0.0,unmodeled,256202684.563758,none,,0.0,0.0,fixed,3200000.0,0.0,0.0,0.0,10,1,1,1,3200000.0,3200000.0,3200000.0,0.0
329,M-1810,item:268091,16162.884171,28800.0,28800.0,203550.0,finite,406498.0,none,,0.0,0.0,min_max,0.0,14400.0,142485.0,14400.0,10,1,1,1,28800.0,28800.0,28800.0,0.0
330,M-1810,item:268091,15468.250304,28800.0,28800.0,203550.0,finite,402698.0,none,,0.0,0.0,min_max,0.0,14400.0,142485.0,14400.0,10,2,1,1,28800.0,28800.0,28800.0,0.0
331,M-1810,item:268091,14601.796999,28800.0,28800.0,203550.0,finite,398898.0,none,,0.0,0.0,min_max,0.0,14400.0,142485.0,14400.0,10,3,1,1,28800.0,28800.0,28800.0,0.0
332,M-1810,item:268091,13700.979808,14400.0,14400.0,203550.0,finite,370098.0,none,,0.0,0.0,min_max,0.0,14400.0,142485.0,14400.0,10,4,1,1,14400.0,14400.0,14400.0,0.0
333,M-1810,item:268091,12793.289839,14400.0,14400.0,203550.0,finite,355698.0,none,,0.0,0.0,min_max,0.0,14400.0,142485.0,14400.0,10,5,1,1,14400.0,14400.0,14400.0,0.0
334,M-1810,item:268091,11884.225315,14400.0,14400.0,203550.0,finite,341298.0,none,,0.0,0.0,min_max,0.0,14400.0,142485.0,14400.0,10,6,1,1,14400.0,14400.0,14400.0,0.0
342,M-1810,item:268091,8507.934694,14400.0,14400.0,203550.0,finite,426898.0,none,,0.0,0.0,min_max,0.0,14400.0,142485.0,14400.0,10,1,1,1,14400.0,14400.0,14400.0,0.0
343,M-1810,item:268091,10315.758368,14400.0,14400.0,203550.0,finite,412498.0,none,,0.0,0.0,min_max,0.0,14400.0,142485.0,14400.0,10,1,1,1,14400.0,14400.0,14400.0,0.0
344,M-1810,item:268091,11731.527184,14400.0,14400.0,203550.0,finite,398098.0,none,,0.0,0.0,min_max,0.0,14400.0,142485.0,14400.0,10,2,1,1,14400.0,14400.0,14400.0,0.0
345,M-1810,item:268091,13068.885029,14400.0,14400.0,203550.0,finite,383698.0,none,,0.0,0.0,min_max,0.0,14400.0,142485.0,14400.0,10,3,1,1,14400.0,14400.0,14400.0,0.0
346,M-1810,item:268091,14390.560679,14400.0,14400.0,203550.0,finite,369298.0,none,,0.0,0.0,min_max,0.0,14400.0,142485.0,14400.0,10,4,1,1,14400.0,14400.0,14400.0,0.0
347,M-1430,item:268967,4983.15102,107800.0,107800.0,154000.0,finite,3508325.0,none,,0.0,0.0,fixed,107800.0,107800.0,107800.0,0.0,10,1,1,1,107800.0,107800.0,107800.0,0.0
347,M-1810,item:268091,15709.099891,28800.0,28800.0,203550.0,finite,354898.0,none,,0.0,0.0,min_max,0.0,14400.0,142485.0,14400.0,10,5,1,1,28800.0,28800.0,28800.0,0.0
348,M-1810,item:268091,17027.011815,28800.0,28800.0,203550.0,finite,326098.0,none,,0.0,0.0,min_max,0.0,14400.0,142485.0,14400.0,10,6,1,1,28800.0,28800.0,28800.0,0.0
349,M-1810,item:268091,18344.798281,28800.0,28800.0,203550.0,finite,297298.0,none,,0.0,0.0,min_max,0.0,14400.0,142485.0,14400.0,10,7,1,1,28800.0,28800.0,28800.0,0.0
350,M-1810,item:268091,19662.559656,28800.0,28800.0,203550.0,finite,293498.0,none,,0.0,0.0,min_max,0.0,14400.0,142485.0,14400.0,10,1,1,1,28800.0,28800.0,28800.0,0.0
351,M-1810,item:268091,19568.887441,28800.0,28800.0,203550.0,finite,264698.0,none,,0.0,0.0,min_max,0.0,14400.0,142485.0,14400.0,10,2,1,1,28800.0,28800.0,28800.0,0.0
352,M-1810,item:268091,19192.928509,28800.0,28800.0,203550.0,finite,248400.0,none,,0.0,0.0,min_max,0.0,14400.0,142485.0,14400.0,10,3,1,1,28800.0,28800.0,28800.0,0.0
353,M-1810,item:268091,18760.512232,28800.0,28800.0,203550.0,finite,219600.0,none,,0.0,0.0,min_max,0.0,14400.0,142485.0,14400.0,10,4,1,1,28800.0,28800.0,28800.0,0.0
354,M-1810,item:268091,18316.804487,28800.0,28800.0,203550.0,finite,190800.0,none,,0.0,0.0,min_max,0.0,14400.0,142485.0,14400.0,10,5,1,1,28800.0,28800.0,28800.0,0.0
355,M-1810,item:268091,17870.838448,28800.0,28800.0,203550.0,finite,162000.0,none,,0.0,0.0,min_max,0.0,14400.0,142485.0,14400.0,10,6,1,1,28800.0,28800.0,28800.0,0.0
356,M-1810,item:268091,17424.420751,28800.0,28800.0,203550.0,finite,133200.0,none,,0.0,0.0,min_max,0.0,14400.0,142485.0,14400.0,10,7,1,1,28800.0,28800.0,28800.0,0.0
357,M-1810,item:268091,16977.912721,28800.0,28800.0,203550.0,finite,104400.0,none,,0.0,0.0,min_max,0.0,14400.0,142485.0,14400.0,10,1,1,1,28800.0,28800.0,28800.0,0.0
358,M-1810,item:268091,14961.035605,28800.0,28800.0,203550.0,finite,75600.0,none,,0.0,0.0,min_max,0.0,14400.0,142485.0,14400.0,10,2,1,1,28800.0,28800.0,28800.0,0.0
359,M-1810,item:268091,12847.227529,14400.0,14400.0,203550.0,finite,46800.0,none,,0.0,0.0,min_max,0.0,14400.0,142485.0,14400.0,10,3,1,1,14400.0,14400.0,14400.0,0.0
373,M-1430,item:268967,4766.87347,107800.0,107800.0,154000.0,finite,3557400.101919,none,,0.0,0.0,fixed,107800.0,107800.0,107800.0,0.0,10,1,1,1,107800.0,107800.0,107800.0,0.0
385,M-1810,item:268091,8845.27347,14400.0,14400.0,203550.0,finite,319898.0,none,,0.0,0.0,min_max,0.0,14400.0,142485.0,14400.0,10,1,1,1,14400.0,14400.0,14400.0,0.0
386,M-1810,item:268091,11106.426123,14400.0,14400.0,203550.0,finite,305498.0,none,,0.0,0.0,min_max,0.0,14400.0,142485.0,14400.0,10,2,1,1,14400.0,14400.0,14400.0,0.0
387,M-1810,item:268091,11405.938286,14400.0,14400.0,203550.0,finite,291098.0,none,,0.0,0.0,min_max,0.0,14400.0,142485.0,14400.0,10,3,1,1,14400.0,14400.0,14400.0,0.0
388,M-1810,item:268091,11313.122351,14400.0,14400.0,203550.0,finite,301698.0,none,,0.0,0.0,min_max,0.0,14400.0,142485.0,14400.0,10,4,1,1,14400.0,14400.0,14400.0,0.0
389,M-1810,item:268091,11141.840797,14400.0,14400.0,203550.0,finite,312298.0,none,,0.0,0.0,min_max,0.0,14400.0,142485.0,14400.0,10,5,1,1,14400.0,14400.0,14400.0,0.0
390,M-1810,item:268091,10954.866118,14400.0,14400.0,203550.0,finite,297898.0,none,,0.0,0.0,min_max,0.0,14400.0,142485.0,14400.0,10,6,1,1,14400.0,14400.0,14400.0,0.0
391,M-1810,item:268091,10764.752815,14400.0,14400.0,203550.0,finite,308498.0,none,,0.0,0.0,min_max,0.0,14400.0,142485.0,14400.0,10,7,1,1,14400.0,14400.0,14400.0,0.0
392,M-1810,item:268091,10574.011787,14400.0,14400.0,203550.0,finite,344098.0,none,,0.0,0.0,min_max,0.0,14400.0,142485.0,14400.0,10,1,1,1,14400.0,14400.0,14400.0,0.0
395,M-1810,item:268091,8064.718367,14400.0,14400.0,203550.0,finite,429698.0,none,,0.0,0.0,min_max,0.0,14400.0,142485.0,14400.0,10,2,1,1,14400.0,14400.0,14400.0,0.0
398,M-1810,item:268091,7759.281633,14400.0,14400.0,203550.0,finite,515298.0,none,,0.0,0.0,min_max,0.0,14400.0,142485.0,14400.0,10,3,1,1,14400.0,14400.0,14400.0,0.0
401,M-1810,item:268091,7283.167347,14400.0,14400.0,203550.0,finite,625898.0,none,,0.0,0.0,min_max,0.0,14400.0,142485.0,14400.0,10,1,1,1,14400.0,14400.0,14400.0,0.0
404,M-1430,item:268967,4447.216327,107800.0,107800.0,154000.0,finite,3557400.039732,none,,0.0,0.0,fixed,107800.0,107800.0,107800.0,0.0,10,1,1,1,107800.0,107800.0,107800.0,0.0
405,SDC-1450,item:773474,1893401.6576,3200000.0,3200000.0,0.0,unmodeled,253002684.563758,none,,0.0,0.0,fixed,3200000.0,0.0,0.0,0.0,10,1,1,1,3200000.0,3200000.0,3200000.0,0.0
410,M-1810,item:268091,8110.530612,14400.0,14400.0,203550.0,finite,886498.0,none,,0.0,0.0,min_max,0.0,14400.0,142485.0,14400.0,10,1,1,1,14400.0,14400.0,14400.0,0.0
411,M-1810,item:268091,10553.404082,14400.0,14400.0,203550.0,finite,872098.0,none,,0.0,0.0,min_max,0.0,14400.0,142485.0,14400.0,10,2,1,1,14400.0,14400.0,14400.0,0.0
412,M-1810,item:268091,11862.746122,14400.0,14400.0,203550.0,finite,882698.0,none,,0.0,0.0,min_max,0.0,14400.0,142485.0,14400.0,10,3,1,1,14400.0,14400.0,14400.0,0.0
413,M-1810,item:268091,12945.381878,14400.0,14400.0,203550.0,finite,893298.0,none,,0.0,0.0,min_max,0.0,14400.0,142485.0,14400.0,10,1,1,1,14400.0,14400.0,14400.0,0.0
414,M-1810,item:268091,13982.676376,14400.0,14400.0,203550.0,finite,928898.0,none,,0.0,0.0,min_max,0.0,14400.0,142485.0,14400.0,10,2,1,1,14400.0,14400.0,14400.0,0.0
415,M-1810,item:268091,14116.012826,14400.0,14400.0,203550.0,finite,939498.0,none,,0.0,0.0,min_max,0.0,14400.0,142485.0,14400.0,10,3,1,1,14400.0,14400.0,14400.0,0.0
416,M-1810,item:268091,14068.557667,14400.0,14400.0,203550.0,finite,950098.0,none,,0.0,0.0,min_max,0.0,14400.0,142485.0,14400.0,10,4,1,1,14400.0,14400.0,14400.0,0.0
417,M-1810,item:268091,13984.944186,14400.0,14400.0,203550.0,finite,985698.0,none,,0.0,0.0,min_max,0.0,14400.0,142485.0,14400.0,10,5,1,1,14400.0,14400.0,14400.0,0.0
418,M-1810,item:268091,13894.099041,14400.0,14400.0,203550.0,finite,1021298.0,none,,0.0,0.0,min_max,0.0,14400.0,142485.0,14400.0,10,6,1,1,14400.0,14400.0,14400.0,0.0
419,M-1430,item:268967,4771.804082,107800.0,107800.0,154000.0,finite,3512483.699306,none,,0.0,0.0,fixed,107800.0,107800.0,107800.0,0.0,10,1,1,1,107800.0,107800.0,107800.0,0.0
419,M-1810,item:268091,13801.807563,14400.0,14400.0,203550.0,finite,1031898.0,none,,0.0,0.0,min_max,0.0,14400.0,142485.0,14400.0,10,7,1,1,14400.0,14400.0,14400.0,0.0
420,M-1810,item:268091,13709.226818,14400.0,14400.0,203550.0,finite,1067498.0,none,,0.0,0.0,min_max,0.0,14400.0,142485.0,14400.0,10,1,1,1,14400.0,14400.0,14400.0,0.0
421,M-1810,item:268091,13616.58822,14400.0,14400.0,203550.0,finite,1053098.0,none,,0.0,0.0,min_max,0.0,14400.0,142485.0,14400.0,10,2,1,1,14400.0,14400.0,14400.0,0.0
422,M-1810,item:268091,13338.925807,14400.0,14400.0,203550.0,finite,1113698.0,none,,0.0,0.0,min_max,0.0,14400.0,142485.0,14400.0,10,3,1,1,14400.0,14400.0,14400.0,0.0
423,M-1810,item:268091,13024.258631,14400.0,14400.0,203550.0,finite,1149298.0,none,,0.0,0.0,min_max,0.0,14400.0,142485.0,14400.0,10,4,1,1,14400.0,14400.0,14400.0,0.0
424,M-1810,item:268091,12702.190501,14400.0,14400.0,203550.0,finite,1159898.0,none,,0.0,0.0,min_max,0.0,14400.0,142485.0,14400.0,10,5,1,1,14400.0,14400.0,14400.0,0.0
425,M-1810,item:268091,12378.642182,14400.0,14400.0,203550.0,finite,1195498.0,none,,0.0,0.0,min_max,0.0,14400.0,142485.0,14400.0,10,6,1,1,14400.0,14400.0,14400.0,0.0
426,M-1810,item:268091,12054.797824,14400.0,14400.0,203550.0,finite,1206098.0,none,,0.0,0.0,min_max,0.0,14400.0,142485.0,14400.0,10,7,1,1,14400.0,14400.0,14400.0,0.0
427,M-1810,item:268091,11730.894259,14400.0,14400.0,203550.0,finite,1241698.0,none,,0.0,0.0,min_max,0.0,14400.0,142485.0,14400.0,10,1,1,1,14400.0,14400.0,14400.0,0.0
428,M-1810,item:268091,11406.978852,14400.0,14400.0,203550.0,finite,1252298.0,none,,0.0,0.0,min_max,0.0,14400.0,142485.0,14400.0,10,2,1,1,14400.0,14400.0,14400.0,0.0
429,M-1810,item:268091,11140.040668,14400.0,14400.0,203550.0,finite,1262898.0,none,,0.0,0.0,min_max,0.0,14400.0,142485.0,14400.0,10,3,1,1,14400.0,14400.0,14400.0,0.0
430,M-1810,item:268091,10884.49793,14400.0,14400.0,203550.0,finite,1273498.0,none,,0.0,0.0,min_max,0.0,14400.0,142485.0,14400.0,10,4,1,1,14400.0,14400.0,14400.0,0.0
431,M-1810,item:268091,10631.23428,14400.0,14400.0,203550.0,finite,1309098.0,none,,0.0,0.0,min_max,0.0,14400.0,142485.0,14400.0,10,5,1,1,14400.0,14400.0,14400.0,0.0
432,M-1810,item:268091,10378.426448,14400.0,14400.0,203550.0,finite,1369698.0,none,,0.0,0.0,min_max,0.0,14400.0,142485.0,14400.0,10,6,1,1,14400.0,14400.0,14400.0,0.0
433,M-1810,item:268091,10125.709779,14400.0,14400.0,203550.0,finite,1455298.0,none,,0.0,0.0,min_max,0.0,14400.0,142485.0,14400.0,10,7,1,1,14400.0,14400.0,14400.0,0.0
434,M-1810,item:268091,9873.011344,14400.0,14400.0,203550.0,finite,1490898.0,none,,0.0,0.0,min_max,0.0,14400.0,142485.0,14400.0,10,1,1,1,14400.0,14400.0,14400.0,0.0
435,M-1810,item:268091,9620.316554,14400.0,14400.0,203550.0,finite,1526498.0,none,,0.0,0.0,min_max,0.0,14400.0,142485.0,14400.0,10,2,1,1,14400.0,14400.0,14400.0,0.0
436,M-1430,item:268967,4772.75102,107800.0,107800.0,154000.0,finite,3521466.913482,none,,0.0,0.0,fixed,107800.0,107800.0,107800.0,0.0,10,1,1,1,107800.0,107800.0,107800.0,0.0
436,M-1810,item:268091,9801.744943,14400.0,14400.0,203550.0,finite,1737098.0,none,,0.0,0.0,min_max,0.0,14400.0,142485.0,14400.0,10,3,1,1,14400.0,14400.0,14400.0,0.0
437,M-1810,item:268091,10069.997968,14400.0,14400.0,203550.0,finite,1772698.0,none,,0.0,0.0,min_max,0.0,14400.0,142485.0,14400.0,10,4,1,1,14400.0,14400.0,14400.0,0.0
438,M-1810,item:268091,10355.61592,14400.0,14400.0,203550.0,finite,1808298.0,none,,0.0,0.0,min_max,0.0,14400.0,142485.0,14400.0,10,5,1,1,14400.0,14400.0,14400.0,0.0
439,M-1810,item:268091,10644.706858,14400.0,14400.0,203550.0,finite,1868898.0,none,,0.0,0.0,min_max,0.0,14400.0,142485.0,14400.0,10,6,1,1,14400.0,14400.0,14400.0,0.0
440,M-1810,item:268091,10934.492392,14400.0,14400.0,203550.0,finite,1929498.0,none,,0.0,0.0,min_max,0.0,14400.0,142485.0,14400.0,10,7,1,1,14400.0,14400.0,14400.0,0.0
441,M-1810,item:268091,11224.416846,14400.0,14400.0,203550.0,finite,1965098.0,none,,0.0,0.0,min_max,0.0,14400.0,142485.0,14400.0,10,1,1,1,14400.0,14400.0,14400.0,0.0
442,M-1810,item:268091,11514.369084,14400.0,14400.0,203550.0,finite,2050698.0,none,,0.0,0.0,min_max,0.0,14400.0,142485.0,14400.0,10,2,1,1,14400.0,14400.0,14400.0,0.0
443,M-1810,item:268091,11654.188103,14400.0,14400.0,203550.0,finite,2061298.0,none,,0.0,0.0,min_max,0.0,14400.0,142485.0,14400.0,10,3,1,1,14400.0,14400.0,14400.0,0.0
444,M-1810,item:268091,11763.980478,14400.0,14400.0,203550.0,finite,2121898.0,none,,0.0,0.0,min_max,0.0,14400.0,142485.0,14400.0,10,4,1,1,14400.0,14400.0,14400.0,0.0
445,M-1810,item:268091,11867.767524,14400.0,14400.0,203550.0,finite,2257498.0,none,,0.0,0.0,min_max,0.0,14400.0,142485.0,14400.0,10,5,1,1,14400.0,14400.0,14400.0,0.0
446,M-1810,item:268091,11970.353505,14400.0,14400.0,203550.0,finite,2268098.0,none,,0.0,0.0,min_max,0.0,14400.0,142485.0,14400.0,10,6,1,1,14400.0,14400.0,14400.0,0.0
447,M-1810,item:268091,12072.699273,14400.0,14400.0,203550.0,finite,2403698.0,none,,0.0,0.0,min_max,0.0,14400.0,142485.0,14400.0,10,7,1,1,14400.0,14400.0,14400.0,0.0
448,M-1810,item:268091,12174.996997,14400.0,14400.0,203550.0,finite,2414298.0,none,,0.0,0.0,min_max,0.0,14400.0,142485.0,14400.0,10,1,1,1,14400.0,14400.0,14400.0,0.0
449,M-1810,item:268091,12277.285114,14400.0,14400.0,203550.0,finite,2524898.0,none,,0.0,0.0,min_max,0.0,14400.0,142485.0,14400.0,10,2,1,1,14400.0,14400.0,14400.0,0.0
450,M-1810,item:268091,11908.469268,14400.0,14400.0,203550.0,finite,2660498.0,none,,0.0,0.0,min_max,0.0,14400.0,142485.0,14400.0,10,3,1,1,14400.0,14400.0,14400.0,0.0
451,M-1810,item:268091,11445.432629,14400.0,14400.0,203550.0,finite,2696098.0,none,,0.0,0.0,min_max,0.0,14400.0,142485.0,14400.0,10,4,1,1,14400.0,14400.0,14400.0,0.0
452,M-1810,item:268091,10963.551832,14400.0,14400.0,203550.0,finite,2731698.0,none,,0.0,0.0,min_max,0.0,14400.0,142485.0,14400.0,10,5,1,1,14400.0,14400.0,14400.0,0.0
453,M-1810,item:268091,10477.902203,14400.0,14400.0,203550.0,finite,2942298.0,none,,0.0,0.0,min_max,0.0,14400.0,142485.0,14400.0,10,6,1,1,14400.0,14400.0,14400.0,0.0
463,M-1430,item:268967,4389.942857,107800.0,107800.0,154000.0,finite,3557400.060323,none,,0.0,0.0,fixed,107800.0,107800.0,107800.0,0.0,10,1,1,1,107800.0,107800.0,107800.0,0.0
464,SDC-1450,item:773474,1877868.8576,3200000.0,3200000.0,0.0,unmodeled,249802684.563758,none,,0.0,0.0,fixed,3200000.0,0.0,0.0,0.0,10,1,1,1,3200000.0,3200000.0,3200000.0,0.0
467,M-1810,item:268091,8271.722449,14400.0,14400.0,203550.0,finite,3836837.766831,none,,0.0,0.0,min_max,0.0,14400.0,142485.0,14400.0,10,1,1,1,14400.0,14400.0,14400.0,0.0
468,M-1810,item:268091,10643.797551,14400.0,14400.0,203550.0,finite,3822437.766831,none,,0.0,0.0,min_max,0.0,14400.0,142485.0,14400.0,10,2,1,1,14400.0,14400.0,14400.0,0.0
469,M-1810,item:268091,11835.943184,14400.0,14400.0,203550.0,finite,3808037.766831,none,,0.0,0.0,min_max,0.0,14400.0,142485.0,14400.0,10,1,1,1,14400.0,14400.0,14400.0,0.0
470,M-1810,item:268091,12792.102922,14400.0,14400.0,203550.0,finite,3793637.766831,none,,0.0,0.0,min_max,0.0,14400.0,142485.0,14400.0,10,2,1,1,14400.0,14400.0,14400.0,0.0
471,M-1810,item:268091,12503.596095,14400.0,14400.0,203550.0,finite,3779237.766831,none,,0.0,0.0,min_max,0.0,14400.0,142485.0,14400.0,10,3,1,1,14400.0,14400.0,14400.0,0.0
472,M-1810,item:268091,11966.155953,14400.0,14400.0,203550.0,finite,3764837.766831,none,,0.0,0.0,min_max,0.0,14400.0,142485.0,14400.0,10,4,1,1,14400.0,14400.0,14400.0,0.0
473,M-1810,item:268091,11378.92915,14400.0,14400.0,203550.0,finite,3750437.766831,none,,0.0,0.0,min_max,0.0,14400.0,142485.0,14400.0,10,5,1,1,14400.0,14400.0,14400.0,0.0
474,M-1810,item:268091,10781.745013,14400.0,14400.0,203550.0,finite,3736037.766831,none,,0.0,0.0,min_max,0.0,14400.0,142485.0,14400.0,10,6,1,1,14400.0,14400.0,14400.0,0.0
475,M-1810,item:268091,10182.569411,14400.0,14400.0,203550.0,finite,3721637.766831,none,,0.0,0.0,min_max,0.0,14400.0,142485.0,14400.0,10,7,1,1,14400.0,14400.0,14400.0,0.0
476,M-1810,item:268091,9582.995514,14400.0,14400.0,203550.0,finite,3707237.766831,none,,0.0,0.0,min_max,0.0,14400.0,142485.0,14400.0,10,1,1,1,14400.0,14400.0,14400.0,0.0
477,M-1810,item:268091,8983.34196,14400.0,14400.0,203550.0,finite,3692837.766831,none,,0.0,0.0,min_max,0.0,14400.0,142485.0,14400.0,10,2,1,1,14400.0,14400.0,14400.0,0.0
478,M-1810,item:268091,8341.974514,14400.0,14400.0,203550.0,finite,3678437.766831,none,,0.0,0.0,min_max,0.0,14400.0,142485.0,14400.0,10,3,1,1,14400.0,14400.0,14400.0,0.0
496,M-1810,item:268091,6911.934694,14400.0,14400.0,203550.0,finite,3664037.766831,none,,0.0,0.0,min_max,0.0,14400.0,142485.0,14400.0,10,1,1,1,14400.0,14400.0,14400.0,0.0
497,M-1810,item:268091,8961.097143,14400.0,14400.0,203550.0,finite,3649637.766831,none,,0.0,0.0,min_max,0.0,14400.0,142485.0,14400.0,10,1,1,1,14400.0,14400.0,14400.0,0.0
498,M-1810,item:268091,10037.705143,14400.0,14400.0,203550.0,finite,3635237.766831,none,,0.0,0.0,min_max,0.0,14400.0,142485.0,14400.0,10,2,1,1,14400.0,14400.0,14400.0,0.0
499,M-1810,item:268091,10255.296131,14400.0,14400.0,203550.0,finite,3620837.766831,none,,0.0,0.0,min_max,0.0,14400.0,142485.0,14400.0,10,3,1,1,14400.0,14400.0,14400.0,0.0
500,M-1810,item:268091,10301.083716,14400.0,14400.0,203550.0,finite,3606437.766831,none,,0.0,0.0,min_max,0.0,14400.0,142485.0,14400.0,10,4,1,1,14400.0,14400.0,14400.0,0.0
501,M-1810,item:268091,10312.510621,14400.0,14400.0,203550.0,finite,3592037.766831,none,,0.0,0.0,min_max,0.0,14400.0,142485.0,14400.0,10,5,1,1,14400.0,14400.0,14400.0,0.0
502,M-1810,item:268091,10317.06539,14400.0,14400.0,203550.0,finite,3577637.766831,none,,0.0,0.0,min_max,0.0,14400.0,142485.0,14400.0,10,6,1,1,14400.0,14400.0,14400.0,0.0
503,M-1810,item:268091,10320.245731,14400.0,14400.0,203550.0,finite,3563237.766831,none,,0.0,0.0,min_max,0.0,14400.0,142485.0,14400.0,10,7,1,1,14400.0,14400.0,14400.0,0.0
504,M-1810,item:268091,10323.151187,14400.0,14400.0,203550.0,finite,3548837.766831,none,,0.0,0.0,min_max,0.0,14400.0,142485.0,14400.0,10,1,1,1,14400.0,14400.0,14400.0,0.0
505,M-1810,item:268091,10326.001666,14400.0,14400.0,203550.0,finite,3534437.766831,none,,0.0,0.0,min_max,0.0,14400.0,142485.0,14400.0,10,2,1,1,14400.0,14400.0,14400.0,0.0
506,M-1810,item:268091,10416.432987,14400.0,14400.0,203550.0,finite,3520037.766831,none,,0.0,0.0,min_max,0.0,14400.0,142485.0,14400.0,10,3,1,1,14400.0,14400.0,14400.0,0.0
507,M-1810,item:268091,10524.380475,14400.0,14400.0,203550.0,finite,3505637.766831,none,,0.0,0.0,min_max,0.0,14400.0,142485.0,14400.0,10,4,1,1,14400.0,14400.0,14400.0,0.0
508,M-1810,item:268091,10635.831197,14400.0,14400.0,203550.0,finite,3491237.766831,none,,0.0,0.0,min_max,0.0,14400.0,142485.0,14400.0,10,5,1,1,14400.0,14400.0,14400.0,0.0
509,M-1810,item:268091,10747.982566,14400.0,14400.0,203550.0,finite,3476837.766831,none,,0.0,0.0,min_max,0.0,14400.0,142485.0,14400.0,10,6,1,1,14400.0,14400.0,14400.0,0.0
510,M-1810,item:268091,10860.274064,14400.0,14400.0,203550.0,finite,3462437.766831,none,,0.0,0.0,min_max,0.0,14400.0,142485.0,14400.0,10,7,1,1,14400.0,14400.0,14400.0,0.0
511,M-1810,item:268091,10972.593588,14400.0,14400.0,203550.0,finite,3448037.766831,none,,0.0,0.0,min_max,0.0,14400.0,142485.0,14400.0,10,1,1,1,14400.0,14400.0,14400.0,0.0
512,M-1810,item:268091,11084.918718,14400.0,14400.0,203550.0,finite,3433637.766831,none,,0.0,0.0,min_max,0.0,14400.0,142485.0,14400.0,10,2,1,1,14400.0,14400.0,14400.0,0.0
513,M-1810,item:268091,10893.604152,14400.0,14400.0,203550.0,finite,3419237.766831,none,,0.0,0.0,min_max,0.0,14400.0,142485.0,14400.0,10,3,1,1,14400.0,14400.0,14400.0,0.0
514,M-1810,item:268091,10641.561647,14400.0,14400.0,203550.0,finite,3404837.766831,none,,0.0,0.0,min_max,0.0,14400.0,142485.0,14400.0,10,4,1,1,14400.0,14400.0,14400.0,0.0
515,M-1810,item:268091,10377.373554,14400.0,14400.0,203550.0,finite,3390437.766831,none,,0.0,0.0,min_max,0.0,14400.0,142485.0,14400.0,10,5,1,1,14400.0,14400.0,14400.0,0.0
516,M-1810,item:268091,10110.756343,14400.0,14400.0,203550.0,finite,3376037.766831,none,,0.0,0.0,min_max,0.0,14400.0,142485.0,14400.0,10,6,1,1,14400.0,14400.0,14400.0,0.0
517,M-1810,item:268091,9843.653309,14400.0,14400.0,203550.0,finite,3361637.766831,none,,0.0,0.0,min_max,0.0,14400.0,142485.0,14400.0,10,7,1,1,14400.0,14400.0,14400.0,0.0
518,M-1810,item:268091,9576.453111,14400.0,14400.0,203550.0,finite,3347237.766831,none,,0.0,0.0,min_max,0.0,14400.0,142485.0,14400.0,10,1,1,1,14400.0,14400.0,14400.0,0.0
519,M-1810,item:268091,9309.233479,14400.0,14400.0,203550.0,finite,3332837.766831,none,,0.0,0.0,min_max,0.0,14400.0,142485.0,14400.0,10,2,1,1,14400.0,14400.0,14400.0,0.0
520,M-1810,item:268091,8994.581389,14400.0,14400.0,203550.0,finite,3318437.766831,none,,0.0,0.0,min_max,0.0,14400.0,142485.0,14400.0,10,3,1,1,14400.0,14400.0,14400.0,0.0
529,M-1430,item:268967,9374.514286,107800.0,107800.0,154000.0,finite,3557400.101712,none,,0.0,0.0,fixed,107800.0,107800.0,107800.0,0.0,10,1,1,1,107800.0,107800.0,107800.0,0.0
529,M-1810,item:268091,6910.612245,14400.0,14400.0,203550.0,finite,3304037.766831,none,,0.0,0.0,min_max,0.0,14400.0,142485.0,14400.0,10,1,1,1,14400.0,14400.0,14400.0,0.0
530,M-1430,item:268967,13643.017143,107800.0,107800.0,154000.0,finite,3449600.101712,none,,0.0,0.0,fixed,107800.0,107800.0,107800.0,0.0,10,2,1,1,107800.0,107800.0,107800.0,0.0
530,M-1810,item:268091,8741.110204,14400.0,14400.0,203550.0,finite,3289637.766831,none,,0.0,0.0,min_max,0.0,14400.0,142485.0,14400.0,10,2,1,1,14400.0,14400.0,14400.0,0.0
531,M-1430,item:268967,16890.317714,107800.0,107800.0,154000.0,finite,3341800.101712,none,,0.0,0.0,fixed,107800.0,107800.0,107800.0,0.0,10,3,1,1,107800.0,107800.0,107800.0,0.0
531,M-1810,item:268091,9555.585306,14400.0,14400.0,203550.0,finite,3275237.766831,none,,0.0,0.0,min_max,0.0,14400.0,142485.0,14400.0,10,3,1,1,14400.0,14400.0,14400.0,0.0
532,M-1430,item:268967,19933.377828,107800.0,107800.0,154000.0,finite,3234000.101712,none,,0.0,0.0,fixed,107800.0,107800.0,107800.0,0.0,10,1,1,1,107800.0,107800.0,107800.0,0.0
532,M-1810,item:268091,10166.855837,14400.0,14400.0,203550.0,finite,3260837.766831,none,,0.0,0.0,min_max,0.0,14400.0,142485.0,14400.0,10,1,1,1,14400.0,14400.0,14400.0,0.0
532,SDC-1450,item:773474,1862335.8576,3200000.0,3200000.0,0.0,unmodeled,246602684.563758,none,,0.0,0.0,fixed,3200000.0,0.0,0.0,0.0,10,1,1,1,3200000.0,3200000.0,3200000.0,0.0
533,M-1430,item:268967,22935.589851,107800.0,107800.0,154000.0,finite,3126200.101712,none,,0.0,0.0,fixed,107800.0,107800.0,107800.0,0.0,10,2,1,1,107800.0,107800.0,107800.0,0.0
533,M-1810,item:268091,10737.485453,14400.0,14400.0,203550.0,finite,3246437.766831,none,,0.0,0.0,min_max,0.0,14400.0,142485.0,14400.0,10,2,1,1,14400.0,14400.0,14400.0,0.0
534,M-1430,item:268967,20945.19144,107800.0,107800.0,154000.0,finite,3018400.101712,none,,0.0,0.0,fixed,107800.0,107800.0,107800.0,0.0,10,3,1,1,107800.0,107800.0,107800.0,0.0
534,M-1810,item:268091,11141.015458,14400.0,14400.0,203550.0,finite,3232037.766831,none,,0.0,0.0,min_max,0.0,14400.0,142485.0,14400.0,10,3,1,1,14400.0,14400.0,14400.0,0.0
535,M-1430,item:268967,17956.270941,107800.0,107800.0,154000.0,finite,2910600.101712,none,,0.0,0.0,fixed,107800.0,107800.0,107800.0,0.0,10,4,1,1,107800.0,107800.0,107800.0,0.0
535,M-1810,item:268091,11511.12554,14400.0,14400.0,203550.0,finite,3217637.766831,none,,0.0,0.0,min_max,0.0,14400.0,142485.0,14400.0,10,4,1,1,14400.0,14400.0,14400.0,0.0
535,SDC-1450,item:773474,1846803.0576,3200000.0,3200000.0,0.0,unmodeled,243402684.563758,none,,0.0,0.0,fixed,3200000.0,0.0,0.0,0.0,10,2,1,1,3200000.0,3200000.0,3200000.0,0.0
536,M-1430,item:268967,14767.646025,107800.0,107800.0,154000.0,finite,2802800.101712,none,,0.0,0.0,fixed,107800.0,107800.0,107800.0,0.0,10,5,1,1,107800.0,107800.0,107800.0,0.0
536,M-1810,item:268091,11874.551638,14400.0,14400.0,203550.0,finite,3203237.766831,none,,0.0,0.0,min_max,0.0,14400.0,142485.0,14400.0,10,5,1,1,14400.0,14400.0,14400.0,0.0
537,M-1810,item:268091,12236.64094,14400.0,14400.0,203550.0,finite,3188837.766831,none,,0.0,0.0,min_max,0.0,14400.0,142485.0,14400.0,10,6,1,1,14400.0,14400.0,14400.0,0.0
538,M-1810,item:268091,12598.462882,14400.0,14400.0,203550.0,finite,3174437.766831,none,,0.0,0.0,min_max,0.0,14400.0,142485.0,14400.0,10,7,1,1,14400.0,14400.0,14400.0,0.0
539,M-1810,item:268091,12960.231352,14400.0,14400.0,203550.0,finite,3160037.766831,none,,0.0,0.0,min_max,0.0,14400.0,142485.0,14400.0,10,1,1,1,14400.0,14400.0,14400.0,0.0
540,M-1810,item:268091,13321.989127,14400.0,14400.0,203550.0,finite,3145637.766831,none,,0.0,0.0,min_max,0.0,14400.0,142485.0,14400.0,10,2,1,1,14400.0,14400.0,14400.0,0.0
541,M-1810,item:268091,12874.471295,14400.0,14400.0,203550.0,finite,3131237.766831,none,,0.0,0.0,min_max,0.0,14400.0,142485.0,14400.0,10,3,1,1,14400.0,14400.0,14400.0,0.0
542,M-1810,item:268091,12265.09834,14400.0,14400.0,203550.0,finite,3116837.766831,none,,0.0,0.0,min_max,0.0,14400.0,142485.0,14400.0,10,4,1,1,14400.0,14400.0,14400.0,0.0
543,M-1810,item:268091,11623.354362,14400.0,14400.0,203550.0,finite,3102437.766831,none,,0.0,0.0,min_max,0.0,14400.0,142485.0,14400.0,10,5,1,1,14400.0,14400.0,14400.0,0.0
544,M-1810,item:268091,10975.136179,14400.0,14400.0,203550.0,finite,3088037.766831,none,,0.0,0.0,min_max,0.0,14400.0,142485.0,14400.0,10,6,1,1,14400.0,14400.0,14400.0,0.0
545,M-1810,item:268091,10325.623154,14400.0,14400.0,203550.0,finite,3073637.766831,none,,0.0,0.0,min_max,0.0,14400.0,142485.0,14400.0,10,7,1,1,14400.0,14400.0,14400.0,0.0
546,M-1810,item:268091,9675.851162,14400.0,14400.0,203550.0,finite,3059237.766831,none,,0.0,0.0,min_max,0.0,14400.0,142485.0,14400.0,10,1,1,1,14400.0,14400.0,14400.0,0.0
547,M-1810,item:268091,9026.027376,14400.0,14400.0,203550.0,finite,3044837.766831,none,,0.0,0.0,min_max,0.0,14400.0,142485.0,14400.0,10,2,1,1,14400.0,14400.0,14400.0,0.0
550,M-1810,item:268091,7663.477551,14400.0,14400.0,203550.0,finite,3030437.766831,none,,0.0,0.0,min_max,0.0,14400.0,142485.0,14400.0,10,3,1,1,14400.0,14400.0,14400.0,0.0
551,M-1810,item:268091,9387.046531,14400.0,14400.0,203550.0,finite,3016037.766831,none,,0.0,0.0,min_max,0.0,14400.0,142485.0,14400.0,10,4,1,1,14400.0,14400.0,14400.0,0.0
552,M-1810,item:268091,9922.633796,14400.0,14400.0,203550.0,finite,3001637.766831,none,,0.0,0.0,min_max,0.0,14400.0,142485.0,14400.0,10,5,1,1,14400.0,14400.0,14400.0,0.0
553,M-1810,item:268091,10220.624719,14400.0,14400.0,203550.0,finite,2987237.766831,none,,0.0,0.0,min_max,0.0,14400.0,142485.0,14400.0,10,1,1,1,14400.0,14400.0,14400.0,0.0
554,M-1810,item:268091,10471.096373,14400.0,14400.0,203550.0,finite,2972837.766831,none,,0.0,0.0,min_max,0.0,14400.0,142485.0,14400.0,10,2,1,1,14400.0,14400.0,14400.0,0.0
555,M-1810,item:268091,10140.570295,14400.0,14400.0,203550.0,finite,2958437.766831,none,,0.0,0.0,min_max,0.0,14400.0,142485.0,14400.0,10,3,1,1,14400.0,14400.0,14400.0,0.0
556,M-1810,item:268091,9693.844671,14400.0,14400.0,203550.0,finite,2944037.766831,none,,0.0,0.0,min_max,0.0,14400.0,142485.0,14400.0,10,4,1,1,14400.0,14400.0,14400.0,0.0
564,M-1810,item:268091,8054.285714,14400.0,14400.0,203550.0,finite,2929637.766831,none,,0.0,0.0,min_max,0.0,14400.0,142485.0,14400.0,10,1,1,1,14400.0,14400.0,14400.0,0.0
565,M-1810,item:268091,10429.028571,14400.0,14400.0,203550.0,finite,2915237.766831,none,,0.0,0.0,min_max,0.0,14400.0,142485.0,14400.0,10,2,1,1,14400.0,14400.0,14400.0,0.0
566,M-1810,item:268091,11667.862857,14400.0,14400.0,203550.0,finite,2900837.766831,none,,0.0,0.0,min_max,0.0,14400.0,142485.0,14400.0,10,3,1,1,14400.0,14400.0,14400.0,0.0
567,M-1810,item:268091,12679.515428,14400.0,14400.0,203550.0,finite,2886437.766831,none,,0.0,0.0,min_max,0.0,14400.0,142485.0,14400.0,10,1,1,1,14400.0,14400.0,14400.0,0.0
568,M-1810,item:268091,13645.731657,14400.0,14400.0,203550.0,finite,2872037.766831,none,,0.0,0.0,min_max,0.0,14400.0,142485.0,14400.0,10,2,1,1,14400.0,14400.0,14400.0,0.0
569,M-1810,item:268091,13130.436127,14400.0,14400.0,203550.0,finite,2857637.766831,none,,0.0,0.0,min_max,0.0,14400.0,142485.0,14400.0,10,3,1,1,14400.0,14400.0,14400.0,0.0
570,M-1810,item:268091,12318.838246,14400.0,14400.0,203550.0,finite,2843237.766831,none,,0.0,0.0,min_max,0.0,14400.0,142485.0,14400.0,10,4,1,1,14400.0,14400.0,14400.0,0.0
571,M-1810,item:268091,11447.979894,14400.0,14400.0,203550.0,finite,2828837.766831,none,,0.0,0.0,min_max,0.0,14400.0,142485.0,14400.0,10,5,1,1,14400.0,14400.0,14400.0,0.0
572,M-1810,item:268091,10565.269448,14400.0,14400.0,203550.0,finite,2814437.766831,none,,0.0,0.0,min_max,0.0,14400.0,142485.0,14400.0,10,6,1,1,14400.0,14400.0,14400.0,0.0
573,M-1810,item:268091,9680.188584,14400.0,14400.0,203550.0,finite,2800037.766831,none,,0.0,0.0,min_max,0.0,14400.0,142485.0,14400.0,10,7,1,1,14400.0,14400.0,14400.0,0.0
574,M-1810,item:268091,8794.633635,14400.0,14400.0,203550.0,finite,2785637.766831,none,,0.0,0.0,min_max,0.0,14400.0,142485.0,14400.0,10,1,1,1,14400.0,14400.0,14400.0,0.0
599,M-1810,item:268091,6294.302041,14400.0,14400.0,203550.0,finite,2771237.766831,none,,0.0,0.0,min_max,0.0,14400.0,142485.0,14400.0,10,1,1,1,14400.0,14400.0,14400.0,0.0
600,M-1810,item:268091,8234.958367,14400.0,14400.0,203550.0,finite,2756837.766831,none,,0.0,0.0,min_max,0.0,14400.0,142485.0,14400.0,10,2,1,1,14400.0,14400.0,14400.0,0.0
601,M-1810,item:268091,9304.885551,14400.0,14400.0,203550.0,finite,2742437.766831,none,,0.0,0.0,min_max,0.0,14400.0,142485.0,14400.0,10,3,1,1,14400.0,14400.0,14400.0,0.0
602,M-1810,item:268091,10200.666906,14400.0,14400.0,203550.0,finite,2728037.766831,none,,0.0,0.0,min_max,0.0,14400.0,142485.0,14400.0,10,1,1,1,14400.0,14400.0,14400.0,0.0
603,M-1810,item:268091,11061.619096,14400.0,14400.0,203550.0,finite,2713637.766831,none,,0.0,0.0,min_max,0.0,14400.0,142485.0,14400.0,10,2,1,1,14400.0,14400.0,14400.0,0.0
604,M-1810,item:268091,11033.483003,14400.0,14400.0,203550.0,finite,2699237.766831,none,,0.0,0.0,min_max,0.0,14400.0,142485.0,14400.0,10,3,1,1,14400.0,14400.0,14400.0,0.0
605,M-1810,item:268091,10827.529254,14400.0,14400.0,203550.0,finite,2684837.766831,none,,0.0,0.0,min_max,0.0,14400.0,142485.0,14400.0,10,4,1,1,14400.0,14400.0,14400.0,0.0
606,M-1810,item:268091,10586.011973,14400.0,14400.0,203550.0,finite,2670437.766831,none,,0.0,0.0,min_max,0.0,14400.0,142485.0,14400.0,10,5,1,1,14400.0,14400.0,14400.0,0.0
607,M-1810,item:268091,10337.381987,14400.0,14400.0,203550.0,finite,2656037.766831,none,,0.0,0.0,min_max,0.0,14400.0,142485.0,14400.0,10,6,1,1,14400.0,14400.0,14400.0,0.0
608,M-1810,item:268091,10087.329459,14400.0,14400.0,203550.0,finite,2641637.766831,none,,0.0,0.0,min_max,0.0,14400.0,142485.0,14400.0,10,7,1,1,14400.0,14400.0,14400.0,0.0
609,M-1810,item:268091,9836.992422,14400.0,14400.0,203550.0,finite,2627237.766831,none,,0.0,0.0,min_max,0.0,14400.0,142485.0,14400.0,10,1,1,1,14400.0,14400.0,14400.0,0.0
610,M-1810,item:268091,9586.598484,14400.0,14400.0,203550.0,finite,2612837.766831,none,,0.0,0.0,min_max,0.0,14400.0,142485.0,14400.0,10,2,1,1,14400.0,14400.0,14400.0,0.0
611,M-1810,item:268091,9486.936023,14400.0,14400.0,203550.0,finite,2598437.766831,none,,0.0,0.0,min_max,0.0,14400.0,142485.0,14400.0,10,3,1,1,14400.0,14400.0,14400.0,0.0
612,M-1810,item:268091,9417.419858,14400.0,14400.0,203550.0,finite,2584037.766831,none,,0.0,0.0,min_max,0.0,14400.0,142485.0,14400.0,10,4,1,1,14400.0,14400.0,14400.0,0.0
613,M-1810,item:268091,9353.932951,14400.0,14400.0,203550.0,finite,2569637.766831,none,,0.0,0.0,min_max,0.0,14400.0,142485.0,14400.0,10,5,1,1,14400.0,14400.0,14400.0,0.0
614,M-1810,item:268091,9291.651896,14400.0,14400.0,203550.0,finite,2555237.766831,none,,0.0,0.0,min_max,0.0,14400.0,142485.0,14400.0,10,6,1,1,14400.0,14400.0,14400.0,0.0
615,M-1810,item:268091,9229.612012,14400.0,14400.0,203550.0,finite,2540837.766831,none,,0.0,0.0,min_max,0.0,14400.0,142485.0,14400.0,10,7,1,1,14400.0,14400.0,14400.0,0.0
616,M-1810,item:268091,9167.620361,14400.0,14400.0,203550.0,finite,2526437.766831,none,,0.0,0.0,min_max,0.0,14400.0,142485.0,14400.0,10,1,1,1,14400.0,14400.0,14400.0,0.0
617,M-1810,item:268091,9105.638358,14400.0,14400.0,203550.0,finite,2512037.766831,none,,0.0,0.0,min_max,0.0,14400.0,142485.0,14400.0,10,2,1,1,14400.0,14400.0,14400.0,0.0
618,M-1810,item:268091,9212.915427,14400.0,14400.0,203550.0,finite,2497637.766831,none,,0.0,0.0,min_max,0.0,14400.0,142485.0,14400.0,10,3,1,1,14400.0,14400.0,14400.0,0.0
619,M-1810,item:268091,9354.04431,14400.0,14400.0,203550.0,finite,2483237.766831,none,,0.0,0.0,min_max,0.0,14400.0,142485.0,14400.0,10,4,1,1,14400.0,14400.0,14400.0,0.0
620,M-1810,item:268091,9501.943556,14400.0,14400.0,203550.0,finite,2468837.766831,none,,0.0,0.0,min_max,0.0,14400.0,142485.0,14400.0,10,5,1,1,14400.0,14400.0,14400.0,0.0
621,M-1810,item:268091,9651.196874,14400.0,14400.0,203550.0,finite,2454437.766831,none,,0.0,0.0,min_max,0.0,14400.0,142485.0,14400.0,10,6,1,1,14400.0,14400.0,14400.0,0.0
622,M-1810,item:268091,9800.721007,14400.0,14400.0,203550.0,finite,2440037.766831,none,,0.0,0.0,min_max,0.0,14400.0,142485.0,14400.0,10,7,1,1,14400.0,14400.0,14400.0,0.0
623,M-1810,item:268091,9950.299303,14400.0,14400.0,203550.0,finite,2425637.766831,none,,0.0,0.0,min_max,0.0,14400.0,142485.0,14400.0,10,1,1,1,14400.0,14400.0,14400.0,0.0
624,M-1810,item:268091,10099.888432,14400.0,14400.0,203550.0,finite,2411237.766831,none,,0.0,0.0,min_max,0.0,14400.0,142485.0,14400.0,10,2,1,1,14400.0,14400.0,14400.0,0.0
625,M-1810,item:268091,10479.96136,14400.0,14400.0,203550.0,finite,2396837.766831,none,,0.0,0.0,min_max,0.0,14400.0,142485.0,14400.0,10,3,1,1,14400.0,14400.0,14400.0,0.0
626,M-1810,item:268091,10906.131047,14400.0,14400.0,203550.0,finite,2382437.766831,none,,0.0,0.0,min_max,0.0,14400.0,142485.0,14400.0,10,4,1,1,14400.0,14400.0,14400.0,0.0
627,M-1810,item:268091,11341.520087,14400.0,14400.0,203550.0,finite,2368037.766831,none,,0.0,0.0,min_max,0.0,14400.0,142485.0,14400.0,10,5,1,1,14400.0,14400.0,14400.0,0.0
628,M-1810,item:268091,11778.752997,14400.0,14400.0,203550.0,finite,2353637.766831,none,,0.0,0.0,min_max,0.0,14400.0,142485.0,14400.0,10,6,1,1,14400.0,14400.0,14400.0,0.0
629,M-1810,item:268091,12216.354681,14400.0,14400.0,203550.0,finite,2339237.766831,none,,0.0,0.0,min_max,0.0,14400.0,142485.0,14400.0,10,7,1,1,14400.0,14400.0,14400.0,0.0
630,M-1810,item:268091,12654.03012,14400.0,14400.0,203550.0,finite,2324837.766831,none,,0.0,0.0,min_max,0.0,14400.0,142485.0,14400.0,10,1,1,1,14400.0,14400.0,14400.0,0.0
631,M-1810,item:268091,13091.72031,14400.0,14400.0,203550.0,finite,2310437.766831,none,,0.0,0.0,min_max,0.0,14400.0,142485.0,14400.0,10,2,1,1,14400.0,14400.0,14400.0,0.0
632,M-1810,item:268091,12561.250184,14400.0,14400.0,203550.0,finite,2296037.766831,none,,0.0,0.0,min_max,0.0,14400.0,142485.0,14400.0,10,3,1,1,14400.0,14400.0,14400.0,0.0
633,M-1810,item:268091,11837.147996,14400.0,14400.0,203550.0,finite,2281637.766831,none,,0.0,0.0,min_max,0.0,14400.0,142485.0,14400.0,10,4,1,1,14400.0,14400.0,14400.0,0.0
634,M-1810,item:268091,11074.319395,14400.0,14400.0,203550.0,finite,2267237.766831,none,,0.0,0.0,min_max,0.0,14400.0,142485.0,14400.0,10,5,1,1,14400.0,14400.0,14400.0,0.0
635,M-1810,item:268091,10303.745512,14400.0,14400.0,203550.0,finite,2252837.766831,none,,0.0,0.0,min_max,0.0,14400.0,142485.0,14400.0,10,6,1,1,14400.0,14400.0,14400.0,0.0
636,M-1810,item:268091,9531.622572,14400.0,14400.0,203550.0,finite,2238437.766831,none,,0.0,0.0,min_max,0.0,14400.0,142485.0,14400.0,10,7,1,1,14400.0,14400.0,14400.0,0.0
644,M-1810,item:268091,7223.167347,14400.0,14400.0,203550.0,finite,2224037.766831,none,,0.0,0.0,min_max,0.0,14400.0,142485.0,14400.0,10,1,1,1,14400.0,14400.0,14400.0,0.0
645,M-1810,item:268091,8832.519184,14400.0,14400.0,203550.0,finite,2209637.766831,none,,0.0,0.0,min_max,0.0,14400.0,142485.0,14400.0,10,2,1,1,14400.0,14400.0,14400.0,0.0
646,M-1810,item:268091,9275.499755,14400.0,14400.0,203550.0,finite,2195237.766831,none,,0.0,0.0,min_max,0.0,14400.0,142485.0,14400.0,10,3,1,1,14400.0,14400.0,14400.0,0.0
647,M-1810,item:268091,9485.206074,14400.0,14400.0,203550.0,finite,2180837.766831,none,,0.0,0.0,min_max,0.0,14400.0,142485.0,14400.0,10,4,1,1,14400.0,14400.0,14400.0,0.0
648,M-1810,item:268091,9648.257541,14400.0,14400.0,203550.0,finite,2166437.766831,none,,0.0,0.0,min_max,0.0,14400.0,142485.0,14400.0,10,5,1,1,14400.0,14400.0,14400.0,0.0
649,M-1810,item:268091,9801.978039,14400.0,14400.0,203550.0,finite,2152037.766831,none,,0.0,0.0,min_max,0.0,14400.0,142485.0,14400.0,10,6,1,1,14400.0,14400.0,14400.0,0.0
650,M-1810,item:268091,9953.832343,14400.0,14400.0,203550.0,finite,2137637.766831,none,,0.0,0.0,min_max,0.0,14400.0,142485.0,14400.0,10,7,1,1,14400.0,14400.0,14400.0,0.0
651,M-1810,item:268091,10105.313408,14400.0,14400.0,203550.0,finite,2123237.766831,none,,0.0,0.0,min_max,0.0,14400.0,142485.0,14400.0,10,1,1,1,14400.0,14400.0,14400.0,0.0
652,M-1810,item:268091,10256.719825,14400.0,14400.0,203550.0,finite,2108837.766831,none,,0.0,0.0,min_max,0.0,14400.0,142485.0,14400.0,10,2,1,1,14400.0,14400.0,14400.0,0.0
653,M-1810,item:268091,10418.397026,14400.0,14400.0,203550.0,finite,2094437.766831,none,,0.0,0.0,min_max,0.0,14400.0,142485.0,14400.0,10,3,1,1,14400.0,14400.0,14400.0,0.0
654,M-1810,item:268091,10582.128385,14400.0,14400.0,203550.0,finite,2080037.766831,none,,0.0,0.0,min_max,0.0,14400.0,142485.0,14400.0,10,4,1,1,14400.0,14400.0,14400.0,0.0
655,M-1810,item:268091,10746.270575,14400.0,14400.0,203550.0,finite,2065637.766831,none,,0.0,0.0,min_max,0.0,14400.0,142485.0,14400.0,10,5,1,1,14400.0,14400.0,14400.0,0.0
656,M-1810,item:268091,10910.494931,14400.0,14400.0,203550.0,finite,2051237.766831,none,,0.0,0.0,min_max,0.0,14400.0,142485.0,14400.0,10,6,1,1,14400.0,14400.0,14400.0,0.0
657,M-1810,item:268091,11074.735721,14400.0,14400.0,203550.0,finite,2036837.766831,none,,0.0,0.0,min_max,0.0,14400.0,142485.0,14400.0,10,7,1,1,14400.0,14400.0,14400.0,0.0
658,M-1810,item:268091,11238.979797,14400.0,14400.0,203550.0,finite,2022437.766831,none,,0.0,0.0,min_max,0.0,14400.0,142485.0,14400.0,10,1,1,1,14400.0,14400.0,14400.0,0.0
659,M-1810,item:268091,11403.224531,14400.0,14400.0,203550.0,finite,2008037.766831,none,,0.0,0.0,min_max,0.0,14400.0,142485.0,14400.0,10,2,1,1,14400.0,14400.0,14400.0,0.0
660,M-1810,item:268091,10969.869396,14400.0,14400.0,203550.0,finite,1993637.766831,none,,0.0,0.0,min_max,0.0,14400.0,142485.0,14400.0,10,3,1,1,14400.0,14400.0,14400.0,0.0
661,M-1810,item:268091,10416.994287,14400.0,14400.0,203550.0,finite,1979237.766831,none,,0.0,0.0,min_max,0.0,14400.0,142485.0,14400.0,10,4,1,1,14400.0,14400.0,14400.0,0.0
662,M-1810,item:268091,9840.215184,14400.0,14400.0,203550.0,finite,1964837.766831,none,,0.0,0.0,min_max,0.0,14400.0,142485.0,14400.0,10,5,1,1,14400.0,14400.0,14400.0,0.0
671,M-1810,item:268091,7479.591837,14400.0,14400.0,203550.0,finite,1950437.766831,none,,0.0,0.0,min_max,0.0,14400.0,142485.0,14400.0,10,1,1,1,14400.0,14400.0,14400.0,0.0
672,M-1810,item:268091,9293.028571,14400.0,14400.0,203550.0,finite,1936037.766831,none,,0.0,0.0,min_max,0.0,14400.0,142485.0,14400.0,10,1,1,1,14400.0,14400.0,14400.0,0.0
673,M-1810,item:268091,9973.234285,14400.0,14400.0,203550.0,finite,1921637.766831,none,,0.0,0.0,min_max,0.0,14400.0,142485.0,14400.0,10,2,1,1,14400.0,14400.0,14400.0,0.0
674,M-1810,item:268091,9651.414204,14400.0,14400.0,203550.0,finite,1907237.766831,none,,0.0,0.0,min_max,0.0,14400.0,142485.0,14400.0,10,3,1,1,14400.0,14400.0,14400.0,0.0
675,M-1810,item:268091,9129.188963,14400.0,14400.0,203550.0,finite,1892837.766831,none,,0.0,0.0,min_max,0.0,14400.0,142485.0,14400.0,10,4,1,1,14400.0,14400.0,14400.0,0.0
683,M-1810,item:268091,7966.465306,14400.0,14400.0,203550.0,finite,1878437.766831,none,,0.0,0.0,min_max,0.0,14400.0,142485.0,14400.0,10,1,1,1,14400.0,14400.0,14400.0,0.0
684,M-1810,item:268091,10578.713469,14400.0,14400.0,203550.0,finite,1864037.766831,none,,0.0,0.0,min_max,0.0,14400.0,142485.0,14400.0,10,2,1,1,14400.0,14400.0,14400.0,0.0
685,M-1810,item:268091,12120.118204,14400.0,14400.0,203550.0,finite,1849637.766831,none,,0.0,0.0,min_max,0.0,14400.0,142485.0,14400.0,10,3,1,1,14400.0,14400.0,14400.0,0.0
686,M-1810,item:268091,13447.354253,14400.0,14400.0,203550.0,finite,1835237.766831,none,,0.0,0.0,min_max,0.0,14400.0,142485.0,14400.0,10,1,1,1,14400.0,14400.0,14400.0,0.0
687,M-1810,item:268091,14731.756565,28800.0,28800.0,203550.0,finite,1820837.766831,none,,0.0,0.0,min_max,0.0,14400.0,142485.0,14400.0,10,2,1,1,28800.0,28800.0,28800.0,0.0
688,M-1810,item:268091,15120.196211,28800.0,28800.0,203550.0,finite,1792037.766831,none,,0.0,0.0,min_max,0.0,14400.0,142485.0,14400.0,10,3,1,1,28800.0,28800.0,28800.0,0.0
689,M-1810,item:268091,15329.443324,28800.0,28800.0,203550.0,finite,1763237.766831,none,,0.0,0.0,min_max,0.0,14400.0,142485.0,14400.0,10,4,1,1,28800.0,28800.0,28800.0,0.0
690,M-1810,item:268091,15502.85193,28800.0,28800.0,203550.0,finite,1734437.766831,none,,0.0,0.0,min_max,0.0,14400.0,142485.0,14400.0,10,5,1,1,28800.0,28800.0,28800.0,0.0
691,M-1810,item:268091,15669.092835,28800.0,28800.0,203550.0,finite,1705637.766831,none,,0.0,0.0,min_max,0.0,14400.0,142485.0,14400.0,10,6,1,1,28800.0,28800.0,28800.0,0.0
692,M-1810,item:268091,15833.9002,28800.0,28800.0,203550.0,finite,1676837.766831,none,,0.0,0.0,min_max,0.0,14400.0,142485.0,14400.0,10,7,1,1,28800.0,28800.0,28800.0,0.0
693,M-1810,item:268091,15998.420856,28800.0,28800.0,203550.0,finite,1648037.766831,none,,0.0,0.0,min_max,0.0,14400.0,142485.0,14400.0,10,1,1,1,28800.0,28800.0,28800.0,0.0
694,M-1430,item:268967,5491.542857,107800.0,107800.0,154000.0,finite,2925250.0,none,,0.0,0.0,fixed,107800.0,107800.0,107800.0,0.0,10,1,1,1,107800.0,107800.0,107800.0,0.0
694,M-1810,item:268091,16162.884171,28800.0,28800.0,203550.0,finite,1619237.766831,none,,0.0,0.0,min_max,0.0,14400.0,142485.0,14400.0,10,2,1,1,28800.0,28800.0,28800.0,0.0
695,M-1810,item:268091,15468.250304,28800.0,28800.0,203550.0,finite,1590437.766831,none,,0.0,0.0,min_max,0.0,14400.0,142485.0,14400.0,10,3,1,1,28800.0,28800.0,28800.0,0.0
695,SDC-1450,item:773474,1831270.2576,3200000.0,3200000.0,0.0,unmodeled,240202684.563758,none,,0.0,0.0,fixed,3200000.0,0.0,0.0,0.0,10,1,1,1,3200000.0,3200000.0,3200000.0,0.0
696,M-1810,item:268091,14601.796999,28800.0,28800.0,203550.0,finite,1561637.766831,none,,0.0,0.0,min_max,0.0,14400.0,142485.0,14400.0,10,4,1,1,28800.0,28800.0,28800.0,0.0
697,M-1810,item:268091,13700.979808,14400.0,14400.0,203550.0,finite,1532837.766831,none,,0.0,0.0,min_max,0.0,14400.0,142485.0,14400.0,10,5,1,1,14400.0,14400.0,14400.0,0.0
698,M-1810,item:268091,12793.289839,14400.0,14400.0,203550.0,finite,1518437.766831,none,,0.0,0.0,min_max,0.0,14400.0,142485.0,14400.0,10,6,1,1,14400.0,14400.0,14400.0,0.0
699,M-1810,item:268091,11884.225315,14400.0,14400.0,203550.0,finite,1504037.766831,none,,0.0,0.0,min_max,0.0,14400.0,142485.0,14400.0,10,7,1,1,14400.0,14400.0,14400.0,0.0
700,M-1810,item:268091,10974.885879,14400.0,14400.0,203550.0,finite,1489637.766831,none,,0.0,0.0,min_max,0.0,14400.0,142485.0,14400.0,10,1,1,1,14400.0,14400.0,14400.0,0.0
707,M-1810,item:268091,8507.934694,14400.0,14400.0,203550.0,finite,1475237.766831,none,,0.0,0.0,min_max,0.0,14400.0,142485.0,14400.0,10,1,1,1,14400.0,14400.0,14400.0,0.0
708,M-1810,item:268091,10315.758368,14400.0,14400.0,203550.0,finite,1460837.766831,none,,0.0,0.0,min_max,0.0,14400.0,142485.0,14400.0,10,2,1,1,14400.0,14400.0,14400.0,0.0
709,M-1810,item:268091,11731.527184,14400.0,14400.0,203550.0,finite,1446437.766831,none,,0.0,0.0,min_max,0.0,14400.0,142485.0,14400.0,10,3,1,1,14400.0,14400.0,14400.0,0.0
710,M-1810,item:268091,13068.885029,14400.0,14400.0,203550.0,finite,1432037.766831,none,,0.0,0.0,min_max,0.0,14400.0,142485.0,14400.0,10,4,1,1,14400.0,14400.0,14400.0,0.0
711,M-1810,item:268091,14390.560679,14400.0,14400.0,203550.0,finite,1417637.766831,none,,0.0,0.0,min_max,0.0,14400.0,142485.0,14400.0,10,5,1,1,14400.0,14400.0,14400.0,0.0
712,M-1810,item:268091,15709.099891,28800.0,28800.0,203550.0,finite,1403237.766831,none,,0.0,0.0,min_max,0.0,14400.0,142485.0,14400.0,10,6,1,1,28800.0,28800.0,28800.0,0.0
713,M-1810,item:268091,17027.011815,28800.0,28800.0,203550.0,finite,1374437.766831,none,,0.0,0.0,min_max,0.0,14400.0,142485.0,14400.0,10,7,1,1,28800.0,28800.0,28800.0,0.0
714,M-1430,item:268967,5553.012245,107800.0,107800.0,154000.0,finite,2817450.0,none,,0.0,0.0,fixed,107800.0,107800.0,107800.0,0.0,10,1,1,1,107800.0,107800.0,107800.0,0.0
714,M-1810,item:268091,18344.798281,28800.0,28800.0,203550.0,finite,1345637.766831,none,,0.0,0.0,min_max,0.0,14400.0,142485.0,14400.0,10,1,1,1,28800.0,28800.0,28800.0,0.0
715,M-1810,item:268091,19662.559656,28800.0,28800.0,203550.0,finite,1316837.766831,none,,0.0,0.0,min_max,0.0,14400.0,142485.0,14400.0,10,2,1,1,28800.0,28800.0,28800.0,0.0
716,M-1810,item:268091,19568.887441,28800.0,28800.0,203550.0,finite,1288037.766831,none,,0.0,0.0,min_max,0.0,14400.0,142485.0,14400.0,10,3,1,1,28800.0,28800.0,28800.0,0.0
717,M-1810,item:268091,19192.928509,28800.0,28800.0,203550.0,finite,1259237.766831,none,,0.0,0.0,min_max,0.0,14400.0,142485.0,14400.0,10,4,1,1,28800.0,28800.0,28800.0,0.0
718,M-1810,item:268091,18760.512232,28800.0,28800.0,203550.0,finite,1230437.766831,none,,0.0,0.0,min_max,0.0,14400.0,142485.0,14400.0,10,5,1,1,28800.0,28800.0,28800.0,0.0
719,M-1810,item:268091,18316.804487,28800.0,28800.0,203550.0,finite,1201637.766831,none,,0.0,0.0,min_max,0.0,14400.0,142485.0,14400.0,10,6,1,1,28800.0,28800.0,28800.0,0.0
720,M-1810,item:268091,17870.838448,28800.0,28800.0,203550.0,finite,1172837.766831,none,,0.0,0.0,min_max,0.0,14400.0,142485.0,14400.0,10,7,1,1,28800.0,28800.0,28800.0,0.0
721,M-1810,item:268091,17424.420751,28800.0,28800.0,203550.0,finite,1144037.766831,none,,0.0,0.0,min_max,0.0,14400.0,142485.0,14400.0,10,1,1,1,28800.0,28800.0,28800.0,0.0
722,M-1810,item:268091,16977.912721,28800.0,28800.0,203550.0,finite,1115237.766831,none,,0.0,0.0,min_max,0.0,14400.0,142485.0,14400.0,10,2,1,1,28800.0,28800.0,28800.0,0.0
723,M-1810,item:268091,14961.035605,28800.0,28800.0,203550.0,finite,1086437.766831,none,,0.0,0.0,min_max,0.0,14400.0,142485.0,14400.0,10,3,1,1,28800.0,28800.0,28800.0,0.0
724,M-1810,item:268091,12847.227529,14400.0,14400.0,203550.0,finite,1057637.766831,none,,0.0,0.0,min_max,0.0,14400.0,142485.0,14400.0,10,4,1,1,14400.0,14400.0,14400.0,0.0
751,M-1810,item:268091,9337.371429,14400.0,14400.0,203550.0,finite,3271800.0,none,,0.0,0.0,min_max,0.0,14400.0,142485.0,14400.0,10,1,1,1,14400.0,14400.0,14400.0,0.0
752,M-1810,item:268091,11052.127347,14400.0,14400.0,203550.0,finite,3257400.0,none,,0.0,0.0,min_max,0.0,14400.0,142485.0,14400.0,10,2,1,1,14400.0,14400.0,14400.0,0.0
753,M-1810,item:268091,11242.360163,14400.0,14400.0,203550.0,finite,3243000.0,none,,0.0,0.0,min_max,0.0,14400.0,142485.0,14400.0,10,3,1,1,14400.0,14400.0,14400.0,0.0
754,M-1810,item:268091,11127.688359,14400.0,14400.0,203550.0,finite,3228600.0,none,,0.0,0.0,min_max,0.0,14400.0,142485.0,14400.0,10,4,1,1,14400.0,14400.0,14400.0,0.0
755,M-1810,item:268091,10952.035631,14400.0,14400.0,203550.0,finite,3214200.0,none,,0.0,0.0,min_max,0.0,14400.0,142485.0,14400.0,10,5,1,1,14400.0,14400.0,14400.0,0.0
756,M-1810,item:268091,10764.186718,14400.0,14400.0,203550.0,finite,3199800.0,none,,0.0,0.0,min_max,0.0,14400.0,142485.0,14400.0,10,1,1,1,14400.0,14400.0,14400.0,0.0
757,M-1810,item:268091,10573.898568,14400.0,14400.0,203550.0,finite,3185400.0,none,,0.0,0.0,min_max,0.0,14400.0,142485.0,14400.0,10,2,1,1,14400.0,14400.0,14400.0,0.0
758,M-1430,item:268967,3937.828571,107800.0,107800.0,154000.0,finite,2709650.0,none,,0.0,0.0,fixed,107800.0,107800.0,107800.0,0.0,10,1,1,1,107800.0,107800.0,107800.0,0.0
758,M-1810,item:268091,10383.12257,14400.0,14400.0,203550.0,finite,3171000.0,none,,0.0,0.0,min_max,0.0,14400.0,142485.0,14400.0,10,3,1,1,14400.0,14400.0,14400.0,0.0
762,M-1810,item:268091,7861.093878,14400.0,14400.0,203550.0,finite,3156600.0,none,,0.0,0.0,min_max,0.0,14400.0,142485.0,14400.0,10,4,1,1,14400.0,14400.0,14400.0,0.0
764,M-1810,item:268091,7657.469388,14400.0,14400.0,203550.0,finite,3142200.0,none,,0.0,0.0,min_max,0.0,14400.0,142485.0,14400.0,10,1,1,1,14400.0,14400.0,14400.0,0.0
771,M-1430,item:268967,5136.881633,107800.0,107800.0,154000.0,finite,2601850.0,none,,0.0,0.0,fixed,107800.0,107800.0,107800.0,0.0,10,1,1,1,107800.0,107800.0,107800.0,0.0
775,M-1810,item:268091,8110.530612,14400.0,14400.0,203550.0,finite,3127800.0,none,,0.0,0.0,min_max,0.0,14400.0,142485.0,14400.0,10,1,1,1,14400.0,14400.0,14400.0,0.0
776,M-1810,item:268091,10553.404082,14400.0,14400.0,203550.0,finite,3113400.0,none,,0.0,0.0,min_max,0.0,14400.0,142485.0,14400.0,10,2,1,1,14400.0,14400.0,14400.0,0.0
777,M-1810,item:268091,11862.746122,14400.0,14400.0,203550.0,finite,3099000.0,none,,0.0,0.0,min_max,0.0,14400.0,142485.0,14400.0,10,1,1,1,14400.0,14400.0,14400.0,0.0
778,M-1810,item:268091,12945.381878,14400.0,14400.0,203550.0,finite,3084600.0,none,,0.0,0.0,min_max,0.0,14400.0,142485.0,14400.0,10,2,1,1,14400.0,14400.0,14400.0,0.0
779,M-1810,item:268091,13982.676376,14400.0,14400.0,203550.0,finite,3070200.0,none,,0.0,0.0,min_max,0.0,14400.0,142485.0,14400.0,10,3,1,1,14400.0,14400.0,14400.0,0.0
780,M-1810,item:268091,14116.012826,14400.0,14400.0,203550.0,finite,3055800.0,none,,0.0,0.0,min_max,0.0,14400.0,142485.0,14400.0,10,4,1,1,14400.0,14400.0,14400.0,0.0
781,M-1810,item:268091,14068.557667,14400.0,14400.0,203550.0,finite,3041400.0,none,,0.0,0.0,min_max,0.0,14400.0,142485.0,14400.0,10,5,1,1,14400.0,14400.0,14400.0,0.0
782,M-1810,item:268091,13984.944186,14400.0,14400.0,203550.0,finite,3027000.0,none,,0.0,0.0,min_max,0.0,14400.0,142485.0,14400.0,10,6,1,1,14400.0,14400.0,14400.0,0.0
783,M-1810,item:268091,13894.099041,14400.0,14400.0,203550.0,finite,3012600.0,none,,0.0,0.0,min_max,0.0,14400.0,142485.0,14400.0,10,7,1,1,14400.0,14400.0,14400.0,0.0
784,M-1810,item:268091,13801.807563,14400.0,14400.0,203550.0,finite,2998200.0,none,,0.0,0.0,min_max,0.0,14400.0,142485.0,14400.0,10,1,1,1,14400.0,14400.0,14400.0,0.0
785,M-1810,item:268091,13709.226818,14400.0,14400.0,203550.0,finite,2983800.0,none,,0.0,0.0,min_max,0.0,14400.0,142485.0,14400.0,10,2,1,1,14400.0,14400.0,14400.0,0.0
786,M-1810,item:268091,13616.58822,14400.0,14400.0,203550.0,finite,2969400.0,none,,0.0,0.0,min_max,0.0,14400.0,142485.0,14400.0,10,3,1,1,14400.0,14400.0,14400.0,0.0
787,M-1430,item:268967,4957.518368,107800.0,107800.0,154000.0,finite,2494050.0,none,,0.0,0.0,fixed,107800.0,107800.0,107800.0,0.0,10,1,1,1,107800.0,107800.0,107800.0,0.0
787,M-1810,item:268091,13338.925807,14400.0,14400.0,203550.0,finite,2955000.0,none,,0.0,0.0,min_max,0.0,14400.0,142485.0,14400.0,10,4,1,1,14400.0,14400.0,14400.0,0.0
788,M-1810,item:268091,13024.258631,14400.0,14400.0,203550.0,finite,2940600.0,none,,0.0,0.0,min_max,0.0,14400.0,142485.0,14400.0,10,5,1,1,14400.0,14400.0,14400.0,0.0
788,SDC-1450,item:773474,2023893.0576,3200000.0,3200000.0,0.0,unmodeled,237002684.563758,none,,0.0,0.0,fixed,3200000.0,0.0,0.0,0.0,10,1,1,1,3200000.0,3200000.0,3200000.0,0.0
789,M-1810,item:268091,12702.190501,14400.0,14400.0,203550.0,finite,2926200.0,none,,0.0,0.0,min_max,0.0,14400.0,142485.0,14400.0,10,6,1,1,14400.0,14400.0,14400.0,0.0
790,M-1810,item:268091,12378.642182,14400.0,14400.0,203550.0,finite,2911800.0,none,,0.0,0.0,min_max,0.0,14400.0,142485.0,14400.0,10,7,1,1,14400.0,14400.0,14400.0,0.0
791,M-1810,item:268091,12054.797824,14400.0,14400.0,203550.0,finite,2897400.0,none,,0.0,0.0,min_max,0.0,14400.0,142485.0,14400.0,10,1,1,1,14400.0,14400.0,14400.0,0.0
792,M-1810,item:268091,11730.894259,14400.0,14400.0,203550.0,finite,2883000.0,none,,0.0,0.0,min_max,0.0,14400.0,142485.0,14400.0,10,2,1,1,14400.0,14400.0,14400.0,0.0
793,M-1810,item:268091,11406.978852,14400.0,14400.0,203550.0,finite,2868600.0,none,,0.0,0.0,min_max,0.0,14400.0,142485.0,14400.0,10,3,1,1,14400.0,14400.0,14400.0,0.0
794,M-1810,item:268091,11140.040668,14400.0,14400.0,203550.0,finite,2854200.0,none,,0.0,0.0,min_max,0.0,14400.0,142485.0,14400.0,10,4,1,1,14400.0,14400.0,14400.0,0.0
795,M-1810,item:268091,10884.49793,14400.0,14400.0,203550.0,finite,2839800.0,none,,0.0,0.0,min_max,0.0,14400.0,142485.0,14400.0,10,5,1,1,14400.0,14400.0,14400.0,0.0
796,M-1810,item:268091,10631.23428,14400.0,14400.0,203550.0,finite,2825400.0,none,,0.0,0.0,min_max,0.0,14400.0,142485.0,14400.0,10,6,1,1,14400.0,14400.0,14400.0,0.0
797,M-1810,item:268091,10378.426448,14400.0,14400.0,203550.0,finite,2811000.0,none,,0.0,0.0,min_max,0.0,14400.0,142485.0,14400.0,10,7,1,1,14400.0,14400.0,14400.0,0.0
798,M-1810,item:268091,10125.709779,14400.0,14400.0,203550.0,finite,2796600.0,none,,0.0,0.0,min_max,0.0,14400.0,142485.0,14400.0,10,1,1,1,14400.0,14400.0,14400.0,0.0
799,M-1810,item:268091,9873.011344,14400.0,14400.0,203550.0,finite,2782200.0,none,,0.0,0.0,min_max,0.0,14400.0,142485.0,14400.0,10,2,1,1,14400.0,14400.0,14400.0,0.0
800,M-1810,item:268091,9620.316554,14400.0,14400.0,203550.0,finite,2767800.0,none,,0.0,0.0,min_max,0.0,14400.0,142485.0,14400.0,10,3,1,1,14400.0,14400.0,14400.0,0.0
801,M-1810,item:268091,9801.744943,14400.0,14400.0,203550.0,finite,2753400.0,none,,0.0,0.0,min_max,0.0,14400.0,142485.0,14400.0,10,4,1,1,14400.0,14400.0,14400.0,0.0
802,M-1810,item:268091,10069.997968,14400.0,14400.0,203550.0,finite,2739000.0,none,,0.0,0.0,min_max,0.0,14400.0,142485.0,14400.0,10,5,1,1,14400.0,14400.0,14400.0,0.0
803,M-1810,item:268091,10355.61592,14400.0,14400.0,203550.0,finite,2724600.0,none,,0.0,0.0,min_max,0.0,14400.0,142485.0,14400.0,10,6,1,1,14400.0,14400.0,14400.0,0.0
804,M-1810,item:268091,10644.706858,14400.0,14400.0,203550.0,finite,2710200.0,none,,0.0,0.0,min_max,0.0,14400.0,142485.0,14400.0,10,7,1,1,14400.0,14400.0,14400.0,0.0
805,M-1810,item:268091,10934.492392,14400.0,14400.0,203550.0,finite,2695800.0,none,,0.0,0.0,min_max,0.0,14400.0,142485.0,14400.0,10,1,1,1,14400.0,14400.0,14400.0,0.0
806,M-1810,item:268091,11224.416846,14400.0,14400.0,203550.0,finite,2681400.0,none,,0.0,0.0,min_max,0.0,14400.0,142485.0,14400.0,10,2,1,1,14400.0,14400.0,14400.0,0.0
807,M-1810,item:268091,11514.369084,14400.0,14400.0,203550.0,finite,2667000.0,none,,0.0,0.0,min_max,0.0,14400.0,142485.0,14400.0,10,3,1,1,14400.0,14400.0,14400.0,0.0
808,M-1810,item:268091,11654.188103,14400.0,14400.0,203550.0,finite,2652600.0,none,,0.0,0.0,min_max,0.0,14400.0,142485.0,14400.0,10,4,1,1,14400.0,14400.0,14400.0,0.0
809,M-1810,item:268091,11763.980478,14400.0,14400.0,203550.0,finite,2638200.0,none,,0.0,0.0,min_max,0.0,14400.0,142485.0,14400.0,10,5,1,1,14400.0,14400.0,14400.0,0.0
810,M-1810,item:268091,11867.767524,14400.0,14400.0,203550.0,finite,2623800.0,none,,0.0,0.0,min_max,0.0,14400.0,142485.0,14400.0,10,6,1,1,14400.0,14400.0,14400.0,0.0
811,M-1810,item:268091,11970.353505,14400.0,14400.0,203550.0,finite,2609400.0,none,,0.0,0.0,min_max,0.0,14400.0,142485.0,14400.0,10,7,1,1,14400.0,14400.0,14400.0,0.0
812,M-1810,item:268091,12072.699273,14400.0,14400.0,203550.0,finite,2595000.0,none,,0.0,0.0,min_max,0.0,14400.0,142485.0,14400.0,10,1,1,1,14400.0,14400.0,14400.0,0.0
813,M-1810,item:268091,12174.996997,14400.0,14400.0,203550.0,finite,2580600.0,none,,0.0,0.0,min_max,0.0,14400.0,142485.0,14400.0,10,2,1,1,14400.0,14400.0,14400.0,0.0
814,M-1810,item:268091,12277.285114,14400.0,14400.0,203550.0,finite,2566200.0,none,,0.0,0.0,min_max,0.0,14400.0,142485.0,14400.0,10,3,1,1,14400.0,14400.0,14400.0,0.0
815,M-1810,item:268091,11908.469268,14400.0,14400.0,203550.0,finite,2551800.0,none,,0.0,0.0,min_max,0.0,14400.0,142485.0,14400.0,10,4,1,1,14400.0,14400.0,14400.0,0.0
816,M-1810,item:268091,11445.432629,14400.0,14400.0,203550.0,finite,2537400.0,none,,0.0,0.0,min_max,0.0,14400.0,142485.0,14400.0,10,5,1,1,14400.0,14400.0,14400.0,0.0
817,M-1810,item:268091,10963.551832,14400.0,14400.0,203550.0,finite,2523000.0,none,,0.0,0.0,min_max,0.0,14400.0,142485.0,14400.0,10,6,1,1,14400.0,14400.0,14400.0,0.0
818,M-1810,item:268091,10477.902203,14400.0,14400.0,203550.0,finite,2508600.0,none,,0.0,0.0,min_max,0.0,14400.0,142485.0,14400.0,10,7,1,1,14400.0,14400.0,14400.0,0.0
820,M-1430,item:268967,3830.791837,107800.0,107800.0,154000.0,finite,2386250.0,none,,0.0,0.0,fixed,107800.0,107800.0,107800.0,0.0,10,1,1,1,107800.0,107800.0,107800.0,0.0
831,M-1810,item:268091,7553.991837,14400.0,14400.0,203550.0,finite,2494200.0,none,,0.0,0.0,min_max,0.0,14400.0,142485.0,14400.0,10,1,1,1,14400.0,14400.0,14400.0,0.0
832,M-1810,item:268091,9782.520816,14400.0,14400.0,203550.0,finite,2479800.0,none,,0.0,0.0,min_max,0.0,14400.0,142485.0,14400.0,10,2,1,1,14400.0,14400.0,14400.0,0.0
833,M-1810,item:268091,10945.957224,14400.0,14400.0,203550.0,finite,2465400.0,none,,0.0,0.0,min_max,0.0,14400.0,142485.0,14400.0,10,1,1,1,14400.0,14400.0,14400.0,0.0
834,M-1810,item:268091,11896.375118,14400.0,14400.0,203550.0,finite,2451000.0,none,,0.0,0.0,min_max,0.0,14400.0,142485.0,14400.0,10,2,1,1,14400.0,14400.0,14400.0,0.0
835,M-1810,item:268091,12804.189309,14400.0,14400.0,203550.0,finite,2436600.0,none,,0.0,0.0,min_max,0.0,14400.0,142485.0,14400.0,10,3,1,1,14400.0,14400.0,14400.0,0.0
836,M-1810,item:268091,12506.013372,14400.0,14400.0,203550.0,finite,2422200.0,none,,0.0,0.0,min_max,0.0,14400.0,142485.0,14400.0,10,4,1,1,14400.0,14400.0,14400.0,0.0
837,M-1810,item:268091,11966.639409,14400.0,14400.0,203550.0,finite,2407800.0,none,,0.0,0.0,min_max,0.0,14400.0,142485.0,14400.0,10,5,1,1,14400.0,14400.0,14400.0,0.0
838,M-1810,item:268091,11379.025841,14400.0,14400.0,203550.0,finite,2393400.0,none,,0.0,0.0,min_max,0.0,14400.0,142485.0,14400.0,10,6,1,1,14400.0,14400.0,14400.0,0.0
839,M-1810,item:268091,10781.764352,14400.0,14400.0,203550.0,finite,2379000.0,none,,0.0,0.0,min_max,0.0,14400.0,142485.0,14400.0,10,7,1,1,14400.0,14400.0,14400.0,0.0
840,M-1810,item:268091,10182.573278,14400.0,14400.0,203550.0,finite,2364600.0,none,,0.0,0.0,min_max,0.0,14400.0,142485.0,14400.0,10,1,1,1,14400.0,14400.0,14400.0,0.0
841,M-1810,item:268091,9582.996288,14400.0,14400.0,203550.0,finite,2350200.0,none,,0.0,0.0,min_max,0.0,14400.0,142485.0,14400.0,10,2,1,1,14400.0,14400.0,14400.0,0.0
842,M-1810,item:268091,8983.342114,14400.0,14400.0,203550.0,finite,2335800.0,none,,0.0,0.0,min_max,0.0,14400.0,142485.0,14400.0,10,3,1,1,14400.0,14400.0,14400.0,0.0
861,M-1810,item:268091,6911.934694,14400.0,14400.0,203550.0,finite,2321400.0,none,,0.0,0.0,min_max,0.0,14400.0,142485.0,14400.0,10,1,1,1,14400.0,14400.0,14400.0,0.0
862,M-1810,item:268091,8961.097143,14400.0,14400.0,203550.0,finite,2307000.0,none,,0.0,0.0,min_max,0.0,14400.0,142485.0,14400.0,10,2,1,1,14400.0,14400.0,14400.0,0.0
863,M-1810,item:268091,10037.705143,14400.0,14400.0,203550.0,finite,2292600.0,none,,0.0,0.0,min_max,0.0,14400.0,142485.0,14400.0,10,3,1,1,14400.0,14400.0,14400.0,0.0
864,M-1810,item:268091,10255.296131,14400.0,14400.0,203550.0,finite,2278200.0,none,,0.0,0.0,min_max,0.0,14400.0,142485.0,14400.0,10,4,1,1,14400.0,14400.0,14400.0,0.0
865,M-1810,item:268091,10301.083716,14400.0,14400.0,203550.0,finite,2263800.0,none,,0.0,0.0,min_max,0.0,14400.0,142485.0,14400.0,10,5,1,1,14400.0,14400.0,14400.0,0.0
866,M-1810,item:268091,10312.510621,14400.0,14400.0,203550.0,finite,2249400.0,none,,0.0,0.0,min_max,0.0,14400.0,142485.0,14400.0,10,6,1,1,14400.0,14400.0,14400.0,0.0
867,M-1810,item:268091,10317.06539,14400.0,14400.0,203550.0,finite,2235000.0,none,,0.0,0.0,min_max,0.0,14400.0,142485.0,14400.0,10,7,1,1,14400.0,14400.0,14400.0,0.0
868,M-1810,item:268091,10320.245731,14400.0,14400.0,203550.0,finite,2220600.0,none,,0.0,0.0,min_max,0.0,14400.0,142485.0,14400.0,10,1,1,1,14400.0,14400.0,14400.0,0.0
869,M-1810,item:268091,10323.151187,14400.0,14400.0,203550.0,finite,2206200.0,none,,0.0,0.0,min_max,0.0,14400.0,142485.0,14400.0,10,2,1,1,14400.0,14400.0,14400.0,0.0
870,M-1810,item:268091,10326.001666,14400.0,14400.0,203550.0,finite,2191800.0,none,,0.0,0.0,min_max,0.0,14400.0,142485.0,14400.0,10,3,1,1,14400.0,14400.0,14400.0,0.0
871,M-1810,item:268091,10416.432987,14400.0,14400.0,203550.0,finite,2177400.0,none,,0.0,0.0,min_max,0.0,14400.0,142485.0,14400.0,10,4,1,1,14400.0,14400.0,14400.0,0.0
872,M-1810,item:268091,10524.380475,14400.0,14400.0,203550.0,finite,2163000.0,none,,0.0,0.0,min_max,0.0,14400.0,142485.0,14400.0,10,5,1,1,14400.0,14400.0,14400.0,0.0
873,M-1810,item:268091,10635.831197,14400.0,14400.0,203550.0,finite,2148600.0,none,,0.0,0.0,min_max,0.0,14400.0,142485.0,14400.0,10,6,1,1,14400.0,14400.0,14400.0,0.0
874,M-1810,item:268091,10747.982566,14400.0,14400.0,203550.0,finite,2134200.0,none,,0.0,0.0,min_max,0.0,14400.0,142485.0,14400.0,10,7,1,1,14400.0,14400.0,14400.0,0.0
875,M-1810,item:268091,10860.274064,14400.0,14400.0,203550.0,finite,2119800.0,none,,0.0,0.0,min_max,0.0,14400.0,142485.0,14400.0,10,1,1,1,14400.0,14400.0,14400.0,0.0
876,M-1810,item:268091,10972.593588,14400.0,14400.0,203550.0,finite,2105400.0,none,,0.0,0.0,min_max,0.0,14400.0,142485.0,14400.0,10,2,1,1,14400.0,14400.0,14400.0,0.0
877,M-1810,item:268091,11084.918718,14400.0,14400.0,203550.0,finite,2091000.0,none,,0.0,0.0,min_max,0.0,14400.0,142485.0,14400.0,10,3,1,1,14400.0,14400.0,14400.0,0.0
878,M-1810,item:268091,10893.604152,14400.0,14400.0,203550.0,finite,2076600.0,none,,0.0,0.0,min_max,0.0,14400.0,142485.0,14400.0,10,4,1,1,14400.0,14400.0,14400.0,0.0
879,M-1810,item:268091,10641.561647,14400.0,14400.0,203550.0,finite,2062200.0,none,,0.0,0.0,min_max,0.0,14400.0,142485.0,14400.0,10,5,1,1,14400.0,14400.0,14400.0,0.0
880,M-1810,item:268091,10377.373554,14400.0,14400.0,203550.0,finite,2047800.0,none,,0.0,0.0,min_max,0.0,14400.0,142485.0,14400.0,10,6,1,1,14400.0,14400.0,14400.0,0.0
881,M-1810,item:268091,10110.756343,14400.0,14400.0,203550.0,finite,2033400.0,none,,0.0,0.0,min_max,0.0,14400.0,142485.0,14400.0,10,7,1,1,14400.0,14400.0,14400.0,0.0
882,M-1810,item:268091,9843.653309,14400.0,14400.0,203550.0,finite,2019000.0,none,,0.0,0.0,min_max,0.0,14400.0,142485.0,14400.0,10,1,1,1,14400.0,14400.0,14400.0,0.0
883,M-1810,item:268091,9576.453111,14400.0,14400.0,203550.0,finite,2004600.0,none,,0.0,0.0,min_max,0.0,14400.0,142485.0,14400.0,10,2,1,1,14400.0,14400.0,14400.0,0.0
884,M-1810,item:268091,9309.233479,14400.0,14400.0,203550.0,finite,1990200.0,none,,0.0,0.0,min_max,0.0,14400.0,142485.0,14400.0,10,3,1,1,14400.0,14400.0,14400.0,0.0
885,M-1810,item:268091,8994.581389,14400.0,14400.0,203550.0,finite,1975800.0,none,,0.0,0.0,min_max,0.0,14400.0,142485.0,14400.0,10,4,1,1,14400.0,14400.0,14400.0,0.0
893,M-1430,item:268967,6980.914286,107800.0,107800.0,154000.0,finite,2278450.0,none,,0.0,0.0,fixed,107800.0,107800.0,107800.0,0.0,10,1,1,1,107800.0,107800.0,107800.0,0.0
894,M-1430,item:268967,10770.697143,107800.0,107800.0,154000.0,finite,2170650.0,none,,0.0,0.0,fixed,107800.0,107800.0,107800.0,0.0,10,2,1,1,107800.0,107800.0,107800.0,0.0
894,M-1810,item:268091,6910.612245,14400.0,14400.0,203550.0,finite,1961400.0,none,,0.0,0.0,min_max,0.0,14400.0,142485.0,14400.0,10,1,1,1,14400.0,14400.0,14400.0,0.0
895,M-1430,item:268967,13922.253714,107800.0,107800.0,154000.0,finite,2062850.0,none,,0.0,0.0,fixed,107800.0,107800.0,107800.0,0.0,10,3,1,1,107800.0,107800.0,107800.0,0.0
895,M-1810,item:268091,8741.110204,14400.0,14400.0,203550.0,finite,1947000.0,none,,0.0,0.0,min_max,0.0,14400.0,142485.0,14400.0,10,2,1,1,14400.0,14400.0,14400.0,0.0
895,SDC-1450,item:773474,2008360.2576,3200000.0,3200000.0,0.0,unmodeled,233802684.563758,none,,0.0,0.0,fixed,3200000.0,0.0,0.0,0.0,10,1,1,1,3200000.0,3200000.0,3200000.0,0.0
896,M-1430,item:268967,16946.165028,107800.0,107800.0,154000.0,finite,1955050.0,none,,0.0,0.0,fixed,107800.0,107800.0,107800.0,0.0,10,1,1,1,107800.0,107800.0,107800.0,0.0
896,M-1810,item:268091,9555.585306,14400.0,14400.0,203550.0,finite,1932600.0,none,,0.0,0.0,min_max,0.0,14400.0,142485.0,14400.0,10,1,1,1,14400.0,14400.0,14400.0,0.0
897,M-1430,item:268967,19944.547291,107800.0,107800.0,154000.0,finite,1847250.0,none,,0.0,0.0,fixed,107800.0,107800.0,107800.0,0.0,10,2,1,1,107800.0,107800.0,107800.0,0.0
897,M-1810,item:268091,10166.855837,14400.0,14400.0,203550.0,finite,1918200.0,none,,0.0,0.0,min_max,0.0,14400.0,142485.0,14400.0,10,2,1,1,14400.0,14400.0,14400.0,0.0
898,M-1430,item:268967,22937.823744,107800.0,107800.0,154000.0,finite,1739450.0,none,,0.0,0.0,fixed,107800.0,107800.0,107800.0,0.0,10,3,1,1,107800.0,107800.0,107800.0,0.0
898,M-1810,item:268091,10737.485453,14400.0,14400.0,203550.0,finite,1903800.0,none,,0.0,0.0,min_max,0.0,14400.0,142485.0,14400.0,10,3,1,1,14400.0,14400.0,14400.0,0.0
898,SDC-1450,item:773474,1992827.4576,3200000.0,3200000.0,0.0,unmodeled,230602684.563758,none,,0.0,0.0,fixed,3200000.0,0.0,0.0,0.0,10,1,1,1,3200000.0,3200000.0,3200000.0,0.0
899,M-1430,item:268967,20945.638218,107800.0,107800.0,154000.0,finite,1631650.0,none,,0.0,0.0,fixed,107800.0,107800.0,107800.0,0.0,10,4,1,1,107800.0,107800.0,107800.0,0.0
899,M-1810,item:268091,11141.015458,14400.0,14400.0,203550.0,finite,1889400.0,none,,0.0,0.0,min_max,0.0,14400.0,142485.0,14400.0,10,4,1,1,14400.0,14400.0,14400.0,0.0
900,M-1430,item:268967,17956.360297,107800.0,107800.0,154000.0,finite,1523850.0,none,,0.0,0.0,fixed,107800.0,107800.0,107800.0,0.0,10,5,1,1,107800.0,107800.0,107800.0,0.0
900,M-1810,item:268091,11511.12554,14400.0,14400.0,203550.0,finite,1875000.0,none,,0.0,0.0,min_max,0.0,14400.0,142485.0,14400.0,10,5,1,1,14400.0,14400.0,14400.0,0.0
901,M-1810,item:268091,11874.551638,14400.0,14400.0,203550.0,finite,1860600.0,none,,0.0,0.0,min_max,0.0,14400.0,142485.0,14400.0,10,6,1,1,14400.0,14400.0,14400.0,0.0
901,SDC-1450,item:773474,1977294.6576,3200000.0,3200000.0,0.0,unmodeled,227402684.563758,none,,0.0,0.0,fixed,3200000.0,0.0,0.0,0.0,10,2,1,1,3200000.0,3200000.0,3200000.0,0.0
902,M-1810,item:268091,12236.64094,14400.0,14400.0,203550.0,finite,1846200.0,none,,0.0,0.0,min_max,0.0,14400.0,142485.0,14400.0,10,7,1,1,14400.0,14400.0,14400.0,0.0
903,M-1810,item:268091,12598.462882,14400.0,14400.0,203550.0,finite,1831800.0,none,,0.0,0.0,min_max,0.0,14400.0,142485.0,14400.0,10,1,1,1,14400.0,14400.0,14400.0,0.0
904,M-1810,item:268091,12960.231352,14400.0,14400.0,203550.0,finite,1817400.0,none,,0.0,0.0,min_max,0.0,14400.0,142485.0,14400.0,10,2,1,1,14400.0,14400.0,14400.0,0.0
905,M-1810,item:268091,13321.989127,14400.0,14400.0,203550.0,finite,1803000.0,none,,0.0,0.0,min_max,0.0,14400.0,142485.0,14400.0,10,3,1,1,14400.0,14400.0,14400.0,0.0
906,M-1810,item:268091,12874.471295,14400.0,14400.0,203550.0,finite,1788600.0,none,,0.0,0.0,min_max,0.0,14400.0,142485.0,14400.0,10,4,1,1,14400.0,14400.0,14400.0,0.0
907,M-1810,item:268091,12265.09834,14400.0,14400.0,203550.0,finite,1774200.0,none,,0.0,0.0,min_max,0.0,14400.0,142485.0,14400.0,10,5,1,1,14400.0,14400.0,14400.0,0.0
908,M-1810,item:268091,11623.354362,14400.0,14400.0,203550.0,finite,1759800.0,none,,0.0,0.0,min_max,0.0,14400.0,142485.0,14400.0,10,6,1,1,14400.0,14400.0,14400.0,0.0
909,M-1810,item:268091,10975.136179,14400.0,14400.0,203550.0,finite,1745400.0,none,,0.0,0.0,min_max,0.0,14400.0,142485.0,14400.0,10,7,1,1,14400.0,14400.0,14400.0,0.0
910,M-1810,item:268091,10325.623154,14400.0,14400.0,203550.0,finite,1731000.0,none,,0.0,0.0,min_max,0.0,14400.0,142485.0,14400.0,10,1,1,1,14400.0,14400.0,14400.0,0.0
911,M-1810,item:268091,9675.851162,14400.0,14400.0,203550.0,finite,1716600.0,none,,0.0,0.0,min_max,0.0,14400.0,142485.0,14400.0,10,2,1,1,14400.0,14400.0,14400.0,0.0
912,M-1810,item:268091,9026.027376,14400.0,14400.0,203550.0,finite,1702200.0,none,,0.0,0.0,min_max,0.0,14400.0,142485.0,14400.0,10,3,1,1,14400.0,14400.0,14400.0,0.0
915,M-1810,item:268091,7663.477551,14400.0,14400.0,203550.0,finite,1687800.0,none,,0.0,0.0,min_max,0.0,14400.0,142485.0,14400.0,10,4,1,1,14400.0,14400.0,14400.0,0.0
916,M-1810,item:268091,9387.046531,14400.0,14400.0,203550.0,finite,1673400.0,none,,0.0,0.0,min_max,0.0,14400.0,142485.0,14400.0,10,5,1,1,14400.0,14400.0,14400.0,0.0
917,M-1810,item:268091,9922.633796,14400.0,14400.0,203550.0,finite,1659000.0,none,,0.0,0.0,min_max,0.0,14400.0,142485.0,14400.0,10,1,1,1,14400.0,14400.0,14400.0,0.0
918,M-1810,item:268091,10220.624719,14400.0,14400.0,203550.0,finite,1644600.0,none,,0.0,0.0,min_max,0.0,14400.0,142485.0,14400.0,10,2,1,1,14400.0,14400.0,14400.0,0.0
919,M-1810,item:268091,10471.096373,14400.0,14400.0,203550.0,finite,1630200.0,none,,0.0,0.0,min_max,0.0,14400.0,142485.0,14400.0,10,3,1,1,14400.0,14400.0,14400.0,0.0
920,M-1810,item:268091,10140.570295,14400.0,14400.0,203550.0,finite,1615800.0,none,,0.0,0.0,min_max,0.0,14400.0,142485.0,14400.0,10,4,1,1,14400.0,14400.0,14400.0,0.0
921,M-1810,item:268091,9693.844671,14400.0,14400.0,203550.0,finite,1601400.0,none,,0.0,0.0,min_max,0.0,14400.0,142485.0,14400.0,10,5,1,1,14400.0,14400.0,14400.0,0.0
922,M-1810,item:268091,9223.879138,14400.0,14400.0,203550.0,finite,1587000.0,none,,0.0,0.0,min_max,0.0,14400.0,142485.0,14400.0,10,6,1,1,14400.0,14400.0,14400.0,0.0
929,M-1810,item:268091,8054.285714,14400.0,14400.0,203550.0,finite,1572600.0,none,,0.0,0.0,min_max,0.0,14400.0,142485.0,14400.0,10,1,1,1,14400.0,14400.0,14400.0,0.0
930,M-1810,item:268091,10429.028571,14400.0,14400.0,203550.0,finite,1558200.0,none,,0.0,0.0,min_max,0.0,14400.0,142485.0,14400.0,10,2,1,1,14400.0,14400.0,14400.0,0.0
931,M-1810,item:268091,11667.862857,14400.0,14400.0,203550.0,finite,1543800.0,none,,0.0,0.0,min_max,0.0,14400.0,142485.0,14400.0,10,1,1,1,14400.0,14400.0,14400.0,0.0
932,M-1810,item:268091,12679.515428,14400.0,14400.0,203550.0,finite,1529400.0,none,,0.0,0.0,min_max,0.0,14400.0,142485.0,14400.0,10,2,1,1,14400.0,14400.0,14400.0,0.0
933,M-1810,item:268091,13645.731657,14400.0,14400.0,203550.0,finite,1515000.0,none,,0.0,0.0,min_max,0.0,14400.0,142485.0,14400.0,10,3,1,1,14400.0,14400.0,14400.0,0.0
934,M-1810,item:268091,13130.436127,14400.0,14400.0,203550.0,finite,1500600.0,none,,0.0,0.0,min_max,0.0,14400.0,142485.0,14400.0,10,4,1,1,14400.0,14400.0,14400.0,0.0
935,M-1810,item:268091,12318.838246,14400.0,14400.0,203550.0,finite,1486200.0,none,,0.0,0.0,min_max,0.0,14400.0,142485.0,14400.0,10,5,1,1,14400.0,14400.0,14400.0,0.0
936,M-1810,item:268091,11447.979894,14400.0,14400.0,203550.0,finite,1471800.0,none,,0.0,0.0,min_max,0.0,14400.0,142485.0,14400.0,10,6,1,1,14400.0,14400.0,14400.0,0.0
937,M-1810,item:268091,10565.269448,14400.0,14400.0,203550.0,finite,1457400.0,none,,0.0,0.0,min_max,0.0,14400.0,142485.0,14400.0,10,7,1,1,14400.0,14400.0,14400.0,0.0
938,M-1810,item:268091,9680.188584,14400.0,14400.0,203550.0,finite,1443000.0,none,,0.0,0.0,min_max,0.0,14400.0,142485.0,14400.0,10,1,1,1,14400.0,14400.0,14400.0,0.0
939,M-1810,item:268091,8794.633635,14400.0,14400.0,203550.0,finite,1428600.0,none,,0.0,0.0,min_max,0.0,14400.0,142485.0,14400.0,10,2,1,1,14400.0,14400.0,14400.0,0.0
964,M-1810,item:268091,6294.302041,14400.0,14400.0,203550.0,finite,1414200.0,none,,0.0,0.0,min_max,0.0,14400.0,142485.0,14400.0,10,1,1,1,14400.0,14400.0,14400.0,0.0
965,M-1810,item:268091,8234.958367,14400.0,14400.0,203550.0,finite,1399800.0,none,,0.0,0.0,min_max,0.0,14400.0,142485.0,14400.0,10,2,1,1,14400.0,14400.0,14400.0,0.0
966,M-1810,item:268091,9304.885551,14400.0,14400.0,203550.0,finite,1385400.0,none,,0.0,0.0,min_max,0.0,14400.0,142485.0,14400.0,10,1,1,1,14400.0,14400.0,14400.0,0.0
967,M-1810,item:268091,10200.666906,14400.0,14400.0,203550.0,finite,1371000.0,none,,0.0,0.0,min_max,0.0,14400.0,142485.0,14400.0,10,2,1,1,14400.0,14400.0,14400.0,0.0
968,M-1810,item:268091,11061.619096,14400.0,14400.0,203550.0,finite,1356600.0,none,,0.0,0.0,min_max,0.0,14400.0,142485.0,14400.0,10,3,1,1,14400.0,14400.0,14400.0,0.0
969,M-1810,item:268091,11033.483003,14400.0,14400.0,203550.0,finite,1342200.0,none,,0.0,0.0,min_max,0.0,14400.0,142485.0,14400.0,10,4,1,1,14400.0,14400.0,14400.0,0.0
970,M-1810,item:268091,10827.529254,14400.0,14400.0,203550.0,finite,1327800.0,none,,0.0,0.0,min_max,0.0,14400.0,142485.0,14400.0,10,5,1,1,14400.0,14400.0,14400.0,0.0
971,M-1810,item:268091,10586.011973,14400.0,14400.0,203550.0,finite,1313400.0,none,,0.0,0.0,min_max,0.0,14400.0,142485.0,14400.0,10,6,1,1,14400.0,14400.0,14400.0,0.0
972,M-1810,item:268091,10337.381987,14400.0,14400.0,203550.0,finite,1299000.0,none,,0.0,0.0,min_max,0.0,14400.0,142485.0,14400.0,10,7,1,1,14400.0,14400.0,14400.0,0.0
973,M-1810,item:268091,10087.329459,14400.0,14400.0,203550.0,finite,1284600.0,none,,0.0,0.0,min_max,0.0,14400.0,142485.0,14400.0,10,1,1,1,14400.0,14400.0,14400.0,0.0
974,M-1810,item:268091,9836.992422,14400.0,14400.0,203550.0,finite,1270200.0,none,,0.0,0.0,min_max,0.0,14400.0,142485.0,14400.0,10,2,1,1,14400.0,14400.0,14400.0,0.0
975,M-1810,item:268091,9586.598484,14400.0,14400.0,203550.0,finite,1255800.0,none,,0.0,0.0,min_max,0.0,14400.0,142485.0,14400.0,10,3,1,1,14400.0,14400.0,14400.0,0.0
976,M-1810,item:268091,9486.936023,14400.0,14400.0,203550.0,finite,1241400.0,none,,0.0,0.0,min_max,0.0,14400.0,142485.0,14400.0,10,4,1,1,14400.0,14400.0,14400.0,0.0
977,M-1810,item:268091,9417.419858,14400.0,14400.0,203550.0,finite,1227000.0,none,,0.0,0.0,min_max,0.0,14400.0,142485.0,14400.0,10,5,1,1,14400.0,14400.0,14400.0,0.0
978,M-1810,item:268091,9353.932951,14400.0,14400.0,203550.0,finite,1212600.0,none,,0.0,0.0,min_max,0.0,14400.0,142485.0,14400.0,10,6,1,1,14400.0,14400.0,14400.0,0.0
979,M-1810,item:268091,9291.651896,14400.0,14400.0,203550.0,finite,1198200.0,none,,0.0,0.0,min_max,0.0,14400.0,142485.0,14400.0,10,7,1,1,14400.0,14400.0,14400.0,0.0
980,M-1810,item:268091,9229.612012,14400.0,14400.0,203550.0,finite,1183800.0,none,,0.0,0.0,min_max,0.0,14400.0,142485.0,14400.0,10,1,1,1,14400.0,14400.0,14400.0,0.0
981,M-1810,item:268091,9167.620361,14400.0,14400.0,203550.0,finite,1169400.0,none,,0.0,0.0,min_max,0.0,14400.0,142485.0,14400.0,10,2,1,1,14400.0,14400.0,14400.0,0.0
982,M-1810,item:268091,9105.638358,14400.0,14400.0,203550.0,finite,1155000.0,none,,0.0,0.0,min_max,0.0,14400.0,142485.0,14400.0,10,3,1,1,14400.0,14400.0,14400.0,0.0
983,M-1810,item:268091,9212.915427,14400.0,14400.0,203550.0,finite,1140600.0,none,,0.0,0.0,min_max,0.0,14400.0,142485.0,14400.0,10,4,1,1,14400.0,14400.0,14400.0,0.0
984,M-1810,item:268091,9354.04431,14400.0,14400.0,203550.0,finite,1126200.0,none,,0.0,0.0,min_max,0.0,14400.0,142485.0,14400.0,10,5,1,1,14400.0,14400.0,14400.0,0.0
985,M-1810,item:268091,9501.943556,14400.0,14400.0,203550.0,finite,1111800.0,none,,0.0,0.0,min_max,0.0,14400.0,142485.0,14400.0,10,6,1,1,14400.0,14400.0,14400.0,0.0
986,M-1810,item:268091,9651.196874,14400.0,14400.0,203550.0,finite,1097400.0,none,,0.0,0.0,min_max,0.0,14400.0,142485.0,14400.0,10,7,1,1,14400.0,14400.0,14400.0,0.0
987,M-1810,item:268091,9800.721007,14400.0,14400.0,203550.0,finite,1083000.0,none,,0.0,0.0,min_max,0.0,14400.0,142485.0,14400.0,10,1,1,1,14400.0,14400.0,14400.0,0.0
988,M-1810,item:268091,9950.299303,14400.0,14400.0,203550.0,finite,1068600.0,none,,0.0,0.0,min_max,0.0,14400.0,142485.0,14400.0,10,2,1,1,14400.0,14400.0,14400.0,0.0
989,M-1810,item:268091,10099.888432,14400.0,14400.0,203550.0,finite,1054200.0,none,,0.0,0.0,min_max,0.0,14400.0,142485.0,14400.0,10,3,1,1,14400.0,14400.0,14400.0,0.0
990,M-1810,item:268091,10479.96136,14400.0,14400.0,203550.0,finite,1039800.0,none,,0.0,0.0,min_max,0.0,14400.0,142485.0,14400.0,10,4,1,1,14400.0,14400.0,14400.0,0.0
991,M-1810,item:268091,10906.131047,14400.0,14400.0,203550.0,finite,1025400.0,none,,0.0,0.0,min_max,0.0,14400.0,142485.0,14400.0,10,5,1,1,14400.0,14400.0,14400.0,0.0
992,M-1810,item:268091,11341.520087,14400.0,14400.0,203550.0,finite,1011000.0,none,,0.0,0.0,min_max,0.0,14400.0,142485.0,14400.0,10,6,1,1,14400.0,14400.0,14400.0,0.0
993,M-1810,item:268091,11778.752997,14400.0,14400.0,203550.0,finite,996600.0,none,,0.0,0.0,min_max,0.0,14400.0,142485.0,14400.0,10,7,1,1,14400.0,14400.0,14400.0,0.0
994,M-1810,item:268091,12216.354681,14400.0,14400.0,203550.0,finite,982200.0,none,,0.0,0.0,min_max,0.0,14400.0,142485.0,14400.0,10,1,1,1,14400.0,14400.0,14400.0,0.0
995,M-1810,item:268091,12654.03012,14400.0,14400.0,203550.0,finite,967800.0,none,,0.0,0.0,min_max,0.0,14400.0,142485.0,14400.0,10,2,1,1,14400.0,14400.0,14400.0,0.0
996,M-1810,item:268091,13091.72031,14400.0,14400.0,203550.0,finite,953400.0,none,,0.0,0.0,min_max,0.0,14400.0,142485.0,14400.0,10,3,1,1,14400.0,14400.0,14400.0,0.0
997,M-1810,item:268091,12561.250184,14400.0,14400.0,203550.0,finite,939000.0,none,,0.0,0.0,min_max,0.0,14400.0,142485.0,14400.0,10,4,1,1,14400.0,14400.0,14400.0,0.0
998,M-1810,item:268091,11837.147996,14400.0,14400.0,203550.0,finite,924600.0,none,,0.0,0.0,min_max,0.0,14400.0,142485.0,14400.0,10,5,1,1,14400.0,14400.0,14400.0,0.0
999,M-1810,item:268091,11074.319395,14400.0,14400.0,203550.0,finite,910200.0,none,,0.0,0.0,min_max,0.0,14400.0,142485.0,14400.0,10,6,1,1,14400.0,14400.0,14400.0,0.0
1000,M-1810,item:268091,10303.745512,14400.0,14400.0,203550.0,finite,895800.0,none,,0.0,0.0,min_max,0.0,14400.0,142485.0,14400.0,10,7,1,1,14400.0,14400.0,14400.0,0.0
1001,M-1810,item:268091,9531.622572,14400.0,14400.0,203550.0,finite,881400.0,none,,0.0,0.0,min_max,0.0,14400.0,142485.0,14400.0,10,1,1,1,14400.0,14400.0,14400.0,0.0
1009,M-1810,item:268091,7223.167347,14400.0,14400.0,203550.0,finite,867000.0,none,,0.0,0.0,min_max,0.0,14400.0,142485.0,14400.0,10,1,1,1,14400.0,14400.0,14400.0,0.0
1010,M-1810,item:268091,8832.519184,14400.0,14400.0,203550.0,finite,852600.0,none,,0.0,0.0,min_max,0.0,14400.0,142485.0,14400.0,10,2,1,1,14400.0,14400.0,14400.0,0.0
1011,M-1810,item:268091,9275.499755,14400.0,14400.0,203550.0,finite,838200.0,none,,0.0,0.0,min_max,0.0,14400.0,142485.0,14400.0,10,3,1,1,14400.0,14400.0,14400.0,0.0
1012,M-1810,item:268091,9485.206074,14400.0,14400.0,203550.0,finite,823800.0,none,,0.0,0.0,min_max,0.0,14400.0,142485.0,14400.0,10,4,1,1,14400.0,14400.0,14400.0,0.0
1013,M-1810,item:268091,9648.257541,14400.0,14400.0,203550.0,finite,809400.0,none,,0.0,0.0,min_max,0.0,14400.0,142485.0,14400.0,10,5,1,1,14400.0,14400.0,14400.0,0.0
1014,M-1810,item:268091,9801.978039,14400.0,14400.0,203550.0,finite,795000.0,none,,0.0,0.0,min_max,0.0,14400.0,142485.0,14400.0,10,6,1,1,14400.0,14400.0,14400.0,0.0
1015,M-1810,item:268091,9953.832343,14400.0,14400.0,203550.0,finite,780600.0,none,,0.0,0.0,min_max,0.0,14400.0,142485.0,14400.0,10,1,1,1,14400.0,14400.0,14400.0,0.0
1016,M-1810,item:268091,10105.313408,14400.0,14400.0,203550.0,finite,766200.0,none,,0.0,0.0,min_max,0.0,14400.0,142485.0,14400.0,10,2,1,1,14400.0,14400.0,14400.0,0.0
1017,M-1810,item:268091,10256.719825,14400.0,14400.0,203550.0,finite,751800.0,none,,0.0,0.0,min_max,0.0,14400.0,142485.0,14400.0,10,3,1,1,14400.0,14400.0,14400.0,0.0
1018,M-1810,item:268091,10418.397026,14400.0,14400.0,203550.0,finite,737400.0,none,,0.0,0.0,min_max,0.0,14400.0,142485.0,14400.0,10,4,1,1,14400.0,14400.0,14400.0,0.0
1019,M-1810,item:268091,10582.128385,14400.0,14400.0,203550.0,finite,723000.0,none,,0.0,0.0,min_max,0.0,14400.0,142485.0,14400.0,10,5,1,1,14400.0,14400.0,14400.0,0.0
1020,M-1810,item:268091,10746.270575,14400.0,14400.0,203550.0,finite,708600.0,none,,0.0,0.0,min_max,0.0,14400.0,142485.0,14400.0,10,6,1,1,14400.0,14400.0,14400.0,0.0
1021,M-1810,item:268091,10910.494931,14400.0,14400.0,203550.0,finite,694200.0,none,,0.0,0.0,min_max,0.0,14400.0,142485.0,14400.0,10,7,1,1,14400.0,14400.0,14400.0,0.0
1022,M-1810,item:268091,11074.735721,14400.0,14400.0,203550.0,finite,679800.0,none,,0.0,0.0,min_max,0.0,14400.0,142485.0,14400.0,10,1,1,1,14400.0,14400.0,14400.0,0.0
1023,M-1810,item:268091,11238.979797,14400.0,14400.0,203550.0,finite,665400.0,none,,0.0,0.0,min_max,0.0,14400.0,142485.0,14400.0,10,2,1,1,14400.0,14400.0,14400.0,0.0
1024,M-1810,item:268091,11403.224531,14400.0,14400.0,203550.0,finite,651000.0,none,,0.0,0.0,min_max,0.0,14400.0,142485.0,14400.0,10,3,1,1,14400.0,14400.0,14400.0,0.0
1025,M-1810,item:268091,10969.869396,14400.0,14400.0,203550.0,finite,636600.0,none,,0.0,0.0,min_max,0.0,14400.0,142485.0,14400.0,10,4,1,1,14400.0,14400.0,14400.0,0.0
1026,M-1810,item:268091,10416.994287,14400.0,14400.0,203550.0,finite,622200.0,none,,0.0,0.0,min_max,0.0,14400.0,142485.0,14400.0,10,5,1,1,14400.0,14400.0,14400.0,0.0
1036,M-1810,item:268091,7479.591837,14400.0,14400.0,203550.0,finite,607800.0,none,,0.0,0.0,min_max,0.0,14400.0,142485.0,14400.0,10,1,1,1,14400.0,14400.0,14400.0,0.0
1037,M-1810,item:268091,9293.028571,14400.0,14400.0,203550.0,finite,593400.0,none,,0.0,0.0,min_max,0.0,14400.0,142485.0,14400.0,10,2,1,1,14400.0,14400.0,14400.0,0.0
1038,M-1810,item:268091,9973.234285,14400.0,14400.0,203550.0,finite,579000.0,none,,0.0,0.0,min_max,0.0,14400.0,142485.0,14400.0,10,3,1,1,14400.0,14400.0,14400.0,0.0
1039,M-1430,item:268967,5718.481632,107800.0,107800.0,154000.0,finite,1617190.308574,none,,0.0,0.0,fixed,107800.0,107800.0,107800.0,0.0,10,1,1,1,107800.0,107800.0,107800.0,0.0
1039,M-1810,item:268091,9651.414204,14400.0,14400.0,203550.0,finite,564600.0,none,,0.0,0.0,min_max,0.0,14400.0,142485.0,14400.0,10,4,1,1,14400.0,14400.0,14400.0,0.0
1040,M-1810,item:268091,9129.188963,14400.0,14400.0,203550.0,finite,550200.0,none,,0.0,0.0,min_max,0.0,14400.0,142485.0,14400.0,10,5,1,1,14400.0,14400.0,14400.0,0.0
1041,M-1810,item:268091,8566.88269,14400.0,14400.0,203550.0,finite,535800.0,none,,0.0,0.0,min_max,0.0,14400.0,142485.0,14400.0,10,6,1,1,14400.0,14400.0,14400.0,0.0
1048,M-1810,item:268091,7966.465306,14400.0,14400.0,203550.0,finite,521400.0,none,,0.0,0.0,min_max,0.0,14400.0,142485.0,14400.0,10,1,1,1,14400.0,14400.0,14400.0,0.0
1049,M-1810,item:268091,10578.713469,14400.0,14400.0,203550.0,finite,507000.0,none,,0.0,0.0,min_max,0.0,14400.0,142485.0,14400.0,10,2,1,1,14400.0,14400.0,14400.0,0.0
1050,M-1810,item:268091,12120.118204,14400.0,14400.0,203550.0,finite,492600.0,none,,0.0,0.0,min_max,0.0,14400.0,142485.0,14400.0,10,1,1,1,14400.0,14400.0,14400.0,0.0
1051,M-1810,item:268091,13447.354253,14400.0,14400.0,203550.0,finite,478200.0,none,,0.0,0.0,min_max,0.0,14400.0,142485.0,14400.0,10,2,1,1,14400.0,14400.0,14400.0,0.0
1052,M-1810,item:268091,14731.756565,28800.0,28800.0,203550.0,finite,463800.0,none,,0.0,0.0,min_max,0.0,14400.0,142485.0,14400.0,10,3,1,1,28800.0,28800.0,28800.0,0.0
1053,M-1810,item:268091,15120.196211,28800.0,28800.0,203550.0,finite,435000.0,none,,0.0,0.0,min_max,0.0,14400.0,142485.0,14400.0,10,4,1,1,28800.0,28800.0,28800.0,0.0
1054,M-1810,item:268091,15329.443324,28800.0,28800.0,203550.0,finite,406200.0,none,,0.0,0.0,min_max,0.0,14400.0,142485.0,14400.0,10,5,1,1,28800.0,28800.0,28800.0,0.0
1055,M-1810,item:268091,15502.85193,28800.0,28800.0,203550.0,finite,377400.0,none,,0.0,0.0,min_max,0.0,14400.0,142485.0,14400.0,10,6,1,1,28800.0,28800.0,28800.0,0.0
1056,M-1810,item:268091,15669.092835,28800.0,28800.0,203550.0,finite,348600.0,none,,0.0,0.0,min_max,0.0,14400.0,142485.0,14400.0,10,7,1,1,28800.0,28800.0,28800.0,0.0
1057,M-1810,item:268091,15833.9002,28800.0,28800.0,203550.0,finite,319800.0,none,,0.0,0.0,min_max,0.0,14400.0,142485.0,14400.0,10,1,1,1,28800.0,28800.0,28800.0,0.0
1058,M-1810,item:268091,15998.420856,28800.0,28800.0,203550.0,finite,291000.0,none,,0.0,0.0,min_max,0.0,14400.0,142485.0,14400.0,10,2,1,1,28800.0,28800.0,28800.0,0.0
1059,M-1810,item:268091,16162.884171,28800.0,28800.0,203550.0,finite,262200.0,none,,0.0,0.0,min_max,0.0,14400.0,142485.0,14400.0,10,3,1,1,28800.0,28800.0,28800.0,0.0
1060,M-1810,item:268091,15468.250304,28800.0,28800.0,203550.0,finite,233400.0,none,,0.0,0.0,min_max,0.0,14400.0,142485.0,14400.0,10,4,1,1,28800.0,28800.0,28800.0,0.0
1061,M-1810,item:268091,14601.796999,28800.0,28800.0,203550.0,finite,204600.0,none,,0.0,0.0,min_max,0.0,14400.0,142485.0,14400.0,10,5,1,1,28800.0,28800.0,28800.0,0.0
1062,M-1810,item:268091,13700.979808,14400.0,14400.0,203550.0,finite,175800.0,none,,0.0,0.0,min_max,0.0,14400.0,142485.0,14400.0,10,6,1,1,14400.0,14400.0,14400.0,0.0
1063,M-1810,item:268091,12793.289839,14400.0,14400.0,203550.0,finite,166400.0,none,,0.0,0.0,min_max,0.0,14400.0,142485.0,14400.0,10,7,1,1,14400.0,14400.0,14400.0,0.0
1064,M-1810,item:268091,11884.225315,14400.0,14400.0,203550.0,finite,162000.0,none,,0.0,0.0,min_max,0.0,14400.0,142485.0,14400.0,10,1,1,1,14400.0,14400.0,14400.0,0.0
1072,M-1810,item:268091,8507.934694,14400.0,14400.0,203550.0,finite,157600.0,none,,0.0,0.0,min_max,0.0,14400.0,142485.0,14400.0,10,1,1,1,14400.0,14400.0,14400.0,0.0
1073,M-1810,item:268091,10315.758368,14400.0,14400.0,203550.0,finite,143200.0,none,,0.0,0.0,min_max,0.0,14400.0,142485.0,14400.0,10,2,1,1,14400.0,14400.0,14400.0,0.0
1074,M-1810,item:268091,11731.527184,14400.0,14400.0,203550.0,finite,133800.0,none,,0.0,0.0,min_max,0.0,14400.0,142485.0,14400.0,10,3,1,1,14400.0,14400.0,14400.0,0.0
1075,M-1810,item:268091,13068.885029,14400.0,14400.0,203550.0,finite,119400.0,none,,0.0,0.0,min_max,0.0,14400.0,142485.0,14400.0,10,4,1,1,14400.0,14400.0,14400.0,0.0
1076,M-1430,item:268967,4698.220408,107800.0,107800.0,154000.0,finite,1509390.308574,none,,0.0,0.0,fixed,107800.0,107800.0,107800.0,0.0,10,1,1,1,107800.0,107800.0,107800.0,0.0
1076,M-1810,item:268091,14390.560679,14400.0,14400.0,203550.0,finite,105000.0,none,,0.0,0.0,min_max,0.0,14400.0,142485.0,14400.0,10,5,1,1,14400.0,14400.0,14400.0,0.0
1077,M-1810,item:268091,15709.099891,28800.0,28800.0,203550.0,finite,90600.0,none,,0.0,0.0,min_max,0.0,14400.0,142485.0,14400.0,10,6,1,1,28800.0,28800.0,28800.0,0.0
1078,M-1810,item:268091,17027.011815,28800.0,28800.0,203550.0,finite,71800.0,none,,0.0,0.0,min_max,0.0,14400.0,142485.0,14400.0,10,1,1,1,28800.0,28800.0,28800.0,0.0
1079,M-1810,item:268091,18344.798281,28800.0,28800.0,203550.0,finite,48000.0,none,,0.0,0.0,min_max,0.0,14400.0,142485.0,14400.0,10,2,1,1,28800.0,28800.0,28800.0,0.0
1080,M-1810,item:268091,19662.559656,28800.0,19200.0,203550.0,finite,19200.0,input_shortage,item:338929,462.559656,9600.0,min_max,0.0,14400.0,142485.0,14400.0,10,3,1,1,28800.0,28800.0,28800.0,9600.0
1081,M-1430,item:268967,5277.6,107800.0,107800.0,154000.0,finite,1401590.308574,none,,0.0,0.0,fixed,107800.0,107800.0,107800.0,0.0,10,1,1,1,107800.0,107800.0,107800.0,0.0
1081,M-1810,item:268091,19568.887441,9600.0,5000.0,203550.0,finite,5000.0,input_shortage,item:338929,14568.887441,4600.0,min_max,0.0,14400.0,142485.0,14400.0,10,3,0,0,0.0,0.0,9600.0,4600.0
1082,M-1810,item:268091,19192.928509,4600.0,4600.0,203550.0,finite,5000.0,none,,14592.928509,0.0,min_max,0.0,14400.0,142485.0,14400.0,10,3,0,0,0.0,0.0,4600.0,0.0
1082,SDC-1450,item:773474,1961761.8576,3200000.0,3200000.0,0.0,unmodeled,224202684.563758,none,,0.0,0.0,fixed,3200000.0,0.0,0.0,0.0,10,1,1,1,3200000.0,3200000.0,3200000.0,0.0
1083,M-1810,item:268091,18760.512232,28800.0,5400.0,203550.0,finite,5400.0,input_shortage,item:338929,13360.512232,23400.0,min_max,0.0,14400.0,142485.0,14400.0,10,4,1,1,28800.0,28800.0,28800.0,23400.0
1084,M-1810,item:268091,18316.804487,23400.0,0.0,203550.0,finite,0.0,lot_campaign_blocked,,18316.804487,23400.0,min_max,0.0,14400.0,142485.0,14400.0,10,4,0,0,0.0,0.0,23400.0,23400.0
1085,M-1810,item:268091,17870.838448,23400.0,0.0,203550.0,finite,0.0,lot_campaign_blocked,,17870.838448,23400.0,min_max,0.0,14400.0,142485.0,14400.0,10,0,0,0,0.0,0.0,23400.0,23400.0
1086,M-1810,item:268091,17424.420751,23400.0,0.0,203550.0,finite,0.0,lot_campaign_blocked,,17424.420751,23400.0,min_max,0.0,14400.0,142485.0,14400.0,10,0,0,0,0.0,0.0,23400.0,23400.0
1087,M-1810,item:268091,16977.912721,23400.0,0.0,203550.0,finite,0.0,lot_campaign_blocked,,16977.912721,23400.0,min_max,0.0,14400.0,142485.0,14400.0,10,0,0,0,0.0,0.0,23400.0,23400.0
1088,M-1810,item:268091,14961.035605,23400.0,5000.0,203550.0,finite,5000.0,input_shortage,item:338929,9961.035605,18400.0,min_max,0.0,14400.0,142485.0,14400.0,10,0,0,0,0.0,0.0,23400.0,18400.0
1089,M-1810,item:268091,12847.227529,18400.0,10000.0,203550.0,finite,10000.0,input_shortage,item:338929,2847.227529,8400.0,min_max,0.0,14400.0,142485.0,14400.0,10,0,0,0,0.0,0.0,18400.0,8400.0
1090,M-1810,item:268091,10714.033261,8400.0,0.0,203550.0,finite,0.0,lot_campaign_blocked,,10714.033261,8400.0,min_max,0.0,14400.0,142485.0,14400.0,10,0,0,0,0.0,0.0,8400.0,8400.0
1091,M-1810,item:268091,8576.961754,8400.0,5000.0,203550.0,finite,5000.0,input_shortage,item:338929,3576.961754,3400.0,min_max,0.0,14400.0,142485.0,14400.0,10,0,0,0,0.0,0.0,8400.0,3400.0
1092,M-1810,item:268091,6439.1148,3400.0,3400.0,203550.0,finite,10000.0,none,,3039.1148,0.0,min_max,0.0,14400.0,142485.0,14400.0,10,0,0,0,0.0,0.0,3400.0,0.0
1093,M-1810,item:268091,4301.112756,14400.0,14400.0,203550.0,finite,16600.0,none,,0.0,0.0,min_max,0.0,14400.0,142485.0,14400.0,10,1,1,1,14400.0,14400.0,14400.0,0.0
1103,M-1810,item:268091,4340.816327,14400.0,14400.0,203550.0,finite,227200.0,none,,0.0,0.0,min_max,0.0,14400.0,142485.0,14400.0,10,1,1,1,14400.0,14400.0,14400.0,0.0
1105,M-1810,item:268091,4858.106123,14400.0,14400.0,203550.0,finite,277800.0,none,,0.0,0.0,min_max,0.0,14400.0,142485.0,14400.0,10,2,1,1,14400.0,14400.0,14400.0,0.0
1106,M-1810,item:268091,6088.372245,14400.0,14400.0,203550.0,finite,318400.0,none,,0.0,0.0,min_max,0.0,14400.0,142485.0,14400.0,10,1,1,1,14400.0,14400.0,14400.0,0.0
1108,M-1810,item:268091,5634.040816,14400.0,14400.0,203550.0,finite,409000.0,none,,0.0,0.0,min_max,0.0,14400.0,142485.0,14400.0,10,2,1,1,14400.0,14400.0,14400.0,0.0
1110,M-1810,item:268091,6384.783674,14400.0,14400.0,203550.0,finite,489600.0,none,,0.0,0.0,min_max,0.0,14400.0,142485.0,14400.0,10,3,1,1,14400.0,14400.0,14400.0,0.0
1111,M-1810,item:268091,8153.838368,14400.0,14400.0,203550.0,finite,540200.0,none,,0.0,0.0,min_max,0.0,14400.0,142485.0,14400.0,10,4,1,1,14400.0,14400.0,14400.0,0.0
1112,M-1810,item:268091,8999.747266,14400.0,14400.0,203550.0,finite,585800.0,none,,0.0,0.0,min_max,0.0,14400.0,142485.0,14400.0,10,5,1,1,14400.0,14400.0,14400.0,0.0
1113,M-1810,item:268091,9661.027004,14400.0,14400.0,203550.0,finite,641400.0,none,,0.0,0.0,min_max,0.0,14400.0,142485.0,14400.0,10,1,1,1,14400.0,14400.0,14400.0,0.0
1114,M-1810,item:268091,10285.380911,14400.0,14400.0,203550.0,finite,707000.0,none,,0.0,0.0,min_max,0.0,14400.0,142485.0,14400.0,10,2,1,1,14400.0,14400.0,14400.0,0.0
1115,M-1810,item:268091,10902.349652,14400.0,14400.0,203550.0,finite,767600.0,none,,0.0,0.0,min_max,0.0,14400.0,142485.0,14400.0,10,3,1,1,14400.0,14400.0,14400.0,0.0
1116,M-1810,item:268091,11517.841359,14400.0,14400.0,203550.0,finite,853200.0,none,,0.0,0.0,min_max,0.0,14400.0,142485.0,14400.0,10,4,1,1,14400.0,14400.0,14400.0,0.0
1117,M-1810,item:268091,11488.221333,14400.0,14400.0,203550.0,finite,943800.0,none,,0.0,0.0,min_max,0.0,14400.0,142485.0,14400.0,10,5,1,1,14400.0,14400.0,14400.0,0.0
1118,M-1810,item:268091,11329.578961,14400.0,14400.0,203550.0,finite,1034400.0,none,,0.0,0.0,min_max,0.0,14400.0,142485.0,14400.0,10,6,1,1,14400.0,14400.0,14400.0,0.0
1119,M-1810,item:268091,11145.132119,14400.0,14400.0,203550.0,finite,1150000.0,none,,0.0,0.0,min_max,0.0,14400.0,142485.0,14400.0,10,7,1,1,14400.0,14400.0,14400.0,0.0
1120,M-1810,item:268091,10955.524383,14400.0,14400.0,203550.0,finite,1240600.0,none,,0.0,0.0,min_max,0.0,14400.0,142485.0,14400.0,10,1,1,1,14400.0,14400.0,14400.0,0.0
1121,M-1810,item:268091,10764.884468,14400.0,14400.0,203550.0,finite,1341200.0,none,,0.0,0.0,min_max,0.0,14400.0,142485.0,14400.0,10,2,1,1,14400.0,14400.0,14400.0,0.0
1122,M-1810,item:268091,10574.038118,14400.0,14400.0,203550.0,finite,1441800.0,none,,0.0,0.0,min_max,0.0,14400.0,142485.0,14400.0,10,3,1,1,14400.0,14400.0,14400.0,0.0
1123,M-1810,item:268091,10383.15048,14400.0,14400.0,203550.0,finite,1567400.0,none,,0.0,0.0,min_max,0.0,14400.0,142485.0,14400.0,10,4,1,1,14400.0,14400.0,14400.0,0.0
1124,M-1810,item:268091,10243.160708,14400.0,14400.0,203550.0,finite,1713000.0,none,,0.0,0.0,min_max,0.0,14400.0,142485.0,14400.0,10,5,1,1,14400.0,14400.0,14400.0,0.0
1125,M-1810,item:268091,10113.350509,14400.0,14400.0,203550.0,finite,1858600.0,none,,0.0,0.0,min_max,0.0,14400.0,142485.0,14400.0,10,6,1,1,14400.0,14400.0,14400.0,0.0
1126,M-1810,item:268091,9985.576224,14400.0,14400.0,203550.0,finite,1857235.46798,none,,0.0,0.0,min_max,0.0,14400.0,142485.0,14400.0,10,7,1,1,14400.0,14400.0,14400.0,0.0
1127,M-1810,item:268091,9858.209122,14400.0,14400.0,203550.0,finite,1847034.97537,none,,0.0,0.0,min_max,0.0,14400.0,142485.0,14400.0,10,1,1,1,14400.0,14400.0,14400.0,0.0
1128,M-1810,item:268091,9730.923457,14400.0,14400.0,203550.0,finite,1838896.059113,none,,0.0,0.0,min_max,0.0,14400.0,142485.0,14400.0,10,2,1,1,14400.0,14400.0,14400.0,0.0
1129,M-1810,item:268091,9603.654079,14400.0,14400.0,203550.0,finite,1831097.044335,none,,0.0,0.0,min_max,0.0,14400.0,142485.0,14400.0,10,3,1,1,14400.0,14400.0,14400.0,0.0
1131,M-1810,item:268091,7283.167347,14400.0,14400.0,203550.0,finite,1831908.866995,none,,0.0,0.0,min_max,0.0,14400.0,142485.0,14400.0,10,4,1,1,14400.0,14400.0,14400.0,0.0
1133,M-1430,item:268967,4102.383673,107800.0,107800.0,154000.0,finite,1562650.0,none,,0.0,0.0,fixed,107800.0,107800.0,107800.0,0.0,10,1,1,1,107800.0,107800.0,107800.0,0.0
1138,M-1430,item:268967,5210.595918,107800.0,107800.0,154000.0,finite,1474850.0,none,,0.0,0.0,fixed,107800.0,107800.0,107800.0,0.0,10,1,1,1,107800.0,107800.0,107800.0,0.0
1140,M-1810,item:268091,8110.530612,14400.0,14400.0,203550.0,finite,1947001.477833,none,,0.0,0.0,min_max,0.0,14400.0,142485.0,14400.0,10,1,1,1,14400.0,14400.0,14400.0,0.0
1141,M-1810,item:268091,10553.404082,14400.0,14400.0,203550.0,finite,1951101.477833,none,,0.0,0.0,min_max,0.0,14400.0,142485.0,14400.0,10,1,1,1,14400.0,14400.0,14400.0,0.0
1142,M-1810,item:268091,11862.746122,14400.0,14400.0,203550.0,finite,1955201.477833,none,,0.0,0.0,min_max,0.0,14400.0,142485.0,14400.0,10,2,1,1,14400.0,14400.0,14400.0,0.0
1143,M-1810,item:268091,12945.381878,14400.0,14400.0,203550.0,finite,1959636.453202,none,,0.0,0.0,min_max,0.0,14400.0,142485.0,14400.0,10,3,1,1,14400.0,14400.0,14400.0,0.0
1144,M-1810,item:268091,13982.676376,14400.0,14400.0,203550.0,finite,1964071.428572,none,,0.0,0.0,min_max,0.0,14400.0,142485.0,14400.0,10,4,1,1,14400.0,14400.0,14400.0,0.0
1145,M-1810,item:268091,14116.012826,14400.0,14400.0,203550.0,finite,1969191.133005,none,,0.0,0.0,min_max,0.0,14400.0,142485.0,14400.0,10,5,1,1,14400.0,14400.0,14400.0,0.0
1146,M-1810,item:268091,14068.557667,14400.0,14400.0,203550.0,finite,1975892.118227,none,,0.0,0.0,min_max,0.0,14400.0,142485.0,14400.0,10,6,1,1,14400.0,14400.0,14400.0,0.0
1147,M-1810,item:268091,13984.944186,14400.0,14400.0,203550.0,finite,1985428.078818,none,,0.0,0.0,min_max,0.0,14400.0,142485.0,14400.0,10,7,1,1,14400.0,14400.0,14400.0,0.0
1148,M-1810,item:268091,13894.099041,14400.0,14400.0,203550.0,finite,1995476.35468,none,,0.0,0.0,min_max,0.0,14400.0,142485.0,14400.0,10,1,1,1,14400.0,14400.0,14400.0,0.0
1149,M-1810,item:268091,13801.807563,14400.0,14400.0,203550.0,finite,2005522.167488,none,,0.0,0.0,min_max,0.0,14400.0,142485.0,14400.0,10,2,1,1,14400.0,14400.0,14400.0,0.0
1150,M-1810,item:268091,13709.226818,14400.0,14400.0,203550.0,finite,2018696.059113,none,,0.0,0.0,min_max,0.0,14400.0,142485.0,14400.0,10,3,1,1,14400.0,14400.0,14400.0,0.0
1151,M-1810,item:268091,13616.58822,14400.0,14400.0,203550.0,finite,2033062.068966,none,,0.0,0.0,min_max,0.0,14400.0,142485.0,14400.0,10,4,1,1,14400.0,14400.0,14400.0,0.0
1152,M-1810,item:268091,13338.925807,14400.0,14400.0,203550.0,finite,2050267.980296,none,,0.0,0.0,min_max,0.0,14400.0,142485.0,14400.0,10,5,1,1,14400.0,14400.0,14400.0,0.0
1153,M-1810,item:268091,13024.258631,14400.0,14400.0,203550.0,finite,2070087.192118,none,,0.0,0.0,min_max,0.0,14400.0,142485.0,14400.0,10,6,1,1,14400.0,14400.0,14400.0,0.0
1154,M-1810,item:268091,12702.190501,14400.0,14400.0,203550.0,finite,2089906.403941,none,,0.0,0.0,min_max,0.0,14400.0,142485.0,14400.0,10,7,1,1,14400.0,14400.0,14400.0,0.0
1155,M-1810,item:268091,12378.642182,14400.0,14400.0,203550.0,finite,2112122.167488,none,,0.0,0.0,min_max,0.0,14400.0,142485.0,14400.0,10,1,1,1,14400.0,14400.0,14400.0,0.0
1156,M-1810,item:268091,12054.797824,14400.0,14400.0,203550.0,finite,2136953.694581,none,,0.0,0.0,min_max,0.0,14400.0,142485.0,14400.0,10,2,1,1,14400.0,14400.0,14400.0,0.0
1157,M-1810,item:268091,11730.894259,14400.0,14400.0,203550.0,finite,2162876.35468,none,,0.0,0.0,min_max,0.0,14400.0,142485.0,14400.0,10,3,1,1,14400.0,14400.0,14400.0,0.0
1158,M-1810,item:268091,11406.978852,14400.0,14400.0,203550.0,finite,2189663.546798,none,,0.0,0.0,min_max,0.0,14400.0,142485.0,14400.0,10,4,1,1,14400.0,14400.0,14400.0,0.0
1159,M-1810,item:268091,11140.040668,14400.0,14400.0,203550.0,finite,2216450.738916,none,,0.0,0.0,min_max,0.0,14400.0,142485.0,14400.0,10,5,1,1,14400.0,14400.0,14400.0,0.0
1160,M-1810,item:268091,10884.49793,14400.0,14400.0,203550.0,finite,2245742.857143,none,,0.0,0.0,min_max,0.0,14400.0,142485.0,14400.0,10,6,1,1,14400.0,14400.0,14400.0,0.0
1161,M-1810,item:268091,10631.23428,14400.0,14400.0,203550.0,finite,2277648.275862,none,,0.0,0.0,min_max,0.0,14400.0,142485.0,14400.0,10,7,1,1,14400.0,14400.0,14400.0,0.0
1162,M-1810,item:268091,10378.426448,14400.0,14400.0,203550.0,finite,2312455.172414,none,,0.0,0.0,min_max,0.0,14400.0,142485.0,14400.0,10,1,1,1,14400.0,14400.0,14400.0,0.0
1163,M-1810,item:268091,10125.709779,14400.0,14400.0,203550.0,finite,2349835.960591,none,,0.0,0.0,min_max,0.0,14400.0,142485.0,14400.0,10,2,1,1,14400.0,14400.0,14400.0,0.0
1164,M-1810,item:268091,9873.011344,14400.0,14400.0,203550.0,finite,2388596.059113,none,,0.0,0.0,min_max,0.0,14400.0,142485.0,14400.0,10,3,1,1,14400.0,14400.0,14400.0,0.0
1165,M-1430,item:268967,4944.685714,107800.0,107800.0,154000.0,finite,1477050.0,none,,0.0,0.0,fixed,107800.0,107800.0,107800.0,0.0,10,1,1,1,107800.0,107800.0,107800.0,0.0
1165,M-1810,item:268091,9620.316554,14400.0,14400.0,203550.0,finite,2428688.669951,none,,0.0,0.0,min_max,0.0,14400.0,142485.0,14400.0,10,4,1,1,14400.0,14400.0,14400.0,0.0
1166,M-1810,item:268091,9801.744943,14400.0,14400.0,203550.0,finite,2455298.0,none,,0.0,0.0,min_max,0.0,14400.0,142485.0,14400.0,10,5,1,1,14400.0,14400.0,14400.0,0.0
1166,SDC-1450,item:773474,1946228.8576,3200000.0,3200000.0,0.0,unmodeled,221002684.563758,none,,0.0,0.0,fixed,3200000.0,0.0,0.0,0.0,10,1,1,1,3200000.0,3200000.0,3200000.0,0.0
1167,M-1810,item:268091,10069.997968,14400.0,14400.0,203550.0,finite,2440898.0,none,,0.0,0.0,min_max,0.0,14400.0,142485.0,14400.0,10,6,1,1,14400.0,14400.0,14400.0,0.0
1168,M-1810,item:268091,10355.61592,14400.0,14400.0,203550.0,finite,2426498.0,none,,0.0,0.0,min_max,0.0,14400.0,142485.0,14400.0,10,7,1,1,14400.0,14400.0,14400.0,0.0
1169,M-1810,item:268091,10644.706858,14400.0,14400.0,203550.0,finite,2412098.0,none,,0.0,0.0,min_max,0.0,14400.0,142485.0,14400.0,10,1,1,1,14400.0,14400.0,14400.0,0.0
1170,M-1810,item:268091,10934.492392,14400.0,14400.0,203550.0,finite,2397698.0,none,,0.0,0.0,min_max,0.0,14400.0,142485.0,14400.0,10,2,1,1,14400.0,14400.0,14400.0,0.0
1171,M-1810,item:268091,11224.416846,14400.0,14400.0,203550.0,finite,2383298.0,none,,0.0,0.0,min_max,0.0,14400.0,142485.0,14400.0,10,3,1,1,14400.0,14400.0,14400.0,0.0
1172,M-1810,item:268091,11514.369084,14400.0,14400.0,203550.0,finite,2368898.0,none,,0.0,0.0,min_max,0.0,14400.0,142485.0,14400.0,10,4,1,1,14400.0,14400.0,14400.0,0.0
1173,M-1810,item:268091,11654.188103,14400.0,14400.0,203550.0,finite,2354498.0,none,,0.0,0.0,min_max,0.0,14400.0,142485.0,14400.0,10,5,1,1,14400.0,14400.0,14400.0,0.0
1174,M-1810,item:268091,11763.980478,14400.0,14400.0,203550.0,finite,2340098.0,none,,0.0,0.0,min_max,0.0,14400.0,142485.0,14400.0,10,6,1,1,14400.0,14400.0,14400.0,0.0
1175,M-1810,item:268091,11867.767524,14400.0,14400.0,203550.0,finite,2325698.0,none,,0.0,0.0,min_max,0.0,14400.0,142485.0,14400.0,10,7,1,1,14400.0,14400.0,14400.0,0.0
1176,M-1810,item:268091,11970.353505,14400.0,14400.0,203550.0,finite,2311298.0,none,,0.0,0.0,min_max,0.0,14400.0,142485.0,14400.0,10,1,1,1,14400.0,14400.0,14400.0,0.0
1177,M-1810,item:268091,12072.699273,14400.0,14400.0,203550.0,finite,2296898.0,none,,0.0,0.0,min_max,0.0,14400.0,142485.0,14400.0,10,2,1,1,14400.0,14400.0,14400.0,0.0
1178,M-1810,item:268091,12174.996997,14400.0,14400.0,203550.0,finite,2282498.0,none,,0.0,0.0,min_max,0.0,14400.0,142485.0,14400.0,10,3,1,1,14400.0,14400.0,14400.0,0.0
1179,M-1810,item:268091,12277.285114,14400.0,14400.0,203550.0,finite,2268098.0,none,,0.0,0.0,min_max,0.0,14400.0,142485.0,14400.0,10,4,1,1,14400.0,14400.0,14400.0,0.0
1180,M-1810,item:268091,11908.469268,14400.0,14400.0,203550.0,finite,2253698.0,none,,0.0,0.0,min_max,0.0,14400.0,142485.0,14400.0,10,5,1,1,14400.0,14400.0,14400.0,0.0
1181,M-1810,item:268091,11445.432629,14400.0,14400.0,203550.0,finite,2239298.0,none,,0.0,0.0,min_max,0.0,14400.0,142485.0,14400.0,10,6,1,1,14400.0,14400.0,14400.0,0.0
1182,M-1810,item:268091,10963.551832,14400.0,14400.0,203550.0,finite,2224898.0,none,,0.0,0.0,min_max,0.0,14400.0,142485.0,14400.0,10,7,1,1,14400.0,14400.0,14400.0,0.0
1183,M-1810,item:268091,10477.902203,14400.0,14400.0,203550.0,finite,2210498.0,none,,0.0,0.0,min_max,0.0,14400.0,142485.0,14400.0,10,1,1,1,14400.0,14400.0,14400.0,0.0
1190,M-1430,item:268967,4166.644898,107800.0,107800.0,154000.0,finite,1449250.0,none,,0.0,0.0,fixed,107800.0,107800.0,107800.0,0.0,10,1,1,1,107800.0,107800.0,107800.0,0.0
1197,M-1810,item:268091,8271.722449,14400.0,14400.0,203550.0,finite,2196098.0,none,,0.0,0.0,min_max,0.0,14400.0,142485.0,14400.0,10,1,1,1,14400.0,14400.0,14400.0,0.0
1198,M-1810,item:268091,10643.797551,14400.0,14400.0,203550.0,finite,2181698.0,none,,0.0,0.0,min_max,0.0,14400.0,142485.0,14400.0,10,2,1,1,14400.0,14400.0,14400.0,0.0
1199,M-1810,item:268091,11835.943184,14400.0,14400.0,203550.0,finite,2167298.0,none,,0.0,0.0,min_max,0.0,14400.0,142485.0,14400.0,10,3,1,1,14400.0,14400.0,14400.0,0.0
1200,M-1810,item:268091,12792.102922,14400.0,14400.0,203550.0,finite,2152898.0,none,,0.0,0.0,min_max,0.0,14400.0,142485.0,14400.0,10,4,1,1,14400.0,14400.0,14400.0,0.0
1201,M-1810,item:268091,12503.596095,14400.0,14400.0,203550.0,finite,2138498.0,none,,0.0,0.0,min_max,0.0,14400.0,142485.0,14400.0,10,5,1,1,14400.0,14400.0,14400.0,0.0
1202,M-1810,item:268091,11966.155953,14400.0,14400.0,203550.0,finite,2124098.0,none,,0.0,0.0,min_max,0.0,14400.0,142485.0,14400.0,10,6,1,1,14400.0,14400.0,14400.0,0.0
1203,M-1810,item:268091,11378.92915,14400.0,14400.0,203550.0,finite,2109698.0,none,,0.0,0.0,min_max,0.0,14400.0,142485.0,14400.0,10,7,1,1,14400.0,14400.0,14400.0,0.0
1204,M-1810,item:268091,10781.745013,14400.0,14400.0,203550.0,finite,2095298.0,none,,0.0,0.0,min_max,0.0,14400.0,142485.0,14400.0,10,1,1,1,14400.0,14400.0,14400.0,0.0
1205,M-1810,item:268091,10182.569411,14400.0,14400.0,203550.0,finite,2080898.0,none,,0.0,0.0,min_max,0.0,14400.0,142485.0,14400.0,10,2,1,1,14400.0,14400.0,14400.0,0.0
1206,M-1810,item:268091,9582.995514,14400.0,14400.0,203550.0,finite,2066498.0,none,,0.0,0.0,min_max,0.0,14400.0,142485.0,14400.0,10,3,1,1,14400.0,14400.0,14400.0,0.0
1207,M-1810,item:268091,8983.34196,14400.0,14400.0,203550.0,finite,2052098.0,none,,0.0,0.0,min_max,0.0,14400.0,142485.0,14400.0,10,4,1,1,14400.0,14400.0,14400.0,0.0
1225,M-1810,item:268091,6245.159184,14400.0,14400.0,203550.0,finite,2037698.0,none,,0.0,0.0,min_max,0.0,14400.0,142485.0,14400.0,10,1,1,1,14400.0,14400.0,14400.0,0.0
1226,M-1810,item:268091,8160.966531,14400.0,14400.0,203550.0,finite,2023298.0,none,,0.0,0.0,min_max,0.0,14400.0,142485.0,14400.0,10,2,1,1,14400.0,14400.0,14400.0,0.0
1227,M-1810,item:268091,9210.90351,14400.0,14400.0,203550.0,finite,2008898.0,none,,0.0,0.0,min_max,0.0,14400.0,142485.0,14400.0,10,3,1,1,14400.0,14400.0,14400.0,0.0
1228,M-1810,item:268091,10087.666416,14400.0,14400.0,203550.0,finite,1994498.0,none,,0.0,0.0,min_max,0.0,14400.0,142485.0,14400.0,10,4,1,1,14400.0,14400.0,14400.0,0.0
1229,M-1810,item:268091,10265.288385,14400.0,14400.0,203550.0,finite,1980098.0,none,,0.0,0.0,min_max,0.0,14400.0,142485.0,14400.0,10,5,1,1,14400.0,14400.0,14400.0,0.0
1230,M-1810,item:268091,10303.082167,14400.0,14400.0,203550.0,finite,1965698.0,none,,0.0,0.0,min_max,0.0,14400.0,142485.0,14400.0,10,6,1,1,14400.0,14400.0,14400.0,0.0
1231,M-1810,item:268091,10312.910311,14400.0,14400.0,203550.0,finite,1951298.0,none,,0.0,0.0,min_max,0.0,14400.0,142485.0,14400.0,10,7,1,1,14400.0,14400.0,14400.0,0.0
1232,M-1810,item:268091,10317.145328,14400.0,14400.0,203550.0,finite,1936898.0,none,,0.0,0.0,min_max,0.0,14400.0,142485.0,14400.0,10,1,1,1,14400.0,14400.0,14400.0,0.0
1233,M-1810,item:268091,10320.261719,14400.0,14400.0,203550.0,finite,1922498.0,none,,0.0,0.0,min_max,0.0,14400.0,142485.0,14400.0,10,2,1,1,14400.0,14400.0,14400.0,0.0
1234,M-1810,item:268091,10323.154385,14400.0,14400.0,203550.0,finite,1908098.0,none,,0.0,0.0,min_max,0.0,14400.0,142485.0,14400.0,10,3,1,1,14400.0,14400.0,14400.0,0.0
1235,M-1810,item:268091,10326.002306,14400.0,14400.0,203550.0,finite,1893698.0,none,,0.0,0.0,min_max,0.0,14400.0,142485.0,14400.0,10,4,1,1,14400.0,14400.0,14400.0,0.0
1236,M-1810,item:268091,10416.433114,14400.0,14400.0,203550.0,finite,1879298.0,none,,0.0,0.0,min_max,0.0,14400.0,142485.0,14400.0,10,5,1,1,14400.0,14400.0,14400.0,0.0
1237,M-1810,item:268091,10524.380501,14400.0,14400.0,203550.0,finite,1864898.0,none,,0.0,0.0,min_max,0.0,14400.0,142485.0,14400.0,10,6,1,1,14400.0,14400.0,14400.0,0.0
1238,M-1810,item:268091,10635.831202,14400.0,14400.0,203550.0,finite,1850498.0,none,,0.0,0.0,min_max,0.0,14400.0,142485.0,14400.0,10,7,1,1,14400.0,14400.0,14400.0,0.0
1239,M-1810,item:268091,10747.982567,14400.0,14400.0,203550.0,finite,1836098.0,none,,0.0,0.0,min_max,0.0,14400.0,142485.0,14400.0,10,1,1,1,14400.0,14400.0,14400.0,0.0
1240,M-1810,item:268091,10860.274065,14400.0,14400.0,203550.0,finite,1821698.0,none,,0.0,0.0,min_max,0.0,14400.0,142485.0,14400.0,10,2,1,1,14400.0,14400.0,14400.0,0.0
1241,M-1810,item:268091,10972.593588,14400.0,14400.0,203550.0,finite,1807298.0,none,,0.0,0.0,min_max,0.0,14400.0,142485.0,14400.0,10,3,1,1,14400.0,14400.0,14400.0,0.0
1242,M-1810,item:268091,11084.918718,14400.0,14400.0,203550.0,finite,1792898.0,none,,0.0,0.0,min_max,0.0,14400.0,142485.0,14400.0,10,4,1,1,14400.0,14400.0,14400.0,0.0
1243,M-1810,item:268091,10893.604152,14400.0,14400.0,203550.0,finite,1778498.0,none,,0.0,0.0,min_max,0.0,14400.0,142485.0,14400.0,10,5,1,1,14400.0,14400.0,14400.0,0.0
1244,M-1810,item:268091,10641.561647,14400.0,14400.0,203550.0,finite,1764098.0,none,,0.0,0.0,min_max,0.0,14400.0,142485.0,14400.0,10,6,1,1,14400.0,14400.0,14400.0,0.0
1245,M-1810,item:268091,10377.373554,14400.0,14400.0,203550.0,finite,1749698.0,none,,0.0,0.0,min_max,0.0,14400.0,142485.0,14400.0,10,7,1,1,14400.0,14400.0,14400.0,0.0
1246,M-1810,item:268091,10110.756343,14400.0,14400.0,203550.0,finite,1735298.0,none,,0.0,0.0,min_max,0.0,14400.0,142485.0,14400.0,10,1,1,1,14400.0,14400.0,14400.0,0.0
1247,M-1810,item:268091,9843.653309,14400.0,14400.0,203550.0,finite,1720898.0,none,,0.0,0.0,min_max,0.0,14400.0,142485.0,14400.0,10,2,1,1,14400.0,14400.0,14400.0,0.0
1248,M-1810,item:268091,9576.453111,14400.0,14400.0,203550.0,finite,1706498.0,none,,0.0,0.0,min_max,0.0,14400.0,142485.0,14400.0,10,3,1,1,14400.0,14400.0,14400.0,0.0
1249,M-1810,item:268091,9309.233479,14400.0,14400.0,203550.0,finite,1692098.0,none,,0.0,0.0,min_max,0.0,14400.0,142485.0,14400.0,10,4,1,1,14400.0,14400.0,14400.0,0.0
1259,M-1430,item:268967,9374.514286,107800.0,107800.0,154000.0,finite,1661450.0,none,,0.0,0.0,fixed,107800.0,107800.0,107800.0,0.0,10,1,1,1,107800.0,107800.0,107800.0,0.0
1259,M-1810,item:268091,6910.612245,14400.0,14400.0,203550.0,finite,1677698.0,none,,0.0,0.0,min_max,0.0,14400.0,142485.0,14400.0,10,1,1,1,14400.0,14400.0,14400.0,0.0
1260,M-1430,item:268967,13643.017143,107800.0,107800.0,154000.0,finite,1558650.0,none,,0.0,0.0,fixed,107800.0,107800.0,107800.0,0.0,10,1,1,1,107800.0,107800.0,107800.0,0.0
1260,M-1810,item:268091,8741.110204,14400.0,14400.0,203550.0,finite,1663298.0,none,,0.0,0.0,min_max,0.0,14400.0,142485.0,14400.0,10,1,1,1,14400.0,14400.0,14400.0,0.0
1261,M-1430,item:268967,16890.317714,107800.0,107800.0,154000.0,finite,1460850.0,none,,0.0,0.0,fixed,107800.0,107800.0,107800.0,0.0,10,2,1,1,107800.0,107800.0,107800.0,0.0
1261,M-1810,item:268091,9555.585306,14400.0,14400.0,203550.0,finite,1648898.0,none,,0.0,0.0,min_max,0.0,14400.0,142485.0,14400.0,10,2,1,1,14400.0,14400.0,14400.0,0.0
1261,SDC-1450,item:773474,1930696.0576,3200000.0,3200000.0,0.0,unmodeled,217802684.563758,none,,0.0,0.0,fixed,3200000.0,0.0,0.0,0.0,10,1,1,1,3200000.0,3200000.0,3200000.0,0.0
1262,M-1430,item:268967,19933.377828,107800.0,107800.0,154000.0,finite,1358050.0,none,,0.0,0.0,fixed,107800.0,107800.0,107800.0,0.0,10,3,1,1,107800.0,107800.0,107800.0,0.0
1262,M-1810,item:268091,10166.855837,14400.0,14400.0,203550.0,finite,1634498.0,none,,0.0,0.0,min_max,0.0,14400.0,142485.0,14400.0,10,3,1,1,14400.0,14400.0,14400.0,0.0
1263,M-1430,item:268967,22935.589851,107800.0,107800.0,154000.0,finite,1250250.0,none,,0.0,0.0,fixed,107800.0,107800.0,107800.0,0.0,10,4,1,1,107800.0,107800.0,107800.0,0.0
1263,M-1810,item:268091,10737.485453,14400.0,14400.0,203550.0,finite,1620098.0,none,,0.0,0.0,min_max,0.0,14400.0,142485.0,14400.0,10,4,1,1,14400.0,14400.0,14400.0,0.0
1264,M-1430,item:268967,20945.19144,107800.0,107800.0,154000.0,finite,1157450.0,none,,0.0,0.0,fixed,107800.0,107800.0,107800.0,0.0,10,5,1,1,107800.0,107800.0,107800.0,0.0
1264,M-1810,item:268091,11141.015458,14400.0,14400.0,203550.0,finite,1605698.0,none,,0.0,0.0,min_max,0.0,14400.0,142485.0,14400.0,10,5,1,1,14400.0,14400.0,14400.0,0.0
1264,SDC-1450,item:773474,1915163.2576,3200000.0,3200000.0,0.0,unmodeled,214602684.563758,none,,0.0,0.0,fixed,3200000.0,0.0,0.0,0.0,10,2,1,1,3200000.0,3200000.0,3200000.0,0.0
1265,M-1430,item:268967,17956.270941,107800.0,107800.0,154000.0,finite,1049650.0,none,,0.0,0.0,fixed,107800.0,107800.0,107800.0,0.0,10,6,1,1,107800.0,107800.0,107800.0,0.0
1265,M-1810,item:268091,11511.12554,14400.0,14400.0,203550.0,finite,1591298.0,none,,0.0,0.0,min_max,0.0,14400.0,142485.0,14400.0,10,6,1,1,14400.0,14400.0,14400.0,0.0
1266,M-1810,item:268091,11874.551638,14400.0,14400.0,203550.0,finite,1576898.0,none,,0.0,0.0,min_max,0.0,14400.0,142485.0,14400.0,10,7,1,1,14400.0,14400.0,14400.0,0.0
1267,M-1810,item:268091,12236.64094,14400.0,14400.0,203550.0,finite,1562498.0,none,,0.0,0.0,min_max,0.0,14400.0,142485.0,14400.0,10,1,1,1,14400.0,14400.0,14400.0,0.0
1268,M-1810,item:268091,12598.462882,14400.0,14400.0,203550.0,finite,1548098.0,none,,0.0,0.0,min_max,0.0,14400.0,142485.0,14400.0,10,2,1,1,14400.0,14400.0,14400.0,0.0
1269,M-1810,item:268091,12960.231352,14400.0,14400.0,203550.0,finite,1533698.0,none,,0.0,0.0,min_max,0.0,14400.0,142485.0,14400.0,10,3,1,1,14400.0,14400.0,14400.0,0.0
1270,M-1810,item:268091,13321.989127,14400.0,14400.0,203550.0,finite,1519298.0,none,,0.0,0.0,min_max,0.0,14400.0,142485.0,14400.0,10,4,1,1,14400.0,14400.0,14400.0,0.0
1271,M-1810,item:268091,12874.471295,14400.0,14400.0,203550.0,finite,1504898.0,none,,0.0,0.0,min_max,0.0,14400.0,142485.0,14400.0,10,5,1,1,14400.0,14400.0,14400.0,0.0
1272,M-1810,item:268091,12265.09834,14400.0,14400.0,203550.0,finite,1490498.0,none,,0.0,0.0,min_max,0.0,14400.0,142485.0,14400.0,10,6,1,1,14400.0,14400.0,14400.0,0.0
1273,M-1810,item:268091,11623.354362,14400.0,14400.0,203550.0,finite,1476098.0,none,,0.0,0.0,min_max,0.0,14400.0,142485.0,14400.0,10,7,1,1,14400.0,14400.0,14400.0,0.0
1274,M-1810,item:268091,10975.136179,14400.0,14400.0,203550.0,finite,1461698.0,none,,0.0,0.0,min_max,0.0,14400.0,142485.0,14400.0,10,1,1,1,14400.0,14400.0,14400.0,0.0
1275,M-1810,item:268091,10325.623154,14400.0,14400.0,203550.0,finite,1447298.0,none,,0.0,0.0,min_max,0.0,14400.0,142485.0,14400.0,10,2,1,1,14400.0,14400.0,14400.0,0.0
1276,M-1810,item:268091,9675.851162,14400.0,14400.0,203550.0,finite,1432898.0,none,,0.0,0.0,min_max,0.0,14400.0,142485.0,14400.0,10,3,1,1,14400.0,14400.0,14400.0,0.0
1277,M-1810,item:268091,9026.027376,14400.0,14400.0,203550.0,finite,1418498.0,none,,0.0,0.0,min_max,0.0,14400.0,142485.0,14400.0,10,4,1,1,14400.0,14400.0,14400.0,0.0
1279,M-1810,item:268091,7472.604082,14400.0,14400.0,203550.0,finite,1404098.0,none,,0.0,0.0,min_max,0.0,14400.0,142485.0,14400.0,10,5,1,1,14400.0,14400.0,14400.0,0.0
1280,M-1810,item:268091,9157.998368,14400.0,14400.0,203550.0,finite,1389698.0,none,,0.0,0.0,min_max,0.0,14400.0,142485.0,14400.0,10,6,1,1,14400.0,14400.0,14400.0,0.0
1281,M-1810,item:268091,9685.950694,14400.0,14400.0,203550.0,finite,1375298.0,none,,0.0,0.0,min_max,0.0,14400.0,142485.0,14400.0,10,1,1,1,14400.0,14400.0,14400.0,0.0
1282,M-1810,item:268091,9982.414629,14400.0,14400.0,203550.0,finite,1360898.0,none,,0.0,0.0,min_max,0.0,14400.0,142485.0,14400.0,10,2,1,1,14400.0,14400.0,14400.0,0.0
1283,M-1810,item:268091,10232.580885,14400.0,14400.0,203550.0,finite,1346498.0,none,,0.0,0.0,min_max,0.0,14400.0,142485.0,14400.0,10,3,1,1,14400.0,14400.0,14400.0,0.0
1284,M-1810,item:268091,10473.487606,14400.0,14400.0,203550.0,finite,1332098.0,none,,0.0,0.0,min_max,0.0,14400.0,142485.0,14400.0,10,4,1,1,14400.0,14400.0,14400.0,0.0
1285,M-1810,item:268091,10141.048542,14400.0,14400.0,203550.0,finite,1317698.0,none,,0.0,0.0,min_max,0.0,14400.0,142485.0,14400.0,10,5,1,1,14400.0,14400.0,14400.0,0.0
1286,M-1810,item:268091,9693.940321,14400.0,14400.0,203550.0,finite,1303298.0,none,,0.0,0.0,min_max,0.0,14400.0,142485.0,14400.0,10,6,1,1,14400.0,14400.0,14400.0,0.0
1294,M-1810,item:268091,8054.285714,14400.0,14400.0,203550.0,finite,1288898.0,none,,0.0,0.0,min_max,0.0,14400.0,142485.0,14400.0,10,1,1,1,14400.0,14400.0,14400.0,0.0
1295,M-1810,item:268091,10429.028571,14400.0,14400.0,203550.0,finite,1274498.0,none,,0.0,0.0,min_max,0.0,14400.0,142485.0,14400.0,10,1,1,1,14400.0,14400.0,14400.0,0.0
1296,M-1810,item:268091,11667.862857,14400.0,14400.0,203550.0,finite,1260098.0,none,,0.0,0.0,min_max,0.0,14400.0,142485.0,14400.0,10,2,1,1,14400.0,14400.0,14400.0,0.0
1297,M-1810,item:268091,12679.515428,14400.0,14400.0,203550.0,finite,1245698.0,none,,0.0,0.0,min_max,0.0,14400.0,142485.0,14400.0,10,3,1,1,14400.0,14400.0,14400.0,0.0
1298,M-1810,item:268091,13645.731657,14400.0,14400.0,203550.0,finite,1231298.0,none,,0.0,0.0,min_max,0.0,14400.0,142485.0,14400.0,10,4,1,1,14400.0,14400.0,14400.0,0.0
1299,M-1810,item:268091,13130.436127,14400.0,14400.0,203550.0,finite,1216898.0,none,,0.0,0.0,min_max,0.0,14400.0,142485.0,14400.0,10,5,1,1,14400.0,14400.0,14400.0,0.0
1300,M-1810,item:268091,12318.838246,14400.0,14400.0,203550.0,finite,1202498.0,none,,0.0,0.0,min_max,0.0,14400.0,142485.0,14400.0,10,6,1,1,14400.0,14400.0,14400.0,0.0
1301,M-1810,item:268091,11447.979894,14400.0,14400.0,203550.0,finite,1188098.0,none,,0.0,0.0,min_max,0.0,14400.0,142485.0,14400.0,10,7,1,1,14400.0,14400.0,14400.0,0.0
1302,M-1810,item:268091,10565.269448,14400.0,14400.0,203550.0,finite,1173698.0,none,,0.0,0.0,min_max,0.0,14400.0,142485.0,14400.0,10,1,1,1,14400.0,14400.0,14400.0,0.0
1303,M-1810,item:268091,9680.188584,14400.0,14400.0,203550.0,finite,1159298.0,none,,0.0,0.0,min_max,0.0,14400.0,142485.0,14400.0,10,2,1,1,14400.0,14400.0,14400.0,0.0
1304,M-1810,item:268091,8794.633635,14400.0,14400.0,203550.0,finite,1144898.0,none,,0.0,0.0,min_max,0.0,14400.0,142485.0,14400.0,10,3,1,1,14400.0,14400.0,14400.0,0.0
1329,M-1810,item:268091,6294.302041,14400.0,14400.0,203550.0,finite,1130498.0,none,,0.0,0.0,min_max,0.0,14400.0,142485.0,14400.0,10,1,1,1,14400.0,14400.0,14400.0,0.0
1330,M-1810,item:268091,8234.958367,14400.0,14400.0,203550.0,finite,1116098.0,none,,0.0,0.0,min_max,0.0,14400.0,142485.0,14400.0,10,1,1,1,14400.0,14400.0,14400.0,0.0
1331,M-1810,item:268091,9304.885551,14400.0,14400.0,203550.0,finite,1101698.0,none,,0.0,0.0,min_max,0.0,14400.0,142485.0,14400.0,10,2,1,1,14400.0,14400.0,14400.0,0.0
1332,M-1810,item:268091,10200.666906,14400.0,14400.0,203550.0,finite,1087298.0,none,,0.0,0.0,min_max,0.0,14400.0,142485.0,14400.0,10,3,1,1,14400.0,14400.0,14400.0,0.0
1333,M-1810,item:268091,11061.619096,14400.0,14400.0,203550.0,finite,1072898.0,none,,0.0,0.0,min_max,0.0,14400.0,142485.0,14400.0,10,4,1,1,14400.0,14400.0,14400.0,0.0
1334,M-1810,item:268091,11033.483003,14400.0,14400.0,203550.0,finite,1058498.0,none,,0.0,0.0,min_max,0.0,14400.0,142485.0,14400.0,10,5,1,1,14400.0,14400.0,14400.0,0.0
1335,M-1810,item:268091,10827.529254,14400.0,14400.0,203550.0,finite,1044098.0,none,,0.0,0.0,min_max,0.0,14400.0,142485.0,14400.0,10,6,1,1,14400.0,14400.0,14400.0,0.0
1336,M-1810,item:268091,10586.011973,14400.0,14400.0,203550.0,finite,1029698.0,none,,0.0,0.0,min_max,0.0,14400.0,142485.0,14400.0,10,7,1,1,14400.0,14400.0,14400.0,0.0
1337,M-1810,item:268091,10337.381987,14400.0,14400.0,203550.0,finite,1015298.0,none,,0.0,0.0,min_max,0.0,14400.0,142485.0,14400.0,10,1,1,1,14400.0,14400.0,14400.0,0.0
1338,M-1810,item:268091,10087.329459,14400.0,14400.0,203550.0,finite,1000898.0,none,,0.0,0.0,min_max,0.0,14400.0,142485.0,14400.0,10,2,1,1,14400.0,14400.0,14400.0,0.0
1339,M-1810,item:268091,9836.992422,14400.0,14400.0,203550.0,finite,986498.0,none,,0.0,0.0,min_max,0.0,14400.0,142485.0,14400.0,10,3,1,1,14400.0,14400.0,14400.0,0.0
1340,M-1810,item:268091,9586.598484,14400.0,14400.0,203550.0,finite,972098.0,none,,0.0,0.0,min_max,0.0,14400.0,142485.0,14400.0,10,4,1,1,14400.0,14400.0,14400.0,0.0
1341,M-1810,item:268091,9486.936023,14400.0,14400.0,203550.0,finite,957698.0,none,,0.0,0.0,min_max,0.0,14400.0,142485.0,14400.0,10,5,1,1,14400.0,14400.0,14400.0,0.0
1342,M-1810,item:268091,9417.419858,14400.0,14400.0,203550.0,finite,943298.0,none,,0.0,0.0,min_max,0.0,14400.0,142485.0,14400.0,10,6,1,1,14400.0,14400.0,14400.0,0.0
1343,M-1810,item:268091,9353.932951,14400.0,14400.0,203550.0,finite,928898.0,none,,0.0,0.0,min_max,0.0,14400.0,142485.0,14400.0,10,7,1,1,14400.0,14400.0,14400.0,0.0
1344,M-1810,item:268091,9291.651896,14400.0,14400.0,203550.0,finite,914498.0,none,,0.0,0.0,min_max,0.0,14400.0,142485.0,14400.0,10,1,1,1,14400.0,14400.0,14400.0,0.0
1345,M-1810,item:268091,9229.612012,14400.0,14400.0,203550.0,finite,900098.0,none,,0.0,0.0,min_max,0.0,14400.0,142485.0,14400.0,10,2,1,1,14400.0,14400.0,14400.0,0.0
1346,M-1810,item:268091,9167.620361,14400.0,14400.0,203550.0,finite,885698.0,none,,0.0,0.0,min_max,0.0,14400.0,142485.0,14400.0,10,3,1,1,14400.0,14400.0,14400.0,0.0
1347,M-1810,item:268091,9105.638358,14400.0,14400.0,203550.0,finite,871298.0,none,,0.0,0.0,min_max,0.0,14400.0,142485.0,14400.0,10,4,1,1,14400.0,14400.0,14400.0,0.0
1348,M-1810,item:268091,9212.915427,14400.0,14400.0,203550.0,finite,856898.0,none,,0.0,0.0,min_max,0.0,14400.0,142485.0,14400.0,10,5,1,1,14400.0,14400.0,14400.0,0.0
1349,M-1810,item:268091,9354.04431,14400.0,14400.0,203550.0,finite,842498.0,none,,0.0,0.0,min_max,0.0,14400.0,142485.0,14400.0,10,6,1,1,14400.0,14400.0,14400.0,0.0
1350,M-1810,item:268091,9501.943556,14400.0,14400.0,203550.0,finite,828098.0,none,,0.0,0.0,min_max,0.0,14400.0,142485.0,14400.0,10,7,1,1,14400.0,14400.0,14400.0,0.0
1351,M-1810,item:268091,9651.196874,14400.0,14400.0,203550.0,finite,813698.0,none,,0.0,0.0,min_max,0.0,14400.0,142485.0,14400.0,10,1,1,1,14400.0,14400.0,14400.0,0.0
1352,M-1810,item:268091,9800.721007,14400.0,14400.0,203550.0,finite,799298.0,none,,0.0,0.0,min_max,0.0,14400.0,142485.0,14400.0,10,2,1,1,14400.0,14400.0,14400.0,0.0
1353,M-1810,item:268091,9950.299303,14400.0,14400.0,203550.0,finite,784898.0,none,,0.0,0.0,min_max,0.0,14400.0,142485.0,14400.0,10,3,1,1,14400.0,14400.0,14400.0,0.0
1354,M-1810,item:268091,10099.888432,14400.0,14400.0,203550.0,finite,770498.0,none,,0.0,0.0,min_max,0.0,14400.0,142485.0,14400.0,10,4,1,1,14400.0,14400.0,14400.0,0.0
1355,M-1810,item:268091,10479.96136,14400.0,14400.0,203550.0,finite,756098.0,none,,0.0,0.0,min_max,0.0,14400.0,142485.0,14400.0,10,5,1,1,14400.0,14400.0,14400.0,0.0
1356,M-1810,item:268091,10906.131047,14400.0,14400.0,203550.0,finite,741698.0,none,,0.0,0.0,min_max,0.0,14400.0,142485.0,14400.0,10,6,1,1,14400.0,14400.0,14400.0,0.0
1357,M-1810,item:268091,11341.520087,14400.0,14400.0,203550.0,finite,727298.0,none,,0.0,0.0,min_max,0.0,14400.0,142485.0,14400.0,10,7,1,1,14400.0,14400.0,14400.0,0.0
1358,M-1810,item:268091,11778.752997,14400.0,14400.0,203550.0,finite,712898.0,none,,0.0,0.0,min_max,0.0,14400.0,142485.0,14400.0,10,1,1,1,14400.0,14400.0,14400.0,0.0
1359,M-1810,item:268091,12216.354681,14400.0,14400.0,203550.0,finite,698498.0,none,,0.0,0.0,min_max,0.0,14400.0,142485.0,14400.0,10,2,1,1,14400.0,14400.0,14400.0,0.0
1360,M-1810,item:268091,12654.03012,14400.0,14400.0,203550.0,finite,684098.0,none,,0.0,0.0,min_max,0.0,14400.0,142485.0,14400.0,10,3,1,1,14400.0,14400.0,14400.0,0.0
1361,M-1810,item:268091,13091.72031,14400.0,14400.0,203550.0,finite,669698.0,none,,0.0,0.0,min_max,0.0,14400.0,142485.0,14400.0,10,4,1,1,14400.0,14400.0,14400.0,0.0
1362,M-1810,item:268091,12561.250184,14400.0,14400.0,203550.0,finite,655298.0,none,,0.0,0.0,min_max,0.0,14400.0,142485.0,14400.0,10,5,1,1,14400.0,14400.0,14400.0,0.0
1363,M-1810,item:268091,11837.147996,14400.0,14400.0,203550.0,finite,640898.0,none,,0.0,0.0,min_max,0.0,14400.0,142485.0,14400.0,10,6,1,1,14400.0,14400.0,14400.0,0.0
1364,M-1810,item:268091,11074.319395,14400.0,14400.0,203550.0,finite,626498.0,none,,0.0,0.0,min_max,0.0,14400.0,142485.0,14400.0,10,7,1,1,14400.0,14400.0,14400.0,0.0
1365,M-1810,item:268091,10303.745512,14400.0,14400.0,203550.0,finite,612098.0,none,,0.0,0.0,min_max,0.0,14400.0,142485.0,14400.0,10,1,1,1,14400.0,14400.0,14400.0,0.0
1366,M-1810,item:268091,9531.622572,14400.0,14400.0,203550.0,finite,597698.0,none,,0.0,0.0,min_max,0.0,14400.0,142485.0,14400.0,10,2,1,1,14400.0,14400.0,14400.0,0.0
1374,M-1810,item:268091,7223.167347,14400.0,14400.0,203550.0,finite,608298.0,none,,0.0,0.0,min_max,0.0,14400.0,142485.0,14400.0,10,1,1,1,14400.0,14400.0,14400.0,0.0
1375,M-1810,item:268091,8832.519184,14400.0,14400.0,203550.0,finite,593898.0,none,,0.0,0.0,min_max,0.0,14400.0,142485.0,14400.0,10,2,1,1,14400.0,14400.0,14400.0,0.0
1376,M-1810,item:268091,9275.499755,14400.0,14400.0,203550.0,finite,579498.0,none,,0.0,0.0,min_max,0.0,14400.0,142485.0,14400.0,10,3,1,1,14400.0,14400.0,14400.0,0.0
1377,M-1810,item:268091,9485.206074,14400.0,14400.0,203550.0,finite,565098.0,none,,0.0,0.0,min_max,0.0,14400.0,142485.0,14400.0,10,4,1,1,14400.0,14400.0,14400.0,0.0
1378,M-1810,item:268091,9648.257541,14400.0,14400.0,203550.0,finite,550698.0,none,,0.0,0.0,min_max,0.0,14400.0,142485.0,14400.0,10,5,1,1,14400.0,14400.0,14400.0,0.0
1379,M-1810,item:268091,9801.978039,14400.0,14400.0,203550.0,finite,536298.0,none,,0.0,0.0,min_max,0.0,14400.0,142485.0,14400.0,10,1,1,1,14400.0,14400.0,14400.0,0.0
1380,M-1810,item:268091,9953.832343,14400.0,14400.0,203550.0,finite,521898.0,none,,0.0,0.0,min_max,0.0,14400.0,142485.0,14400.0,10,2,1,1,14400.0,14400.0,14400.0,0.0
1381,M-1810,item:268091,10105.313408,14400.0,14400.0,203550.0,finite,507498.0,none,,0.0,0.0,min_max,0.0,14400.0,142485.0,14400.0,10,3,1,1,14400.0,14400.0,14400.0,0.0
1382,M-1810,item:268091,10256.719825,14400.0,14400.0,203550.0,finite,493098.0,none,,0.0,0.0,min_max,0.0,14400.0,142485.0,14400.0,10,4,1,1,14400.0,14400.0,14400.0,0.0
1383,M-1810,item:268091,10418.397026,14400.0,14400.0,203550.0,finite,478698.0,none,,0.0,0.0,min_max,0.0,14400.0,142485.0,14400.0,10,5,1,1,14400.0,14400.0,14400.0,0.0
1384,M-1810,item:268091,10582.128385,14400.0,14400.0,203550.0,finite,464298.0,none,,0.0,0.0,min_max,0.0,14400.0,142485.0,14400.0,10,6,1,1,14400.0,14400.0,14400.0,0.0
1385,M-1810,item:268091,10746.270575,14400.0,14400.0,203550.0,finite,449898.0,none,,0.0,0.0,min_max,0.0,14400.0,142485.0,14400.0,10,7,1,1,14400.0,14400.0,14400.0,0.0
1386,M-1810,item:268091,10910.494931,14400.0,14400.0,203550.0,finite,435498.0,none,,0.0,0.0,min_max,0.0,14400.0,142485.0,14400.0,10,1,1,1,14400.0,14400.0,14400.0,0.0
1387,M-1810,item:268091,11074.735721,14400.0,14400.0,203550.0,finite,421098.0,none,,0.0,0.0,min_max,0.0,14400.0,142485.0,14400.0,10,2,1,1,14400.0,14400.0,14400.0,0.0
1388,M-1810,item:268091,11238.979797,14400.0,14400.0,203550.0,finite,406698.0,none,,0.0,0.0,min_max,0.0,14400.0,142485.0,14400.0,10,3,1,1,14400.0,14400.0,14400.0,0.0
1389,M-1810,item:268091,11403.224531,14400.0,14400.0,203550.0,finite,392298.0,none,,0.0,0.0,min_max,0.0,14400.0,142485.0,14400.0,10,4,1,1,14400.0,14400.0,14400.0,0.0
1390,M-1810,item:268091,10969.869396,14400.0,14400.0,203550.0,finite,377898.0,none,,0.0,0.0,min_max,0.0,14400.0,142485.0,14400.0,10,5,1,1,14400.0,14400.0,14400.0,0.0
1391,M-1810,item:268091,10416.994287,14400.0,14400.0,203550.0,finite,363498.0,none,,0.0,0.0,min_max,0.0,14400.0,142485.0,14400.0,10,6,1,1,14400.0,14400.0,14400.0,0.0
1392,M-1810,item:268091,9840.215184,14400.0,14400.0,203550.0,finite,349098.0,none,,0.0,0.0,min_max,0.0,14400.0,142485.0,14400.0,10,7,1,1,14400.0,14400.0,14400.0,0.0
1401,M-1810,item:268091,7479.591837,14400.0,14400.0,203550.0,finite,384698.0,none,,0.0,0.0,min_max,0.0,14400.0,142485.0,14400.0,10,1,1,1,14400.0,14400.0,14400.0,0.0
1402,M-1430,item:268967,5716.8,107800.0,107800.0,154000.0,finite,1866850.0,none,,0.0,0.0,fixed,107800.0,107800.0,107800.0,0.0,10,1,1,1,107800.0,107800.0,107800.0,0.0
1402,M-1810,item:268091,9293.028571,14400.0,14400.0,203550.0,finite,370298.0,none,,0.0,0.0,min_max,0.0,14400.0,142485.0,14400.0,10,2,1,1,14400.0,14400.0,14400.0,0.0
1403,M-1810,item:268091,9973.234285,14400.0,14400.0,203550.0,finite,380898.0,none,,0.0,0.0,min_max,0.0,14400.0,142485.0,14400.0,10,3,1,1,14400.0,14400.0,14400.0,0.0
1403,SDC-1450,item:773474,1899630.4576,3200000.0,3200000.0,0.0,unmodeled,211402684.563758,none,,0.0,0.0,fixed,3200000.0,0.0,0.0,0.0,10,1,1,1,3200000.0,3200000.0,3200000.0,0.0
1404,M-1810,item:268091,9651.414204,14400.0,14400.0,203550.0,finite,366498.0,none,,0.0,0.0,min_max,0.0,14400.0,142485.0,14400.0,10,4,1,1,14400.0,14400.0,14400.0,0.0
1405,M-1810,item:268091,9129.188963,14400.0,14400.0,203550.0,finite,377098.0,none,,0.0,0.0,min_max,0.0,14400.0,142485.0,14400.0,10,5,1,1,14400.0,14400.0,14400.0,0.0
1413,M-1810,item:268091,7966.465306,14400.0,14400.0,203550.0,finite,462698.0,none,,0.0,0.0,min_max,0.0,14400.0,142485.0,14400.0,10,1,1,1,14400.0,14400.0,14400.0,0.0
1414,M-1810,item:268091,10578.713469,14400.0,14400.0,203550.0,finite,473298.0,none,,0.0,0.0,min_max,0.0,14400.0,142485.0,14400.0,10,1,1,1,14400.0,14400.0,14400.0,0.0
1415,M-1810,item:268091,12120.118204,14400.0,14400.0,203550.0,finite,508898.0,none,,0.0,0.0,min_max,0.0,14400.0,142485.0,14400.0,10,2,1,1,14400.0,14400.0,14400.0,0.0
1416,M-1810,item:268091,13447.354253,14400.0,14400.0,203550.0,finite,494498.0,none,,0.0,0.0,min_max,0.0,14400.0,142485.0,14400.0,10,3,1,1,14400.0,14400.0,14400.0,0.0
1417,M-1810,item:268091,14731.756565,28800.0,28800.0,203550.0,finite,505098.0,none,,0.0,0.0,min_max,0.0,14400.0,142485.0,14400.0,10,4,1,1,28800.0,28800.0,28800.0,0.0
1418,M-1810,item:268091,15120.196211,28800.0,28800.0,203550.0,finite,476298.0,none,,0.0,0.0,min_max,0.0,14400.0,142485.0,14400.0,10,5,1,1,28800.0,28800.0,28800.0,0.0
1419,M-1810,item:268091,15329.443324,28800.0,28800.0,203550.0,finite,447498.0,none,,0.0,0.0,min_max,0.0,14400.0,142485.0,14400.0,10,6,1,1,28800.0,28800.0,28800.0,0.0
1420,M-1810,item:268091,15502.85193,28800.0,28800.0,203550.0,finite,418698.0,none,,0.0,0.0,min_max,0.0,14400.0,142485.0,14400.0,10,7,1,1,28800.0,28800.0,28800.0,0.0
1421,M-1810,item:268091,15669.092835,28800.0,28800.0,203550.0,finite,414898.0,none,,0.0,0.0,min_max,0.0,14400.0,142485.0,14400.0,10,1,1,1,28800.0,28800.0,28800.0,0.0
1422,M-1810,item:268091,15833.9002,28800.0,28800.0,203550.0,finite,411098.0,none,,0.0,0.0,min_max,0.0,14400.0,142485.0,14400.0,10,2,1,1,28800.0,28800.0,28800.0,0.0
1423,M-1430,item:268967,5290.465306,107800.0,107800.0,154000.0,finite,1759050.0,none,,0.0,0.0,fixed,107800.0,107800.0,107800.0,0.0,10,1,1,1,107800.0,107800.0,107800.0,0.0
1423,M-1810,item:268091,15998.420856,28800.0,28800.0,203550.0,finite,382298.0,none,,0.0,0.0,min_max,0.0,14400.0,142485.0,14400.0,10,3,1,1,28800.0,28800.0,28800.0,0.0
1424,M-1810,item:268091,16162.884171,28800.0,28800.0,203550.0,finite,378498.0,none,,0.0,0.0,min_max,0.0,14400.0,142485.0,14400.0,10,4,1,1,28800.0,28800.0,28800.0,0.0
1425,M-1810,item:268091,15468.250304,28800.0,28800.0,203550.0,finite,349698.0,none,,0.0,0.0,min_max,0.0,14400.0,142485.0,14400.0,10,5,1,1,28800.0,28800.0,28800.0,0.0
1426,M-1810,item:268091,14601.796999,28800.0,28800.0,203550.0,finite,345898.0,none,,0.0,0.0,min_max,0.0,14400.0,142485.0,14400.0,10,6,1,1,28800.0,28800.0,28800.0,0.0
1427,M-1810,item:268091,13700.979808,14400.0,14400.0,203550.0,finite,317098.0,none,,0.0,0.0,min_max,0.0,14400.0,142485.0,14400.0,10,7,1,1,14400.0,14400.0,14400.0,0.0
1428,M-1810,item:268091,12793.289839,14400.0,14400.0,203550.0,finite,302698.0,none,,0.0,0.0,min_max,0.0,14400.0,142485.0,14400.0,10,1,1,1,14400.0,14400.0,14400.0,0.0
1429,M-1810,item:268091,11884.225315,14400.0,14400.0,203550.0,finite,313298.0,none,,0.0,0.0,min_max,0.0,14400.0,142485.0,14400.0,10,2,1,1,14400.0,14400.0,14400.0,0.0
1430,M-1810,item:268091,10974.885879,14400.0,14400.0,203550.0,finite,298898.0,none,,0.0,0.0,min_max,0.0,14400.0,142485.0,14400.0,10,3,1,1,14400.0,14400.0,14400.0,0.0
1438,M-1810,item:268091,8614.171429,14400.0,14400.0,203550.0,finite,409498.0,none,,0.0,0.0,min_max,0.0,14400.0,142485.0,14400.0,10,1,1,1,14400.0,14400.0,14400.0,0.0
1439,M-1810,item:268091,11391.209796,14400.0,14400.0,203550.0,finite,395098.0,none,,0.0,0.0,min_max,0.0,14400.0,142485.0,14400.0,10,2,1,1,14400.0,14400.0,14400.0,0.0
1440,M-1810,item:268091,13000.821551,14400.0,14400.0,203550.0,finite,380698.0,none,,0.0,0.0,min_max,0.0,14400.0,142485.0,14400.0,10,3,1,1,14400.0,14400.0,14400.0,0.0
1441,M-1810,item:268091,14376.947984,14400.0,14400.0,203550.0,finite,366298.0,none,,0.0,0.0,min_max,0.0,14400.0,142485.0,14400.0,10,4,1,1,14400.0,14400.0,14400.0,0.0
1442,M-1810,item:268091,15706.377352,28800.0,28800.0,203550.0,finite,351898.0,none,,0.0,0.0,min_max,0.0,14400.0,142485.0,14400.0,10,1,1,1,28800.0,28800.0,28800.0,0.0
1443,M-1430,item:268967,5268.081632,107800.0,107800.0,154000.0,finite,1651250.0,none,,0.0,0.0,fixed,107800.0,107800.0,107800.0,0.0,10,1,1,1,107800.0,107800.0,107800.0,0.0
1443,M-1810,item:268091,17026.467307,28800.0,28800.0,203550.0,finite,323098.0,none,,0.0,0.0,min_max,0.0,14400.0,142485.0,14400.0,10,2,1,1,28800.0,28800.0,28800.0,0.0
1444,M-1810,item:268091,18344.68938,28800.0,28800.0,203550.0,finite,294298.0,none,,0.0,0.0,min_max,0.0,14400.0,142485.0,14400.0,10,3,1,1,28800.0,28800.0,28800.0,0.0
1445,M-1810,item:268091,19662.537876,28800.0,28800.0,203550.0,finite,290498.0,none,,0.0,0.0,min_max,0.0,14400.0,142485.0,14400.0,10,4,1,1,28800.0,28800.0,28800.0,0.0
1446,M-1810,item:268091,19568.883085,28800.0,28800.0,203550.0,finite,261698.0,none,,0.0,0.0,min_max,0.0,14400.0,142485.0,14400.0,10,5,1,1,28800.0,28800.0,28800.0,0.0
1447,M-1430,item:268967,4717.257143,107800.0,107800.0,154000.0,finite,1543450.0,none,,0.0,0.0,fixed,107800.0,107800.0,107800.0,0.0,10,2,1,1,107800.0,107800.0,107800.0,0.0
1447,M-1810,item:268091,19192.927637,28800.0,28800.0,203550.0,finite,232898.0,none,,0.0,0.0,min_max,0.0,14400.0,142485.0,14400.0,10,6,1,1,28800.0,28800.0,28800.0,0.0
1448,M-1810,item:268091,18760.512058,28800.0,28800.0,203550.0,finite,229098.0,none,,0.0,0.0,min_max,0.0,14400.0,142485.0,14400.0,10,7,1,1,28800.0,28800.0,28800.0,0.0
1448,SDC-1450,item:773474,1884097.6576,3200000.0,3200000.0,0.0,unmodeled,208202684.563758,none,,0.0,0.0,fixed,3200000.0,0.0,0.0,0.0,10,1,1,1,3200000.0,3200000.0,3200000.0,0.0
1449,M-1810,item:268091,18316.804452,28800.0,28800.0,203550.0,finite,200298.0,none,,0.0,0.0,min_max,0.0,14400.0,142485.0,14400.0,10,1,1,1,28800.0,28800.0,28800.0,0.0
1450,M-1810,item:268091,17870.838441,28800.0,28800.0,203550.0,finite,196498.0,none,,0.0,0.0,min_max,0.0,14400.0,142485.0,14400.0,10,2,1,1,28800.0,28800.0,28800.0,0.0
1451,M-1810,item:268091,17424.420749,28800.0,28800.0,203550.0,finite,167698.0,none,,0.0,0.0,min_max,0.0,14400.0,142485.0,14400.0,10,3,1,1,28800.0,28800.0,28800.0,0.0
1452,M-1810,item:268091,16977.912721,28800.0,28800.0,203550.0,finite,163898.0,none,,0.0,0.0,min_max,0.0,14400.0,142485.0,14400.0,10,4,1,1,28800.0,28800.0,28800.0,0.0
1453,M-1810,item:268091,14961.035605,28800.0,28800.0,203550.0,finite,135098.0,none,,0.0,0.0,min_max,0.0,14400.0,142485.0,14400.0,10,5,1,1,28800.0,28800.0,28800.0,0.0
1454,M-1810,item:268091,12847.227529,14400.0,14400.0,203550.0,finite,131298.0,none,,0.0,0.0,min_max,0.0,14400.0,142485.0,14400.0,10,6,1,1,14400.0,14400.0,14400.0,0.0
1480,M-1810,item:268091,8845.27347,14400.0,14400.0,203550.0,finite,691898.0,none,,0.0,0.0,min_max,0.0,14400.0,142485.0,14400.0,10,1,1,1,14400.0,14400.0,14400.0,0.0
1481,M-1810,item:268091,11106.426123,14400.0,14400.0,203550.0,finite,677498.0,none,,0.0,0.0,min_max,0.0,14400.0,142485.0,14400.0,10,2,1,1,14400.0,14400.0,14400.0,0.0
1482,M-1810,item:268091,11405.938286,14400.0,14400.0,203550.0,finite,663098.0,none,,0.0,0.0,min_max,0.0,14400.0,142485.0,14400.0,10,3,1,1,14400.0,14400.0,14400.0,0.0
1483,M-1810,item:268091,11313.122351,14400.0,14400.0,203550.0,finite,648698.0,none,,0.0,0.0,min_max,0.0,14400.0,142485.0,14400.0,10,4,1,1,14400.0,14400.0,14400.0,0.0
1484,M-1810,item:268091,11141.840797,14400.0,14400.0,203550.0,finite,634298.0,none,,0.0,0.0,min_max,0.0,14400.0,142485.0,14400.0,10,1,1,1,14400.0,14400.0,14400.0,0.0
1485,M-1810,item:268091,10954.866118,14400.0,14400.0,203550.0,finite,619898.0,none,,0.0,0.0,min_max,0.0,14400.0,142485.0,14400.0,10,2,1,1,14400.0,14400.0,14400.0,0.0
1486,M-1810,item:268091,10764.752815,14400.0,14400.0,203550.0,finite,605498.0,none,,0.0,0.0,min_max,0.0,14400.0,142485.0,14400.0,10,3,1,1,14400.0,14400.0,14400.0,0.0
1487,M-1810,item:268091,10574.011787,14400.0,14400.0,203550.0,finite,616098.0,none,,0.0,0.0,min_max,0.0,14400.0,142485.0,14400.0,10,4,1,1,14400.0,14400.0,14400.0,0.0
1489,M-1810,item:268091,8166.530612,14400.0,14400.0,203550.0,finite,651698.0,none,,0.0,0.0,min_max,0.0,14400.0,142485.0,14400.0,10,5,1,1,14400.0,14400.0,14400.0,0.0
1492,M-1810,item:268091,7861.093878,14400.0,14400.0,203550.0,finite,712298.0,none,,0.0,0.0,min_max,0.0,14400.0,142485.0,14400.0,10,1,1,1,14400.0,14400.0,14400.0,0.0
1495,M-1810,item:268091,7555.657143,14400.0,14400.0,203550.0,finite,822898.0,none,,0.0,0.0,min_max,0.0,14400.0,142485.0,14400.0,10,2,1,1,14400.0,14400.0,14400.0,0.0
1500,M-1430,item:268967,4792.04898,107800.0,107800.0,154000.0,finite,1505650.0,none,,0.0,0.0,fixed,107800.0,107800.0,107800.0,0.0,10,1,1,1,107800.0,107800.0,107800.0,0.0
1505,M-1810,item:268091,8110.530612,14400.0,14400.0,203550.0,finite,1108498.0,none,,0.0,0.0,min_max,0.0,14400.0,142485.0,14400.0,10,1,1,1,14400.0,14400.0,14400.0,0.0
1506,M-1810,item:268091,10553.404082,14400.0,14400.0,203550.0,finite,1144098.0,none,,0.0,0.0,min_max,0.0,14400.0,142485.0,14400.0,10,2,1,1,14400.0,14400.0,14400.0,0.0
1507,M-1810,item:268091,11862.746122,14400.0,14400.0,203550.0,finite,1154698.0,none,,0.0,0.0,min_max,0.0,14400.0,142485.0,14400.0,10,3,1,1,14400.0,14400.0,14400.0,0.0
1508,M-1810,item:268091,12945.381878,14400.0,14400.0,203550.0,finite,1190298.0,none,,0.0,0.0,min_max,0.0,14400.0,142485.0,14400.0,10,4,1,1,14400.0,14400.0,14400.0,0.0
1509,M-1810,item:268091,13982.676376,14400.0,14400.0,203550.0,finite,1200898.0,none,,0.0,0.0,min_max,0.0,14400.0,142485.0,14400.0,10,5,1,1,14400.0,14400.0,14400.0,0.0
1510,M-1810,item:268091,14116.012826,14400.0,14400.0,203550.0,finite,1211498.0,none,,0.0,0.0,min_max,0.0,14400.0,142485.0,14400.0,10,6,1,1,14400.0,14400.0,14400.0,0.0
1511,M-1810,item:268091,14068.557667,14400.0,14400.0,203550.0,finite,1272098.0,none,,0.0,0.0,min_max,0.0,14400.0,142485.0,14400.0,10,7,1,1,14400.0,14400.0,14400.0,0.0
1512,M-1810,item:268091,13984.944186,14400.0,14400.0,203550.0,finite,1282698.0,none,,0.0,0.0,min_max,0.0,14400.0,142485.0,14400.0,10,1,1,1,14400.0,14400.0,14400.0,0.0
1513,M-1810,item:268091,13894.099041,14400.0,14400.0,203550.0,finite,1293298.0,none,,0.0,0.0,min_max,0.0,14400.0,142485.0,14400.0,10,2,1,1,14400.0,14400.0,14400.0,0.0
1514,M-1810,item:268091,13801.807563,14400.0,14400.0,203550.0,finite,1303898.0,none,,0.0,0.0,min_max,0.0,14400.0,142485.0,14400.0,10,3,1,1,14400.0,14400.0,14400.0,0.0
1515,M-1430,item:268967,5009.387755,107800.0,107800.0,154000.0,finite,1467850.0,none,,0.0,0.0,fixed,107800.0,107800.0,107800.0,0.0,10,1,1,1,107800.0,107800.0,107800.0,0.0
1515,M-1810,item:268091,13709.226818,14400.0,14400.0,203550.0,finite,1339498.0,none,,0.0,0.0,min_max,0.0,14400.0,142485.0,14400.0,10,4,1,1,14400.0,14400.0,14400.0,0.0
1516,M-1810,item:268091,13616.58822,14400.0,14400.0,203550.0,finite,1350098.0,none,,0.0,0.0,min_max,0.0,14400.0,142485.0,14400.0,10,5,1,1,14400.0,14400.0,14400.0,0.0
1517,M-1810,item:268091,13338.925807,14400.0,14400.0,203550.0,finite,1360698.0,none,,0.0,0.0,min_max,0.0,14400.0,142485.0,14400.0,10,6,1,1,14400.0,14400.0,14400.0,0.0
1518,M-1810,item:268091,13024.258631,14400.0,14400.0,203550.0,finite,1421298.0,none,,0.0,0.0,min_max,0.0,14400.0,142485.0,14400.0,10,7,1,1,14400.0,14400.0,14400.0,0.0
1519,M-1810,item:268091,12702.190501,14400.0,14400.0,203550.0,finite,1481898.0,none,,0.0,0.0,min_max,0.0,14400.0,142485.0,14400.0,10,1,1,1,14400.0,14400.0,14400.0,0.0
1520,M-1810,item:268091,12378.642182,14400.0,14400.0,203550.0,finite,1517498.0,none,,0.0,0.0,min_max,0.0,14400.0,142485.0,14400.0,10,2,1,1,14400.0,14400.0,14400.0,0.0
1521,M-1810,item:268091,12054.797824,14400.0,14400.0,203550.0,finite,1578098.0,none,,0.0,0.0,min_max,0.0,14400.0,142485.0,14400.0,10,3,1,1,14400.0,14400.0,14400.0,0.0
1522,M-1810,item:268091,11730.894259,14400.0,14400.0,203550.0,finite,1588698.0,none,,0.0,0.0,min_max,0.0,14400.0,142485.0,14400.0,10,4,1,1,14400.0,14400.0,14400.0,0.0
1523,M-1810,item:268091,11406.978852,14400.0,14400.0,203550.0,finite,1624298.0,none,,0.0,0.0,min_max,0.0,14400.0,142485.0,14400.0,10,5,1,1,14400.0,14400.0,14400.0,0.0
1524,M-1810,item:268091,11140.040668,14400.0,14400.0,203550.0,finite,1609898.0,none,,0.0,0.0,min_max,0.0,14400.0,142485.0,14400.0,10,6,1,1,14400.0,14400.0,14400.0,0.0
1525,M-1810,item:268091,10884.49793,14400.0,14400.0,203550.0,finite,1595498.0,none,,0.0,0.0,min_max,0.0,14400.0,142485.0,14400.0,10,7,1,1,14400.0,14400.0,14400.0,0.0
1526,M-1810,item:268091,10631.23428,14400.0,14400.0,203550.0,finite,1606098.0,none,,0.0,0.0,min_max,0.0,14400.0,142485.0,14400.0,10,1,1,1,14400.0,14400.0,14400.0,0.0
1527,M-1810,item:268091,10378.426448,14400.0,14400.0,203550.0,finite,1666698.0,none,,0.0,0.0,min_max,0.0,14400.0,142485.0,14400.0,10,2,1,1,14400.0,14400.0,14400.0,0.0
1528,M-1810,item:268091,10125.709779,14400.0,14400.0,203550.0,finite,1752298.0,none,,0.0,0.0,min_max,0.0,14400.0,142485.0,14400.0,10,3,1,1,14400.0,14400.0,14400.0,0.0
1529,M-1810,item:268091,9873.011344,14400.0,14400.0,203550.0,finite,1887898.0,none,,0.0,0.0,min_max,0.0,14400.0,142485.0,14400.0,10,4,1,1,14400.0,14400.0,14400.0,0.0
1530,M-1810,item:268091,9620.316554,14400.0,14400.0,203550.0,finite,1923498.0,none,,0.0,0.0,min_max,0.0,14400.0,142485.0,14400.0,10,5,1,1,14400.0,14400.0,14400.0,0.0
1531,M-1810,item:268091,9801.744943,14400.0,14400.0,203550.0,finite,1984098.0,none,,0.0,0.0,min_max,0.0,14400.0,142485.0,14400.0,10,6,1,1,14400.0,14400.0,14400.0,0.0
1532,M-1430,item:268967,4600.816327,107800.0,107800.0,154000.0,finite,1450050.0,none,,0.0,0.0,fixed,107800.0,107800.0,107800.0,0.0,10,1,1,1,107800.0,107800.0,107800.0,0.0
1532,M-1810,item:268091,10069.997968,14400.0,14400.0,203550.0,finite,2019698.0,none,,0.0,0.0,min_max,0.0,14400.0,142485.0,14400.0,10,7,1,1,14400.0,14400.0,14400.0,0.0
1533,M-1810,item:268091,10355.61592,14400.0,14400.0,203550.0,finite,2030298.0,none,,0.0,0.0,min_max,0.0,14400.0,142485.0,14400.0,10,1,1,1,14400.0,14400.0,14400.0,0.0
1533,SDC-1450,item:773474,1868564.6576,3200000.0,3200000.0,0.0,unmodeled,205002684.563758,none,,0.0,0.0,fixed,3200000.0,0.0,0.0,0.0,10,1,1,1,3200000.0,3200000.0,3200000.0,0.0
1534,M-1810,item:268091,10644.706858,14400.0,14400.0,203550.0,finite,2090898.0,none,,0.0,0.0,min_max,0.0,14400.0,142485.0,14400.0,10,2,1,1,14400.0,14400.0,14400.0,0.0
1535,M-1810,item:268091,10934.492392,14400.0,14400.0,203550.0,finite,2151498.0,none,,0.0,0.0,min_max,0.0,14400.0,142485.0,14400.0,10,3,1,1,14400.0,14400.0,14400.0,0.0
1536,M-1810,item:268091,11224.416846,14400.0,14400.0,203550.0,finite,2237098.0,none,,0.0,0.0,min_max,0.0,14400.0,142485.0,14400.0,10,4,1,1,14400.0,14400.0,14400.0,0.0
1537,M-1810,item:268091,11514.369084,14400.0,14400.0,203550.0,finite,2297698.0,none,,0.0,0.0,min_max,0.0,14400.0,142485.0,14400.0,10,5,1,1,14400.0,14400.0,14400.0,0.0
1538,M-1810,item:268091,11654.188103,14400.0,14400.0,203550.0,finite,2333298.0,none,,0.0,0.0,min_max,0.0,14400.0,142485.0,14400.0,10,6,1,1,14400.0,14400.0,14400.0,0.0
1539,M-1810,item:268091,11763.980478,14400.0,14400.0,203550.0,finite,2393898.0,none,,0.0,0.0,min_max,0.0,14400.0,142485.0,14400.0,10,7,1,1,14400.0,14400.0,14400.0,0.0
1540,M-1810,item:268091,11867.767524,14400.0,14400.0,203550.0,finite,2429498.0,none,,0.0,0.0,min_max,0.0,14400.0,142485.0,14400.0,10,1,1,1,14400.0,14400.0,14400.0,0.0
1541,M-1810,item:268091,11970.353505,14400.0,14400.0,203550.0,finite,2490098.0,none,,0.0,0.0,min_max,0.0,14400.0,142485.0,14400.0,10,2,1,1,14400.0,14400.0,14400.0,0.0
1542,M-1810,item:268091,12072.699273,14400.0,14400.0,203550.0,finite,2550698.0,none,,0.0,0.0,min_max,0.0,14400.0,142485.0,14400.0,10,3,1,1,14400.0,14400.0,14400.0,0.0
1543,M-1810,item:268091,12174.996997,14400.0,14400.0,203550.0,finite,2586298.0,none,,0.0,0.0,min_max,0.0,14400.0,142485.0,14400.0,10,4,1,1,14400.0,14400.0,14400.0,0.0
1544,M-1810,item:268091,12277.285114,14400.0,14400.0,203550.0,finite,2646898.0,none,,0.0,0.0,min_max,0.0,14400.0,142485.0,14400.0,10,5,1,1,14400.0,14400.0,14400.0,0.0
1545,M-1810,item:268091,11908.469268,14400.0,14400.0,203550.0,finite,2657498.0,none,,0.0,0.0,min_max,0.0,14400.0,142485.0,14400.0,10,6,1,1,14400.0,14400.0,14400.0,0.0
1546,M-1810,item:268091,11445.432629,14400.0,14400.0,203550.0,finite,2743098.0,none,,0.0,0.0,min_max,0.0,14400.0,142485.0,14400.0,10,7,1,1,14400.0,14400.0,14400.0,0.0
1547,M-1810,item:268091,10963.551832,14400.0,14400.0,203550.0,finite,2878698.0,none,,0.0,0.0,min_max,0.0,14400.0,142485.0,14400.0,10,1,1,1,14400.0,14400.0,14400.0,0.0
1548,M-1810,item:268091,10477.902203,14400.0,14400.0,203550.0,finite,2939298.0,none,,0.0,0.0,min_max,0.0,14400.0,142485.0,14400.0,10,2,1,1,14400.0,14400.0,14400.0,0.0
1561,M-1810,item:268091,7553.991837,14400.0,14400.0,203550.0,finite,2940709.090909,none,,0.0,0.0,min_max,0.0,14400.0,142485.0,14400.0,10,1,1,1,14400.0,14400.0,14400.0,0.0
1562,M-1810,item:268091,9782.520816,14400.0,14400.0,203550.0,finite,2926309.090909,none,,0.0,0.0,min_max,0.0,14400.0,142485.0,14400.0,10,2,1,1,14400.0,14400.0,14400.0,0.0
1563,M-1810,item:268091,10945.957224,14400.0,14400.0,203550.0,finite,2911909.090909,none,,0.0,0.0,min_max,0.0,14400.0,142485.0,14400.0,10,3,1,1,14400.0,14400.0,14400.0,0.0
1564,M-1810,item:268091,11896.375118,14400.0,14400.0,203550.0,finite,2897509.090909,none,,0.0,0.0,min_max,0.0,14400.0,142485.0,14400.0,10,4,1,1,14400.0,14400.0,14400.0,0.0
1565,M-1810,item:268091,12804.189309,14400.0,14400.0,203550.0,finite,2883109.090909,none,,0.0,0.0,min_max,0.0,14400.0,142485.0,14400.0,10,5,1,1,14400.0,14400.0,14400.0,0.0
1566,M-1810,item:268091,12506.013372,14400.0,14400.0,203550.0,finite,2868709.090909,none,,0.0,0.0,min_max,0.0,14400.0,142485.0,14400.0,10,6,1,1,14400.0,14400.0,14400.0,0.0
1567,M-1810,item:268091,11966.639409,14400.0,14400.0,203550.0,finite,2854309.090909,none,,0.0,0.0,min_max,0.0,14400.0,142485.0,14400.0,10,7,1,1,14400.0,14400.0,14400.0,0.0
1568,M-1810,item:268091,11379.025841,14400.0,14400.0,203550.0,finite,2839909.090909,none,,0.0,0.0,min_max,0.0,14400.0,142485.0,14400.0,10,1,1,1,14400.0,14400.0,14400.0,0.0
1569,M-1810,item:268091,10781.764352,14400.0,14400.0,203550.0,finite,2825509.090909,none,,0.0,0.0,min_max,0.0,14400.0,142485.0,14400.0,10,2,1,1,14400.0,14400.0,14400.0,0.0
1570,M-1810,item:268091,10182.573278,14400.0,14400.0,203550.0,finite,2811109.090909,none,,0.0,0.0,min_max,0.0,14400.0,142485.0,14400.0,10,3,1,1,14400.0,14400.0,14400.0,0.0
1571,M-1810,item:268091,9582.996288,14400.0,14400.0,203550.0,finite,2796709.090909,none,,0.0,0.0,min_max,0.0,14400.0,142485.0,14400.0,10,4,1,1,14400.0,14400.0,14400.0,0.0
1572,M-1810,item:268091,8983.342114,14400.0,14400.0,203550.0,finite,2782309.090909,none,,0.0,0.0,min_max,0.0,14400.0,142485.0,14400.0,10,5,1,1,14400.0,14400.0,14400.0,0.0
1591,M-1810,item:268091,6911.934694,14400.0,14400.0,203550.0,finite,2767909.090909,none,,0.0,0.0,min_max,0.0,14400.0,142485.0,14400.0,10,1,1,1,14400.0,14400.0,14400.0,0.0
1592,M-1810,item:268091,8961.097143,14400.0,14400.0,203550.0,finite,2753509.090909,none,,0.0,0.0,min_max,0.0,14400.0,142485.0,14400.0,10,2,1,1,14400.0,14400.0,14400.0,0.0
1593,M-1810,item:268091,10037.705143,14400.0,14400.0,203550.0,finite,2739109.090909,none,,0.0,0.0,min_max,0.0,14400.0,142485.0,14400.0,10,3,1,1,14400.0,14400.0,14400.0,0.0
1594,M-1810,item:268091,10255.296131,14400.0,14400.0,203550.0,finite,2724709.090909,none,,0.0,0.0,min_max,0.0,14400.0,142485.0,14400.0,10,4,1,1,14400.0,14400.0,14400.0,0.0
1595,M-1810,item:268091,10301.083716,14400.0,14400.0,203550.0,finite,2710309.090909,none,,0.0,0.0,min_max,0.0,14400.0,142485.0,14400.0,10,5,1,1,14400.0,14400.0,14400.0,0.0
1596,M-1810,item:268091,10312.510621,14400.0,14400.0,203550.0,finite,2695909.090909,none,,0.0,0.0,min_max,0.0,14400.0,142485.0,14400.0,10,1,1,1,14400.0,14400.0,14400.0,0.0
1597,M-1810,item:268091,10317.06539,14400.0,14400.0,203550.0,finite,2681509.090909,none,,0.0,0.0,min_max,0.0,14400.0,142485.0,14400.0,10,2,1,1,14400.0,14400.0,14400.0,0.0
1598,M-1810,item:268091,10320.245731,14400.0,14400.0,203550.0,finite,2667109.090909,none,,0.0,0.0,min_max,0.0,14400.0,142485.0,14400.0,10,3,1,1,14400.0,14400.0,14400.0,0.0
1599,M-1810,item:268091,10323.151187,14400.0,14400.0,203550.0,finite,2652709.090909,none,,0.0,0.0,min_max,0.0,14400.0,142485.0,14400.0,10,4,1,1,14400.0,14400.0,14400.0,0.0
1600,M-1810,item:268091,10326.001666,14400.0,14400.0,203550.0,finite,2638309.090909,none,,0.0,0.0,min_max,0.0,14400.0,142485.0,14400.0,10,5,1,1,14400.0,14400.0,14400.0,0.0
1601,M-1810,item:268091,10416.432987,14400.0,14400.0,203550.0,finite,2623909.090909,none,,0.0,0.0,min_max,0.0,14400.0,142485.0,14400.0,10,6,1,1,14400.0,14400.0,14400.0,0.0
1602,M-1810,item:268091,10524.380475,14400.0,14400.0,203550.0,finite,2609509.090909,none,,0.0,0.0,min_max,0.0,14400.0,142485.0,14400.0,10,7,1,1,14400.0,14400.0,14400.0,0.0
1603,M-1810,item:268091,10635.831197,14400.0,14400.0,203550.0,finite,2595109.090909,none,,0.0,0.0,min_max,0.0,14400.0,142485.0,14400.0,10,1,1,1,14400.0,14400.0,14400.0,0.0
1604,M-1810,item:268091,10747.982566,14400.0,14400.0,203550.0,finite,2580709.090909,none,,0.0,0.0,min_max,0.0,14400.0,142485.0,14400.0,10,2,1,1,14400.0,14400.0,14400.0,0.0
1605,M-1810,item:268091,10860.274064,14400.0,14400.0,203550.0,finite,2566309.090909,none,,0.0,0.0,min_max,0.0,14400.0,142485.0,14400.0,10,3,1,1,14400.0,14400.0,14400.0,0.0
1606,M-1810,item:268091,10972.593588,14400.0,14400.0,203550.0,finite,2551909.090909,none,,0.0,0.0,min_max,0.0,14400.0,142485.0,14400.0,10,4,1,1,14400.0,14400.0,14400.0,0.0
1607,M-1810,item:268091,11084.918718,14400.0,14400.0,203550.0,finite,2537509.090909,none,,0.0,0.0,min_max,0.0,14400.0,142485.0,14400.0,10,5,1,1,14400.0,14400.0,14400.0,0.0
1608,M-1810,item:268091,10893.604152,14400.0,14400.0,203550.0,finite,2523109.090909,none,,0.0,0.0,min_max,0.0,14400.0,142485.0,14400.0,10,6,1,1,14400.0,14400.0,14400.0,0.0
1609,M-1810,item:268091,10641.561647,14400.0,14400.0,203550.0,finite,2508709.090909,none,,0.0,0.0,min_max,0.0,14400.0,142485.0,14400.0,10,7,1,1,14400.0,14400.0,14400.0,0.0
1610,M-1810,item:268091,10377.373554,14400.0,14400.0,203550.0,finite,2494309.090909,none,,0.0,0.0,min_max,0.0,14400.0,142485.0,14400.0,10,1,1,1,14400.0,14400.0,14400.0,0.0
1611,M-1810,item:268091,10110.756343,14400.0,14400.0,203550.0,finite,2479909.090909,none,,0.0,0.0,min_max,0.0,14400.0,142485.0,14400.0,10,2,1,1,14400.0,14400.0,14400.0,0.0
1612,M-1810,item:268091,9843.653309,14400.0,14400.0,203550.0,finite,2465509.090909,none,,0.0,0.0,min_max,0.0,14400.0,142485.0,14400.0,10,3,1,1,14400.0,14400.0,14400.0,0.0
1613,M-1810,item:268091,9576.453111,14400.0,14400.0,203550.0,finite,2451109.090909,none,,0.0,0.0,min_max,0.0,14400.0,142485.0,14400.0,10,4,1,1,14400.0,14400.0,14400.0,0.0
1614,M-1810,item:268091,9309.233479,14400.0,14400.0,203550.0,finite,2436709.090909,none,,0.0,0.0,min_max,0.0,14400.0,142485.0,14400.0,10,5,1,1,14400.0,14400.0,14400.0,0.0
1615,M-1810,item:268091,8994.581389,14400.0,14400.0,203550.0,finite,2422309.090909,none,,0.0,0.0,min_max,0.0,14400.0,142485.0,14400.0,10,6,1,1,14400.0,14400.0,14400.0,0.0
1623,M-1430,item:268967,6980.914286,107800.0,107800.0,154000.0,finite,1727250.0,none,,0.0,0.0,fixed,107800.0,107800.0,107800.0,0.0,10,1,1,1,107800.0,107800.0,107800.0,0.0
1624,M-1430,item:268967,10770.697143,107800.0,107800.0,154000.0,finite,1624450.0,none,,0.0,0.0,fixed,107800.0,107800.0,107800.0,0.0,10,1,1,1,107800.0,107800.0,107800.0,0.0
1624,M-1810,item:268091,6910.612245,14400.0,14400.0,203550.0,finite,2407909.090909,none,,0.0,0.0,min_max,0.0,14400.0,142485.0,14400.0,10,1,1,1,14400.0,14400.0,14400.0,0.0
1625,M-1430,item:268967,13922.253714,107800.0,107800.0,154000.0,finite,1516650.0,none,,0.0,0.0,fixed,107800.0,107800.0,107800.0,0.0,10,2,1,1,107800.0,107800.0,107800.0,0.0
1625,M-1810,item:268091,8741.110204,14400.0,14400.0,203550.0,finite,2393509.090909,none,,0.0,0.0,min_max,0.0,14400.0,142485.0,14400.0,10,2,1,1,14400.0,14400.0,14400.0,0.0
1626,M-1430,item:268967,16946.165028,107800.0,107800.0,154000.0,finite,1418850.0,none,,0.0,0.0,fixed,107800.0,107800.0,107800.0,0.0,10,3,1,1,107800.0,107800.0,107800.0,0.0
1626,M-1810,item:268091,9555.585306,14400.0,14400.0,203550.0,finite,2379109.090909,none,,0.0,0.0,min_max,0.0,14400.0,142485.0,14400.0,10,3,1,1,14400.0,14400.0,14400.0,0.0
1626,SDC-1450,item:773474,1853031.8576,3200000.0,3200000.0,0.0,unmodeled,201802684.563758,none,,0.0,0.0,fixed,3200000.0,0.0,0.0,0.0,10,1,1,1,3200000.0,3200000.0,3200000.0,0.0
1627,M-1430,item:268967,19944.547291,107800.0,107800.0,154000.0,finite,1316050.0,none,,0.0,0.0,fixed,107800.0,107800.0,107800.0,0.0,10,4,1,1,107800.0,107800.0,107800.0,0.0
1627,M-1810,item:268091,10166.855837,14400.0,14400.0,203550.0,finite,2364709.090909,none,,0.0,0.0,min_max,0.0,14400.0,142485.0,14400.0,10,4,1,1,14400.0,14400.0,14400.0,0.0
1628,M-1430,item:268967,22937.823744,107800.0,107800.0,154000.0,finite,1208250.0,none,,0.0,0.0,fixed,107800.0,107800.0,107800.0,0.0,10,5,1,1,107800.0,107800.0,107800.0,0.0
1628,M-1810,item:268091,10737.485453,14400.0,14400.0,203550.0,finite,2350309.090909,none,,0.0,0.0,min_max,0.0,14400.0,142485.0,14400.0,10,5,1,1,14400.0,14400.0,14400.0,0.0
1629,M-1430,item:268967,20945.638218,107800.0,107800.0,154000.0,finite,1110450.0,none,,0.0,0.0,fixed,107800.0,107800.0,107800.0,0.0,10,6,1,1,107800.0,107800.0,107800.0,0.0
1629,M-1810,item:268091,11141.015458,14400.0,14400.0,203550.0,finite,2335909.090909,none,,0.0,0.0,min_max,0.0,14400.0,142485.0,14400.0,10,6,1,1,14400.0,14400.0,14400.0,0.0
1629,SDC-1450,item:773474,1837499.0576,3200000.0,3200000.0,0.0,unmodeled,198602684.563758,none,,0.0,0.0,fixed,3200000.0,0.0,0.0,0.0,10,2,1,1,3200000.0,3200000.0,3200000.0,0.0
1630,M-1430,item:268967,17956.360297,107800.0,107800.0,154000.0,finite,1002650.0,none,,0.0,0.0,fixed,107800.0,107800.0,107800.0,0.0,10,7,1,1,107800.0,107800.0,107800.0,0.0
1630,M-1810,item:268091,11511.12554,14400.0,14400.0,203550.0,finite,2321509.090909,none,,0.0,0.0,min_max,0.0,14400.0,142485.0,14400.0,10,7,1,1,14400.0,14400.0,14400.0,0.0
1631,M-1430,item:268967,14767.663896,107800.0,107800.0,154000.0,finite,899850.0,none,,0.0,0.0,fixed,107800.0,107800.0,107800.0,0.0,10,1,1,1,107800.0,107800.0,107800.0,0.0
1631,M-1810,item:268091,11874.551638,14400.0,14400.0,203550.0,finite,2307109.090909,none,,0.0,0.0,min_max,0.0,14400.0,142485.0,14400.0,10,1,1,1,14400.0,14400.0,14400.0,0.0
1632,M-1810,item:268091,12236.64094,14400.0,14400.0,203550.0,finite,2292709.090909,none,,0.0,0.0,min_max,0.0,14400.0,142485.0,14400.0,10,2,1,1,14400.0,14400.0,14400.0,0.0
1633,M-1810,item:268091,12598.462882,14400.0,14400.0,203550.0,finite,2278309.090909,none,,0.0,0.0,min_max,0.0,14400.0,142485.0,14400.0,10,3,1,1,14400.0,14400.0,14400.0,0.0
1634,M-1810,item:268091,12960.231352,14400.0,14400.0,203550.0,finite,2263909.090909,none,,0.0,0.0,min_max,0.0,14400.0,142485.0,14400.0,10,4,1,1,14400.0,14400.0,14400.0,0.0
1635,M-1810,item:268091,13321.989127,14400.0,14400.0,203550.0,finite,2249509.090909,none,,0.0,0.0,min_max,0.0,14400.0,142485.0,14400.0,10,5,1,1,14400.0,14400.0,14400.0,0.0
1636,M-1810,item:268091,12874.471295,14400.0,14400.0,203550.0,finite,2235109.090909,none,,0.0,0.0,min_max,0.0,14400.0,142485.0,14400.0,10,6,1,1,14400.0,14400.0,14400.0,0.0
1637,M-1810,item:268091,12265.09834,14400.0,14400.0,203550.0,finite,2220709.090909,none,,0.0,0.0,min_max,0.0,14400.0,142485.0,14400.0,10,7,1,1,14400.0,14400.0,14400.0,0.0
1638,M-1810,item:268091,11623.354362,14400.0,14400.0,203550.0,finite,2206309.090909,none,,0.0,0.0,min_max,0.0,14400.0,142485.0,14400.0,10,1,1,1,14400.0,14400.0,14400.0,0.0
1639,M-1810,item:268091,10975.136179,14400.0,14400.0,203550.0,finite,2191909.090909,none,,0.0,0.0,min_max,0.0,14400.0,142485.0,14400.0,10,2,1,1,14400.0,14400.0,14400.0,0.0
1640,M-1810,item:268091,10325.623154,14400.0,14400.0,203550.0,finite,2177509.090909,none,,0.0,0.0,min_max,0.0,14400.0,142485.0,14400.0,10,3,1,1,14400.0,14400.0,14400.0,0.0
1641,M-1810,item:268091,9675.851162,14400.0,14400.0,203550.0,finite,2163109.090909,none,,0.0,0.0,min_max,0.0,14400.0,142485.0,14400.0,10,4,1,1,14400.0,14400.0,14400.0,0.0
1642,M-1810,item:268091,9026.027376,14400.0,14400.0,203550.0,finite,2148709.090909,none,,0.0,0.0,min_max,0.0,14400.0,142485.0,14400.0,10,5,1,1,14400.0,14400.0,14400.0,0.0
1645,M-1810,item:268091,7663.477551,14400.0,14400.0,203550.0,finite,2134309.090909,none,,0.0,0.0,min_max,0.0,14400.0,142485.0,14400.0,10,1,1,1,14400.0,14400.0,14400.0,0.0
1646,M-1810,item:268091,9387.046531,14400.0,14400.0,203550.0,finite,2119909.090909,none,,0.0,0.0,min_max,0.0,14400.0,142485.0,14400.0,10,2,1,1,14400.0,14400.0,14400.0,0.0
1647,M-1810,item:268091,9922.633796,14400.0,14400.0,203550.0,finite,2105509.090909,none,,0.0,0.0,min_max,0.0,14400.0,142485.0,14400.0,10,3,1,1,14400.0,14400.0,14400.0,0.0
1648,M-1810,item:268091,10220.624719,14400.0,14400.0,203550.0,finite,2091109.090909,none,,0.0,0.0,min_max,0.0,14400.0,142485.0,14400.0,10,4,1,1,14400.0,14400.0,14400.0,0.0
1649,M-1810,item:268091,10471.096373,14400.0,14400.0,203550.0,finite,2076709.090909,none,,0.0,0.0,min_max,0.0,14400.0,142485.0,14400.0,10,5,1,1,14400.0,14400.0,14400.0,0.0
1650,M-1810,item:268091,10140.570295,14400.0,14400.0,203550.0,finite,2062309.090909,none,,0.0,0.0,min_max,0.0,14400.0,142485.0,14400.0,10,6,1,1,14400.0,14400.0,14400.0,0.0
1651,M-1810,item:268091,9693.844671,14400.0,14400.0,203550.0,finite,2047909.090909,none,,0.0,0.0,min_max,0.0,14400.0,142485.0,14400.0,10,7,1,1,14400.0,14400.0,14400.0,0.0
1659,M-1810,item:268091,8054.285714,14400.0,14400.0,203550.0,finite,2033509.090909,none,,0.0,0.0,min_max,0.0,14400.0,142485.0,14400.0,10,1,1,1,14400.0,14400.0,14400.0,0.0
1660,M-1810,item:268091,10429.028571,14400.0,14400.0,203550.0,finite,2019109.090909,none,,0.0,0.0,min_max,0.0,14400.0,142485.0,14400.0,10,2,1,1,14400.0,14400.0,14400.0,0.0
1661,M-1810,item:268091,11667.862857,14400.0,14400.0,203550.0,finite,2004709.090909,none,,0.0,0.0,min_max,0.0,14400.0,142485.0,14400.0,10,3,1,1,14400.0,14400.0,14400.0,0.0
1662,M-1810,item:268091,12679.515428,14400.0,14400.0,203550.0,finite,1990309.090909,none,,0.0,0.0,min_max,0.0,14400.0,142485.0,14400.0,10,4,1,1,14400.0,14400.0,14400.0,0.0
1663,M-1810,item:268091,13645.731657,14400.0,14400.0,203550.0,finite,1975909.090909,none,,0.0,0.0,min_max,0.0,14400.0,142485.0,14400.0,10,5,1,1,14400.0,14400.0,14400.0,0.0
1664,M-1810,item:268091,13130.436127,14400.0,14400.0,203550.0,finite,1961509.090909,none,,0.0,0.0,min_max,0.0,14400.0,142485.0,14400.0,10,6,1,1,14400.0,14400.0,14400.0,0.0
1665,M-1810,item:268091,12318.838246,14400.0,14400.0,203550.0,finite,1947109.090909,none,,0.0,0.0,min_max,0.0,14400.0,142485.0,14400.0,10,7,1,1,14400.0,14400.0,14400.0,0.0
1666,M-1810,item:268091,11447.979894,14400.0,14400.0,203550.0,finite,3389836.124795,none,,0.0,0.0,min_max,0.0,14400.0,142485.0,14400.0,10,1,1,1,14400.0,14400.0,14400.0,0.0
1667,M-1810,item:268091,10565.269448,14400.0,14400.0,203550.0,finite,3375436.124795,none,,0.0,0.0,min_max,0.0,14400.0,142485.0,14400.0,10,2,1,1,14400.0,14400.0,14400.0,0.0
1668,M-1810,item:268091,9680.188584,14400.0,14400.0,203550.0,finite,3361036.124795,none,,0.0,0.0,min_max,0.0,14400.0,142485.0,14400.0,10,3,1,1,14400.0,14400.0,14400.0,0.0
1669,M-1810,item:268091,8794.633635,14400.0,14400.0,203550.0,finite,3346636.124795,none,,0.0,0.0,min_max,0.0,14400.0,142485.0,14400.0,10,4,1,1,14400.0,14400.0,14400.0,0.0
1694,M-1810,item:268091,6294.302041,14400.0,14400.0,203550.0,finite,3332236.124795,none,,0.0,0.0,min_max,0.0,14400.0,142485.0,14400.0,10,1,1,1,14400.0,14400.0,14400.0,0.0
1695,M-1810,item:268091,8234.958367,14400.0,14400.0,203550.0,finite,3317836.124795,none,,0.0,0.0,min_max,0.0,14400.0,142485.0,14400.0,10,2,1,1,14400.0,14400.0,14400.0,0.0
1696,M-1810,item:268091,9304.885551,14400.0,14400.0,203550.0,finite,3303436.124795,none,,0.0,0.0,min_max,0.0,14400.0,142485.0,14400.0,10,3,1,1,14400.0,14400.0,14400.0,0.0
1697,M-1810,item:268091,10200.666906,14400.0,14400.0,203550.0,finite,3289036.124795,none,,0.0,0.0,min_max,0.0,14400.0,142485.0,14400.0,10,4,1,1,14400.0,14400.0,14400.0,0.0
1698,M-1810,item:268091,11061.619096,14400.0,14400.0,203550.0,finite,3274636.124795,none,,0.0,0.0,min_max,0.0,14400.0,142485.0,14400.0,10,5,1,1,14400.0,14400.0,14400.0,0.0
1699,M-1810,item:268091,11033.483003,14400.0,14400.0,203550.0,finite,3260236.124795,none,,0.0,0.0,min_max,0.0,14400.0,142485.0,14400.0,10,6,1,1,14400.0,14400.0,14400.0,0.0
1700,M-1810,item:268091,10827.529254,14400.0,14400.0,203550.0,finite,3245836.124795,none,,0.0,0.0,min_max,0.0,14400.0,142485.0,14400.0,10,7,1,1,14400.0,14400.0,14400.0,0.0
1701,M-1810,item:268091,10586.011973,14400.0,14400.0,203550.0,finite,3231436.124795,none,,0.0,0.0,min_max,0.0,14400.0,142485.0,14400.0,10,1,1,1,14400.0,14400.0,14400.0,0.0
1702,M-1810,item:268091,10337.381987,14400.0,14400.0,203550.0,finite,3217036.124795,none,,0.0,0.0,min_max,0.0,14400.0,142485.0,14400.0,10,2,1,1,14400.0,14400.0,14400.0,0.0
1703,M-1810,item:268091,10087.329459,14400.0,14400.0,203550.0,finite,3202636.124795,none,,0.0,0.0,min_max,0.0,14400.0,142485.0,14400.0,10,3,1,1,14400.0,14400.0,14400.0,0.0
1704,M-1810,item:268091,9836.992422,14400.0,14400.0,203550.0,finite,3188236.124795,none,,0.0,0.0,min_max,0.0,14400.0,142485.0,14400.0,10,4,1,1,14400.0,14400.0,14400.0,0.0
1705,M-1810,item:268091,9586.598484,14400.0,14400.0,203550.0,finite,3173836.124795,none,,0.0,0.0,min_max,0.0,14400.0,142485.0,14400.0,10,5,1,1,14400.0,14400.0,14400.0,0.0
1706,M-1810,item:268091,9486.936023,14400.0,14400.0,203550.0,finite,3159436.124795,none,,0.0,0.0,min_max,0.0,14400.0,142485.0,14400.0,10,6,1,1,14400.0,14400.0,14400.0,0.0
1707,M-1810,item:268091,9417.419858,14400.0,14400.0,203550.0,finite,3145036.124795,none,,0.0,0.0,min_max,0.0,14400.0,142485.0,14400.0,10,7,1,1,14400.0,14400.0,14400.0,0.0
1708,M-1810,item:268091,9353.932951,14400.0,14400.0,203550.0,finite,3130636.124795,none,,0.0,0.0,min_max,0.0,14400.0,142485.0,14400.0,10,1,1,1,14400.0,14400.0,14400.0,0.0
1709,M-1810,item:268091,9291.651896,14400.0,14400.0,203550.0,finite,3116236.124795,none,,0.0,0.0,min_max,0.0,14400.0,142485.0,14400.0,10,2,1,1,14400.0,14400.0,14400.0,0.0
1710,M-1810,item:268091,9229.612012,14400.0,14400.0,203550.0,finite,3101836.124795,none,,0.0,0.0,min_max,0.0,14400.0,142485.0,14400.0,10,3,1,1,14400.0,14400.0,14400.0,0.0
1711,M-1810,item:268091,9167.620361,14400.0,14400.0,203550.0,finite,3087436.124795,none,,0.0,0.0,min_max,0.0,14400.0,142485.0,14400.0,10,4,1,1,14400.0,14400.0,14400.0,0.0
1712,M-1810,item:268091,9105.638358,14400.0,14400.0,203550.0,finite,3073036.124795,none,,0.0,0.0,min_max,0.0,14400.0,142485.0,14400.0,10,5,1,1,14400.0,14400.0,14400.0,0.0
1713,M-1810,item:268091,9212.915427,14400.0,14400.0,203550.0,finite,3058636.124795,none,,0.0,0.0,min_max,0.0,14400.0,142485.0,14400.0,10,6,1,1,14400.0,14400.0,14400.0,0.0
1714,M-1810,item:268091,9354.04431,14400.0,14400.0,203550.0,finite,3044236.124795,none,,0.0,0.0,min_max,0.0,14400.0,142485.0,14400.0,10,7,1,1,14400.0,14400.0,14400.0,0.0
1715,M-1810,item:268091,9501.943556,14400.0,14400.0,203550.0,finite,3029836.124795,none,,0.0,0.0,min_max,0.0,14400.0,142485.0,14400.0,10,1,1,1,14400.0,14400.0,14400.0,0.0
1716,M-1810,item:268091,9651.196874,14400.0,14400.0,203550.0,finite,3015436.124795,none,,0.0,0.0,min_max,0.0,14400.0,142485.0,14400.0,10,2,1,1,14400.0,14400.0,14400.0,0.0
1717,M-1810,item:268091,9800.721007,14400.0,14400.0,203550.0,finite,3001036.124795,none,,0.0,0.0,min_max,0.0,14400.0,142485.0,14400.0,10,3,1,1,14400.0,14400.0,14400.0,0.0
1718,M-1810,item:268091,9950.299303,14400.0,14400.0,203550.0,finite,2986636.124795,none,,0.0,0.0,min_max,0.0,14400.0,142485.0,14400.0,10,4,1,1,14400.0,14400.0,14400.0,0.0
1719,M-1810,item:268091,10099.888432,14400.0,14400.0,203550.0,finite,2972236.124795,none,,0.0,0.0,min_max,0.0,14400.0,142485.0,14400.0,10,5,1,1,14400.0,14400.0,14400.0,0.0
1720,M-1810,item:268091,10479.96136,14400.0,14400.0,203550.0,finite,2957836.124795,none,,0.0,0.0,min_max,0.0,14400.0,142485.0,14400.0,10,6,1,1,14400.0,14400.0,14400.0,0.0
1721,M-1810,item:268091,10906.131047,14400.0,14400.0,203550.0,finite,2943436.124795,none,,0.0,0.0,min_max,0.0,14400.0,142485.0,14400.0,10,7,1,1,14400.0,14400.0,14400.0,0.0
1722,M-1810,item:268091,11341.520087,14400.0,14400.0,203550.0,finite,2929036.124795,none,,0.0,0.0,min_max,0.0,14400.0,142485.0,14400.0,10,1,1,1,14400.0,14400.0,14400.0,0.0
1723,M-1810,item:268091,11778.752997,14400.0,14400.0,203550.0,finite,2914636.124795,none,,0.0,0.0,min_max,0.0,14400.0,142485.0,14400.0,10,2,1,1,14400.0,14400.0,14400.0,0.0
1724,M-1810,item:268091,12216.354681,14400.0,14400.0,203550.0,finite,2900236.124795,none,,0.0,0.0,min_max,0.0,14400.0,142485.0,14400.0,10,3,1,1,14400.0,14400.0,14400.0,0.0
1725,M-1810,item:268091,12654.03012,14400.0,14400.0,203550.0,finite,2885836.124795,none,,0.0,0.0,min_max,0.0,14400.0,142485.0,14400.0,10,4,1,1,14400.0,14400.0,14400.0,0.0
1726,M-1810,item:268091,13091.72031,14400.0,14400.0,203550.0,finite,2871436.124795,none,,0.0,0.0,min_max,0.0,14400.0,142485.0,14400.0,10,5,1,1,14400.0,14400.0,14400.0,0.0
1727,M-1810,item:268091,12561.250184,14400.0,14400.0,203550.0,finite,2857036.124795,none,,0.0,0.0,min_max,0.0,14400.0,142485.0,14400.0,10,6,1,1,14400.0,14400.0,14400.0,0.0
1728,M-1810,item:268091,11837.147996,14400.0,14400.0,203550.0,finite,2842636.124795,none,,0.0,0.0,min_max,0.0,14400.0,142485.0,14400.0,10,7,1,1,14400.0,14400.0,14400.0,0.0
1729,M-1810,item:268091,11074.319395,14400.0,14400.0,203550.0,finite,2828236.124795,none,,0.0,0.0,min_max,0.0,14400.0,142485.0,14400.0,10,1,1,1,14400.0,14400.0,14400.0,0.0
1730,M-1810,item:268091,10303.745512,14400.0,14400.0,203550.0,finite,2813836.124795,none,,0.0,0.0,min_max,0.0,14400.0,142485.0,14400.0,10,2,1,1,14400.0,14400.0,14400.0,0.0
1731,M-1810,item:268091,9531.622572,14400.0,14400.0,203550.0,finite,2799436.124795,none,,0.0,0.0,min_max,0.0,14400.0,142485.0,14400.0,10,3,1,1,14400.0,14400.0,14400.0,0.0
1739,M-1810,item:268091,7223.167347,14400.0,14400.0,203550.0,finite,2785036.124795,none,,0.0,0.0,min_max,0.0,14400.0,142485.0,14400.0,10,1,1,1,14400.0,14400.0,14400.0,0.0
1740,M-1810,item:268091,8832.519184,14400.0,14400.0,203550.0,finite,2770636.124795,none,,0.0,0.0,min_max,0.0,14400.0,142485.0,14400.0,10,2,1,1,14400.0,14400.0,14400.0,0.0
1741,M-1810,item:268091,9275.499755,14400.0,14400.0,203550.0,finite,2756236.124795,none,,0.0,0.0,min_max,0.0,14400.0,142485.0,14400.0,10,3,1,1,14400.0,14400.0,14400.0,0.0
1742,M-1810,item:268091,9485.206074,14400.0,14400.0,203550.0,finite,2741836.124795,none,,0.0,0.0,min_max,0.0,14400.0,142485.0,14400.0,10,4,1,1,14400.0,14400.0,14400.0,0.0
1743,M-1810,item:268091,9648.257541,14400.0,14400.0,203550.0,finite,2727436.124795,none,,0.0,0.0,min_max,0.0,14400.0,142485.0,14400.0,10,1,1,1,14400.0,14400.0,14400.0,0.0
1744,M-1810,item:268091,9801.978039,14400.0,14400.0,203550.0,finite,2713036.124795,none,,0.0,0.0,min_max,0.0,14400.0,142485.0,14400.0,10,2,1,1,14400.0,14400.0,14400.0,0.0
1745,M-1810,item:268091,9953.832343,14400.0,14400.0,203550.0,finite,2698636.124795,none,,0.0,0.0,min_max,0.0,14400.0,142485.0,14400.0,10,3,1,1,14400.0,14400.0,14400.0,0.0
1746,M-1810,item:268091,10105.313408,14400.0,14400.0,203550.0,finite,2684236.124795,none,,0.0,0.0,min_max,0.0,14400.0,142485.0,14400.0,10,4,1,1,14400.0,14400.0,14400.0,0.0
1747,M-1810,item:268091,10256.719825,14400.0,14400.0,203550.0,finite,2669836.124795,none,,0.0,0.0,min_max,0.0,14400.0,142485.0,14400.0,10,5,1,1,14400.0,14400.0,14400.0,0.0
1748,M-1810,item:268091,10418.397026,14400.0,14400.0,203550.0,finite,2655436.124795,none,,0.0,0.0,min_max,0.0,14400.0,142485.0,14400.0,10,6,1,1,14400.0,14400.0,14400.0,0.0
1749,M-1810,item:268091,10582.128385,14400.0,14400.0,203550.0,finite,2641036.124795,none,,0.0,0.0,min_max,0.0,14400.0,142485.0,14400.0,10,7,1,1,14400.0,14400.0,14400.0,0.0
1750,M-1810,item:268091,10746.270575,14400.0,14400.0,203550.0,finite,2626636.124795,none,,0.0,0.0,min_max,0.0,14400.0,142485.0,14400.0,10,1,1,1,14400.0,14400.0,14400.0,0.0
1751,M-1810,item:268091,10910.494931,14400.0,14400.0,203550.0,finite,2612236.124795,none,,0.0,0.0,min_max,0.0,14400.0,142485.0,14400.0,10,2,1,1,14400.0,14400.0,14400.0,0.0
1752,M-1810,item:268091,11074.735721,14400.0,14400.0,203550.0,finite,2597836.124795,none,,0.0,0.0,min_max,0.0,14400.0,142485.0,14400.0,10,3,1,1,14400.0,14400.0,14400.0,0.0
1753,M-1810,item:268091,11238.979797,14400.0,14400.0,203550.0,finite,2583436.124795,none,,0.0,0.0,min_max,0.0,14400.0,142485.0,14400.0,10,4,1,1,14400.0,14400.0,14400.0,0.0
1754,M-1810,item:268091,11403.224531,14400.0,14400.0,203550.0,finite,2569036.124795,none,,0.0,0.0,min_max,0.0,14400.0,142485.0,14400.0,10,5,1,1,14400.0,14400.0,14400.0,0.0
1755,M-1810,item:268091,10969.869396,14400.0,14400.0,203550.0,finite,2554636.124795,none,,0.0,0.0,min_max,0.0,14400.0,142485.0,14400.0,10,6,1,1,14400.0,14400.0,14400.0,0.0
1756,M-1810,item:268091,10416.994287,14400.0,14400.0,203550.0,finite,2540236.124795,none,,0.0,0.0,min_max,0.0,14400.0,142485.0,14400.0,10,7,1,1,14400.0,14400.0,14400.0,0.0
1757,M-1810,item:268091,9840.215184,14400.0,14400.0,203550.0,finite,2525836.124795,none,,0.0,0.0,min_max,0.0,14400.0,142485.0,14400.0,10,1,1,1,14400.0,14400.0,14400.0,0.0
1766,M-1810,item:268091,7479.591837,14400.0,14400.0,203550.0,finite,2511436.124795,none,,0.0,0.0,min_max,0.0,14400.0,142485.0,14400.0,10,1,1,1,14400.0,14400.0,14400.0,0.0
1767,M-1810,item:268091,9293.028571,14400.0,14400.0,203550.0,finite,2497036.124795,none,,0.0,0.0,min_max,0.0,14400.0,142485.0,14400.0,10,2,1,1,14400.0,14400.0,14400.0,0.0
1768,M-1810,item:268091,9973.234285,14400.0,14400.0,203550.0,finite,2482636.124795,none,,0.0,0.0,min_max,0.0,14400.0,142485.0,14400.0,10,3,1,1,14400.0,14400.0,14400.0,0.0
1769,M-1810,item:268091,9651.414204,14400.0,14400.0,203550.0,finite,2468236.124795,none,,0.0,0.0,min_max,0.0,14400.0,142485.0,14400.0,10,4,1,1,14400.0,14400.0,14400.0,0.0
1770,M-1810,item:268091,9129.188963,14400.0,14400.0,203550.0,finite,2453836.124795,none,,0.0,0.0,min_max,0.0,14400.0,142485.0,14400.0,10,5,1,1,14400.0,14400.0,14400.0,0.0
1778,M-1810,item:268091,7966.465306,14400.0,14400.0,203550.0,finite,2439436.124795,none,,0.0,0.0,min_max,0.0,14400.0,142485.0,14400.0,10,1,1,1,14400.0,14400.0,14400.0,0.0
1779,M-1810,item:268091,10578.713469,14400.0,14400.0,203550.0,finite,2425036.124795,none,,0.0,0.0,min_max,0.0,14400.0,142485.0,14400.0,10,2,1,1,14400.0,14400.0,14400.0,0.0
1780,M-1810,item:268091,12120.118204,14400.0,14400.0,203550.0,finite,2410636.124795,none,,0.0,0.0,min_max,0.0,14400.0,142485.0,14400.0,10,3,1,1,14400.0,14400.0,14400.0,0.0
1781,M-1810,item:268091,13447.354253,14400.0,14400.0,203550.0,finite,2396236.124795,none,,0.0,0.0,min_max,0.0,14400.0,142485.0,14400.0,10,4,1,1,14400.0,14400.0,14400.0,0.0
1782,M-1810,item:268091,14731.756565,28800.0,28800.0,203550.0,finite,2381836.124795,none,,0.0,0.0,min_max,0.0,14400.0,142485.0,14400.0,10,5,1,1,28800.0,28800.0,28800.0,0.0
1783,M-1810,item:268091,15120.196211,28800.0,28800.0,203550.0,finite,2353036.124795,none,,0.0,0.0,min_max,0.0,14400.0,142485.0,14400.0,10,6,1,1,28800.0,28800.0,28800.0,0.0
1784,M-1810,item:268091,15329.443324,28800.0,28800.0,203550.0,finite,2324236.124795,none,,0.0,0.0,min_max,0.0,14400.0,142485.0,14400.0,10,7,1,1,28800.0,28800.0,28800.0,0.0
1785,M-1810,item:268091,15502.85193,28800.0,28800.0,203550.0,finite,2295436.124795,none,,0.0,0.0,min_max,0.0,14400.0,142485.0,14400.0,10,1,1,1,28800.0,28800.0,28800.0,0.0
1786,M-1810,item:268091,15669.092835,28800.0,28800.0,203550.0,finite,2266636.124795,none,,0.0,0.0,min_max,0.0,14400.0,142485.0,14400.0,10,2,1,1,28800.0,28800.0,28800.0,0.0
1787,M-1810,item:268091,15833.9002,28800.0,28800.0,203550.0,finite,2237836.124795,none,,0.0,0.0,min_max,0.0,14400.0,142485.0,14400.0,10,3,1,1,28800.0,28800.0,28800.0,0.0
1788,M-1810,item:268091,15998.420856,28800.0,28800.0,203550.0,finite,2209036.124795,none,,0.0,0.0,min_max,0.0,14400.0,142485.0,14400.0,10,4,1,1,28800.0,28800.0,28800.0,0.0
1789,M-1810,item:268091,16162.884171,28800.0,28800.0,203550.0,finite,2180236.124795,none,,0.0,0.0,min_max,0.0,14400.0,142485.0,14400.0,10,5,1,1,28800.0,28800.0,28800.0,0.0
1790,M-1430,item:268967,5205.061224,107800.0,107800.0,154000.0,finite,2092050.0,none,,0.0,0.0,fixed,107800.0,107800.0,107800.0,0.0,10,1,1,1,107800.0,107800.0,107800.0,0.0
1790,M-1810,item:268091,15468.250304,28800.0,28800.0,203550.0,finite,2151436.124795,none,,0.0,0.0,min_max,0.0,14400.0,142485.0,14400.0,10,6,1,1,28800.0,28800.0,28800.0,0.0
1791,M-1810,item:268091,14601.796999,28800.0,28800.0,203550.0,finite,2122636.124795,none,,0.0,0.0,min_max,0.0,14400.0,142485.0,14400.0,10,7,1,1,28800.0,28800.0,28800.0,0.0
1791,SDC-1450,item:773474,2030121.8576,3200000.0,3200000.0,0.0,unmodeled,195402684.563758,none,,0.0,0.0,fixed,3200000.0,0.0,0.0,0.0,10,1,1,1,3200000.0,3200000.0,3200000.0,0.0
1792,M-1810,item:268091,13700.979808,14400.0,14400.0,203550.0,finite,2093836.124795,none,,0.0,0.0,min_max,0.0,14400.0,142485.0,14400.0,10,1,1,1,14400.0,14400.0,14400.0,0.0
1793,M-1810,item:268091,12793.289839,14400.0,14400.0,203550.0,finite,2079436.124795,none,,0.0,0.0,min_max,0.0,14400.0,142485.0,14400.0,10,2,1,1,14400.0,14400.0,14400.0,0.0
1794,M-1810,item:268091,11884.225315,14400.0,14400.0,203550.0,finite,2065036.124795,none,,0.0,0.0,min_max,0.0,14400.0,142485.0,14400.0,10,3,1,1,14400.0,14400.0,14400.0,0.0
1795,M-1810,item:268091,10974.885879,14400.0,14400.0,203550.0,finite,2050636.124795,none,,0.0,0.0,min_max,0.0,14400.0,142485.0,14400.0,10,4,1,1,14400.0,14400.0,14400.0,0.0
1802,M-1810,item:268091,8507.934694,14400.0,14400.0,203550.0,finite,2036236.124795,none,,0.0,0.0,min_max,0.0,14400.0,142485.0,14400.0,10,1,1,1,14400.0,14400.0,14400.0,0.0
1803,M-1810,item:268091,10315.758368,14400.0,14400.0,203550.0,finite,2021836.124795,none,,0.0,0.0,min_max,0.0,14400.0,142485.0,14400.0,10,2,1,1,14400.0,14400.0,14400.0,0.0
1804,M-1810,item:268091,11731.527184,14400.0,14400.0,203550.0,finite,2007436.124795,none,,0.0,0.0,min_max,0.0,14400.0,142485.0,14400.0,10,3,1,1,14400.0,14400.0,14400.0,0.0
1805,M-1810,item:268091,13068.885029,14400.0,14400.0,203550.0,finite,1993036.124795,none,,0.0,0.0,min_max,0.0,14400.0,142485.0,14400.0,10,4,1,1,14400.0,14400.0,14400.0,0.0
1806,M-1810,item:268091,14390.560679,14400.0,14400.0,203550.0,finite,1978636.124795,none,,0.0,0.0,min_max,0.0,14400.0,142485.0,14400.0,10,1,1,1,14400.0,14400.0,14400.0,0.0
1807,M-1810,item:268091,15709.099891,28800.0,28800.0,203550.0,finite,1964236.124795,none,,0.0,0.0,min_max,0.0,14400.0,142485.0,14400.0,10,2,1,1,28800.0,28800.0,28800.0,0.0
1808,M-1810,item:268091,17027.011815,28800.0,28800.0,203550.0,finite,1935436.124795,none,,0.0,0.0,min_max,0.0,14400.0,142485.0,14400.0,10,3,1,1,28800.0,28800.0,28800.0,0.0
1809,M-1810,item:268091,18344.798281,28800.0,28800.0,203550.0,finite,1906636.124795,none,,0.0,0.0,min_max,0.0,14400.0,142485.0,14400.0,10,4,1,1,28800.0,28800.0,28800.0,0.0
1810,M-1430,item:268967,5837.942857,107800.0,107800.0,154000.0,finite,1984250.0,none,,0.0,0.0,fixed,107800.0,107800.0,107800.0,0.0,10,1,1,1,107800.0,107800.0,107800.0,0.0
1810,M-1810,item:268091,19662.559656,28800.0,28800.0,203550.0,finite,1877836.124795,none,,0.0,0.0,min_max,0.0,14400.0,142485.0,14400.0,10,5,1,1,28800.0,28800.0,28800.0,0.0
1811,M-1810,item:268091,19568.887441,28800.0,28800.0,203550.0,finite,1849036.124795,none,,0.0,0.0,min_max,0.0,14400.0,142485.0,14400.0,10,6,1,1,28800.0,28800.0,28800.0,0.0
1812,M-1810,item:268091,19192.928509,28800.0,28800.0,203550.0,finite,1820236.124795,none,,0.0,0.0,min_max,0.0,14400.0,142485.0,14400.0,10,7,1,1,28800.0,28800.0,28800.0,0.0
1813,M-1810,item:268091,18760.512232,28800.0,28800.0,203550.0,finite,1791436.124795,none,,0.0,0.0,min_max,0.0,14400.0,142485.0,14400.0,10,1,1,1,28800.0,28800.0,28800.0,0.0
1814,M-1810,item:268091,18316.804487,28800.0,28800.0,203550.0,finite,1762636.124795,none,,0.0,0.0,min_max,0.0,14400.0,142485.0,14400.0,10,2,1,1,28800.0,28800.0,28800.0,0.0
1815,M-1810,item:268091,17870.838448,28800.0,28800.0,203550.0,finite,1733836.124795,none,,0.0,0.0,min_max,0.0,14400.0,142485.0,14400.0,10,3,1,1,28800.0,28800.0,28800.0,0.0
1816,M-1810,item:268091,17424.420751,28800.0,28800.0,203550.0,finite,1705036.124795,none,,0.0,0.0,min_max,0.0,14400.0,142485.0,14400.0,10,4,1,1,28800.0,28800.0,28800.0,0.0
1817,M-1810,item:268091,16977.912721,28800.0,28800.0,203550.0,finite,1676236.124795,none,,0.0,0.0,min_max,0.0,14400.0,142485.0,14400.0,10,5,1,1,28800.0,28800.0,28800.0,0.0
1818,M-1810,item:268091,14961.035605,28800.0,28800.0,203550.0,finite,1647436.124795,none,,0.0,0.0,min_max,0.0,14400.0,142485.0,14400.0,10,6,1,1,28800.0,28800.0,28800.0,0.0
1819,M-1810,item:268091,12847.227529,14400.0,14400.0,203550.0,finite,1618636.124795,none,,0.0,0.0,min_max,0.0,14400.0,142485.0,14400.0,10,7,1,1,14400.0,14400.0,14400.0,0.0
