{
  "generated_at_utc": "2026-03-05T15:21:55.447868+00:00",
  "input": "etudecas/simulation_prep/result/supply_graph_poc_simulation_ready.json",
  "run_script": "etudecas/simulation/run_first_simulation.py",
  "scenario_id": "scn:BASE",
  "days_override": 30,
  "seed": 42,
  "runs_requested_excluding_baseline": 120,
  "runs_total_including_baseline": 121,
  "successful_runs": 121,
  "failed_runs": 0,
  "factor_distributions": {
    "global": {
      "lead_time_scale": [
        0.8,
        1.0,
        1.3
      ],
      "transport_cost_scale": [
        0.8,
        1.0,
        1.4
      ],
      "supplier_stock_scale": [
        0.7,
        1.0,
        1.5
      ],
      "production_stock_scale": [
        0.8,
        1.0,
        1.3
      ]
    },
    "demand_item_scale": {
      "item:268091": [
        0.7,
        1.0,
        1.3
      ],
      "item:268967": [
        0.7,
        1.0,
        1.3
      ]
    },
    "capacity_node_scale": {
      "M-1430": [
        0.7,
        1.0,
        1.3
      ],
      "M-1810": [
        0.7,
        1.0,
        1.3
      ]
    }
  },
  "metric_statistics": {
    "kpi::avg_inventory": {
      "n": 121,
      "mean": 24478.809054545454,
      "std": 4212.220545670234,
      "min": 16400.5768,
      "p05": 17873.644,
      "p50": 24228.8269,
      "p95": 33223.7069,
      "max": 35877.3641,
      "baseline": 22701.7116
    },
    "kpi::cost_share_holding": {
      "n": 121,
      "mean": 0.7648678429752066,
      "std": 0.033235777144966665,
      "min": 0.679697,
      "p05": 0.71068,
      "p50": 0.763596,
      "p95": 0.820709,
      "max": 0.859403,
      "baseline": 0.75786
    },
    "kpi::cost_share_purchase": {
      "n": 121,
      "mean": 0.097016826446281,
      "std": 0.013188398796085514,
      "min": 0.061243,
      "p05": 0.074469,
      "p50": 0.097582,
      "p95": 0.116761,
      "max": 0.127533,
      "baseline": 0.10459
    },
    "kpi::cost_share_transport": {
      "n": 121,
      "mean": 0.13811534710743803,
      "std": 0.023008171628383887,
      "min": 0.079354,
      "p05": 0.100401,
      "p50": 0.13605,
      "p95": 0.175622,
      "max": 0.203542,
      "baseline": 0.137549
    },
    "kpi::ending_backlog": {
      "n": 121,
      "mean": 130.48566446280992,
      "std": 105.1797909629871,
      "min": 0.0,
      "p05": 0.0,
      "p50": 109.6335,
      "p95": 323.266,
      "max": 423.4939,
      "baseline": 81.8736
    },
    "kpi::ending_inventory": {
      "n": 121,
      "mean": 17547.46868842975,
      "std": 4753.193672766891,
      "min": 8260.2369,
      "p05": 11543.0973,
      "p50": 16936.8872,
      "p95": 27677.1474,
      "max": 30587.9825,
      "baseline": 14655.5045
    },
    "kpi::fill_rate": {
      "n": 121,
      "mean": 0.9173793057851239,
      "std": 0.0630608871806759,
      "min": 0.740417,
      "p05": 0.811499,
      "p50": 0.924987,
      "p95": 1.0,
      "max": 1.0,
      "baseline": 0.945418
    },
    "kpi::total_arrived": {
      "n": 121,
      "mean": 36552.423398347106,
      "std": 4267.403243037307,
      "min": 25777.9537,
      "p05": 29912.4074,
      "p50": 36449.7118,
      "p95": 43845.5009,
      "max": 47127.1432,
      "baseline": 37280.0003
    },
    "kpi::total_cost": {
      "n": 121,
      "mean": 30258.50486446281,
      "std": 4615.842889377992,
      "min": 21034.3527,
      "p05": 23139.705,
      "p50": 29719.99,
      "p95": 39579.8985,
      "max": 40814.9903,
      "baseline": 28723.7188
    },
    "kpi::total_demand": {
      "n": 121,
      "mean": 1515.6808950413224,
      "std": 135.74097926210607,
      "min": 1222.6395,
      "p05": 1299.7957,
      "p50": 1507.854,
      "p95": 1726.7002,
      "max": 1872.831,
      "baseline": 1500.0
    },
    "kpi::total_external_procured_arrived_qty": {
      "n": 121,
      "mean": 48125.86658016529,
      "std": 4571.698272167827,
      "min": 37967.9973,
      "p05": 41105.1772,
      "p50": 48052.53,
      "p95": 55580.3647,
      "max": 57630.056,
      "baseline": 49149.966
    },
    "kpi::total_external_procured_ordered_qty": {
      "n": 121,
      "mean": 51735.931212396696,
      "std": 5078.32550661844,
      "min": 41515.5818,
      "p05": 42857.211,
      "p50": 51850.5092,
      "p95": 60490.8694,
      "max": 62626.2683,
      "baseline": 53342.633
    },
    "kpi::total_external_procured_qty": {
      "n": 121,
      "mean": 51735.931212396696,
      "std": 5078.32550661844,
      "min": 41515.5818,
      "p05": 42857.211,
      "p50": 51850.5092,
      "p95": 60490.8694,
      "max": 62626.2683,
      "baseline": 53342.633
    },
    "kpi::total_external_procured_rejected_qty": {
      "n": 121,
      "mean": 17953.313347933883,
      "std": 4148.574176153192,
      "min": 3306.1033,
      "p05": 9903.2553,
      "p50": 19004.2395,
      "p95": 22910.7319,
      "max": 24161.4372,
      "baseline": 19998.7226
    },
    "kpi::total_external_procurement_cost": {
      "n": 121,
      "mean": 4004.8234826446283,
      "std": 475.5896895981363,
      "min": 3036.6085,
      "p05": 3252.9123,
      "p50": 3995.2296,
      "p95": 4825.3983,
      "max": 5077.8321,
      "baseline": 3999.8027
    },
    "kpi::total_holding_cost": {
      "n": 121,
      "mean": 23250.758592561982,
      "std": 4340.137137633548,
      "min": 15084.2707,
      "p05": 16352.9592,
      "p50": 22882.5644,
      "p95": 31999.1086,
      "max": 35076.5282,
      "baseline": 21768.5663
    },
    "kpi::total_logistics_cost": {
      "n": 121,
      "mean": 27373.968385950415,
      "std": 4526.4060511657635,
      "min": 18351.7787,
      "p05": 20197.0178,
      "p50": 26780.6176,
      "p95": 36436.5733,
      "max": 38315.358,
      "baseline": 25719.4932
    },
    "kpi::total_opening_stock_bootstrap_qty": {
      "n": 121,
      "mean": 31298.382810743802,
      "std": 4887.491159060646,
      "min": 21219.8045,
      "p05": 23443.3995,
      "p50": 30890.2993,
      "p95": 40007.3077,
      "max": 44599.7058,
      "baseline": 29870.366
    },
    "kpi::total_produced": {
      "n": 121,
      "mean": 1389.6177074380166,
      "std": 97.2140489715164,
      "min": 1101.4311,
      "p05": 1235.1887,
      "p50": 1384.2069,
      "p95": 1533.0412,
      "max": 1649.5369,
      "baseline": 1425.1456
    },
    "kpi::total_purchase_cost": {
      "n": 121,
      "mean": 2884.5364809917355,
      "std": 248.45349522680112,
      "min": 2136.5329,
      "p05": 2466.1982,
      "p50": 2869.3399,
      "p95": 3278.0633,
      "max": 3336.404,
      "baseline": 3004.2256
    },
    "kpi::total_served": {
      "n": 121,
      "mean": 1385.1952330578513,
      "std": 101.01169720721154,
      "min": 1116.926,
      "p05": 1214.3012,
      "p50": 1392.549,
      "p95": 1518.3781,
      "max": 1694.687,
      "baseline": 1418.1264
    },
    "kpi::total_shipped": {
      "n": 121,
      "mean": 54297.162200826446,
      "std": 4766.6739649023875,
      "min": 43731.8033,
      "p05": 47081.7617,
      "p50": 54027.8278,
      "p95": 61970.3808,
      "max": 63716.8983,
      "baseline": 55453.5434
    },
    "kpi::total_transport_cost": {
      "n": 121,
      "mean": 4123.209796694215,
      "std": 652.0664491645783,
      "min": 2907.5214,
      "p05": 3152.5649,
      "p50": 4032.0501,
      "p95": 5234.4482,
      "max": 5653.2673,
      "baseline": 3950.9269
    },
    "kpi::total_unreliable_loss_qty": {
      "n": 121,
      "mean": 0.0,
      "std": 0.0,
      "min": 0.0,
      "p05": 0.0,
      "p50": 0.0,
      "p95": 0.0,
      "max": 0.0,
      "baseline": 0.0
    }
  },
  "factor_kpi_correlations_pearson": {
    "capacity_node::M-1430": {
      "kpi::fill_rate": 0.09694848515566831,
      "kpi::ending_backlog": -0.09070399674901121,
      "kpi::total_cost": 0.8506088352120126,
      "kpi::total_produced": 0.4993838413795713
    },
    "capacity_node::M-1810": {
      "kpi::fill_rate": 0.33164318286823413,
      "kpi::ending_backlog": -0.32388434229528157,