policy_label,material,inbound_transport,energy,storage,outbound_transport,backlog_penalty,adaptation_capex,total
Reference 2045,319171.00535383885,17602.18937518459,6382.860441554123,4618.266025261365,33981.708324775485,9711.96746819098,15311.999999999996,435699.9969888054
Stock de resilience,325290.20943137264,18129.655588018937,6590.336373264869,6675.126721653218,33981.708324775485,9711.96746819098,15311.999999999996,444611.00390727614
Autonomie energetique,325610.6113506459,17972.97305516581,6069.87137140033,6264.258435965405,33981.708324775485,9711.96746819098,34488.00000000001,463019.39000614395
Adaptation integree,339204.2184968604,19005.643646476998,6306.921549198734,9555.535728267892,33981.708324775485,9711.96746819098,39216.00000000001,485901.9952137706
Lean expose,314784.4862977761,17275.594546041815,6561.244267484297,1759.13778412604,52875.71220328704,38632.26611977389,6672.000000000002,467480.4412184892
