policy_label,material,inbound_transport,energy,storage,outbound_transport,backlog_penalty,adaptation_capex,total
Baseline degradee,313704.8842723022,17138.489717091932,6454.889356414038,3942.4302283719226,39415.65114277571,15497.650880718662,14255.999999999996,410409.99559767445
