day,node_id,output_item_id,desired_qty,planned_qty_after_lot_rule,actual_qty,cap_qty,capacity_limit_mode,max_from_inputs_qty,binding_cause,binding_input_item_id,shortfall_vs_desired_qty,shortfall_vs_lot_plan_qty,lot_policy_mode,lot_fixed_qty,lot_min_qty,lot_max_qty,lot_multiple_qty,max_lots_per_week,started_lots_this_week,requested_lot_starts,actual_lot_starts,campaign_requested_qty,campaign_started_qty,campaign_remaining_start_qty,campaign_remaining_end_qty
0,M-1430,item:268967,2562.857143,107800.0,107800.0,154000.0,finite,142250.0,none,,0.0,0.0,fixed,107800.0,107800.0,107800.0,0.0,10,1,1,1,107800.0,107800.0,107800.0,0.0
0,M-1810,item:268091,1900.0,14400.0,14400.0,203550.0,finite,354000.0,none,,0.0,0.0,min_max,0.0,14400.0,142485.0,14400.0,10,1,1,1,14400.0,14400.0,14400.0,0.0
1,SDC-1450,item:773474,3109461.2576,3200000.0,3200000.0,0.0,unmodeled,127751677.852349,none,,0.0,0.0,fixed,3200000.0,0.0,0.0,0.0,10,1,1,1,3200000.0,3200000.0,3200000.0,0.0
2,M-1810,item:268091,2252.04898,14400.0,14400.0,203550.0,finite,339600.0,none,,0.0,0.0,min_max,0.0,14400.0,142485.0,14400.0,10,2,1,1,14400.0,14400.0,14400.0,0.0
2,SDC-1450,item:773474,3299509.30912,6400000.0,6400000.0,0.0,unmodeled,124551677.852349,none,,0.0,0.0,fixed,3200000.0,0.0,0.0,0.0,10,3,2,2,6400000.0,6400000.0,6400000.0,0.0
3,M-1430,item:268967,3316.751021,107800.0,0.0,154000.0,finite,34450.0,input_shortage,item:333362,3316.751021,107800.0,fixed,107800.0,107800.0,107800.0,0.0,10,2,1,1,107800.0,107800.0,107800.0,107800.0
3,M-1810,item:268091,3068.483265,14400.0,14400.0,203550.0,finite,325200.0,none,,0.0,0.0,min_max,0.0,14400.0,142485.0,14400.0,10,3,1,1,14400.0,14400.0,14400.0,0.0
4,M-1430,item:268967,4402.256327,107800.0,0.0,154000.0,finite,34450.0,input_shortage,item:333362,4402.256327,107800.0,fixed,107800.0,107800.0,107800.0,0.0,10,2,0,0,0.0,0.0,107800.0,107800.0
4,M-1810,item:268091,3597.794612,14400.0,14400.0,203550.0,finite,310800.0,none,,0.0,0.0,min_max,0.0,14400.0,142485.0,14400.0,10,4,1,1,14400.0,14400.0,14400.0,0.0
4,SDC-1450,item:773474,3109461.2576,3200000.0,3200000.0,0.0,unmodeled,118151677.852349,none,,0.0,0.0,fixed,3200000.0,0.0,0.0,0.0,10,4,1,1,3200000.0,3200000.0,3200000.0,0.0
5,M-1430,item:268967,5041.51249,107800.0,0.0,154000.0,finite,34450.0,input_shortage,item:333362,5041.51249,107800.0,fixed,107800.0,107800.0,107800.0,0.0,10,2,0,0,0.0,0.0,107800.0,107800.0
5,M-1810,item:268091,4069.681372,14400.0,14400.0,203550.0,finite,296400.0,none,,0.0,0.0,min_max,0.0,14400.0,142485.0,14400.0,10,5,1,1,14400.0,14400.0,14400.0,0.0
5,SDC-1450,item:773474,3731353.50912,6400000.0,6400000.0,0.0,unmodeled,114951677.852349,none,,0.0,0.0,fixed,3200000.0,0.0,0.0,0.0,10,6,2,2,6400000.0,6400000.0,6400000.0,0.0
6,M-1430,item:268967,5591.518825,107800.0,0.0,154000.0,finite,34450.0,input_shortage,item:333362,5591.518825,107800.0,fixed,107800.0,107800.0,107800.0,0.0,10,2,0,0,0.0,0.0,107800.0,107800.0
6,M-1810,item:268091,4530.083213,14400.0,14400.0,203550.0,finite,282000.0,none,,0.0,0.0,min_max,0.0,14400.0,142485.0,14400.0,10,6,1,1,14400.0,14400.0,14400.0,0.0
6,SDC-1450,item:773474,3855731.959424,6400000.0,6400000.0,0.0,unmodeled,108551677.852349,none,,0.0,0.0,fixed,3200000.0,0.0,0.0,0.0,10,8,2,2,6400000.0,6400000.0,6400000.0,0.0
7,M-1430,item:268967,6123.675194,107800.0,0.0,154000.0,finite,34450.0,input_shortage,item:333362,6123.675194,107800.0,fixed,107800.0,107800.0,107800.0,0.0,10,0,0,0,0.0,0.0,107800.0,107800.0
7,M-1810,item:268091,4988.188071,14400.0,14400.0,203550.0,finite,267600.0,none,,0.0,0.0,min_max,0.0,14400.0,142485.0,14400.0,10,1,1,1,14400.0,14400.0,14400.0,0.0
7,SDC-1450,item:773474,3880607.649485,6400000.0,6400000.0,0.0,unmodeled,102151677.852349,none,,0.0,0.0,fixed,3200000.0,0.0,0.0,0.0,10,2,2,2,6400000.0,6400000.0,6400000.0,0.0
8,M-1430,item:268967,5991.608508,107800.0,0.0,154000.0,finite,34450.0,input_shortage,item:333362,5991.608508,107800.0,fixed,107800.0,107800.0,107800.0,0.0,10,0,0,0,0.0,0.0,107800.0,107800.0
8,M-1810,item:268091,5338.453941,14400.0,14400.0,203550.0,finite,253200.0,none,,0.0,0.0,min_max,0.0,14400.0,142485.0,14400.0,10,2,1,1,14400.0,14400.0,14400.0,0.0
8,SDC-1450,item:773474,3885582.787497,6400000.0,6400000.0,0.0,unmodeled,95751677.852349,none,,0.0,0.0,fixed,3200000.0,0.0,0.0,0.0,10,4,2,2,6400000.0,6400000.0,6400000.0,0.0
9,M-1430,item:268967,5726.697212,107800.0,0.0,154000.0,finite,34450.0,input_shortage,item:333362,5726.697212,107800.0,fixed,107800.0,107800.0,107800.0,0.0,10,0,0,0,0.0,0.0,107800.0,107800.0
9,M-1810,item:268091,5667.152013,14400.0,14400.0,203550.0,finite,238800.0,none,,0.0,0.0,min_max,0.0,14400.0,142485.0,14400.0,10,3,1,1,14400.0,14400.0,14400.0,0.0
9,SDC-1450,item:773474,3886577.815099,6400000.0,6400000.0,0.0,unmodeled,89351677.852349,none,,0.0,0.0,fixed,3200000.0,0.0,0.0,0.0,10,6,2,2,6400000.0,6400000.0,6400000.0,0.0
10,M-1430,item:268967,5435.216994,107800.0,0.0,154000.0,finite,34450.0,input_shortage,item:333362,5435.216994,107800.0,fixed,107800.0,107800.0,107800.0,0.0,10,0,0,0,0.0,0.0,107800.0,107800.0
10,M-1810,item:268091,5991.536525,14400.0,14400.0,203550.0,finite,224400.0,none,,0.0,0.0,min_max,0.0,14400.0,142485.0,14400.0,10,4,1,1,14400.0,14400.0,14400.0,0.0
10,SDC-1450,item:773474,3886776.82062,6400000.0,6400000.0,0.0,unmodeled,82951677.852349,none,,0.0,0.0,fixed,3200000.0,0.0,0.0,0.0,10,8,2,2,6400000.0,6400000.0,6400000.0,0.0
11,M-1430,item:268967,5138.422991,107800.0,0.0,154000.0,finite,34450.0,input_shortage,item:333362,5138.422991,107800.0,fixed,107800.0,107800.0,107800.0,0.0,10,0,0,0,0.0,0.0,107800.0,107800.0
11,M-1810,item:268091,6315.058326,14400.0,14400.0,203550.0,finite,210000.0,none,,0.0,0.0,min_max,0.0,14400.0,142485.0,14400.0,10,5,1,1,14400.0,14400.0,14400.0,0.0
11,SDC-1450,item:773474,3886816.621724,6400000.0,6400000.0,0.0,unmodeled,76551677.852349,none,,0.0,0.0,fixed,3200000.0,0.0,0.0,0.0,10,10,2,2,6400000.0,6400000.0,6400000.0,0.0
12,M-1430,item:268967,4840.566231,107800.0,0.0,154000.0,finite,34450.0,input_shortage,item:333362,4840.566231,107800.0,fixed,107800.0,107800.0,107800.0,0.0,10,0,0,0,0.0,0.0,107800.0,107800.0
12,SDC-1450,item:773474,3722148.381945,0.0,0.0,0.0,unmodeled,70151677.852349,weekly_lot_limit,,3722148.381945,0.0,fixed,3200000.0,0.0,0.0,0.0,10,10,2,0,6400000.0,0.0,0.0,0.0
13,M-1430,item:268967,4542.49692,107800.0,0.0,154000.0,finite,34450.0,input_shortage,item:333362,4542.49692,107800.0,fixed,107800.0,107800.0,107800.0,0.0,10,0,0,0,0.0,0.0,107800.0,107800.0
13,M-1810,item:268091,5634.040816,14400.0,14400.0,203550.0,finite,195600.0,none,,0.0,0.0,min_max,0.0,14400.0,142485.0,14400.0,10,6,1,1,14400.0,14400.0,14400.0,0.0
13,SDC-1450,item:773474,3853890.933989,0.0,0.0,0.0,unmodeled,70151677.852349,weekly_lot_limit,,3853890.933989,0.0,fixed,3200000.0,0.0,0.0,0.0,10,10,2,0,6400000.0,0.0,0.0,0.0
14,M-1430,item:268967,4244.385098,107800.0,0.0,154000.0,finite,34450.0,input_shortage,item:333362,4244.385098,107800.0,fixed,107800.0,107800.0,107800.0,0.0,10,0,0,0,0.0,0.0,107800.0,107800.0
14,M-1810,item:268091,7019.493878,14400.0,14400.0,203550.0,finite,231265.0,none,,0.0,0.0,min_max,0.0,14400.0,142485.0,14400.0,10,1,1,1,14400.0,14400.0,14400.0,0.0
14,SDC-1450,item:773474,3880239.444398,6400000.0,6400000.0,0.0,unmodeled,70151677.852349,none,,0.0,0.0,fixed,3200000.0,0.0,0.0,0.0,10,2,2,2,6400000.0,6400000.0,6400000.0,0.0
15,M-1430,item:268967,4154.90151,107800.0,0.0,154000.0,finite,34450.0,input_shortage,item:333362,4154.90151,107800.0,fixed,107800.0,107800.0,107800.0,0.0,10,0,0,0,0.0,0.0,107800.0,107800.0
15,M-1810,item:268091,7788.682449,14400.0,14400.0,203550.0,finite,216865.0,none,,0.0,0.0,min_max,0.0,14400.0,142485.0,14400.0,10,2,1,1,14400.0,14400.0,14400.0,0.0
15,SDC-1450,item:773474,2832806.34648,3200000.0,3200000.0,0.0,unmodeled,63751677.852349,none,,0.0,0.0,fixed,3200000.0,0.0,0.0,0.0,10,3,1,1,3200000.0,3200000.0,3200000.0,0.0
16,M-1430,item:268967,4107.143567,107800.0,0.0,154000.0,finite,34450.0,input_shortage,item:333362,4107.143567,107800.0,fixed,107800.0,107800.0,107800.0,0.0,10,0,0,0,0.0,0.0,107800.0,107800.0
16,M-1810,item:268091,8434.618123,14400.0,14400.0,203550.0,finite,210000.0,none,,0.0,0.0,min_max,0.0,14400.0,142485.0,14400.0,10,3,1,1,14400.0,14400.0,14400.0,0.0
17,M-1430,item:268967,4067.730755,107800.0,0.0,154000.0,finite,34450.0,input_shortage,item:333362,4067.730755,107800.0,fixed,107800.0,107800.0,107800.0,0.0,10,0,0,0,0.0,0.0,107800.0,107800.0
17,M-1810,item:268091,9055.903217,14400.0,14400.0,203550.0,finite,195600.0,none,,0.0,0.0,min_max,0.0,14400.0,142485.0,14400.0,10,4,1,1,14400.0,14400.0,14400.0,0.0
18,M-1430,item:268967,4029.986967,107800.0,0.0,154000.0,finite,34450.0,input_shortage,item:333362,4029.986967,107800.0,fixed,107800.0,107800.0,107800.0,0.0,10,0,0,0,0.0,0.0,107800.0,107800.0
18,M-1810,item:268091,9672.258195,14400.0,14400.0,203550.0,finite,181200.0,none,,0.0,0.0,min_max,0.0,14400.0,142485.0,14400.0,10,5,1,1,14400.0,14400.0,14400.0,0.0
19,M-1430,item:268967,3992.576986,107800.0,0.0,154000.0,finite,34450.0,input_shortage,item:333362,3992.576986,107800.0,fixed,107800.0,107800.0,107800.0,0.0,10,0,0,0,0.0,0.0,107800.0,107800.0
19,M-1810,item:268091,10287.627149,14400.0,14400.0,203550.0,finite,166800.0,none,,0.0,0.0,min_max,0.0,14400.0,142485.0,14400.0,10,6,1,1,14400.0,14400.0,14400.0,0.0
20,M-1430,item:268967,3955.233765,107800.0,0.0,154000.0,finite,34450.0,input_shortage,item:333362,3955.233765,107800.0,fixed,107800.0,107800.0,107800.0,0.0,10,0,0,0,0.0,0.0,107800.0,107800.0
20,M-1810,item:268091,10902.798899,14400.0,14400.0,203550.0,finite,152400.0,none,,0.0,0.0,min_max,0.0,14400.0,142485.0,14400.0,10,7,1,1,14400.0,14400.0,14400.0,0.0
21,M-1430,item:268967,3917.903896,107800.0,0.0,154000.0,finite,34450.0,input_shortage,item:333362,3917.903896,107800.0,fixed,107800.0,107800.0,107800.0,0.0,10,0,0,0,0.0,0.0,107800.0,107800.0
21,M-1810,item:268091,11517.931209,14400.0,14400.0,203550.0,finite,138000.0,none,,0.0,0.0,min_max,0.0,14400.0,142485.0,14400.0,10,1,1,1,14400.0,14400.0,14400.0,0.0
22,M-1430,item:268967,4026.290984,107800.0,0.0,154000.0,finite,34450.0,input_shortage,item:333362,4026.290984,107800.0,fixed,107800.0,107800.0,107800.0,0.0,10,0,0,0,0.0,0.0,107800.0,107800.0
22,M-1810,item:268091,11488.239303,14400.0,14400.0,203550.0,finite,123600.0,none,,0.0,0.0,min_max,0.0,14400.0,142485.0,14400.0,10,2,1,1,14400.0,14400.0,14400.0,0.0
23,M-1430,item:268967,4163.821462,107800.0,0.0,154000.0,finite,34450.0,input_shortage,item:333362,4163.821462,107800.0,fixed,107800.0,107800.0,107800.0,0.0,10,0,0,0,0.0,0.0,107800.0,107800.0
24,M-1430,item:268967,4307.180619,107800.0,0.0,154000.0,finite,34450.0,input_shortage,item:333362,4307.180619,107800.0,fixed,107800.0,107800.0,107800.0,0.0,10,0,0,0,0.0,0.0,107800.0,107800.0
25,M-1430,item:268967,4451.705512,107800.0,0.0,154000.0,finite,34450.0,input_shortage,item:333362,4451.705512,107800.0,fixed,107800.0,107800.0,107800.0,0.0,10,0,0,0,0.0,0.0,107800.0,107800.0
26,M-1430,item:268967,4596.463551,107800.0,0.0,154000.0,finite,34450.0,input_shortage,item:333362,4596.463551,107800.0,fixed,107800.0,107800.0,107800.0,0.0,10,0,0,0,0.0,0.0,107800.0,107800.0
27,M-1430,item:268967,4741.26822,107800.0,0.0,154000.0,finite,34450.0,input_shortage,item:333362,4741.26822,107800.0,fixed,107800.0,107800.0,107800.0,0.0,10,0,0,0,0.0,0.0,107800.0,107800.0
28,M-1430,item:268967,4886.082215,107800.0,0.0,154000.0,finite,34450.0,input_shortage,item:333362,4886.082215,107800.0,fixed,107800.0,107800.0,107800.0,0.0,10,0,0,0,0.0,0.0,107800.0,107800.0
29,M-1430,item:268967,4790.767463,107800.0,0.0,154000.0,finite,34450.0,input_shortage,item:333362,4790.767463,107800.0,fixed,107800.0,107800.0,107800.0,0.0,10,0,0,0,0.0,0.0,107800.0,107800.0
30,M-1430,item:268967,4647.426962,107800.0,0.0,154000.0,finite,34450.0,input_shortage,item:333362,4647.426962,107800.0,fixed,107800.0,107800.0,107800.0,0.0,10,0,0,0,0.0,0.0,107800.0,107800.0
31,M-1430,item:268967,4494.481311,107800.0,0.0,154000.0,finite,34450.0,input_shortage,item:333362,4494.481311,107800.0,fixed,107800.0,107800.0,107800.0,0.0,10,0,0,0,0.0,0.0,107800.0,107800.0
32,M-1430,item:268967,4339.614629,107800.0,0.0,154000.0,finite,34450.0,input_shortage,item:333362,4339.614629,107800.0,fixed,107800.0,107800.0,107800.0,0.0,10,0,0,0,0.0,0.0,107800.0,107800.0
33,M-1430,item:268967,4184.363742,107800.0,0.0,154000.0,finite,34450.0,input_shortage,item:333362,4184.363742,107800.0,fixed,107800.0,107800.0,107800.0,0.0,10,0,0,0,0.0,0.0,107800.0,107800.0
34,M-1430,item:268967,4029.036014,107800.0,0.0,154000.0,finite,34450.0,input_shortage,item:333362,4029.036014,107800.0,fixed,107800.0,107800.0,107800.0,0.0,10,0,0,0,0.0,0.0,107800.0,107800.0
35,M-1430,item:268967,3873.692917,107800.0,0.0,154000.0,finite,34450.0,input_shortage,item:333362,3873.692917,107800.0,fixed,107800.0,107800.0,107800.0,0.0,10,0,0,0,0.0,0.0,107800.0,107800.0
36,M-1430,item:268967,4187.456951,107800.0,0.0,154000.0,finite,34450.0,input_shortage,item:333362,4187.456951,107800.0,fixed,107800.0,107800.0,107800.0,0.0,10,0,0,0,0.0,0.0,107800.0,107800.0
37,M-1430,item:268967,4595.042411,107800.0,0.0,154000.0,finite,34450.0,input_shortage,item:333362,4595.042411,107800.0,fixed,107800.0,107800.0,107800.0,0.0,10,0,0,0,0.0,0.0,107800.0,107800.0
38,M-1430,item:268967,5021.392156,107800.0,0.0,154000.0,finite,34450.0,input_shortage,item:333362,5021.392156,107800.0,fixed,107800.0,107800.0,107800.0,0.0,10,0,0,0,0.0,0.0,107800.0,107800.0
39,M-1430,item:268967,5451.494758,107800.0,0.0,154000.0,finite,34450.0,input_shortage,item:333362,5451.494758,107800.0,fixed,107800.0,107800.0,107800.0,0.0,10,0,0,0,0.0,0.0,107800.0,107800.0
40,M-1430,item:268967,5882.347931,107800.0,0.0,154000.0,finite,34450.0,input_shortage,item:333362,5882.347931,107800.0,fixed,107800.0,107800.0,107800.0,0.0,10,0,0,0,0.0,0.0,107800.0,107800.0
41,M-1430,item:268967,6313.351219,107800.0,0.0,154000.0,finite,34450.0,input_shortage,item:333362,6313.351219,107800.0,fixed,107800.0,107800.0,107800.0,0.0,10,0,0,0,0.0,0.0,107800.0,107800.0
42,M-1430,item:268967,6744.384529,107800.0,0.0,154000.0,finite,34450.0,input_shortage,item:333362,6744.384529,107800.0,fixed,107800.0,107800.0,107800.0,0.0,10,0,0,0,0.0,0.0,107800.0,107800.0
43,M-1430,item:268967,6559.472824,107800.0,0.0,154000.0,finite,34450.0,input_shortage,item:333362,6559.472824,107800.0,fixed,107800.0,107800.0,107800.0,0.0,10,0,0,0,0.0,0.0,107800.0,107800.0
44,M-1430,item:268967,6251.372116,107800.0,0.0,154000.0,finite,34450.0,input_shortage,item:333362,6251.372116,107800.0,fixed,107800.0,107800.0,107800.0,0.0,10,0,0,0,0.0,0.0,107800.0,107800.0
45,M-1430,item:268967,5918.633607,107800.0,0.0,154000.0,finite,34450.0,input_shortage,item:333362,5918.633607,107800.0,fixed,107800.0,107800.0,107800.0,0.0,10,0,0,0,0.0,0.0,107800.0,107800.0
46,M-1430,item:268967,5580.967538,107800.0,0.0,154000.0,finite,34450.0,input_shortage,item:333362,5580.967538,107800.0,fixed,107800.0,107800.0,107800.0,0.0,10,0,0,0,0.0,0.0,107800.0,107800.0
47,M-1430,item:268967,5242.315957,107800.0,0.0,154000.0,finite,34450.0,input_shortage,item:333362,5242.315957,107800.0,fixed,107800.0,107800.0,107800.0,0.0,10,0,0,0,0.0,0.0,107800.0,107800.0
48,M-1430,item:268967,4903.467273,107800.0,0.0,154000.0,finite,34450.0,input_shortage,item:333362,4903.467273,107800.0,fixed,107800.0,107800.0,107800.0,0.0,10,0,0,0,0.0,0.0,107800.0,107800.0
49,M-1430,item:268967,4564.579169,107800.0,0.0,154000.0,finite,34450.0,input_shortage,item:333362,4564.579169,107800.0,fixed,107800.0,107800.0,107800.0,0.0,10,0,0,0,0.0,0.0,107800.0,107800.0
50,M-1430,item:268967,4734.385222,107800.0,0.0,154000.0,finite,34450.0,input_shortage,item:333362,4734.385222,107800.0,fixed,107800.0,107800.0,107800.0,0.0,10,0,0,0,0.0,0.0,107800.0,107800.0
51,M-1430,item:268967,5005.930106,107800.0,0.0,154000.0,finite,34450.0,input_shortage,item:333362,5005.930106,107800.0,fixed,107800.0,107800.0,107800.0,0.0,10,0,0,0,0.0,0.0,107800.0,107800.0
52,M-1430,item:268967,5297.822756,107800.0,0.0,154000.0,finite,34450.0,input_shortage,item:333362,5297.822756,107800.0,fixed,107800.0,107800.0,107800.0,0.0,10,0,0,0,0.0,0.0,107800.0,107800.0
53,M-1430,item:268967,5593.78496,107800.0,0.0,154000.0,finite,34450.0,input_shortage,item:333362,5593.78496,107800.0,fixed,107800.0,107800.0,107800.0,0.0,10,0,0,0,0.0,0.0,107800.0,107800.0
54,M-1430,item:268967,5890.561074,107800.0,0.0,154000.0,finite,34450.0,input_shortage,item:333362,5890.561074,107800.0,fixed,107800.0,107800.0,107800.0,0.0,10,0,0,0,0.0,0.0,107800.0,107800.0
55,M-1430,item:268967,6187.49997,107800.0,0.0,154000.0,finite,34450.0,input_shortage,item:333362,6187.49997,107800.0,fixed,107800.0,107800.0,107800.0,0.0,10,0,0,0,0.0,0.0,107800.0,107800.0
56,M-1430,item:268967,6484.471423,107800.0,0.0,154000.0,finite,34450.0,input_shortage,item:333362,6484.471423,107800.0,fixed,107800.0,107800.0,107800.0,0.0,10,0,0,0,0.0,0.0,107800.0,107800.0
57,M-1430,item:268967,6254.412652,107800.0,0.0,154000.0,finite,34450.0,input_shortage,item:333362,6254.412652,107800.0,fixed,107800.0,107800.0,107800.0,0.0,10,0,0,0,0.0,0.0,107800.0,107800.0
58,M-1430,item:268967,5918.947837,107800.0,107800.0,154000.0,finite,144450.0,none,,0.0,0.0,fixed,107800.0,107800.0,107800.0,0.0,10,0,0,0,0.0,0.0,107800.0,0.0
59,M-1430,item:268967,5562.401812,107800.0,0.0,154000.0,finite,41650.0,input_shortage,item:333362,5562.401812,107800.0,fixed,107800.0,107800.0,107800.0,0.0,10,1,1,1,107800.0,107800.0,107800.0,107800.0
60,M-1430,item:268967,5201.639546,107800.0,0.0,154000.0,finite,61650.0,input_shortage,item:333362,5201.639546,107800.0,fixed,107800.0,107800.0,107800.0,0.0,10,1,0,0,0.0,0.0,107800.0,107800.0
61,M-1430,item:268967,4840.034032,107800.0,0.0,154000.0,finite,86650.0,input_shortage,item:333362,4840.034032,107800.0,fixed,107800.0,107800.0,107800.0,0.0,10,1,0,0,0.0,0.0,107800.0,107800.0
62,M-1430,item:268967,4478.259868,107800.0,107800.0,154000.0,finite,111650.0,none,,0.0,0.0,fixed,107800.0,107800.0,107800.0,0.0,10,1,0,0,0.0,0.0,107800.0,0.0
63,M-1430,item:268967,4116.451974,107800.0,107800.0,154000.0,finite,188850.0,none,,0.0,0.0,fixed,107800.0,107800.0,107800.0,0.0,10,1,1,1,107800.0,107800.0,107800.0,0.0
64,M-1430,item:268967,4290.359782,107800.0,107800.0,154000.0,finite,131050.0,none,,0.0,0.0,fixed,107800.0,107800.0,107800.0,0.0,10,2,1,1,107800.0,107800.0,107800.0,0.0
65,M-1430,item:268967,4571.410732,107800.0,0.0,154000.0,finite,78250.0,input_shortage,item:333362,4571.410732,107800.0,fixed,107800.0,107800.0,107800.0,0.0,10,3,1,1,107800.0,107800.0,107800.0,107800.0
66,M-1430,item:268967,4873.89031,107800.0,107800.0,154000.0,finite,148250.0,none,,0.0,0.0,fixed,107800.0,107800.0,107800.0,0.0,10,3,0,0,0.0,0.0,107800.0,0.0
67,M-1430,item:268967,5180.655613,107800.0,107800.0,154000.0,finite,110450.0,none,,0.0,0.0,fixed,107800.0,107800.0,107800.0,0.0,10,4,1,1,107800.0,107800.0,107800.0,0.0
68,M-1430,item:268967,5488.278061,107800.0,0.0,154000.0,finite,82650.0,input_shortage,item:333362,5488.278061,107800.0,fixed,107800.0,107800.0,107800.0,0.0,10,5,1,1,107800.0,107800.0,107800.0,107800.0
69,M-1430,item:268967,5796.071939,107800.0,107800.0,154000.0,finite,177650.0,none,,0.0,0.0,fixed,107800.0,107800.0,107800.0,0.0,10,5,0,0,0.0,0.0,107800.0,0.0
70,M-1430,item:268967,6103.900102,107800.0,107800.0,154000.0,finite,283850.0,none,,0.0,0.0,fixed,107800.0,107800.0,107800.0,0.0,10,1,1,1,107800.0,107800.0,107800.0,0.0
71,M-1430,item:268967,5993.531041,107800.0,107800.0,154000.0,finite,266050.0,none,,0.0,0.0,fixed,107800.0,107800.0,107800.0,0.0,10,2,1,1,107800.0,107800.0,107800.0,0.0
72,M-1430,item:268967,5799.522535,107800.0,107800.0,154000.0,finite,253250.0,none,,0.0,0.0,fixed,107800.0,107800.0,107800.0,0.0,10,3,1,1,107800.0,107800.0,107800.0,0.0
73,M-1430,item:268967,5588.78614,107800.0,107800.0,154000.0,finite,250450.0,none,,0.0,0.0,fixed,107800.0,107800.0,107800.0,0.0,10,4,1,1,107800.0,107800.0,107800.0,0.0
74,M-1430,item:268967,5374.704167,107800.0,107800.0,154000.0,finite,242650.0,none,,0.0,0.0,fixed,107800.0,107800.0,107800.0,0.0,10,5,1,1,107800.0,107800.0,107800.0,0.0
75,M-1430,item:268967,5159.953078,107800.0,107800.0,154000.0,finite,239850.0,none,,0.0,0.0,fixed,107800.0,107800.0,107800.0,0.0,10,6,1,1,107800.0,107800.0,107800.0,0.0
76,M-1430,item:268967,4945.068166,107800.0,107800.0,154000.0,finite,237050.0,none,,0.0,0.0,fixed,107800.0,107800.0,107800.0,0.0,10,7,1,1,107800.0,107800.0,107800.0,0.0
77,M-1430,item:268967,4730.15649,107800.0,107800.0,154000.0,finite,284250.0,none,,0.0,0.0,fixed,107800.0,107800.0,107800.0,0.0,10,1,1,1,107800.0,107800.0,107800.0,0.0
78,M-1430,item:268967,4667.304767,107800.0,107800.0,154000.0,finite,281450.0,none,,0.0,0.0,fixed,107800.0,107800.0,107800.0,0.0,10,2,1,1,107800.0,107800.0,107800.0,0.0
79,M-1430,item:268967,4634.865035,107800.0,107800.0,154000.0,finite,273650.0,none,,0.0,0.0,fixed,107800.0,107800.0,107800.0,0.0,10,3,1,1,107800.0,107800.0,107800.0,0.0
80,M-1430,item:268967,4608.507701,107800.0,107800.0,154000.0,finite,275850.0,none,,0.0,0.0,fixed,107800.0,107800.0,107800.0,0.0,10,4,1,1,107800.0,107800.0,107800.0,0.0
81,M-1430,item:268967,4583.366846,107800.0,107800.0,154000.0,finite,268050.0,none,,0.0,0.0,fixed,107800.0,107800.0,107800.0,0.0,10,5,1,1,107800.0,107800.0,107800.0,0.0
82,M-1430,item:268967,4558.469288,107800.0,107800.0,154000.0,finite,285250.0,none,,0.0,0.0,fixed,107800.0,107800.0,107800.0,0.0,10,6,1,1,107800.0,107800.0,107800.0,0.0
83,M-1430,item:268967,4533.620388,107800.0,107800.0,154000.0,finite,297450.0,none,,0.0,0.0,fixed,107800.0,107800.0,107800.0,0.0,10,7,1,1,107800.0,107800.0,107800.0,0.0
84,M-1430,item:268967,4508.781221,107800.0,107800.0,154000.0,finite,459650.0,none,,0.0,0.0,fixed,107800.0,107800.0,107800.0,0.0,10,1,1,1,107800.0,107800.0,107800.0,0.0
85,M-1430,item:268967,4541.935836,107800.0,107800.0,154000.0,finite,476850.0,none,,0.0,0.0,fixed,107800.0,107800.0,107800.0,0.0,10,2,1,1,107800.0,107800.0,107800.0,0.0
86,M-1430,item:268967,4586.689208,107800.0,107800.0,154000.0,finite,479050.0,none,,0.0,0.0,fixed,107800.0,107800.0,107800.0,0.0,10,3,1,1,107800.0,107800.0,107800.0,0.0
88,M-1430,item:268967,3754.546939,107800.0,107800.0,154000.0,finite,626250.0,none,,0.0,0.0,fixed,107800.0,107800.0,107800.0,0.0,10,4,1,1,107800.0,107800.0,107800.0,0.0
234,M-1810,item:268091,6294.302041,14400.0,14400.0,203550.0,finite,2741698.0,none,,0.0,0.0,min_max,0.0,14400.0,142485.0,14400.0,10,1,1,1,14400.0,14400.0,14400.0,0.0
235,M-1810,item:268091,8234.958367,14400.0,14400.0,203550.0,finite,2727298.0,none,,0.0,0.0,min_max,0.0,14400.0,142485.0,14400.0,10,2,1,1,14400.0,14400.0,14400.0,0.0
236,M-1810,item:268091,9304.885551,14400.0,14400.0,203550.0,finite,2712898.0,none,,0.0,0.0,min_max,0.0,14400.0,142485.0,14400.0,10,3,1,1,14400.0,14400.0,14400.0,0.0
238,M-1810,item:268091,9021.485714,14400.0,14400.0,203550.0,finite,2698498.0,none,,0.0,0.0,min_max,0.0,14400.0,142485.0,14400.0,10,1,1,1,14400.0,14400.0,14400.0,0.0
239,M-1810,item:268091,10625.456327,14400.0,14400.0,203550.0,finite,2684098.0,none,,0.0,0.0,min_max,0.0,14400.0,142485.0,14400.0,10,2,1,1,14400.0,14400.0,14400.0,0.0
240,M-1810,item:268091,10745.923918,14400.0,14400.0,203550.0,finite,2669698.0,none,,0.0,0.0,min_max,0.0,14400.0,142485.0,14400.0,10,3,1,1,14400.0,14400.0,14400.0,0.0
241,M-1810,item:268091,10569.690906,14400.0,14400.0,203550.0,finite,2655298.0,none,,0.0,0.0,min_max,0.0,14400.0,142485.0,14400.0,10,4,1,1,14400.0,14400.0,14400.0,0.0
242,M-1810,item:268091,10334.117773,14400.0,14400.0,203550.0,finite,2640898.0,none,,0.0,0.0,min_max,0.0,14400.0,142485.0,14400.0,10,5,1,1,14400.0,14400.0,14400.0,0.0
243,M-1810,item:268091,10086.676616,14400.0,14400.0,203550.0,finite,2626498.0,none,,0.0,0.0,min_max,0.0,14400.0,142485.0,14400.0,10,6,1,1,14400.0,14400.0,14400.0,0.0
244,M-1810,item:268091,9836.861854,14400.0,14400.0,203550.0,finite,2612098.0,none,,0.0,0.0,min_max,0.0,14400.0,142485.0,14400.0,10,7,1,1,14400.0,14400.0,14400.0,0.0
247,M-1810,item:268091,7520.032653,14400.0,14400.0,203550.0,finite,2597698.0,none,,0.0,0.0,min_max,0.0,14400.0,142485.0,14400.0,10,1,1,1,14400.0,14400.0,14400.0,0.0
248,M-1810,item:268091,8974.45551,14400.0,14400.0,203550.0,finite,2583298.0,none,,0.0,0.0,min_max,0.0,14400.0,142485.0,14400.0,10,2,1,1,14400.0,14400.0,14400.0,0.0
249,M-1810,item:268091,9215.756408,14400.0,14400.0,203550.0,finite,2568898.0,none,,0.0,0.0,min_max,0.0,14400.0,142485.0,14400.0,10,3,1,1,14400.0,14400.0,14400.0,0.0
250,M-1810,item:268091,9214.432914,14400.0,14400.0,203550.0,finite,2554498.0,none,,0.0,0.0,min_max,0.0,14400.0,142485.0,14400.0,10,4,1,1,14400.0,14400.0,14400.0,0.0
254,M-1810,item:268091,7511.461224,14400.0,14400.0,203550.0,finite,2540098.0,none,,0.0,0.0,min_max,0.0,14400.0,142485.0,14400.0,10,1,1,1,14400.0,14400.0,14400.0,0.0
255,M-1810,item:268091,9133.426939,14400.0,14400.0,203550.0,finite,2525698.0,none,,0.0,0.0,min_max,0.0,14400.0,142485.0,14400.0,10,2,1,1,14400.0,14400.0,14400.0,0.0
256,M-1810,item:268091,9577.493551,14400.0,14400.0,203550.0,finite,2511298.0,none,,0.0,0.0,min_max,0.0,14400.0,142485.0,14400.0,10,3,1,1,14400.0,14400.0,14400.0,0.0
257,M-1810,item:268091,9785.980343,14400.0,14400.0,203550.0,finite,2496898.0,none,,0.0,0.0,min_max,0.0,14400.0,142485.0,14400.0,10,4,1,1,14400.0,14400.0,14400.0,0.0
258,M-1810,item:268091,9947.35117,14400.0,14400.0,203550.0,finite,2482498.0,none,,0.0,0.0,min_max,0.0,14400.0,142485.0,14400.0,10,5,1,1,14400.0,14400.0,14400.0,0.0
259,M-1810,item:268091,10099.298805,14400.0,14400.0,203550.0,finite,2468098.0,none,,0.0,0.0,min_max,0.0,14400.0,142485.0,14400.0,10,1,1,1,14400.0,14400.0,14400.0,0.0
260,M-1810,item:268091,10479.843434,14400.0,14400.0,203550.0,finite,2453698.0,none,,0.0,0.0,min_max,0.0,14400.0,142485.0,14400.0,10,2,1,1,14400.0,14400.0,14400.0,0.0
261,M-1810,item:268091,10906.107462,14400.0,14400.0,203550.0,finite,2439298.0,none,,0.0,0.0,min_max,0.0,14400.0,142485.0,14400.0,10,3,1,1,14400.0,14400.0,14400.0,0.0
262,M-1810,item:268091,11341.51537,14400.0,14400.0,203550.0,finite,2424898.0,none,,0.0,0.0,min_max,0.0,14400.0,142485.0,14400.0,10,4,1,1,14400.0,14400.0,14400.0,0.0
263,M-1810,item:268091,11778.752053,14400.0,14400.0,203550.0,finite,2410498.0,none,,0.0,0.0,min_max,0.0,14400.0,142485.0,14400.0,10,5,1,1,14400.0,14400.0,14400.0,0.0
264,M-1810,item:268091,12216.354492,14400.0,14400.0,203550.0,finite,2396098.0,none,,0.0,0.0,min_max,0.0,14400.0,142485.0,14400.0,10,6,1,1,14400.0,14400.0,14400.0,0.0
265,M-1810,item:268091,12654.030082,14400.0,14400.0,203550.0,finite,2381698.0,none,,0.0,0.0,min_max,0.0,14400.0,142485.0,14400.0,10,7,1,1,14400.0,14400.0,14400.0,0.0
266,M-1810,item:268091,13091.720302,14400.0,14400.0,203550.0,finite,2367298.0,none,,0.0,0.0,min_max,0.0,14400.0,142485.0,14400.0,10,1,1,1,14400.0,14400.0,14400.0,0.0
267,M-1810,item:268091,12561.250183,14400.0,14400.0,203550.0,finite,2352898.0,none,,0.0,0.0,min_max,0.0,14400.0,142485.0,14400.0,10,2,1,1,14400.0,14400.0,14400.0,0.0
268,M-1810,item:268091,11837.147996,14400.0,14400.0,203550.0,finite,2338498.0,none,,0.0,0.0,min_max,0.0,14400.0,142485.0,14400.0,10,3,1,1,14400.0,14400.0,14400.0,0.0
270,M-1810,item:268091,8088.881633,14400.0,14400.0,203550.0,finite,2324098.0,none,,0.0,0.0,min_max,0.0,14400.0,142485.0,14400.0,10,4,1,1,14400.0,14400.0,14400.0,0.0
277,M-1810,item:268091,6893.730612,14400.0,14400.0,203550.0,finite,2309698.0,none,,0.0,0.0,min_max,0.0,14400.0,142485.0,14400.0,10,1,1,1,14400.0,14400.0,14400.0,0.0
278,M-1810,item:268091,8437.195102,14400.0,14400.0,203550.0,finite,2295298.0,none,,0.0,0.0,min_max,0.0,14400.0,142485.0,14400.0,10,2,1,1,14400.0,14400.0,14400.0,0.0
280,M-1810,item:268091,7387.885714,14400.0,14400.0,203550.0,finite,2280898.0,none,,0.0,0.0,min_max,0.0,14400.0,142485.0,14400.0,10,1,1,1,14400.0,14400.0,14400.0,0.0
281,M-1810,item:268091,8986.573061,14400.0,14400.0,203550.0,finite,2266498.0,none,,0.0,0.0,min_max,0.0,14400.0,142485.0,14400.0,10,2,1,1,14400.0,14400.0,14400.0,0.0
282,M-1810,item:268091,9427.420735,14400.0,14400.0,203550.0,finite,2252098.0,none,,0.0,0.0,min_max,0.0,14400.0,142485.0,14400.0,10,3,1,1,14400.0,14400.0,14400.0,0.0
283,M-1810,item:268091,9636.700474,14400.0,14400.0,203550.0,finite,2237698.0,none,,0.0,0.0,min_max,0.0,14400.0,142485.0,14400.0,10,4,1,1,14400.0,14400.0,14400.0,0.0
284,M-1810,item:268091,9799.666626,14400.0,14400.0,203550.0,finite,2223298.0,none,,0.0,0.0,min_max,0.0,14400.0,142485.0,14400.0,10,5,1,1,14400.0,14400.0,14400.0,0.0
285,M-1810,item:268091,9953.37006,14400.0,14400.0,203550.0,finite,2208898.0,none,,0.0,0.0,min_max,0.0,14400.0,142485.0,14400.0,10,6,1,1,14400.0,14400.0,14400.0,0.0
287,M-1810,item:268091,8235.657143,14400.0,14400.0,203550.0,finite,2194498.0,none,,0.0,0.0,min_max,0.0,14400.0,142485.0,14400.0,10,1,1,1,14400.0,14400.0,14400.0,0.0
288,M-1810,item:268091,10014.18449,14400.0,14400.0,203550.0,finite,2180098.0,none,,0.0,0.0,min_max,0.0,14400.0,142485.0,14400.0,10,2,1,1,14400.0,14400.0,14400.0,0.0
289,M-1810,item:268091,10501.285878,14400.0,14400.0,203550.0,finite,2165698.0,none,,0.0,0.0,min_max,0.0,14400.0,142485.0,14400.0,10,3,1,1,14400.0,14400.0,14400.0,0.0
290,M-1810,item:268091,10730.102074,14400.0,14400.0,203550.0,finite,2151298.0,none,,0.0,0.0,min_max,0.0,14400.0,142485.0,14400.0,10,4,1,1,14400.0,14400.0,14400.0,0.0
291,M-1810,item:268091,10907.261231,14400.0,14400.0,203550.0,finite,2136898.0,none,,0.0,0.0,min_max,0.0,14400.0,142485.0,14400.0,10,5,1,1,14400.0,14400.0,14400.0,0.0
292,M-1810,item:268091,11074.088981,14400.0,14400.0,203550.0,finite,2122498.0,none,,0.0,0.0,min_max,0.0,14400.0,142485.0,14400.0,10,6,1,1,14400.0,14400.0,14400.0,0.0
293,M-1810,item:268091,11238.850449,14400.0,14400.0,203550.0,finite,2108098.0,none,,0.0,0.0,min_max,0.0,14400.0,142485.0,14400.0,10,7,1,1,14400.0,14400.0,14400.0,0.0
294,M-1810,item:268091,11403.198661,14400.0,14400.0,203550.0,finite,2093698.0,none,,0.0,0.0,min_max,0.0,14400.0,142485.0,14400.0,10,1,1,1,14400.0,14400.0,14400.0,0.0
295,M-1810,item:268091,10969.864222,14400.0,14400.0,203550.0,finite,2079298.0,none,,0.0,0.0,min_max,0.0,14400.0,142485.0,14400.0,10,2,1,1,14400.0,14400.0,14400.0,0.0
297,M-1810,item:268091,7756.816326,14400.0,14400.0,203550.0,finite,2064898.0,none,,0.0,0.0,min_max,0.0,14400.0,142485.0,14400.0,10,3,1,1,14400.0,14400.0,14400.0,0.0
303,M-1810,item:268091,6527.036735,14400.0,14400.0,203550.0,finite,2050498.0,none,,0.0,0.0,min_max,0.0,14400.0,142485.0,14400.0,10,1,1,1,14400.0,14400.0,14400.0,0.0
305,M-1810,item:268091,7162.073469,14400.0,14400.0,203550.0,finite,2036098.0,none,,0.0,0.0,min_max,0.0,14400.0,142485.0,14400.0,10,2,1,1,14400.0,14400.0,14400.0,0.0
307,M-1810,item:268091,7797.110204,14400.0,14400.0,203550.0,finite,2021698.0,none,,0.0,0.0,min_max,0.0,14400.0,142485.0,14400.0,10,3,1,1,14400.0,14400.0,14400.0,0.0
308,M-1810,item:268091,9674.050612,14400.0,14400.0,203550.0,finite,2007298.0,none,,0.0,0.0,min_max,0.0,14400.0,142485.0,14400.0,10,1,1,1,14400.0,14400.0,14400.0,0.0
309,M-1810,item:268091,9591.577469,14400.0,14400.0,203550.0,finite,1992898.0,none,,0.0,0.0,min_max,0.0,14400.0,142485.0,14400.0,10,2,1,1,14400.0,14400.0,14400.0,0.0
310,M-1810,item:268091,9117.221616,14400.0,14400.0,203550.0,finite,1978498.0,none,,0.0,0.0,min_max,0.0,14400.0,142485.0,14400.0,10,3,1,1,14400.0,14400.0,14400.0,0.0
311,M-1810,item:268091,8564.489221,14400.0,14400.0,203550.0,finite,1964098.0,none,,0.0,0.0,min_max,0.0,14400.0,142485.0,14400.0,10,4,1,1,14400.0,14400.0,14400.0,0.0
312,M-1810,item:268091,7996.081518,14400.0,14400.0,203550.0,finite,1949698.0,none,,0.0,0.0,min_max,0.0,14400.0,142485.0,14400.0,10,5,1,1,14400.0,14400.0,14400.0,0.0
313,M-1810,item:268091,7424.538752,14400.0,14400.0,203550.0,finite,1935298.0,none,,0.0,0.0,min_max,0.0,14400.0,142485.0,14400.0,10,6,1,1,14400.0,14400.0,14400.0,0.0
314,M-1810,item:268091,6852.368975,14400.0,14400.0,203550.0,finite,1920898.0,none,,0.0,0.0,min_max,0.0,14400.0,142485.0,14400.0,10,7,1,1,14400.0,14400.0,14400.0,0.0
316,M-1810,item:268091,5928.555102,14400.0,14400.0,203550.0,finite,1906498.0,none,,0.0,0.0,min_max,0.0,14400.0,142485.0,14400.0,10,1,1,1,14400.0,14400.0,14400.0,0.0
319,M-1810,item:268091,8985.420408,14400.0,14400.0,203550.0,finite,1892098.0,none,,0.0,0.0,min_max,0.0,14400.0,142485.0,14400.0,10,2,1,1,14400.0,14400.0,14400.0,0.0
320,M-1810,item:268091,11801.459592,14400.0,14400.0,203550.0,finite,1877698.0,none,,0.0,0.0,min_max,0.0,14400.0,142485.0,14400.0,10,3,1,1,14400.0,14400.0,14400.0,0.0
321,M-1810,item:268091,13383.622531,14400.0,14400.0,203550.0,finite,1863298.0,none,,0.0,0.0,min_max,0.0,14400.0,142485.0,14400.0,10,4,1,1,14400.0,14400.0,14400.0,0.0
322,M-1810,item:268091,14719.010221,28800.0,28800.0,203550.0,finite,1848898.0,none,,0.0,0.0,min_max,0.0,14400.0,142485.0,14400.0,10,1,1,1,28800.0,28800.0,28800.0,0.0
323,M-1810,item:268091,15117.646942,28800.0,28800.0,203550.0,finite,1820098.0,none,,0.0,0.0,min_max,0.0,14400.0,142485.0,14400.0,10,2,1,1,28800.0,28800.0,28800.0,0.0
324,M-1810,item:268091,15328.93347,28800.0,28800.0,203550.0,finite,1791298.0,none,,0.0,0.0,min_max,0.0,14400.0,142485.0,14400.0,10,3,1,1,28800.0,28800.0,28800.0,0.0
325,M-1810,item:268091,15502.749959,28800.0,28800.0,203550.0,finite,1762498.0,none,,0.0,0.0,min_max,0.0,14400.0,142485.0,14400.0,10,4,1,1,28800.0,28800.0,28800.0,0.0
326,M-1810,item:268091,15669.072441,28800.0,28800.0,203550.0,finite,1733698.0,none,,0.0,0.0,min_max,0.0,14400.0,142485.0,14400.0,10,5,1,1,28800.0,28800.0,28800.0,0.0
327,M-1810,item:268091,15833.896121,28800.0,28800.0,203550.0,finite,1704898.0,none,,0.0,0.0,min_max,0.0,14400.0,142485.0,14400.0,10,6,1,1,28800.0,28800.0,28800.0,0.0
328,M-1810,item:268091,15998.420041,28800.0,28800.0,203550.0,finite,1676098.0,none,,0.0,0.0,min_max,0.0,14400.0,142485.0,14400.0,10,7,1,1,28800.0,28800.0,28800.0,0.0
330,M-1810,item:268091,12235.673469,14400.0,14400.0,203550.0,finite,1647298.0,none,,0.0,0.0,min_max,0.0,14400.0,142485.0,14400.0,10,1,1,1,14400.0,14400.0,14400.0,0.0
331,M-1810,item:268091,13955.281633,14400.0,14400.0,203550.0,finite,1632898.0,none,,0.0,0.0,min_max,0.0,14400.0,142485.0,14400.0,10,2,1,1,14400.0,14400.0,14400.0,0.0
339,M-1810,item:268091,8189.22449,14400.0,14400.0,203550.0,finite,1618498.0,none,,0.0,0.0,min_max,0.0,14400.0,142485.0,14400.0,10,1,1,1,14400.0,14400.0,14400.0,0.0
340,M-1810,item:268091,9933.306123,14400.0,14400.0,203550.0,finite,1604098.0,none,,0.0,0.0,min_max,0.0,14400.0,142485.0,14400.0,10,2,1,1,14400.0,14400.0,14400.0,0.0
341,M-1810,item:268091,10388.359184,14400.0,14400.0,203550.0,finite,1589698.0,none,,0.0,0.0,min_max,0.0,14400.0,142485.0,14400.0,10,3,1,1,14400.0,14400.0,14400.0,0.0
342,M-1810,item:268091,10585.606531,14400.0,14400.0,203550.0,finite,1575298.0,none,,0.0,0.0,min_max,0.0,14400.0,142485.0,14400.0,10,4,1,1,14400.0,14400.0,14400.0,0.0
343,M-1810,item:268091,10731.292735,14400.0,14400.0,203550.0,finite,1560898.0,none,,0.0,0.0,min_max,0.0,14400.0,142485.0,14400.0,10,1,1,1,14400.0,14400.0,14400.0,0.0
344,M-1810,item:268091,11814.634057,14400.0,14400.0,203550.0,finite,1546498.0,none,,0.0,0.0,min_max,0.0,14400.0,142485.0,14400.0,10,2,1,1,14400.0,14400.0,14400.0,0.0
345,M-1810,item:268091,13085.506403,14400.0,14400.0,203550.0,finite,1532098.0,none,,0.0,0.0,min_max,0.0,14400.0,142485.0,14400.0,10,3,1,1,14400.0,14400.0,14400.0,0.0
346,M-1810,item:268091,14393.884954,14400.0,14400.0,203550.0,finite,1517698.0,none,,0.0,0.0,min_max,0.0,14400.0,142485.0,14400.0,10,4,1,1,14400.0,14400.0,14400.0,0.0
347,M-1810,item:268091,15709.764746,28800.0,28800.0,203550.0,finite,1503298.0,none,,0.0,0.0,min_max,0.0,14400.0,142485.0,14400.0,10,5,1,1,28800.0,28800.0,28800.0,0.0
348,M-1810,item:268091,17027.144786,28800.0,28800.0,203550.0,finite,1474498.0,none,,0.0,0.0,min_max,0.0,14400.0,142485.0,14400.0,10,6,1,1,28800.0,28800.0,28800.0,0.0
349,M-1810,item:268091,18344.824876,28800.0,28800.0,203550.0,finite,1445698.0,none,,0.0,0.0,min_max,0.0,14400.0,142485.0,14400.0,10,7,1,1,28800.0,28800.0,28800.0,0.0
350,M-1810,item:268091,19662.564975,28800.0,28800.0,203550.0,finite,1416898.0,none,,0.0,0.0,min_max,0.0,14400.0,142485.0,14400.0,10,1,1,1,28800.0,28800.0,28800.0,0.0
351,M-1810,item:268091,19568.888505,28800.0,28800.0,203550.0,finite,1388098.0,none,,0.0,0.0,min_max,0.0,14400.0,142485.0,14400.0,10,2,1,1,28800.0,28800.0,28800.0,0.0
352,M-1810,item:268091,19192.928721,28800.0,28800.0,203550.0,finite,1359298.0,none,,0.0,0.0,min_max,0.0,14400.0,142485.0,14400.0,10,3,1,1,28800.0,28800.0,28800.0,0.0
353,M-1810,item:268091,18760.512275,28800.0,28800.0,203550.0,finite,1330498.0,none,,0.0,0.0,min_max,0.0,14400.0,142485.0,14400.0,10,4,1,1,28800.0,28800.0,28800.0,0.0
354,M-1810,item:268091,18316.804496,28800.0,28800.0,203550.0,finite,1301698.0,none,,0.0,0.0,min_max,0.0,14400.0,142485.0,14400.0,10,5,1,1,28800.0,28800.0,28800.0,0.0
355,M-1810,item:268091,17870.83845,28800.0,28800.0,203550.0,finite,1272898.0,none,,0.0,0.0,min_max,0.0,14400.0,142485.0,14400.0,10,6,1,1,28800.0,28800.0,28800.0,0.0
356,M-1810,item:268091,17424.420751,28800.0,28800.0,203550.0,finite,1244098.0,none,,0.0,0.0,min_max,0.0,14400.0,142485.0,14400.0,10,7,1,1,28800.0,28800.0,28800.0,0.0
381,M-1810,item:268091,6876.881633,14400.0,14400.0,203550.0,finite,1215298.0,none,,0.0,0.0,min_max,0.0,14400.0,142485.0,14400.0,10,1,1,1,14400.0,14400.0,14400.0,0.0
382,M-1810,item:268091,8744.355919,14400.0,14400.0,203550.0,finite,1200898.0,none,,0.0,0.0,min_max,0.0,14400.0,142485.0,14400.0,10,2,1,1,14400.0,14400.0,14400.0,0.0
383,M-1810,item:268091,9609.948735,14400.0,14400.0,203550.0,finite,1186498.0,none,,0.0,0.0,min_max,0.0,14400.0,142485.0,14400.0,10,3,1,1,14400.0,14400.0,14400.0,0.0
384,M-1810,item:268091,10275.165257,14400.0,14400.0,203550.0,finite,1172098.0,none,,0.0,0.0,min_max,0.0,14400.0,142485.0,14400.0,10,4,1,1,14400.0,14400.0,14400.0,0.0
385,M-1810,item:268091,10900.306521,14400.0,14400.0,203550.0,finite,1157698.0,none,,0.0,0.0,min_max,0.0,14400.0,142485.0,14400.0,10,1,1,1,14400.0,14400.0,14400.0,0.0
386,M-1810,item:268091,11517.432733,14400.0,14400.0,203550.0,finite,1143298.0,none,,0.0,0.0,min_max,0.0,14400.0,142485.0,14400.0,10,2,1,1,14400.0,14400.0,14400.0,0.0
387,M-1810,item:268091,11488.139608,14400.0,14400.0,203550.0,finite,1128898.0,none,,0.0,0.0,min_max,0.0,14400.0,142485.0,14400.0,10,3,1,1,14400.0,14400.0,14400.0,0.0
388,M-1810,item:268091,11329.562616,14400.0,14400.0,203550.0,finite,1114498.0,none,,0.0,0.0,min_max,0.0,14400.0,142485.0,14400.0,10,4,1,1,14400.0,14400.0,14400.0,0.0
389,M-1810,item:268091,11145.12885,14400.0,14400.0,203550.0,finite,1100098.0,none,,0.0,0.0,min_max,0.0,14400.0,142485.0,14400.0,10,5,1,1,14400.0,14400.0,14400.0,0.0
390,M-1810,item:268091,10955.523729,14400.0,14400.0,203550.0,finite,1085698.0,none,,0.0,0.0,min_max,0.0,14400.0,142485.0,14400.0,10,6,1,1,14400.0,14400.0,14400.0,0.0
391,M-1810,item:268091,10764.884337,14400.0,14400.0,203550.0,finite,1096298.0,none,,0.0,0.0,min_max,0.0,14400.0,142485.0,14400.0,10,7,1,1,14400.0,14400.0,14400.0,0.0
395,M-1810,item:268091,8064.718367,14400.0,14400.0,203550.0,finite,1131898.0,none,,0.0,0.0,min_max,0.0,14400.0,142485.0,14400.0,10,1,1,1,14400.0,14400.0,14400.0,0.0
396,M-1810,item:268091,9575.849796,14400.0,14400.0,203550.0,finite,1192498.0,none,,0.0,0.0,min_max,0.0,14400.0,142485.0,14400.0,10,2,1,1,14400.0,14400.0,14400.0,0.0
398,M-1810,item:268091,7759.281633,14400.0,14400.0,203550.0,finite,1178098.0,none,,0.0,0.0,min_max,0.0,14400.0,142485.0,14400.0,10,3,1,1,14400.0,14400.0,14400.0,0.0
399,M-1810,item:268091,9209.325715,14400.0,14400.0,203550.0,finite,1163698.0,none,,0.0,0.0,min_max,0.0,14400.0,142485.0,14400.0,10,1,1,1,14400.0,14400.0,14400.0,0.0
400,M-1810,item:268091,9397.522286,14400.0,14400.0,203550.0,finite,1149298.0,none,,0.0,0.0,min_max,0.0,14400.0,142485.0,14400.0,10,2,1,1,14400.0,14400.0,14400.0,0.0
402,M-1810,item:268091,7010.677551,14400.0,14400.0,203550.0,finite,1159898.0,none,,0.0,0.0,min_max,0.0,14400.0,142485.0,14400.0,10,3,1,1,14400.0,14400.0,14400.0,0.0
405,M-1810,item:268091,6193.208163,14400.0,14400.0,203550.0,finite,1170498.0,none,,0.0,0.0,min_max,0.0,14400.0,142485.0,14400.0,10,4,1,1,14400.0,14400.0,14400.0,0.0
406,M-1810,item:268091,7159.36,14400.0,14400.0,203550.0,finite,1156098.0,none,,0.0,0.0,min_max,0.0,14400.0,142485.0,14400.0,10,1,1,1,14400.0,14400.0,14400.0,0.0
408,M-1810,item:268091,6468.995918,14400.0,14400.0,203550.0,finite,1141698.0,none,,0.0,0.0,min_max,0.0,14400.0,142485.0,14400.0,10,2,1,1,14400.0,14400.0,14400.0,0.0
409,M-1810,item:268091,8583.562449,14400.0,14400.0,203550.0,finite,1152298.0,none,,0.0,0.0,min_max,0.0,14400.0,142485.0,14400.0,10,3,1,1,14400.0,14400.0,14400.0,0.0
410,M-1810,item:268091,9827.243102,14400.0,14400.0,203550.0,finite,1162898.0,none,,0.0,0.0,min_max,0.0,14400.0,142485.0,14400.0,10,4,1,1,14400.0,14400.0,14400.0,0.0
411,M-1810,item:268091,10896.746579,14400.0,14400.0,203550.0,finite,1148498.0,none,,0.0,0.0,min_max,0.0,14400.0,142485.0,14400.0,10,5,1,1,14400.0,14400.0,14400.0,0.0
412,M-1810,item:268091,11931.414622,14400.0,14400.0,203550.0,finite,1134098.0,none,,0.0,0.0,min_max,0.0,14400.0,142485.0,14400.0,10,6,1,1,14400.0,14400.0,14400.0,0.0
413,M-1810,item:268091,12959.115577,14400.0,14400.0,203550.0,finite,1119698.0,none,,0.0,0.0,min_max,0.0,14400.0,142485.0,14400.0,10,1,1,1,14400.0,14400.0,14400.0,0.0
414,M-1810,item:268091,13985.423115,14400.0,14400.0,203550.0,finite,1130298.0,none,,0.0,0.0,min_max,0.0,14400.0,142485.0,14400.0,10,2,1,1,14400.0,14400.0,14400.0,0.0
415,M-1810,item:268091,14116.562174,14400.0,14400.0,203550.0,finite,1115898.0,none,,0.0,0.0,min_max,0.0,14400.0,142485.0,14400.0,10,3,1,1,14400.0,14400.0,14400.0,0.0
416,M-1810,item:268091,14068.667537,14400.0,14400.0,203550.0,finite,1101498.0,none,,0.0,0.0,min_max,0.0,14400.0,142485.0,14400.0,10,4,1,1,14400.0,14400.0,14400.0,0.0
417,M-1810,item:268091,13984.96616,14400.0,14400.0,203550.0,finite,1087098.0,none,,0.0,0.0,min_max,0.0,14400.0,142485.0,14400.0,10,5,1,1,14400.0,14400.0,14400.0,0.0
418,M-1810,item:268091,13894.103436,14400.0,14400.0,203550.0,finite,1072698.0,none,,0.0,0.0,min_max,0.0,14400.0,142485.0,14400.0,10,6,1,1,14400.0,14400.0,14400.0,0.0
419,M-1810,item:268091,13801.808442,14400.0,14400.0,203550.0,finite,1083298.0,none,,0.0,0.0,min_max,0.0,14400.0,142485.0,14400.0,10,7,1,1,14400.0,14400.0,14400.0,0.0
420,M-1810,item:268091,13709.226994,14400.0,14400.0,203550.0,finite,1068898.0,none,,0.0,0.0,min_max,0.0,14400.0,142485.0,14400.0,10,1,1,1,14400.0,14400.0,14400.0,0.0
421,M-1810,item:268091,13616.588256,14400.0,14400.0,203550.0,finite,1104498.0,none,,0.0,0.0,min_max,0.0,14400.0,142485.0,14400.0,10,2,1,1,14400.0,14400.0,14400.0,0.0
422,M-1810,item:268091,13338.925814,14400.0,14400.0,203550.0,finite,1090098.0,none,,0.0,0.0,min_max,0.0,14400.0,142485.0,14400.0,10,3,1,1,14400.0,14400.0,14400.0,0.0
423,M-1810,item:268091,13024.258632,14400.0,14400.0,203550.0,finite,1150698.0,none,,0.0,0.0,min_max,0.0,14400.0,142485.0,14400.0,10,4,1,1,14400.0,14400.0,14400.0,0.0
424,M-1810,item:268091,12702.190502,14400.0,14400.0,203550.0,finite,1186298.0,none,,0.0,0.0,min_max,0.0,14400.0,142485.0,14400.0,10,5,1,1,14400.0,14400.0,14400.0,0.0
425,M-1810,item:268091,12378.642182,14400.0,14400.0,203550.0,finite,1171898.0,none,,0.0,0.0,min_max,0.0,14400.0,142485.0,14400.0,10,6,1,1,14400.0,14400.0,14400.0,0.0
426,M-1810,item:268091,12054.797824,14400.0,14400.0,203550.0,finite,1182498.0,none,,0.0,0.0,min_max,0.0,14400.0,142485.0,14400.0,10,7,1,1,14400.0,14400.0,14400.0,0.0
427,M-1810,item:268091,11730.894259,14400.0,14400.0,203550.0,finite,1218098.0,none,,0.0,0.0,min_max,0.0,14400.0,142485.0,14400.0,10,1,1,1,14400.0,14400.0,14400.0,0.0
428,M-1810,item:268091,11406.978852,14400.0,14400.0,203550.0,finite,1253698.0,none,,0.0,0.0,min_max,0.0,14400.0,142485.0,14400.0,10,2,1,1,14400.0,14400.0,14400.0,0.0
430,M-1810,item:268091,8656.489796,14400.0,14400.0,203550.0,finite,1239298.0,none,,0.0,0.0,min_max,0.0,14400.0,142485.0,14400.0,10,3,1,1,14400.0,14400.0,14400.0,0.0
432,M-1810,item:268091,8252.179592,14400.0,14400.0,203550.0,finite,1224898.0,none,,0.0,0.0,min_max,0.0,14400.0,142485.0,14400.0,10,4,1,1,14400.0,14400.0,14400.0,0.0
435,M-1810,item:268091,7645.714286,14400.0,14400.0,203550.0,finite,1235498.0,none,,0.0,0.0,min_max,0.0,14400.0,142485.0,14400.0,10,1,1,1,14400.0,14400.0,14400.0,0.0
436,M-1810,item:268091,9406.82449,14400.0,14400.0,203550.0,finite,1221098.0,none,,0.0,0.0,min_max,0.0,14400.0,142485.0,14400.0,10,2,1,1,14400.0,14400.0,14400.0,0.0
437,M-1810,item:268091,9991.013877,14400.0,14400.0,203550.0,finite,1206698.0,none,,0.0,0.0,min_max,0.0,14400.0,142485.0,14400.0,10,3,1,1,14400.0,14400.0,14400.0,0.0
438,M-1810,item:268091,10339.819102,14400.0,14400.0,203550.0,finite,1217298.0,none,,0.0,0.0,min_max,0.0,14400.0,142485.0,14400.0,10,4,1,1,14400.0,14400.0,14400.0,0.0
439,M-1810,item:268091,10641.547494,14400.0,14400.0,203550.0,finite,1202898.0,none,,0.0,0.0,min_max,0.0,14400.0,142485.0,14400.0,10,5,1,1,14400.0,14400.0,14400.0,0.0
440,M-1810,item:268091,10933.860519,14400.0,14400.0,203550.0,finite,1188498.0,none,,0.0,0.0,min_max,0.0,14400.0,142485.0,14400.0,10,6,1,1,14400.0,14400.0,14400.0,0.0
442,M-1810,item:268091,9269.485714,14400.0,14400.0,203550.0,finite,1224098.0,none,,0.0,0.0,min_max,0.0,14400.0,142485.0,14400.0,10,1,1,1,14400.0,14400.0,14400.0,0.0
443,M-1810,item:268091,11205.211429,14400.0,14400.0,203550.0,finite,1209698.0,none,,0.0,0.0,min_max,0.0,14400.0,142485.0,14400.0,10,2,1,1,14400.0,14400.0,14400.0,0.0
444,M-1810,item:268091,11674.185143,14400.0,14400.0,203550.0,finite,1195298.0,none,,0.0,0.0,min_max,0.0,14400.0,142485.0,14400.0,10,3,1,1,14400.0,14400.0,14400.0,0.0
445,M-1810,item:268091,11849.808457,14400.0,14400.0,203550.0,finite,1180898.0,none,,0.0,0.0,min_max,0.0,14400.0,142485.0,14400.0,10,4,1,1,14400.0,14400.0,14400.0,0.0
446,M-1810,item:268091,11966.761692,14400.0,14400.0,203550.0,finite,1166498.0,none,,0.0,0.0,min_max,0.0,14400.0,142485.0,14400.0,10,5,1,1,14400.0,14400.0,14400.0,0.0
447,M-1810,item:268091,12071.98091,14400.0,14400.0,203550.0,finite,1177098.0,none,,0.0,0.0,min_max,0.0,14400.0,142485.0,14400.0,10,6,1,1,14400.0,14400.0,14400.0,0.0
448,M-1810,item:268091,12174.853325,14400.0,14400.0,203550.0,finite,1162698.0,none,,0.0,0.0,min_max,0.0,14400.0,142485.0,14400.0,10,1,1,1,14400.0,14400.0,14400.0,0.0
449,M-1810,item:268091,12277.256379,14400.0,14400.0,203550.0,finite,1148298.0,none,,0.0,0.0,min_max,0.0,14400.0,142485.0,14400.0,10,2,1,1,14400.0,14400.0,14400.0,0.0
450,M-1810,item:268091,11908.463521,14400.0,14400.0,203550.0,finite,1133898.0,none,,0.0,0.0,min_max,0.0,14400.0,142485.0,14400.0,10,3,1,1,14400.0,14400.0,14400.0,0.0
451,M-1810,item:268091,11445.43148,14400.0,14400.0,203550.0,finite,1144498.0,none,,0.0,0.0,min_max,0.0,14400.0,142485.0,14400.0,10,4,1,1,14400.0,14400.0,14400.0,0.0
458,M-1810,item:268091,6626.922449,14400.0,14400.0,203550.0,finite,1180098.0,none,,0.0,0.0,min_max,0.0,14400.0,142485.0,14400.0,10,1,1,1,14400.0,14400.0,14400.0,0.0
460,M-1810,item:268091,6136.473469,14400.0,14400.0,203550.0,finite,1165698.0,none,,0.0,0.0,min_max,0.0,14400.0,142485.0,14400.0,10,2,1,1,14400.0,14400.0,14400.0,0.0
461,M-1810,item:268091,7118.543674,14400.0,14400.0,203550.0,finite,1176298.0,none,,0.0,0.0,min_max,0.0,14400.0,142485.0,14400.0,10,3,1,1,14400.0,14400.0,14400.0,0.0
463,M-1810,item:268091,5400.8,14400.0,14400.0,203550.0,finite,1161898.0,none,,0.0,0.0,min_max,0.0,14400.0,142485.0,14400.0,10,1,1,1,14400.0,14400.0,14400.0,0.0
464,M-1810,item:268091,7198.690612,14400.0,14400.0,203550.0,finite,1147498.0,none,,0.0,0.0,min_max,0.0,14400.0,142485.0,14400.0,10,2,1,1,14400.0,14400.0,14400.0,0.0
465,M-1810,item:268091,8275.999347,14400.0,14400.0,203550.0,finite,1158098.0,none,,0.0,0.0,min_max,0.0,14400.0,142485.0,14400.0,10,3,1,1,14400.0,14400.0,14400.0,0.0
466,M-1810,item:268091,9209.191706,14400.0,14400.0,203550.0,finite,1143698.0,none,,0.0,0.0,min_max,0.0,14400.0,142485.0,14400.0,10,4,1,1,14400.0,14400.0,14400.0,0.0
467,M-1810,item:268091,10113.56079,14400.0,14400.0,203550.0,finite,1129298.0,none,,0.0,0.0,min_max,0.0,14400.0,142485.0,14400.0,10,5,1,1,14400.0,14400.0,14400.0,0.0
468,M-1810,item:268091,11012.165219,14400.0,14400.0,203550.0,finite,1114898.0,none,,0.0,0.0,min_max,0.0,14400.0,142485.0,14400.0,10,6,1,1,14400.0,14400.0,14400.0,0.0
469,M-1810,item:268091,11909.616717,14400.0,14400.0,203550.0,finite,1125498.0,none,,0.0,0.0,min_max,0.0,14400.0,142485.0,14400.0,10,1,1,1,14400.0,14400.0,14400.0,0.0
470,M-1810,item:268091,12806.837629,14400.0,14400.0,203550.0,finite,1136098.0,none,,0.0,0.0,min_max,0.0,14400.0,142485.0,14400.0,10,2,1,1,14400.0,14400.0,14400.0,0.0
471,M-1810,item:268091,12506.543036,14400.0,14400.0,203550.0,finite,1121698.0,none,,0.0,0.0,min_max,0.0,14400.0,142485.0,14400.0,10,3,1,1,14400.0,14400.0,14400.0,0.0
472,M-1810,item:268091,11966.745342,14400.0,14400.0,203550.0,finite,1107298.0,none,,0.0,0.0,min_max,0.0,14400.0,142485.0,14400.0,10,4,1,1,14400.0,14400.0,14400.0,0.0
473,M-1810,item:268091,11379.047027,14400.0,14400.0,203550.0,finite,1092898.0,none,,0.0,0.0,min_max,0.0,14400.0,142485.0,14400.0,10,5,1,1,14400.0,14400.0,14400.0,0.0
474,M-1810,item:268091,10781.768589,14400.0,14400.0,203550.0,finite,1103498.0,none,,0.0,0.0,min_max,0.0,14400.0,142485.0,14400.0,10,6,1,1,14400.0,14400.0,14400.0,0.0
490,M-1810,item:268091,3555.004082,14400.0,14400.0,203550.0,finite,1164098.0,none,,0.0,0.0,min_max,0.0,14400.0,142485.0,14400.0,10,1,1,1,14400.0,14400.0,14400.0,0.0
491,M-1810,item:268091,4289.05796,14400.0,14400.0,203550.0,finite,1149698.0,none,,0.0,0.0,min_max,0.0,14400.0,142485.0,14400.0,10,2,1,1,14400.0,14400.0,14400.0,0.0
492,M-1810,item:268091,5102.644245,14400.0,14400.0,203550.0,finite,1135298.0,none,,0.0,0.0,min_max,0.0,14400.0,142485.0,14400.0,10,3,1,1,14400.0,14400.0,14400.0,0.0
493,M-1810,item:268091,5932.137013,14400.0,14400.0,203550.0,finite,1120898.0,none,,0.0,0.0,min_max,0.0,14400.0,142485.0,14400.0,10,4,1,1,14400.0,14400.0,14400.0,0.0
494,M-1810,item:268091,6764.811076,14400.0,14400.0,203550.0,finite,1106498.0,none,,0.0,0.0,min_max,0.0,14400.0,142485.0,14400.0,10,5,1,1,14400.0,14400.0,14400.0,0.0
495,M-1810,item:268091,7598.121399,14400.0,14400.0,203550.0,finite,1092098.0,none,,0.0,0.0,min_max,0.0,14400.0,142485.0,14400.0,10,6,1,1,14400.0,14400.0,14400.0,0.0
496,M-1810,item:268091,8431.558974,14400.0,14400.0,203550.0,finite,1102698.0,none,,0.0,0.0,min_max,0.0,14400.0,142485.0,14400.0,10,7,1,1,14400.0,14400.0,14400.0,0.0
497,M-1810,item:268091,9265.021999,14400.0,14400.0,203550.0,finite,1088298.0,none,,0.0,0.0,min_max,0.0,14400.0,142485.0,14400.0,10,1,1,1,14400.0,14400.0,14400.0,0.0
498,M-1810,item:268091,10098.490114,14400.0,14400.0,203550.0,finite,1073898.0,none,,0.0,0.0,min_max,0.0,14400.0,142485.0,14400.0,10,2,1,1,14400.0,14400.0,14400.0,0.0
499,M-1810,item:268091,10267.453125,14400.0,14400.0,203550.0,finite,1059498.0,none,,0.0,0.0,min_max,0.0,14400.0,142485.0,14400.0,10,3,1,1,14400.0,14400.0,14400.0,0.0
500,M-1810,item:268091,10303.515115,14400.0,14400.0,203550.0,finite,1045098.0,none,,0.0,0.0,min_max,0.0,14400.0,142485.0,14400.0,10,4,1,1,14400.0,14400.0,14400.0,0.0
501,M-1810,item:268091,10312.996901,14400.0,14400.0,203550.0,finite,1030698.0,none,,0.0,0.0,min_max,0.0,14400.0,142485.0,14400.0,10,5,1,1,14400.0,14400.0,14400.0,0.0
502,M-1810,item:268091,10317.162646,14400.0,14400.0,203550.0,finite,1016298.0,none,,0.0,0.0,min_max,0.0,14400.0,142485.0,14400.0,10,6,1,1,14400.0,14400.0,14400.0,0.0
503,M-1810,item:268091,10320.265182,14400.0,14400.0,203550.0,finite,1001898.0,none,,0.0,0.0,min_max,0.0,14400.0,142485.0,14400.0,10,7,1,1,14400.0,14400.0,14400.0,0.0
507,M-1810,item:268091,8441.093878,14400.0,14400.0,203550.0,finite,1012498.0,none,,0.0,0.0,min_max,0.0,14400.0,142485.0,14400.0,10,1,1,1,14400.0,14400.0,14400.0,0.0
508,M-1810,item:268091,10219.173878,14400.0,14400.0,203550.0,finite,998098.0,none,,0.0,0.0,min_max,0.0,14400.0,142485.0,14400.0,10,2,1,1,14400.0,14400.0,14400.0,0.0
509,M-1810,item:268091,10664.651102,14400.0,14400.0,203550.0,finite,983698.0,none,,0.0,0.0,min_max,0.0,14400.0,142485.0,14400.0,10,3,1,1,14400.0,14400.0,14400.0,0.0
510,M-1810,item:268091,10843.607772,14400.0,14400.0,203550.0,finite,994298.0,none,,0.0,0.0,min_max,0.0,14400.0,142485.0,14400.0,10,4,1,1,14400.0,14400.0,14400.0,0.0
511,M-1810,item:268091,10969.26033,14400.0,14400.0,203550.0,finite,979898.0,none,,0.0,0.0,min_max,0.0,14400.0,142485.0,14400.0,10,1,1,1,14400.0,14400.0,14400.0,0.0
512,M-1810,item:268091,11084.252066,14400.0,14400.0,203550.0,finite,965498.0,none,,0.0,0.0,min_max,0.0,14400.0,142485.0,14400.0,10,2,1,1,14400.0,14400.0,14400.0,0.0
513,M-1810,item:268091,10893.470821,14400.0,14400.0,203550.0,finite,951098.0,none,,0.0,0.0,min_max,0.0,14400.0,142485.0,14400.0,10,3,1,1,14400.0,14400.0,14400.0,0.0
514,M-1810,item:268091,10641.53498,14400.0,14400.0,203550.0,finite,936698.0,none,,0.0,0.0,min_max,0.0,14400.0,142485.0,14400.0,10,4,1,1,14400.0,14400.0,14400.0,0.0
517,M-1810,item:268091,7821.502041,14400.0,14400.0,203550.0,finite,922298.0,none,,0.0,0.0,min_max,0.0,14400.0,142485.0,14400.0,10,5,1,1,14400.0,14400.0,14400.0,0.0
521,M-1810,item:268091,6871.52653,14400.0,14400.0,203550.0,finite,907898.0,none,,0.0,0.0,min_max,0.0,14400.0,142485.0,14400.0,10,1,1,1,14400.0,14400.0,14400.0,0.0
523,M-1810,item:268091,6349.110204,14400.0,14400.0,203550.0,finite,893498.0,none,,0.0,0.0,min_max,0.0,14400.0,142485.0,14400.0,10,2,1,1,14400.0,14400.0,14400.0,0.0
524,M-1810,item:268091,7357.724082,14400.0,14400.0,203550.0,finite,879098.0,none,,0.0,0.0,min_max,0.0,14400.0,142485.0,14400.0,10,3,1,1,14400.0,14400.0,14400.0,0.0
525,M-1810,item:268091,7298.238694,14400.0,14400.0,203550.0,finite,864698.0,none,,0.0,0.0,min_max,0.0,14400.0,142485.0,14400.0,10,1,1,1,14400.0,14400.0,14400.0,0.0
529,M-1810,item:268091,6910.612245,14400.0,14400.0,203550.0,finite,850298.0,none,,0.0,0.0,min_max,0.0,14400.0,142485.0,14400.0,10,2,1,1,14400.0,14400.0,14400.0,0.0
530,M-1810,item:268091,8741.110204,14400.0,14400.0,203550.0,finite,835898.0,none,,0.0,0.0,min_max,0.0,14400.0,142485.0,14400.0,10,3,1,1,14400.0,14400.0,14400.0,0.0
531,M-1810,item:268091,9555.585306,14400.0,14400.0,203550.0,finite,821498.0,none,,0.0,0.0,min_max,0.0,14400.0,142485.0,14400.0,10,4,1,1,14400.0,14400.0,14400.0,0.0
532,M-1810,item:268091,10166.855837,14400.0,14400.0,203550.0,finite,807098.0,none,,0.0,0.0,min_max,0.0,14400.0,142485.0,14400.0,10,1,1,1,14400.0,14400.0,14400.0,0.0
533,M-1810,item:268091,10737.485453,14400.0,14400.0,203550.0,finite,792698.0,none,,0.0,0.0,min_max,0.0,14400.0,142485.0,14400.0,10,2,1,1,14400.0,14400.0,14400.0,0.0
534,M-1810,item:268091,11141.015458,14400.0,14400.0,203550.0,finite,778298.0,none,,0.0,0.0,min_max,0.0,14400.0,142485.0,14400.0,10,3,1,1,14400.0,14400.0,14400.0,0.0
535,M-1810,item:268091,11511.12554,14400.0,14400.0,203550.0,finite,763898.0,none,,0.0,0.0,min_max,0.0,14400.0,142485.0,14400.0,10,4,1,1,14400.0,14400.0,14400.0,0.0
536,M-1810,item:268091,11874.551638,14400.0,14400.0,203550.0,finite,749498.0,none,,0.0,0.0,min_max,0.0,14400.0,142485.0,14400.0,10,5,1,1,14400.0,14400.0,14400.0,0.0
537,M-1810,item:268091,12236.64094,14400.0,14400.0,203550.0,finite,735098.0,none,,0.0,0.0,min_max,0.0,14400.0,142485.0,14400.0,10,6,1,1,14400.0,14400.0,14400.0,0.0
538,M-1810,item:268091,12598.462882,14400.0,14400.0,203550.0,finite,720698.0,none,,0.0,0.0,min_max,0.0,14400.0,142485.0,14400.0,10,7,1,1,14400.0,14400.0,14400.0,0.0
539,M-1810,item:268091,12960.231352,14400.0,14400.0,203550.0,finite,706298.0,none,,0.0,0.0,min_max,0.0,14400.0,142485.0,14400.0,10,1,1,1,14400.0,14400.0,14400.0,0.0
540,M-1810,item:268091,13321.989127,14400.0,14400.0,203550.0,finite,691898.0,none,,0.0,0.0,min_max,0.0,14400.0,142485.0,14400.0,10,2,1,1,14400.0,14400.0,14400.0,0.0
541,M-1810,item:268091,12874.471295,14400.0,14400.0,203550.0,finite,677498.0,none,,0.0,0.0,min_max,0.0,14400.0,142485.0,14400.0,10,3,1,1,14400.0,14400.0,14400.0,0.0
542,M-1810,item:268091,12265.09834,14400.0,14400.0,203550.0,finite,663098.0,none,,0.0,0.0,min_max,0.0,14400.0,142485.0,14400.0,10,4,1,1,14400.0,14400.0,14400.0,0.0
543,M-1810,item:268091,11623.354362,14400.0,14400.0,203550.0,finite,648698.0,none,,0.0,0.0,min_max,0.0,14400.0,142485.0,14400.0,10,5,1,1,14400.0,14400.0,14400.0,0.0
544,M-1810,item:268091,10975.136179,14400.0,14400.0,203550.0,finite,634298.0,none,,0.0,0.0,min_max,0.0,14400.0,142485.0,14400.0,10,6,1,1,14400.0,14400.0,14400.0,0.0
545,M-1810,item:268091,10325.623154,14400.0,14400.0,203550.0,finite,619898.0,none,,0.0,0.0,min_max,0.0,14400.0,142485.0,14400.0,10,7,1,1,14400.0,14400.0,14400.0,0.0
546,M-1810,item:268091,9675.851162,14400.0,14400.0,203550.0,finite,605498.0,none,,0.0,0.0,min_max,0.0,14400.0,142485.0,14400.0,10,1,1,1,14400.0,14400.0,14400.0,0.0
552,M-1810,item:268091,8045.22449,14400.0,14400.0,203550.0,finite,591098.0,none,,0.0,0.0,min_max,0.0,14400.0,142485.0,14400.0,10,2,1,1,14400.0,14400.0,14400.0,0.0
553,M-1810,item:268091,9845.142857,14400.0,14400.0,203550.0,finite,576698.0,none,,0.0,0.0,min_max,0.0,14400.0,142485.0,14400.0,10,1,1,1,14400.0,14400.0,14400.0,0.0
554,M-1810,item:268091,10396.0,14400.0,14400.0,203550.0,finite,562298.0,none,,0.0,0.0,min_max,0.0,14400.0,142485.0,14400.0,10,2,1,1,14400.0,14400.0,14400.0,0.0
555,M-1810,item:268091,10125.551021,14400.0,14400.0,203550.0,finite,547898.0,none,,0.0,0.0,min_max,0.0,14400.0,142485.0,14400.0,10,3,1,1,14400.0,14400.0,14400.0,0.0
556,M-1810,item:268091,9690.840816,14400.0,14400.0,203550.0,finite,533498.0,none,,0.0,0.0,min_max,0.0,14400.0,142485.0,14400.0,10,4,1,1,14400.0,14400.0,14400.0,0.0
557,M-1810,item:268091,9223.278367,14400.0,14400.0,203550.0,finite,519098.0,none,,0.0,0.0,min_max,0.0,14400.0,142485.0,14400.0,10,5,1,1,14400.0,14400.0,14400.0,0.0
558,M-1810,item:268091,8749.145469,14400.0,14400.0,203550.0,finite,504698.0,none,,0.0,0.0,min_max,0.0,14400.0,142485.0,14400.0,10,6,1,1,14400.0,14400.0,14400.0,0.0
559,M-1810,item:268091,8273.698482,14400.0,14400.0,203550.0,finite,490298.0,none,,0.0,0.0,min_max,0.0,14400.0,142485.0,14400.0,10,7,1,1,14400.0,14400.0,14400.0,0.0
561,M-1810,item:268091,5762.628571,14400.0,14400.0,203550.0,finite,475898.0,none,,0.0,0.0,min_max,0.0,14400.0,142485.0,14400.0,10,1,1,1,14400.0,14400.0,14400.0,0.0
565,M-1810,item:268091,8818.171428,14400.0,14400.0,203550.0,finite,461498.0,none,,0.0,0.0,min_max,0.0,14400.0,142485.0,14400.0,10,2,1,1,14400.0,14400.0,14400.0,0.0
566,M-1810,item:268091,11345.691428,14400.0,14400.0,203550.0,finite,447098.0,none,,0.0,0.0,min_max,0.0,14400.0,142485.0,14400.0,10,3,1,1,14400.0,14400.0,14400.0,0.0
567,M-1810,item:268091,12615.081143,14400.0,14400.0,203550.0,finite,457698.0,none,,0.0,0.0,min_max,0.0,14400.0,142485.0,14400.0,10,1,1,1,14400.0,14400.0,14400.0,0.0
568,M-1810,item:268091,13632.8448,14400.0,14400.0,203550.0,finite,468298.0,none,,0.0,0.0,min_max,0.0,14400.0,142485.0,14400.0,10,2,1,1,14400.0,14400.0,14400.0,0.0
569,M-1810,item:268091,13127.858756,14400.0,14400.0,203550.0,finite,453898.0,none,,0.0,0.0,min_max,0.0,14400.0,142485.0,14400.0,10,3,1,1,14400.0,14400.0,14400.0,0.0
570,M-1810,item:268091,12318.322771,14400.0,14400.0,203550.0,finite,464498.0,none,,0.0,0.0,min_max,0.0,14400.0,142485.0,14400.0,10,4,1,1,14400.0,14400.0,14400.0,0.0
571,M-1810,item:268091,11447.876799,14400.0,14400.0,203550.0,finite,475098.0,none,,0.0,0.0,min_max,0.0,14400.0,142485.0,14400.0,10,5,1,1,14400.0,14400.0,14400.0,0.0
572,M-1810,item:268091,10565.248829,14400.0,14400.0,203550.0,finite,485698.0,none,,0.0,0.0,min_max,0.0,14400.0,142485.0,14400.0,10,6,1,1,14400.0,14400.0,14400.0,0.0
573,M-1810,item:268091,9680.18446,14400.0,14400.0,203550.0,finite,471298.0,none,,0.0,0.0,min_max,0.0,14400.0,142485.0,14400.0,10,7,1,1,14400.0,14400.0,14400.0,0.0
574,M-1810,item:268091,8794.632811,14400.0,14400.0,203550.0,finite,456898.0,none,,0.0,0.0,min_max,0.0,14400.0,142485.0,14400.0,10,1,1,1,14400.0,14400.0,14400.0,0.0
592,M-1810,item:268091,4161.469388,14400.0,14400.0,203550.0,finite,567498.0,none,,0.0,0.0,min_max,0.0,14400.0,142485.0,14400.0,10,1,1,1,14400.0,14400.0,14400.0,0.0
593,M-1810,item:268091,5015.62449,14400.0,14400.0,203550.0,finite,578098.0,none,,0.0,0.0,min_max,0.0,14400.0,142485.0,14400.0,10,2,1,1,14400.0,14400.0,14400.0,0.0
594,M-1810,item:268091,5208.316735,14400.0,14400.0,203550.0,finite,588698.0,none,,0.0,0.0,min_max,0.0,14400.0,142485.0,14400.0,10,3,1,1,14400.0,14400.0,14400.0,0.0
595,M-1810,item:268091,5268.716408,14400.0,14400.0,203550.0,finite,574298.0,none,,0.0,0.0,min_max,0.0,14400.0,142485.0,14400.0,10,1,1,1,14400.0,14400.0,14400.0,0.0
596,M-1810,item:268091,5302.657567,14400.0,14400.0,203550.0,finite,559898.0,none,,0.0,0.0,min_max,0.0,14400.0,142485.0,14400.0,10,2,1,1,14400.0,14400.0,14400.0,0.0
597,M-1810,item:268091,5991.241717,14400.0,14400.0,203550.0,finite,545498.0,none,,0.0,0.0,min_max,0.0,14400.0,142485.0,14400.0,10,3,1,1,14400.0,14400.0,14400.0,0.0
598,M-1810,item:268091,6810.754466,14400.0,14400.0,203550.0,finite,531098.0,none,,0.0,0.0,min_max,0.0,14400.0,142485.0,14400.0,10,4,1,1,14400.0,14400.0,14400.0,0.0
601,M-1810,item:268091,7657.893878,14400.0,14400.0,203550.0,finite,591698.0,none,,0.0,0.0,min_max,0.0,14400.0,142485.0,14400.0,10,5,1,1,14400.0,14400.0,14400.0,0.0
602,M-1810,item:268091,9871.268572,14400.0,14400.0,203550.0,finite,577298.0,none,,0.0,0.0,min_max,0.0,14400.0,142485.0,14400.0,10,1,1,1,14400.0,14400.0,14400.0,0.0
603,M-1810,item:268091,10995.739429,14400.0,14400.0,203550.0,finite,587898.0,none,,0.0,0.0,min_max,0.0,14400.0,142485.0,14400.0,10,2,1,1,14400.0,14400.0,14400.0,0.0
604,M-1810,item:268091,11020.30707,14400.0,14400.0,203550.0,finite,573498.0,none,,0.0,0.0,min_max,0.0,14400.0,142485.0,14400.0,10,3,1,1,14400.0,14400.0,14400.0,0.0
605,M-1810,item:268091,10824.894067,14400.0,14400.0,203550.0,finite,559098.0,none,,0.0,0.0,min_max,0.0,14400.0,142485.0,14400.0,10,4,1,1,14400.0,14400.0,14400.0,0.0
606,M-1810,item:268091,10585.484936,14400.0,14400.0,203550.0,finite,569698.0,none,,0.0,0.0,min_max,0.0,14400.0,142485.0,14400.0,10,5,1,1,14400.0,14400.0,14400.0,0.0
608,M-1810,item:268091,8019.853061,14400.0,14400.0,203550.0,finite,555298.0,none,,0.0,0.0,min_max,0.0,14400.0,142485.0,14400.0,10,6,1,1,14400.0,14400.0,14400.0,0.0
610,M-1810,item:268091,7619.2,14400.0,14400.0,203550.0,finite,565898.0,none,,0.0,0.0,min_max,0.0,14400.0,142485.0,14400.0,10,1,1,1,14400.0,14400.0,14400.0,0.0
612,M-1810,item:268091,7520.032653,14400.0,14400.0,203550.0,finite,576498.0,none,,0.0,0.0,min_max,0.0,14400.0,142485.0,14400.0,10,2,1,1,14400.0,14400.0,14400.0,0.0
614,M-1810,item:268091,7420.865306,14400.0,14400.0,203550.0,finite,612098.0,none,,0.0,0.0,min_max,0.0,14400.0,142485.0,14400.0,10,3,1,1,14400.0,14400.0,14400.0,0.0
615,M-1810,item:268091,8855.454694,14400.0,14400.0,203550.0,finite,597698.0,none,,0.0,0.0,min_max,0.0,14400.0,142485.0,14400.0,10,4,1,1,14400.0,14400.0,14400.0,0.0
616,M-1810,item:268091,9092.788898,14400.0,14400.0,203550.0,finite,583298.0,none,,0.0,0.0,min_max,0.0,14400.0,142485.0,14400.0,10,1,1,1,14400.0,14400.0,14400.0,0.0
617,M-1810,item:268091,9090.672065,14400.0,14400.0,203550.0,finite,568898.0,none,,0.0,0.0,min_max,0.0,14400.0,142485.0,14400.0,10,2,1,1,14400.0,14400.0,14400.0,0.0
618,M-1810,item:268091,9209.922168,14400.0,14400.0,203550.0,finite,554498.0,none,,0.0,0.0,min_max,0.0,14400.0,142485.0,14400.0,10,3,1,1,14400.0,14400.0,14400.0,0.0
620,M-1810,item:268091,7631.134694,14400.0,14400.0,203550.0,finite,565098.0,none,,0.0,0.0,min_max,0.0,14400.0,142485.0,14400.0,10,4,1,1,14400.0,14400.0,14400.0,0.0
622,M-1810,item:268091,7870.481632,14400.0,14400.0,203550.0,finite,550698.0,none,,0.0,0.0,min_max,0.0,14400.0,142485.0,14400.0,10,5,1,1,14400.0,14400.0,14400.0,0.0
623,M-1810,item:268091,9564.251428,14400.0,14400.0,203550.0,finite,561298.0,none,,0.0,0.0,min_max,0.0,14400.0,142485.0,14400.0,10,1,1,1,14400.0,14400.0,14400.0,0.0
624,M-1810,item:268091,10022.678857,14400.0,14400.0,203550.0,finite,571898.0,none,,0.0,0.0,min_max,0.0,14400.0,142485.0,14400.0,10,2,1,1,14400.0,14400.0,14400.0,0.0
625,M-1810,item:268091,10464.519445,14400.0,14400.0,203550.0,finite,582498.0,none,,0.0,0.0,min_max,0.0,14400.0,142485.0,14400.0,10,3,1,1,14400.0,14400.0,14400.0,0.0
626,M-1810,item:268091,10903.042664,14400.0,14400.0,203550.0,finite,593098.0,none,,0.0,0.0,min_max,0.0,14400.0,142485.0,14400.0,10,4,1,1,14400.0,14400.0,14400.0,0.0
627,M-1810,item:268091,11340.90241,14400.0,14400.0,203550.0,finite,578698.0,none,,0.0,0.0,min_max,0.0,14400.0,142485.0,14400.0,10,5,1,1,14400.0,14400.0,14400.0,0.0
628,M-1810,item:268091,11778.629461,14400.0,14400.0,203550.0,finite,564298.0,none,,0.0,0.0,min_max,0.0,14400.0,142485.0,14400.0,10,6,1,1,14400.0,14400.0,14400.0,0.0
630,M-1810,item:268091,10210.759184,14400.0,14400.0,203550.0,finite,599898.0,none,,0.0,0.0,min_max,0.0,14400.0,142485.0,14400.0,10,1,1,1,14400.0,14400.0,14400.0,0.0
631,M-1810,item:268091,12603.066122,14400.0,14400.0,203550.0,finite,585498.0,none,,0.0,0.0,min_max,0.0,14400.0,142485.0,14400.0,10,2,1,1,14400.0,14400.0,14400.0,0.0
632,M-1810,item:268091,12463.519347,14400.0,14400.0,203550.0,finite,571098.0,none,,0.0,0.0,min_max,0.0,14400.0,142485.0,14400.0,10,3,1,1,14400.0,14400.0,14400.0,0.0
633,M-1810,item:268091,11817.601829,14400.0,14400.0,203550.0,finite,556698.0,none,,0.0,0.0,min_max,0.0,14400.0,142485.0,14400.0,10,4,1,1,14400.0,14400.0,14400.0,0.0
634,M-1810,item:268091,11070.410162,14400.0,14400.0,203550.0,finite,542298.0,none,,0.0,0.0,min_max,0.0,14400.0,142485.0,14400.0,10,5,1,1,14400.0,14400.0,14400.0,0.0
635,M-1810,item:268091,10302.963665,14400.0,14400.0,203550.0,finite,527898.0,none,,0.0,0.0,min_max,0.0,14400.0,142485.0,14400.0,10,6,1,1,14400.0,14400.0,14400.0,0.0
636,M-1810,item:268091,9531.466203,14400.0,14400.0,203550.0,finite,538498.0,none,,0.0,0.0,min_max,0.0,14400.0,142485.0,14400.0,10,7,1,1,14400.0,14400.0,14400.0,0.0
643,M-1810,item:268091,7058.44898,14400.0,14400.0,203550.0,finite,599098.0,none,,0.0,0.0,min_max,0.0,14400.0,142485.0,14400.0,10,1,1,1,14400.0,14400.0,14400.0,0.0
644,M-1810,item:268091,8634.857143,14400.0,14400.0,203550.0,finite,584698.0,none,,0.0,0.0,min_max,0.0,14400.0,142485.0,14400.0,10,1,1,1,14400.0,14400.0,14400.0,0.0
645,M-1810,item:268091,9114.857143,14400.0,14400.0,203550.0,finite,595298.0,none,,0.0,0.0,min_max,0.0,14400.0,142485.0,14400.0,10,2,1,1,14400.0,14400.0,14400.0,0.0
646,M-1810,item:268091,9331.967347,14400.0,14400.0,203550.0,finite,580898.0,none,,0.0,0.0,min_max,0.0,14400.0,142485.0,14400.0,10,3,1,1,14400.0,14400.0,14400.0,0.0
647,M-1430,item:268967,3330.204081,107800.0,107800.0,154000.0,finite,4502325.0,none,,0.0,0.0,fixed,107800.0,107800.0,107800.0,0.0,10,1,1,1,107800.0,107800.0,107800.0,0.0
647,M-1810,item:268091,9496.499592,14400.0,14400.0,203550.0,finite,566498.0,none,,0.0,0.0,min_max,0.0,14400.0,142485.0,14400.0,10,4,1,1,14400.0,14400.0,14400.0,0.0
648,M-1810,item:268091,9650.516245,14400.0,14400.0,203550.0,finite,552098.0,none,,0.0,0.0,min_max,0.0,14400.0,142485.0,14400.0,10,5,1,1,14400.0,14400.0,14400.0,0.0
649,M-1810,item:268091,9802.42978,14400.0,14400.0,203550.0,finite,537698.0,none,,0.0,0.0,min_max,0.0,14400.0,142485.0,14400.0,10,6,1,1,14400.0,14400.0,14400.0,0.0
650,M-1810,item:268091,9953.922691,14400.0,14400.0,203550.0,finite,523298.0,none,,0.0,0.0,min_max,0.0,14400.0,142485.0,14400.0,10,7,1,1,14400.0,14400.0,14400.0,0.0
652,M-1810,item:268091,8235.657143,14400.0,14400.0,203550.0,finite,508898.0,none,,0.0,0.0,min_max,0.0,14400.0,142485.0,14400.0,10,1,1,1,14400.0,14400.0,14400.0,0.0
654,M-1810,item:268091,8498.44898,14400.0,14400.0,203550.0,finite,494498.0,none,,0.0,0.0,min_max,0.0,14400.0,142485.0,14400.0,10,2,1,1,14400.0,14400.0,14400.0,0.0
655,M-1810,item:268091,10329.534694,14400.0,14400.0,203550.0,finite,480098.0,none,,0.0,0.0,min_max,0.0,14400.0,142485.0,14400.0,10,3,1,1,14400.0,14400.0,14400.0,0.0
656,M-1810,item:268091,10827.147755,14400.0,14400.0,203550.0,finite,465698.0,none,,0.0,0.0,min_max,0.0,14400.0,142485.0,14400.0,10,4,1,1,14400.0,14400.0,14400.0,0.0
657,M-1810,item:268091,11058.066286,14400.0,14400.0,203550.0,finite,451298.0,none,,0.0,0.0,min_max,0.0,14400.0,142485.0,14400.0,10,5,1,1,14400.0,14400.0,14400.0,0.0
658,M-1810,item:268091,11235.64591,14400.0,14400.0,203550.0,finite,436898.0,none,,0.0,0.0,min_max,0.0,14400.0,142485.0,14400.0,10,1,1,1,14400.0,14400.0,14400.0,0.0
659,M-1810,item:268091,11402.557753,14400.0,14400.0,203550.0,finite,422498.0,none,,0.0,0.0,min_max,0.0,14400.0,142485.0,14400.0,10,2,1,1,14400.0,14400.0,14400.0,0.0
660,M-1810,item:268091,10969.73604,14400.0,14400.0,203550.0,finite,433098.0,none,,0.0,0.0,min_max,0.0,14400.0,142485.0,14400.0,10,3,1,1,14400.0,14400.0,14400.0,0.0
661,M-1810,item:268091,10416.967616,14400.0,14400.0,203550.0,finite,418698.0,none,,0.0,0.0,min_max,0.0,14400.0,142485.0,14400.0,10,4,1,1,14400.0,14400.0,14400.0,0.0
662,M-1810,item:268091,9840.20985,14400.0,14400.0,203550.0,finite,404298.0,none,,0.0,0.0,min_max,0.0,14400.0,142485.0,14400.0,10,5,1,1,14400.0,14400.0,14400.0,0.0
667,M-1430,item:268967,3503.085714,107800.0,107800.0,154000.0,finite,4394525.0,none,,0.0,0.0,fixed,107800.0,107800.0,107800.0,0.0,10,1,1,1,107800.0,107800.0,107800.0,0.0
670,M-1810,item:268091,7162.073469,14400.0,14400.0,203550.0,finite,464898.0,none,,0.0,0.0,min_max,0.0,14400.0,142485.0,14400.0,10,1,1,1,14400.0,14400.0,14400.0,0.0
672,M-1810,item:268091,7797.110204,14400.0,14400.0,203550.0,finite,475498.0,none,,0.0,0.0,min_max,0.0,14400.0,142485.0,14400.0,10,1,1,1,14400.0,14400.0,14400.0,0.0
673,M-1810,item:268091,9674.050612,14400.0,14400.0,203550.0,finite,486098.0,none,,0.0,0.0,min_max,0.0,14400.0,142485.0,14400.0,10,2,1,1,14400.0,14400.0,14400.0,0.0
674,M-1810,item:268091,9591.577469,14400.0,14400.0,203550.0,finite,471698.0,none,,0.0,0.0,min_max,0.0,14400.0,142485.0,14400.0,10,3,1,1,14400.0,14400.0,14400.0,0.0
675,M-1810,item:268091,9117.221616,14400.0,14400.0,203550.0,finite,457298.0,none,,0.0,0.0,min_max,0.0,14400.0,142485.0,14400.0,10,4,1,1,14400.0,14400.0,14400.0,0.0
677,M-1810,item:268091,6283.183673,14400.0,14400.0,203550.0,finite,492898.0,none,,0.0,0.0,min_max,0.0,14400.0,142485.0,14400.0,10,5,1,1,14400.0,14400.0,14400.0,0.0
678,M-1810,item:268091,7081.959184,14400.0,14400.0,203550.0,finite,478498.0,none,,0.0,0.0,min_max,0.0,14400.0,142485.0,14400.0,10,6,1,1,14400.0,14400.0,14400.0,0.0
679,M-1810,item:268091,6783.853061,14400.0,14400.0,203550.0,finite,489098.0,none,,0.0,0.0,min_max,0.0,14400.0,142485.0,14400.0,10,1,1,1,14400.0,14400.0,14400.0,0.0
680,M-1810,item:268091,6266.370612,14400.0,14400.0,203550.0,finite,499698.0,none,,0.0,0.0,min_max,0.0,14400.0,142485.0,14400.0,10,2,1,1,14400.0,14400.0,14400.0,0.0
681,M-1810,item:268091,7181.829225,14400.0,14400.0,203550.0,finite,485298.0,none,,0.0,0.0,min_max,0.0,14400.0,142485.0,14400.0,10,3,1,1,14400.0,14400.0,14400.0,0.0
682,M-1810,item:268091,8383.876049,14400.0,14400.0,203550.0,finite,470898.0,none,,0.0,0.0,min_max,0.0,14400.0,142485.0,14400.0,10,4,1,1,14400.0,14400.0,14400.0,0.0
683,M-1810,item:268091,9643.240516,14400.0,14400.0,203550.0,finite,456498.0,none,,0.0,0.0,min_max,0.0,14400.0,142485.0,14400.0,10,5,1,1,14400.0,14400.0,14400.0,0.0
684,M-1810,item:268091,10914.068511,14400.0,14400.0,203550.0,finite,442098.0,none,,0.0,0.0,min_max,0.0,14400.0,142485.0,14400.0,10,6,1,1,14400.0,14400.0,14400.0,0.0
685,M-1810,item:268091,12187.189213,14400.0,14400.0,203550.0,finite,427698.0,none,,0.0,0.0,min_max,0.0,14400.0,142485.0,14400.0,10,7,1,1,14400.0,14400.0,14400.0,0.0
686,M-1810,item:268091,13460.768455,14400.0,14400.0,203550.0,finite,438298.0,none,,0.0,0.0,min_max,0.0,14400.0,142485.0,14400.0,10,1,1,1,14400.0,14400.0,14400.0,0.0
687,M-1810,item:268091,14734.439405,28800.0,28800.0,203550.0,finite,448898.0,none,,0.0,0.0,min_max,0.0,14400.0,142485.0,14400.0,10,2,1,1,28800.0,28800.0,28800.0,0.0
688,M-1430,item:268967,4285.077551,107800.0,107800.0,154000.0,finite,4286725.0,none,,0.0,0.0,fixed,107800.0,107800.0,107800.0,0.0,10,1,1,1,107800.0,107800.0,107800.0,0.0
688,M-1810,item:268091,15120.732779,28800.0,28800.0,203550.0,finite,420098.0,none,,0.0,0.0,min_max,0.0,14400.0,142485.0,14400.0,10,3,1,1,28800.0,28800.0,28800.0,0.0
689,M-1810,item:268091,15329.550638,28800.0,28800.0,203550.0,finite,391298.0,none,,0.0,0.0,min_max,0.0,14400.0,142485.0,14400.0,10,4,1,1,28800.0,28800.0,28800.0,0.0
691,M-1810,item:268091,12568.522449,14400.0,14400.0,203550.0,finite,387498.0,none,,0.0,0.0,min_max,0.0,14400.0,142485.0,14400.0,10,5,1,1,14400.0,14400.0,14400.0,0.0
692,M-1810,item:268091,15213.786122,28800.0,28800.0,203550.0,finite,398098.0,none,,0.0,0.0,min_max,0.0,14400.0,142485.0,14400.0,10,6,1,1,28800.0,28800.0,28800.0,0.0
693,M-1810,item:268091,15874.398041,28800.0,28800.0,203550.0,finite,369298.0,none,,0.0,0.0,min_max,0.0,14400.0,142485.0,14400.0,10,1,1,1,28800.0,28800.0,28800.0,0.0
695,M-1810,item:268091,12235.673469,14400.0,14400.0,203550.0,finite,365498.0,none,,0.0,0.0,min_max,0.0,14400.0,142485.0,14400.0,10,2,1,1,14400.0,14400.0,14400.0,0.0
696,M-1810,item:268091,13955.281633,14400.0,14400.0,203550.0,finite,376098.0,none,,0.0,0.0,min_max,0.0,14400.0,142485.0,14400.0,10,3,1,1,14400.0,14400.0,14400.0,0.0
697,M-1810,item:268091,13571.676735,14400.0,14400.0,203550.0,finite,361698.0,none,,0.0,0.0,min_max,0.0,14400.0,142485.0,14400.0,10,4,1,1,14400.0,14400.0,14400.0,0.0
704,M-1810,item:268091,8189.22449,14400.0,14400.0,203550.0,finite,447298.0,none,,0.0,0.0,min_max,0.0,14400.0,142485.0,14400.0,10,1,1,1,14400.0,14400.0,14400.0,0.0
705,M-1810,item:268091,9933.306123,14400.0,14400.0,203550.0,finite,432898.0,none,,0.0,0.0,min_max,0.0,14400.0,142485.0,14400.0,10,2,1,1,14400.0,14400.0,14400.0,0.0
706,M-1810,item:268091,10388.359184,14400.0,14400.0,203550.0,finite,443498.0,none,,0.0,0.0,min_max,0.0,14400.0,142485.0,14400.0,10,3,1,1,14400.0,14400.0,14400.0,0.0
707,M-1430,item:268967,3792.391837,107800.0,107800.0,154000.0,finite,4178925.0,none,,0.0,0.0,fixed,107800.0,107800.0,107800.0,0.0,10,1,1,1,107800.0,107800.0,107800.0,0.0
707,M-1810,item:268091,10585.606531,14400.0,14400.0,203550.0,finite,429098.0,none,,0.0,0.0,min_max,0.0,14400.0,142485.0,14400.0,10,1,1,1,14400.0,14400.0,14400.0,0.0
708,M-1810,item:268091,10731.292735,14400.0,14400.0,203550.0,finite,414698.0,none,,0.0,0.0,min_max,0.0,14400.0,142485.0,14400.0,10,2,1,1,14400.0,14400.0,14400.0,0.0
709,M-1810,item:268091,11814.634057,14400.0,14400.0,203550.0,finite,400298.0,none,,0.0,0.0,min_max,0.0,14400.0,142485.0,14400.0,10,3,1,1,14400.0,14400.0,14400.0,0.0
710,M-1810,item:268091,13085.506403,14400.0,14400.0,203550.0,finite,385898.0,none,,0.0,0.0,min_max,0.0,14400.0,142485.0,14400.0,10,4,1,1,14400.0,14400.0,14400.0,0.0
711,M-1810,item:268091,14393.884954,14400.0,14400.0,203550.0,finite,371498.0,none,,0.0,0.0,min_max,0.0,14400.0,142485.0,14400.0,10,5,1,1,14400.0,14400.0,14400.0,0.0
712,M-1810,item:268091,15709.764746,28800.0,28800.0,203550.0,finite,357098.0,none,,0.0,0.0,min_max,0.0,14400.0,142485.0,14400.0,10,6,1,1,28800.0,28800.0,28800.0,0.0
713,M-1810,item:268091,17027.144786,28800.0,28800.0,203550.0,finite,378298.0,none,,0.0,0.0,min_max,0.0,14400.0,142485.0,14400.0,10,7,1,1,28800.0,28800.0,28800.0,0.0
714,M-1810,item:268091,18344.824876,28800.0,28800.0,203550.0,finite,349498.0,none,,0.0,0.0,min_max,0.0,14400.0,142485.0,14400.0,10,1,1,1,28800.0,28800.0,28800.0,0.0
715,M-1810,item:268091,19662.564975,28800.0,28800.0,203550.0,finite,345698.0,none,,0.0,0.0,min_max,0.0,14400.0,142485.0,14400.0,10,2,1,1,28800.0,28800.0,28800.0,0.0
716,M-1810,item:268091,19568.888505,28800.0,28800.0,203550.0,finite,316898.0,none,,0.0,0.0,min_max,0.0,14400.0,142485.0,14400.0,10,3,1,1,28800.0,28800.0,28800.0,0.0
717,M-1430,item:268967,4717.257143,107800.0,107800.0,154000.0,finite,4071125.0,none,,0.0,0.0,fixed,107800.0,107800.0,107800.0,0.0,10,1,1,1,107800.0,107800.0,107800.0,0.0
717,M-1810,item:268091,19192.928721,28800.0,28800.0,203550.0,finite,313098.0,none,,0.0,0.0,min_max,0.0,14400.0,142485.0,14400.0,10,4,1,1,28800.0,28800.0,28800.0,0.0
718,M-1810,item:268091,18760.512275,28800.0,28800.0,203550.0,finite,309298.0,none,,0.0,0.0,min_max,0.0,14400.0,142485.0,14400.0,10,5,1,1,28800.0,28800.0,28800.0,0.0
719,M-1810,item:268091,18316.804496,28800.0,28800.0,203550.0,finite,280498.0,none,,0.0,0.0,min_max,0.0,14400.0,142485.0,14400.0,10,6,1,1,28800.0,28800.0,28800.0,0.0
720,M-1810,item:268091,17870.83845,28800.0,28800.0,203550.0,finite,251698.0,none,,0.0,0.0,min_max,0.0,14400.0,142485.0,14400.0,10,7,1,1,28800.0,28800.0,28800.0,0.0
721,M-1810,item:268091,17424.420751,28800.0,28800.0,203550.0,finite,222898.0,none,,0.0,0.0,min_max,0.0,14400.0,142485.0,14400.0,10,1,1,1,28800.0,28800.0,28800.0,0.0
746,M-1810,item:268091,6876.881633,14400.0,14400.0,203550.0,finite,394098.0,none,,0.0,0.0,min_max,0.0,14400.0,142485.0,14400.0,10,1,1,1,14400.0,14400.0,14400.0,0.0
747,M-1810,item:268091,8744.355919,14400.0,14400.0,203550.0,finite,404698.0,none,,0.0,0.0,min_max,0.0,14400.0,142485.0,14400.0,10,2,1,1,14400.0,14400.0,14400.0,0.0
748,M-1810,item:268091,9609.948735,14400.0,14400.0,203550.0,finite,390298.0,none,,0.0,0.0,min_max,0.0,14400.0,142485.0,14400.0,10,3,1,1,14400.0,14400.0,14400.0,0.0
749,M-1810,item:268091,10275.165257,14400.0,14400.0,203550.0,finite,375898.0,none,,0.0,0.0,min_max,0.0,14400.0,142485.0,14400.0,10,1,1,1,14400.0,14400.0,14400.0,0.0
750,M-1810,item:268091,10900.306521,14400.0,14400.0,203550.0,finite,411498.0,none,,0.0,0.0,min_max,0.0,14400.0,142485.0,14400.0,10,2,1,1,14400.0,14400.0,14400.0,0.0
751,M-1810,item:268091,11517.432733,14400.0,14400.0,203550.0,finite,397098.0,none,,0.0,0.0,min_max,0.0,14400.0,142485.0,14400.0,10,3,1,1,14400.0,14400.0,14400.0,0.0
752,M-1810,item:268091,11488.139608,14400.0,14400.0,203550.0,finite,432698.0,none,,0.0,0.0,min_max,0.0,14400.0,142485.0,14400.0,10,4,1,1,14400.0,14400.0,14400.0,0.0
753,M-1810,item:268091,11329.562616,14400.0,14400.0,203550.0,finite,418298.0,none,,0.0,0.0,min_max,0.0,14400.0,142485.0,14400.0,10,5,1,1,14400.0,14400.0,14400.0,0.0
754,M-1810,item:268091,11145.12885,14400.0,14400.0,203550.0,finite,403898.0,none,,0.0,0.0,min_max,0.0,14400.0,142485.0,14400.0,10,6,1,1,14400.0,14400.0,14400.0,0.0
755,M-1810,item:268091,10955.523729,14400.0,14400.0,203550.0,finite,389498.0,none,,0.0,0.0,min_max,0.0,14400.0,142485.0,14400.0,10,7,1,1,14400.0,14400.0,14400.0,0.0
756,M-1810,item:268091,10764.884337,14400.0,14400.0,203550.0,finite,400098.0,none,,0.0,0.0,min_max,0.0,14400.0,142485.0,14400.0,10,1,1,1,14400.0,14400.0,14400.0,0.0
757,M-1810,item:268091,10574.038092,14400.0,14400.0,203550.0,finite,410698.0,none,,0.0,0.0,min_max,0.0,14400.0,142485.0,14400.0,10,2,1,1,14400.0,14400.0,14400.0,0.0
758,M-1430,item:268967,3937.828571,107800.0,107800.0,154000.0,finite,3963325.0,none,,0.0,0.0,fixed,107800.0,107800.0,107800.0,0.0,10,1,1,1,107800.0,107800.0,107800.0,0.0
759,M-1810,item:268091,8166.530612,14400.0,14400.0,203550.0,finite,471298.0,none,,0.0,0.0,min_max,0.0,14400.0,142485.0,14400.0,10,3,1,1,14400.0,14400.0,14400.0,0.0
760,M-1810,item:268091,9698.02449,14400.0,14400.0,203550.0,finite,481898.0,none,,0.0,0.0,min_max,0.0,14400.0,142485.0,14400.0,10,4,1,1,14400.0,14400.0,14400.0,0.0
762,M-1810,item:268091,7861.093878,14400.0,14400.0,203550.0,finite,592498.0,none,,0.0,0.0,min_max,0.0,14400.0,142485.0,14400.0,10,5,1,1,14400.0,14400.0,14400.0,0.0
766,M-1810,item:268091,7283.167347,14400.0,14400.0,203550.0,finite,703098.0,none,,0.0,0.0,min_max,0.0,14400.0,142485.0,14400.0,10,1,1,1,14400.0,14400.0,14400.0,0.0
768,M-1810,item:268091,6738.187755,14400.0,14400.0,203550.0,finite,788698.0,none,,0.0,0.0,min_max,0.0,14400.0,142485.0,14400.0,10,2,1,1,14400.0,14400.0,14400.0,0.0
770,M-1810,item:268091,6193.208163,14400.0,14400.0,203550.0,finite,824298.0,none,,0.0,0.0,min_max,0.0,14400.0,142485.0,14400.0,10,1,1,1,14400.0,14400.0,14400.0,0.0
771,M-1810,item:268091,7159.36,14400.0,14400.0,203550.0,finite,859898.0,none,,0.0,0.0,min_max,0.0,14400.0,142485.0,14400.0,10,2,1,1,14400.0,14400.0,14400.0,0.0
772,M-1810,item:268091,7080.100571,14400.0,14400.0,203550.0,finite,845498.0,none,,0.0,0.0,min_max,0.0,14400.0,142485.0,14400.0,10,3,1,1,14400.0,14400.0,14400.0,0.0
773,M-1430,item:268967,5210.595918,107800.0,107800.0,154000.0,finite,3855525.0,none,,0.0,0.0,fixed,107800.0,107800.0,107800.0,0.0,10,1,1,1,107800.0,107800.0,107800.0,0.0
773,M-1810,item:268091,7885.016032,14400.0,14400.0,203550.0,finite,856098.0,none,,0.0,0.0,min_max,0.0,14400.0,142485.0,14400.0,10,4,1,1,14400.0,14400.0,14400.0,0.0
774,M-1810,item:268091,8866.766472,14400.0,14400.0,203550.0,finite,841698.0,none,,0.0,0.0,min_max,0.0,14400.0,142485.0,14400.0,10,5,1,1,14400.0,14400.0,14400.0,0.0
775,M-1810,item:268091,9883.883906,14400.0,14400.0,203550.0,finite,852298.0,none,,0.0,0.0,min_max,0.0,14400.0,142485.0,14400.0,10,6,1,1,14400.0,14400.0,14400.0,0.0
776,M-1810,item:268091,10908.07474,14400.0,14400.0,203550.0,finite,837898.0,none,,0.0,0.0,min_max,0.0,14400.0,142485.0,14400.0,10,7,1,1,14400.0,14400.0,14400.0,0.0
777,M-1810,item:268091,11933.680254,14400.0,14400.0,203550.0,finite,848498.0,none,,0.0,0.0,min_max,0.0,14400.0,142485.0,14400.0,10,1,1,1,14400.0,14400.0,14400.0,0.0
778,M-1810,item:268091,12959.568704,14400.0,14400.0,203550.0,finite,859098.0,none,,0.0,0.0,min_max,0.0,14400.0,142485.0,14400.0,10,2,1,1,14400.0,14400.0,14400.0,0.0
779,M-1810,item:268091,13985.513741,14400.0,14400.0,203550.0,finite,919698.0,none,,0.0,0.0,min_max,0.0,14400.0,142485.0,14400.0,10,3,1,1,14400.0,14400.0,14400.0,0.0
780,M-1810,item:268091,14116.580299,14400.0,14400.0,203550.0,finite,955298.0,none,,0.0,0.0,min_max,0.0,14400.0,142485.0,14400.0,10,4,1,1,14400.0,14400.0,14400.0,0.0
781,M-1810,item:268091,14068.671162,14400.0,14400.0,203550.0,finite,965898.0,none,,0.0,0.0,min_max,0.0,14400.0,142485.0,14400.0,10,5,1,1,14400.0,14400.0,14400.0,0.0
782,M-1810,item:268091,13984.966885,14400.0,14400.0,203550.0,finite,976498.0,none,,0.0,0.0,min_max,0.0,14400.0,142485.0,14400.0,10,6,1,1,14400.0,14400.0,14400.0,0.0
783,M-1810,item:268091,13894.103581,14400.0,14400.0,203550.0,finite,987098.0,none,,0.0,0.0,min_max,0.0,14400.0,142485.0,14400.0,10,7,1,1,14400.0,14400.0,14400.0,0.0
784,M-1810,item:268091,13801.808471,14400.0,14400.0,203550.0,finite,1047698.0,none,,0.0,0.0,min_max,0.0,14400.0,142485.0,14400.0,10,1,1,1,14400.0,14400.0,14400.0,0.0
785,M-1810,item:268091,13709.227,14400.0,14400.0,203550.0,finite,1033298.0,none,,0.0,0.0,min_max,0.0,14400.0,142485.0,14400.0,10,2,1,1,14400.0,14400.0,14400.0,0.0
786,M-1810,item:268091,13616.588257,14400.0,14400.0,203550.0,finite,1068898.0,none,,0.0,0.0,min_max,0.0,14400.0,142485.0,14400.0,10,3,1,1,14400.0,14400.0,14400.0,0.0
787,M-1810,item:268091,13338.925814,14400.0,14400.0,203550.0,finite,1079498.0,none,,0.0,0.0,min_max,0.0,14400.0,142485.0,14400.0,10,4,1,1,14400.0,14400.0,14400.0,0.0
788,M-1810,item:268091,13024.258632,14400.0,14400.0,203550.0,finite,1115098.0,none,,0.0,0.0,min_max,0.0,14400.0,142485.0,14400.0,10,5,1,1,14400.0,14400.0,14400.0,0.0
789,M-1810,item:268091,12702.190502,14400.0,14400.0,203550.0,finite,1150698.0,none,,0.0,0.0,min_max,0.0,14400.0,142485.0,14400.0,10,6,1,1,14400.0,14400.0,14400.0,0.0
790,M-1810,item:268091,12378.642182,14400.0,14400.0,203550.0,finite,1161298.0,none,,0.0,0.0,min_max,0.0,14400.0,142485.0,14400.0,10,7,1,1,14400.0,14400.0,14400.0,0.0
791,M-1810,item:268091,12054.797824,14400.0,14400.0,203550.0,finite,1196898.0,none,,0.0,0.0,min_max,0.0,14400.0,142485.0,14400.0,10,1,1,1,14400.0,14400.0,14400.0,0.0
792,M-1810,item:268091,11730.894259,14400.0,14400.0,203550.0,finite,1207498.0,none,,0.0,0.0,min_max,0.0,14400.0,142485.0,14400.0,10,2,1,1,14400.0,14400.0,14400.0,0.0
793,M-1810,item:268091,11406.978852,14400.0,14400.0,203550.0,finite,1243098.0,none,,0.0,0.0,min_max,0.0,14400.0,142485.0,14400.0,10,3,1,1,14400.0,14400.0,14400.0,0.0
794,M-1810,item:268091,11140.040668,14400.0,14400.0,203550.0,finite,1253698.0,none,,0.0,0.0,min_max,0.0,14400.0,142485.0,14400.0,10,4,1,1,14400.0,14400.0,14400.0,0.0
798,M-1430,item:268967,4452.146939,107800.0,107800.0,154000.0,finite,3747725.0,none,,0.0,0.0,fixed,107800.0,107800.0,107800.0,0.0,10,1,1,1,107800.0,107800.0,107800.0,0.0
800,M-1810,item:268091,7645.714286,14400.0,14400.0,203550.0,finite,1464298.0,none,,0.0,0.0,min_max,0.0,14400.0,142485.0,14400.0,10,1,1,1,14400.0,14400.0,14400.0,0.0
801,M-1810,item:268091,9406.82449,14400.0,14400.0,203550.0,finite,1499898.0,none,,0.0,0.0,min_max,0.0,14400.0,142485.0,14400.0,10,2,1,1,14400.0,14400.0,14400.0,0.0
802,M-1810,item:268091,9991.013877,14400.0,14400.0,203550.0,finite,1585498.0,none,,0.0,0.0,min_max,0.0,14400.0,142485.0,14400.0,10,3,1,1,14400.0,14400.0,14400.0,0.0
803,M-1810,item:268091,10339.819102,14400.0,14400.0,203550.0,finite,1646098.0,none,,0.0,0.0,min_max,0.0,14400.0,142485.0,14400.0,10,4,1,1,14400.0,14400.0,14400.0,0.0
805,M-1810,item:268091,8805.55102,14400.0,14400.0,203550.0,finite,1756698.0,none,,0.0,0.0,min_max,0.0,14400.0,142485.0,14400.0,10,1,1,1,14400.0,14400.0,14400.0,0.0
806,M-1810,item:268091,10798.628572,14400.0,14400.0,203550.0,finite,1842298.0,none,,0.0,0.0,min_max,0.0,14400.0,142485.0,14400.0,10,2,1,1,14400.0,14400.0,14400.0,0.0
807,M-1810,item:268091,11429.211429,14400.0,14400.0,203550.0,finite,1927898.0,none,,0.0,0.0,min_max,0.0,14400.0,142485.0,14400.0,10,3,1,1,14400.0,14400.0,14400.0,0.0
808,M-1810,item:268091,11637.156572,14400.0,14400.0,203550.0,finite,2013498.0,none,,0.0,0.0,min_max,0.0,14400.0,142485.0,14400.0,10,4,1,1,14400.0,14400.0,14400.0,0.0
809,M-1810,item:268091,11760.574172,14400.0,14400.0,203550.0,finite,2074098.0,none,,0.0,0.0,min_max,0.0,14400.0,142485.0,14400.0,10,5,1,1,14400.0,14400.0,14400.0,0.0
810,M-1810,item:268091,11867.086263,14400.0,14400.0,203550.0,finite,2084698.0,none,,0.0,0.0,min_max,0.0,14400.0,142485.0,14400.0,10,6,1,1,14400.0,14400.0,14400.0,0.0
811,M-1810,item:268091,11970.217253,14400.0,14400.0,203550.0,finite,2120298.0,none,,0.0,0.0,min_max,0.0,14400.0,142485.0,14400.0,10,7,1,1,14400.0,14400.0,14400.0,0.0
812,M-1810,item:268091,12072.672022,14400.0,14400.0,203550.0,finite,2205898.0,none,,0.0,0.0,min_max,0.0,14400.0,142485.0,14400.0,10,1,1,1,14400.0,14400.0,14400.0,0.0
813,M-1810,item:268091,12174.991547,14400.0,14400.0,203550.0,finite,2291498.0,none,,0.0,0.0,min_max,0.0,14400.0,142485.0,14400.0,10,2,1,1,14400.0,14400.0,14400.0,0.0
814,M-1810,item:268091,12277.284024,14400.0,14400.0,203550.0,finite,2377098.0,none,,0.0,0.0,min_max,0.0,14400.0,142485.0,14400.0,10,3,1,1,14400.0,14400.0,14400.0,0.0
815,M-1810,item:268091,11908.46905,14400.0,14400.0,203550.0,finite,2412698.0,none,,0.0,0.0,min_max,0.0,14400.0,142485.0,14400.0,10,4,1,1,14400.0,14400.0,14400.0,0.0
816,M-1810,item:268091,11445.432586,14400.0,14400.0,203550.0,finite,2423298.0,none,,0.0,0.0,min_max,0.0,14400.0,142485.0,14400.0,10,5,1,1,14400.0,14400.0,14400.0,0.0
818,M-1810,item:268091,8285.191837,14400.0,14400.0,203550.0,finite,2558898.0,none,,0.0,0.0,min_max,0.0,14400.0,142485.0,14400.0,10,6,1,1,14400.0,14400.0,14400.0,0.0
820,M-1430,item:268967,3830.791837,107800.0,107800.0,154000.0,finite,3639925.0,none,,0.0,0.0,fixed,107800.0,107800.0,107800.0,0.0,10,1,1,1,107800.0,107800.0,107800.0,0.0
825,M-1810,item:268091,6136.473469,14400.0,14400.0,203550.0,finite,2919498.0,none,,0.0,0.0,min_max,0.0,14400.0,142485.0,14400.0,10,1,1,1,14400.0,14400.0,14400.0,0.0
827,M-1810,item:268091,5646.02449,14400.0,14400.0,203550.0,finite,3030098.0,none,,0.0,0.0,min_max,0.0,14400.0,142485.0,14400.0,10,1,1,1,14400.0,14400.0,14400.0,0.0
828,M-1810,item:268091,6530.004898,14400.0,14400.0,203550.0,finite,3065698.0,none,,0.0,0.0,min_max,0.0,14400.0,142485.0,14400.0,10,2,1,1,14400.0,14400.0,14400.0,0.0
829,M-1810,item:268091,7424.531592,14400.0,14400.0,203550.0,finite,3101298.0,none,,0.0,0.0,min_max,0.0,14400.0,142485.0,14400.0,10,3,1,1,14400.0,14400.0,14400.0,0.0
830,M-1810,item:268091,8321.167543,14400.0,14400.0,203550.0,finite,3186898.0,none,,0.0,0.0,min_max,0.0,14400.0,142485.0,14400.0,10,4,1,1,14400.0,14400.0,14400.0,0.0
831,M-1810,item:268091,9218.225345,14400.0,14400.0,203550.0,finite,3247498.0,none,,0.0,0.0,min_max,0.0,14400.0,142485.0,14400.0,10,5,1,1,14400.0,14400.0,14400.0,0.0
832,M-1810,item:268091,10115.367518,14400.0,14400.0,203550.0,finite,3258098.0,none,,0.0,0.0,min_max,0.0,14400.0,142485.0,14400.0,10,6,1,1,14400.0,14400.0,14400.0,0.0
833,M-1810,item:268091,11012.526565,14400.0,14400.0,203550.0,finite,3293698.0,none,,0.0,0.0,min_max,0.0,14400.0,142485.0,14400.0,10,1,1,1,14400.0,14400.0,14400.0,0.0
834,M-1810,item:268091,11909.688986,14400.0,14400.0,203550.0,finite,3329298.0,none,,0.0,0.0,min_max,0.0,14400.0,142485.0,14400.0,10,2,1,1,14400.0,14400.0,14400.0,0.0
835,M-1810,item:268091,12806.852083,14400.0,14400.0,203550.0,finite,3389898.0,none,,0.0,0.0,min_max,0.0,14400.0,142485.0,14400.0,10,3,1,1,14400.0,14400.0,14400.0,0.0
836,M-1810,item:268091,12506.545927,14400.0,14400.0,203550.0,finite,3400498.0,none,,0.0,0.0,min_max,0.0,14400.0,142485.0,14400.0,10,4,1,1,14400.0,14400.0,14400.0,0.0
837,M-1810,item:268091,11966.74592,14400.0,14400.0,203550.0,finite,3411098.0,none,,0.0,0.0,min_max,0.0,14400.0,142485.0,14400.0,10,5,1,1,14400.0,14400.0,14400.0,0.0
838,M-1810,item:268091,11379.047143,14400.0,14400.0,203550.0,finite,3421698.0,none,,0.0,0.0,min_max,0.0,14400.0,142485.0,14400.0,10,6,1,1,14400.0,14400.0,14400.0,0.0
839,M-1810,item:268091,10781.768612,14400.0,14400.0,203550.0,finite,3482298.0,none,,0.0,0.0,min_max,0.0,14400.0,142485.0,14400.0,10,7,1,1,14400.0,14400.0,14400.0,0.0
854,M-1810,item:268091,3531.951021,14400.0,14400.0,203550.0,finite,3582958.672543,none,,0.0,0.0,min_max,0.0,14400.0,142485.0,14400.0,10,1,1,1,14400.0,14400.0,14400.0,0.0
856,M-1810,item:268091,3578.057143,14400.0,14400.0,203550.0,finite,3568558.672543,none,,0.0,0.0,min_max,0.0,14400.0,142485.0,14400.0,10,2,1,1,14400.0,14400.0,14400.0,0.0
857,M-1810,item:268091,4960.444082,14400.0,14400.0,203550.0,finite,3554158.672543,none,,0.0,0.0,min_max,0.0,14400.0,142485.0,14400.0,10,3,1,1,14400.0,14400.0,14400.0,0.0
858,M-1810,item:268091,5903.69698,14400.0,14400.0,203550.0,finite,3539758.672543,none,,0.0,0.0,min_max,0.0,14400.0,142485.0,14400.0,10,4,1,1,14400.0,14400.0,14400.0,0.0
859,M-1810,item:268091,6759.12307,14400.0,14400.0,203550.0,finite,3525358.672543,none,,0.0,0.0,min_max,0.0,14400.0,142485.0,14400.0,10,5,1,1,14400.0,14400.0,14400.0,0.0
860,M-1810,item:268091,7596.983798,14400.0,14400.0,203550.0,finite,3510958.672543,none,,0.0,0.0,min_max,0.0,14400.0,142485.0,14400.0,10,6,1,1,14400.0,14400.0,14400.0,0.0
861,M-1810,item:268091,8431.331454,14400.0,14400.0,203550.0,finite,3496558.672543,none,,0.0,0.0,min_max,0.0,14400.0,142485.0,14400.0,10,1,1,1,14400.0,14400.0,14400.0,0.0
862,M-1810,item:268091,9264.976495,14400.0,14400.0,203550.0,finite,3482158.672543,none,,0.0,0.0,min_max,0.0,14400.0,142485.0,14400.0,10,2,1,1,14400.0,14400.0,14400.0,0.0
863,M-1810,item:268091,10098.481013,14400.0,14400.0,203550.0,finite,3467758.672543,none,,0.0,0.0,min_max,0.0,14400.0,142485.0,14400.0,10,3,1,1,14400.0,14400.0,14400.0,0.0
864,M-1810,item:268091,10267.451305,14400.0,14400.0,203550.0,finite,3453358.672543,none,,0.0,0.0,min_max,0.0,14400.0,142485.0,14400.0,10,4,1,1,14400.0,14400.0,14400.0,0.0
865,M-1810,item:268091,10303.514751,14400.0,14400.0,203550.0,finite,3438958.672543,none,,0.0,0.0,min_max,0.0,14400.0,142485.0,14400.0,10,5,1,1,14400.0,14400.0,14400.0,0.0
866,M-1810,item:268091,10312.996828,14400.0,14400.0,203550.0,finite,3424558.672543,none,,0.0,0.0,min_max,0.0,14400.0,142485.0,14400.0,10,6,1,1,14400.0,14400.0,14400.0,0.0
867,M-1810,item:268091,10317.162631,14400.0,14400.0,203550.0,finite,3410158.672543,none,,0.0,0.0,min_max,0.0,14400.0,142485.0,14400.0,10,7,1,1,14400.0,14400.0,14400.0,0.0
869,M-1810,item:268091,8259.102041,14400.0,14400.0,203550.0,finite,3395758.672543,none,,0.0,0.0,min_max,0.0,14400.0,142485.0,14400.0,10,1,1,1,14400.0,14400.0,14400.0,0.0
871,M-1810,item:268091,8351.232653,14400.0,14400.0,203550.0,finite,3381358.672543,none,,0.0,0.0,min_max,0.0,14400.0,142485.0,14400.0,10,2,1,1,14400.0,14400.0,14400.0,0.0
872,M-1810,item:268091,10111.340408,14400.0,14400.0,203550.0,finite,3366958.672543,none,,0.0,0.0,min_max,0.0,14400.0,142485.0,14400.0,10,3,1,1,14400.0,14400.0,14400.0,0.0
874,M-1810,item:268091,8620.816327,14400.0,14400.0,203550.0,finite,3352558.672543,none,,0.0,0.0,min_max,0.0,14400.0,142485.0,14400.0,10,4,1,1,14400.0,14400.0,14400.0,0.0
875,M-1810,item:268091,10434.840816,14400.0,14400.0,203550.0,finite,3338158.672543,none,,0.0,0.0,min_max,0.0,14400.0,142485.0,14400.0,10,1,1,1,14400.0,14400.0,14400.0,0.0
876,M-1810,item:268091,10887.506939,14400.0,14400.0,203550.0,finite,3323758.672543,none,,0.0,0.0,min_max,0.0,14400.0,142485.0,14400.0,10,2,1,1,14400.0,14400.0,14400.0,0.0
877,M-1810,item:268091,11067.901388,14400.0,14400.0,203550.0,finite,3309358.672543,none,,0.0,0.0,min_max,0.0,14400.0,142485.0,14400.0,10,3,1,1,14400.0,14400.0,14400.0,0.0
879,M-1810,item:268091,8462.840816,14400.0,14400.0,203550.0,finite,3294958.672543,none,,0.0,0.0,min_max,0.0,14400.0,142485.0,14400.0,10,4,1,1,14400.0,14400.0,14400.0,0.0
880,M-1810,item:268091,9941.629388,14400.0,14400.0,203550.0,finite,3280558.672543,none,,0.0,0.0,min_max,0.0,14400.0,142485.0,14400.0,10,5,1,1,14400.0,14400.0,14400.0,0.0
881,M-1810,item:268091,10023.60751,14400.0,14400.0,203550.0,finite,3266158.672543,none,,0.0,0.0,min_max,0.0,14400.0,142485.0,14400.0,10,6,1,1,14400.0,14400.0,14400.0,0.0
882,M-1810,item:268091,9826.223543,14400.0,14400.0,203550.0,finite,3251758.672543,none,,0.0,0.0,min_max,0.0,14400.0,142485.0,14400.0,10,1,1,1,14400.0,14400.0,14400.0,0.0
887,M-1810,item:268091,6610.318367,14400.0,14400.0,203550.0,finite,3237358.672543,none,,0.0,0.0,min_max,0.0,14400.0,142485.0,14400.0,10,2,1,1,14400.0,14400.0,14400.0,0.0
889,M-1430,item:268967,1566.938775,107800.0,107800.0,154000.0,finite,3532125.0,none,,0.0,0.0,fixed,107800.0,107800.0,107800.0,0.0,10,1,1,1,107800.0,107800.0,107800.0,0.0
889,M-1810,item:268091,6087.902041,14400.0,14400.0,203550.0,finite,3222958.672543,none,,0.0,0.0,min_max,0.0,14400.0,142485.0,14400.0,10,1,1,1,14400.0,14400.0,14400.0,0.0
891,M-1430,item:268967,2193.714286,107800.0,107800.0,154000.0,finite,3424325.0,none,,0.0,0.0,fixed,107800.0,107800.0,107800.0,0.0,10,2,1,1,107800.0,107800.0,107800.0,0.0
891,M-1810,item:268091,5565.485714,14400.0,14400.0,203550.0,finite,3208558.672543,none,,0.0,0.0,min_max,0.0,14400.0,142485.0,14400.0,10,2,1,1,14400.0,14400.0,14400.0,0.0
892,M-1810,item:268091,7126.958367,14400.0,14400.0,203550.0,finite,3194158.672543,none,,0.0,0.0,min_max,0.0,14400.0,142485.0,14400.0,10,3,1,1,14400.0,14400.0,14400.0,0.0
893,M-1810,item:268091,7887.628408,14400.0,14400.0,203550.0,finite,3179758.672543,none,,0.0,0.0,min_max,0.0,14400.0,142485.0,14400.0,10,4,1,1,14400.0,14400.0,14400.0,0.0
894,M-1430,item:268967,9374.514286,107800.0,107800.0,154000.0,finite,3316525.0,none,,0.0,0.0,fixed,107800.0,107800.0,107800.0,0.0,10,3,1,1,107800.0,107800.0,107800.0,0.0
894,M-1810,item:268091,8488.137927,14400.0,14400.0,203550.0,finite,3165358.672543,none,,0.0,0.0,min_max,0.0,14400.0,142485.0,14400.0,10,5,1,1,14400.0,14400.0,14400.0,0.0
895,M-1810,item:268091,9056.61534,14400.0,14400.0,203550.0,finite,3150958.672543,none,,0.0,0.0,min_max,0.0,14400.0,142485.0,14400.0,10,6,1,1,14400.0,14400.0,14400.0,0.0
896,M-1810,item:268091,9618.686333,14400.0,14400.0,203550.0,finite,3136558.672543,none,,0.0,0.0,min_max,0.0,14400.0,142485.0,14400.0,10,1,1,1,14400.0,14400.0,14400.0,0.0
897,M-1810,item:268091,10179.476042,14400.0,14400.0,203550.0,finite,3122158.672543,none,,0.0,0.0,min_max,0.0,14400.0,142485.0,14400.0,10,2,1,1,14400.0,14400.0,14400.0,0.0
898,M-1810,item:268091,10740.009494,14400.0,14400.0,203550.0,finite,3107758.672543,none,,0.0,0.0,min_max,0.0,14400.0,142485.0,14400.0,10,3,1,1,14400.0,14400.0,14400.0,0.0
899,M-1810,item:268091,11141.520266,14400.0,14400.0,203550.0,finite,3093358.672543,none,,0.0,0.0,min_max,0.0,14400.0,142485.0,14400.0,10,4,1,1,14400.0,14400.0,14400.0,0.0
900,M-1430,item:268967,13767.232653,107800.0,107800.0,154000.0,finite,3208725.0,none,,0.0,0.0,fixed,107800.0,107800.0,107800.0,0.0,10,1,1,1,107800.0,107800.0,107800.0,0.0
900,M-1810,item:268091,11511.226502,14400.0,14400.0,203550.0,finite,3078958.672543,none,,0.0,0.0,min_max,0.0,14400.0,142485.0,14400.0,10,5,1,1,14400.0,14400.0,14400.0,0.0
901,M-1810,item:268091,11874.571831,14400.0,14400.0,203550.0,finite,3064558.672543,none,,0.0,0.0,min_max,0.0,14400.0,142485.0,14400.0,10,6,1,1,14400.0,14400.0,14400.0,0.0
902,M-1810,item:268091,12236.644978,14400.0,14400.0,203550.0,finite,3050158.672543,none,,0.0,0.0,min_max,0.0,14400.0,142485.0,14400.0,10,7,1,1,14400.0,14400.0,14400.0,0.0
904,M-1810,item:268091,10440.538775,14400.0,14400.0,203550.0,finite,3035758.672543,none,,0.0,0.0,min_max,0.0,14400.0,142485.0,14400.0,10,1,1,1,14400.0,14400.0,14400.0,0.0
905,M-1810,item:268091,12818.050612,14400.0,14400.0,203550.0,finite,3021358.672543,none,,0.0,0.0,min_max,0.0,14400.0,142485.0,14400.0,10,2,1,1,14400.0,14400.0,14400.0,0.0
906,M-1810,item:268091,12773.683592,14400.0,14400.0,203550.0,finite,3006958.672543,none,,0.0,0.0,min_max,0.0,14400.0,142485.0,14400.0,10,3,1,1,14400.0,14400.0,14400.0,0.0
907,M-1810,item:268091,12244.9408,14400.0,14400.0,203550.0,finite,2992558.672543,none,,0.0,0.0,min_max,0.0,14400.0,142485.0,14400.0,10,4,1,1,14400.0,14400.0,14400.0,0.0
908,M-1810,item:268091,11619.322854,14400.0,14400.0,203550.0,finite,2978158.672543,none,,0.0,0.0,min_max,0.0,14400.0,142485.0,14400.0,10,5,1,1,14400.0,14400.0,14400.0,0.0
909,M-1810,item:268091,10974.329877,14400.0,14400.0,203550.0,finite,2963758.672543,none,,0.0,0.0,min_max,0.0,14400.0,142485.0,14400.0,10,6,1,1,14400.0,14400.0,14400.0,0.0
915,M-1810,item:268091,7663.477551,14400.0,14400.0,203550.0,finite,2949358.672543,none,,0.0,0.0,min_max,0.0,14400.0,142485.0,14400.0,10,1,1,1,14400.0,14400.0,14400.0,0.0
917,M-1810,item:268091,8045.22449,14400.0,14400.0,203550.0,finite,2934958.672543,none,,0.0,0.0,min_max,0.0,14400.0,142485.0,14400.0,10,1,1,1,14400.0,14400.0,14400.0,0.0
918,M-1810,item:268091,9845.142857,14400.0,14400.0,203550.0,finite,2920558.672543,none,,0.0,0.0,min_max,0.0,14400.0,142485.0,14400.0,10,2,1,1,14400.0,14400.0,14400.0,0.0
919,M-1810,item:268091,10396.0,14400.0,14400.0,203550.0,finite,2906158.672543,none,,0.0,0.0,min_max,0.0,14400.0,142485.0,14400.0,10,3,1,1,14400.0,14400.0,14400.0,0.0
920,M-1810,item:268091,10125.551021,14400.0,14400.0,203550.0,finite,2891758.672543,none,,0.0,0.0,min_max,0.0,14400.0,142485.0,14400.0,10,4,1,1,14400.0,14400.0,14400.0,0.0
921,M-1810,item:268091,9690.840816,14400.0,14400.0,203550.0,finite,2877358.672543,none,,0.0,0.0,min_max,0.0,14400.0,142485.0,14400.0,10,5,1,1,14400.0,14400.0,14400.0,0.0
923,M-1810,item:268091,6904.489796,14400.0,14400.0,203550.0,finite,2862958.672543,none,,0.0,0.0,min_max,0.0,14400.0,142485.0,14400.0,10,6,1,1,14400.0,14400.0,14400.0,0.0
925,M-1810,item:268091,6143.248979,14400.0,14400.0,203550.0,finite,2848558.672543,none,,0.0,0.0,min_max,0.0,14400.0,142485.0,14400.0,10,1,1,1,14400.0,14400.0,14400.0,0.0
926,M-1810,item:268091,6991.278367,14400.0,14400.0,203550.0,finite,2834158.672543,none,,0.0,0.0,min_max,0.0,14400.0,142485.0,14400.0,10,2,1,1,14400.0,14400.0,14400.0,0.0
927,M-1810,item:268091,7924.769959,14400.0,14400.0,203550.0,finite,2819758.672543,none,,0.0,0.0,min_max,0.0,14400.0,142485.0,14400.0,10,3,1,1,14400.0,14400.0,14400.0,0.0
928,M-1810,item:268091,8875.353992,14400.0,14400.0,203550.0,finite,2805358.672543,none,,0.0,0.0,min_max,0.0,14400.0,142485.0,14400.0,10,4,1,1,14400.0,14400.0,14400.0,0.0
929,M-1810,item:268091,9829.356512,14400.0,14400.0,203550.0,finite,2790958.672543,none,,0.0,0.0,min_max,0.0,14400.0,142485.0,14400.0,10,5,1,1,14400.0,14400.0,14400.0,0.0
931,M-1810,item:268091,9582.057143,14400.0,14400.0,203550.0,finite,2776558.672543,none,,0.0,0.0,min_max,0.0,14400.0,142485.0,14400.0,10,1,1,1,14400.0,14400.0,14400.0,0.0
933,M-1810,item:268091,11109.828571,14400.0,14400.0,203550.0,finite,2762158.672543,none,,0.0,0.0,min_max,0.0,14400.0,142485.0,14400.0,10,2,1,1,14400.0,14400.0,14400.0,0.0
934,M-1810,item:268091,12623.25551,14400.0,14400.0,203550.0,finite,2747758.672543,none,,0.0,0.0,min_max,0.0,14400.0,142485.0,14400.0,10,3,1,1,14400.0,14400.0,14400.0,0.0
935,M-1810,item:268091,12217.402122,14400.0,14400.0,203550.0,finite,2733358.672543,none,,0.0,0.0,min_max,0.0,14400.0,142485.0,14400.0,10,4,1,1,14400.0,14400.0,14400.0,0.0
936,M-1810,item:268091,11427.692669,14400.0,14400.0,203550.0,finite,2718958.672543,none,,0.0,0.0,min_max,0.0,14400.0,142485.0,14400.0,10,5,1,1,14400.0,14400.0,14400.0,0.0
937,M-1810,item:268091,10561.212003,14400.0,14400.0,203550.0,finite,2704558.672543,none,,0.0,0.0,min_max,0.0,14400.0,142485.0,14400.0,10,6,1,1,14400.0,14400.0,14400.0,0.0
938,M-1810,item:268091,9679.377095,14400.0,14400.0,203550.0,finite,2690158.672543,none,,0.0,0.0,min_max,0.0,14400.0,142485.0,14400.0,10,1,1,1,14400.0,14400.0,14400.0,0.0
939,M-1810,item:268091,8794.471338,14400.0,14400.0,203550.0,finite,2675758.672543,none,,0.0,0.0,min_max,0.0,14400.0,142485.0,14400.0,10,2,1,1,14400.0,14400.0,14400.0,0.0
957,M-1810,item:268091,4161.469388,14400.0,14400.0,203550.0,finite,2661358.672543,none,,0.0,0.0,min_max,0.0,14400.0,142485.0,14400.0,10,1,1,1,14400.0,14400.0,14400.0,0.0
958,M-1810,item:268091,5015.62449,14400.0,14400.0,203550.0,finite,2646958.672543,none,,0.0,0.0,min_max,0.0,14400.0,142485.0,14400.0,10,2,1,1,14400.0,14400.0,14400.0,0.0
959,M-1810,item:268091,5208.316735,14400.0,14400.0,203550.0,finite,2632558.672543,none,,0.0,0.0,min_max,0.0,14400.0,142485.0,14400.0,10,1,1,1,14400.0,14400.0,14400.0,0.0
960,M-1810,item:268091,5268.716408,14400.0,14400.0,203550.0,finite,2618158.672543,none,,0.0,0.0,min_max,0.0,14400.0,142485.0,14400.0,10,2,1,1,14400.0,14400.0,14400.0,0.0
961,M-1810,item:268091,5302.657567,14400.0,14400.0,203550.0,finite,2603758.672543,none,,0.0,0.0,min_max,0.0,14400.0,142485.0,14400.0,10,3,1,1,14400.0,14400.0,14400.0,0.0
962,M-1810,item:268091,5991.241717,14400.0,14400.0,203550.0,finite,2589358.672543,none,,0.0,0.0,min_max,0.0,14400.0,142485.0,14400.0,10,4,1,1,14400.0,14400.0,14400.0,0.0
963,M-1810,item:268091,6810.754466,14400.0,14400.0,203550.0,finite,2574958.672543,none,,0.0,0.0,min_max,0.0,14400.0,142485.0,14400.0,10,5,1,1,14400.0,14400.0,14400.0,0.0
964,M-1810,item:268091,7656.452934,14400.0,14400.0,203550.0,finite,2560558.672543,none,,0.0,0.0,min_max,0.0,14400.0,142485.0,14400.0,10,6,1,1,14400.0,14400.0,14400.0,0.0
965,M-1430,item:268967,6239.216327,107800.0,107800.0,154000.0,finite,3888425.0,none,,0.0,0.0,fixed,107800.0,107800.0,107800.0,0.0,10,1,1,1,107800.0,107800.0,107800.0,0.0
966,M-1810,item:268091,7657.893878,14400.0,14400.0,203550.0,finite,2546158.672543,none,,0.0,0.0,min_max,0.0,14400.0,142485.0,14400.0,10,1,1,1,14400.0,14400.0,14400.0,0.0
967,M-1810,item:268091,9871.268572,14400.0,14400.0,203550.0,finite,2531758.672543,none,,0.0,0.0,min_max,0.0,14400.0,142485.0,14400.0,10,2,1,1,14400.0,14400.0,14400.0,0.0
968,M-1810,item:268091,10995.739429,14400.0,14400.0,203550.0,finite,2517358.672543,none,,0.0,0.0,min_max,0.0,14400.0,142485.0,14400.0,10,3,1,1,14400.0,14400.0,14400.0,0.0
969,M-1430,item:268967,7675.902041,107800.0,107800.0,154000.0,finite,3780625.0,none,,0.0,0.0,fixed,107800.0,107800.0,107800.0,0.0,10,1,1,1,107800.0,107800.0,107800.0,0.0
969,M-1810,item:268091,11020.30707,14400.0,14400.0,203550.0,finite,2502958.672543,none,,0.0,0.0,min_max,0.0,14400.0,142485.0,14400.0,10,4,1,1,14400.0,14400.0,14400.0,0.0
970,M-1810,item:268091,10824.894067,14400.0,14400.0,203550.0,finite,2488558.672543,none,,0.0,0.0,min_max,0.0,14400.0,142485.0,14400.0,10,5,1,1,14400.0,14400.0,14400.0,0.0
971,M-1810,item:268091,10585.484936,14400.0,14400.0,203550.0,finite,2474158.672543,none,,0.0,0.0,min_max,0.0,14400.0,142485.0,14400.0,10,6,1,1,14400.0,14400.0,14400.0,0.0
972,M-1810,item:268091,10337.276579,14400.0,14400.0,203550.0,finite,2459758.672543,none,,0.0,0.0,min_max,0.0,14400.0,142485.0,14400.0,10,7,1,1,14400.0,14400.0,14400.0,0.0
973,M-1810,item:268091,10087.308377,14400.0,14400.0,203550.0,finite,2445358.672543,none,,0.0,0.0,min_max,0.0,14400.0,142485.0,14400.0,10,1,1,1,14400.0,14400.0,14400.0,0.0
974,M-1810,item:268091,9836.988206,14400.0,14400.0,203550.0,finite,2430958.672543,none,,0.0,0.0,min_max,0.0,14400.0,142485.0,14400.0,10,2,1,1,14400.0,14400.0,14400.0,0.0
979,M-1810,item:268091,7420.865306,14400.0,14400.0,203550.0,finite,2416558.672543,none,,0.0,0.0,min_max,0.0,14400.0,142485.0,14400.0,10,3,1,1,14400.0,14400.0,14400.0,0.0
980,M-1810,item:268091,8855.454694,14400.0,14400.0,203550.0,finite,2402158.672543,none,,0.0,0.0,min_max,0.0,14400.0,142485.0,14400.0,10,1,1,1,14400.0,14400.0,14400.0,0.0
982,M-1810,item:268091,7272.114286,14400.0,14400.0,203550.0,finite,2387758.672543,none,,0.0,0.0,min_max,0.0,14400.0,142485.0,14400.0,10,2,1,1,14400.0,14400.0,14400.0,0.0
983,M-1810,item:268091,8846.210612,14400.0,14400.0,203550.0,finite,2373358.672543,none,,0.0,0.0,min_max,0.0,14400.0,142485.0,14400.0,10,3,1,1,14400.0,14400.0,14400.0,0.0
984,M-1810,item:268091,9280.703347,14400.0,14400.0,203550.0,finite,2358958.672543,none,,0.0,0.0,min_max,0.0,14400.0,142485.0,14400.0,10,4,1,1,14400.0,14400.0,14400.0,0.0
985,M-1810,item:268091,9487.275363,14400.0,14400.0,203550.0,finite,2344558.672543,none,,0.0,0.0,min_max,0.0,14400.0,142485.0,14400.0,10,5,1,1,14400.0,14400.0,14400.0,0.0
986,M-1810,item:268091,9648.263236,14400.0,14400.0,203550.0,finite,2330158.672543,none,,0.0,0.0,min_max,0.0,14400.0,142485.0,14400.0,10,6,1,1,14400.0,14400.0,14400.0,0.0
987,M-1810,item:268091,9800.13428,14400.0,14400.0,203550.0,finite,2315758.672543,none,,0.0,0.0,min_max,0.0,14400.0,142485.0,14400.0,10,1,1,1,14400.0,14400.0,14400.0,0.0
990,M-1810,item:268091,8459.983673,14400.0,14400.0,203550.0,finite,2301358.672543,none,,0.0,0.0,min_max,0.0,14400.0,142485.0,14400.0,10,2,1,1,14400.0,14400.0,14400.0,0.0
991,M-1810,item:268091,10502.13551,14400.0,14400.0,203550.0,finite,2286958.672543,none,,0.0,0.0,min_max,0.0,14400.0,142485.0,14400.0,10,3,1,1,14400.0,14400.0,14400.0,0.0
992,M-1810,item:268091,11260.720979,14400.0,14400.0,203550.0,finite,2272558.672543,none,,0.0,0.0,min_max,0.0,14400.0,142485.0,14400.0,10,4,1,1,14400.0,14400.0,14400.0,0.0
993,M-1810,item:268091,11762.593175,14400.0,14400.0,203550.0,finite,2258158.672543,none,,0.0,0.0,min_max,0.0,14400.0,142485.0,14400.0,10,5,1,1,14400.0,14400.0,14400.0,0.0
994,M-1810,item:268091,12213.122717,14400.0,14400.0,203550.0,finite,2243758.672543,none,,0.0,0.0,min_max,0.0,14400.0,142485.0,14400.0,10,1,1,1,14400.0,14400.0,14400.0,0.0
995,M-1810,item:268091,12653.383727,14400.0,14400.0,203550.0,finite,2229358.672543,none,,0.0,0.0,min_max,0.0,14400.0,142485.0,14400.0,10,2,1,1,14400.0,14400.0,14400.0,0.0
996,M-1810,item:268091,13091.591031,14400.0,14400.0,203550.0,finite,2214958.672543,none,,0.0,0.0,min_max,0.0,14400.0,142485.0,14400.0,10,3,1,1,14400.0,14400.0,14400.0,0.0
997,M-1810,item:268091,12561.224329,14400.0,14400.0,203550.0,finite,2200558.672543,none,,0.0,0.0,min_max,0.0,14400.0,142485.0,14400.0,10,4,1,1,14400.0,14400.0,14400.0,0.0
998,M-1810,item:268091,11837.142825,14400.0,14400.0,203550.0,finite,2186158.672543,none,,0.0,0.0,min_max,0.0,14400.0,142485.0,14400.0,10,5,1,1,14400.0,14400.0,14400.0,0.0
999,M-1810,item:268091,11074.318361,14400.0,14400.0,203550.0,finite,2171758.672543,none,,0.0,0.0,min_max,0.0,14400.0,142485.0,14400.0,10,6,1,1,14400.0,14400.0,14400.0,0.0
1000,M-1810,item:268091,10303.745305,14400.0,14400.0,203550.0,finite,2157358.672543,none,,0.0,0.0,min_max,0.0,14400.0,142485.0,14400.0,10,7,1,1,14400.0,14400.0,14400.0,0.0
1007,M-1810,item:268091,6893.730612,14400.0,14400.0,203550.0,finite,2142958.672543,none,,0.0,0.0,min_max,0.0,14400.0,142485.0,14400.0,10,1,1,1,14400.0,14400.0,14400.0,0.0
1008,M-1810,item:268091,8437.195102,14400.0,14400.0,203550.0,finite,2128558.672543,none,,0.0,0.0,min_max,0.0,14400.0,142485.0,14400.0,10,1,1,1,14400.0,14400.0,14400.0,0.0
1009,M-1810,item:268091,8910.606368,14400.0,14400.0,203550.0,finite,2114158.672543,none,,0.0,0.0,min_max,0.0,14400.0,142485.0,14400.0,10,2,1,1,14400.0,14400.0,14400.0,0.0
1010,M-1810,item:268091,9170.006988,14400.0,14400.0,203550.0,finite,2099758.672543,none,,0.0,0.0,min_max,0.0,14400.0,142485.0,14400.0,10,3,1,1,14400.0,14400.0,14400.0,0.0
1011,M-1810,item:268091,9342.997316,14400.0,14400.0,203550.0,finite,2085358.672543,none,,0.0,0.0,min_max,0.0,14400.0,142485.0,14400.0,10,4,1,1,14400.0,14400.0,14400.0,0.0
1013,M-1810,item:268091,7751.216327,14400.0,14400.0,203550.0,finite,2070958.672543,none,,0.0,0.0,min_max,0.0,14400.0,142485.0,14400.0,10,5,1,1,14400.0,14400.0,14400.0,0.0
1015,M-1810,item:268091,7993.436735,14400.0,14400.0,203550.0,finite,2056558.672543,none,,0.0,0.0,min_max,0.0,14400.0,142485.0,14400.0,10,1,1,1,14400.0,14400.0,14400.0,0.0
1016,M-1810,item:268091,9713.234286,14400.0,14400.0,203550.0,finite,2042158.672543,none,,0.0,0.0,min_max,0.0,14400.0,142485.0,14400.0,10,2,1,1,14400.0,14400.0,14400.0,0.0
1017,M-1810,item:268091,10178.304,14400.0,14400.0,203550.0,finite,2027758.672543,none,,0.0,0.0,min_max,0.0,14400.0,142485.0,14400.0,10,3,1,1,14400.0,14400.0,14400.0,0.0
1018,M-1810,item:268091,10402.713862,14400.0,14400.0,203550.0,finite,2013358.672543,none,,0.0,0.0,min_max,0.0,14400.0,142485.0,14400.0,10,4,1,1,14400.0,14400.0,14400.0,0.0
1019,M-1430,item:268967,4012.881633,107800.0,107800.0,154000.0,finite,3672825.0,none,,0.0,0.0,fixed,107800.0,107800.0,107800.0,0.0,10,1,1,1,107800.0,107800.0,107800.0,0.0
1019,M-1810,item:268091,10578.991752,14400.0,14400.0,203550.0,finite,1998958.672543,none,,0.0,0.0,min_max,0.0,14400.0,142485.0,14400.0,10,5,1,1,14400.0,14400.0,14400.0,0.0
1020,M-1810,item:268091,10745.643248,14400.0,14400.0,203550.0,finite,1984558.672543,none,,0.0,0.0,min_max,0.0,14400.0,142485.0,14400.0,10,6,1,1,14400.0,14400.0,14400.0,0.0
1021,M-1810,item:268091,10910.369466,14400.0,14400.0,203550.0,finite,1970158.672543,none,,0.0,0.0,min_max,0.0,14400.0,142485.0,14400.0,10,7,1,1,14400.0,14400.0,14400.0,0.0
1024,M-1810,item:268091,9155.428571,14400.0,14400.0,203550.0,finite,1955758.672543,none,,0.0,0.0,min_max,0.0,14400.0,142485.0,14400.0,10,1,1,1,14400.0,14400.0,14400.0,0.0
1025,M-1810,item:268091,10520.310204,14400.0,14400.0,203550.0,finite,1941358.672543,none,,0.0,0.0,min_max,0.0,14400.0,142485.0,14400.0,10,2,1,1,14400.0,14400.0,14400.0,0.0
1026,M-1810,item:268091,10327.082449,14400.0,14400.0,203550.0,finite,1926958.672543,none,,0.0,0.0,min_max,0.0,14400.0,142485.0,14400.0,10,3,1,1,14400.0,14400.0,14400.0,0.0
1027,M-1810,item:268091,9822.232816,14400.0,14400.0,203550.0,finite,1912558.672543,none,,0.0,0.0,min_max,0.0,14400.0,142485.0,14400.0,10,4,1,1,14400.0,14400.0,14400.0,0.0
1028,M-1810,item:268091,9255.058808,14400.0,14400.0,203550.0,finite,1898158.672543,none,,0.0,0.0,min_max,0.0,14400.0,142485.0,14400.0,10,5,1,1,14400.0,14400.0,14400.0,0.0
1034,M-1810,item:268091,6844.555102,14400.0,14400.0,203550.0,finite,1883758.672543,none,,0.0,0.0,min_max,0.0,14400.0,142485.0,14400.0,10,1,1,1,14400.0,14400.0,14400.0,0.0
1036,M-1810,item:268091,7479.591837,14400.0,14400.0,203550.0,finite,1869358.672543,none,,0.0,0.0,min_max,0.0,14400.0,142485.0,14400.0,10,1,1,1,14400.0,14400.0,14400.0,0.0
1037,M-1810,item:268091,9293.028571,14400.0,14400.0,203550.0,finite,1854958.672543,none,,0.0,0.0,min_max,0.0,14400.0,142485.0,14400.0,10,2,1,1,14400.0,14400.0,14400.0,0.0
1038,M-1430,item:268967,6159.542857,107800.0,107800.0,154000.0,finite,3565025.0,none,,0.0,0.0,fixed,107800.0,107800.0,107800.0,0.0,10,1,1,1,107800.0,107800.0,107800.0,0.0
1038,M-1810,item:268091,9973.234285,14400.0,14400.0,203550.0,finite,1840558.672543,none,,0.0,0.0,min_max,0.0,14400.0,142485.0,14400.0,10,3,1,1,14400.0,14400.0,14400.0,0.0
1039,M-1810,item:268091,9651.414204,14400.0,14400.0,203550.0,finite,1826158.672543,none,,0.0,0.0,min_max,0.0,14400.0,142485.0,14400.0,10,4,1,1,14400.0,14400.0,14400.0,0.0
1040,M-1810,item:268091,9129.188963,14400.0,14400.0,203550.0,finite,1811758.672543,none,,0.0,0.0,min_max,0.0,14400.0,142485.0,14400.0,10,5,1,1,14400.0,14400.0,14400.0,0.0
1043,M-1810,item:268091,5825.322449,14400.0,14400.0,203550.0,finite,1797358.672543,none,,0.0,0.0,min_max,0.0,14400.0,142485.0,14400.0,10,1,1,1,14400.0,14400.0,14400.0,0.0
1044,M-1810,item:268091,6532.525714,14400.0,14400.0,203550.0,finite,1782958.672543,none,,0.0,0.0,min_max,0.0,14400.0,142485.0,14400.0,10,2,1,1,14400.0,14400.0,14400.0,0.0
1045,M-1810,item:268091,6216.105143,14400.0,14400.0,203550.0,finite,1768558.672543,none,,0.0,0.0,min_max,0.0,14400.0,142485.0,14400.0,10,3,1,1,14400.0,14400.0,14400.0,0.0
1046,M-1810,item:268091,7171.776131,14400.0,14400.0,203550.0,finite,1754158.672543,none,,0.0,0.0,min_max,0.0,14400.0,142485.0,14400.0,10,4,1,1,14400.0,14400.0,14400.0,0.0
1047,M-1810,item:268091,8381.86543,14400.0,14400.0,203550.0,finite,1739758.672543,none,,0.0,0.0,min_max,0.0,14400.0,142485.0,14400.0,10,5,1,1,14400.0,14400.0,14400.0,0.0
1048,M-1810,item:268091,9642.838392,14400.0,14400.0,203550.0,finite,1725358.672543,none,,0.0,0.0,min_max,0.0,14400.0,142485.0,14400.0,10,6,1,1,14400.0,14400.0,14400.0,0.0
1049,M-1810,item:268091,10913.988087,14400.0,14400.0,203550.0,finite,1710958.672543,none,,0.0,0.0,min_max,0.0,14400.0,142485.0,14400.0,10,7,1,1,14400.0,14400.0,14400.0,0.0
1050,M-1810,item:268091,12187.173128,14400.0,14400.0,203550.0,finite,1696558.672543,none,,0.0,0.0,min_max,0.0,14400.0,142485.0,14400.0,10,1,1,1,14400.0,14400.0,14400.0,0.0
1051,M-1810,item:268091,13460.765238,14400.0,14400.0,203550.0,finite,1682158.672543,none,,0.0,0.0,min_max,0.0,14400.0,142485.0,14400.0,10,2,1,1,14400.0,14400.0,14400.0,0.0
1052,M-1810,item:268091,14734.438762,28800.0,28800.0,203550.0,finite,1667758.672543,none,,0.0,0.0,min_max,0.0,14400.0,142485.0,14400.0,10,3,1,1,28800.0,28800.0,28800.0,0.0
1053,M-1810,item:268091,15120.73265,28800.0,28800.0,203550.0,finite,1638958.672543,none,,0.0,0.0,min_max,0.0,14400.0,142485.0,14400.0,10,4,1,1,28800.0,28800.0,28800.0,0.0
1054,M-1810,item:268091,15329.550612,28800.0,28800.0,203550.0,finite,1610158.672543,none,,0.0,0.0,min_max,0.0,14400.0,142485.0,14400.0,10,5,1,1,28800.0,28800.0,28800.0,0.0
1055,M-1810,item:268091,15502.873388,28800.0,28800.0,203550.0,finite,1581358.672543,none,,0.0,0.0,min_max,0.0,14400.0,142485.0,14400.0,10,6,1,1,28800.0,28800.0,28800.0,0.0
1056,M-1810,item:268091,15669.097127,28800.0,28800.0,203550.0,finite,1552558.672543,none,,0.0,0.0,min_max,0.0,14400.0,142485.0,14400.0,10,7,1,1,28800.0,28800.0,28800.0,0.0
1057,M-1430,item:268967,5089.387755,107800.0,107800.0,154000.0,finite,3457225.0,none,,0.0,0.0,fixed,107800.0,107800.0,107800.0,0.0,10,1,1,1,107800.0,107800.0,107800.0,0.0
1058,M-1810,item:268091,12831.640816,14400.0,14400.0,203550.0,finite,1523758.672543,none,,0.0,0.0,min_max,0.0,14400.0,142485.0,14400.0,10,1,1,1,14400.0,14400.0,14400.0,0.0
1060,M-1810,item:268091,12235.673469,14400.0,14400.0,203550.0,finite,1509358.672543,none,,0.0,0.0,min_max,0.0,14400.0,142485.0,14400.0,10,2,1,1,14400.0,14400.0,14400.0,0.0
1061,M-1810,item:268091,13955.281633,14400.0,14400.0,203550.0,finite,1494958.672543,none,,0.0,0.0,min_max,0.0,14400.0,142485.0,14400.0,10,3,1,1,14400.0,14400.0,14400.0,0.0
1062,M-1810,item:268091,13571.676735,14400.0,14400.0,203550.0,finite,1480558.672543,none,,0.0,0.0,min_max,0.0,14400.0,142485.0,14400.0,10,4,1,1,14400.0,14400.0,14400.0,0.0
1063,M-1810,item:268091,12767.429224,14400.0,14400.0,203550.0,finite,1466158.672543,none,,0.0,0.0,min_max,0.0,14400.0,142485.0,14400.0,10,5,1,1,14400.0,14400.0,14400.0,0.0
1070,M-1810,item:268091,8295.461225,14400.0,14400.0,203550.0,finite,1451758.672543,none,,0.0,0.0,min_max,0.0,14400.0,142485.0,14400.0,10,1,1,1,14400.0,14400.0,14400.0,0.0
1071,M-1810,item:268091,10060.790204,14400.0,14400.0,203550.0,finite,1437358.672543,none,,0.0,0.0,min_max,0.0,14400.0,142485.0,14400.0,10,1,1,1,14400.0,14400.0,14400.0,0.0
1072,M-1810,item:268091,10520.092735,14400.0,14400.0,203550.0,finite,1422958.672543,none,,0.0,0.0,min_max,0.0,14400.0,142485.0,14400.0,10,2,1,1,14400.0,14400.0,14400.0,0.0
1073,M-1810,item:268091,10718.189976,14400.0,14400.0,203550.0,finite,1408558.672543,none,,0.0,0.0,min_max,0.0,14400.0,142485.0,14400.0,10,3,1,1,14400.0,14400.0,14400.0,0.0
1074,M-1810,item:268091,11812.013506,14400.0,14400.0,203550.0,finite,1394158.672543,none,,0.0,0.0,min_max,0.0,14400.0,142485.0,14400.0,10,4,1,1,14400.0,14400.0,14400.0,0.0
1075,M-1810,item:268091,13084.982293,14400.0,14400.0,203550.0,finite,1379758.672543,none,,0.0,0.0,min_max,0.0,14400.0,142485.0,14400.0,10,5,1,1,14400.0,14400.0,14400.0,0.0
1076,M-1810,item:268091,14393.780132,14400.0,14400.0,203550.0,finite,1365358.672543,none,,0.0,0.0,min_max,0.0,14400.0,142485.0,14400.0,10,6,1,1,14400.0,14400.0,14400.0,0.0
1077,M-1810,item:268091,15709.743782,28800.0,28800.0,203550.0,finite,1350958.672543,none,,0.0,0.0,min_max,0.0,14400.0,142485.0,14400.0,10,7,1,1,28800.0,28800.0,28800.0,0.0
1078,M-1810,item:268091,17027.140593,28800.0,28800.0,203550.0,finite,1322158.672543,none,,0.0,0.0,min_max,0.0,14400.0,142485.0,14400.0,10,1,1,1,28800.0,28800.0,28800.0,0.0
1079,M-1430,item:268967,5553.012245,107800.0,107800.0,154000.0,finite,3522187.226144,none,,0.0,0.0,fixed,107800.0,107800.0,107800.0,0.0,10,1,1,1,107800.0,107800.0,107800.0,0.0
1079,M-1810,item:268091,18344.824037,28800.0,28800.0,203550.0,finite,1293358.672543,none,,0.0,0.0,min_max,0.0,14400.0,142485.0,14400.0,10,2,1,1,28800.0,28800.0,28800.0,0.0
1080,M-1810,item:268091,19662.564807,28800.0,28800.0,203550.0,finite,1264558.672543,none,,0.0,0.0,min_max,0.0,14400.0,142485.0,14400.0,10,3,1,1,28800.0,28800.0,28800.0,0.0
1081,M-1810,item:268091,19568.888472,28800.0,28800.0,203550.0,finite,1235758.672543,none,,0.0,0.0,min_max,0.0,14400.0,142485.0,14400.0,10,4,1,1,28800.0,28800.0,28800.0,0.0
1082,M-1810,item:268091,19192.928715,28800.0,28800.0,203550.0,finite,1439400.0,none,,0.0,0.0,min_max,0.0,14400.0,142485.0,14400.0,10,5,1,1,28800.0,28800.0,28800.0,0.0
1083,M-1810,item:268091,18760.512273,28800.0,28800.0,203550.0,finite,1410600.0,none,,0.0,0.0,min_max,0.0,14400.0,142485.0,14400.0,10,6,1,1,28800.0,28800.0,28800.0,0.0
1084,M-1810,item:268091,18316.804495,28800.0,28800.0,203550.0,finite,1381800.0,none,,0.0,0.0,min_max,0.0,14400.0,142485.0,14400.0,10,7,1,1,28800.0,28800.0,28800.0,0.0
1085,M-1810,item:268091,17870.83845,28800.0,28800.0,203550.0,finite,1353000.0,none,,0.0,0.0,min_max,0.0,14400.0,142485.0,14400.0,10,1,1,1,28800.0,28800.0,28800.0,0.0
1086,M-1810,item:268091,17424.420751,28800.0,28800.0,203550.0,finite,1324200.0,none,,0.0,0.0,min_max,0.0,14400.0,142485.0,14400.0,10,2,1,1,28800.0,28800.0,28800.0,0.0
1088,M-1810,item:268091,11565.453061,14400.0,14400.0,203550.0,finite,1295400.0,none,,0.0,0.0,min_max,0.0,14400.0,142485.0,14400.0,10,3,1,1,14400.0,14400.0,14400.0,0.0
1104,M-1430,item:268967,4528.37551,107800.0,107800.0,154000.0,finite,3414387.226144,none,,0.0,0.0,fixed,107800.0,107800.0,107800.0,0.0,10,1,1,1,107800.0,107800.0,107800.0,0.0
1111,M-1810,item:268091,6876.881633,14400.0,14400.0,203550.0,finite,1281000.0,none,,0.0,0.0,min_max,0.0,14400.0,142485.0,14400.0,10,1,1,1,14400.0,14400.0,14400.0,0.0
1112,M-1810,item:268091,8744.355919,14400.0,14400.0,203550.0,finite,1266600.0,none,,0.0,0.0,min_max,0.0,14400.0,142485.0,14400.0,10,2,1,1,14400.0,14400.0,14400.0,0.0
1113,M-1810,item:268091,9609.948735,14400.0,14400.0,203550.0,finite,1252200.0,none,,0.0,0.0,min_max,0.0,14400.0,142485.0,14400.0,10,1,1,1,14400.0,14400.0,14400.0,0.0
1114,M-1810,item:268091,10275.165257,14400.0,14400.0,203550.0,finite,1237800.0,none,,0.0,0.0,min_max,0.0,14400.0,142485.0,14400.0,10,2,1,1,14400.0,14400.0,14400.0,0.0
1115,M-1810,item:268091,10900.306521,14400.0,14400.0,203550.0,finite,1223400.0,none,,0.0,0.0,min_max,0.0,14400.0,142485.0,14400.0,10,3,1,1,14400.0,14400.0,14400.0,0.0
1116,M-1810,item:268091,11517.432733,14400.0,14400.0,203550.0,finite,1209000.0,none,,0.0,0.0,min_max,0.0,14400.0,142485.0,14400.0,10,4,1,1,14400.0,14400.0,14400.0,0.0
1117,M-1810,item:268091,11488.139608,14400.0,14400.0,203550.0,finite,1194600.0,none,,0.0,0.0,min_max,0.0,14400.0,142485.0,14400.0,10,5,1,1,14400.0,14400.0,14400.0,0.0
1118,M-1810,item:268091,11329.562616,14400.0,14400.0,203550.0,finite,1180200.0,none,,0.0,0.0,min_max,0.0,14400.0,142485.0,14400.0,10,6,1,1,14400.0,14400.0,14400.0,0.0
1119,M-1810,item:268091,11145.12885,14400.0,14400.0,203550.0,finite,1165800.0,none,,0.0,0.0,min_max,0.0,14400.0,142485.0,14400.0,10,7,1,1,14400.0,14400.0,14400.0,0.0
1120,M-1810,item:268091,10955.523729,14400.0,14400.0,203550.0,finite,1151400.0,none,,0.0,0.0,min_max,0.0,14400.0,142485.0,14400.0,10,1,1,1,14400.0,14400.0,14400.0,0.0
1123,M-1810,item:268091,8268.342857,14400.0,14400.0,203550.0,finite,1137000.0,none,,0.0,0.0,min_max,0.0,14400.0,142485.0,14400.0,10,2,1,1,14400.0,14400.0,14400.0,0.0
1124,M-1810,item:268091,9820.199183,14400.0,14400.0,203550.0,finite,1122600.0,none,,0.0,0.0,min_max,0.0,14400.0,142485.0,14400.0,10,3,1,1,14400.0,14400.0,14400.0,0.0
1125,M-1810,item:268091,10028.758204,14400.0,14400.0,203550.0,finite,1113200.0,none,,0.0,0.0,min_max,0.0,14400.0,142485.0,14400.0,10,4,1,1,14400.0,14400.0,14400.0,0.0
1127,M-1430,item:268967,3440.718367,107800.0,107800.0,154000.0,finite,3306587.226144,none,,0.0,0.0,fixed,107800.0,107800.0,107800.0,0.0,10,1,1,1,107800.0,107800.0,107800.0,0.0
1127,M-1810,item:268091,7861.093878,14400.0,14400.0,203550.0,finite,1103800.0,none,,0.0,0.0,min_max,0.0,14400.0,142485.0,14400.0,10,1,1,1,14400.0,14400.0,14400.0,0.0
1130,M-1810,item:268091,7555.657143,14400.0,14400.0,203550.0,finite,1099400.0,none,,0.0,0.0,min_max,0.0,14400.0,142485.0,14400.0,10,2,1,1,14400.0,14400.0,14400.0,0.0
1131,M-1810,item:268091,8794.298776,14400.0,14400.0,203550.0,finite,1085000.0,none,,0.0,0.0,min_max,0.0,14400.0,142485.0,14400.0,10,3,1,1,14400.0,14400.0,14400.0,0.0
1132,M-1810,item:268091,8769.537306,14400.0,14400.0,203550.0,finite,1070600.0,none,,0.0,0.0,min_max,0.0,14400.0,142485.0,14400.0,10,4,1,1,14400.0,14400.0,14400.0,0.0
1134,M-1810,item:268091,6465.697959,14400.0,14400.0,203550.0,finite,1056200.0,none,,0.0,0.0,min_max,0.0,14400.0,142485.0,14400.0,10,1,1,1,14400.0,14400.0,14400.0,0.0
1137,M-1810,item:268091,5648.228571,14400.0,14400.0,203550.0,finite,1041800.0,none,,0.0,0.0,min_max,0.0,14400.0,142485.0,14400.0,10,2,1,1,14400.0,14400.0,14400.0,0.0
1138,M-1810,item:268091,7598.641632,14400.0,14400.0,203550.0,finite,1032400.0,none,,0.0,0.0,min_max,0.0,14400.0,142485.0,14400.0,10,3,1,1,14400.0,14400.0,14400.0,0.0
1139,M-1810,item:268091,8809.491592,14400.0,14400.0,203550.0,finite,1023000.0,none,,0.0,0.0,min_max,0.0,14400.0,142485.0,14400.0,10,4,1,1,14400.0,14400.0,14400.0,0.0
1140,M-1810,item:268091,9872.42893,14400.0,14400.0,203550.0,finite,1013600.0,none,,0.0,0.0,min_max,0.0,14400.0,142485.0,14400.0,10,5,1,1,14400.0,14400.0,14400.0,0.0
1141,M-1810,item:268091,10905.783745,14400.0,14400.0,203550.0,finite,999200.0,none,,0.0,0.0,min_max,0.0,14400.0,142485.0,14400.0,10,1,1,1,14400.0,14400.0,14400.0,0.0
1142,M-1810,item:268091,11933.222055,14400.0,14400.0,203550.0,finite,984800.0,none,,0.0,0.0,min_max,0.0,14400.0,142485.0,14400.0,10,2,1,1,14400.0,14400.0,14400.0,0.0
1143,M-1810,item:268091,12959.477064,14400.0,14400.0,203550.0,finite,970400.0,none,,0.0,0.0,min_max,0.0,14400.0,142485.0,14400.0,10,3,1,1,14400.0,14400.0,14400.0,0.0
1144,M-1810,item:268091,13985.495413,14400.0,14400.0,203550.0,finite,956000.0,none,,0.0,0.0,min_max,0.0,14400.0,142485.0,14400.0,10,4,1,1,14400.0,14400.0,14400.0,0.0
1145,M-1810,item:268091,14116.576634,14400.0,14400.0,203550.0,finite,941600.0,none,,0.0,0.0,min_max,0.0,14400.0,142485.0,14400.0,10,5,1,1,14400.0,14400.0,14400.0,0.0
1146,M-1810,item:268091,14068.670429,14400.0,14400.0,203550.0,finite,927200.0,none,,0.0,0.0,min_max,0.0,14400.0,142485.0,14400.0,10,6,1,1,14400.0,14400.0,14400.0,0.0
1147,M-1810,item:268091,13984.966739,14400.0,14400.0,203550.0,finite,912800.0,none,,0.0,0.0,min_max,0.0,14400.0,142485.0,14400.0,10,7,1,1,14400.0,14400.0,14400.0,0.0
1148,M-1810,item:268091,13894.103552,14400.0,14400.0,203550.0,finite,898400.0,none,,0.0,0.0,min_max,0.0,14400.0,142485.0,14400.0,10,1,1,1,14400.0,14400.0,14400.0,0.0
1149,M-1810,item:268091,13801.808465,14400.0,14400.0,203550.0,finite,889000.0,none,,0.0,0.0,min_max,0.0,14400.0,142485.0,14400.0,10,2,1,1,14400.0,14400.0,14400.0,0.0
1150,M-1430,item:268967,5009.387755,107800.0,107800.0,154000.0,finite,3198787.226144,none,,0.0,0.0,fixed,107800.0,107800.0,107800.0,0.0,10,1,1,1,107800.0,107800.0,107800.0,0.0
1150,M-1810,item:268091,13709.226999,14400.0,14400.0,203550.0,finite,879600.0,none,,0.0,0.0,min_max,0.0,14400.0,142485.0,14400.0,10,3,1,1,14400.0,14400.0,14400.0,0.0
1151,M-1810,item:268091,13616.588257,14400.0,14400.0,203550.0,finite,870200.0,none,,0.0,0.0,min_max,0.0,14400.0,142485.0,14400.0,10,4,1,1,14400.0,14400.0,14400.0,0.0
1152,M-1810,item:268091,13338.925814,14400.0,14400.0,203550.0,finite,855800.0,none,,0.0,0.0,min_max,0.0,14400.0,142485.0,14400.0,10,5,1,1,14400.0,14400.0,14400.0,0.0
1153,M-1810,item:268091,13024.258632,14400.0,14400.0,203550.0,finite,841400.0,none,,0.0,0.0,min_max,0.0,14400.0,142485.0,14400.0,10,6,1,1,14400.0,14400.0,14400.0,0.0
1154,M-1810,item:268091,12702.190502,14400.0,14400.0,203550.0,finite,827000.0,none,,0.0,0.0,min_max,0.0,14400.0,142485.0,14400.0,10,7,1,1,14400.0,14400.0,14400.0,0.0
1155,M-1810,item:268091,12378.642182,14400.0,14400.0,203550.0,finite,812600.0,none,,0.0,0.0,min_max,0.0,14400.0,142485.0,14400.0,10,1,1,1,14400.0,14400.0,14400.0,0.0
1156,M-1810,item:268091,12054.797824,14400.0,14400.0,203550.0,finite,798200.0,none,,0.0,0.0,min_max,0.0,14400.0,142485.0,14400.0,10,2,1,1,14400.0,14400.0,14400.0,0.0
1157,M-1810,item:268091,11730.894259,14400.0,14400.0,203550.0,finite,783800.0,none,,0.0,0.0,min_max,0.0,14400.0,142485.0,14400.0,10,3,1,1,14400.0,14400.0,14400.0,0.0
1158,M-1810,item:268091,11406.978852,14400.0,14400.0,203550.0,finite,769400.0,none,,0.0,0.0,min_max,0.0,14400.0,142485.0,14400.0,10,4,1,1,14400.0,14400.0,14400.0,0.0
1162,M-1810,item:268091,8252.179592,14400.0,14400.0,203550.0,finite,765000.0,none,,0.0,0.0,min_max,0.0,14400.0,142485.0,14400.0,10,1,1,1,14400.0,14400.0,14400.0,0.0
1164,M-1810,item:268091,7847.869388,14400.0,14400.0,203550.0,finite,755600.0,none,,0.0,0.0,min_max,0.0,14400.0,142485.0,14400.0,10,2,1,1,14400.0,14400.0,14400.0,0.0
1166,M-1810,item:268091,7877.681633,14400.0,14400.0,203550.0,finite,741200.0,none,,0.0,0.0,min_max,0.0,14400.0,142485.0,14400.0,10,3,1,1,14400.0,14400.0,14400.0,0.0
1167,M-1430,item:268967,4600.816327,107800.0,107800.0,154000.0,finite,3090987.226144,none,,0.0,0.0,fixed,107800.0,107800.0,107800.0,0.0,10,1,1,1,107800.0,107800.0,107800.0,0.0
1167,M-1810,item:268091,9685.185306,14400.0,14400.0,203550.0,finite,726800.0,none,,0.0,0.0,min_max,0.0,14400.0,142485.0,14400.0,10,4,1,1,14400.0,14400.0,14400.0,0.0
1168,M-1810,item:268091,10278.653388,14400.0,14400.0,203550.0,finite,712400.0,none,,0.0,0.0,min_max,0.0,14400.0,142485.0,14400.0,10,5,1,1,14400.0,14400.0,14400.0,0.0
1169,M-1810,item:268091,10629.314351,14400.0,14400.0,203550.0,finite,703000.0,none,,0.0,0.0,min_max,0.0,14400.0,142485.0,14400.0,10,1,1,1,14400.0,14400.0,14400.0,0.0
1170,M-1810,item:268091,10931.413891,14400.0,14400.0,203550.0,finite,693600.0,none,,0.0,0.0,min_max,0.0,14400.0,142485.0,14400.0,10,2,1,1,14400.0,14400.0,14400.0,0.0
1171,M-1810,item:268091,11223.801146,14400.0,14400.0,203550.0,finite,679200.0,none,,0.0,0.0,min_max,0.0,14400.0,142485.0,14400.0,10,3,1,1,14400.0,14400.0,14400.0,0.0
1172,M-1810,item:268091,11514.245944,14400.0,14400.0,203550.0,finite,664800.0,none,,0.0,0.0,min_max,0.0,14400.0,142485.0,14400.0,10,4,1,1,14400.0,14400.0,14400.0,0.0
1173,M-1810,item:268091,11654.163475,14400.0,14400.0,203550.0,finite,650400.0,none,,0.0,0.0,min_max,0.0,14400.0,142485.0,14400.0,10,5,1,1,14400.0,14400.0,14400.0,0.0
1174,M-1810,item:268091,11763.975552,14400.0,14400.0,203550.0,finite,636000.0,none,,0.0,0.0,min_max,0.0,14400.0,142485.0,14400.0,10,6,1,1,14400.0,14400.0,14400.0,0.0
1175,M-1810,item:268091,11867.766539,14400.0,14400.0,203550.0,finite,621600.0,none,,0.0,0.0,min_max,0.0,14400.0,142485.0,14400.0,10,7,1,1,14400.0,14400.0,14400.0,0.0
1176,M-1810,item:268091,11970.353308,14400.0,14400.0,203550.0,finite,612200.0,none,,0.0,0.0,min_max,0.0,14400.0,142485.0,14400.0,10,1,1,1,14400.0,14400.0,14400.0,0.0
1177,M-1810,item:268091,12072.699233,14400.0,14400.0,203550.0,finite,597800.0,none,,0.0,0.0,min_max,0.0,14400.0,142485.0,14400.0,10,2,1,1,14400.0,14400.0,14400.0,0.0
1178,M-1810,item:268091,12174.99699,14400.0,14400.0,203550.0,finite,583400.0,none,,0.0,0.0,min_max,0.0,14400.0,142485.0,14400.0,10,3,1,1,14400.0,14400.0,14400.0,0.0
1180,M-1810,item:268091,9453.012245,14400.0,14400.0,203550.0,finite,579000.0,none,,0.0,0.0,min_max,0.0,14400.0,142485.0,14400.0,10,4,1,1,14400.0,14400.0,14400.0,0.0
1181,M-1810,item:268091,10954.341225,14400.0,14400.0,203550.0,finite,564600.0,none,,0.0,0.0,min_max,0.0,14400.0,142485.0,14400.0,10,5,1,1,14400.0,14400.0,14400.0,0.0
1182,M-1810,item:268091,10865.333551,14400.0,14400.0,203550.0,finite,550200.0,none,,0.0,0.0,min_max,0.0,14400.0,142485.0,14400.0,10,6,1,1,14400.0,14400.0,14400.0,0.0
1188,M-1810,item:268091,6626.922449,14400.0,14400.0,203550.0,finite,535800.0,none,,0.0,0.0,min_max,0.0,14400.0,142485.0,14400.0,10,1,1,1,14400.0,14400.0,14400.0,0.0
1191,M-1810,item:268091,5891.24898,14400.0,14400.0,203550.0,finite,521400.0,none,,0.0,0.0,min_max,0.0,14400.0,142485.0,14400.0,10,1,1,1,14400.0,14400.0,14400.0,0.0
1192,M-1810,item:268091,6824.274286,14400.0,14400.0,203550.0,finite,507000.0,none,,0.0,0.0,min_max,0.0,14400.0,142485.0,14400.0,10,2,1,1,14400.0,14400.0,14400.0,0.0
1193,M-1430,item:268967,4389.942857,107800.0,107800.0,154000.0,finite,2983187.226144,none,,0.0,0.0,fixed,107800.0,107800.0,107800.0,0.0,10,1,1,1,107800.0,107800.0,107800.0,0.0
1194,M-1810,item:268091,6118.530612,14400.0,14400.0,203550.0,finite,492600.0,none,,0.0,0.0,min_max,0.0,14400.0,142485.0,14400.0,10,3,1,1,14400.0,14400.0,14400.0,0.0
1195,M-1810,item:268091,8059.967347,14400.0,14400.0,203550.0,finite,478200.0,none,,0.0,0.0,min_max,0.0,14400.0,142485.0,14400.0,10,4,1,1,14400.0,14400.0,14400.0,0.0
1196,M-1810,item:268091,9165.985306,14400.0,14400.0,203550.0,finite,463800.0,none,,0.0,0.0,min_max,0.0,14400.0,142485.0,14400.0,10,5,1,1,14400.0,14400.0,14400.0,0.0
1197,M-1810,item:268091,10104.91951,14400.0,14400.0,203550.0,finite,449400.0,none,,0.0,0.0,min_max,0.0,14400.0,142485.0,14400.0,10,1,1,1,14400.0,14400.0,14400.0,0.0
1199,M-1810,item:268091,9707.183673,14400.0,14400.0,203550.0,finite,435000.0,none,,0.0,0.0,min_max,0.0,14400.0,142485.0,14400.0,10,2,1,1,14400.0,14400.0,14400.0,0.0
1200,M-1810,item:268091,12366.35102,14400.0,14400.0,203550.0,finite,420600.0,none,,0.0,0.0,min_max,0.0,14400.0,142485.0,14400.0,10,3,1,1,14400.0,14400.0,14400.0,0.0
1201,M-1810,item:268091,12418.445714,14400.0,14400.0,203550.0,finite,406200.0,none,,0.0,0.0,min_max,0.0,14400.0,142485.0,14400.0,10,4,1,1,14400.0,14400.0,14400.0,0.0
1202,M-1810,item:268091,11949.125877,14400.0,14400.0,203550.0,finite,391800.0,none,,0.0,0.0,min_max,0.0,14400.0,142485.0,14400.0,10,5,1,1,14400.0,14400.0,14400.0,0.0
1203,M-1810,item:268091,11375.523134,14400.0,14400.0,203550.0,finite,377400.0,none,,0.0,0.0,min_max,0.0,14400.0,142485.0,14400.0,10,6,1,1,14400.0,14400.0,14400.0,0.0
1204,M-1810,item:268091,10781.06381,14400.0,14400.0,203550.0,finite,363000.0,none,,0.0,0.0,min_max,0.0,14400.0,142485.0,14400.0,10,1,1,1,14400.0,14400.0,14400.0,0.0
1205,M-1810,item:268091,10182.43317,14400.0,14400.0,203550.0,finite,348600.0,none,,0.0,0.0,min_max,0.0,14400.0,142485.0,14400.0,10,2,1,1,14400.0,14400.0,14400.0,0.0
1206,M-1810,item:268091,9582.968266,14400.0,14400.0,203550.0,finite,334200.0,none,,0.0,0.0,min_max,0.0,14400.0,142485.0,14400.0,10,3,1,1,14400.0,14400.0,14400.0,0.0
1220,M-1810,item:268091,3555.004082,14400.0,14400.0,203550.0,finite,359800.0,none,,0.0,0.0,min_max,0.0,14400.0,142485.0,14400.0,10,1,1,1,14400.0,14400.0,14400.0,0.0
1221,M-1810,item:268091,4289.05796,14400.0,14400.0,203550.0,finite,345400.0,none,,0.0,0.0,min_max,0.0,14400.0,142485.0,14400.0,10,2,1,1,14400.0,14400.0,14400.0,0.0
1222,M-1810,item:268091,5102.644245,14400.0,14400.0,203550.0,finite,331000.0,none,,0.0,0.0,min_max,0.0,14400.0,142485.0,14400.0,10,3,1,1,14400.0,14400.0,14400.0,0.0
1224,M-1810,item:268091,5578.383674,14400.0,14400.0,203550.0,finite,326600.0,none,,0.0,0.0,min_max,0.0,14400.0,142485.0,14400.0,10,4,1,1,14400.0,14400.0,14400.0,0.0
1225,M-1810,item:268091,7360.835919,14400.0,14400.0,203550.0,finite,312200.0,none,,0.0,0.0,min_max,0.0,14400.0,142485.0,14400.0,10,1,1,1,14400.0,14400.0,14400.0,0.0
1226,M-1810,item:268091,8384.101878,14400.0,14400.0,203550.0,finite,297800.0,none,,0.0,0.0,min_max,0.0,14400.0,142485.0,14400.0,10,2,1,1,14400.0,14400.0,14400.0,0.0
1227,M-1810,item:268091,9255.53058,14400.0,14400.0,203550.0,finite,283400.0,none,,0.0,0.0,min_max,0.0,14400.0,142485.0,14400.0,10,3,1,1,14400.0,14400.0,14400.0,0.0
1228,M-1810,item:268091,10096.59183,14400.0,14400.0,203550.0,finite,269000.0,none,,0.0,0.0,min_max,0.0,14400.0,142485.0,14400.0,10,4,1,1,14400.0,14400.0,14400.0,0.0
1229,M-1810,item:268091,10267.073468,14400.0,14400.0,203550.0,finite,259600.0,none,,0.0,0.0,min_max,0.0,14400.0,142485.0,14400.0,10,5,1,1,14400.0,14400.0,14400.0,0.0
1230,M-1810,item:268091,10303.439184,14400.0,14400.0,203550.0,finite,250200.0,none,,0.0,0.0,min_max,0.0,14400.0,142485.0,14400.0,10,6,1,1,14400.0,14400.0,14400.0,0.0
1231,M-1810,item:268091,10312.981714,14400.0,14400.0,203550.0,finite,235800.0,none,,0.0,0.0,min_max,0.0,14400.0,142485.0,14400.0,10,7,1,1,14400.0,14400.0,14400.0,0.0
1232,M-1810,item:268091,10317.159608,14400.0,14400.0,203550.0,finite,221400.0,none,,0.0,0.0,min_max,0.0,14400.0,142485.0,14400.0,10,1,1,1,14400.0,14400.0,14400.0,0.0
1233,M-1810,item:268091,10320.264575,14400.0,14400.0,203550.0,finite,212000.0,none,,0.0,0.0,min_max,0.0,14400.0,142485.0,14400.0,10,2,1,1,14400.0,14400.0,14400.0,0.0
1234,M-1810,item:268091,10323.154956,14400.0,14400.0,203550.0,finite,207600.0,none,,0.0,0.0,min_max,0.0,14400.0,142485.0,14400.0,10,3,1,1,14400.0,14400.0,14400.0,0.0
1236,M-1810,item:268091,8351.232653,14400.0,14400.0,203550.0,finite,193200.0,none,,0.0,0.0,min_max,0.0,14400.0,142485.0,14400.0,10,4,1,1,14400.0,14400.0,14400.0,0.0
1238,M-1810,item:268091,8530.955102,14400.0,14400.0,203550.0,finite,193800.0,none,,0.0,0.0,min_max,0.0,14400.0,142485.0,14400.0,10,5,1,1,14400.0,14400.0,14400.0,0.0
1239,M-1810,item:268091,10327.007347,14400.0,14400.0,203550.0,finite,184400.0,none,,0.0,0.0,min_max,0.0,14400.0,142485.0,14400.0,10,1,1,1,14400.0,14400.0,14400.0,0.0
1241,M-1810,item:268091,8800.538776,14400.0,14400.0,203550.0,finite,185000.0,none,,0.0,0.0,min_max,0.0,14400.0,142485.0,14400.0,10,2,1,1,14400.0,14400.0,14400.0,0.0
1242,M-1810,item:268091,10650.507755,14400.0,14400.0,203550.0,finite,180600.0,none,,0.0,0.0,min_max,0.0,14400.0,142485.0,14400.0,10,3,1,1,14400.0,14400.0,14400.0,0.0
1243,M-1810,item:268091,10806.721959,14400.0,14400.0,203550.0,finite,181200.0,none,,0.0,0.0,min_max,0.0,14400.0,142485.0,14400.0,10,4,1,1,14400.0,14400.0,14400.0,0.0
1244,M-1810,item:268091,10624.185208,14400.0,14400.0,203550.0,finite,171800.0,none,,0.0,0.0,min_max,0.0,14400.0,142485.0,14400.0,10,5,1,1,14400.0,14400.0,14400.0,0.0
1245,M-1810,item:268091,10373.898266,14400.0,14400.0,203550.0,finite,167400.0,none,,0.0,0.0,min_max,0.0,14400.0,142485.0,14400.0,10,6,1,1,14400.0,14400.0,14400.0,0.0
1249,M-1810,item:268091,7393.942857,14400.0,14400.0,203550.0,finite,183000.0,none,,0.0,0.0,min_max,0.0,14400.0,142485.0,14400.0,10,1,1,1,14400.0,14400.0,14400.0,0.0
1251,M-1810,item:268091,6871.52653,14400.0,14400.0,203550.0,finite,178600.0,none,,0.0,0.0,min_max,0.0,14400.0,142485.0,14400.0,10,2,1,1,14400.0,14400.0,14400.0,0.0
1253,M-1810,item:268091,6349.110204,14400.0,14400.0,203550.0,finite,174200.0,none,,0.0,0.0,min_max,0.0,14400.0,142485.0,14400.0,10,1,1,1,14400.0,14400.0,14400.0,0.0
1255,M-1430,item:268967,1880.326531,107800.0,107800.0,154000.0,finite,2875387.226144,none,,0.0,0.0,fixed,107800.0,107800.0,107800.0,0.0,10,1,1,1,107800.0,107800.0,107800.0,0.0
1255,M-1810,item:268091,5826.693878,14400.0,14400.0,203550.0,finite,179800.0,none,,0.0,0.0,min_max,0.0,14400.0,142485.0,14400.0,10,2,1,1,14400.0,14400.0,14400.0,0.0
1257,M-1810,item:268091,6013.861225,14400.0,14400.0,203550.0,finite,180400.0,none,,0.0,0.0,min_max,0.0,14400.0,142485.0,14400.0,10,3,1,1,14400.0,14400.0,14400.0,0.0
1258,M-1430,item:268967,6980.914286,107800.0,107800.0,154000.0,finite,2767587.226144,none,,0.0,0.0,fixed,107800.0,107800.0,107800.0,0.0,10,2,1,1,107800.0,107800.0,107800.0,0.0
1259,M-1810,item:268091,6910.612245,14400.0,14400.0,203550.0,finite,196000.0,none,,0.0,0.0,min_max,0.0,14400.0,142485.0,14400.0,10,4,1,1,14400.0,14400.0,14400.0,0.0
1259,SDC-1450,item:773474,1884097.6576,3200000.0,3200000.0,0.0,unmodeled,208202684.563758,none,,0.0,0.0,fixed,3200000.0,0.0,0.0,0.0,10,1,1,1,3200000.0,3200000.0,3200000.0,0.0
1260,M-1810,item:268091,8741.110204,14400.0,14400.0,203550.0,finite,186600.0,none,,0.0,0.0,min_max,0.0,14400.0,142485.0,14400.0,10,1,1,1,14400.0,14400.0,14400.0,0.0
1261,M-1810,item:268091,9555.585306,14400.0,14400.0,203550.0,finite,182200.0,none,,0.0,0.0,min_max,0.0,14400.0,142485.0,14400.0,10,2,1,1,14400.0,14400.0,14400.0,0.0
1262,M-1810,item:268091,10166.855837,14400.0,14400.0,203550.0,finite,182800.0,none,,0.0,0.0,min_max,0.0,14400.0,142485.0,14400.0,10,3,1,1,14400.0,14400.0,14400.0,0.0
1263,M-1430,item:268967,18948.914286,107800.0,107800.0,154000.0,finite,2659787.226144,none,,0.0,0.0,fixed,107800.0,107800.0,107800.0,0.0,10,1,1,1,107800.0,107800.0,107800.0,0.0
1263,M-1810,item:268091,10737.485453,14400.0,14400.0,203550.0,finite,183400.0,none,,0.0,0.0,min_max,0.0,14400.0,142485.0,14400.0,10,4,1,1,14400.0,14400.0,14400.0,0.0
1264,M-1810,item:268091,11141.015458,14400.0,14400.0,203550.0,finite,184000.0,none,,0.0,0.0,min_max,0.0,14400.0,142485.0,14400.0,10,5,1,1,14400.0,14400.0,14400.0,0.0
1265,M-1810,item:268091,11511.12554,14400.0,14400.0,203550.0,finite,194600.0,none,,0.0,0.0,min_max,0.0,14400.0,142485.0,14400.0,10,6,1,1,14400.0,14400.0,14400.0,0.0
1266,M-1430,item:268967,11176.391837,107800.0,107800.0,154000.0,finite,2551987.226144,none,,0.0,0.0,fixed,107800.0,107800.0,107800.0,0.0,10,2,1,1,107800.0,107800.0,107800.0,0.0
1266,M-1810,item:268091,11874.551638,14400.0,14400.0,203550.0,finite,205200.0,none,,0.0,0.0,min_max,0.0,14400.0,142485.0,14400.0,10,7,1,1,14400.0,14400.0,14400.0,0.0
1267,M-1810,item:268091,12236.64094,14400.0,14400.0,203550.0,finite,210800.0,none,,0.0,0.0,min_max,0.0,14400.0,142485.0,14400.0,10,1,1,1,14400.0,14400.0,14400.0,0.0
1268,M-1810,item:268091,12598.462882,14400.0,14400.0,203550.0,finite,221400.0,none,,0.0,0.0,min_max,0.0,14400.0,142485.0,14400.0,10,2,1,1,14400.0,14400.0,14400.0,0.0
1269,M-1810,item:268091,12960.231352,14400.0,14400.0,203550.0,finite,227000.0,none,,0.0,0.0,min_max,0.0,14400.0,142485.0,14400.0,10,3,1,1,14400.0,14400.0,14400.0,0.0
1270,M-1810,item:268091,13321.989127,14400.0,14400.0,203550.0,finite,227600.0,none,,0.0,0.0,min_max,0.0,14400.0,142485.0,14400.0,10,4,1,1,14400.0,14400.0,14400.0,0.0
1271,M-1810,item:268091,12874.471295,14400.0,14400.0,203550.0,finite,233200.0,none,,0.0,0.0,min_max,0.0,14400.0,142485.0,14400.0,10,5,1,1,14400.0,14400.0,14400.0,0.0
1272,M-1810,item:268091,12265.09834,14400.0,14400.0,203550.0,finite,238800.0,none,,0.0,0.0,min_max,0.0,14400.0,142485.0,14400.0,10,6,1,1,14400.0,14400.0,14400.0,0.0
1273,M-1810,item:268091,11623.354362,14400.0,14400.0,203550.0,finite,249400.0,none,,0.0,0.0,min_max,0.0,14400.0,142485.0,14400.0,10,7,1,1,14400.0,14400.0,14400.0,0.0
1274,M-1810,item:268091,10975.136179,14400.0,14400.0,203550.0,finite,250000.0,none,,0.0,0.0,min_max,0.0,14400.0,142485.0,14400.0,10,1,1,1,14400.0,14400.0,14400.0,0.0
1275,M-1810,item:268091,10325.623154,14400.0,14400.0,203550.0,finite,275600.0,none,,0.0,0.0,min_max,0.0,14400.0,142485.0,14400.0,10,2,1,1,14400.0,14400.0,14400.0,0.0
1281,M-1810,item:268091,7854.351021,14400.0,14400.0,203550.0,finite,496200.0,none,,0.0,0.0,min_max,0.0,14400.0,142485.0,14400.0,10,1,1,1,14400.0,14400.0,14400.0,0.0
1282,M-1810,item:268091,9616.094694,14400.0,14400.0,203550.0,finite,531800.0,none,,0.0,0.0,min_max,0.0,14400.0,142485.0,14400.0,10,2,1,1,14400.0,14400.0,14400.0,0.0
1284,M-1810,item:268091,8426.971429,14400.0,14400.0,203550.0,finite,637400.0,none,,0.0,0.0,min_max,0.0,14400.0,142485.0,14400.0,10,3,1,1,14400.0,14400.0,14400.0,0.0
1285,M-1810,item:268091,9731.745306,14400.0,14400.0,203550.0,finite,708000.0,none,,0.0,0.0,min_max,0.0,14400.0,142485.0,14400.0,10,4,1,1,14400.0,14400.0,14400.0,0.0
1286,M-1810,item:268091,9612.079674,14400.0,14400.0,203550.0,finite,763600.0,none,,0.0,0.0,min_max,0.0,14400.0,142485.0,14400.0,10,5,1,1,14400.0,14400.0,14400.0,0.0
1287,M-1810,item:268091,9207.526139,14400.0,14400.0,203550.0,finite,809200.0,none,,0.0,0.0,min_max,0.0,14400.0,142485.0,14400.0,10,6,1,1,14400.0,14400.0,14400.0,0.0
1288,M-1810,item:268091,8745.995024,14400.0,14400.0,203550.0,finite,884800.0,none,,0.0,0.0,min_max,0.0,14400.0,142485.0,14400.0,10,1,1,1,14400.0,14400.0,14400.0,0.0
1290,M-1810,item:268091,6143.248979,14400.0,14400.0,203550.0,finite,947898.0,none,,0.0,0.0,min_max,0.0,14400.0,142485.0,14400.0,10,2,1,1,14400.0,14400.0,14400.0,0.0
1292,M-1810,item:268091,6526.514285,14400.0,14400.0,203550.0,finite,933498.0,none,,0.0,0.0,min_max,0.0,14400.0,142485.0,14400.0,10,3,1,1,14400.0,14400.0,14400.0,0.0
1293,M-1810,item:268091,8595.702857,14400.0,14400.0,203550.0,finite,919098.0,none,,0.0,0.0,min_max,0.0,14400.0,142485.0,14400.0,10,4,1,1,14400.0,14400.0,14400.0,0.0
1294,M-1810,item:268091,9773.426285,14400.0,14400.0,203550.0,finite,904698.0,none,,0.0,0.0,min_max,0.0,14400.0,142485.0,14400.0,10,5,1,1,14400.0,14400.0,14400.0,0.0
1295,M-1810,item:268091,10772.856685,14400.0,14400.0,203550.0,finite,890298.0,none,,0.0,0.0,min_max,0.0,14400.0,142485.0,14400.0,10,1,1,1,14400.0,14400.0,14400.0,0.0
1297,M-1810,item:268091,10345.942857,14400.0,14400.0,203550.0,finite,875898.0,none,,0.0,0.0,min_max,0.0,14400.0,142485.0,14400.0,10,2,1,1,14400.0,14400.0,14400.0,0.0
1298,M-1810,item:268091,13179.017143,14400.0,14400.0,203550.0,finite,861498.0,none,,0.0,0.0,min_max,0.0,14400.0,142485.0,14400.0,10,3,1,1,14400.0,14400.0,14400.0,0.0
1299,M-1810,item:268091,13037.093224,14400.0,14400.0,203550.0,finite,847098.0,none,,0.0,0.0,min_max,0.0,14400.0,142485.0,14400.0,10,4,1,1,14400.0,14400.0,14400.0,0.0
1300,M-1810,item:268091,12300.169665,14400.0,14400.0,203550.0,finite,832698.0,none,,0.0,0.0,min_max,0.0,14400.0,142485.0,14400.0,10,5,1,1,14400.0,14400.0,14400.0,0.0
1301,M-1810,item:268091,11444.246178,14400.0,14400.0,203550.0,finite,818298.0,none,,0.0,0.0,min_max,0.0,14400.0,142485.0,14400.0,10,6,1,1,14400.0,14400.0,14400.0,0.0
1302,M-1810,item:268091,10564.522705,14400.0,14400.0,203550.0,finite,803898.0,none,,0.0,0.0,min_max,0.0,14400.0,142485.0,14400.0,10,1,1,1,14400.0,14400.0,14400.0,0.0
1303,M-1810,item:268091,9680.039235,14400.0,14400.0,203550.0,finite,789498.0,none,,0.0,0.0,min_max,0.0,14400.0,142485.0,14400.0,10,2,1,1,14400.0,14400.0,14400.0,0.0
1321,M-1810,item:268091,4139.608163,14400.0,14400.0,203550.0,finite,775098.0,none,,0.0,0.0,min_max,0.0,14400.0,142485.0,14400.0,10,1,1,1,14400.0,14400.0,14400.0,0.0
1322,M-1810,item:268091,4989.39102,14400.0,14400.0,203550.0,finite,760698.0,none,,0.0,0.0,min_max,0.0,14400.0,142485.0,14400.0,10,2,1,1,14400.0,14400.0,14400.0,0.0
1323,M-1810,item:268091,5181.208816,14400.0,14400.0,203550.0,finite,746298.0,none,,0.0,0.0,min_max,0.0,14400.0,142485.0,14400.0,10,1,1,1,14400.0,14400.0,14400.0,0.0
1324,M-1810,item:268091,5241.4336,14400.0,14400.0,203550.0,finite,731898.0,none,,0.0,0.0,min_max,0.0,14400.0,142485.0,14400.0,10,2,1,1,14400.0,14400.0,14400.0,0.0
1325,M-1810,item:268091,5275.339781,14400.0,14400.0,203550.0,finite,717498.0,none,,0.0,0.0,min_max,0.0,14400.0,142485.0,14400.0,10,3,1,1,14400.0,14400.0,14400.0,0.0
1326,M-1810,item:268091,5303.982242,14400.0,14400.0,203550.0,finite,703098.0,none,,0.0,0.0,min_max,0.0,14400.0,142485.0,14400.0,10,4,1,1,14400.0,14400.0,14400.0,0.0
1327,M-1810,item:268091,5991.506652,14400.0,14400.0,203550.0,finite,688698.0,none,,0.0,0.0,min_max,0.0,14400.0,142485.0,14400.0,10,5,1,1,14400.0,14400.0,14400.0,0.0
1328,M-1810,item:268091,6810.807453,14400.0,14400.0,203550.0,finite,674298.0,none,,0.0,0.0,min_max,0.0,14400.0,142485.0,14400.0,10,6,1,1,14400.0,14400.0,14400.0,0.0
1332,M-1810,item:268091,8339.689796,14400.0,14400.0,203550.0,finite,659898.0,none,,0.0,0.0,min_max,0.0,14400.0,142485.0,14400.0,10,1,1,1,14400.0,14400.0,14400.0,0.0
1333,M-1430,item:268967,8881.371429,107800.0,107800.0,154000.0,finite,2444187.226144,none,,0.0,0.0,fixed,107800.0,107800.0,107800.0,0.0,10,1,1,1,107800.0,107800.0,107800.0,0.0
1333,M-1810,item:268091,10689.423674,14400.0,14400.0,203550.0,finite,645498.0,none,,0.0,0.0,min_max,0.0,14400.0,142485.0,14400.0,10,2,1,1,14400.0,14400.0,14400.0,0.0
1334,M-1810,item:268091,10959.043918,14400.0,14400.0,203550.0,finite,631098.0,none,,0.0,0.0,min_max,0.0,14400.0,142485.0,14400.0,10,3,1,1,14400.0,14400.0,14400.0,0.0
1334,SDC-1450,item:773474,1868564.6576,3200000.0,3200000.0,0.0,unmodeled,205002684.563758,none,,0.0,0.0,fixed,3200000.0,0.0,0.0,0.0,10,1,1,1,3200000.0,3200000.0,3200000.0,0.0
1335,M-1430,item:268967,6470.432653,107800.0,107800.0,154000.0,finite,2336387.226144,none,,0.0,0.0,fixed,107800.0,107800.0,107800.0,0.0,10,2,1,1,107800.0,107800.0,107800.0,0.0
1335,M-1810,item:268091,10812.641437,14400.0,14400.0,203550.0,finite,616698.0,none,,0.0,0.0,min_max,0.0,14400.0,142485.0,14400.0,10,4,1,1,14400.0,14400.0,14400.0,0.0
1336,M-1810,item:268091,10583.03441,14400.0,14400.0,203550.0,finite,602298.0,none,,0.0,0.0,min_max,0.0,14400.0,142485.0,14400.0,10,5,1,1,14400.0,14400.0,14400.0,0.0
1337,M-1810,item:268091,10336.786474,14400.0,14400.0,203550.0,finite,587898.0,none,,0.0,0.0,min_max,0.0,14400.0,142485.0,14400.0,10,1,1,1,14400.0,14400.0,14400.0,0.0
1338,M-1810,item:268091,10087.210356,14400.0,14400.0,203550.0,finite,573498.0,none,,0.0,0.0,min_max,0.0,14400.0,142485.0,14400.0,10,2,1,1,14400.0,14400.0,14400.0,0.0
1339,M-1810,item:268091,9836.968602,14400.0,14400.0,203550.0,finite,584098.0,none,,0.0,0.0,min_max,0.0,14400.0,142485.0,14400.0,10,3,1,1,14400.0,14400.0,14400.0,0.0
1340,M-1810,item:268091,9586.59372,14400.0,14400.0,203550.0,finite,569698.0,none,,0.0,0.0,min_max,0.0,14400.0,142485.0,14400.0,10,4,1,1,14400.0,14400.0,14400.0,0.0
1342,M-1810,item:268091,7520.032653,14400.0,14400.0,203550.0,finite,580298.0,none,,0.0,0.0,min_max,0.0,14400.0,142485.0,14400.0,10,5,1,1,14400.0,14400.0,14400.0,0.0
1345,M-1810,item:268091,7371.281633,14400.0,14400.0,203550.0,finite,615898.0,none,,0.0,0.0,min_max,0.0,14400.0,142485.0,14400.0,10,1,1,1,14400.0,14400.0,14400.0,0.0
1346,M-1810,item:268091,8795.954286,14400.0,14400.0,203550.0,finite,601498.0,none,,0.0,0.0,min_max,0.0,14400.0,142485.0,14400.0,10,2,1,1,14400.0,14400.0,14400.0,0.0
1347,M-1810,item:268091,9031.305143,14400.0,14400.0,203550.0,finite,587098.0,none,,0.0,0.0,min_max,0.0,14400.0,142485.0,14400.0,10,3,1,1,14400.0,14400.0,14400.0,0.0
1349,M-1810,item:268091,7511.461224,14400.0,14400.0,203550.0,finite,572698.0,none,,0.0,0.0,min_max,0.0,14400.0,142485.0,14400.0,10,4,1,1,14400.0,14400.0,14400.0,0.0
1351,M-1810,item:268091,7750.808163,14400.0,14400.0,203550.0,finite,583298.0,none,,0.0,0.0,min_max,0.0,14400.0,142485.0,14400.0,10,1,1,1,14400.0,14400.0,14400.0,0.0
1352,M-1810,item:268091,9420.643265,14400.0,14400.0,203550.0,finite,593898.0,none,,0.0,0.0,min_max,0.0,14400.0,142485.0,14400.0,10,2,1,1,14400.0,14400.0,14400.0,0.0
1353,M-1810,item:268091,9874.283755,14400.0,14400.0,203550.0,finite,579498.0,none,,0.0,0.0,min_max,0.0,14400.0,142485.0,14400.0,10,3,1,1,14400.0,14400.0,14400.0,0.0
1354,M-1810,item:268091,10084.685322,14400.0,14400.0,203550.0,finite,590098.0,none,,0.0,0.0,min_max,0.0,14400.0,142485.0,14400.0,10,4,1,1,14400.0,14400.0,14400.0,0.0
1355,M-1810,item:268091,10476.920738,14400.0,14400.0,203550.0,finite,575698.0,none,,0.0,0.0,min_max,0.0,14400.0,142485.0,14400.0,10,5,1,1,14400.0,14400.0,14400.0,0.0
1356,M-1810,item:268091,10905.522923,14400.0,14400.0,203550.0,finite,561298.0,none,,0.0,0.0,min_max,0.0,14400.0,142485.0,14400.0,10,6,1,1,14400.0,14400.0,14400.0,0.0
1357,M-1810,item:268091,11341.398462,14400.0,14400.0,203550.0,finite,546898.0,none,,0.0,0.0,min_max,0.0,14400.0,142485.0,14400.0,10,7,1,1,14400.0,14400.0,14400.0,0.0
1358,M-1810,item:268091,11778.728672,14400.0,14400.0,203550.0,finite,532498.0,none,,0.0,0.0,min_max,0.0,14400.0,142485.0,14400.0,10,1,1,1,14400.0,14400.0,14400.0,0.0
1359,M-1810,item:268091,12216.349816,14400.0,14400.0,203550.0,finite,518098.0,none,,0.0,0.0,min_max,0.0,14400.0,142485.0,14400.0,10,2,1,1,14400.0,14400.0,14400.0,0.0
1360,M-1810,item:268091,12654.029147,14400.0,14400.0,203550.0,finite,553698.0,none,,0.0,0.0,min_max,0.0,14400.0,142485.0,14400.0,10,3,1,1,14400.0,14400.0,14400.0,0.0
1361,M-1810,item:268091,13091.720115,14400.0,14400.0,203550.0,finite,539298.0,none,,0.0,0.0,min_max,0.0,14400.0,142485.0,14400.0,10,4,1,1,14400.0,14400.0,14400.0,0.0
1362,M-1810,item:268091,12561.250145,14400.0,14400.0,203550.0,finite,524898.0,none,,0.0,0.0,min_max,0.0,14400.0,142485.0,14400.0,10,5,1,1,14400.0,14400.0,14400.0,0.0
1363,M-1810,item:268091,11837.147988,14400.0,14400.0,203550.0,finite,535498.0,none,,0.0,0.0,min_max,0.0,14400.0,142485.0,14400.0,10,6,1,1,14400.0,14400.0,14400.0,0.0
1364,M-1810,item:268091,11074.319394,14400.0,14400.0,203550.0,finite,521098.0,none,,0.0,0.0,min_max,0.0,14400.0,142485.0,14400.0,10,7,1,1,14400.0,14400.0,14400.0,0.0
1372,M-1810,item:268091,6893.730612,14400.0,14400.0,203550.0,finite,606698.0,none,,0.0,0.0,min_max,0.0,14400.0,142485.0,14400.0,10,1,1,1,14400.0,14400.0,14400.0,0.0
1373,M-1810,item:268091,8437.195102,14400.0,14400.0,203550.0,finite,617298.0,none,,0.0,0.0,min_max,0.0,14400.0,142485.0,14400.0,10,2,1,1,14400.0,14400.0,14400.0,0.0
1374,M-1810,item:268091,8910.606368,14400.0,14400.0,203550.0,finite,602898.0,none,,0.0,0.0,min_max,0.0,14400.0,142485.0,14400.0,10,3,1,1,14400.0,14400.0,14400.0,0.0
1375,M-1810,item:268091,9170.006988,14400.0,14400.0,203550.0,finite,588498.0,none,,0.0,0.0,min_max,0.0,14400.0,142485.0,14400.0,10,4,1,1,14400.0,14400.0,14400.0,0.0
1376,M-1810,item:268091,9342.997316,14400.0,14400.0,203550.0,finite,574098.0,none,,0.0,0.0,min_max,0.0,14400.0,142485.0,14400.0,10,5,1,1,14400.0,14400.0,14400.0,0.0
1377,M-1810,item:268091,9498.705586,14400.0,14400.0,203550.0,finite,559698.0,none,,0.0,0.0,min_max,0.0,14400.0,142485.0,14400.0,10,6,1,1,14400.0,14400.0,14400.0,0.0
1379,M-1810,item:268091,7872.326531,14400.0,14400.0,203550.0,finite,545298.0,none,,0.0,0.0,min_max,0.0,14400.0,142485.0,14400.0,10,1,1,1,14400.0,14400.0,14400.0,0.0
1380,M-1810,item:268091,9567.902041,14400.0,14400.0,203550.0,finite,530898.0,none,,0.0,0.0,min_max,0.0,14400.0,142485.0,14400.0,10,2,1,1,14400.0,14400.0,14400.0,0.0
1381,M-1810,item:268091,10028.127347,14400.0,14400.0,203550.0,finite,516498.0,none,,0.0,0.0,min_max,0.0,14400.0,142485.0,14400.0,10,3,1,1,14400.0,14400.0,14400.0,0.0
1382,M-1810,item:268091,10241.282613,14400.0,14400.0,203550.0,finite,502098.0,none,,0.0,0.0,min_max,0.0,14400.0,142485.0,14400.0,10,4,1,1,14400.0,14400.0,14400.0,0.0
1383,M-1810,item:268091,10415.309584,14400.0,14400.0,203550.0,finite,487698.0,none,,0.0,0.0,min_max,0.0,14400.0,142485.0,14400.0,10,5,1,1,14400.0,14400.0,14400.0,0.0
1384,M-1810,item:268091,10581.510897,14400.0,14400.0,203550.0,finite,473298.0,none,,0.0,0.0,min_max,0.0,14400.0,142485.0,14400.0,10,6,1,1,14400.0,14400.0,14400.0,0.0
1386,M-1810,item:268091,8761.240816,14400.0,14400.0,203550.0,finite,458898.0,none,,0.0,0.0,min_max,0.0,14400.0,142485.0,14400.0,10,1,1,1,14400.0,14400.0,14400.0,0.0
1388,M-1810,item:268091,9024.032653,14400.0,14400.0,203550.0,finite,444498.0,none,,0.0,0.0,min_max,0.0,14400.0,142485.0,14400.0,10,2,1,1,14400.0,14400.0,14400.0,0.0
1389,M-1810,item:268091,10960.235102,14400.0,14400.0,203550.0,finite,430098.0,none,,0.0,0.0,min_max,0.0,14400.0,142485.0,14400.0,10,3,1,1,14400.0,14400.0,14400.0,0.0
1390,M-1430,item:268967,4635.428571,107800.0,107800.0,154000.0,finite,2228587.226144,none,,0.0,0.0,fixed,107800.0,107800.0,107800.0,0.0,10,1,1,1,107800.0,107800.0,107800.0,0.0
1390,M-1810,item:268091,10881.27151,14400.0,14400.0,203550.0,finite,415698.0,none,,0.0,0.0,min_max,0.0,14400.0,142485.0,14400.0,10,4,1,1,14400.0,14400.0,14400.0,0.0
1391,M-1810,item:268091,10399.27471,14400.0,14400.0,203550.0,finite,426298.0,none,,0.0,0.0,min_max,0.0,14400.0,142485.0,14400.0,10,5,1,1,14400.0,14400.0,14400.0,0.0
1392,M-1810,item:268091,9836.671268,14400.0,14400.0,203550.0,finite,411898.0,none,,0.0,0.0,min_max,0.0,14400.0,142485.0,14400.0,10,6,1,1,14400.0,14400.0,14400.0,0.0
1399,M-1810,item:268091,6844.555102,14400.0,14400.0,203550.0,finite,497498.0,none,,0.0,0.0,min_max,0.0,14400.0,142485.0,14400.0,10,1,1,1,14400.0,14400.0,14400.0,0.0
1400,M-1810,item:268091,8530.98449,14400.0,14400.0,203550.0,finite,483098.0,none,,0.0,0.0,min_max,0.0,14400.0,142485.0,14400.0,10,1,1,1,14400.0,14400.0,14400.0,0.0
1402,M-1810,item:268091,7797.110204,14400.0,14400.0,203550.0,finite,468698.0,none,,0.0,0.0,min_max,0.0,14400.0,142485.0,14400.0,10,2,1,1,14400.0,14400.0,14400.0,0.0
1403,M-1810,item:268091,9674.050612,14400.0,14400.0,203550.0,finite,479298.0,none,,0.0,0.0,min_max,0.0,14400.0,142485.0,14400.0,10,3,1,1,14400.0,14400.0,14400.0,0.0
1404,M-1430,item:268967,5718.481632,107800.0,107800.0,154000.0,finite,2120787.226144,none,,0.0,0.0,fixed,107800.0,107800.0,107800.0,0.0,10,1,1,1,107800.0,107800.0,107800.0,0.0
1404,M-1810,item:268091,9591.577469,14400.0,14400.0,203550.0,finite,464898.0,none,,0.0,0.0,min_max,0.0,14400.0,142485.0,14400.0,10,4,1,1,14400.0,14400.0,14400.0,0.0
1405,M-1810,item:268091,9117.221616,14400.0,14400.0,203550.0,finite,450498.0,none,,0.0,0.0,min_max,0.0,14400.0,142485.0,14400.0,10,5,1,1,14400.0,14400.0,14400.0,0.0
1405,SDC-1450,item:773474,1853031.8576,3200000.0,3200000.0,0.0,unmodeled,201802684.563758,none,,0.0,0.0,fixed,3200000.0,0.0,0.0,0.0,10,1,1,1,3200000.0,3200000.0,3200000.0,0.0
1406,M-1810,item:268091,8564.489221,14400.0,14400.0,203550.0,finite,461098.0,none,,0.0,0.0,min_max,0.0,14400.0,142485.0,14400.0,10,6,1,1,14400.0,14400.0,14400.0,0.0
1408,M-1810,item:268091,5825.322449,14400.0,14400.0,203550.0,finite,496698.0,none,,0.0,0.0,min_max,0.0,14400.0,142485.0,14400.0,10,1,1,1,14400.0,14400.0,14400.0,0.0
1410,M-1810,item:268091,4909.6,14400.0,14400.0,203550.0,finite,507298.0,none,,0.0,0.0,min_max,0.0,14400.0,142485.0,14400.0,10,2,1,1,14400.0,14400.0,14400.0,0.0
1411,M-1810,item:268091,6910.475102,14400.0,14400.0,203550.0,finite,492898.0,none,,0.0,0.0,min_max,0.0,14400.0,142485.0,14400.0,10,3,1,1,14400.0,14400.0,14400.0,0.0
1412,M-1810,item:268091,8329.605225,14400.0,14400.0,203550.0,finite,503498.0,none,,0.0,0.0,min_max,0.0,14400.0,142485.0,14400.0,10,4,1,1,14400.0,14400.0,14400.0,0.0
1413,M-1810,item:268091,9632.386351,14400.0,14400.0,203550.0,finite,489098.0,none,,0.0,0.0,min_max,0.0,14400.0,142485.0,14400.0,10,5,1,1,14400.0,14400.0,14400.0,0.0
1414,M-1810,item:268091,10911.897678,14400.0,14400.0,203550.0,finite,474698.0,none,,0.0,0.0,min_max,0.0,14400.0,142485.0,14400.0,10,1,1,1,14400.0,14400.0,14400.0,0.0
1415,M-1810,item:268091,12186.755046,14400.0,14400.0,203550.0,finite,485298.0,none,,0.0,0.0,min_max,0.0,14400.0,142485.0,14400.0,10,2,1,1,14400.0,14400.0,14400.0,0.0
1416,M-1810,item:268091,13460.681622,14400.0,14400.0,203550.0,finite,470898.0,none,,0.0,0.0,min_max,0.0,14400.0,142485.0,14400.0,10,3,1,1,14400.0,14400.0,14400.0,0.0
1417,M-1810,item:268091,14734.422039,28800.0,28800.0,203550.0,finite,456498.0,none,,0.0,0.0,min_max,0.0,14400.0,142485.0,14400.0,10,4,1,1,28800.0,28800.0,28800.0,0.0
1418,M-1810,item:268091,15120.729306,28800.0,28800.0,203550.0,finite,427698.0,none,,0.0,0.0,min_max,0.0,14400.0,142485.0,14400.0,10,5,1,1,28800.0,28800.0,28800.0,0.0
1419,M-1810,item:268091,15329.549943,28800.0,28800.0,203550.0,finite,423898.0,none,,0.0,0.0,min_max,0.0,14400.0,142485.0,14400.0,10,6,1,1,28800.0,28800.0,28800.0,0.0
1421,M-1810,item:268091,12568.522449,14400.0,14400.0,203550.0,finite,395098.0,none,,0.0,0.0,min_max,0.0,14400.0,142485.0,14400.0,10,1,1,1,14400.0,14400.0,14400.0,0.0
1422,M-1810,item:268091,15213.786122,28800.0,28800.0,203550.0,finite,405698.0,none,,0.0,0.0,min_max,0.0,14400.0,142485.0,14400.0,10,2,1,1,28800.0,28800.0,28800.0,0.0
1423,M-1810,item:268091,15874.398041,28800.0,28800.0,203550.0,finite,376898.0,none,,0.0,0.0,min_max,0.0,14400.0,142485.0,14400.0,10,3,1,1,28800.0,28800.0,28800.0,0.0
1424,M-1810,item:268091,16138.079608,28800.0,28800.0,203550.0,finite,348098.0,none,,0.0,0.0,min_max,0.0,14400.0,142485.0,14400.0,10,4,1,1,28800.0,28800.0,28800.0,0.0
1426,M-1430,item:268967,4918.579592,107800.0,107800.0,154000.0,finite,2012987.226144,none,,0.0,0.0,fixed,107800.0,107800.0,107800.0,0.0,10,1,1,1,107800.0,107800.0,107800.0,0.0
1426,M-1810,item:268091,11508.146939,14400.0,14400.0,203550.0,finite,319298.0,none,,0.0,0.0,min_max,0.0,14400.0,142485.0,14400.0,10,5,1,1,14400.0,14400.0,14400.0,0.0
1427,M-1810,item:268091,13082.249796,14400.0,14400.0,203550.0,finite,354898.0,none,,0.0,0.0,min_max,0.0,14400.0,142485.0,14400.0,10,6,1,1,14400.0,14400.0,14400.0,0.0
1434,M-1810,item:268091,8189.22449,14400.0,14400.0,203550.0,finite,465498.0,none,,0.0,0.0,min_max,0.0,14400.0,142485.0,14400.0,10,1,1,1,14400.0,14400.0,14400.0,0.0
1435,M-1810,item:268091,9933.306123,14400.0,14400.0,203550.0,finite,451098.0,none,,0.0,0.0,min_max,0.0,14400.0,142485.0,14400.0,10,1,1,1,14400.0,14400.0,14400.0,0.0
1436,M-1810,item:268091,10388.359184,14400.0,14400.0,203550.0,finite,436698.0,none,,0.0,0.0,min_max,0.0,14400.0,142485.0,14400.0,10,2,1,1,14400.0,14400.0,14400.0,0.0
1437,M-1810,item:268091,10585.606531,14400.0,14400.0,203550.0,finite,422298.0,none,,0.0,0.0,min_max,0.0,14400.0,142485.0,14400.0,10,3,1,1,14400.0,14400.0,14400.0,0.0
1438,M-1810,item:268091,10731.292735,14400.0,14400.0,203550.0,finite,407898.0,none,,0.0,0.0,min_max,0.0,14400.0,142485.0,14400.0,10,4,1,1,14400.0,14400.0,14400.0,0.0
1439,M-1810,item:268091,11814.634057,14400.0,14400.0,203550.0,finite,393498.0,none,,0.0,0.0,min_max,0.0,14400.0,142485.0,14400.0,10,5,1,1,14400.0,14400.0,14400.0,0.0
1440,M-1810,item:268091,13085.506403,14400.0,14400.0,203550.0,finite,379098.0,none,,0.0,0.0,min_max,0.0,14400.0,142485.0,14400.0,10,6,1,1,14400.0,14400.0,14400.0,0.0
1441,M-1810,item:268091,14393.884954,14400.0,14400.0,203550.0,finite,389698.0,none,,0.0,0.0,min_max,0.0,14400.0,142485.0,14400.0,10,7,1,1,14400.0,14400.0,14400.0,0.0
1442,M-1810,item:268091,15709.764746,28800.0,28800.0,203550.0,finite,375298.0,none,,0.0,0.0,min_max,0.0,14400.0,142485.0,14400.0,10,1,1,1,28800.0,28800.0,28800.0,0.0
1443,M-1810,item:268091,17027.144786,28800.0,28800.0,203550.0,finite,346498.0,none,,0.0,0.0,min_max,0.0,14400.0,142485.0,14400.0,10,2,1,1,28800.0,28800.0,28800.0,0.0
1444,M-1810,item:268091,18344.824876,28800.0,28800.0,203550.0,finite,317698.0,none,,0.0,0.0,min_max,0.0,14400.0,142485.0,14400.0,10,3,1,1,28800.0,28800.0,28800.0,0.0
1445,M-1430,item:268967,5837.942857,107800.0,107800.0,154000.0,finite,1905187.226144,none,,0.0,0.0,fixed,107800.0,107800.0,107800.0,0.0,10,1,1,1,107800.0,107800.0,107800.0,0.0
1445,M-1810,item:268091,19662.564975,28800.0,28800.0,203550.0,finite,313898.0,none,,0.0,0.0,min_max,0.0,14400.0,142485.0,14400.0,10,4,1,1,28800.0,28800.0,28800.0,0.0
1446,M-1810,item:268091,19568.888505,28800.0,28800.0,203550.0,finite,310098.0,none,,0.0,0.0,min_max,0.0,14400.0,142485.0,14400.0,10,5,1,1,28800.0,28800.0,28800.0,0.0
1447,M-1810,item:268091,19192.928721,28800.0,28800.0,203550.0,finite,281298.0,none,,0.0,0.0,min_max,0.0,14400.0,142485.0,14400.0,10,6,1,1,28800.0,28800.0,28800.0,0.0
1448,M-1810,item:268091,18760.512275,28800.0,28800.0,203550.0,finite,252498.0,none,,0.0,0.0,min_max,0.0,14400.0,142485.0,14400.0,10,7,1,1,28800.0,28800.0,28800.0,0.0
1449,M-1810,item:268091,18316.804496,28800.0,28800.0,203550.0,finite,248698.0,none,,0.0,0.0,min_max,0.0,14400.0,142485.0,14400.0,10,1,1,1,28800.0,28800.0,28800.0,0.0
1450,M-1810,item:268091,17870.83845,28800.0,28800.0,203550.0,finite,244898.0,none,,0.0,0.0,min_max,0.0,14400.0,142485.0,14400.0,10,2,1,1,28800.0,28800.0,28800.0,0.0
1451,M-1810,item:268091,17424.420751,28800.0,28800.0,203550.0,finite,216098.0,none,,0.0,0.0,min_max,0.0,14400.0,142485.0,14400.0,10,3,1,1,28800.0,28800.0,28800.0,0.0
1452,M-1810,item:268091,16977.912721,28800.0,28800.0,203550.0,finite,187298.0,none,,0.0,0.0,min_max,0.0,14400.0,142485.0,14400.0,10,4,1,1,28800.0,28800.0,28800.0,0.0
1478,M-1810,item:268091,7861.077551,14400.0,14400.0,203550.0,finite,408498.0,none,,0.0,0.0,min_max,0.0,14400.0,142485.0,14400.0,10,1,1,1,14400.0,14400.0,14400.0,0.0
1479,M-1810,item:268091,9925.391021,14400.0,14400.0,203550.0,finite,394098.0,none,,0.0,0.0,min_max,0.0,14400.0,142485.0,14400.0,10,2,1,1,14400.0,14400.0,14400.0,0.0
1480,M-1810,item:268091,10830.351674,14400.0,14400.0,203550.0,finite,379698.0,none,,0.0,0.0,min_max,0.0,14400.0,142485.0,14400.0,10,3,1,1,14400.0,14400.0,14400.0,0.0
1481,M-1810,item:268091,11503.441764,14400.0,14400.0,203550.0,finite,390298.0,none,,0.0,0.0,min_max,0.0,14400.0,142485.0,14400.0,10,4,1,1,14400.0,14400.0,14400.0,0.0
1482,M-1810,item:268091,11485.341414,14400.0,14400.0,203550.0,finite,400898.0,none,,0.0,0.0,min_max,0.0,14400.0,142485.0,14400.0,10,5,1,1,14400.0,14400.0,14400.0,0.0
1483,M-1430,item:268967,3358.563265,107800.0,107800.0,154000.0,finite,1797387.226144,none,,0.0,0.0,fixed,107800.0,107800.0,107800.0,0.0,10,1,1,1,107800.0,107800.0,107800.0,0.0
1483,M-1810,item:268091,11329.002977,14400.0,14400.0,203550.0,finite,386498.0,none,,0.0,0.0,min_max,0.0,14400.0,142485.0,14400.0,10,6,1,1,14400.0,14400.0,14400.0,0.0
1484,M-1810,item:268091,11145.016922,14400.0,14400.0,203550.0,finite,397098.0,none,,0.0,0.0,min_max,0.0,14400.0,142485.0,14400.0,10,1,1,1,14400.0,14400.0,14400.0,0.0
1484,SDC-1450,item:773474,1837499.0576,3200000.0,3200000.0,0.0,unmodeled,198602684.563758,none,,0.0,0.0,fixed,3200000.0,0.0,0.0,0.0,10,1,1,1,3200000.0,3200000.0,3200000.0,0.0
1485,M-1810,item:268091,10955.501343,14400.0,14400.0,203550.0,finite,382698.0,none,,0.0,0.0,min_max,0.0,14400.0,142485.0,14400.0,10,2,1,1,14400.0,14400.0,14400.0,0.0
1486,M-1810,item:268091,10764.87986,14400.0,14400.0,203550.0,finite,393298.0,none,,0.0,0.0,min_max,0.0,14400.0,142485.0,14400.0,10,3,1,1,14400.0,14400.0,14400.0,0.0
1488,M-1810,item:268091,8268.342857,14400.0,14400.0,203550.0,finite,403898.0,none,,0.0,0.0,min_max,0.0,14400.0,142485.0,14400.0,10,4,1,1,14400.0,14400.0,14400.0,0.0
1491,M-1810,item:268091,7962.906122,14400.0,14400.0,203550.0,finite,489498.0,none,,0.0,0.0,min_max,0.0,14400.0,142485.0,14400.0,10,1,1,1,14400.0,14400.0,14400.0,0.0
1492,M-1810,item:268091,9453.675102,14400.0,14400.0,203550.0,finite,525098.0,none,,0.0,0.0,min_max,0.0,14400.0,142485.0,14400.0,10,2,1,1,14400.0,14400.0,14400.0,0.0
1494,M-1810,item:268091,7657.469388,14400.0,14400.0,203550.0,finite,585698.0,none,,0.0,0.0,min_max,0.0,14400.0,142485.0,14400.0,10,3,1,1,14400.0,14400.0,14400.0,0.0
1496,M-1810,item:268091,7283.167347,14400.0,14400.0,203550.0,finite,646298.0,none,,0.0,0.0,min_max,0.0,14400.0,142485.0,14400.0,10,4,1,1,14400.0,14400.0,14400.0,0.0
1497,M-1810,item:268091,8467.311021,14400.0,14400.0,203550.0,finite,681898.0,none,,0.0,0.0,min_max,0.0,14400.0,142485.0,14400.0,10,5,1,1,14400.0,14400.0,14400.0,0.0
1498,M-1810,item:268091,8431.649959,14400.0,14400.0,203550.0,finite,692498.0,none,,0.0,0.0,min_max,0.0,14400.0,142485.0,14400.0,10,1,1,1,14400.0,14400.0,14400.0,0.0
1501,M-1810,item:268091,5920.718367,14400.0,14400.0,203550.0,finite,803098.0,none,,0.0,0.0,min_max,0.0,14400.0,142485.0,14400.0,10,2,1,1,14400.0,14400.0,14400.0,0.0
1502,M-1810,item:268091,6832.372245,14400.0,14400.0,203550.0,finite,788698.0,none,,0.0,0.0,min_max,0.0,14400.0,142485.0,14400.0,10,3,1,1,14400.0,14400.0,14400.0,0.0
1503,M-1430,item:268967,5210.595918,107800.0,107800.0,154000.0,finite,1689587.226144,none,,0.0,0.0,fixed,107800.0,107800.0,107800.0,0.0,10,1,1,1,107800.0,107800.0,107800.0,0.0
1503,M-1810,item:268091,7835.470367,14400.0,14400.0,203550.0,finite,799298.0,none,,0.0,0.0,min_max,0.0,14400.0,142485.0,14400.0,10,4,1,1,14400.0,14400.0,14400.0,0.0
1504,M-1810,item:268091,8856.857339,14400.0,14400.0,203550.0,finite,784898.0,none,,0.0,0.0,min_max,0.0,14400.0,142485.0,14400.0,10,5,1,1,14400.0,14400.0,14400.0,0.0
1505,M-1810,item:268091,9881.90208,14400.0,14400.0,203550.0,finite,795498.0,none,,0.0,0.0,min_max,0.0,14400.0,142485.0,14400.0,10,1,1,1,14400.0,14400.0,14400.0,0.0
1506,M-1810,item:268091,10907.678375,14400.0,14400.0,203550.0,finite,781098.0,none,,0.0,0.0,min_max,0.0,14400.0,142485.0,14400.0,10,2,1,1,14400.0,14400.0,14400.0,0.0
1507,M-1810,item:268091,11933.600981,14400.0,14400.0,203550.0,finite,816698.0,none,,0.0,0.0,min_max,0.0,14400.0,142485.0,14400.0,10,3,1,1,14400.0,14400.0,14400.0,0.0
1508,M-1810,item:268091,12959.552849,14400.0,14400.0,203550.0,finite,852298.0,none,,0.0,0.0,min_max,0.0,14400.0,142485.0,14400.0,10,4,1,1,14400.0,14400.0,14400.0,0.0
1509,M-1810,item:268091,13985.51057,14400.0,14400.0,203550.0,finite,862898.0,none,,0.0,0.0,min_max,0.0,14400.0,142485.0,14400.0,10,5,1,1,14400.0,14400.0,14400.0,0.0
1510,M-1810,item:268091,14116.579665,14400.0,14400.0,203550.0,finite,898498.0,none,,0.0,0.0,min_max,0.0,14400.0,142485.0,14400.0,10,6,1,1,14400.0,14400.0,14400.0,0.0
1511,M-1810,item:268091,14068.671035,14400.0,14400.0,203550.0,finite,884098.0,none,,0.0,0.0,min_max,0.0,14400.0,142485.0,14400.0,10,7,1,1,14400.0,14400.0,14400.0,0.0
1512,M-1810,item:268091,13984.96686,14400.0,14400.0,203550.0,finite,919698.0,none,,0.0,0.0,min_max,0.0,14400.0,142485.0,14400.0,10,1,1,1,14400.0,14400.0,14400.0,0.0
1513,M-1810,item:268091,13894.103576,14400.0,14400.0,203550.0,finite,905298.0,none,,0.0,0.0,min_max,0.0,14400.0,142485.0,14400.0,10,2,1,1,14400.0,14400.0,14400.0,0.0
1514,M-1810,item:268091,13801.80847,14400.0,14400.0,203550.0,finite,940898.0,none,,0.0,0.0,min_max,0.0,14400.0,142485.0,14400.0,10,3,1,1,14400.0,14400.0,14400.0,0.0
1515,M-1810,item:268091,13709.227,14400.0,14400.0,203550.0,finite,976498.0,none,,0.0,0.0,min_max,0.0,14400.0,142485.0,14400.0,10,4,1,1,14400.0,14400.0,14400.0,0.0
1516,M-1810,item:268091,13616.588257,14400.0,14400.0,203550.0,finite,1012098.0,none,,0.0,0.0,min_max,0.0,14400.0,142485.0,14400.0,10,5,1,1,14400.0,14400.0,14400.0,0.0
1517,M-1810,item:268091,13338.925814,14400.0,14400.0,203550.0,finite,1022698.0,none,,0.0,0.0,min_max,0.0,14400.0,142485.0,14400.0,10,6,1,1,14400.0,14400.0,14400.0,0.0
1518,M-1430,item:268967,4668.065306,107800.0,107800.0,154000.0,finite,1581787.226144,none,,0.0,0.0,fixed,107800.0,107800.0,107800.0,0.0,10,1,1,1,107800.0,107800.0,107800.0,0.0
1518,M-1810,item:268091,13024.258632,14400.0,14400.0,203550.0,finite,1058298.0,none,,0.0,0.0,min_max,0.0,14400.0,142485.0,14400.0,10,7,1,1,14400.0,14400.0,14400.0,0.0
1519,M-1810,item:268091,12702.190502,14400.0,14400.0,203550.0,finite,1043898.0,none,,0.0,0.0,min_max,0.0,14400.0,142485.0,14400.0,10,1,1,1,14400.0,14400.0,14400.0,0.0
1520,M-1810,item:268091,12378.642182,14400.0,14400.0,203550.0,finite,1104498.0,none,,0.0,0.0,min_max,0.0,14400.0,142485.0,14400.0,10,2,1,1,14400.0,14400.0,14400.0,0.0
1521,M-1810,item:268091,12054.797824,14400.0,14400.0,203550.0,finite,1115098.0,none,,0.0,0.0,min_max,0.0,14400.0,142485.0,14400.0,10,3,1,1,14400.0,14400.0,14400.0,0.0
1522,M-1810,item:268091,11730.894259,14400.0,14400.0,203550.0,finite,1200698.0,none,,0.0,0.0,min_max,0.0,14400.0,142485.0,14400.0,10,4,1,1,14400.0,14400.0,14400.0,0.0
1527,M-1810,item:268091,8252.179592,14400.0,14400.0,203550.0,finite,1386298.0,none,,0.0,0.0,min_max,0.0,14400.0,142485.0,14400.0,10,1,1,1,14400.0,14400.0,14400.0,0.0
1529,M-1810,item:268091,7847.869388,14400.0,14400.0,203550.0,finite,1471898.0,none,,0.0,0.0,min_max,0.0,14400.0,142485.0,14400.0,10,2,1,1,14400.0,14400.0,14400.0,0.0
1530,M-1810,item:268091,9215.288163,14400.0,14400.0,203550.0,finite,1507498.0,none,,0.0,0.0,min_max,0.0,14400.0,142485.0,14400.0,10,3,1,1,14400.0,14400.0,14400.0,0.0
1531,M-1810,item:268091,9720.739265,14400.0,14400.0,203550.0,finite,1618098.0,none,,0.0,0.0,min_max,0.0,14400.0,142485.0,14400.0,10,4,1,1,14400.0,14400.0,14400.0,0.0
1532,M-1810,item:268091,10053.796833,14400.0,14400.0,203550.0,finite,1678698.0,none,,0.0,0.0,min_max,0.0,14400.0,142485.0,14400.0,10,5,1,1,14400.0,14400.0,14400.0,0.0
1533,M-1810,item:268091,10352.375693,14400.0,14400.0,203550.0,finite,1689298.0,none,,0.0,0.0,min_max,0.0,14400.0,142485.0,14400.0,10,1,1,1,14400.0,14400.0,14400.0,0.0
1534,M-1810,item:268091,10644.058812,14400.0,14400.0,203550.0,finite,1799898.0,none,,0.0,0.0,min_max,0.0,14400.0,142485.0,14400.0,10,2,1,1,14400.0,14400.0,14400.0,0.0
1535,M-1810,item:268091,10934.362783,14400.0,14400.0,203550.0,finite,1835498.0,none,,0.0,0.0,min_max,0.0,14400.0,142485.0,14400.0,10,3,1,1,14400.0,14400.0,14400.0,0.0
1536,M-1810,item:268091,11224.390924,14400.0,14400.0,203550.0,finite,1896098.0,none,,0.0,0.0,min_max,0.0,14400.0,142485.0,14400.0,10,4,1,1,14400.0,14400.0,14400.0,0.0
1537,M-1810,item:268091,11514.363899,14400.0,14400.0,203550.0,finite,1956698.0,none,,0.0,0.0,min_max,0.0,14400.0,142485.0,14400.0,10,5,1,1,14400.0,14400.0,14400.0,0.0
1538,M-1810,item:268091,11654.187066,14400.0,14400.0,203550.0,finite,1992298.0,none,,0.0,0.0,min_max,0.0,14400.0,142485.0,14400.0,10,6,1,1,14400.0,14400.0,14400.0,0.0
1539,M-1810,item:268091,11763.98027,14400.0,14400.0,203550.0,finite,2052898.0,none,,0.0,0.0,min_max,0.0,14400.0,142485.0,14400.0,10,7,1,1,14400.0,14400.0,14400.0,0.0
1541,M-1810,item:268091,9596.8,14400.0,14400.0,203550.0,finite,2053636.453202,none,,0.0,0.0,min_max,0.0,14400.0,142485.0,14400.0,10,1,1,1,14400.0,14400.0,14400.0,0.0
1543,M-1810,item:268091,9760.457143,14400.0,14400.0,203550.0,finite,2039236.453202,none,,0.0,0.0,min_max,0.0,14400.0,142485.0,14400.0,10,2,1,1,14400.0,14400.0,14400.0,0.0
1544,M-1810,item:268091,11794.377143,14400.0,14400.0,203550.0,finite,2024836.453202,none,,0.0,0.0,min_max,0.0,14400.0,142485.0,14400.0,10,3,1,1,14400.0,14400.0,14400.0,0.0
1545,M-1810,item:268091,11811.887674,14400.0,14400.0,203550.0,finite,2010436.453202,none,,0.0,0.0,min_max,0.0,14400.0,142485.0,14400.0,10,4,1,1,14400.0,14400.0,14400.0,0.0
1546,M-1430,item:268967,3678.302041,107800.0,107800.0,154000.0,finite,1473987.226144,none,,0.0,0.0,fixed,107800.0,107800.0,107800.0,0.0,10,1,1,1,107800.0,107800.0,107800.0,0.0
1546,M-1810,item:268091,11426.11631,14400.0,14400.0,203550.0,finite,1996036.453202,none,,0.0,0.0,min_max,0.0,14400.0,142485.0,14400.0,10,5,1,1,14400.0,14400.0,14400.0,0.0
1547,M-1810,item:268091,10959.688568,14400.0,14400.0,203550.0,finite,1981636.453202,none,,0.0,0.0,min_max,0.0,14400.0,142485.0,14400.0,10,1,1,1,14400.0,14400.0,14400.0,0.0
1548,M-1810,item:268091,10477.129551,14400.0,14400.0,203550.0,finite,1967236.453202,none,,0.0,0.0,min_max,0.0,14400.0,142485.0,14400.0,10,2,1,1,14400.0,14400.0,14400.0,0.0
1549,M-1810,item:268091,9991.344278,14400.0,14400.0,203550.0,finite,1952836.453202,none,,0.0,0.0,min_max,0.0,14400.0,142485.0,14400.0,10,3,1,1,14400.0,14400.0,14400.0,0.0
1551,M-1810,item:268091,7117.371429,14400.0,14400.0,203550.0,finite,1938436.453202,none,,0.0,0.0,min_max,0.0,14400.0,142485.0,14400.0,10,4,1,1,14400.0,14400.0,14400.0,0.0
1558,M-1810,item:268091,5400.8,14400.0,14400.0,203550.0,finite,1924036.453202,none,,0.0,0.0,min_max,0.0,14400.0,142485.0,14400.0,10,1,1,1,14400.0,14400.0,14400.0,0.0
1559,M-1810,item:268091,7198.690612,14400.0,14400.0,203550.0,finite,1909636.453202,none,,0.0,0.0,min_max,0.0,14400.0,142485.0,14400.0,10,2,1,1,14400.0,14400.0,14400.0,0.0
1560,M-1810,item:268091,8275.999347,14400.0,14400.0,203550.0,finite,1895236.453202,none,,0.0,0.0,min_max,0.0,14400.0,142485.0,14400.0,10,3,1,1,14400.0,14400.0,14400.0,0.0
1561,M-1810,item:268091,9209.191706,14400.0,14400.0,203550.0,finite,1880836.453202,none,,0.0,0.0,min_max,0.0,14400.0,142485.0,14400.0,10,1,1,1,14400.0,14400.0,14400.0,0.0
1564,M-1810,item:268091,9707.183673,14400.0,14400.0,203550.0,finite,1866436.453202,none,,0.0,0.0,min_max,0.0,14400.0,142485.0,14400.0,10,2,1,1,14400.0,14400.0,14400.0,0.0
1565,M-1810,item:268091,12366.35102,14400.0,14400.0,203550.0,finite,1852036.453202,none,,0.0,0.0,min_max,0.0,14400.0,142485.0,14400.0,10,3,1,1,14400.0,14400.0,14400.0,0.0
1566,M-1810,item:268091,12418.445714,14400.0,14400.0,203550.0,finite,1837636.453202,none,,0.0,0.0,min_max,0.0,14400.0,142485.0,14400.0,10,4,1,1,14400.0,14400.0,14400.0,0.0
1567,M-1810,item:268091,11949.125877,14400.0,14400.0,203550.0,finite,1823236.453202,none,,0.0,0.0,min_max,0.0,14400.0,142485.0,14400.0,10,5,1,1,14400.0,14400.0,14400.0,0.0
1568,M-1810,item:268091,11375.523134,14400.0,14400.0,203550.0,finite,1808836.453202,none,,0.0,0.0,min_max,0.0,14400.0,142485.0,14400.0,10,1,1,1,14400.0,14400.0,14400.0,0.0
1569,M-1810,item:268091,10781.06381,14400.0,14400.0,203550.0,finite,1794436.453202,none,,0.0,0.0,min_max,0.0,14400.0,142485.0,14400.0,10,2,1,1,14400.0,14400.0,14400.0,0.0
1570,M-1810,item:268091,10182.43317,14400.0,14400.0,203550.0,finite,1780036.453202,none,,0.0,0.0,min_max,0.0,14400.0,142485.0,14400.0,10,3,1,1,14400.0,14400.0,14400.0,0.0
1571,M-1810,item:268091,9582.968266,14400.0,14400.0,203550.0,finite,1765636.453202,none,,0.0,0.0,min_max,0.0,14400.0,142485.0,14400.0,10,4,1,1,14400.0,14400.0,14400.0,0.0
1585,M-1810,item:268091,3555.004082,14400.0,14400.0,203550.0,finite,1751236.453202,none,,0.0,0.0,min_max,0.0,14400.0,142485.0,14400.0,10,1,1,1,14400.0,14400.0,14400.0,0.0
1586,M-1810,item:268091,4289.05796,14400.0,14400.0,203550.0,finite,1736836.453202,none,,0.0,0.0,min_max,0.0,14400.0,142485.0,14400.0,10,2,1,1,14400.0,14400.0,14400.0,0.0
1588,M-1810,item:268091,4911.608164,14400.0,14400.0,203550.0,finite,1722436.453202,none,,0.0,0.0,min_max,0.0,14400.0,142485.0,14400.0,10,3,1,1,14400.0,14400.0,14400.0,0.0
1589,M-1810,item:268091,6560.705306,14400.0,14400.0,203550.0,finite,1708036.453202,none,,0.0,0.0,min_max,0.0,14400.0,142485.0,14400.0,10,1,1,1,14400.0,14400.0,14400.0,0.0
1590,M-1810,item:268091,7557.300245,14400.0,14400.0,203550.0,finite,1693636.453202,none,,0.0,0.0,min_max,0.0,14400.0,142485.0,14400.0,10,2,1,1,14400.0,14400.0,14400.0,0.0
1591,M-1810,item:268091,8423.394743,14400.0,14400.0,203550.0,finite,1679236.453202,none,,0.0,0.0,min_max,0.0,14400.0,142485.0,14400.0,10,3,1,1,14400.0,14400.0,14400.0,0.0
1592,M-1810,item:268091,9263.389153,14400.0,14400.0,203550.0,finite,1664836.453202,none,,0.0,0.0,min_max,0.0,14400.0,142485.0,14400.0,10,4,1,1,14400.0,14400.0,14400.0,0.0
1593,M-1810,item:268091,10098.163545,14400.0,14400.0,203550.0,finite,1650436.453202,none,,0.0,0.0,min_max,0.0,14400.0,142485.0,14400.0,10,5,1,1,14400.0,14400.0,14400.0,0.0
1594,M-1810,item:268091,10267.387811,14400.0,14400.0,203550.0,finite,1636036.453202,none,,0.0,0.0,min_max,0.0,14400.0,142485.0,14400.0,10,6,1,1,14400.0,14400.0,14400.0,0.0
1595,M-1810,item:268091,10303.502052,14400.0,14400.0,203550.0,finite,1621636.453202,none,,0.0,0.0,min_max,0.0,14400.0,142485.0,14400.0,10,7,1,1,14400.0,14400.0,14400.0,0.0
1596,M-1810,item:268091,10312.994288,14400.0,14400.0,203550.0,finite,1607236.453202,none,,0.0,0.0,min_max,0.0,14400.0,142485.0,14400.0,10,1,1,1,14400.0,14400.0,14400.0,0.0
1597,M-1810,item:268091,10317.162123,14400.0,14400.0,203550.0,finite,1592836.453202,none,,0.0,0.0,min_max,0.0,14400.0,142485.0,14400.0,10,2,1,1,14400.0,14400.0,14400.0,0.0
1598,M-1810,item:268091,10320.265078,14400.0,14400.0,203550.0,finite,1578436.453202,none,,0.0,0.0,min_max,0.0,14400.0,142485.0,14400.0,10,3,1,1,14400.0,14400.0,14400.0,0.0
1599,M-1810,item:268091,10323.155057,14400.0,14400.0,203550.0,finite,1564036.453202,none,,0.0,0.0,min_max,0.0,14400.0,142485.0,14400.0,10,4,1,1,14400.0,14400.0,14400.0,0.0
1601,M-1810,item:268091,8351.232653,14400.0,14400.0,203550.0,finite,1549636.453202,none,,0.0,0.0,min_max,0.0,14400.0,142485.0,14400.0,10,5,1,1,14400.0,14400.0,14400.0,0.0
1602,M-1810,item:268091,10111.340408,14400.0,14400.0,203550.0,finite,1535236.453202,none,,0.0,0.0,min_max,0.0,14400.0,142485.0,14400.0,10,6,1,1,14400.0,14400.0,14400.0,0.0
1603,M-1810,item:268091,10553.223184,14400.0,14400.0,203550.0,finite,1520836.453202,none,,0.0,0.0,min_max,0.0,14400.0,142485.0,14400.0,10,1,1,1,14400.0,14400.0,14400.0,0.0
1604,M-1810,item:268091,10731.460963,14400.0,14400.0,203550.0,finite,1506436.453202,none,,0.0,0.0,min_max,0.0,14400.0,142485.0,14400.0,10,2,1,1,14400.0,14400.0,14400.0,0.0
1606,M-1810,item:268091,8800.538776,14400.0,14400.0,203550.0,finite,1492036.453202,none,,0.0,0.0,min_max,0.0,14400.0,142485.0,14400.0,10,3,1,1,14400.0,14400.0,14400.0,0.0
1608,M-1810,item:268091,8676.620408,14400.0,14400.0,203550.0,finite,1477636.453202,none,,0.0,0.0,min_max,0.0,14400.0,142485.0,14400.0,10,4,1,1,14400.0,14400.0,14400.0,0.0
1609,M-1810,item:268091,10198.164898,14400.0,14400.0,203550.0,finite,1463236.453202,none,,0.0,0.0,min_max,0.0,14400.0,142485.0,14400.0,10,5,1,1,14400.0,14400.0,14400.0,0.0
1610,M-1810,item:268091,10288.694204,14400.0,14400.0,203550.0,finite,1448836.453202,none,,0.0,0.0,min_max,0.0,14400.0,142485.0,14400.0,10,1,1,1,14400.0,14400.0,14400.0,0.0
1611,M-1810,item:268091,10093.020473,14400.0,14400.0,203550.0,finite,1434436.453202,none,,0.0,0.0,min_max,0.0,14400.0,142485.0,14400.0,10,2,1,1,14400.0,14400.0,14400.0,0.0
1612,M-1810,item:268091,9840.106135,14400.0,14400.0,203550.0,finite,1420036.453202,none,,0.0,0.0,min_max,0.0,14400.0,142485.0,14400.0,10,3,1,1,14400.0,14400.0,14400.0,0.0
1618,M-1430,item:268967,1253.55102,107800.0,107800.0,154000.0,finite,1366187.226144,none,,0.0,0.0,fixed,107800.0,107800.0,107800.0,0.0,10,1,1,1,107800.0,107800.0,107800.0,0.0
1618,M-1810,item:268091,6349.110204,14400.0,14400.0,203550.0,finite,2705000.985221,none,,0.0,0.0,min_max,0.0,14400.0,142485.0,14400.0,10,1,1,1,14400.0,14400.0,14400.0,0.0
1619,SDC-1450,item:773474,2030121.8576,3200000.0,3200000.0,0.0,unmodeled,195402684.563758,none,,0.0,0.0,fixed,3200000.0,0.0,0.0,0.0,10,1,1,1,3200000.0,3200000.0,3200000.0,0.0
1620,M-1430,item:268967,1880.326531,107800.0,107800.0,154000.0,finite,1258387.226144,none,,0.0,0.0,fixed,107800.0,107800.0,107800.0,0.0,10,2,1,1,107800.0,107800.0,107800.0,0.0
1620,M-1810,item:268091,5826.693878,14400.0,14400.0,203550.0,finite,2690600.985221,none,,0.0,0.0,min_max,0.0,14400.0,142485.0,14400.0,10,2,1,1,14400.0,14400.0,14400.0,0.0
1621,M-1810,item:268091,6730.82449,14400.0,14400.0,203550.0,finite,2676200.985221,none,,0.0,0.0,min_max,0.0,14400.0,142485.0,14400.0,10,3,1,1,14400.0,14400.0,14400.0,0.0
1622,M-1810,item:268091,7360.026123,14400.0,14400.0,203550.0,finite,2661800.985221,none,,0.0,0.0,min_max,0.0,14400.0,142485.0,14400.0,10,4,1,1,14400.0,14400.0,14400.0,0.0
1623,M-1810,item:268091,7934.241959,14400.0,14400.0,203550.0,finite,2647400.985221,none,,0.0,0.0,min_max,0.0,14400.0,142485.0,14400.0,10,5,1,1,14400.0,14400.0,14400.0,0.0
1625,M-1810,item:268091,7358.987755,14400.0,14400.0,203550.0,finite,2633000.985221,none,,0.0,0.0,min_max,0.0,14400.0,142485.0,14400.0,10,1,1,1,14400.0,14400.0,14400.0,0.0
1626,M-1810,item:268091,9279.160816,14400.0,14400.0,203550.0,finite,2618600.985221,none,,0.0,0.0,min_max,0.0,14400.0,142485.0,14400.0,10,2,1,1,14400.0,14400.0,14400.0,0.0
1627,M-1810,item:268091,10111.570939,14400.0,14400.0,203550.0,finite,2604200.985221,none,,0.0,0.0,min_max,0.0,14400.0,142485.0,14400.0,10,3,1,1,14400.0,14400.0,14400.0,0.0
1628,M-1430,item:268967,18948.914286,107800.0,107800.0,154000.0,finite,1150587.226144,none,,0.0,0.0,fixed,107800.0,107800.0,107800.0,0.0,10,1,1,1,107800.0,107800.0,107800.0,0.0
1628,M-1810,item:268091,10726.428473,14400.0,14400.0,203550.0,finite,2589800.985221,none,,0.0,0.0,min_max,0.0,14400.0,142485.0,14400.0,10,4,1,1,14400.0,14400.0,14400.0,0.0
1629,M-1430,item:268967,20147.856326,107800.0,107800.0,154000.0,finite,1042787.226144,none,,0.0,0.0,fixed,107800.0,107800.0,107800.0,0.0,10,2,1,1,107800.0,107800.0,107800.0,0.0
1629,M-1810,item:268091,11138.804062,14400.0,14400.0,203550.0,finite,2575400.985221,none,,0.0,0.0,min_max,0.0,14400.0,142485.0,14400.0,10,5,1,1,14400.0,14400.0,14400.0,0.0
1630,M-1430,item:268967,17796.803918,107800.0,107800.0,154000.0,finite,934987.226144,none,,0.0,0.0,fixed,107800.0,107800.0,107800.0,0.0,10,3,1,1,107800.0,107800.0,107800.0,0.0
1630,M-1810,item:268091,11510.683261,14400.0,14400.0,203550.0,finite,2561000.985221,none,,0.0,0.0,min_max,0.0,14400.0,142485.0,14400.0,10,6,1,1,14400.0,14400.0,14400.0,0.0
1630,SDC-1450,item:773474,2014589.0576,3200000.0,3200000.0,0.0,unmodeled,192202684.563758,none,,0.0,0.0,fixed,3200000.0,0.0,0.0,0.0,10,1,1,1,3200000.0,3200000.0,3200000.0,0.0
1631,M-1810,item:268091,11874.463183,14400.0,14400.0,203550.0,finite,2546600.985221,none,,0.0,0.0,min_max,0.0,14400.0,142485.0,14400.0,10,1,1,1,14400.0,14400.0,14400.0,0.0
1632,M-1810,item:268091,12236.623249,14400.0,14400.0,203550.0,finite,2532200.985221,none,,0.0,0.0,min_max,0.0,14400.0,142485.0,14400.0,10,2,1,1,14400.0,14400.0,14400.0,0.0
1633,M-1810,item:268091,12598.459343,14400.0,14400.0,203550.0,finite,2517800.985221,none,,0.0,0.0,min_max,0.0,14400.0,142485.0,14400.0,10,3,1,1,14400.0,14400.0,14400.0,0.0
1634,M-1810,item:268091,12960.230644,14400.0,14400.0,203550.0,finite,2503400.985221,none,,0.0,0.0,min_max,0.0,14400.0,142485.0,14400.0,10,4,1,1,14400.0,14400.0,14400.0,0.0
1635,M-1810,item:268091,13321.988986,14400.0,14400.0,203550.0,finite,2489000.985221,none,,0.0,0.0,min_max,0.0,14400.0,142485.0,14400.0,10,5,1,1,14400.0,14400.0,14400.0,0.0
1636,M-1810,item:268091,12874.471266,14400.0,14400.0,203550.0,finite,2474600.985221,none,,0.0,0.0,min_max,0.0,14400.0,142485.0,14400.0,10,6,1,1,14400.0,14400.0,14400.0,0.0
1637,M-1810,item:268091,12265.098335,14400.0,14400.0,203550.0,finite,2460200.985221,none,,0.0,0.0,min_max,0.0,14400.0,142485.0,14400.0,10,7,1,1,14400.0,14400.0,14400.0,0.0
1638,M-1810,item:268091,11623.354361,14400.0,14400.0,203550.0,finite,2445800.985221,none,,0.0,0.0,min_max,0.0,14400.0,142485.0,14400.0,10,1,1,1,14400.0,14400.0,14400.0,0.0
1643,M-1810,item:268091,7281.730613,14400.0,14400.0,203550.0,finite,2431400.985221,none,,0.0,0.0,min_max,0.0,14400.0,142485.0,14400.0,10,2,1,1,14400.0,14400.0,14400.0,0.0
1645,M-1810,item:268091,7663.477551,14400.0,14400.0,203550.0,finite,2417000.985221,none,,0.0,0.0,min_max,0.0,14400.0,142485.0,14400.0,10,1,1,1,14400.0,14400.0,14400.0,0.0
1647,M-1810,item:268091,8045.22449,14400.0,14400.0,203550.0,finite,2402600.985221,none,,0.0,0.0,min_max,0.0,14400.0,142485.0,14400.0,10,2,1,1,14400.0,14400.0,14400.0,0.0
1648,M-1810,item:268091,9845.142857,14400.0,14400.0,203550.0,finite,2388200.985221,none,,0.0,0.0,min_max,0.0,14400.0,142485.0,14400.0,10,3,1,1,14400.0,14400.0,14400.0,0.0
1649,M-1810,item:268091,10396.0,14400.0,14400.0,203550.0,finite,2373800.985221,none,,0.0,0.0,min_max,0.0,14400.0,142485.0,14400.0,10,4,1,1,14400.0,14400.0,14400.0,0.0
1650,M-1810,item:268091,10125.551021,14400.0,14400.0,203550.0,finite,2359400.985221,none,,0.0,0.0,min_max,0.0,14400.0,142485.0,14400.0,10,5,1,1,14400.0,14400.0,14400.0,0.0
1651,M-1810,item:268091,9690.840816,14400.0,14400.0,203550.0,finite,2345000.985221,none,,0.0,0.0,min_max,0.0,14400.0,142485.0,14400.0,10,6,1,1,14400.0,14400.0,14400.0,0.0
1652,M-1810,item:268091,9223.278367,14400.0,14400.0,203550.0,finite,2330600.985221,none,,0.0,0.0,min_max,0.0,14400.0,142485.0,14400.0,10,1,1,1,14400.0,14400.0,14400.0,0.0
1656,M-1810,item:268091,5762.628571,14400.0,14400.0,203550.0,finite,2316200.985221,none,,0.0,0.0,min_max,0.0,14400.0,142485.0,14400.0,10,2,1,1,14400.0,14400.0,14400.0,0.0
1657,M-1810,item:268091,7679.04,14400.0,14400.0,203550.0,finite,2301800.985221,none,,0.0,0.0,min_max,0.0,14400.0,142485.0,14400.0,10,3,1,1,14400.0,14400.0,14400.0,0.0
1658,M-1810,item:268091,8826.208,14400.0,14400.0,203550.0,finite,2287400.985221,none,,0.0,0.0,min_max,0.0,14400.0,142485.0,14400.0,10,4,1,1,14400.0,14400.0,14400.0,0.0
1659,M-1810,item:268091,9819.527314,14400.0,14400.0,203550.0,finite,2273000.985221,none,,0.0,0.0,min_max,0.0,14400.0,142485.0,14400.0,10,1,1,1,14400.0,14400.0,14400.0,0.0
1660,M-1810,item:268091,10782.076891,14400.0,14400.0,203550.0,finite,2258600.985221,none,,0.0,0.0,min_max,0.0,14400.0,142485.0,14400.0,10,2,1,1,14400.0,14400.0,14400.0,0.0
1661,M-1810,item:268091,11738.472521,14400.0,14400.0,203550.0,finite,2244200.985221,none,,0.0,0.0,min_max,0.0,14400.0,142485.0,14400.0,10,3,1,1,14400.0,14400.0,14400.0,0.0
1663,M-1810,item:268091,11109.828571,14400.0,14400.0,203550.0,finite,2229800.985221,none,,0.0,0.0,min_max,0.0,14400.0,142485.0,14400.0,10,4,1,1,14400.0,14400.0,14400.0,0.0
1664,M-1810,item:268091,12623.25551,14400.0,14400.0,203550.0,finite,2215400.985221,none,,0.0,0.0,min_max,0.0,14400.0,142485.0,14400.0,10,5,1,1,14400.0,14400.0,14400.0,0.0
1665,M-1810,item:268091,12217.402122,14400.0,14400.0,203550.0,finite,2201000.985221,none,,0.0,0.0,min_max,0.0,14400.0,142485.0,14400.0,10,6,1,1,14400.0,14400.0,14400.0,0.0
1666,M-1810,item:268091,11427.692669,14400.0,14400.0,203550.0,finite,2186600.985221,none,,0.0,0.0,min_max,0.0,14400.0,142485.0,14400.0,10,1,1,1,14400.0,14400.0,14400.0,0.0
1667,M-1810,item:268091,10561.212003,14400.0,14400.0,203550.0,finite,2172200.985221,none,,0.0,0.0,min_max,0.0,14400.0,142485.0,14400.0,10,2,1,1,14400.0,14400.0,14400.0,0.0
1668,M-1810,item:268091,9679.377095,14400.0,14400.0,203550.0,finite,2157800.985221,none,,0.0,0.0,min_max,0.0,14400.0,142485.0,14400.0,10,3,1,1,14400.0,14400.0,14400.0,0.0
1685,M-1810,item:268091,4117.746939,14400.0,14400.0,203550.0,finite,2143400.985221,none,,0.0,0.0,min_max,0.0,14400.0,142485.0,14400.0,10,1,1,1,14400.0,14400.0,14400.0,0.0
1687,M-1810,item:268091,4161.469388,14400.0,14400.0,203550.0,finite,2129000.985221,none,,0.0,0.0,min_max,0.0,14400.0,142485.0,14400.0,10,1,1,1,14400.0,14400.0,14400.0,0.0
1688,M-1810,item:268091,5015.62449,14400.0,14400.0,203550.0,finite,2114600.985221,none,,0.0,0.0,min_max,0.0,14400.0,142485.0,14400.0,10,2,1,1,14400.0,14400.0,14400.0,0.0
1690,M-1810,item:268091,4227.053061,14400.0,14400.0,203550.0,finite,2100200.985221,none,,0.0,0.0,min_max,0.0,14400.0,142485.0,14400.0,10,3,1,1,14400.0,14400.0,14400.0,0.0
1691,M-1810,item:268091,5094.324898,14400.0,14400.0,203550.0,finite,2085800.985221,none,,0.0,0.0,min_max,0.0,14400.0,142485.0,14400.0,10,4,1,1,14400.0,14400.0,14400.0,0.0
1692,M-1810,item:268091,5949.575184,14400.0,14400.0,203550.0,finite,2071400.985221,none,,0.0,0.0,min_max,0.0,14400.0,142485.0,14400.0,10,5,1,1,14400.0,14400.0,14400.0,0.0
1693,M-1810,item:268091,6802.421159,14400.0,14400.0,203550.0,finite,2057000.985221,none,,0.0,0.0,min_max,0.0,14400.0,142485.0,14400.0,10,6,1,1,14400.0,14400.0,14400.0,0.0
1694,M-1810,item:268091,7654.786273,14400.0,14400.0,203550.0,finite,2042600.985221,none,,0.0,0.0,min_max,0.0,14400.0,142485.0,14400.0,10,1,1,1,14400.0,14400.0,14400.0,0.0
1695,M-1810,item:268091,8507.055214,14400.0,14400.0,203550.0,finite,2028200.985221,none,,0.0,0.0,min_max,0.0,14400.0,142485.0,14400.0,10,2,1,1,14400.0,14400.0,14400.0,0.0
1697,M-1810,item:268091,8339.689796,14400.0,14400.0,203550.0,finite,2013800.985221,none,,0.0,0.0,min_max,0.0,14400.0,142485.0,14400.0,10,3,1,1,14400.0,14400.0,14400.0,0.0
1698,M-1810,item:268091,10689.423674,14400.0,14400.0,203550.0,finite,1999400.985221,none,,0.0,0.0,min_max,0.0,14400.0,142485.0,14400.0,10,4,1,1,14400.0,14400.0,14400.0,0.0
1699,M-1810,item:268091,10959.043918,14400.0,14400.0,203550.0,finite,1985000.985221,none,,0.0,0.0,min_max,0.0,14400.0,142485.0,14400.0,10,5,1,1,14400.0,14400.0,14400.0,0.0
1700,M-1430,item:268967,6470.432653,107800.0,107800.0,154000.0,finite,3557400.078635,none,,0.0,0.0,fixed,107800.0,107800.0,107800.0,0.0,10,1,1,1,107800.0,107800.0,107800.0,0.0
1700,M-1810,item:268091,10812.641437,14400.0,14400.0,203550.0,finite,1970600.985221,none,,0.0,0.0,min_max,0.0,14400.0,142485.0,14400.0,10,6,1,1,14400.0,14400.0,14400.0,0.0
1701,M-1810,item:268091,10583.03441,14400.0,14400.0,203550.0,finite,1956200.985221,none,,0.0,0.0,min_max,0.0,14400.0,142485.0,14400.0,10,1,1,1,14400.0,14400.0,14400.0,0.0
1702,M-1810,item:268091,10336.786474,14400.0,14400.0,203550.0,finite,1941800.985221,none,,0.0,0.0,min_max,0.0,14400.0,142485.0,14400.0,10,2,1,1,14400.0,14400.0,14400.0,0.0
1703,M-1810,item:268091,10087.210356,14400.0,14400.0,203550.0,finite,1927400.985221,none,,0.0,0.0,min_max,0.0,14400.0,142485.0,14400.0,10,3,1,1,14400.0,14400.0,14400.0,0.0
1704,M-1810,item:268091,9836.968602,14400.0,14400.0,203550.0,finite,1913328.571428,none,,0.0,0.0,min_max,0.0,14400.0,142485.0,14400.0,10,4,1,1,14400.0,14400.0,14400.0,0.0
1705,M-1810,item:268091,9586.59372,14400.0,14400.0,203550.0,finite,1899256.157635,none,,0.0,0.0,min_max,0.0,14400.0,142485.0,14400.0,10,5,1,1,14400.0,14400.0,14400.0,0.0
1706,M-1810,item:268091,9486.935071,14400.0,14400.0,203550.0,finite,1885183.743842,none,,0.0,0.0,min_max,0.0,14400.0,142485.0,14400.0,10,6,1,1,14400.0,14400.0,14400.0,0.0
1712,M-1810,item:268091,7272.114286,14400.0,14400.0,203550.0,finite,1882441.37931,none,,0.0,0.0,min_max,0.0,14400.0,142485.0,14400.0,10,1,1,1,14400.0,14400.0,14400.0,0.0
1713,M-1810,item:268091,8846.210612,14400.0,14400.0,203550.0,finite,1872994.581281,none,,0.0,0.0,min_max,0.0,14400.0,142485.0,14400.0,10,2,1,1,14400.0,14400.0,14400.0,0.0
1714,M-1810,item:268091,9280.703347,14400.0,14400.0,203550.0,finite,1863781.773399,none,,0.0,0.0,min_max,0.0,14400.0,142485.0,14400.0,10,3,1,1,14400.0,14400.0,14400.0,0.0
1715,M-1810,item:268091,9487.275363,14400.0,14400.0,203550.0,finite,1855172.413793,none,,0.0,0.0,min_max,0.0,14400.0,142485.0,14400.0,10,1,1,1,14400.0,14400.0,14400.0,0.0
1716,M-1810,item:268091,9648.263236,14400.0,14400.0,203550.0,finite,1846560.591133,none,,0.0,0.0,min_max,0.0,14400.0,142485.0,14400.0,10,2,1,1,14400.0,14400.0,14400.0,0.0
1717,M-1810,item:268091,9800.13428,14400.0,14400.0,203550.0,finite,1837948.768473,none,,0.0,0.0,min_max,0.0,14400.0,142485.0,14400.0,10,3,1,1,14400.0,14400.0,14400.0,0.0
1718,M-1810,item:268091,9950.181958,14400.0,14400.0,203550.0,finite,1829336.945813,none,,0.0,0.0,min_max,0.0,14400.0,142485.0,14400.0,10,4,1,1,14400.0,14400.0,14400.0,0.0
1719,M-1810,item:268091,10099.864963,14400.0,14400.0,203550.0,finite,1820725.123153,none,,0.0,0.0,min_max,0.0,14400.0,142485.0,14400.0,10,5,1,1,14400.0,14400.0,14400.0,0.0
1720,M-1810,item:268091,10479.956666,14400.0,14400.0,203550.0,finite,1812458.128079,none,,0.0,0.0,min_max,0.0,14400.0,142485.0,14400.0,10,6,1,1,14400.0,14400.0,14400.0,0.0
1722,M-1810,item:268091,9160.293877,14400.0,14400.0,203550.0,finite,1812107.389162,none,,0.0,0.0,min_max,0.0,14400.0,142485.0,14400.0,10,1,1,1,14400.0,14400.0,14400.0,0.0
1723,M-1810,item:268091,11342.507755,14400.0,14400.0,203550.0,finite,1806463.546798,none,,0.0,0.0,min_max,0.0,14400.0,142485.0,14400.0,10,2,1,1,14400.0,14400.0,14400.0,0.0
1724,M-1810,item:268091,12129.105632,14400.0,14400.0,203550.0,finite,1802176.84729,none,,0.0,0.0,min_max,0.0,14400.0,142485.0,14400.0,10,3,1,1,14400.0,14400.0,14400.0,0.0
1726,M-1810,item:268091,10560.914286,14400.0,14400.0,203550.0,finite,1812358.128079,none,,0.0,0.0,min_max,0.0,14400.0,142485.0,14400.0,10,4,1,1,14400.0,14400.0,14400.0,0.0
1727,M-1810,item:268091,12055.08898,14400.0,14400.0,203550.0,finite,1811756.157635,none,,0.0,0.0,min_max,0.0,14400.0,142485.0,14400.0,10,5,1,1,14400.0,14400.0,14400.0,0.0
1728,M-1810,item:268091,11735.915755,14400.0,14400.0,203550.0,finite,1811149.261084,none,,0.0,0.0,min_max,0.0,14400.0,142485.0,14400.0,10,6,1,1,14400.0,14400.0,14400.0,0.0
1729,M-1810,item:268091,11054.072947,14400.0,14400.0,203550.0,finite,1810542.364532,none,,0.0,0.0,min_max,0.0,14400.0,142485.0,14400.0,10,1,1,1,14400.0,14400.0,14400.0,0.0
1730,M-1810,item:268091,10299.696222,14400.0,14400.0,203550.0,finite,1810856.650246,none,,0.0,0.0,min_max,0.0,14400.0,142485.0,14400.0,10,2,1,1,14400.0,14400.0,14400.0,0.0
1731,M-1810,item:268091,9530.812714,14400.0,14400.0,203550.0,finite,1813387.684729,none,,0.0,0.0,min_max,0.0,14400.0,142485.0,14400.0,10,3,1,1,14400.0,14400.0,14400.0,0.0
1738,M-1810,item:268091,7058.44898,14400.0,14400.0,203550.0,finite,1972692.118226,none,,0.0,0.0,min_max,0.0,14400.0,142485.0,14400.0,10,1,1,1,14400.0,14400.0,14400.0,0.0
1739,M-1810,item:268091,8634.857143,14400.0,14400.0,203550.0,finite,1989040.886699,none,,0.0,0.0,min_max,0.0,14400.0,142485.0,14400.0,10,2,1,1,14400.0,14400.0,14400.0,0.0
1740,M-1810,item:268091,9114.857143,14400.0,14400.0,203550.0,finite,2007943.842364,none,,0.0,0.0,min_max,0.0,14400.0,142485.0,14400.0,10,3,1,1,14400.0,14400.0,14400.0,0.0
1741,M-1810,item:268091,9331.967347,14400.0,14400.0,203550.0,finite,2029745.812808,none,,0.0,0.0,min_max,0.0,14400.0,142485.0,14400.0,10,4,1,1,14400.0,14400.0,14400.0,0.0
1742,M-1810,item:268091,9496.499592,14400.0,14400.0,203550.0,finite,2054215.270936,none,,0.0,0.0,min_max,0.0,14400.0,142485.0,14400.0,10,5,1,1,14400.0,14400.0,14400.0,0.0
1743,M-1810,item:268091,9650.516245,14400.0,14400.0,203550.0,finite,2080743.842364,none,,0.0,0.0,min_max,0.0,14400.0,142485.0,14400.0,10,1,1,1,14400.0,14400.0,14400.0,0.0
1744,M-1810,item:268091,9802.42978,14400.0,14400.0,203550.0,finite,2108814.285714,none,,0.0,0.0,min_max,0.0,14400.0,142485.0,14400.0,10,2,1,1,14400.0,14400.0,14400.0,0.0
1745,M-1810,item:268091,9953.922691,14400.0,14400.0,203550.0,finite,2140128.571428,none,,0.0,0.0,min_max,0.0,14400.0,142485.0,14400.0,10,3,1,1,14400.0,14400.0,14400.0,0.0
1746,M-1430,item:268967,3593.126531,107800.0,107800.0,154000.0,finite,3557400.016448,none,,0.0,0.0,fixed,107800.0,107800.0,107800.0,0.0,10,1,1,1,107800.0,107800.0,107800.0,0.0
1747,SDC-1450,item:773474,1999056.2576,3200000.0,3200000.0,0.0,unmodeled,189002684.563758,none,,0.0,0.0,fixed,3200000.0,0.0,0.0,0.0,10,1,1,1,3200000.0,3200000.0,3200000.0,0.0
1748,M-1810,item:268091,8367.053061,14400.0,14400.0,203550.0,finite,2269728.571428,none,,0.0,0.0,min_max,0.0,14400.0,142485.0,14400.0,10,4,1,1,14400.0,14400.0,14400.0,0.0
1749,M-1810,item:268091,10171.859592,14400.0,14400.0,203550.0,finite,2307932.019704,none,,0.0,0.0,min_max,0.0,14400.0,142485.0,14400.0,10,5,1,1,14400.0,14400.0,14400.0,0.0
1750,M-1810,item:268091,10664.216816,14400.0,14400.0,203550.0,finite,2348800.492611,none,,0.0,0.0,min_max,0.0,14400.0,142485.0,14400.0,10,1,1,1,14400.0,14400.0,14400.0,0.0
1751,M-1810,item:268091,10894.08418,14400.0,14400.0,203550.0,finite,2391728.078818,none,,0.0,0.0,min_max,0.0,14400.0,142485.0,14400.0,10,2,1,1,14400.0,14400.0,14400.0,0.0
1752,M-1810,item:268091,11071.453571,14400.0,14400.0,203550.0,finite,2436192.610837,none,,0.0,0.0,min_max,0.0,14400.0,142485.0,14400.0,10,3,1,1,14400.0,14400.0,14400.0,0.0
1753,M-1810,item:268091,11238.323367,14400.0,14400.0,203550.0,finite,2483900.985221,none,,0.0,0.0,min_max,0.0,14400.0,142485.0,14400.0,10,4,1,1,14400.0,14400.0,14400.0,0.0
1754,M-1810,item:268091,11403.093245,14400.0,14400.0,203550.0,finite,2533042.857143,none,,0.0,0.0,min_max,0.0,14400.0,142485.0,14400.0,10,5,1,1,14400.0,14400.0,14400.0,0.0
1755,M-1810,item:268091,10969.843139,14400.0,14400.0,203550.0,finite,2582184.729064,none,,0.0,0.0,min_max,0.0,14400.0,142485.0,14400.0,10,6,1,1,14400.0,14400.0,14400.0,0.0
1756,M-1810,item:268091,10416.989036,14400.0,14400.0,203550.0,finite,2633883.251231,none,,0.0,0.0,min_max,0.0,14400.0,142485.0,14400.0,10,7,1,1,14400.0,14400.0,14400.0,0.0
1763,M-1810,item:268091,6527.036735,14400.0,14400.0,203550.0,finite,3136054.679803,none,,0.0,0.0,min_max,0.0,14400.0,142485.0,14400.0,10,1,1,1,14400.0,14400.0,14400.0,0.0
1764,M-1430,item:268967,4388.571428,107800.0,107800.0,154000.0,finite,3530450.228748,none,,0.0,0.0,fixed,107800.0,107800.0,107800.0,0.0,10,1,1,1,107800.0,107800.0,107800.0,0.0
1764,M-1810,item:268091,8149.962449,14400.0,14400.0,203550.0,finite,3206043.842364,none,,0.0,0.0,min_max,0.0,14400.0,142485.0,14400.0,10,1,1,1,14400.0,14400.0,14400.0,0.0
1765,M-1810,item:268091,8792.065959,14400.0,14400.0,203550.0,finite,3279446.798029,none,,0.0,0.0,min_max,0.0,14400.0,142485.0,14400.0,10,2,1,1,14400.0,14400.0,14400.0,0.0
1766,M-1810,item:268091,9238.005028,14400.0,14400.0,203550.0,finite,3352844.827586,none,,0.0,0.0,min_max,0.0,14400.0,142485.0,14400.0,10,3,1,1,14400.0,14400.0,14400.0,0.0
1767,M-1810,item:268091,9644.71121,14400.0,14400.0,203550.0,finite,3431619.704433,none,,0.0,0.0,min_max,0.0,14400.0,142485.0,14400.0,10,4,1,1,14400.0,14400.0,14400.0,0.0
1768,M-1810,item:268091,10043.570813,14400.0,14400.0,203550.0,finite,3435238.890329,none,,0.0,0.0,min_max,0.0,14400.0,142485.0,14400.0,10,5,1,1,14400.0,14400.0,14400.0,0.0
1770,M-1810,item:268091,7198.906122,14400.0,14400.0,203550.0,finite,3420838.890329,none,,0.0,0.0,min_max,0.0,14400.0,142485.0,14400.0,10,6,1,1,14400.0,14400.0,14400.0,0.0
1771,M-1430,item:268967,4836.359183,107800.0,107800.0,154000.0,finite,3449600.057837,none,,0.0,0.0,fixed,107800.0,107800.0,107800.0,0.0,10,1,1,1,107800.0,107800.0,107800.0,0.0
1773,M-1810,item:268091,5825.322449,14400.0,14400.0,203550.0,finite,3406438.890329,none,,0.0,0.0,min_max,0.0,14400.0,142485.0,14400.0,10,1,1,1,14400.0,14400.0,14400.0,0.0
1774,M-1810,item:268091,6532.525714,14400.0,14400.0,203550.0,finite,3392038.890329,none,,0.0,0.0,min_max,0.0,14400.0,142485.0,14400.0,10,2,1,1,14400.0,14400.0,14400.0,0.0
1775,M-1810,item:268091,6216.105143,14400.0,14400.0,203550.0,finite,3377638.890329,none,,0.0,0.0,min_max,0.0,14400.0,142485.0,14400.0,10,3,1,1,14400.0,14400.0,14400.0,0.0
1776,M-1810,item:268091,7171.776131,14400.0,14400.0,203550.0,finite,3363238.890329,none,,0.0,0.0,min_max,0.0,14400.0,142485.0,14400.0,10,4,1,1,14400.0,14400.0,14400.0,0.0
1778,M-1810,item:268091,7966.465306,14400.0,14400.0,203550.0,finite,3348838.890329,none,,0.0,0.0,min_max,0.0,14400.0,142485.0,14400.0,10,1,1,1,14400.0,14400.0,14400.0,0.0
1779,M-1810,item:268091,10578.713469,14400.0,14400.0,203550.0,finite,3334438.890329,none,,0.0,0.0,min_max,0.0,14400.0,142485.0,14400.0,10,2,1,1,14400.0,14400.0,14400.0,0.0
1780,M-1810,item:268091,12120.118204,14400.0,14400.0,203550.0,finite,3320038.890329,none,,0.0,0.0,min_max,0.0,14400.0,142485.0,14400.0,10,3,1,1,14400.0,14400.0,14400.0,0.0
1781,M-1810,item:268091,13447.354253,14400.0,14400.0,203550.0,finite,3305638.890329,none,,0.0,0.0,min_max,0.0,14400.0,142485.0,14400.0,10,4,1,1,14400.0,14400.0,14400.0,0.0
1782,M-1810,item:268091,14731.756565,28800.0,28800.0,203550.0,finite,3291238.890329,none,,0.0,0.0,min_max,0.0,14400.0,142485.0,14400.0,10,5,1,1,28800.0,28800.0,28800.0,0.0
1783,M-1810,item:268091,15120.196211,28800.0,28800.0,203550.0,finite,3262438.890329,none,,0.0,0.0,min_max,0.0,14400.0,142485.0,14400.0,10,6,1,1,28800.0,28800.0,28800.0,0.0
1784,M-1810,item:268091,15329.443324,28800.0,28800.0,203550.0,finite,3233638.890329,none,,0.0,0.0,min_max,0.0,14400.0,142485.0,14400.0,10,7,1,1,28800.0,28800.0,28800.0,0.0
1785,M-1810,item:268091,15502.85193,28800.0,28800.0,203550.0,finite,3204838.890329,none,,0.0,0.0,min_max,0.0,14400.0,142485.0,14400.0,10,1,1,1,28800.0,28800.0,28800.0,0.0
1786,M-1810,item:268091,15669.092835,28800.0,28800.0,203550.0,finite,3176038.890329,none,,0.0,0.0,min_max,0.0,14400.0,142485.0,14400.0,10,2,1,1,28800.0,28800.0,28800.0,0.0
1787,M-1810,item:268091,15833.9002,28800.0,28800.0,203550.0,finite,3147238.890329,none,,0.0,0.0,min_max,0.0,14400.0,142485.0,14400.0,10,3,1,1,28800.0,28800.0,28800.0,0.0
1789,M-1810,item:268091,12963.2,14400.0,14400.0,203550.0,finite,3118438.890329,none,,0.0,0.0,min_max,0.0,14400.0,142485.0,14400.0,10,4,1,1,14400.0,14400.0,14400.0,0.0
1791,M-1810,item:268091,11508.146939,14400.0,14400.0,203550.0,finite,3104038.890329,none,,0.0,0.0,min_max,0.0,14400.0,142485.0,14400.0,10,5,1,1,14400.0,14400.0,14400.0,0.0
1792,M-1810,item:268091,13082.249796,14400.0,14400.0,203550.0,finite,3089638.890329,none,,0.0,0.0,min_max,0.0,14400.0,142485.0,14400.0,10,1,1,1,14400.0,14400.0,14400.0,0.0
1799,M-1810,item:268091,8189.22449,14400.0,14400.0,203550.0,finite,3075238.890329,none,,0.0,0.0,min_max,0.0,14400.0,142485.0,14400.0,10,1,1,1,14400.0,14400.0,14400.0,0.0
1800,M-1810,item:268091,9933.306123,14400.0,14400.0,203550.0,finite,3060838.890329,none,,0.0,0.0,min_max,0.0,14400.0,142485.0,14400.0,10,2,1,1,14400.0,14400.0,14400.0,0.0
1801,M-1810,item:268091,10388.359184,14400.0,14400.0,203550.0,finite,3046438.890329,none,,0.0,0.0,min_max,0.0,14400.0,142485.0,14400.0,10,3,1,1,14400.0,14400.0,14400.0,0.0
1802,M-1810,item:268091,10585.606531,14400.0,14400.0,203550.0,finite,3032038.890329,none,,0.0,0.0,min_max,0.0,14400.0,142485.0,14400.0,10,4,1,1,14400.0,14400.0,14400.0,0.0
1803,M-1810,item:268091,10731.292735,14400.0,14400.0,203550.0,finite,3017638.890329,none,,0.0,0.0,min_max,0.0,14400.0,142485.0,14400.0,10,5,1,1,14400.0,14400.0,14400.0,0.0
1804,M-1430,item:268967,4128.359183,107800.0,107800.0,154000.0,finite,3557400.037039,none,,0.0,0.0,fixed,107800.0,107800.0,107800.0,0.0,10,1,1,1,107800.0,107800.0,107800.0,0.0
1804,M-1810,item:268091,11814.634057,14400.0,14400.0,203550.0,finite,3003238.890329,none,,0.0,0.0,min_max,0.0,14400.0,142485.0,14400.0,10,6,1,1,14400.0,14400.0,14400.0,0.0
1805,M-1810,item:268091,13085.506403,14400.0,14400.0,203550.0,finite,2988838.890329,none,,0.0,0.0,min_max,0.0,14400.0,142485.0,14400.0,10,7,1,1,14400.0,14400.0,14400.0,0.0
1805,SDC-1450,item:773474,1983523.4576,3200000.0,3200000.0,0.0,unmodeled,185802684.563758,none,,0.0,0.0,fixed,3200000.0,0.0,0.0,0.0,10,1,1,1,3200000.0,3200000.0,3200000.0,0.0
1806,M-1810,item:268091,14393.884954,14400.0,14400.0,203550.0,finite,2974438.890329,none,,0.0,0.0,min_max,0.0,14400.0,142485.0,14400.0,10,1,1,1,14400.0,14400.0,14400.0,0.0
1807,M-1810,item:268091,15709.764746,28800.0,28800.0,203550.0,finite,2960038.890329,none,,0.0,0.0,min_max,0.0,14400.0,142485.0,14400.0,10,2,1,1,28800.0,28800.0,28800.0,0.0
1808,M-1810,item:268091,17027.144786,28800.0,28800.0,203550.0,finite,2931238.890329,none,,0.0,0.0,min_max,0.0,14400.0,142485.0,14400.0,10,3,1,1,28800.0,28800.0,28800.0,0.0
1809,M-1810,item:268091,18344.824876,28800.0,28800.0,203550.0,finite,2902438.890329,none,,0.0,0.0,min_max,0.0,14400.0,142485.0,14400.0,10,4,1,1,28800.0,28800.0,28800.0,0.0
1810,M-1810,item:268091,19662.564975,28800.0,28800.0,203550.0,finite,2873638.890329,none,,0.0,0.0,min_max,0.0,14400.0,142485.0,14400.0,10,5,1,1,28800.0,28800.0,28800.0,0.0
1811,M-1810,item:268091,19568.888505,28800.0,28800.0,203550.0,finite,2844838.890329,none,,0.0,0.0,min_max,0.0,14400.0,142485.0,14400.0,10,6,1,1,28800.0,28800.0,28800.0,0.0
1812,M-1810,item:268091,19192.928721,28800.0,28800.0,203550.0,finite,2816038.890329,none,,0.0,0.0,min_max,0.0,14400.0,142485.0,14400.0,10,7,1,1,28800.0,28800.0,28800.0,0.0
1813,M-1810,item:268091,18760.512275,28800.0,28800.0,203550.0,finite,2787238.890329,none,,0.0,0.0,min_max,0.0,14400.0,142485.0,14400.0,10,1,1,1,28800.0,28800.0,28800.0,0.0
1814,M-1430,item:268967,3596.571428,107800.0,107800.0,154000.0,finite,3449600.037039,none,,0.0,0.0,fixed,107800.0,107800.0,107800.0,0.0,10,1,1,1,107800.0,107800.0,107800.0,0.0
1814,M-1810,item:268091,18316.804496,28800.0,28800.0,203550.0,finite,2758438.890329,none,,0.0,0.0,min_max,0.0,14400.0,142485.0,14400.0,10,2,1,1,28800.0,28800.0,28800.0,0.0
1815,M-1810,item:268091,17870.83845,28800.0,28800.0,203550.0,finite,2729638.890329,none,,0.0,0.0,min_max,0.0,14400.0,142485.0,14400.0,10,3,1,1,28800.0,28800.0,28800.0,0.0
1816,M-1810,item:268091,17424.420751,28800.0,28800.0,203550.0,finite,2700838.890329,none,,0.0,0.0,min_max,0.0,14400.0,142485.0,14400.0,10,4,1,1,28800.0,28800.0,28800.0,0.0
1818,M-1810,item:268091,11565.453061,14400.0,14400.0,203550.0,finite,2672038.890329,none,,0.0,0.0,min_max,0.0,14400.0,142485.0,14400.0,10,5,1,1,14400.0,14400.0,14400.0,0.0
1819,M-1810,item:268091,12168.11102,14400.0,14400.0,203550.0,finite,2657638.890329,none,,0.0,0.0,min_max,0.0,14400.0,142485.0,14400.0,10,6,1,1,14400.0,14400.0,14400.0,0.0
1820,M-1810,item:268091,10578.209959,14400.0,14400.0,203550.0,finite,2643238.890329,none,,0.0,0.0,min_max,0.0,14400.0,142485.0,14400.0,10,1,1,1,14400.0,14400.0,14400.0,0.0
