day,node_id,output_item_id,desired_qty,planned_qty_after_lot_rule,actual_qty,cap_qty,capacity_limit_mode,max_from_inputs_qty,binding_cause,binding_input_item_id,shortfall_vs_desired_qty,shortfall_vs_lot_plan_qty,lot_policy_mode,lot_fixed_qty,lot_min_qty,lot_max_qty,lot_multiple_qty,max_lots_per_week,started_lots_this_week,requested_lot_starts,actual_lot_starts,campaign_requested_qty,campaign_started_qty,campaign_remaining_start_qty,campaign_remaining_end_qty
0,M-1430,item:268967,2562.857143,107800.0,107800.0,154000.0,finite,142250.0,none,,0.0,0.0,fixed,107800.0,107800.0,107800.0,0.0,10,1,1,1,107800.0,107800.0,107800.0,0.0
0,M-1810,item:268091,1900.0,14400.0,14400.0,203550.0,finite,354000.0,none,,0.0,0.0,min_max,0.0,14400.0,142485.0,14400.0,10,1,1,1,14400.0,14400.0,14400.0,0.0
1,SDC-1450,item:773474,3109461.2576,3200000.0,3200000.0,0.0,unmodeled,127751677.852349,none,,0.0,0.0,fixed,3200000.0,0.0,0.0,0.0,10,1,1,1,3200000.0,3200000.0,3200000.0,0.0
2,SDC-1450,item:773474,3299509.30912,6400000.0,6400000.0,0.0,unmodeled,124551677.852349,none,,0.0,0.0,fixed,3200000.0,0.0,0.0,0.0,10,3,2,2,6400000.0,6400000.0,6400000.0,0.0
5,SDC-1450,item:773474,2022084.4576,3200000.0,3200000.0,0.0,unmodeled,118151677.852349,none,,0.0,0.0,fixed,3200000.0,0.0,0.0,0.0,10,4,1,1,3200000.0,3200000.0,3200000.0,0.0
8,SDC-1450,item:773474,2006551.8576,3200000.0,3200000.0,0.0,unmodeled,114951677.852349,none,,0.0,0.0,fixed,3200000.0,0.0,0.0,0.0,10,1,1,1,3200000.0,3200000.0,3200000.0,0.0
11,SDC-1450,item:773474,1831019.2576,3200000.0,3200000.0,0.0,unmodeled,111751677.852349,none,,0.0,0.0,fixed,3200000.0,0.0,0.0,0.0,10,2,1,1,3200000.0,3200000.0,3200000.0,0.0
19,M-1810,item:268091,8353.17551,14400.0,14400.0,203550.0,finite,397200.0,none,,0.0,0.0,min_max,0.0,14400.0,142485.0,14400.0,10,1,1,1,14400.0,14400.0,14400.0,0.0
20,M-1810,item:268091,10515.908572,14400.0,14400.0,203550.0,finite,382800.0,none,,0.0,0.0,min_max,0.0,14400.0,142485.0,14400.0,10,2,1,1,14400.0,14400.0,14400.0,0.0
21,M-1810,item:268091,11440.553143,14400.0,14400.0,203550.0,finite,368400.0,none,,0.0,0.0,min_max,0.0,14400.0,142485.0,14400.0,10,1,1,1,14400.0,14400.0,14400.0,0.0
22,M-1810,item:268091,11472.76369,14400.0,14400.0,203550.0,finite,354000.0,none,,0.0,0.0,min_max,0.0,14400.0,142485.0,14400.0,10,2,1,1,14400.0,14400.0,14400.0,0.0
25,M-1810,item:268091,8726.497959,14400.0,14400.0,203550.0,finite,339600.0,none,,0.0,0.0,min_max,0.0,14400.0,142485.0,14400.0,10,3,1,1,14400.0,14400.0,14400.0,0.0
26,M-1810,item:268091,10319.079183,14400.0,14400.0,203550.0,finite,325200.0,none,,0.0,0.0,min_max,0.0,14400.0,142485.0,14400.0,10,4,1,1,14400.0,14400.0,14400.0,0.0
50,M-1810,item:268091,11319.477551,14400.0,14400.0,203550.0,finite,435800.0,none,,0.0,0.0,min_max,0.0,14400.0,142485.0,14400.0,10,1,1,1,14400.0,14400.0,14400.0,0.0
51,M-1810,item:268091,13509.250612,14400.0,14400.0,203550.0,finite,431400.0,none,,0.0,0.0,min_max,0.0,14400.0,142485.0,14400.0,10,2,1,1,14400.0,14400.0,14400.0,0.0
52,M-1810,item:268091,13873.082775,14400.0,14400.0,203550.0,finite,422000.0,none,,0.0,0.0,min_max,0.0,14400.0,142485.0,14400.0,10,3,1,1,14400.0,14400.0,14400.0,0.0
53,M-1810,item:268091,13871.726759,14400.0,14400.0,203550.0,finite,417600.0,none,,0.0,0.0,min_max,0.0,14400.0,142485.0,14400.0,10,4,1,1,14400.0,14400.0,14400.0,0.0
54,M-1810,item:268091,13797.333107,14400.0,14400.0,203550.0,finite,418200.0,none,,0.0,0.0,min_max,0.0,14400.0,142485.0,14400.0,10,5,1,1,14400.0,14400.0,14400.0,0.0
167,M-1430,item:268967,16555.314286,107800.0,107800.0,154000.0,finite,3393160.877366,none,,0.0,0.0,fixed,107800.0,107800.0,107800.0,0.0,10,1,1,1,107800.0,107800.0,107800.0,0.0
168,M-1430,item:268967,22259.977143,107800.0,107800.0,154000.0,finite,3285360.877366,none,,0.0,0.0,fixed,107800.0,107800.0,107800.0,0.0,10,1,1,1,107800.0,107800.0,107800.0,0.0
169,M-1430,item:268967,20810.068898,107800.0,107800.0,154000.0,finite,3177560.877366,none,,0.0,0.0,fixed,107800.0,107800.0,107800.0,0.0,10,2,1,1,107800.0,107800.0,107800.0,0.0
170,M-1430,item:268967,17929.246432,107800.0,107800.0,154000.0,finite,3069760.877366,none,,0.0,0.0,fixed,107800.0,107800.0,107800.0,0.0,10,3,1,1,107800.0,107800.0,107800.0,0.0
238,M-1810,item:268091,9021.485714,14400.0,14400.0,203550.0,finite,1371298.0,none,,0.0,0.0,min_max,0.0,14400.0,142485.0,14400.0,10,1,1,1,14400.0,14400.0,14400.0,0.0
239,M-1810,item:268091,10625.456327,14400.0,14400.0,203550.0,finite,1356898.0,none,,0.0,0.0,min_max,0.0,14400.0,142485.0,14400.0,10,2,1,1,14400.0,14400.0,14400.0,0.0
240,M-1810,item:268091,10745.923918,14400.0,14400.0,203550.0,finite,1342498.0,none,,0.0,0.0,min_max,0.0,14400.0,142485.0,14400.0,10,3,1,1,14400.0,14400.0,14400.0,0.0
241,M-1810,item:268091,10569.690906,14400.0,14400.0,203550.0,finite,1328098.0,none,,0.0,0.0,min_max,0.0,14400.0,142485.0,14400.0,10,4,1,1,14400.0,14400.0,14400.0,0.0
242,M-1810,item:268091,10334.117773,14400.0,14400.0,203550.0,finite,1313698.0,none,,0.0,0.0,min_max,0.0,14400.0,142485.0,14400.0,10,5,1,1,14400.0,14400.0,14400.0,0.0
243,M-1810,item:268091,10086.676616,14400.0,14400.0,203550.0,finite,1299298.0,none,,0.0,0.0,min_max,0.0,14400.0,142485.0,14400.0,10,6,1,1,14400.0,14400.0,14400.0,0.0
249,M-1810,item:268091,7420.865306,14400.0,14400.0,203550.0,finite,1284898.0,none,,0.0,0.0,min_max,0.0,14400.0,142485.0,14400.0,10,1,1,1,14400.0,14400.0,14400.0,0.0
251,M-1810,item:268091,7321.697959,14400.0,14400.0,203550.0,finite,1270498.0,none,,0.0,0.0,min_max,0.0,14400.0,142485.0,14400.0,10,2,1,1,14400.0,14400.0,14400.0,0.0
253,M-1810,item:268091,7391.787755,14400.0,14400.0,203550.0,finite,1256098.0,none,,0.0,0.0,min_max,0.0,14400.0,142485.0,14400.0,10,1,1,1,14400.0,14400.0,14400.0,0.0
254,M-1810,item:268091,8989.818775,14400.0,14400.0,203550.0,finite,1241698.0,none,,0.0,0.0,min_max,0.0,14400.0,142485.0,14400.0,10,2,1,1,14400.0,14400.0,14400.0,0.0
255,M-1810,item:268091,9429.098449,14400.0,14400.0,203550.0,finite,1227298.0,none,,0.0,0.0,min_max,0.0,14400.0,142485.0,14400.0,10,3,1,1,14400.0,14400.0,14400.0,0.0
256,M-1810,item:268091,9636.627853,14400.0,14400.0,203550.0,finite,1212898.0,none,,0.0,0.0,min_max,0.0,14400.0,142485.0,14400.0,10,4,1,1,14400.0,14400.0,14400.0,0.0
257,M-1810,item:268091,9797.807203,14400.0,14400.0,203550.0,finite,1198498.0,none,,0.0,0.0,min_max,0.0,14400.0,142485.0,14400.0,10,5,1,1,14400.0,14400.0,14400.0,0.0
258,M-1810,item:268091,9949.716542,14400.0,14400.0,203550.0,finite,1184098.0,none,,0.0,0.0,min_max,0.0,14400.0,142485.0,14400.0,10,6,1,1,14400.0,14400.0,14400.0,0.0
259,M-1810,item:268091,10099.77188,14400.0,14400.0,203550.0,finite,1169698.0,none,,0.0,0.0,min_max,0.0,14400.0,142485.0,14400.0,10,1,1,1,14400.0,14400.0,14400.0,0.0
260,M-1810,item:268091,10479.938049,14400.0,14400.0,203550.0,finite,1155298.0,none,,0.0,0.0,min_max,0.0,14400.0,142485.0,14400.0,10,2,1,1,14400.0,14400.0,14400.0,0.0
261,M-1810,item:268091,10906.126385,14400.0,14400.0,203550.0,finite,1140898.0,none,,0.0,0.0,min_max,0.0,14400.0,142485.0,14400.0,10,3,1,1,14400.0,14400.0,14400.0,0.0
262,M-1810,item:268091,11341.519154,14400.0,14400.0,203550.0,finite,1126498.0,none,,0.0,0.0,min_max,0.0,14400.0,142485.0,14400.0,10,4,1,1,14400.0,14400.0,14400.0,0.0
263,M-1810,item:268091,11778.75281,14400.0,14400.0,203550.0,finite,1112098.0,none,,0.0,0.0,min_max,0.0,14400.0,142485.0,14400.0,10,5,1,1,14400.0,14400.0,14400.0,0.0
264,M-1810,item:268091,12216.354644,14400.0,14400.0,203550.0,finite,1097698.0,none,,0.0,0.0,min_max,0.0,14400.0,142485.0,14400.0,10,6,1,1,14400.0,14400.0,14400.0,0.0
265,M-1810,item:268091,12654.030112,14400.0,14400.0,203550.0,finite,1083298.0,none,,0.0,0.0,min_max,0.0,14400.0,142485.0,14400.0,10,7,1,1,14400.0,14400.0,14400.0,0.0
266,M-1810,item:268091,13091.720308,14400.0,14400.0,203550.0,finite,1068898.0,none,,0.0,0.0,min_max,0.0,14400.0,142485.0,14400.0,10,1,1,1,14400.0,14400.0,14400.0,0.0
267,M-1810,item:268091,12561.250184,14400.0,14400.0,203550.0,finite,1054498.0,none,,0.0,0.0,min_max,0.0,14400.0,142485.0,14400.0,10,2,1,1,14400.0,14400.0,14400.0,0.0
268,M-1810,item:268091,11837.147996,14400.0,14400.0,203550.0,finite,1040098.0,none,,0.0,0.0,min_max,0.0,14400.0,142485.0,14400.0,10,3,1,1,14400.0,14400.0,14400.0,0.0
269,M-1810,item:268091,11074.319395,14400.0,14400.0,203550.0,finite,1025698.0,none,,0.0,0.0,min_max,0.0,14400.0,142485.0,14400.0,10,4,1,1,14400.0,14400.0,14400.0,0.0
270,M-1810,item:268091,10303.745512,14400.0,14400.0,203550.0,finite,1011298.0,none,,0.0,0.0,min_max,0.0,14400.0,142485.0,14400.0,10,5,1,1,14400.0,14400.0,14400.0,0.0
280,M-1810,item:268091,7387.885714,14400.0,14400.0,203550.0,finite,996898.0,none,,0.0,0.0,min_max,0.0,14400.0,142485.0,14400.0,10,1,1,1,14400.0,14400.0,14400.0,0.0
281,M-1810,item:268091,8986.573061,14400.0,14400.0,203550.0,finite,982498.0,none,,0.0,0.0,min_max,0.0,14400.0,142485.0,14400.0,10,2,1,1,14400.0,14400.0,14400.0,0.0
282,M-1810,item:268091,9427.420735,14400.0,14400.0,203550.0,finite,968098.0,none,,0.0,0.0,min_max,0.0,14400.0,142485.0,14400.0,10,3,1,1,14400.0,14400.0,14400.0,0.0
283,M-1810,item:268091,9636.700474,14400.0,14400.0,203550.0,finite,953698.0,none,,0.0,0.0,min_max,0.0,14400.0,142485.0,14400.0,10,4,1,1,14400.0,14400.0,14400.0,0.0
284,M-1810,item:268091,9799.666626,14400.0,14400.0,203550.0,finite,939298.0,none,,0.0,0.0,min_max,0.0,14400.0,142485.0,14400.0,10,5,1,1,14400.0,14400.0,14400.0,0.0
285,M-1810,item:268091,9953.37006,14400.0,14400.0,203550.0,finite,924898.0,none,,0.0,0.0,min_max,0.0,14400.0,142485.0,14400.0,10,6,1,1,14400.0,14400.0,14400.0,0.0
286,M-1810,item:268091,10105.220951,14400.0,14400.0,203550.0,finite,910498.0,none,,0.0,0.0,min_max,0.0,14400.0,142485.0,14400.0,10,7,1,1,14400.0,14400.0,14400.0,0.0
287,M-1810,item:268091,10256.701333,14400.0,14400.0,203550.0,finite,896098.0,none,,0.0,0.0,min_max,0.0,14400.0,142485.0,14400.0,10,1,1,1,14400.0,14400.0,14400.0,0.0
288,M-1810,item:268091,10418.393328,14400.0,14400.0,203550.0,finite,881698.0,none,,0.0,0.0,min_max,0.0,14400.0,142485.0,14400.0,10,2,1,1,14400.0,14400.0,14400.0,0.0
289,M-1810,item:268091,10582.127645,14400.0,14400.0,203550.0,finite,867298.0,none,,0.0,0.0,min_max,0.0,14400.0,142485.0,14400.0,10,3,1,1,14400.0,14400.0,14400.0,0.0
290,M-1810,item:268091,10746.270427,14400.0,14400.0,203550.0,finite,852898.0,none,,0.0,0.0,min_max,0.0,14400.0,142485.0,14400.0,10,4,1,1,14400.0,14400.0,14400.0,0.0
291,M-1810,item:268091,10910.494902,14400.0,14400.0,203550.0,finite,838498.0,none,,0.0,0.0,min_max,0.0,14400.0,142485.0,14400.0,10,5,1,1,14400.0,14400.0,14400.0,0.0
292,M-1810,item:268091,11074.735715,14400.0,14400.0,203550.0,finite,824098.0,none,,0.0,0.0,min_max,0.0,14400.0,142485.0,14400.0,10,6,1,1,14400.0,14400.0,14400.0,0.0
293,M-1810,item:268091,11238.979796,14400.0,14400.0,203550.0,finite,809698.0,none,,0.0,0.0,min_max,0.0,14400.0,142485.0,14400.0,10,7,1,1,14400.0,14400.0,14400.0,0.0
294,M-1810,item:268091,11403.22453,14400.0,14400.0,203550.0,finite,795298.0,none,,0.0,0.0,min_max,0.0,14400.0,142485.0,14400.0,10,1,1,1,14400.0,14400.0,14400.0,0.0
295,M-1810,item:268091,10969.869396,14400.0,14400.0,203550.0,finite,780898.0,none,,0.0,0.0,min_max,0.0,14400.0,142485.0,14400.0,10,2,1,1,14400.0,14400.0,14400.0,0.0
296,M-1810,item:268091,10416.994287,14400.0,14400.0,203550.0,finite,766498.0,none,,0.0,0.0,min_max,0.0,14400.0,142485.0,14400.0,10,3,1,1,14400.0,14400.0,14400.0,0.0
297,M-1810,item:268091,9840.215184,14400.0,14400.0,203550.0,finite,752098.0,none,,0.0,0.0,min_max,0.0,14400.0,142485.0,14400.0,10,4,1,1,14400.0,14400.0,14400.0,0.0
307,M-1810,item:268091,7797.110204,14400.0,14400.0,203550.0,finite,737698.0,none,,0.0,0.0,min_max,0.0,14400.0,142485.0,14400.0,10,1,1,1,14400.0,14400.0,14400.0,0.0
308,M-1810,item:268091,9674.050612,14400.0,14400.0,203550.0,finite,723298.0,none,,0.0,0.0,min_max,0.0,14400.0,142485.0,14400.0,10,1,1,1,14400.0,14400.0,14400.0,0.0
309,M-1810,item:268091,9591.577469,14400.0,14400.0,203550.0,finite,708898.0,none,,0.0,0.0,min_max,0.0,14400.0,142485.0,14400.0,10,2,1,1,14400.0,14400.0,14400.0,0.0
310,M-1810,item:268091,9117.221616,14400.0,14400.0,203550.0,finite,694498.0,none,,0.0,0.0,min_max,0.0,14400.0,142485.0,14400.0,10,3,1,1,14400.0,14400.0,14400.0,0.0
311,M-1810,item:268091,8564.489221,14400.0,14400.0,203550.0,finite,680098.0,none,,0.0,0.0,min_max,0.0,14400.0,142485.0,14400.0,10,4,1,1,14400.0,14400.0,14400.0,0.0
318,M-1810,item:268091,7966.465306,14400.0,14400.0,203550.0,finite,665698.0,none,,0.0,0.0,min_max,0.0,14400.0,142485.0,14400.0,10,1,1,1,14400.0,14400.0,14400.0,0.0
319,M-1810,item:268091,10578.713469,14400.0,14400.0,203550.0,finite,651298.0,none,,0.0,0.0,min_max,0.0,14400.0,142485.0,14400.0,10,2,1,1,14400.0,14400.0,14400.0,0.0
320,M-1810,item:268091,12120.118204,14400.0,14400.0,203550.0,finite,636898.0,none,,0.0,0.0,min_max,0.0,14400.0,142485.0,14400.0,10,3,1,1,14400.0,14400.0,14400.0,0.0
321,M-1810,item:268091,13447.354253,14400.0,14400.0,203550.0,finite,622498.0,none,,0.0,0.0,min_max,0.0,14400.0,142485.0,14400.0,10,4,1,1,14400.0,14400.0,14400.0,0.0
322,M-1810,item:268091,14731.756565,28800.0,28800.0,203550.0,finite,608098.0,none,,0.0,0.0,min_max,0.0,14400.0,142485.0,14400.0,10,1,1,1,28800.0,28800.0,28800.0,0.0
323,M-1810,item:268091,15120.196211,28800.0,28800.0,203550.0,finite,579298.0,none,,0.0,0.0,min_max,0.0,14400.0,142485.0,14400.0,10,2,1,1,28800.0,28800.0,28800.0,0.0
324,M-1810,item:268091,15329.443324,28800.0,28800.0,203550.0,finite,550498.0,none,,0.0,0.0,min_max,0.0,14400.0,142485.0,14400.0,10,3,1,1,28800.0,28800.0,28800.0,0.0
325,M-1810,item:268091,15502.85193,28800.0,28800.0,203550.0,finite,521698.0,none,,0.0,0.0,min_max,0.0,14400.0,142485.0,14400.0,10,4,1,1,28800.0,28800.0,28800.0,0.0
326,M-1810,item:268091,15669.092835,28800.0,28800.0,203550.0,finite,492898.0,none,,0.0,0.0,min_max,0.0,14400.0,142485.0,14400.0,10,5,1,1,28800.0,28800.0,28800.0,0.0
327,M-1430,item:268967,5089.387755,107800.0,107800.0,154000.0,finite,3557400.019141,none,,0.0,0.0,fixed,107800.0,107800.0,107800.0,0.0,10,1,1,1,107800.0,107800.0,107800.0,0.0
327,M-1810,item:268091,15833.9002,28800.0,28800.0,203550.0,finite,464098.0,none,,0.0,0.0,min_max,0.0,14400.0,142485.0,14400.0,10,6,1,1,28800.0,28800.0,28800.0,0.0
328,M-1810,item:268091,15998.420856,28800.0,28800.0,203550.0,finite,435298.0,none,,0.0,0.0,min_max,0.0,14400.0,142485.0,14400.0,10,7,1,1,28800.0,28800.0,28800.0,0.0
328,SDC-1450,item:773474,1908934.4576,3200000.0,3200000.0,0.0,unmodeled,256202684.563758,none,,0.0,0.0,fixed,3200000.0,0.0,0.0,0.0,10,1,1,1,3200000.0,3200000.0,3200000.0,0.0
329,M-1810,item:268091,16162.884171,28800.0,28800.0,203550.0,finite,406498.0,none,,0.0,0.0,min_max,0.0,14400.0,142485.0,14400.0,10,1,1,1,28800.0,28800.0,28800.0,0.0
330,M-1810,item:268091,15468.250304,28800.0,28800.0,203550.0,finite,377698.0,none,,0.0,0.0,min_max,0.0,14400.0,142485.0,14400.0,10,2,1,1,28800.0,28800.0,28800.0,0.0
331,M-1810,item:268091,14601.796999,28800.0,28800.0,203550.0,finite,373898.0,none,,0.0,0.0,min_max,0.0,14400.0,142485.0,14400.0,10,3,1,1,28800.0,28800.0,28800.0,0.0
332,M-1810,item:268091,13700.979808,14400.0,14400.0,203550.0,finite,395098.0,none,,0.0,0.0,min_max,0.0,14400.0,142485.0,14400.0,10,4,1,1,14400.0,14400.0,14400.0,0.0
333,M-1810,item:268091,12793.289839,14400.0,14400.0,203550.0,finite,380698.0,none,,0.0,0.0,min_max,0.0,14400.0,142485.0,14400.0,10,5,1,1,14400.0,14400.0,14400.0,0.0
334,M-1810,item:268091,11884.225315,14400.0,14400.0,203550.0,finite,391298.0,none,,0.0,0.0,min_max,0.0,14400.0,142485.0,14400.0,10,6,1,1,14400.0,14400.0,14400.0,0.0
342,M-1810,item:268091,8507.934694,14400.0,14400.0,203550.0,finite,426898.0,none,,0.0,0.0,min_max,0.0,14400.0,142485.0,14400.0,10,1,1,1,14400.0,14400.0,14400.0,0.0
343,M-1810,item:268091,10315.758368,14400.0,14400.0,203550.0,finite,412498.0,none,,0.0,0.0,min_max,0.0,14400.0,142485.0,14400.0,10,1,1,1,14400.0,14400.0,14400.0,0.0
344,M-1810,item:268091,11731.527184,14400.0,14400.0,203550.0,finite,398098.0,none,,0.0,0.0,min_max,0.0,14400.0,142485.0,14400.0,10,2,1,1,14400.0,14400.0,14400.0,0.0
345,M-1810,item:268091,13068.885029,14400.0,14400.0,203550.0,finite,383698.0,none,,0.0,0.0,min_max,0.0,14400.0,142485.0,14400.0,10,3,1,1,14400.0,14400.0,14400.0,0.0
346,M-1810,item:268091,14390.560679,14400.0,14400.0,203550.0,finite,369298.0,none,,0.0,0.0,min_max,0.0,14400.0,142485.0,14400.0,10,4,1,1,14400.0,14400.0,14400.0,0.0
347,M-1430,item:268967,4983.15102,107800.0,107800.0,154000.0,finite,3508325.0,none,,0.0,0.0,fixed,107800.0,107800.0,107800.0,0.0,10,1,1,1,107800.0,107800.0,107800.0,0.0
347,M-1810,item:268091,15709.099891,28800.0,28800.0,203550.0,finite,354898.0,none,,0.0,0.0,min_max,0.0,14400.0,142485.0,14400.0,10,5,1,1,28800.0,28800.0,28800.0,0.0
348,M-1810,item:268091,17027.011815,28800.0,28800.0,203550.0,finite,326098.0,none,,0.0,0.0,min_max,0.0,14400.0,142485.0,14400.0,10,6,1,1,28800.0,28800.0,28800.0,0.0
349,M-1810,item:268091,18344.798281,28800.0,28800.0,203550.0,finite,297298.0,none,,0.0,0.0,min_max,0.0,14400.0,142485.0,14400.0,10,7,1,1,28800.0,28800.0,28800.0,0.0
350,M-1810,item:268091,19662.559656,28800.0,28800.0,203550.0,finite,293498.0,none,,0.0,0.0,min_max,0.0,14400.0,142485.0,14400.0,10,1,1,1,28800.0,28800.0,28800.0,0.0
351,M-1810,item:268091,19568.887441,28800.0,28800.0,203550.0,finite,264698.0,none,,0.0,0.0,min_max,0.0,14400.0,142485.0,14400.0,10,2,1,1,28800.0,28800.0,28800.0,0.0
352,M-1810,item:268091,19192.928509,28800.0,28800.0,203550.0,finite,260898.0,none,,0.0,0.0,min_max,0.0,14400.0,142485.0,14400.0,10,3,1,1,28800.0,28800.0,28800.0,0.0
353,M-1810,item:268091,18760.512232,28800.0,28800.0,203550.0,finite,232098.0,none,,0.0,0.0,min_max,0.0,14400.0,142485.0,14400.0,10,4,1,1,28800.0,28800.0,28800.0,0.0
354,M-1810,item:268091,18316.804487,28800.0,28800.0,203550.0,finite,210800.0,none,,0.0,0.0,min_max,0.0,14400.0,142485.0,14400.0,10,5,1,1,28800.0,28800.0,28800.0,0.0
355,M-1810,item:268091,17870.838448,28800.0,28800.0,203550.0,finite,182000.0,none,,0.0,0.0,min_max,0.0,14400.0,142485.0,14400.0,10,6,1,1,28800.0,28800.0,28800.0,0.0
356,M-1810,item:268091,17424.420751,28800.0,28800.0,203550.0,finite,153200.0,none,,0.0,0.0,min_max,0.0,14400.0,142485.0,14400.0,10,7,1,1,28800.0,28800.0,28800.0,0.0
357,M-1810,item:268091,16977.912721,28800.0,28800.0,203550.0,finite,124400.0,none,,0.0,0.0,min_max,0.0,14400.0,142485.0,14400.0,10,1,1,1,28800.0,28800.0,28800.0,0.0
358,M-1810,item:268091,14961.035605,28800.0,28800.0,203550.0,finite,95600.0,none,,0.0,0.0,min_max,0.0,14400.0,142485.0,14400.0,10,2,1,1,28800.0,28800.0,28800.0,0.0
359,M-1810,item:268091,12847.227529,14400.0,14400.0,203550.0,finite,66800.0,none,,0.0,0.0,min_max,0.0,14400.0,142485.0,14400.0,10,3,1,1,14400.0,14400.0,14400.0,0.0
373,M-1430,item:268967,4766.87347,107800.0,107800.0,154000.0,finite,3557400.101919,none,,0.0,0.0,fixed,107800.0,107800.0,107800.0,0.0,10,1,1,1,107800.0,107800.0,107800.0,0.0
385,M-1810,item:268091,8845.27347,14400.0,14400.0,203550.0,finite,319898.0,none,,0.0,0.0,min_max,0.0,14400.0,142485.0,14400.0,10,1,1,1,14400.0,14400.0,14400.0,0.0
386,M-1810,item:268091,11106.426123,14400.0,14400.0,203550.0,finite,305498.0,none,,0.0,0.0,min_max,0.0,14400.0,142485.0,14400.0,10,2,1,1,14400.0,14400.0,14400.0,0.0
387,M-1810,item:268091,11405.938286,14400.0,14400.0,203550.0,finite,291098.0,none,,0.0,0.0,min_max,0.0,14400.0,142485.0,14400.0,10,3,1,1,14400.0,14400.0,14400.0,0.0
388,M-1810,item:268091,11313.122351,14400.0,14400.0,203550.0,finite,326698.0,none,,0.0,0.0,min_max,0.0,14400.0,142485.0,14400.0,10,4,1,1,14400.0,14400.0,14400.0,0.0
389,M-1810,item:268091,11141.840797,14400.0,14400.0,203550.0,finite,337298.0,none,,0.0,0.0,min_max,0.0,14400.0,142485.0,14400.0,10,5,1,1,14400.0,14400.0,14400.0,0.0
390,M-1810,item:268091,10954.866118,14400.0,14400.0,203550.0,finite,322898.0,none,,0.0,0.0,min_max,0.0,14400.0,142485.0,14400.0,10,6,1,1,14400.0,14400.0,14400.0,0.0
391,M-1810,item:268091,10764.752815,14400.0,14400.0,203550.0,finite,308498.0,none,,0.0,0.0,min_max,0.0,14400.0,142485.0,14400.0,10,7,1,1,14400.0,14400.0,14400.0,0.0
392,M-1810,item:268091,10574.011787,14400.0,14400.0,203550.0,finite,319098.0,none,,0.0,0.0,min_max,0.0,14400.0,142485.0,14400.0,10,1,1,1,14400.0,14400.0,14400.0,0.0
395,M-1810,item:268091,8064.718367,14400.0,14400.0,203550.0,finite,429698.0,none,,0.0,0.0,min_max,0.0,14400.0,142485.0,14400.0,10,2,1,1,14400.0,14400.0,14400.0,0.0
398,M-1810,item:268091,7759.281633,14400.0,14400.0,203550.0,finite,540298.0,none,,0.0,0.0,min_max,0.0,14400.0,142485.0,14400.0,10,3,1,1,14400.0,14400.0,14400.0,0.0
401,M-1810,item:268091,7283.167347,14400.0,14400.0,203550.0,finite,650898.0,none,,0.0,0.0,min_max,0.0,14400.0,142485.0,14400.0,10,1,1,1,14400.0,14400.0,14400.0,0.0
404,M-1430,item:268967,4447.216327,107800.0,107800.0,154000.0,finite,3557400.039732,none,,0.0,0.0,fixed,107800.0,107800.0,107800.0,0.0,10,1,1,1,107800.0,107800.0,107800.0,0.0
405,SDC-1450,item:773474,1893401.6576,3200000.0,3200000.0,0.0,unmodeled,253002684.563758,none,,0.0,0.0,fixed,3200000.0,0.0,0.0,0.0,10,1,1,1,3200000.0,3200000.0,3200000.0,0.0
410,M-1810,item:268091,8110.530612,14400.0,14400.0,203550.0,finite,936498.0,none,,0.0,0.0,min_max,0.0,14400.0,142485.0,14400.0,10,1,1,1,14400.0,14400.0,14400.0,0.0
411,M-1810,item:268091,10553.404082,14400.0,14400.0,203550.0,finite,922098.0,none,,0.0,0.0,min_max,0.0,14400.0,142485.0,14400.0,10,2,1,1,14400.0,14400.0,14400.0,0.0
412,M-1810,item:268091,11862.746122,14400.0,14400.0,203550.0,finite,932698.0,none,,0.0,0.0,min_max,0.0,14400.0,142485.0,14400.0,10,3,1,1,14400.0,14400.0,14400.0,0.0
413,M-1810,item:268091,12945.381878,14400.0,14400.0,203550.0,finite,918298.0,none,,0.0,0.0,min_max,0.0,14400.0,142485.0,14400.0,10,1,1,1,14400.0,14400.0,14400.0,0.0
414,M-1810,item:268091,13982.676376,14400.0,14400.0,203550.0,finite,953898.0,none,,0.0,0.0,min_max,0.0,14400.0,142485.0,14400.0,10,2,1,1,14400.0,14400.0,14400.0,0.0
415,M-1810,item:268091,14116.012826,14400.0,14400.0,203550.0,finite,964498.0,none,,0.0,0.0,min_max,0.0,14400.0,142485.0,14400.0,10,3,1,1,14400.0,14400.0,14400.0,0.0
416,M-1810,item:268091,14068.557667,14400.0,14400.0,203550.0,finite,1000098.0,none,,0.0,0.0,min_max,0.0,14400.0,142485.0,14400.0,10,4,1,1,14400.0,14400.0,14400.0,0.0
417,M-1810,item:268091,13984.944186,14400.0,14400.0,203550.0,finite,1010698.0,none,,0.0,0.0,min_max,0.0,14400.0,142485.0,14400.0,10,5,1,1,14400.0,14400.0,14400.0,0.0
418,M-1810,item:268091,13894.099041,14400.0,14400.0,203550.0,finite,1096298.0,none,,0.0,0.0,min_max,0.0,14400.0,142485.0,14400.0,10,6,1,1,14400.0,14400.0,14400.0,0.0
419,M-1430,item:268967,4771.804082,107800.0,107800.0,154000.0,finite,3476550.17955,none,,0.0,0.0,fixed,107800.0,107800.0,107800.0,0.0,10,1,1,1,107800.0,107800.0,107800.0,0.0
419,M-1810,item:268091,13801.807563,14400.0,14400.0,203550.0,finite,1106898.0,none,,0.0,0.0,min_max,0.0,14400.0,142485.0,14400.0,10,7,1,1,14400.0,14400.0,14400.0,0.0
420,M-1810,item:268091,13709.226818,14400.0,14400.0,203550.0,finite,1117498.0,none,,0.0,0.0,min_max,0.0,14400.0,142485.0,14400.0,10,1,1,1,14400.0,14400.0,14400.0,0.0
421,M-1810,item:268091,13616.58822,14400.0,14400.0,203550.0,finite,1103098.0,none,,0.0,0.0,min_max,0.0,14400.0,142485.0,14400.0,10,2,1,1,14400.0,14400.0,14400.0,0.0
422,M-1810,item:268091,13338.925807,14400.0,14400.0,203550.0,finite,1138698.0,none,,0.0,0.0,min_max,0.0,14400.0,142485.0,14400.0,10,3,1,1,14400.0,14400.0,14400.0,0.0
423,M-1810,item:268091,13024.258631,14400.0,14400.0,203550.0,finite,1149298.0,none,,0.0,0.0,min_max,0.0,14400.0,142485.0,14400.0,10,4,1,1,14400.0,14400.0,14400.0,0.0
424,M-1810,item:268091,12702.190501,14400.0,14400.0,203550.0,finite,1134898.0,none,,0.0,0.0,min_max,0.0,14400.0,142485.0,14400.0,10,5,1,1,14400.0,14400.0,14400.0,0.0
425,M-1810,item:268091,12378.642182,14400.0,14400.0,203550.0,finite,1145498.0,none,,0.0,0.0,min_max,0.0,14400.0,142485.0,14400.0,10,6,1,1,14400.0,14400.0,14400.0,0.0
426,M-1810,item:268091,12054.797824,14400.0,14400.0,203550.0,finite,1156098.0,none,,0.0,0.0,min_max,0.0,14400.0,142485.0,14400.0,10,7,1,1,14400.0,14400.0,14400.0,0.0
427,M-1810,item:268091,11730.894259,14400.0,14400.0,203550.0,finite,1241698.0,none,,0.0,0.0,min_max,0.0,14400.0,142485.0,14400.0,10,1,1,1,14400.0,14400.0,14400.0,0.0
428,M-1810,item:268091,11406.978852,14400.0,14400.0,203550.0,finite,1227298.0,none,,0.0,0.0,min_max,0.0,14400.0,142485.0,14400.0,10,2,1,1,14400.0,14400.0,14400.0,0.0
429,M-1810,item:268091,11140.040668,14400.0,14400.0,203550.0,finite,1262898.0,none,,0.0,0.0,min_max,0.0,14400.0,142485.0,14400.0,10,3,1,1,14400.0,14400.0,14400.0,0.0
430,M-1810,item:268091,10884.49793,14400.0,14400.0,203550.0,finite,1273498.0,none,,0.0,0.0,min_max,0.0,14400.0,142485.0,14400.0,10,4,1,1,14400.0,14400.0,14400.0,0.0
431,M-1810,item:268091,10631.23428,14400.0,14400.0,203550.0,finite,1334098.0,none,,0.0,0.0,min_max,0.0,14400.0,142485.0,14400.0,10,5,1,1,14400.0,14400.0,14400.0,0.0
432,M-1810,item:268091,10378.426448,14400.0,14400.0,203550.0,finite,1394698.0,none,,0.0,0.0,min_max,0.0,14400.0,142485.0,14400.0,10,6,1,1,14400.0,14400.0,14400.0,0.0
433,M-1810,item:268091,10125.709779,14400.0,14400.0,203550.0,finite,1430298.0,none,,0.0,0.0,min_max,0.0,14400.0,142485.0,14400.0,10,7,1,1,14400.0,14400.0,14400.0,0.0
434,M-1810,item:268091,9873.011344,14400.0,14400.0,203550.0,finite,1440898.0,none,,0.0,0.0,min_max,0.0,14400.0,142485.0,14400.0,10,1,1,1,14400.0,14400.0,14400.0,0.0
435,M-1810,item:268091,9620.316554,14400.0,14400.0,203550.0,finite,1501498.0,none,,0.0,0.0,min_max,0.0,14400.0,142485.0,14400.0,10,2,1,1,14400.0,14400.0,14400.0,0.0
436,M-1430,item:268967,4772.75102,107800.0,107800.0,154000.0,finite,3521466.913482,none,,0.0,0.0,fixed,107800.0,107800.0,107800.0,0.0,10,1,1,1,107800.0,107800.0,107800.0,0.0
436,M-1810,item:268091,9801.744943,14400.0,14400.0,203550.0,finite,1587098.0,none,,0.0,0.0,min_max,0.0,14400.0,142485.0,14400.0,10,3,1,1,14400.0,14400.0,14400.0,0.0
437,M-1810,item:268091,10069.997968,14400.0,14400.0,203550.0,finite,1697698.0,none,,0.0,0.0,min_max,0.0,14400.0,142485.0,14400.0,10,4,1,1,14400.0,14400.0,14400.0,0.0
438,M-1810,item:268091,10355.61592,14400.0,14400.0,203550.0,finite,1733298.0,none,,0.0,0.0,min_max,0.0,14400.0,142485.0,14400.0,10,5,1,1,14400.0,14400.0,14400.0,0.0
439,M-1810,item:268091,10644.706858,14400.0,14400.0,203550.0,finite,1793898.0,none,,0.0,0.0,min_max,0.0,14400.0,142485.0,14400.0,10,6,1,1,14400.0,14400.0,14400.0,0.0
440,M-1810,item:268091,10934.492392,14400.0,14400.0,203550.0,finite,1879498.0,none,,0.0,0.0,min_max,0.0,14400.0,142485.0,14400.0,10,7,1,1,14400.0,14400.0,14400.0,0.0
441,M-1810,item:268091,11224.416846,14400.0,14400.0,203550.0,finite,1940098.0,none,,0.0,0.0,min_max,0.0,14400.0,142485.0,14400.0,10,1,1,1,14400.0,14400.0,14400.0,0.0
442,M-1810,item:268091,11514.369084,14400.0,14400.0,203550.0,finite,2000698.0,none,,0.0,0.0,min_max,0.0,14400.0,142485.0,14400.0,10,2,1,1,14400.0,14400.0,14400.0,0.0
443,M-1810,item:268091,11654.188103,14400.0,14400.0,203550.0,finite,2086298.0,none,,0.0,0.0,min_max,0.0,14400.0,142485.0,14400.0,10,3,1,1,14400.0,14400.0,14400.0,0.0
444,M-1810,item:268091,11763.980478,14400.0,14400.0,203550.0,finite,2146898.0,none,,0.0,0.0,min_max,0.0,14400.0,142485.0,14400.0,10,4,1,1,14400.0,14400.0,14400.0,0.0
445,M-1810,item:268091,11867.767524,14400.0,14400.0,203550.0,finite,2232498.0,none,,0.0,0.0,min_max,0.0,14400.0,142485.0,14400.0,10,5,1,1,14400.0,14400.0,14400.0,0.0
446,M-1810,item:268091,11970.353505,14400.0,14400.0,203550.0,finite,2293098.0,none,,0.0,0.0,min_max,0.0,14400.0,142485.0,14400.0,10,6,1,1,14400.0,14400.0,14400.0,0.0
447,M-1810,item:268091,12072.699273,14400.0,14400.0,203550.0,finite,2303698.0,none,,0.0,0.0,min_max,0.0,14400.0,142485.0,14400.0,10,7,1,1,14400.0,14400.0,14400.0,0.0
448,M-1810,item:268091,12174.996997,14400.0,14400.0,203550.0,finite,2414298.0,none,,0.0,0.0,min_max,0.0,14400.0,142485.0,14400.0,10,1,1,1,14400.0,14400.0,14400.0,0.0
449,M-1810,item:268091,12277.285114,14400.0,14400.0,203550.0,finite,2499898.0,none,,0.0,0.0,min_max,0.0,14400.0,142485.0,14400.0,10,2,1,1,14400.0,14400.0,14400.0,0.0
450,M-1810,item:268091,11908.469268,14400.0,14400.0,203550.0,finite,2535498.0,none,,0.0,0.0,min_max,0.0,14400.0,142485.0,14400.0,10,3,1,1,14400.0,14400.0,14400.0,0.0
451,M-1810,item:268091,11445.432629,14400.0,14400.0,203550.0,finite,2596098.0,none,,0.0,0.0,min_max,0.0,14400.0,142485.0,14400.0,10,4,1,1,14400.0,14400.0,14400.0,0.0
452,M-1810,item:268091,10963.551832,14400.0,14400.0,203550.0,finite,2706698.0,none,,0.0,0.0,min_max,0.0,14400.0,142485.0,14400.0,10,5,1,1,14400.0,14400.0,14400.0,0.0
453,M-1810,item:268091,10477.902203,14400.0,14400.0,203550.0,finite,2817298.0,none,,0.0,0.0,min_max,0.0,14400.0,142485.0,14400.0,10,6,1,1,14400.0,14400.0,14400.0,0.0
463,M-1430,item:268967,4389.942857,107800.0,107800.0,154000.0,finite,3557400.060323,none,,0.0,0.0,fixed,107800.0,107800.0,107800.0,0.0,10,1,1,1,107800.0,107800.0,107800.0,0.0
464,SDC-1450,item:773474,1877868.8576,3200000.0,3200000.0,0.0,unmodeled,249802684.563758,none,,0.0,0.0,fixed,3200000.0,0.0,0.0,0.0,10,1,1,1,3200000.0,3200000.0,3200000.0,0.0
467,M-1810,item:268091,8271.722449,14400.0,14400.0,203550.0,finite,3977898.0,none,,0.0,0.0,min_max,0.0,14400.0,142485.0,14400.0,10,1,1,1,14400.0,14400.0,14400.0,0.0
468,M-1810,item:268091,10643.797551,14400.0,14400.0,203550.0,finite,4088498.0,none,,0.0,0.0,min_max,0.0,14400.0,142485.0,14400.0,10,2,1,1,14400.0,14400.0,14400.0,0.0
469,M-1810,item:268091,11835.943184,14400.0,14400.0,203550.0,finite,4299098.0,none,,0.0,0.0,min_max,0.0,14400.0,142485.0,14400.0,10,1,1,1,14400.0,14400.0,14400.0,0.0
470,M-1810,item:268091,12792.102922,14400.0,14400.0,203550.0,finite,4384698.0,none,,0.0,0.0,min_max,0.0,14400.0,142485.0,14400.0,10,2,1,1,14400.0,14400.0,14400.0,0.0
471,M-1810,item:268091,12503.596095,14400.0,14400.0,203550.0,finite,4445298.0,none,,0.0,0.0,min_max,0.0,14400.0,142485.0,14400.0,10,3,1,1,14400.0,14400.0,14400.0,0.0
472,M-1810,item:268091,11966.155953,14400.0,14400.0,203550.0,finite,4480898.0,none,,0.0,0.0,min_max,0.0,14400.0,142485.0,14400.0,10,4,1,1,14400.0,14400.0,14400.0,0.0
473,M-1810,item:268091,11378.92915,14400.0,14400.0,203550.0,finite,4591498.0,none,,0.0,0.0,min_max,0.0,14400.0,142485.0,14400.0,10,5,1,1,14400.0,14400.0,14400.0,0.0
474,M-1810,item:268091,10781.745013,14400.0,14400.0,203550.0,finite,4627098.0,none,,0.0,0.0,min_max,0.0,14400.0,142485.0,14400.0,10,6,1,1,14400.0,14400.0,14400.0,0.0
475,M-1810,item:268091,10182.569411,14400.0,14400.0,203550.0,finite,4637698.0,none,,0.0,0.0,min_max,0.0,14400.0,142485.0,14400.0,10,7,1,1,14400.0,14400.0,14400.0,0.0
476,M-1810,item:268091,9582.995514,14400.0,14400.0,203550.0,finite,4673298.0,none,,0.0,0.0,min_max,0.0,14400.0,142485.0,14400.0,10,1,1,1,14400.0,14400.0,14400.0,0.0
477,M-1810,item:268091,8983.34196,14400.0,14400.0,203550.0,finite,4708898.0,none,,0.0,0.0,min_max,0.0,14400.0,142485.0,14400.0,10,2,1,1,14400.0,14400.0,14400.0,0.0
478,M-1810,item:268091,8341.974514,14400.0,14400.0,203550.0,finite,4769498.0,none,,0.0,0.0,min_max,0.0,14400.0,142485.0,14400.0,10,3,1,1,14400.0,14400.0,14400.0,0.0
496,M-1810,item:268091,6911.934694,14400.0,14400.0,203550.0,finite,5082600.0,none,,0.0,0.0,min_max,0.0,14400.0,142485.0,14400.0,10,1,1,1,14400.0,14400.0,14400.0,0.0
497,M-1810,item:268091,8961.097143,14400.0,14400.0,203550.0,finite,5068200.0,none,,0.0,0.0,min_max,0.0,14400.0,142485.0,14400.0,10,1,1,1,14400.0,14400.0,14400.0,0.0
498,M-1810,item:268091,10037.705143,14400.0,14400.0,203550.0,finite,5053800.0,none,,0.0,0.0,min_max,0.0,14400.0,142485.0,14400.0,10,2,1,1,14400.0,14400.0,14400.0,0.0
499,M-1810,item:268091,10255.296131,14400.0,14400.0,203550.0,finite,5039400.0,none,,0.0,0.0,min_max,0.0,14400.0,142485.0,14400.0,10,3,1,1,14400.0,14400.0,14400.0,0.0
500,M-1810,item:268091,10301.083716,14400.0,14400.0,203550.0,finite,5025000.0,none,,0.0,0.0,min_max,0.0,14400.0,142485.0,14400.0,10,4,1,1,14400.0,14400.0,14400.0,0.0
501,M-1810,item:268091,10312.510621,14400.0,14400.0,203550.0,finite,5010600.0,none,,0.0,0.0,min_max,0.0,14400.0,142485.0,14400.0,10,5,1,1,14400.0,14400.0,14400.0,0.0
502,M-1810,item:268091,10317.06539,14400.0,14400.0,203550.0,finite,4996200.0,none,,0.0,0.0,min_max,0.0,14400.0,142485.0,14400.0,10,6,1,1,14400.0,14400.0,14400.0,0.0
503,M-1810,item:268091,10320.245731,14400.0,14400.0,203550.0,finite,4981800.0,none,,0.0,0.0,min_max,0.0,14400.0,142485.0,14400.0,10,7,1,1,14400.0,14400.0,14400.0,0.0
504,M-1810,item:268091,10323.151187,14400.0,14400.0,203550.0,finite,4967400.0,none,,0.0,0.0,min_max,0.0,14400.0,142485.0,14400.0,10,1,1,1,14400.0,14400.0,14400.0,0.0
505,M-1810,item:268091,10326.001666,14400.0,14400.0,203550.0,finite,4953000.0,none,,0.0,0.0,min_max,0.0,14400.0,142485.0,14400.0,10,2,1,1,14400.0,14400.0,14400.0,0.0
506,M-1810,item:268091,10416.432987,14400.0,14400.0,203550.0,finite,4938600.0,none,,0.0,0.0,min_max,0.0,14400.0,142485.0,14400.0,10,3,1,1,14400.0,14400.0,14400.0,0.0
507,M-1810,item:268091,10524.380475,14400.0,14400.0,203550.0,finite,4924200.0,none,,0.0,0.0,min_max,0.0,14400.0,142485.0,14400.0,10,4,1,1,14400.0,14400.0,14400.0,0.0
508,M-1810,item:268091,10635.831197,14400.0,14400.0,203550.0,finite,4909800.0,none,,0.0,0.0,min_max,0.0,14400.0,142485.0,14400.0,10,5,1,1,14400.0,14400.0,14400.0,0.0
509,M-1810,item:268091,10747.982566,14400.0,14400.0,203550.0,finite,4895400.0,none,,0.0,0.0,min_max,0.0,14400.0,142485.0,14400.0,10,6,1,1,14400.0,14400.0,14400.0,0.0
510,M-1810,item:268091,10860.274064,14400.0,14400.0,203550.0,finite,4881000.0,none,,0.0,0.0,min_max,0.0,14400.0,142485.0,14400.0,10,7,1,1,14400.0,14400.0,14400.0,0.0
511,M-1810,item:268091,10972.593588,14400.0,14400.0,203550.0,finite,4866600.0,none,,0.0,0.0,min_max,0.0,14400.0,142485.0,14400.0,10,1,1,1,14400.0,14400.0,14400.0,0.0
512,M-1810,item:268091,11084.918718,14400.0,14400.0,203550.0,finite,4852200.0,none,,0.0,0.0,min_max,0.0,14400.0,142485.0,14400.0,10,2,1,1,14400.0,14400.0,14400.0,0.0
513,M-1810,item:268091,10893.604152,14400.0,14400.0,203550.0,finite,4837800.0,none,,0.0,0.0,min_max,0.0,14400.0,142485.0,14400.0,10,3,1,1,14400.0,14400.0,14400.0,0.0
514,M-1810,item:268091,10641.561647,14400.0,14400.0,203550.0,finite,4823400.0,none,,0.0,0.0,min_max,0.0,14400.0,142485.0,14400.0,10,4,1,1,14400.0,14400.0,14400.0,0.0
515,M-1810,item:268091,10377.373554,14400.0,14400.0,203550.0,finite,4809000.0,none,,0.0,0.0,min_max,0.0,14400.0,142485.0,14400.0,10,5,1,1,14400.0,14400.0,14400.0,0.0
516,M-1810,item:268091,10110.756343,14400.0,14400.0,203550.0,finite,4794600.0,none,,0.0,0.0,min_max,0.0,14400.0,142485.0,14400.0,10,6,1,1,14400.0,14400.0,14400.0,0.0
517,M-1810,item:268091,9843.653309,14400.0,14400.0,203550.0,finite,4780200.0,none,,0.0,0.0,min_max,0.0,14400.0,142485.0,14400.0,10,7,1,1,14400.0,14400.0,14400.0,0.0
518,M-1810,item:268091,9576.453111,14400.0,14400.0,203550.0,finite,4765800.0,none,,0.0,0.0,min_max,0.0,14400.0,142485.0,14400.0,10,1,1,1,14400.0,14400.0,14400.0,0.0
519,M-1810,item:268091,9309.233479,14400.0,14400.0,203550.0,finite,4751400.0,none,,0.0,0.0,min_max,0.0,14400.0,142485.0,14400.0,10,2,1,1,14400.0,14400.0,14400.0,0.0
520,M-1810,item:268091,8994.581389,14400.0,14400.0,203550.0,finite,4737000.0,none,,0.0,0.0,min_max,0.0,14400.0,142485.0,14400.0,10,3,1,1,14400.0,14400.0,14400.0,0.0
529,M-1430,item:268967,9374.514286,107800.0,107800.0,154000.0,finite,3557400.101712,none,,0.0,0.0,fixed,107800.0,107800.0,107800.0,0.0,10,1,1,1,107800.0,107800.0,107800.0,0.0
529,M-1810,item:268091,6910.612245,14400.0,14400.0,203550.0,finite,4722600.0,none,,0.0,0.0,min_max,0.0,14400.0,142485.0,14400.0,10,1,1,1,14400.0,14400.0,14400.0,0.0
530,M-1430,item:268967,13643.017143,107800.0,107800.0,154000.0,finite,3449600.101712,none,,0.0,0.0,fixed,107800.0,107800.0,107800.0,0.0,10,2,1,1,107800.0,107800.0,107800.0,0.0
530,M-1810,item:268091,8741.110204,14400.0,14400.0,203550.0,finite,4708200.0,none,,0.0,0.0,min_max,0.0,14400.0,142485.0,14400.0,10,2,1,1,14400.0,14400.0,14400.0,0.0
531,M-1430,item:268967,16890.317714,107800.0,107800.0,154000.0,finite,3341800.101712,none,,0.0,0.0,fixed,107800.0,107800.0,107800.0,0.0,10,3,1,1,107800.0,107800.0,107800.0,0.0
531,M-1810,item:268091,9555.585306,14400.0,14400.0,203550.0,finite,4693800.0,none,,0.0,0.0,min_max,0.0,14400.0,142485.0,14400.0,10,3,1,1,14400.0,14400.0,14400.0,0.0
532,M-1430,item:268967,19933.377828,107800.0,107800.0,154000.0,finite,3234000.101712,none,,0.0,0.0,fixed,107800.0,107800.0,107800.0,0.0,10,1,1,1,107800.0,107800.0,107800.0,0.0
532,M-1810,item:268091,10166.855837,14400.0,14400.0,203550.0,finite,4679400.0,none,,0.0,0.0,min_max,0.0,14400.0,142485.0,14400.0,10,1,1,1,14400.0,14400.0,14400.0,0.0
532,SDC-1450,item:773474,1862335.8576,3200000.0,3200000.0,0.0,unmodeled,246602684.563758,none,,0.0,0.0,fixed,3200000.0,0.0,0.0,0.0,10,1,1,1,3200000.0,3200000.0,3200000.0,0.0
533,M-1430,item:268967,22935.589851,107800.0,107800.0,154000.0,finite,3126200.101712,none,,0.0,0.0,fixed,107800.0,107800.0,107800.0,0.0,10,2,1,1,107800.0,107800.0,107800.0,0.0
533,M-1810,item:268091,10737.485453,14400.0,14400.0,203550.0,finite,4665000.0,none,,0.0,0.0,min_max,0.0,14400.0,142485.0,14400.0,10,2,1,1,14400.0,14400.0,14400.0,0.0
534,M-1430,item:268967,20945.19144,107800.0,107800.0,154000.0,finite,3018400.101712,none,,0.0,0.0,fixed,107800.0,107800.0,107800.0,0.0,10,3,1,1,107800.0,107800.0,107800.0,0.0
534,M-1810,item:268091,11141.015458,14400.0,14400.0,203550.0,finite,4650600.0,none,,0.0,0.0,min_max,0.0,14400.0,142485.0,14400.0,10,3,1,1,14400.0,14400.0,14400.0,0.0
535,M-1430,item:268967,17956.270941,107800.0,107800.0,154000.0,finite,2910600.101712,none,,0.0,0.0,fixed,107800.0,107800.0,107800.0,0.0,10,4,1,1,107800.0,107800.0,107800.0,0.0
535,M-1810,item:268091,11511.12554,14400.0,14400.0,203550.0,finite,4636200.0,none,,0.0,0.0,min_max,0.0,14400.0,142485.0,14400.0,10,4,1,1,14400.0,14400.0,14400.0,0.0
535,SDC-1450,item:773474,1846803.0576,3200000.0,3200000.0,0.0,unmodeled,243402684.563758,none,,0.0,0.0,fixed,3200000.0,0.0,0.0,0.0,10,2,1,1,3200000.0,3200000.0,3200000.0,0.0
536,M-1810,item:268091,11874.551638,14400.0,14400.0,203550.0,finite,4621800.0,none,,0.0,0.0,min_max,0.0,14400.0,142485.0,14400.0,10,5,1,1,14400.0,14400.0,14400.0,0.0
537,M-1810,item:268091,12236.64094,14400.0,14400.0,203550.0,finite,4607400.0,none,,0.0,0.0,min_max,0.0,14400.0,142485.0,14400.0,10,6,1,1,14400.0,14400.0,14400.0,0.0
538,M-1810,item:268091,12598.462882,14400.0,14400.0,203550.0,finite,4593000.0,none,,0.0,0.0,min_max,0.0,14400.0,142485.0,14400.0,10,7,1,1,14400.0,14400.0,14400.0,0.0
539,M-1810,item:268091,12960.231352,14400.0,14400.0,203550.0,finite,4578600.0,none,,0.0,0.0,min_max,0.0,14400.0,142485.0,14400.0,10,1,1,1,14400.0,14400.0,14400.0,0.0
540,M-1810,item:268091,13321.989127,14400.0,14400.0,203550.0,finite,4564200.0,none,,0.0,0.0,min_max,0.0,14400.0,142485.0,14400.0,10,2,1,1,14400.0,14400.0,14400.0,0.0
541,M-1810,item:268091,12874.471295,14400.0,14400.0,203550.0,finite,4549800.0,none,,0.0,0.0,min_max,0.0,14400.0,142485.0,14400.0,10,3,1,1,14400.0,14400.0,14400.0,0.0
542,M-1810,item:268091,12265.09834,14400.0,14400.0,203550.0,finite,4535400.0,none,,0.0,0.0,min_max,0.0,14400.0,142485.0,14400.0,10,4,1,1,14400.0,14400.0,14400.0,0.0
543,M-1810,item:268091,11623.354362,14400.0,14400.0,203550.0,finite,4521000.0,none,,0.0,0.0,min_max,0.0,14400.0,142485.0,14400.0,10,5,1,1,14400.0,14400.0,14400.0,0.0
544,M-1810,item:268091,10975.136179,14400.0,14400.0,203550.0,finite,4506600.0,none,,0.0,0.0,min_max,0.0,14400.0,142485.0,14400.0,10,6,1,1,14400.0,14400.0,14400.0,0.0
545,M-1810,item:268091,10325.623154,14400.0,14400.0,203550.0,finite,4492200.0,none,,0.0,0.0,min_max,0.0,14400.0,142485.0,14400.0,10,7,1,1,14400.0,14400.0,14400.0,0.0
546,M-1810,item:268091,9675.851162,14400.0,14400.0,203550.0,finite,4477800.0,none,,0.0,0.0,min_max,0.0,14400.0,142485.0,14400.0,10,1,1,1,14400.0,14400.0,14400.0,0.0
547,M-1810,item:268091,9026.027376,14400.0,14400.0,203550.0,finite,4463400.0,none,,0.0,0.0,min_max,0.0,14400.0,142485.0,14400.0,10,2,1,1,14400.0,14400.0,14400.0,0.0
550,M-1810,item:268091,7663.477551,14400.0,14400.0,203550.0,finite,4449000.0,none,,0.0,0.0,min_max,0.0,14400.0,142485.0,14400.0,10,3,1,1,14400.0,14400.0,14400.0,0.0
551,M-1810,item:268091,9387.046531,14400.0,14400.0,203550.0,finite,4434600.0,none,,0.0,0.0,min_max,0.0,14400.0,142485.0,14400.0,10,4,1,1,14400.0,14400.0,14400.0,0.0
552,M-1810,item:268091,9922.633796,14400.0,14400.0,203550.0,finite,4420200.0,none,,0.0,0.0,min_max,0.0,14400.0,142485.0,14400.0,10,5,1,1,14400.0,14400.0,14400.0,0.0
553,M-1810,item:268091,10220.624719,14400.0,14400.0,203550.0,finite,4405800.0,none,,0.0,0.0,min_max,0.0,14400.0,142485.0,14400.0,10,1,1,1,14400.0,14400.0,14400.0,0.0
554,M-1810,item:268091,10471.096373,14400.0,14400.0,203550.0,finite,4391400.0,none,,0.0,0.0,min_max,0.0,14400.0,142485.0,14400.0,10,2,1,1,14400.0,14400.0,14400.0,0.0
555,M-1810,item:268091,10140.570295,14400.0,14400.0,203550.0,finite,4377000.0,none,,0.0,0.0,min_max,0.0,14400.0,142485.0,14400.0,10,3,1,1,14400.0,14400.0,14400.0,0.0
556,M-1810,item:268091,9693.844671,14400.0,14400.0,203550.0,finite,4362600.0,none,,0.0,0.0,min_max,0.0,14400.0,142485.0,14400.0,10,4,1,1,14400.0,14400.0,14400.0,0.0
564,M-1810,item:268091,8054.285714,14400.0,14400.0,203550.0,finite,4348200.0,none,,0.0,0.0,min_max,0.0,14400.0,142485.0,14400.0,10,1,1,1,14400.0,14400.0,14400.0,0.0
565,M-1810,item:268091,10429.028571,14400.0,14400.0,203550.0,finite,4333800.0,none,,0.0,0.0,min_max,0.0,14400.0,142485.0,14400.0,10,2,1,1,14400.0,14400.0,14400.0,0.0
566,M-1810,item:268091,11667.862857,14400.0,14400.0,203550.0,finite,4319400.0,none,,0.0,0.0,min_max,0.0,14400.0,142485.0,14400.0,10,3,1,1,14400.0,14400.0,14400.0,0.0
567,M-1810,item:268091,12679.515428,14400.0,14400.0,203550.0,finite,4305000.0,none,,0.0,0.0,min_max,0.0,14400.0,142485.0,14400.0,10,1,1,1,14400.0,14400.0,14400.0,0.0
568,M-1810,item:268091,13645.731657,14400.0,14400.0,203550.0,finite,4290600.0,none,,0.0,0.0,min_max,0.0,14400.0,142485.0,14400.0,10,2,1,1,14400.0,14400.0,14400.0,0.0
569,M-1810,item:268091,13130.436127,14400.0,14400.0,203550.0,finite,4276200.0,none,,0.0,0.0,min_max,0.0,14400.0,142485.0,14400.0,10,3,1,1,14400.0,14400.0,14400.0,0.0
570,M-1810,item:268091,12318.838246,14400.0,14400.0,203550.0,finite,4261800.0,none,,0.0,0.0,min_max,0.0,14400.0,142485.0,14400.0,10,4,1,1,14400.0,14400.0,14400.0,0.0
571,M-1810,item:268091,11447.979894,14400.0,14400.0,203550.0,finite,4247400.0,none,,0.0,0.0,min_max,0.0,14400.0,142485.0,14400.0,10,5,1,1,14400.0,14400.0,14400.0,0.0
572,M-1810,item:268091,10565.269448,14400.0,14400.0,203550.0,finite,4233000.0,none,,0.0,0.0,min_max,0.0,14400.0,142485.0,14400.0,10,6,1,1,14400.0,14400.0,14400.0,0.0
573,M-1810,item:268091,9680.188584,14400.0,14400.0,203550.0,finite,4218600.0,none,,0.0,0.0,min_max,0.0,14400.0,142485.0,14400.0,10,7,1,1,14400.0,14400.0,14400.0,0.0
574,M-1810,item:268091,8794.633635,14400.0,14400.0,203550.0,finite,4204200.0,none,,0.0,0.0,min_max,0.0,14400.0,142485.0,14400.0,10,1,1,1,14400.0,14400.0,14400.0,0.0
599,M-1810,item:268091,6294.302041,14400.0,14400.0,203550.0,finite,4189800.0,none,,0.0,0.0,min_max,0.0,14400.0,142485.0,14400.0,10,1,1,1,14400.0,14400.0,14400.0,0.0
600,M-1810,item:268091,8234.958367,14400.0,14400.0,203550.0,finite,4175400.0,none,,0.0,0.0,min_max,0.0,14400.0,142485.0,14400.0,10,2,1,1,14400.0,14400.0,14400.0,0.0
601,M-1810,item:268091,9304.885551,14400.0,14400.0,203550.0,finite,4161000.0,none,,0.0,0.0,min_max,0.0,14400.0,142485.0,14400.0,10,3,1,1,14400.0,14400.0,14400.0,0.0
602,M-1810,item:268091,10200.666906,14400.0,14400.0,203550.0,finite,4146600.0,none,,0.0,0.0,min_max,0.0,14400.0,142485.0,14400.0,10,1,1,1,14400.0,14400.0,14400.0,0.0
603,M-1810,item:268091,11061.619096,14400.0,14400.0,203550.0,finite,4132200.0,none,,0.0,0.0,min_max,0.0,14400.0,142485.0,14400.0,10,2,1,1,14400.0,14400.0,14400.0,0.0
604,M-1810,item:268091,11033.483003,14400.0,14400.0,203550.0,finite,4117800.0,none,,0.0,0.0,min_max,0.0,14400.0,142485.0,14400.0,10,3,1,1,14400.0,14400.0,14400.0,0.0
605,M-1810,item:268091,10827.529254,14400.0,14400.0,203550.0,finite,4103400.0,none,,0.0,0.0,min_max,0.0,14400.0,142485.0,14400.0,10,4,1,1,14400.0,14400.0,14400.0,0.0
606,M-1810,item:268091,10586.011973,14400.0,14400.0,203550.0,finite,4089000.0,none,,0.0,0.0,min_max,0.0,14400.0,142485.0,14400.0,10,5,1,1,14400.0,14400.0,14400.0,0.0
607,M-1810,item:268091,10337.381987,14400.0,14400.0,203550.0,finite,4074600.0,none,,0.0,0.0,min_max,0.0,14400.0,142485.0,14400.0,10,6,1,1,14400.0,14400.0,14400.0,0.0
608,M-1810,item:268091,10087.329459,14400.0,14400.0,203550.0,finite,4060200.0,none,,0.0,0.0,min_max,0.0,14400.0,142485.0,14400.0,10,7,1,1,14400.0,14400.0,14400.0,0.0
609,M-1810,item:268091,9836.992422,14400.0,14400.0,203550.0,finite,4045800.0,none,,0.0,0.0,min_max,0.0,14400.0,142485.0,14400.0,10,1,1,1,14400.0,14400.0,14400.0,0.0
610,M-1810,item:268091,9586.598484,14400.0,14400.0,203550.0,finite,4031400.0,none,,0.0,0.0,min_max,0.0,14400.0,142485.0,14400.0,10,2,1,1,14400.0,14400.0,14400.0,0.0
611,M-1810,item:268091,9486.936023,14400.0,14400.0,203550.0,finite,4017000.0,none,,0.0,0.0,min_max,0.0,14400.0,142485.0,14400.0,10,3,1,1,14400.0,14400.0,14400.0,0.0
612,M-1810,item:268091,9417.419858,14400.0,14400.0,203550.0,finite,4002600.0,none,,0.0,0.0,min_max,0.0,14400.0,142485.0,14400.0,10,4,1,1,14400.0,14400.0,14400.0,0.0
613,M-1810,item:268091,9353.932951,14400.0,14400.0,203550.0,finite,3988200.0,none,,0.0,0.0,min_max,0.0,14400.0,142485.0,14400.0,10,5,1,1,14400.0,14400.0,14400.0,0.0
614,M-1810,item:268091,9291.651896,14400.0,14400.0,203550.0,finite,3973800.0,none,,0.0,0.0,min_max,0.0,14400.0,142485.0,14400.0,10,6,1,1,14400.0,14400.0,14400.0,0.0
615,M-1810,item:268091,9229.612012,14400.0,14400.0,203550.0,finite,3959400.0,none,,0.0,0.0,min_max,0.0,14400.0,142485.0,14400.0,10,7,1,1,14400.0,14400.0,14400.0,0.0
616,M-1810,item:268091,9167.620361,14400.0,14400.0,203550.0,finite,3945000.0,none,,0.0,0.0,min_max,0.0,14400.0,142485.0,14400.0,10,1,1,1,14400.0,14400.0,14400.0,0.0
617,M-1810,item:268091,9105.638358,14400.0,14400.0,203550.0,finite,3930600.0,none,,0.0,0.0,min_max,0.0,14400.0,142485.0,14400.0,10,2,1,1,14400.0,14400.0,14400.0,0.0
618,M-1810,item:268091,9212.915427,14400.0,14400.0,203550.0,finite,3916200.0,none,,0.0,0.0,min_max,0.0,14400.0,142485.0,14400.0,10,3,1,1,14400.0,14400.0,14400.0,0.0
619,M-1810,item:268091,9354.04431,14400.0,14400.0,203550.0,finite,3901800.0,none,,0.0,0.0,min_max,0.0,14400.0,142485.0,14400.0,10,4,1,1,14400.0,14400.0,14400.0,0.0
620,M-1810,item:268091,9501.943556,14400.0,14400.0,203550.0,finite,3887400.0,none,,0.0,0.0,min_max,0.0,14400.0,142485.0,14400.0,10,5,1,1,14400.0,14400.0,14400.0,0.0
621,M-1810,item:268091,9651.196874,14400.0,14400.0,203550.0,finite,3873000.0,none,,0.0,0.0,min_max,0.0,14400.0,142485.0,14400.0,10,6,1,1,14400.0,14400.0,14400.0,0.0
622,M-1810,item:268091,9800.721007,14400.0,14400.0,203550.0,finite,3858600.0,none,,0.0,0.0,min_max,0.0,14400.0,142485.0,14400.0,10,7,1,1,14400.0,14400.0,14400.0,0.0
623,M-1810,item:268091,9950.299303,14400.0,14400.0,203550.0,finite,3844200.0,none,,0.0,0.0,min_max,0.0,14400.0,142485.0,14400.0,10,1,1,1,14400.0,14400.0,14400.0,0.0
624,M-1810,item:268091,10099.888432,14400.0,14400.0,203550.0,finite,3829800.0,none,,0.0,0.0,min_max,0.0,14400.0,142485.0,14400.0,10,2,1,1,14400.0,14400.0,14400.0,0.0
625,M-1810,item:268091,10479.96136,14400.0,14400.0,203550.0,finite,3815400.0,none,,0.0,0.0,min_max,0.0,14400.0,142485.0,14400.0,10,3,1,1,14400.0,14400.0,14400.0,0.0
626,M-1810,item:268091,10906.131047,14400.0,14400.0,203550.0,finite,3801000.0,none,,0.0,0.0,min_max,0.0,14400.0,142485.0,14400.0,10,4,1,1,14400.0,14400.0,14400.0,0.0
627,M-1810,item:268091,11341.520087,14400.0,14400.0,203550.0,finite,3786600.0,none,,0.0,0.0,min_max,0.0,14400.0,142485.0,14400.0,10,5,1,1,14400.0,14400.0,14400.0,0.0
628,M-1810,item:268091,11778.752997,14400.0,14400.0,203550.0,finite,3772200.0,none,,0.0,0.0,min_max,0.0,14400.0,142485.0,14400.0,10,6,1,1,14400.0,14400.0,14400.0,0.0
629,M-1810,item:268091,12216.354681,14400.0,14400.0,203550.0,finite,3757800.0,none,,0.0,0.0,min_max,0.0,14400.0,142485.0,14400.0,10,7,1,1,14400.0,14400.0,14400.0,0.0
630,M-1810,item:268091,12654.03012,14400.0,14400.0,203550.0,finite,3743400.0,none,,0.0,0.0,min_max,0.0,14400.0,142485.0,14400.0,10,1,1,1,14400.0,14400.0,14400.0,0.0
631,M-1810,item:268091,13091.72031,14400.0,14400.0,203550.0,finite,3729000.0,none,,0.0,0.0,min_max,0.0,14400.0,142485.0,14400.0,10,2,1,1,14400.0,14400.0,14400.0,0.0
632,M-1810,item:268091,12561.250184,14400.0,14400.0,203550.0,finite,3714600.0,none,,0.0,0.0,min_max,0.0,14400.0,142485.0,14400.0,10,3,1,1,14400.0,14400.0,14400.0,0.0
633,M-1810,item:268091,11837.147996,14400.0,14400.0,203550.0,finite,3700200.0,none,,0.0,0.0,min_max,0.0,14400.0,142485.0,14400.0,10,4,1,1,14400.0,14400.0,14400.0,0.0
634,M-1810,item:268091,11074.319395,14400.0,14400.0,203550.0,finite,3685800.0,none,,0.0,0.0,min_max,0.0,14400.0,142485.0,14400.0,10,5,1,1,14400.0,14400.0,14400.0,0.0
635,M-1810,item:268091,10303.745512,14400.0,14400.0,203550.0,finite,3671400.0,none,,0.0,0.0,min_max,0.0,14400.0,142485.0,14400.0,10,6,1,1,14400.0,14400.0,14400.0,0.0
636,M-1810,item:268091,9531.622572,14400.0,14400.0,203550.0,finite,3657000.0,none,,0.0,0.0,min_max,0.0,14400.0,142485.0,14400.0,10,7,1,1,14400.0,14400.0,14400.0,0.0
644,M-1810,item:268091,7223.167347,14400.0,14400.0,203550.0,finite,3642600.0,none,,0.0,0.0,min_max,0.0,14400.0,142485.0,14400.0,10,1,1,1,14400.0,14400.0,14400.0,0.0
645,M-1810,item:268091,8832.519184,14400.0,14400.0,203550.0,finite,3628200.0,none,,0.0,0.0,min_max,0.0,14400.0,142485.0,14400.0,10,2,1,1,14400.0,14400.0,14400.0,0.0
646,M-1810,item:268091,9275.499755,14400.0,14400.0,203550.0,finite,3613800.0,none,,0.0,0.0,min_max,0.0,14400.0,142485.0,14400.0,10,3,1,1,14400.0,14400.0,14400.0,0.0
647,M-1810,item:268091,9485.206074,14400.0,14400.0,203550.0,finite,3599400.0,none,,0.0,0.0,min_max,0.0,14400.0,142485.0,14400.0,10,4,1,1,14400.0,14400.0,14400.0,0.0
648,M-1810,item:268091,9648.257541,14400.0,14400.0,203550.0,finite,3585000.0,none,,0.0,0.0,min_max,0.0,14400.0,142485.0,14400.0,10,5,1,1,14400.0,14400.0,14400.0,0.0
649,M-1810,item:268091,9801.978039,14400.0,14400.0,203550.0,finite,3570600.0,none,,0.0,0.0,min_max,0.0,14400.0,142485.0,14400.0,10,6,1,1,14400.0,14400.0,14400.0,0.0
650,M-1810,item:268091,9953.832343,14400.0,14400.0,203550.0,finite,3556200.0,none,,0.0,0.0,min_max,0.0,14400.0,142485.0,14400.0,10,7,1,1,14400.0,14400.0,14400.0,0.0
651,M-1810,item:268091,10105.313408,14400.0,14400.0,203550.0,finite,3541800.0,none,,0.0,0.0,min_max,0.0,14400.0,142485.0,14400.0,10,1,1,1,14400.0,14400.0,14400.0,0.0
652,M-1810,item:268091,10256.719825,14400.0,14400.0,203550.0,finite,3527400.0,none,,0.0,0.0,min_max,0.0,14400.0,142485.0,14400.0,10,2,1,1,14400.0,14400.0,14400.0,0.0
653,M-1810,item:268091,10418.397026,14400.0,14400.0,203550.0,finite,3513000.0,none,,0.0,0.0,min_max,0.0,14400.0,142485.0,14400.0,10,3,1,1,14400.0,14400.0,14400.0,0.0
654,M-1810,item:268091,10582.128385,14400.0,14400.0,203550.0,finite,3498600.0,none,,0.0,0.0,min_max,0.0,14400.0,142485.0,14400.0,10,4,1,1,14400.0,14400.0,14400.0,0.0
655,M-1810,item:268091,10746.270575,14400.0,14400.0,203550.0,finite,3484200.0,none,,0.0,0.0,min_max,0.0,14400.0,142485.0,14400.0,10,5,1,1,14400.0,14400.0,14400.0,0.0
656,M-1810,item:268091,10910.494931,14400.0,14400.0,203550.0,finite,3469800.0,none,,0.0,0.0,min_max,0.0,14400.0,142485.0,14400.0,10,6,1,1,14400.0,14400.0,14400.0,0.0
657,M-1810,item:268091,11074.735721,14400.0,14400.0,203550.0,finite,3455400.0,none,,0.0,0.0,min_max,0.0,14400.0,142485.0,14400.0,10,7,1,1,14400.0,14400.0,14400.0,0.0
658,M-1810,item:268091,11238.979797,14400.0,14400.0,203550.0,finite,3441000.0,none,,0.0,0.0,min_max,0.0,14400.0,142485.0,14400.0,10,1,1,1,14400.0,14400.0,14400.0,0.0
659,M-1810,item:268091,11403.224531,14400.0,14400.0,203550.0,finite,3426600.0,none,,0.0,0.0,min_max,0.0,14400.0,142485.0,14400.0,10,2,1,1,14400.0,14400.0,14400.0,0.0
660,M-1810,item:268091,10969.869396,14400.0,14400.0,203550.0,finite,3412200.0,none,,0.0,0.0,min_max,0.0,14400.0,142485.0,14400.0,10,3,1,1,14400.0,14400.0,14400.0,0.0
661,M-1810,item:268091,10416.994287,14400.0,14400.0,203550.0,finite,3397800.0,none,,0.0,0.0,min_max,0.0,14400.0,142485.0,14400.0,10,4,1,1,14400.0,14400.0,14400.0,0.0
662,M-1810,item:268091,9840.215184,14400.0,14400.0,203550.0,finite,3383400.0,none,,0.0,0.0,min_max,0.0,14400.0,142485.0,14400.0,10,5,1,1,14400.0,14400.0,14400.0,0.0
671,M-1810,item:268091,7479.591837,14400.0,14400.0,203550.0,finite,3369000.0,none,,0.0,0.0,min_max,0.0,14400.0,142485.0,14400.0,10,1,1,1,14400.0,14400.0,14400.0,0.0
672,M-1810,item:268091,9293.028571,14400.0,14400.0,203550.0,finite,3354600.0,none,,0.0,0.0,min_max,0.0,14400.0,142485.0,14400.0,10,1,1,1,14400.0,14400.0,14400.0,0.0
673,M-1430,item:268967,6159.542857,107800.0,107800.0,154000.0,finite,3557400.080707,none,,0.0,0.0,fixed,107800.0,107800.0,107800.0,0.0,10,1,1,1,107800.0,107800.0,107800.0,0.0
673,M-1810,item:268091,9973.234285,14400.0,14400.0,203550.0,finite,3340200.0,none,,0.0,0.0,min_max,0.0,14400.0,142485.0,14400.0,10,2,1,1,14400.0,14400.0,14400.0,0.0
674,M-1810,item:268091,9651.414204,14400.0,14400.0,203550.0,finite,3325800.0,none,,0.0,0.0,min_max,0.0,14400.0,142485.0,14400.0,10,3,1,1,14400.0,14400.0,14400.0,0.0
675,M-1810,item:268091,9129.188963,14400.0,14400.0,203550.0,finite,3311400.0,none,,0.0,0.0,min_max,0.0,14400.0,142485.0,14400.0,10,4,1,1,14400.0,14400.0,14400.0,0.0
683,M-1810,item:268091,7966.465306,14400.0,14400.0,203550.0,finite,3297000.0,none,,0.0,0.0,min_max,0.0,14400.0,142485.0,14400.0,10,1,1,1,14400.0,14400.0,14400.0,0.0
684,M-1810,item:268091,10578.713469,14400.0,14400.0,203550.0,finite,3282600.0,none,,0.0,0.0,min_max,0.0,14400.0,142485.0,14400.0,10,2,1,1,14400.0,14400.0,14400.0,0.0
685,M-1810,item:268091,12120.118204,14400.0,14400.0,203550.0,finite,3268200.0,none,,0.0,0.0,min_max,0.0,14400.0,142485.0,14400.0,10,3,1,1,14400.0,14400.0,14400.0,0.0
686,M-1810,item:268091,13447.354253,14400.0,14400.0,203550.0,finite,3253800.0,none,,0.0,0.0,min_max,0.0,14400.0,142485.0,14400.0,10,1,1,1,14400.0,14400.0,14400.0,0.0
687,M-1810,item:268091,14731.756565,28800.0,28800.0,203550.0,finite,3239400.0,none,,0.0,0.0,min_max,0.0,14400.0,142485.0,14400.0,10,2,1,1,28800.0,28800.0,28800.0,0.0
688,M-1810,item:268091,15120.196211,28800.0,28800.0,203550.0,finite,3210600.0,none,,0.0,0.0,min_max,0.0,14400.0,142485.0,14400.0,10,3,1,1,28800.0,28800.0,28800.0,0.0
689,M-1810,item:268091,15329.443324,28800.0,28800.0,203550.0,finite,3181800.0,none,,0.0,0.0,min_max,0.0,14400.0,142485.0,14400.0,10,4,1,1,28800.0,28800.0,28800.0,0.0
690,M-1810,item:268091,15502.85193,28800.0,28800.0,203550.0,finite,3153000.0,none,,0.0,0.0,min_max,0.0,14400.0,142485.0,14400.0,10,5,1,1,28800.0,28800.0,28800.0,0.0
691,M-1810,item:268091,15669.092835,28800.0,28800.0,203550.0,finite,3124200.0,none,,0.0,0.0,min_max,0.0,14400.0,142485.0,14400.0,10,6,1,1,28800.0,28800.0,28800.0,0.0
692,M-1810,item:268091,15833.9002,28800.0,28800.0,203550.0,finite,3095400.0,none,,0.0,0.0,min_max,0.0,14400.0,142485.0,14400.0,10,7,1,1,28800.0,28800.0,28800.0,0.0
693,M-1810,item:268091,15998.420856,28800.0,28800.0,203550.0,finite,3066600.0,none,,0.0,0.0,min_max,0.0,14400.0,142485.0,14400.0,10,1,1,1,28800.0,28800.0,28800.0,0.0
694,M-1430,item:268967,5491.542857,107800.0,107800.0,154000.0,finite,3557400.018519,none,,0.0,0.0,fixed,107800.0,107800.0,107800.0,0.0,10,1,1,1,107800.0,107800.0,107800.0,0.0
694,M-1810,item:268091,16162.884171,28800.0,28800.0,203550.0,finite,3037800.0,none,,0.0,0.0,min_max,0.0,14400.0,142485.0,14400.0,10,2,1,1,28800.0,28800.0,28800.0,0.0
695,M-1810,item:268091,15468.250304,28800.0,28800.0,203550.0,finite,3009000.0,none,,0.0,0.0,min_max,0.0,14400.0,142485.0,14400.0,10,3,1,1,28800.0,28800.0,28800.0,0.0
695,SDC-1450,item:773474,1831270.2576,3200000.0,3200000.0,0.0,unmodeled,240202684.563758,none,,0.0,0.0,fixed,3200000.0,0.0,0.0,0.0,10,1,1,1,3200000.0,3200000.0,3200000.0,0.0
696,M-1810,item:268091,14601.796999,28800.0,28800.0,203550.0,finite,2980200.0,none,,0.0,0.0,min_max,0.0,14400.0,142485.0,14400.0,10,4,1,1,28800.0,28800.0,28800.0,0.0
697,M-1810,item:268091,13700.979808,14400.0,14400.0,203550.0,finite,2951400.0,none,,0.0,0.0,min_max,0.0,14400.0,142485.0,14400.0,10,5,1,1,14400.0,14400.0,14400.0,0.0
698,M-1810,item:268091,12793.289839,14400.0,14400.0,203550.0,finite,2937000.0,none,,0.0,0.0,min_max,0.0,14400.0,142485.0,14400.0,10,6,1,1,14400.0,14400.0,14400.0,0.0
699,M-1810,item:268091,11884.225315,14400.0,14400.0,203550.0,finite,2922600.0,none,,0.0,0.0,min_max,0.0,14400.0,142485.0,14400.0,10,7,1,1,14400.0,14400.0,14400.0,0.0
700,M-1810,item:268091,10974.885879,14400.0,14400.0,203550.0,finite,2908200.0,none,,0.0,0.0,min_max,0.0,14400.0,142485.0,14400.0,10,1,1,1,14400.0,14400.0,14400.0,0.0
707,M-1810,item:268091,8507.934694,14400.0,14400.0,203550.0,finite,2893800.0,none,,0.0,0.0,min_max,0.0,14400.0,142485.0,14400.0,10,1,1,1,14400.0,14400.0,14400.0,0.0
708,M-1810,item:268091,10315.758368,14400.0,14400.0,203550.0,finite,2879400.0,none,,0.0,0.0,min_max,0.0,14400.0,142485.0,14400.0,10,2,1,1,14400.0,14400.0,14400.0,0.0
709,M-1810,item:268091,11731.527184,14400.0,14400.0,203550.0,finite,2865000.0,none,,0.0,0.0,min_max,0.0,14400.0,142485.0,14400.0,10,3,1,1,14400.0,14400.0,14400.0,0.0
710,M-1810,item:268091,13068.885029,14400.0,14400.0,203550.0,finite,2850600.0,none,,0.0,0.0,min_max,0.0,14400.0,142485.0,14400.0,10,4,1,1,14400.0,14400.0,14400.0,0.0
711,M-1810,item:268091,14390.560679,14400.0,14400.0,203550.0,finite,2836200.0,none,,0.0,0.0,min_max,0.0,14400.0,142485.0,14400.0,10,5,1,1,14400.0,14400.0,14400.0,0.0
712,M-1810,item:268091,15709.099891,28800.0,28800.0,203550.0,finite,2821800.0,none,,0.0,0.0,min_max,0.0,14400.0,142485.0,14400.0,10,6,1,1,28800.0,28800.0,28800.0,0.0
713,M-1810,item:268091,17027.011815,28800.0,28800.0,203550.0,finite,2793000.0,none,,0.0,0.0,min_max,0.0,14400.0,142485.0,14400.0,10,7,1,1,28800.0,28800.0,28800.0,0.0
714,M-1430,item:268967,5553.012245,107800.0,107800.0,154000.0,finite,3466325.0,none,,0.0,0.0,fixed,107800.0,107800.0,107800.0,0.0,10,1,1,1,107800.0,107800.0,107800.0,0.0
714,M-1810,item:268091,18344.798281,28800.0,28800.0,203550.0,finite,2764200.0,none,,0.0,0.0,min_max,0.0,14400.0,142485.0,14400.0,10,1,1,1,28800.0,28800.0,28800.0,0.0
715,M-1810,item:268091,19662.559656,28800.0,28800.0,203550.0,finite,2735400.0,none,,0.0,0.0,min_max,0.0,14400.0,142485.0,14400.0,10,2,1,1,28800.0,28800.0,28800.0,0.0
716,M-1810,item:268091,19568.887441,28800.0,28800.0,203550.0,finite,2706600.0,none,,0.0,0.0,min_max,0.0,14400.0,142485.0,14400.0,10,3,1,1,28800.0,28800.0,28800.0,0.0
717,M-1810,item:268091,19192.928509,28800.0,28800.0,203550.0,finite,2677800.0,none,,0.0,0.0,min_max,0.0,14400.0,142485.0,14400.0,10,4,1,1,28800.0,28800.0,28800.0,0.0
718,M-1810,item:268091,18760.512232,28800.0,28800.0,203550.0,finite,2649000.0,none,,0.0,0.0,min_max,0.0,14400.0,142485.0,14400.0,10,5,1,1,28800.0,28800.0,28800.0,0.0
719,M-1810,item:268091,18316.804487,28800.0,28800.0,203550.0,finite,2620200.0,none,,0.0,0.0,min_max,0.0,14400.0,142485.0,14400.0,10,6,1,1,28800.0,28800.0,28800.0,0.0
720,M-1810,item:268091,17870.838448,28800.0,28800.0,203550.0,finite,2591400.0,none,,0.0,0.0,min_max,0.0,14400.0,142485.0,14400.0,10,7,1,1,28800.0,28800.0,28800.0,0.0
721,M-1810,item:268091,17424.420751,28800.0,28800.0,203550.0,finite,2562600.0,none,,0.0,0.0,min_max,0.0,14400.0,142485.0,14400.0,10,1,1,1,28800.0,28800.0,28800.0,0.0
722,M-1810,item:268091,16977.912721,28800.0,28800.0,203550.0,finite,2533800.0,none,,0.0,0.0,min_max,0.0,14400.0,142485.0,14400.0,10,2,1,1,28800.0,28800.0,28800.0,0.0
723,M-1810,item:268091,14961.035605,28800.0,28800.0,203550.0,finite,2505000.0,none,,0.0,0.0,min_max,0.0,14400.0,142485.0,14400.0,10,3,1,1,28800.0,28800.0,28800.0,0.0
724,M-1810,item:268091,12847.227529,14400.0,14400.0,203550.0,finite,2476200.0,none,,0.0,0.0,min_max,0.0,14400.0,142485.0,14400.0,10,4,1,1,14400.0,14400.0,14400.0,0.0
751,M-1810,item:268091,9337.371429,14400.0,14400.0,203550.0,finite,2461800.0,none,,0.0,0.0,min_max,0.0,14400.0,142485.0,14400.0,10,1,1,1,14400.0,14400.0,14400.0,0.0
752,M-1810,item:268091,11052.127347,14400.0,14400.0,203550.0,finite,2447400.0,none,,0.0,0.0,min_max,0.0,14400.0,142485.0,14400.0,10,2,1,1,14400.0,14400.0,14400.0,0.0
753,M-1810,item:268091,11242.360163,14400.0,14400.0,203550.0,finite,2433000.0,none,,0.0,0.0,min_max,0.0,14400.0,142485.0,14400.0,10,3,1,1,14400.0,14400.0,14400.0,0.0
754,M-1810,item:268091,11127.688359,14400.0,14400.0,203550.0,finite,2418600.0,none,,0.0,0.0,min_max,0.0,14400.0,142485.0,14400.0,10,4,1,1,14400.0,14400.0,14400.0,0.0
755,M-1810,item:268091,10952.035631,14400.0,14400.0,203550.0,finite,2404200.0,none,,0.0,0.0,min_max,0.0,14400.0,142485.0,14400.0,10,5,1,1,14400.0,14400.0,14400.0,0.0
756,M-1810,item:268091,10764.186718,14400.0,14400.0,203550.0,finite,2389800.0,none,,0.0,0.0,min_max,0.0,14400.0,142485.0,14400.0,10,1,1,1,14400.0,14400.0,14400.0,0.0
757,M-1810,item:268091,10573.898568,14400.0,14400.0,203550.0,finite,2375400.0,none,,0.0,0.0,min_max,0.0,14400.0,142485.0,14400.0,10,2,1,1,14400.0,14400.0,14400.0,0.0
758,M-1430,item:268967,3937.828571,107800.0,107800.0,154000.0,finite,3557400.101298,none,,0.0,0.0,fixed,107800.0,107800.0,107800.0,0.0,10,1,1,1,107800.0,107800.0,107800.0,0.0
758,M-1810,item:268091,10383.12257,14400.0,14400.0,203550.0,finite,2361000.0,none,,0.0,0.0,min_max,0.0,14400.0,142485.0,14400.0,10,3,1,1,14400.0,14400.0,14400.0,0.0
762,M-1810,item:268091,7861.093878,14400.0,14400.0,203550.0,finite,2346600.0,none,,0.0,0.0,min_max,0.0,14400.0,142485.0,14400.0,10,4,1,1,14400.0,14400.0,14400.0,0.0
764,M-1810,item:268091,7657.469388,14400.0,14400.0,203550.0,finite,2332200.0,none,,0.0,0.0,min_max,0.0,14400.0,142485.0,14400.0,10,1,1,1,14400.0,14400.0,14400.0,0.0
771,M-1430,item:268967,5136.881633,107800.0,107800.0,154000.0,finite,3485533.621054,none,,0.0,0.0,fixed,107800.0,107800.0,107800.0,0.0,10,1,1,1,107800.0,107800.0,107800.0,0.0
775,M-1810,item:268091,8110.530612,14400.0,14400.0,203550.0,finite,2317800.0,none,,0.0,0.0,min_max,0.0,14400.0,142485.0,14400.0,10,1,1,1,14400.0,14400.0,14400.0,0.0
776,M-1810,item:268091,10553.404082,14400.0,14400.0,203550.0,finite,2303400.0,none,,0.0,0.0,min_max,0.0,14400.0,142485.0,14400.0,10,2,1,1,14400.0,14400.0,14400.0,0.0
777,M-1810,item:268091,11862.746122,14400.0,14400.0,203550.0,finite,2289000.0,none,,0.0,0.0,min_max,0.0,14400.0,142485.0,14400.0,10,1,1,1,14400.0,14400.0,14400.0,0.0
778,M-1810,item:268091,12945.381878,14400.0,14400.0,203550.0,finite,2274600.0,none,,0.0,0.0,min_max,0.0,14400.0,142485.0,14400.0,10,2,1,1,14400.0,14400.0,14400.0,0.0
779,M-1810,item:268091,13982.676376,14400.0,14400.0,203550.0,finite,2260200.0,none,,0.0,0.0,min_max,0.0,14400.0,142485.0,14400.0,10,3,1,1,14400.0,14400.0,14400.0,0.0
780,M-1810,item:268091,14116.012826,14400.0,14400.0,203550.0,finite,2245800.0,none,,0.0,0.0,min_max,0.0,14400.0,142485.0,14400.0,10,4,1,1,14400.0,14400.0,14400.0,0.0
781,M-1810,item:268091,14068.557667,14400.0,14400.0,203550.0,finite,2231400.0,none,,0.0,0.0,min_max,0.0,14400.0,142485.0,14400.0,10,5,1,1,14400.0,14400.0,14400.0,0.0
782,M-1810,item:268091,13984.944186,14400.0,14400.0,203550.0,finite,2217000.0,none,,0.0,0.0,min_max,0.0,14400.0,142485.0,14400.0,10,6,1,1,14400.0,14400.0,14400.0,0.0
783,M-1810,item:268091,13894.099041,14400.0,14400.0,203550.0,finite,2202600.0,none,,0.0,0.0,min_max,0.0,14400.0,142485.0,14400.0,10,7,1,1,14400.0,14400.0,14400.0,0.0
784,M-1810,item:268091,13801.807563,14400.0,14400.0,203550.0,finite,2188200.0,none,,0.0,0.0,min_max,0.0,14400.0,142485.0,14400.0,10,1,1,1,14400.0,14400.0,14400.0,0.0
785,M-1810,item:268091,13709.226818,14400.0,14400.0,203550.0,finite,2173800.0,none,,0.0,0.0,min_max,0.0,14400.0,142485.0,14400.0,10,2,1,1,14400.0,14400.0,14400.0,0.0
786,M-1810,item:268091,13616.58822,14400.0,14400.0,203550.0,finite,2159400.0,none,,0.0,0.0,min_max,0.0,14400.0,142485.0,14400.0,10,3,1,1,14400.0,14400.0,14400.0,0.0
787,M-1430,item:268967,4957.518368,107800.0,107800.0,154000.0,finite,3512483.698685,none,,0.0,0.0,fixed,107800.0,107800.0,107800.0,0.0,10,1,1,1,107800.0,107800.0,107800.0,0.0
787,M-1810,item:268091,13338.925807,14400.0,14400.0,203550.0,finite,2145000.0,none,,0.0,0.0,min_max,0.0,14400.0,142485.0,14400.0,10,4,1,1,14400.0,14400.0,14400.0,0.0
788,M-1810,item:268091,13024.258631,14400.0,14400.0,203550.0,finite,2130600.0,none,,0.0,0.0,min_max,0.0,14400.0,142485.0,14400.0,10,5,1,1,14400.0,14400.0,14400.0,0.0
788,SDC-1450,item:773474,2023893.0576,3200000.0,3200000.0,0.0,unmodeled,237002684.563758,none,,0.0,0.0,fixed,3200000.0,0.0,0.0,0.0,10,1,1,1,3200000.0,3200000.0,3200000.0,0.0
789,M-1810,item:268091,12702.190501,14400.0,14400.0,203550.0,finite,2116200.0,none,,0.0,0.0,min_max,0.0,14400.0,142485.0,14400.0,10,6,1,1,14400.0,14400.0,14400.0,0.0
790,M-1810,item:268091,12378.642182,14400.0,14400.0,203550.0,finite,2101800.0,none,,0.0,0.0,min_max,0.0,14400.0,142485.0,14400.0,10,7,1,1,14400.0,14400.0,14400.0,0.0
791,M-1810,item:268091,12054.797824,14400.0,14400.0,203550.0,finite,2087400.0,none,,0.0,0.0,min_max,0.0,14400.0,142485.0,14400.0,10,1,1,1,14400.0,14400.0,14400.0,0.0
792,M-1810,item:268091,11730.894259,14400.0,14400.0,203550.0,finite,2073000.0,none,,0.0,0.0,min_max,0.0,14400.0,142485.0,14400.0,10,2,1,1,14400.0,14400.0,14400.0,0.0
793,M-1810,item:268091,11406.978852,14400.0,14400.0,203550.0,finite,2058600.0,none,,0.0,0.0,min_max,0.0,14400.0,142485.0,14400.0,10,3,1,1,14400.0,14400.0,14400.0,0.0
794,M-1810,item:268091,11140.040668,14400.0,14400.0,203550.0,finite,2044200.0,none,,0.0,0.0,min_max,0.0,14400.0,142485.0,14400.0,10,4,1,1,14400.0,14400.0,14400.0,0.0
795,M-1810,item:268091,10884.49793,14400.0,14400.0,203550.0,finite,2029800.0,none,,0.0,0.0,min_max,0.0,14400.0,142485.0,14400.0,10,5,1,1,14400.0,14400.0,14400.0,0.0
796,M-1810,item:268091,10631.23428,14400.0,14400.0,203550.0,finite,2015400.0,none,,0.0,0.0,min_max,0.0,14400.0,142485.0,14400.0,10,6,1,1,14400.0,14400.0,14400.0,0.0
797,M-1810,item:268091,10378.426448,14400.0,14400.0,203550.0,finite,2001000.0,none,,0.0,0.0,min_max,0.0,14400.0,142485.0,14400.0,10,7,1,1,14400.0,14400.0,14400.0,0.0
798,M-1810,item:268091,10125.709779,14400.0,14400.0,203550.0,finite,1986600.0,none,,0.0,0.0,min_max,0.0,14400.0,142485.0,14400.0,10,1,1,1,14400.0,14400.0,14400.0,0.0
799,M-1810,item:268091,9873.011344,14400.0,14400.0,203550.0,finite,1972200.0,none,,0.0,0.0,min_max,0.0,14400.0,142485.0,14400.0,10,2,1,1,14400.0,14400.0,14400.0,0.0
800,M-1810,item:268091,9620.316554,14400.0,14400.0,203550.0,finite,1957800.0,none,,0.0,0.0,min_max,0.0,14400.0,142485.0,14400.0,10,3,1,1,14400.0,14400.0,14400.0,0.0
801,M-1810,item:268091,9801.744943,14400.0,14400.0,203550.0,finite,1943400.0,none,,0.0,0.0,min_max,0.0,14400.0,142485.0,14400.0,10,4,1,1,14400.0,14400.0,14400.0,0.0
802,M-1810,item:268091,10069.997968,14400.0,14400.0,203550.0,finite,1929000.0,none,,0.0,0.0,min_max,0.0,14400.0,142485.0,14400.0,10,5,1,1,14400.0,14400.0,14400.0,0.0
803,M-1810,item:268091,10355.61592,14400.0,14400.0,203550.0,finite,1914600.0,none,,0.0,0.0,min_max,0.0,14400.0,142485.0,14400.0,10,6,1,1,14400.0,14400.0,14400.0,0.0
804,M-1810,item:268091,10644.706858,14400.0,14400.0,203550.0,finite,1900200.0,none,,0.0,0.0,min_max,0.0,14400.0,142485.0,14400.0,10,7,1,1,14400.0,14400.0,14400.0,0.0
805,M-1810,item:268091,10934.492392,14400.0,14400.0,203550.0,finite,1885800.0,none,,0.0,0.0,min_max,0.0,14400.0,142485.0,14400.0,10,1,1,1,14400.0,14400.0,14400.0,0.0
806,M-1810,item:268091,11224.416846,14400.0,14400.0,203550.0,finite,1871400.0,none,,0.0,0.0,min_max,0.0,14400.0,142485.0,14400.0,10,2,1,1,14400.0,14400.0,14400.0,0.0
807,M-1810,item:268091,11514.369084,14400.0,14400.0,203550.0,finite,1857000.0,none,,0.0,0.0,min_max,0.0,14400.0,142485.0,14400.0,10,3,1,1,14400.0,14400.0,14400.0,0.0
808,M-1810,item:268091,11654.188103,14400.0,14400.0,203550.0,finite,1842600.0,none,,0.0,0.0,min_max,0.0,14400.0,142485.0,14400.0,10,4,1,1,14400.0,14400.0,14400.0,0.0
809,M-1810,item:268091,11763.980478,14400.0,14400.0,203550.0,finite,1828200.0,none,,0.0,0.0,min_max,0.0,14400.0,142485.0,14400.0,10,5,1,1,14400.0,14400.0,14400.0,0.0
810,M-1810,item:268091,11867.767524,14400.0,14400.0,203550.0,finite,1813800.0,none,,0.0,0.0,min_max,0.0,14400.0,142485.0,14400.0,10,6,1,1,14400.0,14400.0,14400.0,0.0
811,M-1810,item:268091,11970.353505,14400.0,14400.0,203550.0,finite,1799400.0,none,,0.0,0.0,min_max,0.0,14400.0,142485.0,14400.0,10,7,1,1,14400.0,14400.0,14400.0,0.0
812,M-1810,item:268091,12072.699273,14400.0,14400.0,203550.0,finite,1785000.0,none,,0.0,0.0,min_max,0.0,14400.0,142485.0,14400.0,10,1,1,1,14400.0,14400.0,14400.0,0.0
813,M-1810,item:268091,12174.996997,14400.0,14400.0,203550.0,finite,1770600.0,none,,0.0,0.0,min_max,0.0,14400.0,142485.0,14400.0,10,2,1,1,14400.0,14400.0,14400.0,0.0
814,M-1810,item:268091,12277.285114,14400.0,14400.0,203550.0,finite,1756200.0,none,,0.0,0.0,min_max,0.0,14400.0,142485.0,14400.0,10,3,1,1,14400.0,14400.0,14400.0,0.0
815,M-1810,item:268091,11908.469268,14400.0,14400.0,203550.0,finite,1741800.0,none,,0.0,0.0,min_max,0.0,14400.0,142485.0,14400.0,10,4,1,1,14400.0,14400.0,14400.0,0.0
816,M-1810,item:268091,11445.432629,14400.0,14400.0,203550.0,finite,1727400.0,none,,0.0,0.0,min_max,0.0,14400.0,142485.0,14400.0,10,5,1,1,14400.0,14400.0,14400.0,0.0
817,M-1810,item:268091,10963.551832,14400.0,14400.0,203550.0,finite,1713000.0,none,,0.0,0.0,min_max,0.0,14400.0,142485.0,14400.0,10,6,1,1,14400.0,14400.0,14400.0,0.0
818,M-1810,item:268091,10477.902203,14400.0,14400.0,203550.0,finite,1698600.0,none,,0.0,0.0,min_max,0.0,14400.0,142485.0,14400.0,10,7,1,1,14400.0,14400.0,14400.0,0.0
820,M-1430,item:268967,3830.791837,107800.0,107800.0,154000.0,finite,3557400.018312,none,,0.0,0.0,fixed,107800.0,107800.0,107800.0,0.0,10,1,1,1,107800.0,107800.0,107800.0,0.0
831,M-1810,item:268091,7553.991837,14400.0,14400.0,203550.0,finite,1684200.0,none,,0.0,0.0,min_max,0.0,14400.0,142485.0,14400.0,10,1,1,1,14400.0,14400.0,14400.0,0.0
832,M-1810,item:268091,9782.520816,14400.0,14400.0,203550.0,finite,1669800.0,none,,0.0,0.0,min_max,0.0,14400.0,142485.0,14400.0,10,2,1,1,14400.0,14400.0,14400.0,0.0
833,M-1810,item:268091,10945.957224,14400.0,14400.0,203550.0,finite,1655400.0,none,,0.0,0.0,min_max,0.0,14400.0,142485.0,14400.0,10,1,1,1,14400.0,14400.0,14400.0,0.0
834,M-1810,item:268091,11896.375118,14400.0,14400.0,203550.0,finite,1641000.0,none,,0.0,0.0,min_max,0.0,14400.0,142485.0,14400.0,10,2,1,1,14400.0,14400.0,14400.0,0.0
835,M-1810,item:268091,12804.189309,14400.0,14400.0,203550.0,finite,1626600.0,none,,0.0,0.0,min_max,0.0,14400.0,142485.0,14400.0,10,3,1,1,14400.0,14400.0,14400.0,0.0
836,M-1810,item:268091,12506.013372,14400.0,14400.0,203550.0,finite,1612200.0,none,,0.0,0.0,min_max,0.0,14400.0,142485.0,14400.0,10,4,1,1,14400.0,14400.0,14400.0,0.0
837,M-1810,item:268091,11966.639409,14400.0,14400.0,203550.0,finite,1597800.0,none,,0.0,0.0,min_max,0.0,14400.0,142485.0,14400.0,10,5,1,1,14400.0,14400.0,14400.0,0.0
838,M-1810,item:268091,11379.025841,14400.0,14400.0,203550.0,finite,1583400.0,none,,0.0,0.0,min_max,0.0,14400.0,142485.0,14400.0,10,6,1,1,14400.0,14400.0,14400.0,0.0
839,M-1810,item:268091,10781.764352,14400.0,14400.0,203550.0,finite,1569000.0,none,,0.0,0.0,min_max,0.0,14400.0,142485.0,14400.0,10,7,1,1,14400.0,14400.0,14400.0,0.0
840,M-1810,item:268091,10182.573278,14400.0,14400.0,203550.0,finite,1554600.0,none,,0.0,0.0,min_max,0.0,14400.0,142485.0,14400.0,10,1,1,1,14400.0,14400.0,14400.0,0.0
841,M-1810,item:268091,9582.996288,14400.0,14400.0,203550.0,finite,1540200.0,none,,0.0,0.0,min_max,0.0,14400.0,142485.0,14400.0,10,2,1,1,14400.0,14400.0,14400.0,0.0
842,M-1810,item:268091,8983.342114,14400.0,14400.0,203550.0,finite,1525800.0,none,,0.0,0.0,min_max,0.0,14400.0,142485.0,14400.0,10,3,1,1,14400.0,14400.0,14400.0,0.0
861,M-1810,item:268091,6911.934694,14400.0,14400.0,203550.0,finite,1511400.0,none,,0.0,0.0,min_max,0.0,14400.0,142485.0,14400.0,10,1,1,1,14400.0,14400.0,14400.0,0.0
862,M-1810,item:268091,8961.097143,14400.0,14400.0,203550.0,finite,1497000.0,none,,0.0,0.0,min_max,0.0,14400.0,142485.0,14400.0,10,2,1,1,14400.0,14400.0,14400.0,0.0
863,M-1810,item:268091,10037.705143,14400.0,14400.0,203550.0,finite,1482600.0,none,,0.0,0.0,min_max,0.0,14400.0,142485.0,14400.0,10,3,1,1,14400.0,14400.0,14400.0,0.0
864,M-1810,item:268091,10255.296131,14400.0,14400.0,203550.0,finite,1468200.0,none,,0.0,0.0,min_max,0.0,14400.0,142485.0,14400.0,10,4,1,1,14400.0,14400.0,14400.0,0.0
865,M-1810,item:268091,10301.083716,14400.0,14400.0,203550.0,finite,1453800.0,none,,0.0,0.0,min_max,0.0,14400.0,142485.0,14400.0,10,5,1,1,14400.0,14400.0,14400.0,0.0
866,M-1810,item:268091,10312.510621,14400.0,14400.0,203550.0,finite,1439400.0,none,,0.0,0.0,min_max,0.0,14400.0,142485.0,14400.0,10,6,1,1,14400.0,14400.0,14400.0,0.0
867,M-1810,item:268091,10317.06539,14400.0,14400.0,203550.0,finite,1425000.0,none,,0.0,0.0,min_max,0.0,14400.0,142485.0,14400.0,10,7,1,1,14400.0,14400.0,14400.0,0.0
868,M-1810,item:268091,10320.245731,14400.0,14400.0,203550.0,finite,1410600.0,none,,0.0,0.0,min_max,0.0,14400.0,142485.0,14400.0,10,1,1,1,14400.0,14400.0,14400.0,0.0
869,M-1810,item:268091,10323.151187,14400.0,14400.0,203550.0,finite,1396200.0,none,,0.0,0.0,min_max,0.0,14400.0,142485.0,14400.0,10,2,1,1,14400.0,14400.0,14400.0,0.0
870,M-1810,item:268091,10326.001666,14400.0,14400.0,203550.0,finite,1381800.0,none,,0.0,0.0,min_max,0.0,14400.0,142485.0,14400.0,10,3,1,1,14400.0,14400.0,14400.0,0.0
871,M-1810,item:268091,10416.432987,14400.0,14400.0,203550.0,finite,1367400.0,none,,0.0,0.0,min_max,0.0,14400.0,142485.0,14400.0,10,4,1,1,14400.0,14400.0,14400.0,0.0
872,M-1810,item:268091,10524.380475,14400.0,14400.0,203550.0,finite,1353000.0,none,,0.0,0.0,min_max,0.0,14400.0,142485.0,14400.0,10,5,1,1,14400.0,14400.0,14400.0,0.0
873,M-1810,item:268091,10635.831197,14400.0,14400.0,203550.0,finite,1338600.0,none,,0.0,0.0,min_max,0.0,14400.0,142485.0,14400.0,10,6,1,1,14400.0,14400.0,14400.0,0.0
874,M-1810,item:268091,10747.982566,14400.0,14400.0,203550.0,finite,1324200.0,none,,0.0,0.0,min_max,0.0,14400.0,142485.0,14400.0,10,7,1,1,14400.0,14400.0,14400.0,0.0
875,M-1810,item:268091,10860.274064,14400.0,14400.0,203550.0,finite,1309800.0,none,,0.0,0.0,min_max,0.0,14400.0,142485.0,14400.0,10,1,1,1,14400.0,14400.0,14400.0,0.0
876,M-1810,item:268091,10972.593588,14400.0,14400.0,203550.0,finite,1295400.0,none,,0.0,0.0,min_max,0.0,14400.0,142485.0,14400.0,10,2,1,1,14400.0,14400.0,14400.0,0.0
877,M-1810,item:268091,11084.918718,14400.0,14400.0,203550.0,finite,1281000.0,none,,0.0,0.0,min_max,0.0,14400.0,142485.0,14400.0,10,3,1,1,14400.0,14400.0,14400.0,0.0
878,M-1810,item:268091,10893.604152,14400.0,14400.0,203550.0,finite,1266600.0,none,,0.0,0.0,min_max,0.0,14400.0,142485.0,14400.0,10,4,1,1,14400.0,14400.0,14400.0,0.0
879,M-1810,item:268091,10641.561647,14400.0,14400.0,203550.0,finite,1252200.0,none,,0.0,0.0,min_max,0.0,14400.0,142485.0,14400.0,10,5,1,1,14400.0,14400.0,14400.0,0.0
880,M-1810,item:268091,10377.373554,14400.0,14400.0,203550.0,finite,1237800.0,none,,0.0,0.0,min_max,0.0,14400.0,142485.0,14400.0,10,6,1,1,14400.0,14400.0,14400.0,0.0
881,M-1810,item:268091,10110.756343,14400.0,14400.0,203550.0,finite,1223400.0,none,,0.0,0.0,min_max,0.0,14400.0,142485.0,14400.0,10,7,1,1,14400.0,14400.0,14400.0,0.0
882,M-1810,item:268091,9843.653309,14400.0,14400.0,203550.0,finite,1209000.0,none,,0.0,0.0,min_max,0.0,14400.0,142485.0,14400.0,10,1,1,1,14400.0,14400.0,14400.0,0.0
883,M-1810,item:268091,9576.453111,14400.0,14400.0,203550.0,finite,1194600.0,none,,0.0,0.0,min_max,0.0,14400.0,142485.0,14400.0,10,2,1,1,14400.0,14400.0,14400.0,0.0
884,M-1810,item:268091,9309.233479,14400.0,14400.0,203550.0,finite,1180200.0,none,,0.0,0.0,min_max,0.0,14400.0,142485.0,14400.0,10,3,1,1,14400.0,14400.0,14400.0,0.0
885,M-1810,item:268091,8994.581389,14400.0,14400.0,203550.0,finite,1165800.0,none,,0.0,0.0,min_max,0.0,14400.0,142485.0,14400.0,10,4,1,1,14400.0,14400.0,14400.0,0.0
893,M-1430,item:268967,6980.914286,107800.0,107800.0,154000.0,finite,3557400.059701,none,,0.0,0.0,fixed,107800.0,107800.0,107800.0,0.0,10,1,1,1,107800.0,107800.0,107800.0,0.0
894,M-1430,item:268967,10770.697143,107800.0,107800.0,154000.0,finite,3449600.059701,none,,0.0,0.0,fixed,107800.0,107800.0,107800.0,0.0,10,2,1,1,107800.0,107800.0,107800.0,0.0
894,M-1810,item:268091,6910.612245,14400.0,14400.0,203550.0,finite,1151400.0,none,,0.0,0.0,min_max,0.0,14400.0,142485.0,14400.0,10,1,1,1,14400.0,14400.0,14400.0,0.0
895,M-1430,item:268967,13922.253714,107800.0,107800.0,154000.0,finite,3341800.059701,none,,0.0,0.0,fixed,107800.0,107800.0,107800.0,0.0,10,3,1,1,107800.0,107800.0,107800.0,0.0
895,M-1810,item:268091,8741.110204,14400.0,14400.0,203550.0,finite,1137000.0,none,,0.0,0.0,min_max,0.0,14400.0,142485.0,14400.0,10,2,1,1,14400.0,14400.0,14400.0,0.0
895,SDC-1450,item:773474,2008360.2576,3200000.0,3200000.0,0.0,unmodeled,233802684.563758,none,,0.0,0.0,fixed,3200000.0,0.0,0.0,0.0,10,1,1,1,3200000.0,3200000.0,3200000.0,0.0
896,M-1430,item:268967,16946.165028,107800.0,107800.0,154000.0,finite,3234000.059701,none,,0.0,0.0,fixed,107800.0,107800.0,107800.0,0.0,10,1,1,1,107800.0,107800.0,107800.0,0.0
896,M-1810,item:268091,9555.585306,14400.0,14400.0,203550.0,finite,1122600.0,none,,0.0,0.0,min_max,0.0,14400.0,142485.0,14400.0,10,1,1,1,14400.0,14400.0,14400.0,0.0
897,M-1430,item:268967,19944.547291,107800.0,107800.0,154000.0,finite,3126200.059701,none,,0.0,0.0,fixed,107800.0,107800.0,107800.0,0.0,10,2,1,1,107800.0,107800.0,107800.0,0.0
897,M-1810,item:268091,10166.855837,14400.0,14400.0,203550.0,finite,1108200.0,none,,0.0,0.0,min_max,0.0,14400.0,142485.0,14400.0,10,2,1,1,14400.0,14400.0,14400.0,0.0
898,M-1430,item:268967,22937.823744,107800.0,107800.0,154000.0,finite,3018400.059701,none,,0.0,0.0,fixed,107800.0,107800.0,107800.0,0.0,10,3,1,1,107800.0,107800.0,107800.0,0.0
898,M-1810,item:268091,10737.485453,14400.0,14400.0,203550.0,finite,1093800.0,none,,0.0,0.0,min_max,0.0,14400.0,142485.0,14400.0,10,3,1,1,14400.0,14400.0,14400.0,0.0
898,SDC-1450,item:773474,1992827.4576,3200000.0,3200000.0,0.0,unmodeled,230602684.563758,none,,0.0,0.0,fixed,3200000.0,0.0,0.0,0.0,10,1,1,1,3200000.0,3200000.0,3200000.0,0.0
899,M-1430,item:268967,20945.638218,107800.0,107800.0,154000.0,finite,2910600.059701,none,,0.0,0.0,fixed,107800.0,107800.0,107800.0,0.0,10,4,1,1,107800.0,107800.0,107800.0,0.0
899,M-1810,item:268091,11141.015458,14400.0,14400.0,203550.0,finite,1079400.0,none,,0.0,0.0,min_max,0.0,14400.0,142485.0,14400.0,10,4,1,1,14400.0,14400.0,14400.0,0.0
900,M-1430,item:268967,17956.360297,107800.0,107800.0,154000.0,finite,2802800.059701,none,,0.0,0.0,fixed,107800.0,107800.0,107800.0,0.0,10,5,1,1,107800.0,107800.0,107800.0,0.0
900,M-1810,item:268091,11511.12554,14400.0,14400.0,203550.0,finite,1065000.0,none,,0.0,0.0,min_max,0.0,14400.0,142485.0,14400.0,10,5,1,1,14400.0,14400.0,14400.0,0.0
901,M-1810,item:268091,11874.551638,14400.0,14400.0,203550.0,finite,1050600.0,none,,0.0,0.0,min_max,0.0,14400.0,142485.0,14400.0,10,6,1,1,14400.0,14400.0,14400.0,0.0
901,SDC-1450,item:773474,1977294.6576,3200000.0,3200000.0,0.0,unmodeled,227402684.563758,none,,0.0,0.0,fixed,3200000.0,0.0,0.0,0.0,10,2,1,1,3200000.0,3200000.0,3200000.0,0.0
902,M-1810,item:268091,12236.64094,14400.0,14400.0,203550.0,finite,1036200.0,none,,0.0,0.0,min_max,0.0,14400.0,142485.0,14400.0,10,7,1,1,14400.0,14400.0,14400.0,0.0
903,M-1810,item:268091,12598.462882,14400.0,14400.0,203550.0,finite,1021800.0,none,,0.0,0.0,min_max,0.0,14400.0,142485.0,14400.0,10,1,1,1,14400.0,14400.0,14400.0,0.0
904,M-1810,item:268091,12960.231352,14400.0,14400.0,203550.0,finite,1007400.0,none,,0.0,0.0,min_max,0.0,14400.0,142485.0,14400.0,10,2,1,1,14400.0,14400.0,14400.0,0.0
905,M-1810,item:268091,13321.989127,14400.0,14400.0,203550.0,finite,993000.0,none,,0.0,0.0,min_max,0.0,14400.0,142485.0,14400.0,10,3,1,1,14400.0,14400.0,14400.0,0.0
906,M-1810,item:268091,12874.471295,14400.0,14400.0,203550.0,finite,978600.0,none,,0.0,0.0,min_max,0.0,14400.0,142485.0,14400.0,10,4,1,1,14400.0,14400.0,14400.0,0.0
907,M-1810,item:268091,12265.09834,14400.0,14400.0,203550.0,finite,964200.0,none,,0.0,0.0,min_max,0.0,14400.0,142485.0,14400.0,10,5,1,1,14400.0,14400.0,14400.0,0.0
908,M-1810,item:268091,11623.354362,14400.0,14400.0,203550.0,finite,949800.0,none,,0.0,0.0,min_max,0.0,14400.0,142485.0,14400.0,10,6,1,1,14400.0,14400.0,14400.0,0.0
909,M-1810,item:268091,10975.136179,14400.0,14400.0,203550.0,finite,935400.0,none,,0.0,0.0,min_max,0.0,14400.0,142485.0,14400.0,10,7,1,1,14400.0,14400.0,14400.0,0.0
910,M-1810,item:268091,10325.623154,14400.0,14400.0,203550.0,finite,921000.0,none,,0.0,0.0,min_max,0.0,14400.0,142485.0,14400.0,10,1,1,1,14400.0,14400.0,14400.0,0.0
911,M-1810,item:268091,9675.851162,14400.0,14400.0,203550.0,finite,906600.0,none,,0.0,0.0,min_max,0.0,14400.0,142485.0,14400.0,10,2,1,1,14400.0,14400.0,14400.0,0.0
912,M-1810,item:268091,9026.027376,14400.0,14400.0,203550.0,finite,892200.0,none,,0.0,0.0,min_max,0.0,14400.0,142485.0,14400.0,10,3,1,1,14400.0,14400.0,14400.0,0.0
915,M-1810,item:268091,7663.477551,14400.0,14400.0,203550.0,finite,877800.0,none,,0.0,0.0,min_max,0.0,14400.0,142485.0,14400.0,10,4,1,1,14400.0,14400.0,14400.0,0.0
916,M-1810,item:268091,9387.046531,14400.0,14400.0,203550.0,finite,863400.0,none,,0.0,0.0,min_max,0.0,14400.0,142485.0,14400.0,10,5,1,1,14400.0,14400.0,14400.0,0.0
917,M-1810,item:268091,9922.633796,14400.0,14400.0,203550.0,finite,849000.0,none,,0.0,0.0,min_max,0.0,14400.0,142485.0,14400.0,10,1,1,1,14400.0,14400.0,14400.0,0.0
918,M-1810,item:268091,10220.624719,14400.0,14400.0,203550.0,finite,834600.0,none,,0.0,0.0,min_max,0.0,14400.0,142485.0,14400.0,10,2,1,1,14400.0,14400.0,14400.0,0.0
919,M-1810,item:268091,10471.096373,14400.0,14400.0,203550.0,finite,820200.0,none,,0.0,0.0,min_max,0.0,14400.0,142485.0,14400.0,10,3,1,1,14400.0,14400.0,14400.0,0.0
920,M-1810,item:268091,10140.570295,14400.0,14400.0,203550.0,finite,805800.0,none,,0.0,0.0,min_max,0.0,14400.0,142485.0,14400.0,10,4,1,1,14400.0,14400.0,14400.0,0.0
921,M-1810,item:268091,9693.844671,14400.0,14400.0,203550.0,finite,791400.0,none,,0.0,0.0,min_max,0.0,14400.0,142485.0,14400.0,10,5,1,1,14400.0,14400.0,14400.0,0.0
922,M-1810,item:268091,9223.879138,14400.0,14400.0,203550.0,finite,777000.0,none,,0.0,0.0,min_max,0.0,14400.0,142485.0,14400.0,10,6,1,1,14400.0,14400.0,14400.0,0.0
929,M-1810,item:268091,8054.285714,14400.0,14400.0,203550.0,finite,762600.0,none,,0.0,0.0,min_max,0.0,14400.0,142485.0,14400.0,10,1,1,1,14400.0,14400.0,14400.0,0.0
930,M-1810,item:268091,10429.028571,14400.0,14400.0,203550.0,finite,748200.0,none,,0.0,0.0,min_max,0.0,14400.0,142485.0,14400.0,10,2,1,1,14400.0,14400.0,14400.0,0.0
931,M-1810,item:268091,11667.862857,14400.0,14400.0,203550.0,finite,733800.0,none,,0.0,0.0,min_max,0.0,14400.0,142485.0,14400.0,10,1,1,1,14400.0,14400.0,14400.0,0.0
932,M-1810,item:268091,12679.515428,14400.0,14400.0,203550.0,finite,719400.0,none,,0.0,0.0,min_max,0.0,14400.0,142485.0,14400.0,10,2,1,1,14400.0,14400.0,14400.0,0.0
933,M-1810,item:268091,13645.731657,14400.0,14400.0,203550.0,finite,705000.0,none,,0.0,0.0,min_max,0.0,14400.0,142485.0,14400.0,10,3,1,1,14400.0,14400.0,14400.0,0.0
934,M-1810,item:268091,13130.436127,14400.0,14400.0,203550.0,finite,690600.0,none,,0.0,0.0,min_max,0.0,14400.0,142485.0,14400.0,10,4,1,1,14400.0,14400.0,14400.0,0.0
935,M-1810,item:268091,12318.838246,14400.0,14400.0,203550.0,finite,676200.0,none,,0.0,0.0,min_max,0.0,14400.0,142485.0,14400.0,10,5,1,1,14400.0,14400.0,14400.0,0.0
936,M-1810,item:268091,11447.979894,14400.0,14400.0,203550.0,finite,661800.0,none,,0.0,0.0,min_max,0.0,14400.0,142485.0,14400.0,10,6,1,1,14400.0,14400.0,14400.0,0.0
937,M-1810,item:268091,10565.269448,14400.0,14400.0,203550.0,finite,647400.0,none,,0.0,0.0,min_max,0.0,14400.0,142485.0,14400.0,10,7,1,1,14400.0,14400.0,14400.0,0.0
938,M-1810,item:268091,9680.188584,14400.0,14400.0,203550.0,finite,633000.0,none,,0.0,0.0,min_max,0.0,14400.0,142485.0,14400.0,10,1,1,1,14400.0,14400.0,14400.0,0.0
939,M-1810,item:268091,8794.633635,14400.0,14400.0,203550.0,finite,618600.0,none,,0.0,0.0,min_max,0.0,14400.0,142485.0,14400.0,10,2,1,1,14400.0,14400.0,14400.0,0.0
964,M-1810,item:268091,6294.302041,14400.0,14400.0,203550.0,finite,604200.0,none,,0.0,0.0,min_max,0.0,14400.0,142485.0,14400.0,10,1,1,1,14400.0,14400.0,14400.0,0.0
965,M-1810,item:268091,8234.958367,14400.0,14400.0,203550.0,finite,589800.0,none,,0.0,0.0,min_max,0.0,14400.0,142485.0,14400.0,10,2,1,1,14400.0,14400.0,14400.0,0.0
966,M-1810,item:268091,9304.885551,14400.0,14400.0,203550.0,finite,575400.0,none,,0.0,0.0,min_max,0.0,14400.0,142485.0,14400.0,10,1,1,1,14400.0,14400.0,14400.0,0.0
967,M-1810,item:268091,10200.666906,14400.0,14400.0,203550.0,finite,561000.0,none,,0.0,0.0,min_max,0.0,14400.0,142485.0,14400.0,10,2,1,1,14400.0,14400.0,14400.0,0.0
968,M-1810,item:268091,11061.619096,14400.0,14400.0,203550.0,finite,546600.0,none,,0.0,0.0,min_max,0.0,14400.0,142485.0,14400.0,10,3,1,1,14400.0,14400.0,14400.0,0.0
969,M-1810,item:268091,11033.483003,14400.0,14400.0,203550.0,finite,532200.0,none,,0.0,0.0,min_max,0.0,14400.0,142485.0,14400.0,10,4,1,1,14400.0,14400.0,14400.0,0.0
970,M-1810,item:268091,10827.529254,14400.0,14400.0,203550.0,finite,517800.0,none,,0.0,0.0,min_max,0.0,14400.0,142485.0,14400.0,10,5,1,1,14400.0,14400.0,14400.0,0.0
971,M-1810,item:268091,10586.011973,14400.0,14400.0,203550.0,finite,503400.0,none,,0.0,0.0,min_max,0.0,14400.0,142485.0,14400.0,10,6,1,1,14400.0,14400.0,14400.0,0.0
972,M-1810,item:268091,10337.381987,14400.0,14400.0,203550.0,finite,489000.0,none,,0.0,0.0,min_max,0.0,14400.0,142485.0,14400.0,10,7,1,1,14400.0,14400.0,14400.0,0.0
973,M-1810,item:268091,10087.329459,14400.0,14400.0,203550.0,finite,474600.0,none,,0.0,0.0,min_max,0.0,14400.0,142485.0,14400.0,10,1,1,1,14400.0,14400.0,14400.0,0.0
974,M-1810,item:268091,9836.992422,14400.0,14400.0,203550.0,finite,460200.0,none,,0.0,0.0,min_max,0.0,14400.0,142485.0,14400.0,10,2,1,1,14400.0,14400.0,14400.0,0.0
975,M-1810,item:268091,9586.598484,14400.0,14400.0,203550.0,finite,445800.0,none,,0.0,0.0,min_max,0.0,14400.0,142485.0,14400.0,10,3,1,1,14400.0,14400.0,14400.0,0.0
976,M-1810,item:268091,9486.936023,14400.0,14400.0,203550.0,finite,436400.0,none,,0.0,0.0,min_max,0.0,14400.0,142485.0,14400.0,10,4,1,1,14400.0,14400.0,14400.0,0.0
977,M-1810,item:268091,9417.419858,14400.0,14400.0,203550.0,finite,437000.0,none,,0.0,0.0,min_max,0.0,14400.0,142485.0,14400.0,10,5,1,1,14400.0,14400.0,14400.0,0.0
978,M-1810,item:268091,9353.932951,14400.0,14400.0,203550.0,finite,422600.0,none,,0.0,0.0,min_max,0.0,14400.0,142485.0,14400.0,10,6,1,1,14400.0,14400.0,14400.0,0.0
979,M-1810,item:268091,9291.651896,14400.0,14400.0,203550.0,finite,418200.0,none,,0.0,0.0,min_max,0.0,14400.0,142485.0,14400.0,10,7,1,1,14400.0,14400.0,14400.0,0.0
980,M-1810,item:268091,9229.612012,14400.0,14400.0,203550.0,finite,403800.0,none,,0.0,0.0,min_max,0.0,14400.0,142485.0,14400.0,10,1,1,1,14400.0,14400.0,14400.0,0.0
981,M-1810,item:268091,9167.620361,14400.0,14400.0,203550.0,finite,394400.0,none,,0.0,0.0,min_max,0.0,14400.0,142485.0,14400.0,10,2,1,1,14400.0,14400.0,14400.0,0.0
982,M-1810,item:268091,9105.638358,14400.0,14400.0,203550.0,finite,380000.0,none,,0.0,0.0,min_max,0.0,14400.0,142485.0,14400.0,10,3,1,1,14400.0,14400.0,14400.0,0.0
983,M-1810,item:268091,9212.915427,14400.0,14400.0,203550.0,finite,365600.0,none,,0.0,0.0,min_max,0.0,14400.0,142485.0,14400.0,10,4,1,1,14400.0,14400.0,14400.0,0.0
984,M-1810,item:268091,9354.04431,14400.0,14400.0,203550.0,finite,351200.0,none,,0.0,0.0,min_max,0.0,14400.0,142485.0,14400.0,10,5,1,1,14400.0,14400.0,14400.0,0.0
985,M-1810,item:268091,9501.943556,14400.0,14400.0,203550.0,finite,336800.0,none,,0.0,0.0,min_max,0.0,14400.0,142485.0,14400.0,10,6,1,1,14400.0,14400.0,14400.0,0.0
986,M-1810,item:268091,9651.196874,14400.0,14400.0,203550.0,finite,322400.0,none,,0.0,0.0,min_max,0.0,14400.0,142485.0,14400.0,10,7,1,1,14400.0,14400.0,14400.0,0.0
987,M-1810,item:268091,9800.721007,14400.0,14400.0,203550.0,finite,308000.0,none,,0.0,0.0,min_max,0.0,14400.0,142485.0,14400.0,10,1,1,1,14400.0,14400.0,14400.0,0.0
988,M-1810,item:268091,9950.299303,14400.0,14400.0,203550.0,finite,293600.0,none,,0.0,0.0,min_max,0.0,14400.0,142485.0,14400.0,10,2,1,1,14400.0,14400.0,14400.0,0.0
989,M-1810,item:268091,10099.888432,14400.0,14400.0,203550.0,finite,279200.0,none,,0.0,0.0,min_max,0.0,14400.0,142485.0,14400.0,10,3,1,1,14400.0,14400.0,14400.0,0.0
990,M-1810,item:268091,10479.96136,14400.0,14400.0,203550.0,finite,264800.0,none,,0.0,0.0,min_max,0.0,14400.0,142485.0,14400.0,10,4,1,1,14400.0,14400.0,14400.0,0.0
991,M-1810,item:268091,10906.131047,14400.0,14400.0,203550.0,finite,250400.0,none,,0.0,0.0,min_max,0.0,14400.0,142485.0,14400.0,10,5,1,1,14400.0,14400.0,14400.0,0.0
992,M-1810,item:268091,11341.520087,14400.0,14400.0,203550.0,finite,236000.0,none,,0.0,0.0,min_max,0.0,14400.0,142485.0,14400.0,10,6,1,1,14400.0,14400.0,14400.0,0.0
993,M-1810,item:268091,11778.752997,14400.0,14400.0,203550.0,finite,221600.0,none,,0.0,0.0,min_max,0.0,14400.0,142485.0,14400.0,10,7,1,1,14400.0,14400.0,14400.0,0.0
994,M-1810,item:268091,12216.354681,14400.0,14400.0,203550.0,finite,207200.0,none,,0.0,0.0,min_max,0.0,14400.0,142485.0,14400.0,10,1,1,1,14400.0,14400.0,14400.0,0.0
995,M-1810,item:268091,12654.03012,14400.0,14400.0,203550.0,finite,192800.0,none,,0.0,0.0,min_max,0.0,14400.0,142485.0,14400.0,10,2,1,1,14400.0,14400.0,14400.0,0.0
996,M-1810,item:268091,13091.72031,14400.0,14400.0,203550.0,finite,178400.0,none,,0.0,0.0,min_max,0.0,14400.0,142485.0,14400.0,10,3,1,1,14400.0,14400.0,14400.0,0.0
997,M-1810,item:268091,12561.250184,14400.0,14400.0,203550.0,finite,164000.0,none,,0.0,0.0,min_max,0.0,14400.0,142485.0,14400.0,10,4,1,1,14400.0,14400.0,14400.0,0.0
998,M-1810,item:268091,11837.147996,14400.0,14400.0,203550.0,finite,149600.0,none,,0.0,0.0,min_max,0.0,14400.0,142485.0,14400.0,10,5,1,1,14400.0,14400.0,14400.0,0.0
999,M-1810,item:268091,11074.319395,14400.0,14400.0,203550.0,finite,135200.0,none,,0.0,0.0,min_max,0.0,14400.0,142485.0,14400.0,10,6,1,1,14400.0,14400.0,14400.0,0.0
1000,M-1810,item:268091,10303.745512,14400.0,14400.0,203550.0,finite,120800.0,none,,0.0,0.0,min_max,0.0,14400.0,142485.0,14400.0,10,7,1,1,14400.0,14400.0,14400.0,0.0
1001,M-1810,item:268091,9531.622572,14400.0,14400.0,203550.0,finite,106400.0,none,,0.0,0.0,min_max,0.0,14400.0,142485.0,14400.0,10,1,1,1,14400.0,14400.0,14400.0,0.0
1009,M-1810,item:268091,7223.167347,14400.0,14400.0,203550.0,finite,132000.0,none,,0.0,0.0,min_max,0.0,14400.0,142485.0,14400.0,10,1,1,1,14400.0,14400.0,14400.0,0.0
1010,M-1810,item:268091,8832.519184,14400.0,14400.0,203550.0,finite,122600.0,none,,0.0,0.0,min_max,0.0,14400.0,142485.0,14400.0,10,2,1,1,14400.0,14400.0,14400.0,0.0
1011,M-1810,item:268091,9275.499755,14400.0,14400.0,203550.0,finite,118200.0,none,,0.0,0.0,min_max,0.0,14400.0,142485.0,14400.0,10,3,1,1,14400.0,14400.0,14400.0,0.0
1012,M-1810,item:268091,9485.206074,14400.0,14400.0,203550.0,finite,108800.0,none,,0.0,0.0,min_max,0.0,14400.0,142485.0,14400.0,10,4,1,1,14400.0,14400.0,14400.0,0.0
1013,M-1810,item:268091,9648.257541,14400.0,14400.0,203550.0,finite,99400.0,none,,0.0,0.0,min_max,0.0,14400.0,142485.0,14400.0,10,5,1,1,14400.0,14400.0,14400.0,0.0
1014,M-1810,item:268091,9801.978039,14400.0,14400.0,203550.0,finite,85000.0,none,,0.0,0.0,min_max,0.0,14400.0,142485.0,14400.0,10,6,1,1,14400.0,14400.0,14400.0,0.0
1015,M-1810,item:268091,9953.832343,14400.0,14400.0,203550.0,finite,80600.0,none,,0.0,0.0,min_max,0.0,14400.0,142485.0,14400.0,10,1,1,1,14400.0,14400.0,14400.0,0.0
1016,M-1810,item:268091,10105.313408,14400.0,14400.0,203550.0,finite,71200.0,none,,0.0,0.0,min_max,0.0,14400.0,142485.0,14400.0,10,2,1,1,14400.0,14400.0,14400.0,0.0
1017,M-1810,item:268091,10256.719825,14400.0,14400.0,203550.0,finite,56800.0,none,,0.0,0.0,min_max,0.0,14400.0,142485.0,14400.0,10,3,1,1,14400.0,14400.0,14400.0,0.0
1018,M-1810,item:268091,10418.397026,14400.0,14400.0,203550.0,finite,52400.0,none,,0.0,0.0,min_max,0.0,14400.0,142485.0,14400.0,10,4,1,1,14400.0,14400.0,14400.0,0.0
1019,M-1810,item:268091,10582.128385,14400.0,14400.0,203550.0,finite,43000.0,none,,0.0,0.0,min_max,0.0,14400.0,142485.0,14400.0,10,5,1,1,14400.0,14400.0,14400.0,0.0
1020,M-1810,item:268091,10746.270575,14400.0,14400.0,203550.0,finite,33600.0,none,,0.0,0.0,min_max,0.0,14400.0,142485.0,14400.0,10,6,1,1,14400.0,14400.0,14400.0,0.0
1021,M-1810,item:268091,10910.494931,14400.0,14400.0,203550.0,finite,24200.0,none,,0.0,0.0,min_max,0.0,14400.0,142485.0,14400.0,10,7,1,1,14400.0,14400.0,14400.0,0.0
1022,M-1810,item:268091,11074.735721,14400.0,14400.0,203550.0,finite,14800.0,none,,0.0,0.0,min_max,0.0,14400.0,142485.0,14400.0,10,1,1,1,14400.0,14400.0,14400.0,0.0
1023,M-1810,item:268091,11238.979797,14400.0,5400.0,203550.0,finite,5400.0,input_shortage,item:338929,5838.979797,9000.0,min_max,0.0,14400.0,142485.0,14400.0,10,2,1,1,14400.0,14400.0,14400.0,9000.0
1024,M-1810,item:268091,11403.224531,9000.0,5000.0,203550.0,finite,5000.0,input_shortage,item:338929,6403.224531,4000.0,min_max,0.0,14400.0,142485.0,14400.0,10,2,0,0,0.0,0.0,9000.0,4000.0
1025,M-1810,item:268091,10969.869396,4000.0,4000.0,203550.0,finite,5000.0,none,,6969.869396,0.0,min_max,0.0,14400.0,142485.0,14400.0,10,2,0,0,0.0,0.0,4000.0,0.0
1026,M-1810,item:268091,10416.994287,14400.0,11000.0,203550.0,finite,11000.0,input_shortage,item:338929,0.0,3400.0,min_max,0.0,14400.0,142485.0,14400.0,10,3,1,1,14400.0,14400.0,14400.0,3400.0
1027,M-1810,item:268091,9840.215184,3400.0,3400.0,203550.0,finite,15000.0,none,,6440.215184,0.0,min_max,0.0,14400.0,142485.0,14400.0,10,3,0,0,0.0,0.0,3400.0,0.0
1028,M-1810,item:268091,9258.655282,14400.0,14400.0,203550.0,finite,16600.0,none,,0.0,0.0,min_max,0.0,14400.0,142485.0,14400.0,10,4,1,1,14400.0,14400.0,14400.0,0.0
1036,M-1810,item:268091,7479.591837,14400.0,14400.0,203550.0,finite,117200.0,none,,0.0,0.0,min_max,0.0,14400.0,142485.0,14400.0,10,1,1,1,14400.0,14400.0,14400.0,0.0
1037,M-1810,item:268091,9293.028571,14400.0,14400.0,203550.0,finite,132800.0,none,,0.0,0.0,min_max,0.0,14400.0,142485.0,14400.0,10,2,1,1,14400.0,14400.0,14400.0,0.0
1038,M-1810,item:268091,9973.234285,14400.0,14400.0,203550.0,finite,148400.0,none,,0.0,0.0,min_max,0.0,14400.0,142485.0,14400.0,10,3,1,1,14400.0,14400.0,14400.0,0.0
1039,M-1430,item:268967,5718.481632,107800.0,107800.0,154000.0,finite,3557400.080085,none,,0.0,0.0,fixed,107800.0,107800.0,107800.0,0.0,10,1,1,1,107800.0,107800.0,107800.0,0.0
1039,M-1810,item:268091,9651.414204,14400.0,14400.0,203550.0,finite,159000.0,none,,0.0,0.0,min_max,0.0,14400.0,142485.0,14400.0,10,4,1,1,14400.0,14400.0,14400.0,0.0
1040,M-1810,item:268091,9129.188963,14400.0,14400.0,203550.0,finite,184600.0,none,,0.0,0.0,min_max,0.0,14400.0,142485.0,14400.0,10,5,1,1,14400.0,14400.0,14400.0,0.0
1041,M-1810,item:268091,8566.88269,14400.0,14400.0,203550.0,finite,215200.0,none,,0.0,0.0,min_max,0.0,14400.0,142485.0,14400.0,10,6,1,1,14400.0,14400.0,14400.0,0.0
1048,M-1810,item:268091,7966.465306,14400.0,14400.0,203550.0,finite,645800.0,none,,0.0,0.0,min_max,0.0,14400.0,142485.0,14400.0,10,1,1,1,14400.0,14400.0,14400.0,0.0
1049,M-1810,item:268091,10578.713469,14400.0,14400.0,203550.0,finite,706400.0,none,,0.0,0.0,min_max,0.0,14400.0,142485.0,14400.0,10,2,1,1,14400.0,14400.0,14400.0,0.0
1050,M-1810,item:268091,12120.118204,14400.0,14400.0,203550.0,finite,797000.0,none,,0.0,0.0,min_max,0.0,14400.0,142485.0,14400.0,10,1,1,1,14400.0,14400.0,14400.0,0.0
1051,M-1810,item:268091,13447.354253,14400.0,14400.0,203550.0,finite,872600.0,none,,0.0,0.0,min_max,0.0,14400.0,142485.0,14400.0,10,2,1,1,14400.0,14400.0,14400.0,0.0
1052,M-1810,item:268091,14731.756565,28800.0,28800.0,203550.0,finite,948200.0,none,,0.0,0.0,min_max,0.0,14400.0,142485.0,14400.0,10,3,1,1,28800.0,28800.0,28800.0,0.0
1053,M-1810,item:268091,15120.196211,28800.0,28800.0,203550.0,finite,1014400.0,none,,0.0,0.0,min_max,0.0,14400.0,142485.0,14400.0,10,4,1,1,28800.0,28800.0,28800.0,0.0
1054,M-1810,item:268091,15329.443324,28800.0,28800.0,203550.0,finite,1090600.0,none,,0.0,0.0,min_max,0.0,14400.0,142485.0,14400.0,10,5,1,1,28800.0,28800.0,28800.0,0.0
1055,M-1810,item:268091,15502.85193,28800.0,28800.0,203550.0,finite,1176800.0,none,,0.0,0.0,min_max,0.0,14400.0,142485.0,14400.0,10,6,1,1,28800.0,28800.0,28800.0,0.0
1056,M-1810,item:268091,15669.092835,28800.0,28800.0,203550.0,finite,1253000.0,none,,0.0,0.0,min_max,0.0,14400.0,142485.0,14400.0,10,7,1,1,28800.0,28800.0,28800.0,0.0
1057,M-1810,item:268091,15833.9002,28800.0,28800.0,203550.0,finite,1379200.0,none,,0.0,0.0,min_max,0.0,14400.0,142485.0,14400.0,10,1,1,1,28800.0,28800.0,28800.0,0.0
1058,M-1810,item:268091,15998.420856,28800.0,28800.0,203550.0,finite,1495400.0,none,,0.0,0.0,min_max,0.0,14400.0,142485.0,14400.0,10,2,1,1,28800.0,28800.0,28800.0,0.0
1059,M-1810,item:268091,16162.884171,28800.0,28800.0,203550.0,finite,1606600.0,none,,0.0,0.0,min_max,0.0,14400.0,142485.0,14400.0,10,3,1,1,28800.0,28800.0,28800.0,0.0
1060,M-1810,item:268091,15468.250304,28800.0,28800.0,203550.0,finite,1725358.672543,none,,0.0,0.0,min_max,0.0,14400.0,142485.0,14400.0,10,4,1,1,28800.0,28800.0,28800.0,0.0
1061,M-1810,item:268091,14601.796999,28800.0,28800.0,203550.0,finite,1696558.672543,none,,0.0,0.0,min_max,0.0,14400.0,142485.0,14400.0,10,5,1,1,28800.0,28800.0,28800.0,0.0
1062,M-1810,item:268091,13700.979808,14400.0,14400.0,203550.0,finite,1667758.672543,none,,0.0,0.0,min_max,0.0,14400.0,142485.0,14400.0,10,6,1,1,14400.0,14400.0,14400.0,0.0
1063,M-1810,item:268091,12793.289839,14400.0,14400.0,203550.0,finite,1653358.672543,none,,0.0,0.0,min_max,0.0,14400.0,142485.0,14400.0,10,7,1,1,14400.0,14400.0,14400.0,0.0
1064,M-1810,item:268091,11884.225315,14400.0,14400.0,203550.0,finite,1638958.672543,none,,0.0,0.0,min_max,0.0,14400.0,142485.0,14400.0,10,1,1,1,14400.0,14400.0,14400.0,0.0
1065,M-1810,item:268091,10974.885879,14400.0,14400.0,203550.0,finite,1624558.672543,none,,0.0,0.0,min_max,0.0,14400.0,142485.0,14400.0,10,2,1,1,14400.0,14400.0,14400.0,0.0
1072,M-1810,item:268091,8507.934694,14400.0,14400.0,203550.0,finite,1610158.672543,none,,0.0,0.0,min_max,0.0,14400.0,142485.0,14400.0,10,1,1,1,14400.0,14400.0,14400.0,0.0
1073,M-1810,item:268091,10315.758368,14400.0,14400.0,203550.0,finite,1595758.672543,none,,0.0,0.0,min_max,0.0,14400.0,142485.0,14400.0,10,2,1,1,14400.0,14400.0,14400.0,0.0
1074,M-1810,item:268091,11731.527184,14400.0,14400.0,203550.0,finite,1581358.672543,none,,0.0,0.0,min_max,0.0,14400.0,142485.0,14400.0,10,3,1,1,14400.0,14400.0,14400.0,0.0
1075,M-1810,item:268091,13068.885029,14400.0,14400.0,203550.0,finite,1566958.672543,none,,0.0,0.0,min_max,0.0,14400.0,142485.0,14400.0,10,4,1,1,14400.0,14400.0,14400.0,0.0
1076,M-1430,item:268967,4698.220408,107800.0,107800.0,154000.0,finite,3532125.0,none,,0.0,0.0,fixed,107800.0,107800.0,107800.0,0.0,10,1,1,1,107800.0,107800.0,107800.0,0.0
1076,M-1810,item:268091,14390.560679,14400.0,14400.0,203550.0,finite,1552558.672543,none,,0.0,0.0,min_max,0.0,14400.0,142485.0,14400.0,10,5,1,1,14400.0,14400.0,14400.0,0.0
1077,M-1810,item:268091,15709.099891,28800.0,28800.0,203550.0,finite,1538158.672543,none,,0.0,0.0,min_max,0.0,14400.0,142485.0,14400.0,10,6,1,1,28800.0,28800.0,28800.0,0.0
1078,M-1810,item:268091,17027.011815,28800.0,28800.0,203550.0,finite,1509358.672543,none,,0.0,0.0,min_max,0.0,14400.0,142485.0,14400.0,10,1,1,1,28800.0,28800.0,28800.0,0.0
1079,M-1810,item:268091,18344.798281,28800.0,28800.0,203550.0,finite,2265722.660099,none,,0.0,0.0,min_max,0.0,14400.0,142485.0,14400.0,10,2,1,1,28800.0,28800.0,28800.0,0.0
1080,M-1810,item:268091,19662.559656,28800.0,28800.0,203550.0,finite,2236922.660099,none,,0.0,0.0,min_max,0.0,14400.0,142485.0,14400.0,10,3,1,1,28800.0,28800.0,28800.0,0.0
1081,M-1430,item:268967,5277.6,107800.0,107800.0,154000.0,finite,3424325.0,none,,0.0,0.0,fixed,107800.0,107800.0,107800.0,0.0,10,1,1,1,107800.0,107800.0,107800.0,0.0
1081,M-1810,item:268091,19568.887441,28800.0,28800.0,203550.0,finite,2208122.660099,none,,0.0,0.0,min_max,0.0,14400.0,142485.0,14400.0,10,4,1,1,28800.0,28800.0,28800.0,0.0
1082,M-1810,item:268091,19192.928509,28800.0,28800.0,203550.0,finite,2179322.660099,none,,0.0,0.0,min_max,0.0,14400.0,142485.0,14400.0,10,5,1,1,28800.0,28800.0,28800.0,0.0
1082,SDC-1450,item:773474,1961761.8576,3200000.0,3200000.0,0.0,unmodeled,224202684.563758,none,,0.0,0.0,fixed,3200000.0,0.0,0.0,0.0,10,1,1,1,3200000.0,3200000.0,3200000.0,0.0
1083,M-1810,item:268091,18760.512232,28800.0,28800.0,203550.0,finite,2150522.660099,none,,0.0,0.0,min_max,0.0,14400.0,142485.0,14400.0,10,6,1,1,28800.0,28800.0,28800.0,0.0
1084,M-1810,item:268091,18316.804487,28800.0,28800.0,203550.0,finite,2121722.660099,none,,0.0,0.0,min_max,0.0,14400.0,142485.0,14400.0,10,7,1,1,28800.0,28800.0,28800.0,0.0
1085,M-1810,item:268091,17870.838448,28800.0,28800.0,203550.0,finite,2092922.660099,none,,0.0,0.0,min_max,0.0,14400.0,142485.0,14400.0,10,1,1,1,28800.0,28800.0,28800.0,0.0
1086,M-1810,item:268091,17424.420751,28800.0,28800.0,203550.0,finite,2064122.660099,none,,0.0,0.0,min_max,0.0,14400.0,142485.0,14400.0,10,2,1,1,28800.0,28800.0,28800.0,0.0
1087,M-1810,item:268091,16977.912721,28800.0,28800.0,203550.0,finite,2035322.660099,none,,0.0,0.0,min_max,0.0,14400.0,142485.0,14400.0,10,3,1,1,28800.0,28800.0,28800.0,0.0
1088,M-1810,item:268091,14961.035605,28800.0,28800.0,203550.0,finite,2006522.660099,none,,0.0,0.0,min_max,0.0,14400.0,142485.0,14400.0,10,4,1,1,28800.0,28800.0,28800.0,0.0
1089,M-1810,item:268091,12847.227529,14400.0,14400.0,203550.0,finite,1977722.660099,none,,0.0,0.0,min_max,0.0,14400.0,142485.0,14400.0,10,5,1,1,14400.0,14400.0,14400.0,0.0
1115,M-1810,item:268091,8845.27347,14400.0,14400.0,203550.0,finite,1963322.660099,none,,0.0,0.0,min_max,0.0,14400.0,142485.0,14400.0,10,1,1,1,14400.0,14400.0,14400.0,0.0
1116,M-1810,item:268091,11106.426123,14400.0,14400.0,203550.0,finite,1948922.660099,none,,0.0,0.0,min_max,0.0,14400.0,142485.0,14400.0,10,2,1,1,14400.0,14400.0,14400.0,0.0
1117,M-1810,item:268091,11405.938286,14400.0,14400.0,203550.0,finite,1934522.660099,none,,0.0,0.0,min_max,0.0,14400.0,142485.0,14400.0,10,3,1,1,14400.0,14400.0,14400.0,0.0
1118,M-1810,item:268091,11313.122351,14400.0,14400.0,203550.0,finite,1920122.660099,none,,0.0,0.0,min_max,0.0,14400.0,142485.0,14400.0,10,4,1,1,14400.0,14400.0,14400.0,0.0
1119,M-1810,item:268091,11141.840797,14400.0,14400.0,203550.0,finite,1905722.660099,none,,0.0,0.0,min_max,0.0,14400.0,142485.0,14400.0,10,5,1,1,14400.0,14400.0,14400.0,0.0
1120,M-1810,item:268091,10954.866118,14400.0,14400.0,203550.0,finite,1891322.660099,none,,0.0,0.0,min_max,0.0,14400.0,142485.0,14400.0,10,1,1,1,14400.0,14400.0,14400.0,0.0
1121,M-1810,item:268091,10764.752815,14400.0,14400.0,203550.0,finite,1876922.660099,none,,0.0,0.0,min_max,0.0,14400.0,142485.0,14400.0,10,2,1,1,14400.0,14400.0,14400.0,0.0
1122,M-1810,item:268091,10574.011787,14400.0,14400.0,203550.0,finite,1862741.871921,none,,0.0,0.0,min_max,0.0,14400.0,142485.0,14400.0,10,3,1,1,14400.0,14400.0,14400.0,0.0
1126,M-1810,item:268091,7962.906122,14400.0,14400.0,203550.0,finite,1856078.325123,none,,0.0,0.0,min_max,0.0,14400.0,142485.0,14400.0,10,4,1,1,14400.0,14400.0,14400.0,0.0
1128,M-1810,item:268091,7759.281633,14400.0,14400.0,203550.0,finite,1849387.684729,none,,0.0,0.0,min_max,0.0,14400.0,142485.0,14400.0,10,1,1,1,14400.0,14400.0,14400.0,0.0
1131,M-1810,item:268091,7283.167347,14400.0,14400.0,203550.0,finite,1856214.285714,none,,0.0,0.0,min_max,0.0,14400.0,142485.0,14400.0,10,2,1,1,14400.0,14400.0,14400.0,0.0
1133,M-1430,item:268967,4102.383673,107800.0,107800.0,154000.0,finite,3557400.100676,none,,0.0,0.0,fixed,107800.0,107800.0,107800.0,0.0,10,1,1,1,107800.0,107800.0,107800.0,0.0
1138,M-1430,item:268967,5210.595918,107800.0,107800.0,154000.0,finite,3449600.100676,none,,0.0,0.0,fixed,107800.0,107800.0,107800.0,0.0,10,1,1,1,107800.0,107800.0,107800.0,0.0
1140,M-1810,item:268091,8110.530612,14400.0,14400.0,203550.0,finite,1947994.08867,none,,0.0,0.0,min_max,0.0,14400.0,142485.0,14400.0,10,1,1,1,14400.0,14400.0,14400.0,0.0
1141,M-1810,item:268091,10553.404082,14400.0,14400.0,203550.0,finite,1950451.231527,none,,0.0,0.0,min_max,0.0,14400.0,142485.0,14400.0,10,1,1,1,14400.0,14400.0,14400.0,0.0
1142,M-1810,item:268091,11862.746122,14400.0,14400.0,203550.0,finite,1953701.477833,none,,0.0,0.0,min_max,0.0,14400.0,142485.0,14400.0,10,2,1,1,14400.0,14400.0,14400.0,0.0
1143,M-1810,item:268091,12945.381878,14400.0,14400.0,203550.0,finite,1956951.724138,none,,0.0,0.0,min_max,0.0,14400.0,142485.0,14400.0,10,3,1,1,14400.0,14400.0,14400.0,0.0
1144,M-1810,item:268091,13982.676376,14400.0,14400.0,203550.0,finite,1960199.507389,none,,0.0,0.0,min_max,0.0,14400.0,142485.0,14400.0,10,4,1,1,14400.0,14400.0,14400.0,0.0
1145,M-1810,item:268091,14116.012826,14400.0,14400.0,203550.0,finite,1963444.827586,none,,0.0,0.0,min_max,0.0,14400.0,142485.0,14400.0,10,5,1,1,14400.0,14400.0,14400.0,0.0
1146,M-1810,item:268091,14068.557667,14400.0,14400.0,203550.0,finite,1967167.980296,none,,0.0,0.0,min_max,0.0,14400.0,142485.0,14400.0,10,6,1,1,14400.0,14400.0,14400.0,0.0
1147,M-1810,item:268091,13984.944186,14400.0,14400.0,203550.0,finite,1972332.019705,none,,0.0,0.0,min_max,0.0,14400.0,142485.0,14400.0,10,7,1,1,14400.0,14400.0,14400.0,0.0
1148,M-1810,item:268091,13894.099041,14400.0,14400.0,203550.0,finite,1979111.82266,none,,0.0,0.0,min_max,0.0,14400.0,142485.0,14400.0,10,1,1,1,14400.0,14400.0,14400.0,0.0
1149,M-1810,item:268091,13801.807563,14400.0,14400.0,203550.0,finite,1987677.339902,none,,0.0,0.0,min_max,0.0,14400.0,142485.0,14400.0,10,2,1,1,14400.0,14400.0,14400.0,0.0
1150,M-1810,item:268091,13709.226818,14400.0,14400.0,203550.0,finite,1997272.413793,none,,0.0,0.0,min_max,0.0,14400.0,142485.0,14400.0,10,3,1,1,14400.0,14400.0,14400.0,0.0
1151,M-1810,item:268091,13616.58822,14400.0,14400.0,203550.0,finite,2007724.630542,none,,0.0,0.0,min_max,0.0,14400.0,142485.0,14400.0,10,4,1,1,14400.0,14400.0,14400.0,0.0
1152,M-1810,item:268091,13338.925807,14400.0,14400.0,203550.0,finite,2019652.216749,none,,0.0,0.0,min_max,0.0,14400.0,142485.0,14400.0,10,5,1,1,14400.0,14400.0,14400.0,0.0
1153,M-1810,item:268091,13024.258631,14400.0,14400.0,203550.0,finite,2032781.773399,none,,0.0,0.0,min_max,0.0,14400.0,142485.0,14400.0,10,6,1,1,14400.0,14400.0,14400.0,0.0
1154,M-1810,item:268091,12702.190501,14400.0,14400.0,203550.0,finite,2045908.866995,none,,0.0,0.0,min_max,0.0,14400.0,142485.0,14400.0,10,7,1,1,14400.0,14400.0,14400.0,0.0
1155,M-1810,item:268091,12378.642182,14400.0,14400.0,203550.0,finite,2063703.448276,none,,0.0,0.0,min_max,0.0,14400.0,142485.0,14400.0,10,1,1,1,14400.0,14400.0,14400.0,0.0
1156,M-1810,item:268091,12054.797824,14400.0,14400.0,203550.0,finite,2084483.251232,none,,0.0,0.0,min_max,0.0,14400.0,142485.0,14400.0,10,2,1,1,14400.0,14400.0,14400.0,0.0
1157,M-1810,item:268091,11730.894259,14400.0,14400.0,203550.0,finite,2108420.689655,none,,0.0,0.0,min_max,0.0,14400.0,142485.0,14400.0,10,3,1,1,14400.0,14400.0,14400.0,0.0
1158,M-1810,item:268091,11406.978852,14400.0,14400.0,203550.0,finite,2135207.881773,none,,0.0,0.0,min_max,0.0,14400.0,142485.0,14400.0,10,4,1,1,14400.0,14400.0,14400.0,0.0
1159,M-1810,item:268091,11140.040668,14400.0,14400.0,203550.0,finite,2166795.566503,none,,0.0,0.0,min_max,0.0,14400.0,142485.0,14400.0,10,5,1,1,14400.0,14400.0,14400.0,0.0
1160,M-1810,item:268091,10884.49793,14400.0,14400.0,203550.0,finite,2200784.729064,none,,0.0,0.0,min_max,0.0,14400.0,142485.0,14400.0,10,6,1,1,14400.0,14400.0,14400.0,0.0
1161,M-1810,item:268091,10631.23428,14400.0,14400.0,203550.0,finite,2234773.891626,none,,0.0,0.0,min_max,0.0,14400.0,142485.0,14400.0,10,7,1,1,14400.0,14400.0,14400.0,0.0
1162,M-1810,item:268091,10378.426448,14400.0,14400.0,203550.0,finite,2271987.192118,none,,0.0,0.0,min_max,0.0,14400.0,142485.0,14400.0,10,1,1,1,14400.0,14400.0,14400.0,0.0
1163,M-1810,item:268091,10125.709779,14400.0,14400.0,203550.0,finite,2273498.0,none,,0.0,0.0,min_max,0.0,14400.0,142485.0,14400.0,10,2,1,1,14400.0,14400.0,14400.0,0.0
1164,M-1810,item:268091,9873.011344,14400.0,14400.0,203550.0,finite,2259098.0,none,,0.0,0.0,min_max,0.0,14400.0,142485.0,14400.0,10,3,1,1,14400.0,14400.0,14400.0,0.0
1165,M-1430,item:268967,4944.685714,107800.0,107800.0,154000.0,finite,3557400.079878,none,,0.0,0.0,fixed,107800.0,107800.0,107800.0,0.0,10,1,1,1,107800.0,107800.0,107800.0,0.0
1165,M-1810,item:268091,9620.316554,14400.0,14400.0,203550.0,finite,2244698.0,none,,0.0,0.0,min_max,0.0,14400.0,142485.0,14400.0,10,4,1,1,14400.0,14400.0,14400.0,0.0
1166,M-1810,item:268091,9801.744943,14400.0,14400.0,203550.0,finite,2230298.0,none,,0.0,0.0,min_max,0.0,14400.0,142485.0,14400.0,10,5,1,1,14400.0,14400.0,14400.0,0.0
1166,SDC-1450,item:773474,1946228.8576,3200000.0,3200000.0,0.0,unmodeled,221002684.563758,none,,0.0,0.0,fixed,3200000.0,0.0,0.0,0.0,10,1,1,1,3200000.0,3200000.0,3200000.0,0.0
1167,M-1810,item:268091,10069.997968,14400.0,14400.0,203550.0,finite,2215898.0,none,,0.0,0.0,min_max,0.0,14400.0,142485.0,14400.0,10,6,1,1,14400.0,14400.0,14400.0,0.0
1168,M-1810,item:268091,10355.61592,14400.0,14400.0,203550.0,finite,2201498.0,none,,0.0,0.0,min_max,0.0,14400.0,142485.0,14400.0,10,7,1,1,14400.0,14400.0,14400.0,0.0
1169,M-1810,item:268091,10644.706858,14400.0,14400.0,203550.0,finite,2187098.0,none,,0.0,0.0,min_max,0.0,14400.0,142485.0,14400.0,10,1,1,1,14400.0,14400.0,14400.0,0.0
1170,M-1810,item:268091,10934.492392,14400.0,14400.0,203550.0,finite,2172698.0,none,,0.0,0.0,min_max,0.0,14400.0,142485.0,14400.0,10,2,1,1,14400.0,14400.0,14400.0,0.0
1171,M-1810,item:268091,11224.416846,14400.0,14400.0,203550.0,finite,2158298.0,none,,0.0,0.0,min_max,0.0,14400.0,142485.0,14400.0,10,3,1,1,14400.0,14400.0,14400.0,0.0
1172,M-1810,item:268091,11514.369084,14400.0,14400.0,203550.0,finite,2143898.0,none,,0.0,0.0,min_max,0.0,14400.0,142485.0,14400.0,10,4,1,1,14400.0,14400.0,14400.0,0.0
1173,M-1810,item:268091,11654.188103,14400.0,14400.0,203550.0,finite,2129498.0,none,,0.0,0.0,min_max,0.0,14400.0,142485.0,14400.0,10,5,1,1,14400.0,14400.0,14400.0,0.0
1174,M-1810,item:268091,11763.980478,14400.0,14400.0,203550.0,finite,2115098.0,none,,0.0,0.0,min_max,0.0,14400.0,142485.0,14400.0,10,6,1,1,14400.0,14400.0,14400.0,0.0
1175,M-1810,item:268091,11867.767524,14400.0,14400.0,203550.0,finite,2100698.0,none,,0.0,0.0,min_max,0.0,14400.0,142485.0,14400.0,10,7,1,1,14400.0,14400.0,14400.0,0.0
1176,M-1810,item:268091,11970.353505,14400.0,14400.0,203550.0,finite,2086298.0,none,,0.0,0.0,min_max,0.0,14400.0,142485.0,14400.0,10,1,1,1,14400.0,14400.0,14400.0,0.0
1177,M-1810,item:268091,12072.699273,14400.0,14400.0,203550.0,finite,2071898.0,none,,0.0,0.0,min_max,0.0,14400.0,142485.0,14400.0,10,2,1,1,14400.0,14400.0,14400.0,0.0
1178,M-1810,item:268091,12174.996997,14400.0,14400.0,203550.0,finite,2057498.0,none,,0.0,0.0,min_max,0.0,14400.0,142485.0,14400.0,10,3,1,1,14400.0,14400.0,14400.0,0.0
1179,M-1810,item:268091,12277.285114,14400.0,14400.0,203550.0,finite,2043098.0,none,,0.0,0.0,min_max,0.0,14400.0,142485.0,14400.0,10,4,1,1,14400.0,14400.0,14400.0,0.0
1180,M-1810,item:268091,11908.469268,14400.0,14400.0,203550.0,finite,2028698.0,none,,0.0,0.0,min_max,0.0,14400.0,142485.0,14400.0,10,5,1,1,14400.0,14400.0,14400.0,0.0
1181,M-1810,item:268091,11445.432629,14400.0,14400.0,203550.0,finite,2014298.0,none,,0.0,0.0,min_max,0.0,14400.0,142485.0,14400.0,10,6,1,1,14400.0,14400.0,14400.0,0.0
1182,M-1810,item:268091,10963.551832,14400.0,14400.0,203550.0,finite,1999898.0,none,,0.0,0.0,min_max,0.0,14400.0,142485.0,14400.0,10,7,1,1,14400.0,14400.0,14400.0,0.0
1183,M-1810,item:268091,10477.902203,14400.0,14400.0,203550.0,finite,1985498.0,none,,0.0,0.0,min_max,0.0,14400.0,142485.0,14400.0,10,1,1,1,14400.0,14400.0,14400.0,0.0
1190,M-1430,item:268967,4166.644898,107800.0,107800.0,154000.0,finite,3557400.017691,none,,0.0,0.0,fixed,107800.0,107800.0,107800.0,0.0,10,1,1,1,107800.0,107800.0,107800.0,0.0
1197,M-1810,item:268091,8271.722449,14400.0,14400.0,203550.0,finite,1971098.0,none,,0.0,0.0,min_max,0.0,14400.0,142485.0,14400.0,10,1,1,1,14400.0,14400.0,14400.0,0.0
1198,M-1810,item:268091,10643.797551,14400.0,14400.0,203550.0,finite,1956698.0,none,,0.0,0.0,min_max,0.0,14400.0,142485.0,14400.0,10,2,1,1,14400.0,14400.0,14400.0,0.0
1199,M-1810,item:268091,11835.943184,14400.0,14400.0,203550.0,finite,1942298.0,none,,0.0,0.0,min_max,0.0,14400.0,142485.0,14400.0,10,3,1,1,14400.0,14400.0,14400.0,0.0
1200,M-1810,item:268091,12792.102922,14400.0,14400.0,203550.0,finite,1927898.0,none,,0.0,0.0,min_max,0.0,14400.0,142485.0,14400.0,10,4,1,1,14400.0,14400.0,14400.0,0.0
1201,M-1810,item:268091,12503.596095,14400.0,14400.0,203550.0,finite,1913498.0,none,,0.0,0.0,min_max,0.0,14400.0,142485.0,14400.0,10,5,1,1,14400.0,14400.0,14400.0,0.0
1202,M-1810,item:268091,11966.155953,14400.0,14400.0,203550.0,finite,1899098.0,none,,0.0,0.0,min_max,0.0,14400.0,142485.0,14400.0,10,6,1,1,14400.0,14400.0,14400.0,0.0
1203,M-1810,item:268091,11378.92915,14400.0,14400.0,203550.0,finite,1884698.0,none,,0.0,0.0,min_max,0.0,14400.0,142485.0,14400.0,10,7,1,1,14400.0,14400.0,14400.0,0.0
1204,M-1810,item:268091,10781.745013,14400.0,14400.0,203550.0,finite,1870298.0,none,,0.0,0.0,min_max,0.0,14400.0,142485.0,14400.0,10,1,1,1,14400.0,14400.0,14400.0,0.0
1205,M-1810,item:268091,10182.569411,14400.0,14400.0,203550.0,finite,1855898.0,none,,0.0,0.0,min_max,0.0,14400.0,142485.0,14400.0,10,2,1,1,14400.0,14400.0,14400.0,0.0
1206,M-1810,item:268091,9582.995514,14400.0,14400.0,203550.0,finite,1841498.0,none,,0.0,0.0,min_max,0.0,14400.0,142485.0,14400.0,10,3,1,1,14400.0,14400.0,14400.0,0.0
1207,M-1810,item:268091,8983.34196,14400.0,14400.0,203550.0,finite,1827098.0,none,,0.0,0.0,min_max,0.0,14400.0,142485.0,14400.0,10,4,1,1,14400.0,14400.0,14400.0,0.0
1225,M-1810,item:268091,6245.159184,14400.0,14400.0,203550.0,finite,1812698.0,none,,0.0,0.0,min_max,0.0,14400.0,142485.0,14400.0,10,1,1,1,14400.0,14400.0,14400.0,0.0
1226,M-1810,item:268091,8160.966531,14400.0,14400.0,203550.0,finite,1798298.0,none,,0.0,0.0,min_max,0.0,14400.0,142485.0,14400.0,10,2,1,1,14400.0,14400.0,14400.0,0.0
1227,M-1810,item:268091,9210.90351,14400.0,14400.0,203550.0,finite,1783898.0,none,,0.0,0.0,min_max,0.0,14400.0,142485.0,14400.0,10,3,1,1,14400.0,14400.0,14400.0,0.0
1228,M-1810,item:268091,10087.666416,14400.0,14400.0,203550.0,finite,1769498.0,none,,0.0,0.0,min_max,0.0,14400.0,142485.0,14400.0,10,4,1,1,14400.0,14400.0,14400.0,0.0
1229,M-1810,item:268091,10265.288385,14400.0,14400.0,203550.0,finite,1755098.0,none,,0.0,0.0,min_max,0.0,14400.0,142485.0,14400.0,10,5,1,1,14400.0,14400.0,14400.0,0.0
1230,M-1810,item:268091,10303.082167,14400.0,14400.0,203550.0,finite,1740698.0,none,,0.0,0.0,min_max,0.0,14400.0,142485.0,14400.0,10,6,1,1,14400.0,14400.0,14400.0,0.0
1231,M-1810,item:268091,10312.910311,14400.0,14400.0,203550.0,finite,1726298.0,none,,0.0,0.0,min_max,0.0,14400.0,142485.0,14400.0,10,7,1,1,14400.0,14400.0,14400.0,0.0
1232,M-1810,item:268091,10317.145328,14400.0,14400.0,203550.0,finite,1711898.0,none,,0.0,0.0,min_max,0.0,14400.0,142485.0,14400.0,10,1,1,1,14400.0,14400.0,14400.0,0.0
1233,M-1810,item:268091,10320.261719,14400.0,14400.0,203550.0,finite,1697498.0,none,,0.0,0.0,min_max,0.0,14400.0,142485.0,14400.0,10,2,1,1,14400.0,14400.0,14400.0,0.0
1234,M-1810,item:268091,10323.154385,14400.0,14400.0,203550.0,finite,1683098.0,none,,0.0,0.0,min_max,0.0,14400.0,142485.0,14400.0,10,3,1,1,14400.0,14400.0,14400.0,0.0
1235,M-1810,item:268091,10326.002306,14400.0,14400.0,203550.0,finite,1668698.0,none,,0.0,0.0,min_max,0.0,14400.0,142485.0,14400.0,10,4,1,1,14400.0,14400.0,14400.0,0.0
1236,M-1810,item:268091,10416.433114,14400.0,14400.0,203550.0,finite,1654298.0,none,,0.0,0.0,min_max,0.0,14400.0,142485.0,14400.0,10,5,1,1,14400.0,14400.0,14400.0,0.0
1237,M-1810,item:268091,10524.380501,14400.0,14400.0,203550.0,finite,1639898.0,none,,0.0,0.0,min_max,0.0,14400.0,142485.0,14400.0,10,6,1,1,14400.0,14400.0,14400.0,0.0
1238,M-1810,item:268091,10635.831202,14400.0,14400.0,203550.0,finite,1625498.0,none,,0.0,0.0,min_max,0.0,14400.0,142485.0,14400.0,10,7,1,1,14400.0,14400.0,14400.0,0.0
1239,M-1810,item:268091,10747.982567,14400.0,14400.0,203550.0,finite,1611098.0,none,,0.0,0.0,min_max,0.0,14400.0,142485.0,14400.0,10,1,1,1,14400.0,14400.0,14400.0,0.0
1240,M-1810,item:268091,10860.274065,14400.0,14400.0,203550.0,finite,1596698.0,none,,0.0,0.0,min_max,0.0,14400.0,142485.0,14400.0,10,2,1,1,14400.0,14400.0,14400.0,0.0
1241,M-1810,item:268091,10972.593588,14400.0,14400.0,203550.0,finite,1582298.0,none,,0.0,0.0,min_max,0.0,14400.0,142485.0,14400.0,10,3,1,1,14400.0,14400.0,14400.0,0.0
1242,M-1810,item:268091,11084.918718,14400.0,14400.0,203550.0,finite,1567898.0,none,,0.0,0.0,min_max,0.0,14400.0,142485.0,14400.0,10,4,1,1,14400.0,14400.0,14400.0,0.0
1243,M-1810,item:268091,10893.604152,14400.0,14400.0,203550.0,finite,1553498.0,none,,0.0,0.0,min_max,0.0,14400.0,142485.0,14400.0,10,5,1,1,14400.0,14400.0,14400.0,0.0
1244,M-1810,item:268091,10641.561647,14400.0,14400.0,203550.0,finite,1539098.0,none,,0.0,0.0,min_max,0.0,14400.0,142485.0,14400.0,10,6,1,1,14400.0,14400.0,14400.0,0.0
1245,M-1810,item:268091,10377.373554,14400.0,14400.0,203550.0,finite,1524698.0,none,,0.0,0.0,min_max,0.0,14400.0,142485.0,14400.0,10,7,1,1,14400.0,14400.0,14400.0,0.0
1246,M-1810,item:268091,10110.756343,14400.0,14400.0,203550.0,finite,1510298.0,none,,0.0,0.0,min_max,0.0,14400.0,142485.0,14400.0,10,1,1,1,14400.0,14400.0,14400.0,0.0
1247,M-1810,item:268091,9843.653309,14400.0,14400.0,203550.0,finite,1495898.0,none,,0.0,0.0,min_max,0.0,14400.0,142485.0,14400.0,10,2,1,1,14400.0,14400.0,14400.0,0.0
1248,M-1810,item:268091,9576.453111,14400.0,14400.0,203550.0,finite,1481498.0,none,,0.0,0.0,min_max,0.0,14400.0,142485.0,14400.0,10,3,1,1,14400.0,14400.0,14400.0,0.0
1249,M-1810,item:268091,9309.233479,14400.0,14400.0,203550.0,finite,1467098.0,none,,0.0,0.0,min_max,0.0,14400.0,142485.0,14400.0,10,4,1,1,14400.0,14400.0,14400.0,0.0
1259,M-1430,item:268967,9374.514286,107800.0,107800.0,154000.0,finite,3557400.05908,none,,0.0,0.0,fixed,107800.0,107800.0,107800.0,0.0,10,1,1,1,107800.0,107800.0,107800.0,0.0
1259,M-1810,item:268091,6910.612245,14400.0,14400.0,203550.0,finite,1452698.0,none,,0.0,0.0,min_max,0.0,14400.0,142485.0,14400.0,10,1,1,1,14400.0,14400.0,14400.0,0.0
1260,M-1430,item:268967,13643.017143,107800.0,107800.0,154000.0,finite,3449600.05908,none,,0.0,0.0,fixed,107800.0,107800.0,107800.0,0.0,10,1,1,1,107800.0,107800.0,107800.0,0.0
1260,M-1810,item:268091,8741.110204,14400.0,14400.0,203550.0,finite,1438298.0,none,,0.0,0.0,min_max,0.0,14400.0,142485.0,14400.0,10,1,1,1,14400.0,14400.0,14400.0,0.0
1261,M-1430,item:268967,16890.317714,107800.0,107800.0,154000.0,finite,3341800.05908,none,,0.0,0.0,fixed,107800.0,107800.0,107800.0,0.0,10,2,1,1,107800.0,107800.0,107800.0,0.0
1261,M-1810,item:268091,9555.585306,14400.0,14400.0,203550.0,finite,1423898.0,none,,0.0,0.0,min_max,0.0,14400.0,142485.0,14400.0,10,2,1,1,14400.0,14400.0,14400.0,0.0
1261,SDC-1450,item:773474,1930696.0576,3200000.0,3200000.0,0.0,unmodeled,217802684.563758,none,,0.0,0.0,fixed,3200000.0,0.0,0.0,0.0,10,1,1,1,3200000.0,3200000.0,3200000.0,0.0
1262,M-1430,item:268967,19933.377828,107800.0,107800.0,154000.0,finite,3234000.05908,none,,0.0,0.0,fixed,107800.0,107800.0,107800.0,0.0,10,3,1,1,107800.0,107800.0,107800.0,0.0
1262,M-1810,item:268091,10166.855837,14400.0,14400.0,203550.0,finite,1409498.0,none,,0.0,0.0,min_max,0.0,14400.0,142485.0,14400.0,10,3,1,1,14400.0,14400.0,14400.0,0.0
1263,M-1430,item:268967,22935.589851,107800.0,107800.0,154000.0,finite,3126200.05908,none,,0.0,0.0,fixed,107800.0,107800.0,107800.0,0.0,10,4,1,1,107800.0,107800.0,107800.0,0.0
1263,M-1810,item:268091,10737.485453,14400.0,14400.0,203550.0,finite,1395098.0,none,,0.0,0.0,min_max,0.0,14400.0,142485.0,14400.0,10,4,1,1,14400.0,14400.0,14400.0,0.0
1264,M-1430,item:268967,20945.19144,107800.0,107800.0,154000.0,finite,3018400.05908,none,,0.0,0.0,fixed,107800.0,107800.0,107800.0,0.0,10,5,1,1,107800.0,107800.0,107800.0,0.0
1264,M-1810,item:268091,11141.015458,14400.0,14400.0,203550.0,finite,1380698.0,none,,0.0,0.0,min_max,0.0,14400.0,142485.0,14400.0,10,5,1,1,14400.0,14400.0,14400.0,0.0
1264,SDC-1450,item:773474,1915163.2576,3200000.0,3200000.0,0.0,unmodeled,214602684.563758,none,,0.0,0.0,fixed,3200000.0,0.0,0.0,0.0,10,2,1,1,3200000.0,3200000.0,3200000.0,0.0
1265,M-1430,item:268967,17956.270941,107800.0,107800.0,154000.0,finite,2910600.05908,none,,0.0,0.0,fixed,107800.0,107800.0,107800.0,0.0,10,6,1,1,107800.0,107800.0,107800.0,0.0
1265,M-1810,item:268091,11511.12554,14400.0,14400.0,203550.0,finite,1366298.0,none,,0.0,0.0,min_max,0.0,14400.0,142485.0,14400.0,10,6,1,1,14400.0,14400.0,14400.0,0.0
1266,M-1810,item:268091,11874.551638,14400.0,14400.0,203550.0,finite,1351898.0,none,,0.0,0.0,min_max,0.0,14400.0,142485.0,14400.0,10,7,1,1,14400.0,14400.0,14400.0,0.0
1267,M-1810,item:268091,12236.64094,14400.0,14400.0,203550.0,finite,1337498.0,none,,0.0,0.0,min_max,0.0,14400.0,142485.0,14400.0,10,1,1,1,14400.0,14400.0,14400.0,0.0
1268,M-1810,item:268091,12598.462882,14400.0,14400.0,203550.0,finite,1323098.0,none,,0.0,0.0,min_max,0.0,14400.0,142485.0,14400.0,10,2,1,1,14400.0,14400.0,14400.0,0.0
1269,M-1810,item:268091,12960.231352,14400.0,14400.0,203550.0,finite,1308698.0,none,,0.0,0.0,min_max,0.0,14400.0,142485.0,14400.0,10,3,1,1,14400.0,14400.0,14400.0,0.0
1270,M-1810,item:268091,13321.989127,14400.0,14400.0,203550.0,finite,1294298.0,none,,0.0,0.0,min_max,0.0,14400.0,142485.0,14400.0,10,4,1,1,14400.0,14400.0,14400.0,0.0
1271,M-1810,item:268091,12874.471295,14400.0,14400.0,203550.0,finite,1279898.0,none,,0.0,0.0,min_max,0.0,14400.0,142485.0,14400.0,10,5,1,1,14400.0,14400.0,14400.0,0.0
1272,M-1810,item:268091,12265.09834,14400.0,14400.0,203550.0,finite,1265498.0,none,,0.0,0.0,min_max,0.0,14400.0,142485.0,14400.0,10,6,1,1,14400.0,14400.0,14400.0,0.0
1273,M-1810,item:268091,11623.354362,14400.0,14400.0,203550.0,finite,1251098.0,none,,0.0,0.0,min_max,0.0,14400.0,142485.0,14400.0,10,7,1,1,14400.0,14400.0,14400.0,0.0
1274,M-1810,item:268091,10975.136179,14400.0,14400.0,203550.0,finite,1236698.0,none,,0.0,0.0,min_max,0.0,14400.0,142485.0,14400.0,10,1,1,1,14400.0,14400.0,14400.0,0.0
1275,M-1810,item:268091,10325.623154,14400.0,14400.0,203550.0,finite,1222298.0,none,,0.0,0.0,min_max,0.0,14400.0,142485.0,14400.0,10,2,1,1,14400.0,14400.0,14400.0,0.0
1276,M-1810,item:268091,9675.851162,14400.0,14400.0,203550.0,finite,1207898.0,none,,0.0,0.0,min_max,0.0,14400.0,142485.0,14400.0,10,3,1,1,14400.0,14400.0,14400.0,0.0
1277,M-1810,item:268091,9026.027376,14400.0,14400.0,203550.0,finite,1193498.0,none,,0.0,0.0,min_max,0.0,14400.0,142485.0,14400.0,10,4,1,1,14400.0,14400.0,14400.0,0.0
1279,M-1810,item:268091,7472.604082,14400.0,14400.0,203550.0,finite,1179098.0,none,,0.0,0.0,min_max,0.0,14400.0,142485.0,14400.0,10,5,1,1,14400.0,14400.0,14400.0,0.0
1280,M-1810,item:268091,9157.998368,14400.0,14400.0,203550.0,finite,1164698.0,none,,0.0,0.0,min_max,0.0,14400.0,142485.0,14400.0,10,6,1,1,14400.0,14400.0,14400.0,0.0
1281,M-1810,item:268091,9685.950694,14400.0,14400.0,203550.0,finite,1150298.0,none,,0.0,0.0,min_max,0.0,14400.0,142485.0,14400.0,10,1,1,1,14400.0,14400.0,14400.0,0.0
1282,M-1810,item:268091,9982.414629,14400.0,14400.0,203550.0,finite,1135898.0,none,,0.0,0.0,min_max,0.0,14400.0,142485.0,14400.0,10,2,1,1,14400.0,14400.0,14400.0,0.0
1283,M-1810,item:268091,10232.580885,14400.0,14400.0,203550.0,finite,1121498.0,none,,0.0,0.0,min_max,0.0,14400.0,142485.0,14400.0,10,3,1,1,14400.0,14400.0,14400.0,0.0
1284,M-1810,item:268091,10473.487606,14400.0,14400.0,203550.0,finite,1107098.0,none,,0.0,0.0,min_max,0.0,14400.0,142485.0,14400.0,10,4,1,1,14400.0,14400.0,14400.0,0.0
1285,M-1810,item:268091,10141.048542,14400.0,14400.0,203550.0,finite,1092698.0,none,,0.0,0.0,min_max,0.0,14400.0,142485.0,14400.0,10,5,1,1,14400.0,14400.0,14400.0,0.0
1286,M-1810,item:268091,9693.940321,14400.0,14400.0,203550.0,finite,1078298.0,none,,0.0,0.0,min_max,0.0,14400.0,142485.0,14400.0,10,6,1,1,14400.0,14400.0,14400.0,0.0
1294,M-1810,item:268091,8054.285714,14400.0,14400.0,203550.0,finite,1063898.0,none,,0.0,0.0,min_max,0.0,14400.0,142485.0,14400.0,10,1,1,1,14400.0,14400.0,14400.0,0.0
1295,M-1810,item:268091,10429.028571,14400.0,14400.0,203550.0,finite,1049498.0,none,,0.0,0.0,min_max,0.0,14400.0,142485.0,14400.0,10,1,1,1,14400.0,14400.0,14400.0,0.0
1296,M-1810,item:268091,11667.862857,14400.0,14400.0,203550.0,finite,1035098.0,none,,0.0,0.0,min_max,0.0,14400.0,142485.0,14400.0,10,2,1,1,14400.0,14400.0,14400.0,0.0
1297,M-1810,item:268091,12679.515428,14400.0,14400.0,203550.0,finite,1020698.0,none,,0.0,0.0,min_max,0.0,14400.0,142485.0,14400.0,10,3,1,1,14400.0,14400.0,14400.0,0.0
1298,M-1810,item:268091,13645.731657,14400.0,14400.0,203550.0,finite,1006298.0,none,,0.0,0.0,min_max,0.0,14400.0,142485.0,14400.0,10,4,1,1,14400.0,14400.0,14400.0,0.0
1299,M-1810,item:268091,13130.436127,14400.0,14400.0,203550.0,finite,991898.0,none,,0.0,0.0,min_max,0.0,14400.0,142485.0,14400.0,10,5,1,1,14400.0,14400.0,14400.0,0.0
1300,M-1810,item:268091,12318.838246,14400.0,14400.0,203550.0,finite,977498.0,none,,0.0,0.0,min_max,0.0,14400.0,142485.0,14400.0,10,6,1,1,14400.0,14400.0,14400.0,0.0
1301,M-1810,item:268091,11447.979894,14400.0,14400.0,203550.0,finite,963098.0,none,,0.0,0.0,min_max,0.0,14400.0,142485.0,14400.0,10,7,1,1,14400.0,14400.0,14400.0,0.0
1302,M-1810,item:268091,10565.269448,14400.0,14400.0,203550.0,finite,948698.0,none,,0.0,0.0,min_max,0.0,14400.0,142485.0,14400.0,10,1,1,1,14400.0,14400.0,14400.0,0.0
1303,M-1810,item:268091,9680.188584,14400.0,14400.0,203550.0,finite,934298.0,none,,0.0,0.0,min_max,0.0,14400.0,142485.0,14400.0,10,2,1,1,14400.0,14400.0,14400.0,0.0
1304,M-1810,item:268091,8794.633635,14400.0,14400.0,203550.0,finite,919898.0,none,,0.0,0.0,min_max,0.0,14400.0,142485.0,14400.0,10,3,1,1,14400.0,14400.0,14400.0,0.0
1329,M-1810,item:268091,6294.302041,14400.0,14400.0,203550.0,finite,905498.0,none,,0.0,0.0,min_max,0.0,14400.0,142485.0,14400.0,10,1,1,1,14400.0,14400.0,14400.0,0.0
1330,M-1810,item:268091,8234.958367,14400.0,14400.0,203550.0,finite,891098.0,none,,0.0,0.0,min_max,0.0,14400.0,142485.0,14400.0,10,1,1,1,14400.0,14400.0,14400.0,0.0
1331,M-1810,item:268091,9304.885551,14400.0,14400.0,203550.0,finite,876698.0,none,,0.0,0.0,min_max,0.0,14400.0,142485.0,14400.0,10,2,1,1,14400.0,14400.0,14400.0,0.0
1332,M-1810,item:268091,10200.666906,14400.0,14400.0,203550.0,finite,862298.0,none,,0.0,0.0,min_max,0.0,14400.0,142485.0,14400.0,10,3,1,1,14400.0,14400.0,14400.0,0.0
1333,M-1810,item:268091,11061.619096,14400.0,14400.0,203550.0,finite,847898.0,none,,0.0,0.0,min_max,0.0,14400.0,142485.0,14400.0,10,4,1,1,14400.0,14400.0,14400.0,0.0
1334,M-1810,item:268091,11033.483003,14400.0,14400.0,203550.0,finite,833498.0,none,,0.0,0.0,min_max,0.0,14400.0,142485.0,14400.0,10,5,1,1,14400.0,14400.0,14400.0,0.0
1335,M-1810,item:268091,10827.529254,14400.0,14400.0,203550.0,finite,819098.0,none,,0.0,0.0,min_max,0.0,14400.0,142485.0,14400.0,10,6,1,1,14400.0,14400.0,14400.0,0.0
1336,M-1810,item:268091,10586.011973,14400.0,14400.0,203550.0,finite,804698.0,none,,0.0,0.0,min_max,0.0,14400.0,142485.0,14400.0,10,7,1,1,14400.0,14400.0,14400.0,0.0
1337,M-1810,item:268091,10337.381987,14400.0,14400.0,203550.0,finite,790298.0,none,,0.0,0.0,min_max,0.0,14400.0,142485.0,14400.0,10,1,1,1,14400.0,14400.0,14400.0,0.0
1338,M-1810,item:268091,10087.329459,14400.0,14400.0,203550.0,finite,775898.0,none,,0.0,0.0,min_max,0.0,14400.0,142485.0,14400.0,10,2,1,1,14400.0,14400.0,14400.0,0.0
1339,M-1810,item:268091,9836.992422,14400.0,14400.0,203550.0,finite,761498.0,none,,0.0,0.0,min_max,0.0,14400.0,142485.0,14400.0,10,3,1,1,14400.0,14400.0,14400.0,0.0
1340,M-1810,item:268091,9586.598484,14400.0,14400.0,203550.0,finite,747098.0,none,,0.0,0.0,min_max,0.0,14400.0,142485.0,14400.0,10,4,1,1,14400.0,14400.0,14400.0,0.0
1341,M-1810,item:268091,9486.936023,14400.0,14400.0,203550.0,finite,732698.0,none,,0.0,0.0,min_max,0.0,14400.0,142485.0,14400.0,10,5,1,1,14400.0,14400.0,14400.0,0.0
1342,M-1810,item:268091,9417.419858,14400.0,14400.0,203550.0,finite,718298.0,none,,0.0,0.0,min_max,0.0,14400.0,142485.0,14400.0,10,6,1,1,14400.0,14400.0,14400.0,0.0
1343,M-1810,item:268091,9353.932951,14400.0,14400.0,203550.0,finite,703898.0,none,,0.0,0.0,min_max,0.0,14400.0,142485.0,14400.0,10,7,1,1,14400.0,14400.0,14400.0,0.0
1344,M-1810,item:268091,9291.651896,14400.0,14400.0,203550.0,finite,689498.0,none,,0.0,0.0,min_max,0.0,14400.0,142485.0,14400.0,10,1,1,1,14400.0,14400.0,14400.0,0.0
1345,M-1810,item:268091,9229.612012,14400.0,14400.0,203550.0,finite,675098.0,none,,0.0,0.0,min_max,0.0,14400.0,142485.0,14400.0,10,2,1,1,14400.0,14400.0,14400.0,0.0
1346,M-1810,item:268091,9167.620361,14400.0,14400.0,203550.0,finite,660698.0,none,,0.0,0.0,min_max,0.0,14400.0,142485.0,14400.0,10,3,1,1,14400.0,14400.0,14400.0,0.0
1347,M-1810,item:268091,9105.638358,14400.0,14400.0,203550.0,finite,646298.0,none,,0.0,0.0,min_max,0.0,14400.0,142485.0,14400.0,10,4,1,1,14400.0,14400.0,14400.0,0.0
1348,M-1810,item:268091,9212.915427,14400.0,14400.0,203550.0,finite,631898.0,none,,0.0,0.0,min_max,0.0,14400.0,142485.0,14400.0,10,5,1,1,14400.0,14400.0,14400.0,0.0
1349,M-1810,item:268091,9354.04431,14400.0,14400.0,203550.0,finite,617498.0,none,,0.0,0.0,min_max,0.0,14400.0,142485.0,14400.0,10,6,1,1,14400.0,14400.0,14400.0,0.0
1350,M-1810,item:268091,9501.943556,14400.0,14400.0,203550.0,finite,603098.0,none,,0.0,0.0,min_max,0.0,14400.0,142485.0,14400.0,10,7,1,1,14400.0,14400.0,14400.0,0.0
1351,M-1810,item:268091,9651.196874,14400.0,14400.0,203550.0,finite,613698.0,none,,0.0,0.0,min_max,0.0,14400.0,142485.0,14400.0,10,1,1,1,14400.0,14400.0,14400.0,0.0
1352,M-1810,item:268091,9800.721007,14400.0,14400.0,203550.0,finite,599298.0,none,,0.0,0.0,min_max,0.0,14400.0,142485.0,14400.0,10,2,1,1,14400.0,14400.0,14400.0,0.0
1353,M-1810,item:268091,9950.299303,14400.0,14400.0,203550.0,finite,609898.0,none,,0.0,0.0,min_max,0.0,14400.0,142485.0,14400.0,10,3,1,1,14400.0,14400.0,14400.0,0.0
1354,M-1810,item:268091,10099.888432,14400.0,14400.0,203550.0,finite,595498.0,none,,0.0,0.0,min_max,0.0,14400.0,142485.0,14400.0,10,4,1,1,14400.0,14400.0,14400.0,0.0
1355,M-1810,item:268091,10479.96136,14400.0,14400.0,203550.0,finite,606098.0,none,,0.0,0.0,min_max,0.0,14400.0,142485.0,14400.0,10,5,1,1,14400.0,14400.0,14400.0,0.0
1356,M-1810,item:268091,10906.131047,14400.0,14400.0,203550.0,finite,591698.0,none,,0.0,0.0,min_max,0.0,14400.0,142485.0,14400.0,10,6,1,1,14400.0,14400.0,14400.0,0.0
1357,M-1810,item:268091,11341.520087,14400.0,14400.0,203550.0,finite,577298.0,none,,0.0,0.0,min_max,0.0,14400.0,142485.0,14400.0,10,7,1,1,14400.0,14400.0,14400.0,0.0
1358,M-1810,item:268091,11778.752997,14400.0,14400.0,203550.0,finite,562898.0,none,,0.0,0.0,min_max,0.0,14400.0,142485.0,14400.0,10,1,1,1,14400.0,14400.0,14400.0,0.0
1359,M-1810,item:268091,12216.354681,14400.0,14400.0,203550.0,finite,548498.0,none,,0.0,0.0,min_max,0.0,14400.0,142485.0,14400.0,10,2,1,1,14400.0,14400.0,14400.0,0.0
1360,M-1810,item:268091,12654.03012,14400.0,14400.0,203550.0,finite,534098.0,none,,0.0,0.0,min_max,0.0,14400.0,142485.0,14400.0,10,3,1,1,14400.0,14400.0,14400.0,0.0
1361,M-1810,item:268091,13091.72031,14400.0,14400.0,203550.0,finite,519698.0,none,,0.0,0.0,min_max,0.0,14400.0,142485.0,14400.0,10,4,1,1,14400.0,14400.0,14400.0,0.0
1362,M-1810,item:268091,12561.250184,14400.0,14400.0,203550.0,finite,505298.0,none,,0.0,0.0,min_max,0.0,14400.0,142485.0,14400.0,10,5,1,1,14400.0,14400.0,14400.0,0.0
1363,M-1810,item:268091,11837.147996,14400.0,14400.0,203550.0,finite,490898.0,none,,0.0,0.0,min_max,0.0,14400.0,142485.0,14400.0,10,6,1,1,14400.0,14400.0,14400.0,0.0
1364,M-1810,item:268091,11074.319395,14400.0,14400.0,203550.0,finite,501498.0,none,,0.0,0.0,min_max,0.0,14400.0,142485.0,14400.0,10,7,1,1,14400.0,14400.0,14400.0,0.0
1365,M-1810,item:268091,10303.745512,14400.0,14400.0,203550.0,finite,487098.0,none,,0.0,0.0,min_max,0.0,14400.0,142485.0,14400.0,10,1,1,1,14400.0,14400.0,14400.0,0.0
1366,M-1810,item:268091,9531.622572,14400.0,14400.0,203550.0,finite,497698.0,none,,0.0,0.0,min_max,0.0,14400.0,142485.0,14400.0,10,2,1,1,14400.0,14400.0,14400.0,0.0
1374,M-1810,item:268091,7223.167347,14400.0,14400.0,203550.0,finite,608298.0,none,,0.0,0.0,min_max,0.0,14400.0,142485.0,14400.0,10,1,1,1,14400.0,14400.0,14400.0,0.0
1375,M-1810,item:268091,8832.519184,14400.0,14400.0,203550.0,finite,593898.0,none,,0.0,0.0,min_max,0.0,14400.0,142485.0,14400.0,10,2,1,1,14400.0,14400.0,14400.0,0.0
1376,M-1810,item:268091,9275.499755,14400.0,14400.0,203550.0,finite,579498.0,none,,0.0,0.0,min_max,0.0,14400.0,142485.0,14400.0,10,3,1,1,14400.0,14400.0,14400.0,0.0
1377,M-1810,item:268091,9485.206074,14400.0,14400.0,203550.0,finite,565098.0,none,,0.0,0.0,min_max,0.0,14400.0,142485.0,14400.0,10,4,1,1,14400.0,14400.0,14400.0,0.0
1378,M-1810,item:268091,9648.257541,14400.0,14400.0,203550.0,finite,550698.0,none,,0.0,0.0,min_max,0.0,14400.0,142485.0,14400.0,10,5,1,1,14400.0,14400.0,14400.0,0.0
1379,M-1810,item:268091,9801.978039,14400.0,14400.0,203550.0,finite,536298.0,none,,0.0,0.0,min_max,0.0,14400.0,142485.0,14400.0,10,1,1,1,14400.0,14400.0,14400.0,0.0
1380,M-1810,item:268091,9953.832343,14400.0,14400.0,203550.0,finite,521898.0,none,,0.0,0.0,min_max,0.0,14400.0,142485.0,14400.0,10,2,1,1,14400.0,14400.0,14400.0,0.0
1381,M-1810,item:268091,10105.313408,14400.0,14400.0,203550.0,finite,507498.0,none,,0.0,0.0,min_max,0.0,14400.0,142485.0,14400.0,10,3,1,1,14400.0,14400.0,14400.0,0.0
1382,M-1810,item:268091,10256.719825,14400.0,14400.0,203550.0,finite,493098.0,none,,0.0,0.0,min_max,0.0,14400.0,142485.0,14400.0,10,4,1,1,14400.0,14400.0,14400.0,0.0
1383,M-1810,item:268091,10418.397026,14400.0,14400.0,203550.0,finite,478698.0,none,,0.0,0.0,min_max,0.0,14400.0,142485.0,14400.0,10,5,1,1,14400.0,14400.0,14400.0,0.0
1384,M-1810,item:268091,10582.128385,14400.0,14400.0,203550.0,finite,464298.0,none,,0.0,0.0,min_max,0.0,14400.0,142485.0,14400.0,10,6,1,1,14400.0,14400.0,14400.0,0.0
1385,M-1810,item:268091,10746.270575,14400.0,14400.0,203550.0,finite,449898.0,none,,0.0,0.0,min_max,0.0,14400.0,142485.0,14400.0,10,7,1,1,14400.0,14400.0,14400.0,0.0
1386,M-1810,item:268091,10910.494931,14400.0,14400.0,203550.0,finite,435498.0,none,,0.0,0.0,min_max,0.0,14400.0,142485.0,14400.0,10,1,1,1,14400.0,14400.0,14400.0,0.0
1387,M-1810,item:268091,11074.735721,14400.0,14400.0,203550.0,finite,421098.0,none,,0.0,0.0,min_max,0.0,14400.0,142485.0,14400.0,10,2,1,1,14400.0,14400.0,14400.0,0.0
1388,M-1810,item:268091,11238.979797,14400.0,14400.0,203550.0,finite,406698.0,none,,0.0,0.0,min_max,0.0,14400.0,142485.0,14400.0,10,3,1,1,14400.0,14400.0,14400.0,0.0
1389,M-1810,item:268091,11403.224531,14400.0,14400.0,203550.0,finite,392298.0,none,,0.0,0.0,min_max,0.0,14400.0,142485.0,14400.0,10,4,1,1,14400.0,14400.0,14400.0,0.0
1390,M-1810,item:268091,10969.869396,14400.0,14400.0,203550.0,finite,377898.0,none,,0.0,0.0,min_max,0.0,14400.0,142485.0,14400.0,10,5,1,1,14400.0,14400.0,14400.0,0.0
1391,M-1810,item:268091,10416.994287,14400.0,14400.0,203550.0,finite,363498.0,none,,0.0,0.0,min_max,0.0,14400.0,142485.0,14400.0,10,6,1,1,14400.0,14400.0,14400.0,0.0
1392,M-1810,item:268091,9840.215184,14400.0,14400.0,203550.0,finite,349098.0,none,,0.0,0.0,min_max,0.0,14400.0,142485.0,14400.0,10,7,1,1,14400.0,14400.0,14400.0,0.0
1401,M-1810,item:268091,7479.591837,14400.0,14400.0,203550.0,finite,384698.0,none,,0.0,0.0,min_max,0.0,14400.0,142485.0,14400.0,10,1,1,1,14400.0,14400.0,14400.0,0.0
1402,M-1430,item:268967,5716.8,107800.0,107800.0,154000.0,finite,3036850.0,none,,0.0,0.0,fixed,107800.0,107800.0,107800.0,0.0,10,1,1,1,107800.0,107800.0,107800.0,0.0
1402,M-1810,item:268091,9293.028571,14400.0,14400.0,203550.0,finite,370298.0,none,,0.0,0.0,min_max,0.0,14400.0,142485.0,14400.0,10,2,1,1,14400.0,14400.0,14400.0,0.0
1403,M-1810,item:268091,9973.234285,14400.0,14400.0,203550.0,finite,355898.0,none,,0.0,0.0,min_max,0.0,14400.0,142485.0,14400.0,10,3,1,1,14400.0,14400.0,14400.0,0.0
1403,SDC-1450,item:773474,1899630.4576,3200000.0,3200000.0,0.0,unmodeled,211402684.563758,none,,0.0,0.0,fixed,3200000.0,0.0,0.0,0.0,10,1,1,1,3200000.0,3200000.0,3200000.0,0.0
1404,M-1810,item:268091,9651.414204,14400.0,14400.0,203550.0,finite,341498.0,none,,0.0,0.0,min_max,0.0,14400.0,142485.0,14400.0,10,4,1,1,14400.0,14400.0,14400.0,0.0
1405,M-1810,item:268091,9129.188963,14400.0,14400.0,203550.0,finite,352098.0,none,,0.0,0.0,min_max,0.0,14400.0,142485.0,14400.0,10,5,1,1,14400.0,14400.0,14400.0,0.0
1413,M-1810,item:268091,7966.465306,14400.0,14400.0,203550.0,finite,462698.0,none,,0.0,0.0,min_max,0.0,14400.0,142485.0,14400.0,10,1,1,1,14400.0,14400.0,14400.0,0.0
1414,M-1810,item:268091,10578.713469,14400.0,14400.0,203550.0,finite,473298.0,none,,0.0,0.0,min_max,0.0,14400.0,142485.0,14400.0,10,1,1,1,14400.0,14400.0,14400.0,0.0
1415,M-1810,item:268091,12120.118204,14400.0,14400.0,203550.0,finite,458898.0,none,,0.0,0.0,min_max,0.0,14400.0,142485.0,14400.0,10,2,1,1,14400.0,14400.0,14400.0,0.0
1416,M-1810,item:268091,13447.354253,14400.0,14400.0,203550.0,finite,444498.0,none,,0.0,0.0,min_max,0.0,14400.0,142485.0,14400.0,10,3,1,1,14400.0,14400.0,14400.0,0.0
1417,M-1810,item:268091,14731.756565,28800.0,28800.0,203550.0,finite,455098.0,none,,0.0,0.0,min_max,0.0,14400.0,142485.0,14400.0,10,4,1,1,28800.0,28800.0,28800.0,0.0
1418,M-1810,item:268091,15120.196211,28800.0,28800.0,203550.0,finite,426298.0,none,,0.0,0.0,min_max,0.0,14400.0,142485.0,14400.0,10,5,1,1,28800.0,28800.0,28800.0,0.0
1419,M-1810,item:268091,15329.443324,28800.0,28800.0,203550.0,finite,447498.0,none,,0.0,0.0,min_max,0.0,14400.0,142485.0,14400.0,10,6,1,1,28800.0,28800.0,28800.0,0.0
1420,M-1810,item:268091,15502.85193,28800.0,28800.0,203550.0,finite,418698.0,none,,0.0,0.0,min_max,0.0,14400.0,142485.0,14400.0,10,7,1,1,28800.0,28800.0,28800.0,0.0
1421,M-1810,item:268091,15669.092835,28800.0,28800.0,203550.0,finite,414898.0,none,,0.0,0.0,min_max,0.0,14400.0,142485.0,14400.0,10,1,1,1,28800.0,28800.0,28800.0,0.0
1422,M-1810,item:268091,15833.9002,28800.0,28800.0,203550.0,finite,411098.0,none,,0.0,0.0,min_max,0.0,14400.0,142485.0,14400.0,10,2,1,1,28800.0,28800.0,28800.0,0.0
1423,M-1430,item:268967,5290.465306,107800.0,107800.0,154000.0,finite,2929050.0,none,,0.0,0.0,fixed,107800.0,107800.0,107800.0,0.0,10,1,1,1,107800.0,107800.0,107800.0,0.0
1423,M-1810,item:268091,15998.420856,28800.0,28800.0,203550.0,finite,407298.0,none,,0.0,0.0,min_max,0.0,14400.0,142485.0,14400.0,10,3,1,1,28800.0,28800.0,28800.0,0.0
1424,M-1810,item:268091,16162.884171,28800.0,28800.0,203550.0,finite,403498.0,none,,0.0,0.0,min_max,0.0,14400.0,142485.0,14400.0,10,4,1,1,28800.0,28800.0,28800.0,0.0
1425,M-1810,item:268091,15468.250304,28800.0,28800.0,203550.0,finite,374698.0,none,,0.0,0.0,min_max,0.0,14400.0,142485.0,14400.0,10,5,1,1,28800.0,28800.0,28800.0,0.0
1426,M-1810,item:268091,14601.796999,28800.0,28800.0,203550.0,finite,370898.0,none,,0.0,0.0,min_max,0.0,14400.0,142485.0,14400.0,10,6,1,1,28800.0,28800.0,28800.0,0.0
1427,M-1810,item:268091,13700.979808,14400.0,14400.0,203550.0,finite,342098.0,none,,0.0,0.0,min_max,0.0,14400.0,142485.0,14400.0,10,7,1,1,14400.0,14400.0,14400.0,0.0
1428,M-1810,item:268091,12793.289839,14400.0,14400.0,203550.0,finite,327698.0,none,,0.0,0.0,min_max,0.0,14400.0,142485.0,14400.0,10,1,1,1,14400.0,14400.0,14400.0,0.0
1429,M-1810,item:268091,11884.225315,14400.0,14400.0,203550.0,finite,338298.0,none,,0.0,0.0,min_max,0.0,14400.0,142485.0,14400.0,10,2,1,1,14400.0,14400.0,14400.0,0.0
1430,M-1810,item:268091,10974.885879,14400.0,14400.0,203550.0,finite,323898.0,none,,0.0,0.0,min_max,0.0,14400.0,142485.0,14400.0,10,3,1,1,14400.0,14400.0,14400.0,0.0
1438,M-1810,item:268091,8614.171429,14400.0,14400.0,203550.0,finite,409498.0,none,,0.0,0.0,min_max,0.0,14400.0,142485.0,14400.0,10,1,1,1,14400.0,14400.0,14400.0,0.0
1439,M-1810,item:268091,11391.209796,14400.0,14400.0,203550.0,finite,395098.0,none,,0.0,0.0,min_max,0.0,14400.0,142485.0,14400.0,10,2,1,1,14400.0,14400.0,14400.0,0.0
1440,M-1810,item:268091,13000.821551,14400.0,14400.0,203550.0,finite,380698.0,none,,0.0,0.0,min_max,0.0,14400.0,142485.0,14400.0,10,3,1,1,14400.0,14400.0,14400.0,0.0
1441,M-1810,item:268091,14376.947984,14400.0,14400.0,203550.0,finite,366298.0,none,,0.0,0.0,min_max,0.0,14400.0,142485.0,14400.0,10,4,1,1,14400.0,14400.0,14400.0,0.0
1442,M-1810,item:268091,15706.377352,28800.0,28800.0,203550.0,finite,351898.0,none,,0.0,0.0,min_max,0.0,14400.0,142485.0,14400.0,10,1,1,1,28800.0,28800.0,28800.0,0.0
1443,M-1430,item:268967,5268.081632,107800.0,107800.0,154000.0,finite,2821250.0,none,,0.0,0.0,fixed,107800.0,107800.0,107800.0,0.0,10,1,1,1,107800.0,107800.0,107800.0,0.0
1443,M-1810,item:268091,17026.467307,28800.0,28800.0,203550.0,finite,323098.0,none,,0.0,0.0,min_max,0.0,14400.0,142485.0,14400.0,10,2,1,1,28800.0,28800.0,28800.0,0.0
1444,M-1810,item:268091,18344.68938,28800.0,28800.0,203550.0,finite,294298.0,none,,0.0,0.0,min_max,0.0,14400.0,142485.0,14400.0,10,3,1,1,28800.0,28800.0,28800.0,0.0
1445,M-1810,item:268091,19662.537876,28800.0,28800.0,203550.0,finite,290498.0,none,,0.0,0.0,min_max,0.0,14400.0,142485.0,14400.0,10,4,1,1,28800.0,28800.0,28800.0,0.0
1446,M-1810,item:268091,19568.883085,28800.0,28800.0,203550.0,finite,261698.0,none,,0.0,0.0,min_max,0.0,14400.0,142485.0,14400.0,10,5,1,1,28800.0,28800.0,28800.0,0.0
1447,M-1810,item:268091,19192.927637,28800.0,28800.0,203550.0,finite,257898.0,none,,0.0,0.0,min_max,0.0,14400.0,142485.0,14400.0,10,6,1,1,28800.0,28800.0,28800.0,0.0
1448,M-1810,item:268091,18760.512058,28800.0,28800.0,203550.0,finite,254098.0,none,,0.0,0.0,min_max,0.0,14400.0,142485.0,14400.0,10,7,1,1,28800.0,28800.0,28800.0,0.0
1449,M-1810,item:268091,18316.804452,28800.0,28800.0,203550.0,finite,225298.0,none,,0.0,0.0,min_max,0.0,14400.0,142485.0,14400.0,10,1,1,1,28800.0,28800.0,28800.0,0.0
1450,M-1810,item:268091,17870.838441,28800.0,28800.0,203550.0,finite,196498.0,none,,0.0,0.0,min_max,0.0,14400.0,142485.0,14400.0,10,2,1,1,28800.0,28800.0,28800.0,0.0
1451,M-1810,item:268091,17424.420749,28800.0,28800.0,203550.0,finite,167698.0,none,,0.0,0.0,min_max,0.0,14400.0,142485.0,14400.0,10,3,1,1,28800.0,28800.0,28800.0,0.0
1452,M-1810,item:268091,16977.912721,28800.0,28800.0,203550.0,finite,163898.0,none,,0.0,0.0,min_max,0.0,14400.0,142485.0,14400.0,10,4,1,1,28800.0,28800.0,28800.0,0.0
1453,M-1810,item:268091,14961.035605,28800.0,28800.0,203550.0,finite,135098.0,none,,0.0,0.0,min_max,0.0,14400.0,142485.0,14400.0,10,5,1,1,28800.0,28800.0,28800.0,0.0
1454,M-1810,item:268091,12847.227529,14400.0,14400.0,203550.0,finite,131298.0,none,,0.0,0.0,min_max,0.0,14400.0,142485.0,14400.0,10,6,1,1,14400.0,14400.0,14400.0,0.0
1468,M-1430,item:268967,4766.87347,107800.0,107800.0,154000.0,finite,2713450.0,none,,0.0,0.0,fixed,107800.0,107800.0,107800.0,0.0,10,1,1,1,107800.0,107800.0,107800.0,0.0
1469,SDC-1450,item:773474,1884097.6576,3200000.0,3200000.0,0.0,unmodeled,208202684.563758,none,,0.0,0.0,fixed,3200000.0,0.0,0.0,0.0,10,1,1,1,3200000.0,3200000.0,3200000.0,0.0
1480,M-1810,item:268091,8845.27347,14400.0,14400.0,203550.0,finite,666898.0,none,,0.0,0.0,min_max,0.0,14400.0,142485.0,14400.0,10,1,1,1,14400.0,14400.0,14400.0,0.0
1481,M-1810,item:268091,11106.426123,14400.0,14400.0,203550.0,finite,652498.0,none,,0.0,0.0,min_max,0.0,14400.0,142485.0,14400.0,10,2,1,1,14400.0,14400.0,14400.0,0.0
1482,M-1810,item:268091,11405.938286,14400.0,14400.0,203550.0,finite,638098.0,none,,0.0,0.0,min_max,0.0,14400.0,142485.0,14400.0,10,3,1,1,14400.0,14400.0,14400.0,0.0
1483,M-1810,item:268091,11313.122351,14400.0,14400.0,203550.0,finite,623698.0,none,,0.0,0.0,min_max,0.0,14400.0,142485.0,14400.0,10,4,1,1,14400.0,14400.0,14400.0,0.0
1484,M-1810,item:268091,11141.840797,14400.0,14400.0,203550.0,finite,609298.0,none,,0.0,0.0,min_max,0.0,14400.0,142485.0,14400.0,10,1,1,1,14400.0,14400.0,14400.0,0.0
1485,M-1810,item:268091,10954.866118,14400.0,14400.0,203550.0,finite,594898.0,none,,0.0,0.0,min_max,0.0,14400.0,142485.0,14400.0,10,2,1,1,14400.0,14400.0,14400.0,0.0
1486,M-1810,item:268091,10764.752815,14400.0,14400.0,203550.0,finite,605498.0,none,,0.0,0.0,min_max,0.0,14400.0,142485.0,14400.0,10,3,1,1,14400.0,14400.0,14400.0,0.0
1487,M-1810,item:268091,10574.011787,14400.0,14400.0,203550.0,finite,616098.0,none,,0.0,0.0,min_max,0.0,14400.0,142485.0,14400.0,10,4,1,1,14400.0,14400.0,14400.0,0.0
1489,M-1810,item:268091,8166.530612,14400.0,14400.0,203550.0,finite,651698.0,none,,0.0,0.0,min_max,0.0,14400.0,142485.0,14400.0,10,5,1,1,14400.0,14400.0,14400.0,0.0
1492,M-1810,item:268091,7861.093878,14400.0,14400.0,203550.0,finite,687298.0,none,,0.0,0.0,min_max,0.0,14400.0,142485.0,14400.0,10,1,1,1,14400.0,14400.0,14400.0,0.0
1495,M-1810,item:268091,7555.657143,14400.0,14400.0,203550.0,finite,797898.0,none,,0.0,0.0,min_max,0.0,14400.0,142485.0,14400.0,10,2,1,1,14400.0,14400.0,14400.0,0.0
1500,M-1430,item:268967,4792.04898,107800.0,107800.0,154000.0,finite,2605650.0,none,,0.0,0.0,fixed,107800.0,107800.0,107800.0,0.0,10,1,1,1,107800.0,107800.0,107800.0,0.0
1505,M-1810,item:268091,8110.530612,14400.0,14400.0,203550.0,finite,1133498.0,none,,0.0,0.0,min_max,0.0,14400.0,142485.0,14400.0,10,1,1,1,14400.0,14400.0,14400.0,0.0
1506,M-1810,item:268091,10553.404082,14400.0,14400.0,203550.0,finite,1144098.0,none,,0.0,0.0,min_max,0.0,14400.0,142485.0,14400.0,10,2,1,1,14400.0,14400.0,14400.0,0.0
1507,M-1810,item:268091,11862.746122,14400.0,14400.0,203550.0,finite,1154698.0,none,,0.0,0.0,min_max,0.0,14400.0,142485.0,14400.0,10,3,1,1,14400.0,14400.0,14400.0,0.0
1508,M-1810,item:268091,12945.381878,14400.0,14400.0,203550.0,finite,1165298.0,none,,0.0,0.0,min_max,0.0,14400.0,142485.0,14400.0,10,4,1,1,14400.0,14400.0,14400.0,0.0
1509,M-1810,item:268091,13982.676376,14400.0,14400.0,203550.0,finite,1200898.0,none,,0.0,0.0,min_max,0.0,14400.0,142485.0,14400.0,10,5,1,1,14400.0,14400.0,14400.0,0.0
1510,M-1810,item:268091,14116.012826,14400.0,14400.0,203550.0,finite,1236498.0,none,,0.0,0.0,min_max,0.0,14400.0,142485.0,14400.0,10,6,1,1,14400.0,14400.0,14400.0,0.0
1511,M-1810,item:268091,14068.557667,14400.0,14400.0,203550.0,finite,1272098.0,none,,0.0,0.0,min_max,0.0,14400.0,142485.0,14400.0,10,7,1,1,14400.0,14400.0,14400.0,0.0
1512,M-1810,item:268091,13984.944186,14400.0,14400.0,203550.0,finite,1257698.0,none,,0.0,0.0,min_max,0.0,14400.0,142485.0,14400.0,10,1,1,1,14400.0,14400.0,14400.0,0.0
1513,M-1810,item:268091,13894.099041,14400.0,14400.0,203550.0,finite,1268298.0,none,,0.0,0.0,min_max,0.0,14400.0,142485.0,14400.0,10,2,1,1,14400.0,14400.0,14400.0,0.0
1514,M-1810,item:268091,13801.807563,14400.0,14400.0,203550.0,finite,1278898.0,none,,0.0,0.0,min_max,0.0,14400.0,142485.0,14400.0,10,3,1,1,14400.0,14400.0,14400.0,0.0
1515,M-1430,item:268967,5009.387755,107800.0,107800.0,154000.0,finite,2497850.0,none,,0.0,0.0,fixed,107800.0,107800.0,107800.0,0.0,10,1,1,1,107800.0,107800.0,107800.0,0.0
1515,M-1810,item:268091,13709.226818,14400.0,14400.0,203550.0,finite,1364498.0,none,,0.0,0.0,min_max,0.0,14400.0,142485.0,14400.0,10,4,1,1,14400.0,14400.0,14400.0,0.0
1516,M-1810,item:268091,13616.58822,14400.0,14400.0,203550.0,finite,1375098.0,none,,0.0,0.0,min_max,0.0,14400.0,142485.0,14400.0,10,5,1,1,14400.0,14400.0,14400.0,0.0
1517,M-1810,item:268091,13338.925807,14400.0,14400.0,203550.0,finite,1410698.0,none,,0.0,0.0,min_max,0.0,14400.0,142485.0,14400.0,10,6,1,1,14400.0,14400.0,14400.0,0.0
1518,M-1810,item:268091,13024.258631,14400.0,14400.0,203550.0,finite,1396298.0,none,,0.0,0.0,min_max,0.0,14400.0,142485.0,14400.0,10,7,1,1,14400.0,14400.0,14400.0,0.0
1519,M-1810,item:268091,12702.190501,14400.0,14400.0,203550.0,finite,1406898.0,none,,0.0,0.0,min_max,0.0,14400.0,142485.0,14400.0,10,1,1,1,14400.0,14400.0,14400.0,0.0
1520,M-1810,item:268091,12378.642182,14400.0,14400.0,203550.0,finite,1417498.0,none,,0.0,0.0,min_max,0.0,14400.0,142485.0,14400.0,10,2,1,1,14400.0,14400.0,14400.0,0.0
1521,M-1810,item:268091,12054.797824,14400.0,14400.0,203550.0,finite,1428098.0,none,,0.0,0.0,min_max,0.0,14400.0,142485.0,14400.0,10,3,1,1,14400.0,14400.0,14400.0,0.0
1522,M-1810,item:268091,11730.894259,14400.0,14400.0,203550.0,finite,1488698.0,none,,0.0,0.0,min_max,0.0,14400.0,142485.0,14400.0,10,4,1,1,14400.0,14400.0,14400.0,0.0
1523,M-1810,item:268091,11406.978852,14400.0,14400.0,203550.0,finite,1499298.0,none,,0.0,0.0,min_max,0.0,14400.0,142485.0,14400.0,10,5,1,1,14400.0,14400.0,14400.0,0.0
1524,M-1810,item:268091,11140.040668,14400.0,14400.0,203550.0,finite,1509898.0,none,,0.0,0.0,min_max,0.0,14400.0,142485.0,14400.0,10,6,1,1,14400.0,14400.0,14400.0,0.0
1525,M-1810,item:268091,10884.49793,14400.0,14400.0,203550.0,finite,1520498.0,none,,0.0,0.0,min_max,0.0,14400.0,142485.0,14400.0,10,7,1,1,14400.0,14400.0,14400.0,0.0
1526,M-1810,item:268091,10631.23428,14400.0,14400.0,203550.0,finite,1531098.0,none,,0.0,0.0,min_max,0.0,14400.0,142485.0,14400.0,10,1,1,1,14400.0,14400.0,14400.0,0.0
1527,M-1810,item:268091,10378.426448,14400.0,14400.0,203550.0,finite,1616698.0,none,,0.0,0.0,min_max,0.0,14400.0,142485.0,14400.0,10,2,1,1,14400.0,14400.0,14400.0,0.0
1528,M-1810,item:268091,10125.709779,14400.0,14400.0,203550.0,finite,1677298.0,none,,0.0,0.0,min_max,0.0,14400.0,142485.0,14400.0,10,3,1,1,14400.0,14400.0,14400.0,0.0
1529,M-1810,item:268091,9873.011344,14400.0,14400.0,203550.0,finite,1787898.0,none,,0.0,0.0,min_max,0.0,14400.0,142485.0,14400.0,10,4,1,1,14400.0,14400.0,14400.0,0.0
1530,M-1810,item:268091,9620.316554,14400.0,14400.0,203550.0,finite,1823498.0,none,,0.0,0.0,min_max,0.0,14400.0,142485.0,14400.0,10,5,1,1,14400.0,14400.0,14400.0,0.0
1531,M-1810,item:268091,9801.744943,14400.0,14400.0,203550.0,finite,1859098.0,none,,0.0,0.0,min_max,0.0,14400.0,142485.0,14400.0,10,6,1,1,14400.0,14400.0,14400.0,0.0
1532,M-1810,item:268091,10069.997968,14400.0,14400.0,203550.0,finite,1919698.0,none,,0.0,0.0,min_max,0.0,14400.0,142485.0,14400.0,10,7,1,1,14400.0,14400.0,14400.0,0.0
1533,M-1810,item:268091,10355.61592,14400.0,14400.0,203550.0,finite,1955298.0,none,,0.0,0.0,min_max,0.0,14400.0,142485.0,14400.0,10,1,1,1,14400.0,14400.0,14400.0,0.0
1534,M-1810,item:268091,10644.706858,14400.0,14400.0,203550.0,finite,2040898.0,none,,0.0,0.0,min_max,0.0,14400.0,142485.0,14400.0,10,2,1,1,14400.0,14400.0,14400.0,0.0
1535,M-1810,item:268091,10934.492392,14400.0,14400.0,203550.0,finite,2051498.0,none,,0.0,0.0,min_max,0.0,14400.0,142485.0,14400.0,10,3,1,1,14400.0,14400.0,14400.0,0.0
1536,M-1810,item:268091,11224.416846,14400.0,14400.0,203550.0,finite,2062098.0,none,,0.0,0.0,min_max,0.0,14400.0,142485.0,14400.0,10,4,1,1,14400.0,14400.0,14400.0,0.0
1537,M-1810,item:268091,11514.369084,14400.0,14400.0,203550.0,finite,2072698.0,none,,0.0,0.0,min_max,0.0,14400.0,142485.0,14400.0,10,5,1,1,14400.0,14400.0,14400.0,0.0
1538,M-1810,item:268091,11654.188103,14400.0,14400.0,203550.0,finite,2108298.0,none,,0.0,0.0,min_max,0.0,14400.0,142485.0,14400.0,10,6,1,1,14400.0,14400.0,14400.0,0.0
1539,M-1810,item:268091,11763.980478,14400.0,14400.0,203550.0,finite,2193898.0,none,,0.0,0.0,min_max,0.0,14400.0,142485.0,14400.0,10,7,1,1,14400.0,14400.0,14400.0,0.0
1540,M-1810,item:268091,11867.767524,14400.0,14400.0,203550.0,finite,2229498.0,none,,0.0,0.0,min_max,0.0,14400.0,142485.0,14400.0,10,1,1,1,14400.0,14400.0,14400.0,0.0
1541,M-1810,item:268091,11970.353505,14400.0,14400.0,203550.0,finite,2255236.453202,none,,0.0,0.0,min_max,0.0,14400.0,142485.0,14400.0,10,2,1,1,14400.0,14400.0,14400.0,0.0
1542,M-1810,item:268091,12072.699273,14400.0,14400.0,203550.0,finite,2240836.453202,none,,0.0,0.0,min_max,0.0,14400.0,142485.0,14400.0,10,3,1,1,14400.0,14400.0,14400.0,0.0
1543,M-1810,item:268091,12174.996997,14400.0,14400.0,203550.0,finite,2226436.453202,none,,0.0,0.0,min_max,0.0,14400.0,142485.0,14400.0,10,4,1,1,14400.0,14400.0,14400.0,0.0
1544,M-1810,item:268091,12277.285114,14400.0,14400.0,203550.0,finite,2212036.453202,none,,0.0,0.0,min_max,0.0,14400.0,142485.0,14400.0,10,5,1,1,14400.0,14400.0,14400.0,0.0
1545,M-1810,item:268091,11908.469268,14400.0,14400.0,203550.0,finite,2197636.453202,none,,0.0,0.0,min_max,0.0,14400.0,142485.0,14400.0,10,6,1,1,14400.0,14400.0,14400.0,0.0
1546,M-1430,item:268967,3678.302041,107800.0,107800.0,154000.0,finite,2390050.0,none,,0.0,0.0,fixed,107800.0,107800.0,107800.0,0.0,10,1,1,1,107800.0,107800.0,107800.0,0.0
1546,M-1810,item:268091,11445.432629,14400.0,14400.0,203550.0,finite,2183236.453202,none,,0.0,0.0,min_max,0.0,14400.0,142485.0,14400.0,10,7,1,1,14400.0,14400.0,14400.0,0.0
1547,M-1810,item:268091,10963.551832,14400.0,14400.0,203550.0,finite,2168836.453202,none,,0.0,0.0,min_max,0.0,14400.0,142485.0,14400.0,10,1,1,1,14400.0,14400.0,14400.0,0.0
1547,SDC-1450,item:773474,1868564.6576,3200000.0,3200000.0,0.0,unmodeled,205002684.563758,none,,0.0,0.0,fixed,3200000.0,0.0,0.0,0.0,10,1,1,1,3200000.0,3200000.0,3200000.0,0.0
1548,M-1810,item:268091,10477.902203,14400.0,14400.0,203550.0,finite,2154436.453202,none,,0.0,0.0,min_max,0.0,14400.0,142485.0,14400.0,10,2,1,1,14400.0,14400.0,14400.0,0.0
1561,M-1810,item:268091,7553.991837,14400.0,14400.0,203550.0,finite,2140036.453202,none,,0.0,0.0,min_max,0.0,14400.0,142485.0,14400.0,10,1,1,1,14400.0,14400.0,14400.0,0.0
1562,M-1810,item:268091,9782.520816,14400.0,14400.0,203550.0,finite,2125636.453202,none,,0.0,0.0,min_max,0.0,14400.0,142485.0,14400.0,10,2,1,1,14400.0,14400.0,14400.0,0.0
1563,M-1810,item:268091,10945.957224,14400.0,14400.0,203550.0,finite,2111236.453202,none,,0.0,0.0,min_max,0.0,14400.0,142485.0,14400.0,10,3,1,1,14400.0,14400.0,14400.0,0.0
1564,M-1810,item:268091,11896.375118,14400.0,14400.0,203550.0,finite,2096836.453202,none,,0.0,0.0,min_max,0.0,14400.0,142485.0,14400.0,10,4,1,1,14400.0,14400.0,14400.0,0.0
1565,M-1810,item:268091,12804.189309,14400.0,14400.0,203550.0,finite,2082436.453202,none,,0.0,0.0,min_max,0.0,14400.0,142485.0,14400.0,10,5,1,1,14400.0,14400.0,14400.0,0.0
1566,M-1810,item:268091,12506.013372,14400.0,14400.0,203550.0,finite,2068036.453202,none,,0.0,0.0,min_max,0.0,14400.0,142485.0,14400.0,10,6,1,1,14400.0,14400.0,14400.0,0.0
1567,M-1810,item:268091,11966.639409,14400.0,14400.0,203550.0,finite,2053636.453202,none,,0.0,0.0,min_max,0.0,14400.0,142485.0,14400.0,10,7,1,1,14400.0,14400.0,14400.0,0.0
1568,M-1810,item:268091,11379.025841,14400.0,14400.0,203550.0,finite,2039236.453202,none,,0.0,0.0,min_max,0.0,14400.0,142485.0,14400.0,10,1,1,1,14400.0,14400.0,14400.0,0.0
1569,M-1810,item:268091,10781.764352,14400.0,14400.0,203550.0,finite,2024836.453202,none,,0.0,0.0,min_max,0.0,14400.0,142485.0,14400.0,10,2,1,1,14400.0,14400.0,14400.0,0.0
1570,M-1810,item:268091,10182.573278,14400.0,14400.0,203550.0,finite,2010436.453202,none,,0.0,0.0,min_max,0.0,14400.0,142485.0,14400.0,10,3,1,1,14400.0,14400.0,14400.0,0.0
1571,M-1810,item:268091,9582.996288,14400.0,14400.0,203550.0,finite,1996036.453202,none,,0.0,0.0,min_max,0.0,14400.0,142485.0,14400.0,10,4,1,1,14400.0,14400.0,14400.0,0.0
1572,M-1810,item:268091,8983.342114,14400.0,14400.0,203550.0,finite,1981636.453202,none,,0.0,0.0,min_max,0.0,14400.0,142485.0,14400.0,10,5,1,1,14400.0,14400.0,14400.0,0.0
1591,M-1810,item:268091,6911.934694,14400.0,14400.0,203550.0,finite,1967236.453202,none,,0.0,0.0,min_max,0.0,14400.0,142485.0,14400.0,10,1,1,1,14400.0,14400.0,14400.0,0.0
1592,M-1810,item:268091,8961.097143,14400.0,14400.0,203550.0,finite,1952836.453202,none,,0.0,0.0,min_max,0.0,14400.0,142485.0,14400.0,10,2,1,1,14400.0,14400.0,14400.0,0.0
1593,M-1810,item:268091,10037.705143,14400.0,14400.0,203550.0,finite,1938436.453202,none,,0.0,0.0,min_max,0.0,14400.0,142485.0,14400.0,10,3,1,1,14400.0,14400.0,14400.0,0.0
1594,M-1810,item:268091,10255.296131,14400.0,14400.0,203550.0,finite,1924036.453202,none,,0.0,0.0,min_max,0.0,14400.0,142485.0,14400.0,10,4,1,1,14400.0,14400.0,14400.0,0.0
1595,M-1810,item:268091,10301.083716,14400.0,14400.0,203550.0,finite,1909636.453202,none,,0.0,0.0,min_max,0.0,14400.0,142485.0,14400.0,10,5,1,1,14400.0,14400.0,14400.0,0.0
1596,M-1810,item:268091,10312.510621,14400.0,14400.0,203550.0,finite,1895236.453202,none,,0.0,0.0,min_max,0.0,14400.0,142485.0,14400.0,10,1,1,1,14400.0,14400.0,14400.0,0.0
1597,M-1810,item:268091,10317.06539,14400.0,14400.0,203550.0,finite,1880836.453202,none,,0.0,0.0,min_max,0.0,14400.0,142485.0,14400.0,10,2,1,1,14400.0,14400.0,14400.0,0.0
1598,M-1810,item:268091,10320.245731,14400.0,14400.0,203550.0,finite,1866436.453202,none,,0.0,0.0,min_max,0.0,14400.0,142485.0,14400.0,10,3,1,1,14400.0,14400.0,14400.0,0.0
1599,M-1810,item:268091,10323.151187,14400.0,14400.0,203550.0,finite,1852036.453202,none,,0.0,0.0,min_max,0.0,14400.0,142485.0,14400.0,10,4,1,1,14400.0,14400.0,14400.0,0.0
1600,M-1810,item:268091,10326.001666,14400.0,14400.0,203550.0,finite,1837636.453202,none,,0.0,0.0,min_max,0.0,14400.0,142485.0,14400.0,10,5,1,1,14400.0,14400.0,14400.0,0.0
1601,M-1810,item:268091,10416.432987,14400.0,14400.0,203550.0,finite,1823236.453202,none,,0.0,0.0,min_max,0.0,14400.0,142485.0,14400.0,10,6,1,1,14400.0,14400.0,14400.0,0.0
1602,M-1810,item:268091,10524.380475,14400.0,14400.0,203550.0,finite,1808836.453202,none,,0.0,0.0,min_max,0.0,14400.0,142485.0,14400.0,10,7,1,1,14400.0,14400.0,14400.0,0.0
1603,M-1810,item:268091,10635.831197,14400.0,14400.0,203550.0,finite,1794436.453202,none,,0.0,0.0,min_max,0.0,14400.0,142485.0,14400.0,10,1,1,1,14400.0,14400.0,14400.0,0.0
1604,M-1810,item:268091,10747.982566,14400.0,14400.0,203550.0,finite,1780036.453202,none,,0.0,0.0,min_max,0.0,14400.0,142485.0,14400.0,10,2,1,1,14400.0,14400.0,14400.0,0.0
1605,M-1810,item:268091,10860.274064,14400.0,14400.0,203550.0,finite,1765636.453202,none,,0.0,0.0,min_max,0.0,14400.0,142485.0,14400.0,10,3,1,1,14400.0,14400.0,14400.0,0.0
1606,M-1810,item:268091,10972.593588,14400.0,14400.0,203550.0,finite,1751236.453202,none,,0.0,0.0,min_max,0.0,14400.0,142485.0,14400.0,10,4,1,1,14400.0,14400.0,14400.0,0.0
1607,M-1810,item:268091,11084.918718,14400.0,14400.0,203550.0,finite,1736836.453202,none,,0.0,0.0,min_max,0.0,14400.0,142485.0,14400.0,10,5,1,1,14400.0,14400.0,14400.0,0.0
1608,M-1810,item:268091,10893.604152,14400.0,14400.0,203550.0,finite,1722436.453202,none,,0.0,0.0,min_max,0.0,14400.0,142485.0,14400.0,10,6,1,1,14400.0,14400.0,14400.0,0.0
1609,M-1810,item:268091,10641.561647,14400.0,14400.0,203550.0,finite,1708036.453202,none,,0.0,0.0,min_max,0.0,14400.0,142485.0,14400.0,10,7,1,1,14400.0,14400.0,14400.0,0.0
1610,M-1810,item:268091,10377.373554,14400.0,14400.0,203550.0,finite,1693636.453202,none,,0.0,0.0,min_max,0.0,14400.0,142485.0,14400.0,10,1,1,1,14400.0,14400.0,14400.0,0.0
1611,M-1810,item:268091,10110.756343,14400.0,14400.0,203550.0,finite,1679236.453202,none,,0.0,0.0,min_max,0.0,14400.0,142485.0,14400.0,10,2,1,1,14400.0,14400.0,14400.0,0.0
1612,M-1810,item:268091,9843.653309,14400.0,14400.0,203550.0,finite,1664836.453202,none,,0.0,0.0,min_max,0.0,14400.0,142485.0,14400.0,10,3,1,1,14400.0,14400.0,14400.0,0.0
1613,M-1810,item:268091,9576.453111,14400.0,14400.0,203550.0,finite,1650436.453202,none,,0.0,0.0,min_max,0.0,14400.0,142485.0,14400.0,10,4,1,1,14400.0,14400.0,14400.0,0.0
1614,M-1810,item:268091,9309.233479,14400.0,14400.0,203550.0,finite,1636036.453202,none,,0.0,0.0,min_max,0.0,14400.0,142485.0,14400.0,10,5,1,1,14400.0,14400.0,14400.0,0.0
1615,M-1810,item:268091,8994.581389,14400.0,14400.0,203550.0,finite,1621636.453202,none,,0.0,0.0,min_max,0.0,14400.0,142485.0,14400.0,10,6,1,1,14400.0,14400.0,14400.0,0.0
1623,M-1430,item:268967,6980.914286,107800.0,107800.0,154000.0,finite,2282250.0,none,,0.0,0.0,fixed,107800.0,107800.0,107800.0,0.0,10,1,1,1,107800.0,107800.0,107800.0,0.0
1624,M-1430,item:268967,10770.697143,107800.0,107800.0,154000.0,finite,2174450.0,none,,0.0,0.0,fixed,107800.0,107800.0,107800.0,0.0,10,1,1,1,107800.0,107800.0,107800.0,0.0
1624,M-1810,item:268091,6910.612245,14400.0,14400.0,203550.0,finite,1607236.453202,none,,0.0,0.0,min_max,0.0,14400.0,142485.0,14400.0,10,1,1,1,14400.0,14400.0,14400.0,0.0
1625,M-1430,item:268967,13922.253714,107800.0,107800.0,154000.0,finite,2066650.0,none,,0.0,0.0,fixed,107800.0,107800.0,107800.0,0.0,10,2,1,1,107800.0,107800.0,107800.0,0.0
1625,M-1810,item:268091,8741.110204,14400.0,14400.0,203550.0,finite,1592836.453202,none,,0.0,0.0,min_max,0.0,14400.0,142485.0,14400.0,10,2,1,1,14400.0,14400.0,14400.0,0.0
1626,M-1430,item:268967,16946.165028,107800.0,107800.0,154000.0,finite,1958850.0,none,,0.0,0.0,fixed,107800.0,107800.0,107800.0,0.0,10,3,1,1,107800.0,107800.0,107800.0,0.0
1626,M-1810,item:268091,9555.585306,14400.0,14400.0,203550.0,finite,1578436.453202,none,,0.0,0.0,min_max,0.0,14400.0,142485.0,14400.0,10,3,1,1,14400.0,14400.0,14400.0,0.0
1626,SDC-1450,item:773474,1853031.8576,3200000.0,3200000.0,0.0,unmodeled,201802684.563758,none,,0.0,0.0,fixed,3200000.0,0.0,0.0,0.0,10,1,1,1,3200000.0,3200000.0,3200000.0,0.0
1627,M-1430,item:268967,19944.547291,107800.0,107800.0,154000.0,finite,1851050.0,none,,0.0,0.0,fixed,107800.0,107800.0,107800.0,0.0,10,4,1,1,107800.0,107800.0,107800.0,0.0
1627,M-1810,item:268091,10166.855837,14400.0,14400.0,203550.0,finite,1564036.453202,none,,0.0,0.0,min_max,0.0,14400.0,142485.0,14400.0,10,4,1,1,14400.0,14400.0,14400.0,0.0
1628,M-1430,item:268967,22937.823744,107800.0,107800.0,154000.0,finite,1743250.0,none,,0.0,0.0,fixed,107800.0,107800.0,107800.0,0.0,10,5,1,1,107800.0,107800.0,107800.0,0.0
1628,M-1810,item:268091,10737.485453,14400.0,14400.0,203550.0,finite,1549636.453202,none,,0.0,0.0,min_max,0.0,14400.0,142485.0,14400.0,10,5,1,1,14400.0,14400.0,14400.0,0.0
1629,M-1430,item:268967,20945.638218,107800.0,107800.0,154000.0,finite,1635450.0,none,,0.0,0.0,fixed,107800.0,107800.0,107800.0,0.0,10,6,1,1,107800.0,107800.0,107800.0,0.0
1629,M-1810,item:268091,11141.015458,14400.0,14400.0,203550.0,finite,1535236.453202,none,,0.0,0.0,min_max,0.0,14400.0,142485.0,14400.0,10,6,1,1,14400.0,14400.0,14400.0,0.0
1629,SDC-1450,item:773474,1837499.0576,3200000.0,3200000.0,0.0,unmodeled,198602684.563758,none,,0.0,0.0,fixed,3200000.0,0.0,0.0,0.0,10,2,1,1,3200000.0,3200000.0,3200000.0,0.0
1630,M-1430,item:268967,17956.360297,107800.0,107800.0,154000.0,finite,1527650.0,none,,0.0,0.0,fixed,107800.0,107800.0,107800.0,0.0,10,7,1,1,107800.0,107800.0,107800.0,0.0
1630,M-1810,item:268091,11511.12554,14400.0,14400.0,203550.0,finite,1520836.453202,none,,0.0,0.0,min_max,0.0,14400.0,142485.0,14400.0,10,7,1,1,14400.0,14400.0,14400.0,0.0
1631,M-1810,item:268091,11874.551638,14400.0,14400.0,203550.0,finite,1506436.453202,none,,0.0,0.0,min_max,0.0,14400.0,142485.0,14400.0,10,1,1,1,14400.0,14400.0,14400.0,0.0
1632,M-1810,item:268091,12236.64094,14400.0,14400.0,203550.0,finite,1492036.453202,none,,0.0,0.0,min_max,0.0,14400.0,142485.0,14400.0,10,2,1,1,14400.0,14400.0,14400.0,0.0
1633,M-1810,item:268091,12598.462882,14400.0,14400.0,203550.0,finite,1477636.453202,none,,0.0,0.0,min_max,0.0,14400.0,142485.0,14400.0,10,3,1,1,14400.0,14400.0,14400.0,0.0
1634,M-1810,item:268091,12960.231352,14400.0,14400.0,203550.0,finite,1463236.453202,none,,0.0,0.0,min_max,0.0,14400.0,142485.0,14400.0,10,4,1,1,14400.0,14400.0,14400.0,0.0
1635,M-1810,item:268091,13321.989127,14400.0,14400.0,203550.0,finite,1448836.453202,none,,0.0,0.0,min_max,0.0,14400.0,142485.0,14400.0,10,5,1,1,14400.0,14400.0,14400.0,0.0
1636,M-1810,item:268091,12874.471295,14400.0,14400.0,203550.0,finite,1434436.453202,none,,0.0,0.0,min_max,0.0,14400.0,142485.0,14400.0,10,6,1,1,14400.0,14400.0,14400.0,0.0
1637,M-1810,item:268091,12265.09834,14400.0,14400.0,203550.0,finite,1420036.453202,none,,0.0,0.0,min_max,0.0,14400.0,142485.0,14400.0,10,7,1,1,14400.0,14400.0,14400.0,0.0
1638,M-1810,item:268091,11623.354362,14400.0,14400.0,203550.0,finite,1405636.453202,none,,0.0,0.0,min_max,0.0,14400.0,142485.0,14400.0,10,1,1,1,14400.0,14400.0,14400.0,0.0
1639,M-1810,item:268091,10975.136179,14400.0,14400.0,203550.0,finite,1391236.453202,none,,0.0,0.0,min_max,0.0,14400.0,142485.0,14400.0,10,2,1,1,14400.0,14400.0,14400.0,0.0
1640,M-1810,item:268091,10325.623154,14400.0,14400.0,203550.0,finite,1376836.453202,none,,0.0,0.0,min_max,0.0,14400.0,142485.0,14400.0,10,3,1,1,14400.0,14400.0,14400.0,0.0
1641,M-1810,item:268091,9675.851162,14400.0,14400.0,203550.0,finite,1362436.453202,none,,0.0,0.0,min_max,0.0,14400.0,142485.0,14400.0,10,4,1,1,14400.0,14400.0,14400.0,0.0
1642,M-1810,item:268091,9026.027376,14400.0,14400.0,203550.0,finite,1348036.453202,none,,0.0,0.0,min_max,0.0,14400.0,142485.0,14400.0,10,5,1,1,14400.0,14400.0,14400.0,0.0
1645,M-1810,item:268091,7663.477551,14400.0,14400.0,203550.0,finite,1333636.453202,none,,0.0,0.0,min_max,0.0,14400.0,142485.0,14400.0,10,1,1,1,14400.0,14400.0,14400.0,0.0
1646,M-1810,item:268091,9387.046531,14400.0,14400.0,203550.0,finite,1319236.453202,none,,0.0,0.0,min_max,0.0,14400.0,142485.0,14400.0,10,2,1,1,14400.0,14400.0,14400.0,0.0
1647,M-1810,item:268091,9922.633796,14400.0,14400.0,203550.0,finite,1304836.453202,none,,0.0,0.0,min_max,0.0,14400.0,142485.0,14400.0,10,3,1,1,14400.0,14400.0,14400.0,0.0
1648,M-1810,item:268091,10220.624719,14400.0,14400.0,203550.0,finite,1290436.453202,none,,0.0,0.0,min_max,0.0,14400.0,142485.0,14400.0,10,4,1,1,14400.0,14400.0,14400.0,0.0
1649,M-1810,item:268091,10471.096373,14400.0,14400.0,203550.0,finite,1276036.453202,none,,0.0,0.0,min_max,0.0,14400.0,142485.0,14400.0,10,5,1,1,14400.0,14400.0,14400.0,0.0
1650,M-1810,item:268091,10140.570295,14400.0,14400.0,203550.0,finite,3519436.124794,none,,0.0,0.0,min_max,0.0,14400.0,142485.0,14400.0,10,6,1,1,14400.0,14400.0,14400.0,0.0
1651,M-1810,item:268091,9693.844671,14400.0,14400.0,203550.0,finite,5282098.0,none,,0.0,0.0,min_max,0.0,14400.0,142485.0,14400.0,10,7,1,1,14400.0,14400.0,14400.0,0.0
1659,M-1810,item:268091,8054.285714,14400.0,14400.0,203550.0,finite,5267698.0,none,,0.0,0.0,min_max,0.0,14400.0,142485.0,14400.0,10,1,1,1,14400.0,14400.0,14400.0,0.0
1660,M-1810,item:268091,10429.028571,14400.0,14400.0,203550.0,finite,5253298.0,none,,0.0,0.0,min_max,0.0,14400.0,142485.0,14400.0,10,2,1,1,14400.0,14400.0,14400.0,0.0
1661,M-1810,item:268091,11667.862857,14400.0,14400.0,203550.0,finite,5238898.0,none,,0.0,0.0,min_max,0.0,14400.0,142485.0,14400.0,10,3,1,1,14400.0,14400.0,14400.0,0.0
1662,M-1810,item:268091,12679.515428,14400.0,14400.0,203550.0,finite,5224498.0,none,,0.0,0.0,min_max,0.0,14400.0,142485.0,14400.0,10,4,1,1,14400.0,14400.0,14400.0,0.0
1663,M-1810,item:268091,13645.731657,14400.0,14400.0,203550.0,finite,5210098.0,none,,0.0,0.0,min_max,0.0,14400.0,142485.0,14400.0,10,5,1,1,14400.0,14400.0,14400.0,0.0
1664,M-1810,item:268091,13130.436127,14400.0,14400.0,203550.0,finite,5195698.0,none,,0.0,0.0,min_max,0.0,14400.0,142485.0,14400.0,10,6,1,1,14400.0,14400.0,14400.0,0.0
1665,M-1810,item:268091,12318.838246,14400.0,14400.0,203550.0,finite,5181298.0,none,,0.0,0.0,min_max,0.0,14400.0,142485.0,14400.0,10,7,1,1,14400.0,14400.0,14400.0,0.0
1666,M-1810,item:268091,11447.979894,14400.0,14400.0,203550.0,finite,5166898.0,none,,0.0,0.0,min_max,0.0,14400.0,142485.0,14400.0,10,1,1,1,14400.0,14400.0,14400.0,0.0
1667,M-1810,item:268091,10565.269448,14400.0,14400.0,203550.0,finite,5152498.0,none,,0.0,0.0,min_max,0.0,14400.0,142485.0,14400.0,10,2,1,1,14400.0,14400.0,14400.0,0.0
1668,M-1810,item:268091,9680.188584,14400.0,14400.0,203550.0,finite,5138098.0,none,,0.0,0.0,min_max,0.0,14400.0,142485.0,14400.0,10,3,1,1,14400.0,14400.0,14400.0,0.0
1669,M-1810,item:268091,8794.633635,14400.0,14400.0,203550.0,finite,5123698.0,none,,0.0,0.0,min_max,0.0,14400.0,142485.0,14400.0,10,4,1,1,14400.0,14400.0,14400.0,0.0
1694,M-1810,item:268091,6294.302041,14400.0,14400.0,203550.0,finite,5109298.0,none,,0.0,0.0,min_max,0.0,14400.0,142485.0,14400.0,10,1,1,1,14400.0,14400.0,14400.0,0.0
1695,M-1810,item:268091,8234.958367,14400.0,14400.0,203550.0,finite,5094898.0,none,,0.0,0.0,min_max,0.0,14400.0,142485.0,14400.0,10,2,1,1,14400.0,14400.0,14400.0,0.0
1696,M-1810,item:268091,9304.885551,14400.0,14400.0,203550.0,finite,5080498.0,none,,0.0,0.0,min_max,0.0,14400.0,142485.0,14400.0,10,3,1,1,14400.0,14400.0,14400.0,0.0
1697,M-1810,item:268091,10200.666906,14400.0,14400.0,203550.0,finite,5066098.0,none,,0.0,0.0,min_max,0.0,14400.0,142485.0,14400.0,10,4,1,1,14400.0,14400.0,14400.0,0.0
1698,M-1810,item:268091,11061.619096,14400.0,14400.0,203550.0,finite,5051698.0,none,,0.0,0.0,min_max,0.0,14400.0,142485.0,14400.0,10,5,1,1,14400.0,14400.0,14400.0,0.0
1699,M-1810,item:268091,11033.483003,14400.0,14400.0,203550.0,finite,5037298.0,none,,0.0,0.0,min_max,0.0,14400.0,142485.0,14400.0,10,6,1,1,14400.0,14400.0,14400.0,0.0
1700,M-1810,item:268091,10827.529254,14400.0,14400.0,203550.0,finite,5022898.0,none,,0.0,0.0,min_max,0.0,14400.0,142485.0,14400.0,10,7,1,1,14400.0,14400.0,14400.0,0.0
1701,M-1810,item:268091,10586.011973,14400.0,14400.0,203550.0,finite,5008498.0,none,,0.0,0.0,min_max,0.0,14400.0,142485.0,14400.0,10,1,1,1,14400.0,14400.0,14400.0,0.0
1702,M-1810,item:268091,10337.381987,14400.0,14400.0,203550.0,finite,4994098.0,none,,0.0,0.0,min_max,0.0,14400.0,142485.0,14400.0,10,2,1,1,14400.0,14400.0,14400.0,0.0
1703,M-1810,item:268091,10087.329459,14400.0,14400.0,203550.0,finite,4979698.0,none,,0.0,0.0,min_max,0.0,14400.0,142485.0,14400.0,10,3,1,1,14400.0,14400.0,14400.0,0.0
1704,M-1810,item:268091,9836.992422,14400.0,14400.0,203550.0,finite,4965298.0,none,,0.0,0.0,min_max,0.0,14400.0,142485.0,14400.0,10,4,1,1,14400.0,14400.0,14400.0,0.0
1705,M-1810,item:268091,9586.598484,14400.0,14400.0,203550.0,finite,4950898.0,none,,0.0,0.0,min_max,0.0,14400.0,142485.0,14400.0,10,5,1,1,14400.0,14400.0,14400.0,0.0
1706,M-1810,item:268091,9486.936023,14400.0,14400.0,203550.0,finite,4936498.0,none,,0.0,0.0,min_max,0.0,14400.0,142485.0,14400.0,10,6,1,1,14400.0,14400.0,14400.0,0.0
1707,M-1810,item:268091,9417.419858,14400.0,14400.0,203550.0,finite,4922098.0,none,,0.0,0.0,min_max,0.0,14400.0,142485.0,14400.0,10,7,1,1,14400.0,14400.0,14400.0,0.0
1708,M-1810,item:268091,9353.932951,14400.0,14400.0,203550.0,finite,4907698.0,none,,0.0,0.0,min_max,0.0,14400.0,142485.0,14400.0,10,1,1,1,14400.0,14400.0,14400.0,0.0
1709,M-1810,item:268091,9291.651896,14400.0,14400.0,203550.0,finite,4893298.0,none,,0.0,0.0,min_max,0.0,14400.0,142485.0,14400.0,10,2,1,1,14400.0,14400.0,14400.0,0.0
1710,M-1810,item:268091,9229.612012,14400.0,14400.0,203550.0,finite,4878898.0,none,,0.0,0.0,min_max,0.0,14400.0,142485.0,14400.0,10,3,1,1,14400.0,14400.0,14400.0,0.0
1711,M-1810,item:268091,9167.620361,14400.0,14400.0,203550.0,finite,4864498.0,none,,0.0,0.0,min_max,0.0,14400.0,142485.0,14400.0,10,4,1,1,14400.0,14400.0,14400.0,0.0
1712,M-1810,item:268091,9105.638358,14400.0,14400.0,203550.0,finite,4850098.0,none,,0.0,0.0,min_max,0.0,14400.0,142485.0,14400.0,10,5,1,1,14400.0,14400.0,14400.0,0.0
1713,M-1810,item:268091,9212.915427,14400.0,14400.0,203550.0,finite,4835698.0,none,,0.0,0.0,min_max,0.0,14400.0,142485.0,14400.0,10,6,1,1,14400.0,14400.0,14400.0,0.0
1714,M-1810,item:268091,9354.04431,14400.0,14400.0,203550.0,finite,4821298.0,none,,0.0,0.0,min_max,0.0,14400.0,142485.0,14400.0,10,7,1,1,14400.0,14400.0,14400.0,0.0
1715,M-1810,item:268091,9501.943556,14400.0,14400.0,203550.0,finite,4806898.0,none,,0.0,0.0,min_max,0.0,14400.0,142485.0,14400.0,10,1,1,1,14400.0,14400.0,14400.0,0.0
1716,M-1810,item:268091,9651.196874,14400.0,14400.0,203550.0,finite,4792498.0,none,,0.0,0.0,min_max,0.0,14400.0,142485.0,14400.0,10,2,1,1,14400.0,14400.0,14400.0,0.0
1717,M-1810,item:268091,9800.721007,14400.0,14400.0,203550.0,finite,4778098.0,none,,0.0,0.0,min_max,0.0,14400.0,142485.0,14400.0,10,3,1,1,14400.0,14400.0,14400.0,0.0
1718,M-1810,item:268091,9950.299303,14400.0,14400.0,203550.0,finite,4763698.0,none,,0.0,0.0,min_max,0.0,14400.0,142485.0,14400.0,10,4,1,1,14400.0,14400.0,14400.0,0.0
1719,M-1810,item:268091,10099.888432,14400.0,14400.0,203550.0,finite,4749298.0,none,,0.0,0.0,min_max,0.0,14400.0,142485.0,14400.0,10,5,1,1,14400.0,14400.0,14400.0,0.0
1720,M-1810,item:268091,10479.96136,14400.0,14400.0,203550.0,finite,4734898.0,none,,0.0,0.0,min_max,0.0,14400.0,142485.0,14400.0,10,6,1,1,14400.0,14400.0,14400.0,0.0
1721,M-1810,item:268091,10906.131047,14400.0,14400.0,203550.0,finite,4720498.0,none,,0.0,0.0,min_max,0.0,14400.0,142485.0,14400.0,10,7,1,1,14400.0,14400.0,14400.0,0.0
1722,M-1810,item:268091,11341.520087,14400.0,14400.0,203550.0,finite,4706098.0,none,,0.0,0.0,min_max,0.0,14400.0,142485.0,14400.0,10,1,1,1,14400.0,14400.0,14400.0,0.0
1723,M-1810,item:268091,11778.752997,14400.0,14400.0,203550.0,finite,4691698.0,none,,0.0,0.0,min_max,0.0,14400.0,142485.0,14400.0,10,2,1,1,14400.0,14400.0,14400.0,0.0
1724,M-1810,item:268091,12216.354681,14400.0,14400.0,203550.0,finite,4677298.0,none,,0.0,0.0,min_max,0.0,14400.0,142485.0,14400.0,10,3,1,1,14400.0,14400.0,14400.0,0.0
1725,M-1810,item:268091,12654.03012,14400.0,14400.0,203550.0,finite,4662898.0,none,,0.0,0.0,min_max,0.0,14400.0,142485.0,14400.0,10,4,1,1,14400.0,14400.0,14400.0,0.0
1726,M-1810,item:268091,13091.72031,14400.0,14400.0,203550.0,finite,4648498.0,none,,0.0,0.0,min_max,0.0,14400.0,142485.0,14400.0,10,5,1,1,14400.0,14400.0,14400.0,0.0
1727,M-1810,item:268091,12561.250184,14400.0,14400.0,203550.0,finite,4634098.0,none,,0.0,0.0,min_max,0.0,14400.0,142485.0,14400.0,10,6,1,1,14400.0,14400.0,14400.0,0.0
1728,M-1810,item:268091,11837.147996,14400.0,14400.0,203550.0,finite,4619698.0,none,,0.0,0.0,min_max,0.0,14400.0,142485.0,14400.0,10,7,1,1,14400.0,14400.0,14400.0,0.0
1729,M-1810,item:268091,11074.319395,14400.0,14400.0,203550.0,finite,4605298.0,none,,0.0,0.0,min_max,0.0,14400.0,142485.0,14400.0,10,1,1,1,14400.0,14400.0,14400.0,0.0
1730,M-1810,item:268091,10303.745512,14400.0,14400.0,203550.0,finite,4590898.0,none,,0.0,0.0,min_max,0.0,14400.0,142485.0,14400.0,10,2,1,1,14400.0,14400.0,14400.0,0.0
1731,M-1810,item:268091,9531.622572,14400.0,14400.0,203550.0,finite,4576498.0,none,,0.0,0.0,min_max,0.0,14400.0,142485.0,14400.0,10,3,1,1,14400.0,14400.0,14400.0,0.0
1739,M-1810,item:268091,7223.167347,14400.0,14400.0,203550.0,finite,4562098.0,none,,0.0,0.0,min_max,0.0,14400.0,142485.0,14400.0,10,1,1,1,14400.0,14400.0,14400.0,0.0
1740,M-1810,item:268091,8832.519184,14400.0,14400.0,203550.0,finite,4547698.0,none,,0.0,0.0,min_max,0.0,14400.0,142485.0,14400.0,10,2,1,1,14400.0,14400.0,14400.0,0.0
1741,M-1810,item:268091,9275.499755,14400.0,14400.0,203550.0,finite,4533298.0,none,,0.0,0.0,min_max,0.0,14400.0,142485.0,14400.0,10,3,1,1,14400.0,14400.0,14400.0,0.0
1742,M-1810,item:268091,9485.206074,14400.0,14400.0,203550.0,finite,4518898.0,none,,0.0,0.0,min_max,0.0,14400.0,142485.0,14400.0,10,4,1,1,14400.0,14400.0,14400.0,0.0
1743,M-1810,item:268091,9648.257541,14400.0,14400.0,203550.0,finite,4504498.0,none,,0.0,0.0,min_max,0.0,14400.0,142485.0,14400.0,10,1,1,1,14400.0,14400.0,14400.0,0.0
1744,M-1810,item:268091,9801.978039,14400.0,14400.0,203550.0,finite,4490098.0,none,,0.0,0.0,min_max,0.0,14400.0,142485.0,14400.0,10,2,1,1,14400.0,14400.0,14400.0,0.0
1745,M-1810,item:268091,9953.832343,14400.0,14400.0,203550.0,finite,4475698.0,none,,0.0,0.0,min_max,0.0,14400.0,142485.0,14400.0,10,3,1,1,14400.0,14400.0,14400.0,0.0
1746,M-1810,item:268091,10105.313408,14400.0,14400.0,203550.0,finite,4461298.0,none,,0.0,0.0,min_max,0.0,14400.0,142485.0,14400.0,10,4,1,1,14400.0,14400.0,14400.0,0.0
1747,M-1810,item:268091,10256.719825,14400.0,14400.0,203550.0,finite,4446898.0,none,,0.0,0.0,min_max,0.0,14400.0,142485.0,14400.0,10,5,1,1,14400.0,14400.0,14400.0,0.0
1748,M-1810,item:268091,10418.397026,14400.0,14400.0,203550.0,finite,4432498.0,none,,0.0,0.0,min_max,0.0,14400.0,142485.0,14400.0,10,6,1,1,14400.0,14400.0,14400.0,0.0
1749,M-1810,item:268091,10582.128385,14400.0,14400.0,203550.0,finite,4418098.0,none,,0.0,0.0,min_max,0.0,14400.0,142485.0,14400.0,10,7,1,1,14400.0,14400.0,14400.0,0.0
1750,M-1810,item:268091,10746.270575,14400.0,14400.0,203550.0,finite,4403698.0,none,,0.0,0.0,min_max,0.0,14400.0,142485.0,14400.0,10,1,1,1,14400.0,14400.0,14400.0,0.0
1751,M-1810,item:268091,10910.494931,14400.0,14400.0,203550.0,finite,4389298.0,none,,0.0,0.0,min_max,0.0,14400.0,142485.0,14400.0,10,2,1,1,14400.0,14400.0,14400.0,0.0
1752,M-1810,item:268091,11074.735721,14400.0,14400.0,203550.0,finite,4374898.0,none,,0.0,0.0,min_max,0.0,14400.0,142485.0,14400.0,10,3,1,1,14400.0,14400.0,14400.0,0.0
1753,M-1810,item:268091,11238.979797,14400.0,14400.0,203550.0,finite,4360498.0,none,,0.0,0.0,min_max,0.0,14400.0,142485.0,14400.0,10,4,1,1,14400.0,14400.0,14400.0,0.0
1754,M-1810,item:268091,11403.224531,14400.0,14400.0,203550.0,finite,4346098.0,none,,0.0,0.0,min_max,0.0,14400.0,142485.0,14400.0,10,5,1,1,14400.0,14400.0,14400.0,0.0
1755,M-1810,item:268091,10969.869396,14400.0,14400.0,203550.0,finite,4331698.0,none,,0.0,0.0,min_max,0.0,14400.0,142485.0,14400.0,10,6,1,1,14400.0,14400.0,14400.0,0.0
1756,M-1810,item:268091,10416.994287,14400.0,14400.0,203550.0,finite,4317298.0,none,,0.0,0.0,min_max,0.0,14400.0,142485.0,14400.0,10,7,1,1,14400.0,14400.0,14400.0,0.0
1757,M-1810,item:268091,9840.215184,14400.0,14400.0,203550.0,finite,4302898.0,none,,0.0,0.0,min_max,0.0,14400.0,142485.0,14400.0,10,1,1,1,14400.0,14400.0,14400.0,0.0
1766,M-1810,item:268091,7479.591837,14400.0,14400.0,203550.0,finite,4288498.0,none,,0.0,0.0,min_max,0.0,14400.0,142485.0,14400.0,10,1,1,1,14400.0,14400.0,14400.0,0.0
1767,M-1810,item:268091,9293.028571,14400.0,14400.0,203550.0,finite,4274098.0,none,,0.0,0.0,min_max,0.0,14400.0,142485.0,14400.0,10,2,1,1,14400.0,14400.0,14400.0,0.0
1768,M-1430,item:268967,6159.542857,107800.0,107800.0,154000.0,finite,1473987.226144,none,,0.0,0.0,fixed,107800.0,107800.0,107800.0,0.0,10,1,1,1,107800.0,107800.0,107800.0,0.0
1768,M-1810,item:268091,9973.234285,14400.0,14400.0,203550.0,finite,4259698.0,none,,0.0,0.0,min_max,0.0,14400.0,142485.0,14400.0,10,3,1,1,14400.0,14400.0,14400.0,0.0
1769,M-1810,item:268091,9651.414204,14400.0,14400.0,203550.0,finite,4245298.0,none,,0.0,0.0,min_max,0.0,14400.0,142485.0,14400.0,10,4,1,1,14400.0,14400.0,14400.0,0.0
1770,M-1810,item:268091,9129.188963,14400.0,14400.0,203550.0,finite,4230898.0,none,,0.0,0.0,min_max,0.0,14400.0,142485.0,14400.0,10,5,1,1,14400.0,14400.0,14400.0,0.0
1778,M-1810,item:268091,7966.465306,14400.0,14400.0,203550.0,finite,4216498.0,none,,0.0,0.0,min_max,0.0,14400.0,142485.0,14400.0,10,1,1,1,14400.0,14400.0,14400.0,0.0
1779,M-1810,item:268091,10578.713469,14400.0,14400.0,203550.0,finite,4202098.0,none,,0.0,0.0,min_max,0.0,14400.0,142485.0,14400.0,10,2,1,1,14400.0,14400.0,14400.0,0.0
1780,M-1810,item:268091,12120.118204,14400.0,14400.0,203550.0,finite,4187698.0,none,,0.0,0.0,min_max,0.0,14400.0,142485.0,14400.0,10,3,1,1,14400.0,14400.0,14400.0,0.0
1781,M-1810,item:268091,13447.354253,14400.0,14400.0,203550.0,finite,4173298.0,none,,0.0,0.0,min_max,0.0,14400.0,142485.0,14400.0,10,4,1,1,14400.0,14400.0,14400.0,0.0
1782,M-1810,item:268091,14731.756565,28800.0,28800.0,203550.0,finite,4158898.0,none,,0.0,0.0,min_max,0.0,14400.0,142485.0,14400.0,10,5,1,1,28800.0,28800.0,28800.0,0.0
1783,M-1810,item:268091,15120.196211,28800.0,28800.0,203550.0,finite,4130098.0,none,,0.0,0.0,min_max,0.0,14400.0,142485.0,14400.0,10,6,1,1,28800.0,28800.0,28800.0,0.0
1784,M-1810,item:268091,15329.443324,28800.0,28800.0,203550.0,finite,4101298.0,none,,0.0,0.0,min_max,0.0,14400.0,142485.0,14400.0,10,7,1,1,28800.0,28800.0,28800.0,0.0
1785,M-1810,item:268091,15502.85193,28800.0,28800.0,203550.0,finite,4072498.0,none,,0.0,0.0,min_max,0.0,14400.0,142485.0,14400.0,10,1,1,1,28800.0,28800.0,28800.0,0.0
1786,M-1810,item:268091,15669.092835,28800.0,28800.0,203550.0,finite,4043698.0,none,,0.0,0.0,min_max,0.0,14400.0,142485.0,14400.0,10,2,1,1,28800.0,28800.0,28800.0,0.0
1787,M-1810,item:268091,15833.9002,28800.0,28800.0,203550.0,finite,4014898.0,none,,0.0,0.0,min_max,0.0,14400.0,142485.0,14400.0,10,3,1,1,28800.0,28800.0,28800.0,0.0
1788,M-1810,item:268091,15998.420856,28800.0,28800.0,203550.0,finite,3986098.0,none,,0.0,0.0,min_max,0.0,14400.0,142485.0,14400.0,10,4,1,1,28800.0,28800.0,28800.0,0.0
1789,M-1810,item:268091,16162.884171,28800.0,28800.0,203550.0,finite,3957298.0,none,,0.0,0.0,min_max,0.0,14400.0,142485.0,14400.0,10,5,1,1,28800.0,28800.0,28800.0,0.0
1790,M-1430,item:268967,5205.061224,107800.0,107800.0,154000.0,finite,1366187.226144,none,,0.0,0.0,fixed,107800.0,107800.0,107800.0,0.0,10,1,1,1,107800.0,107800.0,107800.0,0.0
1790,M-1810,item:268091,15468.250304,28800.0,28800.0,203550.0,finite,3928498.0,none,,0.0,0.0,min_max,0.0,14400.0,142485.0,14400.0,10,6,1,1,28800.0,28800.0,28800.0,0.0
1791,M-1810,item:268091,14601.796999,28800.0,28800.0,203550.0,finite,3899698.0,none,,0.0,0.0,min_max,0.0,14400.0,142485.0,14400.0,10,7,1,1,28800.0,28800.0,28800.0,0.0
1791,SDC-1450,item:773474,2030121.8576,3200000.0,3200000.0,0.0,unmodeled,195402684.563758,none,,0.0,0.0,fixed,3200000.0,0.0,0.0,0.0,10,1,1,1,3200000.0,3200000.0,3200000.0,0.0
1792,M-1810,item:268091,13700.979808,14400.0,14400.0,203550.0,finite,3870898.0,none,,0.0,0.0,min_max,0.0,14400.0,142485.0,14400.0,10,1,1,1,14400.0,14400.0,14400.0,0.0
1793,M-1810,item:268091,12793.289839,14400.0,14400.0,203550.0,finite,3856498.0,none,,0.0,0.0,min_max,0.0,14400.0,142485.0,14400.0,10,2,1,1,14400.0,14400.0,14400.0,0.0
1794,M-1810,item:268091,11884.225315,14400.0,14400.0,203550.0,finite,3842098.0,none,,0.0,0.0,min_max,0.0,14400.0,142485.0,14400.0,10,3,1,1,14400.0,14400.0,14400.0,0.0
1795,M-1810,item:268091,10974.885879,14400.0,14400.0,203550.0,finite,3827698.0,none,,0.0,0.0,min_max,0.0,14400.0,142485.0,14400.0,10,4,1,1,14400.0,14400.0,14400.0,0.0
1802,M-1810,item:268091,8507.934694,14400.0,14400.0,203550.0,finite,3813298.0,none,,0.0,0.0,min_max,0.0,14400.0,142485.0,14400.0,10,1,1,1,14400.0,14400.0,14400.0,0.0
1803,M-1810,item:268091,10315.758368,14400.0,14400.0,203550.0,finite,3798898.0,none,,0.0,0.0,min_max,0.0,14400.0,142485.0,14400.0,10,2,1,1,14400.0,14400.0,14400.0,0.0
1804,M-1810,item:268091,11731.527184,14400.0,14400.0,203550.0,finite,3784498.0,none,,0.0,0.0,min_max,0.0,14400.0,142485.0,14400.0,10,3,1,1,14400.0,14400.0,14400.0,0.0
1805,M-1810,item:268091,13068.885029,14400.0,14400.0,203550.0,finite,3770098.0,none,,0.0,0.0,min_max,0.0,14400.0,142485.0,14400.0,10,4,1,1,14400.0,14400.0,14400.0,0.0
1806,M-1810,item:268091,14390.560679,14400.0,14400.0,203550.0,finite,3755698.0,none,,0.0,0.0,min_max,0.0,14400.0,142485.0,14400.0,10,1,1,1,14400.0,14400.0,14400.0,0.0
1807,M-1810,item:268091,15709.099891,28800.0,28800.0,203550.0,finite,3741298.0,none,,0.0,0.0,min_max,0.0,14400.0,142485.0,14400.0,10,2,1,1,28800.0,28800.0,28800.0,0.0
1808,M-1810,item:268091,17027.011815,28800.0,28800.0,203550.0,finite,3712498.0,none,,0.0,0.0,min_max,0.0,14400.0,142485.0,14400.0,10,3,1,1,28800.0,28800.0,28800.0,0.0
1809,M-1810,item:268091,18344.798281,28800.0,28800.0,203550.0,finite,3683698.0,none,,0.0,0.0,min_max,0.0,14400.0,142485.0,14400.0,10,4,1,1,28800.0,28800.0,28800.0,0.0
1810,M-1430,item:268967,5837.942857,107800.0,107800.0,154000.0,finite,1258387.226144,none,,0.0,0.0,fixed,107800.0,107800.0,107800.0,0.0,10,1,1,1,107800.0,107800.0,107800.0,0.0
1810,M-1810,item:268091,19662.559656,28800.0,28800.0,203550.0,finite,3654898.0,none,,0.0,0.0,min_max,0.0,14400.0,142485.0,14400.0,10,5,1,1,28800.0,28800.0,28800.0,0.0
1811,M-1810,item:268091,19568.887441,28800.0,28800.0,203550.0,finite,3626098.0,none,,0.0,0.0,min_max,0.0,14400.0,142485.0,14400.0,10,6,1,1,28800.0,28800.0,28800.0,0.0
1812,M-1810,item:268091,19192.928509,28800.0,28800.0,203550.0,finite,3597298.0,none,,0.0,0.0,min_max,0.0,14400.0,142485.0,14400.0,10,7,1,1,28800.0,28800.0,28800.0,0.0
1813,M-1810,item:268091,18760.512232,28800.0,28800.0,203550.0,finite,3568498.0,none,,0.0,0.0,min_max,0.0,14400.0,142485.0,14400.0,10,1,1,1,28800.0,28800.0,28800.0,0.0
1814,M-1810,item:268091,18316.804487,28800.0,28800.0,203550.0,finite,3539698.0,none,,0.0,0.0,min_max,0.0,14400.0,142485.0,14400.0,10,2,1,1,28800.0,28800.0,28800.0,0.0
1815,M-1810,item:268091,17870.838448,28800.0,28800.0,203550.0,finite,3510898.0,none,,0.0,0.0,min_max,0.0,14400.0,142485.0,14400.0,10,3,1,1,28800.0,28800.0,28800.0,0.0
1816,M-1810,item:268091,17424.420751,28800.0,28800.0,203550.0,finite,3482098.0,none,,0.0,0.0,min_max,0.0,14400.0,142485.0,14400.0,10,4,1,1,28800.0,28800.0,28800.0,0.0
1817,M-1810,item:268091,16977.912721,28800.0,28800.0,203550.0,finite,3453298.0,none,,0.0,0.0,min_max,0.0,14400.0,142485.0,14400.0,10,5,1,1,28800.0,28800.0,28800.0,0.0
1818,M-1810,item:268091,14961.035605,28800.0,28800.0,203550.0,finite,3424498.0,none,,0.0,0.0,min_max,0.0,14400.0,142485.0,14400.0,10,6,1,1,28800.0,28800.0,28800.0,0.0
1819,M-1810,item:268091,12847.227529,14400.0,14400.0,203550.0,finite,3395698.0,none,,0.0,0.0,min_max,0.0,14400.0,142485.0,14400.0,10,7,1,1,14400.0,14400.0,14400.0,0.0
