method,total_kgCO2e,delta_vs_classical,delta_vs_classical_pct
Classical LCA,3693.5358,0.0,0.0
Dynamic LCA,3696.3710000000005,2.835200000000441,0.07676113495367883
State-Dependent Dynamic LCA,4903.676,1210.1402000000003,32.763732789594194
