method,total_kgCO2e,delta_vs_classical,delta_vs_classical_pct
Classical LCA,3963.7778394800644,0.0,0.0
Time-Dependent DLCA,4189.708854680064,225.93101519999982,5.699890971428298
State-Dependent Dynamic LCA,4757.449463320064,793.6716238399995,20.02311067827421
