method,total_kgCO2e,delta_vs_classical,delta_vs_classical_pct
Classical LCA,19673.47901049056,0.0,0.0
Time-Dependent DLCA,19457.823437717343,-215.65557277321568,-1.0961740557337158
State-Dependent Dynamic LCA,23169.804397093667,3496.325386603108,17.771769724809477
