policy_name,policy_label,delta_material,delta_inbound_transport,delta_production_energy,delta_outbound_transport,delta_storage,delta_scrap,hidden_carbon_total
baseline,Reference,0.0,0.0,472.0931773137322,2877.126103199058,0.0,362.7616788635406,3711.980959376324
backup_early,Backup anticipe,0.0,0.0,472.0931773137322,2877.126103199058,0.0,362.7616788635406,3711.980959376324
inventory_buffer,Stock tampon,15.409999999999854,39.36400000000003,632.2056676507282,630.6262585775162,0.0,628.2309898466494,1945.8369160748916
low_carbon,Discipline carbone,0.0,0.0,466.60218046196496,2880.0665063178003,0.0,376.9875688145537,3723.65625559432
service_first,Service prioritaire,0.0,0.0,627.7141172441225,1349.7895304295023,0.0,592.3226420141109,2569.826289687735
