policy_name,policy_label,material,inbound_transport,production_energy,outbound_transport,storage,backlog_penalty,total
baseline,Reference,33134.84788890814,1325.3939155563255,837.9436572631736,10275.613010792833,285.30513816248714,11194.303429285485,57053.407039968435
backup_early,Backup anticipe,33134.84788890814,1325.3939155563255,837.9436572631736,10275.613010792833,285.30513816248714,11194.303429285485,57053.407039968435
inventory_buffer,Stock tampon,34280.0,1434.0,901.3876614559342,5412.908579694183,702.8802584557551,765.7540603483521,43496.93055995423
low_carbon,Discipline carbone,32508.443758774796,1300.3377503509919,832.233174897546,10221.218882204734,257.332619850461,16858.802798509798,61978.368984588335
service_first,Service prioritaire,34000.0,1360.0,897.0765105398008,6978.0,530.8586288874995,1990.6347422231197,45756.56988165042
