method,material,inbound_transport,production_energy,outbound_transport,storage,scrap,total
Classical LCA,2822.0,112.88,475.2248000000001,279.18,4.2509999999999994,0.0,3693.5358
Dynamic LCA,2822.0,112.88000000000001,478.05999999999995,279.18000000000006,4.2509999999999994,0.0,3696.3710000000005
State-Dependent Dynamic LCA,2909.8,205.07000000000002,651.2550000000001,931.9,4.2509999999999994,201.40000000000003,4903.676
