method,material,inbound_transport,production_energy,outbound_transport,storage,scrap,total
Classical LCA,13804.487397409726,584.6516468275192,3988.4161520433427,1266.8607692307694,29.0630449792009,0.0,19673.47901049056
Time-Dependent DLCA,13718.216197213555,575.189096937552,3880.0372148745696,1255.3178837124651,29.0630449792009,0.0,19457.823437717343
State-Dependent Dynamic LCA,13718.216197213555,575.189096937552,4352.130392188302,4132.443986911523,29.0630449792009,362.7616788635406,23169.804397093667
