policy_name,policy_label,material,inbound_transport,production_energy,outbound_transport,storage,backlog_penalty,total
baseline,Reference,7450.1,435.85,211.35800000000006,2363.4,43.8425,12015.000000000002,22519.5505
backup_early,Backup anticipe,9008.5,679.0500000000001,262.54200000000003,2862.5999999999995,51.19250000000001,9941.400000000003,22805.284499999998
inventory_buffer,Stock tampon,7825.0,313.0,212.94000000000003,2743.8,38.739999999999995,10270.8,21404.28
low_carbon,Discipline carbone,7370.1,432.65,195.49600000000004,2285.4000000000005,43.4925,11986.2,22313.3385
service_first,Service prioritaire,7825.0,313.0,212.94000000000003,2905.8,38.739999999999995,10270.8,21566.279999999995
