policy_name,policy_label,delta_material,delta_inbound_transport,delta_production_energy,delta_outbound_transport,delta_storage,delta_scrap,hidden_carbon_total
baseline,Reference,87.80000000000018,92.19000000000001,173.19500000000016,652.7199999999999,0.0,201.40000000000003,1207.3049999999998
backup_early,Backup anticipe,203.0,213.14999999999995,240.62300000000016,823.2800000000001,0.0,406.77600000000007,1886.8290000000015
inventory_buffer,Stock tampon,0.0,0.0,123.95899999999983,783.9199999999998,0.0,94.388,1002.2670000000007
low_carbon,Discipline carbone,87.80000000000018,92.18999999999997,129.26299999999998,621.56,0.0,142.872,1073.685
service_first,Service prioritaire,0.0,0.0,123.95899999999983,857.7199999999998,0.0,94.388,1076.067000000001
