policy_label,material,inbound_transport,energy,storage,outbound_transport,backlog_penalty,adaptation_capex,total
Baseline degradee,313704.8842723022,17138.489717091932,6454.889356414038,3942.4302283719226,39415.65114277571,15497.650880718662,14255.999999999996,410409.99559767445
Baseline + biomasse,316236.43929644447,17294.416355948142,6145.396860638835,4643.922171446432,33981.708324775485,9711.96746819098,16895.999999999996,404909.85047744436
