policy_label,material_main,material_biosourced,material_backup,inbound_main,inbound_biosourced,inbound_backup,production_energy,outbound_transport,storage,scrap,total
Baseline degradee,70020.51478649901,0.0,32823.63618218257,2994.8886686767673,0.0,4899.288366536736,14360.786770127728,10191.157350076366,789.453782533526,5638.533656024425,141718.25956265713
Baseline + biomasse,70650.52967578151,0.0,32962.366666401445,3024.881679224489,0.0,4920.73145313012,13136.469306228562,8265.05080813116,936.3774952327857,4566.680459843626,138463.0875439737
