{
  "M - D1430": [
    47.7,
    2.633333
  ],
  "M - D1810": [
    43.756966,
    3.09923
  ],
  "DC - D1920": [
    43.466667,
    1.35
  ],
  "DC - 1920": [
    43.466667,
    1.35
  ],
  "DC - D1910": [
    43.466667,
    1.35
  ],
  "DC - 1910": [
    43.466667,
    1.35
  ],
  "SDC - VD0520132A": [
    49.034,
    2.063
  ],
  "SDC - VD0914690A": [
    51.099606,
    4.240459
  ],
  "SDC - D1450": [
    43.901816,
    1.896506
  ],
  "SDC - VD0525412A": [
    45.716671,
    0.196451
  ],
  "SDC - VD0993480A": [
    48.853,
    -0.55
  ],
  "SDC - VD0520115A": [
    50.448501,
    7.863068
  ],
  "SDC - VD0508918A": [
    48.183331,
    0.66667
  ],
  "SDC - VD1095770A": [
    45.713108,
    1.606463
  ],
  "SDC - VD0951020A": [
    48.863812,
    2.448451
  ],
  "SDC - VD0519670A": [
    43.773,
    1.687
  ],
  "SDC - VD0518684A": [
    53.550848,
    9.999304
  ],
  "SDC - VD0910216A": [
    45.7611,
    4.8268
  ],
  "SDC - VD1091642A": [
    49.41595,
    2.800696
  ],
  "SDC - VD0500655A": [
    51.839593,
    6.25173
  ],
  "SDC - VD0990780A": [
    44.3504,
    9.3466
  ],
  "SDC - VD0514881A": [
    57.7072,
    11.9668
  ],
  "SDC - VD1096202A": [
    48.851542,
    2.475907
  ],
  "SDC - VD0914320A": [
    43.384147,
    5.577433
  ],
  "SDC - VD0964290A": [
    48.851542,
    2.475907
  ],
  "SDC - VD0505677A": [
    49.4949,
    8.434
  ],
  "SDC - VD0901566A": [
    49.090822,
    4.892978
  ],
  "SDC - VD0914360C": [
    45.64714,
    0.367019
  ],
  "SDC - VD0989480A": [
    45.886926,
    0.673743
  ],
  "C - XXXXX": [
    48.866667,
    2.333333
  ]
}