day,node_id,item_id,stock_before_production,stock_end_of_day
0,M-1430,item:038005,40293.405604,38406.994431
0,M-1430,item:042342,88042664.0,81537796.4
0,M-1430,item:333362,296250.0,188450.0
0,M-1430,item:344135,184800.0,77000.0
0,M-1430,item:708073,11548.1,10693.246
0,M-1430,item:730384,101035.0,78181.4
0,M-1430,item:734545,2873.0,2010.6
0,M-1430,item:773474,16079826.572,15039047.9716
0,M-1810,item:001757,8830.2192,8806.8336
0,M-1810,item:001848,10510.5699,10493.0307
0,M-1810,item:001893,11353.6847,11242.6031
0,M-1810,item:002612,153934.843219,153905.611219
0,M-1810,item:007923,55680.1104,55633.3392
0,M-1810,item:016332,982.18956,975.17388
0,M-1810,item:029313,235.09413,234.50949
0,M-1810,item:039668,467.95913,467.37449
0,M-1810,item:049371,4444.70281,4423.07113
0,M-1810,item:055703,586.333261,585.163981
0,M-1810,item:099439,5385.8225,5356.5905
0,M-1810,item:338928,607615.0,593215.0
0,M-1810,item:338929,557550.0,543150.0
0,M-1810,item:426331,26398.05,26239.65
0,M-1810,item:693055,1092641.3,1086794.9
0,SDC-1450,item:021081,1142100.0,1142100.0
1,M-1430,item:038005,41101.867535,41101.867535
1,M-1430,item:042342,90830464.4,90830464.4
1,M-1430,item:333362,342450.0,342450.0
1,M-1430,item:344135,231000.0,231000.0
1,M-1430,item:708073,11914.466,11914.466
1,M-1430,item:730384,110829.4,110829.4
1,M-1430,item:734545,3242.6,3242.6
1,M-1430,item:773474,16525874.5436,16525874.5436
1,M-1810,item:001757,9137.3988,9137.3988
1,M-1810,item:001848,10740.9546,10740.9546
1,M-1810,item:001893,12812.7878,12812.7878
1,M-1810,item:002612,154318.817719,154318.817719
1,M-1810,item:007923,56294.4696,56294.4696
1,M-1810,item:016332,1074.34344,1074.34344
1,M-1810,item:029313,242.77362,242.77362
1,M-1810,item:039668,475.63862,475.63862
1,M-1810,item:049371,4728.84394,4728.84394
1,M-1810,item:055703,601.692241,601.692241
1,M-1810,item:099439,5769.797,5769.797
1,M-1810,item:338928,796765.0,796765.0
1,M-1810,item:338929,746700.0,746700.0
1,M-1810,item:426331,28478.7,28478.7
1,M-1810,item:693055,1169436.2,1169436.2
1,SDC-1450,item:021081,1142100.0,1113492.0
2,M-1430,item:038005,43796.740639,43796.740639
2,M-1430,item:042342,100123132.4,100123132.4
2,M-1430,item:333362,496450.0,496450.0
2,M-1430,item:344135,385000.0,385000.0
2,M-1430,item:708073,13135.686,13135.686
2,M-1430,item:730384,143477.4,143477.4
2,M-1430,item:734545,4474.6,4474.6
2,M-1430,item:773474,18012701.1156,18012701.1156
2,M-1810,item:001757,9467.964,9444.5784
2,M-1810,item:001848,10988.8785,10971.3393
2,M-1810,item:001893,14382.9725,14271.8909
2,M-1810,item:002612,154732.024219,154702.792219
2,M-1810,item:007923,56955.6,56908.8288
2,M-1810,item:016332,1173.513,1166.49732
2,M-1810,item:029313,251.03775,250.45311
2,M-1810,item:039668,483.90275,483.31811
2,M-1810,item:049371,5034.61675,5012.98507
2,M-1810,item:055703,618.220501,617.051221
2,M-1810,item:099439,6183.0035,6153.7715
2,M-1810,item:338928,1000315.0,985915.0
2,M-1810,item:338929,950250.0,935850.0
2,M-1810,item:426331,30717.75,30559.35
2,M-1810,item:693055,1252077.5,1246231.1
2,SDC-1450,item:021081,1113492.0,1056276.0
3,M-1430,item:038005,46491.613743,46491.613743
3,M-1430,item:042342,109415800.4,109415800.4
3,M-1430,item:333362,650450.0,650450.0
3,M-1430,item:344135,539000.0,539000.0
3,M-1430,item:708073,14356.906,14356.906
3,M-1430,item:730384,176125.4,176125.4
3,M-1430,item:734545,5706.6,5706.6
3,M-1430,item:773474,19499527.6876,19499527.6876
3,M-1810,item:001757,9775.1436,9775.1436
3,M-1810,item:001848,11219.2632,11219.2632
3,M-1810,item:001893,15842.0756,15842.0756
3,M-1810,item:002612,155115.998719,155115.998719
3,M-1810,item:007923,57569.9592,57569.9592
3,M-1810,item:016332,1265.66688,1265.66688
3,M-1810,item:029313,258.71724,258.71724
3,M-1810,item:039668,491.58224,491.58224
3,M-1810,item:049371,5318.75788,5318.75788
3,M-1810,item:055703,633.579481,633.579481
3,M-1810,item:099439,6566.978,6566.978
3,M-1810,item:338928,1189465.0,1189465.0
3,M-1810,item:338929,1139400.0,1139400.0
3,M-1810,item:426331,32798.4,32798.4
3,M-1810,item:693055,1328872.4,1328872.4
3,SDC-1450,item:021081,1056276.0,999060.0
4,M-1430,item:038005,49186.486847,49186.486847
4,M-1430,item:042342,118708468.4,118708468.4
4,M-1430,item:333362,804450.0,804450.0
4,M-1430,item:344135,693000.0,693000.0
4,M-1430,item:708073,15578.126,15578.126
4,M-1430,item:730384,208773.4,208773.4
4,M-1430,item:734545,6938.6,6938.6
4,M-1430,item:773474,20986354.2596,20986354.2596
4,M-1810,item:001757,10105.7088,10105.7088
4,M-1810,item:001848,11467.1871,11467.1871
4,M-1810,item:001893,17412.2603,17412.2603
4,M-1810,item:002612,155529.205219,155529.205219
4,M-1810,item:007923,58231.0896,58231.0896
4,M-1810,item:016332,1364.83644,1364.83644
4,M-1810,item:029313,266.98137,266.98137
4,M-1810,item:039668,499.84637,499.84637
4,M-1810,item:049371,5624.53069,5624.53069
4,M-1810,item:055703,650.107741,650.107741
4,M-1810,item:099439,6980.1845,6980.1845
4,M-1810,item:338928,1393015.0,1393015.0
4,M-1810,item:338929,1342950.0,1342950.0
4,M-1810,item:426331,35037.45,35037.45
4,M-1810,item:693055,1411513.7,1411513.7
4,SDC-1450,item:021081,999060.0,999060.0
5,M-1430,item:038005,51881.359951,51881.359951
5,M-1430,item:042342,128001136.4,128001136.4
5,M-1430,item:333362,958450.0,958450.0
5,M-1430,item:344135,847000.0,847000.0
5,M-1430,item:708073,16799.346,16799.346
5,M-1430,item:730384,241421.4,241421.4
5,M-1430,item:734545,8170.6,8170.6
5,M-1430,item:773474,22473180.8316,22473180.8316
5,M-1810,item:001757,10436.274,10436.274
5,M-1810,item:001848,11715.111,11715.111
5,M-1810,item:001893,18982.445,18982.445
5,M-1810,item:002612,155942.411719,155942.411719
5,M-1810,item:007923,58892.22,58892.22
5,M-1810,item:016332,1464.006,1464.006
5,M-1810,item:029313,275.2455,275.2455
5,M-1810,item:039668,508.1105,508.1105
5,M-1810,item:049371,5930.3035,5930.3035
5,M-1810,item:055703,666.636001,666.636001
5,M-1810,item:099439,7393.391,7393.391
5,M-1810,item:338928,1596565.0,1596565.0
5,M-1810,item:338929,1546500.0,1546500.0
5,M-1810,item:426331,37276.5,37276.5
5,M-1810,item:693055,1494155.0,1494155.0
5,SDC-1450,item:021081,999060.0,999060.0
6,M-1430,item:038005,54576.233055,54576.233055
6,M-1430,item:042342,137293804.4,137293804.4
6,M-1430,item:333362,1112450.0,1112450.0
6,M-1430,item:344135,1001000.0,1001000.0
6,M-1430,item:708073,18020.566,18020.566
6,M-1430,item:730384,274069.4,274069.4
6,M-1430,item:734545,15702.6,15702.6
6,M-1430,item:773474,23960007.4036,23960007.4036
6,M-1810,item:001757,10766.8392,10766.8392
6,M-1810,item:001848,11963.0349,11963.0349
6,M-1810,item:001893,20552.6297,20552.6297
6,M-1810,item:002612,156355.618219,156355.618219
6,M-1810,item:007923,58892.22,58892.22
6,M-1810,item:016332,1563.17556,1563.17556
6,M-1810,item:029313,283.50963,283.50963
6,M-1810,item:039668,516.37463,516.37463
6,M-1810,item:049371,6236.07631,6236.07631
6,M-1810,item:055703,683.164261,683.164261
6,M-1810,item:099439,7806.5975,7806.5975
6,M-1810,item:338928,1800115.0,1800115.0
6,M-1810,item:338929,1750050.0,1750050.0
6,M-1810,item:426331,39515.55,39515.55
6,M-1810,item:693055,1576796.3,1576796.3
6,SDC-1450,item:021081,999060.0,999060.0
7,M-1430,item:038005,57271.106159,57271.106159
7,M-1430,item:042342,146586472.4,146586472.4
7,M-1430,item:333362,1266450.0,1266450.0
7,M-1430,item:344135,1155000.0,1155000.0
7,M-1430,item:708073,19241.786,19241.786
7,M-1430,item:730384,306717.4,306717.4
7,M-1430,item:734545,16934.6,16934.6
7,M-1430,item:773474,25446833.9756,25446833.9756
7,M-1810,item:001757,11097.4044,11097.4044
7,M-1810,item:001848,12210.9588,12210.9588
7,M-1810,item:001893,22122.8144,22122.8144
7,M-1810,item:002612,156768.824719,156768.824719
7,M-1810,item:007923,58892.22,58892.22
7,M-1810,item:016332,1662.34512,1662.34512
7,M-1810,item:029313,291.77376,291.77376
7,M-1810,item:039668,524.63876,524.63876
7,M-1810,item:049371,6541.84912,6541.84912
7,M-1810,item:055703,699.692521,699.692521
7,M-1810,item:099439,8219.804,8219.804
7,M-1810,item:338928,2003665.0,2003665.0
7,M-1810,item:338929,1953600.0,1953600.0
7,M-1810,item:426331,41754.6,41754.6
7,M-1810,item:693055,1659437.6,1659437.6
7,SDC-1450,item:021081,999060.0,999060.0
8,M-1430,item:038005,59965.979263,59965.979263
8,M-1430,item:042342,155879140.4,155879140.4
8,M-1430,item:333362,1420450.0,1420450.0
8,M-1430,item:344135,1309000.0,1309000.0
8,M-1430,item:708073,20463.006,20463.006
8,M-1430,item:730384,339365.4,339365.4
8,M-1430,item:734545,18166.6,18166.6
8,M-1430,item:773474,26933660.5476,26933660.5476
8,M-1810,item:001757,11427.9696,11404.584
8,M-1810,item:001848,12458.8827,12441.3435
8,M-1810,item:001893,23692.9991,23581.9175
8,M-1810,item:002612,157182.031219,157152.799219
8,M-1810,item:007923,58892.22,58845.4488
8,M-1810,item:016332,1761.51468,1754.499
8,M-1810,item:029313,300.03789,299.45325
8,M-1810,item:039668,532.90289,532.31825
8,M-1810,item:049371,6847.62193,6825.99025
8,M-1810,item:055703,716.220781,715.051501
8,M-1810,item:099439,8633.0105,8603.7785
8,M-1810,item:338928,2207215.0,2192815.0
8,M-1810,item:338929,2157150.0,2142750.0
8,M-1810,item:426331,43993.65,43835.25
8,M-1810,item:693055,1742078.9,1736232.5
8,SDC-1450,item:021081,999060.0,999060.0
9,M-1430,item:038005,62660.852367,62660.852367
9,M-1430,item:042342,165171808.4,165171808.4
9,M-1430,item:333362,1574450.0,1574450.0
9,M-1430,item:344135,1463000.0,1463000.0
9,M-1430,item:708073,21684.226,21684.226
9,M-1430,item:730384,372013.4,372013.4
9,M-1430,item:734545,19398.6,19398.6
9,M-1430,item:773474,28420487.1196,28420487.1196
9,M-1810,item:001757,11735.1492,11711.7636
9,M-1810,item:001848,12689.2674,12671.7282
9,M-1810,item:001893,25152.1022,25041.0206
9,M-1810,item:002612,157566.005719,157536.773719
9,M-1810,item:007923,58845.4488,58798.6776
9,M-1810,item:016332,1853.66856,1846.65288
9,M-1810,item:029313,307.71738,307.13274
9,M-1810,item:039668,540.58238,539.99774
9,M-1810,item:049371,7131.76306,7110.13138
9,M-1810,item:055703,731.579761,730.410481
9,M-1810,item:099439,9016.985,8987.753
9,M-1810,item:338928,2396365.0,2381965.0
9,M-1810,item:338929,2346300.0,2331900.0
9,M-1810,item:426331,46074.3,45915.9
9,M-1810,item:693055,1818873.8,1813027.4
9,SDC-1450,item:021081,999060.0,999060.0
10,M-1430,item:038005,65355.725471,65355.725471
10,M-1430,item:042342,174464476.4,174464476.4
10,M-1430,item:333362,1728450.0,1728450.0
10,M-1430,item:344135,1617000.0,1617000.0
10,M-1430,item:708073,22905.446,22905.446
10,M-1430,item:730384,404661.4,404661.4
10,M-1430,item:734545,20630.6,20630.6
10,M-1430,item:773474,30163689.6916,30163689.6916
10,M-1810,item:001757,12042.3288,12018.9432
10,M-1810,item:001848,12919.6521,12902.1129
10,M-1810,item:001893,26611.2053,26500.1237
10,M-1810,item:002612,157949.980219,157920.748219
10,M-1810,item:007923,58798.6776,58751.9064
10,M-1810,item:016332,1945.82244,1938.80676
10,M-1810,item:029313,315.39687,314.81223
10,M-1810,item:039668,548.26187,547.67723
10,M-1810,item:049371,7415.90419,7394.27251
10,M-1810,item:055703,746.938741,745.769461
10,M-1810,item:099439,9400.9595,9371.7275
10,M-1810,item:338928,2585515.0,2571115.0
10,M-1810,item:338929,2535450.0,2521050.0
10,M-1810,item:426331,48154.95,47996.55
10,M-1810,item:693055,1895668.7,1889822.3
10,SDC-1450,item:021081,999060.0,999060.0
11,M-1430,item:038005,68050.598575,66164.187402
11,M-1430,item:042342,183757144.4,177252276.8
11,M-1430,item:333362,1882450.0,1774650.0
11,M-1430,item:344135,1771000.0,1663200.0
11,M-1430,item:708073,24126.666,23271.812
11,M-1430,item:730384,437309.4,414455.8
11,M-1430,item:734545,21862.6,21000.2
11,M-1430,item:773474,31906892.2636,30866113.6632
11,M-1810,item:001757,12349.5084,12326.1228
11,M-1810,item:001848,13150.0368,13132.4976
11,M-1810,item:001893,28070.3084,27959.2268
11,M-1810,item:002612,158333.954719,158304.722719
11,M-1810,item:007923,58751.9064,58705.1352
11,M-1810,item:016332,2037.97632,2030.96064
11,M-1810,item:029313,323.07636,322.49172
11,M-1810,item:039668,555.94136,555.35672
11,M-1810,item:049371,7700.04532,7678.41364
11,M-1810,item:055703,762.297721,761.128441
11,M-1810,item:099439,9784.934,9755.702
11,M-1810,item:338928,2774665.0,2760265.0
11,M-1810,item:338929,2724600.0,2710200.0
11,M-1810,item:426331,50235.6,50077.2
11,M-1810,item:693055,1972463.6,1966617.2
11,SDC-1450,item:021081,999060.0,999060.0
12,M-1430,item:038005,68859.060506,68859.060506
12,M-1430,item:042342,186544944.8,186544944.8
12,M-1430,item:333362,1928650.0,1928650.0
12,M-1430,item:344135,1817200.0,1817200.0
12,M-1430,item:708073,24493.032,24493.032
12,M-1430,item:730384,447103.8,447103.8
12,M-1430,item:734545,22232.2,22232.2
12,M-1430,item:773474,32609316.2352,32609316.2352
12,M-1810,item:001757,12656.688,12633.3024
12,M-1810,item:001848,13380.4215,13362.8823
12,M-1810,item:001893,29529.4115,29418.3299
12,M-1810,item:002612,158717.929219,158688.697219
12,M-1810,item:007923,58705.1352,58658.364
12,M-1810,item:016332,2130.1302,2123.11452
12,M-1810,item:029313,330.75585,330.17121
12,M-1810,item:039668,563.62085,563.03621
12,M-1810,item:049371,7984.18645,7962.55477
12,M-1810,item:055703,777.656701,776.487421
12,M-1810,item:099439,10168.9085,10139.6765
12,M-1810,item:338928,2963815.0,2949415.0
12,M-1810,item:338929,2913750.0,2899350.0
12,M-1810,item:426331,52316.25,52157.85
12,M-1810,item:693055,2049258.5,2043412.1
12,SDC-1450,item:021081,999060.0,999060.0
13,M-1430,item:038005,71553.93361,71553.93361
13,M-1430,item:042342,195837612.8,195837612.8
13,M-1430,item:333362,2082650.0,2082650.0
13,M-1430,item:344135,1971200.0,1971200.0
13,M-1430,item:708073,25714.252,25714.252
13,M-1430,item:730384,479751.8,479751.8
13,M-1430,item:734545,23464.2,23464.2
13,M-1430,item:773474,34857782.8072,34857782.8072
13,M-1810,item:001757,12963.8676,12963.8676
13,M-1810,item:001848,13610.8062,13610.8062
13,M-1810,item:001893,30988.5146,30988.5146
13,M-1810,item:002612,159101.903719,159101.903719
13,M-1810,item:007923,58658.364,58658.364
13,M-1810,item:016332,2222.28408,2222.28408
13,M-1810,item:029313,338.43534,338.43534
13,M-1810,item:039668,571.30034,571.30034
13,M-1810,item:049371,8268.32758,8268.32758
13,M-1810,item:055703,793.015681,793.015681
13,M-1810,item:099439,10552.883,10552.883
13,M-1810,item:338928,3152965.0,3152965.0
13,M-1810,item:338929,3102900.0,3102900.0
13,M-1810,item:426331,54396.9,54396.9
13,M-1810,item:693055,2126053.4,2126053.4
13,SDC-1450,item:021081,999060.0,999060.0
14,M-1430,item:038005,74248.806714,74248.806714
14,M-1430,item:042342,205130280.8,205130280.8
14,M-1430,item:333362,2236650.0,2236650.0
14,M-1430,item:344135,2125200.0,2125200.0
14,M-1430,item:708073,26935.472,26935.472
14,M-1430,item:730384,512399.8,512399.8
14,M-1430,item:734545,24696.2,24696.2
14,M-1430,item:773474,37274671.3792,37274671.3792
14,M-1810,item:001757,13294.4328,13271.0472
14,M-1810,item:001848,17858.7301,17841.1909
14,M-1810,item:001893,32558.6993,32447.6177
14,M-1810,item:002612,159515.110219,159485.878219
14,M-1810,item:007923,58658.364,58611.5928
14,M-1810,item:016332,2321.45364,2314.43796
14,M-1810,item:029313,346.69947,346.11483
14,M-1810,item:039668,579.56447,578.97983
14,M-1810,item:049371,8574.10039,8552.46871
14,M-1810,item:055703,809.543941,808.374661
14,M-1810,item:099439,10966.0895,10936.8575
14,M-1810,item:338928,3356515.0,3342115.0
14,M-1810,item:338929,3306450.0,3292050.0
14,M-1810,item:426331,56635.95,56477.55
14,M-1810,item:693055,2208694.7,2202848.3
14,SDC-1450,item:021081,999060.0,999060.0
15,M-1430,item:038005,76943.679818,76943.679818
15,M-1430,item:042342,214422948.8,214422948.8
15,M-1430,item:333362,2390650.0,2390650.0
15,M-1430,item:344135,2279200.0,2279200.0
15,M-1430,item:708073,28156.692,28156.692
15,M-1430,item:730384,545047.8,545047.8
15,M-1430,item:734545,25928.2,25928.2
15,M-1430,item:773474,39691558.9512,39691558.9512
15,M-1810,item:001757,13601.6124,13601.6124
15,M-1810,item:001848,18089.1148,18089.1148
15,M-1810,item:001893,34017.8024,34017.8024
15,M-1810,item:002612,159899.084719,159899.084719
15,M-1810,item:007923,58611.5928,58611.5928
15,M-1810,item:016332,2413.60752,2413.60752
15,M-1810,item:029313,354.37896,354.37896
15,M-1810,item:039668,587.24396,587.24396
15,M-1810,item:049371,8858.24152,8858.24152
15,M-1810,item:055703,824.902921,824.902921
15,M-1810,item:099439,11350.064,11350.064
15,M-1810,item:338928,3545665.0,3545665.0
15,M-1810,item:338929,3495600.0,3495600.0
15,M-1810,item:426331,58716.6,58716.6
15,M-1810,item:693055,2285489.6,2285489.6
15,SDC-1450,item:021081,999060.0,999060.0
16,M-1430,item:038005,79638.552922,79638.552922
16,M-1430,item:042342,223715616.8,223715616.8
16,M-1430,item:333362,2544650.0,2544650.0
16,M-1430,item:344135,2433200.0,2433200.0
16,M-1430,item:708073,29377.912,29377.912
16,M-1430,item:730384,577695.8,577695.8
16,M-1430,item:734545,27160.2,27160.2
16,M-1430,item:773474,42108445.5232,42108445.5232
16,M-1810,item:001757,13932.1776,13908.792
16,M-1810,item:001848,18337.0387,18319.4995
16,M-1810,item:001893,35587.9871,35476.9055
16,M-1810,item:002612,160312.291219,160283.059219
16,M-1810,item:007923,58611.5928,58564.8216
16,M-1810,item:016332,2512.77708,2505.7614
16,M-1810,item:029313,362.64309,362.05845
16,M-1810,item:039668,595.50809,594.92345
16,M-1810,item:049371,9164.01433,9142.38265
16,M-1810,item:055703,841.431181,840.261901
16,M-1810,item:099439,11763.2705,11734.0385
16,M-1810,item:338928,3774215.0,3759815.0
16,M-1810,item:338929,3699150.0,3684750.0
16,M-1810,item:426331,60955.65,60797.25
16,M-1810,item:693055,2368130.9,2362284.5
16,SDC-1450,item:021081,999060.0,999060.0
17,M-1430,item:038005,82333.426026,82333.426026
17,M-1430,item:042342,233008284.8,233008284.8
17,M-1430,item:333362,2698650.0,2698650.0
17,M-1430,item:344135,2587200.0,2587200.0
17,M-1430,item:708073,30599.132,30599.132
17,M-1430,item:730384,610343.8,610343.8
17,M-1430,item:734545,28392.2,28392.2
17,M-1430,item:773474,44580110.0952,44580110.0952
17,M-1810,item:001757,14239.3572,14215.9716
17,M-1810,item:001848,18567.4234,18549.8842
17,M-1810,item:001893,37047.0902,36936.0086
17,M-1810,item:002612,160696.265719,160667.033719
17,M-1810,item:007923,58564.8216,58518.0504
17,M-1810,item:016332,2604.93096,2597.91528
17,M-1810,item:029313,370.32258,369.73794
17,M-1810,item:039668,603.18758,602.60294
17,M-1810,item:049371,9448.15546,9426.52378
17,M-1810,item:055703,856.790161,855.620881
17,M-1810,item:099439,12147.245,12118.013
17,M-1810,item:338928,3963365.0,3948965.0
17,M-1810,item:338929,3888300.0,3873900.0
17,M-1810,item:426331,63036.3,62877.9
17,M-1810,item:693055,2444925.8,2439079.4
17,SDC-1450,item:021081,999060.0,999060.0
18,M-1430,item:038005,85028.29913,85028.29913
18,M-1430,item:042342,242300952.8,242300952.8
18,M-1430,item:333362,2852650.0,2852650.0
18,M-1430,item:344135,2741200.0,2741200.0
18,M-1430,item:708073,31820.352,31820.352
18,M-1430,item:730384,642991.8,642991.8
18,M-1430,item:734545,29624.2,29624.2
18,M-1430,item:773474,47051774.6672,47051774.6672
18,M-1810,item:001757,14546.5368,14523.1512
18,M-1810,item:001848,18797.8081,18780.2689
18,M-1810,item:001893,59406.1933,59295.1117
18,M-1810,item:002612,161080.240219,161051.008219
18,M-1810,item:007923,58518.0504,58471.2792
18,M-1810,item:016332,2697.08484,2690.06916
18,M-1810,item:029313,378.00207,377.41743
18,M-1810,item:039668,610.86707,610.28243
18,M-1810,item:049371,9732.29659,9710.66491
18,M-1810,item:055703,872.149141,870.979861
18,M-1810,item:099439,12531.2195,12501.9875
18,M-1810,item:338928,4152515.0,4138115.0
18,M-1810,item:338929,4077450.0,4063050.0
18,M-1810,item:426331,65116.95,64958.55
18,M-1810,item:693055,2521720.7,2515874.3
18,SDC-1450,item:021081,999060.0,999060.0
19,M-1430,item:038005,87723.172234,87723.172234
19,M-1430,item:042342,251593620.8,251593620.8
19,M-1430,item:333362,3006650.0,3006650.0
19,M-1430,item:344135,2895200.0,2895200.0
19,M-1430,item:708073,33041.572,33041.572
19,M-1430,item:730384,675639.8,675639.8
19,M-1430,item:734545,30856.2,30856.2
19,M-1430,item:773474,48036612.6672,48036612.6672
19,M-1810,item:001757,14853.7164,14830.3308
19,M-1810,item:001848,19028.1928,19010.6536
19,M-1810,item:001893,60865.2964,60754.2148
19,M-1810,item:002612,161464.214719,161434.982719
19,M-1810,item:007923,58471.2792,58424.508
19,M-1810,item:016332,2789.23872,2782.22304
19,M-1810,item:029313,385.68156,385.09692
19,M-1810,item:039668,618.54656,617.96192
19,M-1810,item:049371,10016.43772,9994.80604
19,M-1810,item:055703,887.508121,886.338841
19,M-1810,item:099439,12915.194,12885.962
19,M-1810,item:338928,4341665.0,4327265.0
19,M-1810,item:338929,4266600.0,4252200.0
19,M-1810,item:426331,67197.6,67039.2
19,M-1810,item:693055,2598515.6,2592669.2
19,SDC-1450,item:021081,999060.0,999060.0
20,M-1430,item:038005,90418.045338,90418.045338
20,M-1430,item:042342,260886288.8,260886288.8
20,M-1430,item:333362,3160650.0,3160650.0
20,M-1430,item:344135,3049200.0,3049200.0
20,M-1430,item:708073,34262.792,34262.792
20,M-1430,item:730384,708287.8,708287.8
20,M-1430,item:734545,32088.2,32088.2
20,M-1430,item:773474,49021450.6672,49021450.6672
20,M-1810,item:001757,15160.896,15137.5104
20,M-1810,item:001848,19258.5775,19241.0383
20,M-1810,item:001893,62324.3995,62213.3179
20,M-1810,item:002612,161848.189219,161818.957219
20,M-1810,item:007923,58424.508,58377.7368
20,M-1810,item:016332,2881.3926,2874.37692
20,M-1810,item:029313,393.36105,392.77641
20,M-1810,item:039668,626.22605,625.64141
20,M-1810,item:049371,10300.57885,10278.94717
20,M-1810,item:055703,902.867101,901.697821
20,M-1810,item:099439,13299.1685,13269.9365
20,M-1810,item:338928,4530815.0,4516415.0
20,M-1810,item:338929,4455750.0,4441350.0
20,M-1810,item:426331,69278.25,69119.85
20,M-1810,item:693055,2675310.5,2669464.1
20,SDC-1450,item:021081,999060.0,999060.0
21,M-1430,item:038005,93112.918442,93112.918442
21,M-1430,item:042342,270178956.8,270178956.8
21,M-1430,item:333362,3314650.0,3314650.0
21,M-1430,item:344135,3203200.0,3203200.0
21,M-1430,item:708073,35484.012,35484.012
21,M-1430,item:730384,740935.8,740935.8
21,M-1430,item:734545,33320.2,33320.2
21,M-1430,item:773474,50006288.6672,50006288.6672
21,M-1810,item:001757,15468.0756,15468.0756
21,M-1810,item:001848,19488.9622,19488.9622
21,M-1810,item:001893,63783.5026,63783.5026
21,M-1810,item:002612,162232.163719,162232.163719
21,M-1810,item:007923,58377.7368,58377.7368
21,M-1810,item:016332,2973.54648,2973.54648
21,M-1810,item:029313,401.04054,401.04054
21,M-1810,item:039668,633.90554,633.90554
21,M-1810,item:049371,10584.71998,10584.71998
21,M-1810,item:055703,918.226081,918.226081
21,M-1810,item:099439,13683.143,13683.143
21,M-1810,item:338928,4719965.0,4719965.0
21,M-1810,item:338929,4644900.0,4644900.0
21,M-1810,item:426331,71358.9,71358.9
21,M-1810,item:693055,2752105.4,2752105.4
21,SDC-1450,item:021081,999060.0,999060.0
22,M-1430,item:038005,95807.791546,95807.791546
22,M-1430,item:042342,279471624.8,279471624.8
22,M-1430,item:333362,3468650.0,3468650.0
22,M-1430,item:344135,3357200.0,3357200.0
22,M-1430,item:708073,36705.232,36705.232
22,M-1430,item:730384,773583.8,773583.8
22,M-1430,item:734545,34552.2,34552.2
22,M-1430,item:773474,50991125.6672,50991125.6672
22,M-1810,item:001757,15798.6408,15775.2552
22,M-1810,item:001848,19736.8861,19719.3469
22,M-1810,item:001893,89273.6873,89162.6057
22,M-1810,item:002612,162645.370219,162616.138219
22,M-1810,item:007923,58377.7368,58330.9656
22,M-1810,item:016332,3072.71604,3065.70036
22,M-1810,item:029313,409.30467,408.72003
22,M-1810,item:039668,642.16967,641.58503
22,M-1810,item:049371,10890.49279,10868.86111
22,M-1810,item:055703,934.754341,933.585061
22,M-1810,item:099439,14096.3495,14067.1175
22,M-1810,item:338928,4923515.0,4909115.0
22,M-1810,item:338929,4848450.0,4834050.0
22,M-1810,item:426331,73597.95,73439.55
22,M-1810,item:693055,2834746.7,2828900.3
22,SDC-1450,item:021081,999060.0,999060.0
23,M-1430,item:038005,98502.66465,98502.66465
23,M-1430,item:042342,288764292.8,288764292.8
23,M-1430,item:333362,3622650.0,3622650.0
23,M-1430,item:344135,3511200.0,3511200.0
23,M-1430,item:708073,37926.452,37926.452
23,M-1430,item:730384,806231.8,806231.8
23,M-1430,item:734545,35784.2,35784.2
23,M-1430,item:773474,51975962.6672,51975962.6672
23,M-1810,item:001757,16105.8204,16082.4348
23,M-1810,item:001848,19967.2708,19949.7316
23,M-1810,item:001893,90732.7904,90621.7088
23,M-1810,item:002612,163029.344719,163000.112719
23,M-1810,item:007923,58330.9656,58284.1944
23,M-1810,item:016332,3164.86992,3157.85424
23,M-1810,item:029313,416.98416,416.39952
23,M-1810,item:039668,649.84916,649.26452
23,M-1810,item:049371,11174.63392,11153.00224
23,M-1810,item:055703,1250.113321,1248.944041
23,M-1810,item:099439,14480.324,14451.092
23,M-1810,item:338928,5112665.0,5098265.0
23,M-1810,item:338929,5037600.0,5023200.0
23,M-1810,item:426331,75678.6,75520.2
23,M-1810,item:693055,2911541.6,2905695.2
23,SDC-1450,item:021081,999060.0,999060.0
24,M-1430,item:038005,101197.537754,101197.537754
24,M-1430,item:042342,298056960.8,298056960.8
24,M-1430,item:333362,3776650.0,3776650.0
24,M-1430,item:344135,3665200.0,3665200.0
24,M-1430,item:708073,39147.672,39147.672
24,M-1430,item:730384,838879.8,838879.8
24,M-1430,item:734545,37016.2,37016.2
24,M-1430,item:773474,52960799.6672,52960799.6672
24,M-1810,item:001757,16413.0,16389.6144
24,M-1810,item:001848,20197.6555,20180.1163
24,M-1810,item:001893,116111.8935,116000.8119
24,M-1810,item:002612,163413.319219,163384.087219
24,M-1810,item:007923,58284.1944,58237.4232
24,M-1810,item:016332,3257.0238,3250.00812
24,M-1810,item:029313,424.66365,424.07901
24,M-1810,item:039668,657.52865,656.94401
24,M-1810,item:049371,11458.77505,11437.14337
24,M-1810,item:055703,1265.472301,1264.303021
24,M-1810,item:099439,14864.2985,14835.0665
24,M-1810,item:338928,5301815.0,5287415.0
24,M-1810,item:338929,5226750.0,5212350.0
24,M-1810,item:426331,77759.25,77600.85
24,M-1810,item:693055,2988336.5,2982490.1
24,SDC-1450,item:021081,999060.0,999060.0
25,M-1430,item:038005,103892.410858,103892.410858
25,M-1430,item:042342,307349628.8,307349628.8
25,M-1430,item:333362,3930650.0,3930650.0
25,M-1430,item:344135,3819200.0,3819200.0
25,M-1430,item:708073,45368.892,45368.892
25,M-1430,item:730384,871527.8,871527.8
25,M-1430,item:734545,44548.2,44548.2
25,M-1430,item:773474,53945636.6672,53945636.6672
25,M-1810,item:001757,16720.1796,16696.794
25,M-1810,item:001848,20428.0402,20410.501
25,M-1810,item:001893,117570.9966,117459.915
25,M-1810,item:002612,163797.293719,163768.061719
25,M-1810,item:007923,58237.4232,58190.652
25,M-1810,item:016332,3349.17768,3342.162
25,M-1810,item:029313,432.34314,431.7585
25,M-1810,item:039668,665.20814,664.6235
25,M-1810,item:049371,11742.91618,11721.2845
25,M-1810,item:055703,1280.831281,1279.662001
25,M-1810,item:099439,15248.273,15219.041
25,M-1810,item:338928,5490965.0,5476565.0
25,M-1810,item:338929,5415900.0,5401500.0
25,M-1810,item:426331,79839.9,79681.5
25,M-1810,item:693055,3065177.4,3059331.0
25,SDC-1450,item:021081,999060.0,999060.0
26,M-1430,item:038005,106587.283962,106587.283962
26,M-1430,item:042342,316642296.8,316642296.8
26,M-1430,item:333362,4084650.0,4084650.0
26,M-1430,item:344135,3973200.0,3973200.0
26,M-1430,item:708073,46590.112,46590.112
26,M-1430,item:730384,904175.8,904175.8
26,M-1430,item:734545,45780.2,45780.2
26,M-1430,item:773474,54930473.6672,54930473.6672
26,M-1810,item:001757,17027.3592,17003.9736
26,M-1810,item:001848,20658.4249,20640.8857
26,M-1810,item:001893,119030.0997,118919.0181
26,M-1810,item:002612,164181.268219,164152.036219
26,M-1810,item:007923,58190.652,58143.8808
26,M-1810,item:016332,3441.33156,3434.31588
26,M-1810,item:029313,440.02263,439.43799
26,M-1810,item:039668,672.88763,672.30299
26,M-1810,item:049371,12027.05731,12005.42563
26,M-1810,item:055703,1296.190261,1295.020981
26,M-1810,item:099439,15632.2475,15603.0155
26,M-1810,item:338928,5680115.0,5665715.0
26,M-1810,item:338929,5610050.0,5595650.0
26,M-1810,item:426331,81920.55,81762.15
26,M-1810,item:693055,3142018.3,3136171.9
26,SDC-1450,item:021081,999060.0,999060.0
27,M-1430,item:038005,109282.157066,109282.157066
27,M-1430,item:042342,325934964.8,325934964.8
27,M-1430,item:333362,4238650.0,4238650.0
27,M-1430,item:344135,4127200.0,4127200.0
27,M-1430,item:708073,47811.332,47811.332
27,M-1430,item:730384,936823.8,936823.8
27,M-1430,item:734545,47012.2,47012.2
27,M-1430,item:773474,55915310.6672,55915310.6672
27,M-1810,item:001757,17334.5388,17311.1532
27,M-1810,item:001848,20888.8096,20871.2704
27,M-1810,item:001893,120489.2028,120378.1212
27,M-1810,item:002612,164565.242719,164536.010719
27,M-1810,item:007923,58143.8808,58097.1096
27,M-1810,item:016332,3533.48544,3526.46976
27,M-1810,item:029313,447.70212,447.11748
27,M-1810,item:039668,680.56712,679.98248
27,M-1810,item:049371,12311.19844,12289.56676
27,M-1810,item:055703,1311.549241,1310.379961
27,M-1810,item:099439,16016.222,15986.99
27,M-1810,item:338928,5869265.0,5854865.0
27,M-1810,item:338929,5799200.0,5784800.0
27,M-1810,item:426331,84001.2,83842.8
27,M-1810,item:693055,3218859.2,3213012.8
27,SDC-1450,item:021081,999060.0,999060.0
28,M-1430,item:038005,111977.03017,111977.03017
28,M-1430,item:042342,335227632.8,335227632.8
28,M-1430,item:333362,4392650.0,4392650.0
28,M-1430,item:344135,4281200.0,4281200.0
28,M-1430,item:708073,49032.552,49032.552
28,M-1430,item:730384,969471.8,969471.8
28,M-1430,item:734545,48244.2,48244.2
28,M-1430,item:773474,56900147.6672,56900147.6672
28,M-1810,item:001757,17641.7184,17618.3328
28,M-1810,item:001848,21119.1943,21101.6551
28,M-1810,item:001893,121948.3059,121837.2243
28,M-1810,item:002612,164949.217219,164919.985219
28,M-1810,item:007923,58097.1096,58050.3384
28,M-1810,item:016332,3625.63932,3618.62364
28,M-1810,item:029313,455.38161,454.79697
28,M-1810,item:039668,688.24661,687.66197
28,M-1810,item:049371,12595.33957,12573.70789
28,M-1810,item:055703,1326.908221,1325.738941
28,M-1810,item:099439,16400.1965,16370.9645
28,M-1810,item:338928,6058415.0,6044015.0
28,M-1810,item:338929,5988350.0,5973950.0
28,M-1810,item:426331,86081.85,85923.45
28,M-1810,item:693055,3295700.1,3289853.7
28,SDC-1450,item:021081,999060.0,999060.0
29,M-1430,item:038005,114671.903274,114671.903274
29,M-1430,item:042342,344520300.8,344520300.8
29,M-1430,item:333362,4546650.0,4546650.0
29,M-1430,item:344135,4435200.0,4435200.0
29,M-1430,item:708073,50253.772,50253.772
29,M-1430,item:730384,1002119.8,1002119.8
29,M-1430,item:734545,49476.2,49476.2
29,M-1430,item:773474,57628609.6672,57628609.6672
29,M-1810,item:001757,17948.898,17925.5124
29,M-1810,item:001848,21349.579,21332.0398
29,M-1810,item:001893,123407.409,123296.3274
29,M-1810,item:002612,165333.191719,165303.959719
29,M-1810,item:007923,58050.3384,58003.5672
29,M-1810,item:016332,3717.7932,3710.77752
29,M-1810,item:029313,463.0611,462.47646
29,M-1810,item:039668,695.9261,695.34146
29,M-1810,item:049371,12879.4807,12857.84902
29,M-1810,item:055703,1342.267201,1341.097921
29,M-1810,item:099439,16784.171,16754.939
29,M-1810,item:338928,6247565.0,6233165.0
29,M-1810,item:338929,6177500.0,6163100.0
29,M-1810,item:426331,88162.5,88004.1
29,M-1810,item:693055,3372587.0,3366740.6
29,SDC-1450,item:021081,999060.0,999060.0
30,M-1430,item:038005,117366.776378,117366.776378
30,M-1430,item:042342,353812968.8,353812968.8
30,M-1430,item:333362,4700650.0,4700650.0
30,M-1430,item:344135,4589200.0,4589200.0
30,M-1430,item:708073,51474.992,51474.992
30,M-1430,item:730384,1034767.8,1034767.8
30,M-1430,item:734545,50708.2,50708.2
30,M-1430,item:773474,58357071.6672,58357071.6672
30,M-1810,item:001757,18256.0776,18232.692
30,M-1810,item:001848,21579.9637,21562.4245
30,M-1810,item:001893,124866.5121,124755.4305
30,M-1810,item:002612,165717.166219,165687.934219
30,M-1810,item:007923,58003.5672,57956.796
30,M-1810,item:016332,3809.94708,3802.9314
30,M-1810,item:029313,470.74059,470.15595
30,M-1810,item:039668,703.60559,703.02095
30,M-1810,item:049371,13163.62183,13141.99015
30,M-1810,item:055703,1357.626181,1356.456901
30,M-1810,item:099439,17168.1455,17138.9135
30,M-1810,item:338928,6436715.0,6422315.0
30,M-1810,item:338929,6366650.0,6352250.0
30,M-1810,item:426331,90243.15,90084.75
30,M-1810,item:693055,3449473.9,3443627.5
30,SDC-1450,item:021081,999060.0,999060.0
31,M-1430,item:038005,120061.649482,120061.649482
31,M-1430,item:042342,363105636.8,363105636.8
31,M-1430,item:333362,4854650.0,4854650.0
31,M-1430,item:344135,4743200.0,4743200.0
31,M-1430,item:708073,52696.212,52696.212
31,M-1430,item:730384,1067415.8,1067415.8
31,M-1430,item:734545,51940.2,51940.2
31,M-1430,item:773474,59085533.6672,59085533.6672
31,M-1810,item:001757,18563.2572,18539.8716
31,M-1810,item:001848,21810.3484,21792.8092
31,M-1810,item:001893,126325.6152,126214.5336
31,M-1810,item:002612,166101.140719,166071.908719
31,M-1810,item:007923,57956.796,57910.0248
31,M-1810,item:016332,3902.10096,3895.08528
31,M-1810,item:029313,478.42008,477.83544
31,M-1810,item:039668,711.28508,710.70044
31,M-1810,item:049371,13447.76296,13426.13128
31,M-1810,item:055703,1372.985161,1371.815881
31,M-1810,item:099439,17552.12,17522.888
31,M-1810,item:338928,6625865.0,6611465.0
31,M-1810,item:338929,6555800.0,6541400.0
31,M-1810,item:426331,92323.8,92165.4
31,M-1810,item:693055,3526360.8,3520514.4
31,SDC-1450,item:021081,999060.0,999060.0
32,M-1430,item:038005,122756.522586,122756.522586
32,M-1430,item:042342,372398304.8,372398304.8
32,M-1430,item:333362,5008650.0,5008650.0
32,M-1430,item:344135,4897200.0,4897200.0
32,M-1430,item:708073,53917.432,53917.432
32,M-1430,item:730384,1100063.8,1100063.8
32,M-1430,item:734545,53172.2,53172.2
32,M-1430,item:773474,59308732.6672,59308732.6672
32,M-1810,item:001757,18870.4368,18847.0512
32,M-1810,item:001848,22040.7331,22023.1939
32,M-1810,item:001893,127784.7183,127673.6367
32,M-1810,item:002612,166485.115219,166455.883219
32,M-1810,item:007923,57910.0248,57863.2536
32,M-1810,item:016332,3994.25484,3987.23916
32,M-1810,item:029313,486.09957,485.51493
32,M-1810,item:039668,718.96457,718.37993
32,M-1810,item:049371,13731.90409,13710.27241
32,M-1810,item:055703,1388.344141,1387.174861
32,M-1810,item:099439,17936.0945,17906.8625
32,M-1810,item:338928,6815015.0,6800615.0
32,M-1810,item:338929,6744950.0,6730550.0
32,M-1810,item:426331,94404.45,94246.05
32,M-1810,item:693055,3603247.7,3597401.3
32,SDC-1450,item:021081,999060.0,999060.0
33,M-1430,item:038005,125451.39569,125451.39569
33,M-1430,item:042342,381690972.8,381690972.8
33,M-1430,item:333362,5162650.0,5162650.0
33,M-1430,item:344135,5051200.0,5051200.0
33,M-1430,item:708073,55138.652,55138.652
33,M-1430,item:730384,1132711.8,1132711.8
33,M-1430,item:734545,54404.2,54404.2
33,M-1430,item:773474,59363509.6672,59363509.6672
33,M-1810,item:001757,19177.6164,19154.2308
33,M-1810,item:001848,22271.1178,22253.5786
33,M-1810,item:001893,129243.8214,129132.7398
33,M-1810,item:002612,166869.089719,166839.857719
33,M-1810,item:007923,57863.2536,57816.4824
33,M-1810,item:016332,4086.40872,4079.39304
33,M-1810,item:029313,493.77906,493.19442
33,M-1810,item:039668,726.64406,726.05942
33,M-1810,item:049371,14016.04522,13994.41354
33,M-1810,item:055703,1403.703121,1402.533841
33,M-1810,item:099439,18320.069,18290.837
33,M-1810,item:338928,7004165.0,6989765.0
33,M-1810,item:338929,6934100.0,6919700.0
33,M-1810,item:426331,96485.1,96326.7
33,M-1810,item:693055,3680134.6,3674288.2
33,SDC-1450,item:021081,999060.0,999060.0
34,M-1430,item:038005,128146.268794,128146.268794
34,M-1430,item:042342,390983640.8,390983640.8
34,M-1430,item:333362,5316650.0,5316650.0
34,M-1430,item:344135,5205200.0,5205200.0
34,M-1430,item:708073,56359.872,56359.872
34,M-1430,item:730384,1165359.8,1165359.8
34,M-1430,item:734545,55636.2,55636.2
34,M-1430,item:773474,59418286.6672,59418286.6672
34,M-1810,item:001757,19484.796,19461.4104
34,M-1810,item:001848,22501.5025,22483.9633
34,M-1810,item:001893,130702.9245,130591.8429
34,M-1810,item:002612,167253.064219,167223.832219
34,M-1810,item:007923,57816.4824,57769.7112
34,M-1810,item:016332,4178.5626,4171.54692
34,M-1810,item:029313,501.45855,500.87391
34,M-1810,item:039668,734.32355,733.73891
34,M-1810,item:049371,14300.18635,14278.55467
34,M-1810,item:055703,1419.062101,1417.892821
34,M-1810,item:099439,18704.0435,18674.8115
34,M-1810,item:338928,7193315.0,7178915.0
34,M-1810,item:338929,7128250.0,7113850.0
34,M-1810,item:426331,98565.75,98407.35
34,M-1810,item:693055,3757021.5,3751175.1
34,SDC-1450,item:021081,999060.0,999060.0
35,M-1430,item:038005,130841.141898,130841.141898
35,M-1430,item:042342,400276308.8,400276308.8
35,M-1430,item:333362,5470650.0,5470650.0
35,M-1430,item:344135,5359200.0,5359200.0
35,M-1430,item:708073,57581.092,57581.092
35,M-1430,item:730384,1568007.8,1568007.8
35,M-1430,item:734545,56868.2,56868.2
35,M-1430,item:773474,59473063.6672,59473063.6672
35,M-1810,item:001757,19791.9756,19768.59
35,M-1810,item:001848,22731.8872,22714.348
35,M-1810,item:001893,132162.0276,132050.946
35,M-1810,item:002612,167637.038719,167607.806719
35,M-1810,item:007923,57769.7112,57722.94
35,M-1810,item:016332,4270.71648,4263.7008
35,M-1810,item:029313,509.13804,508.5534
35,M-1810,item:039668,742.00304,741.4184
35,M-1810,item:049371,14584.32748,14562.6958
35,M-1810,item:055703,1734.421081,1733.251801
35,M-1810,item:099439,19088.018,19058.786
35,M-1810,item:338928,7407465.0,7393065.0
35,M-1810,item:338929,7322400.0,7308000.0
35,M-1810,item:426331,100646.4,100488.0
35,M-1810,item:693055,3833954.4,3828108.0
35,SDC-1450,item:021081,999060.0,999060.0
36,M-1430,item:038005,133536.015002,133536.015002
36,M-1430,item:042342,409568976.8,409568976.8
36,M-1430,item:333362,5624650.0,5624650.0
36,M-1430,item:344135,5513200.0,5513200.0
36,M-1430,item:708073,58802.312,58802.312
36,M-1430,item:730384,1600655.8,1600655.8
36,M-1430,item:734545,58100.2,58100.2
36,M-1430,item:773474,59473063.6672,59473063.6672
36,M-1810,item:001757,20099.1552,20075.7696
36,M-1810,item:001848,22962.2719,22944.7327
36,M-1810,item:001893,133621.1307,133510.0491
36,M-1810,item:002612,168021.013219,167991.781219
36,M-1810,item:007923,57722.94,57676.1688
36,M-1810,item:016332,4362.87036,4355.85468
36,M-1810,item:029313,516.81753,516.23289
36,M-1810,item:039668,749.68253,749.09789
36,M-1810,item:049371,14868.46861,14846.83693
36,M-1810,item:055703,1749.780061,1748.610781
36,M-1810,item:099439,19471.9925,19442.7605
36,M-1810,item:338928,7596615.0,7582215.0
36,M-1810,item:338929,7511550.0,7497150.0
36,M-1810,item:426331,102727.05,102568.65
36,M-1810,item:693055,3910887.3,3905040.9
36,SDC-1450,item:021081,999060.0,999060.0
37,M-1430,item:038005,136230.888106,136230.888106
37,M-1430,item:042342,418861644.8,418861644.8
37,M-1430,item:333362,5778650.0,5778650.0
37,M-1430,item:344135,5667200.0,5667200.0
37,M-1430,item:708073,60023.532,60023.532
37,M-1430,item:730384,1633303.8,1633303.8
37,M-1430,item:734545,59332.2,59332.2
37,M-1430,item:773474,59473063.6672,59473063.6672
37,M-1810,item:001757,20406.3348,20406.3348
37,M-1810,item:001848,23192.6566,23192.6566
37,M-1810,item:001893,135080.2338,135080.2338
37,M-1810,item:002612,168404.987719,168404.987719
37,M-1810,item:007923,57676.1688,57676.1688
37,M-1810,item:016332,4455.02424,4455.02424
37,M-1810,item:029313,524.49702,524.49702
37,M-1810,item:039668,757.36202,757.36202
37,M-1810,item:049371,15152.60974,15152.60974
37,M-1810,item:055703,1765.139041,1765.139041
37,M-1810,item:099439,19855.967,19855.967
37,M-1810,item:338928,7785765.0,7785765.0
37,M-1810,item:338929,7700700.0,7700700.0
37,M-1810,item:426331,104807.7,104807.7
37,M-1810,item:693055,3987866.2,3987866.2
37,SDC-1450,item:021081,999060.0,999060.0
38,M-1430,item:038005,138925.76121,138925.76121
38,M-1430,item:042342,428154312.8,428154312.8
38,M-1430,item:333362,5932650.0,5932650.0
38,M-1430,item:344135,5821200.0,5821200.0
38,M-1430,item:708073,61244.752,61244.752
38,M-1430,item:730384,1665951.8,1665951.8
38,M-1430,item:734545,60564.2,60564.2
38,M-1430,item:773474,59473063.6672,59473063.6672
38,M-1810,item:001757,20736.9,20736.9
38,M-1810,item:001848,23440.5805,23440.5805
38,M-1810,item:001893,136650.4185,136650.4185
38,M-1810,item:002612,168818.194219,168818.194219
38,M-1810,item:007923,57676.1688,57676.1688
38,M-1810,item:016332,4554.1938,4554.1938
38,M-1810,item:029313,532.76115,532.76115
38,M-1810,item:039668,765.62615,765.62615
38,M-1810,item:049371,15458.38255,15458.38255
38,M-1810,item:055703,1781.667301,1781.667301
38,M-1810,item:099439,20269.1735,20269.1735
38,M-1810,item:338928,7989315.0,7989315.0
38,M-1810,item:338929,7904250.0,7904250.0
38,M-1810,item:426331,107046.75,107046.75
38,M-1810,item:693055,4070691.5,4070691.5
38,SDC-1450,item:021081,999060.0,999060.0
39,M-1430,item:038005,141620.634314,141620.634314
39,M-1430,item:042342,428154312.8,428154312.8
39,M-1430,item:333362,6086650.0,6086650.0
39,M-1430,item:344135,5975200.0,5975200.0
39,M-1430,item:708073,62465.972,62465.972
39,M-1430,item:730384,1698599.8,1698599.8
39,M-1430,item:734545,60564.2,60564.2
39,M-1430,item:773474,59473063.6672,59473063.6672
39,M-1810,item:001757,21067.4652,21044.0796
39,M-1810,item:001848,23514.95767,23497.41847
39,M-1810,item:001893,138220.6032,138109.5216
39,M-1810,item:002612,169231.400719,169202.168719
39,M-1810,item:007923,57676.1688,57629.3976
39,M-1810,item:016332,4653.36336,4646.34768
39,M-1810,item:029313,541.02528,540.44064
39,M-1810,item:039668,773.89028,773.30564
39,M-1810,item:049371,15764.15536,15742.52368
39,M-1810,item:055703,1786.625779,1785.456499
39,M-1810,item:099439,20682.38,20653.148
39,M-1810,item:338928,8192865.0,8178465.0
39,M-1810,item:338929,8107800.0,8093400.0
39,M-1810,item:426331,109285.8,109127.4
39,M-1810,item:693055,4153516.8,4147670.4
39,SDC-1450,item:021081,999060.0,999060.0
40,M-1430,item:038005,144315.507418,144315.507418
40,M-1430,item:042342,428154312.8,428154312.8
40,M-1430,item:333362,6240650.0,6240650.0
40,M-1430,item:344135,6129200.0,6129200.0
40,M-1430,item:708073,63687.192,63687.192
40,M-1430,item:730384,1731247.8,1731247.8
40,M-1430,item:734545,60564.2,60564.2
40,M-1430,item:773474,59473063.6672,59473063.6672
40,M-1810,item:001757,21374.6448,21374.6448
40,M-1810,item:001848,23571.79564,23571.79564
40,M-1810,item:001893,139679.7063,139679.7063
40,M-1810,item:002612,169615.375219,169615.375219
40,M-1810,item:007923,57629.3976,57629.3976
40,M-1810,item:016332,4745.51724,4745.51724
40,M-1810,item:029313,548.70477,548.70477
40,M-1810,item:039668,781.56977,781.56977
40,M-1810,item:049371,16048.29649,16048.29649
40,M-1810,item:055703,1790.414977,1790.414977
40,M-1810,item:099439,21066.3545,21066.3545
40,M-1810,item:338928,8432015.0,8432015.0
40,M-1810,item:338929,8296950.0,8296950.0
40,M-1810,item:426331,111366.45,111366.45
40,M-1810,item:693055,4230495.7,4230495.7
40,SDC-1450,item:021081,999060.0,999060.0
41,M-1430,item:038005,147010.380522,147010.380522
41,M-1430,item:042342,428154312.8,428154312.8
41,M-1430,item:333362,6394650.0,6394650.0
41,M-1430,item:344135,6283200.0,6283200.0
41,M-1430,item:708073,64908.412,64908.412
41,M-1430,item:730384,1763895.8,1763895.8
41,M-1430,item:734545,60564.2,60564.2
41,M-1430,item:773474,59473063.6672,59473063.6672
41,M-1810,item:001757,21705.21,21681.8244
41,M-1810,item:001848,23646.17281,23628.63361
41,M-1810,item:001893,141249.891,141138.8094
41,M-1810,item:002612,170028.581719,169999.349719
41,M-1810,item:007923,57629.3976,57582.6264
41,M-1810,item:016332,4844.6868,4837.67112
41,M-1810,item:029313,556.9689,556.38426
41,M-1810,item:039668,789.8339,789.24926
41,M-1810,item:049371,16354.0693,16332.43762
41,M-1810,item:055703,1795.373455,1794.204175
41,M-1810,item:099439,21479.561,21450.329
41,M-1810,item:338928,8635565.0,8621165.0
41,M-1810,item:338929,8500500.0,8486100.0
41,M-1810,item:426331,113605.5,113447.1
41,M-1810,item:693055,4313321.0,4307474.6
41,SDC-1450,item:021081,999060.0,999060.0
42,M-1430,item:038005,149705.253626,147818.842454
42,M-1430,item:042342,428154312.8,421649445.2
42,M-1430,item:333362,6568650.0,6460850.0
42,M-1430,item:344135,6437200.0,6329400.0
42,M-1430,item:708073,66129.632,65274.778
42,M-1430,item:730384,1796543.8,1773690.2
42,M-1430,item:734545,60564.2,59701.8
42,M-1430,item:773474,59473063.6672,58432285.0668
42,M-1810,item:001757,22012.3896,21989.004
42,M-1810,item:001848,23703.01078,23685.47158
42,M-1810,item:001893,142708.9941,142597.9125
42,M-1810,item:002612,170412.556219,170383.324219
42,M-1810,item:007923,57582.6264,57535.8552
42,M-1810,item:016332,4936.84068,4929.825
42,M-1810,item:029313,564.64839,564.06375
42,M-1810,item:039668,797.51339,796.92875
42,M-1810,item:049371,16638.21043,16616.57875
42,M-1810,item:055703,1799.162653,1797.993373
42,M-1810,item:099439,21863.5355,21834.3035
42,M-1810,item:338928,8824715.0,8810315.0
42,M-1810,item:338929,8689650.0,8675250.0
42,M-1810,item:426331,115686.15,115527.75
42,M-1810,item:693055,4390299.9,4384453.5
42,SDC-1450,item:021081,999060.0,999060.0
43,M-1430,item:038005,150513.715558,150513.715558
43,M-1430,item:042342,421649445.2,421649445.2
43,M-1430,item:333362,6634850.0,6634850.0
43,M-1430,item:344135,6483400.0,6483400.0
43,M-1430,item:708073,66495.998,66495.998
43,M-1430,item:730384,1806338.2,1806338.2
43,M-1430,item:734545,59701.8,59701.8
43,M-1430,item:773474,58432285.0668,58432285.0668
43,M-1810,item:001757,22319.5692,22319.5692
43,M-1810,item:001848,23759.84875,23759.84875
43,M-1810,item:001893,144168.0972,144168.0972
43,M-1810,item:002612,170796.530719,170796.530719
43,M-1810,item:007923,57535.8552,57535.8552
43,M-1810,item:016332,5028.99456,5028.99456
43,M-1810,item:029313,572.32788,572.32788
43,M-1810,item:039668,805.19288,805.19288
43,M-1810,item:049371,16922.35156,16922.35156
43,M-1810,item:055703,1802.951851,1802.951851
43,M-1810,item:099439,22247.51,22247.51
43,M-1810,item:338928,9013865.0,9013865.0
43,M-1810,item:338929,8878800.0,8878800.0
43,M-1810,item:426331,117766.8,117766.8
43,M-1810,item:693055,4467278.8,4467278.8
43,SDC-1450,item:021081,999060.0,970452.0
44,M-1430,item:038005,153208.588662,153208.588662
44,M-1430,item:042342,421649445.2,421649445.2
44,M-1430,item:333362,6803850.0,6803850.0
44,M-1430,item:344135,6637400.0,6637400.0
44,M-1430,item:708073,67717.218,67717.218
44,M-1430,item:730384,1838986.2,1838986.2
44,M-1430,item:734545,66001.8,66001.8
44,M-1430,item:773474,58432285.0668,58432285.0668
44,M-1810,item:001757,22650.1344,22650.1344
44,M-1810,item:001848,23834.22592,23834.22592
44,M-1810,item:001893,145738.2819,145738.2819
44,M-1810,item:002612,171209.737219,171209.737219
44,M-1810,item:007923,57535.8552,57535.8552
44,M-1810,item:016332,5128.16412,5128.16412
44,M-1810,item:029313,580.59201,580.59201
44,M-1810,item:039668,813.45701,813.45701
44,M-1810,item:049371,17228.12437,17228.12437
44,M-1810,item:055703,1807.910329,1807.910329
44,M-1810,item:099439,22660.7165,22660.7165
44,M-1810,item:338928,9217415.0,9217415.0
44,M-1810,item:338929,9082350.0,9082350.0
44,M-1810,item:426331,120005.85,120005.85
44,M-1810,item:693055,4550104.1,4550104.1
44,SDC-1450,item:021081,970452.0,970452.0
45,M-1430,item:038005,155903.461766,155903.461766
45,M-1430,item:042342,421649445.2,421649445.2
45,M-1430,item:333362,6972850.0,6972850.0
45,M-1430,item:344135,6791400.0,6791400.0
45,M-1430,item:708073,68938.438,68938.438
45,M-1430,item:730384,1871634.2,1871634.2
45,M-1430,item:734545,66001.8,66001.8
45,M-1430,item:773474,58432285.0668,58432285.0668
45,M-1810,item:001757,22980.6996,22980.6996
45,M-1810,item:001848,23908.60309,23908.60309
45,M-1810,item:001893,147308.4666,147308.4666
45,M-1810,item:002612,171622.943719,171622.943719
45,M-1810,item:007923,57535.8552,57535.8552
45,M-1810,item:016332,5227.33368,5227.33368
45,M-1810,item:029313,588.85614,588.85614
45,M-1810,item:039668,821.72114,821.72114
45,M-1810,item:049371,17533.89718,17533.89718
45,M-1810,item:055703,1812.868807,1812.868807
45,M-1810,item:099439,23073.923,23073.923
45,M-1810,item:338928,9445965.0,9445965.0
45,M-1810,item:338929,9290900.0,9290900.0
45,M-1810,item:426331,122244.9,122244.9
45,M-1810,item:693055,4638643.4,4638643.4
45,SDC-1450,item:021081,970452.0,970452.0
46,M-1430,item:038005,158598.33487,158598.33487
46,M-1430,item:042342,421649445.2,421649445.2
46,M-1430,item:333362,7141850.0,7141850.0
46,M-1430,item:344135,6945400.0,6945400.0
46,M-1430,item:708073,70159.658,70159.658
46,M-1430,item:730384,1904282.2,1904282.2
46,M-1430,item:734545,66001.8,66001.8
46,M-1430,item:773474,58487063.0668,58487063.0668
46,M-1810,item:001757,23311.2648,23311.2648
46,M-1810,item:001848,23982.98026,23982.98026
46,M-1810,item:001893,148878.6513,148878.6513
46,M-1810,item:002612,172036.150219,172036.150219
46,M-1810,item:007923,57535.8552,57535.8552
46,M-1810,item:016332,5326.50324,5326.50324
46,M-1810,item:029313,597.12027,597.12027
46,M-1810,item:039668,829.98527,829.98527
46,M-1810,item:049371,17839.66999,17839.66999
46,M-1810,item:055703,1817.827285,1817.827285
46,M-1810,item:099439,23487.1295,23487.1295
46,M-1810,item:338928,9649515.0,9649515.0
46,M-1810,item:338929,9499450.0,9499450.0
46,M-1810,item:426331,124483.95,124483.95
46,M-1810,item:693055,4727182.7,4727182.7
46,SDC-1450,item:021081,990452.0,990452.0
47,M-1430,item:038005,161293.207974,161293.207974
47,M-1430,item:042342,421649445.2,421649445.2
47,M-1430,item:333362,7310850.0,7310850.0
47,M-1430,item:344135,7099400.0,7099400.0
47,M-1430,item:708073,71380.878,71380.878
47,M-1430,item:730384,1936930.2,1936930.2
47,M-1430,item:734545,66001.8,66001.8
47,M-1430,item:773474,58541841.0668,58541841.0668
47,M-1810,item:001757,23641.83,23641.83
47,M-1810,item:001848,24057.35743,24057.35743
47,M-1810,item:001893,150448.836,150448.836
47,M-1810,item:002612,172449.356719,172449.356719
47,M-1810,item:007923,57535.8552,57535.8552
47,M-1810,item:016332,5425.6728,5425.6728
47,M-1810,item:029313,605.3844,605.3844
47,M-1810,item:039668,838.2494,838.2494
47,M-1810,item:049371,18145.4428,18145.4428
47,M-1810,item:055703,1822.785763,1822.785763
47,M-1810,item:099439,23900.336,23900.336
47,M-1810,item:338928,9853065.0,9853065.0
47,M-1810,item:338929,9713000.0,9713000.0
47,M-1810,item:426331,126723.0,126723.0
47,M-1810,item:693055,4815722.0,4815722.0
47,SDC-1450,item:021081,990452.0,990452.0
48,M-1430,item:038005,163988.081078,163988.081078
48,M-1430,item:042342,421649445.2,421649445.2
48,M-1430,item:333362,7479850.0,7479850.0
48,M-1430,item:344135,7253400.0,7253400.0
48,M-1430,item:708073,72602.098,72602.098
48,M-1430,item:730384,1969578.2,1969578.2
48,M-1430,item:734545,66001.8,66001.8
48,M-1430,item:773474,58596619.0668,58596619.0668
48,M-1810,item:001757,23972.3952,23972.3952
48,M-1810,item:001848,24131.7346,24131.7346
48,M-1810,item:001893,152019.0207,152019.0207
48,M-1810,item:002612,172862.563219,172862.563219
48,M-1810,item:007923,57535.8552,57535.8552
48,M-1810,item:016332,5524.84236,5524.84236
48,M-1810,item:029313,613.64853,613.64853
48,M-1810,item:039668,846.51353,846.51353
48,M-1810,item:049371,18451.21561,18451.21561
48,M-1810,item:055703,1827.744241,1827.744241
48,M-1810,item:099439,24313.5425,24313.5425
48,M-1810,item:338928,10056615.0,10056615.0
48,M-1810,item:338929,9916550.0,9916550.0
48,M-1810,item:426331,128962.05,128962.05
48,M-1810,item:693055,4904261.3,4904261.3
48,SDC-1450,item:021081,990452.0,990452.0
49,M-1430,item:038005,166682.954182,166682.954182
49,M-1430,item:042342,421649445.2,421649445.2
49,M-1430,item:333362,7648850.0,7648850.0
49,M-1430,item:344135,7407400.0,7407400.0
49,M-1430,item:708073,73823.318,73823.318
49,M-1430,item:730384,2002226.2,2002226.2
49,M-1430,item:734545,66001.8,66001.8
49,M-1430,item:773474,58651397.0668,58651397.0668
49,M-1810,item:001757,24302.9604,24279.5748
49,M-1810,item:001848,24206.11177,24188.57257
49,M-1810,item:001893,153589.2054,153478.1238
49,M-1810,item:002612,173275.769719,173246.537719
49,M-1810,item:007923,57535.8552,57489.084
49,M-1810,item:016332,5624.01192,5616.99624
49,M-1810,item:029313,621.91266,621.32802
49,M-1810,item:039668,854.77766,854.19302
49,M-1810,item:049371,18756.98842,18735.35674
49,M-1810,item:055703,1832.702719,1831.533439
49,M-1810,item:099439,24726.749,24697.517
49,M-1810,item:338928,10285165.0,10270765.0
49,M-1810,item:338929,10120100.0,10105700.0
49,M-1810,item:426331,131201.1,131042.7
49,M-1810,item:693055,4992800.6,4986954.2
49,SDC-1450,item:021081,990452.0,990452.0
50,M-1430,item:038005,169377.827286,169377.827286
50,M-1430,item:042342,421649445.2,421649445.2
50,M-1430,item:333362,7817850.0,7817850.0
50,M-1430,item:344135,7681400.0,7681400.0
50,M-1430,item:708073,75044.538,75044.538
50,M-1430,item:730384,2034874.2,2034874.2
50,M-1430,item:734545,66001.8,66001.8
50,M-1430,item:773474,58706175.0668,58706175.0668
50,M-1810,item:001757,24610.14,24610.14
50,M-1810,item:001848,24262.94974,24262.94974
50,M-1810,item:001893,155048.3085,155048.3085
50,M-1810,item:002612,173659.744219,173659.744219
50,M-1810,item:007923,57489.084,57489.084
50,M-1810,item:016332,5716.1658,5716.1658
50,M-1810,item:029313,629.59215,629.59215
50,M-1810,item:039668,862.45715,862.45715
50,M-1810,item:049371,19041.12955,19041.12955
50,M-1810,item:055703,1836.491917,1836.491917
50,M-1810,item:099439,25110.7235,25110.7235
50,M-1810,item:338928,10474315.0,10474315.0
50,M-1810,item:338929,10329250.0,10329250.0
50,M-1810,item:426331,133281.75,133281.75
50,M-1810,item:693055,5075539.5,5075539.5
50,SDC-1450,item:021081,990452.0,990452.0
51,M-1430,item:038005,172072.70039,172072.70039
51,M-1430,item:042342,421649445.2,421649445.2
51,M-1430,item:333362,7986850.0,7986850.0
51,M-1430,item:344135,7835400.0,7835400.0
51,M-1430,item:708073,76265.758,76265.758
51,M-1430,item:730384,2067522.2,2067522.2
51,M-1430,item:734545,66001.8,66001.8
51,M-1430,item:773474,58760953.0668,58760953.0668
51,M-1810,item:001757,24940.7052,24917.3196
51,M-1810,item:001848,24337.32691,24319.78771
51,M-1810,item:001893,156618.4932,156507.4116
51,M-1810,item:002612,174072.950719,174043.718719
51,M-1810,item:007923,57489.084,57442.3128
51,M-1810,item:016332,5815.33536,5808.31968
51,M-1810,item:029313,637.85628,637.27164
51,M-1810,item:039668,870.72128,870.13664
51,M-1810,item:049371,19346.90236,19325.27068
51,M-1810,item:055703,1841.450395,1840.281115
51,M-1810,item:099439,25523.93,25494.698
51,M-1810,item:338928,10677865.0,10663465.0
51,M-1810,item:338929,10532800.0,10518400.0
51,M-1810,item:426331,135520.8,135362.4
51,M-1810,item:693055,5164124.8,5158278.4
51,SDC-1450,item:021081,990452.0,990452.0
52,M-1430,item:038005,174767.573494,174767.573494
52,M-1430,item:042342,421649445.2,421649445.2
52,M-1430,item:333362,8155850.0,8155850.0
52,M-1430,item:344135,8109400.0,8109400.0
52,M-1430,item:708073,76265.758,76265.758
52,M-1430,item:730384,2100170.2,2100170.2
52,M-1430,item:734545,66001.8,66001.8
52,M-1430,item:773474,58815731.0668,58815731.0668
52,M-1810,item:001757,25247.8848,25224.4992
52,M-1810,item:001848,24394.16488,24376.62568
52,M-1810,item:001893,156978.46701,156867.38541
52,M-1810,item:002612,174436.264894,174407.032894
52,M-1810,item:007923,57442.3128,57395.5416
52,M-1810,item:016332,5907.48924,5900.47356
52,M-1810,item:029313,645.53577,644.95113
52,M-1810,item:039668,878.40077,877.81613
52,M-1810,item:049371,19631.04349,19609.41181
52,M-1810,item:055703,1845.239593,1844.070313
52,M-1810,item:099439,25907.9045,25878.6725
52,M-1810,item:338928,10867015.0,10852615.0
52,M-1810,item:338929,10721950.0,10707550.0
52,M-1810,item:426331,135362.4,135204.0
52,M-1810,item:693055,5246863.7,5241017.3
52,SDC-1450,item:021081,990452.0,990452.0
53,M-1430,item:038005,177462.446598,177462.446598
53,M-1430,item:042342,421649445.2,421649445.2
53,M-1430,item:333362,8324850.0,8324850.0
53,M-1430,item:344135,8263400.0,8263400.0
53,M-1430,item:708073,76265.758,76265.758
53,M-1430,item:730384,2132818.2,2132818.2
53,M-1430,item:734545,66001.8,66001.8
53,M-1430,item:773474,58870509.0668,58870509.0668
53,M-1810,item:001757,25555.0644,25531.6788
53,M-1810,item:001848,24451.00285,24433.46365
53,M-1810,item:001893,157338.44082,157227.35922
53,M-1810,item:002612,174799.579069,174770.347069
53,M-1810,item:007923,57395.5416,57348.7704
53,M-1810,item:016332,5999.64312,5992.62744
53,M-1810,item:029313,653.21526,652.63062
53,M-1810,item:039668,886.08026,885.49562
53,M-1810,item:049371,19915.18462,19893.55294
53,M-1810,item:055703,1849.028791,1847.859511
53,M-1810,item:099439,26291.879,26262.647
53,M-1810,item:338928,11056165.0,11041765.0
53,M-1810,item:338929,10916100.0,10901700.0
53,M-1810,item:426331,135204.0,135045.6
53,M-1810,item:693055,5329602.6,5323756.2
53,SDC-1450,item:021081,990452.0,990452.0
54,M-1430,item:038005,180157.319702,180157.319702
54,M-1430,item:042342,421649445.2,421649445.2
54,M-1430,item:333362,8493850.0,8493850.0
54,M-1430,item:344135,8417400.0,8417400.0
54,M-1430,item:708073,76265.758,76265.758
54,M-1430,item:730384,2165466.2,2165466.2
54,M-1430,item:734545,66001.8,66001.8
54,M-1430,item:773474,58925287.0668,58925287.0668
54,M-1810,item:001757,25862.244,25838.8584
54,M-1810,item:001848,24507.84082,24490.30162
54,M-1810,item:001893,157698.41463,157587.33303
54,M-1810,item:002612,175162.893244,175133.661244
54,M-1810,item:007923,57348.7704,57301.9992
54,M-1810,item:016332,6091.797,6084.78132
54,M-1810,item:029313,660.89475,660.31011
54,M-1810,item:039668,893.75975,893.17511
54,M-1810,item:049371,20199.32575,20177.69407
54,M-1810,item:055703,1852.817989,1851.648709
54,M-1810,item:099439,26675.8535,26646.6215
54,M-1810,item:338928,11245315.0,11230915.0
54,M-1810,item:338929,11115250.0,11100850.0
54,M-1810,item:426331,135045.6,134887.2
54,M-1810,item:693055,5412341.5,5406495.1
54,SDC-1450,item:021081,990452.0,990452.0
55,M-1430,item:038005,182852.192806,182852.192806
55,M-1430,item:042342,421649445.2,421649445.2
55,M-1430,item:333362,8662850.0,8662850.0
55,M-1430,item:344135,8571400.0,8571400.0
55,M-1430,item:708073,76265.758,76265.758
55,M-1430,item:730384,2198114.2,2198114.2
55,M-1430,item:734545,66001.8,66001.8
55,M-1430,item:773474,58980065.0668,58980065.0668
55,M-1810,item:001757,26169.4236,26146.038
55,M-1810,item:001848,24564.67879,24547.13959
55,M-1810,item:001893,158058.38844,157947.30684
55,M-1810,item:002612,175526.207419,175496.975419
55,M-1810,item:007923,57301.9992,57255.228
55,M-1810,item:016332,6183.95088,6176.9352
55,M-1810,item:029313,668.57424,667.9896
55,M-1810,item:039668,901.43924,900.8546
55,M-1810,item:049371,20483.46688,20461.8352
55,M-1810,item:055703,1856.607187,1855.437907
55,M-1810,item:099439,27059.828,27030.596
55,M-1810,item:338928,11434465.0,11420065.0
55,M-1810,item:338929,11304400.0,11290000.0
55,M-1810,item:426331,134887.2,134728.8
55,M-1810,item:693055,5495080.4,5489234.0
55,SDC-1450,item:021081,990452.0,990452.0
56,M-1430,item:038005,185547.06591,185547.06591
56,M-1430,item:042342,421649445.2,421649445.2
56,M-1430,item:333362,8831850.0,8831850.0
56,M-1430,item:344135,8845400.0,8845400.0
56,M-1430,item:708073,76265.758,76265.758
56,M-1430,item:730384,2230762.2,2230762.2
56,M-1430,item:734545,66001.8,66001.8
56,M-1430,item:773474,59034843.0668,59034843.0668
56,M-1810,item:001757,26476.6032,26453.2176
56,M-1810,item:001848,24621.51676,24603.97756
56,M-1810,item:001893,158418.36225,158307.28065
56,M-1810,item:002612,175889.521594,175860.289594
56,M-1810,item:007923,57255.228,57208.4568
56,M-1810,item:016332,6276.10476,6269.08908
56,M-1810,item:029313,676.25373,675.66909
56,M-1810,item:039668,909.11873,908.53409
56,M-1810,item:049371,20767.60801,20745.97633
56,M-1810,item:055703,1860.396385,1859.227105
56,M-1810,item:099439,27443.8025,27414.5705
56,M-1810,item:338928,11623615.0,11609215.0
56,M-1810,item:338929,11503550.0,11489150.0
56,M-1810,item:426331,134728.8,134570.4
56,M-1810,item:693055,5577819.3,5571972.9
56,SDC-1450,item:021081,990452.0,990452.0
57,M-1430,item:038005,188241.939014,188241.939014
57,M-1430,item:042342,421649445.2,421649445.2
57,M-1430,item:333362,9000850.0,9000850.0
57,M-1430,item:344135,8999400.0,8999400.0
57,M-1430,item:708073,76265.758,76265.758
57,M-1430,item:730384,2263410.2,2263410.2
57,M-1430,item:734545,66001.8,66001.8
57,M-1430,item:773474,59089621.0668,59089621.0668
57,M-1810,item:001757,26783.7828,26760.3972
57,M-1810,item:001848,24678.35473,24660.81553
57,M-1810,item:001893,158778.33606,158667.25446
57,M-1810,item:002612,176252.835769,176223.603769
57,M-1810,item:007923,57208.4568,57161.6856
57,M-1810,item:016332,6368.25864,6361.24296
57,M-1810,item:029313,683.93322,683.34858
57,M-1810,item:039668,916.79822,916.21358
57,M-1810,item:049371,21051.74914,21030.11746
57,M-1810,item:055703,1864.185583,1863.016303
57,M-1810,item:099439,27827.777,27798.545
57,M-1810,item:338928,11812765.0,11798365.0
57,M-1810,item:338929,11692700.0,11678300.0
57,M-1810,item:426331,134570.4,134412.0
57,M-1810,item:693055,5660558.2,5654711.8
57,SDC-1450,item:021081,990452.0,990452.0
58,M-1430,item:038005,190936.812118,189050.400945
58,M-1430,item:042342,421649445.2,415144577.6
58,M-1430,item:333362,9169850.0,9062050.0
58,M-1430,item:344135,9153400.0,9045600.0
58,M-1430,item:708073,76265.758,75410.904
58,M-1430,item:730384,2296058.2,2273204.6
58,M-1430,item:734545,66001.8,65139.4
58,M-1430,item:773474,59144399.0668,58103620.4664
58,M-1810,item:001757,27090.9624,27067.5768
58,M-1810,item:001848,24735.1927,24717.6535
58,M-1810,item:001893,159138.30987,159027.22827
58,M-1810,item:002612,176616.149944,176586.917944
58,M-1810,item:007923,57161.6856,57114.9144
58,M-1810,item:016332,6460.41252,6453.39684
58,M-1810,item:029313,691.61271,691.02807
58,M-1810,item:039668,924.47771,923.89307
58,M-1810,item:049371,21335.89027,21314.25859
58,M-1810,item:055703,1867.974781,1866.805501
58,M-1810,item:099439,28211.7515,28182.5195
58,M-1810,item:338928,12026915.0,12012515.0
58,M-1810,item:338929,11881850.0,11867450.0
58,M-1810,item:426331,134412.0,134253.6
58,M-1810,item:693055,5743297.1,5737450.7
58,SDC-1450,item:021081,990452.0,990452.0
59,M-1430,item:038005,191745.274049,191745.274049
59,M-1430,item:042342,415144577.6,415144577.6
59,M-1430,item:333362,9231050.0,9231050.0
59,M-1430,item:344135,9199600.0,9199600.0
59,M-1430,item:708073,75410.904,75410.904
59,M-1430,item:730384,2305852.6,2305852.6
59,M-1430,item:734545,65139.4,65139.4
59,M-1430,item:773474,58158398.4664,58158398.4664
59,M-1810,item:001757,27398.142,27374.7564
59,M-1810,item:001848,24792.03067,24774.49147
59,M-1810,item:001893,159498.28368,159387.20208
59,M-1810,item:002612,176979.464119,176950.232119
59,M-1810,item:007923,57114.9144,57068.1432
59,M-1810,item:016332,6552.5664,6545.55072
59,M-1810,item:029313,699.2922,698.70756
59,M-1810,item:039668,932.1572,931.57256
59,M-1810,item:049371,21620.0314,21598.39972
59,M-1810,item:055703,1871.763979,1870.594699
59,M-1810,item:099439,28595.726,28566.494
59,M-1810,item:338928,12216065.0,12201665.0
59,M-1810,item:338929,12071000.0,12056600.0
59,M-1810,item:426331,134253.6,134095.2
59,M-1810,item:693055,5826036.0,5820189.6
59,SDC-1450,item:021081,990452.0,990452.0
60,M-1430,item:038005,194440.147153,194440.147153
60,M-1430,item:042342,415144577.6,415144577.6
60,M-1430,item:333362,9400050.0,9400050.0
60,M-1430,item:344135,9353600.0,9353600.0
60,M-1430,item:708073,75410.904,75410.904
60,M-1430,item:730384,2338500.6,2338500.6
60,M-1430,item:734545,65139.4,65139.4
60,M-1430,item:773474,58213176.4664,58213176.4664
60,M-1810,item:001757,27705.3216,27681.936
60,M-1810,item:001848,24848.86864,24831.32944
60,M-1810,item:001893,159858.25749,159747.17589
60,M-1810,item:002612,177342.778294,177313.546294
60,M-1810,item:007923,57068.1432,57021.372
60,M-1810,item:016332,6644.72028,6637.7046
60,M-1810,item:029313,706.97169,706.38705
60,M-1810,item:039668,939.83669,939.25205
60,M-1810,item:049371,21904.17253,21882.54085
60,M-1810,item:055703,1875.553177,1874.383897
60,M-1810,item:099439,28979.7005,28950.4685
60,M-1810,item:338928,12405215.0,12390815.0
60,M-1810,item:338929,12260150.0,12245750.0
60,M-1810,item:426331,134095.2,133936.8
60,M-1810,item:693055,5908774.9,5902928.5
60,SDC-1450,item:021081,990452.0,990452.0
61,M-1430,item:038005,197135.020257,197135.020257
61,M-1430,item:042342,415144577.6,415144577.6
61,M-1430,item:333362,9569050.0,9569050.0
61,M-1430,item:344135,9627600.0,9627600.0
61,M-1430,item:708073,75410.904,75410.904
61,M-1430,item:730384,2371148.6,2371148.6
61,M-1430,item:734545,65139.4,65139.4
61,M-1430,item:773474,58322731.4664,58322731.4664
61,M-1810,item:001757,28012.5012,27989.1156
61,M-1810,item:001848,24905.70661,24888.16741
61,M-1810,item:001893,160218.2313,160107.1497
61,M-1810,item:002612,177706.092469,177676.860469
61,M-1810,item:007923,57021.372,56974.6008
61,M-1810,item:016332,6736.87416,6729.85848
61,M-1810,item:029313,714.65118,714.06654
61,M-1810,item:039668,947.51618,946.93154
61,M-1810,item:049371,22188.31366,22166.68198
61,M-1810,item:055703,1879.342375,1878.173095
61,M-1810,item:099439,29363.675,29334.443
61,M-1810,item:338928,12594365.0,12579965.0
61,M-1810,item:338929,12449300.0,12434900.0
61,M-1810,item:426331,133936.8,133778.4
61,M-1810,item:693055,5991513.8,5985667.4
61,SDC-1450,item:021081,990452.0,990452.0
62,M-1430,item:038005,199829.893361,199829.893361
62,M-1430,item:042342,415144577.6,415144577.6
62,M-1430,item:333362,9738050.0,9738050.0
62,M-1430,item:344135,9901600.0,9901600.0
62,M-1430,item:708073,75410.904,75410.904
62,M-1430,item:730384,2403796.6,2403796.6
62,M-1430,item:734545,65139.4,65139.4
62,M-1430,item:773474,58432286.4664,58432286.4664
62,M-1810,item:001757,28319.6808,28296.2952
62,M-1810,item:001848,24962.54458,24945.00538
62,M-1810,item:001893,160578.20511,160467.12351
62,M-1810,item:002612,178069.406644,178040.174644
62,M-1810,item:007923,56974.6008,56927.8296
62,M-1810,item:016332,6829.02804,6822.01236
62,M-1810,item:029313,722.33067,721.74603
62,M-1810,item:039668,955.19567,954.61103
62,M-1810,item:049371,22472.45479,22450.82311
62,M-1810,item:055703,1883.131573,1881.962293
62,M-1810,item:099439,29747.6495,29718.4175
62,M-1810,item:338928,12783515.0,12769115.0
62,M-1810,item:338929,12638450.0,12624050.0
62,M-1810,item:426331,133778.4,133620.0
62,M-1810,item:693055,6074252.7,6068406.3
62,SDC-1450,item:021081,990452.0,990452.0
63,M-1430,item:038005,202524.766465,202524.766465
63,M-1430,item:042342,415144577.6,415144577.6
63,M-1430,item:333362,9907050.0,9907050.0
63,M-1430,item:344135,10055600.0,10055600.0
63,M-1430,item:708073,75410.904,75410.904
63,M-1430,item:730384,2436444.6,2436444.6
63,M-1430,item:734545,65139.4,65139.4
63,M-1430,item:773474,58541841.4664,58541841.4664
63,M-1810,item:001757,28626.8604,28603.4748
63,M-1810,item:001848,25019.38255,25001.84335
63,M-1810,item:001893,160938.17892,160827.09732
63,M-1810,item:002612,178432.720819,178403.488819
63,M-1810,item:007923,56927.8296,56881.0584
63,M-1810,item:016332,6921.18192,6914.16624
63,M-1810,item:029313,730.01016,729.42552
63,M-1810,item:039668,962.87516,962.29052
63,M-1810,item:049371,22756.59592,22734.96424
63,M-1810,item:055703,1886.920771,1885.751491
63,M-1810,item:099439,30131.624,30102.392
63,M-1810,item:338928,12997665.0,12983265.0
63,M-1810,item:338929,12827600.0,12813200.0
63,M-1810,item:426331,133620.0,133461.6
63,M-1810,item:693055,6156991.6,6151145.2
63,SDC-1450,item:021081,990452.0,990452.0
64,M-1430,item:038005,205219.639569,205219.639569
64,M-1430,item:042342,415144577.6,415144577.6
64,M-1430,item:333362,10076050.0,10076050.0
64,M-1430,item:344135,10055600.0,10055600.0
64,M-1430,item:708073,75410.904,75410.904
64,M-1430,item:730384,2469092.6,2469092.6
64,M-1430,item:734545,65139.4,65139.4
64,M-1430,item:773474,58651396.4664,58651396.4664
64,M-1810,item:001757,28934.04,28910.6544
64,M-1810,item:001848,25076.22052,25058.68132
64,M-1810,item:001893,161298.15273,161187.07113
64,M-1810,item:002612,178403.488819,178374.256819
64,M-1810,item:007923,56881.0584,56834.2872
64,M-1810,item:016332,7013.3358,7006.32012
64,M-1810,item:029313,737.68965,737.10501
64,M-1810,item:039668,962.29052,961.70588
64,M-1810,item:049371,23040.73705,23019.10537
64,M-1810,item:055703,1890.709969,1889.540689
64,M-1810,item:099439,30102.392,30073.16
64,M-1810,item:338928,13211815.0,13197415.0
64,M-1810,item:338929,13026750.0,13012350.0
64,M-1810,item:426331,133461.6,133303.2
64,M-1810,item:693055,6239730.5,6233884.1
64,SDC-1450,item:021081,990452.0,990452.0
65,M-1430,item:038005,207914.512673,207914.512673
65,M-1430,item:042342,415144577.6,415144577.6
65,M-1430,item:333362,10245050.0,10245050.0
65,M-1430,item:344135,10055600.0,10055600.0
65,M-1430,item:708073,75410.904,75410.904
65,M-1430,item:730384,2501740.6,2501740.6
65,M-1430,item:734545,65139.4,65139.4
65,M-1430,item:773474,58706174.4664,58706174.4664
65,M-1810,item:001757,29241.2196,29217.834
65,M-1810,item:001848,25133.05849,25115.51929
65,M-1810,item:001893,161658.12654,161547.04494
65,M-1810,item:002612,178374.256819,178345.024819
65,M-1810,item:007923,56834.2872,56787.516
65,M-1810,item:016332,7105.48968,7098.474
65,M-1810,item:029313,745.36914,744.7845
65,M-1810,item:039668,961.70588,961.12124
65,M-1810,item:049371,23324.87818,23303.2465
65,M-1810,item:055703,1894.499167,1893.329887
65,M-1810,item:099439,30073.16,30043.928
65,M-1810,item:338928,13400965.0,13386565.0
65,M-1810,item:338929,13215900.0,13201500.0
65,M-1810,item:426331,133303.2,133144.8
65,M-1810,item:693055,6322469.4,6316623.0
65,SDC-1450,item:021081,990452.0,990452.0
66,M-1430,item:038005,210609.385777,210609.385777
66,M-1430,item:042342,415144577.6,415144577.6
66,M-1430,item:333362,10414050.0,10414050.0
66,M-1430,item:344135,10175600.0,10175600.0
66,M-1430,item:708073,75410.904,75410.904
66,M-1430,item:730384,2534388.6,2534388.6
66,M-1430,item:734545,65139.4,65139.4
66,M-1430,item:773474,58760952.4664,58760952.4664
66,M-1810,item:001757,29548.3992,29525.0136
66,M-1810,item:001848,25189.89646,25172.35726
66,M-1810,item:001893,162018.10035,161907.01875
66,M-1810,item:002612,178345.024819,178315.792819
66,M-1810,item:007923,56787.516,56740.7448
66,M-1810,item:016332,7197.64356,7190.62788
66,M-1810,item:029313,753.04863,752.46399
66,M-1810,item:039668,961.12124,960.5366
66,M-1810,item:049371,23609.01931,23587.38763
66,M-1810,item:055703,1898.288365,1897.119085
66,M-1810,item:099439,30043.928,30014.696
66,M-1810,item:338928,13615115.0,13600715.0
66,M-1810,item:338929,13410050.0,13395650.0
66,M-1810,item:426331,133144.8,132986.4
66,M-1810,item:693055,6405208.3,6399361.9
66,SDC-1450,item:021081,990452.0,990452.0
67,M-1430,item:038005,213304.258881,213304.258881
67,M-1430,item:042342,415144577.6,415144577.6
67,M-1430,item:333362,10583050.0,10583050.0
67,M-1430,item:344135,10175600.0,10175600.0
67,M-1430,item:708073,75410.904,75410.904
67,M-1430,item:730384,2567036.6,2567036.6
67,M-1430,item:734545,65139.4,65139.4
67,M-1430,item:773474,58815730.4664,58815730.4664
67,M-1810,item:001757,29855.5788,29832.1932
67,M-1810,item:001848,25246.73443,25229.19523
67,M-1810,item:001893,162378.07416,162266.99256
67,M-1810,item:002612,178315.792819,178286.560819
67,M-1810,item:007923,56740.7448,56693.9736
67,M-1810,item:016332,7289.79744,7282.78176
67,M-1810,item:029313,760.72812,760.14348
67,M-1810,item:039668,960.5366,959.95196
67,M-1810,item:049371,23893.16044,23871.52876
67,M-1810,item:055703,1902.077563,1900.908283
67,M-1810,item:099439,30014.696,29985.464
67,M-1810,item:338928,13804265.0,13789865.0
67,M-1810,item:338929,13604200.0,13589800.0
67,M-1810,item:426331,132986.4,132828.0
67,M-1810,item:693055,6487947.2,6482100.8
67,SDC-1450,item:021081,990452.0,990452.0
68,M-1430,item:038005,215999.131985,215999.131985
68,M-1430,item:042342,415144577.6,415144577.6
68,M-1430,item:333362,10752050.0,10752050.0
68,M-1430,item:344135,10175600.0,10175600.0
68,M-1430,item:708073,75410.904,75410.904
68,M-1430,item:730384,2599684.6,2599684.6
68,M-1430,item:734545,65139.4,65139.4
68,M-1430,item:773474,58870508.4664,58870508.4664
68,M-1810,item:001757,30162.7584,30139.3728
68,M-1810,item:001848,25303.5724,25286.0332
68,M-1810,item:001893,162738.04797,162626.96637
68,M-1810,item:002612,178286.560819,178257.328819
68,M-1810,item:007923,56693.9736,56647.2024
68,M-1810,item:016332,7381.95132,7374.93564
68,M-1810,item:029313,768.40761,767.82297
68,M-1810,item:039668,959.95196,959.36732
68,M-1810,item:049371,24177.30157,24155.66989
68,M-1810,item:055703,1905.866761,1904.697481
68,M-1810,item:099439,29985.464,29956.232
68,M-1810,item:338928,13993415.0,13979015.0
68,M-1810,item:338929,13798350.0,13783950.0
68,M-1810,item:426331,132828.0,132669.6
68,M-1810,item:693055,6570686.1,6564839.7
68,SDC-1450,item:021081,990452.0,990452.0
69,M-1430,item:038005,218694.005089,218694.005089
69,M-1430,item:042342,415144577.6,415144577.6
69,M-1430,item:333362,10921050.0,10921050.0
69,M-1430,item:344135,10175600.0,10175600.0
69,M-1430,item:708073,75410.904,75410.904
69,M-1430,item:730384,2632332.6,2632332.6
69,M-1430,item:734545,65139.4,65139.4
69,M-1430,item:773474,58925286.4664,58925286.4664
69,M-1810,item:001757,30469.938,30446.5524
69,M-1810,item:001848,25360.41037,25342.87117
69,M-1810,item:001893,163098.02178,162986.94018
69,M-1810,item:002612,178257.328819,178228.096819
69,M-1810,item:007923,56647.2024,56600.4312
69,M-1810,item:016332,7474.1052,7467.08952
69,M-1810,item:029313,776.0871,775.50246
69,M-1810,item:039668,959.36732,958.78268
69,M-1810,item:049371,24461.4427,24439.81102
69,M-1810,item:055703,1909.655959,1908.486679
69,M-1810,item:099439,29956.232,29927.0
69,M-1810,item:338928,14182565.0,14168165.0
69,M-1810,item:338929,13987500.0,13973100.0
69,M-1810,item:426331,132669.6,132511.2
69,M-1810,item:693055,6653471.0,6647624.6
69,SDC-1450,item:021081,990452.0,990452.0
70,M-1430,item:038005,221388.878193,221388.878193
70,M-1430,item:042342,415144577.6,415144577.6
70,M-1430,item:333362,11090050.0,11090050.0
70,M-1430,item:344135,10295600.0,10295600.0
70,M-1430,item:708073,75410.904,75410.904
70,M-1430,item:730384,2664980.6,2664980.6
70,M-1430,item:734545,65139.4,65139.4
70,M-1430,item:773474,58980064.4664,58980064.4664
70,M-1810,item:001757,30777.1176,30753.732
70,M-1810,item:001848,25417.24834,25399.70914
70,M-1810,item:001893,163457.99559,163346.91399
70,M-1810,item:002612,178228.096819,178198.864819
70,M-1810,item:007923,56600.4312,56553.66
70,M-1810,item:016332,7566.25908,7559.2434
70,M-1810,item:029313,783.76659,783.18195
70,M-1810,item:039668,958.78268,958.19804
70,M-1810,item:049371,24745.58383,24723.95215
70,M-1810,item:055703,1913.445157,1912.275877
70,M-1810,item:099439,29927.0,29897.768
70,M-1810,item:338928,14396715.0,14382315.0
70,M-1810,item:338929,14176650.0,14162250.0
70,M-1810,item:426331,132511.2,132352.8
70,M-1810,item:693055,6736255.9,6730409.5
70,SDC-1450,item:021081,990452.0,990452.0
71,M-1430,item:038005,224083.751297,224083.751297
71,M-1430,item:042342,415144577.6,415144577.6
71,M-1430,item:333362,11259050.0,11259050.0
71,M-1430,item:344135,10295600.0,10295600.0
71,M-1430,item:708073,75410.904,75410.904
71,M-1430,item:730384,2697628.6,2697628.6
71,M-1430,item:734545,65139.4,65139.4
71,M-1430,item:773474,59034842.4664,59034842.4664
71,M-1810,item:001757,31084.2972,31060.9116
71,M-1810,item:001848,25474.08631,25456.54711
71,M-1810,item:001893,163817.9694,163706.8878
71,M-1810,item:002612,178198.864819,178169.632819
71,M-1810,item:007923,56553.66,56506.8888
71,M-1810,item:016332,7658.41296,7651.39728
71,M-1810,item:029313,791.44608,790.86144
71,M-1810,item:039668,958.19804,957.6134
71,M-1810,item:049371,25029.72496,25008.09328
71,M-1810,item:055703,1917.234355,1916.065075
71,M-1810,item:099439,29897.768,29868.536
71,M-1810,item:338928,14585865.0,14571465.0
71,M-1810,item:338929,14370800.0,14356400.0
71,M-1810,item:426331,132352.8,132194.4
71,M-1810,item:693055,6819086.8,6813240.4
71,SDC-1450,item:021081,990452.0,990452.0
72,M-1430,item:038005,226778.624401,226778.624401
72,M-1430,item:042342,415144577.6,415144577.6
72,M-1430,item:333362,11428050.0,11428050.0
72,M-1430,item:344135,10295600.0,10295600.0
72,M-1430,item:708073,75410.904,75410.904
72,M-1430,item:730384,2730276.6,2730276.6
72,M-1430,item:734545,65139.4,65139.4
72,M-1430,item:773474,59089620.4664,59089620.4664
72,M-1810,item:001757,31391.4768,31368.0912
72,M-1810,item:001848,25530.92428,25513.38508
72,M-1810,item:001893,164177.94321,164066.86161
72,M-1810,item:002612,178169.632819,178140.400819
72,M-1810,item:007923,56506.8888,56460.1176
72,M-1810,item:016332,7750.56684,7743.55116
72,M-1810,item:029313,799.12557,798.54093
72,M-1810,item:039668,957.6134,957.02876
72,M-1810,item:049371,25313.86609,25292.23441
72,M-1810,item:055703,1921.023553,1919.854273
72,M-1810,item:099439,29868.536,29839.304
72,M-1810,item:338928,14775015.0,14760615.0
72,M-1810,item:338929,14564950.0,14550550.0
72,M-1810,item:426331,132194.4,132036.0
72,M-1810,item:693055,6901963.7,6896117.3
72,SDC-1450,item:021081,990452.0,990452.0
73,M-1430,item:038005,229473.497505,229473.497505
73,M-1430,item:042342,415144577.6,415144577.6
73,M-1430,item:333362,11597050.0,11597050.0
73,M-1430,item:344135,10295600.0,10295600.0
73,M-1430,item:708073,75410.904,75410.904
73,M-1430,item:730384,2762924.6,2762924.6
73,M-1430,item:734545,65139.4,65139.4
73,M-1430,item:773474,59144398.4664,59144398.4664
73,M-1810,item:001757,31698.6564,31675.2708
73,M-1810,item:001848,25587.76225,25570.22305
73,M-1810,item:001893,164537.91702,164426.83542
73,M-1810,item:002612,178140.400819,178111.168819
73,M-1810,item:007923,56460.1176,56413.3464
73,M-1810,item:016332,7842.72072,7835.70504
73,M-1810,item:029313,806.80506,806.22042
73,M-1810,item:039668,957.02876,956.44412
73,M-1810,item:049371,25598.00722,25576.37554
73,M-1810,item:055703,1924.812751,1923.643471
73,M-1810,item:099439,29839.304,29810.072
73,M-1810,item:338928,14964165.0,14949765.0
73,M-1810,item:338929,14759100.0,14744700.0
73,M-1810,item:426331,132036.0,131877.6
73,M-1810,item:693055,6984840.6,6978994.2
73,SDC-1450,item:021081,990452.0,990452.0
74,M-1430,item:038005,232168.370609,232168.370609
74,M-1430,item:042342,415144577.6,415144577.6
74,M-1430,item:333362,11766050.0,11766050.0
74,M-1430,item:344135,10415600.0,10415600.0
74,M-1430,item:708073,75410.904,75410.904
74,M-1430,item:730384,2795572.6,2795572.6
74,M-1430,item:734545,65139.4,65139.4
74,M-1430,item:773474,59199176.4664,59199176.4664
74,M-1810,item:001757,32005.836,31982.4504
74,M-1810,item:001848,25644.60022,25627.06102
74,M-1810,item:001893,164897.89083,164786.80923
74,M-1810,item:002612,178111.168819,178081.936819
74,M-1810,item:007923,56413.3464,56366.5752
74,M-1810,item:016332,7934.8746,7927.85892
74,M-1810,item:029313,814.48455,813.89991
74,M-1810,item:039668,956.44412,955.85948
74,M-1810,item:049371,25882.14835,25860.51667
74,M-1810,item:055703,1928.601949,1927.432669
74,M-1810,item:099439,29810.072,29780.84
74,M-1810,item:338928,15153315.0,15138915.0
74,M-1810,item:338929,14953250.0,14938850.0
74,M-1810,item:426331,131877.6,131719.2
74,M-1810,item:693055,7067717.5,7061871.1
74,SDC-1450,item:021081,990452.0,990452.0
75,M-1430,item:038005,234863.243713,232976.83254
75,M-1430,item:042342,415144577.6,408639710.0
75,M-1430,item:333362,11935050.0,11827250.0
75,M-1430,item:344135,10415600.0,10307800.0
75,M-1430,item:708073,75410.904,74556.05
75,M-1430,item:730384,2828220.6,2805367.0
75,M-1430,item:734545,65139.4,64277.0
75,M-1430,item:773474,59253954.4664,58213175.866
75,M-1810,item:001757,32313.0156,32289.63
75,M-1810,item:001848,25701.43819,25683.89899
75,M-1810,item:001893,165257.86464,165146.78304
75,M-1810,item:002612,178081.936819,178052.704819
75,M-1810,item:007923,56366.5752,56319.804
75,M-1810,item:016332,8027.02848,8020.0128
75,M-1810,item:029313,822.16404,821.5794
75,M-1810,item:039668,955.85948,955.27484
75,M-1810,item:049371,26166.28948,26144.6578
75,M-1810,item:055703,1932.391147,1931.221867
75,M-1810,item:099439,29780.84,29751.608
75,M-1810,item:338928,15392465.0,15378065.0
75,M-1810,item:338929,15142400.0,15128000.0
75,M-1810,item:426331,131719.2,131560.8
75,M-1810,item:693055,7150640.4,7144794.0
75,SDC-1450,item:021081,990452.0,990452.0
76,M-1430,item:038005,235671.705644,235671.705644
76,M-1430,item:042342,408639710.0,408639710.0
76,M-1430,item:333362,11996250.0,11996250.0
76,M-1430,item:344135,10307800.0,10307800.0
76,M-1430,item:708073,74556.05,74556.05
76,M-1430,item:730384,2838015.0,2838015.0
76,M-1430,item:734545,64277.0,64277.0
76,M-1430,item:773474,58267953.866,58267953.866
76,M-1810,item:001757,32620.1952,32620.1952
76,M-1810,item:001848,25758.27616,25758.27616
76,M-1810,item:001893,165617.83845,165617.83845
76,M-1810,item:002612,178052.704819,178052.704819
76,M-1810,item:007923,56319.804,56319.804
76,M-1810,item:016332,8119.18236,8119.18236
76,M-1810,item:029313,829.84353,829.84353
76,M-1810,item:039668,955.27484,955.27484
76,M-1810,item:049371,26450.43061,26450.43061
76,M-1810,item:055703,1936.180345,1936.180345
76,M-1810,item:099439,29751.608,29751.608
76,M-1810,item:338928,15606615.0,15606615.0
76,M-1810,item:338929,15331550.0,15331550.0
76,M-1810,item:426331,131560.8,131560.8
76,M-1810,item:693055,7233563.3,7233563.3
76,SDC-1450,item:021081,990452.0,990452.0
77,M-1430,item:038005,238366.578748,238366.578748
77,M-1430,item:042342,408639710.0,408639710.0
77,M-1430,item:333362,12165250.0,12165250.0
77,M-1430,item:344135,10307800.0,10307800.0
77,M-1430,item:708073,74556.05,74556.05
77,M-1430,item:730384,2870663.0,2870663.0
77,M-1430,item:734545,64277.0,64277.0
77,M-1430,item:773474,58322730.866,58322730.866
77,M-1810,item:001757,32950.7604,32927.3748
77,M-1810,item:001848,25832.65333,25815.11413
77,M-1810,item:001893,165774.85692,165663.77532
77,M-1810,item:002612,178052.704819,178023.472819
77,M-1810,item:007923,56319.804,56273.0328
77,M-1810,item:016332,8218.35192,8211.33624
77,M-1810,item:029313,838.10766,837.52302
77,M-1810,item:039668,955.27484,954.6902
77,M-1810,item:049371,26756.20342,26734.57174
77,M-1810,item:055703,1936.180345,1935.011065
77,M-1810,item:099439,29751.608,29722.376
77,M-1810,item:338928,15810165.0,15795765.0
77,M-1810,item:338929,15336550.0,15322150.0
77,M-1810,item:426331,131560.8,131402.4
77,M-1810,item:693055,7322378.6,7316532.2
77,SDC-1450,item:021081,1010452.0,1010452.0
78,M-1430,item:038005,241061.451852,241061.451852
78,M-1430,item:042342,408639710.0,408639710.0
78,M-1430,item:333362,12334250.0,12334250.0
78,M-1430,item:344135,10307800.0,10307800.0
78,M-1430,item:708073,74556.05,74556.05
78,M-1430,item:730384,2903311.0,2903311.0
78,M-1430,item:734545,64277.0,64277.0
78,M-1430,item:773474,58377507.866,58377507.866
78,M-1810,item:001757,33257.94,33234.5544
78,M-1810,item:001848,25889.4913,25871.9521
78,M-1810,item:001893,165820.79379,165709.71219
78,M-1810,item:002612,178023.472819,177994.240819
78,M-1810,item:007923,56273.0328,56226.2616
78,M-1810,item:016332,8310.5058,8303.49012
78,M-1810,item:029313,845.78715,845.20251
78,M-1810,item:039668,954.6902,954.10556
78,M-1810,item:049371,27040.34455,27018.71287
78,M-1810,item:055703,1935.011065,1933.841785
78,M-1810,item:099439,29722.376,29693.144
78,M-1810,item:338928,15999315.0,15984915.0
78,M-1810,item:338929,15332150.0,15317750.0
78,M-1810,item:426331,131402.4,131244.0
78,M-1810,item:693055,7405347.5,7399501.1
78,SDC-1450,item:021081,1010452.0,1010452.0
79,M-1430,item:038005,243756.324956,243756.324956
79,M-1430,item:042342,408639710.0,408639710.0
79,M-1430,item:333362,12503250.0,12503250.0
79,M-1430,item:344135,10427800.0,10427800.0
79,M-1430,item:708073,74556.05,74556.05
79,M-1430,item:730384,2935959.0,2935959.0
79,M-1430,item:734545,64277.0,64277.0
79,M-1430,item:773474,58432284.866,58432284.866
79,M-1810,item:001757,33565.1196,33541.734
79,M-1810,item:001848,25946.32927,25928.79007
79,M-1810,item:001893,165866.73066,165755.64906
79,M-1810,item:002612,177994.240819,177965.008819
79,M-1810,item:007923,56226.2616,56179.4904
79,M-1810,item:016332,8402.65968,8395.644
79,M-1810,item:029313,853.46664,852.882
79,M-1810,item:039668,954.10556,953.52092
79,M-1810,item:049371,27324.48568,27302.854
79,M-1810,item:055703,1933.841785,1932.672505
79,M-1810,item:099439,29693.144,29663.912
79,M-1810,item:338928,16188465.0,16174065.0
79,M-1810,item:338929,15317750.0,15303350.0
79,M-1810,item:426331,131244.0,131085.6
79,M-1810,item:693055,7488408.4,7482562.0
79,SDC-1450,item:021081,1010452.0,1010452.0
80,M-1430,item:038005,246451.19806,246451.19806
80,M-1430,item:042342,408639710.0,408639710.0
80,M-1430,item:333362,12672250.0,12672250.0
80,M-1430,item:344135,10427800.0,10427800.0
80,M-1430,item:708073,74556.05,74556.05
80,M-1430,item:730384,2968607.0,2968607.0
80,M-1430,item:734545,64277.0,64277.0
80,M-1430,item:773474,58432284.866,58432284.866
80,M-1810,item:001757,33872.2992,33848.9136
80,M-1810,item:001848,26003.16724,25985.62804
80,M-1810,item:001893,165912.66753,165801.58593
80,M-1810,item:002612,177965.008819,177935.776819
80,M-1810,item:007923,56179.4904,56132.7192
80,M-1810,item:016332,8494.81356,8487.79788
80,M-1810,item:029313,861.14613,860.56149
80,M-1810,item:039668,953.52092,952.93628
80,M-1810,item:049371,27608.62681,27586.99513
80,M-1810,item:055703,1932.672505,1931.503225
80,M-1810,item:099439,29663.912,29634.68
80,M-1810,item:338928,16402615.0,16388215.0
80,M-1810,item:338929,15303350.0,15288950.0
80,M-1810,item:426331,131085.6,130927.2
80,M-1810,item:693055,7571469.3,7565622.9
80,SDC-1450,item:021081,1010452.0,1010452.0
81,M-1430,item:038005,249146.071164,249146.071164
81,M-1430,item:042342,408639710.0,408639710.0
81,M-1430,item:333362,12841250.0,12841250.0
81,M-1430,item:344135,10427800.0,10427800.0
81,M-1430,item:708073,74556.05,74556.05
81,M-1430,item:730384,3001255.0,3001255.0
81,M-1430,item:734545,64277.0,64277.0
81,M-1430,item:773474,58432284.866,58432284.866
81,M-1810,item:001757,34179.4788,34156.0932
81,M-1810,item:001848,26060.00521,26042.46601
81,M-1810,item:001893,165958.6044,165847.5228
81,M-1810,item:002612,177935.776819,177906.544819
81,M-1810,item:007923,56132.7192,56085.948
81,M-1810,item:016332,8586.96744,8579.95176
81,M-1810,item:029313,868.82562,868.24098
81,M-1810,item:039668,952.93628,952.35164
81,M-1810,item:049371,27892.76794,27871.13626
81,M-1810,item:055703,1931.503225,1930.333945
81,M-1810,item:099439,29634.68,29605.448
81,M-1810,item:338928,16616765.0,16602365.0
81,M-1810,item:338929,15298950.0,15284550.0
81,M-1810,item:426331,130927.2,130768.8
81,M-1810,item:693055,7654530.2,7648683.8
81,SDC-1450,item:021081,1010452.0,1010452.0
82,M-1430,item:038005,251840.944268,251840.944268
82,M-1430,item:042342,438639710.0,438639710.0
82,M-1430,item:333362,13010250.0,13010250.0
82,M-1430,item:344135,10427800.0,10427800.0
82,M-1430,item:708073,74556.05,74556.05
82,M-1430,item:730384,3033903.0,3033903.0
82,M-1430,item:734545,64277.0,64277.0
82,M-1430,item:773474,58432284.866,58432284.866
82,M-1810,item:001757,34486.6584,34463.2728
82,M-1810,item:001848,26116.84318,26099.30398
82,M-1810,item:001893,166004.54127,165893.45967
82,M-1810,item:002612,177906.544819,177877.312819
82,M-1810,item:007923,56085.948,56039.1768
82,M-1810,item:016332,8679.12132,8672.10564
82,M-1810,item:029313,876.50511,875.92047
82,M-1810,item:039668,952.35164,951.767
82,M-1810,item:049371,28176.90907,28155.27739
82,M-1810,item:055703,1930.333945,1929.164665
82,M-1810,item:099439,29605.448,29576.216
82,M-1810,item:338928,16805915.0,16791515.0
82,M-1810,item:338929,15289550.0,15275150.0
82,M-1810,item:426331,130768.8,130610.4
82,M-1810,item:693055,7737683.1,7731836.7
82,SDC-1450,item:021081,1010452.0,1010452.0
83,M-1430,item:038005,254535.817372,254535.817372
83,M-1430,item:042342,438639710.0,438639710.0
83,M-1430,item:333362,13179250.0,13179250.0
83,M-1430,item:344135,10427800.0,10427800.0
83,M-1430,item:708073,74556.05,74556.05
83,M-1430,item:730384,3066551.0,3066551.0
83,M-1430,item:734545,64277.0,64277.0
83,M-1430,item:773474,58432284.866,58432284.866
83,M-1810,item:001757,34793.838,34770.4524
83,M-1810,item:001848,26173.68115,26156.14195
83,M-1810,item:001893,166050.47814,165939.39654
83,M-1810,item:002612,177877.312819,177848.080819
83,M-1810,item:007923,56039.1768,55992.4056
83,M-1810,item:016332,8771.2752,8764.25952
83,M-1810,item:029313,884.1846,883.59996
83,M-1810,item:039668,951.767,951.18236
83,M-1810,item:049371,28461.0502,28439.41852
83,M-1810,item:055703,1929.164665,1927.995385
83,M-1810,item:099439,29576.216,29546.984
83,M-1810,item:338928,16995065.0,16980665.0
83,M-1810,item:338929,15285150.0,15270750.0
83,M-1810,item:426331,130610.4,130452.0
83,M-1810,item:693055,7820836.0,7814989.6
83,SDC-1450,item:021081,1010452.0,1010452.0
84,M-1430,item:038005,257230.690476,257230.690476
84,M-1430,item:042342,438639710.0,438639710.0
84,M-1430,item:333362,13348250.0,13348250.0
84,M-1430,item:344135,10547800.0,10547800.0
84,M-1430,item:708073,74556.05,74556.05
84,M-1430,item:730384,3099199.0,3099199.0
84,M-1430,item:734545,64277.0,64277.0
84,M-1430,item:773474,58432284.866,58432284.866
84,M-1810,item:001757,35101.0176,35077.632
84,M-1810,item:001848,26230.51912,26212.97992
84,M-1810,item:001893,166096.41501,165985.33341
84,M-1810,item:002612,177848.080819,177818.848819
84,M-1810,item:007923,55992.4056,55945.6344
84,M-1810,item:016332,8863.42908,8856.4134
84,M-1810,item:029313,891.86409,891.27945
84,M-1810,item:039668,951.18236,950.59772
84,M-1810,item:049371,28745.19133,28723.55965
84,M-1810,item:055703,1927.995385,1926.826105
84,M-1810,item:099439,29546.984,29517.752
84,M-1810,item:338928,17184215.0,17169815.0
84,M-1810,item:338929,15300750.0,15286350.0
84,M-1810,item:426331,130452.0,130293.6
84,M-1810,item:693055,7903988.9,7898142.5
84,SDC-1450,item:021081,1010452.0,1010452.0
85,M-1430,item:038005,259925.56358,259925.56358
85,M-1430,item:042342,438639710.0,438639710.0
85,M-1430,item:333362,13517250.0,13517250.0
85,M-1430,item:344135,10547800.0,10547800.0
85,M-1430,item:708073,74556.05,74556.05
85,M-1430,item:730384,3131847.0,3131847.0
85,M-1430,item:734545,64277.0,64277.0
85,M-1430,item:773474,58432284.866,58432284.866
85,M-1810,item:001757,35408.1972,35384.8116
85,M-1810,item:001848,26287.35709,26269.81789
85,M-1810,item:001893,166142.35188,166031.27028
85,M-1810,item:002612,177818.848819,177789.616819
85,M-1810,item:007923,55945.6344,55898.8632
85,M-1810,item:016332,8955.58296,8948.56728
85,M-1810,item:029313,899.54358,898.95894
85,M-1810,item:039668,950.59772,950.01308
85,M-1810,item:049371,29029.33246,29007.70078
85,M-1810,item:055703,1926.826105,1925.656825
85,M-1810,item:099439,29517.752,29488.52
85,M-1810,item:338928,17423365.0,17408965.0
85,M-1810,item:338929,15331350.0,15316950.0
85,M-1810,item:426331,130293.6,130135.2
85,M-1810,item:693055,7987187.8,7981341.4
85,SDC-1450,item:021081,1010452.0,1010452.0
86,M-1430,item:038005,262620.436684,262620.436684
86,M-1430,item:042342,438639710.0,438639710.0
86,M-1430,item:333362,13686250.0,13686250.0
86,M-1430,item:344135,10547800.0,10547800.0
86,M-1430,item:708073,74556.05,74556.05
86,M-1430,item:730384,3164495.0,3164495.0
86,M-1430,item:734545,64277.0,64277.0
86,M-1430,item:773474,58432284.866,58432284.866
86,M-1810,item:001757,35715.3768,35691.9912
86,M-1810,item:001848,26344.19506,26326.65586
86,M-1810,item:001893,166188.28875,166077.20715
86,M-1810,item:002612,177789.616819,177760.384819
86,M-1810,item:007923,55898.8632,55852.092
86,M-1810,item:016332,9047.73684,9040.72116
86,M-1810,item:029313,907.22307,906.63843
86,M-1810,item:039668,950.01308,949.42844
86,M-1810,item:049371,29313.47359,29291.84191
86,M-1810,item:055703,1925.656825,1924.487545
86,M-1810,item:099439,29488.52,29459.288
86,M-1810,item:338928,17637515.0,17623115.0
86,M-1810,item:338929,15341950.0,15327550.0
86,M-1810,item:426331,130135.2,129976.8
86,M-1810,item:693055,8070432.7,8064586.3
86,SDC-1450,item:021081,1010452.0,1010452.0
87,M-1430,item:038005,265315.309788,265315.309788
87,M-1430,item:042342,438639710.0,438639710.0
87,M-1430,item:333362,13855250.0,13855250.0
87,M-1430,item:344135,10547800.0,10547800.0
87,M-1430,item:708073,74556.05,74556.05
87,M-1430,item:730384,3197143.0,3197143.0
87,M-1430,item:734545,64277.0,64277.0
87,M-1430,item:773474,58432284.866,58432284.866
87,M-1810,item:001757,36022.5564,35999.1708
87,M-1810,item:001848,26401.03303,26383.49383
87,M-1810,item:001893,166234.22562,166123.14402
87,M-1810,item:002612,177760.384819,177731.152819
87,M-1810,item:007923,55852.092,55805.3208
87,M-1810,item:016332,9139.89072,9132.87504
87,M-1810,item:029313,914.90256,914.31792
87,M-1810,item:039668,949.42844,948.8438
87,M-1810,item:049371,29597.61472,29575.98304
87,M-1810,item:055703,1924.487545,1923.318265
87,M-1810,item:099439,29459.288,29430.056
87,M-1810,item:338928,17851665.0,17837265.0
87,M-1810,item:338929,15357550.0,15343150.0
87,M-1810,item:426331,129976.8,129818.4
87,M-1810,item:693055,8153723.6,8147877.2
87,SDC-1450,item:021081,1010452.0,1010452.0
88,M-1430,item:038005,268010.182892,268010.182892
88,M-1430,item:042342,438639710.0,438639710.0
88,M-1430,item:333362,14024250.0,14024250.0
88,M-1430,item:344135,10667800.0,10667800.0
88,M-1430,item:708073,74556.05,74556.05
88,M-1430,item:730384,3229791.0,3229791.0
88,M-1430,item:734545,64277.0,64277.0
88,M-1430,item:773474,58432284.866,58432284.866
88,M-1810,item:001757,36329.736,36306.3504
88,M-1810,item:001848,26457.871,26440.3318
88,M-1810,item:001893,166280.16249,166169.08089
88,M-1810,item:002612,177731.152819,177701.920819
88,M-1810,item:007923,55805.3208,55758.5496
88,M-1810,item:016332,9232.0446,9225.02892
88,M-1810,item:029313,922.58205,921.99741
88,M-1810,item:039668,948.8438,948.25916
88,M-1810,item:049371,29881.75585,29860.12417
88,M-1810,item:055703,1923.318265,1922.148985
88,M-1810,item:099439,29430.056,29400.824
88,M-1810,item:338928,18040815.0,18026415.0
88,M-1810,item:338929,15388150.0,15373750.0
88,M-1810,item:426331,149018.4,148860.0
88,M-1810,item:693055,8237014.5,8231168.1
88,SDC-1450,item:021081,1010452.0,1010452.0
89,M-1430,item:038005,270705.055996,270705.055996
89,M-1430,item:042342,438639710.0,438639710.0
89,M-1430,item:333362,14193250.0,14193250.0
89,M-1430,item:344135,10667800.0,10667800.0
89,M-1430,item:708073,74556.05,74556.05
89,M-1430,item:730384,3262439.0,3262439.0
89,M-1430,item:734545,64277.0,64277.0
89,M-1430,item:773474,58432284.866,58432284.866
89,M-1810,item:001757,36636.9156,36613.53
89,M-1810,item:001848,26514.70897,26497.16977
89,M-1810,item:001893,166326.09936,166215.01776
89,M-1810,item:002612,177701.920819,177672.688819
89,M-1810,item:007923,55758.5496,55711.7784
89,M-1810,item:016332,9324.19848,9317.1828
89,M-1810,item:029313,930.26154,929.6769
89,M-1810,item:039668,948.25916,947.67452
89,M-1810,item:049371,30165.89698,30144.2653
89,M-1810,item:055703,1922.148985,1920.979705
89,M-1810,item:099439,29400.824,29371.592
89,M-1810,item:338928,18229965.0,18215565.0
89,M-1810,item:338929,15403750.0,15389350.0
89,M-1810,item:426331,148860.0,148701.6
89,M-1810,item:693055,8320397.4,8314551.0
89,SDC-1450,item:021081,1010452.0,1010452.0
90,M-1430,item:038005,273399.9291,273399.9291
90,M-1430,item:042342,438639710.0,438639710.0
90,M-1430,item:333362,14362250.0,14362250.0
90,M-1430,item:344135,10667800.0,10667800.0
90,M-1430,item:708073,74556.05,74556.05
90,M-1430,item:730384,3295087.0,3295087.0
90,M-1430,item:734545,64277.0,64277.0
90,M-1430,item:773474,58432284.866,58432284.866
90,M-1810,item:001757,36944.0952,36920.7096
90,M-1810,item:001848,26571.54694,26554.00774
90,M-1810,item:001893,166372.03623,166260.95463
90,M-1810,item:002612,177672.688819,177643.456819
90,M-1810,item:007923,55711.7784,55665.0072
90,M-1810,item:016332,9317.1828,9310.16712
90,M-1810,item:029313,937.94103,937.35639
90,M-1810,item:039668,947.67452,947.08988
90,M-1810,item:049371,30450.03811,30428.40643
90,M-1810,item:055703,1920.979705,1919.810425
90,M-1810,item:099439,29371.592,29342.36
90,M-1810,item:338928,18469115.0,18454715.0
90,M-1810,item:338929,15414350.0,15399950.0
90,M-1810,item:426331,148701.6,148543.2
90,M-1810,item:693055,8403780.3,8397933.9
90,SDC-1450,item:021081,1010452.0,1010452.0
91,M-1430,item:038005,276094.802204,276094.802204
91,M-1430,item:042342,438639710.0,438639710.0
91,M-1430,item:333362,14531250.0,14531250.0
91,M-1430,item:344135,10787800.0,10787800.0
91,M-1430,item:708073,74556.05,74556.05
91,M-1430,item:730384,3327735.0,3327735.0
91,M-1430,item:734545,64277.0,64277.0
91,M-1430,item:773474,58432284.866,58432284.866
91,M-1810,item:001757,37251.2748,37227.8892
91,M-1810,item:001848,26628.38491,26610.84571
91,M-1810,item:001893,166417.9731,166306.8915
91,M-1810,item:002612,177643.456819,177614.224819
91,M-1810,item:007923,55665.0072,55618.236
91,M-1810,item:016332,9310.16712,9303.15144
91,M-1810,item:029313,945.62052,945.03588
91,M-1810,item:039668,947.08988,946.50524
91,M-1810,item:049371,30734.17924,30712.54756
91,M-1810,item:055703,1919.810425,1918.641145
91,M-1810,item:099439,29342.36,29313.128
91,M-1810,item:338928,18658265.0,18643865.0
91,M-1810,item:338929,15434950.0,15420550.0
91,M-1810,item:426331,148543.2,148384.8
91,M-1810,item:693055,8487255.2,8481408.8
91,SDC-1450,item:021081,1010452.0,1010452.0
92,M-1430,item:038005,278789.675308,278789.675308
92,M-1430,item:042342,438639710.0,438639710.0
92,M-1430,item:333362,14700250.0,14700250.0
92,M-1430,item:344135,10907800.0,10907800.0
92,M-1430,item:708073,79556.05,79556.05
92,M-1430,item:730384,3360383.0,3360383.0
92,M-1430,item:734545,64277.0,64277.0
92,M-1430,item:773474,58487062.866,58487062.866
92,M-1810,item:001757,37558.4544,37535.0688
92,M-1810,item:001848,26685.22288,26667.68368
92,M-1810,item:001893,166463.90997,166352.82837
92,M-1810,item:002612,177614.224819,177584.992819
92,M-1810,item:007923,55618.236,55571.4648
92,M-1810,item:016332,9303.15144,9296.13576
92,M-1810,item:029313,953.30001,952.71537
92,M-1810,item:039668,946.50524,945.9206
92,M-1810,item:049371,31018.32037,30996.68869
92,M-1810,item:055703,1918.641145,1917.471865
92,M-1810,item:099439,29313.128,29283.896
92,M-1810,item:338928,18847415.0,18833015.0
92,M-1810,item:338929,15460550.0,15446150.0
92,M-1810,item:426331,148384.8,148226.4
92,M-1810,item:693055,8570730.1,8564883.7
92,SDC-1450,item:021081,1010452.0,1010452.0
93,M-1430,item:038005,281484.548412,281484.548412
93,M-1430,item:042342,438639710.0,438639710.0
93,M-1430,item:333362,14869250.0,14869250.0
93,M-1430,item:344135,10907800.0,10907800.0
93,M-1430,item:708073,79556.05,79556.05
93,M-1430,item:730384,3393031.0,3393031.0
93,M-1430,item:734545,64277.0,64277.0
93,M-1430,item:773474,58541840.866,58541840.866
93,M-1810,item:001757,37865.634,37865.634
93,M-1810,item:001848,26742.06085,26742.06085
93,M-1810,item:001893,166509.84684,166509.84684
93,M-1810,item:002612,177584.992819,177584.992819
93,M-1810,item:007923,55571.4648,55571.4648
93,M-1810,item:016332,9296.13576,9296.13576
93,M-1810,item:029313,960.9795,960.9795
93,M-1810,item:039668,945.9206,945.9206
93,M-1810,item:049371,31302.4615,31302.4615
93,M-1810,item:055703,1917.471865,1917.471865
93,M-1810,item:099439,29283.896,29283.896
93,M-1810,item:338928,19061565.0,19061565.0
93,M-1810,item:338929,15476150.0,15476150.0
93,M-1810,item:426331,148226.4,148226.4
93,M-1810,item:693055,8654205.0,8654205.0
93,SDC-1450,item:021081,1010452.0,1010452.0
94,M-1430,item:038005,284179.421516,284179.421516
94,M-1430,item:042342,438639710.0,438639710.0
94,M-1430,item:333362,15038250.0,15038250.0
94,M-1430,item:344135,10907800.0,10907800.0
94,M-1430,item:708073,79556.05,79556.05
94,M-1430,item:730384,3425679.0,3425679.0
94,M-1430,item:734545,64277.0,64277.0
94,M-1430,item:773474,58596618.866,58596618.866
94,M-1810,item:001757,38196.1992,38196.1992
94,M-1810,item:001848,26816.43802,26816.43802
94,M-1810,item:001893,166666.86531,166666.86531
94,M-1810,item:002612,177584.992819,177584.992819
94,M-1810,item:007923,55571.4648,55571.4648
94,M-1810,item:016332,9296.13576,9296.13576
94,M-1810,item:029313,969.24363,969.24363
94,M-1810,item:039668,945.9206,945.9206
94,M-1810,item:049371,31608.23431,31608.23431
94,M-1810,item:055703,1917.471865,1917.471865
94,M-1810,item:099439,29283.896,29283.896
94,M-1810,item:338928,19265115.0,19265115.0
94,M-1810,item:338929,15521150.0,15521150.0
94,M-1810,item:426331,148226.4,148226.4
94,M-1810,item:693055,8743526.3,8743526.3
94,SDC-1450,item:021081,1010452.0,1010452.0
95,M-1430,item:038005,286874.29462,286874.29462
95,M-1430,item:042342,438639710.0,438639710.0
95,M-1430,item:333362,15207250.0,15207250.0
95,M-1430,item:344135,10907800.0,10907800.0
95,M-1430,item:708073,79556.05,79556.05
95,M-1430,item:730384,3458327.0,3458327.0
95,M-1430,item:734545,64277.0,64277.0
95,M-1430,item:773474,58651396.866,58651396.866
95,M-1810,item:001757,38526.7644,38526.7644
95,M-1810,item:001848,26890.81519,26890.81519
95,M-1810,item:001893,166823.88378,166823.88378
95,M-1810,item:002612,177584.992819,177584.992819
95,M-1810,item:007923,55571.4648,55571.4648
95,M-1810,item:016332,9296.13576,9296.13576
95,M-1810,item:029313,977.50776,977.50776
95,M-1810,item:039668,945.9206,945.9206
95,M-1810,item:049371,31914.00712,31914.00712
95,M-1810,item:055703,1917.471865,1917.471865
95,M-1810,item:099439,29283.896,29283.896
95,M-1810,item:338928,19468665.0,19468665.0
95,M-1810,item:338929,15551150.0,15551150.0
95,M-1810,item:426331,148226.4,148226.4
95,M-1810,item:693055,8832846.6,8832846.6
95,SDC-1450,item:021081,1010452.0,1010452.0
96,M-1430,item:038005,289569.167724,289569.167724
96,M-1430,item:042342,438639710.0,438639710.0
96,M-1430,item:333362,15376250.0,15376250.0
96,M-1430,item:344135,10907800.0,10907800.0
96,M-1430,item:708073,79556.05,79556.05
96,M-1430,item:730384,3490975.0,3490975.0
96,M-1430,item:734545,64277.0,64277.0
96,M-1430,item:773474,58706174.866,58706174.866
96,M-1810,item:001757,38857.3296,38857.3296
96,M-1810,item:001848,32965.19236,32965.19236
96,M-1810,item:001893,166980.90225,166980.90225
96,M-1810,item:002612,177584.992819,177584.992819
96,M-1810,item:007923,55571.4648,55571.4648
96,M-1810,item:016332,9296.13576,9296.13576
96,M-1810,item:029313,985.77189,985.77189
96,M-1810,item:039668,945.9206,945.9206
96,M-1810,item:049371,32219.77993,32219.77993
96,M-1810,item:055703,1917.471865,1917.471865
96,M-1810,item:099439,29283.896,29283.896
96,M-1810,item:338928,19697215.0,19697215.0
96,M-1810,item:338929,15581150.0,15581150.0
96,M-1810,item:426331,148226.4,148226.4
96,M-1810,item:693055,8922166.9,8922166.9
96,SDC-1450,item:021081,1010452.0,1010452.0
97,M-1430,item:038005,292264.040828,292264.040828
97,M-1430,item:042342,438639710.0,438639710.0
97,M-1430,item:333362,15545250.0,15545250.0
97,M-1430,item:344135,11027800.0,11027800.0
97,M-1430,item:708073,79556.05,79556.05
97,M-1430,item:730384,3523623.0,3523623.0
97,M-1430,item:734545,64277.0,64277.0
97,M-1430,item:773474,58760952.866,58760952.866
97,M-1810,item:001757,39187.8948,39187.8948
97,M-1810,item:001848,33039.56953,33039.56953
97,M-1810,item:001893,167137.92072,167137.92072
97,M-1810,item:002612,177584.992819,177584.992819
97,M-1810,item:007923,55571.4648,55571.4648
97,M-1810,item:016332,9296.13576,9296.13576
97,M-1810,item:029313,994.03602,994.03602
97,M-1810,item:039668,945.9206,945.9206
97,M-1810,item:049371,32525.55274,32525.55274
97,M-1810,item:055703,1917.471865,1917.471865
97,M-1810,item:099439,29283.896,29283.896
97,M-1810,item:338928,19900765.0,19900765.0
97,M-1810,item:338929,15611150.0,15611150.0
97,M-1810,item:426331,148226.4,148226.4
97,M-1810,item:693055,9011487.2,9011487.2
97,SDC-1450,item:021081,1010452.0,1010452.0
98,M-1430,item:038005,294958.913932,294958.913932
98,M-1430,item:042342,438639710.0,438639710.0
98,M-1430,item:333362,15714250.0,15714250.0
98,M-1430,item:344135,11027800.0,11027800.0
98,M-1430,item:708073,79556.05,79556.05
98,M-1430,item:730384,3556271.0,3556271.0
98,M-1430,item:734545,64277.0,64277.0
98,M-1430,item:773474,58815730.866,58815730.866
98,M-1810,item:001757,39518.46,39518.46
98,M-1810,item:001848,33113.9467,33113.9467
98,M-1810,item:001893,167294.93919,167294.93919
98,M-1810,item:002612,177584.992819,177584.992819
98,M-1810,item:007923,55571.4648,55571.4648
98,M-1810,item:016332,9296.13576,9296.13576
98,M-1810,item:029313,1002.30015,1002.30015
98,M-1810,item:039668,945.9206,945.9206
98,M-1810,item:049371,32831.32555,32831.32555
98,M-1810,item:055703,1917.471865,1917.471865
98,M-1810,item:099439,29283.896,29283.896
98,M-1810,item:338928,20129315.0,20129315.0
98,M-1810,item:338929,15636150.0,15636150.0
98,M-1810,item:426331,148226.4,148226.4
98,M-1810,item:693055,9100853.5,9100853.5
98,SDC-1450,item:021081,1010452.0,1010452.0
99,M-1430,item:038005,297653.787036,297653.787036
99,M-1430,item:042342,438639710.0,438639710.0
99,M-1430,item:333362,15883250.0,15883250.0
99,M-1430,item:344135,11027800.0,11027800.0
99,M-1430,item:708073,79556.05,79556.05
99,M-1430,item:730384,3588919.0,3588919.0
99,M-1430,item:734545,64277.0,64277.0
99,M-1430,item:773474,58870508.866,58870508.866
99,M-1810,item:001757,39849.0252,39825.6396
99,M-1810,item:001848,33188.32387,33170.78467
99,M-1810,item:001893,167451.95766,167340.87606
99,M-1810,item:002612,177584.992819,177555.760819
99,M-1810,item:007923,55571.4648,55524.6936
99,M-1810,item:016332,9296.13576,9289.12008
99,M-1810,item:029313,1010.56428,1009.97964
99,M-1810,item:039668,945.9206,945.33596
99,M-1810,item:049371,33137.09836,33115.46668
99,M-1810,item:055703,1917.471865,1916.302585
99,M-1810,item:099439,29283.896,29254.664
99,M-1810,item:338928,20332865.0,20318465.0
99,M-1810,item:338929,15666150.0,15651750.0
99,M-1810,item:426331,148226.4,148068.0
99,M-1810,item:693055,9190219.8,9184373.4
99,SDC-1450,item:021081,1010452.0,1010452.0
100,M-1430,item:038005,300348.66014,298462.248967
100,M-1430,item:042342,438639710.0,432134842.4
100,M-1430,item:333362,16057250.0,15949450.0
100,M-1430,item:344135,11027800.0,10920000.0
100,M-1430,item:708073,79556.05,78701.196
100,M-1430,item:730384,3621567.0,3598713.4
100,M-1430,item:734545,64277.0,63414.6
100,M-1430,item:773474,58925286.866,57884508.2656
100,M-1810,item:001757,40156.2048,40156.2048
100,M-1810,item:001848,33245.16184,33245.16184
100,M-1810,item:001893,167497.89453,167497.89453
100,M-1810,item:002612,177555.760819,177555.760819
100,M-1810,item:007923,55524.6936,55524.6936
100,M-1810,item:016332,9289.12008,9289.12008
100,M-1810,item:029313,1018.24377,1018.24377
100,M-1810,item:039668,945.33596,945.33596
100,M-1810,item:049371,33421.23949,33421.23949
100,M-1810,item:055703,1916.302585,1916.302585
100,M-1810,item:099439,29254.664,29254.664
100,M-1810,item:338928,20547015.0,20547015.0
100,M-1810,item:338929,15676750.0,15676750.0
100,M-1810,item:426331,148068.0,148068.0
100,M-1810,item:693055,9273785.7,9273785.7
100,SDC-1450,item:021081,1010452.0,1010452.0
101,M-1430,item:038005,301157.122071,301157.122071
101,M-1430,item:042342,432134842.4,432134842.4
101,M-1430,item:333362,16118450.0,16118450.0
101,M-1430,item:344135,10920000.0,10920000.0
101,M-1430,item:708073,78701.196,78701.196
101,M-1430,item:730384,3631361.4,3631361.4
101,M-1430,item:734545,63414.6,63414.6
101,M-1430,item:773474,57939286.2656,57939286.2656
101,M-1810,item:001757,40486.77,40486.77
101,M-1810,item:001848,33319.53901,33319.53901
101,M-1810,item:001893,167654.913,167654.913
101,M-1810,item:002612,177555.760819,177555.760819
101,M-1810,item:007923,55524.6936,55524.6936
101,M-1810,item:016332,9289.12008,9289.12008
101,M-1810,item:029313,1026.5079,1026.5079
101,M-1810,item:039668,945.33596,945.33596
101,M-1810,item:049371,33727.0123,33727.0123
101,M-1810,item:055703,1916.302585,1916.302585
101,M-1810,item:099439,29254.664,29254.664
101,M-1810,item:338928,20750565.0,20750565.0
101,M-1810,item:338929,15706750.0,15706750.0
101,M-1810,item:426331,148068.0,148068.0
101,M-1810,item:693055,9363198.0,9363198.0
101,SDC-1450,item:021081,1010452.0,981844.0
102,M-1430,item:038005,303851.995175,303851.995175
102,M-1430,item:042342,432134842.4,432134842.4
102,M-1430,item:333362,16287450.0,16287450.0
102,M-1430,item:344135,11040000.0,11040000.0
102,M-1430,item:708073,78701.196,78701.196
102,M-1430,item:730384,3664009.4,3664009.4
102,M-1430,item:734545,63414.6,63414.6
102,M-1430,item:773474,57994064.2656,57994064.2656
102,M-1810,item:001757,40817.3352,40817.3352
102,M-1810,item:001848,33393.91618,33393.91618
102,M-1810,item:001893,167811.93147,167811.93147
102,M-1810,item:002612,177555.760819,177555.760819
102,M-1810,item:007923,55524.6936,55524.6936
102,M-1810,item:016332,9289.12008,9289.12008
102,M-1810,item:029313,1034.77203,1034.77203
102,M-1810,item:039668,945.33596,945.33596
102,M-1810,item:049371,34032.78511,34032.78511
102,M-1810,item:055703,1916.302585,1916.302585
102,M-1810,item:099439,29254.664,29254.664
102,M-1810,item:338928,20954115.0,20954115.0
102,M-1810,item:338929,15746750.0,15746750.0
102,M-1810,item:426331,148068.0,148068.0
102,M-1810,item:693055,9452610.3,9452610.3
102,SDC-1450,item:021081,981844.0,981844.0
103,M-1430,item:038005,306546.868279,306546.868279
103,M-1430,item:042342,432134842.4,432134842.4
103,M-1430,item:333362,16456450.0,16456450.0
103,M-1430,item:344135,11040000.0,11040000.0
103,M-1430,item:708073,78701.196,78701.196
103,M-1430,item:730384,3664009.4,3664009.4
103,M-1430,item:734545,63414.6,63414.6
103,M-1430,item:773474,58048842.2656,58048842.2656
103,M-1810,item:001757,41147.9004,41147.9004
103,M-1810,item:001848,33393.91618,33393.91618
103,M-1810,item:001893,167811.93147,167811.93147
103,M-1810,item:002612,177555.760819,177555.760819
103,M-1810,item:007923,55524.6936,55524.6936
103,M-1810,item:016332,9289.12008,9289.12008
103,M-1810,item:029313,1034.77203,1034.77203
103,M-1810,item:039668,945.33596,945.33596
103,M-1810,item:049371,34338.55792,34338.55792
103,M-1810,item:055703,1916.302585,1916.302585
103,M-1810,item:099439,29254.664,29254.664
103,M-1810,item:338928,21157665.0,21157665.0
103,M-1810,item:338929,15771750.0,15771750.0
103,M-1810,item:426331,148068.0,148068.0
103,M-1810,item:693055,9542022.6,9542022.6
103,SDC-1450,item:021081,981844.0,981844.0
104,M-1430,item:038005,309241.741383,309241.741383
104,M-1430,item:042342,432134842.4,432134842.4
104,M-1430,item:333362,16625450.0,16625450.0
104,M-1430,item:344135,11040000.0,11040000.0
104,M-1430,item:708073,78701.196,78701.196
104,M-1430,item:730384,3664009.4,3664009.4
104,M-1430,item:734545,63414.6,63414.6
104,M-1430,item:773474,58103620.2656,58103620.2656
104,M-1810,item:001757,41478.4656,41478.4656
104,M-1810,item:001848,33393.91618,33393.91618
104,M-1810,item:001893,167811.93147,167811.93147
104,M-1810,item:002612,177555.760819,177555.760819
104,M-1810,item:007923,55524.6936,55524.6936
104,M-1810,item:016332,9289.12008,9289.12008
104,M-1810,item:029313,1034.77203,1034.77203
104,M-1810,item:039668,945.33596,945.33596
104,M-1810,item:049371,34644.33073,34644.33073
104,M-1810,item:055703,1916.302585,1916.302585
104,M-1810,item:099439,29254.664,29254.664
104,M-1810,item:338928,21361215.0,21361215.0
104,M-1810,item:338929,15806750.0,15806750.0
104,M-1810,item:426331,148068.0,148068.0
104,M-1810,item:693055,9631434.9,9631434.9
104,SDC-1450,item:021081,981844.0,981844.0
105,M-1430,item:038005,311936.614487,311936.614487
105,M-1430,item:042342,432134842.4,432134842.4
105,M-1430,item:333362,16799450.0,16799450.0
105,M-1430,item:344135,11040000.0,11040000.0
105,M-1430,item:708073,78701.196,78701.196
105,M-1430,item:730384,3664009.4,3664009.4
105,M-1430,item:734545,63414.6,63414.6
105,M-1430,item:773474,58158398.2656,58158398.2656
105,M-1810,item:001757,41809.0308,41785.6452
105,M-1810,item:001848,33393.91618,33376.37698
105,M-1810,item:001893,167811.93147,167700.84987
105,M-1810,item:002612,177555.760819,177526.528819
105,M-1810,item:007923,55524.6936,55477.9224
105,M-1810,item:016332,10389.12008,10382.1044
105,M-1810,item:029313,1034.77203,1034.18739
105,M-1810,item:039668,945.33596,944.75132
105,M-1810,item:049371,34950.10354,34928.47186
105,M-1810,item:055703,1916.302585,1915.133305
105,M-1810,item:099439,29254.664,29225.432
105,M-1810,item:338928,21564765.0,21550365.0
105,M-1810,item:338929,15841750.0,15827350.0
105,M-1810,item:426331,148068.0,147909.6
105,M-1810,item:693055,9720893.2,9715046.8
105,SDC-1450,item:021081,981844.0,981844.0
106,M-1430,item:038005,314631.487591,314631.487591
106,M-1430,item:042342,432134842.4,432134842.4
106,M-1430,item:333362,16968450.0,16968450.0
106,M-1430,item:344135,11160000.0,11160000.0
106,M-1430,item:708073,78701.196,78701.196
106,M-1430,item:730384,3664009.4,3664009.4
106,M-1430,item:734545,63414.6,63414.6
106,M-1430,item:773474,58213176.2656,58213176.2656
106,M-1810,item:001757,42116.2104,42116.2104
106,M-1810,item:001848,33376.37698,33376.37698
106,M-1810,item:001893,167700.84987,167700.84987
106,M-1810,item:002612,177526.528819,177526.528819
106,M-1810,item:007923,55477.9224,55477.9224
106,M-1810,item:016332,10382.1044,10382.1044
106,M-1810,item:029313,1034.18739,1034.18739
106,M-1810,item:039668,944.75132,944.75132
106,M-1810,item:049371,35234.24467,35234.24467
106,M-1810,item:055703,1915.133305,1915.133305
106,M-1810,item:099439,29225.432,29225.432
106,M-1810,item:338928,21753915.0,21753915.0
106,M-1810,item:338929,15857350.0,15857350.0
106,M-1810,item:426331,147909.6,147909.6
106,M-1810,item:693055,9804643.1,9804643.1
106,SDC-1450,item:021081,981844.0,981844.0
107,M-1430,item:038005,317326.360695,317326.360695
107,M-1430,item:042342,432134842.4,432134842.4
107,M-1430,item:333362,17137450.0,17137450.0
107,M-1430,item:344135,11160000.0,11160000.0
107,M-1430,item:708073,78701.196,78701.196
107,M-1430,item:730384,3664009.4,3664009.4
107,M-1430,item:734545,63414.6,63414.6
107,M-1430,item:773474,58267954.2656,58267954.2656
107,M-1810,item:001757,42446.7756,42423.39
107,M-1810,item:001848,33376.37698,33358.83778
107,M-1810,item:001893,167700.84987,167589.76827
107,M-1810,item:002612,177526.528819,177497.296819
107,M-1810,item:007923,55477.9224,55431.1512
107,M-1810,item:016332,10382.1044,10375.08872
107,M-1810,item:029313,1034.18739,1033.60275
107,M-1810,item:039668,944.75132,944.16668
107,M-1810,item:049371,35540.01748,35518.3858
107,M-1810,item:055703,1915.133305,1913.964025
107,M-1810,item:099439,29225.432,29196.2
107,M-1810,item:338928,21957465.0,21943065.0
107,M-1810,item:338929,15882350.0,15867950.0
107,M-1810,item:426331,147909.6,147751.2
107,M-1810,item:693055,9894331.4,9888485.0
107,SDC-1450,item:021081,981844.0,981844.0
108,M-1430,item:038005,320021.233799,320021.233799
108,M-1430,item:042342,432134842.4,432134842.4
108,M-1430,item:333362,17306450.0,17306450.0
108,M-1430,item:344135,11160000.0,11160000.0
108,M-1430,item:708073,78701.196,78701.196
108,M-1430,item:730384,3664009.4,3664009.4
108,M-1430,item:734545,63414.6,63414.6
108,M-1430,item:773474,58322731.2656,58322731.2656
108,M-1810,item:001757,42753.9552,42730.5696
108,M-1810,item:001848,33358.83778,33341.29858
108,M-1810,item:001893,190389.76827,190278.68667
108,M-1810,item:002612,177497.296819,177468.064819
108,M-1810,item:007923,55431.1512,55384.38
108,M-1810,item:016332,10375.08872,10368.07304
108,M-1810,item:029313,1033.60275,1033.01811
108,M-1810,item:039668,944.16668,943.58204
108,M-1810,item:049371,35824.15861,35802.52693
108,M-1810,item:055703,1913.964025,1912.794745
108,M-1810,item:099439,29196.2,29166.968
108,M-1810,item:338928,22146615.0,22132215.0
108,M-1810,item:338929,15892950.0,15878550.0
108,M-1810,item:426331,147751.2,147592.8
108,M-1810,item:693055,9978173.3,9972326.9
108,SDC-1450,item:021081,981844.0,981844.0
109,M-1430,item:038005,322716.106903,322716.106903
109,M-1430,item:042342,432134842.4,432134842.4
109,M-1430,item:333362,17475450.0,17475450.0
109,M-1430,item:344135,11160000.0,11160000.0
109,M-1430,item:708073,78701.196,78701.196
109,M-1430,item:730384,3664009.4,3664009.4
109,M-1430,item:734545,63414.6,63414.6
109,M-1430,item:773474,58377508.2656,58377508.2656
109,M-1810,item:001757,43061.1348,43037.7492
109,M-1810,item:001848,33341.29858,33323.75938
109,M-1810,item:001893,190278.68667,190167.60507
109,M-1810,item:002612,177468.064819,177438.832819
109,M-1810,item:007923,55384.38,55337.6088
109,M-1810,item:016332,10368.07304,10361.05736
109,M-1810,item:029313,1033.01811,1032.43347
109,M-1810,item:039668,943.58204,942.9974
109,M-1810,item:049371,36108.29974,36086.66806
109,M-1810,item:055703,1912.794745,1911.625465
109,M-1810,item:099439,29166.968,29137.736
109,M-1810,item:338928,22385765.0,22371365.0
109,M-1810,item:338929,15918550.0,15904150.0
109,M-1810,item:426331,147592.8,147434.4
109,M-1810,item:693055,10062015.2,10056168.8
109,SDC-1450,item:021081,981844.0,981844.0
110,M-1430,item:038005,325410.980007,325410.980007
110,M-1430,item:042342,432134842.4,432134842.4
110,M-1430,item:333362,17495450.0,17495450.0
110,M-1430,item:344135,11280000.0,11280000.0
110,M-1430,item:708073,78701.196,78701.196
110,M-1430,item:730384,3664009.4,3664009.4
110,M-1430,item:734545,63414.6,63414.6
110,M-1430,item:773474,58432285.2656,58432285.2656
110,M-1810,item:001757,43368.3144,43344.9288
110,M-1810,item:001848,33323.75938,33306.22018
110,M-1810,item:001893,190167.60507,190056.52347
110,M-1810,item:002612,177438.832819,177409.600819
110,M-1810,item:007923,55337.6088,55290.8376
110,M-1810,item:016332,10361.05736,10354.04168
110,M-1810,item:029313,1032.43347,1031.84883
110,M-1810,item:039668,942.9974,942.41276
110,M-1810,item:049371,36392.44087,36370.80919
110,M-1810,item:055703,1911.625465,1910.456185
110,M-1810,item:099439,29137.736,29108.504
110,M-1810,item:338928,22599915.0,22585515.0
110,M-1810,item:338929,15934150.0,15919750.0
110,M-1810,item:426331,147434.4,147276.0
110,M-1810,item:693055,10145857.1,10140010.7
110,SDC-1450,item:021081,981844.0,981844.0
111,M-1430,item:038005,328105.853111,328105.853111
111,M-1430,item:042342,432134842.4,432134842.4
111,M-1430,item:333362,17510450.0,17510450.0
111,M-1430,item:344135,11280000.0,11280000.0
111,M-1430,item:708073,78701.196,78701.196
111,M-1430,item:730384,3664009.4,3664009.4
111,M-1430,item:734545,63414.6,63414.6
111,M-1430,item:773474,58432285.2656,58432285.2656
111,M-1810,item:001757,43675.494,43652.1084
111,M-1810,item:001848,33306.22018,33288.68098
111,M-1810,item:001893,190056.52347,189945.44187
111,M-1810,item:002612,177409.600819,177380.368819
111,M-1810,item:007923,55290.8376,55244.0664
111,M-1810,item:016332,10354.04168,10347.026
111,M-1810,item:029313,1031.84883,1031.26419
111,M-1810,item:039668,942.41276,941.82812
111,M-1810,item:049371,36676.582,36654.95032
111,M-1810,item:055703,1910.456185,1909.286905
111,M-1810,item:099439,29108.504,29079.272
111,M-1810,item:338928,22814065.0,22799665.0
111,M-1810,item:338929,15949750.0,15935350.0
111,M-1810,item:426331,147276.0,147117.6
111,M-1810,item:693055,10229744.0,10223897.6
111,SDC-1450,item:021081,981844.0,981844.0
112,M-1430,item:038005,330800.726215,330800.726215
112,M-1430,item:042342,432134842.4,432134842.4
112,M-1430,item:333362,17525450.0,17525450.0
112,M-1430,item:344135,11280000.0,11280000.0
112,M-1430,item:708073,78701.196,78701.196
112,M-1430,item:730384,3664009.4,3664009.4
112,M-1430,item:734545,63414.6,63414.6
112,M-1430,item:773474,58432285.2656,58432285.2656
112,M-1810,item:001757,43982.6736,43959.288
112,M-1810,item:001848,33288.68098,33271.14178
112,M-1810,item:001893,189945.44187,189834.36027
112,M-1810,item:002612,177380.368819,177351.136819
112,M-1810,item:007923,55244.0664,55197.2952
112,M-1810,item:016332,10347.026,10340.01032
112,M-1810,item:029313,1031.26419,1030.67955
112,M-1810,item:039668,941.82812,941.24348
112,M-1810,item:049371,36960.72313,36939.09145
112,M-1810,item:055703,1909.286905,1908.117625
112,M-1810,item:099439,29079.272,29050.04
112,M-1810,item:338928,23003215.0,22988815.0
112,M-1810,item:338929,15965350.0,15950950.0
112,M-1810,item:426331,147117.6,146959.2
112,M-1810,item:693055,10313676.9,10307830.5
112,SDC-1450,item:021081,981844.0,981844.0
113,M-1430,item:038005,333495.599319,333495.599319
113,M-1430,item:042342,432134842.4,432134842.4
113,M-1430,item:333362,17540450.0,17540450.0
113,M-1430,item:344135,11280000.0,11280000.0
113,M-1430,item:708073,78701.196,78701.196
113,M-1430,item:730384,3664009.4,3664009.4
113,M-1430,item:734545,63414.6,63414.6
113,M-1430,item:773474,58432285.2656,58432285.2656
113,M-1810,item:001757,44289.8532,44266.4676
113,M-1810,item:001848,33271.14178,33253.60258
113,M-1810,item:001893,189834.36027,189723.27867
113,M-1810,item:002612,177351.136819,177321.904819
113,M-1810,item:007923,55197.2952,55150.524
113,M-1810,item:016332,10340.01032,10332.99464
113,M-1810,item:029313,1030.67955,1030.09491
113,M-1810,item:039668,941.24348,940.65884
113,M-1810,item:049371,37244.86426,37223.23258
113,M-1810,item:055703,1908.117625,1906.948345
113,M-1810,item:099439,29050.04,29020.808
113,M-1810,item:338928,23192365.0,23177965.0
113,M-1810,item:338929,15975950.0,15961550.0
113,M-1810,item:426331,146959.2,146800.8
113,M-1810,item:693055,10397609.8,10391763.4
113,SDC-1450,item:021081,981844.0,981844.0
114,M-1430,item:038005,336190.472423,336190.472423
114,M-1430,item:042342,432134842.4,432134842.4
114,M-1430,item:333362,17555450.0,17555450.0
114,M-1430,item:344135,11280000.0,11280000.0
114,M-1430,item:708073,78701.196,78701.196
114,M-1430,item:730384,3664009.4,3664009.4
114,M-1430,item:734545,63414.6,63414.6
114,M-1430,item:773474,58432285.2656,58432285.2656
114,M-1810,item:001757,44597.0328,44573.6472
114,M-1810,item:001848,33253.60258,33236.06338
114,M-1810,item:001893,189723.27867,189612.19707
114,M-1810,item:002612,177321.904819,177292.672819
114,M-1810,item:007923,55150.524,55103.7528
114,M-1810,item:016332,10332.99464,10325.97896
114,M-1810,item:029313,1030.09491,1029.51027
114,M-1810,item:039668,940.65884,940.0742
114,M-1810,item:049371,37529.00539,37507.37371
114,M-1810,item:055703,1906.948345,1905.779065
114,M-1810,item:099439,29020.808,28991.576
114,M-1810,item:338928,23406515.0,23392115.0
114,M-1810,item:338929,15986550.0,15972150.0
114,M-1810,item:426331,146800.8,146642.4
114,M-1810,item:693055,10481542.7,10475696.3
114,SDC-1450,item:021081,981844.0,981844.0
115,M-1430,item:038005,338885.345527,338885.345527
115,M-1430,item:042342,432134842.4,432134842.4
115,M-1430,item:333362,17570450.0,17570450.0
115,M-1430,item:344135,11400000.0,11400000.0
115,M-1430,item:708073,78701.196,78701.196
115,M-1430,item:730384,3664009.4,3664009.4
115,M-1430,item:734545,63414.6,63414.6
115,M-1430,item:773474,58432285.2656,58432285.2656
115,M-1810,item:001757,44904.2124,44880.8268
115,M-1810,item:001848,33236.06338,33218.52418
115,M-1810,item:001893,189612.19707,189501.11547
115,M-1810,item:002612,177292.672819,177263.440819
115,M-1810,item:007923,55103.7528,55056.9816
115,M-1810,item:016332,10325.97896,10318.96328
115,M-1810,item:029313,1029.51027,1028.92563
115,M-1810,item:039668,940.0742,939.48956
115,M-1810,item:049371,37813.14652,37791.51484
115,M-1810,item:055703,1905.779065,1904.609785
115,M-1810,item:099439,28991.576,28962.344
115,M-1810,item:338928,23595665.0,23581265.0
115,M-1810,item:338929,16002150.0,15987750.0
115,M-1810,item:426331,146642.4,146484.0
115,M-1810,item:693055,10565474.6,10559628.2
115,SDC-1450,item:021081,981844.0,981844.0
116,M-1430,item:038005,341580.218631,341580.218631
116,M-1430,item:042342,432134842.4,432134842.4
116,M-1430,item:333362,17590450.0,17590450.0
116,M-1430,item:344135,11400000.0,11400000.0
116,M-1430,item:708073,78701.196,78701.196
116,M-1430,item:730384,3664009.4,3664009.4
116,M-1430,item:734545,63414.6,63414.6
116,M-1430,item:773474,58432285.2656,58432285.2656
116,M-1810,item:001757,45211.392,45188.0064
116,M-1810,item:001848,33218.52418,33200.98498
116,M-1810,item:001893,189501.11547,189390.03387
116,M-1810,item:002612,177263.440819,177234.208819
116,M-1810,item:007923,55056.9816,55010.2104
116,M-1810,item:016332,10318.96328,10311.9476
116,M-1810,item:029313,1028.92563,1028.34099
116,M-1810,item:039668,939.48956,938.90492
116,M-1810,item:049371,38097.28765,38075.65597
116,M-1810,item:055703,1904.609785,1903.440505
116,M-1810,item:099439,28962.344,28933.112
116,M-1810,item:338928,23784815.0,23770415.0
116,M-1810,item:338929,16027750.0,16013350.0
116,M-1810,item:426331,146484.0,146325.6
116,M-1810,item:693055,10649406.5,10643560.1
116,SDC-1450,item:021081,981844.0,981844.0
117,M-1430,item:038005,344275.091735,344275.091735
117,M-1430,item:042342,432134842.4,432134842.4
117,M-1430,item:333362,17605450.0,17605450.0
117,M-1430,item:344135,11400000.0,11400000.0
117,M-1430,item:708073,78701.196,78701.196
117,M-1430,item:730384,3664009.4,3664009.4
117,M-1430,item:734545,63414.6,63414.6
117,M-1430,item:773474,58432285.2656,58432285.2656
117,M-1810,item:001757,45518.5716,45495.186
117,M-1810,item:001848,33200.98498,33183.44578
117,M-1810,item:001893,189390.03387,189278.95227
117,M-1810,item:002612,177234.208819,177204.976819
117,M-1810,item:007923,55010.2104,54963.4392
117,M-1810,item:016332,10311.9476,10304.93192
117,M-1810,item:029313,1028.34099,1027.75635
117,M-1810,item:039668,938.90492,938.32028
117,M-1810,item:049371,38381.42878,38359.7971
117,M-1810,item:055703,1903.440505,1902.271225
117,M-1810,item:099439,28933.112,28903.88
117,M-1810,item:338928,23998965.0,23984565.0
117,M-1810,item:338929,16043350.0,16028950.0
117,M-1810,item:426331,146325.6,146167.2
117,M-1810,item:693055,10733430.4,10727584.0
117,SDC-1450,item:021081,981844.0,981844.0
118,M-1430,item:038005,346969.964839,346969.964839
118,M-1430,item:042342,432134842.4,432134842.4
118,M-1430,item:333362,17620450.0,17620450.0
118,M-1430,item:344135,11400000.0,11400000.0
118,M-1430,item:708073,78701.196,78701.196
118,M-1430,item:730384,3664009.4,3664009.4
118,M-1430,item:734545,63414.6,63414.6
118,M-1430,item:773474,58432285.2656,58432285.2656
118,M-1810,item:001757,45825.7512,45802.3656
118,M-1810,item:001848,33183.44578,33165.90658
118,M-1810,item:001893,189278.95227,189167.87067
118,M-1810,item:002612,177204.976819,177175.744819
118,M-1810,item:007923,54963.4392,54916.668
118,M-1810,item:016332,10304.93192,10297.91624
118,M-1810,item:029313,1027.75635,1027.17171
118,M-1810,item:039668,938.32028,937.73564
118,M-1810,item:049371,38665.56991,38643.93823
118,M-1810,item:055703,1902.271225,1901.101945
118,M-1810,item:099439,28903.88,28874.648
118,M-1810,item:338928,24238115.0,24223715.0
118,M-1810,item:338929,16053950.0,16039550.0
118,M-1810,item:426331,146167.2,146008.8
118,M-1810,item:693055,10817500.3,10811653.9
118,SDC-1450,item:021081,981844.0,981844.0
119,M-1430,item:038005,349664.837943,349664.837943
119,M-1430,item:042342,432134842.4,432134842.4
119,M-1430,item:333362,17635450.0,17635450.0
119,M-1430,item:344135,11520000.0,11520000.0
119,M-1430,item:708073,78701.196,78701.196
119,M-1430,item:730384,3664009.4,3664009.4
119,M-1430,item:734545,63414.6,63414.6
119,M-1430,item:773474,58432285.2656,58432285.2656
119,M-1810,item:001757,46132.9308,46132.9308
119,M-1810,item:001848,33165.90658,33165.90658
119,M-1810,item:001893,189167.87067,189167.87067
119,M-1810,item:002612,177175.744819,177175.744819
119,M-1810,item:007923,54922.80672,54922.80672
119,M-1810,item:016332,10297.91624,10297.91624
119,M-1810,item:029313,1027.17171,1027.17171
119,M-1810,item:039668,937.73564,937.73564
119,M-1810,item:049371,38949.71104,38949.71104
119,M-1810,item:055703,1901.101945,1901.101945
119,M-1810,item:099439,28874.648,28874.648
119,M-1810,item:338928,24427265.0,24427265.0
119,M-1810,item:338929,16084550.0,16084550.0
119,M-1810,item:426331,146008.8,146008.8
119,M-1810,item:693055,10901570.2,10901570.2
119,SDC-1450,item:021081,981844.0,981844.0
120,M-1430,item:038005,352359.711047,352359.711047
120,M-1430,item:042342,432134842.4,432134842.4
120,M-1430,item:333362,17650450.0,17650450.0
120,M-1430,item:344135,11520000.0,11520000.0
120,M-1430,item:708073,78701.196,78701.196
120,M-1430,item:730384,3664009.4,3664009.4
120,M-1430,item:734545,63414.6,63414.6
120,M-1430,item:773474,58432285.2656,58432285.2656
120,M-1810,item:001757,46463.496,46440.1104
120,M-1810,item:001848,33165.90658,33148.36738
120,M-1810,item:001893,189167.87067,189056.78907
120,M-1810,item:002612,177175.744819,177146.512819
120,M-1810,item:007923,54972.2088,54925.4376
120,M-1810,item:016332,10297.91624,10290.90056
120,M-1810,item:029313,1027.17171,1026.58707
120,M-1810,item:039668,937.73564,937.151
120,M-1810,item:049371,39255.48385,39233.85217
120,M-1810,item:055703,1901.101945,1899.932665
120,M-1810,item:099439,28874.648,28845.416
120,M-1810,item:338928,24630815.0,24616415.0
120,M-1810,item:338929,16114550.0,16100150.0
120,M-1810,item:426331,146008.8,145850.4
120,M-1810,item:693055,10991486.5,10985640.1
120,SDC-1450,item:021081,981844.0,981844.0
121,M-1430,item:038005,355054.584151,355054.584151
121,M-1430,item:042342,432134842.4,432134842.4
121,M-1430,item:333362,17670450.0,17670450.0
121,M-1430,item:344135,11520000.0,11520000.0
121,M-1430,item:708073,78701.196,78701.196
121,M-1430,item:730384,3664009.4,3664009.4
121,M-1430,item:734545,63414.6,63414.6
121,M-1430,item:773474,58487063.2656,58487063.2656
121,M-1810,item:001757,46770.6756,46770.6756
121,M-1810,item:001848,33148.36738,33148.36738
121,M-1810,item:001893,189056.78907,189056.78907
121,M-1810,item:002612,177146.512819,177146.512819
121,M-1810,item:007923,54958.17744,54958.17744
121,M-1810,item:016332,10290.90056,10290.90056
121,M-1810,item:029313,1026.58707,1026.58707
121,M-1810,item:039668,937.151,937.151
121,M-1810,item:049371,39539.62498,39539.62498
121,M-1810,item:055703,1899.932665,1899.932665
121,M-1810,item:099439,28845.416,28845.416
121,M-1810,item:338928,24869965.0,24869965.0
121,M-1810,item:338929,16140150.0,16140150.0
121,M-1810,item:426331,145850.4,145850.4
121,M-1810,item:693055,11075555.4,11075555.4
121,SDC-1450,item:021081,981844.0,981844.0
122,M-1430,item:038005,357749.457255,357749.457255
122,M-1430,item:042342,432134842.4,432134842.4
122,M-1430,item:333362,17685450.0,17685450.0
122,M-1430,item:344135,11520000.0,11520000.0
122,M-1430,item:708073,78701.196,78701.196
122,M-1430,item:730384,3664009.4,3664009.4
122,M-1430,item:734545,63414.6,63414.6
122,M-1430,item:773474,58541841.2656,58541841.2656
122,M-1810,item:001757,47101.2408,47101.2408
122,M-1810,item:001848,33148.36738,33148.36738
122,M-1810,item:001893,189056.78907,189056.78907
122,M-1810,item:002612,177146.512819,177146.512819
122,M-1810,item:007923,54986.24016,54986.24016
122,M-1810,item:016332,10290.90056,10290.90056
122,M-1810,item:029313,1026.58707,1026.58707
122,M-1810,item:039668,937.151,937.151
122,M-1810,item:049371,39845.39779,39845.39779
122,M-1810,item:055703,1899.932665,1899.932665
122,M-1810,item:099439,28845.416,28845.416
122,M-1810,item:338928,25073515.0,25073515.0
122,M-1810,item:338929,16170150.0,16170150.0
122,M-1810,item:426331,145850.4,145850.4
122,M-1810,item:693055,11165516.7,11165516.7
122,SDC-1450,item:021081,981844.0,981844.0
123,M-1430,item:038005,360444.330359,360444.330359
123,M-1430,item:042342,432134842.4,432134842.4
123,M-1430,item:333362,17700450.0,17700450.0
123,M-1430,item:344135,11520000.0,11520000.0
123,M-1430,item:708073,78701.196,78701.196
123,M-1430,item:730384,3664009.4,3664009.4
123,M-1430,item:734545,63414.6,63414.6
123,M-1430,item:773474,58596619.2656,58596619.2656
123,M-1810,item:001757,47431.806,47431.806
123,M-1810,item:001848,33148.36738,33148.36738
123,M-1810,item:001893,189056.78907,189056.78907
123,M-1810,item:002612,177146.512819,177146.512819
123,M-1810,item:007923,54986.24016,54986.24016
123,M-1810,item:016332,10290.90056,10290.90056
123,M-1810,item:029313,1026.58707,1026.58707
123,M-1810,item:039668,937.151,937.151
123,M-1810,item:049371,40151.1706,40151.1706
123,M-1810,item:055703,1899.932665,1899.932665
123,M-1810,item:099439,28845.416,28845.416
123,M-1810,item:338928,25277065.0,25277065.0
123,M-1810,item:338929,16215150.0,16215150.0
123,M-1810,item:426331,145850.4,145850.4
123,M-1810,item:693055,11255478.0,11255478.0
123,SDC-1450,item:021081,981844.0,981844.0
124,M-1430,item:038005,363139.203463,363139.203463
124,M-1430,item:042342,432134842.4,432134842.4
124,M-1430,item:333362,17715450.0,17715450.0
124,M-1430,item:344135,11640000.0,11640000.0
124,M-1430,item:708073,78701.196,78701.196
124,M-1430,item:730384,3664009.4,3664009.4
124,M-1430,item:734545,63414.6,63414.6
124,M-1430,item:773474,58651397.2656,58651397.2656
124,M-1810,item:001757,47762.3712,47762.3712
124,M-1810,item:001848,33148.36738,33148.36738
124,M-1810,item:001893,189056.78907,189056.78907
124,M-1810,item:002612,177146.512819,177146.512819
124,M-1810,item:007923,55018.98,55018.98
124,M-1810,item:016332,10290.90056,10290.90056
124,M-1810,item:029313,1026.58707,1026.58707
124,M-1810,item:039668,937.151,937.151
124,M-1810,item:049371,40456.94341,40456.94341
124,M-1810,item:055703,1899.932665,1899.932665
124,M-1810,item:099439,28845.416,28845.416
124,M-1810,item:338928,25480615.0,25480615.0
124,M-1810,item:338929,16240150.0,16240150.0
124,M-1810,item:426331,145850.4,145850.4
124,M-1810,item:693055,11345438.3,11345438.3
124,SDC-1450,item:021081,981844.0,981844.0
125,M-1430,item:038005,365834.076567,365834.076567
125,M-1430,item:042342,432134842.4,432134842.4
125,M-1430,item:333362,17730450.0,17730450.0
125,M-1430,item:344135,11640000.0,11640000.0
125,M-1430,item:708073,78701.196,78701.196
125,M-1430,item:730384,3664009.4,3664009.4
125,M-1430,item:734545,63414.6,63414.6
125,M-1430,item:773474,58706175.2656,58706175.2656
125,M-1810,item:001757,48192.9364,48192.9364
125,M-1810,item:001848,33148.36738,33148.36738
125,M-1810,item:001893,189056.78907,189056.78907
125,M-1810,item:002612,177146.512819,177146.512819
125,M-1810,item:007923,55018.98,55018.98
125,M-1810,item:016332,10290.90056,10290.90056
125,M-1810,item:029313,1026.58707,1026.58707
125,M-1810,item:039668,937.151,937.151
125,M-1810,item:049371,40762.71622,40762.71622
125,M-1810,item:055703,1899.932665,1899.932665
125,M-1810,item:099439,28845.416,28845.416
125,M-1810,item:338928,25709165.0,25709165.0
125,M-1810,item:338929,16270150.0,16270150.0
125,M-1810,item:426331,145850.4,145850.4
125,M-1810,item:693055,11435398.6,11435398.6
125,SDC-1450,item:021081,981844.0,981844.0
126,M-1430,item:038005,368528.949671,368528.949671
126,M-1430,item:042342,432134842.4,432134842.4
126,M-1430,item:333362,17750450.0,17750450.0
126,M-1430,item:344135,11640000.0,11640000.0
126,M-1430,item:708073,78701.196,78701.196
126,M-1430,item:730384,3664009.4,3664009.4
126,M-1430,item:734545,63414.6,63414.6
126,M-1430,item:773474,58760953.2656,58760953.2656
126,M-1810,item:001757,48523.5016,48523.5016
126,M-1810,item:001848,33148.36738,33148.36738
126,M-1810,item:001893,189056.78907,189056.78907
126,M-1810,item:002612,177146.512819,177146.512819
126,M-1810,item:007923,55018.98,55018.98
126,M-1810,item:016332,10290.90056,10290.90056
126,M-1810,item:029313,1026.58707,1026.58707
126,M-1810,item:039668,937.151,937.151
126,M-1810,item:049371,41068.48903,41068.48903
126,M-1810,item:055703,1899.932665,1899.932665
126,M-1810,item:099439,28845.416,28845.416
126,M-1810,item:338928,25912715.0,25912715.0
126,M-1810,item:338929,16320150.0,16320150.0
126,M-1810,item:426331,145850.4,145850.4
126,M-1810,item:693055,11525404.9,11525404.9
126,SDC-1450,item:021081,981844.0,981844.0
127,M-1430,item:038005,371223.822775,371223.822775
127,M-1430,item:042342,432134842.4,432134842.4
127,M-1430,item:333362,17765450.0,17765450.0
127,M-1430,item:344135,11640000.0,11640000.0
127,M-1430,item:708073,78701.196,78701.196
127,M-1430,item:730384,3664009.4,3664009.4
127,M-1430,item:734545,63414.6,63414.6
127,M-1430,item:773474,58815731.2656,58815731.2656
127,M-1810,item:001757,48854.0668,48854.0668
127,M-1810,item:001848,33148.36738,33148.36738
127,M-1810,item:001893,189056.78907,189056.78907
127,M-1810,item:002612,177146.512819,177146.512819
127,M-1810,item:007923,55018.98,55018.98
127,M-1810,item:016332,10290.90056,10290.90056
127,M-1810,item:029313,1026.58707,1026.58707
127,M-1810,item:039668,937.151,937.151
127,M-1810,item:049371,41374.26184,41374.26184
127,M-1810,item:055703,1899.932665,1899.932665
127,M-1810,item:099439,28845.416,28845.416
127,M-1810,item:338928,26141265.0,26141265.0
127,M-1810,item:338929,16350150.0,16350150.0
127,M-1810,item:426331,145850.4,145850.4
127,M-1810,item:693055,11615411.2,11615411.2
127,SDC-1450,item:021081,981844.0,981844.0
128,M-1430,item:038005,373918.695879,373918.695879
128,M-1430,item:042342,432134842.4,432134842.4
128,M-1430,item:333362,17780450.0,17780450.0
128,M-1430,item:344135,11640000.0,11640000.0
128,M-1430,item:708073,78701.196,78701.196
128,M-1430,item:730384,3664009.4,3664009.4
128,M-1430,item:734545,63414.6,63414.6
128,M-1430,item:773474,58870509.2656,58870509.2656
128,M-1810,item:001757,49184.632,49184.632
128,M-1810,item:001848,33148.36738,33148.36738
128,M-1810,item:001893,189056.78907,189056.78907
128,M-1810,item:002612,177146.512819,177146.512819
128,M-1810,item:007923,55018.98,55018.98
128,M-1810,item:016332,10290.90056,10290.90056
128,M-1810,item:029313,1026.58707,1026.58707
128,M-1810,item:039668,937.151,937.151
128,M-1810,item:049371,41680.03465,41680.03465
128,M-1810,item:055703,1899.932665,1899.932665
128,M-1810,item:099439,33045.416,33045.416
128,M-1810,item:338928,26216265.0,26216265.0
128,M-1810,item:338929,16375150.0,16375150.0
128,M-1810,item:426331,145850.4,145850.4
128,M-1810,item:693055,11622776.2,11622776.2
128,SDC-1450,item:021081,981844.0,981844.0
129,M-1430,item:038005,376613.568983,376613.568983
129,M-1430,item:042342,432134842.4,432134842.4
129,M-1430,item:333362,17795450.0,17795450.0
129,M-1430,item:344135,11640000.0,11640000.0
129,M-1430,item:708073,78701.196,78701.196
129,M-1430,item:730384,3664009.4,3664009.4
129,M-1430,item:734545,63414.6,63414.6
129,M-1430,item:773474,58925287.2656,58925287.2656
129,M-1810,item:001757,49515.1972,49515.1972
129,M-1810,item:001848,33148.36738,33148.36738
129,M-1810,item:001893,189056.78907,189056.78907
129,M-1810,item:002612,177146.512819,177146.512819
129,M-1810,item:007923,55018.98,55018.98
129,M-1810,item:016332,10290.90056,10290.90056
129,M-1810,item:029313,1026.58707,1026.58707
129,M-1810,item:039668,937.151,937.151
129,M-1810,item:049371,41985.80746,41985.80746
129,M-1810,item:055703,1899.932665,1899.932665
129,M-1810,item:099439,33045.416,33045.416
129,M-1810,item:338928,26241265.0,26241265.0
129,M-1810,item:338929,16415150.0,16415150.0
129,M-1810,item:426331,145850.4,145850.4
129,M-1810,item:693055,11630141.2,11630141.2
129,SDC-1450,item:021081,981844.0,981844.0
130,M-1430,item:038005,379308.442087,379308.442087
130,M-1430,item:042342,432134842.4,432134842.4
130,M-1430,item:333362,17810450.0,17810450.0
130,M-1430,item:344135,11640000.0,11640000.0
130,M-1430,item:708073,78701.196,78701.196
130,M-1430,item:730384,3664009.4,3664009.4
130,M-1430,item:734545,63414.6,63414.6
130,M-1430,item:773474,58980065.2656,58980065.2656
130,M-1810,item:001757,49845.7624,49845.7624
130,M-1810,item:001848,33148.36738,33148.36738
130,M-1810,item:001893,189056.78907,189056.78907
130,M-1810,item:002612,177146.512819,177146.512819
130,M-1810,item:007923,55018.98,55018.98
130,M-1810,item:016332,10290.90056,10290.90056
130,M-1810,item:029313,1026.58707,1026.58707
130,M-1810,item:039668,937.151,937.151
130,M-1810,item:049371,42291.58027,42291.58027
130,M-1810,item:055703,1899.932665,1899.932665
130,M-1810,item:099439,33045.416,33045.416
130,M-1810,item:338928,26266265.0,26266265.0
130,M-1810,item:338929,16460150.0,16460150.0
130,M-1810,item:426331,145850.4,145850.4
130,M-1810,item:693055,11637506.2,11637506.2
130,SDC-1450,item:021081,981844.0,981844.0
131,M-1430,item:038005,382003.315191,382003.315191
131,M-1430,item:042342,432134842.4,432134842.4
131,M-1430,item:333362,17835450.0,17835450.0
131,M-1430,item:344135,11640000.0,11640000.0
131,M-1430,item:708073,78701.196,78701.196
131,M-1430,item:730384,4034009.4,4034009.4
131,M-1430,item:734545,63414.6,63414.6
131,M-1430,item:773474,59034843.2656,59034843.2656
131,M-1810,item:001757,50176.3276,50176.3276
131,M-1810,item:001848,33148.36738,33148.36738
131,M-1810,item:001893,189056.78907,189056.78907
131,M-1810,item:002612,177146.512819,177146.512819
131,M-1810,item:007923,55018.98,55018.98
131,M-1810,item:016332,10290.90056,10290.90056
131,M-1810,item:029313,1026.58707,1026.58707
131,M-1810,item:039668,937.151,937.151
131,M-1810,item:049371,42597.35308,42597.35308
131,M-1810,item:055703,1899.932665,1899.932665
131,M-1810,item:099439,33045.416,33045.416
131,M-1810,item:338928,26266265.0,26266265.0
131,M-1810,item:338929,16490150.0,16490150.0
131,M-1810,item:426331,145850.4,145850.4
131,M-1810,item:693055,11644917.2,11644917.2
131,SDC-1450,item:021081,981844.0,981844.0
132,M-1430,item:038005,384698.188295,384698.188295
132,M-1430,item:042342,432134842.4,432134842.4
132,M-1430,item:333362,17850450.0,17850450.0
132,M-1430,item:344135,11640000.0,11640000.0
132,M-1430,item:708073,78701.196,78701.196
132,M-1430,item:730384,4034009.4,4034009.4
132,M-1430,item:734545,63414.6,63414.6
132,M-1430,item:773474,59089621.2656,59089621.2656
132,M-1810,item:001757,50506.8928,50506.8928
132,M-1810,item:001848,33148.36738,33148.36738
132,M-1810,item:001893,189056.78907,189056.78907
132,M-1810,item:002612,177146.512819,177146.512819
132,M-1810,item:007923,55018.98,55018.98
132,M-1810,item:016332,10290.90056,10290.90056
132,M-1810,item:029313,1026.58707,1026.58707
132,M-1810,item:039668,937.151,937.151
132,M-1810,item:049371,42903.12589,42903.12589
132,M-1810,item:055703,1899.932665,1899.932665
132,M-1810,item:099439,33045.416,33045.416
132,M-1810,item:338928,26291265.0,26291265.0
132,M-1810,item:338929,16535150.0,16535150.0
132,M-1810,item:426331,145850.4,145850.4
132,M-1810,item:693055,11652374.2,11652374.2
132,SDC-1450,item:021081,981844.0,981844.0
133,M-1430,item:038005,387393.061399,387393.061399
133,M-1430,item:042342,432134842.4,432134842.4
133,M-1430,item:333362,17865450.0,17865450.0
133,M-1430,item:344135,11640000.0,11640000.0
133,M-1430,item:708073,78701.196,78701.196
133,M-1430,item:730384,4034009.4,4034009.4
133,M-1430,item:734545,63414.6,63414.6
133,M-1430,item:773474,59144399.2656,59144399.2656
133,M-1810,item:001757,50837.458,50837.458
133,M-1810,item:001848,33148.36738,33148.36738
133,M-1810,item:001893,189056.78907,189056.78907
133,M-1810,item:002612,177146.512819,177146.512819
133,M-1810,item:007923,55018.98,55018.98
133,M-1810,item:016332,10290.90056,10290.90056
133,M-1810,item:029313,1026.58707,1026.58707
133,M-1810,item:039668,937.151,937.151
133,M-1810,item:049371,43208.8987,43208.8987
133,M-1810,item:055703,1899.932665,1899.932665
133,M-1810,item:099439,33045.416,33045.416
133,M-1810,item:338928,26316265.0,26316265.0
133,M-1810,item:338929,16565150.0,16565150.0
133,M-1810,item:426331,145850.4,145850.4
133,M-1810,item:693055,11659831.2,11659831.2
133,SDC-1450,item:021081,981844.0,981844.0
134,M-1430,item:038005,390087.934503,390087.934503
134,M-1430,item:042342,432134842.4,432134842.4
134,M-1430,item:333362,17880450.0,17880450.0
134,M-1430,item:344135,11640000.0,11640000.0
134,M-1430,item:708073,78701.196,78701.196
134,M-1430,item:730384,4034009.4,4034009.4
134,M-1430,item:734545,63414.6,63414.6
134,M-1430,item:773474,59199177.2656,59199177.2656
134,M-1810,item:001757,51168.0232,51168.0232
134,M-1810,item:001848,33148.36738,33148.36738
134,M-1810,item:001893,189056.78907,189056.78907
134,M-1810,item:002612,177146.512819,177146.512819
134,M-1810,item:007923,55018.98,55018.98
134,M-1810,item:016332,10290.90056,10290.90056
134,M-1810,item:029313,1026.58707,1026.58707
134,M-1810,item:039668,937.151,937.151
134,M-1810,item:049371,43514.67151,43514.67151
134,M-1810,item:055703,1899.932665,1899.932665
134,M-1810,item:099439,33045.416,33045.416
134,M-1810,item:338928,26341265.0,26341265.0
134,M-1810,item:338929,16600150.0,16600150.0
134,M-1810,item:426331,145850.4,145850.4
134,M-1810,item:693055,11667334.2,11667334.2
134,SDC-1450,item:021081,981844.0,981844.0
135,M-1430,item:038005,392782.807607,392782.807607
135,M-1430,item:042342,432134842.4,432134842.4
135,M-1430,item:333362,17895450.0,17895450.0
135,M-1430,item:344135,11640000.0,11640000.0
135,M-1430,item:708073,78701.196,78701.196
135,M-1430,item:730384,4034009.4,4034009.4
135,M-1430,item:734545,63414.6,63414.6
135,M-1430,item:773474,59253955.2656,59253955.2656
135,M-1810,item:001757,51498.5884,51475.2028
135,M-1810,item:001848,33148.36738,33130.82818
135,M-1810,item:001893,189056.78907,188945.70747
135,M-1810,item:002612,177146.512819,177117.280819
135,M-1810,item:007923,55018.98,54972.2088
135,M-1810,item:016332,10290.90056,10283.88488
135,M-1810,item:029313,1026.58707,1026.00243
135,M-1810,item:039668,937.151,936.56636
135,M-1810,item:049371,43820.44432,43798.81264
135,M-1810,item:055703,1899.932665,1898.763385
135,M-1810,item:099439,33045.416,33016.184
135,M-1810,item:338928,26391265.0,26376865.0
135,M-1810,item:338929,16635150.0,16620750.0
135,M-1810,item:426331,145850.4,145692.0
135,M-1810,item:693055,11674837.2,11668990.8
135,SDC-1450,item:021081,981844.0,981844.0
136,M-1430,item:038005,395477.680711,395477.680711
136,M-1430,item:042342,432134842.4,432134842.4
136,M-1430,item:333362,17920450.0,17920450.0
136,M-1430,item:344135,11640000.0,11640000.0
136,M-1430,item:708073,78701.196,78701.196
136,M-1430,item:730384,4034009.4,4034009.4
136,M-1430,item:734545,63414.6,63414.6
136,M-1430,item:773474,59308732.2656,59308732.2656
136,M-1810,item:001757,51805.768,51782.3824
136,M-1810,item:001848,33130.82818,33113.28898
136,M-1810,item:001893,188945.70747,188834.62587
136,M-1810,item:002612,177117.280819,177088.048819
136,M-1810,item:007923,54972.2088,54925.4376
136,M-1810,item:016332,10283.88488,10276.8692
136,M-1810,item:029313,1026.00243,1025.41779
136,M-1810,item:039668,936.56636,935.98172
136,M-1810,item:049371,44104.58545,44082.95377
136,M-1810,item:055703,1898.763385,1897.594105
136,M-1810,item:099439,33016.184,32986.952
136,M-1810,item:338928,26401865.0,26387465.0
136,M-1810,item:338929,16645750.0,16631350.0
136,M-1810,item:426331,145692.0,145533.6
136,M-1810,item:693055,11676493.8,11670647.4
136,SDC-1450,item:021081,981844.0,981844.0
137,M-1430,item:038005,398172.553815,398172.553815
137,M-1430,item:042342,432134842.4,432134842.4
137,M-1430,item:333362,17935450.0,17935450.0
137,M-1430,item:344135,11640000.0,11640000.0
137,M-1430,item:708073,78701.196,78701.196
137,M-1430,item:730384,4034009.4,4034009.4
137,M-1430,item:734545,63414.6,63414.6
137,M-1430,item:773474,59363509.2656,59363509.2656
137,M-1810,item:001757,52112.9476,52089.562
137,M-1810,item:001848,33113.28898,33095.74978
137,M-1810,item:001893,188834.62587,188723.54427
137,M-1810,item:002612,177088.048819,177058.816819
137,M-1810,item:007923,54925.4376,54878.6664
137,M-1810,item:016332,10276.8692,10269.85352
137,M-1810,item:029313,1025.41779,1024.83315
137,M-1810,item:039668,935.98172,935.39708
137,M-1810,item:049371,44388.72658,44367.0949
137,M-1810,item:055703,1897.594105,1896.424825
137,M-1810,item:099439,32986.952,32957.72
137,M-1810,item:338928,26412465.0,26398065.0
137,M-1810,item:338929,16661350.0,16646950.0
137,M-1810,item:426331,145533.6,145375.2
137,M-1810,item:693055,11678195.4,11672349.0
137,SDC-1450,item:021081,981844.0,981844.0
138,M-1430,item:038005,400867.426919,400867.426919
138,M-1430,item:042342,432134842.4,432134842.4
138,M-1430,item:333362,17950450.0,17950450.0
138,M-1430,item:344135,11640000.0,11640000.0
138,M-1430,item:708073,78701.196,78701.196
138,M-1430,item:730384,4034009.4,4034009.4
138,M-1430,item:734545,63414.6,63414.6
138,M-1430,item:773474,59418286.2656,59418286.2656
138,M-1810,item:001757,52520.1272,52496.7416
138,M-1810,item:001848,33095.74978,33078.21058
138,M-1810,item:001893,188723.54427,188612.46267
138,M-1810,item:002612,177058.816819,177029.584819
138,M-1810,item:007923,54911.40624,54864.63504
138,M-1810,item:016332,10269.85352,10262.83784
138,M-1810,item:029313,1024.83315,1024.24851
138,M-1810,item:039668,935.39708,934.81244
138,M-1810,item:049371,44672.86771,44651.23603
138,M-1810,item:055703,1896.424825,1895.255545
138,M-1810,item:099439,32957.72,32928.488
138,M-1810,item:338928,26398065.0,26383665.0
138,M-1810,item:338929,16671950.0,16657550.0
138,M-1810,item:426331,145375.2,145216.8
138,M-1810,item:693055,11680035.0,11674188.6
138,SDC-1450,item:021081,981844.0,981844.0
139,M-1430,item:038005,403562.300023,403562.300023
139,M-1430,item:042342,432134842.4,432134842.4
139,M-1430,item:333362,17965450.0,17965450.0
139,M-1430,item:344135,11640000.0,11640000.0
139,M-1430,item:708073,78701.196,78701.196
139,M-1430,item:730384,4034009.4,4034009.4
139,M-1430,item:734545,63414.6,63414.6
139,M-1430,item:773474,59473063.2656,59473063.2656
139,M-1810,item:001757,52827.3068,52803.9212
139,M-1810,item:001848,33078.21058,33060.67138
139,M-1810,item:001893,188612.46267,188501.38107
139,M-1810,item:002612,177029.584819,177000.352819
139,M-1810,item:007923,54864.63504,54817.86384
139,M-1810,item:016332,10262.83784,10255.82216
139,M-1810,item:029313,1024.24851,1023.66387
139,M-1810,item:039668,934.81244,934.2278
139,M-1810,item:049371,44957.00884,44935.37716
139,M-1810,item:055703,1895.255545,1894.086265
139,M-1810,item:099439,32928.488,32899.256
139,M-1810,item:338928,26408665.0,26394265.0
139,M-1810,item:338929,16702550.0,16688150.0
139,M-1810,item:426331,145216.8,145058.4
139,M-1810,item:693055,11681874.6,11676028.2
139,SDC-1450,item:021081,981844.0,981844.0
140,M-1430,item:038005,406257.173127,406257.173127
140,M-1430,item:042342,432134842.4,432134842.4
140,M-1430,item:333362,17980450.0,17980450.0
140,M-1430,item:344135,11640000.0,11640000.0
140,M-1430,item:708073,78701.196,78701.196
140,M-1430,item:730384,4034009.4,4034009.4
140,M-1430,item:734545,63414.6,63414.6
140,M-1430,item:773474,59473063.2656,59473063.2656
140,M-1810,item:001757,53134.4864,53111.1008
140,M-1810,item:001848,33060.67138,33043.13218
140,M-1810,item:001893,188501.38107,188390.29947
140,M-1810,item:002612,177000.352819,176971.120819
140,M-1810,item:007923,54911.40624,54864.63504
140,M-1810,item:016332,10255.82216,10248.80648
140,M-1810,item:029313,1023.66387,1023.07923
140,M-1810,item:039668,934.2278,933.64316
140,M-1810,item:049371,45241.14997,45219.51829
140,M-1810,item:055703,1894.086265,1892.916985
140,M-1810,item:099439,32899.256,32870.024
140,M-1810,item:338928,26394265.0,26379865.0
140,M-1810,item:338929,16728150.0,16713750.0
140,M-1810,item:426331,145058.4,144900.0
140,M-1810,item:693055,11683714.2,11677867.8
140,SDC-1450,item:021081,981844.0,981844.0
141,M-1430,item:038005,408952.046231,408952.046231
141,M-1430,item:042342,432134842.4,432134842.4
141,M-1430,item:333362,18000450.0,18000450.0
141,M-1430,item:344135,11640000.0,11640000.0
141,M-1430,item:708073,78701.196,78701.196
141,M-1430,item:730384,4034009.4,4034009.4
141,M-1430,item:734545,63414.6,63414.6
141,M-1430,item:773474,59473063.2656,59473063.2656
141,M-1810,item:001757,53441.666,53418.2804
141,M-1810,item:001848,33043.13218,33025.59298
141,M-1810,item:001893,188390.29947,188279.21787
141,M-1810,item:002612,176971.120819,176941.888819
141,M-1810,item:007923,54911.40624,54864.63504
141,M-1810,item:016332,10248.80648,10241.7908
141,M-1810,item:029313,1023.07923,1022.49459
141,M-1810,item:039668,933.64316,933.05852
141,M-1810,item:049371,45525.2911,45503.65942
141,M-1810,item:055703,1892.916985,1891.747705
141,M-1810,item:099439,32870.024,32840.792
141,M-1810,item:338928,26404865.0,26390465.0
141,M-1810,item:338929,16738750.0,16724350.0
141,M-1810,item:426331,144900.0,144741.6
141,M-1810,item:693055,11685553.8,11679707.4
141,SDC-1450,item:021081,981844.0,981844.0
142,M-1430,item:038005,411646.919335,411646.919335
142,M-1430,item:042342,432134842.4,432134842.4
142,M-1430,item:333362,18020450.0,18020450.0
142,M-1430,item:344135,11640000.0,11640000.0
142,M-1430,item:708073,78701.196,78701.196
142,M-1430,item:730384,4034009.4,4034009.4
142,M-1430,item:734545,63414.6,63414.6
142,M-1430,item:773474,59473063.2656,59473063.2656
142,M-1810,item:001757,53748.8456,53725.46
142,M-1810,item:001848,33025.59298,33008.05378
142,M-1810,item:001893,188279.21787,188168.13627
142,M-1810,item:002612,176941.888819,176912.656819
142,M-1810,item:007923,54878.6664,54831.8952
142,M-1810,item:016332,10241.7908,10234.77512
142,M-1810,item:029313,1022.49459,1021.90995
142,M-1810,item:039668,933.05852,932.47388
142,M-1810,item:049371,45809.43223,45787.80055
142,M-1810,item:055703,1891.747705,1890.578425
142,M-1810,item:099439,32840.792,32811.56
142,M-1810,item:338928,26465465.0,26451065.0
142,M-1810,item:338929,16774350.0,16759950.0
142,M-1810,item:426331,144741.6,144583.2
142,M-1810,item:693055,11687393.4,11681547.0
142,SDC-1450,item:021081,981844.0,981844.0
143,M-1430,item:038005,414341.792439,414341.792439
143,M-1430,item:042342,432134842.4,432134842.4
143,M-1430,item:333362,18035450.0,18035450.0
143,M-1430,item:344135,11640000.0,11640000.0
143,M-1430,item:708073,78701.196,78701.196
143,M-1430,item:730384,4034009.4,4034009.4
143,M-1430,item:734545,63414.6,63414.6
143,M-1430,item:773474,59473063.2656,59473063.2656
143,M-1810,item:001757,54056.0252,54032.6396
143,M-1810,item:001848,33008.05378,32990.51458
143,M-1810,item:001893,188168.13627,188057.05467
143,M-1810,item:002612,176912.656819,176883.424819
143,M-1810,item:007923,54878.6664,54831.8952
143,M-1810,item:016332,10234.77512,10227.75944
143,M-1810,item:029313,1021.90995,1021.32531
143,M-1810,item:039668,932.47388,931.88924
143,M-1810,item:049371,46093.57336,46071.94168
143,M-1810,item:055703,1890.578425,1889.409145
143,M-1810,item:099439,32811.56,32782.328
143,M-1810,item:338928,26501065.0,26486665.0
143,M-1810,item:338929,16804950.0,16790550.0
143,M-1810,item:426331,144583.2,144424.8
143,M-1810,item:693055,11689279.0,11683432.6
143,SDC-1450,item:021081,981844.0,981844.0
144,M-1430,item:038005,417036.665543,417036.665543
144,M-1430,item:042342,432134842.4,432134842.4
144,M-1430,item:333362,18050450.0,18050450.0
144,M-1430,item:344135,11640000.0,11640000.0
144,M-1430,item:708073,78701.196,78701.196
144,M-1430,item:730384,4034009.4,4034009.4
144,M-1430,item:734545,63414.6,63414.6
144,M-1430,item:773474,59473063.2656,59473063.2656
144,M-1810,item:001757,54363.2048,54339.8192
144,M-1810,item:001848,32990.51458,32972.97538
144,M-1810,item:001893,188057.05467,187945.97307
144,M-1810,item:002612,176883.424819,176854.192819
144,M-1810,item:007923,54911.40624,54864.63504
144,M-1810,item:016332,10227.75944,10220.74376
144,M-1810,item:029313,1021.32531,1020.74067
144,M-1810,item:039668,931.88924,931.3046
144,M-1810,item:049371,46377.71449,46356.08281
144,M-1810,item:055703,1889.409145,1888.239865
144,M-1810,item:099439,32782.328,32753.096
144,M-1810,item:338928,26486665.0,26472265.0
144,M-1810,item:338929,16830550.0,16816150.0
144,M-1810,item:426331,144424.8,144266.4
144,M-1810,item:693055,11691210.6,11685364.2
144,SDC-1450,item:021081,981844.0,981844.0
145,M-1430,item:038005,419731.538647,419731.538647
145,M-1430,item:042342,432134842.4,432134842.4
145,M-1430,item:333362,18065450.0,18065450.0
145,M-1430,item:344135,11640000.0,11640000.0
145,M-1430,item:708073,78701.196,78701.196
145,M-1430,item:730384,4034009.4,4034009.4
145,M-1430,item:734545,63414.6,63414.6
145,M-1430,item:773474,59473063.2656,59473063.2656
145,M-1810,item:001757,54670.3844,54646.9988
145,M-1810,item:001848,32972.97538,32955.43618
145,M-1810,item:001893,187945.97307,187834.89147
145,M-1810,item:002612,176854.192819,176824.960819
145,M-1810,item:007923,54925.4376,54878.6664
145,M-1810,item:016332,10220.74376,10213.72808
145,M-1810,item:029313,1020.74067,1020.15603
145,M-1810,item:039668,931.3046,930.71996
145,M-1810,item:049371,46661.85562,46640.22394
145,M-1810,item:055703,1888.239865,1887.070585
145,M-1810,item:099439,32753.096,32723.864
145,M-1810,item:338928,26472265.0,26457865.0
145,M-1810,item:338929,16856150.0,16841750.0
145,M-1810,item:426331,144266.4,144108.0
145,M-1810,item:693055,11693188.2,11687341.8
145,SDC-1450,item:021081,981844.0,981844.0
146,M-1430,item:038005,422426.411751,422426.411751
146,M-1430,item:042342,432134842.4,432134842.4
146,M-1430,item:333362,18080450.0,18080450.0
146,M-1430,item:344135,11640000.0,11640000.0
146,M-1430,item:708073,78701.196,78701.196
146,M-1430,item:730384,4034009.4,4034009.4
146,M-1430,item:734545,63414.6,63414.6
146,M-1430,item:773474,59473063.2656,59473063.2656
146,M-1810,item:001757,54977.564,54954.1784
146,M-1810,item:001848,32955.43618,32937.89698
146,M-1810,item:001893,187834.89147,187723.80987
146,M-1810,item:002612,176824.960819,176795.728819
146,M-1810,item:007923,54925.4376,54878.6664
146,M-1810,item:016332,10213.72808,10206.7124
146,M-1810,item:029313,1020.15603,1019.57139
146,M-1810,item:039668,930.71996,930.13532
146,M-1810,item:049371,46945.99675,46924.36507
146,M-1810,item:055703,1887.070585,1885.901305
146,M-1810,item:099439,32723.864,32694.632
146,M-1810,item:338928,26482865.0,26468465.0
146,M-1810,item:338929,16866750.0,16852350.0
146,M-1810,item:426331,144108.0,143949.6
146,M-1810,item:693055,11695303.8,11689457.4
146,SDC-1450,item:021081,981844.0,981844.0
147,M-1430,item:038005,425121.284855,425121.284855
147,M-1430,item:042342,432134842.4,432134842.4
147,M-1430,item:333362,18105450.0,18105450.0
147,M-1430,item:344135,11640000.0,11640000.0
147,M-1430,item:708073,78701.196,78701.196
147,M-1430,item:730384,4034009.4,4034009.4
147,M-1430,item:734545,63414.6,63414.6
147,M-1430,item:773474,59473063.2656,59473063.2656
147,M-1810,item:001757,55284.7436,55261.358
147,M-1810,item:001848,32937.89698,32920.35778
147,M-1810,item:001893,187723.80987,187612.72827
147,M-1810,item:002612,176795.728819,176766.496819
147,M-1810,item:007923,54892.69776,54845.92656
147,M-1810,item:016332,10206.7124,10199.69672
147,M-1810,item:029313,1019.57139,1018.98675
147,M-1810,item:039668,930.13532,929.55068
147,M-1810,item:049371,47230.13788,47208.5062
147,M-1810,item:055703,1885.901305,1884.732025
147,M-1810,item:099439,32694.632,32665.4
147,M-1810,item:338928,26468465.0,26454065.0
147,M-1810,item:338929,16892350.0,16877950.0
147,M-1810,item:426331,143949.6,143791.2
147,M-1810,item:693055,11697557.4,11691711.0
147,SDC-1450,item:021081,981844.0,981844.0
148,M-1430,item:038005,427816.157959,427816.157959
148,M-1430,item:042342,432134842.4,432134842.4
148,M-1430,item:333362,18125450.0,18125450.0
148,M-1430,item:344135,11640000.0,11640000.0
148,M-1430,item:708073,78701.196,78701.196
148,M-1430,item:730384,4034009.4,4034009.4
148,M-1430,item:734545,63414.6,63414.6
148,M-1430,item:773474,59473063.2656,59473063.2656
148,M-1810,item:001757,55691.9232,55668.5376
148,M-1810,item:001848,32920.35778,32902.81858
148,M-1810,item:001893,187612.72827,187501.64667
148,M-1810,item:002612,176766.496819,176737.264819
148,M-1810,item:007923,54911.40624,54864.63504
148,M-1810,item:016332,10199.69672,10192.68104
148,M-1810,item:029313,1018.98675,1018.40211
148,M-1810,item:039668,929.55068,928.96604
148,M-1810,item:049371,47514.27901,47492.64733
148,M-1810,item:055703,1884.732025,1883.562745
148,M-1810,item:099439,32665.4,32636.168
148,M-1810,item:338928,26479065.0,26464665.0
148,M-1810,item:338929,16907950.0,16893550.0
148,M-1810,item:426331,143791.2,143632.8
148,M-1810,item:693055,11699811.0,11693964.6
148,SDC-1450,item:021081,981844.0,981844.0
149,M-1430,item:038005,430511.031063,430511.031063
149,M-1430,item:042342,432134842.4,432134842.4
149,M-1430,item:333362,18140450.0,18140450.0
149,M-1430,item:344135,11640000.0,11640000.0
149,M-1430,item:708073,78701.196,78701.196
149,M-1430,item:730384,4034009.4,4034009.4
149,M-1430,item:734545,63414.6,63414.6
149,M-1430,item:773474,59473063.2656,59473063.2656
149,M-1810,item:001757,55999.1028,55975.7172
149,M-1810,item:001848,32902.81858,32885.27938
149,M-1810,item:001893,187501.64667,187390.56507
149,M-1810,item:002612,176737.264819,176708.032819
149,M-1810,item:007923,54925.4376,54878.6664
149,M-1810,item:016332,10192.68104,10185.66536
149,M-1810,item:029313,1018.40211,1017.81747
149,M-1810,item:039668,928.96604,928.3814
149,M-1810,item:049371,47798.42014,47776.78846
149,M-1810,item:055703,1883.562745,1882.393465
149,M-1810,item:099439,32636.168,32606.936
149,M-1810,item:338928,26464665.0,26450265.0
149,M-1810,item:338929,16923550.0,16909150.0
149,M-1810,item:426331,143632.8,143474.4
149,M-1810,item:693055,11702064.6,11696218.2
149,SDC-1450,item:021081,981844.0,981844.0
150,M-1430,item:038005,433205.904167,433205.904167
150,M-1430,item:042342,432134842.4,432134842.4
150,M-1430,item:333362,18155450.0,18155450.0
150,M-1430,item:344135,11640000.0,11640000.0
150,M-1430,item:708073,78701.196,78701.196
150,M-1430,item:730384,4034009.4,4034009.4
150,M-1430,item:734545,63414.6,63414.6
150,M-1430,item:773474,59473063.2656,59473063.2656
150,M-1810,item:001757,56306.2824,56282.8968
150,M-1810,item:001848,32885.27938,32867.74018
150,M-1810,item:001893,187390.56507,187279.48347
150,M-1810,item:002612,176708.032819,176678.800819
150,M-1810,item:007923,54958.17744,54911.40624
150,M-1810,item:016332,10185.66536,10178.64968
150,M-1810,item:029313,1017.81747,1017.23283
150,M-1810,item:039668,928.3814,927.79676
150,M-1810,item:049371,49682.56127,49660.92959
150,M-1810,item:055703,1882.393465,1881.224185
150,M-1810,item:099439,32606.936,32577.704
150,M-1810,item:338928,26450265.0,26435865.0
150,M-1810,item:338929,16944150.0,16929750.0
150,M-1810,item:426331,143474.4,143316.0
150,M-1810,item:693055,11704318.2,11698471.8
150,SDC-1450,item:021081,981844.0,981844.0
151,M-1430,item:038005,435900.777271,435900.777271
151,M-1430,item:042342,432134842.4,432134842.4
151,M-1430,item:333362,18175450.0,18175450.0
151,M-1430,item:344135,11640000.0,11640000.0
151,M-1430,item:708073,78701.196,78701.196
151,M-1430,item:730384,4034009.4,4034009.4
151,M-1430,item:734545,63414.6,63414.6
151,M-1430,item:773474,59473063.2656,59473063.2656
151,M-1810,item:001757,56613.462,56590.0764
151,M-1810,item:001848,32867.74018,32850.20098
151,M-1810,item:001893,187279.48347,187168.40187
151,M-1810,item:002612,176678.800819,176649.568819
151,M-1810,item:007923,54944.14608,54897.37488
151,M-1810,item:016332,10178.64968,10171.634
151,M-1810,item:029313,1017.23283,1016.64819
151,M-1810,item:039668,927.79676,927.21212
151,M-1810,item:049371,49966.7024,49945.07072
151,M-1810,item:055703,1881.224185,1880.054905
151,M-1810,item:099439,32577.704,32548.472
151,M-1810,item:338928,26435865.0,26421465.0
151,M-1810,item:338929,16964750.0,16950350.0
151,M-1810,item:426331,143316.0,143157.6
151,M-1810,item:693055,11706617.8,11700771.4
151,SDC-1450,item:021081,981844.0,981844.0
152,M-1430,item:038005,438595.650375,438595.650375
152,M-1430,item:042342,432134842.4,432134842.4
152,M-1430,item:333362,18185450.0,18185450.0
152,M-1430,item:344135,11640000.0,11640000.0
152,M-1430,item:708073,78701.196,78701.196
152,M-1430,item:730384,4034009.4,4034009.4
152,M-1430,item:734545,63414.6,63414.6
152,M-1430,item:773474,59473063.2656,59473063.2656
152,M-1810,item:001757,56920.6416,56897.256
152,M-1810,item:001848,32850.20098,32832.66178
152,M-1810,item:001893,187168.40187,187057.32027
152,M-1810,item:002612,176649.568819,176620.336819
152,M-1810,item:007923,54944.14608,54897.37488
152,M-1810,item:016332,10171.634,10164.61832
152,M-1810,item:029313,1016.64819,1016.06355
152,M-1810,item:039668,927.21212,926.62748
152,M-1810,item:049371,50250.84353,50229.21185
152,M-1810,item:055703,1880.054905,1878.885625
152,M-1810,item:099439,32548.472,32519.24
152,M-1810,item:338928,26421465.0,26407065.0
152,M-1810,item:338929,16975350.0,16960950.0
152,M-1810,item:426331,143157.6,142999.2
152,M-1810,item:693055,11708963.4,11703117.0
152,SDC-1450,item:021081,981844.0,981844.0
153,M-1430,item:038005,441290.523479,441290.523479
153,M-1430,item:042342,432134842.4,432134842.4
153,M-1430,item:333362,18190450.0,18190450.0
153,M-1430,item:344135,11640000.0,11640000.0
153,M-1430,item:708073,78701.196,78701.196
153,M-1430,item:730384,4034009.4,4034009.4
153,M-1430,item:734545,63414.6,63414.6
153,M-1430,item:773474,59473063.2656,59473063.2656
153,M-1810,item:001757,57227.8212,57204.4356
153,M-1810,item:001848,32832.66178,32815.12258
153,M-1810,item:001893,187057.32027,186946.23867
153,M-1810,item:002612,176620.336819,176591.104819
153,M-1810,item:007923,54958.17744,54911.40624
153,M-1810,item:016332,10164.61832,10157.60264
153,M-1810,item:029313,1016.06355,1015.47891
153,M-1810,item:039668,926.62748,926.04284
153,M-1810,item:049371,50534.98466,50513.35298
153,M-1810,item:055703,1878.885625,1877.716345
153,M-1810,item:099439,32519.24,32490.008
153,M-1810,item:338928,26432065.0,26417665.0
153,M-1810,item:338929,16995950.0,16981550.0
153,M-1810,item:426331,142999.2,142840.8
153,M-1810,item:693055,11711310.0,11705463.6
153,SDC-1450,item:021081,981844.0,981844.0
154,M-1430,item:038005,443985.396583,443985.396583
154,M-1430,item:042342,432134842.4,432134842.4
154,M-1430,item:333362,18190450.0,18190450.0
154,M-1430,item:344135,11640000.0,11640000.0
154,M-1430,item:708073,78701.196,78701.196
154,M-1430,item:730384,4034009.4,4034009.4
154,M-1430,item:734545,63414.6,63414.6
154,M-1430,item:773474,59473063.2656,59473063.2656
154,M-1810,item:001757,57304.4356,57281.05
154,M-1810,item:001848,32815.12258,32797.58338
154,M-1810,item:001893,186946.23867,186835.15707
154,M-1810,item:002612,176591.104819,176561.872819
154,M-1810,item:007923,54958.17744,54911.40624
154,M-1810,item:016332,10157.60264,10150.58696
154,M-1810,item:029313,1015.47891,1014.89427
154,M-1810,item:039668,926.04284,925.4582
154,M-1810,item:049371,50819.12579,50797.49411
154,M-1810,item:055703,1877.716345,1876.547065
154,M-1810,item:099439,32490.008,32460.776
154,M-1810,item:338928,26442665.0,26428265.0
154,M-1810,item:338929,17026550.0,17012150.0
154,M-1810,item:426331,142840.8,142682.4
154,M-1810,item:693055,11713656.6,11707810.2
154,SDC-1450,item:021081,981844.0,981844.0
155,M-1430,item:038005,446680.269687,446680.269687
155,M-1430,item:042342,432134842.4,432134842.4
155,M-1430,item:333362,18190450.0,18190450.0
155,M-1430,item:344135,11640000.0,11640000.0
155,M-1430,item:708073,78701.196,78701.196
155,M-1430,item:730384,4034009.4,4034009.4
155,M-1430,item:734545,63414.6,63414.6
155,M-1430,item:773474,59473063.2656,59473063.2656
155,M-1810,item:001757,57281.05,57257.6644
155,M-1810,item:001848,32797.58338,32780.04418
155,M-1810,item:001893,186835.15707,186724.07547
155,M-1810,item:002612,176561.872819,176532.640819
155,M-1810,item:007923,54958.17744,54911.40624
155,M-1810,item:016332,10150.58696,10143.57128
155,M-1810,item:029313,1014.89427,1014.30963
155,M-1810,item:039668,925.4582,924.87356
155,M-1810,item:049371,51103.26692,51081.63524
155,M-1810,item:055703,1876.547065,1875.377785
155,M-1810,item:099439,32460.776,32431.544
155,M-1810,item:338928,26453265.0,26438865.0
155,M-1810,item:338929,17042150.0,17027750.0
155,M-1810,item:426331,142682.4,142524.0
155,M-1810,item:693055,11716048.2,11710201.8
155,SDC-1450,item:021081,981844.0,981844.0
156,M-1430,item:038005,449375.142791,449375.142791
156,M-1430,item:042342,432134842.4,432134842.4
156,M-1430,item:333362,18195450.0,18195450.0
156,M-1430,item:344135,11640000.0,11640000.0
156,M-1430,item:708073,78701.196,78701.196
156,M-1430,item:730384,4034009.4,4034009.4
156,M-1430,item:734545,63414.6,63414.6
156,M-1430,item:773474,59473063.2656,59473063.2656
156,M-1810,item:001757,57257.6644,57234.2788
156,M-1810,item:001848,32780.04418,32762.50498
156,M-1810,item:001893,186724.07547,186612.99387
156,M-1810,item:002612,176532.640819,176503.408819
156,M-1810,item:007923,54925.4376,54878.6664
156,M-1810,item:016332,10143.57128,10136.5556
156,M-1810,item:029313,1014.30963,1013.72499
156,M-1810,item:039668,924.87356,924.28892
156,M-1810,item:049371,51387.40805,51365.77637
156,M-1810,item:055703,1875.377785,1874.208505
156,M-1810,item:099439,32431.544,32402.312
156,M-1810,item:338928,26438865.0,26424465.0
156,M-1810,item:338929,17047750.0,17033350.0
156,M-1810,item:426331,142524.0,142365.6
156,M-1810,item:693055,11718485.8,11712639.4
156,SDC-1450,item:021081,981844.0,981844.0
157,M-1430,item:038005,452070.015895,452070.015895
157,M-1430,item:042342,432134842.4,432134842.4
157,M-1430,item:333362,18205450.0,18205450.0
157,M-1430,item:344135,11640000.0,11640000.0
157,M-1430,item:708073,78701.196,78701.196
157,M-1430,item:730384,4034009.4,4034009.4
157,M-1430,item:734545,63414.6,63414.6
157,M-1430,item:773474,59473063.2656,59473063.2656
157,M-1810,item:001757,57234.2788,57234.2788
157,M-1810,item:001848,32762.50498,32762.50498
157,M-1810,item:001893,186612.99387,186612.99387
157,M-1810,item:002612,176503.408819,176503.408819
157,M-1810,item:007923,54939.46896,54939.46896
157,M-1810,item:016332,10136.5556,10136.5556
157,M-1810,item:029313,1013.72499,1013.72499
157,M-1810,item:039668,924.28892,924.28892
157,M-1810,item:049371,51671.54918,51671.54918
157,M-1810,item:055703,1874.208505,1874.208505
157,M-1810,item:099439,32402.312,32402.312
157,M-1810,item:338928,26424465.0,26424465.0
157,M-1810,item:338929,17073350.0,17073350.0
157,M-1810,item:426331,142365.6,142365.6
157,M-1810,item:693055,11720878.4,11720878.4
157,SDC-1450,item:021081,981844.0,981844.0
158,M-1430,item:038005,454764.888999,454764.888999
158,M-1430,item:042342,432134842.4,432134842.4
158,M-1430,item:333362,18205450.0,18205450.0
158,M-1430,item:344135,11640000.0,11640000.0
158,M-1430,item:708073,78701.196,78701.196
158,M-1430,item:730384,4034009.4,4034009.4
158,M-1430,item:734545,63414.6,63414.6
158,M-1430,item:773474,59473063.2656,59473063.2656
158,M-1810,item:001757,57234.2788,57234.2788
158,M-1810,item:001848,32762.50498,32762.50498
158,M-1810,item:001893,186612.99387,186612.99387
158,M-1810,item:002612,176503.408819,176503.408819
158,M-1810,item:007923,54939.46896,54939.46896
158,M-1810,item:016332,10136.5556,10136.5556
158,M-1810,item:029313,1013.72499,1013.72499
158,M-1810,item:039668,924.28892,924.28892
158,M-1810,item:049371,51977.32199,51977.32199
158,M-1810,item:055703,1874.208505,1874.208505
158,M-1810,item:099439,32402.312,32402.312
158,M-1810,item:338928,26449465.0,26449465.0
158,M-1810,item:338929,17103350.0,17103350.0
158,M-1810,item:426331,142365.6,142365.6
158,M-1810,item:693055,11729208.4,11729208.4
158,SDC-1450,item:021081,981844.0,981844.0
159,M-1430,item:038005,457459.762103,457459.762103
159,M-1430,item:042342,432134842.4,432134842.4
159,M-1430,item:333362,18210450.0,18210450.0
159,M-1430,item:344135,11640000.0,11640000.0
159,M-1430,item:708073,78701.196,78701.196
159,M-1430,item:730384,4034009.4,4034009.4
159,M-1430,item:734545,63414.6,63414.6
159,M-1430,item:773474,59473063.2656,59473063.2656
159,M-1810,item:001757,57234.2788,57234.2788
159,M-1810,item:001848,32762.50498,32762.50498
159,M-1810,item:001893,186612.99387,186612.99387
159,M-1810,item:002612,176503.408819,176503.408819
159,M-1810,item:007923,54972.2088,54972.2088
159,M-1810,item:016332,10136.5556,10136.5556
159,M-1810,item:029313,1013.72499,1013.72499
159,M-1810,item:039668,924.28892,924.28892
159,M-1810,item:049371,52283.0948,52283.0948
159,M-1810,item:055703,1874.208505,1874.208505
159,M-1810,item:099439,32402.312,32402.312
159,M-1810,item:338928,26474465.0,26474465.0
159,M-1810,item:338929,17133350.0,17133350.0
159,M-1810,item:426331,142365.6,142365.6
159,M-1810,item:693055,11737675.4,11737675.4
159,SDC-1450,item:021081,981844.0,981844.0
160,M-1430,item:038005,460154.635207,460154.635207
160,M-1430,item:042342,432134842.4,432134842.4
160,M-1430,item:333362,18210450.0,18210450.0
160,M-1430,item:344135,11640000.0,11640000.0
160,M-1430,item:708073,78701.196,78701.196
160,M-1430,item:730384,4034009.4,4034009.4
160,M-1430,item:734545,63414.6,63414.6
160,M-1430,item:773474,59473063.2656,59473063.2656
160,M-1810,item:001757,57234.2788,57210.8932
160,M-1810,item:001848,32762.50498,32744.96578
160,M-1810,item:001893,186612.99387,186501.91227
160,M-1810,item:002612,176503.408819,176474.176819
160,M-1810,item:007923,54986.24016,54939.46896
160,M-1810,item:016332,10136.5556,10129.53992
160,M-1810,item:029313,1013.72499,1013.14035
160,M-1810,item:039668,924.28892,923.70428
160,M-1810,item:049371,52588.86761,52567.23593
160,M-1810,item:055703,1874.208505,1873.039225
160,M-1810,item:099439,32402.312,32373.08
160,M-1810,item:338928,26499465.0,26485065.0
160,M-1810,item:338929,17153350.0,17138950.0
160,M-1810,item:426331,142365.6,142207.2
160,M-1810,item:693055,11746142.4,11740296.0
160,SDC-1450,item:021081,981844.0,981844.0
161,M-1430,item:038005,462849.508311,462849.508311
161,M-1430,item:042342,432134842.4,432134842.4
161,M-1430,item:333362,18210450.0,18210450.0
161,M-1430,item:344135,11640000.0,11640000.0
161,M-1430,item:708073,78701.196,78701.196
161,M-1430,item:730384,4034009.4,4034009.4
161,M-1430,item:734545,63414.6,63414.6
161,M-1430,item:773474,59473063.2656,59473063.2656
161,M-1810,item:001757,57210.8932,57187.5076
161,M-1810,item:001848,32744.96578,32727.42658
161,M-1810,item:001893,186501.91227,186390.83067
161,M-1810,item:002612,176474.176819,176444.944819
161,M-1810,item:007923,54939.46896,54892.69776
161,M-1810,item:016332,10129.53992,10122.52424
161,M-1810,item:029313,1013.14035,1012.55571
161,M-1810,item:039668,923.70428,923.11964
161,M-1810,item:049371,52873.00874,52851.37706
161,M-1810,item:055703,1873.039225,1871.869945
161,M-1810,item:099439,32373.08,32343.848
161,M-1810,item:338928,26485065.0,26470665.0
161,M-1810,item:338929,17148950.0,17134550.0
161,M-1810,item:426331,142207.2,142048.8
161,M-1810,item:693055,11748809.0,11742962.6
161,SDC-1450,item:021081,981844.0,981844.0
162,M-1430,item:038005,465544.381415,465544.381415
162,M-1430,item:042342,432134842.4,432134842.4
162,M-1430,item:333362,18225450.0,18225450.0
162,M-1430,item:344135,11640000.0,11640000.0
162,M-1430,item:708073,78701.196,78701.196
162,M-1430,item:730384,4034009.4,4034009.4
162,M-1430,item:734545,63414.6,63414.6
162,M-1430,item:773474,59473063.2656,59473063.2656
162,M-1810,item:001757,57187.5076,57187.5076
162,M-1810,item:001848,32727.42658,32727.42658
162,M-1810,item:001893,186390.83067,186390.83067
162,M-1810,item:002612,176444.944819,176444.944819
162,M-1810,item:007923,54925.4376,54925.4376
162,M-1810,item:016332,10122.52424,10122.52424
162,M-1810,item:029313,1012.55571,1012.55571
162,M-1810,item:039668,923.11964,923.11964
162,M-1810,item:049371,53157.14987,53157.14987
162,M-1810,item:055703,1871.869945,1871.869945
162,M-1810,item:099439,32343.848,32343.848
162,M-1810,item:338928,26495665.0,26495665.0
162,M-1810,item:338929,17134550.0,17134550.0
162,M-1810,item:426331,142048.8,142048.8
162,M-1810,item:693055,11751474.6,11751474.6
162,SDC-1450,item:021081,981844.0,981844.0
163,M-1430,item:038005,468239.254519,468239.254519
163,M-1430,item:042342,432134842.4,432134842.4
163,M-1430,item:333362,18225450.0,18225450.0
163,M-1430,item:344135,11640000.0,11640000.0
163,M-1430,item:708073,78701.196,78701.196
163,M-1430,item:730384,4034009.4,4034009.4
163,M-1430,item:734545,63414.6,63414.6
163,M-1430,item:773474,59473063.2656,59473063.2656
163,M-1810,item:001757,57187.5076,57187.5076
163,M-1810,item:001848,32727.42658,32727.42658
163,M-1810,item:001893,186390.83067,186390.83067
163,M-1810,item:002612,176444.944819,176444.944819
163,M-1810,item:007923,54925.4376,54925.4376
163,M-1810,item:016332,10122.52424,10122.52424
163,M-1810,item:029313,1012.55571,1012.55571
163,M-1810,item:039668,923.11964,923.11964
163,M-1810,item:049371,53462.92268,53462.92268
163,M-1810,item:055703,1871.869945,1871.869945
163,M-1810,item:099439,32343.848,32343.848
163,M-1810,item:338928,26495665.0,26495665.0
163,M-1810,item:338929,17149550.0,17149550.0
163,M-1810,item:426331,142048.8,142048.8
163,M-1810,item:693055,11760033.6,11760033.6
163,SDC-1450,item:021081,981844.0,981844.0
164,M-1430,item:038005,470934.127623,470934.127623
164,M-1430,item:042342,432134842.4,432134842.4
164,M-1430,item:333362,18230450.0,18230450.0
164,M-1430,item:344135,11640000.0,11640000.0
164,M-1430,item:708073,78701.196,78701.196
164,M-1430,item:730384,4034009.4,4034009.4
164,M-1430,item:734545,63414.6,63414.6
164,M-1430,item:773474,59473063.2656,59473063.2656
164,M-1810,item:001757,57187.5076,57187.5076
164,M-1810,item:001848,32727.42658,32727.42658
164,M-1810,item:001893,186390.83067,186390.83067
164,M-1810,item:002612,176444.944819,176444.944819
164,M-1810,item:007923,54972.2088,54972.2088
164,M-1810,item:016332,10122.52424,10122.52424
164,M-1810,item:029313,1012.55571,1012.55571
164,M-1810,item:039668,923.11964,923.11964
164,M-1810,item:049371,53768.69549,53768.69549
164,M-1810,item:055703,1871.869945,1871.869945
164,M-1810,item:099439,32343.848,32343.848
164,M-1810,item:338928,26520665.0,26520665.0
164,M-1810,item:338929,17154550.0,17154550.0
164,M-1810,item:426331,142048.8,142048.8
164,M-1810,item:693055,11768637.6,11768637.6
164,SDC-1450,item:021081,981844.0,981844.0
165,M-1430,item:038005,473629.000727,473629.000727
165,M-1430,item:042342,432134842.4,432134842.4
165,M-1430,item:333362,18230450.0,18230450.0
165,M-1430,item:344135,11640000.0,11640000.0
165,M-1430,item:708073,78701.196,78701.196
165,M-1430,item:730384,4034009.4,4034009.4
165,M-1430,item:734545,63414.6,63414.6
165,M-1430,item:773474,59473063.2656,59473063.2656
165,M-1810,item:001757,57187.5076,57187.5076
165,M-1810,item:001848,32727.42658,32727.42658
165,M-1810,item:001893,186390.83067,186390.83067
165,M-1810,item:002612,176444.944819,176444.944819
165,M-1810,item:007923,55018.98,55018.98
165,M-1810,item:016332,10122.52424,10122.52424
165,M-1810,item:029313,1012.55571,1012.55571
165,M-1810,item:039668,923.11964,923.11964
165,M-1810,item:049371,54074.4683,54074.4683
165,M-1810,item:055703,1871.869945,1871.869945
165,M-1810,item:099439,32343.848,32343.848
165,M-1810,item:338928,26520665.0,26520665.0
165,M-1810,item:338929,17159550.0,17159550.0
165,M-1810,item:426331,142048.8,142048.8
165,M-1810,item:693055,11777195.6,11777195.6
165,SDC-1450,item:021081,981844.0,981844.0
166,M-1430,item:038005,476323.873831,476323.873831
166,M-1430,item:042342,432134842.4,432134842.4
166,M-1430,item:333362,18230450.0,18230450.0
166,M-1430,item:344135,11640000.0,11640000.0
166,M-1430,item:708073,78701.196,78701.196
166,M-1430,item:730384,4034009.4,4034009.4
166,M-1430,item:734545,63414.6,63414.6
166,M-1430,item:773474,59473063.2656,59473063.2656
166,M-1810,item:001757,57187.5076,57187.5076
166,M-1810,item:001848,32727.42658,32727.42658
166,M-1810,item:001893,186390.83067,186390.83067
166,M-1810,item:002612,176444.944819,176444.944819
166,M-1810,item:007923,55018.98,55018.98
166,M-1810,item:016332,10122.52424,10122.52424
166,M-1810,item:029313,1012.55571,1012.55571
166,M-1810,item:039668,923.11964,923.11964
166,M-1810,item:049371,54380.24111,54380.24111
166,M-1810,item:055703,1871.869945,1871.869945
166,M-1810,item:099439,32343.848,32343.848
166,M-1810,item:338928,26545665.0,26545665.0
166,M-1810,item:338929,17159550.0,17159550.0
166,M-1810,item:426331,142048.8,142048.8
166,M-1810,item:693055,11785752.6,11785752.6
166,SDC-1450,item:021081,981844.0,981844.0
167,M-1430,item:038005,479018.746935,479018.746935
167,M-1430,item:042342,432134842.4,432134842.4
167,M-1430,item:333362,18245450.0,18245450.0
167,M-1430,item:344135,11640000.0,11640000.0
167,M-1430,item:708073,78701.196,78701.196
167,M-1430,item:730384,4034009.4,4034009.4
167,M-1430,item:734545,63414.6,63414.6
167,M-1430,item:773474,59473063.2656,59473063.2656
167,M-1810,item:001757,57187.5076,57187.5076
167,M-1810,item:001848,32727.42658,32727.42658
167,M-1810,item:001893,186390.83067,186390.83067
167,M-1810,item:002612,176444.944819,176444.944819
167,M-1810,item:007923,55018.98,55018.98
167,M-1810,item:016332,10122.52424,10122.52424
167,M-1810,item:029313,1012.55571,1012.55571
167,M-1810,item:039668,923.11964,923.11964
167,M-1810,item:049371,54686.01392,54686.01392
167,M-1810,item:055703,1871.869945,1871.869945
167,M-1810,item:099439,32343.848,32343.848
167,M-1810,item:338928,26645665.0,26645665.0
167,M-1810,item:338929,17169550.0,17169550.0
167,M-1810,item:426331,142048.8,142048.8
167,M-1810,item:693055,11794309.6,11794309.6
167,SDC-1450,item:021081,981844.0,981844.0
168,M-1430,item:038005,481713.620039,481713.620039
168,M-1430,item:042342,432134842.4,432134842.4
168,M-1430,item:333362,18245450.0,18245450.0
168,M-1430,item:344135,11640000.0,11640000.0
168,M-1430,item:708073,78701.196,78701.196
168,M-1430,item:730384,4034009.4,4034009.4
168,M-1430,item:734545,63414.6,63414.6
168,M-1430,item:773474,59473063.2656,59473063.2656
168,M-1810,item:001757,57187.5076,57164.122
168,M-1810,item:001848,32727.42658,32709.88738
168,M-1810,item:001893,186390.83067,186279.74907
168,M-1810,item:002612,176444.944819,176415.712819
168,M-1810,item:007923,55018.98,54972.2088
168,M-1810,item:016332,10122.52424,10115.50856
168,M-1810,item:029313,1012.55571,1011.97107
168,M-1810,item:039668,923.11964,922.535
168,M-1810,item:049371,54991.78673,54970.15505
168,M-1810,item:055703,1871.869945,1870.700665
168,M-1810,item:099439,32343.848,32314.616
168,M-1810,item:338928,26645665.0,26631265.0
168,M-1810,item:338929,17179550.0,17165150.0
168,M-1810,item:426331,142048.8,141890.4
168,M-1810,item:693055,11802865.6,11797019.2
168,SDC-1450,item:021081,981844.0,981844.0
169,M-1430,item:038005,484408.493143,484408.493143
169,M-1430,item:042342,432134842.4,432134842.4
169,M-1430,item:333362,18245450.0,18245450.0
169,M-1430,item:344135,11640000.0,11640000.0
169,M-1430,item:708073,78701.196,78701.196
169,M-1430,item:730384,4034009.4,4034009.4
169,M-1430,item:734545,63414.6,63414.6
169,M-1430,item:773474,59473063.2656,59473063.2656
169,M-1810,item:001757,57164.122,57164.122
169,M-1810,item:001848,32709.88738,32709.88738
169,M-1810,item:001893,186279.74907,186279.74907
169,M-1810,item:002612,176415.712819,176415.712819
169,M-1810,item:007923,54972.2088,54972.2088
169,M-1810,item:016332,10115.50856,10115.50856
169,M-1810,item:029313,1011.97107,1011.97107
169,M-1810,item:039668,922.535,922.535
169,M-1810,item:049371,55275.92786,55275.92786
169,M-1810,item:055703,1870.700665,1870.700665
169,M-1810,item:099439,32314.616,32314.616
169,M-1810,item:338928,26656265.0,26656265.0
169,M-1810,item:338929,17170150.0,17170150.0
169,M-1810,item:426331,141890.4,141890.4
169,M-1810,item:693055,11805712.2,11805712.2
169,SDC-1450,item:021081,981844.0,981844.0
170,M-1430,item:038005,487103.366247,485216.955074
170,M-1430,item:042342,432134842.4,425629974.8
170,M-1430,item:333362,18250450.0,18142650.0
170,M-1430,item:344135,11640000.0,11532200.0
170,M-1430,item:708073,78701.196,77846.342
170,M-1430,item:730384,4034009.4,4011155.8
170,M-1430,item:734545,63414.6,62552.2
170,M-1430,item:773474,59473063.2656,58432284.6652
170,M-1810,item:001757,57164.122,57140.7364
170,M-1810,item:001848,32709.88738,32692.34818
170,M-1810,item:001893,186279.74907,186168.66747
170,M-1810,item:002612,176415.712819,176386.480819
170,M-1810,item:007923,54972.2088,54925.4376
170,M-1810,item:016332,10115.50856,10108.49288
170,M-1810,item:029313,1011.97107,1011.38643
170,M-1810,item:039668,922.535,921.95036
170,M-1810,item:049371,55581.70067,55560.06899
170,M-1810,item:055703,1870.700665,1869.531385
170,M-1810,item:099439,32314.616,32285.384
170,M-1810,item:338928,26706265.0,26691865.0
170,M-1810,item:338929,17180150.0,17165750.0
170,M-1810,item:426331,141890.4,141732.0
170,M-1810,item:693055,11814451.2,11808604.8
170,SDC-1450,item:021081,981844.0,981844.0
171,M-1430,item:038005,487911.828178,486025.417006
171,M-1430,item:042342,425629974.8,419125107.2
171,M-1430,item:333362,18142650.0,18034850.0
171,M-1430,item:344135,11532200.0,11424400.0
171,M-1430,item:708073,77846.342,76991.488
171,M-1430,item:730384,4011155.8,3988302.2
171,M-1430,item:734545,62552.2,61689.8
171,M-1430,item:773474,58432284.6652,57391506.0648
171,M-1810,item:001757,57140.7364,57117.3508
171,M-1810,item:001848,32692.34818,32674.80898
171,M-1810,item:001893,186168.66747,186057.58587
171,M-1810,item:002612,176386.480819,176357.248819
171,M-1810,item:007923,54972.2088,54925.4376
171,M-1810,item:016332,10108.49288,10101.4772
171,M-1810,item:029313,1011.38643,1010.80179
171,M-1810,item:039668,921.95036,921.36572
171,M-1810,item:049371,55865.8418,55844.21012
171,M-1810,item:055703,1869.531385,1868.362105
171,M-1810,item:099439,32285.384,32256.152
171,M-1810,item:338928,26691865.0,26677465.0
171,M-1810,item:338929,17175750.0,17161350.0
171,M-1810,item:426331,141732.0,141573.6
171,M-1810,item:693055,11817343.8,11811497.4
171,SDC-1450,item:021081,981844.0,981844.0
172,M-1430,item:038005,488720.29011,486833.878937
172,M-1430,item:042342,419125107.2,412620239.6
172,M-1430,item:333362,18039850.0,17932050.0
172,M-1430,item:344135,11424400.0,11316600.0
172,M-1430,item:708073,76991.488,76136.634
172,M-1430,item:730384,3988302.2,3965448.6
172,M-1430,item:734545,61689.8,60827.4
172,M-1430,item:773474,57391506.0648,56350727.4644
172,M-1810,item:001757,57117.3508,57093.9652
172,M-1810,item:001848,32674.80898,32657.26978
172,M-1810,item:001893,186057.58587,185946.50427
172,M-1810,item:002612,176357.248819,176328.016819
172,M-1810,item:007923,54972.2088,54925.4376
172,M-1810,item:016332,10101.4772,10094.46152
172,M-1810,item:029313,1010.80179,1010.21715
172,M-1810,item:039668,921.36572,920.78108
172,M-1810,item:049371,56149.98293,56128.35125
172,M-1810,item:055703,1868.362105,1867.192825
172,M-1810,item:099439,32256.152,32226.92
172,M-1810,item:338928,26702465.0,26688065.0
172,M-1810,item:338929,17171350.0,17156950.0
172,M-1810,item:426331,141573.6,141415.2
172,M-1810,item:693055,11820234.4,11814388.0
172,SDC-1450,item:021081,981844.0,981844.0
173,M-1430,item:038005,489528.752041,487642.340868
173,M-1430,item:042342,412620239.6,406115372.0
173,M-1430,item:333362,17947050.0,17839250.0
173,M-1430,item:344135,11316600.0,11208800.0
173,M-1430,item:708073,76136.634,75281.78
173,M-1430,item:730384,3965448.6,3942595.0
173,M-1430,item:734545,60827.4,59965.0
173,M-1430,item:773474,56350727.4644,55309948.864
173,M-1810,item:001757,57093.9652,57070.5796
173,M-1810,item:001848,32657.26978,32639.73058
173,M-1810,item:001893,185946.50427,185835.42267
173,M-1810,item:002612,176328.016819,176298.784819
173,M-1810,item:007923,54953.50032,54906.72912
173,M-1810,item:016332,10094.46152,10087.44584
173,M-1810,item:029313,1010.21715,1009.63251
173,M-1810,item:039668,920.78108,920.19644
173,M-1810,item:049371,56434.12406,56412.49238
173,M-1810,item:055703,1867.192825,1866.023545
173,M-1810,item:099439,32226.92,32197.688
173,M-1810,item:338928,26688065.0,26673665.0
173,M-1810,item:338929,17166950.0,17152550.0
173,M-1810,item:426331,141415.2,141256.8
173,M-1810,item:693055,11817457.0,11811610.6
173,SDC-1450,item:021081,981844.0,953236.0
174,M-1430,item:038005,490337.213972,490337.213972
174,M-1430,item:042342,406115372.0,406115372.0
174,M-1430,item:333362,17839250.0,17839250.0
174,M-1430,item:344135,11208800.0,11208800.0
174,M-1430,item:708073,75281.78,75281.78
174,M-1430,item:730384,3942595.0,3942595.0
174,M-1430,item:734545,59965.0,59965.0
174,M-1430,item:773474,55309948.864,55309948.864
174,M-1810,item:001757,57070.5796,57047.194
174,M-1810,item:001848,32639.73058,32622.19138
174,M-1810,item:001893,185835.42267,185724.34107
174,M-1810,item:002612,176298.784819,176269.552819
174,M-1810,item:007923,54939.46896,54892.69776
174,M-1810,item:016332,10087.44584,10080.43016
174,M-1810,item:029313,1009.63251,1009.04787
174,M-1810,item:039668,920.19644,919.6118
174,M-1810,item:049371,56718.26519,56696.63351
174,M-1810,item:055703,1866.023545,1864.854265
174,M-1810,item:099439,32197.688,32168.456
174,M-1810,item:338928,26673665.0,26659265.0
174,M-1810,item:338929,17157550.0,17143150.0
174,M-1810,item:426331,141256.8,141098.4
174,M-1810,item:693055,11814771.6,11808925.2
174,SDC-1450,item:021081,953236.0,953236.0
175,M-1430,item:038005,493032.087076,493032.087076
175,M-1430,item:042342,406115372.0,406115372.0
175,M-1430,item:333362,17844250.0,17844250.0
175,M-1430,item:344135,11208800.0,11208800.0
175,M-1430,item:708073,75281.78,75281.78
175,M-1430,item:730384,3942595.0,3942595.0
175,M-1430,item:734545,59965.0,59965.0
175,M-1430,item:773474,55309948.864,55309948.864
175,M-1810,item:001757,57047.194,57023.8084
175,M-1810,item:001848,32622.19138,32604.65218
175,M-1810,item:001893,185724.34107,185613.25947
175,M-1810,item:002612,176269.552819,176240.320819
175,M-1810,item:007923,54972.2088,54925.4376
175,M-1810,item:016332,10080.43016,10073.41448
175,M-1810,item:029313,1009.04787,1008.46323
175,M-1810,item:039668,919.6118,919.02716
175,M-1810,item:049371,57002.40632,56980.77464
175,M-1810,item:055703,1864.854265,1863.684985
175,M-1810,item:099439,32168.456,32139.224
175,M-1810,item:338928,26659265.0,26644865.0
175,M-1810,item:338929,17148150.0,17133750.0
175,M-1810,item:426331,141098.4,140940.0
175,M-1810,item:693055,11812084.2,11806237.8
175,SDC-1450,item:021081,953236.0,953236.0
176,M-1430,item:038005,495726.96018,495726.96018
176,M-1430,item:042342,406115372.0,406115372.0
176,M-1430,item:333362,17844250.0,17844250.0
176,M-1430,item:344135,11208800.0,11208800.0
176,M-1430,item:708073,75281.78,75281.78
176,M-1430,item:730384,3942595.0,3942595.0
176,M-1430,item:734545,59965.0,59965.0
176,M-1430,item:773474,55309948.864,55309948.864
176,M-1810,item:001757,57023.8084,57000.4228
176,M-1810,item:001848,32604.65218,32587.11298
176,M-1810,item:001893,185613.25947,185502.17787
176,M-1810,item:002612,176240.320819,176211.088819
176,M-1810,item:007923,54958.17744,54911.40624
176,M-1810,item:016332,10073.41448,10066.3988
176,M-1810,item:029313,1008.46323,1007.87859
176,M-1810,item:039668,919.02716,918.44252
176,M-1810,item:049371,57286.54745,57264.91577
176,M-1810,item:055703,1863.684985,1862.515705
176,M-1810,item:099439,32139.224,32109.992
176,M-1810,item:338928,26669865.0,26655465.0
176,M-1810,item:338929,17148750.0,17134350.0
176,M-1810,item:426331,140940.0,140781.6
176,M-1810,item:693055,11809396.8,11803550.4
176,SDC-1450,item:021081,953236.0,953236.0
177,M-1430,item:038005,498421.833284,498421.833284
177,M-1430,item:042342,406115372.0,406115372.0
177,M-1430,item:333362,17849250.0,17849250.0
177,M-1430,item:344135,11208800.0,11208800.0
177,M-1430,item:708073,75281.78,75281.78
177,M-1430,item:730384,3942595.0,3942595.0
177,M-1430,item:734545,59965.0,59965.0
177,M-1430,item:773474,55309948.864,55309948.864
177,M-1810,item:001757,57000.4228,56977.0372
177,M-1810,item:001848,32587.11298,32569.57378
177,M-1810,item:001893,185502.17787,185391.09627
177,M-1810,item:002612,176211.088819,176181.856819
177,M-1810,item:007923,54911.40624,54864.63504
177,M-1810,item:016332,10066.3988,10059.38312
177,M-1810,item:029313,1007.87859,1007.29395
177,M-1810,item:039668,918.44252,917.85788
177,M-1810,item:049371,57570.68858,57549.0569
177,M-1810,item:055703,1862.515705,1861.346425
177,M-1810,item:099439,32109.992,32080.76
177,M-1810,item:338928,26655465.0,26641065.0
177,M-1810,item:338929,17159350.0,17144950.0
177,M-1810,item:426331,140781.6,140623.2
177,M-1810,item:693055,11806753.4,11800907.0
177,SDC-1450,item:021081,953236.0,953236.0
178,M-1430,item:038005,501116.706388,501116.706388
178,M-1430,item:042342,406115372.0,406115372.0
178,M-1430,item:333362,17864250.0,17864250.0
178,M-1430,item:344135,11208800.0,11208800.0
178,M-1430,item:708073,75281.78,75281.78
178,M-1430,item:730384,3942595.0,3942595.0
178,M-1430,item:734545,59965.0,59965.0
178,M-1430,item:773474,55309948.864,55309948.864
178,M-1810,item:001757,56977.0372,56953.6516
178,M-1810,item:001848,32569.57378,32552.03458
178,M-1810,item:001893,185391.09627,185280.01467
178,M-1810,item:002612,176181.856819,176152.624819
178,M-1810,item:007923,54930.11472,54883.34352
178,M-1810,item:016332,10059.38312,10052.36744
178,M-1810,item:029313,1007.29395,1006.70931
178,M-1810,item:039668,917.85788,917.27324
178,M-1810,item:049371,57854.82971,57833.19803
178,M-1810,item:055703,1861.346425,1860.177145
178,M-1810,item:099439,32080.76,32051.528
178,M-1810,item:338928,26641065.0,26626665.0
178,M-1810,item:338929,17159950.0,17145550.0
178,M-1810,item:426331,140623.2,140464.8
178,M-1810,item:693055,11804065.0,11798218.6
178,SDC-1450,item:021081,953236.0,953236.0
179,M-1430,item:038005,503811.579492,503811.579492
179,M-1430,item:042342,406115372.0,406115372.0
179,M-1430,item:333362,17864250.0,17864250.0
179,M-1430,item:344135,11208800.0,11208800.0
179,M-1430,item:708073,75281.78,75281.78
179,M-1430,item:730384,3942595.0,3942595.0
179,M-1430,item:734545,59965.0,59965.0
179,M-1430,item:773474,55309948.864,55309948.864
179,M-1810,item:001757,56953.6516,56930.266
179,M-1810,item:001848,32552.03458,32534.49538
179,M-1810,item:001893,185280.01467,185168.93307
179,M-1810,item:002612,176152.624819,176123.392819
179,M-1810,item:007923,54944.14608,54897.37488
179,M-1810,item:016332,10052.36744,10045.35176
179,M-1810,item:029313,1006.70931,1006.12467
179,M-1810,item:039668,917.27324,916.6886
179,M-1810,item:049371,58138.97084,58117.33916
179,M-1810,item:055703,1860.177145,1859.007865
179,M-1810,item:099439,32051.528,32022.296
179,M-1810,item:338928,26626665.0,26612265.0
179,M-1810,item:338929,17150550.0,17136150.0
179,M-1810,item:426331,140464.8,140306.4
179,M-1810,item:693055,11801422.6,11795576.2
179,SDC-1450,item:021081,953236.0,953236.0
180,M-1430,item:038005,506506.452596,506506.452596
180,M-1430,item:042342,406115372.0,406115372.0
180,M-1430,item:333362,17864250.0,17864250.0
180,M-1430,item:344135,11208800.0,11208800.0
180,M-1430,item:708073,75281.78,75281.78
180,M-1430,item:730384,3942595.0,3942595.0
180,M-1430,item:734545,59965.0,59965.0
180,M-1430,item:773474,55364726.864,55364726.864
180,M-1810,item:001757,56930.266,56906.8804
180,M-1810,item:001848,32534.49538,32516.95618
180,M-1810,item:001893,185168.93307,185057.85147
180,M-1810,item:002612,176123.392819,176094.160819
180,M-1810,item:007923,54911.40624,54864.63504
180,M-1810,item:016332,10045.35176,10038.33608
180,M-1810,item:029313,1006.12467,1005.54003
180,M-1810,item:039668,916.6886,916.10396
180,M-1810,item:049371,58423.11197,58401.48029
180,M-1810,item:055703,1859.007865,1857.838585
180,M-1810,item:099439,32022.296,31993.064
180,M-1810,item:338928,26612265.0,26597865.0
180,M-1810,item:338929,17161150.0,17146750.0
180,M-1810,item:426331,140306.4,140148.0
180,M-1810,item:693055,11798872.2,11793025.8
180,SDC-1450,item:021081,953236.0,953236.0
181,M-1430,item:038005,509201.3257,509201.3257
181,M-1430,item:042342,406115372.0,406115372.0
181,M-1430,item:333362,17869250.0,17869250.0
181,M-1430,item:344135,11208800.0,11208800.0
181,M-1430,item:708073,75281.78,75281.78
181,M-1430,item:730384,3942595.0,3942595.0
181,M-1430,item:734545,59965.0,59965.0
181,M-1430,item:773474,55419504.864,55419504.864
181,M-1810,item:001757,56906.8804,56883.4948
181,M-1810,item:001848,32516.95618,32499.41698
181,M-1810,item:001893,185057.85147,184946.76987
181,M-1810,item:002612,176094.160819,176064.928819
181,M-1810,item:007923,54911.40624,54864.63504
181,M-1810,item:016332,10038.33608,10031.3204
181,M-1810,item:029313,1005.54003,1004.95539
181,M-1810,item:039668,916.10396,915.51932
181,M-1810,item:049371,58707.2531,58685.62142
181,M-1810,item:055703,1857.838585,1856.669305
181,M-1810,item:099439,31993.064,31963.832
181,M-1810,item:338928,26622865.0,26608465.0
181,M-1810,item:338929,17166750.0,17152350.0
181,M-1810,item:426331,140148.0,139989.6
181,M-1810,item:693055,11796321.8,11790475.4
181,SDC-1450,item:021081,953236.0,953236.0
182,M-1430,item:038005,511896.198804,511896.198804
182,M-1430,item:042342,406115372.0,406115372.0
182,M-1430,item:333362,17874250.0,17874250.0
182,M-1430,item:344135,11208800.0,11208800.0
182,M-1430,item:708073,75281.78,75281.78
182,M-1430,item:730384,3942595.0,3942595.0
182,M-1430,item:734545,59965.0,59965.0
182,M-1430,item:773474,55474282.864,55474282.864
182,M-1810,item:001757,56883.4948,56860.1092
182,M-1810,item:001848,32499.41698,32481.87778
182,M-1810,item:001893,184946.76987,184835.68827
182,M-1810,item:002612,176064.928819,176035.696819
182,M-1810,item:007923,54911.40624,54864.63504
182,M-1810,item:016332,10031.3204,10024.30472
182,M-1810,item:029313,1004.95539,1004.37075
182,M-1810,item:039668,915.51932,914.93468
182,M-1810,item:049371,58991.39423,58969.76255
182,M-1810,item:055703,1856.669305,1855.500025
182,M-1810,item:099439,31963.832,31934.6
182,M-1810,item:338928,26633465.0,26619065.0
182,M-1810,item:338929,17167350.0,17152950.0
182,M-1810,item:426331,139989.6,139831.2
182,M-1810,item:693055,11793817.4,11787971.0
182,SDC-1450,item:021081,953236.0,953236.0
183,M-1430,item:038005,514591.071908,514591.071908
183,M-1430,item:042342,406115372.0,406115372.0
183,M-1430,item:333362,17884250.0,17884250.0
183,M-1430,item:344135,11208800.0,11208800.0
183,M-1430,item:708073,75281.78,75281.78
183,M-1430,item:730384,3942595.0,3942595.0
183,M-1430,item:734545,59965.0,59965.0
183,M-1430,item:773474,55638616.864,55638616.864
183,M-1810,item:001757,56860.1092,56836.7236
183,M-1810,item:001848,32481.87778,32464.33858
183,M-1810,item:001893,184835.68827,184724.60667
183,M-1810,item:002612,176035.696819,176006.464819
183,M-1810,item:007923,54906.72912,54859.95792
183,M-1810,item:016332,10024.30472,10017.28904
183,M-1810,item:029313,1004.37075,1003.78611
183,M-1810,item:039668,914.93468,914.35004
183,M-1810,item:049371,59275.53536,59253.90368
183,M-1810,item:055703,1855.500025,1854.330745
183,M-1810,item:099439,31934.6,31905.368
183,M-1810,item:338928,26694065.0,26679665.0
183,M-1810,item:338929,17167950.0,17153550.0
183,M-1810,item:426331,139831.2,139672.8
183,M-1810,item:693055,11791313.0,11785466.6
183,SDC-1450,item:021081,953236.0,953236.0
184,M-1430,item:038005,517285.945012,517285.945012
184,M-1430,item:042342,406115372.0,406115372.0
184,M-1430,item:333362,17889250.0,17889250.0
184,M-1430,item:344135,11208800.0,11208800.0
184,M-1430,item:708073,75281.78,75281.78
184,M-1430,item:730384,3942595.0,3942595.0
184,M-1430,item:734545,59965.0,59965.0
184,M-1430,item:773474,55802950.864,55802950.864
184,M-1810,item:001757,56836.7236,56813.338
184,M-1810,item:001848,32464.33858,32446.79938
184,M-1810,item:001893,184724.60667,184613.52507
184,M-1810,item:002612,176006.464819,175977.232819
184,M-1810,item:007923,54925.4376,54878.6664
184,M-1810,item:016332,10017.28904,10010.27336
184,M-1810,item:029313,1003.78611,1003.20147
184,M-1810,item:039668,914.35004,913.7654
184,M-1810,item:049371,59559.67649,59538.04481
184,M-1810,item:055703,1854.330745,1853.161465
184,M-1810,item:099439,31905.368,31876.136
184,M-1810,item:338928,26679665.0,26665265.0
184,M-1810,item:338929,17153550.0,17139150.0
184,M-1810,item:426331,139672.8,139514.4
184,M-1810,item:693055,11788899.6,11783053.2
184,SDC-1450,item:021081,953236.0,953236.0
185,M-1430,item:038005,519980.818116,519980.818116
185,M-1430,item:042342,406115372.0,406115372.0
185,M-1430,item:333362,17889250.0,17889250.0
185,M-1430,item:344135,11208800.0,11208800.0
185,M-1430,item:708073,75281.78,75281.78
185,M-1430,item:730384,3942595.0,3942595.0
185,M-1430,item:734545,59965.0,59965.0
185,M-1430,item:773474,56022062.864,56022062.864
185,M-1810,item:001757,56813.338,56789.9524
185,M-1810,item:001848,32446.79938,32429.26018
185,M-1810,item:001893,184613.52507,184502.44347
185,M-1810,item:002612,175977.232819,175948.000819
185,M-1810,item:007923,54878.6664,54831.8952
185,M-1810,item:016332,10010.27336,10003.25768
185,M-1810,item:029313,1003.20147,1002.61683
185,M-1810,item:039668,913.7654,913.18076
185,M-1810,item:049371,59843.81762,59822.18594
185,M-1810,item:055703,1853.161465,1851.992185
185,M-1810,item:099439,31876.136,31846.904
185,M-1810,item:338928,26690265.0,26675865.0
185,M-1810,item:338929,17159150.0,17144750.0
185,M-1810,item:426331,139514.4,139356.0
185,M-1810,item:693055,11786486.2,11780639.8
185,SDC-1450,item:021081,953236.0,953236.0
186,M-1430,item:038005,522675.69122,522675.69122
186,M-1430,item:042342,406115372.0,406115372.0
186,M-1430,item:333362,17894250.0,17894250.0
186,M-1430,item:344135,11208800.0,11208800.0
186,M-1430,item:708073,75281.78,75281.78
186,M-1430,item:730384,3942595.0,3942595.0
186,M-1430,item:734545,59965.0,59965.0
186,M-1430,item:773474,56241174.864,56241174.864
186,M-1810,item:001757,56789.9524,56766.5668
186,M-1810,item:001848,32429.26018,32411.72098
186,M-1810,item:001893,184502.44347,184391.36187
186,M-1810,item:002612,175948.000819,175918.768819
186,M-1810,item:007923,54845.92656,54799.15536
186,M-1810,item:016332,10003.25768,9996.242
186,M-1810,item:029313,1002.61683,1002.03219
186,M-1810,item:039668,913.18076,912.59612
186,M-1810,item:049371,60127.95875,60106.32707
186,M-1810,item:055703,1851.992185,1850.822905
186,M-1810,item:099439,31846.904,31817.672
186,M-1810,item:338928,26675865.0,26661465.0
186,M-1810,item:338929,17154750.0,17140350.0
186,M-1810,item:426331,139356.0,139197.6
186,M-1810,item:693055,11784117.8,11778271.4
186,SDC-1450,item:021081,953236.0,953236.0
187,M-1430,item:038005,525370.564324,525370.564324
187,M-1430,item:042342,406115372.0,406115372.0
187,M-1430,item:333362,17894250.0,17894250.0
187,M-1430,item:344135,11208800.0,11208800.0
187,M-1430,item:708073,75281.78,75281.78
187,M-1430,item:730384,3942595.0,3942595.0
187,M-1430,item:734545,59965.0,59965.0
187,M-1430,item:773474,56460286.864,56460286.864
187,M-1810,item:001757,56866.5668,56843.1812
187,M-1810,item:001848,32411.72098,32394.18178
187,M-1810,item:001893,184391.36187,184280.28027
187,M-1810,item:002612,175918.768819,175889.536819
187,M-1810,item:007923,54845.92656,54799.15536
187,M-1810,item:016332,9996.242,9989.22632
187,M-1810,item:029313,1002.03219,1001.44755
187,M-1810,item:039668,912.59612,912.01148
187,M-1810,item:049371,60412.09988,60390.4682
187,M-1810,item:055703,1850.822905,1849.653625
187,M-1810,item:099439,31817.672,31788.44
187,M-1810,item:338928,26661465.0,26647065.0
187,M-1810,item:338929,17140350.0,17125950.0
187,M-1810,item:426331,139197.6,139039.2
187,M-1810,item:693055,11781795.4,11775949.0
187,SDC-1450,item:021081,953236.0,953236.0
188,M-1430,item:038005,528065.437428,528065.437428
188,M-1430,item:042342,406115372.0,406115372.0
188,M-1430,item:333362,17909250.0,17909250.0
188,M-1430,item:344135,11208800.0,11208800.0
188,M-1430,item:708073,75281.78,75281.78
188,M-1430,item:730384,3942595.0,3942595.0
188,M-1430,item:734545,59965.0,59965.0
188,M-1430,item:773474,56679398.864,56679398.864
188,M-1810,item:001757,56843.1812,56843.1812
188,M-1810,item:001848,32394.18178,32394.18178
188,M-1810,item:001893,184280.28027,184280.28027
188,M-1810,item:002612,175889.536819,175889.536819
188,M-1810,item:007923,54873.98928,54873.98928
188,M-1810,item:016332,9989.22632,9989.22632
188,M-1810,item:029313,1001.44755,1001.44755
188,M-1810,item:039668,912.01148,912.01148
188,M-1810,item:049371,60696.24101,60696.24101
188,M-1810,item:055703,1849.653625,1849.653625
188,M-1810,item:099439,31788.44,31788.44
188,M-1810,item:338928,26647065.0,26647065.0
188,M-1810,item:338929,17130950.0,17130950.0
188,M-1810,item:426331,139039.2,139039.2
188,M-1810,item:693055,11779611.0,11779611.0
188,SDC-1450,item:021081,953236.0,953236.0
189,M-1430,item:038005,530760.310532,530760.310532
189,M-1430,item:042342,406115372.0,406115372.0
189,M-1430,item:333362,17914250.0,17914250.0
189,M-1430,item:344135,11208800.0,11208800.0
189,M-1430,item:708073,75281.78,75281.78
189,M-1430,item:730384,3942595.0,3942595.0
189,M-1430,item:734545,59965.0,59965.0
189,M-1430,item:773474,56898510.864,56898510.864
189,M-1810,item:001757,56843.1812,56843.1812
189,M-1810,item:001848,32394.18178,32394.18178
189,M-1810,item:001893,184280.28027,184280.28027
189,M-1810,item:002612,175889.536819,175889.536819
189,M-1810,item:007923,54972.2088,54972.2088
189,M-1810,item:016332,9989.22632,9989.22632
189,M-1810,item:029313,1001.44755,1001.44755
189,M-1810,item:039668,912.01148,912.01148
189,M-1810,item:049371,61002.01382,61002.01382
189,M-1810,item:055703,1849.653625,1849.653625
189,M-1810,item:099439,31788.44,31788.44
189,M-1810,item:338928,26647065.0,26647065.0
189,M-1810,item:338929,17135950.0,17135950.0
189,M-1810,item:426331,139039.2,139039.2
189,M-1810,item:693055,11783273.0,11783273.0
189,SDC-1450,item:021081,953236.0,953236.0
190,M-1430,item:038005,533455.183636,533455.183636
190,M-1430,item:042342,436115372.0,436115372.0
190,M-1430,item:333362,17914250.0,17914250.0
190,M-1430,item:344135,11208800.0,11208800.0
190,M-1430,item:708073,75281.78,75281.78
190,M-1430,item:730384,3942595.0,3942595.0
190,M-1430,item:734545,59965.0,59965.0
190,M-1430,item:773474,57117622.864,57117622.864
190,M-1810,item:001757,56843.1812,56843.1812
190,M-1810,item:001848,32394.18178,32394.18178
190,M-1810,item:001893,184280.28027,184280.28027
190,M-1810,item:002612,175889.536819,175889.536819
190,M-1810,item:007923,55004.94864,55004.94864
190,M-1810,item:016332,9989.22632,9989.22632
190,M-1810,item:029313,1001.44755,1001.44755
190,M-1810,item:039668,912.01148,912.01148
190,M-1810,item:049371,61307.78663,61307.78663
190,M-1810,item:055703,1849.653625,1849.653625
190,M-1810,item:099439,31788.44,31788.44
190,M-1810,item:338928,26672065.0,26672065.0
190,M-1810,item:338929,17140950.0,17140950.0
190,M-1810,item:426331,139039.2,139039.2
190,M-1810,item:693055,11786935.0,11786935.0
190,SDC-1450,item:021081,953236.0,953236.0
191,M-1430,item:038005,536150.05674,536150.05674
191,M-1430,item:042342,436115372.0,436115372.0
191,M-1430,item:333362,17914250.0,17914250.0
191,M-1430,item:344135,11208800.0,11208800.0
191,M-1430,item:708073,75281.78,75281.78
191,M-1430,item:730384,3942595.0,3942595.0
191,M-1430,item:734545,59965.0,59965.0
191,M-1430,item:773474,57336734.864,57336734.864
191,M-1810,item:001757,56843.1812,56819.7956
191,M-1810,item:001848,32394.18178,32376.64258
191,M-1810,item:001893,184280.28027,184169.19867
191,M-1810,item:002612,175889.536819,175860.304819
191,M-1810,item:007923,55004.94864,54958.17744
191,M-1810,item:016332,9989.22632,9982.21064
191,M-1810,item:029313,1001.44755,1000.86291
191,M-1810,item:039668,912.01148,911.42684
191,M-1810,item:049371,61613.55944,61591.92776
191,M-1810,item:055703,1849.653625,1848.484345
191,M-1810,item:099439,31788.44,31759.208
191,M-1810,item:338928,26697065.0,26682665.0
191,M-1810,item:338929,17145950.0,17131550.0
191,M-1810,item:426331,139039.2,138880.8
191,M-1810,item:693055,11790596.0,11784749.6
191,SDC-1450,item:021081,953236.0,953236.0
192,M-1430,item:038005,548844.929844,548844.929844
192,M-1430,item:042342,436115372.0,436115372.0
192,M-1430,item:333362,17919250.0,17919250.0
192,M-1430,item:344135,11208800.0,11208800.0
192,M-1430,item:708073,75281.78,75281.78
192,M-1430,item:730384,3942595.0,3942595.0
192,M-1430,item:734545,59965.0,59965.0
192,M-1430,item:773474,57555846.864,57555846.864
192,M-1810,item:001757,56819.7956,56796.41
192,M-1810,item:001848,32376.64258,32359.10338
192,M-1810,item:001893,184169.19867,184058.11707
192,M-1810,item:002612,175860.304819,175831.072819
192,M-1810,item:007923,54958.17744,54911.40624
192,M-1810,item:016332,9982.21064,9975.19496
192,M-1810,item:029313,1000.86291,1000.27827
192,M-1810,item:039668,911.42684,910.8422
192,M-1810,item:049371,61897.70057,61876.06889
192,M-1810,item:055703,1848.484345,1847.315065
192,M-1810,item:099439,31759.208,31729.976
192,M-1810,item:338928,26682665.0,26668265.0
192,M-1810,item:338929,17141550.0,17127150.0
192,M-1810,item:426331,138880.8,138722.4
192,M-1810,item:693055,11788409.6,11782563.2
192,SDC-1450,item:021081,953236.0,953236.0
193,M-1430,item:038005,551539.802948,551539.802948
193,M-1430,item:042342,436115372.0,436115372.0
193,M-1430,item:333362,17934250.0,17934250.0
193,M-1430,item:344135,11328800.0,11328800.0
193,M-1430,item:708073,75281.78,75281.78
193,M-1430,item:730384,3942595.0,3942595.0
193,M-1430,item:734545,59965.0,59965.0
193,M-1430,item:773474,57774958.864,57774958.864
193,M-1810,item:001757,56796.41,56773.0244
193,M-1810,item:001848,32359.10338,32341.56418
193,M-1810,item:001893,184058.11707,183947.03547
193,M-1810,item:002612,175831.072819,175801.840819
193,M-1810,item:007923,54925.4376,54878.6664
193,M-1810,item:016332,9975.19496,9968.17928
193,M-1810,item:029313,1000.27827,999.69363
193,M-1810,item:039668,910.8422,910.25756
193,M-1810,item:049371,62181.8417,62160.21002
193,M-1810,item:055703,1847.315065,1846.145785
193,M-1810,item:099439,31729.976,31700.744
193,M-1810,item:338928,26718265.0,26703865.0
193,M-1810,item:338929,17137150.0,17122750.0
193,M-1810,item:426331,138722.4,138564.0
193,M-1810,item:693055,11786266.2,11780419.8
193,SDC-1450,item:021081,953236.0,953236.0
194,M-1430,item:038005,554234.676052,554234.676052
194,M-1430,item:042342,436115372.0,436115372.0
194,M-1430,item:333362,17934250.0,17934250.0
194,M-1430,item:344135,11328800.0,11328800.0
194,M-1430,item:708073,75281.78,75281.78
194,M-1430,item:730384,3942595.0,3942595.0
194,M-1430,item:734545,59965.0,59965.0
194,M-1430,item:773474,57994070.864,57994070.864
194,M-1810,item:001757,56773.0244,56749.6388
194,M-1810,item:001848,32341.56418,32324.02498
194,M-1810,item:001893,183947.03547,183835.95387
194,M-1810,item:002612,175801.840819,175772.608819
194,M-1810,item:007923,54878.6664,54831.8952
194,M-1810,item:016332,9968.17928,9961.1636
194,M-1810,item:029313,999.69363,999.10899
194,M-1810,item:039668,910.25756,909.67292
194,M-1810,item:049371,62465.98283,62444.35115
194,M-1810,item:055703,1846.145785,1844.976505
194,M-1810,item:099439,31700.744,31671.512
194,M-1810,item:338928,26703865.0,26689465.0
194,M-1810,item:338929,17122750.0,17108350.0
194,M-1810,item:426331,138564.0,138405.6
194,M-1810,item:693055,11784167.8,11778321.4
194,SDC-1450,item:021081,953236.0,953236.0
195,M-1430,item:038005,556929.549156,556929.549156
195,M-1430,item:042342,436115372.0,436115372.0
195,M-1430,item:333362,17939250.0,17939250.0
195,M-1430,item:344135,11328800.0,11328800.0
195,M-1430,item:708073,75281.78,75281.78
195,M-1430,item:730384,3942595.0,3942595.0
195,M-1430,item:734545,59965.0,59965.0
195,M-1430,item:773474,58213181.864,58213181.864
195,M-1810,item:001757,56749.6388,56726.2532
195,M-1810,item:001848,32324.02498,32306.48578
195,M-1810,item:001893,183835.95387,183724.87227
195,M-1810,item:002612,175772.608819,175743.376819
195,M-1810,item:007923,54864.63504,54817.86384
195,M-1810,item:016332,9961.1636,9954.14792
195,M-1810,item:029313,999.10899,998.52435
195,M-1810,item:039668,909.67292,909.08828
195,M-1810,item:049371,62750.12396,62728.49228
195,M-1810,item:055703,1844.976505,1843.807225
195,M-1810,item:099439,31671.512,31642.28
195,M-1810,item:338928,26714465.0,26700065.0
195,M-1810,item:338929,17133350.0,17118950.0
195,M-1810,item:426331,138405.6,138247.2
195,M-1810,item:693055,11782161.4,11776315.0
195,SDC-1450,item:021081,953236.0,953236.0
196,M-1430,item:038005,559624.42226,559624.42226
196,M-1430,item:042342,436115372.0,436115372.0
196,M-1430,item:333362,17939250.0,17939250.0
196,M-1430,item:344135,11328800.0,11328800.0
196,M-1430,item:708073,75281.78,75281.78
196,M-1430,item:730384,3942595.0,3942595.0
196,M-1430,item:734545,59965.0,59965.0
196,M-1430,item:773474,58432292.864,58432292.864
196,M-1810,item:001757,56726.2532,56702.8676
196,M-1810,item:001848,32306.48578,32288.94658
196,M-1810,item:001893,183724.87227,183613.79067
196,M-1810,item:002612,175743.376819,175714.144819
196,M-1810,item:007923,54930.11472,54883.34352
196,M-1810,item:016332,9954.14792,9947.13224
196,M-1810,item:029313,998.52435,997.93971
196,M-1810,item:039668,909.08828,908.50364
196,M-1810,item:049371,63034.26509,63012.63341
196,M-1810,item:055703,1843.807225,1842.637945
196,M-1810,item:099439,31642.28,31613.048
196,M-1810,item:338928,26725065.0,26710665.0
196,M-1810,item:338929,17133950.0,17119550.0
196,M-1810,item:426331,138247.2,138088.8
196,M-1810,item:693055,11780293.0,11774446.6
196,SDC-1450,item:021081,953236.0,953236.0
197,M-1430,item:038005,562319.295364,562319.295364
197,M-1430,item:042342,436115372.0,436115372.0
197,M-1430,item:333362,17944250.0,17944250.0
197,M-1430,item:344135,11328800.0,11328800.0
197,M-1430,item:708073,75281.78,75281.78
197,M-1430,item:730384,3942595.0,3942595.0
197,M-1430,item:734545,59965.0,59965.0
197,M-1430,item:773474,58651403.864,58651403.864
197,M-1810,item:001757,56802.8676,56779.482
197,M-1810,item:001848,32288.94658,32271.40738
197,M-1810,item:001893,183613.79067,183502.70907
197,M-1810,item:002612,175714.144819,175684.912819
197,M-1810,item:007923,54930.11472,54883.34352
197,M-1810,item:016332,9947.13224,9940.11656
197,M-1810,item:029313,997.93971,997.35507
197,M-1810,item:039668,908.50364,907.919
197,M-1810,item:049371,63318.40622,63296.77454
197,M-1810,item:055703,1842.637945,1841.468665
197,M-1810,item:099439,31613.048,31583.816
197,M-1810,item:338928,26760665.0,26746265.0
197,M-1810,item:338929,17129550.0,17115150.0
197,M-1810,item:426331,138088.8,137930.4
197,M-1810,item:693055,11778378.6,11772532.2
197,SDC-1450,item:021081,953236.0,953236.0
198,M-1430,item:038005,565014.168468,565014.168468
198,M-1430,item:042342,436115372.0,436115372.0
198,M-1430,item:333362,17954250.0,17954250.0
198,M-1430,item:344135,11328800.0,11328800.0
198,M-1430,item:708073,75281.78,75281.78
198,M-1430,item:730384,3942595.0,3942595.0
198,M-1430,item:734545,59965.0,59965.0
198,M-1430,item:773474,58870514.864,58870514.864
198,M-1810,item:001757,56879.482,56879.482
198,M-1810,item:001848,32271.40738,32271.40738
198,M-1810,item:001893,183502.70907,183502.70907
198,M-1810,item:002612,175684.912819,175684.912819
198,M-1810,item:007923,54897.37488,54897.37488
198,M-1810,item:016332,9940.11656,9940.11656
198,M-1810,item:029313,997.35507,997.35507
198,M-1810,item:039668,907.919,907.919
198,M-1810,item:049371,63602.54735,63602.54735
198,M-1810,item:055703,1841.468665,1841.468665
198,M-1810,item:099439,31583.816,31583.816
198,M-1810,item:338928,26746265.0,26746265.0
198,M-1810,item:338929,17115150.0,17115150.0
198,M-1810,item:426331,137930.4,137930.4
198,M-1810,item:693055,11776555.2,11776555.2
198,SDC-1450,item:021081,953236.0,953236.0
199,M-1430,item:038005,567709.041572,567709.041572
199,M-1430,item:042342,436115372.0,436115372.0
199,M-1430,item:333362,17959250.0,17959250.0
199,M-1430,item:344135,11328800.0,11328800.0
199,M-1430,item:708073,75281.78,75281.78
199,M-1430,item:730384,3942595.0,3942595.0
199,M-1430,item:734545,59965.0,59965.0
199,M-1430,item:773474,59034846.864,59034846.864
199,M-1810,item:001757,56879.482,56879.482
199,M-1810,item:001848,32271.40738,32271.40738
199,M-1810,item:001893,183502.70907,183502.70907
199,M-1810,item:002612,175684.912819,175684.912819
199,M-1810,item:007923,54911.40624,54911.40624
199,M-1810,item:016332,9940.11656,9940.11656
199,M-1810,item:029313,997.35507,997.35507
199,M-1810,item:039668,907.919,907.919
199,M-1810,item:049371,63908.32016,63908.32016
199,M-1810,item:055703,1841.468665,1841.468665
199,M-1810,item:099439,31583.816,31583.816
199,M-1810,item:338928,26746265.0,26746265.0
199,M-1810,item:338929,17115150.0,17115150.0
199,M-1810,item:426331,137930.4,137930.4
199,M-1810,item:693055,11780533.2,11780533.2
199,SDC-1450,item:021081,953236.0,953236.0
200,M-1430,item:038005,570403.914676,570403.914676
200,M-1430,item:042342,436115372.0,436115372.0
200,M-1430,item:333362,17964250.0,17964250.0
200,M-1430,item:344135,11328800.0,11328800.0
200,M-1430,item:708073,75281.78,75281.78
200,M-1430,item:730384,3942595.0,3942595.0
200,M-1430,item:734545,59965.0,59965.0
200,M-1430,item:773474,59199178.864,59199178.864
200,M-1810,item:001757,56879.482,56879.482
200,M-1810,item:001848,32271.40738,32271.40738
200,M-1810,item:001893,183502.70907,183502.70907
200,M-1810,item:002612,175684.912819,175684.912819
200,M-1810,item:007923,54939.46896,54939.46896
200,M-1810,item:016332,9940.11656,9940.11656
200,M-1810,item:029313,997.35507,997.35507
200,M-1810,item:039668,907.919,907.919
200,M-1810,item:049371,64214.09297,64214.09297
200,M-1810,item:055703,1841.468665,1841.468665
200,M-1810,item:099439,31583.816,31583.816
200,M-1810,item:338928,26771265.0,26771265.0
200,M-1810,item:338929,17120150.0,17120150.0
200,M-1810,item:426331,137930.4,137930.4
200,M-1810,item:693055,11784466.2,11784466.2
200,SDC-1450,item:021081,953236.0,953236.0
201,M-1430,item:038005,573098.78778,573098.78778
201,M-1430,item:042342,436115372.0,436115372.0
201,M-1430,item:333362,17964250.0,17964250.0
201,M-1430,item:344135,11448800.0,11448800.0
201,M-1430,item:708073,75281.78,75281.78
201,M-1430,item:730384,3942595.0,3942595.0
201,M-1430,item:734545,59965.0,59965.0
201,M-1430,item:773474,59363509.864,59363509.864
201,M-1810,item:001757,56979.482,56979.482
201,M-1810,item:001848,32271.40738,32271.40738
201,M-1810,item:001893,183502.70907,183502.70907
201,M-1810,item:002612,175684.912819,175684.912819
201,M-1810,item:007923,54972.2088,54972.2088
201,M-1810,item:016332,9940.11656,9940.11656
201,M-1810,item:029313,997.35507,997.35507
201,M-1810,item:039668,907.919,907.919
201,M-1810,item:049371,64519.86578,64519.86578
201,M-1810,item:055703,1841.468665,1841.468665
201,M-1810,item:099439,31583.816,31583.816
201,M-1810,item:338928,26796265.0,26796265.0
201,M-1810,item:338929,17130150.0,17130150.0
201,M-1810,item:426331,137930.4,137930.4
201,M-1810,item:693055,11788445.2,11788445.2
201,SDC-1450,item:021081,973236.0,973236.0
202,M-1430,item:038005,575793.660884,575793.660884
202,M-1430,item:042342,436115372.0,436115372.0
202,M-1430,item:333362,17969250.0,17969250.0
202,M-1430,item:344135,11448800.0,11448800.0
202,M-1430,item:708073,75281.78,75281.78
202,M-1430,item:730384,3942595.0,3942595.0
202,M-1430,item:734545,59965.0,59965.0
202,M-1430,item:773474,59418286.864,59418286.864
202,M-1810,item:001757,56979.482,56979.482
202,M-1810,item:001848,32271.40738,32271.40738
202,M-1810,item:001893,183502.70907,183502.70907
202,M-1810,item:002612,175684.912819,175684.912819
202,M-1810,item:007923,55018.98,55018.98
202,M-1810,item:016332,9940.11656,9940.11656
202,M-1810,item:029313,997.35507,997.35507
202,M-1810,item:039668,907.919,907.919
202,M-1810,item:049371,64825.63859,64825.63859
202,M-1810,item:055703,1841.468665,1841.468665
202,M-1810,item:099439,31583.816,31583.816
202,M-1810,item:338928,26846265.0,26846265.0
202,M-1810,item:338929,17135150.0,17135150.0
202,M-1810,item:426331,137930.4,137930.4
202,M-1810,item:693055,11792470.2,11792470.2
202,SDC-1450,item:021081,973236.0,973236.0
203,M-1430,item:038005,578488.533988,578488.533988
203,M-1430,item:042342,436115372.0,436115372.0
203,M-1430,item:333362,17974250.0,17974250.0
203,M-1430,item:344135,11448800.0,11448800.0
203,M-1430,item:708073,75281.78,75281.78
203,M-1430,item:730384,3942595.0,3942595.0
203,M-1430,item:734545,59965.0,59965.0
203,M-1430,item:773474,59473063.864,59473063.864
203,M-1810,item:001757,56979.482,56979.482
203,M-1810,item:001848,32271.40738,32271.40738
203,M-1810,item:001893,183502.70907,183502.70907
203,M-1810,item:002612,175684.912819,175684.912819
203,M-1810,item:007923,55018.98,55018.98
203,M-1810,item:016332,9940.11656,9940.11656
203,M-1810,item:029313,997.35507,997.35507
203,M-1810,item:039668,907.919,907.919
203,M-1810,item:049371,65131.4114,65131.4114
203,M-1810,item:055703,1841.468665,1841.468665
203,M-1810,item:099439,31583.816,31583.816
203,M-1810,item:338928,26871265.0,26871265.0
203,M-1810,item:338929,17135150.0,17135150.0
203,M-1810,item:426331,137930.4,137930.4
203,M-1810,item:693055,11796449.2,11796449.2
203,SDC-1450,item:021081,973236.0,973236.0
204,M-1430,item:038005,581183.407092,581183.407092
204,M-1430,item:042342,436115372.0,436115372.0
204,M-1430,item:333362,17984250.0,17984250.0
204,M-1430,item:344135,11448800.0,11448800.0
204,M-1430,item:708073,75281.78,75281.78
204,M-1430,item:730384,3942595.0,3942595.0
204,M-1430,item:734545,59965.0,59965.0
204,M-1430,item:773474,59473063.864,59473063.864
204,M-1810,item:001757,56979.482,56979.482
204,M-1810,item:001848,32271.40738,32271.40738
204,M-1810,item:001893,183502.70907,183502.70907
204,M-1810,item:002612,175684.912819,175684.912819
204,M-1810,item:007923,55018.98,55018.98
204,M-1810,item:016332,9940.11656,9940.11656
204,M-1810,item:029313,997.35507,997.35507
204,M-1810,item:039668,907.919,907.919
204,M-1810,item:049371,65437.18421,65437.18421
204,M-1810,item:055703,1841.468665,1841.468665
204,M-1810,item:099439,31583.816,31583.816
204,M-1810,item:338928,26896265.0,26896265.0
204,M-1810,item:338929,17135150.0,17135150.0
204,M-1810,item:426331,137930.4,137930.4
204,M-1810,item:693055,11800472.2,11800472.2
204,SDC-1450,item:021081,973236.0,973236.0
205,M-1430,item:038005,583878.280196,583878.280196
205,M-1430,item:042342,436115372.0,436115372.0
205,M-1430,item:333362,17989250.0,17989250.0
205,M-1430,item:344135,11448800.0,11448800.0
205,M-1430,item:708073,75281.78,75281.78
205,M-1430,item:730384,3942595.0,3942595.0
205,M-1430,item:734545,59965.0,59965.0
205,M-1430,item:773474,59473063.864,59473063.864
205,M-1810,item:001757,56979.482,56956.0964
205,M-1810,item:001848,32271.40738,32253.86818
205,M-1810,item:001893,183502.70907,183391.62747
205,M-1810,item:002612,175684.912819,175655.680819
205,M-1810,item:007923,55018.98,54972.2088
205,M-1810,item:016332,9940.11656,9933.10088
205,M-1810,item:029313,997.35507,996.77043
205,M-1810,item:039668,907.919,907.33436
205,M-1810,item:049371,65742.95702,65721.32534
205,M-1810,item:055703,1841.468665,1840.299385
205,M-1810,item:099439,31583.816,31554.584
205,M-1810,item:338928,26921265.0,26906865.0
205,M-1810,item:338929,17135150.0,17120750.0
205,M-1810,item:426331,137930.4,137772.0
205,M-1810,item:693055,11804450.2,11798603.8
205,SDC-1450,item:021081,973236.0,973236.0
206,M-1430,item:038005,586573.1533,586573.1533
206,M-1430,item:042342,436115372.0,436115372.0
206,M-1430,item:333362,17989250.0,17989250.0
206,M-1430,item:344135,11448800.0,11448800.0
206,M-1430,item:708073,75281.78,75281.78
206,M-1430,item:730384,3942595.0,3942595.0
206,M-1430,item:734545,59965.0,59965.0
206,M-1430,item:773474,59473063.864,59473063.864
206,M-1810,item:001757,56956.0964,56932.7108
206,M-1810,item:001848,32253.86818,32236.32898
206,M-1810,item:001893,183391.62747,183280.54587
206,M-1810,item:002612,175655.680819,175626.448819
206,M-1810,item:007923,54972.2088,54925.4376
206,M-1810,item:016332,9933.10088,9926.0852
206,M-1810,item:029313,996.77043,996.18579
206,M-1810,item:039668,907.33436,906.74972
206,M-1810,item:049371,66027.09815,66005.46647
206,M-1810,item:055703,1840.299385,1839.130105
206,M-1810,item:099439,31554.584,31525.352
206,M-1810,item:338928,26906865.0,26892465.0
206,M-1810,item:338929,17130750.0,17116350.0
206,M-1810,item:426331,137772.0,137613.6
206,M-1810,item:693055,11802581.8,11796735.4
206,SDC-1450,item:021081,973236.0,973236.0
207,M-1430,item:038005,589268.026404,589268.026404
207,M-1430,item:042342,436115372.0,436115372.0
207,M-1430,item:333362,17989250.0,17989250.0
207,M-1430,item:344135,11448800.0,11448800.0
207,M-1430,item:708073,75281.78,75281.78
207,M-1430,item:730384,3942595.0,3942595.0
207,M-1430,item:734545,59965.0,59965.0
207,M-1430,item:773474,59473063.864,59473063.864
207,M-1810,item:001757,56932.7108,56909.3252
207,M-1810,item:001848,32236.32898,32218.78978
207,M-1810,item:001893,183280.54587,183169.46427
207,M-1810,item:002612,175626.448819,175597.216819
207,M-1810,item:007923,54925.4376,54878.6664
207,M-1810,item:016332,9926.0852,9919.06952
207,M-1810,item:029313,996.18579,995.60115
207,M-1810,item:039668,906.74972,906.16508
207,M-1810,item:049371,66311.23928,66289.6076
207,M-1810,item:055703,1839.130105,1837.960825
207,M-1810,item:099439,31525.352,31496.12
207,M-1810,item:338928,26917465.0,26903065.0
207,M-1810,item:338929,17116350.0,17101950.0
207,M-1810,item:426331,137613.6,137455.2
207,M-1810,item:693055,11800669.4,11794823.0
207,SDC-1450,item:021081,973236.0,973236.0
208,M-1430,item:038005,591962.899508,591962.899508
208,M-1430,item:042342,436115372.0,436115372.0
208,M-1430,item:333362,17999250.0,17999250.0
208,M-1430,item:344135,11448800.0,11448800.0
208,M-1430,item:708073,75281.78,75281.78
208,M-1430,item:730384,3942595.0,3942595.0
208,M-1430,item:734545,59965.0,59965.0
208,M-1430,item:773474,59473063.864,59473063.864
208,M-1810,item:001757,57009.3252,56985.9396
208,M-1810,item:001848,32218.78978,32201.25058
208,M-1810,item:001893,183169.46427,183058.38267
208,M-1810,item:002612,175597.216819,175567.984819
208,M-1810,item:007923,54892.69776,54845.92656
208,M-1810,item:016332,9919.06952,9912.05384
208,M-1810,item:029313,995.60115,995.01651
208,M-1810,item:039668,906.16508,905.58044
208,M-1810,item:049371,66595.38041,66573.74873
208,M-1810,item:055703,1837.960825,1836.791545
208,M-1810,item:099439,31496.12,31466.888
208,M-1810,item:338928,26928065.0,26913665.0
208,M-1810,item:338929,17101950.0,17087550.0
208,M-1810,item:426331,137455.2,137296.8
208,M-1810,item:693055,11798803.0,11792956.6
208,SDC-1450,item:021081,973236.0,973236.0
209,M-1430,item:038005,594657.772612,594657.772612
209,M-1430,item:042342,436115372.0,436115372.0
209,M-1430,item:333362,18009250.0,18009250.0
209,M-1430,item:344135,11448800.0,11448800.0
209,M-1430,item:708073,75281.78,75281.78
209,M-1430,item:730384,3942595.0,3942595.0
209,M-1430,item:734545,59965.0,59965.0
209,M-1430,item:773474,59473063.864,59473063.864
209,M-1810,item:001757,56985.9396,56962.554
209,M-1810,item:001848,32201.25058,32183.71138
209,M-1810,item:001893,183058.38267,182947.30107
209,M-1810,item:002612,175567.984819,175538.752819
209,M-1810,item:007923,54878.6664,54831.8952
209,M-1810,item:016332,9912.05384,9905.03816
209,M-1810,item:029313,995.01651,994.43187
209,M-1810,item:039668,905.58044,904.9958
209,M-1810,item:049371,66879.52154,66857.88986
209,M-1810,item:055703,1836.791545,1835.622265
209,M-1810,item:099439,31466.888,31437.656
209,M-1810,item:338928,26913665.0,26899265.0
209,M-1810,item:338929,17092550.0,17078150.0
209,M-1810,item:426331,137296.8,137138.4
209,M-1810,item:693055,11796935.6,11791089.2
209,SDC-1450,item:021081,973236.0,973236.0
210,M-1430,item:038005,597352.645716,597352.645716
210,M-1430,item:042342,436115372.0,436115372.0
210,M-1430,item:333362,18009250.0,18009250.0
210,M-1430,item:344135,11448800.0,11448800.0
210,M-1430,item:708073,80281.78,80281.78
210,M-1430,item:730384,3942595.0,3942595.0
210,M-1430,item:734545,66265.0,66265.0
210,M-1430,item:773474,59473063.864,59473063.864
210,M-1810,item:001757,56962.554,56939.1684
210,M-1810,item:001848,32183.71138,32166.17218
210,M-1810,item:001893,206867.30107,206756.21947
210,M-1810,item:002612,175538.752819,175509.520819
210,M-1810,item:007923,54944.14608,54897.37488
210,M-1810,item:016332,9905.03816,9898.02248
210,M-1810,item:029313,994.43187,993.84723
210,M-1810,item:039668,904.9958,904.41116
210,M-1810,item:049371,67163.66267,67142.03099
210,M-1810,item:055703,1835.622265,1834.452985
210,M-1810,item:099439,31437.656,31408.424
210,M-1810,item:338928,26924265.0,26909865.0
210,M-1810,item:338929,17093150.0,17078750.0
210,M-1810,item:426331,137138.4,136980.0
210,M-1810,item:693055,11795070.2,11789223.8
210,SDC-1450,item:021081,973236.0,973236.0
211,M-1430,item:038005,600047.51882,600047.51882
211,M-1430,item:042342,436115372.0,436115372.0
211,M-1430,item:333362,18014250.0,18014250.0
211,M-1430,item:344135,11448800.0,11448800.0
211,M-1430,item:708073,80281.78,80281.78
211,M-1430,item:730384,3942595.0,3942595.0
211,M-1430,item:734545,66265.0,66265.0
211,M-1430,item:773474,59473063.864,59473063.864
211,M-1810,item:001757,56939.1684,56915.7828
211,M-1810,item:001848,32166.17218,32148.63298
211,M-1810,item:001893,206756.21947,206645.13787
211,M-1810,item:002612,175509.520819,175480.288819
211,M-1810,item:007923,54911.40624,54864.63504
211,M-1810,item:016332,9898.02248,9891.0068
211,M-1810,item:029313,993.84723,993.26259
211,M-1810,item:039668,904.41116,903.82652
211,M-1810,item:049371,67447.8038,67426.17212
211,M-1810,item:055703,1834.452985,1833.283705
211,M-1810,item:099439,31408.424,31379.192
211,M-1810,item:338928,26934865.0,26920465.0
211,M-1810,item:338929,17088750.0,17074350.0
211,M-1810,item:426331,136980.0,136821.6
211,M-1810,item:693055,11793250.8,11787404.4
211,SDC-1450,item:021081,973236.0,973236.0
212,M-1430,item:038005,602742.391924,602742.391924
212,M-1430,item:042342,436115372.0,436115372.0
212,M-1430,item:333362,18014250.0,18014250.0
212,M-1430,item:344135,11448800.0,11448800.0
212,M-1430,item:708073,80281.78,80281.78
212,M-1430,item:730384,3942595.0,3942595.0
212,M-1430,item:734545,66265.0,66265.0
212,M-1430,item:773474,59473063.864,59473063.864
212,M-1810,item:001757,56915.7828,56892.3972
212,M-1810,item:001848,32148.63298,32131.09378
212,M-1810,item:001893,206645.13787,206534.05627
212,M-1810,item:002612,175480.288819,175451.056819
212,M-1810,item:007923,54892.69776,54845.92656
212,M-1810,item:016332,9891.0068,9883.99112
212,M-1810,item:029313,993.26259,992.67795
212,M-1810,item:039668,903.82652,903.24188
212,M-1810,item:049371,67731.94493,67710.31325
212,M-1810,item:055703,1833.283705,1832.114425
212,M-1810,item:099439,31379.192,31349.96
212,M-1810,item:338928,27020465.0,27006065.0
212,M-1810,item:338929,17079350.0,17064950.0
212,M-1810,item:426331,136821.6,136663.2
212,M-1810,item:693055,11791430.4,11785584.0
212,SDC-1450,item:021081,973236.0,973236.0
213,M-1430,item:038005,605437.265028,605437.265028
213,M-1430,item:042342,436115372.0,436115372.0
213,M-1430,item:333362,18019250.0,18019250.0
213,M-1430,item:344135,11448800.0,11448800.0
213,M-1430,item:708073,80281.78,80281.78
213,M-1430,item:730384,3942595.0,3942595.0
213,M-1430,item:734545,66265.0,66265.0
213,M-1430,item:773474,59473063.864,59473063.864
213,M-1810,item:001757,56892.3972,56869.0116
213,M-1810,item:001848,32131.09378,32113.55458
213,M-1810,item:001893,206534.05627,206422.97467
213,M-1810,item:002612,175451.056819,175421.824819
213,M-1810,item:007923,54878.6664,54831.8952
213,M-1810,item:016332,9883.99112,9876.97544
213,M-1810,item:029313,992.67795,992.09331
213,M-1810,item:039668,903.24188,902.65724
213,M-1810,item:049371,68016.08606,67994.45438
213,M-1810,item:055703,1832.114425,1830.945145
213,M-1810,item:099439,31349.96,31320.728
213,M-1810,item:338928,27031065.0,27016665.0
213,M-1810,item:338929,17069950.0,17055550.0
213,M-1810,item:426331,136663.2,136504.8
213,M-1810,item:693055,11789565.0,11783718.6
213,SDC-1450,item:021081,973236.0,973236.0
214,M-1430,item:038005,608132.138132,608132.138132
214,M-1430,item:042342,436115372.0,436115372.0
214,M-1430,item:333362,18029250.0,18029250.0
214,M-1430,item:344135,11448800.0,11448800.0
214,M-1430,item:708073,80281.78,80281.78
214,M-1430,item:730384,3942595.0,3942595.0
214,M-1430,item:734545,66265.0,66265.0
214,M-1430,item:773474,59473063.864,59473063.864
214,M-1810,item:001757,56869.0116,56845.626
214,M-1810,item:001848,32113.55458,32096.01538
214,M-1810,item:001893,206422.97467,206311.89307
214,M-1810,item:002612,175421.824819,175392.592819
214,M-1810,item:007923,54878.6664,54831.8952
214,M-1810,item:016332,9876.97544,9869.95976
214,M-1810,item:029313,992.09331,991.50867
214,M-1810,item:039668,902.65724,902.0726
214,M-1810,item:049371,68300.22719,68278.59551
214,M-1810,item:055703,1830.945145,1829.775865
214,M-1810,item:099439,31320.728,31291.496
214,M-1810,item:338928,27041665.0,27027265.0
214,M-1810,item:338929,17075550.0,17061150.0
214,M-1810,item:426331,136504.8,136346.4
214,M-1810,item:693055,11787746.6,11781900.2
214,SDC-1450,item:021081,973236.0,973236.0
215,M-1430,item:038005,610827.011236,610827.011236
215,M-1430,item:042342,436115372.0,436115372.0
215,M-1430,item:333362,18029250.0,18029250.0
215,M-1430,item:344135,11448800.0,11448800.0
215,M-1430,item:708073,80281.78,80281.78
215,M-1430,item:730384,3942595.0,3942595.0
215,M-1430,item:734545,66265.0,66265.0
215,M-1430,item:773474,59473063.864,59473063.864
215,M-1810,item:001757,56845.626,56822.2404
215,M-1810,item:001848,32096.01538,32078.47618
215,M-1810,item:001893,206311.89307,206200.81147
215,M-1810,item:002612,175392.592819,175363.360819
215,M-1810,item:007923,54897.37488,54850.60368
215,M-1810,item:016332,9869.95976,9862.94408
215,M-1810,item:029313,991.50867,990.92403
215,M-1810,item:039668,902.0726,901.48796
215,M-1810,item:049371,68584.36832,68562.73664
215,M-1810,item:055703,1829.775865,1828.606585
215,M-1810,item:099439,31291.496,31262.264
215,M-1810,item:338928,27027265.0,27012865.0
215,M-1810,item:338929,17086150.0,17071750.0
215,M-1810,item:426331,136346.4,136188.0
215,M-1810,item:693055,11785883.2,11780036.8
215,SDC-1450,item:021081,973236.0,973236.0
216,M-1430,item:038005,613521.88434,613521.88434
216,M-1430,item:042342,436115372.0,436115372.0
216,M-1430,item:333362,18034250.0,18034250.0
216,M-1430,item:344135,11448800.0,11448800.0
216,M-1430,item:708073,80281.78,80281.78
216,M-1430,item:730384,3942595.0,3942595.0
216,M-1430,item:734545,66265.0,66265.0
216,M-1430,item:773474,59473063.864,59473063.864
216,M-1810,item:001757,56822.2404,56798.8548
216,M-1810,item:001848,32078.47618,32060.93698
216,M-1810,item:001893,206200.81147,206089.72987
216,M-1810,item:002612,175363.360819,175334.128819
216,M-1810,item:007923,54897.37488,54850.60368
216,M-1810,item:016332,9862.94408,9855.9284
216,M-1810,item:029313,990.92403,990.33939
216,M-1810,item:039668,901.48796,900.90332
216,M-1810,item:049371,68868.50945,68846.87777
216,M-1810,item:055703,1828.606585,1827.437305
216,M-1810,item:099439,31262.264,31233.032
216,M-1810,item:338928,27012865.0,26998465.0
216,M-1810,item:338929,17086750.0,17072350.0
216,M-1810,item:426331,136188.0,136029.6
216,M-1810,item:693055,11784019.8,11778173.4
216,SDC-1450,item:021081,973236.0,973236.0
217,M-1430,item:038005,616216.757444,616216.757444
217,M-1430,item:042342,436115372.0,436115372.0
217,M-1430,item:333362,18034250.0,18034250.0
217,M-1430,item:344135,11448800.0,11448800.0
217,M-1430,item:708073,80281.78,80281.78
217,M-1430,item:730384,3942595.0,3942595.0
217,M-1430,item:734545,66265.0,66265.0
217,M-1430,item:773474,59473063.864,59473063.864
217,M-1810,item:001757,56798.8548,56775.4692
217,M-1810,item:001848,32060.93698,32043.39778
217,M-1810,item:001893,206089.72987,205978.64827
217,M-1810,item:002612,175334.128819,175304.896819
217,M-1810,item:007923,54911.40624,54864.63504
217,M-1810,item:016332,9855.9284,9848.91272
217,M-1810,item:029313,990.33939,989.75475
217,M-1810,item:039668,900.90332,900.31868
217,M-1810,item:049371,69152.65058,69131.0189
217,M-1810,item:055703,1827.437305,1826.268025
217,M-1810,item:099439,31233.032,31203.8
217,M-1810,item:338928,27048465.0,27034065.0
217,M-1810,item:338929,17082350.0,17067950.0
217,M-1810,item:426331,136029.6,135871.2
217,M-1810,item:693055,11782065.4,11776219.0
217,SDC-1450,item:021081,973236.0,973236.0
218,M-1430,item:038005,618911.630548,618911.630548
218,M-1430,item:042342,436115372.0,436115372.0
218,M-1430,item:333362,18034250.0,18034250.0
218,M-1430,item:344135,11448800.0,11448800.0
218,M-1430,item:708073,80281.78,80281.78
218,M-1430,item:730384,3942595.0,3942595.0
218,M-1430,item:734545,66265.0,66265.0
218,M-1430,item:773474,59473063.864,59473063.864
218,M-1810,item:001757,56775.4692,56752.0836
218,M-1810,item:001848,32043.39778,32025.85858
218,M-1810,item:001893,205978.64827,205867.56667
218,M-1810,item:002612,175304.896819,175275.664819
218,M-1810,item:007923,54911.40624,54864.63504
218,M-1810,item:016332,9848.91272,9841.89704
218,M-1810,item:029313,989.75475,989.17011
218,M-1810,item:039668,900.31868,899.73404
218,M-1810,item:049371,69436.79171,69415.16003
218,M-1810,item:055703,1826.268025,1825.098745
218,M-1810,item:099439,31203.8,31174.568
218,M-1810,item:338928,27084065.0,27069665.0
218,M-1810,item:338929,17087950.0,17073550.0
218,M-1810,item:426331,135871.2,135712.8
218,M-1810,item:693055,11780110.0,11774263.6
218,SDC-1450,item:021081,973236.0,973236.0
219,M-1430,item:038005,621606.503652,621606.503652
219,M-1430,item:042342,436115372.0,436115372.0
219,M-1430,item:333362,18049250.0,18049250.0
219,M-1430,item:344135,11568800.0,11568800.0
219,M-1430,item:708073,80281.78,80281.78
219,M-1430,item:730384,3942595.0,3942595.0
219,M-1430,item:734545,66265.0,66265.0
219,M-1430,item:773474,59473063.864,59473063.864
219,M-1810,item:001757,56752.0836,56752.0836
219,M-1810,item:001848,32025.85858,32025.85858
219,M-1810,item:001893,205867.56667,205867.56667
219,M-1810,item:002612,175275.664819,175275.664819
219,M-1810,item:007923,54925.4376,54925.4376
219,M-1810,item:016332,9841.89704,9841.89704
219,M-1810,item:029313,989.17011,989.17011
219,M-1810,item:039668,899.73404,899.73404
219,M-1810,item:049371,69720.93284,69720.93284
219,M-1810,item:055703,1825.098745,1825.098745
219,M-1810,item:099439,31174.568,31174.568
219,M-1810,item:338928,27069665.0,27069665.0
219,M-1810,item:338929,17093550.0,17093550.0
219,M-1810,item:426331,135712.8,135712.8
219,M-1810,item:693055,11778110.6,11778110.6
219,SDC-1450,item:021081,973236.0,973236.0
220,M-1430,item:038005,624301.376756,624301.376756
220,M-1430,item:042342,436115372.0,436115372.0
220,M-1430,item:333362,18049250.0,18049250.0
220,M-1430,item:344135,11568800.0,11568800.0
220,M-1430,item:708073,80281.78,80281.78
220,M-1430,item:730384,3942595.0,3942595.0
220,M-1430,item:734545,66265.0,66265.0
220,M-1430,item:773474,59473063.864,59473063.864
220,M-1810,item:001757,56752.0836,56752.0836
220,M-1810,item:001848,32025.85858,32025.85858
220,M-1810,item:001893,205867.56667,205867.56667
220,M-1810,item:002612,175275.664819,175275.664819
220,M-1810,item:007923,54958.17744,54958.17744
220,M-1810,item:016332,9841.89704,9841.89704
220,M-1810,item:029313,989.17011,989.17011
220,M-1810,item:039668,899.73404,899.73404
220,M-1810,item:049371,70026.70565,70026.70565
220,M-1810,item:055703,1825.098745,1825.098745
220,M-1810,item:099439,31174.568,31174.568
220,M-1810,item:338928,27094665.0,27094665.0
220,M-1810,item:338929,17118550.0,17118550.0
220,M-1810,item:426331,135712.8,135712.8
220,M-1810,item:693055,11781957.6,11781957.6
220,SDC-1450,item:021081,973236.0,973236.0
221,M-1430,item:038005,626996.24986,626996.24986
221,M-1430,item:042342,436115372.0,436115372.0
221,M-1430,item:333362,18049250.0,18049250.0
221,M-1430,item:344135,11568800.0,11568800.0
221,M-1430,item:708073,80281.78,80281.78
221,M-1430,item:730384,3942595.0,3942595.0
221,M-1430,item:734545,66265.0,66265.0
221,M-1430,item:773474,59473063.864,59473063.864
221,M-1810,item:001757,56752.0836,56752.0836
221,M-1810,item:001848,32025.85858,32025.85858
221,M-1810,item:001893,205867.56667,205867.56667
221,M-1810,item:002612,175275.664819,175275.664819
221,M-1810,item:007923,54990.91728,54990.91728
221,M-1810,item:016332,9841.89704,9841.89704
221,M-1810,item:029313,989.17011,989.17011
221,M-1810,item:039668,899.73404,899.73404
221,M-1810,item:049371,70332.47846,70332.47846
221,M-1810,item:055703,1825.098745,1825.098745
221,M-1810,item:099439,31174.568,31174.568
221,M-1810,item:338928,27119665.0,27119665.0
221,M-1810,item:338929,17138550.0,17138550.0
221,M-1810,item:426331,135712.8,135712.8
221,M-1810,item:693055,11785849.6,11785849.6
221,SDC-1450,item:021081,973236.0,973236.0
222,M-1430,item:038005,629691.122964,629691.122964
222,M-1430,item:042342,436115372.0,436115372.0
222,M-1430,item:333362,18054250.0,18054250.0
222,M-1430,item:344135,11568800.0,11568800.0
222,M-1430,item:708073,80281.78,80281.78
222,M-1430,item:730384,3942595.0,3942595.0
222,M-1430,item:734545,66265.0,66265.0
222,M-1430,item:773474,59473063.864,59473063.864
222,M-1810,item:001757,56852.0836,56852.0836
222,M-1810,item:001848,32025.85858,32025.85858
222,M-1810,item:001893,205867.56667,205867.56667
222,M-1810,item:002612,175275.664819,175275.664819
222,M-1810,item:007923,55018.98,55018.98
222,M-1810,item:016332,9841.89704,9841.89704
222,M-1810,item:029313,989.17011,989.17011
222,M-1810,item:039668,899.73404,899.73404
222,M-1810,item:049371,70638.25127,70638.25127
222,M-1810,item:055703,1825.098745,1825.098745
222,M-1810,item:099439,31174.568,31174.568
222,M-1810,item:338928,27144665.0,27144665.0
222,M-1810,item:338929,17138550.0,17138550.0
222,M-1810,item:426331,135712.8,135712.8
222,M-1810,item:693055,11789787.6,11789787.6
222,SDC-1450,item:021081,973236.0,973236.0
223,M-1430,item:038005,632385.996068,632385.996068
223,M-1430,item:042342,436115372.0,436115372.0
223,M-1430,item:333362,18059250.0,18059250.0
223,M-1430,item:344135,11568800.0,11568800.0
223,M-1430,item:708073,80281.78,80281.78
223,M-1430,item:730384,3942595.0,3942595.0
223,M-1430,item:734545,66265.0,66265.0
223,M-1430,item:773474,59473063.864,59473063.864
223,M-1810,item:001757,56852.0836,56852.0836
223,M-1810,item:001848,32025.85858,32025.85858
223,M-1810,item:001893,205867.56667,205867.56667
223,M-1810,item:002612,175275.664819,175275.664819
223,M-1810,item:007923,55018.98,55018.98
223,M-1810,item:016332,9841.89704,9841.89704
223,M-1810,item:029313,989.17011,989.17011
223,M-1810,item:039668,899.73404,899.73404
223,M-1810,item:049371,70944.02408,70944.02408
223,M-1810,item:055703,1825.098745,1825.098745
223,M-1810,item:099439,31174.568,31174.568
223,M-1810,item:338928,27194665.0,27194665.0
223,M-1810,item:338929,17148550.0,17148550.0
223,M-1810,item:426331,135712.8,135712.8
223,M-1810,item:693055,11793724.6,11793724.6
223,SDC-1450,item:021081,973236.0,973236.0
224,M-1430,item:038005,635080.869172,635080.869172
224,M-1430,item:042342,436115372.0,436115372.0
224,M-1430,item:333362,18074250.0,18074250.0
224,M-1430,item:344135,11568800.0,11568800.0
224,M-1430,item:708073,80281.78,80281.78
224,M-1430,item:730384,3942595.0,3942595.0
224,M-1430,item:734545,66265.0,66265.0
224,M-1430,item:773474,59473063.864,59473063.864
224,M-1810,item:001757,56852.0836,56852.0836
224,M-1810,item:001848,32025.85858,32025.85858
224,M-1810,item:001893,205867.56667,205867.56667
224,M-1810,item:002612,175275.664819,175275.664819
224,M-1810,item:007923,55018.98,55018.98
224,M-1810,item:016332,9841.89704,9841.89704
224,M-1810,item:029313,989.17011,989.17011
224,M-1810,item:039668,899.73404,899.73404
224,M-1810,item:049371,71249.79689,71249.79689
224,M-1810,item:055703,1825.098745,1825.098745
224,M-1810,item:099439,31174.568,31174.568
224,M-1810,item:338928,27194665.0,27194665.0
224,M-1810,item:338929,17163550.0,17163550.0
224,M-1810,item:426331,135712.8,135712.8
224,M-1810,item:693055,11797658.6,11797658.6
224,SDC-1450,item:021081,973236.0,973236.0
225,M-1430,item:038005,637775.742276,637775.742276
225,M-1430,item:042342,436115372.0,436115372.0
225,M-1430,item:333362,18074250.0,18074250.0
225,M-1430,item:344135,11568800.0,11568800.0
225,M-1430,item:708073,80281.78,80281.78
225,M-1430,item:730384,3942595.0,3942595.0
225,M-1430,item:734545,66265.0,66265.0
225,M-1430,item:773474,59473063.864,59473063.864
225,M-1810,item:001757,56852.0836,56852.0836
225,M-1810,item:001848,32025.85858,32025.85858
225,M-1810,item:001893,205867.56667,205867.56667
225,M-1810,item:002612,175275.664819,175275.664819
225,M-1810,item:007923,55018.98,55018.98
225,M-1810,item:016332,9841.89704,9841.89704
225,M-1810,item:029313,989.17011,989.17011
225,M-1810,item:039668,899.73404,899.73404
225,M-1810,item:049371,71555.5697,71555.5697
225,M-1810,item:055703,1825.098745,1825.098745
225,M-1810,item:099439,31174.568,31174.568
225,M-1810,item:338928,27219665.0,27219665.0
225,M-1810,item:338929,17173550.0,17173550.0
225,M-1810,item:426331,135712.8,135712.8
225,M-1810,item:693055,11801592.6,11801592.6
225,SDC-1450,item:021081,973236.0,973236.0
226,M-1430,item:038005,640470.61538,640470.61538
226,M-1430,item:042342,436115372.0,436115372.0
226,M-1430,item:333362,18074250.0,18074250.0
226,M-1430,item:344135,11568800.0,11568800.0
226,M-1430,item:708073,80281.78,80281.78
226,M-1430,item:730384,3942595.0,3942595.0
226,M-1430,item:734545,66265.0,66265.0
226,M-1430,item:773474,59473063.864,59473063.864
226,M-1810,item:001757,56852.0836,56852.0836
226,M-1810,item:001848,32025.85858,32025.85858
226,M-1810,item:001893,205867.56667,205867.56667
226,M-1810,item:002612,175275.664819,175275.664819
226,M-1810,item:007923,55018.98,55018.98
226,M-1810,item:016332,9841.89704,9841.89704
226,M-1810,item:029313,989.17011,989.17011
226,M-1810,item:039668,899.73404,899.73404
226,M-1810,item:049371,71861.34251,71861.34251
226,M-1810,item:055703,1825.098745,1825.098745
226,M-1810,item:099439,31174.568,31174.568
226,M-1810,item:338928,27219665.0,27219665.0
226,M-1810,item:338929,17183550.0,17183550.0
226,M-1810,item:426331,135712.8,135712.8
226,M-1810,item:693055,11805619.6,11805619.6
226,SDC-1450,item:021081,973236.0,973236.0
227,M-1430,item:038005,643165.488484,643165.488484
227,M-1430,item:042342,436115372.0,436115372.0
227,M-1430,item:333362,18079250.0,18079250.0
227,M-1430,item:344135,11568800.0,11568800.0
227,M-1430,item:708073,80281.78,80281.78
227,M-1430,item:730384,3942595.0,3942595.0
227,M-1430,item:734545,66265.0,66265.0
227,M-1430,item:773474,59473063.864,59473063.864
227,M-1810,item:001757,56852.0836,56852.0836
227,M-1810,item:001848,32025.85858,32025.85858
227,M-1810,item:001893,205867.56667,205867.56667
227,M-1810,item:002612,175275.664819,175275.664819
227,M-1810,item:007923,55018.98,55018.98
227,M-1810,item:016332,9841.89704,9841.89704
227,M-1810,item:029313,989.17011,989.17011
227,M-1810,item:039668,899.73404,899.73404
227,M-1810,item:049371,72167.11532,72167.11532
227,M-1810,item:055703,1825.098745,1825.098745
227,M-1810,item:099439,31174.568,31174.568
227,M-1810,item:338928,27219665.0,27219665.0
227,M-1810,item:338929,17198550.0,17198550.0
227,M-1810,item:426331,135712.8,135712.8
227,M-1810,item:693055,11809646.6,11809646.6
227,SDC-1450,item:021081,973236.0,973236.0
228,M-1430,item:038005,645860.361588,645860.361588
228,M-1430,item:042342,436115372.0,436115372.0
228,M-1430,item:333362,18084250.0,18084250.0
228,M-1430,item:344135,11568800.0,11568800.0
228,M-1430,item:708073,80281.78,80281.78
228,M-1430,item:730384,3942595.0,3942595.0
228,M-1430,item:734545,66265.0,66265.0
228,M-1430,item:773474,59473063.864,59473063.864
228,M-1810,item:001757,56852.0836,56852.0836
228,M-1810,item:001848,32025.85858,32025.85858
228,M-1810,item:001893,205867.56667,205867.56667
228,M-1810,item:002612,175275.664819,175275.664819
228,M-1810,item:007923,55018.98,55018.98
228,M-1810,item:016332,9841.89704,9841.89704
228,M-1810,item:029313,989.17011,989.17011
228,M-1810,item:039668,899.73404,899.73404
228,M-1810,item:049371,72472.88813,72472.88813
228,M-1810,item:055703,1825.098745,1825.098745
228,M-1810,item:099439,31174.568,31174.568
228,M-1810,item:338928,27219665.0,27219665.0
228,M-1810,item:338929,17203550.0,17203550.0
228,M-1810,item:426331,135712.8,135712.8
228,M-1810,item:693055,11813628.6,11813628.6
228,SDC-1450,item:021081,993236.0,993236.0
229,M-1430,item:038005,648555.234692,648555.234692
229,M-1430,item:042342,436115372.0,436115372.0
229,M-1430,item:333362,18089250.0,18089250.0
229,M-1430,item:344135,11568800.0,11568800.0
229,M-1430,item:708073,80281.78,80281.78
229,M-1430,item:730384,3942595.0,3942595.0
229,M-1430,item:734545,66265.0,66265.0
229,M-1430,item:773474,59473063.864,59473063.864
229,M-1810,item:001757,56852.0836,56852.0836
229,M-1810,item:001848,32025.85858,32025.85858
229,M-1810,item:001893,205867.56667,205867.56667
229,M-1810,item:002612,175275.664819,175275.664819
229,M-1810,item:007923,55018.98,55018.98
229,M-1810,item:016332,9841.89704,9841.89704
229,M-1810,item:029313,989.17011,989.17011
229,M-1810,item:039668,899.73404,899.73404
229,M-1810,item:049371,72778.66094,72778.66094
229,M-1810,item:055703,1825.098745,1825.098745
229,M-1810,item:099439,31174.568,31174.568
229,M-1810,item:338928,27219665.0,27219665.0
229,M-1810,item:338929,17208550.0,17208550.0
229,M-1810,item:426331,135712.8,135712.8
229,M-1810,item:693055,11817655.6,11817655.6
229,SDC-1450,item:021081,993236.0,993236.0
230,M-1430,item:038005,651250.107796,651250.107796
230,M-1430,item:042342,436115372.0,436115372.0
230,M-1430,item:333362,18099250.0,18099250.0
230,M-1430,item:344135,11568800.0,11568800.0
230,M-1430,item:708073,80281.78,80281.78
230,M-1430,item:730384,3942595.0,3942595.0
230,M-1430,item:734545,66265.0,66265.0
230,M-1430,item:773474,59473063.864,59473063.864
230,M-1810,item:001757,56952.0836,56952.0836
230,M-1810,item:001848,32025.85858,32025.85858
230,M-1810,item:001893,205867.56667,205867.56667
230,M-1810,item:002612,175275.664819,175275.664819
230,M-1810,item:007923,55018.98,55018.98
230,M-1810,item:016332,9841.89704,9841.89704
230,M-1810,item:029313,989.17011,989.17011
230,M-1810,item:039668,899.73404,899.73404
230,M-1810,item:049371,73084.43375,73084.43375
230,M-1810,item:055703,1825.098745,1825.098745
230,M-1810,item:099439,31174.568,31174.568
230,M-1810,item:338928,27244665.0,27244665.0
230,M-1810,item:338929,17218550.0,17218550.0
230,M-1810,item:426331,135712.8,135712.8
230,M-1810,item:693055,11821682.6,11821682.6
230,SDC-1450,item:021081,993236.0,993236.0
231,M-1430,item:038005,653944.9809,653944.9809
231,M-1430,item:042342,436115372.0,436115372.0
231,M-1430,item:333362,18099250.0,18099250.0
231,M-1430,item:344135,11568800.0,11568800.0
231,M-1430,item:708073,80281.78,80281.78
231,M-1430,item:730384,3942595.0,3942595.0
231,M-1430,item:734545,66265.0,66265.0
231,M-1430,item:773474,59473063.864,59473063.864
231,M-1810,item:001757,56952.0836,56952.0836
231,M-1810,item:001848,32025.85858,32025.85858
231,M-1810,item:001893,205867.56667,205867.56667
231,M-1810,item:002612,175275.664819,175275.664819
231,M-1810,item:007923,55018.98,55018.98
231,M-1810,item:016332,9841.89704,9841.89704
231,M-1810,item:029313,989.17011,989.17011
231,M-1810,item:039668,899.73404,899.73404
231,M-1810,item:049371,73390.20656,73390.20656
231,M-1810,item:055703,1825.098745,1825.098745
231,M-1810,item:099439,31174.568,31174.568
231,M-1810,item:338928,27244665.0,27244665.0
231,M-1810,item:338929,17233550.0,17233550.0
231,M-1810,item:426331,135712.8,135712.8
231,M-1810,item:693055,11825753.6,11825753.6
231,SDC-1450,item:021081,993236.0,993236.0
232,M-1430,item:038005,656639.854004,656639.854004
232,M-1430,item:042342,436115372.0,436115372.0
232,M-1430,item:333362,18104250.0,18104250.0
232,M-1430,item:344135,11568800.0,11568800.0
232,M-1430,item:708073,80281.78,80281.78
232,M-1430,item:730384,3942595.0,3942595.0
232,M-1430,item:734545,66265.0,66265.0
232,M-1430,item:773474,59473063.864,59473063.864
232,M-1810,item:001757,56952.0836,56952.0836
232,M-1810,item:001848,32025.85858,32025.85858
232,M-1810,item:001893,205867.56667,205867.56667
232,M-1810,item:002612,175275.664819,175275.664819
232,M-1810,item:007923,55018.98,55018.98
232,M-1810,item:016332,9841.89704,9841.89704
232,M-1810,item:029313,989.17011,989.17011
232,M-1810,item:039668,899.73404,899.73404
232,M-1810,item:049371,73695.97937,73695.97937
232,M-1810,item:055703,1825.098745,1825.098745
232,M-1810,item:099439,31174.568,31174.568
232,M-1810,item:338928,27269665.0,27269665.0
232,M-1810,item:338929,17238550.0,17238550.0
232,M-1810,item:426331,135712.8,135712.8
232,M-1810,item:693055,11829869.6,11829869.6
232,SDC-1450,item:021081,993236.0,993236.0
233,M-1430,item:038005,659334.727108,659334.727108
233,M-1430,item:042342,436115372.0,436115372.0
233,M-1430,item:333362,18109250.0,18109250.0
233,M-1430,item:344135,11568800.0,11568800.0
233,M-1430,item:708073,80281.78,80281.78
233,M-1430,item:730384,3942595.0,3942595.0
233,M-1430,item:734545,66265.0,66265.0
233,M-1430,item:773474,59473063.864,59473063.864
233,M-1810,item:001757,56952.0836,56952.0836
233,M-1810,item:001848,32025.85858,32025.85858
233,M-1810,item:001893,205867.56667,205867.56667
233,M-1810,item:002612,175275.664819,175275.664819
233,M-1810,item:007923,55018.98,55018.98
233,M-1810,item:016332,9841.89704,9841.89704
233,M-1810,item:029313,989.17011,989.17011
233,M-1810,item:039668,899.73404,899.73404
233,M-1810,item:049371,74001.75218,74001.75218
233,M-1810,item:055703,1825.098745,1825.098745
233,M-1810,item:099439,31174.568,31174.568
233,M-1810,item:338928,27269665.0,27269665.0
233,M-1810,item:338929,17253550.0,17253550.0
233,M-1810,item:426331,135712.8,135712.8
233,M-1810,item:693055,11834028.6,11834028.6
233,SDC-1450,item:021081,993236.0,993236.0
234,M-1430,item:038005,662029.600212,662029.600212
234,M-1430,item:042342,436115372.0,436115372.0
234,M-1430,item:333362,18119250.0,18119250.0
234,M-1430,item:344135,11568800.0,11568800.0
234,M-1430,item:708073,80281.78,80281.78
234,M-1430,item:730384,3942595.0,3942595.0
234,M-1430,item:734545,66265.0,66265.0
234,M-1430,item:773474,59473063.864,59473063.864
234,M-1810,item:001757,56952.0836,56952.0836
234,M-1810,item:001848,32025.85858,32025.85858
234,M-1810,item:001893,205867.56667,205867.56667
234,M-1810,item:002612,175275.664819,175275.664819
234,M-1810,item:007923,55018.98,55018.98
234,M-1810,item:016332,9841.89704,9841.89704
234,M-1810,item:029313,989.17011,989.17011
234,M-1810,item:039668,899.73404,899.73404
234,M-1810,item:049371,74307.52499,74307.52499
234,M-1810,item:055703,1825.098745,1825.098745
234,M-1810,item:099439,31174.568,31174.568
234,M-1810,item:338928,27269665.0,27269665.0
234,M-1810,item:338929,17273550.0,17273550.0
234,M-1810,item:426331,135712.8,135712.8
234,M-1810,item:693055,11838051.6,11838051.6
234,SDC-1450,item:021081,993236.0,993236.0
235,M-1430,item:038005,664724.473316,664724.473316
235,M-1430,item:042342,436115372.0,436115372.0
235,M-1430,item:333362,18129250.0,18129250.0
235,M-1430,item:344135,11568800.0,11568800.0
235,M-1430,item:708073,80281.78,80281.78
235,M-1430,item:730384,3942595.0,3942595.0
235,M-1430,item:734545,66265.0,66265.0
235,M-1430,item:773474,59473063.864,59473063.864
235,M-1810,item:001757,56952.0836,56928.698
235,M-1810,item:001848,32025.85858,32008.31938
235,M-1810,item:001893,205867.56667,205756.48507
235,M-1810,item:002612,175275.664819,175246.432819
235,M-1810,item:007923,55018.98,54972.2088
235,M-1810,item:016332,9841.89704,9834.88136
235,M-1810,item:029313,989.17011,988.58547
235,M-1810,item:039668,899.73404,899.1494
235,M-1810,item:049371,74613.2978,74591.66612
235,M-1810,item:055703,1825.098745,1823.929465
235,M-1810,item:099439,31174.568,31145.336
235,M-1810,item:338928,27294665.0,27280265.0
235,M-1810,item:338929,17278550.0,17264150.0
235,M-1810,item:426331,135712.8,135554.4
235,M-1810,item:693055,11842030.6,11836184.2
235,SDC-1450,item:021081,993236.0,993236.0
236,M-1430,item:038005,667419.34642,667419.34642
236,M-1430,item:042342,436115372.0,436115372.0
236,M-1430,item:333362,18139250.0,18139250.0
236,M-1430,item:344135,11568800.0,11568800.0
236,M-1430,item:708073,80281.78,80281.78
236,M-1430,item:730384,3942595.0,3942595.0
236,M-1430,item:734545,66265.0,66265.0
236,M-1430,item:773474,59473063.864,59473063.864
236,M-1810,item:001757,56928.698,56928.698
236,M-1810,item:001848,32008.31938,32008.31938
236,M-1810,item:001893,205756.48507,205756.48507
236,M-1810,item:002612,175246.432819,175246.432819
236,M-1810,item:007923,54972.2088,54972.2088
236,M-1810,item:016332,9834.88136,9834.88136
236,M-1810,item:029313,988.58547,988.58547
236,M-1810,item:039668,899.1494,899.1494
236,M-1810,item:049371,74897.43893,74897.43893
236,M-1810,item:055703,1823.929465,1823.929465
236,M-1810,item:099439,31145.336,31145.336
236,M-1810,item:338928,27330265.0,27330265.0
236,M-1810,item:338929,17274150.0,17274150.0
236,M-1810,item:426331,135554.4,135554.4
236,M-1810,item:693055,11840163.2,11840163.2
236,SDC-1450,item:021081,993236.0,993236.0
237,M-1430,item:038005,670114.219524,670114.219524
237,M-1430,item:042342,436115372.0,436115372.0
237,M-1430,item:333362,18144250.0,18144250.0
237,M-1430,item:344135,11568800.0,11568800.0
237,M-1430,item:708073,80281.78,80281.78
237,M-1430,item:730384,3942595.0,3942595.0
237,M-1430,item:734545,66265.0,66265.0
237,M-1430,item:773474,59473063.864,59473063.864
237,M-1810,item:001757,56928.698,56928.698
237,M-1810,item:001848,32008.31938,32008.31938
237,M-1810,item:001893,205756.48507,205756.48507
237,M-1810,item:002612,175246.432819,175246.432819
237,M-1810,item:007923,54972.2088,54972.2088
237,M-1810,item:016332,9834.88136,9834.88136
237,M-1810,item:029313,988.58547,988.58547
237,M-1810,item:039668,899.1494,899.1494
237,M-1810,item:049371,75203.21174,75203.21174
237,M-1810,item:055703,1823.929465,1823.929465
237,M-1810,item:099439,31145.336,31145.336
237,M-1810,item:338928,27355265.0,27355265.0
237,M-1810,item:338929,17274150.0,17274150.0
237,M-1810,item:426331,135554.4,135554.4
237,M-1810,item:693055,11844142.2,11844142.2
237,SDC-1450,item:021081,993236.0,993236.0
238,M-1430,item:038005,672809.092628,672809.092628
238,M-1430,item:042342,436115372.0,436115372.0
238,M-1430,item:333362,18149250.0,18149250.0
238,M-1430,item:344135,11568800.0,11568800.0
238,M-1430,item:708073,80281.78,80281.78
238,M-1430,item:730384,3942595.0,3942595.0
238,M-1430,item:734545,66265.0,66265.0
238,M-1430,item:773474,59473063.864,59473063.864
238,M-1810,item:001757,56928.698,56905.3124
238,M-1810,item:001848,32008.31938,31990.78018
238,M-1810,item:001893,205756.48507,205645.40347
238,M-1810,item:002612,175246.432819,175217.200819
238,M-1810,item:007923,55004.94864,54958.17744
238,M-1810,item:016332,9834.88136,9827.86568
238,M-1810,item:029313,988.58547,988.00083
238,M-1810,item:039668,899.1494,898.56476
238,M-1810,item:049371,75508.98455,75487.35287
238,M-1810,item:055703,1823.929465,1822.760185
238,M-1810,item:099439,31145.336,31116.104
238,M-1810,item:338928,27380265.0,27365865.0
238,M-1810,item:338929,17284150.0,17269750.0
238,M-1810,item:426331,135554.4,135396.0
238,M-1810,item:693055,11848165.2,11842318.8
238,SDC-1450,item:021081,993236.0,993236.0
239,M-1430,item:038005,675503.965732,675503.965732
239,M-1430,item:042342,436115372.0,436115372.0
239,M-1430,item:333362,18159250.0,18159250.0
239,M-1430,item:344135,11568800.0,11568800.0
239,M-1430,item:708073,80281.78,80281.78
239,M-1430,item:730384,3942595.0,3942595.0
239,M-1430,item:734545,66265.0,66265.0
239,M-1430,item:773474,59473063.864,59473063.864
239,M-1810,item:001757,56905.3124,56905.3124
239,M-1810,item:001848,31990.78018,31990.78018
239,M-1810,item:001893,205645.40347,205645.40347
239,M-1810,item:002612,175217.200819,175217.200819
239,M-1810,item:007923,54958.17744,54958.17744
239,M-1810,item:016332,9827.86568,9827.86568
239,M-1810,item:029313,988.00083,988.00083
239,M-1810,item:039668,898.56476,898.56476
239,M-1810,item:049371,75793.12568,75793.12568
239,M-1810,item:055703,1822.760185,1822.760185
239,M-1810,item:099439,31116.104,31116.104
239,M-1810,item:338928,27365865.0,27365865.0
239,M-1810,item:338929,17284750.0,17284750.0
239,M-1810,item:426331,135396.0,135396.0
239,M-1810,item:693055,11846295.8,11846295.8
239,SDC-1450,item:021081,993236.0,993236.0
240,M-1430,item:038005,678198.838836,676312.427663
240,M-1430,item:042342,436115372.0,429610504.4
240,M-1430,item:333362,18164250.0,18056450.0
240,M-1430,item:344135,11568800.0,11461000.0
240,M-1430,item:708073,80281.78,79426.926
240,M-1430,item:730384,3942595.0,3919741.4
240,M-1430,item:734545,66265.0,65402.6
240,M-1430,item:773474,59473063.864,58432285.2636
240,M-1810,item:001757,56905.3124,56881.9268
240,M-1810,item:001848,31990.78018,31973.24098
240,M-1810,item:001893,205645.40347,205534.32187
240,M-1810,item:002612,175217.200819,175187.968819
240,M-1810,item:007923,54958.17744,54911.40624
240,M-1810,item:016332,9827.86568,9820.85
240,M-1810,item:029313,988.00083,987.41619
240,M-1810,item:039668,898.56476,897.98012
240,M-1810,item:049371,76098.89849,76077.26681
240,M-1810,item:055703,1822.760185,1821.590905
240,M-1810,item:099439,31116.104,31086.872
240,M-1810,item:338928,27365865.0,27351465.0
240,M-1810,item:338929,17289750.0,17275350.0
240,M-1810,item:426331,135396.0,135237.6
240,M-1810,item:693055,11850273.8,11844427.4
240,SDC-1450,item:021081,993236.0,993236.0
241,M-1430,item:038005,679007.300767,679007.300767
241,M-1430,item:042342,429610504.4,429610504.4
241,M-1430,item:333362,18071450.0,18071450.0
241,M-1430,item:344135,11461000.0,11461000.0
241,M-1430,item:708073,79426.926,79426.926
241,M-1430,item:730384,3919741.4,3919741.4
241,M-1430,item:734545,65402.6,65402.6
241,M-1430,item:773474,58432285.2636,58432285.2636
241,M-1810,item:001757,56981.9268,56958.5412
241,M-1810,item:001848,31973.24098,31955.70178
241,M-1810,item:001893,205534.32187,205423.24027
241,M-1810,item:002612,175187.968819,175158.736819
241,M-1810,item:007923,54925.4376,54878.6664
241,M-1810,item:016332,9820.85,9813.83432
241,M-1810,item:029313,987.41619,986.83155
241,M-1810,item:039668,897.98012,897.39548
241,M-1810,item:049371,76383.03962,76361.40794
241,M-1810,item:055703,1821.590905,1820.421625
241,M-1810,item:099439,31086.872,31057.64
241,M-1810,item:338928,27401465.0,27387065.0
241,M-1810,item:338929,17275350.0,17260950.0
241,M-1810,item:426331,135237.6,135079.2
241,M-1810,item:693055,11848450.4,11842604.0
241,SDC-1450,item:021081,993236.0,993236.0
242,M-1430,item:038005,681702.173871,681702.173871
242,M-1430,item:042342,429610504.4,429610504.4
242,M-1430,item:333362,18076450.0,18076450.0
242,M-1430,item:344135,11461000.0,11461000.0
242,M-1430,item:708073,79426.926,79426.926
242,M-1430,item:730384,3919741.4,3919741.4
242,M-1430,item:734545,65402.6,65402.6
242,M-1430,item:773474,58432285.2636,58432285.2636
242,M-1810,item:001757,57058.5412,57035.1556
242,M-1810,item:001848,31955.70178,31938.16258
242,M-1810,item:001893,205423.24027,205312.15867
242,M-1810,item:002612,175158.736819,175129.504819
242,M-1810,item:007923,54925.4376,54878.6664
242,M-1810,item:016332,9813.83432,9806.81864
242,M-1810,item:029313,986.83155,986.24691
242,M-1810,item:039668,897.39548,896.81084
242,M-1810,item:049371,76667.18075,76645.54907
242,M-1810,item:055703,1820.421625,1819.252345
242,M-1810,item:099439,31057.64,31028.408
242,M-1810,item:338928,27412065.0,27397665.0
242,M-1810,item:338929,17265950.0,17251550.0
242,M-1810,item:426331,135079.2,134920.8
242,M-1810,item:693055,11846627.0,11840780.6
242,SDC-1450,item:021081,993236.0,993236.0
243,M-1430,item:038005,684397.046975,684397.046975
243,M-1430,item:042342,429610504.4,429610504.4
243,M-1430,item:333362,18076450.0,18076450.0
243,M-1430,item:344135,11461000.0,11461000.0
243,M-1430,item:708073,79426.926,79426.926
243,M-1430,item:730384,3919741.4,3919741.4
243,M-1430,item:734545,65402.6,65402.6
243,M-1430,item:773474,58432285.2636,58432285.2636
243,M-1810,item:001757,57035.1556,57011.77
243,M-1810,item:001848,31938.16258,31920.62338
243,M-1810,item:001893,205312.15867,205201.07707
243,M-1810,item:002612,175129.504819,175100.272819
243,M-1810,item:007923,54906.72912,54859.95792
243,M-1810,item:016332,9806.81864,9799.80296
243,M-1810,item:029313,986.24691,985.66227
243,M-1810,item:039668,896.81084,896.2262
243,M-1810,item:049371,76951.32188,76929.6902
243,M-1810,item:055703,1819.252345,1818.083065
243,M-1810,item:099439,31028.408,30999.176
243,M-1810,item:338928,27422665.0,27408265.0
243,M-1810,item:338929,17251550.0,17237150.0
243,M-1810,item:426331,134920.8,134762.4
243,M-1810,item:693055,11844848.6,11839002.2
243,SDC-1450,item:021081,993236.0,993236.0
244,M-1430,item:038005,687091.920079,687091.920079
244,M-1430,item:042342,429610504.4,429610504.4
244,M-1430,item:333362,18081450.0,18081450.0
244,M-1430,item:344135,11461000.0,11461000.0
244,M-1430,item:708073,79426.926,79426.926
244,M-1430,item:730384,3919741.4,3919741.4
244,M-1430,item:734545,65402.6,65402.6
244,M-1430,item:773474,58432285.2636,58432285.2636
244,M-1810,item:001757,57011.77,56988.3844
244,M-1810,item:001848,31920.62338,31903.08418
244,M-1810,item:001893,205201.07707,205089.99547
244,M-1810,item:002612,175100.272819,175071.040819
244,M-1810,item:007923,54925.4376,54878.6664
244,M-1810,item:016332,9799.80296,9792.78728
244,M-1810,item:029313,985.66227,985.07763
244,M-1810,item:039668,896.2262,895.64156
244,M-1810,item:049371,77235.46301,77213.83133
244,M-1810,item:055703,1818.083065,1816.913785
244,M-1810,item:099439,30999.176,30969.944
244,M-1810,item:338928,27433265.0,27418865.0
244,M-1810,item:338929,17252150.0,17237750.0
244,M-1810,item:426331,134762.4,134604.0
244,M-1810,item:693055,11843115.2,11837268.8
244,SDC-1450,item:021081,993236.0,993236.0
245,M-1430,item:038005,689786.793183,689786.793183
245,M-1430,item:042342,429610504.4,429610504.4
245,M-1430,item:333362,18091450.0,18091450.0
245,M-1430,item:344135,11461000.0,11461000.0
245,M-1430,item:708073,79426.926,79426.926
245,M-1430,item:730384,3919741.4,3919741.4
245,M-1430,item:734545,65402.6,65402.6
245,M-1430,item:773474,58432285.2636,58432285.2636
245,M-1810,item:001757,56988.3844,56964.9988
245,M-1810,item:001848,31903.08418,31885.54498
245,M-1810,item:001893,205089.99547,204978.91387
245,M-1810,item:002612,175071.040819,175041.808819
245,M-1810,item:007923,54878.6664,54831.8952
245,M-1810,item:016332,9792.78728,9785.7716
245,M-1810,item:029313,985.07763,984.49299
245,M-1810,item:039668,895.64156,895.05692
245,M-1810,item:049371,77519.60414,77497.97246
245,M-1810,item:055703,1816.913785,1815.744505
245,M-1810,item:099439,30969.944,30940.712
245,M-1810,item:338928,27443865.0,27429465.0
245,M-1810,item:338929,17242750.0,17228350.0
245,M-1810,item:426331,134604.0,134445.6
245,M-1810,item:693055,11841380.8,11835534.4
245,SDC-1450,item:021081,993236.0,993236.0
246,M-1430,item:038005,702481.666287,702481.666287
246,M-1430,item:042342,429610504.4,429610504.4
246,M-1430,item:333362,18101450.0,18101450.0
246,M-1430,item:344135,11461000.0,11461000.0
246,M-1430,item:708073,79426.926,79426.926
246,M-1430,item:730384,3919741.4,3919741.4
246,M-1430,item:734545,65402.6,65402.6
246,M-1430,item:773474,58432285.2636,58432285.2636
246,M-1810,item:001757,57064.9988,57041.6132
246,M-1810,item:001848,31885.54498,31868.00578
246,M-1810,item:001893,204978.91387,204867.83227
246,M-1810,item:002612,175041.808819,175012.576819
246,M-1810,item:007923,54906.72912,54859.95792
246,M-1810,item:016332,9785.7716,9778.75592
246,M-1810,item:029313,984.49299,983.90835
246,M-1810,item:039668,895.05692,894.47228
246,M-1810,item:049371,77803.74527,77782.11359
246,M-1810,item:055703,1815.744505,1814.575225
246,M-1810,item:099439,30940.712,30911.48
246,M-1810,item:338928,27429465.0,27415065.0
246,M-1810,item:338929,17228350.0,17213950.0
246,M-1810,item:426331,134445.6,134287.2
246,M-1810,item:693055,11839600.4,11833754.0
246,SDC-1450,item:021081,993236.0,993236.0
247,M-1430,item:038005,705176.539391,705176.539391
247,M-1430,item:042342,429610504.4,429610504.4
247,M-1430,item:333362,18106450.0,18106450.0
247,M-1430,item:344135,11461000.0,11461000.0
247,M-1430,item:708073,79426.926,79426.926
247,M-1430,item:730384,3919741.4,3919741.4
247,M-1430,item:734545,65402.6,65402.6
247,M-1430,item:773474,58432285.2636,58432285.2636
247,M-1810,item:001757,57041.6132,57018.2276
247,M-1810,item:001848,31868.00578,31850.46658
247,M-1810,item:001893,204867.83227,204756.75067
247,M-1810,item:002612,175012.576819,174983.344819
247,M-1810,item:007923,54892.69776,54845.92656
247,M-1810,item:016332,9778.75592,9771.74024
247,M-1810,item:029313,983.90835,983.32371
247,M-1810,item:039668,894.47228,893.88764
247,M-1810,item:049371,78087.8864,78066.25472
247,M-1810,item:055703,1814.575225,1813.405945
247,M-1810,item:099439,30911.48,30882.248
247,M-1810,item:338928,27415065.0,27400665.0
247,M-1810,item:338929,17218950.0,17204550.0
247,M-1810,item:426331,134287.2,134128.8
247,M-1810,item:693055,11837820.0,11831973.6
247,SDC-1450,item:021081,993236.0,993236.0
248,M-1430,item:038005,707871.412495,707871.412495
248,M-1430,item:042342,429610504.4,429610504.4
248,M-1430,item:333362,18111450.0,18111450.0
248,M-1430,item:344135,11461000.0,11461000.0
248,M-1430,item:708073,79426.926,79426.926
248,M-1430,item:730384,3919741.4,3919741.4
248,M-1430,item:734545,65402.6,65402.6
248,M-1430,item:773474,58432285.2636,58432285.2636
248,M-1810,item:001757,57018.2276,56994.842
248,M-1810,item:001848,31850.46658,31832.92738
248,M-1810,item:001893,204756.75067,204645.66907
248,M-1810,item:002612,174983.344819,174954.112819
248,M-1810,item:007923,54906.72912,54859.95792
248,M-1810,item:016332,9771.74024,9764.72456
248,M-1810,item:029313,983.32371,982.73907
248,M-1810,item:039668,893.88764,893.303
248,M-1810,item:049371,78372.02753,78350.39585
248,M-1810,item:055703,1813.405945,1812.236665
248,M-1810,item:099439,30882.248,30853.016
248,M-1810,item:338928,27400665.0,27386265.0
248,M-1810,item:338929,17209550.0,17195150.0
248,M-1810,item:426331,134128.8,133970.4
248,M-1810,item:693055,11836130.6,11830284.2
248,SDC-1450,item:021081,993236.0,993236.0
249,M-1430,item:038005,710566.285599,710566.285599
249,M-1430,item:042342,429610504.4,429610504.4
249,M-1430,item:333362,18116450.0,18116450.0
249,M-1430,item:344135,11461000.0,11461000.0
249,M-1430,item:708073,79426.926,79426.926
249,M-1430,item:730384,3919741.4,3919741.4
249,M-1430,item:734545,65402.6,65402.6
249,M-1430,item:773474,58432285.2636,58432285.2636
249,M-1810,item:001757,56994.842,56971.4564
249,M-1810,item:001848,31832.92738,31815.38818
249,M-1810,item:001893,204645.66907,204534.58747
249,M-1810,item:002612,174954.112819,174924.880819
249,M-1810,item:007923,54892.69776,54845.92656
249,M-1810,item:016332,9764.72456,9757.70888
249,M-1810,item:029313,982.73907,982.15443
249,M-1810,item:039668,893.303,892.71836
249,M-1810,item:049371,78656.16866,78634.53698
249,M-1810,item:055703,1812.236665,1811.067385
249,M-1810,item:099439,30853.016,30823.784
249,M-1810,item:338928,27386265.0,27371865.0
249,M-1810,item:338929,17205150.0,17190750.0
249,M-1810,item:426331,133970.4,133812.0
249,M-1810,item:693055,11834439.2,11828592.8
249,SDC-1450,item:021081,993236.0,993236.0
250,M-1430,item:038005,713261.158703,713261.158703
250,M-1430,item:042342,429610504.4,429610504.4
250,M-1430,item:333362,18126450.0,18126450.0
250,M-1430,item:344135,11461000.0,11461000.0
250,M-1430,item:708073,79426.926,79426.926
250,M-1430,item:730384,3919741.4,3919741.4
250,M-1430,item:734545,65402.6,65402.6
250,M-1430,item:773474,58432285.2636,58432285.2636
250,M-1810,item:001757,56971.4564,56948.0708
250,M-1810,item:001848,31815.38818,31797.84898
250,M-1810,item:001893,204534.58747,204423.50587
250,M-1810,item:002612,174924.880819,174895.648819
250,M-1810,item:007923,54845.92656,54799.15536
250,M-1810,item:016332,9757.70888,9750.6932
250,M-1810,item:029313,982.15443,981.56979
250,M-1810,item:039668,892.71836,892.13372
250,M-1810,item:049371,78940.30979,78918.67811
250,M-1810,item:055703,1811.067385,1809.898105
250,M-1810,item:099439,30823.784,30794.552
250,M-1810,item:338928,27371865.0,27357465.0
250,M-1810,item:338929,17200750.0,17186350.0
250,M-1810,item:426331,133812.0,133653.6
250,M-1810,item:693055,11832701.8,11826855.4
250,SDC-1450,item:021081,993236.0,993236.0
251,M-1430,item:038005,715956.031807,715956.031807
251,M-1430,item:042342,429610504.4,429610504.4
251,M-1430,item:333362,18126450.0,18126450.0
251,M-1430,item:344135,11461000.0,11461000.0
251,M-1430,item:708073,79426.926,79426.926
251,M-1430,item:730384,3919741.4,3919741.4
251,M-1430,item:734545,65402.6,65402.6
251,M-1430,item:773474,58432285.2636,58432285.2636
251,M-1810,item:001757,56948.0708,56924.6852
251,M-1810,item:001848,31797.84898,31780.30978
251,M-1810,item:001893,204423.50587,204312.42427
251,M-1810,item:002612,174895.648819,174866.416819
251,M-1810,item:007923,54845.92656,54799.15536
251,M-1810,item:016332,9750.6932,9743.67752
251,M-1810,item:029313,981.56979,980.98515
251,M-1810,item:039668,892.13372,891.54908
251,M-1810,item:049371,79224.45092,79202.81924
251,M-1810,item:055703,1809.898105,1808.728825
251,M-1810,item:099439,30794.552,30765.32
251,M-1810,item:338928,27382465.0,27368065.0
251,M-1810,item:338929,17191350.0,17176950.0
251,M-1810,item:426331,133653.6,133495.2
251,M-1810,item:693055,11830964.4,11825118.0
251,SDC-1450,item:021081,993236.0,993236.0
252,M-1430,item:038005,718650.904911,718650.904911
252,M-1430,item:042342,429610504.4,429610504.4
252,M-1430,item:333362,18141450.0,18141450.0
252,M-1430,item:344135,11461000.0,11461000.0
252,M-1430,item:708073,79426.926,79426.926
252,M-1430,item:730384,3919741.4,3919741.4
252,M-1430,item:734545,65402.6,65402.6
252,M-1430,item:773474,58487063.2636,58487063.2636
252,M-1810,item:001757,56924.6852,56901.2996
252,M-1810,item:001848,31780.30978,31762.77058
252,M-1810,item:001893,204312.42427,204201.34267
252,M-1810,item:002612,174866.416819,174837.184819
252,M-1810,item:007923,54845.92656,54799.15536
252,M-1810,item:016332,9743.67752,9736.66184
252,M-1810,item:029313,980.98515,980.40051
252,M-1810,item:039668,891.54908,890.96444
252,M-1810,item:049371,79508.59205,79486.96037
252,M-1810,item:055703,1808.728825,1807.559545
252,M-1810,item:099439,30765.32,30736.088
252,M-1810,item:338928,27368065.0,27353665.0
252,M-1810,item:338929,17201950.0,17187550.0
252,M-1810,item:426331,133495.2,133336.8
252,M-1810,item:693055,11829273.0,11823426.6
252,SDC-1450,item:021081,993236.0,993236.0
253,M-1430,item:038005,721345.778015,721345.778015
253,M-1430,item:042342,429610504.4,429610504.4
253,M-1430,item:333362,18146450.0,18146450.0
253,M-1430,item:344135,11461000.0,11461000.0
253,M-1430,item:708073,79426.926,79426.926
253,M-1430,item:730384,3919741.4,3919741.4
253,M-1430,item:734545,65402.6,65402.6
253,M-1430,item:773474,58541841.2636,58541841.2636
253,M-1810,item:001757,56901.2996,56877.914
253,M-1810,item:001848,31762.77058,31745.23138
253,M-1810,item:001893,204201.34267,204090.26107
253,M-1810,item:002612,174837.184819,174807.952819
253,M-1810,item:007923,54925.4376,54878.6664
253,M-1810,item:016332,9736.66184,9729.64616
253,M-1810,item:029313,980.40051,979.81587
253,M-1810,item:039668,890.96444,890.3798
253,M-1810,item:049371,81392.73318,81371.1015
253,M-1810,item:055703,1807.559545,1806.390265
253,M-1810,item:099439,30736.088,30706.856
253,M-1810,item:338928,27353665.0,27339265.0
253,M-1810,item:338929,17202550.0,17188150.0
253,M-1810,item:426331,133336.8,133178.4
253,M-1810,item:693055,11827581.6,11821735.2
253,SDC-1450,item:021081,993236.0,993236.0
254,M-1430,item:038005,724040.651119,724040.651119
254,M-1430,item:042342,429610504.4,429610504.4
254,M-1430,item:333362,18146450.0,18146450.0
254,M-1430,item:344135,11461000.0,11461000.0
254,M-1430,item:708073,79426.926,79426.926
254,M-1430,item:730384,3919741.4,3919741.4
254,M-1430,item:734545,65402.6,65402.6
254,M-1430,item:773474,58596619.2636,58596619.2636
254,M-1810,item:001757,56877.914,56877.914
254,M-1810,item:001848,31745.23138,31745.23138
254,M-1810,item:001893,204090.26107,204090.26107
254,M-1810,item:002612,174807.952819,174807.952819
254,M-1810,item:007923,54878.6664,54878.6664
254,M-1810,item:016332,9729.64616,9729.64616
254,M-1810,item:029313,979.81587,979.81587
254,M-1810,item:039668,890.3798,890.3798
254,M-1810,item:049371,81676.87431,81676.87431
254,M-1810,item:055703,1806.390265,1806.390265
254,M-1810,item:099439,30706.856,30706.856
254,M-1810,item:338928,27339265.0,27339265.0
254,M-1810,item:338929,17198150.0,17198150.0
254,M-1810,item:426331,133178.4,133178.4
254,M-1810,item:693055,11825845.2,11825845.2
254,SDC-1450,item:021081,993236.0,993236.0
255,M-1430,item:038005,726735.524223,726735.524223
255,M-1430,item:042342,429610504.4,429610504.4
255,M-1430,item:333362,18156450.0,18156450.0
255,M-1430,item:344135,11581000.0,11581000.0
255,M-1430,item:708073,79426.926,79426.926
255,M-1430,item:730384,3919741.4,3919741.4
255,M-1430,item:734545,65402.6,65402.6
255,M-1430,item:773474,58651397.2636,58651397.2636
255,M-1810,item:001757,56877.914,56854.5284
255,M-1810,item:001848,31745.23138,31727.69218
255,M-1810,item:001893,204090.26107,203979.17947
255,M-1810,item:002612,174807.952819,174778.720819
255,M-1810,item:007923,54906.72912,54859.95792
255,M-1810,item:016332,9729.64616,9722.63048
255,M-1810,item:029313,979.81587,979.23123
255,M-1810,item:039668,890.3798,889.79516
255,M-1810,item:049371,81982.64712,81961.01544
255,M-1810,item:055703,1806.390265,1805.220985
255,M-1810,item:099439,30706.856,30677.624
255,M-1810,item:338928,27414265.0,27399865.0
255,M-1810,item:338929,17208150.0,17193750.0
255,M-1810,item:426331,133178.4,133020.0
255,M-1810,item:693055,11830044.2,11824197.8
255,SDC-1450,item:021081,993236.0,993236.0
256,M-1430,item:038005,729430.397327,729430.397327
256,M-1430,item:042342,429610504.4,429610504.4
256,M-1430,item:333362,18161450.0,18161450.0
256,M-1430,item:344135,11581000.0,11581000.0
256,M-1430,item:708073,79426.926,79426.926
256,M-1430,item:730384,3919741.4,3919741.4
256,M-1430,item:734545,65402.6,65402.6
256,M-1430,item:773474,58706175.2636,58706175.2636
256,M-1810,item:001757,56854.5284,56831.1428
256,M-1810,item:001848,31727.69218,31710.15298
256,M-1810,item:001893,203979.17947,203868.09787
256,M-1810,item:002612,174778.720819,174749.488819
256,M-1810,item:007923,54906.72912,54859.95792
256,M-1810,item:016332,9722.63048,9715.6148
256,M-1810,item:029313,979.23123,978.64659
256,M-1810,item:039668,889.79516,889.21052
256,M-1810,item:049371,82266.78825,82245.15657
256,M-1810,item:055703,1805.220985,1804.051705
256,M-1810,item:099439,30677.624,30648.392
256,M-1810,item:338928,27424865.0,27410465.0
256,M-1810,item:338929,17203750.0,17189350.0
256,M-1810,item:426331,133020.0,132861.6
256,M-1810,item:693055,11828442.8,11822596.4
256,SDC-1450,item:021081,993236.0,993236.0
257,M-1430,item:038005,732125.270431,732125.270431
257,M-1430,item:042342,429610504.4,429610504.4
257,M-1430,item:333362,18171450.0,18171450.0
257,M-1430,item:344135,11581000.0,11581000.0
257,M-1430,item:708073,79426.926,79426.926
257,M-1430,item:730384,3919741.4,3919741.4
257,M-1430,item:734545,65402.6,65402.6
257,M-1430,item:773474,58760953.2636,58760953.2636
257,M-1810,item:001757,56831.1428,56831.1428
257,M-1810,item:001848,31710.15298,31710.15298
257,M-1810,item:001893,203868.09787,203868.09787
257,M-1810,item:002612,174749.488819,174749.488819
257,M-1810,item:007923,54906.72912,54906.72912
257,M-1810,item:016332,9715.6148,9715.6148
257,M-1810,item:029313,978.64659,978.64659
257,M-1810,item:039668,889.21052,889.21052
257,M-1810,item:049371,82550.92938,82550.92938
257,M-1810,item:055703,1804.051705,1804.051705
257,M-1810,item:099439,30648.392,30648.392
257,M-1810,item:338928,27410465.0,27410465.0
257,M-1810,item:338929,17204350.0,17204350.0
257,M-1810,item:426331,132861.6,132861.6
257,M-1810,item:693055,11826886.4,11826886.4
257,SDC-1450,item:021081,993236.0,993236.0
258,M-1430,item:038005,734820.143535,734820.143535
258,M-1430,item:042342,429610504.4,429610504.4
258,M-1430,item:333362,18181450.0,18181450.0
258,M-1430,item:344135,11581000.0,11581000.0
258,M-1430,item:708073,79426.926,79426.926
258,M-1430,item:730384,3919741.4,3919741.4
258,M-1430,item:734545,65402.6,65402.6
258,M-1430,item:773474,58815731.2636,58815731.2636
258,M-1810,item:001757,56831.1428,56807.7572
258,M-1810,item:001848,31710.15298,31692.61378
258,M-1810,item:001893,203868.09787,203757.01627
258,M-1810,item:002612,174749.488819,174720.256819
258,M-1810,item:007923,54972.2088,54925.4376
258,M-1810,item:016332,9715.6148,9708.59912
258,M-1810,item:029313,978.64659,978.06195
258,M-1810,item:039668,889.21052,888.62588
258,M-1810,item:049371,82856.70219,82835.07051
258,M-1810,item:055703,1804.051705,1802.882425
258,M-1810,item:099439,30648.392,30619.16
258,M-1810,item:338928,27410465.0,27396065.0
258,M-1810,item:338929,17219350.0,17204950.0
258,M-1810,item:426331,132861.6,132703.2
258,M-1810,item:693055,11831222.4,11825376.0
258,SDC-1450,item:021081,993236.0,993236.0
259,M-1430,item:038005,737515.016639,737515.016639
259,M-1430,item:042342,429610504.4,429610504.4
259,M-1430,item:333362,18181450.0,18181450.0
259,M-1430,item:344135,11581000.0,11581000.0
259,M-1430,item:708073,79426.926,79426.926
259,M-1430,item:730384,3919741.4,3919741.4
259,M-1430,item:734545,65402.6,65402.6
259,M-1430,item:773474,58870509.2636,58870509.2636
259,M-1810,item:001757,56807.7572,56784.3716
259,M-1810,item:001848,31692.61378,31675.07458
259,M-1810,item:001893,203757.01627,203645.93467
259,M-1810,item:002612,174720.256819,174691.024819
259,M-1810,item:007923,54925.4376,54878.6664
259,M-1810,item:016332,9708.59912,9701.58344
259,M-1810,item:029313,978.06195,977.47731
259,M-1810,item:039668,888.62588,888.04124
259,M-1810,item:049371,83140.84332,83119.21164
259,M-1810,item:055703,1802.882425,1801.713145
259,M-1810,item:099439,30619.16,30589.928
259,M-1810,item:338928,27396065.0,27381665.0
259,M-1810,item:338929,17214950.0,17200550.0
259,M-1810,item:426331,132703.2,132544.8
259,M-1810,item:693055,11829666.0,11823819.6
259,SDC-1450,item:021081,993236.0,993236.0
260,M-1430,item:038005,740209.889743,740209.889743
260,M-1430,item:042342,429610504.4,429610504.4
260,M-1430,item:333362,18191450.0,18191450.0
260,M-1430,item:344135,11581000.0,11581000.0
260,M-1430,item:708073,79426.926,79426.926
260,M-1430,item:730384,3919741.4,3919741.4
260,M-1430,item:734545,65402.6,65402.6
260,M-1430,item:773474,58925287.2636,58925287.2636
260,M-1810,item:001757,56884.3716,56884.3716
260,M-1810,item:001848,31675.07458,31675.07458
260,M-1810,item:001893,203645.93467,203645.93467
260,M-1810,item:002612,174691.024819,174691.024819
260,M-1810,item:007923,54911.40624,54911.40624
260,M-1810,item:016332,9701.58344,9701.58344
260,M-1810,item:029313,977.47731,977.47731
260,M-1810,item:039668,888.04124,888.04124
260,M-1810,item:049371,83424.98445,83424.98445
260,M-1810,item:055703,1801.713145,1801.713145
260,M-1810,item:099439,30589.928,30589.928
260,M-1810,item:338928,27381665.0,27381665.0
260,M-1810,item:338929,17200550.0,17200550.0
260,M-1810,item:426331,132544.8,132544.8
260,M-1810,item:693055,11828062.6,11828062.6
260,SDC-1450,item:021081,993236.0,993236.0
261,M-1430,item:038005,742904.762847,742904.762847
261,M-1430,item:042342,429610504.4,429610504.4
261,M-1430,item:333362,18196450.0,18196450.0
261,M-1430,item:344135,11581000.0,11581000.0
261,M-1430,item:708073,79426.926,79426.926
261,M-1430,item:730384,3919741.4,3919741.4
261,M-1430,item:734545,65402.6,65402.6
261,M-1430,item:773474,58980065.2636,58980065.2636
261,M-1810,item:001757,56884.3716,56860.986
261,M-1810,item:001848,31675.07458,31657.53538
261,M-1810,item:001893,203645.93467,203534.85307
261,M-1810,item:002612,174691.024819,174661.792819
261,M-1810,item:007923,54911.40624,54864.63504
261,M-1810,item:016332,9701.58344,9694.56776
261,M-1810,item:029313,977.47731,976.89267
261,M-1810,item:039668,888.04124,887.4566
261,M-1810,item:049371,83730.75726,83709.12558
261,M-1810,item:055703,1801.713145,1800.543865
261,M-1810,item:099439,30589.928,30560.696
261,M-1810,item:338928,27406665.0,27392265.0
261,M-1810,item:338929,17215550.0,17201150.0
261,M-1810,item:426331,132544.8,132386.4
261,M-1810,item:693055,11832351.6,11826505.2
261,SDC-1450,item:021081,993236.0,993236.0
262,M-1430,item:038005,745599.635951,745599.635951
262,M-1430,item:042342,429610504.4,429610504.4
262,M-1430,item:333362,18201450.0,18201450.0
262,M-1430,item:344135,11581000.0,11581000.0
262,M-1430,item:708073,79426.926,79426.926
262,M-1430,item:730384,3919741.4,3919741.4
262,M-1430,item:734545,65402.6,65402.6
262,M-1430,item:773474,59034843.2636,59034843.2636
262,M-1810,item:001757,56860.986,56837.6004
262,M-1810,item:001848,31657.53538,31639.99618
262,M-1810,item:001893,203534.85307,203423.77147
262,M-1810,item:002612,174661.792819,174632.560819
262,M-1810,item:007923,54958.17744,54911.40624
262,M-1810,item:016332,9694.56776,9687.55208
262,M-1810,item:029313,976.89267,976.30803
262,M-1810,item:039668,887.4566,886.87196
262,M-1810,item:049371,84014.89839,83993.26671
262,M-1810,item:055703,1800.543865,1799.374585
262,M-1810,item:099439,30560.696,30531.464
262,M-1810,item:338928,27467265.0,27452865.0
262,M-1810,item:338929,17211150.0,17196750.0
262,M-1810,item:426331,132386.4,132228.0
262,M-1810,item:693055,11830795.2,11824948.8
262,SDC-1450,item:021081,993236.0,993236.0
263,M-1430,item:038005,748294.509055,748294.509055
263,M-1430,item:042342,429610504.4,429610504.4
263,M-1430,item:333362,18211450.0,18211450.0
263,M-1430,item:344135,11581000.0,11581000.0
263,M-1430,item:708073,79426.926,79426.926
263,M-1430,item:730384,3919741.4,3919741.4
263,M-1430,item:734545,65402.6,65402.6
263,M-1430,item:773474,59089621.2636,59089621.2636
263,M-1810,item:001757,56837.6004,56814.2148
263,M-1810,item:001848,31639.99618,31622.45698
263,M-1810,item:001893,203423.77147,203312.68987
263,M-1810,item:002612,174632.560819,174603.328819
263,M-1810,item:007923,54925.4376,54878.6664
263,M-1810,item:016332,9687.55208,9680.5364
263,M-1810,item:029313,976.30803,975.72339
263,M-1810,item:039668,886.87196,886.28732
263,M-1810,item:049371,84299.03952,84277.40784
263,M-1810,item:055703,1799.374585,1798.205305
263,M-1810,item:099439,30531.464,30502.232
263,M-1810,item:338928,27477865.0,27463465.0
263,M-1810,item:338929,17201750.0,17187350.0
263,M-1810,item:426331,132228.0,132069.6
263,M-1810,item:693055,11829237.8,11823391.4
263,SDC-1450,item:021081,993236.0,993236.0
264,M-1430,item:038005,750989.382159,750989.382159
264,M-1430,item:042342,429610504.4,429610504.4
264,M-1430,item:333362,18211450.0,18211450.0
264,M-1430,item:344135,11581000.0,11581000.0
264,M-1430,item:708073,79426.926,79426.926
264,M-1430,item:730384,3919741.4,3919741.4
264,M-1430,item:734545,65402.6,65402.6
264,M-1430,item:773474,59144399.2636,59144399.2636
264,M-1810,item:001757,56914.2148,56890.8292
264,M-1810,item:001848,31622.45698,31604.91778
264,M-1810,item:001893,203312.68987,203201.60827
264,M-1810,item:002612,174603.328819,174574.096819
264,M-1810,item:007923,54925.4376,54878.6664
264,M-1810,item:016332,9680.5364,9673.52072
264,M-1810,item:029313,975.72339,975.13875
264,M-1810,item:039668,886.28732,885.70268
264,M-1810,item:049371,84583.18065,84561.54897
264,M-1810,item:055703,1798.205305,1797.036025
264,M-1810,item:099439,30502.232,30473.0
264,M-1810,item:338928,27513465.0,27499065.0
264,M-1810,item:338929,17192350.0,17177950.0
264,M-1810,item:426331,132069.6,131911.2
264,M-1810,item:693055,11827726.4,11821880.0
264,SDC-1450,item:021081,993236.0,993236.0
265,M-1430,item:038005,753684.255263,753684.255263
265,M-1430,item:042342,429610504.4,429610504.4
265,M-1430,item:333362,18216450.0,18216450.0
265,M-1430,item:344135,11581000.0,11581000.0
265,M-1430,item:708073,79426.926,79426.926
265,M-1430,item:730384,3919741.4,3919741.4
265,M-1430,item:734545,65402.6,65402.6
265,M-1430,item:773474,59199177.2636,59199177.2636
265,M-1810,item:001757,56890.8292,56867.4436
265,M-1810,item:001848,31604.91778,31587.37858
265,M-1810,item:001893,203201.60827,203090.52667
265,M-1810,item:002612,174574.096819,174544.864819
265,M-1810,item:007923,54911.40624,54864.63504
265,M-1810,item:016332,9673.52072,9666.50504
265,M-1810,item:029313,975.13875,974.55411
265,M-1810,item:039668,885.70268,885.11804
265,M-1810,item:049371,84867.32178,84845.6901
265,M-1810,item:055703,1797.036025,1795.866745
265,M-1810,item:099439,30473.0,30443.768
265,M-1810,item:338928,27499065.0,27484665.0
265,M-1810,item:338929,17187950.0,17173550.0
265,M-1810,item:426331,131911.2,131752.8
265,M-1810,item:693055,11826170.0,11820323.6
265,SDC-1450,item:021081,993236.0,993236.0
266,M-1430,item:038005,756379.128367,756379.128367
266,M-1430,item:042342,429610504.4,429610504.4
266,M-1430,item:333362,18216450.0,18216450.0
266,M-1430,item:344135,11581000.0,11581000.0
266,M-1430,item:708073,79426.926,79426.926
266,M-1430,item:730384,3919741.4,3919741.4
266,M-1430,item:734545,65402.6,65402.6
266,M-1430,item:773474,59253955.2636,59253955.2636
266,M-1810,item:001757,56867.4436,56867.4436
266,M-1810,item:001848,31587.37858,31587.37858
266,M-1810,item:001893,203090.52667,203090.52667
266,M-1810,item:002612,174544.864819,174544.864819
266,M-1810,item:007923,54864.63504,54864.63504
266,M-1810,item:016332,9666.50504,9666.50504
266,M-1810,item:029313,974.55411,974.55411
266,M-1810,item:039668,885.11804,885.11804
266,M-1810,item:049371,85151.46291,85151.46291
266,M-1810,item:055703,1795.866745,1795.866745
266,M-1810,item:099439,30443.768,30443.768
266,M-1810,item:338928,27509665.0,27509665.0
266,M-1810,item:338929,17183550.0,17183550.0
266,M-1810,item:426331,131752.8,131752.8
266,M-1810,item:693055,11824569.6,11824569.6
266,SDC-1450,item:021081,993236.0,993236.0
267,M-1430,item:038005,759074.001471,759074.001471
267,M-1430,item:042342,429610504.4,429610504.4
267,M-1430,item:333362,18226450.0,18226450.0
267,M-1430,item:344135,11581000.0,11581000.0
267,M-1430,item:708073,79426.926,79426.926
267,M-1430,item:730384,3919741.4,3919741.4
267,M-1430,item:734545,65402.6,65402.6
267,M-1430,item:773474,59308732.2636,59308732.2636
267,M-1810,item:001757,56867.4436,56844.058
267,M-1810,item:001848,31587.37858,31569.83938
267,M-1810,item:001893,203090.52667,202979.44507
267,M-1810,item:002612,174544.864819,174515.632819
267,M-1810,item:007923,54930.11472,54883.34352
267,M-1810,item:016332,9666.50504,9659.48936
267,M-1810,item:029313,974.55411,973.96947
267,M-1810,item:039668,885.11804,884.5334
267,M-1810,item:049371,85457.23572,85435.60404
267,M-1810,item:055703,1795.866745,1794.697465
267,M-1810,item:099439,30443.768,30414.536
267,M-1810,item:338928,27509665.0,27495265.0
267,M-1810,item:338929,17188550.0,17174150.0
267,M-1810,item:426331,131752.8,131594.4
267,M-1810,item:693055,11828813.6,11822967.2
267,SDC-1450,item:021081,993236.0,993236.0
268,M-1430,item:038005,761768.874575,761768.874575
268,M-1430,item:042342,429610504.4,429610504.4
268,M-1430,item:333362,18231450.0,18231450.0
268,M-1430,item:344135,11581000.0,11581000.0
268,M-1430,item:708073,79426.926,79426.926
268,M-1430,item:730384,3919741.4,3919741.4
268,M-1430,item:734545,65402.6,65402.6
268,M-1430,item:773474,59363509.2636,59363509.2636
268,M-1810,item:001757,56844.058,56820.6724
268,M-1810,item:001848,31569.83938,31552.30018
268,M-1810,item:001893,202979.44507,202868.36347
268,M-1810,item:002612,174515.632819,174486.400819
268,M-1810,item:007923,54911.40624,54864.63504
268,M-1810,item:016332,9659.48936,9652.47368
268,M-1810,item:029313,973.96947,973.38483
268,M-1810,item:039668,884.5334,883.94876
268,M-1810,item:049371,85741.37685,85719.74517
268,M-1810,item:055703,1794.697465,1793.528185
268,M-1810,item:099439,30414.536,30385.304
268,M-1810,item:338928,27545265.0,27530865.0
268,M-1810,item:338929,17184150.0,17169750.0
268,M-1810,item:426331,131594.4,131436.0
268,M-1810,item:693055,11827210.2,11821363.8
268,SDC-1450,item:021081,993236.0,993236.0
269,M-1430,item:038005,764463.747679,764463.747679
269,M-1430,item:042342,429610504.4,429610504.4
269,M-1430,item:333362,18236450.0,18236450.0
269,M-1430,item:344135,11581000.0,11581000.0
269,M-1430,item:708073,79426.926,79426.926
269,M-1430,item:730384,3919741.4,3919741.4
269,M-1430,item:734545,65402.6,65402.6
269,M-1430,item:773474,59418286.2636,59418286.2636
269,M-1810,item:001757,56820.6724,56797.2868
269,M-1810,item:001848,31552.30018,31534.76098
269,M-1810,item:001893,202868.36347,202757.28187
269,M-1810,item:002612,174486.400819,174457.168819
269,M-1810,item:007923,54925.4376,54878.6664
269,M-1810,item:016332,9652.47368,9645.458
269,M-1810,item:029313,973.38483,972.80019
269,M-1810,item:039668,883.94876,883.36412
269,M-1810,item:049371,85719.74517,85698.11349
269,M-1810,item:055703,1793.528185,1792.358905
269,M-1810,item:099439,30385.304,30356.072
269,M-1810,item:338928,27555865.0,27541465.0
269,M-1810,item:338929,17194750.0,17180350.0
269,M-1810,item:426331,131436.0,131277.6
269,M-1810,item:693055,11825606.8,11819760.4
269,SDC-1450,item:021081,993236.0,993236.0
270,M-1430,item:038005,767158.620783,767158.620783
270,M-1430,item:042342,429610504.4,429610504.4
270,M-1430,item:333362,18236450.0,18236450.0
270,M-1430,item:344135,11581000.0,11581000.0
270,M-1430,item:708073,79426.926,79426.926
270,M-1430,item:730384,3919741.4,3919741.4
270,M-1430,item:734545,65402.6,65402.6
270,M-1430,item:773474,59473063.2636,59473063.2636
270,M-1810,item:001757,56797.2868,56773.9012
270,M-1810,item:001848,31534.76098,31517.22178
270,M-1810,item:001893,202757.28187,202646.20027
270,M-1810,item:002612,174457.168819,174427.936819
270,M-1810,item:007923,54892.69776,54845.92656
270,M-1810,item:016332,9645.458,9638.44232
270,M-1810,item:029313,972.80019,972.21555
270,M-1810,item:039668,883.36412,882.77948
270,M-1810,item:049371,85698.11349,85676.48181
270,M-1810,item:055703,1792.358905,1791.189625
270,M-1810,item:099439,30356.072,30326.84
270,M-1810,item:338928,27566465.0,27552065.0
270,M-1810,item:338929,17185350.0,17170950.0
270,M-1810,item:426331,131277.6,131119.2
270,M-1810,item:693055,11824002.4,11818156.0
270,SDC-1450,item:021081,993236.0,993236.0
271,M-1430,item:038005,769853.493887,767967.082714
271,M-1430,item:042342,429610504.4,423105636.8
271,M-1430,item:333362,18241450.0,18133650.0
271,M-1430,item:344135,11581000.0,11473200.0
271,M-1430,item:708073,79426.926,78572.072
271,M-1430,item:730384,3919741.4,3896887.8
271,M-1430,item:734545,65402.6,64540.2
271,M-1430,item:773474,59473063.2636,58432284.6632
271,M-1810,item:001757,56873.9012,56850.5156
271,M-1810,item:001848,31517.22178,31499.68258
271,M-1810,item:001893,202646.20027,202535.11867
271,M-1810,item:002612,174427.936819,174398.704819
271,M-1810,item:007923,54911.40624,54864.63504
271,M-1810,item:016332,9638.44232,9631.42664
271,M-1810,item:029313,972.21555,971.63091
271,M-1810,item:039668,882.77948,882.19484
271,M-1810,item:049371,85676.48181,85654.85013
271,M-1810,item:055703,1791.189625,1790.020345
271,M-1810,item:099439,30326.84,30297.608
271,M-1810,item:338928,27602065.0,27587665.0
271,M-1810,item:338929,17185950.0,17171550.0
271,M-1810,item:426331,131119.2,130960.8
271,M-1810,item:693055,11822352.0,11816505.6
271,SDC-1450,item:021081,993236.0,993236.0
272,M-1430,item:038005,770661.955818,770661.955818
272,M-1430,item:042342,423105636.8,423105636.8
272,M-1430,item:333362,18143650.0,18143650.0
272,M-1430,item:344135,11473200.0,11473200.0
272,M-1430,item:708073,78572.072,78572.072
272,M-1430,item:730384,3896887.8,3896887.8
272,M-1430,item:734545,64540.2,64540.2
272,M-1430,item:773474,58432284.6632,58432284.6632
272,M-1810,item:001757,56850.5156,56827.13
272,M-1810,item:001848,31499.68258,31482.14338
272,M-1810,item:001893,202535.11867,202424.03707
272,M-1810,item:002612,174398.704819,174369.472819
272,M-1810,item:007923,54878.6664,54831.8952
272,M-1810,item:016332,9631.42664,9624.41096
272,M-1810,item:029313,971.63091,971.04627
272,M-1810,item:039668,882.19484,881.6102
272,M-1810,item:049371,85654.85013,85633.21845
272,M-1810,item:055703,1790.020345,1788.851065
272,M-1810,item:099439,30297.608,30268.376
272,M-1810,item:338928,27637665.0,27623265.0
272,M-1810,item:338929,17191550.0,17177150.0
272,M-1810,item:426331,130960.8,130802.4
272,M-1810,item:693055,11820656.6,11814810.2
272,SDC-1450,item:021081,993236.0,964628.0
273,M-1430,item:038005,773356.828922,773356.828922
273,M-1430,item:042342,423105636.8,423105636.8
273,M-1430,item:333362,18143650.0,18143650.0
273,M-1430,item:344135,11473200.0,11473200.0
273,M-1430,item:708073,78572.072,78572.072
273,M-1430,item:730384,3896887.8,3896887.8
273,M-1430,item:734545,64540.2,64540.2
273,M-1430,item:773474,58432284.6632,58432284.6632
273,M-1810,item:001757,56827.13,56803.7444
273,M-1810,item:001848,31482.14338,31464.60418
273,M-1810,item:001893,202424.03707,202312.95547
273,M-1810,item:002612,174369.472819,174340.240819
273,M-1810,item:007923,54831.8952,54785.124
273,M-1810,item:016332,9624.41096,9617.39528
273,M-1810,item:029313,971.04627,970.46163
273,M-1810,item:039668,881.6102,881.02556
273,M-1810,item:049371,85633.21845,85611.58677
273,M-1810,item:055703,1788.851065,1787.681785
273,M-1810,item:099439,30268.376,30239.144
273,M-1810,item:338928,27623265.0,27608865.0
273,M-1810,item:338929,17187150.0,17172750.0
273,M-1810,item:426331,130802.4,130644.0
273,M-1810,item:693055,11818915.2,11813068.8
273,SDC-1450,item:021081,964628.0,964628.0
274,M-1430,item:038005,776051.702026,776051.702026
274,M-1430,item:042342,423105636.8,423105636.8
274,M-1430,item:333362,18153650.0,18153650.0
274,M-1430,item:344135,11473200.0,11473200.0
274,M-1430,item:708073,78572.072,78572.072
274,M-1430,item:730384,3896887.8,3896887.8
274,M-1430,item:734545,64540.2,64540.2
274,M-1430,item:773474,58432284.6632,58432284.6632
274,M-1810,item:001757,56803.7444,56780.3588
274,M-1810,item:001848,31464.60418,31447.06498
274,M-1810,item:001893,202312.95547,202201.87387
274,M-1810,item:002612,174340.240819,174311.008819
274,M-1810,item:007923,54859.95792,54813.18672
274,M-1810,item:016332,9617.39528,9610.3796
274,M-1810,item:029313,970.46163,969.87699
274,M-1810,item:039668,881.02556,880.44092
274,M-1810,item:049371,85611.58677,85589.95509
274,M-1810,item:055703,1787.681785,1786.512505
274,M-1810,item:099439,30239.144,30209.912
274,M-1810,item:338928,27608865.0,27594465.0
274,M-1810,item:338929,17182750.0,17168350.0
274,M-1810,item:426331,130644.0,130485.6
274,M-1810,item:693055,11817036.8,11811190.4
274,SDC-1450,item:021081,964628.0,964628.0
275,M-1430,item:038005,778746.57513,778746.57513
275,M-1430,item:042342,423105636.8,423105636.8
275,M-1430,item:333362,18153650.0,18153650.0
275,M-1430,item:344135,11473200.0,11473200.0
275,M-1430,item:708073,78572.072,78572.072
275,M-1430,item:730384,3896887.8,3896887.8
275,M-1430,item:734545,64540.2,64540.2
275,M-1430,item:773474,58432284.6632,58432284.6632
275,M-1810,item:001757,56780.3588,56756.9732
275,M-1810,item:001848,31447.06498,31429.52578
275,M-1810,item:001893,202201.87387,202090.79227
275,M-1810,item:002612,174311.008819,174281.776819
275,M-1810,item:007923,54911.40624,54864.63504
275,M-1810,item:016332,9610.3796,9603.36392
275,M-1810,item:029313,969.87699,969.29235
275,M-1810,item:039668,880.44092,879.85628
275,M-1810,item:049371,85589.95509,85568.32341
275,M-1810,item:055703,1786.512505,1785.343225
275,M-1810,item:099439,30209.912,30180.68
275,M-1810,item:338928,27619465.0,27605065.0
275,M-1810,item:338929,17168350.0,17153950.0
275,M-1810,item:426331,130485.6,130327.2
275,M-1810,item:693055,11815021.4,11809175.0
275,SDC-1450,item:021081,964628.0,964628.0
276,M-1430,item:038005,781441.448234,781441.448234
276,M-1430,item:042342,423105636.8,423105636.8
276,M-1430,item:333362,18158650.0,18158650.0
276,M-1430,item:344135,11473200.0,11473200.0
276,M-1430,item:708073,78572.072,78572.072
276,M-1430,item:730384,3896887.8,3896887.8
276,M-1430,item:734545,64540.2,64540.2
276,M-1430,item:773474,58432284.6632,58432284.6632
276,M-1810,item:001757,56756.9732,56733.5876
276,M-1810,item:001848,31429.52578,31411.98658
276,M-1810,item:001893,202090.79227,201979.71067
276,M-1810,item:002612,174281.776819,174252.544819
276,M-1810,item:007923,54911.40624,54864.63504
276,M-1810,item:016332,9603.36392,9596.34824
276,M-1810,item:029313,969.29235,968.70771
276,M-1810,item:039668,879.85628,879.27164
276,M-1810,item:049371,85568.32341,85546.69173
276,M-1810,item:055703,1785.343225,1784.173945
276,M-1810,item:099439,30180.68,30151.448
276,M-1810,item:338928,27605065.0,27590665.0
276,M-1810,item:338929,17163950.0,17149550.0
276,M-1810,item:426331,130327.2,130168.8
276,M-1810,item:693055,11813006.0,11807159.6
276,SDC-1450,item:021081,964628.0,964628.0
277,M-1430,item:038005,784136.321338,784136.321338
277,M-1430,item:042342,423105636.8,423105636.8
277,M-1430,item:333362,18163650.0,18163650.0
277,M-1430,item:344135,11473200.0,11473200.0
277,M-1430,item:708073,78572.072,78572.072
277,M-1430,item:730384,3896887.8,3896887.8
277,M-1430,item:734545,64540.2,64540.2
277,M-1430,item:773474,58487062.6632,58487062.6632
277,M-1810,item:001757,56733.5876,56710.202
277,M-1810,item:001848,31411.98658,31394.44738
277,M-1810,item:001893,201979.71067,201868.62907
277,M-1810,item:002612,174252.544819,174223.312819
277,M-1810,item:007923,54911.40624,54864.63504
277,M-1810,item:016332,9596.34824,9589.33256
277,M-1810,item:029313,968.70771,968.12307
277,M-1810,item:039668,879.27164,878.687
277,M-1810,item:049371,85546.69173,85525.06005
277,M-1810,item:055703,1784.173945,1783.004665
277,M-1810,item:099439,30151.448,30122.216
277,M-1810,item:338928,27615665.0,27601265.0
277,M-1810,item:338929,17154550.0,17140150.0
277,M-1810,item:426331,149368.8,149210.4
277,M-1810,item:693055,11811128.6,11805282.2
277,SDC-1450,item:021081,964628.0,964628.0
278,M-1430,item:038005,786831.194442,786831.194442
278,M-1430,item:042342,423105636.8,423105636.8
278,M-1430,item:333362,18168650.0,18168650.0
278,M-1430,item:344135,11473200.0,11473200.0
278,M-1430,item:708073,78572.072,78572.072
278,M-1430,item:730384,3896887.8,3896887.8
278,M-1430,item:734545,64540.2,64540.2
278,M-1430,item:773474,58541840.6632,58541840.6632
278,M-1810,item:001757,56710.202,56710.202
278,M-1810,item:001848,31394.44738,31394.44738
278,M-1810,item:001893,201868.62907,201868.62907
278,M-1810,item:002612,174223.312819,174223.312819
278,M-1810,item:007923,54892.69776,54892.69776
278,M-1810,item:016332,9589.33256,9589.33256
278,M-1810,item:029313,968.12307,968.12307
278,M-1810,item:039668,878.687,878.687
278,M-1810,item:049371,85525.06005,85525.06005
278,M-1810,item:055703,1783.004665,1783.004665
278,M-1810,item:099439,30122.216,30122.216
278,M-1810,item:338928,27601265.0,27601265.0
278,M-1810,item:338929,17160150.0,17160150.0
278,M-1810,item:426331,149210.4,149210.4
278,M-1810,item:693055,11809251.2,11809251.2
278,SDC-1450,item:021081,964628.0,964628.0
279,M-1430,item:038005,789526.067546,789526.067546
279,M-1430,item:042342,423105636.8,423105636.8
279,M-1430,item:333362,18173650.0,18173650.0
279,M-1430,item:344135,11473200.0,11473200.0
279,M-1430,item:708073,78572.072,78572.072
279,M-1430,item:730384,3896887.8,3896887.8
279,M-1430,item:734545,64540.2,64540.2
279,M-1430,item:773474,58596618.6632,58596618.6632
279,M-1810,item:001757,56810.202,56810.202
279,M-1810,item:001848,31394.44738,31394.44738
279,M-1810,item:001893,201868.62907,201868.62907
279,M-1810,item:002612,174223.312819,174223.312819
279,M-1810,item:007923,54925.4376,54925.4376
279,M-1810,item:016332,9589.33256,9589.33256
279,M-1810,item:029313,968.12307,968.12307
279,M-1810,item:039668,878.687,878.687
279,M-1810,item:049371,85525.06005,85525.06005
279,M-1810,item:055703,1783.004665,1783.004665
279,M-1810,item:099439,30122.216,30122.216
279,M-1810,item:338928,27601265.0,27601265.0
279,M-1810,item:338929,17160150.0,17160150.0
279,M-1810,item:426331,149210.4,149210.4
279,M-1810,item:693055,11813220.2,11813220.2
279,SDC-1450,item:021081,964628.0,964628.0
280,M-1430,item:038005,792220.94065,792220.94065
280,M-1430,item:042342,423105636.8,423105636.8
280,M-1430,item:333362,18178650.0,18178650.0
280,M-1430,item:344135,11473200.0,11473200.0
280,M-1430,item:708073,78572.072,78572.072
280,M-1430,item:730384,3896887.8,3896887.8
280,M-1430,item:734545,64540.2,64540.2
280,M-1430,item:773474,58651396.6632,58651396.6632
280,M-1810,item:001757,56910.202,56910.202
280,M-1810,item:001848,31394.44738,31394.44738
280,M-1810,item:001893,201868.62907,201868.62907
280,M-1810,item:002612,174223.312819,174223.312819
280,M-1810,item:007923,54925.4376,54925.4376
280,M-1810,item:016332,9589.33256,9589.33256
280,M-1810,item:029313,968.12307,968.12307
280,M-1810,item:039668,878.687,878.687
280,M-1810,item:049371,85525.06005,85525.06005
280,M-1810,item:055703,1783.004665,1783.004665
280,M-1810,item:099439,30122.216,30122.216
280,M-1810,item:338928,27601265.0,27601265.0
280,M-1810,item:338929,17175150.0,17175150.0
280,M-1810,item:426331,149210.4,149210.4
280,M-1810,item:693055,11817144.2,11817144.2
280,SDC-1450,item:021081,964628.0,964628.0
281,M-1430,item:038005,794915.813754,794915.813754
281,M-1430,item:042342,423105636.8,423105636.8
281,M-1430,item:333362,18183650.0,18183650.0
281,M-1430,item:344135,11473200.0,11473200.0
281,M-1430,item:708073,78572.072,78572.072
281,M-1430,item:730384,3896887.8,3896887.8
281,M-1430,item:734545,64540.2,64540.2
281,M-1430,item:773474,58706174.6632,58706174.6632
281,M-1810,item:001757,56910.202,56910.202
281,M-1810,item:001848,31394.44738,31394.44738
281,M-1810,item:001893,201868.62907,201868.62907
281,M-1810,item:002612,174223.312819,174223.312819
281,M-1810,item:007923,55004.94864,55004.94864
281,M-1810,item:016332,9589.33256,9589.33256
281,M-1810,item:029313,968.12307,968.12307
281,M-1810,item:039668,878.687,878.687
281,M-1810,item:049371,85525.06005,85525.06005
281,M-1810,item:055703,1783.004665,1783.004665
281,M-1810,item:099439,30122.216,30122.216
281,M-1810,item:338928,27601265.0,27601265.0
281,M-1810,item:338929,17175150.0,17175150.0
281,M-1810,item:426331,149210.4,149210.4
281,M-1810,item:693055,11821068.2,11821068.2
281,SDC-1450,item:021081,964628.0,964628.0
282,M-1430,item:038005,794915.813754,794915.813754
282,M-1430,item:042342,423105636.8,423105636.8
282,M-1430,item:333362,18183650.0,18183650.0
282,M-1430,item:344135,11473200.0,11473200.0
282,M-1430,item:708073,78572.072,78572.072
282,M-1430,item:730384,3896887.8,3896887.8
282,M-1430,item:734545,64540.2,64540.2
282,M-1430,item:773474,58760952.6632,58760952.6632
282,M-1810,item:001757,56910.202,56910.202
282,M-1810,item:001848,31394.44738,31394.44738
282,M-1810,item:001893,201868.62907,201868.62907
282,M-1810,item:002612,174223.312819,174223.312819
282,M-1810,item:007923,55018.98,55018.98
282,M-1810,item:016332,9589.33256,9589.33256
282,M-1810,item:029313,968.12307,968.12307
282,M-1810,item:039668,878.687,878.687
282,M-1810,item:049371,85525.06005,85525.06005
282,M-1810,item:055703,1783.004665,1783.004665
282,M-1810,item:099439,30122.216,30122.216
282,M-1810,item:338928,27626265.0,27626265.0
282,M-1810,item:338929,17190150.0,17190150.0
282,M-1810,item:426331,149210.4,149210.4
282,M-1810,item:693055,11825033.2,11825033.2
282,SDC-1450,item:021081,964628.0,964628.0
283,M-1430,item:038005,794915.813754,794915.813754
283,M-1430,item:042342,423105636.8,423105636.8
283,M-1430,item:333362,18193650.0,18193650.0
283,M-1430,item:344135,11473200.0,11473200.0
283,M-1430,item:708073,78572.072,78572.072
283,M-1430,item:730384,3896887.8,3896887.8
283,M-1430,item:734545,64540.2,64540.2
283,M-1430,item:773474,58815730.6632,58815730.6632
283,M-1810,item:001757,56910.202,56886.8164
283,M-1810,item:001848,31394.44738,31376.90818
283,M-1810,item:001893,201868.62907,201757.54747
283,M-1810,item:002612,174223.312819,174194.080819
283,M-1810,item:007923,55018.98,54972.2088
283,M-1810,item:016332,9589.33256,9582.31688
283,M-1810,item:029313,968.12307,967.53843
283,M-1810,item:039668,878.687,878.10236
283,M-1810,item:049371,85525.06005,85503.42837
283,M-1810,item:055703,1783.004665,1781.835385
283,M-1810,item:099439,30122.216,30092.984
283,M-1810,item:338928,27626265.0,27611865.0
283,M-1810,item:338929,17200150.0,17185750.0
283,M-1810,item:426331,149210.4,149052.0
283,M-1810,item:693055,11828953.2,11823106.8
283,SDC-1450,item:021081,964628.0,964628.0
284,M-1430,item:038005,794915.813754,794915.813754
284,M-1430,item:042342,423105636.8,423105636.8
284,M-1430,item:333362,18198650.0,18198650.0
284,M-1430,item:344135,11473200.0,11473200.0
284,M-1430,item:708073,78572.072,78572.072
284,M-1430,item:730384,3896887.8,3896887.8
284,M-1430,item:734545,64540.2,64540.2
284,M-1430,item:773474,58870508.6632,58870508.6632
284,M-1810,item:001757,56886.8164,56886.8164
284,M-1810,item:001848,31376.90818,31376.90818
284,M-1810,item:001893,201757.54747,201757.54747
284,M-1810,item:002612,174194.080819,174194.080819
284,M-1810,item:007923,54972.2088,54972.2088
284,M-1810,item:016332,9582.31688,9582.31688
284,M-1810,item:029313,967.53843,967.53843
284,M-1810,item:039668,878.10236,878.10236
284,M-1810,item:049371,85503.42837,85503.42837
284,M-1810,item:055703,1781.835385,1781.835385
284,M-1810,item:099439,30092.984,30092.984
284,M-1810,item:338928,27636865.0,27636865.0
284,M-1810,item:338929,17185750.0,17185750.0
284,M-1810,item:426331,149052.0,149052.0
284,M-1810,item:693055,11826980.8,11826980.8
284,SDC-1450,item:021081,964628.0,964628.0
285,M-1430,item:038005,794915.813754,794915.813754
285,M-1430,item:042342,423105636.8,423105636.8
285,M-1430,item:333362,18203650.0,18203650.0
285,M-1430,item:344135,11473200.0,11473200.0
285,M-1430,item:708073,78572.072,78572.072
285,M-1430,item:730384,3896887.8,3896887.8
285,M-1430,item:734545,64540.2,64540.2
285,M-1430,item:773474,58925286.6632,58925286.6632
285,M-1810,item:001757,56886.8164,56863.4308
285,M-1810,item:001848,31376.90818,31359.36898
285,M-1810,item:001893,201757.54747,201646.46587
285,M-1810,item:002612,174194.080819,174164.848819
285,M-1810,item:007923,54972.2088,54925.4376
285,M-1810,item:016332,9582.31688,9575.3012
285,M-1810,item:029313,967.53843,966.95379
285,M-1810,item:039668,878.10236,877.51772
285,M-1810,item:049371,85503.42837,85481.79669
285,M-1810,item:055703,1781.835385,1780.666105
285,M-1810,item:099439,30092.984,30063.752
285,M-1810,item:338928,27636865.0,27622465.0
285,M-1810,item:338929,17185750.0,17171350.0
285,M-1810,item:426331,149052.0,148893.6
285,M-1810,item:693055,11830899.8,11825053.4
285,SDC-1450,item:021081,964628.0,964628.0
286,M-1430,item:038005,794915.813754,794915.813754
286,M-1430,item:042342,423105636.8,423105636.8
286,M-1430,item:333362,18203650.0,18203650.0
286,M-1430,item:344135,11473200.0,11473200.0
286,M-1430,item:708073,78572.072,78572.072
286,M-1430,item:730384,3896887.8,3896887.8
286,M-1430,item:734545,64540.2,64540.2
286,M-1430,item:773474,58980064.6632,58980064.6632
286,M-1810,item:001757,56863.4308,56840.0452
286,M-1810,item:001848,31359.36898,31341.82978
286,M-1810,item:001893,201646.46587,201535.38427
286,M-1810,item:002612,174164.848819,174135.616819
286,M-1810,item:007923,54925.4376,54878.6664
286,M-1810,item:016332,9575.3012,9568.28552
286,M-1810,item:029313,966.95379,966.36915
286,M-1810,item:039668,877.51772,876.93308
286,M-1810,item:049371,85481.79669,85460.16501
286,M-1810,item:055703,1780.666105,1779.496825
286,M-1810,item:099439,30063.752,30034.52
286,M-1810,item:338928,27672465.0,27658065.0
286,M-1810,item:338929,17181350.0,17166950.0
286,M-1810,item:426331,148893.6,148735.2
286,M-1810,item:693055,11828882.4,11823036.0
286,SDC-1450,item:021081,964628.0,964628.0
287,M-1430,item:038005,794915.813754,794915.813754
287,M-1430,item:042342,423105636.8,423105636.8
287,M-1430,item:333362,18203650.0,18203650.0
287,M-1430,item:344135,11473200.0,11473200.0
287,M-1430,item:708073,78572.072,78572.072
287,M-1430,item:730384,3896887.8,3896887.8
287,M-1430,item:734545,64540.2,64540.2
287,M-1430,item:773474,59034842.6632,59034842.6632
287,M-1810,item:001757,56840.0452,56840.0452
287,M-1810,item:001848,31341.82978,31341.82978
287,M-1810,item:001893,201535.38427,201535.38427
287,M-1810,item:002612,174135.616819,174135.616819
287,M-1810,item:007923,54892.69776,54892.69776
287,M-1810,item:016332,9568.28552,9568.28552
287,M-1810,item:029313,966.36915,966.36915
287,M-1810,item:039668,876.93308,876.93308
287,M-1810,item:049371,85460.16501,85460.16501
287,M-1810,item:055703,1779.496825,1779.496825
287,M-1810,item:099439,30034.52,30034.52
287,M-1810,item:338928,27683065.0,27683065.0
287,M-1810,item:338929,17171950.0,17171950.0
287,M-1810,item:426331,148735.2,148735.2
287,M-1810,item:693055,11826775.0,11826775.0
287,SDC-1450,item:021081,964628.0,964628.0
288,M-1430,item:038005,794915.813754,794915.813754
288,M-1430,item:042342,423105636.8,423105636.8
288,M-1430,item:333362,18213650.0,18213650.0
288,M-1430,item:344135,11473200.0,11473200.0
288,M-1430,item:708073,78572.072,78572.072
288,M-1430,item:730384,3896887.8,3896887.8
288,M-1430,item:734545,64540.2,64540.2
288,M-1430,item:773474,59089620.6632,59089620.6632
288,M-1810,item:001757,56840.0452,56816.6596
288,M-1810,item:001848,31341.82978,31324.29058
288,M-1810,item:001893,201535.38427,201424.30267
288,M-1810,item:002612,174135.616819,174106.384819
288,M-1810,item:007923,54925.4376,54878.6664
288,M-1810,item:016332,9568.28552,9561.26984
288,M-1810,item:029313,966.36915,965.78451
288,M-1810,item:039668,876.93308,876.34844
288,M-1810,item:049371,85460.16501,85438.53333
288,M-1810,item:055703,1779.496825,1778.327545
288,M-1810,item:099439,30034.52,30005.288
288,M-1810,item:338928,27683065.0,27668665.0
288,M-1810,item:338929,17186950.0,17172550.0
288,M-1810,item:426331,148735.2,148576.8
288,M-1810,item:693055,11830514.0,11824667.6
288,SDC-1450,item:021081,964628.0,964628.0
289,M-1430,item:038005,794915.813754,794915.813754
289,M-1430,item:042342,423105636.8,423105636.8
289,M-1430,item:333362,18218650.0,18218650.0
289,M-1430,item:344135,11473200.0,11473200.0
289,M-1430,item:708073,78572.072,78572.072
289,M-1430,item:730384,3896887.8,3896887.8
289,M-1430,item:734545,64540.2,64540.2
289,M-1430,item:773474,59144398.6632,59144398.6632
289,M-1810,item:001757,56816.6596,56793.274
289,M-1810,item:001848,31324.29058,31306.75138
289,M-1810,item:001893,201424.30267,201313.22107
289,M-1810,item:002612,174106.384819,174077.152819
289,M-1810,item:007923,54925.4376,54878.6664
289,M-1810,item:016332,9561.26984,9554.25416
289,M-1810,item:029313,965.78451,965.19987
289,M-1810,item:039668,876.34844,875.7638
289,M-1810,item:049371,85438.53333,85416.90165
289,M-1810,item:055703,1778.327545,1777.158265
289,M-1810,item:099439,30005.288,29976.056
289,M-1810,item:338928,27668665.0,27654265.0
289,M-1810,item:338929,17177550.0,17163150.0
289,M-1810,item:426331,148576.8,148418.4
289,M-1810,item:693055,11828406.6,11822560.2
289,SDC-1450,item:021081,964628.0,964628.0
290,M-1430,item:038005,794915.813754,794915.813754
290,M-1430,item:042342,423105636.8,423105636.8
290,M-1430,item:333362,18223650.0,18223650.0
290,M-1430,item:344135,11473200.0,11473200.0
290,M-1430,item:708073,78572.072,78572.072
290,M-1430,item:730384,3896887.8,3896887.8
290,M-1430,item:734545,64540.2,64540.2
290,M-1430,item:773474,59199176.6632,59199176.6632
290,M-1810,item:001757,56793.274,56769.8884
290,M-1810,item:001848,31306.75138,31289.21218
290,M-1810,item:001893,201313.22107,201202.13947
290,M-1810,item:002612,174077.152819,174047.920819
290,M-1810,item:007923,54878.6664,54831.8952
290,M-1810,item:016332,9554.25416,9547.23848
290,M-1810,item:029313,965.19987,964.61523
290,M-1810,item:039668,875.7638,875.17916
290,M-1810,item:049371,85416.90165,85395.26997
290,M-1810,item:055703,1777.158265,1775.988985
290,M-1810,item:099439,29976.056,29946.824
290,M-1810,item:338928,27679265.0,27664865.0
290,M-1810,item:338929,17178150.0,17163750.0
290,M-1810,item:426331,148418.4,148260.0
290,M-1810,item:693055,11826391.2,11820544.8
290,SDC-1450,item:021081,964628.0,964628.0
291,M-1430,item:038005,794915.813754,794915.813754
291,M-1430,item:042342,423105636.8,423105636.8
291,M-1430,item:333362,18223650.0,18223650.0
291,M-1430,item:344135,11473200.0,11473200.0
291,M-1430,item:708073,78572.072,78572.072
291,M-1430,item:730384,3896887.8,3896887.8
291,M-1430,item:734545,64540.2,64540.2
291,M-1430,item:773474,59253954.6632,59253954.6632
291,M-1810,item:001757,56769.8884,56746.5028
291,M-1810,item:001848,31289.21218,31271.67298
291,M-1810,item:001893,201202.13947,201091.05787
291,M-1810,item:002612,174047.920819,174018.688819
291,M-1810,item:007923,54892.69776,54845.92656
291,M-1810,item:016332,9547.23848,9540.2228
291,M-1810,item:029313,964.61523,964.03059
291,M-1810,item:039668,875.17916,874.59452
291,M-1810,item:049371,85395.26997,85373.63829
291,M-1810,item:055703,1775.988985,1774.819705
291,M-1810,item:099439,29946.824,29917.592
291,M-1810,item:338928,27664865.0,27650465.0
291,M-1810,item:338929,17173750.0,17159350.0
291,M-1810,item:426331,148260.0,148101.6
291,M-1810,item:693055,11824284.8,11818438.4
291,SDC-1450,item:021081,964628.0,964628.0
292,M-1430,item:038005,794915.813754,794915.813754
292,M-1430,item:042342,423105636.8,423105636.8
292,M-1430,item:333362,18223650.0,18223650.0
292,M-1430,item:344135,11473200.0,11473200.0
292,M-1430,item:708073,78572.072,78572.072
292,M-1430,item:730384,3896887.8,3896887.8
292,M-1430,item:734545,64540.2,64540.2
292,M-1430,item:773474,59308732.6632,59308732.6632
292,M-1810,item:001757,56846.5028,56823.1172
292,M-1810,item:001848,31271.67298,31254.13378
292,M-1810,item:001893,201091.05787,200979.97627
292,M-1810,item:002612,174018.688819,173989.456819
292,M-1810,item:007923,54892.69776,54845.92656
292,M-1810,item:016332,9540.2228,9533.20712
292,M-1810,item:029313,964.03059,963.44595
292,M-1810,item:039668,874.59452,874.00988
292,M-1810,item:049371,85373.63829,85352.00661
292,M-1810,item:055703,1774.819705,1773.650425
292,M-1810,item:099439,29917.592,29888.36
292,M-1810,item:338928,27650465.0,27636065.0
292,M-1810,item:338929,17169350.0,17154950.0
292,M-1810,item:426331,148101.6,147943.2
292,M-1810,item:693055,11822133.4,11816287.0
292,SDC-1450,item:021081,964628.0,964628.0
293,M-1430,item:038005,794915.813754,794915.813754
293,M-1430,item:042342,423105636.8,423105636.8
293,M-1430,item:333362,18228650.0,18228650.0
293,M-1430,item:344135,11473200.0,11473200.0
293,M-1430,item:708073,78572.072,78572.072
293,M-1430,item:730384,3896887.8,3896887.8
293,M-1430,item:734545,64540.2,64540.2
293,M-1430,item:773474,59363509.6632,59363509.6632
293,M-1810,item:001757,56923.1172,56899.7316
293,M-1810,item:001848,31254.13378,31236.59458
293,M-1810,item:001893,200979.97627,200868.89467
293,M-1810,item:002612,173989.456819,173960.224819
293,M-1810,item:007923,54878.6664,54831.8952
293,M-1810,item:016332,9533.20712,9526.19144
293,M-1810,item:029313,963.44595,962.86131
293,M-1810,item:039668,874.00988,873.42524
293,M-1810,item:049371,85352.00661,85330.37493
293,M-1810,item:055703,1773.650425,1772.481145
293,M-1810,item:099439,29888.36,29859.128
293,M-1810,item:338928,27661065.0,27646665.0
293,M-1810,item:338929,17159950.0,17145550.0
293,M-1810,item:426331,147943.2,147784.8
293,M-1810,item:693055,11819982.0,11814135.6
293,SDC-1450,item:021081,964628.0,964628.0
294,M-1430,item:038005,794915.813754,794915.813754
294,M-1430,item:042342,423105636.8,423105636.8
294,M-1430,item:333362,18238650.0,18238650.0
294,M-1430,item:344135,11473200.0,11473200.0
294,M-1430,item:708073,78572.072,78572.072
294,M-1430,item:730384,3896887.8,3896887.8
294,M-1430,item:734545,64540.2,64540.2
294,M-1430,item:773474,59418286.6632,59418286.6632
294,M-1810,item:001757,56899.7316,56899.7316
294,M-1810,item:001848,31236.59458,31236.59458
294,M-1810,item:001893,200868.89467,200868.89467
294,M-1810,item:002612,173960.224819,173960.224819
294,M-1810,item:007923,54897.37488,54897.37488
294,M-1810,item:016332,9526.19144,9526.19144
294,M-1810,item:029313,962.86131,962.86131
294,M-1810,item:039668,873.42524,873.42524
294,M-1810,item:049371,85330.37493,85330.37493
294,M-1810,item:055703,1772.481145,1772.481145
294,M-1810,item:099439,29859.128,29859.128
294,M-1810,item:338928,27696665.0,27696665.0
294,M-1810,item:338929,17150550.0,17150550.0
294,M-1810,item:426331,147784.8,147784.8
294,M-1810,item:693055,11817874.6,11817874.6
294,SDC-1450,item:021081,964628.0,964628.0
295,M-1430,item:038005,794915.813754,794915.813754
295,M-1430,item:042342,423105636.8,423105636.8
295,M-1430,item:333362,18238650.0,18238650.0
295,M-1430,item:344135,11473200.0,11473200.0
295,M-1430,item:708073,78572.072,78572.072
295,M-1430,item:730384,3896887.8,3896887.8
295,M-1430,item:734545,64540.2,64540.2
295,M-1430,item:773474,59473063.6632,59473063.6632
295,M-1810,item:001757,56899.7316,56876.346
295,M-1810,item:001848,31236.59458,31219.05538
295,M-1810,item:001893,200868.89467,200757.81307
295,M-1810,item:002612,173960.224819,173930.992819
295,M-1810,item:007923,54944.14608,54897.37488
295,M-1810,item:016332,9526.19144,9519.17576
295,M-1810,item:029313,962.86131,962.27667
295,M-1810,item:039668,873.42524,872.8406
295,M-1810,item:049371,85330.37493,85308.74325
295,M-1810,item:055703,1772.481145,1771.311865
295,M-1810,item:099439,29859.128,29829.896
295,M-1810,item:338928,27696665.0,27682265.0
295,M-1810,item:338929,17160550.0,17146150.0
295,M-1810,item:426331,147784.8,147626.4
295,M-1810,item:693055,11821613.6,11815767.2
295,SDC-1450,item:021081,964628.0,964628.0
296,M-1430,item:038005,794915.813754,794915.813754
296,M-1430,item:042342,423105636.8,423105636.8
296,M-1430,item:333362,18243650.0,18243650.0
296,M-1430,item:344135,11473200.0,11473200.0
296,M-1430,item:708073,78572.072,78572.072
296,M-1430,item:730384,3896887.8,3896887.8
296,M-1430,item:734545,64540.2,64540.2
296,M-1430,item:773474,59473063.6632,59473063.6632
296,M-1810,item:001757,56876.346,56852.9604
296,M-1810,item:001848,31219.05538,31201.51618
296,M-1810,item:001893,200757.81307,200646.73147
296,M-1810,item:002612,173930.992819,173901.760819
296,M-1810,item:007923,54958.17744,54911.40624
296,M-1810,item:016332,9519.17576,9512.16008
296,M-1810,item:029313,962.27667,961.69203
296,M-1810,item:039668,872.8406,872.25596
296,M-1810,item:049371,85308.74325,85287.11157
296,M-1810,item:055703,1771.311865,1770.142585
296,M-1810,item:099439,29829.896,29800.664
296,M-1810,item:338928,27682265.0,27667865.0
296,M-1810,item:338929,17156150.0,17141750.0
296,M-1810,item:426331,147626.4,147468.0
296,M-1810,item:693055,11819504.2,11813657.8
296,SDC-1450,item:021081,964628.0,964628.0
297,M-1430,item:038005,794915.813754,793029.402582
297,M-1430,item:042342,423105636.8,416600769.2
297,M-1430,item:333362,18243650.0,18135850.0
297,M-1430,item:344135,11473200.0,11365400.0
297,M-1430,item:708073,78572.072,77717.218
297,M-1430,item:730384,3896887.8,3874034.2
297,M-1430,item:734545,64540.2,63677.8
297,M-1430,item:773474,59473063.6632,58432285.0628
297,M-1810,item:001757,56852.9604,56829.5748
297,M-1810,item:001848,31201.51618,31183.97698
297,M-1810,item:001893,200646.73147,200535.64987
297,M-1810,item:002612,173901.760819,173872.528819
297,M-1810,item:007923,54911.40624,54864.63504
297,M-1810,item:016332,10612.16008,10605.1444
297,M-1810,item:029313,961.69203,961.10739
297,M-1810,item:039668,872.25596,871.67132
297,M-1810,item:049371,85287.11157,85265.47989
297,M-1810,item:055703,1770.142585,1768.973305
297,M-1810,item:099439,29800.664,29771.432
297,M-1810,item:338928,27692865.0,27678465.0
297,M-1810,item:338929,17146750.0,17132350.0
297,M-1810,item:426331,147468.0,147309.6
297,M-1810,item:693055,11817350.8,11811504.4
297,SDC-1450,item:021081,964628.0,964628.0
298,M-1430,item:038005,793029.402582,793029.402582
298,M-1430,item:042342,416600769.2,416600769.2
298,M-1430,item:333362,18140850.0,18140850.0
298,M-1430,item:344135,11365400.0,11365400.0
298,M-1430,item:708073,77717.218,77717.218
298,M-1430,item:730384,3874034.2,3874034.2
298,M-1430,item:734545,63677.8,63677.8
298,M-1430,item:773474,58432285.0628,58432285.0628
298,M-1810,item:001757,56829.5748,56806.1892
298,M-1810,item:001848,31183.97698,31166.43778
298,M-1810,item:001893,200535.64987,200424.56827
298,M-1810,item:002612,173872.528819,173843.296819
298,M-1810,item:007923,54878.6664,54831.8952
298,M-1810,item:016332,10605.1444,10598.12872
298,M-1810,item:029313,961.10739,960.52275
298,M-1810,item:039668,871.67132,871.08668
298,M-1810,item:049371,85265.47989,85243.84821
298,M-1810,item:055703,1768.973305,1767.804025
298,M-1810,item:099439,29771.432,29742.2
298,M-1810,item:338928,27703465.0,27689065.0
298,M-1810,item:338929,17142350.0,17127950.0
298,M-1810,item:426331,147309.6,147151.2
298,M-1810,item:693055,11815244.4,11809398.0
298,SDC-1450,item:021081,964628.0,964628.0
299,M-1430,item:038005,793029.402582,793029.402582
299,M-1430,item:042342,416600769.2,416600769.2
299,M-1430,item:333362,18150850.0,18150850.0
299,M-1430,item:344135,11365400.0,11365400.0
299,M-1430,item:708073,77717.218,77717.218
299,M-1430,item:730384,3874034.2,3874034.2
299,M-1430,item:734545,63677.8,63677.8
299,M-1430,item:773474,58432285.0628,58432285.0628
299,M-1810,item:001757,56806.1892,56782.8036
299,M-1810,item:001848,31166.43778,31148.89858
299,M-1810,item:001893,200424.56827,200313.48667
299,M-1810,item:002612,173843.296819,173814.064819
299,M-1810,item:007923,54892.69776,54845.92656
299,M-1810,item:016332,10598.12872,10591.11304
299,M-1810,item:029313,960.52275,959.93811
299,M-1810,item:039668,871.08668,870.50204
299,M-1810,item:049371,85243.84821,85222.21653
299,M-1810,item:055703,1767.804025,1766.634745
299,M-1810,item:099439,29742.2,29712.968
299,M-1810,item:338928,27689065.0,27674665.0
299,M-1810,item:338929,17142950.0,17128550.0
299,M-1810,item:426331,147151.2,146992.8
299,M-1810,item:693055,11813184.0,11807337.6
299,SDC-1450,item:021081,964628.0,964628.0
300,M-1430,item:038005,793029.402582,793029.402582
300,M-1430,item:042342,416600769.2,416600769.2
300,M-1430,item:333362,18150850.0,18150850.0
300,M-1430,item:344135,11365400.0,11365400.0
300,M-1430,item:708073,77717.218,77717.218
300,M-1430,item:730384,3874034.2,3874034.2
300,M-1430,item:734545,63677.8,63677.8
300,M-1430,item:773474,58432285.0628,58432285.0628
300,M-1810,item:001757,56782.8036,56759.418
300,M-1810,item:001848,31148.89858,31131.35938
300,M-1810,item:001893,200313.48667,200202.40507
300,M-1810,item:002612,173814.064819,173784.832819
300,M-1810,item:007923,54845.92656,54799.15536
300,M-1810,item:016332,10591.11304,10584.09736
300,M-1810,item:029313,959.93811,959.35347
300,M-1810,item:039668,870.50204,869.9174
300,M-1810,item:049371,85222.21653,85200.58485
300,M-1810,item:055703,1766.634745,1765.465465
300,M-1810,item:099439,29712.968,29683.736
300,M-1810,item:338928,27674665.0,27660265.0
300,M-1810,item:338929,17133550.0,17119150.0
300,M-1810,item:426331,146992.8,146834.4
300,M-1810,item:693055,11811122.6,11805276.2
300,SDC-1450,item:021081,964628.0,964628.0
301,M-1430,item:038005,793029.402582,793029.402582
301,M-1430,item:042342,416600769.2,416600769.2
301,M-1430,item:333362,18155850.0,18155850.0
301,M-1430,item:344135,11365400.0,11365400.0
301,M-1430,item:708073,77717.218,77717.218
301,M-1430,item:730384,3874034.2,3874034.2
301,M-1430,item:734545,63677.8,63677.8
301,M-1430,item:773474,58432285.0628,58432285.0628
301,M-1810,item:001757,56759.418,56736.0324
301,M-1810,item:001848,31131.35938,31113.82018
301,M-1810,item:001893,200202.40507,200091.32347
301,M-1810,item:002612,173784.832819,173755.600819
301,M-1810,item:007923,54925.4376,54878.6664
301,M-1810,item:016332,10584.09736,10577.08168
301,M-1810,item:029313,959.35347,958.76883
301,M-1810,item:039668,869.9174,869.33276
301,M-1810,item:049371,85200.58485,85178.95317
301,M-1810,item:055703,1765.465465,1764.296185
301,M-1810,item:099439,29683.736,29654.504
301,M-1810,item:338928,27660265.0,27645865.0
301,M-1810,item:338929,17124150.0,17109750.0
301,M-1810,item:426331,146834.4,146676.0
301,M-1810,item:693055,11809061.2,11803214.8
301,SDC-1450,item:021081,964628.0,964628.0
302,M-1430,item:038005,793029.402582,793029.402582
302,M-1430,item:042342,416600769.2,416600769.2
302,M-1430,item:333362,18155850.0,18155850.0
302,M-1430,item:344135,11365400.0,11365400.0
302,M-1430,item:708073,77717.218,77717.218
302,M-1430,item:730384,3874034.2,3874034.2
302,M-1430,item:734545,63677.8,63677.8
302,M-1430,item:773474,58432285.0628,58432285.0628
302,M-1810,item:001757,56736.0324,56712.6468
302,M-1810,item:001848,31113.82018,31096.28098
302,M-1810,item:001893,200091.32347,199980.24187
302,M-1810,item:002612,173755.600819,173726.368819
302,M-1810,item:007923,54892.69776,54845.92656
302,M-1810,item:016332,10577.08168,10570.066
302,M-1810,item:029313,958.76883,958.18419
302,M-1810,item:039668,869.33276,868.74812
302,M-1810,item:049371,85178.95317,85157.32149
302,M-1810,item:055703,1764.296185,1763.126905
302,M-1810,item:099439,29654.504,29625.272
302,M-1810,item:338928,27645865.0,27631465.0
302,M-1810,item:338929,17114750.0,17100350.0
302,M-1810,item:426331,146676.0,146517.6
302,M-1810,item:693055,11806955.8,11801109.4
302,SDC-1450,item:021081,964628.0,964628.0
303,M-1430,item:038005,793029.402582,793029.402582
303,M-1430,item:042342,416600769.2,416600769.2
303,M-1430,item:333362,18160850.0,18160850.0
303,M-1430,item:344135,11365400.0,11365400.0
303,M-1430,item:708073,77717.218,77717.218
303,M-1430,item:730384,3874034.2,3874034.2
303,M-1430,item:734545,63677.8,63677.8
303,M-1430,item:773474,58432285.0628,58432285.0628
303,M-1810,item:001757,56712.6468,56712.6468
303,M-1810,item:001848,31096.28098,31096.28098
303,M-1810,item:001893,199980.24187,199980.24187
303,M-1810,item:002612,173726.368819,173726.368819
303,M-1810,item:007923,54944.14608,54944.14608
303,M-1810,item:016332,10570.066,10570.066
303,M-1810,item:029313,958.18419,958.18419
303,M-1810,item:039668,868.74812,868.74812
303,M-1810,item:049371,85157.32149,85157.32149
303,M-1810,item:055703,1763.126905,1763.126905
303,M-1810,item:099439,29625.272,29625.272
303,M-1810,item:338928,27656465.0,27656465.0
303,M-1810,item:338929,17110350.0,17110350.0
303,M-1810,item:426331,146517.6,146517.6
303,M-1810,item:693055,11804896.4,11804896.4
303,SDC-1450,item:021081,964628.0,964628.0
304,M-1430,item:038005,793029.402582,793029.402582
304,M-1430,item:042342,416600769.2,416600769.2
304,M-1430,item:333362,18160850.0,18160850.0
304,M-1430,item:344135,11365400.0,11365400.0
304,M-1430,item:708073,77717.218,77717.218
304,M-1430,item:730384,3874034.2,3874034.2
304,M-1430,item:734545,63677.8,63677.8
304,M-1430,item:773474,58432285.0628,58432285.0628
304,M-1810,item:001757,56812.6468,56812.6468
304,M-1810,item:001848,31096.28098,31096.28098
304,M-1810,item:001893,199980.24187,199980.24187
304,M-1810,item:002612,173726.368819,173726.368819
304,M-1810,item:007923,54972.2088,54972.2088
304,M-1810,item:016332,10570.066,10570.066
304,M-1810,item:029313,958.18419,958.18419
304,M-1810,item:039668,868.74812,868.74812
304,M-1810,item:049371,85157.32149,85157.32149
304,M-1810,item:055703,1763.126905,1763.126905
304,M-1810,item:099439,29625.272,29625.272
304,M-1810,item:338928,27681465.0,27681465.0
304,M-1810,item:338929,17115350.0,17115350.0
304,M-1810,item:426331,146517.6,146517.6
304,M-1810,item:693055,11808683.4,11808683.4
304,SDC-1450,item:021081,964628.0,964628.0
305,M-1430,item:038005,793029.402582,793029.402582
305,M-1430,item:042342,416600769.2,416600769.2
305,M-1430,item:333362,18170850.0,18170850.0
305,M-1430,item:344135,11365400.0,11365400.0
305,M-1430,item:708073,77717.218,77717.218
305,M-1430,item:730384,3874034.2,3874034.2
305,M-1430,item:734545,63677.8,63677.8
305,M-1430,item:773474,58432285.0628,58432285.0628
305,M-1810,item:001757,56812.6468,56812.6468
305,M-1810,item:001848,31096.28098,31096.28098
305,M-1810,item:001893,199980.24187,199980.24187
305,M-1810,item:002612,173726.368819,173726.368819
305,M-1810,item:007923,55004.94864,55004.94864
305,M-1810,item:016332,10570.066,10570.066
305,M-1810,item:029313,958.18419,958.18419
305,M-1810,item:039668,868.74812,868.74812
305,M-1810,item:049371,85157.32149,85157.32149
305,M-1810,item:055703,1763.126905,1763.126905
305,M-1810,item:099439,29625.272,29625.272
305,M-1810,item:338928,27706465.0,27706465.0
305,M-1810,item:338929,17115350.0,17115350.0
305,M-1810,item:426331,146517.6,146517.6
305,M-1810,item:693055,11812425.4,11812425.4
305,SDC-1450,item:021081,964628.0,964628.0
306,M-1430,item:038005,793029.402582,793029.402582
306,M-1430,item:042342,416600769.2,416600769.2
306,M-1430,item:333362,18170850.0,18170850.0
306,M-1430,item:344135,11365400.0,11365400.0
306,M-1430,item:708073,77717.218,77717.218
306,M-1430,item:730384,3874034.2,3874034.2
306,M-1430,item:734545,63677.8,63677.8
306,M-1430,item:773474,58487063.0628,58487063.0628
306,M-1810,item:001757,56812.6468,56812.6468
306,M-1810,item:001848,31096.28098,31096.28098
306,M-1810,item:001893,199980.24187,199980.24187
306,M-1810,item:002612,173726.368819,173726.368819
306,M-1810,item:007923,55018.98,55018.98
306,M-1810,item:016332,10570.066,10570.066
306,M-1810,item:029313,958.18419,958.18419
306,M-1810,item:039668,868.74812,868.74812
306,M-1810,item:049371,85157.32149,85157.32149
306,M-1810,item:055703,1763.126905,1763.126905
306,M-1810,item:099439,29625.272,29625.272
306,M-1810,item:338928,27706465.0,27706465.0
306,M-1810,item:338929,17125350.0,17125350.0
306,M-1810,item:426331,146517.6,146517.6
306,M-1810,item:693055,11816166.4,11816166.4
306,SDC-1450,item:021081,964628.0,964628.0
307,M-1430,item:038005,793029.402582,793029.402582
307,M-1430,item:042342,416600769.2,416600769.2
307,M-1430,item:333362,18175850.0,18175850.0
307,M-1430,item:344135,11365400.0,11365400.0
307,M-1430,item:708073,77717.218,77717.218
307,M-1430,item:730384,3874034.2,3874034.2
307,M-1430,item:734545,63677.8,63677.8
307,M-1430,item:773474,58541841.0628,58541841.0628
307,M-1810,item:001757,56812.6468,56812.6468
307,M-1810,item:001848,31096.28098,31096.28098
307,M-1810,item:001893,199980.24187,199980.24187
307,M-1810,item:002612,173726.368819,173726.368819
307,M-1810,item:007923,55018.98,55018.98
307,M-1810,item:016332,10570.066,10570.066
307,M-1810,item:029313,958.18419,958.18419
307,M-1810,item:039668,868.74812,868.74812
307,M-1810,item:049371,86757.32149,86757.32149
307,M-1810,item:055703,1763.126905,1763.126905
307,M-1810,item:099439,29625.272,29625.272
307,M-1810,item:338928,27706465.0,27706465.0
307,M-1810,item:338929,17140350.0,17140350.0
307,M-1810,item:426331,146517.6,146517.6
307,M-1810,item:693055,11819862.4,11819862.4
307,SDC-1450,item:021081,964628.0,964628.0
308,M-1430,item:038005,793029.402582,793029.402582
308,M-1430,item:042342,416600769.2,416600769.2
308,M-1430,item:333362,18175850.0,18175850.0
308,M-1430,item:344135,11365400.0,11365400.0
308,M-1430,item:708073,77717.218,77717.218
308,M-1430,item:730384,3874034.2,3874034.2
308,M-1430,item:734545,63677.8,63677.8
308,M-1430,item:773474,58596619.0628,58596619.0628
308,M-1810,item:001757,56812.6468,56812.6468
308,M-1810,item:001848,31096.28098,31096.28098
308,M-1810,item:001893,199980.24187,199980.24187
308,M-1810,item:002612,173726.368819,173726.368819
308,M-1810,item:007923,55018.98,55018.98
308,M-1810,item:016332,10570.066,10570.066
308,M-1810,item:029313,958.18419,958.18419
308,M-1810,item:039668,868.74812,868.74812
308,M-1810,item:049371,86757.32149,86757.32149
308,M-1810,item:055703,1763.126905,1763.126905
308,M-1810,item:099439,29625.272,29625.272
308,M-1810,item:338928,27706465.0,27706465.0
308,M-1810,item:338929,17145350.0,17145350.0
308,M-1810,item:426331,146517.6,146517.6
308,M-1810,item:693055,11823513.4,11823513.4
308,SDC-1450,item:021081,964628.0,964628.0
309,M-1430,item:038005,793029.402582,793029.402582
309,M-1430,item:042342,416600769.2,416600769.2
309,M-1430,item:333362,18180850.0,18180850.0
309,M-1430,item:344135,11365400.0,11365400.0
309,M-1430,item:708073,77717.218,77717.218
309,M-1430,item:730384,3874034.2,3874034.2
309,M-1430,item:734545,63677.8,63677.8
309,M-1430,item:773474,58651397.0628,58651397.0628
309,M-1810,item:001757,56812.6468,56812.6468
309,M-1810,item:001848,31096.28098,31096.28098
309,M-1810,item:001893,199980.24187,199980.24187
309,M-1810,item:002612,173726.368819,173726.368819
309,M-1810,item:007923,55018.98,55018.98
309,M-1810,item:016332,10570.066,10570.066
309,M-1810,item:029313,958.18419,958.18419
309,M-1810,item:039668,868.74812,868.74812
309,M-1810,item:049371,86757.32149,86757.32149
309,M-1810,item:055703,1763.126905,1763.126905
309,M-1810,item:099439,29625.272,29625.272
309,M-1810,item:338928,27706465.0,27706465.0
309,M-1810,item:338929,17155350.0,17155350.0
309,M-1810,item:426331,146517.6,146517.6
309,M-1810,item:693055,11827163.4,11827163.4
309,SDC-1450,item:021081,964628.0,964628.0
310,M-1430,item:038005,793029.402582,793029.402582
310,M-1430,item:042342,416600769.2,416600769.2
310,M-1430,item:333362,18190850.0,18190850.0
310,M-1430,item:344135,11365400.0,11365400.0
310,M-1430,item:708073,77717.218,77717.218
310,M-1430,item:730384,3874034.2,3874034.2
310,M-1430,item:734545,63677.8,63677.8
310,M-1430,item:773474,58706175.0628,58706175.0628
310,M-1810,item:001757,56812.6468,56789.2612
310,M-1810,item:001848,31096.28098,31078.74178
310,M-1810,item:001893,199980.24187,199869.16027
310,M-1810,item:002612,173726.368819,173697.136819
310,M-1810,item:007923,55018.98,54972.2088
310,M-1810,item:016332,10570.066,10563.05032
310,M-1810,item:029313,958.18419,957.59955
310,M-1810,item:039668,868.74812,868.16348
310,M-1810,item:049371,86757.32149,86735.68981
310,M-1810,item:055703,1763.126905,1761.957625
310,M-1810,item:099439,29625.272,29596.04
310,M-1810,item:338928,27706465.0,27692065.0
310,M-1810,item:338929,17175350.0,17160950.0
310,M-1810,item:426331,146517.6,146359.2
310,M-1810,item:693055,11830814.4,11824968.0
310,SDC-1450,item:021081,964628.0,964628.0
311,M-1430,item:038005,793029.402582,793029.402582
311,M-1430,item:042342,446600769.2,446600769.2
311,M-1430,item:333362,18190850.0,18190850.0
311,M-1430,item:344135,11365400.0,11365400.0
311,M-1430,item:708073,77717.218,77717.218
311,M-1430,item:730384,3874034.2,3874034.2
311,M-1430,item:734545,63677.8,63677.8
311,M-1430,item:773474,58760953.0628,58760953.0628
311,M-1810,item:001757,56789.2612,56765.8756
311,M-1810,item:001848,31078.74178,31061.20258
311,M-1810,item:001893,199869.16027,199758.07867
311,M-1810,item:002612,173697.136819,173667.904819
311,M-1810,item:007923,54972.2088,54925.4376
311,M-1810,item:016332,10563.05032,10556.03464
311,M-1810,item:029313,957.59955,957.01491
311,M-1810,item:039668,868.16348,867.57884
311,M-1810,item:049371,86735.68981,86714.05813
311,M-1810,item:055703,1761.957625,1760.788345
311,M-1810,item:099439,29596.04,29566.808
311,M-1810,item:338928,27692065.0,27677665.0
311,M-1810,item:338929,17165950.0,17151550.0
311,M-1810,item:426331,146359.2,146200.8
311,M-1810,item:693055,11828665.0,11822818.6
311,SDC-1450,item:021081,964628.0,964628.0
312,M-1430,item:038005,793029.402582,793029.402582
312,M-1430,item:042342,446600769.2,446600769.2
312,M-1430,item:333362,18195850.0,18195850.0
312,M-1430,item:344135,11365400.0,11365400.0
312,M-1430,item:708073,77717.218,77717.218
312,M-1430,item:730384,3874034.2,3874034.2
312,M-1430,item:734545,63677.8,63677.8
312,M-1430,item:773474,58815731.0628,58815731.0628
312,M-1810,item:001757,56765.8756,56742.49
312,M-1810,item:001848,31061.20258,31043.66338
312,M-1810,item:001893,199758.07867,199646.99707
312,M-1810,item:002612,173667.904819,173638.672819
312,M-1810,item:007923,54958.17744,54911.40624
312,M-1810,item:016332,10556.03464,10549.01896
312,M-1810,item:029313,957.01491,956.43027
312,M-1810,item:039668,867.57884,866.9942
312,M-1810,item:049371,86714.05813,86692.42645
312,M-1810,item:055703,1760.788345,1759.619065
312,M-1810,item:099439,29566.808,29537.576
312,M-1810,item:338928,27702665.0,27688265.0
312,M-1810,item:338929,17166550.0,17152150.0
312,M-1810,item:426331,146200.8,146042.4
312,M-1810,item:693055,11826460.6,11820614.2
312,SDC-1450,item:021081,964628.0,964628.0
313,M-1430,item:038005,793029.402582,791142.991409
313,M-1430,item:042342,446600769.2,440095901.6
313,M-1430,item:333362,18195850.0,18088050.0
313,M-1430,item:344135,11365400.0,11257600.0
313,M-1430,item:708073,77717.218,76862.364
313,M-1430,item:730384,3874034.2,3851180.6
313,M-1430,item:734545,63677.8,62815.4
313,M-1430,item:773474,58870509.0628,57829730.4624
313,M-1810,item:001757,56742.49,56719.1044
313,M-1810,item:001848,31043.66338,31026.12418
313,M-1810,item:001893,199646.99707,199535.91547
313,M-1810,item:002612,173638.672819,173609.440819
313,M-1810,item:007923,54911.40624,54864.63504
313,M-1810,item:016332,10549.01896,10542.00328
313,M-1810,item:029313,956.43027,955.84563
313,M-1810,item:039668,866.9942,866.40956
313,M-1810,item:049371,86692.42645,86670.79477
313,M-1810,item:055703,1759.619065,1758.449785
313,M-1810,item:099439,29537.576,29508.344
313,M-1810,item:338928,27738265.0,27723865.0
313,M-1810,item:338929,17157150.0,17142750.0
313,M-1810,item:426331,146042.4,145884.0
313,M-1810,item:693055,11824255.2,11818408.8
313,SDC-1450,item:021081,964628.0,964628.0
314,M-1430,item:038005,791142.991409,791142.991409
314,M-1430,item:042342,440095901.6,440095901.6
314,M-1430,item:333362,18093050.0,18093050.0
314,M-1430,item:344135,11257600.0,11257600.0
314,M-1430,item:708073,76862.364,76862.364
314,M-1430,item:730384,3851180.6,3851180.6
314,M-1430,item:734545,62815.4,62815.4
314,M-1430,item:773474,57884508.4624,57884508.4624
314,M-1810,item:001757,56719.1044,56695.7188
314,M-1810,item:001848,31026.12418,31008.58498
314,M-1810,item:001893,199535.91547,199424.83387
314,M-1810,item:002612,173609.440819,173580.208819
314,M-1810,item:007923,54944.14608,54897.37488
314,M-1810,item:016332,10542.00328,10534.9876
314,M-1810,item:029313,955.84563,955.26099
314,M-1810,item:039668,866.40956,865.82492
314,M-1810,item:049371,86670.79477,86649.16309
314,M-1810,item:055703,1758.449785,1757.280505
314,M-1810,item:099439,29508.344,29479.112
314,M-1810,item:338928,27723865.0,27709465.0
314,M-1810,item:338929,17152750.0,17138350.0
314,M-1810,item:426331,145884.0,145725.6
314,M-1810,item:693055,11822050.8,11816204.4
314,SDC-1450,item:021081,964628.0,964628.0
315,M-1430,item:038005,791142.991409,791142.991409
315,M-1430,item:042342,440095901.6,440095901.6
315,M-1430,item:333362,18098050.0,18098050.0
315,M-1430,item:344135,11257600.0,11257600.0
315,M-1430,item:708073,76862.364,76862.364
315,M-1430,item:730384,3851180.6,3851180.6
315,M-1430,item:734545,62815.4,62815.4
315,M-1430,item:773474,57939286.4624,57939286.4624
315,M-1810,item:001757,56695.7188,56672.3332
315,M-1810,item:001848,31008.58498,30991.04578
315,M-1810,item:001893,199424.83387,199313.75227
315,M-1810,item:002612,173580.208819,173550.976819
315,M-1810,item:007923,54911.40624,54864.63504
315,M-1810,item:016332,10534.9876,10527.97192
315,M-1810,item:029313,955.26099,954.67635
315,M-1810,item:039668,865.82492,865.24028
315,M-1810,item:049371,86649.16309,86627.53141
315,M-1810,item:055703,1757.280505,1756.111225
315,M-1810,item:099439,29479.112,29449.88
315,M-1810,item:338928,27709465.0,27695065.0
315,M-1810,item:338929,17143350.0,17128950.0
315,M-1810,item:426331,145725.6,145567.2
315,M-1810,item:693055,11819847.4,11814001.0
315,SDC-1450,item:021081,964628.0,964628.0
316,M-1430,item:038005,791142.991409,791142.991409
316,M-1430,item:042342,440095901.6,440095901.6
316,M-1430,item:333362,18103050.0,18103050.0
316,M-1430,item:344135,11257600.0,11257600.0
316,M-1430,item:708073,76862.364,76862.364
316,M-1430,item:730384,3851180.6,3851180.6
316,M-1430,item:734545,62815.4,62815.4
316,M-1430,item:773474,57994064.4624,57994064.4624
316,M-1810,item:001757,56672.3332,56648.9476
316,M-1810,item:001848,30991.04578,30973.50658
316,M-1810,item:001893,199313.75227,199202.67067
316,M-1810,item:002612,173550.976819,173521.744819
316,M-1810,item:007923,54878.6664,54831.8952
316,M-1810,item:016332,10527.97192,10520.95624
316,M-1810,item:029313,954.67635,954.09171
316,M-1810,item:039668,865.24028,864.65564
316,M-1810,item:049371,86627.53141,86605.89973
316,M-1810,item:055703,1756.111225,1754.941945
316,M-1810,item:099439,29449.88,29420.648
316,M-1810,item:338928,27695065.0,27680665.0
316,M-1810,item:338929,17148950.0,17134550.0
316,M-1810,item:426331,145567.2,145408.8
316,M-1810,item:693055,11817518.0,11811671.6
316,SDC-1450,item:021081,964628.0,964628.0
317,M-1430,item:038005,791142.991409,791142.991409
317,M-1430,item:042342,440095901.6,440095901.6
317,M-1430,item:333362,18103050.0,18103050.0
317,M-1430,item:344135,11257600.0,11257600.0
317,M-1430,item:708073,76862.364,76862.364
317,M-1430,item:730384,3851180.6,3851180.6
317,M-1430,item:734545,62815.4,62815.4
317,M-1430,item:773474,58048842.4624,58048842.4624
317,M-1810,item:001757,56648.9476,56648.9476
317,M-1810,item:001848,30973.50658,30973.50658
317,M-1810,item:001893,199202.67067,199202.67067
317,M-1810,item:002612,173521.744819,173521.744819
317,M-1810,item:007923,54939.46896,54939.46896
317,M-1810,item:016332,10520.95624,10520.95624
317,M-1810,item:029313,954.09171,954.09171
317,M-1810,item:039668,864.65564,864.65564
317,M-1810,item:049371,86605.89973,86605.89973
317,M-1810,item:055703,1754.941945,1754.941945
317,M-1810,item:099439,29420.648,29420.648
317,M-1810,item:338928,27680665.0,27680665.0
317,M-1810,item:338929,17134550.0,17134550.0
317,M-1810,item:426331,145408.8,145408.8
317,M-1810,item:693055,11815233.6,11815233.6
317,SDC-1450,item:021081,964628.0,964628.0
318,M-1430,item:038005,791142.991409,791142.991409
318,M-1430,item:042342,440095901.6,440095901.6
318,M-1430,item:333362,18108050.0,18108050.0
318,M-1430,item:344135,11257600.0,11257600.0
318,M-1430,item:708073,76862.364,76862.364
318,M-1430,item:730384,3851180.6,3851180.6
318,M-1430,item:734545,62815.4,62815.4
318,M-1430,item:773474,58103620.4624,58103620.4624
318,M-1810,item:001757,56648.9476,56648.9476
318,M-1810,item:001848,30973.50658,30973.50658
318,M-1810,item:001893,199202.67067,199202.67067
318,M-1810,item:002612,173521.744819,173521.744819
318,M-1810,item:007923,54972.2088,54972.2088
318,M-1810,item:016332,10520.95624,10520.95624
318,M-1810,item:029313,954.09171,954.09171
318,M-1810,item:039668,864.65564,864.65564
318,M-1810,item:049371,86605.89973,86605.89973
318,M-1810,item:055703,2054.941945,2054.941945
318,M-1810,item:099439,29420.648,29420.648
318,M-1810,item:338928,27680665.0,27680665.0
318,M-1810,item:338929,17149550.0,17149550.0
318,M-1810,item:426331,145408.8,145408.8
318,M-1810,item:693055,11818795.6,11818795.6
318,SDC-1450,item:021081,964628.0,964628.0
319,M-1430,item:038005,791142.991409,791142.991409
319,M-1430,item:042342,440095901.6,440095901.6
319,M-1430,item:333362,18113050.0,18113050.0
319,M-1430,item:344135,11257600.0,11257600.0
319,M-1430,item:708073,76862.364,76862.364
319,M-1430,item:730384,3851180.6,3851180.6
319,M-1430,item:734545,62815.4,62815.4
319,M-1430,item:773474,58158398.4624,58158398.4624
319,M-1810,item:001757,56648.9476,56648.9476
319,M-1810,item:001848,30973.50658,30973.50658
319,M-1810,item:001893,199202.67067,199202.67067
319,M-1810,item:002612,173521.744819,173521.744819
319,M-1810,item:007923,55004.94864,55004.94864
319,M-1810,item:016332,10520.95624,10520.95624
319,M-1810,item:029313,954.09171,954.09171
319,M-1810,item:039668,864.65564,864.65564
319,M-1810,item:049371,86605.89973,86605.89973
319,M-1810,item:055703,2054.941945,2054.941945
319,M-1810,item:099439,33620.648,33620.648
319,M-1810,item:338928,27680665.0,27680665.0
319,M-1810,item:338929,17159550.0,17159550.0
319,M-1810,item:426331,145408.8,145408.8
319,M-1810,item:693055,11822400.6,11822400.6
319,SDC-1450,item:021081,964628.0,964628.0
320,M-1430,item:038005,791142.991409,791142.991409
320,M-1430,item:042342,440095901.6,440095901.6
320,M-1430,item:333362,18118050.0,18118050.0
320,M-1430,item:344135,11257600.0,11257600.0
320,M-1430,item:708073,76862.364,76862.364
320,M-1430,item:730384,3851180.6,3851180.6
320,M-1430,item:734545,62815.4,62815.4
320,M-1430,item:773474,58213176.4624,58213176.4624
320,M-1810,item:001757,56648.9476,56648.9476
320,M-1810,item:001848,30973.50658,30973.50658
320,M-1810,item:001893,199202.67067,199202.67067
320,M-1810,item:002612,173521.744819,173521.744819
320,M-1810,item:007923,55018.98,55018.98
320,M-1810,item:016332,10520.95624,10520.95624
320,M-1810,item:029313,954.09171,954.09171
320,M-1810,item:039668,864.65564,864.65564
320,M-1810,item:049371,86605.89973,86605.89973
320,M-1810,item:055703,2054.941945,2054.941945
320,M-1810,item:099439,33620.648,33620.648
320,M-1810,item:338928,27730665.0,27730665.0
320,M-1810,item:338929,17164550.0,17164550.0
320,M-1810,item:426331,145408.8,145408.8
320,M-1810,item:693055,11826051.6,11826051.6
320,SDC-1450,item:021081,964628.0,964628.0
321,M-1430,item:038005,791142.991409,791142.991409
321,M-1430,item:042342,440095901.6,440095901.6
321,M-1430,item:333362,18123050.0,18123050.0
321,M-1430,item:344135,11257600.0,11257600.0
321,M-1430,item:708073,76862.364,76862.364
321,M-1430,item:730384,3851180.6,3851180.6
321,M-1430,item:734545,62815.4,62815.4
321,M-1430,item:773474,58322731.4624,58322731.4624
321,M-1810,item:001757,56648.9476,56648.9476
321,M-1810,item:001848,30973.50658,30973.50658
321,M-1810,item:001893,199202.67067,199202.67067
321,M-1810,item:002612,173521.744819,173521.744819
321,M-1810,item:007923,55018.98,55018.98
321,M-1810,item:016332,10520.95624,10520.95624
321,M-1810,item:029313,954.09171,954.09171
321,M-1810,item:039668,864.65564,864.65564
321,M-1810,item:049371,86605.89973,86605.89973
321,M-1810,item:055703,2054.941945,2054.941945
321,M-1810,item:099439,33620.648,33620.648
321,M-1810,item:338928,27730665.0,27730665.0
321,M-1810,item:338929,17184550.0,17184550.0
321,M-1810,item:426331,145408.8,145408.8
321,M-1810,item:693055,11829703.6,11829703.6
321,SDC-1450,item:021081,964628.0,964628.0
322,M-1430,item:038005,791142.991409,791142.991409
322,M-1430,item:042342,440095901.6,440095901.6
322,M-1430,item:333362,18123050.0,18123050.0
322,M-1430,item:344135,11257600.0,11257600.0
322,M-1430,item:708073,76862.364,76862.364
322,M-1430,item:730384,3851180.6,3851180.6
322,M-1430,item:734545,62815.4,62815.4
322,M-1430,item:773474,58432286.4624,58432286.4624
322,M-1810,item:001757,56848.9476,56848.9476
322,M-1810,item:001848,30973.50658,30973.50658
322,M-1810,item:001893,199202.67067,199202.67067
322,M-1810,item:002612,173521.744819,173521.744819
322,M-1810,item:007923,55018.98,55018.98
322,M-1810,item:016332,10520.95624,10520.95624
322,M-1810,item:029313,954.09171,954.09171
322,M-1810,item:039668,864.65564,864.65564
322,M-1810,item:049371,86605.89973,86605.89973
322,M-1810,item:055703,2054.941945,2054.941945
322,M-1810,item:099439,33620.648,33620.648
322,M-1810,item:338928,27755665.0,27755665.0
322,M-1810,item:338929,17194550.0,17194550.0
322,M-1810,item:426331,145408.8,145408.8
322,M-1810,item:693055,11833355.6,11833355.6
322,SDC-1450,item:021081,964628.0,964628.0
323,M-1430,item:038005,791142.991409,791142.991409
323,M-1430,item:042342,440095901.6,440095901.6
323,M-1430,item:333362,18133050.0,18133050.0
323,M-1430,item:344135,11257600.0,11257600.0
323,M-1430,item:708073,76862.364,76862.364
323,M-1430,item:730384,3851180.6,3851180.6
323,M-1430,item:734545,62815.4,62815.4
323,M-1430,item:773474,58541841.4624,58541841.4624
323,M-1810,item:001757,56848.9476,56848.9476
323,M-1810,item:001848,30973.50658,30973.50658
323,M-1810,item:001893,199202.67067,199202.67067
323,M-1810,item:002612,173521.744819,173521.744819
323,M-1810,item:007923,55018.98,55018.98
323,M-1810,item:016332,10520.95624,10520.95624
323,M-1810,item:029313,954.09171,954.09171
323,M-1810,item:039668,864.65564,864.65564
323,M-1810,item:049371,86605.89973,86605.89973
323,M-1810,item:055703,2054.941945,2054.941945
323,M-1810,item:099439,33620.648,33620.648
323,M-1810,item:338928,27780665.0,27780665.0
323,M-1810,item:338929,17194550.0,17194550.0
323,M-1810,item:426331,145408.8,145408.8
323,M-1810,item:693055,11836963.6,11836963.6
323,SDC-1450,item:021081,964628.0,964628.0
324,M-1430,item:038005,791142.991409,791142.991409
324,M-1430,item:042342,440095901.6,440095901.6
324,M-1430,item:333362,18138050.0,18138050.0
324,M-1430,item:344135,11257600.0,11257600.0
324,M-1430,item:708073,76862.364,76862.364
324,M-1430,item:730384,3851180.6,3851180.6
324,M-1430,item:734545,62815.4,62815.4
324,M-1430,item:773474,58651396.4624,58651396.4624
324,M-1810,item:001757,56848.9476,56825.562
324,M-1810,item:001848,30973.50658,30955.96738
324,M-1810,item:001893,199202.67067,199091.58907
324,M-1810,item:002612,173521.744819,173492.512819
324,M-1810,item:007923,55018.98,54972.2088
324,M-1810,item:016332,10520.95624,10513.94056
324,M-1810,item:029313,954.09171,953.50707
324,M-1810,item:039668,864.65564,864.071
324,M-1810,item:049371,86605.89973,86584.26805
324,M-1810,item:055703,2054.941945,2053.772665
324,M-1810,item:099439,33620.648,33591.416
324,M-1810,item:338928,27780665.0,27766265.0
324,M-1810,item:338929,17199550.0,17185150.0
324,M-1810,item:426331,145408.8,145250.4
324,M-1810,item:693055,11840435.6,11834589.2
324,SDC-1450,item:021081,964628.0,964628.0
325,M-1430,item:038005,791142.991409,791142.991409
325,M-1430,item:042342,440095901.6,440095901.6
325,M-1430,item:333362,18143050.0,18143050.0
325,M-1430,item:344135,11257600.0,11257600.0
325,M-1430,item:708073,76862.364,76862.364
325,M-1430,item:730384,3851180.6,3851180.6
325,M-1430,item:734545,62815.4,62815.4
325,M-1430,item:773474,58706174.4624,58706174.4624
325,M-1810,item:001757,56825.562,56778.7908
325,M-1810,item:001848,30955.96738,30920.88898
325,M-1810,item:001893,199091.58907,198869.42587
325,M-1810,item:002612,173492.512819,173434.048819
325,M-1810,item:007923,54972.2088,54878.6664
325,M-1810,item:016332,10513.94056,10499.9092
325,M-1810,item:029313,953.50707,952.33779
325,M-1810,item:039668,864.071,862.90172
325,M-1810,item:049371,86584.26805,86541.00469
325,M-1810,item:055703,2053.772665,2051.434105
325,M-1810,item:099439,33591.416,33532.952
325,M-1810,item:338928,27791265.0,27762465.0
325,M-1810,item:338929,17195150.0,17166350.0
325,M-1810,item:426331,145250.4,144933.6
325,M-1810,item:693055,11838107.2,11826414.4
325,SDC-1450,item:021081,964628.0,964628.0
326,M-1430,item:038005,791142.991409,791142.991409
326,M-1430,item:042342,440095901.6,440095901.6
326,M-1430,item:333362,18143050.0,18143050.0
326,M-1430,item:344135,11257600.0,11257600.0
326,M-1430,item:708073,76862.364,76862.364
326,M-1430,item:730384,3851180.6,3851180.6
326,M-1430,item:734545,62815.4,62815.4
326,M-1430,item:773474,58760952.4624,58760952.4624
326,M-1810,item:001757,56778.7908,56732.0196
326,M-1810,item:001848,30920.88898,30885.81058
326,M-1810,item:001893,198869.42587,198647.26267
326,M-1810,item:002612,173434.048819,173375.584819
326,M-1810,item:007923,54944.14608,54850.60368
326,M-1810,item:016332,10499.9092,10485.87784
326,M-1810,item:029313,952.33779,951.16851
326,M-1810,item:039668,862.90172,861.73244
326,M-1810,item:049371,86541.00469,86497.74133
326,M-1810,item:055703,2051.434105,2049.095545
326,M-1810,item:099439,33532.952,33474.488
326,M-1810,item:338928,27787465.0,27758665.0
326,M-1810,item:338929,17191350.0,17162550.0
326,M-1810,item:426331,144933.6,144616.8
326,M-1810,item:693055,11829933.4,11818240.6
326,SDC-1450,item:021081,964628.0,964628.0
327,M-1430,item:038005,791142.991409,791142.991409
327,M-1430,item:042342,440095901.6,440095901.6
327,M-1430,item:333362,18148050.0,18148050.0
327,M-1430,item:344135,11257600.0,11257600.0
327,M-1430,item:708073,76862.364,76862.364
327,M-1430,item:730384,3851180.6,3851180.6
327,M-1430,item:734545,62815.4,62815.4
327,M-1430,item:773474,58815730.4624,58815730.4624
327,M-1810,item:001757,56832.0196,56785.2484
327,M-1810,item:001848,30885.81058,30850.73218
327,M-1810,item:001893,198647.26267,198425.09947
327,M-1810,item:002612,173375.584819,173317.120819
327,M-1810,item:007923,54864.63504,54771.09264
327,M-1810,item:016332,10485.87784,10471.84648
327,M-1810,item:029313,951.16851,949.99923
327,M-1810,item:039668,861.73244,860.56316
327,M-1810,item:049371,86497.74133,86454.47797
327,M-1810,item:055703,2049.095545,2046.756985
327,M-1810,item:099439,33474.488,33416.024
327,M-1810,item:338928,27758665.0,27729865.0
327,M-1810,item:338929,17167550.0,17138750.0
327,M-1810,item:426331,144616.8,144300.0
327,M-1810,item:693055,11821758.6,11810065.8
327,SDC-1450,item:021081,964628.0,964628.0
328,M-1430,item:038005,791142.991409,791142.991409
328,M-1430,item:042342,440095901.6,440095901.6
328,M-1430,item:333362,18153050.0,18153050.0
328,M-1430,item:344135,11257600.0,11257600.0
328,M-1430,item:708073,76862.364,76862.364
328,M-1430,item:730384,3851180.6,3851180.6
328,M-1430,item:734545,62815.4,62815.4
328,M-1430,item:773474,58870508.4624,58870508.4624
328,M-1810,item:001757,56785.2484,56738.4772
328,M-1810,item:001848,30850.73218,30815.65378
328,M-1810,item:001893,198425.09947,198202.93627
328,M-1810,item:002612,173317.120819,173258.656819
328,M-1810,item:007923,54771.09264,54677.55024
328,M-1810,item:016332,10471.84648,10457.81512
328,M-1810,item:029313,949.99923,948.82995
328,M-1810,item:039668,860.56316,859.39388
328,M-1810,item:049371,86454.47797,86411.21461
328,M-1810,item:055703,2046.756985,2044.418425
328,M-1810,item:099439,33416.024,33357.56
328,M-1810,item:338928,27729865.0,27701065.0
328,M-1810,item:338929,17148750.0,17119950.0
328,M-1810,item:426331,144300.0,143983.2
328,M-1810,item:693055,11813629.8,11801937.0
328,SDC-1450,item:021081,964628.0,964628.0
329,M-1430,item:038005,791142.991409,791142.991409
329,M-1430,item:042342,440095901.6,440095901.6
329,M-1430,item:333362,18163050.0,18163050.0
329,M-1430,item:344135,11257600.0,11257600.0
329,M-1430,item:708073,76862.364,76862.364
329,M-1430,item:730384,3851180.6,3851180.6
329,M-1430,item:734545,62815.4,62815.4
329,M-1430,item:773474,58925286.4624,58925286.4624
329,M-1810,item:001757,56738.4772,56691.706
329,M-1810,item:001848,30815.65378,30780.57538
329,M-1810,item:001893,198202.93627,197980.77307
329,M-1810,item:002612,173258.656819,173200.192819
329,M-1810,item:007923,54733.67568,54640.13328
329,M-1810,item:016332,10457.81512,10443.78376
329,M-1810,item:029313,948.82995,947.66067
329,M-1810,item:039668,859.39388,858.2246
329,M-1810,item:049371,86411.21461,86367.95125
329,M-1810,item:055703,2044.418425,2042.079865
329,M-1810,item:099439,33357.56,33299.096
329,M-1810,item:338928,27701065.0,27672265.0
329,M-1810,item:338929,17129950.0,17101150.0
329,M-1810,item:426331,143983.2,143666.4
329,M-1810,item:693055,11805455.0,11793762.2
329,SDC-1450,item:021081,964628.0,964628.0
330,M-1430,item:038005,791142.991409,791142.991409
330,M-1430,item:042342,440095901.6,440095901.6
330,M-1430,item:333362,18163050.0,18163050.0
330,M-1430,item:344135,11257600.0,11257600.0
330,M-1430,item:708073,76862.364,76862.364
330,M-1430,item:730384,3851180.6,3851180.6
330,M-1430,item:734545,62815.4,62815.4
330,M-1430,item:773474,58980064.4624,58980064.4624
330,M-1810,item:001757,56691.706,56644.9348
330,M-1810,item:001848,30780.57538,30745.49698
330,M-1810,item:001893,197980.77307,197758.60987
330,M-1810,item:002612,173200.192819,173141.728819
330,M-1810,item:007923,54738.3528,54644.8104
330,M-1810,item:016332,10443.78376,10429.7524
330,M-1810,item:029313,947.66067,946.49139
330,M-1810,item:039668,858.2246,857.05532
330,M-1810,item:049371,86367.95125,86324.68789
330,M-1810,item:055703,2042.079865,2039.741305
330,M-1810,item:099439,33299.096,33240.632
330,M-1810,item:338928,27672265.0,27643465.0
330,M-1810,item:338929,17106150.0,17077350.0
330,M-1810,item:426331,143666.4,143349.6
330,M-1810,item:693055,11797234.2,11785541.4
330,SDC-1450,item:021081,964628.0,964628.0
331,M-1430,item:038005,791142.991409,791142.991409
331,M-1430,item:042342,440095901.6,440095901.6
331,M-1430,item:333362,18168050.0,18168050.0
331,M-1430,item:344135,11257600.0,11257600.0
331,M-1430,item:708073,76862.364,76862.364
331,M-1430,item:730384,3851180.6,3851180.6
331,M-1430,item:734545,62815.4,62815.4
331,M-1430,item:773474,59034842.4624,59034842.4624
331,M-1810,item:001757,56644.9348,56598.1636
331,M-1810,item:001848,30745.49698,30710.41858
331,M-1810,item:001893,197758.60987,197536.44667
331,M-1810,item:002612,173141.728819,173083.264819
331,M-1810,item:007923,54672.87312,54579.33072
331,M-1810,item:016332,10429.7524,10415.72104
331,M-1810,item:029313,946.49139,945.32211
331,M-1810,item:039668,857.05532,855.88604
331,M-1810,item:049371,86324.68789,86281.42453
331,M-1810,item:055703,2039.741305,2037.402745
331,M-1810,item:099439,33240.632,33182.168
331,M-1810,item:338928,27668465.0,27639665.0
331,M-1810,item:338929,17082350.0,17053550.0
331,M-1810,item:426331,143349.6,143032.8
331,M-1810,item:693055,11789011.4,11777318.6
331,SDC-1450,item:021081,964628.0,964628.0
332,M-1430,item:038005,801142.991409,801142.991409
332,M-1430,item:042342,440095901.6,440095901.6
332,M-1430,item:333362,18178050.0,18178050.0
332,M-1430,item:344135,11257600.0,11257600.0
332,M-1430,item:708073,76862.364,76862.364
332,M-1430,item:730384,3851180.6,3851180.6
332,M-1430,item:734545,62815.4,62815.4
332,M-1430,item:773474,59089620.4624,59089620.4624
332,M-1810,item:001757,56598.1636,56551.3924
332,M-1810,item:001848,30710.41858,30675.34018
332,M-1810,item:001893,197536.44667,197314.28347
332,M-1810,item:002612,173083.264819,173024.800819
332,M-1810,item:007923,54775.76976,54682.22736
332,M-1810,item:016332,10415.72104,10401.68968
332,M-1810,item:029313,945.32211,944.15283
332,M-1810,item:039668,855.88604,854.71676
332,M-1810,item:049371,86281.42453,86238.16117
332,M-1810,item:055703,2037.402745,2035.064185
332,M-1810,item:099439,33182.168,33123.704
332,M-1810,item:338928,27639665.0,27610865.0
332,M-1810,item:338929,17053550.0,17024750.0
332,M-1810,item:426331,143032.8,142716.0
332,M-1810,item:693055,11780743.6,11769050.8
332,SDC-1450,item:021081,964628.0,964628.0
333,M-1430,item:038005,801142.991409,801142.991409
333,M-1430,item:042342,440095901.6,440095901.6
333,M-1430,item:333362,18183050.0,18183050.0
333,M-1430,item:344135,11257600.0,11257600.0
333,M-1430,item:708073,76862.364,76862.364
333,M-1430,item:730384,3851180.6,3851180.6
333,M-1430,item:734545,62815.4,62815.4
333,M-1430,item:773474,59144398.4624,59144398.4624
333,M-1810,item:001757,56551.3924,56504.6212
333,M-1810,item:001848,30675.34018,30640.26178
333,M-1810,item:001893,197314.28347,197092.12027
333,M-1810,item:002612,173024.800819,172966.336819
333,M-1810,item:007923,54710.29008,54616.74768
333,M-1810,item:016332,10401.68968,10387.65832
333,M-1810,item:029313,944.15283,942.98355
333,M-1810,item:039668,854.71676,853.54748
333,M-1810,item:049371,86238.16117,86194.89781
333,M-1810,item:055703,2035.064185,2032.725625
333,M-1810,item:099439,33123.704,33065.24
333,M-1810,item:338928,27610865.0,27582065.0
333,M-1810,item:338929,17029750.0,17000950.0
333,M-1810,item:426331,142716.0,142399.2
333,M-1810,item:693055,11772521.8,11760829.0
333,SDC-1450,item:021081,964628.0,964628.0
334,M-1430,item:038005,801142.991409,801142.991409
334,M-1430,item:042342,440095901.6,440095901.6
334,M-1430,item:333362,18188050.0,18188050.0
334,M-1430,item:344135,11257600.0,11257600.0
334,M-1430,item:708073,76862.364,76862.364
334,M-1430,item:730384,3851180.6,3851180.6
334,M-1430,item:734545,62815.4,62815.4
334,M-1430,item:773474,59199176.4624,59199176.4624
334,M-1810,item:001757,56504.6212,56457.85
334,M-1810,item:001848,30640.26178,30605.18338
334,M-1810,item:001893,197092.12027,196869.95707
334,M-1810,item:002612,172966.336819,172907.872819
334,M-1810,item:007923,54803.83248,54710.29008
334,M-1810,item:016332,10387.65832,10373.62696
334,M-1810,item:029313,942.98355,941.81427
334,M-1810,item:039668,853.54748,852.3782
334,M-1810,item:049371,86194.89781,86151.63445
334,M-1810,item:055703,2032.725625,2030.387065
334,M-1810,item:099439,33065.24,33006.776
334,M-1810,item:338928,27582065.0,27553265.0
334,M-1810,item:338929,17005950.0,16977150.0
334,M-1810,item:426331,142399.2,142082.4
334,M-1810,item:693055,11764299.0,11752606.2
334,SDC-1450,item:021081,964628.0,964628.0
335,M-1430,item:038005,801142.991409,799256.580236
335,M-1430,item:042342,440095901.6,433591034.0
335,M-1430,item:333362,18193050.0,18085250.0
335,M-1430,item:344135,11257600.0,11149800.0
335,M-1430,item:708073,76862.364,76007.51
335,M-1430,item:730384,3851180.6,3828327.0
335,M-1430,item:734545,62815.4,61953.0
335,M-1430,item:773474,59253954.4624,58213175.862
335,M-1810,item:001757,56457.85,56411.0788
335,M-1810,item:001848,30605.18338,30570.10498
335,M-1810,item:001893,196869.95707,196647.79387
335,M-1810,item:002612,172907.872819,172849.408819
335,M-1810,item:007923,54859.95792,54766.41552
335,M-1810,item:016332,10373.62696,10359.5956
335,M-1810,item:029313,941.81427,940.64499
335,M-1810,item:039668,852.3782,851.20892
335,M-1810,item:049371,86151.63445,86108.37109
335,M-1810,item:055703,2030.387065,2028.048505
335,M-1810,item:099439,33006.776,32948.312
335,M-1810,item:338928,27553265.0,27524465.0
335,M-1810,item:338929,16987150.0,16958350.0
335,M-1810,item:426331,142082.4,141765.6
335,M-1810,item:693055,11756076.2,11744383.4
335,SDC-1450,item:021081,964628.0,964628.0
336,M-1430,item:038005,799256.580236,799256.580236
336,M-1430,item:042342,433591034.0,433591034.0
336,M-1430,item:333362,18090250.0,18090250.0
336,M-1430,item:344135,11149800.0,11149800.0
336,M-1430,item:708073,76007.51,76007.51
336,M-1430,item:730384,3828327.0,3828327.0
336,M-1430,item:734545,61953.0,61953.0
336,M-1430,item:773474,58267953.862,58267953.862
336,M-1810,item:001757,56411.0788,56411.0788
336,M-1810,item:001848,30570.10498,30570.10498
336,M-1810,item:001893,196647.79387,196647.79387
336,M-1810,item:002612,172849.408819,172849.408819
336,M-1810,item:007923,54897.37488,54897.37488
336,M-1810,item:016332,10359.5956,10359.5956
336,M-1810,item:029313,940.64499,940.64499
336,M-1810,item:039668,851.20892,851.20892
336,M-1810,item:049371,87708.37109,87708.37109
336,M-1810,item:055703,2028.048505,2028.048505
336,M-1810,item:099439,32948.312,32948.312
336,M-1810,item:338928,27524465.0,27524465.0
336,M-1810,item:338929,16973350.0,16973350.0
336,M-1810,item:426331,141765.6,141765.6
336,M-1810,item:693055,11747854.4,11747854.4
336,SDC-1450,item:021081,964628.0,936020.0
337,M-1430,item:038005,799256.580236,799256.580236
337,M-1430,item:042342,433591034.0,433591034.0
337,M-1430,item:333362,18095250.0,18095250.0
337,M-1430,item:344135,11269800.0,11269800.0
337,M-1430,item:708073,76007.51,76007.51
337,M-1430,item:730384,3828327.0,3828327.0
337,M-1430,item:734545,61953.0,61953.0
337,M-1430,item:773474,58322730.862,58322730.862
337,M-1810,item:001757,56411.0788,56387.6932
337,M-1810,item:001848,30570.10498,30552.56578
337,M-1810,item:001893,196647.79387,196536.71227
337,M-1810,item:002612,172849.408819,172820.176819
337,M-1810,item:007923,54897.37488,54850.60368
337,M-1810,item:016332,10359.5956,10352.57992
337,M-1810,item:029313,940.64499,940.06035
337,M-1810,item:039668,851.20892,850.62428
337,M-1810,item:049371,87708.37109,87686.73941
337,M-1810,item:055703,2028.048505,2026.879225
337,M-1810,item:099439,32948.312,32919.08
337,M-1810,item:338928,27524465.0,27510065.0
337,M-1810,item:338929,16988350.0,16973950.0
337,M-1810,item:426331,141765.6,141607.2
337,M-1810,item:693055,11751381.4,11745535.0
337,SDC-1450,item:021081,936020.0,936020.0
338,M-1430,item:038005,799256.580236,799256.580236
338,M-1430,item:042342,433591034.0,433591034.0
338,M-1430,item:333362,18095250.0,18095250.0
338,M-1430,item:344135,11269800.0,11269800.0
338,M-1430,item:708073,76007.51,76007.51
338,M-1430,item:730384,3828327.0,3828327.0
338,M-1430,item:734545,61953.0,61953.0
338,M-1430,item:773474,58377507.862,58377507.862
338,M-1810,item:001757,56387.6932,56387.6932
338,M-1810,item:001848,30552.56578,30552.56578
338,M-1810,item:001893,196536.71227,196536.71227
338,M-1810,item:002612,172820.176819,172820.176819
338,M-1810,item:007923,54944.14608,54944.14608
338,M-1810,item:016332,10352.57992,10352.57992
338,M-1810,item:029313,940.06035,940.06035
338,M-1810,item:039668,850.62428,850.62428
338,M-1810,item:049371,87686.73941,87686.73941
338,M-1810,item:055703,2026.879225,2026.879225
338,M-1810,item:099439,32919.08,32919.08
338,M-1810,item:338928,27510065.0,27510065.0
338,M-1810,item:338929,16973950.0,16973950.0
338,M-1810,item:426331,141607.2,141607.2
338,M-1810,item:693055,11748972.0,11748972.0
338,SDC-1450,item:021081,936020.0,936020.0
339,M-1430,item:038005,799256.580236,799256.580236
339,M-1430,item:042342,433591034.0,433591034.0
339,M-1430,item:333362,18100250.0,18100250.0
339,M-1430,item:344135,11389800.0,11389800.0
339,M-1430,item:708073,76007.51,76007.51
339,M-1430,item:730384,3828327.0,3828327.0
339,M-1430,item:734545,61953.0,61953.0
339,M-1430,item:773474,58432284.862,58432284.862
339,M-1810,item:001757,56387.6932,56387.6932
339,M-1810,item:001848,30552.56578,30552.56578
339,M-1810,item:001893,196536.71227,196536.71227
339,M-1810,item:002612,172820.176819,172820.176819
339,M-1810,item:007923,54986.24016,54986.24016
339,M-1810,item:016332,10352.57992,10352.57992
339,M-1810,item:029313,940.06035,940.06035
339,M-1810,item:039668,850.62428,850.62428
339,M-1810,item:049371,87686.73941,87686.73941
339,M-1810,item:055703,2026.879225,2026.879225
339,M-1810,item:099439,32919.08,32919.08
339,M-1810,item:338928,27510065.0,27510065.0
339,M-1810,item:338929,16988950.0,16988950.0
339,M-1810,item:426331,141607.2,141607.2
339,M-1810,item:693055,11752363.0,11752363.0
339,SDC-1450,item:021081,936020.0,936020.0
340,M-1430,item:038005,799256.580236,799256.580236
340,M-1430,item:042342,433591034.0,433591034.0
340,M-1430,item:333362,18110250.0,18110250.0
340,M-1430,item:344135,11389800.0,11389800.0
340,M-1430,item:708073,76007.51,76007.51
340,M-1430,item:730384,3828327.0,3828327.0
340,M-1430,item:734545,61953.0,61953.0
340,M-1430,item:773474,58432284.862,58432284.862
340,M-1810,item:001757,56387.6932,56387.6932
340,M-1810,item:001848,34552.56578,34552.56578
340,M-1810,item:001893,196536.71227,196536.71227
340,M-1810,item:002612,172820.176819,172820.176819
340,M-1810,item:007923,55018.98,55018.98
340,M-1810,item:016332,10352.57992,10352.57992
340,M-1810,item:029313,940.06035,940.06035
340,M-1810,item:039668,850.62428,850.62428
340,M-1810,item:049371,87686.73941,87686.73941
340,M-1810,item:055703,2026.879225,2026.879225
340,M-1810,item:099439,32919.08,32919.08
340,M-1810,item:338928,27510065.0,27510065.0
340,M-1810,item:338929,16998950.0,16998950.0
340,M-1810,item:426331,141607.2,141607.2
340,M-1810,item:693055,11755754.0,11755754.0
340,SDC-1450,item:021081,936020.0,936020.0
341,M-1430,item:038005,799256.580236,799256.580236
341,M-1430,item:042342,433591034.0,433591034.0
341,M-1430,item:333362,18115250.0,18115250.0
341,M-1430,item:344135,11389800.0,11389800.0
341,M-1430,item:708073,76007.51,76007.51
341,M-1430,item:730384,3828327.0,3828327.0
341,M-1430,item:734545,61953.0,61953.0
341,M-1430,item:773474,58432284.862,58432284.862
341,M-1810,item:001757,56387.6932,56387.6932
341,M-1810,item:001848,34552.56578,34552.56578
341,M-1810,item:001893,196536.71227,196536.71227
341,M-1810,item:002612,172820.176819,172820.176819
341,M-1810,item:007923,55018.98,55018.98
341,M-1810,item:016332,10352.57992,10352.57992
341,M-1810,item:029313,940.06035,940.06035
341,M-1810,item:039668,850.62428,850.62428
341,M-1810,item:049371,87686.73941,87686.73941
341,M-1810,item:055703,2026.879225,2026.879225
341,M-1810,item:099439,32919.08,32919.08
341,M-1810,item:338928,27510065.0,27510065.0
341,M-1810,item:338929,17013950.0,17013950.0
341,M-1810,item:426331,141607.2,141607.2
341,M-1810,item:693055,11759144.0,11759144.0
341,SDC-1450,item:021081,936020.0,936020.0
342,M-1430,item:038005,799256.580236,799256.580236
342,M-1430,item:042342,433591034.0,433591034.0
342,M-1430,item:333362,18120250.0,18120250.0
342,M-1430,item:344135,11389800.0,11389800.0
342,M-1430,item:708073,76007.51,76007.51
342,M-1430,item:730384,3828327.0,3828327.0
342,M-1430,item:734545,61953.0,61953.0
342,M-1430,item:773474,58432284.862,58432284.862
342,M-1810,item:001757,56387.6932,56387.6932
342,M-1810,item:001848,34552.56578,34552.56578
342,M-1810,item:001893,196536.71227,196536.71227
342,M-1810,item:002612,172820.176819,172820.176819
342,M-1810,item:007923,55018.98,55018.98
342,M-1810,item:016332,10352.57992,10352.57992
342,M-1810,item:029313,940.06035,940.06035
342,M-1810,item:039668,850.62428,850.62428
342,M-1810,item:049371,87686.73941,87686.73941
342,M-1810,item:055703,2026.879225,2026.879225
342,M-1810,item:099439,32919.08,32919.08
342,M-1810,item:338928,27535065.0,27535065.0
342,M-1810,item:338929,17028950.0,17028950.0
342,M-1810,item:426331,141607.2,141607.2
342,M-1810,item:693055,11762488.0,11762488.0
342,SDC-1450,item:021081,936020.0,936020.0
343,M-1430,item:038005,799256.580236,799256.580236
343,M-1430,item:042342,433591034.0,433591034.0
343,M-1430,item:333362,18120250.0,18120250.0
343,M-1430,item:344135,11509800.0,11509800.0
343,M-1430,item:708073,76007.51,76007.51
343,M-1430,item:730384,3828327.0,3828327.0
343,M-1430,item:734545,61953.0,61953.0
343,M-1430,item:773474,58432284.862,58432284.862
343,M-1810,item:001757,56487.6932,56487.6932
343,M-1810,item:001848,34552.56578,34552.56578
343,M-1810,item:001893,196536.71227,196536.71227
343,M-1810,item:002612,172820.176819,172820.176819
343,M-1810,item:007923,55018.98,55018.98
343,M-1810,item:016332,10352.57992,10352.57992
343,M-1810,item:029313,940.06035,940.06035
343,M-1810,item:039668,850.62428,850.62428
343,M-1810,item:049371,87686.73941,87686.73941
343,M-1810,item:055703,2026.879225,2026.879225
343,M-1810,item:099439,32919.08,32919.08
343,M-1810,item:338928,27535065.0,27535065.0
343,M-1810,item:338929,17033950.0,17033950.0
343,M-1810,item:426331,141607.2,141607.2
343,M-1810,item:693055,11765878.0,11765878.0
343,SDC-1450,item:021081,936020.0,936020.0
344,M-1430,item:038005,799256.580236,799256.580236
344,M-1430,item:042342,433591034.0,433591034.0
344,M-1430,item:333362,18125250.0,18125250.0
344,M-1430,item:344135,11509800.0,11509800.0
344,M-1430,item:708073,81007.51,81007.51
344,M-1430,item:730384,3828327.0,3828327.0
344,M-1430,item:734545,61953.0,61953.0
344,M-1430,item:773474,58432284.862,58432284.862
344,M-1810,item:001757,56487.6932,56487.6932
344,M-1810,item:001848,34552.56578,34552.56578
344,M-1810,item:001893,196536.71227,196536.71227
344,M-1810,item:002612,172820.176819,172820.176819
344,M-1810,item:007923,55018.98,55018.98
344,M-1810,item:016332,10352.57992,10352.57992
344,M-1810,item:029313,940.06035,940.06035
344,M-1810,item:039668,850.62428,850.62428
344,M-1810,item:049371,87686.73941,87686.73941
344,M-1810,item:055703,2026.879225,2026.879225
344,M-1810,item:099439,32919.08,32919.08
344,M-1810,item:338928,27535065.0,27535065.0
344,M-1810,item:338929,17043950.0,17043950.0
344,M-1810,item:426331,141607.2,141607.2
344,M-1810,item:693055,11769266.0,11769266.0
344,SDC-1450,item:021081,936020.0,936020.0
345,M-1430,item:038005,799256.580236,799256.580236
345,M-1430,item:042342,433591034.0,433591034.0
345,M-1430,item:333362,18135250.0,18135250.0
345,M-1430,item:344135,11509800.0,11509800.0
345,M-1430,item:708073,81007.51,81007.51
345,M-1430,item:730384,3828327.0,3828327.0
345,M-1430,item:734545,61953.0,61953.0
345,M-1430,item:773474,58487062.862,58487062.862
345,M-1810,item:001757,56487.6932,56487.6932
345,M-1810,item:001848,34552.56578,34552.56578
345,M-1810,item:001893,196536.71227,196536.71227
345,M-1810,item:002612,172820.176819,172820.176819
345,M-1810,item:007923,55018.98,55018.98
345,M-1810,item:016332,10352.57992,10352.57992
345,M-1810,item:029313,940.06035,940.06035
345,M-1810,item:039668,850.62428,850.62428
345,M-1810,item:049371,87686.73941,87686.73941
345,M-1810,item:055703,2026.879225,2026.879225
345,M-1810,item:099439,32919.08,32919.08
345,M-1810,item:338928,27535065.0,27535065.0
345,M-1810,item:338929,17058950.0,17058950.0
345,M-1810,item:426331,141607.2,141607.2
345,M-1810,item:693055,11772745.0,11772745.0
345,SDC-1450,item:021081,936020.0,936020.0
346,M-1430,item:038005,799256.580236,799256.580236
346,M-1430,item:042342,433591034.0,433591034.0
346,M-1430,item:333362,18135250.0,18135250.0
346,M-1430,item:344135,11509800.0,11509800.0
346,M-1430,item:708073,81007.51,81007.51
346,M-1430,item:730384,3828327.0,3828327.0
346,M-1430,item:734545,61953.0,61953.0
346,M-1430,item:773474,58541840.862,58541840.862
346,M-1810,item:001757,56487.6932,56464.3076
346,M-1810,item:001848,34552.56578,34535.02658
346,M-1810,item:001893,196536.71227,196425.63067
346,M-1810,item:002612,172820.176819,172790.944819
346,M-1810,item:007923,55018.98,54972.2088
346,M-1810,item:016332,10352.57992,10345.56424
346,M-1810,item:029313,940.06035,939.47571
346,M-1810,item:039668,850.62428,850.03964
346,M-1810,item:049371,87686.73941,87665.10773
346,M-1810,item:055703,2026.879225,2025.709945
346,M-1810,item:099439,32919.08,32889.848
346,M-1810,item:338928,27535065.0,27520665.0
346,M-1810,item:338929,17058950.0,17044550.0
346,M-1810,item:426331,141607.2,141448.8
346,M-1810,item:693055,11776224.0,11770377.6
346,SDC-1450,item:021081,936020.0,936020.0
347,M-1430,item:038005,799256.580236,799256.580236
347,M-1430,item:042342,433591034.0,433591034.0
347,M-1430,item:333362,18135250.0,18135250.0
347,M-1430,item:344135,11509800.0,11509800.0
347,M-1430,item:708073,81007.51,81007.51
347,M-1430,item:730384,3828327.0,3828327.0
347,M-1430,item:734545,61953.0,61953.0
347,M-1430,item:773474,58596618.862,58596618.862
347,M-1810,item:001757,56464.3076,56440.922
347,M-1810,item:001848,34535.02658,34517.48738
347,M-1810,item:001893,196425.63067,196314.54907
347,M-1810,item:002612,172790.944819,172761.712819
347,M-1810,item:007923,54972.2088,54925.4376
347,M-1810,item:016332,10345.56424,10338.54856
347,M-1810,item:029313,939.47571,938.89107
347,M-1810,item:039668,850.03964,849.455
347,M-1810,item:049371,87665.10773,87643.47605
347,M-1810,item:055703,2025.709945,2024.540665
347,M-1810,item:099439,32889.848,32860.616
347,M-1810,item:338928,27520665.0,27506265.0
347,M-1810,item:338929,17059550.0,17045150.0
347,M-1810,item:426331,141448.8,141290.4
347,M-1810,item:693055,11773911.6,11768065.2
347,SDC-1450,item:021081,936020.0,936020.0
348,M-1430,item:038005,799256.580236,799256.580236
348,M-1430,item:042342,433591034.0,433591034.0
348,M-1430,item:333362,18140250.0,18140250.0
348,M-1430,item:344135,11509800.0,11509800.0
348,M-1430,item:708073,81007.51,81007.51
348,M-1430,item:730384,3828327.0,3828327.0
348,M-1430,item:734545,61953.0,61953.0
348,M-1430,item:773474,58651396.862,58651396.862
348,M-1810,item:001757,56440.922,56417.5364
348,M-1810,item:001848,34517.48738,34499.94818
348,M-1810,item:001893,196314.54907,196203.46747
348,M-1810,item:002612,172761.712819,172732.480819
348,M-1810,item:007923,54925.4376,54878.6664
348,M-1810,item:016332,10338.54856,10331.53288
348,M-1810,item:029313,938.89107,938.30643
348,M-1810,item:039668,849.455,848.87036
348,M-1810,item:049371,87643.47605,87621.84437
348,M-1810,item:055703,2024.540665,2023.371385
348,M-1810,item:099439,32860.616,32831.384
348,M-1810,item:338928,27506265.0,27491865.0
348,M-1810,item:338929,17060150.0,17045750.0
348,M-1810,item:426331,141290.4,141132.0
348,M-1810,item:693055,11771598.2,11765751.8
348,SDC-1450,item:021081,936020.0,936020.0
349,M-1430,item:038005,799256.580236,799256.580236
349,M-1430,item:042342,433591034.0,433591034.0
349,M-1430,item:333362,18145250.0,18145250.0
349,M-1430,item:344135,11509800.0,11509800.0
349,M-1430,item:708073,81007.51,81007.51
349,M-1430,item:730384,3828327.0,3828327.0
349,M-1430,item:734545,61953.0,61953.0
349,M-1430,item:773474,58706174.862,58706174.862
349,M-1810,item:001757,56417.5364,56417.5364
349,M-1810,item:001848,34499.94818,34499.94818
349,M-1810,item:001893,196203.46747,196203.46747
349,M-1810,item:002612,172732.480819,172732.480819
349,M-1810,item:007923,54925.4376,54925.4376
349,M-1810,item:016332,10331.53288,10331.53288
349,M-1810,item:029313,938.30643,938.30643
349,M-1810,item:039668,848.87036,848.87036
349,M-1810,item:049371,87621.84437,87621.84437
349,M-1810,item:055703,2023.371385,2023.371385
349,M-1810,item:099439,32831.384,32831.384
349,M-1810,item:338928,27491865.0,27491865.0
349,M-1810,item:338929,17055750.0,17055750.0
349,M-1810,item:426331,141132.0,141132.0
349,M-1810,item:693055,11769238.8,11769238.8
349,SDC-1450,item:021081,936020.0,936020.0
350,M-1430,item:038005,799256.580236,799256.580236
350,M-1430,item:042342,433591034.0,433591034.0
350,M-1430,item:333362,18145250.0,18145250.0
350,M-1430,item:344135,11509800.0,11509800.0
350,M-1430,item:708073,81007.51,81007.51
350,M-1430,item:730384,3828327.0,3828327.0
350,M-1430,item:734545,61953.0,61953.0
350,M-1430,item:773474,58760952.862,58760952.862
350,M-1810,item:001757,56417.5364,56370.7652
350,M-1810,item:001848,34499.94818,34464.86978
350,M-1810,item:001893,196203.46747,195981.30427
350,M-1810,item:002612,172732.480819,172674.016819
350,M-1810,item:007923,54972.2088,54878.6664
350,M-1810,item:016332,10331.53288,10317.50152
350,M-1810,item:029313,938.30643,937.13715
350,M-1810,item:039668,848.87036,847.70108
350,M-1810,item:049371,87621.84437,87578.58101
350,M-1810,item:055703,2023.371385,2021.032825
350,M-1810,item:099439,32831.384,32772.92
350,M-1810,item:338928,27516865.0,27488065.0
350,M-1810,item:338929,17060750.0,17031950.0
350,M-1810,item:426331,141132.0,140815.2
350,M-1810,item:693055,11772679.8,11760987.0
350,SDC-1450,item:021081,936020.0,936020.0
351,M-1430,item:038005,799256.580236,799256.580236
351,M-1430,item:042342,433591034.0,433591034.0
351,M-1430,item:333362,18145250.0,18145250.0
351,M-1430,item:344135,11509800.0,11509800.0
351,M-1430,item:708073,81007.51,81007.51
351,M-1430,item:730384,3828327.0,3828327.0
351,M-1430,item:734545,61953.0,61953.0
351,M-1430,item:773474,58815730.862,58815730.862
351,M-1810,item:001757,56370.7652,56323.994
351,M-1810,item:001848,34464.86978,34429.79138
351,M-1810,item:001893,195981.30427,195759.14107
351,M-1810,item:002612,172674.016819,172615.552819
351,M-1810,item:007923,54892.69776,54799.15536
351,M-1810,item:016332,10317.50152,10303.47016
351,M-1810,item:029313,937.13715,935.96787
351,M-1810,item:039668,847.70108,846.5318
351,M-1810,item:049371,87578.58101,87535.31765
351,M-1810,item:055703,2021.032825,2018.694265
351,M-1810,item:099439,32772.92,32714.456
351,M-1810,item:338928,27488065.0,27459265.0
351,M-1810,item:338929,17036950.0,17008150.0
351,M-1810,item:426331,140815.2,140498.4
351,M-1810,item:693055,11764428.0,11752735.2
351,SDC-1450,item:021081,936020.0,936020.0
352,M-1430,item:038005,799256.580236,799256.580236
352,M-1430,item:042342,433591034.0,433591034.0
352,M-1430,item:333362,18145250.0,18145250.0
352,M-1430,item:344135,11509800.0,11509800.0
352,M-1430,item:708073,81007.51,81007.51
352,M-1430,item:730384,3828327.0,3828327.0
352,M-1430,item:734545,61953.0,61953.0
352,M-1430,item:773474,58870508.862,58870508.862
352,M-1810,item:001757,56323.994,56277.2228
352,M-1810,item:001848,34429.79138,34394.71298
352,M-1810,item:001893,195759.14107,195536.97787
352,M-1810,item:002612,172615.552819,172557.088819
352,M-1810,item:007923,54799.15536,54705.61296
352,M-1810,item:016332,10303.47016,10289.4388
352,M-1810,item:029313,935.96787,934.79859
352,M-1810,item:039668,846.5318,845.36252
352,M-1810,item:049371,87535.31765,87492.05429
352,M-1810,item:055703,2018.694265,2016.355705
352,M-1810,item:099439,32714.456,32655.992
352,M-1810,item:338928,27484265.0,27455465.0
352,M-1810,item:338929,17013150.0,16984350.0
352,M-1810,item:426331,140498.4,140181.6
352,M-1810,item:693055,11756176.2,11744483.4
352,SDC-1450,item:021081,936020.0,936020.0
353,M-1430,item:038005,799256.580236,799256.580236
353,M-1430,item:042342,433591034.0,433591034.0
353,M-1430,item:333362,18150250.0,18150250.0
353,M-1430,item:344135,11509800.0,11509800.0
353,M-1430,item:708073,81007.51,81007.51
353,M-1430,item:730384,3828327.0,3828327.0
353,M-1430,item:734545,61953.0,61953.0
353,M-1430,item:773474,58925286.862,58925286.862
353,M-1810,item:001757,56277.2228,56230.4516
353,M-1810,item:001848,34394.71298,34359.63458
353,M-1810,item:001893,195536.97787,195314.81467
353,M-1810,item:002612,172557.088819,172498.624819
353,M-1810,item:007923,54705.61296,54612.07056
353,M-1810,item:016332,10289.4388,10275.40744
353,M-1810,item:029313,934.79859,933.62931
353,M-1810,item:039668,845.36252,844.19324
353,M-1810,item:049371,87492.05429,87448.79093
353,M-1810,item:055703,2016.355705,2014.017145
353,M-1810,item:099439,32655.992,32597.528
353,M-1810,item:338928,27455465.0,27426665.0
353,M-1810,item:338929,16989350.0,16960550.0
353,M-1810,item:426331,140181.6,139864.8
353,M-1810,item:693055,11747922.4,11736229.6
353,SDC-1450,item:021081,936020.0,936020.0
354,M-1430,item:038005,799256.580236,797370.169063
354,M-1430,item:042342,433591034.0,427086166.4
354,M-1430,item:333362,18155250.0,18047450.0
354,M-1430,item:344135,11509800.0,11402000.0
354,M-1430,item:708073,81007.51,80152.656
354,M-1430,item:730384,3828327.0,3805473.4
354,M-1430,item:734545,61953.0,61090.6
354,M-1430,item:773474,58980064.862,57939286.2616
354,M-1810,item:001757,56230.4516,56183.6804
354,M-1810,item:001848,34359.63458,34324.55618
354,M-1810,item:001893,195314.81467,195092.65147
354,M-1810,item:002612,172498.624819,172440.160819
354,M-1810,item:007923,54799.15536,54705.61296
354,M-1810,item:016332,10275.40744,10261.37608
354,M-1810,item:029313,933.62931,932.46003
354,M-1810,item:039668,844.19324,843.02396
354,M-1810,item:049371,87448.79093,87405.52757
354,M-1810,item:055703,2014.017145,2011.678585
354,M-1810,item:099439,32597.528,32539.064
354,M-1810,item:338928,27476665.0,27447865.0
354,M-1810,item:338929,16980550.0,16951750.0
354,M-1810,item:426331,139864.8,139548.0
354,M-1810,item:693055,11739579.6,11727886.8
354,SDC-1450,item:021081,936020.0,936020.0
355,M-1430,item:038005,797370.169063,797370.169063
355,M-1430,item:042342,427086166.4,427086166.4
355,M-1430,item:333362,18047450.0,18047450.0
355,M-1430,item:344135,11402000.0,11402000.0
355,M-1430,item:708073,80152.656,80152.656
355,M-1430,item:730384,3805473.4,3805473.4
355,M-1430,item:734545,61090.6,61090.6
355,M-1430,item:773474,57994064.2616,57994064.2616
355,M-1810,item:001757,56283.6804,56236.9092
355,M-1810,item:001848,34324.55618,34289.47778
355,M-1810,item:001893,195092.65147,194870.48827
355,M-1810,item:002612,172440.160819,172381.696819
355,M-1810,item:007923,54766.41552,54672.87312
355,M-1810,item:016332,10261.37608,10247.34472
355,M-1810,item:029313,932.46003,931.29075
355,M-1810,item:039668,843.02396,841.85468
355,M-1810,item:049371,87405.52757,87362.26421
355,M-1810,item:055703,2011.678585,2009.340025
355,M-1810,item:099439,32539.064,32480.6
355,M-1810,item:338928,27472865.0,27444065.0
355,M-1810,item:338929,16956750.0,16927950.0
355,M-1810,item:426331,139548.0,139231.2
355,M-1810,item:693055,11731236.8,11719544.0
355,SDC-1450,item:021081,936020.0,936020.0
356,M-1430,item:038005,797370.169063,797370.169063
356,M-1430,item:042342,427086166.4,427086166.4
356,M-1430,item:333362,18047450.0,18047450.0
356,M-1430,item:344135,11402000.0,11402000.0
356,M-1430,item:708073,80152.656,80152.656
356,M-1430,item:730384,3805473.4,3805473.4
356,M-1430,item:734545,61090.6,61090.6
356,M-1430,item:773474,58048842.2616,58048842.2616
356,M-1810,item:001757,56236.9092,56190.138
356,M-1810,item:001848,34289.47778,34254.39938
356,M-1810,item:001893,194870.48827,194648.32507
356,M-1810,item:002612,172381.696819,172323.232819
356,M-1810,item:007923,54831.8952,54738.3528
356,M-1810,item:016332,10247.34472,10233.31336
356,M-1810,item:029313,931.29075,930.12147
356,M-1810,item:039668,841.85468,840.6854
356,M-1810,item:049371,87362.26421,87319.00085
356,M-1810,item:055703,2009.340025,2007.001465
356,M-1810,item:099439,32480.6,32422.136
356,M-1810,item:338928,27444065.0,27415265.0
356,M-1810,item:338929,16942950.0,16914150.0
356,M-1810,item:426331,139231.2,138914.4
356,M-1810,item:693055,11722940.0,11711247.2
356,SDC-1450,item:021081,936020.0,936020.0
357,M-1430,item:038005,797370.169063,797370.169063
357,M-1430,item:042342,427086166.4,427086166.4
357,M-1430,item:333362,18047450.0,18047450.0
357,M-1430,item:344135,11402000.0,11402000.0
357,M-1430,item:708073,80152.656,80152.656
357,M-1430,item:730384,3805473.4,3805473.4
357,M-1430,item:734545,61090.6,61090.6
357,M-1430,item:773474,58103620.2616,58103620.2616
357,M-1810,item:001757,56190.138,56143.3668
357,M-1810,item:001848,34254.39938,34219.32098
357,M-1810,item:001893,194648.32507,194426.16187
357,M-1810,item:002612,172323.232819,172264.768819
357,M-1810,item:007923,54869.31216,54775.76976
357,M-1810,item:016332,10233.31336,10219.282
357,M-1810,item:029313,930.12147,928.95219
357,M-1810,item:039668,840.6854,839.51612
357,M-1810,item:049371,87319.00085,87275.73749
357,M-1810,item:055703,2007.001465,2004.662905
357,M-1810,item:099439,32422.136,32363.672
357,M-1810,item:338928,27440265.0,27411465.0
357,M-1810,item:338929,16924150.0,16895350.0
357,M-1810,item:426331,138914.4,138597.6
357,M-1810,item:693055,11714598.2,11702905.4
357,SDC-1450,item:021081,936020.0,936020.0
358,M-1430,item:038005,797370.169063,797370.169063
358,M-1430,item:042342,427086166.4,427086166.4
358,M-1430,item:333362,18052450.0,18052450.0
358,M-1430,item:344135,11402000.0,11402000.0
358,M-1430,item:708073,80152.656,80152.656
358,M-1430,item:730384,3805473.4,3805473.4
358,M-1430,item:734545,61090.6,61090.6
358,M-1430,item:773474,58158398.2616,58158398.2616
358,M-1810,item:001757,56243.3668,56196.5956
358,M-1810,item:001848,34219.32098,34184.24258
358,M-1810,item:001893,194426.16187,194203.99867
358,M-1810,item:002612,172264.768819,172206.304819
358,M-1810,item:007923,54803.83248,54710.29008
358,M-1810,item:016332,10219.282,10205.25064
358,M-1810,item:029313,928.95219,927.78291
358,M-1810,item:039668,839.51612,838.34684
358,M-1810,item:049371,87275.73749,87232.47413
358,M-1810,item:055703,2004.662905,2002.324345
358,M-1810,item:099439,32363.672,32305.208
358,M-1810,item:338928,27436465.0,27407665.0
358,M-1810,item:338929,16895350.0,16866550.0
358,M-1810,item:426331,138597.6,138280.8
358,M-1810,item:693055,11706256.4,11694563.6
358,SDC-1450,item:021081,936020.0,936020.0
359,M-1430,item:038005,797370.169063,797370.169063
359,M-1430,item:042342,427086166.4,427086166.4
359,M-1430,item:333362,18057450.0,18057450.0
359,M-1430,item:344135,11402000.0,11402000.0
359,M-1430,item:708073,80152.656,80152.656
359,M-1430,item:730384,3805473.4,3805473.4
359,M-1430,item:734545,61090.6,61090.6
359,M-1430,item:773474,58213176.2616,58213176.2616
359,M-1810,item:001757,56196.5956,56149.8244
359,M-1810,item:001848,34184.24258,34149.16418
359,M-1810,item:001893,194203.99867,193981.83547
359,M-1810,item:002612,172206.304819,172147.840819
359,M-1810,item:007923,54831.8952,54738.3528
359,M-1810,item:016332,10205.25064,10191.21928
359,M-1810,item:029313,927.78291,926.61363
359,M-1810,item:039668,838.34684,837.17756
359,M-1810,item:049371,87232.47413,87189.21077
359,M-1810,item:055703,2002.324345,1999.985785
359,M-1810,item:099439,32305.208,32246.744
359,M-1810,item:338928,27432665.0,27403865.0
359,M-1810,item:338929,16881550.0,16852750.0
359,M-1810,item:426331,138280.8,137964.0
359,M-1810,item:693055,11697915.6,11686222.8
359,SDC-1450,item:021081,936020.0,936020.0
360,M-1430,item:038005,797370.169063,797370.169063
360,M-1430,item:042342,427086166.4,427086166.4
360,M-1430,item:333362,18057450.0,18057450.0
360,M-1430,item:344135,11402000.0,11402000.0
360,M-1430,item:708073,80152.656,80152.656
360,M-1430,item:730384,3805473.4,3805473.4
360,M-1430,item:734545,61090.6,61090.6
360,M-1430,item:773474,58267954.2616,58267954.2616
360,M-1810,item:001757,56149.8244,56103.0532
360,M-1810,item:001848,34149.16418,34114.08578
360,M-1810,item:001893,193981.83547,193759.67227
360,M-1810,item:002612,172147.840819,172089.376819
360,M-1810,item:007923,54766.41552,54672.87312
360,M-1810,item:016332,10191.21928,10177.18792
360,M-1810,item:029313,926.61363,925.44435
360,M-1810,item:039668,837.17756,836.00828
360,M-1810,item:049371,88789.21077,88745.94741
360,M-1810,item:055703,1999.985785,1997.647225
360,M-1810,item:099439,32246.744,32188.28
360,M-1810,item:338928,27403865.0,27375065.0
360,M-1810,item:338929,16862750.0,16833950.0
360,M-1810,item:426331,137964.0,137647.2
360,M-1810,item:693055,11689575.8,11677883.0
360,SDC-1450,item:021081,936020.0,936020.0
361,M-1430,item:038005,797370.169063,797370.169063
361,M-1430,item:042342,427086166.4,427086166.4
361,M-1430,item:333362,18057450.0,18057450.0
361,M-1430,item:344135,11402000.0,11402000.0
361,M-1430,item:708073,80152.656,80152.656
361,M-1430,item:730384,3805473.4,3805473.4
361,M-1430,item:734545,61090.6,61090.6
361,M-1430,item:773474,58322731.2616,58322731.2616
361,M-1810,item:001757,56203.0532,56203.0532
361,M-1810,item:001848,34114.08578,34114.08578
361,M-1810,item:001893,193759.67227,193759.67227
361,M-1810,item:002612,172089.376819,172089.376819
361,M-1810,item:007923,54672.87312,54672.87312
361,M-1810,item:016332,10177.18792,10177.18792
361,M-1810,item:029313,925.44435,925.44435
361,M-1810,item:039668,836.00828,836.00828
361,M-1810,item:049371,88745.94741,88745.94741
361,M-1810,item:055703,1997.647225,1997.647225
361,M-1810,item:099439,32188.28,32188.28
361,M-1810,item:338928,27375065.0,27375065.0
361,M-1810,item:338929,16843950.0,16843950.0
361,M-1810,item:426331,137647.2,137647.2
361,M-1810,item:693055,11681238.0,11681238.0
361,SDC-1450,item:021081,936020.0,936020.0
362,M-1430,item:038005,797370.169063,797370.169063
362,M-1430,item:042342,427086166.4,427086166.4
362,M-1430,item:333362,18057450.0,18057450.0
362,M-1430,item:344135,11402000.0,11402000.0
362,M-1430,item:708073,80152.656,80152.656
362,M-1430,item:730384,3805473.4,3805473.4
362,M-1430,item:734545,61090.6,61090.6
362,M-1430,item:773474,58377508.2616,58377508.2616
362,M-1810,item:001757,56303.0532,56279.6676
362,M-1810,item:001848,34114.08578,34096.54658
362,M-1810,item:001893,193759.67227,193648.59067
362,M-1810,item:002612,172089.376819,172060.144819
362,M-1810,item:007923,54859.95792,54813.18672
362,M-1810,item:016332,10177.18792,10170.17224
362,M-1810,item:029313,925.44435,924.85971
362,M-1810,item:039668,836.00828,835.42364
362,M-1810,item:049371,88745.94741,88724.31573
362,M-1810,item:055703,1997.647225,1996.477945
362,M-1810,item:099439,32188.28,32159.048
362,M-1810,item:338928,27375065.0,27360665.0
362,M-1810,item:338929,16858950.0,16844550.0
362,M-1810,item:426331,137647.2,137488.8
362,M-1810,item:693055,11684685.0,11678838.6
362,SDC-1450,item:021081,936020.0,936020.0
363,M-1430,item:038005,797370.169063,797370.169063
363,M-1430,item:042342,427086166.4,427086166.4
363,M-1430,item:333362,18062450.0,18062450.0
363,M-1430,item:344135,11402000.0,11402000.0
363,M-1430,item:708073,80152.656,80152.656
363,M-1430,item:730384,3805473.4,3805473.4
363,M-1430,item:734545,61090.6,61090.6
363,M-1430,item:773474,58432285.2616,58432285.2616
363,M-1810,item:001757,56279.6676,56232.8964
363,M-1810,item:001848,34096.54658,34061.46818
363,M-1810,item:001893,193648.59067,193426.42747
363,M-1810,item:002612,172060.144819,172001.680819
363,M-1810,item:007923,54878.6664,54785.124
363,M-1810,item:016332,10170.17224,10156.14088
363,M-1810,item:029313,924.85971,923.69043
363,M-1810,item:039668,835.42364,834.25436
363,M-1810,item:049371,88724.31573,88681.05237
363,M-1810,item:055703,1996.477945,1994.139385
363,M-1810,item:099439,32159.048,32100.584
363,M-1810,item:338928,27360665.0,27331865.0
363,M-1810,item:338929,16854550.0,16825750.0
363,M-1810,item:426331,137488.8,137172.0
363,M-1810,item:693055,11682331.6,11670638.8
363,SDC-1450,item:021081,936020.0,936020.0
364,M-1430,item:038005,797370.169063,797370.169063
364,M-1430,item:042342,427086166.4,427086166.4
364,M-1430,item:333362,18062450.0,18062450.0
364,M-1430,item:344135,11402000.0,11402000.0
364,M-1430,item:708073,80152.656,80152.656
364,M-1430,item:730384,3805473.4,3805473.4
364,M-1430,item:734545,61090.6,61090.6
364,M-1430,item:773474,58432285.2616,58432285.2616
364,M-1810,item:001757,56232.8964,56232.8964
364,M-1810,item:001848,34061.46818,34061.46818
364,M-1810,item:001893,193426.42747,193426.42747
364,M-1810,item:002612,172001.680819,172001.680819
364,M-1810,item:007923,54883.34352,54883.34352
364,M-1810,item:016332,10156.14088,10156.14088
364,M-1810,item:029313,923.69043,923.69043
364,M-1810,item:039668,834.25436,834.25436
364,M-1810,item:049371,88681.05237,88681.05237
364,M-1810,item:055703,1994.139385,1994.139385
364,M-1810,item:099439,32100.584,32100.584
364,M-1810,item:338928,27331865.0,27331865.0
364,M-1810,item:338929,16845750.0,16845750.0
364,M-1810,item:426331,137172.0,137172.0
364,M-1810,item:693055,11674175.8,11674175.8
364,SDC-1450,item:021081,936020.0,936020.0
